onset	duration	trial_type	value	sample	trial_id
16.623046875	0.3	1.0	2	34044	15.0
16.63134765625	0.3	0.0	1	34061	n/a
16.6396484375	0.3	0.0	1	34078	n/a
16.64794921875	0.3	1.0	2	34095	n/a
16.65625	0.3	1.0	2	34112	n/a
16.66455078125	0.3	0.0	1	34129	n/a
16.6728515625	0.3	1.0	2	34146	n/a
16.68115234375	0.3	0.0	1	34163	n/a
16.68994140625	0.3	1.0	2	34181	n/a
16.6982421875	0.3	0.0	1	34198	n/a
16.70654296875	0.3	0.0	1	34215	n/a
16.71484375	0.3	1.0	2	34232	n/a
16.72314453125	0.3	0.0	1	34249	n/a
16.7314453125	0.3	1.0	2	34266	n/a
16.73974609375	0.3	0.0	1	34283	n/a
16.748046875	0.3	1.0	2	34300	n/a
16.75634765625	0.3	0.0	1	34317	n/a
16.7646484375	0.3	1.0	2	34334	n/a
16.77294921875	0.3	1.0	2	34351	n/a
16.78125	0.3	0.0	1	34368	n/a
16.78955078125	0.3	0.0	1	34385	n/a
16.7978515625	0.3	1.0	2	34402	n/a
16.80615234375	0.3	0.0	1	34419	n/a
16.81494140625	0.3	1.0	2	34437	n/a
16.8232421875	0.3	1.0	2	34454	n/a
16.83154296875	0.3	0.0	1	34471	n/a
16.83984375	0.3	1.0	2	34488	n/a
16.84814453125	0.3	0.0	1	34505	n/a
16.8564453125	0.3	0.0	1	34522	n/a
16.86474609375	0.3	1.0	2	34539	n/a
16.873046875	0.3	0.0	1	34556	n/a
16.88134765625	0.3	1.0	2	34573	n/a
16.8896484375	0.3	0.0	1	34590	n/a
16.89794921875	0.3	1.0	2	34607	n/a
16.90625	0.3	1.0	2	34624	n/a
16.91455078125	0.3	0.0	1	34641	n/a
16.9228515625	0.3	0.0	1	34658	n/a
16.93115234375	0.3	1.0	2	34675	n/a
16.93994140625	0.3	0.0	1	34693	n/a
16.9482421875	0.3	1.0	2	34710	n/a
16.95654296875	0.3	1.0	2	34727	n/a
16.96484375	0.3	0.0	1	34744	n/a
16.97314453125	0.3	1.0	2	34761	n/a
16.9814453125	0.3	0.0	1	34778	n/a
16.98974609375	0.3	0.0	1	34795	n/a
16.998046875	0.3	1.0	2	34812	n/a
17.00634765625	0.3	0.0	1	34829	n/a
17.0146484375	0.3	1.0	2	34846	n/a
17.02294921875	0.3	0.0	1	34863	n/a
17.03125	0.3	1.0	2	34880	n/a
17.03955078125	0.3	0.0	1	34897	n/a
17.0478515625	0.3	1.0	2	34914	n/a
17.05615234375	0.3	0.0	1	34931	n/a
17.06494140625	0.3	1.0	2	34949	n/a
17.0732421875	0.3	1.0	2	34966	n/a
17.08154296875	0.3	0.0	1	34983	n/a
17.08984375	0.3	0.0	1	35000	n/a
17.09814453125	0.3	1.0	2	35017	n/a
17.1064453125	0.3	0.0	1	35034	n/a
17.11474609375	0.3	1.0	2	35051	n/a
17.123046875	0.3	0.0	1	35068	n/a
17.13134765625	0.3	1.0	2	35085	n/a
17.1396484375	0.3	0.0	1	35102	n/a
17.14794921875	0.3	1.0	2	35119	n/a
17.15625	0.3	0.0	1	35136	n/a
17.16455078125	0.3	1.0	2	35153	n/a
17.1728515625	0.3	0.0	1	35170	n/a
17.18115234375	0.3	1.0	2	35187	n/a
17.18994140625	0.3	0.0	1	35205	n/a
17.1982421875	0.3	1.0	2	35222	n/a
17.20654296875	0.3	1.0	2	35239	n/a
17.21484375	0.3	0.0	1	35256	n/a
17.22314453125	0.3	0.0	1	35273	n/a
17.2314453125	0.3	1.0	2	35290	n/a
17.23974609375	0.3	1.0	2	35307	n/a
17.248046875	0.3	0.0	1	35324	n/a
17.25634765625	0.3	0.0	1	35341	n/a
17.2646484375	0.3	1.0	2	35358	n/a
17.27294921875	0.3	1.0	2	35375	n/a
17.28125	0.3	0.0	1	35392	n/a
17.28955078125	0.3	0.0	1	35409	n/a
17.2978515625	0.3	1.0	2	35426	n/a
17.30615234375	0.3	0.0	1	35443	n/a
17.31494140625	0.3	1.0	2	35461	n/a
17.3232421875	0.3	1.0	2	35478	n/a
17.33154296875	0.3	0.0	1	35495	n/a
17.33984375	0.3	1.0	2	35512	n/a
17.34814453125	0.3	0.0	1	35529	n/a
17.3564453125	0.3	0.0	1	35546	n/a
17.36474609375	0.3	1.0	2	35563	n/a
17.373046875	0.3	0.0	1	35580	n/a
17.38134765625	0.3	1.0	2	35597	n/a
17.3896484375	0.3	0.0	1	35614	n/a
17.39794921875	0.3	1.0	2	35631	n/a
17.40625	0.3	1.0	2	35648	n/a
17.41455078125	0.3	0.0	1	35665	n/a
17.4228515625	0.3	0.0	1	35682	n/a
17.43115234375	0.3	1.0	2	35699	n/a
17.43994140625	0.3	1.0	2	35717	n/a
17.4482421875	0.3	0.0	1	35734	n/a
17.45654296875	0.3	1.0	2	35751	n/a
17.46484375	0.3	0.0	1	35768	n/a
17.47314453125	0.3	0.0	1	35785	n/a
17.4814453125	0.3	1.0	2	35802	n/a
17.48974609375	0.3	1.0	2	35819	n/a
17.498046875	0.3	0.0	1	35836	n/a
17.50634765625	0.3	1.0	2	35853	n/a
17.5146484375	0.3	0.0	1	35870	n/a
17.52294921875	0.3	0.0	1	35887	n/a
17.53125	0.3	1.0	2	35904	n/a
17.53955078125	0.3	0.0	1	35921	n/a
17.5478515625	0.3	1.0	2	35938	n/a
17.55615234375	0.3	0.0	1	35955	n/a
17.56494140625	0.3	1.0	2	35973	n/a
17.5732421875	0.3	1.0	2	35990	n/a
17.58154296875	0.3	0.0	1	36007	n/a
17.58984375	0.3	0.0	1	36024	n/a
17.59814453125	0.3	1.0	2	36041	n/a
17.6064453125	0.3	0.0	1	36058	n/a
17.61474609375	0.3	1.0	2	36075	n/a
17.623046875	0.3	0.0	1	36092	n/a
17.63134765625	0.3	1.0	2	36109	n/a
17.6396484375	0.3	1.0	2	36126	n/a
17.64794921875	0.3	0.0	1	36143	n/a
17.65625	0.3	0.0	1	36160	n/a
17.66455078125	0.3	1.0	2	36177	n/a
17.6728515625	0.3	1.0	2	36194	n/a
17.68115234375	0.3	0.0	1	36211	n/a
17.68994140625	0.3	0.0	1	36229	n/a
17.6982421875	0.3	1.0	2	36246	n/a
17.70654296875	0.3	1.0	2	36263	n/a
17.71484375	0.3	0.0	1	36280	n/a
17.72314453125	0.3	1.0	2	36297	n/a
17.7314453125	0.3	0.0	1	36314	n/a
17.73974609375	0.3	1.0	2	36331	n/a
17.748046875	0.3	0.0	1	36348	n/a
17.75634765625	0.3	0.0	1	36365	n/a
17.7646484375	0.3	1.0	2	36382	n/a
17.77294921875	0.3	0.0	1	36399	n/a
17.78125	0.3	1.0	2	36416	n/a
17.78955078125	0.3	0.0	1	36433	n/a
17.7978515625	0.3	1.0	2	36450	n/a
17.80615234375	0.3	0.0	1	36467	n/a
17.81494140625	0.3	1.0	2	36485	n/a
17.8232421875	0.3	1.0	2	36502	n/a
17.83154296875	0.3	0.0	1	36519	n/a
17.83984375	0.3	0.0	1	36536	n/a
17.84814453125	0.3	1.0	2	36553	n/a
17.8564453125	0.3	0.0	1	36570	n/a
17.86474609375	0.3	1.0	2	36587	n/a
17.873046875	0.3	1.0	2	36604	n/a
17.88134765625	0.3	0.0	1	36621	n/a
17.8896484375	0.3	1.0	2	36638	n/a
17.89794921875	0.3	0.0	1	36655	n/a
17.90625	0.3	0.0	1	36672	n/a
17.91455078125	0.3	1.0	2	36689	n/a
17.9228515625	0.3	0.0	1	36706	n/a
17.93115234375	0.3	1.0	2	36723	n/a
17.93994140625	0.3	0.0	1	36741	n/a
17.9482421875	0.3	1.0	2	36758	n/a
17.95654296875	0.3	1.0	2	36775	n/a
17.96484375	0.3	0.0	1	36792	n/a
17.97314453125	0.3	0.0	1	36809	n/a
17.9814453125	0.3	1.0	2	36826	n/a
17.98974609375	0.3	0.0	1	36843	n/a
17.998046875	0.3	1.0	2	36860	n/a
18.00634765625	0.3	1.0	2	36877	n/a
18.0146484375	0.3	0.0	1	36894	n/a
18.02294921875	0.3	1.0	2	36911	n/a
18.03125	0.3	0.0	1	36928	n/a
18.03955078125	0.3	0.0	1	36945	n/a
18.0478515625	0.3	1.0	2	36962	n/a
18.05615234375	0.3	0.0	1	36979	n/a
18.06494140625	0.3	1.0	2	36997	n/a
18.0732421875	0.3	0.0	1	37014	n/a
18.08154296875	0.3	1.0	2	37031	n/a
18.08984375	0.3	0.0	1	37048	n/a
18.09814453125	0.3	1.0	2	37065	n/a
18.1064453125	0.3	0.0	1	37082	n/a
18.11474609375	0.3	1.0	2	37099	n/a
18.123046875	0.3	1.0	2	37116	n/a
18.13134765625	0.3	0.0	1	37133	n/a
18.1396484375	0.3	0.0	1	37150	n/a
18.14794921875	0.3	1.0	2	37167	n/a
18.15625	0.3	0.0	1	37184	n/a
18.16455078125	0.3	1.0	2	37201	n/a
18.1728515625	0.3	0.0	1	37218	n/a
18.18115234375	0.3	1.0	2	37235	n/a
18.18994140625	0.3	0.0	1	37253	n/a
18.1982421875	0.3	1.0	2	37270	n/a
18.20654296875	0.3	0.0	1	37287	n/a
18.21484375	0.3	1.0	2	37304	n/a
18.22314453125	0.3	0.0	1	37321	n/a
18.2314453125	0.3	1.0	2	37338	n/a
18.23974609375	0.3	0.0	1	37355	n/a
18.248046875	0.3	1.0	2	37372	n/a
18.25634765625	0.3	1.0	2	37389	n/a
18.2646484375	0.3	0.0	1	37406	n/a
18.27294921875	0.3	0.0	1	37423	n/a
18.28125	0.3	1.0	2	37440	n/a
18.28955078125	0.3	1.0	2	37457	n/a
18.2978515625	0.3	0.0	1	37474	n/a
18.30615234375	0.3	0.0	1	37491	n/a
18.31494140625	0.3	1.0	2	37509	n/a
18.3232421875	0.3	1.0	2	37526	n/a
18.33154296875	0.3	0.0	1	37543	n/a
18.33984375	0.3	0.0	1	37560	n/a
18.34814453125	0.3	1.0	2	37577	n/a
18.3564453125	0.3	0.0	1	37594	n/a
18.36474609375	0.3	1.0	2	37611	n/a
18.373046875	0.3	1.0	2	37628	n/a
18.38134765625	0.3	0.0	1	37645	n/a
18.3896484375	0.3	1.0	2	37662	n/a
18.39794921875	0.3	0.0	1	37679	n/a
18.40625	0.3	0.0	1	37696	n/a
18.41455078125	0.3	1.0	2	37713	n/a
18.4228515625	0.3	0.0	1	37730	n/a
18.43115234375	0.3	1.0	2	37747	n/a
18.43994140625	0.3	0.0	1	37765	n/a
18.4482421875	0.3	1.0	2	37782	n/a
18.45654296875	0.3	1.0	2	37799	n/a
18.46484375	0.3	0.0	1	37816	n/a
18.47314453125	0.3	0.0	1	37833	n/a
18.4814453125	0.3	1.0	2	37850	n/a
18.48974609375	0.3	1.0	2	37867	n/a
18.498046875	0.3	0.0	1	37884	n/a
18.50634765625	0.3	1.0	2	37901	n/a
18.5146484375	0.3	0.0	1	37918	n/a
18.52294921875	0.3	0.0	1	37935	n/a
18.53125	0.3	1.0	2	37952	n/a
18.53955078125	0.3	1.0	2	37969	n/a
18.5478515625	0.3	0.0	1	37986	n/a
18.55615234375	0.3	1.0	2	38003	n/a
18.56494140625	0.3	0.0	1	38021	n/a
18.5732421875	0.3	0.0	1	38038	n/a
18.58154296875	0.3	1.0	2	38055	n/a
18.58984375	0.3	0.0	1	38072	n/a
18.59814453125	0.3	1.0	2	38089	n/a
18.6064453125	0.3	0.0	1	38106	n/a
18.61474609375	0.3	1.0	2	38123	n/a
18.623046875	0.3	1.0	2	38140	n/a
18.63134765625	0.3	0.0	1	38157	n/a
18.6396484375	0.3	0.0	1	38174	n/a
18.64794921875	0.3	1.0	2	38191	n/a
18.65625	0.3	0.0	1	38208	n/a
18.66455078125	0.3	1.0	2	38225	n/a
18.6728515625	0.3	0.0	1	38242	n/a
18.68115234375	0.3	1.0	2	38259	n/a
18.68994140625	0.3	1.0	2	38277	n/a
18.6982421875	0.3	0.0	1	38294	n/a
18.70654296875	0.3	0.0	1	38311	n/a
18.71484375	0.3	1.0	2	38328	n/a
18.72314453125	0.3	1.0	2	38345	n/a
18.7314453125	0.3	0.0	1	38362	n/a
18.73974609375	0.3	0.0	1	38379	n/a
18.748046875	0.3	1.0	2	38396	n/a
18.75634765625	0.3	1.0	2	38413	n/a
18.7646484375	0.3	0.0	1	38430	n/a
18.77294921875	0.3	1.0	2	38447	n/a
18.78125	0.3	0.0	1	38464	n/a
18.78955078125	0.3	1.0	2	38481	n/a
18.7978515625	0.3	0.0	1	38498	n/a
18.80615234375	0.3	0.0	1	38515	n/a
18.81494140625	0.3	1.0	2	38533	n/a
18.8232421875	0.3	0.0	1	38550	n/a
18.83154296875	0.3	1.0	2	38567	n/a
18.83984375	0.3	0.0	1	38584	n/a
18.84814453125	0.3	1.0	2	38601	n/a
18.8564453125	0.3	0.0	1	38618	n/a
18.86474609375	0.3	1.0	2	38635	n/a
18.873046875	0.3	1.0	2	38652	n/a
18.88134765625	0.3	0.0	1	38669	n/a
18.8896484375	0.3	0.0	1	38686	n/a
18.89794921875	0.3	1.0	2	38703	n/a
18.90625	0.3	0.0	1	38720	n/a
18.91455078125	0.3	1.0	2	38737	n/a
18.9228515625	0.3	1.0	2	38754	n/a
18.93115234375	0.3	0.0	1	38771	n/a
18.93994140625	0.3	1.0	2	38789	n/a
18.9482421875	0.3	0.0	1	38806	n/a
18.95654296875	0.3	0.0	1	38823	n/a
18.96484375	0.3	1.0	2	38840	n/a
18.97314453125	0.3	0.0	1	38857	n/a
18.9814453125	0.3	1.0	2	38874	n/a
18.98974609375	0.3	0.0	1	38891	n/a
18.998046875	0.3	1.0	2	38908	n/a
19.00634765625	0.3	1.0	2	38925	n/a
19.0146484375	0.3	0.0	1	38942	n/a
19.02294921875	0.3	0.0	1	38959	n/a
19.03125	0.3	1.0	2	38976	n/a
19.03955078125	0.3	0.0	1	38993	n/a
19.0478515625	0.3	1.0	2	39010	n/a
19.05615234375	0.3	1.0	2	39027	n/a
19.06494140625	0.3	0.0	1	39045	n/a
19.0732421875	0.3	1.0	2	39062	n/a
19.08154296875	0.3	0.0	1	39079	n/a
19.08984375	0.3	0.0	1	39096	n/a
19.09814453125	0.3	1.0	2	39113	n/a
19.1064453125	0.3	0.0	1	39130	n/a
19.11474609375	0.3	1.0	2	39147	n/a
19.123046875	0.3	0.0	1	39164	n/a
19.13134765625	0.3	1.0	2	39181	n/a
19.1396484375	0.3	0.0	1	39198	n/a
19.14794921875	0.3	1.0	2	39215	n/a
19.15625	0.3	0.0	1	39232	n/a
19.16455078125	0.3	1.0	2	39249	n/a
19.1728515625	0.3	1.0	2	39266	n/a
19.18115234375	0.3	0.0	1	39283	n/a
19.18994140625	0.3	0.0	1	39301	n/a
19.1982421875	0.3	1.0	2	39318	n/a
19.20654296875	0.3	0.0	1	39335	n/a
19.21484375	0.3	1.0	2	39352	n/a
19.22314453125	0.3	0.0	1	39369	n/a
19.2314453125	0.3	1.0	2	39386	n/a
19.23974609375	0.3	0.0	1	39403	n/a
19.248046875	0.3	1.0	2	39420	n/a
19.25634765625	0.3	0.0	1	39437	n/a
19.2646484375	0.3	1.0	2	39454	n/a
19.27294921875	0.3	0.0	1	39471	n/a
19.28125	0.3	1.0	2	39488	n/a
19.28955078125	0.3	0.0	1	39505	n/a
19.2978515625	0.3	1.0	2	39522	n/a
19.30615234375	0.3	1.0	2	39539	n/a
19.31494140625	0.3	0.0	1	39557	n/a
19.3232421875	0.3	0.0	1	39574	n/a
19.33154296875	0.3	1.0	2	39591	n/a
19.33984375	0.3	1.0	2	39608	n/a
19.34814453125	0.3	0.0	1	39625	n/a
19.3564453125	0.3	0.0	1	39642	n/a
19.36474609375	0.3	1.0	2	39659	n/a
19.373046875	0.3	1.0	2	39676	n/a
19.38134765625	0.3	0.0	1	39693	n/a
19.3896484375	0.3	0.0	1	39710	n/a
19.39794921875	0.3	1.0	2	39727	n/a
19.40625	0.3	0.0	1	39744	n/a
19.41455078125	0.3	1.0	2	39761	n/a
19.4228515625	0.3	1.0	2	39778	n/a
19.43115234375	0.3	0.0	1	39795	n/a
19.43994140625	0.3	1.0	2	39813	n/a
19.4482421875	0.3	0.0	1	39830	n/a
19.45654296875	0.3	0.0	1	39847	n/a
19.46484375	0.3	1.0	2	39864	n/a
19.47314453125	0.3	0.0	1	39881	n/a
19.4814453125	0.3	1.0	2	39898	n/a
19.48974609375	0.3	0.0	1	39915	n/a
19.498046875	0.3	1.0	2	39932	n/a
19.50634765625	0.3	1.0	2	39949	n/a
19.5146484375	0.3	0.0	1	39966	n/a
19.52294921875	0.3	0.0	1	39983	n/a
19.53125	0.3	1.0	2	40000	n/a
19.53955078125	0.3	1.0	2	40017	n/a
19.5478515625	0.3	0.0	1	40034	n/a
19.55615234375	0.3	1.0	2	40051	n/a
19.56494140625	0.3	0.0	1	40069	n/a
19.5732421875	0.3	0.0	1	40086	n/a
19.58154296875	0.3	1.0	2	40103	n/a
19.58984375	0.3	1.0	2	40120	n/a
19.59814453125	0.3	0.0	1	40137	n/a
19.6064453125	0.3	1.0	2	40154	n/a
19.61474609375	0.3	0.0	1	40171	n/a
19.623046875	0.3	0.0	1	40188	n/a
19.63134765625	0.3	1.0	2	40205	n/a
19.6396484375	0.3	0.0	1	40222	n/a
19.64794921875	0.3	1.0	2	40239	n/a
19.65625	0.3	0.0	1	40256	n/a
19.66455078125	0.3	1.0	2	40273	n/a
19.6728515625	0.3	1.0	2	40290	n/a
19.68115234375	0.3	0.0	1	40307	n/a
19.68994140625	0.3	0.0	1	40325	n/a
19.6982421875	0.3	1.0	2	40342	n/a
19.70654296875	0.3	0.0	1	40359	n/a
19.71484375	0.3	1.0	2	40376	n/a
19.72314453125	0.3	0.0	1	40393	n/a
19.7314453125	0.3	1.0	2	40410	n/a
19.73974609375	0.3	1.0	2	40427	n/a
19.748046875	0.3	0.0	1	40444	n/a
19.75634765625	0.3	0.0	1	40461	n/a
19.7646484375	0.3	1.0	2	40478	n/a
19.77294921875	0.3	1.0	2	40495	n/a
19.78125	0.3	0.0	1	40512	n/a
19.78955078125	0.3	0.0	1	40529	n/a
19.7978515625	0.3	1.0	2	40546	n/a
19.80615234375	0.3	1.0	2	40563	n/a
19.81494140625	0.3	0.0	1	40581	n/a
19.8232421875	0.3	1.0	2	40598	n/a
19.83154296875	0.3	0.0	1	40615	n/a
19.83984375	0.3	1.0	2	40632	n/a
19.84814453125	0.3	0.0	1	40649	n/a
19.8564453125	0.3	0.0	1	40666	n/a
19.86474609375	0.3	1.0	2	40683	n/a
19.873046875	0.3	0.0	1	40700	n/a
19.88134765625	0.3	1.0	2	40717	n/a
19.8896484375	0.3	0.0	1	40734	n/a
19.89794921875	0.3	1.0	2	40751	n/a
19.90625	0.3	0.0	1	40768	n/a
19.91455078125	0.3	1.0	2	40785	n/a
19.9228515625	0.3	1.0	2	40802	n/a
19.93115234375	0.3	0.0	1	40819	n/a
19.93994140625	0.3	0.0	1	40837	n/a
19.9482421875	0.3	1.0	2	40854	n/a
19.95654296875	0.3	0.0	1	40871	n/a
19.96484375	0.3	1.0	2	40888	n/a
19.97314453125	0.3	1.0	2	40905	n/a
19.9814453125	0.3	0.0	1	40922	n/a
19.98974609375	0.3	1.0	2	40939	n/a
19.998046875	0.3	0.0	1	40956	n/a
20.00634765625	0.3	0.0	1	40973	n/a
20.0146484375	0.3	1.0	2	40990	n/a
20.02294921875	0.3	0.0	1	41007	n/a
20.03125	0.3	1.0	2	41024	n/a
20.03955078125	0.3	0.0	1	41041	n/a
20.0478515625	0.3	1.0	2	41058	n/a
20.05615234375	0.3	1.0	2	41075	n/a
20.06494140625	0.3	0.0	1	41093	n/a
20.0732421875	0.3	0.0	1	41110	n/a
20.08154296875	0.3	1.0	2	41127	n/a
20.08984375	0.3	0.0	1	41144	n/a
20.09814453125	0.3	1.0	2	41161	n/a
20.1064453125	0.3	1.0	2	41178	n/a
20.11474609375	0.3	0.0	1	41195	n/a
20.123046875	0.3	1.0	2	41212	n/a
20.13134765625	0.3	0.0	1	41229	n/a
20.1396484375	0.3	0.0	1	41246	n/a
20.14794921875	0.3	1.0	2	41263	n/a
20.15625	0.3	0.0	1	41280	n/a
20.16455078125	0.3	1.0	2	41297	n/a
20.1728515625	0.3	0.0	1	41314	n/a
20.18115234375	0.3	1.0	2	41331	n/a
20.18994140625	0.3	0.0	1	41349	n/a
20.1982421875	0.3	1.0	2	41366	n/a
20.20654296875	0.3	0.0	1	41383	n/a
20.21484375	0.3	1.0	2	41400	n/a
20.22314453125	0.3	1.0	2	41417	n/a
20.2314453125	0.3	0.0	1	41434	n/a
20.23974609375	0.3	0.0	1	41451	n/a
20.248046875	0.3	1.0	2	41468	n/a
20.25634765625	0.3	0.0	1	41485	n/a
20.2646484375	0.3	1.0	2	41502	n/a
20.27294921875	0.3	0.0	1	41519	n/a
20.28125	0.3	1.0	2	41536	n/a
20.28955078125	0.3	0.0	1	41553	n/a
20.2978515625	0.3	1.0	2	41570	n/a
20.30615234375	0.3	0.0	1	41587	n/a
20.31494140625	0.3	1.0	2	41605	n/a
20.3232421875	0.3	0.0	1	41622	n/a
20.33154296875	0.3	1.0	2	41639	n/a
20.33984375	0.3	0.0	1	41656	n/a
20.34814453125	0.3	1.0	2	41673	n/a
20.3564453125	0.3	1.0	2	41690	n/a
20.36474609375	0.3	0.0	1	41707	n/a
20.373046875	0.3	0.0	1	41724	n/a
20.38134765625	0.3	1.0	2	41741	n/a
20.3896484375	0.3	1.0	2	41758	n/a
20.39794921875	0.3	0.0	1	41775	n/a
20.40625	0.3	0.0	1	41792	n/a
20.41455078125	0.3	1.0	2	41809	n/a
20.4228515625	0.3	1.0	2	41826	n/a
20.43115234375	0.3	0.0	1	41843	n/a
20.43994140625	0.3	0.0	1	41861	n/a
20.4482421875	0.3	1.0	2	41878	n/a
20.45654296875	0.3	0.0	1	41895	n/a
20.46484375	0.3	1.0	2	41912	n/a
20.47314453125	0.3	1.0	2	41929	n/a
20.4814453125	0.3	0.0	1	41946	n/a
20.48974609375	0.3	1.0	2	41963	n/a
20.498046875	0.3	0.0	1	41980	n/a
20.50634765625	0.3	0.0	1	41997	n/a
20.5146484375	0.3	1.0	2	42014	n/a
20.52294921875	0.3	0.0	1	42031	n/a
20.53125	0.3	1.0	2	42048	n/a
20.53955078125	0.3	0.0	1	42065	n/a
20.5478515625	0.3	1.0	2	42082	n/a
20.55615234375	0.3	1.0	2	42099	n/a
20.56494140625	0.3	0.0	1	42117	n/a
20.5732421875	0.3	0.0	1	42134	n/a
20.58154296875	0.3	1.0	2	42151	n/a
20.58984375	0.3	1.0	2	42168	n/a
20.59814453125	0.3	0.0	1	42185	n/a
20.6064453125	0.3	1.0	2	42202	n/a
20.61474609375	0.3	0.0	1	42219	n/a
20.623046875	0.3	0.0	1	42236	n/a
20.63134765625	0.3	1.0	2	42253	n/a
20.6396484375	0.3	1.0	2	42270	n/a
20.64794921875	0.3	0.0	1	42287	n/a
20.65625	0.3	1.0	2	42304	n/a
20.66455078125	0.3	0.0	1	42321	n/a
20.6728515625	0.3	0.0	1	42338	n/a
20.68115234375	0.3	1.0	2	42355	n/a
20.68994140625	0.3	0.0	1	42373	n/a
20.6982421875	0.3	1.0	2	42390	n/a
20.70654296875	0.3	0.0	1	42407	n/a
20.71484375	0.3	1.0	2	42424	n/a
20.72314453125	0.3	1.0	2	42441	n/a
20.7314453125	0.3	0.0	1	42458	n/a
20.73974609375	0.3	0.0	1	42475	n/a
20.748046875	0.3	1.0	2	42492	n/a
20.75634765625	0.3	0.0	1	42509	n/a
20.7646484375	0.3	1.0	2	42526	n/a
20.77294921875	0.3	0.0	1	42543	n/a
20.78125	0.3	1.0	2	42560	n/a
20.78955078125	0.3	1.0	2	42577	n/a
20.7978515625	0.3	0.0	1	42594	n/a
20.80615234375	0.3	0.0	1	42611	n/a
20.81494140625	0.3	1.0	2	42629	n/a
23.1962890625	0.3	0.0	1	47506	28.0
23.20458984375	0.3	1.0	2	47523	n/a
23.212890625	0.3	1.0	2	47540	n/a
23.22119140625	0.3	0.0	1	47557	n/a
23.2294921875	0.3	1.0	2	47574	n/a
23.23779296875	0.3	0.0	1	47591	n/a
23.24609375	0.3	0.0	1	47608	n/a
23.25439453125	0.3	1.0	2	47625	n/a
23.26318359375	0.3	1.0	2	47643	n/a
23.271484375	0.3	0.0	1	47660	n/a
23.27978515625	0.3	0.0	1	47677	n/a
23.2880859375	0.3	1.0	2	47694	n/a
23.29638671875	0.3	1.0	2	47711	n/a
23.3046875	0.3	0.0	1	47728	n/a
23.31298828125	0.3	1.0	2	47745	n/a
23.3212890625	0.3	0.0	1	47762	n/a
23.32958984375	0.3	0.0	1	47779	n/a
23.337890625	0.3	1.0	2	47796	n/a
23.34619140625	0.3	0.0	1	47813	n/a
23.3544921875	0.3	1.0	2	47830	n/a
23.36279296875	0.3	1.0	2	47847	n/a
23.37109375	0.3	0.0	1	47864	n/a
23.37939453125	0.3	0.0	1	47881	n/a
23.38818359375	0.3	1.0	2	47899	n/a
23.396484375	0.3	1.0	2	47916	n/a
23.40478515625	0.3	0.0	1	47933	n/a
23.4130859375	0.3	1.0	2	47950	n/a
23.42138671875	0.3	0.0	1	47967	n/a
23.4296875	0.3	1.0	2	47984	n/a
23.43798828125	0.3	0.0	1	48001	n/a
23.4462890625	0.3	0.0	1	48018	n/a
23.45458984375	0.3	1.0	2	48035	n/a
23.462890625	0.3	0.0	1	48052	n/a
23.47119140625	0.3	1.0	2	48069	n/a
23.4794921875	0.3	0.0	1	48086	n/a
23.48779296875	0.3	1.0	2	48103	n/a
23.49609375	0.3	0.0	1	48120	n/a
23.50439453125	0.3	1.0	2	48137	n/a
23.51318359375	0.3	0.0	1	48155	n/a
23.521484375	0.3	1.0	2	48172	n/a
23.52978515625	0.3	1.0	2	48189	n/a
23.5380859375	0.3	0.0	1	48206	n/a
23.54638671875	0.3	1.0	2	48223	n/a
23.5546875	0.3	0.0	1	48240	n/a
23.56298828125	0.3	1.0	2	48257	n/a
23.5712890625	0.3	0.0	1	48274	n/a
23.57958984375	0.3	1.0	2	48291	n/a
23.587890625	0.3	0.0	1	48308	n/a
23.59619140625	0.3	1.0	2	48325	n/a
23.6044921875	0.3	0.0	1	48342	n/a
23.61279296875	0.3	0.0	1	48359	n/a
23.62109375	0.3	1.0	2	48376	n/a
23.62939453125	0.3	0.0	1	48393	n/a
23.63818359375	0.3	1.0	2	48411	n/a
23.646484375	0.3	1.0	2	48428	n/a
23.65478515625	0.3	0.0	1	48445	n/a
23.6630859375	0.3	0.0	1	48462	n/a
23.67138671875	0.3	1.0	2	48479	n/a
23.6796875	0.3	0.0	1	48496	n/a
23.68798828125	0.3	1.0	2	48513	n/a
23.6962890625	0.3	1.0	2	48530	n/a
23.70458984375	0.3	0.0	1	48547	n/a
23.712890625	0.3	0.0	1	48564	n/a
23.72119140625	0.3	1.0	2	48581	n/a
23.7294921875	0.3	1.0	2	48598	n/a
23.73779296875	0.3	0.0	1	48615	n/a
23.74609375	0.3	1.0	2	48632	n/a
23.75439453125	0.3	0.0	1	48649	n/a
23.76318359375	0.3	1.0	2	48667	n/a
23.771484375	0.3	0.0	1	48684	n/a
23.77978515625	0.3	0.0	1	48701	n/a
23.7880859375	0.3	1.0	2	48718	n/a
23.79638671875	0.3	1.0	2	48735	n/a
23.8046875	0.3	0.0	1	48752	n/a
23.81298828125	0.3	0.0	1	48769	n/a
23.8212890625	0.3	1.0	2	48786	n/a
23.82958984375	0.3	0.0	1	48803	n/a
23.837890625	0.3	1.0	2	48820	n/a
23.84619140625	0.3	1.0	2	48837	n/a
23.8544921875	0.3	0.0	1	48854	n/a
23.86279296875	0.3	1.0	2	48871	n/a
23.87109375	0.3	0.0	1	48888	n/a
23.87939453125	0.3	0.0	1	48905	n/a
23.88818359375	0.3	1.0	2	48923	n/a
23.896484375	0.3	0.0	1	48940	n/a
23.90478515625	0.3	1.0	2	48957	n/a
23.9130859375	0.3	1.0	2	48974	n/a
23.92138671875	0.3	0.0	1	48991	n/a
23.9296875	0.3	1.0	2	49008	n/a
23.93798828125	0.3	0.0	1	49025	n/a
23.9462890625	0.3	0.0	1	49042	n/a
23.95458984375	0.3	1.0	2	49059	n/a
23.962890625	0.3	0.0	1	49076	n/a
23.97119140625	0.3	1.0	2	49093	n/a
23.9794921875	0.3	1.0	2	49110	n/a
23.98779296875	0.3	0.0	1	49127	n/a
23.99609375	0.3	1.0	2	49144	n/a
24.00439453125	0.3	0.0	1	49161	n/a
24.01318359375	0.3	0.0	1	49179	n/a
24.021484375	0.3	1.0	2	49196	n/a
24.02978515625	0.3	1.0	2	49213	n/a
24.0380859375	0.3	0.0	1	49230	n/a
24.04638671875	0.3	0.0	1	49247	n/a
24.0546875	0.3	1.0	2	49264	n/a
24.06298828125	0.3	0.0	1	49281	n/a
24.0712890625	0.3	1.0	2	49298	n/a
24.07958984375	0.3	0.0	1	49315	n/a
24.087890625	0.3	1.0	2	49332	n/a
24.09619140625	0.3	1.0	2	49349	n/a
24.1044921875	0.3	0.0	1	49366	n/a
24.11279296875	0.3	1.0	2	49383	n/a
24.12109375	0.3	0.0	1	49400	n/a
24.12939453125	0.3	0.0	1	49417	n/a
24.13818359375	0.3	1.0	2	49435	n/a
24.146484375	0.3	0.0	1	49452	n/a
24.15478515625	0.3	1.0	2	49469	n/a
24.1630859375	0.3	1.0	2	49486	n/a
24.17138671875	0.3	0.0	1	49503	n/a
24.1796875	0.3	1.0	2	49520	n/a
24.18798828125	0.3	0.0	1	49537	n/a
24.1962890625	0.3	0.0	1	49554	n/a
24.20458984375	0.3	1.0	2	49571	n/a
24.212890625	0.3	0.0	1	49588	n/a
24.22119140625	0.3	1.0	2	49605	n/a
24.2294921875	0.3	0.0	1	49622	n/a
24.23779296875	0.3	1.0	2	49639	n/a
24.24609375	0.3	0.0	1	49656	n/a
24.25439453125	0.3	1.0	2	49673	n/a
24.26318359375	0.3	1.0	2	49691	n/a
24.271484375	0.3	0.0	1	49708	n/a
24.27978515625	0.3	1.0	2	49725	n/a
24.2880859375	0.3	0.0	1	49742	n/a
24.29638671875	0.3	0.0	1	49759	n/a
24.3046875	0.3	1.0	2	49776	n/a
24.31298828125	0.3	1.0	2	49793	n/a
24.3212890625	0.3	0.0	1	49810	n/a
24.32958984375	0.3	0.0	1	49827	n/a
24.337890625	0.3	1.0	2	49844	n/a
24.34619140625	0.3	1.0	2	49861	n/a
24.3544921875	0.3	0.0	1	49878	n/a
24.36279296875	0.3	1.0	2	49895	n/a
24.37109375	0.3	0.0	1	49912	n/a
24.37939453125	0.3	0.0	1	49929	n/a
24.38818359375	0.3	1.0	2	49947	n/a
24.396484375	0.3	0.0	1	49964	n/a
24.40478515625	0.3	1.0	2	49981	n/a
24.4130859375	0.3	1.0	2	49998	n/a
24.42138671875	0.3	0.0	1	50015	n/a
24.4296875	0.3	0.0	1	50032	n/a
24.43798828125	0.3	1.0	2	50049	n/a
24.4462890625	0.3	1.0	2	50066	n/a
24.45458984375	0.3	0.0	1	50083	n/a
24.462890625	0.3	1.0	2	50100	n/a
24.47119140625	0.3	0.0	1	50117	n/a
24.4794921875	0.3	1.0	2	50134	n/a
24.48779296875	0.3	0.0	1	50151	n/a
24.49609375	0.3	0.0	1	50168	n/a
24.50439453125	0.3	1.0	2	50185	n/a
24.51318359375	0.3	0.0	1	50203	n/a
24.521484375	0.3	1.0	2	50220	n/a
24.52978515625	0.3	0.0	1	50237	n/a
24.5380859375	0.3	1.0	2	50254	n/a
24.54638671875	0.3	0.0	1	50271	n/a
24.5546875	0.3	1.0	2	50288	n/a
24.56298828125	0.3	0.0	1	50305	n/a
24.5712890625	0.3	1.0	2	50322	n/a
24.57958984375	0.3	1.0	2	50339	n/a
24.587890625	0.3	0.0	1	50356	n/a
24.59619140625	0.3	1.0	2	50373	n/a
24.6044921875	0.3	0.0	1	50390	n/a
24.61279296875	0.3	1.0	2	50407	n/a
24.62109375	0.3	0.0	1	50424	n/a
24.62939453125	0.3	1.0	2	50441	n/a
24.63818359375	0.3	0.0	1	50459	n/a
24.646484375	0.3	1.0	2	50476	n/a
24.65478515625	0.3	0.0	1	50493	n/a
24.6630859375	0.3	0.0	1	50510	n/a
24.67138671875	0.3	1.0	2	50527	n/a
24.6796875	0.3	0.0	1	50544	n/a
24.68798828125	0.3	1.0	2	50561	n/a
24.6962890625	0.3	1.0	2	50578	n/a
24.70458984375	0.3	0.0	1	50595	n/a
24.712890625	0.3	0.0	1	50612	n/a
24.72119140625	0.3	1.0	2	50629	n/a
24.7294921875	0.3	0.0	1	50646	n/a
24.73779296875	0.3	1.0	2	50663	n/a
24.74609375	0.3	1.0	2	50680	n/a
24.75439453125	0.3	0.0	1	50697	n/a
24.76318359375	0.3	0.0	1	50715	n/a
24.771484375	0.3	1.0	2	50732	n/a
24.77978515625	0.3	1.0	2	50749	n/a
24.7880859375	0.3	0.0	1	50766	n/a
24.79638671875	0.3	1.0	2	50783	n/a
24.8046875	0.3	0.0	1	50800	n/a
24.81298828125	0.3	1.0	2	50817	n/a
24.8212890625	0.3	0.0	1	50834	n/a
24.82958984375	0.3	0.0	1	50851	n/a
24.837890625	0.3	1.0	2	50868	n/a
24.84619140625	0.3	1.0	2	50885	n/a
24.8544921875	0.3	0.0	1	50902	n/a
24.86279296875	0.3	0.0	1	50919	n/a
24.87109375	0.3	1.0	2	50936	n/a
24.87939453125	0.3	0.0	1	50953	n/a
24.88818359375	0.3	1.0	2	50971	n/a
24.896484375	0.3	1.0	2	50988	n/a
24.90478515625	0.3	0.0	1	51005	n/a
24.9130859375	0.3	1.0	2	51022	n/a
24.92138671875	0.3	0.0	1	51039	n/a
24.9296875	0.3	0.0	1	51056	n/a
24.93798828125	0.3	1.0	2	51073	n/a
24.9462890625	0.3	0.0	1	51090	n/a
24.95458984375	0.3	1.0	2	51107	n/a
24.962890625	0.3	1.0	2	51124	n/a
24.97119140625	0.3	0.0	1	51141	n/a
24.9794921875	0.3	1.0	2	51158	n/a
24.98779296875	0.3	0.0	1	51175	n/a
24.99609375	0.3	0.0	1	51192	n/a
25.00439453125	0.3	1.0	2	51209	n/a
25.01318359375	0.3	0.0	1	51227	n/a
25.021484375	0.3	1.0	2	51244	n/a
25.02978515625	0.3	1.0	2	51261	n/a
25.0380859375	0.3	0.0	1	51278	n/a
25.04638671875	0.3	1.0	2	51295	n/a
25.0546875	0.3	0.0	1	51312	n/a
25.06298828125	0.3	0.0	1	51329	n/a
25.0712890625	0.3	1.0	2	51346	n/a
25.07958984375	0.3	1.0	2	51363	n/a
25.087890625	0.3	0.0	1	51380	n/a
25.09619140625	0.3	0.0	1	51397	n/a
25.1044921875	0.3	1.0	2	51414	n/a
25.11279296875	0.3	0.0	1	51431	n/a
25.12109375	0.3	1.0	2	51448	n/a
25.12939453125	0.3	0.0	1	51465	n/a
25.13818359375	0.3	1.0	2	51483	n/a
25.146484375	0.3	1.0	2	51500	n/a
25.15478515625	0.3	0.0	1	51517	n/a
25.1630859375	0.3	1.0	2	51534	n/a
25.17138671875	0.3	0.0	1	51551	n/a
25.1796875	0.3	0.0	1	51568	n/a
25.18798828125	0.3	1.0	2	51585	n/a
25.1962890625	0.3	0.0	1	51602	n/a
25.20458984375	0.3	1.0	2	51619	n/a
25.212890625	0.3	1.0	2	51636	n/a
25.22119140625	0.3	0.0	1	51653	n/a
25.2294921875	0.3	1.0	2	51670	n/a
25.23779296875	0.3	0.0	1	51687	n/a
25.24609375	0.3	0.0	1	51704	n/a
25.25439453125	0.3	1.0	2	51721	n/a
25.26318359375	0.3	0.0	1	51739	n/a
25.271484375	0.3	1.0	2	51756	n/a
25.27978515625	0.3	0.0	1	51773	n/a
25.2880859375	0.3	1.0	2	51790	n/a
25.29638671875	0.3	0.0	1	51807	n/a
25.3046875	0.3	1.0	2	51824	n/a
25.31298828125	0.3	1.0	2	51841	n/a
25.3212890625	0.3	0.0	1	51858	n/a
25.32958984375	0.3	1.0	2	51875	n/a
25.337890625	0.3	0.0	1	51892	n/a
25.34619140625	0.3	0.0	1	51909	n/a
25.3544921875	0.3	1.0	2	51926	n/a
25.36279296875	0.3	1.0	2	51943	n/a
25.37109375	0.3	0.0	1	51960	n/a
25.37939453125	0.3	0.0	1	51977	n/a
25.38818359375	0.3	1.0	2	51995	n/a
25.396484375	0.3	1.0	2	52012	n/a
25.40478515625	0.3	0.0	1	52029	n/a
25.4130859375	0.3	1.0	2	52046	n/a
25.42138671875	0.3	0.0	1	52063	n/a
25.4296875	0.3	0.0	1	52080	n/a
25.43798828125	0.3	1.0	2	52097	n/a
25.4462890625	0.3	0.0	1	52114	n/a
25.45458984375	0.3	1.0	2	52131	n/a
25.462890625	0.3	1.0	2	52148	n/a
25.47119140625	0.3	0.0	1	52165	n/a
25.4794921875	0.3	0.0	1	52182	n/a
25.48779296875	0.3	1.0	2	52199	n/a
25.49609375	0.3	1.0	2	52216	n/a
25.50439453125	0.3	0.0	1	52233	n/a
25.51318359375	0.3	1.0	2	52251	n/a
25.521484375	0.3	0.0	1	52268	n/a
25.52978515625	0.3	1.0	2	52285	n/a
25.5380859375	0.3	0.0	1	52302	n/a
25.54638671875	0.3	0.0	1	52319	n/a
25.5546875	0.3	1.0	2	52336	n/a
25.56298828125	0.3	0.0	1	52353	n/a
25.5712890625	0.3	1.0	2	52370	n/a
25.57958984375	0.3	0.0	1	52387	n/a
25.587890625	0.3	1.0	2	52404	n/a
25.59619140625	0.3	0.0	1	52421	n/a
25.6044921875	0.3	1.0	2	52438	n/a
25.61279296875	0.3	0.0	1	52455	n/a
25.62109375	0.3	1.0	2	52472	n/a
25.62939453125	0.3	1.0	2	52489	n/a
25.63818359375	0.3	0.0	1	52507	n/a
25.646484375	0.3	1.0	2	52524	n/a
25.65478515625	0.3	0.0	1	52541	n/a
25.6630859375	0.3	1.0	2	52558	n/a
25.67138671875	0.3	0.0	1	52575	n/a
25.6796875	0.3	1.0	2	52592	n/a
25.68798828125	0.3	0.0	1	52609	n/a
25.6962890625	0.3	1.0	2	52626	n/a
25.70458984375	0.3	0.0	1	52643	n/a
25.712890625	0.3	0.0	1	52660	n/a
25.72119140625	0.3	1.0	2	52677	n/a
25.7294921875	0.3	0.0	1	52694	n/a
25.73779296875	0.3	1.0	2	52711	n/a
25.74609375	0.3	1.0	2	52728	n/a
25.75439453125	0.3	0.0	1	52745	n/a
25.76318359375	0.3	0.0	1	52763	n/a
25.771484375	0.3	1.0	2	52780	n/a
25.77978515625	0.3	0.0	1	52797	n/a
25.7880859375	0.3	1.0	2	52814	n/a
25.79638671875	0.3	1.0	2	52831	n/a
25.8046875	0.3	0.0	1	52848	n/a
25.81298828125	0.3	0.0	1	52865	n/a
25.8212890625	0.3	1.0	2	52882	n/a
25.82958984375	0.3	1.0	2	52899	n/a
25.837890625	0.3	0.0	1	52916	n/a
25.84619140625	0.3	1.0	2	52933	n/a
25.8544921875	0.3	0.0	1	52950	n/a
25.86279296875	0.3	1.0	2	52967	n/a
25.87109375	0.3	0.0	1	52984	n/a
25.87939453125	0.3	0.0	1	53001	n/a
25.88818359375	0.3	1.0	2	53019	n/a
25.896484375	0.3	1.0	2	53036	n/a
25.90478515625	0.3	0.0	1	53053	n/a
25.9130859375	0.3	0.0	1	53070	n/a
25.92138671875	0.3	1.0	2	53087	n/a
25.9296875	0.3	0.0	1	53104	n/a
25.93798828125	0.3	1.0	2	53121	n/a
25.9462890625	0.3	1.0	2	53138	n/a
25.95458984375	0.3	0.0	1	53155	n/a
25.962890625	0.3	1.0	2	53172	n/a
25.97119140625	0.3	0.0	1	53189	n/a
25.9794921875	0.3	0.0	1	53206	n/a
25.98779296875	0.3	1.0	2	53223	n/a
25.99609375	0.3	0.0	1	53240	n/a
26.00439453125	0.3	1.0	2	53257	n/a
26.01318359375	0.3	1.0	2	53275	n/a
26.021484375	0.3	0.0	1	53292	n/a
26.02978515625	0.3	1.0	2	53309	n/a
26.0380859375	0.3	0.0	1	53326	n/a
26.04638671875	0.3	0.0	1	53343	n/a
26.0546875	0.3	1.0	2	53360	n/a
26.06298828125	0.3	0.0	1	53377	n/a
26.0712890625	0.3	1.0	2	53394	n/a
26.07958984375	0.3	1.0	2	53411	n/a
26.087890625	0.3	0.0	1	53428	n/a
26.09619140625	0.3	1.0	2	53445	n/a
26.1044921875	0.3	0.0	1	53462	n/a
26.11279296875	0.3	0.0	1	53479	n/a
26.12109375	0.3	1.0	2	53496	n/a
26.12939453125	0.3	1.0	2	53513	n/a
26.13818359375	0.3	0.0	1	53531	n/a
26.146484375	0.3	0.0	1	53548	n/a
26.15478515625	0.3	1.0	2	53565	n/a
26.1630859375	0.3	0.0	1	53582	n/a
26.17138671875	0.3	1.0	2	53599	n/a
26.1796875	0.3	0.0	1	53616	n/a
26.18798828125	0.3	1.0	2	53633	n/a
26.1962890625	0.3	1.0	2	53650	n/a
26.20458984375	0.3	0.0	1	53667	n/a
26.212890625	0.3	1.0	2	53684	n/a
26.22119140625	0.3	0.0	1	53701	n/a
26.2294921875	0.3	0.0	1	53718	n/a
26.23779296875	0.3	1.0	2	53735	n/a
26.24609375	0.3	0.0	1	53752	n/a
26.25439453125	0.3	1.0	2	53769	n/a
26.26318359375	0.3	1.0	2	53787	n/a
26.271484375	0.3	0.0	1	53804	n/a
26.27978515625	0.3	1.0	2	53821	n/a
26.2880859375	0.3	0.0	1	53838	n/a
26.29638671875	0.3	0.0	1	53855	n/a
26.3046875	0.3	1.0	2	53872	n/a
26.31298828125	0.3	0.0	1	53889	n/a
26.3212890625	0.3	1.0	2	53906	n/a
26.32958984375	0.3	0.0	1	53923	n/a
26.337890625	0.3	1.0	2	53940	n/a
26.34619140625	0.3	0.0	1	53957	n/a
26.3544921875	0.3	1.0	2	53974	n/a
26.36279296875	0.3	1.0	2	53991	n/a
26.37109375	0.3	0.0	1	54008	n/a
26.37939453125	0.3	1.0	2	54025	n/a
26.38818359375	0.3	0.0	1	54043	n/a
26.396484375	0.3	0.0	1	54060	n/a
26.40478515625	0.3	1.0	2	54077	n/a
26.4130859375	0.3	1.0	2	54094	n/a
26.42138671875	0.3	0.0	1	54111	n/a
26.4296875	0.3	0.0	1	54128	n/a
26.43798828125	0.3	1.0	2	54145	n/a
26.4462890625	0.3	1.0	2	54162	n/a
26.45458984375	0.3	0.0	1	54179	n/a
26.462890625	0.3	1.0	2	54196	n/a
26.47119140625	0.3	0.0	1	54213	n/a
26.4794921875	0.3	0.0	1	54230	n/a
26.48779296875	0.3	1.0	2	54247	n/a
26.49609375	0.3	0.0	1	54264	n/a
26.50439453125	0.3	1.0	2	54281	n/a
26.51318359375	0.3	1.0	2	54299	n/a
26.521484375	0.3	0.0	1	54316	n/a
26.52978515625	0.3	0.0	1	54333	n/a
26.5380859375	0.3	1.0	2	54350	n/a
26.54638671875	0.3	1.0	2	54367	n/a
26.5546875	0.3	0.0	1	54384	n/a
26.56298828125	0.3	1.0	2	54401	n/a
26.5712890625	0.3	0.0	1	54418	n/a
26.57958984375	0.3	1.0	2	54435	n/a
26.587890625	0.3	0.0	1	54452	n/a
26.59619140625	0.3	0.0	1	54469	n/a
26.6044921875	0.3	1.0	2	54486	n/a
26.61279296875	0.3	0.0	1	54503	n/a
26.62109375	0.3	1.0	2	54520	n/a
26.62939453125	0.3	0.0	1	54537	n/a
26.63818359375	0.3	1.0	2	54555	n/a
26.646484375	0.3	0.0	1	54572	n/a
26.65478515625	0.3	1.0	2	54589	n/a
26.6630859375	0.3	0.0	1	54606	n/a
26.67138671875	0.3	1.0	2	54623	n/a
26.6796875	0.3	1.0	2	54640	n/a
26.68798828125	0.3	0.0	1	54657	n/a
26.6962890625	0.3	1.0	2	54674	n/a
26.70458984375	0.3	0.0	1	54691	n/a
26.712890625	0.3	1.0	2	54708	n/a
26.72119140625	0.3	0.0	1	54725	n/a
26.7294921875	0.3	1.0	2	54742	n/a
26.73779296875	0.3	0.0	1	54759	n/a
26.74609375	0.3	1.0	2	54776	n/a
26.75439453125	0.3	0.0	1	54793	n/a
26.76318359375	0.3	0.0	1	54811	n/a
26.771484375	0.3	1.0	2	54828	n/a
26.77978515625	0.3	0.0	1	54845	n/a
26.7880859375	0.3	1.0	2	54862	n/a
26.79638671875	0.3	1.0	2	54879	n/a
26.8046875	0.3	0.0	1	54896	n/a
26.81298828125	0.3	0.0	1	54913	n/a
26.8212890625	0.3	1.0	2	54930	n/a
26.82958984375	0.3	0.0	1	54947	n/a
26.837890625	0.3	1.0	2	54964	n/a
26.84619140625	0.3	1.0	2	54981	n/a
26.8544921875	0.3	0.0	1	54998	n/a
26.86279296875	0.3	0.0	1	55015	n/a
26.87109375	0.3	1.0	2	55032	n/a
26.87939453125	0.3	1.0	2	55049	n/a
26.88818359375	0.3	0.0	1	55067	n/a
26.896484375	0.3	1.0	2	55084	n/a
26.90478515625	0.3	0.0	1	55101	n/a
26.9130859375	0.3	1.0	2	55118	n/a
26.92138671875	0.3	0.0	1	55135	n/a
26.9296875	0.3	0.0	1	55152	n/a
26.93798828125	0.3	1.0	2	55169	n/a
26.9462890625	0.3	1.0	2	55186	n/a
26.95458984375	0.3	0.0	1	55203	n/a
26.962890625	0.3	0.0	1	55220	n/a
26.97119140625	0.3	1.0	2	55237	n/a
26.9794921875	0.3	0.0	1	55254	n/a
26.98779296875	0.3	1.0	2	55271	n/a
26.99609375	0.3	1.0	2	55288	n/a
27.00439453125	0.3	0.0	1	55305	n/a
27.01318359375	0.3	1.0	2	55323	n/a
27.021484375	0.3	0.0	1	55340	n/a
27.02978515625	0.3	0.0	1	55357	n/a
27.0380859375	0.3	1.0	2	55374	n/a
27.04638671875	0.3	0.0	1	55391	n/a
27.0546875	0.3	1.0	2	55408	n/a
27.06298828125	0.3	1.0	2	55425	n/a
27.0712890625	0.3	0.0	1	55442	n/a
27.07958984375	0.3	1.0	2	55459	n/a
27.087890625	0.3	0.0	1	55476	n/a
27.09619140625	0.3	0.0	1	55493	n/a
27.1044921875	0.3	1.0	2	55510	n/a
27.11279296875	0.3	0.0	1	55527	n/a
27.12109375	0.3	1.0	2	55544	n/a
27.12939453125	0.3	1.0	2	55561	n/a
27.13818359375	0.3	0.0	1	55579	n/a
27.146484375	0.3	1.0	2	55596	n/a
27.15478515625	0.3	0.0	1	55613	n/a
27.1630859375	0.3	0.0	1	55630	n/a
27.17138671875	0.3	1.0	2	55647	n/a
27.1796875	0.3	1.0	2	55664	n/a
27.18798828125	0.3	0.0	1	55681	n/a
27.1962890625	0.3	0.0	1	55698	n/a
27.20458984375	0.3	1.0	2	55715	n/a
27.212890625	0.3	0.0	1	55732	n/a
27.22119140625	0.3	1.0	2	55749	n/a
27.2294921875	0.3	0.0	1	55766	n/a
27.23779296875	0.3	1.0	2	55783	n/a
27.24609375	0.3	1.0	2	55800	n/a
27.25439453125	0.3	0.0	1	55817	n/a
27.26318359375	0.3	1.0	2	55835	n/a
27.271484375	0.3	0.0	1	55852	n/a
27.27978515625	0.3	0.0	1	55869	n/a
27.2880859375	0.3	1.0	2	55886	n/a
27.29638671875	0.3	0.0	1	55903	n/a
27.3046875	0.3	1.0	2	55920	n/a
27.31298828125	0.3	1.0	2	55937	n/a
27.3212890625	0.3	0.0	1	55954	n/a
27.32958984375	0.3	1.0	2	55971	n/a
27.337890625	0.3	0.0	1	55988	n/a
27.34619140625	0.3	0.0	1	56005	n/a
27.3544921875	0.3	1.0	2	56022	n/a
27.36279296875	0.3	0.0	1	56039	n/a
27.37109375	0.3	1.0	2	56056	n/a
27.37939453125	0.3	0.0	1	56073	n/a
27.38818359375	0.3	1.0	2	56091	n/a
29.7626953125	0.3	0.0	1	60954	13.0
29.77099609375	0.3	1.0	2	60971	n/a
29.779296875	0.3	1.0	2	60988	n/a
29.78759765625	0.3	0.0	1	61005	n/a
29.7958984375	0.3	1.0	2	61022	n/a
29.80419921875	0.3	0.0	1	61039	n/a
29.8125	0.3	0.0	1	61056	n/a
29.82080078125	0.3	1.0	2	61073	n/a
29.82958984375	0.3	0.0	1	61091	n/a
29.837890625	0.3	1.0	2	61108	n/a
29.84619140625	0.3	1.0	2	61125	n/a
29.8544921875	0.3	0.0	1	61142	n/a
29.86279296875	0.3	0.0	1	61159	n/a
29.87109375	0.3	1.0	2	61176	n/a
29.87939453125	0.3	1.0	2	61193	n/a
29.8876953125	0.3	0.0	1	61210	n/a
29.89599609375	0.3	0.0	1	61227	n/a
29.904296875	0.3	1.0	2	61244	n/a
29.91259765625	0.3	0.0	1	61261	n/a
29.9208984375	0.3	1.0	2	61278	n/a
29.92919921875	0.3	1.0	2	61295	n/a
29.9375	0.3	0.0	1	61312	n/a
29.94580078125	0.3	0.0	1	61329	n/a
29.95458984375	0.3	1.0	2	61347	n/a
29.962890625	0.3	0.0	1	61364	n/a
29.97119140625	0.3	1.0	2	61381	n/a
29.9794921875	0.3	1.0	2	61398	n/a
29.98779296875	0.3	0.0	1	61415	n/a
29.99609375	0.3	0.0	1	61432	n/a
30.00439453125	0.3	1.0	2	61449	n/a
30.0126953125	0.3	1.0	2	61466	n/a
30.02099609375	0.3	0.0	1	61483	n/a
30.029296875	0.3	1.0	2	61500	n/a
30.03759765625	0.3	0.0	1	61517	n/a
30.0458984375	0.3	1.0	2	61534	n/a
30.05419921875	0.3	0.0	1	61551	n/a
30.0625	0.3	1.0	2	61568	n/a
30.07080078125	0.3	0.0	1	61585	n/a
30.07958984375	0.3	1.0	2	61603	n/a
30.087890625	0.3	0.0	1	61620	n/a
30.09619140625	0.3	1.0	2	61637	n/a
30.1044921875	0.3	0.0	1	61654	n/a
30.11279296875	0.3	1.0	2	61671	n/a
30.12109375	0.3	0.0	1	61688	n/a
30.12939453125	0.3	0.0	1	61705	n/a
30.1376953125	0.3	1.0	2	61722	n/a
30.14599609375	0.3	1.0	2	61739	n/a
30.154296875	0.3	0.0	1	61756	n/a
30.16259765625	0.3	0.0	1	61773	n/a
30.1708984375	0.3	1.0	2	61790	n/a
30.17919921875	0.3	0.0	1	61807	n/a
30.1875	0.3	1.0	2	61824	n/a
30.19580078125	0.3	1.0	2	61841	n/a
30.20458984375	0.3	0.0	1	61859	n/a
30.212890625	0.3	1.0	2	61876	n/a
30.22119140625	0.3	0.0	1	61893	n/a
30.2294921875	0.3	0.0	1	61910	n/a
30.23779296875	0.3	1.0	2	61927	n/a
30.24609375	0.3	0.0	1	61944	n/a
30.25439453125	0.3	1.0	2	61961	n/a
30.2626953125	0.3	0.0	1	61978	n/a
30.27099609375	0.3	1.0	2	61995	n/a
30.279296875	0.3	1.0	2	62012	n/a
30.28759765625	0.3	0.0	1	62029	n/a
30.2958984375	0.3	1.0	2	62046	n/a
30.30419921875	0.3	0.0	1	62063	n/a
30.3125	0.3	1.0	2	62080	n/a
30.32080078125	0.3	0.0	1	62097	n/a
30.32958984375	0.3	0.0	1	62115	n/a
30.337890625	0.3	1.0	2	62132	n/a
30.34619140625	0.3	1.0	2	62149	n/a
30.3544921875	0.3	0.0	1	62166	n/a
30.36279296875	0.3	0.0	1	62183	n/a
30.37109375	0.3	1.0	2	62200	n/a
30.37939453125	0.3	1.0	2	62217	n/a
30.3876953125	0.3	0.0	1	62234	n/a
30.39599609375	0.3	0.0	1	62251	n/a
30.404296875	0.3	1.0	2	62268	n/a
30.41259765625	0.3	0.0	1	62285	n/a
30.4208984375	0.3	1.0	2	62302	n/a
30.42919921875	0.3	0.0	1	62319	n/a
30.4375	0.3	1.0	2	62336	n/a
30.44580078125	0.3	1.0	2	62353	n/a
30.45458984375	0.3	0.0	1	62371	n/a
30.462890625	0.3	0.0	1	62388	n/a
30.47119140625	0.3	1.0	2	62405	n/a
30.4794921875	0.3	0.0	1	62422	n/a
30.48779296875	0.3	1.0	2	62439	n/a
30.49609375	0.3	1.0	2	62456	n/a
30.50439453125	0.3	0.0	1	62473	n/a
30.5126953125	0.3	1.0	2	62490	n/a
30.52099609375	0.3	0.0	1	62507	n/a
30.529296875	0.3	1.0	2	62524	n/a
30.53759765625	0.3	0.0	1	62541	n/a
30.5458984375	0.3	1.0	2	62558	n/a
30.55419921875	0.3	0.0	1	62575	n/a
30.5625	0.3	0.0	1	62592	n/a
30.57080078125	0.3	1.0	2	62609	n/a
30.57958984375	0.3	0.0	1	62627	n/a
30.587890625	0.3	1.0	2	62644	n/a
30.59619140625	0.3	1.0	2	62661	n/a
30.6044921875	0.3	0.0	1	62678	n/a
30.61279296875	0.3	1.0	2	62695	n/a
30.62109375	0.3	0.0	1	62712	n/a
30.62939453125	0.3	1.0	2	62729	n/a
30.6376953125	0.3	0.0	1	62746	n/a
30.64599609375	0.3	0.0	1	62763	n/a
30.654296875	0.3	1.0	2	62780	n/a
30.66259765625	0.3	0.0	1	62797	n/a
30.6708984375	0.3	1.0	2	62814	n/a
30.67919921875	0.3	0.0	1	62831	n/a
30.6875	0.3	1.0	2	62848	n/a
30.69580078125	0.3	0.0	1	62865	n/a
30.70458984375	0.3	1.0	2	62883	n/a
30.712890625	0.3	0.0	1	62900	n/a
30.72119140625	0.3	1.0	2	62917	n/a
30.7294921875	0.3	1.0	2	62934	n/a
30.73779296875	0.3	0.0	1	62951	n/a
30.74609375	0.3	0.0	1	62968	n/a
30.75439453125	0.3	1.0	2	62985	n/a
30.7626953125	0.3	0.0	1	63002	n/a
30.77099609375	0.3	1.0	2	63019	n/a
30.779296875	0.3	0.0	1	63036	n/a
30.78759765625	0.3	1.0	2	63053	n/a
30.7958984375	0.3	1.0	2	63070	n/a
30.80419921875	0.3	0.0	1	63087	n/a
30.8125	0.3	0.0	1	63104	n/a
30.82080078125	0.3	1.0	2	63121	n/a
30.82958984375	0.3	1.0	2	63139	n/a
30.837890625	0.3	0.0	1	63156	n/a
30.84619140625	0.3	1.0	2	63173	n/a
30.8544921875	0.3	0.0	1	63190	n/a
30.86279296875	0.3	0.0	1	63207	n/a
30.87109375	0.3	1.0	2	63224	n/a
30.87939453125	0.3	0.0	1	63241	n/a
30.8876953125	0.3	1.0	2	63258	n/a
30.89599609375	0.3	1.0	2	63275	n/a
30.904296875	0.3	0.0	1	63292	n/a
30.91259765625	0.3	0.0	1	63309	n/a
30.9208984375	0.3	1.0	2	63326	n/a
30.92919921875	0.3	1.0	2	63343	n/a
30.9375	0.3	0.0	1	63360	n/a
30.94580078125	0.3	0.0	1	63377	n/a
30.95458984375	0.3	1.0	2	63395	n/a
30.962890625	0.3	0.0	1	63412	n/a
30.97119140625	0.3	1.0	2	63429	n/a
30.9794921875	0.3	1.0	2	63446	n/a
30.98779296875	0.3	0.0	1	63463	n/a
30.99609375	0.3	0.0	1	63480	n/a
31.00439453125	0.3	1.0	2	63497	n/a
31.0126953125	0.3	0.0	1	63514	n/a
31.02099609375	0.3	1.0	2	63531	n/a
31.029296875	0.3	1.0	2	63548	n/a
31.03759765625	0.3	0.0	1	63565	n/a
31.0458984375	0.3	0.0	1	63582	n/a
31.05419921875	0.3	1.0	2	63599	n/a
31.0625	0.3	1.0	2	63616	n/a
31.07080078125	0.3	0.0	1	63633	n/a
31.07958984375	0.3	1.0	2	63651	n/a
31.087890625	0.3	0.0	1	63668	n/a
31.09619140625	0.3	1.0	2	63685	n/a
31.1044921875	0.3	0.0	1	63702	n/a
31.11279296875	0.3	1.0	2	63719	n/a
31.12109375	0.3	0.0	1	63736	n/a
31.12939453125	0.3	1.0	2	63753	n/a
31.1376953125	0.3	0.0	1	63770	n/a
31.14599609375	0.3	1.0	2	63787	n/a
31.154296875	0.3	0.0	1	63804	n/a
31.16259765625	0.3	1.0	2	63821	n/a
31.1708984375	0.3	0.0	1	63838	n/a
31.17919921875	0.3	0.0	1	63855	n/a
31.1875	0.3	1.0	2	63872	n/a
31.19580078125	0.3	1.0	2	63889	n/a
31.20458984375	0.3	0.0	1	63907	n/a
31.212890625	0.3	0.0	1	63924	n/a
31.22119140625	0.3	1.0	2	63941	n/a
31.2294921875	0.3	0.0	1	63958	n/a
31.23779296875	0.3	1.0	2	63975	n/a
31.24609375	0.3	1.0	2	63992	n/a
31.25439453125	0.3	0.0	1	64009	n/a
31.2626953125	0.3	1.0	2	64026	n/a
31.27099609375	0.3	0.0	1	64043	n/a
31.279296875	0.3	0.0	1	64060	n/a
31.28759765625	0.3	1.0	2	64077	n/a
31.2958984375	0.3	0.0	1	64094	n/a
31.30419921875	0.3	1.0	2	64111	n/a
31.3125	0.3	0.0	1	64128	n/a
31.32080078125	0.3	1.0	2	64145	n/a
31.32958984375	0.3	1.0	2	64163	n/a
31.337890625	0.3	0.0	1	64180	n/a
31.34619140625	0.3	1.0	2	64197	n/a
31.3544921875	0.3	0.0	1	64214	n/a
31.36279296875	0.3	1.0	2	64231	n/a
31.37109375	0.3	0.0	1	64248	n/a
31.37939453125	0.3	0.0	1	64265	n/a
31.3876953125	0.3	1.0	2	64282	n/a
31.39599609375	0.3	1.0	2	64299	n/a
31.404296875	0.3	0.0	1	64316	n/a
31.41259765625	0.3	0.0	1	64333	n/a
31.4208984375	0.3	1.0	2	64350	n/a
31.42919921875	0.3	1.0	2	64367	n/a
31.4375	0.3	0.0	1	64384	n/a
31.44580078125	0.3	0.0	1	64401	n/a
31.45458984375	0.3	1.0	2	64419	n/a
31.462890625	0.3	0.0	1	64436	n/a
31.47119140625	0.3	1.0	2	64453	n/a
31.4794921875	0.3	0.0	1	64470	n/a
31.48779296875	0.3	1.0	2	64487	n/a
31.49609375	0.3	1.0	2	64504	n/a
31.50439453125	0.3	0.0	1	64521	n/a
31.5126953125	0.3	0.0	1	64538	n/a
31.52099609375	0.3	1.0	2	64555	n/a
31.529296875	0.3	0.0	1	64572	n/a
31.53759765625	0.3	1.0	2	64589	n/a
31.5458984375	0.3	1.0	2	64606	n/a
31.55419921875	0.3	0.0	1	64623	n/a
31.5625	0.3	1.0	2	64640	n/a
31.57080078125	0.3	0.0	1	64657	n/a
31.57958984375	0.3	1.0	2	64675	n/a
31.587890625	0.3	0.0	1	64692	n/a
31.59619140625	0.3	1.0	2	64709	n/a
31.6044921875	0.3	0.0	1	64726	n/a
31.61279296875	0.3	0.0	1	64743	n/a
31.62109375	0.3	1.0	2	64760	n/a
31.62939453125	0.3	0.0	1	64777	n/a
31.6376953125	0.3	1.0	2	64794	n/a
31.64599609375	0.3	1.0	2	64811	n/a
31.654296875	0.3	0.0	1	64828	n/a
31.66259765625	0.3	1.0	2	64845	n/a
31.6708984375	0.3	0.0	1	64862	n/a
31.67919921875	0.3	1.0	2	64879	n/a
31.6875	0.3	0.0	1	64896	n/a
31.69580078125	0.3	0.0	1	64913	n/a
31.70458984375	0.3	1.0	2	64931	n/a
31.712890625	0.3	0.0	1	64948	n/a
31.72119140625	0.3	1.0	2	64965	n/a
31.7294921875	0.3	0.0	1	64982	n/a
31.73779296875	0.3	1.0	2	64999	n/a
31.74609375	0.3	0.0	1	65016	n/a
31.75439453125	0.3	1.0	2	65033	n/a
31.7626953125	0.3	0.0	1	65050	n/a
31.77099609375	0.3	1.0	2	65067	n/a
31.779296875	0.3	1.0	2	65084	n/a
31.78759765625	0.3	0.0	1	65101	n/a
31.7958984375	0.3	0.0	1	65118	n/a
31.80419921875	0.3	1.0	2	65135	n/a
31.8125	0.3	0.0	1	65152	n/a
31.82080078125	0.3	1.0	2	65169	n/a
31.82958984375	0.3	0.0	1	65187	n/a
31.837890625	0.3	1.0	2	65204	n/a
31.84619140625	0.3	1.0	2	65221	n/a
31.8544921875	0.3	0.0	1	65238	n/a
31.86279296875	0.3	0.0	1	65255	n/a
31.87109375	0.3	1.0	2	65272	n/a
31.87939453125	0.3	1.0	2	65289	n/a
31.8876953125	0.3	0.0	1	65306	n/a
31.89599609375	0.3	1.0	2	65323	n/a
31.904296875	0.3	0.0	1	65340	n/a
31.91259765625	0.3	0.0	1	65357	n/a
31.9208984375	0.3	1.0	2	65374	n/a
31.92919921875	0.3	0.0	1	65391	n/a
31.9375	0.3	1.0	2	65408	n/a
31.94580078125	0.3	1.0	2	65425	n/a
31.95458984375	0.3	0.0	1	65443	n/a
31.962890625	0.3	0.0	1	65460	n/a
31.97119140625	0.3	1.0	2	65477	n/a
31.9794921875	0.3	1.0	2	65494	n/a
31.98779296875	0.3	0.0	1	65511	n/a
31.99609375	0.3	0.0	1	65528	n/a
32.00439453125	0.3	1.0	2	65545	n/a
32.0126953125	0.3	0.0	1	65562	n/a
32.02099609375	0.3	1.0	2	65579	n/a
32.029296875	0.3	1.0	2	65596	n/a
32.03759765625	0.3	0.0	1	65613	n/a
32.0458984375	0.3	0.0	1	65630	n/a
32.05419921875	0.3	1.0	2	65647	n/a
32.0625	0.3	0.0	1	65664	n/a
32.07080078125	0.3	1.0	2	65681	n/a
32.07958984375	0.3	1.0	2	65699	n/a
32.087890625	0.3	0.0	1	65716	n/a
32.09619140625	0.3	0.0	1	65733	n/a
32.1044921875	0.3	1.0	2	65750	n/a
32.11279296875	0.3	1.0	2	65767	n/a
32.12109375	0.3	0.0	1	65784	n/a
32.12939453125	0.3	1.0	2	65801	n/a
32.1376953125	0.3	0.0	1	65818	n/a
32.14599609375	0.3	1.0	2	65835	n/a
32.154296875	0.3	0.0	1	65852	n/a
32.16259765625	0.3	1.0	2	65869	n/a
32.1708984375	0.3	0.0	1	65886	n/a
32.17919921875	0.3	1.0	2	65903	n/a
32.1875	0.3	0.0	1	65920	n/a
32.19580078125	0.3	1.0	2	65937	n/a
32.20458984375	0.3	0.0	1	65955	n/a
32.212890625	0.3	1.0	2	65972	n/a
32.22119140625	0.3	0.0	1	65989	n/a
32.2294921875	0.3	0.0	1	66006	n/a
32.23779296875	0.3	1.0	2	66023	n/a
32.24609375	0.3	1.0	2	66040	n/a
32.25439453125	0.3	0.0	1	66057	n/a
32.2626953125	0.3	0.0	1	66074	n/a
32.27099609375	0.3	1.0	2	66091	n/a
32.279296875	0.3	0.0	1	66108	n/a
32.28759765625	0.3	1.0	2	66125	n/a
32.2958984375	0.3	1.0	2	66142	n/a
32.30419921875	0.3	0.0	1	66159	n/a
32.3125	0.3	1.0	2	66176	n/a
32.32080078125	0.3	0.0	1	66193	n/a
32.32958984375	0.3	0.0	1	66211	n/a
32.337890625	0.3	1.0	2	66228	n/a
32.34619140625	0.3	0.0	1	66245	n/a
32.3544921875	0.3	1.0	2	66262	n/a
32.36279296875	0.3	0.0	1	66279	n/a
32.37109375	0.3	1.0	2	66296	n/a
32.37939453125	0.3	1.0	2	66313	n/a
32.3876953125	0.3	0.0	1	66330	n/a
32.39599609375	0.3	1.0	2	66347	n/a
32.404296875	0.3	0.0	1	66364	n/a
32.41259765625	0.3	1.0	2	66381	n/a
32.4208984375	0.3	0.0	1	66398	n/a
32.42919921875	0.3	0.0	1	66415	n/a
32.4375	0.3	1.0	2	66432	n/a
32.44580078125	0.3	1.0	2	66449	n/a
32.45458984375	0.3	0.0	1	66467	n/a
32.462890625	0.3	0.0	1	66484	n/a
32.47119140625	0.3	1.0	2	66501	n/a
32.4794921875	0.3	1.0	2	66518	n/a
32.48779296875	0.3	0.0	1	66535	n/a
32.49609375	0.3	0.0	1	66552	n/a
32.50439453125	0.3	1.0	2	66569	n/a
32.5126953125	0.3	0.0	1	66586	n/a
32.52099609375	0.3	1.0	2	66603	n/a
32.529296875	0.3	0.0	1	66620	n/a
32.53759765625	0.3	1.0	2	66637	n/a
32.5458984375	0.3	1.0	2	66654	n/a
32.55419921875	0.3	0.0	1	66671	n/a
32.5625	0.3	0.0	1	66688	n/a
32.57080078125	0.3	1.0	2	66705	n/a
32.57958984375	0.3	0.0	1	66723	n/a
32.587890625	0.3	1.0	2	66740	n/a
32.59619140625	0.3	1.0	2	66757	n/a
32.6044921875	0.3	0.0	1	66774	n/a
32.61279296875	0.3	1.0	2	66791	n/a
32.62109375	0.3	0.0	1	66808	n/a
32.62939453125	0.3	1.0	2	66825	n/a
32.6376953125	0.3	0.0	1	66842	n/a
32.64599609375	0.3	1.0	2	66859	n/a
32.654296875	0.3	0.0	1	66876	n/a
32.66259765625	0.3	0.0	1	66893	n/a
32.6708984375	0.3	1.0	2	66910	n/a
32.67919921875	0.3	0.0	1	66927	n/a
32.6875	0.3	1.0	2	66944	n/a
32.69580078125	0.3	1.0	2	66961	n/a
32.70458984375	0.3	0.0	1	66979	n/a
32.712890625	0.3	1.0	2	66996	n/a
32.72119140625	0.3	0.0	1	67013	n/a
32.7294921875	0.3	1.0	2	67030	n/a
32.73779296875	0.3	0.0	1	67047	n/a
32.74609375	0.3	0.0	1	67064	n/a
32.75439453125	0.3	1.0	2	67081	n/a
32.7626953125	0.3	0.0	1	67098	n/a
32.77099609375	0.3	1.0	2	67115	n/a
32.779296875	0.3	0.0	1	67132	n/a
32.78759765625	0.3	1.0	2	67149	n/a
32.7958984375	0.3	0.0	1	67166	n/a
32.80419921875	0.3	1.0	2	67183	n/a
32.8125	0.3	0.0	1	67200	n/a
32.82080078125	0.3	1.0	2	67217	n/a
32.82958984375	0.3	1.0	2	67235	n/a
32.837890625	0.3	0.0	1	67252	n/a
32.84619140625	0.3	0.0	1	67269	n/a
32.8544921875	0.3	1.0	2	67286	n/a
32.86279296875	0.3	0.0	1	67303	n/a
32.87109375	0.3	1.0	2	67320	n/a
32.87939453125	0.3	0.0	1	67337	n/a
32.8876953125	0.3	1.0	2	67354	n/a
32.89599609375	0.3	1.0	2	67371	n/a
32.904296875	0.3	0.0	1	67388	n/a
32.91259765625	0.3	0.0	1	67405	n/a
32.9208984375	0.3	1.0	2	67422	n/a
32.92919921875	0.3	1.0	2	67439	n/a
32.9375	0.3	0.0	1	67456	n/a
32.94580078125	0.3	1.0	2	67473	n/a
32.95458984375	0.3	0.0	1	67491	n/a
32.962890625	0.3	0.0	1	67508	n/a
32.97119140625	0.3	1.0	2	67525	n/a
32.9794921875	0.3	0.0	1	67542	n/a
32.98779296875	0.3	1.0	2	67559	n/a
32.99609375	0.3	1.0	2	67576	n/a
33.00439453125	0.3	0.0	1	67593	n/a
33.0126953125	0.3	0.0	1	67610	n/a
33.02099609375	0.3	1.0	2	67627	n/a
33.029296875	0.3	1.0	2	67644	n/a
33.03759765625	0.3	0.0	1	67661	n/a
33.0458984375	0.3	0.0	1	67678	n/a
33.05419921875	0.3	1.0	2	67695	n/a
33.0625	0.3	0.0	1	67712	n/a
33.07080078125	0.3	1.0	2	67729	n/a
33.07958984375	0.3	1.0	2	67747	n/a
33.087890625	0.3	0.0	1	67764	n/a
33.09619140625	0.3	0.0	1	67781	n/a
33.1044921875	0.3	1.0	2	67798	n/a
33.11279296875	0.3	0.0	1	67815	n/a
33.12109375	0.3	1.0	2	67832	n/a
33.12939453125	0.3	1.0	2	67849	n/a
33.1376953125	0.3	0.0	1	67866	n/a
33.14599609375	0.3	0.0	1	67883	n/a
33.154296875	0.3	1.0	2	67900	n/a
33.16259765625	0.3	1.0	2	67917	n/a
33.1708984375	0.3	0.0	1	67934	n/a
33.17919921875	0.3	1.0	2	67951	n/a
33.1875	0.3	0.0	1	67968	n/a
33.19580078125	0.3	1.0	2	67985	n/a
33.20458984375	0.3	0.0	1	68003	n/a
33.212890625	0.3	1.0	2	68020	n/a
33.22119140625	0.3	0.0	1	68037	n/a
33.2294921875	0.3	1.0	2	68054	n/a
33.23779296875	0.3	0.0	1	68071	n/a
33.24609375	0.3	1.0	2	68088	n/a
33.25439453125	0.3	0.0	1	68105	n/a
33.2626953125	0.3	1.0	2	68122	n/a
33.27099609375	0.3	0.0	1	68139	n/a
33.279296875	0.3	0.0	1	68156	n/a
33.28759765625	0.3	1.0	2	68173	n/a
33.2958984375	0.3	1.0	2	68190	n/a
33.30419921875	0.3	0.0	1	68207	n/a
33.3125	0.3	0.0	1	68224	n/a
33.32080078125	0.3	1.0	2	68241	n/a
33.32958984375	0.3	0.0	1	68259	n/a
33.337890625	0.3	1.0	2	68276	n/a
33.34619140625	0.3	1.0	2	68293	n/a
33.3544921875	0.3	0.0	1	68310	n/a
33.36279296875	0.3	1.0	2	68327	n/a
33.37109375	0.3	0.0	1	68344	n/a
33.37939453125	0.3	0.0	1	68361	n/a
33.3876953125	0.3	1.0	2	68378	n/a
33.39599609375	0.3	0.0	1	68395	n/a
33.404296875	0.3	1.0	2	68412	n/a
33.41259765625	0.3	0.0	1	68429	n/a
33.4208984375	0.3	1.0	2	68446	n/a
33.42919921875	0.3	1.0	2	68463	n/a
33.4375	0.3	0.0	1	68480	n/a
33.44580078125	0.3	1.0	2	68497	n/a
33.45458984375	0.3	0.0	1	68515	n/a
33.462890625	0.3	1.0	2	68532	n/a
33.47119140625	0.3	0.0	1	68549	n/a
33.4794921875	0.3	0.0	1	68566	n/a
33.48779296875	0.3	1.0	2	68583	n/a
33.49609375	0.3	1.0	2	68600	n/a
33.50439453125	0.3	0.0	1	68617	n/a
33.5126953125	0.3	0.0	1	68634	n/a
33.52099609375	0.3	1.0	2	68651	n/a
33.529296875	0.3	1.0	2	68668	n/a
33.53759765625	0.3	0.0	1	68685	n/a
33.5458984375	0.3	0.0	1	68702	n/a
33.55419921875	0.3	1.0	2	68719	n/a
33.5625	0.3	0.0	1	68736	n/a
33.57080078125	0.3	1.0	2	68753	n/a
33.57958984375	0.3	0.0	1	68771	n/a
33.587890625	0.3	1.0	2	68788	n/a
33.59619140625	0.3	1.0	2	68805	n/a
33.6044921875	0.3	0.0	1	68822	n/a
33.61279296875	0.3	0.0	1	68839	n/a
33.62109375	0.3	1.0	2	68856	n/a
33.62939453125	0.3	0.0	1	68873	n/a
33.6376953125	0.3	1.0	2	68890	n/a
33.64599609375	0.3	1.0	2	68907	n/a
33.654296875	0.3	0.0	1	68924	n/a
33.66259765625	0.3	1.0	2	68941	n/a
33.6708984375	0.3	0.0	1	68958	n/a
33.67919921875	0.3	1.0	2	68975	n/a
33.6875	0.3	0.0	1	68992	n/a
33.69580078125	0.3	1.0	2	69009	n/a
33.70458984375	0.3	0.0	1	69027	n/a
33.712890625	0.3	0.0	1	69044	n/a
33.72119140625	0.3	1.0	2	69061	n/a
33.7294921875	0.3	0.0	1	69078	n/a
33.73779296875	0.3	1.0	2	69095	n/a
33.74609375	0.3	1.0	2	69112	n/a
33.75439453125	0.3	0.0	1	69129	n/a
33.7626953125	0.3	1.0	2	69146	n/a
33.77099609375	0.3	0.0	1	69163	n/a
33.779296875	0.3	1.0	2	69180	n/a
33.78759765625	0.3	0.0	1	69197	n/a
33.7958984375	0.3	0.0	1	69214	n/a
33.80419921875	0.3	1.0	2	69231	n/a
33.8125	0.3	0.0	1	69248	n/a
33.82080078125	0.3	1.0	2	69265	n/a
33.82958984375	0.3	0.0	1	69283	n/a
33.837890625	0.3	1.0	2	69300	n/a
33.84619140625	0.3	0.0	1	69317	n/a
33.8544921875	0.3	1.0	2	69334	n/a
33.86279296875	0.3	0.0	1	69351	n/a
33.87109375	0.3	1.0	2	69368	n/a
33.87939453125	0.3	1.0	2	69385	n/a
33.8876953125	0.3	0.0	1	69402	n/a
33.89599609375	0.3	0.0	1	69419	n/a
33.904296875	0.3	1.0	2	69436	n/a
33.91259765625	0.3	0.0	1	69453	n/a
33.9208984375	0.3	1.0	2	69470	n/a
33.92919921875	0.3	0.0	1	69487	n/a
33.9375	0.3	1.0	2	69504	n/a
33.94580078125	0.3	1.0	2	69521	n/a
33.95458984375	0.3	0.0	1	69539	n/a
36.3466796875	0.3	0.0	1	74438	23.0
36.35498046875	0.3	1.0	2	74455	n/a
36.36328125	0.3	1.0	2	74472	n/a
36.37158203125	0.3	0.0	1	74489	n/a
36.3798828125	0.3	0.0	1	74506	n/a
36.38818359375	0.3	1.0	2	74523	n/a
36.396484375	0.3	0.0	1	74540	n/a
36.40478515625	0.3	1.0	2	74557	n/a
36.41357421875	0.3	1.0	2	74575	n/a
36.421875	0.3	0.0	1	74592	n/a
36.43017578125	0.3	1.0	2	74609	n/a
36.4384765625	0.3	0.0	1	74626	n/a
36.44677734375	0.3	1.0	2	74643	n/a
36.455078125	0.3	0.0	1	74660	n/a
36.46337890625	0.3	1.0	2	74677	n/a
36.4716796875	0.3	0.0	1	74694	n/a
36.47998046875	0.3	0.0	1	74711	n/a
36.48828125	0.3	1.0	2	74728	n/a
36.49658203125	0.3	0.0	1	74745	n/a
36.5048828125	0.3	1.0	2	74762	n/a
36.51318359375	0.3	0.0	1	74779	n/a
36.521484375	0.3	1.0	2	74796	n/a
36.52978515625	0.3	1.0	2	74813	n/a
36.53857421875	0.3	0.0	1	74831	n/a
36.546875	0.3	0.0	1	74848	n/a
36.55517578125	0.3	1.0	2	74865	n/a
36.5634765625	0.3	1.0	2	74882	n/a
36.57177734375	0.3	0.0	1	74899	n/a
36.580078125	0.3	1.0	2	74916	n/a
36.58837890625	0.3	0.0	1	74933	n/a
36.5966796875	0.3	0.0	1	74950	n/a
36.60498046875	0.3	1.0	2	74967	n/a
36.61328125	0.3	0.0	1	74984	n/a
36.62158203125	0.3	1.0	2	75001	n/a
36.6298828125	0.3	0.0	1	75018	n/a
36.63818359375	0.3	1.0	2	75035	n/a
36.646484375	0.3	1.0	2	75052	n/a
36.65478515625	0.3	0.0	1	75069	n/a
36.66357421875	0.3	0.0	1	75087	n/a
36.671875	0.3	1.0	2	75104	n/a
36.68017578125	0.3	0.0	1	75121	n/a
36.6884765625	0.3	1.0	2	75138	n/a
36.69677734375	0.3	0.0	1	75155	n/a
36.705078125	0.3	1.0	2	75172	n/a
36.71337890625	0.3	0.0	1	75189	n/a
36.7216796875	0.3	1.0	2	75206	n/a
36.72998046875	0.3	0.0	1	75223	n/a
36.73828125	0.3	1.0	2	75240	n/a
36.74658203125	0.3	0.0	1	75257	n/a
36.7548828125	0.3	1.0	2	75274	n/a
36.76318359375	0.3	1.0	2	75291	n/a
36.771484375	0.3	0.0	1	75308	n/a
36.77978515625	0.3	0.0	1	75325	n/a
36.78857421875	0.3	1.0	2	75343	n/a
36.796875	0.3	1.0	2	75360	n/a
36.80517578125	0.3	0.0	1	75377	n/a
36.8134765625	0.3	1.0	2	75394	n/a
36.82177734375	0.3	0.0	1	75411	n/a
36.830078125	0.3	0.0	1	75428	n/a
36.83837890625	0.3	1.0	2	75445	n/a
36.8466796875	0.3	0.0	1	75462	n/a
36.85498046875	0.3	1.0	2	75479	n/a
36.86328125	0.3	0.0	1	75496	n/a
36.87158203125	0.3	1.0	2	75513	n/a
36.8798828125	0.3	0.0	1	75530	n/a
36.88818359375	0.3	1.0	2	75547	n/a
36.896484375	0.3	1.0	2	75564	n/a
36.90478515625	0.3	0.0	1	75581	n/a
36.91357421875	0.3	1.0	2	75599	n/a
36.921875	0.3	0.0	1	75616	n/a
36.93017578125	0.3	0.0	1	75633	n/a
36.9384765625	0.3	1.0	2	75650	n/a
36.94677734375	0.3	0.0	1	75667	n/a
36.955078125	0.3	1.0	2	75684	n/a
36.96337890625	0.3	1.0	2	75701	n/a
36.9716796875	0.3	0.0	1	75718	n/a
36.97998046875	0.3	0.0	1	75735	n/a
36.98828125	0.3	1.0	2	75752	n/a
36.99658203125	0.3	1.0	2	75769	n/a
37.0048828125	0.3	0.0	1	75786	n/a
37.01318359375	0.3	0.0	1	75803	n/a
37.021484375	0.3	1.0	2	75820	n/a
37.02978515625	0.3	1.0	2	75837	n/a
37.03857421875	0.3	0.0	1	75855	n/a
37.046875	0.3	1.0	2	75872	n/a
37.05517578125	0.3	0.0	1	75889	n/a
37.0634765625	0.3	0.0	1	75906	n/a
37.07177734375	0.3	1.0	2	75923	n/a
37.080078125	0.3	1.0	2	75940	n/a
37.08837890625	0.3	0.0	1	75957	n/a
37.0966796875	0.3	1.0	2	75974	n/a
37.10498046875	0.3	0.0	1	75991	n/a
37.11328125	0.3	1.0	2	76008	n/a
37.12158203125	0.3	0.0	1	76025	n/a
37.1298828125	0.3	0.0	1	76042	n/a
37.13818359375	0.3	1.0	2	76059	n/a
37.146484375	0.3	1.0	2	76076	n/a
37.15478515625	0.3	0.0	1	76093	n/a
37.16357421875	0.3	1.0	2	76111	n/a
37.171875	0.3	0.0	1	76128	n/a
37.18017578125	0.3	1.0	2	76145	n/a
37.1884765625	0.3	0.0	1	76162	n/a
37.19677734375	0.3	1.0	2	76179	n/a
37.205078125	0.3	0.0	1	76196	n/a
37.21337890625	0.3	1.0	2	76213	n/a
37.2216796875	0.3	0.0	1	76230	n/a
37.22998046875	0.3	0.0	1	76247	n/a
37.23828125	0.3	1.0	2	76264	n/a
37.24658203125	0.3	0.0	1	76281	n/a
37.2548828125	0.3	1.0	2	76298	n/a
37.26318359375	0.3	1.0	2	76315	n/a
37.271484375	0.3	0.0	1	76332	n/a
37.27978515625	0.3	0.0	1	76349	n/a
37.28857421875	0.3	1.0	2	76367	n/a
37.296875	0.3	1.0	2	76384	n/a
37.30517578125	0.3	0.0	1	76401	n/a
37.3134765625	0.3	0.0	1	76418	n/a
37.32177734375	0.3	1.0	2	76435	n/a
37.330078125	0.3	1.0	2	76452	n/a
37.33837890625	0.3	0.0	1	76469	n/a
37.3466796875	0.3	1.0	2	76486	n/a
37.35498046875	0.3	0.0	1	76503	n/a
37.36328125	0.3	1.0	2	76520	n/a
37.37158203125	0.3	0.0	1	76537	n/a
37.3798828125	0.3	0.0	1	76554	n/a
37.38818359375	0.3	1.0	2	76571	n/a
37.396484375	0.3	0.0	1	76588	n/a
37.40478515625	0.3	1.0	2	76605	n/a
37.41357421875	0.3	1.0	2	76623	n/a
37.421875	0.3	0.0	1	76640	n/a
37.43017578125	0.3	0.0	1	76657	n/a
37.4384765625	0.3	1.0	2	76674	n/a
37.44677734375	0.3	0.0	1	76691	n/a
37.455078125	0.3	1.0	2	76708	n/a
37.46337890625	0.3	1.0	2	76725	n/a
37.4716796875	0.3	0.0	1	76742	n/a
37.47998046875	0.3	1.0	2	76759	n/a
37.48828125	0.3	0.0	1	76776	n/a
37.49658203125	0.3	1.0	2	76793	n/a
37.5048828125	0.3	0.0	1	76810	n/a
37.51318359375	0.3	1.0	2	76827	n/a
37.521484375	0.3	0.0	1	76844	n/a
37.52978515625	0.3	0.0	1	76861	n/a
37.53857421875	0.3	1.0	2	76879	n/a
37.546875	0.3	0.0	1	76896	n/a
37.55517578125	0.3	1.0	2	76913	n/a
37.5634765625	0.3	0.0	1	76930	n/a
37.57177734375	0.3	1.0	2	76947	n/a
37.580078125	0.3	1.0	2	76964	n/a
37.58837890625	0.3	0.0	1	76981	n/a
37.5966796875	0.3	0.0	1	76998	n/a
37.60498046875	0.3	1.0	2	77015	n/a
37.61328125	0.3	1.0	2	77032	n/a
37.62158203125	0.3	0.0	1	77049	n/a
37.6298828125	0.3	1.0	2	77066	n/a
37.63818359375	0.3	0.0	1	77083	n/a
37.646484375	0.3	0.0	1	77100	n/a
37.65478515625	0.3	1.0	2	77117	n/a
37.66357421875	0.3	0.0	1	77135	n/a
37.671875	0.3	1.0	2	77152	n/a
37.68017578125	0.3	0.0	1	77169	n/a
37.6884765625	0.3	1.0	2	77186	n/a
37.69677734375	0.3	1.0	2	77203	n/a
37.705078125	0.3	0.0	1	77220	n/a
37.71337890625	0.3	0.0	1	77237	n/a
37.7216796875	0.3	1.0	2	77254	n/a
37.72998046875	0.3	0.0	1	77271	n/a
37.73828125	0.3	1.0	2	77288	n/a
37.74658203125	0.3	0.0	1	77305	n/a
37.7548828125	0.3	1.0	2	77322	n/a
37.76318359375	0.3	0.0	1	77339	n/a
37.771484375	0.3	1.0	2	77356	n/a
37.77978515625	0.3	0.0	1	77373	n/a
37.78857421875	0.3	1.0	2	77391	n/a
37.796875	0.3	0.0	1	77408	n/a
37.80517578125	0.3	1.0	2	77425	n/a
37.8134765625	0.3	1.0	2	77442	n/a
37.82177734375	0.3	0.0	1	77459	n/a
37.830078125	0.3	0.0	1	77476	n/a
37.83837890625	0.3	1.0	2	77493	n/a
37.8466796875	0.3	1.0	2	77510	n/a
37.85498046875	0.3	0.0	1	77527	n/a
37.86328125	0.3	1.0	2	77544	n/a
37.87158203125	0.3	0.0	1	77561	n/a
37.8798828125	0.3	0.0	1	77578	n/a
37.88818359375	0.3	1.0	2	77595	n/a
37.896484375	0.3	0.0	1	77612	n/a
37.90478515625	0.3	1.0	2	77629	n/a
37.91357421875	0.3	0.0	1	77647	n/a
37.921875	0.3	1.0	2	77664	n/a
37.93017578125	0.3	0.0	1	77681	n/a
37.9384765625	0.3	1.0	2	77698	n/a
37.94677734375	0.3	1.0	2	77715	n/a
37.955078125	0.3	0.0	1	77732	n/a
37.96337890625	0.3	1.0	2	77749	n/a
37.9716796875	0.3	0.0	1	77766	n/a
37.97998046875	0.3	0.0	1	77783	n/a
37.98828125	0.3	1.0	2	77800	n/a
37.99658203125	0.3	0.0	1	77817	n/a
38.0048828125	0.3	1.0	2	77834	n/a
38.01318359375	0.3	1.0	2	77851	n/a
38.021484375	0.3	0.0	1	77868	n/a
38.02978515625	0.3	0.0	1	77885	n/a
38.03857421875	0.3	1.0	2	77903	n/a
38.046875	0.3	1.0	2	77920	n/a
38.05517578125	0.3	0.0	1	77937	n/a
38.0634765625	0.3	0.0	1	77954	n/a
38.07177734375	0.3	1.0	2	77971	n/a
38.080078125	0.3	1.0	2	77988	n/a
38.08837890625	0.3	0.0	1	78005	n/a
38.0966796875	0.3	1.0	2	78022	n/a
38.10498046875	0.3	0.0	1	78039	n/a
38.11328125	0.3	0.0	1	78056	n/a
38.12158203125	0.3	1.0	2	78073	n/a
38.1298828125	0.3	1.0	2	78090	n/a
38.13818359375	0.3	0.0	1	78107	n/a
38.146484375	0.3	1.0	2	78124	n/a
38.15478515625	0.3	0.0	1	78141	n/a
38.16357421875	0.3	1.0	2	78159	n/a
38.171875	0.3	0.0	1	78176	n/a
38.18017578125	0.3	0.0	1	78193	n/a
38.1884765625	0.3	1.0	2	78210	n/a
38.19677734375	0.3	1.0	2	78227	n/a
38.205078125	0.3	0.0	1	78244	n/a
38.21337890625	0.3	1.0	2	78261	n/a
38.2216796875	0.3	0.0	1	78278	n/a
38.22998046875	0.3	1.0	2	78295	n/a
38.23828125	0.3	0.0	1	78312	n/a
38.24658203125	0.3	1.0	2	78329	n/a
38.2548828125	0.3	0.0	1	78346	n/a
38.26318359375	0.3	1.0	2	78363	n/a
38.271484375	0.3	0.0	1	78380	n/a
38.27978515625	0.3	0.0	1	78397	n/a
38.28857421875	0.3	1.0	2	78415	n/a
38.296875	0.3	0.0	1	78432	n/a
38.30517578125	0.3	1.0	2	78449	n/a
38.3134765625	0.3	1.0	2	78466	n/a
38.32177734375	0.3	0.0	1	78483	n/a
38.330078125	0.3	0.0	1	78500	n/a
38.33837890625	0.3	1.0	2	78517	n/a
38.3466796875	0.3	1.0	2	78534	n/a
38.35498046875	0.3	0.0	1	78551	n/a
38.36328125	0.3	0.0	1	78568	n/a
38.37158203125	0.3	1.0	2	78585	n/a
38.3798828125	0.3	1.0	2	78602	n/a
38.38818359375	0.3	0.0	1	78619	n/a
38.396484375	0.3	1.0	2	78636	n/a
38.40478515625	0.3	0.0	1	78653	n/a
38.41357421875	0.3	1.0	2	78671	n/a
38.421875	0.3	0.0	1	78688	n/a
38.43017578125	0.3	0.0	1	78705	n/a
38.4384765625	0.3	1.0	2	78722	n/a
38.44677734375	0.3	0.0	1	78739	n/a
38.455078125	0.3	1.0	2	78756	n/a
38.46337890625	0.3	1.0	2	78773	n/a
38.4716796875	0.3	0.0	1	78790	n/a
38.47998046875	0.3	0.0	1	78807	n/a
38.48828125	0.3	1.0	2	78824	n/a
38.49658203125	0.3	0.0	1	78841	n/a
38.5048828125	0.3	1.0	2	78858	n/a
38.51318359375	0.3	1.0	2	78875	n/a
38.521484375	0.3	0.0	1	78892	n/a
38.52978515625	0.3	1.0	2	78909	n/a
38.53857421875	0.3	0.0	1	78927	n/a
38.546875	0.3	1.0	2	78944	n/a
38.55517578125	0.3	0.0	1	78961	n/a
38.5634765625	0.3	1.0	2	78978	n/a
38.57177734375	0.3	0.0	1	78995	n/a
38.580078125	0.3	0.0	1	79012	n/a
38.58837890625	0.3	1.0	2	79029	n/a
38.5966796875	0.3	0.0	1	79046	n/a
38.60498046875	0.3	1.0	2	79063	n/a
38.61328125	0.3	0.0	1	79080	n/a
38.62158203125	0.3	1.0	2	79097	n/a
38.6298828125	0.3	1.0	2	79114	n/a
38.63818359375	0.3	0.0	1	79131	n/a
38.646484375	0.3	0.0	1	79148	n/a
38.65478515625	0.3	1.0	2	79165	n/a
38.66357421875	0.3	1.0	2	79183	n/a
38.671875	0.3	0.0	1	79200	n/a
38.68017578125	0.3	1.0	2	79217	n/a
38.6884765625	0.3	0.0	1	79234	n/a
38.69677734375	0.3	0.0	1	79251	n/a
38.705078125	0.3	1.0	2	79268	n/a
38.71337890625	0.3	0.0	1	79285	n/a
38.7216796875	0.3	1.0	2	79302	n/a
38.72998046875	0.3	0.0	1	79319	n/a
38.73828125	0.3	1.0	2	79336	n/a
38.74658203125	0.3	1.0	2	79353	n/a
38.7548828125	0.3	0.0	1	79370	n/a
38.76318359375	0.3	0.0	1	79387	n/a
38.771484375	0.3	1.0	2	79404	n/a
38.77978515625	0.3	0.0	1	79421	n/a
38.78857421875	0.3	1.0	2	79439	n/a
38.796875	0.3	0.0	1	79456	n/a
38.80517578125	0.3	1.0	2	79473	n/a
38.8134765625	0.3	0.0	1	79490	n/a
38.82177734375	0.3	1.0	2	79507	n/a
38.830078125	0.3	0.0	1	79524	n/a
38.83837890625	0.3	1.0	2	79541	n/a
38.8466796875	0.3	0.0	1	79558	n/a
38.85498046875	0.3	1.0	2	79575	n/a
38.86328125	0.3	1.0	2	79592	n/a
38.87158203125	0.3	0.0	1	79609	n/a
38.8798828125	0.3	0.0	1	79626	n/a
38.88818359375	0.3	1.0	2	79643	n/a
38.896484375	0.3	1.0	2	79660	n/a
38.90478515625	0.3	0.0	1	79677	n/a
38.91357421875	0.3	1.0	2	79695	n/a
38.921875	0.3	0.0	1	79712	n/a
38.93017578125	0.3	0.0	1	79729	n/a
38.9384765625	0.3	1.0	2	79746	n/a
38.94677734375	0.3	0.0	1	79763	n/a
38.955078125	0.3	1.0	2	79780	n/a
38.96337890625	0.3	0.0	1	79797	n/a
38.9716796875	0.3	1.0	2	79814	n/a
38.97998046875	0.3	0.0	1	79831	n/a
38.98828125	0.3	1.0	2	79848	n/a
38.99658203125	0.3	1.0	2	79865	n/a
39.0048828125	0.3	0.0	1	79882	n/a
39.01318359375	0.3	1.0	2	79899	n/a
39.021484375	0.3	0.0	1	79916	n/a
39.02978515625	0.3	0.0	1	79933	n/a
39.03857421875	0.3	1.0	2	79951	n/a
39.046875	0.3	0.0	1	79968	n/a
39.05517578125	0.3	1.0	2	79985	n/a
39.0634765625	0.3	1.0	2	80002	n/a
39.07177734375	0.3	0.0	1	80019	n/a
39.080078125	0.3	0.0	1	80036	n/a
39.08837890625	0.3	1.0	2	80053	n/a
39.0966796875	0.3	1.0	2	80070	n/a
39.10498046875	0.3	0.0	1	80087	n/a
39.11328125	0.3	0.0	1	80104	n/a
39.12158203125	0.3	1.0	2	80121	n/a
39.1298828125	0.3	1.0	2	80138	n/a
39.13818359375	0.3	0.0	1	80155	n/a
39.146484375	0.3	1.0	2	80172	n/a
39.15478515625	0.3	0.0	1	80189	n/a
39.16357421875	0.3	0.0	1	80207	n/a
39.171875	0.3	1.0	2	80224	n/a
39.18017578125	0.3	1.0	2	80241	n/a
39.1884765625	0.3	0.0	1	80258	n/a
39.19677734375	0.3	1.0	2	80275	n/a
39.205078125	0.3	0.0	1	80292	n/a
39.21337890625	0.3	1.0	2	80309	n/a
39.2216796875	0.3	0.0	1	80326	n/a
39.22998046875	0.3	0.0	1	80343	n/a
39.23828125	0.3	1.0	2	80360	n/a
39.24658203125	0.3	1.0	2	80377	n/a
39.2548828125	0.3	0.0	1	80394	n/a
39.26318359375	0.3	1.0	2	80411	n/a
39.271484375	0.3	0.0	1	80428	n/a
39.27978515625	0.3	1.0	2	80445	n/a
39.28857421875	0.3	0.0	1	80463	n/a
39.296875	0.3	1.0	2	80480	n/a
39.30517578125	0.3	0.0	1	80497	n/a
39.3134765625	0.3	1.0	2	80514	n/a
39.32177734375	0.3	0.0	1	80531	n/a
39.330078125	0.3	0.0	1	80548	n/a
39.33837890625	0.3	1.0	2	80565	n/a
39.3466796875	0.3	0.0	1	80582	n/a
39.35498046875	0.3	1.0	2	80599	n/a
39.36328125	0.3	1.0	2	80616	n/a
39.37158203125	0.3	0.0	1	80633	n/a
39.3798828125	0.3	0.0	1	80650	n/a
39.38818359375	0.3	1.0	2	80667	n/a
39.396484375	0.3	1.0	2	80684	n/a
39.40478515625	0.3	0.0	1	80701	n/a
39.41357421875	0.3	0.0	1	80719	n/a
39.421875	0.3	1.0	2	80736	n/a
39.43017578125	0.3	1.0	2	80753	n/a
39.4384765625	0.3	0.0	1	80770	n/a
39.44677734375	0.3	1.0	2	80787	n/a
39.455078125	0.3	0.0	1	80804	n/a
39.46337890625	0.3	1.0	2	80821	n/a
39.4716796875	0.3	0.0	1	80838	n/a
39.47998046875	0.3	0.0	1	80855	n/a
39.48828125	0.3	1.0	2	80872	n/a
39.49658203125	0.3	0.0	1	80889	n/a
39.5048828125	0.3	1.0	2	80906	n/a
39.51318359375	0.3	1.0	2	80923	n/a
39.521484375	0.3	0.0	1	80940	n/a
39.52978515625	0.3	0.0	1	80957	n/a
39.53857421875	0.3	1.0	2	80975	n/a
39.546875	0.3	0.0	1	80992	n/a
39.55517578125	0.3	1.0	2	81009	n/a
39.5634765625	0.3	1.0	2	81026	n/a
39.57177734375	0.3	0.0	1	81043	n/a
39.580078125	0.3	1.0	2	81060	n/a
39.58837890625	0.3	0.0	1	81077	n/a
39.5966796875	0.3	1.0	2	81094	n/a
39.60498046875	0.3	0.0	1	81111	n/a
39.61328125	0.3	1.0	2	81128	n/a
39.62158203125	0.3	0.0	1	81145	n/a
39.6298828125	0.3	0.0	1	81162	n/a
39.63818359375	0.3	1.0	2	81179	n/a
39.646484375	0.3	0.0	1	81196	n/a
39.65478515625	0.3	1.0	2	81213	n/a
39.66357421875	0.3	0.0	1	81231	n/a
39.671875	0.3	1.0	2	81248	n/a
39.68017578125	0.3	1.0	2	81265	n/a
39.6884765625	0.3	0.0	1	81282	n/a
39.69677734375	0.3	0.0	1	81299	n/a
39.705078125	0.3	1.0	2	81316	n/a
39.71337890625	0.3	1.0	2	81333	n/a
39.7216796875	0.3	0.0	1	81350	n/a
39.72998046875	0.3	1.0	2	81367	n/a
39.73828125	0.3	0.0	1	81384	n/a
39.74658203125	0.3	0.0	1	81401	n/a
39.7548828125	0.3	1.0	2	81418	n/a
39.76318359375	0.3	0.0	1	81435	n/a
39.771484375	0.3	1.0	2	81452	n/a
39.77978515625	0.3	0.0	1	81469	n/a
39.78857421875	0.3	1.0	2	81487	n/a
39.796875	0.3	1.0	2	81504	n/a
39.80517578125	0.3	0.0	1	81521	n/a
39.8134765625	0.3	0.0	1	81538	n/a
39.82177734375	0.3	1.0	2	81555	n/a
39.830078125	0.3	0.0	1	81572	n/a
39.83837890625	0.3	1.0	2	81589	n/a
39.8466796875	0.3	0.0	1	81606	n/a
39.85498046875	0.3	1.0	2	81623	n/a
39.86328125	0.3	0.0	1	81640	n/a
39.87158203125	0.3	1.0	2	81657	n/a
39.8798828125	0.3	0.0	1	81674	n/a
39.88818359375	0.3	1.0	2	81691	n/a
39.896484375	0.3	0.0	1	81708	n/a
39.90478515625	0.3	1.0	2	81725	n/a
39.91357421875	0.3	1.0	2	81743	n/a
39.921875	0.3	0.0	1	81760	n/a
39.93017578125	0.3	0.0	1	81777	n/a
39.9384765625	0.3	1.0	2	81794	n/a
39.94677734375	0.3	1.0	2	81811	n/a
39.955078125	0.3	0.0	1	81828	n/a
39.96337890625	0.3	1.0	2	81845	n/a
39.9716796875	0.3	0.0	1	81862	n/a
39.97998046875	0.3	0.0	1	81879	n/a
39.98828125	0.3	1.0	2	81896	n/a
39.99658203125	0.3	0.0	1	81913	n/a
40.0048828125	0.3	1.0	2	81930	n/a
40.01318359375	0.3	0.0	1	81947	n/a
40.021484375	0.3	1.0	2	81964	n/a
40.02978515625	0.3	0.0	1	81981	n/a
40.03857421875	0.3	1.0	2	81999	n/a
40.046875	0.3	1.0	2	82016	n/a
40.05517578125	0.3	0.0	1	82033	n/a
40.0634765625	0.3	1.0	2	82050	n/a
40.07177734375	0.3	0.0	1	82067	n/a
40.080078125	0.3	0.0	1	82084	n/a
40.08837890625	0.3	1.0	2	82101	n/a
40.0966796875	0.3	0.0	1	82118	n/a
40.10498046875	0.3	1.0	2	82135	n/a
40.11328125	0.3	1.0	2	82152	n/a
40.12158203125	0.3	0.0	1	82169	n/a
40.1298828125	0.3	0.0	1	82186	n/a
40.13818359375	0.3	1.0	2	82203	n/a
40.146484375	0.3	1.0	2	82220	n/a
40.15478515625	0.3	0.0	1	82237	n/a
40.16357421875	0.3	0.0	1	82255	n/a
40.171875	0.3	1.0	2	82272	n/a
40.18017578125	0.3	1.0	2	82289	n/a
40.1884765625	0.3	0.0	1	82306	n/a
40.19677734375	0.3	1.0	2	82323	n/a
40.205078125	0.3	0.0	1	82340	n/a
40.21337890625	0.3	0.0	1	82357	n/a
40.2216796875	0.3	1.0	2	82374	n/a
40.22998046875	0.3	1.0	2	82391	n/a
40.23828125	0.3	0.0	1	82408	n/a
40.24658203125	0.3	1.0	2	82425	n/a
40.2548828125	0.3	0.0	1	82442	n/a
40.26318359375	0.3	1.0	2	82459	n/a
40.271484375	0.3	0.0	1	82476	n/a
40.27978515625	0.3	0.0	1	82493	n/a
40.28857421875	0.3	1.0	2	82511	n/a
40.296875	0.3	1.0	2	82528	n/a
40.30517578125	0.3	0.0	1	82545	n/a
40.3134765625	0.3	1.0	2	82562	n/a
40.32177734375	0.3	0.0	1	82579	n/a
40.330078125	0.3	1.0	2	82596	n/a
40.33837890625	0.3	0.0	1	82613	n/a
40.3466796875	0.3	1.0	2	82630	n/a
40.35498046875	0.3	0.0	1	82647	n/a
40.36328125	0.3	1.0	2	82664	n/a
40.37158203125	0.3	0.0	1	82681	n/a
40.3798828125	0.3	0.0	1	82698	n/a
40.38818359375	0.3	1.0	2	82715	n/a
40.396484375	0.3	0.0	1	82732	n/a
40.40478515625	0.3	1.0	2	82749	n/a
40.41357421875	0.3	1.0	2	82767	n/a
40.421875	0.3	0.0	1	82784	n/a
40.43017578125	0.3	0.0	1	82801	n/a
40.4384765625	0.3	1.0	2	82818	n/a
40.44677734375	0.3	1.0	2	82835	n/a
40.455078125	0.3	0.0	1	82852	n/a
40.46337890625	0.3	0.0	1	82869	n/a
40.4716796875	0.3	1.0	2	82886	n/a
40.47998046875	0.3	1.0	2	82903	n/a
40.48828125	0.3	0.0	1	82920	n/a
40.49658203125	0.3	1.0	2	82937	n/a
40.5048828125	0.3	0.0	1	82954	n/a
40.51318359375	0.3	1.0	2	82971	n/a
40.521484375	0.3	0.0	1	82988	n/a
40.52978515625	0.3	0.0	1	83005	n/a
40.53857421875	0.3	1.0	2	83023	n/a
42.9140625	0.3	1.0	2	87888	30.0
42.92236328125	0.3	0.0	1	87905	n/a
42.9306640625	0.3	1.0	2	87922	n/a
42.93896484375	0.3	0.0	1	87939	n/a
42.947265625	0.3	1.0	2	87956	n/a
42.95556640625	0.3	0.0	1	87973	n/a
42.9638671875	0.3	0.0	1	87990	n/a
42.97216796875	0.3	1.0	2	88007	n/a
42.98095703125	0.3	0.0	1	88025	n/a
42.9892578125	0.3	1.0	2	88042	n/a
42.99755859375	0.3	0.0	1	88059	n/a
43.005859375	0.3	1.0	2	88076	n/a
43.01416015625	0.3	1.0	2	88093	n/a
43.0224609375	0.3	0.0	1	88110	n/a
43.03076171875	0.3	0.0	1	88127	n/a
43.0390625	0.3	1.0	2	88144	n/a
43.04736328125	0.3	0.0	1	88161	n/a
43.0556640625	0.3	1.0	2	88178	n/a
43.06396484375	0.3	0.0	1	88195	n/a
43.072265625	0.3	1.0	2	88212	n/a
43.08056640625	0.3	1.0	2	88229	n/a
43.0888671875	0.3	0.0	1	88246	n/a
43.09716796875	0.3	0.0	1	88263	n/a
43.10595703125	0.3	1.0	2	88281	n/a
43.1142578125	0.3	0.0	1	88298	n/a
43.12255859375	0.3	1.0	2	88315	n/a
43.130859375	0.3	0.0	1	88332	n/a
43.13916015625	0.3	1.0	2	88349	n/a
43.1474609375	0.3	0.0	1	88366	n/a
43.15576171875	0.3	1.0	2	88383	n/a
43.1640625	0.3	0.0	1	88400	n/a
43.17236328125	0.3	1.0	2	88417	n/a
43.1806640625	0.3	0.0	1	88434	n/a
43.18896484375	0.3	1.0	2	88451	n/a
43.197265625	0.3	0.0	1	88468	n/a
43.20556640625	0.3	1.0	2	88485	n/a
43.2138671875	0.3	0.0	1	88502	n/a
43.22216796875	0.3	1.0	2	88519	n/a
43.23095703125	0.3	0.0	1	88537	n/a
43.2392578125	0.3	1.0	2	88554	n/a
43.24755859375	0.3	0.0	1	88571	n/a
43.255859375	0.3	1.0	2	88588	n/a
43.26416015625	0.3	1.0	2	88605	n/a
43.2724609375	0.3	0.0	1	88622	n/a
43.28076171875	0.3	0.0	1	88639	n/a
43.2890625	0.3	1.0	2	88656	n/a
43.29736328125	0.3	0.0	1	88673	n/a
43.3056640625	0.3	1.0	2	88690	n/a
43.31396484375	0.3	0.0	1	88707	n/a
43.322265625	0.3	1.0	2	88724	n/a
43.33056640625	0.3	1.0	2	88741	n/a
43.3388671875	0.3	0.0	1	88758	n/a
43.34716796875	0.3	1.0	2	88775	n/a
43.35595703125	0.3	0.0	1	88793	n/a
43.3642578125	0.3	0.0	1	88810	n/a
43.37255859375	0.3	1.0	2	88827	n/a
43.380859375	0.3	0.0	1	88844	n/a
43.38916015625	0.3	1.0	2	88861	n/a
43.3974609375	0.3	0.0	1	88878	n/a
43.40576171875	0.3	1.0	2	88895	n/a
43.4140625	0.3	0.0	1	88912	n/a
43.42236328125	0.3	1.0	2	88929	n/a
43.4306640625	0.3	0.0	1	88946	n/a
43.43896484375	0.3	1.0	2	88963	n/a
43.447265625	0.3	0.0	1	88980	n/a
43.45556640625	0.3	1.0	2	88997	n/a
43.4638671875	0.3	1.0	2	89014	n/a
43.47216796875	0.3	0.0	1	89031	n/a
43.48095703125	0.3	0.0	1	89049	n/a
43.4892578125	0.3	1.0	2	89066	n/a
43.49755859375	0.3	0.0	1	89083	n/a
43.505859375	0.3	1.0	2	89100	n/a
43.51416015625	0.3	1.0	2	89117	n/a
43.5224609375	0.3	0.0	1	89134	n/a
43.53076171875	0.3	0.0	1	89151	n/a
43.5390625	0.3	1.0	2	89168	n/a
43.54736328125	0.3	1.0	2	89185	n/a
43.5556640625	0.3	0.0	1	89202	n/a
43.56396484375	0.3	0.0	1	89219	n/a
43.572265625	0.3	1.0	2	89236	n/a
43.58056640625	0.3	1.0	2	89253	n/a
43.5888671875	0.3	0.0	1	89270	n/a
43.59716796875	0.3	0.0	1	89287	n/a
43.60595703125	0.3	1.0	2	89305	n/a
43.6142578125	0.3	1.0	2	89322	n/a
43.62255859375	0.3	0.0	1	89339	n/a
43.630859375	0.3	0.0	1	89356	n/a
43.63916015625	0.3	1.0	2	89373	n/a
43.6474609375	0.3	0.0	1	89390	n/a
43.65576171875	0.3	1.0	2	89407	n/a
43.6640625	0.3	1.0	2	89424	n/a
43.67236328125	0.3	0.0	1	89441	n/a
43.6806640625	0.3	0.0	1	89458	n/a
43.68896484375	0.3	1.0	2	89475	n/a
43.697265625	0.3	0.0	1	89492	n/a
43.70556640625	0.3	1.0	2	89509	n/a
43.7138671875	0.3	0.0	1	89526	n/a
43.72216796875	0.3	1.0	2	89543	n/a
43.73095703125	0.3	1.0	2	89561	n/a
43.7392578125	0.3	0.0	1	89578	n/a
43.74755859375	0.3	1.0	2	89595	n/a
43.755859375	0.3	0.0	1	89612	n/a
43.76416015625	0.3	1.0	2	89629	n/a
43.7724609375	0.3	0.0	1	89646	n/a
43.78076171875	0.3	0.0	1	89663	n/a
43.7890625	0.3	1.0	2	89680	n/a
43.79736328125	0.3	1.0	2	89697	n/a
43.8056640625	0.3	0.0	1	89714	n/a
43.81396484375	0.3	0.0	1	89731	n/a
43.822265625	0.3	1.0	2	89748	n/a
43.83056640625	0.3	1.0	2	89765	n/a
43.8388671875	0.3	0.0	1	89782	n/a
43.84716796875	0.3	1.0	2	89799	n/a
43.85595703125	0.3	0.0	1	89817	n/a
43.8642578125	0.3	0.0	1	89834	n/a
43.87255859375	0.3	1.0	2	89851	n/a
43.880859375	0.3	1.0	2	89868	n/a
43.88916015625	0.3	0.0	1	89885	n/a
43.8974609375	0.3	0.0	1	89902	n/a
43.90576171875	0.3	1.0	2	89919	n/a
43.9140625	0.3	1.0	2	89936	n/a
43.92236328125	0.3	0.0	1	89953	n/a
43.9306640625	0.3	0.0	1	89970	n/a
43.93896484375	0.3	1.0	2	89987	n/a
43.947265625	0.3	1.0	2	90004	n/a
43.95556640625	0.3	0.0	1	90021	n/a
43.9638671875	0.3	1.0	2	90038	n/a
43.97216796875	0.3	0.0	1	90055	n/a
43.98095703125	0.3	1.0	2	90073	n/a
43.9892578125	0.3	0.0	1	90090	n/a
43.99755859375	0.3	1.0	2	90107	n/a
44.005859375	0.3	0.0	1	90124	n/a
44.01416015625	0.3	0.0	1	90141	n/a
44.0224609375	0.3	1.0	2	90158	n/a
44.03076171875	0.3	0.0	1	90175	n/a
44.0390625	0.3	1.0	2	90192	n/a
44.04736328125	0.3	0.0	1	90209	n/a
44.0556640625	0.3	1.0	2	90226	n/a
44.06396484375	0.3	1.0	2	90243	n/a
44.072265625	0.3	0.0	1	90260	n/a
44.08056640625	0.3	0.0	1	90277	n/a
44.0888671875	0.3	1.0	2	90294	n/a
44.09716796875	0.3	0.0	1	90311	n/a
44.10595703125	0.3	1.0	2	90329	n/a
44.1142578125	0.3	0.0	1	90346	n/a
44.12255859375	0.3	1.0	2	90363	n/a
44.130859375	0.3	1.0	2	90380	n/a
44.13916015625	0.3	0.0	1	90397	n/a
44.1474609375	0.3	0.0	1	90414	n/a
44.15576171875	0.3	1.0	2	90431	n/a
44.1640625	0.3	0.0	1	90448	n/a
44.17236328125	0.3	1.0	2	90465	n/a
44.1806640625	0.3	0.0	1	90482	n/a
44.18896484375	0.3	1.0	2	90499	n/a
44.197265625	0.3	0.0	1	90516	n/a
44.20556640625	0.3	1.0	2	90533	n/a
44.2138671875	0.3	0.0	1	90550	n/a
44.22216796875	0.3	1.0	2	90567	n/a
44.23095703125	0.3	0.0	1	90585	n/a
44.2392578125	0.3	1.0	2	90602	n/a
44.24755859375	0.3	0.0	1	90619	n/a
44.255859375	0.3	1.0	2	90636	n/a
44.26416015625	0.3	0.0	1	90653	n/a
44.2724609375	0.3	1.0	2	90670	n/a
44.28076171875	0.3	0.0	1	90687	n/a
44.2890625	0.3	1.0	2	90704	n/a
44.29736328125	0.3	0.0	1	90721	n/a
44.3056640625	0.3	1.0	2	90738	n/a
44.31396484375	0.3	1.0	2	90755	n/a
44.322265625	0.3	0.0	1	90772	n/a
44.33056640625	0.3	0.0	1	90789	n/a
44.3388671875	0.3	1.0	2	90806	n/a
44.34716796875	0.3	0.0	1	90823	n/a
44.35595703125	0.3	1.0	2	90841	n/a
44.3642578125	0.3	0.0	1	90858	n/a
44.37255859375	0.3	1.0	2	90875	n/a
44.380859375	0.3	1.0	2	90892	n/a
44.38916015625	0.3	0.0	1	90909	n/a
44.3974609375	0.3	1.0	2	90926	n/a
44.40576171875	0.3	0.0	1	90943	n/a
44.4140625	0.3	0.0	1	90960	n/a
44.42236328125	0.3	1.0	2	90977	n/a
44.4306640625	0.3	0.0	1	90994	n/a
44.43896484375	0.3	1.0	2	91011	n/a
44.447265625	0.3	0.0	1	91028	n/a
44.45556640625	0.3	1.0	2	91045	n/a
44.4638671875	0.3	0.0	1	91062	n/a
44.47216796875	0.3	1.0	2	91079	n/a
44.48095703125	0.3	0.0	1	91097	n/a
44.4892578125	0.3	1.0	2	91114	n/a
44.49755859375	0.3	0.0	1	91131	n/a
44.505859375	0.3	1.0	2	91148	n/a
44.51416015625	0.3	1.0	2	91165	n/a
44.5224609375	0.3	0.0	1	91182	n/a
44.53076171875	0.3	0.0	1	91199	n/a
44.5390625	0.3	1.0	2	91216	n/a
44.54736328125	0.3	0.0	1	91233	n/a
44.5556640625	0.3	1.0	2	91250	n/a
44.56396484375	0.3	1.0	2	91267	n/a
44.572265625	0.3	0.0	1	91284	n/a
44.58056640625	0.3	0.0	1	91301	n/a
44.5888671875	0.3	1.0	2	91318	n/a
44.59716796875	0.3	1.0	2	91335	n/a
44.60595703125	0.3	0.0	1	91353	n/a
44.6142578125	0.3	0.0	1	91370	n/a
44.62255859375	0.3	1.0	2	91387	n/a
44.630859375	0.3	1.0	2	91404	n/a
44.63916015625	0.3	0.0	1	91421	n/a
44.6474609375	0.3	0.0	1	91438	n/a
44.65576171875	0.3	1.0	2	91455	n/a
44.6640625	0.3	1.0	2	91472	n/a
44.67236328125	0.3	0.0	1	91489	n/a
44.6806640625	0.3	0.0	1	91506	n/a
44.68896484375	0.3	1.0	2	91523	n/a
44.697265625	0.3	0.0	1	91540	n/a
44.70556640625	0.3	1.0	2	91557	n/a
44.7138671875	0.3	1.0	2	91574	n/a
44.72216796875	0.3	0.0	1	91591	n/a
44.73095703125	0.3	0.0	1	91609	n/a
44.7392578125	0.3	1.0	2	91626	n/a
44.74755859375	0.3	0.0	1	91643	n/a
44.755859375	0.3	1.0	2	91660	n/a
44.76416015625	0.3	0.0	1	91677	n/a
44.7724609375	0.3	1.0	2	91694	n/a
44.78076171875	0.3	1.0	2	91711	n/a
44.7890625	0.3	0.0	1	91728	n/a
44.79736328125	0.3	1.0	2	91745	n/a
44.8056640625	0.3	0.0	1	91762	n/a
44.81396484375	0.3	1.0	2	91779	n/a
44.822265625	0.3	0.0	1	91796	n/a
44.83056640625	0.3	0.0	1	91813	n/a
44.8388671875	0.3	1.0	2	91830	n/a
44.84716796875	0.3	1.0	2	91847	n/a
44.85595703125	0.3	0.0	1	91865	n/a
44.8642578125	0.3	0.0	1	91882	n/a
44.87255859375	0.3	1.0	2	91899	n/a
44.880859375	0.3	1.0	2	91916	n/a
44.88916015625	0.3	0.0	1	91933	n/a
44.8974609375	0.3	1.0	2	91950	n/a
44.90576171875	0.3	0.0	1	91967	n/a
44.9140625	0.3	0.0	1	91984	n/a
44.92236328125	0.3	1.0	2	92001	n/a
44.9306640625	0.3	1.0	2	92018	n/a
44.93896484375	0.3	0.0	1	92035	n/a
44.947265625	0.3	0.0	1	92052	n/a
44.95556640625	0.3	1.0	2	92069	n/a
44.9638671875	0.3	1.0	2	92086	n/a
44.97216796875	0.3	0.0	1	92103	n/a
44.98095703125	0.3	0.0	1	92121	n/a
44.9892578125	0.3	1.0	2	92138	n/a
44.99755859375	0.3	1.0	2	92155	n/a
45.005859375	0.3	0.0	1	92172	n/a
45.01416015625	0.3	1.0	2	92189	n/a
45.0224609375	0.3	0.0	1	92206	n/a
45.03076171875	0.3	1.0	2	92223	n/a
45.0390625	0.3	0.0	1	92240	n/a
45.04736328125	0.3	1.0	2	92257	n/a
45.0556640625	0.3	0.0	1	92274	n/a
45.06396484375	0.3	0.0	1	92291	n/a
45.072265625	0.3	1.0	2	92308	n/a
45.08056640625	0.3	0.0	1	92325	n/a
45.0888671875	0.3	1.0	2	92342	n/a
45.09716796875	0.3	0.0	1	92359	n/a
45.10595703125	0.3	1.0	2	92377	n/a
45.1142578125	0.3	1.0	2	92394	n/a
45.12255859375	0.3	0.0	1	92411	n/a
45.130859375	0.3	0.0	1	92428	n/a
45.13916015625	0.3	1.0	2	92445	n/a
45.1474609375	0.3	0.0	1	92462	n/a
45.15576171875	0.3	1.0	2	92479	n/a
45.1640625	0.3	0.0	1	92496	n/a
45.17236328125	0.3	1.0	2	92513	n/a
45.1806640625	0.3	1.0	2	92530	n/a
45.18896484375	0.3	0.0	1	92547	n/a
45.197265625	0.3	0.0	1	92564	n/a
45.20556640625	0.3	1.0	2	92581	n/a
45.2138671875	0.3	0.0	1	92598	n/a
45.22216796875	0.3	1.0	2	92615	n/a
45.23095703125	0.3	0.0	1	92633	n/a
45.2392578125	0.3	1.0	2	92650	n/a
45.24755859375	0.3	0.0	1	92667	n/a
45.255859375	0.3	1.0	2	92684	n/a
45.26416015625	0.3	0.0	1	92701	n/a
45.2724609375	0.3	1.0	2	92718	n/a
45.28076171875	0.3	0.0	1	92735	n/a
45.2890625	0.3	1.0	2	92752	n/a
45.29736328125	0.3	0.0	1	92769	n/a
45.3056640625	0.3	1.0	2	92786	n/a
45.31396484375	0.3	0.0	1	92803	n/a
45.322265625	0.3	1.0	2	92820	n/a
45.33056640625	0.3	0.0	1	92837	n/a
45.3388671875	0.3	1.0	2	92854	n/a
45.34716796875	0.3	0.0	1	92871	n/a
45.35595703125	0.3	1.0	2	92889	n/a
45.3642578125	0.3	1.0	2	92906	n/a
45.37255859375	0.3	0.0	1	92923	n/a
45.380859375	0.3	0.0	1	92940	n/a
45.38916015625	0.3	1.0	2	92957	n/a
45.3974609375	0.3	0.0	1	92974	n/a
45.40576171875	0.3	1.0	2	92991	n/a
45.4140625	0.3	0.0	1	93008	n/a
45.42236328125	0.3	1.0	2	93025	n/a
45.4306640625	0.3	1.0	2	93042	n/a
45.43896484375	0.3	0.0	1	93059	n/a
45.447265625	0.3	1.0	2	93076	n/a
45.45556640625	0.3	0.0	1	93093	n/a
45.4638671875	0.3	0.0	1	93110	n/a
45.47216796875	0.3	1.0	2	93127	n/a
45.48095703125	0.3	0.0	1	93145	n/a
45.4892578125	0.3	1.0	2	93162	n/a
45.49755859375	0.3	0.0	1	93179	n/a
45.505859375	0.3	1.0	2	93196	n/a
45.51416015625	0.3	0.0	1	93213	n/a
45.5224609375	0.3	1.0	2	93230	n/a
45.53076171875	0.3	0.0	1	93247	n/a
45.5390625	0.3	1.0	2	93264	n/a
45.54736328125	0.3	0.0	1	93281	n/a
45.5556640625	0.3	1.0	2	93298	n/a
45.56396484375	0.3	1.0	2	93315	n/a
45.572265625	0.3	0.0	1	93332	n/a
45.58056640625	0.3	0.0	1	93349	n/a
45.5888671875	0.3	1.0	2	93366	n/a
45.59716796875	0.3	0.0	1	93383	n/a
45.60595703125	0.3	1.0	2	93401	n/a
45.6142578125	0.3	1.0	2	93418	n/a
45.62255859375	0.3	0.0	1	93435	n/a
45.630859375	0.3	0.0	1	93452	n/a
45.63916015625	0.3	1.0	2	93469	n/a
45.6474609375	0.3	1.0	2	93486	n/a
45.65576171875	0.3	0.0	1	93503	n/a
45.6640625	0.3	0.0	1	93520	n/a
45.67236328125	0.3	1.0	2	93537	n/a
45.6806640625	0.3	1.0	2	93554	n/a
45.68896484375	0.3	0.0	1	93571	n/a
45.697265625	0.3	0.0	1	93588	n/a
45.70556640625	0.3	1.0	2	93605	n/a
45.7138671875	0.3	1.0	2	93622	n/a
45.72216796875	0.3	0.0	1	93639	n/a
45.73095703125	0.3	0.0	1	93657	n/a
45.7392578125	0.3	1.0	2	93674	n/a
45.74755859375	0.3	0.0	1	93691	n/a
45.755859375	0.3	1.0	2	93708	n/a
45.76416015625	0.3	1.0	2	93725	n/a
45.7724609375	0.3	0.0	1	93742	n/a
45.78076171875	0.3	0.0	1	93759	n/a
45.7890625	0.3	1.0	2	93776	n/a
45.79736328125	0.3	0.0	1	93793	n/a
45.8056640625	0.3	1.0	2	93810	n/a
45.81396484375	0.3	0.0	1	93827	n/a
45.822265625	0.3	1.0	2	93844	n/a
45.83056640625	0.3	1.0	2	93861	n/a
45.8388671875	0.3	0.0	1	93878	n/a
45.84716796875	0.3	1.0	2	93895	n/a
45.85595703125	0.3	0.0	1	93913	n/a
45.8642578125	0.3	1.0	2	93930	n/a
45.87255859375	0.3	0.0	1	93947	n/a
45.880859375	0.3	0.0	1	93964	n/a
45.88916015625	0.3	1.0	2	93981	n/a
45.8974609375	0.3	1.0	2	93998	n/a
45.90576171875	0.3	0.0	1	94015	n/a
45.9140625	0.3	0.0	1	94032	n/a
45.92236328125	0.3	1.0	2	94049	n/a
45.9306640625	0.3	1.0	2	94066	n/a
45.93896484375	0.3	0.0	1	94083	n/a
45.947265625	0.3	1.0	2	94100	n/a
45.95556640625	0.3	0.0	1	94117	n/a
45.9638671875	0.3	0.0	1	94134	n/a
45.97216796875	0.3	1.0	2	94151	n/a
45.98095703125	0.3	1.0	2	94169	n/a
45.9892578125	0.3	0.0	1	94186	n/a
45.99755859375	0.3	0.0	1	94203	n/a
46.005859375	0.3	1.0	2	94220	n/a
46.01416015625	0.3	1.0	2	94237	n/a
46.0224609375	0.3	0.0	1	94254	n/a
46.03076171875	0.3	0.0	1	94271	n/a
46.0390625	0.3	1.0	2	94288	n/a
46.04736328125	0.3	1.0	2	94305	n/a
46.0556640625	0.3	0.0	1	94322	n/a
46.06396484375	0.3	1.0	2	94339	n/a
46.072265625	0.3	0.0	1	94356	n/a
46.08056640625	0.3	1.0	2	94373	n/a
46.0888671875	0.3	0.0	1	94390	n/a
46.09716796875	0.3	1.0	2	94407	n/a
46.10595703125	0.3	0.0	1	94425	n/a
46.1142578125	0.3	0.0	1	94442	n/a
46.12255859375	0.3	1.0	2	94459	n/a
46.130859375	0.3	0.0	1	94476	n/a
46.13916015625	0.3	1.0	2	94493	n/a
46.1474609375	0.3	0.0	1	94510	n/a
46.15576171875	0.3	1.0	2	94527	n/a
46.1640625	0.3	1.0	2	94544	n/a
46.17236328125	0.3	0.0	1	94561	n/a
46.1806640625	0.3	0.0	1	94578	n/a
46.18896484375	0.3	1.0	2	94595	n/a
46.197265625	0.3	0.0	1	94612	n/a
46.20556640625	0.3	1.0	2	94629	n/a
46.2138671875	0.3	0.0	1	94646	n/a
46.22216796875	0.3	1.0	2	94663	n/a
46.23095703125	0.3	1.0	2	94681	n/a
46.2392578125	0.3	0.0	1	94698	n/a
46.24755859375	0.3	0.0	1	94715	n/a
46.255859375	0.3	1.0	2	94732	n/a
46.26416015625	0.3	0.0	1	94749	n/a
46.2724609375	0.3	1.0	2	94766	n/a
46.28076171875	0.3	0.0	1	94783	n/a
46.2890625	0.3	1.0	2	94800	n/a
46.29736328125	0.3	0.0	1	94817	n/a
46.3056640625	0.3	1.0	2	94834	n/a
46.31396484375	0.3	0.0	1	94851	n/a
46.322265625	0.3	1.0	2	94868	n/a
46.33056640625	0.3	0.0	1	94885	n/a
46.3388671875	0.3	1.0	2	94902	n/a
46.34716796875	0.3	0.0	1	94919	n/a
46.35595703125	0.3	1.0	2	94937	n/a
46.3642578125	0.3	0.0	1	94954	n/a
46.37255859375	0.3	1.0	2	94971	n/a
46.380859375	0.3	0.0	1	94988	n/a
46.38916015625	0.3	1.0	2	95005	n/a
46.3974609375	0.3	0.0	1	95022	n/a
46.40576171875	0.3	1.0	2	95039	n/a
46.4140625	0.3	1.0	2	95056	n/a
46.42236328125	0.3	0.0	1	95073	n/a
46.4306640625	0.3	0.0	1	95090	n/a
46.43896484375	0.3	1.0	2	95107	n/a
46.447265625	0.3	0.0	1	95124	n/a
46.45556640625	0.3	1.0	2	95141	n/a
46.4638671875	0.3	0.0	1	95158	n/a
46.47216796875	0.3	1.0	2	95175	n/a
46.48095703125	0.3	1.0	2	95193	n/a
46.4892578125	0.3	0.0	1	95210	n/a
46.49755859375	0.3	1.0	2	95227	n/a
46.505859375	0.3	0.0	1	95244	n/a
46.51416015625	0.3	0.0	1	95261	n/a
46.5224609375	0.3	1.0	2	95278	n/a
46.53076171875	0.3	0.0	1	95295	n/a
46.5390625	0.3	1.0	2	95312	n/a
46.54736328125	0.3	0.0	1	95329	n/a
46.5556640625	0.3	1.0	2	95346	n/a
46.56396484375	0.3	0.0	1	95363	n/a
46.572265625	0.3	1.0	2	95380	n/a
46.58056640625	0.3	0.0	1	95397	n/a
46.5888671875	0.3	1.0	2	95414	n/a
46.59716796875	0.3	0.0	1	95431	n/a
46.60595703125	0.3	1.0	2	95449	n/a
46.6142578125	0.3	1.0	2	95466	n/a
46.62255859375	0.3	0.0	1	95483	n/a
46.630859375	0.3	0.0	1	95500	n/a
46.63916015625	0.3	1.0	2	95517	n/a
46.6474609375	0.3	0.0	1	95534	n/a
46.65576171875	0.3	1.0	2	95551	n/a
46.6640625	0.3	1.0	2	95568	n/a
46.67236328125	0.3	0.0	1	95585	n/a
46.6806640625	0.3	0.0	1	95602	n/a
46.68896484375	0.3	1.0	2	95619	n/a
46.697265625	0.3	1.0	2	95636	n/a
46.70556640625	0.3	0.0	1	95653	n/a
46.7138671875	0.3	0.0	1	95670	n/a
46.72216796875	0.3	1.0	2	95687	n/a
46.73095703125	0.3	1.0	2	95705	n/a
46.7392578125	0.3	0.0	1	95722	n/a
46.74755859375	0.3	0.0	1	95739	n/a
46.755859375	0.3	1.0	2	95756	n/a
46.76416015625	0.3	1.0	2	95773	n/a
46.7724609375	0.3	0.0	1	95790	n/a
46.78076171875	0.3	0.0	1	95807	n/a
46.7890625	0.3	1.0	2	95824	n/a
46.79736328125	0.3	0.0	1	95841	n/a
46.8056640625	0.3	1.0	2	95858	n/a
46.81396484375	0.3	1.0	2	95875	n/a
46.822265625	0.3	0.0	1	95892	n/a
46.83056640625	0.3	0.0	1	95909	n/a
46.8388671875	0.3	1.0	2	95926	n/a
46.84716796875	0.3	0.0	1	95943	n/a
46.85595703125	0.3	1.0	2	95961	n/a
46.8642578125	0.3	0.0	1	95978	n/a
46.87255859375	0.3	1.0	2	95995	n/a
46.880859375	0.3	1.0	2	96012	n/a
46.88916015625	0.3	0.0	1	96029	n/a
46.8974609375	0.3	1.0	2	96046	n/a
46.90576171875	0.3	0.0	1	96063	n/a
46.9140625	0.3	1.0	2	96080	n/a
46.92236328125	0.3	0.0	1	96097	n/a
46.9306640625	0.3	0.0	1	96114	n/a
46.93896484375	0.3	1.0	2	96131	n/a
46.947265625	0.3	1.0	2	96148	n/a
46.95556640625	0.3	0.0	1	96165	n/a
46.9638671875	0.3	0.0	1	96182	n/a
46.97216796875	0.3	1.0	2	96199	n/a
46.98095703125	0.3	1.0	2	96217	n/a
46.9892578125	0.3	0.0	1	96234	n/a
46.99755859375	0.3	1.0	2	96251	n/a
47.005859375	0.3	0.0	1	96268	n/a
47.01416015625	0.3	0.0	1	96285	n/a
47.0224609375	0.3	1.0	2	96302	n/a
47.03076171875	0.3	1.0	2	96319	n/a
47.0390625	0.3	0.0	1	96336	n/a
47.04736328125	0.3	0.0	1	96353	n/a
47.0556640625	0.3	1.0	2	96370	n/a
47.06396484375	0.3	1.0	2	96387	n/a
47.072265625	0.3	0.0	1	96404	n/a
47.08056640625	0.3	0.0	1	96421	n/a
47.0888671875	0.3	1.0	2	96438	n/a
47.09716796875	0.3	1.0	2	96455	n/a
47.10595703125	0.3	0.0	1	96473	n/a
49.4970703125	0.3	1.0	2	101370	32.0
49.50537109375	0.3	0.0	1	101387	n/a
49.513671875	0.3	0.0	1	101404	n/a
49.52197265625	0.3	1.0	2	101421	n/a
49.5302734375	0.3	0.0	1	101438	n/a
49.53857421875	0.3	1.0	2	101455	n/a
49.546875	0.3	1.0	2	101472	n/a
49.55517578125	0.3	0.0	1	101489	n/a
49.56396484375	0.3	0.0	1	101507	n/a
49.572265625	0.3	1.0	2	101524	n/a
49.58056640625	0.3	1.0	2	101541	n/a
49.5888671875	0.3	0.0	1	101558	n/a
49.59716796875	0.3	1.0	2	101575	n/a
49.60546875	0.3	0.0	1	101592	n/a
49.61376953125	0.3	1.0	2	101609	n/a
49.6220703125	0.3	0.0	1	101626	n/a
49.63037109375	0.3	1.0	2	101643	n/a
49.638671875	0.3	0.0	1	101660	n/a
49.64697265625	0.3	0.0	1	101677	n/a
49.6552734375	0.3	1.0	2	101694	n/a
49.66357421875	0.3	0.0	1	101711	n/a
49.671875	0.3	1.0	2	101728	n/a
49.68017578125	0.3	0.0	1	101745	n/a
49.68896484375	0.3	1.0	2	101763	n/a
49.697265625	0.3	0.0	1	101780	n/a
49.70556640625	0.3	1.0	2	101797	n/a
49.7138671875	0.3	1.0	2	101814	n/a
49.72216796875	0.3	0.0	1	101831	n/a
49.73046875	0.3	1.0	2	101848	n/a
49.73876953125	0.3	0.0	1	101865	n/a
49.7470703125	0.3	0.0	1	101882	n/a
49.75537109375	0.3	1.0	2	101899	n/a
49.763671875	0.3	1.0	2	101916	n/a
49.77197265625	0.3	0.0	1	101933	n/a
49.7802734375	0.3	1.0	2	101950	n/a
49.78857421875	0.3	0.0	1	101967	n/a
49.796875	0.3	0.0	1	101984	n/a
49.80517578125	0.3	1.0	2	102001	n/a
49.81396484375	0.3	0.0	1	102019	n/a
49.822265625	0.3	1.0	2	102036	n/a
49.83056640625	0.3	0.0	1	102053	n/a
49.8388671875	0.3	1.0	2	102070	n/a
49.84716796875	0.3	0.0	1	102087	n/a
49.85546875	0.3	1.0	2	102104	n/a
49.86376953125	0.3	0.0	1	102121	n/a
49.8720703125	0.3	1.0	2	102138	n/a
49.88037109375	0.3	0.0	1	102155	n/a
49.888671875	0.3	1.0	2	102172	n/a
49.89697265625	0.3	1.0	2	102189	n/a
49.9052734375	0.3	0.0	1	102206	n/a
49.91357421875	0.3	1.0	2	102223	n/a
49.921875	0.3	0.0	1	102240	n/a
49.93017578125	0.3	1.0	2	102257	n/a
49.93896484375	0.3	0.0	1	102275	n/a
49.947265625	0.3	0.0	1	102292	n/a
49.95556640625	0.3	1.0	2	102309	n/a
49.9638671875	0.3	0.0	1	102326	n/a
49.97216796875	0.3	1.0	2	102343	n/a
49.98046875	0.3	1.0	2	102360	n/a
49.98876953125	0.3	0.0	1	102377	n/a
49.9970703125	0.3	1.0	2	102394	n/a
50.00537109375	0.3	0.0	1	102411	n/a
50.013671875	0.3	1.0	2	102428	n/a
50.02197265625	0.3	0.0	1	102445	n/a
50.0302734375	0.3	0.0	1	102462	n/a
50.03857421875	0.3	1.0	2	102479	n/a
50.046875	0.3	1.0	2	102496	n/a
50.05517578125	0.3	0.0	1	102513	n/a
50.06396484375	0.3	0.0	1	102531	n/a
50.072265625	0.3	1.0	2	102548	n/a
50.08056640625	0.3	0.0	1	102565	n/a
50.0888671875	0.3	1.0	2	102582	n/a
50.09716796875	0.3	1.0	2	102599	n/a
50.10546875	0.3	0.0	1	102616	n/a
50.11376953125	0.3	1.0	2	102633	n/a
50.1220703125	0.3	0.0	1	102650	n/a
50.13037109375	0.3	1.0	2	102667	n/a
50.138671875	0.3	0.0	1	102684	n/a
50.14697265625	0.3	1.0	2	102701	n/a
50.1552734375	0.3	0.0	1	102718	n/a
50.16357421875	0.3	0.0	1	102735	n/a
50.171875	0.3	1.0	2	102752	n/a
50.18017578125	0.3	1.0	2	102769	n/a
50.18896484375	0.3	0.0	1	102787	n/a
50.197265625	0.3	0.0	1	102804	n/a
50.20556640625	0.3	1.0	2	102821	n/a
50.2138671875	0.3	1.0	2	102838	n/a
50.22216796875	0.3	0.0	1	102855	n/a
50.23046875	0.3	1.0	2	102872	n/a
50.23876953125	0.3	0.0	1	102889	n/a
50.2470703125	0.3	1.0	2	102906	n/a
50.25537109375	0.3	0.0	1	102923	n/a
50.263671875	0.3	0.0	1	102940	n/a
50.27197265625	0.3	1.0	2	102957	n/a
50.2802734375	0.3	1.0	2	102974	n/a
50.28857421875	0.3	0.0	1	102991	n/a
50.296875	0.3	0.0	1	103008	n/a
50.30517578125	0.3	1.0	2	103025	n/a
50.31396484375	0.3	0.0	1	103043	n/a
50.322265625	0.3	1.0	2	103060	n/a
50.33056640625	0.3	1.0	2	103077	n/a
50.3388671875	0.3	0.0	1	103094	n/a
50.34716796875	0.3	0.0	1	103111	n/a
50.35546875	0.3	1.0	2	103128	n/a
50.36376953125	0.3	0.0	1	103145	n/a
50.3720703125	0.3	1.0	2	103162	n/a
50.38037109375	0.3	1.0	2	103179	n/a
50.388671875	0.3	0.0	1	103196	n/a
50.39697265625	0.3	0.0	1	103213	n/a
50.4052734375	0.3	1.0	2	103230	n/a
50.41357421875	0.3	0.0	1	103247	n/a
50.421875	0.3	1.0	2	103264	n/a
50.43017578125	0.3	0.0	1	103281	n/a
50.43896484375	0.3	1.0	2	103299	n/a
50.447265625	0.3	0.0	1	103316	n/a
50.45556640625	0.3	1.0	2	103333	n/a
50.4638671875	0.3	1.0	2	103350	n/a
50.47216796875	0.3	0.0	1	103367	n/a
50.48046875	0.3	1.0	2	103384	n/a
50.48876953125	0.3	0.0	1	103401	n/a
50.4970703125	0.3	0.0	1	103418	n/a
50.50537109375	0.3	1.0	2	103435	n/a
50.513671875	0.3	1.0	2	103452	n/a
50.52197265625	0.3	0.0	1	103469	n/a
50.5302734375	0.3	0.0	1	103486	n/a
50.53857421875	0.3	1.0	2	103503	n/a
50.546875	0.3	1.0	2	103520	n/a
50.55517578125	0.3	0.0	1	103537	n/a
50.56396484375	0.3	0.0	1	103555	n/a
50.572265625	0.3	1.0	2	103572	n/a
50.58056640625	0.3	0.0	1	103589	n/a
50.5888671875	0.3	1.0	2	103606	n/a
50.59716796875	0.3	1.0	2	103623	n/a
50.60546875	0.3	0.0	1	103640	n/a
50.61376953125	0.3	0.0	1	103657	n/a
50.6220703125	0.3	1.0	2	103674	n/a
50.63037109375	0.3	1.0	2	103691	n/a
50.638671875	0.3	0.0	1	103708	n/a
50.64697265625	0.3	1.0	2	103725	n/a
50.6552734375	0.3	0.0	1	103742	n/a
50.66357421875	0.3	1.0	2	103759	n/a
50.671875	0.3	0.0	1	103776	n/a
50.68017578125	0.3	1.0	2	103793	n/a
50.68896484375	0.3	0.0	1	103811	n/a
50.697265625	0.3	0.0	1	103828	n/a
50.70556640625	0.3	1.0	2	103845	n/a
50.7138671875	0.3	0.0	1	103862	n/a
50.72216796875	0.3	1.0	2	103879	n/a
50.73046875	0.3	0.0	1	103896	n/a
50.73876953125	0.3	1.0	2	103913	n/a
50.7470703125	0.3	0.0	1	103930	n/a
50.75537109375	0.3	1.0	2	103947	n/a
50.763671875	0.3	1.0	2	103964	n/a
50.77197265625	0.3	0.0	1	103981	n/a
50.7802734375	0.3	1.0	2	103998	n/a
50.78857421875	0.3	0.0	1	104015	n/a
50.796875	0.3	0.0	1	104032	n/a
50.80517578125	0.3	1.0	2	104049	n/a
50.81396484375	0.3	1.0	2	104067	n/a
50.822265625	0.3	0.0	1	104084	n/a
50.83056640625	0.3	1.0	2	104101	n/a
50.8388671875	0.3	0.0	1	104118	n/a
50.84716796875	0.3	0.0	1	104135	n/a
50.85546875	0.3	1.0	2	104152	n/a
50.86376953125	0.3	0.0	1	104169	n/a
50.8720703125	0.3	1.0	2	104186	n/a
50.88037109375	0.3	0.0	1	104203	n/a
50.888671875	0.3	1.0	2	104220	n/a
50.89697265625	0.3	0.0	1	104237	n/a
50.9052734375	0.3	1.0	2	104254	n/a
50.91357421875	0.3	0.0	1	104271	n/a
50.921875	0.3	1.0	2	104288	n/a
50.93017578125	0.3	0.0	1	104305	n/a
50.93896484375	0.3	1.0	2	104323	n/a
50.947265625	0.3	1.0	2	104340	n/a
50.95556640625	0.3	0.0	1	104357	n/a
50.9638671875	0.3	1.0	2	104374	n/a
50.97216796875	0.3	0.0	1	104391	n/a
50.98046875	0.3	1.0	2	104408	n/a
50.98876953125	0.3	0.0	1	104425	n/a
50.9970703125	0.3	0.0	1	104442	n/a
51.00537109375	0.3	1.0	2	104459	n/a
51.013671875	0.3	0.0	1	104476	n/a
51.02197265625	0.3	1.0	2	104493	n/a
51.0302734375	0.3	1.0	2	104510	n/a
51.03857421875	0.3	0.0	1	104527	n/a
51.046875	0.3	1.0	2	104544	n/a
51.05517578125	0.3	0.0	1	104561	n/a
51.06396484375	0.3	1.0	2	104579	n/a
51.072265625	0.3	0.0	1	104596	n/a
51.08056640625	0.3	0.0	1	104613	n/a
51.0888671875	0.3	1.0	2	104630	n/a
51.09716796875	0.3	1.0	2	104647	n/a
51.10546875	0.3	0.0	1	104664	n/a
51.11376953125	0.3	0.0	1	104681	n/a
51.1220703125	0.3	1.0	2	104698	n/a
51.13037109375	0.3	0.0	1	104715	n/a
51.138671875	0.3	1.0	2	104732	n/a
51.14697265625	0.3	1.0	2	104749	n/a
51.1552734375	0.3	0.0	1	104766	n/a
51.16357421875	0.3	1.0	2	104783	n/a
51.171875	0.3	0.0	1	104800	n/a
51.18017578125	0.3	1.0	2	104817	n/a
51.18896484375	0.3	0.0	1	104835	n/a
51.197265625	0.3	1.0	2	104852	n/a
51.20556640625	0.3	0.0	1	104869	n/a
51.2138671875	0.3	0.0	1	104886	n/a
51.22216796875	0.3	1.0	2	104903	n/a
51.23046875	0.3	1.0	2	104920	n/a
51.23876953125	0.3	0.0	1	104937	n/a
51.2470703125	0.3	0.0	1	104954	n/a
51.25537109375	0.3	1.0	2	104971	n/a
51.263671875	0.3	1.0	2	104988	n/a
51.27197265625	0.3	0.0	1	105005	n/a
51.2802734375	0.3	1.0	2	105022	n/a
51.28857421875	0.3	0.0	1	105039	n/a
51.296875	0.3	1.0	2	105056	n/a
51.30517578125	0.3	0.0	1	105073	n/a
51.31396484375	0.3	0.0	1	105091	n/a
51.322265625	0.3	1.0	2	105108	n/a
51.33056640625	0.3	1.0	2	105125	n/a
51.3388671875	0.3	0.0	1	105142	n/a
51.34716796875	0.3	0.0	1	105159	n/a
51.35546875	0.3	1.0	2	105176	n/a
51.36376953125	0.3	0.0	1	105193	n/a
51.3720703125	0.3	1.0	2	105210	n/a
51.38037109375	0.3	1.0	2	105227	n/a
51.388671875	0.3	0.0	1	105244	n/a
51.39697265625	0.3	0.0	1	105261	n/a
51.4052734375	0.3	1.0	2	105278	n/a
51.41357421875	0.3	0.0	1	105295	n/a
51.421875	0.3	1.0	2	105312	n/a
51.43017578125	0.3	1.0	2	105329	n/a
51.43896484375	0.3	0.0	1	105347	n/a
51.447265625	0.3	0.0	1	105364	n/a
51.45556640625	0.3	1.0	2	105381	n/a
51.4638671875	0.3	0.0	1	105398	n/a
51.47216796875	0.3	1.0	2	105415	n/a
51.48046875	0.3	0.0	1	105432	n/a
51.48876953125	0.3	1.0	2	105449	n/a
51.4970703125	0.3	0.0	1	105466	n/a
51.50537109375	0.3	1.0	2	105483	n/a
51.513671875	0.3	1.0	2	105500	n/a
51.52197265625	0.3	0.0	1	105517	n/a
51.5302734375	0.3	1.0	2	105534	n/a
51.53857421875	0.3	0.0	1	105551	n/a
51.546875	0.3	0.0	1	105568	n/a
51.55517578125	0.3	1.0	2	105585	n/a
51.56396484375	0.3	1.0	2	105603	n/a
51.572265625	0.3	0.0	1	105620	n/a
51.58056640625	0.3	0.0	1	105637	n/a
51.5888671875	0.3	1.0	2	105654	n/a
51.59716796875	0.3	1.0	2	105671	n/a
51.60546875	0.3	0.0	1	105688	n/a
51.61376953125	0.3	0.0	1	105705	n/a
51.6220703125	0.3	1.0	2	105722	n/a
51.63037109375	0.3	0.0	1	105739	n/a
51.638671875	0.3	1.0	2	105756	n/a
51.64697265625	0.3	1.0	2	105773	n/a
51.6552734375	0.3	0.0	1	105790	n/a
51.66357421875	0.3	0.0	1	105807	n/a
51.671875	0.3	1.0	2	105824	n/a
51.68017578125	0.3	1.0	2	105841	n/a
51.68896484375	0.3	0.0	1	105859	n/a
51.697265625	0.3	1.0	2	105876	n/a
51.70556640625	0.3	0.0	1	105893	n/a
51.7138671875	0.3	1.0	2	105910	n/a
51.72216796875	0.3	0.0	1	105927	n/a
51.73046875	0.3	1.0	2	105944	n/a
51.73876953125	0.3	0.0	1	105961	n/a
51.7470703125	0.3	0.0	1	105978	n/a
51.75537109375	0.3	1.0	2	105995	n/a
51.763671875	0.3	0.0	1	106012	n/a
51.77197265625	0.3	1.0	2	106029	n/a
51.7802734375	0.3	0.0	1	106046	n/a
51.78857421875	0.3	1.0	2	106063	n/a
51.796875	0.3	0.0	1	106080	n/a
51.80517578125	0.3	1.0	2	106097	n/a
51.81396484375	0.3	1.0	2	106115	n/a
51.822265625	0.3	0.0	1	106132	n/a
51.83056640625	0.3	1.0	2	106149	n/a
51.8388671875	0.3	0.0	1	106166	n/a
51.84716796875	0.3	0.0	1	106183	n/a
51.85546875	0.3	1.0	2	106200	n/a
51.86376953125	0.3	1.0	2	106217	n/a
51.8720703125	0.3	0.0	1	106234	n/a
51.88037109375	0.3	1.0	2	106251	n/a
51.888671875	0.3	0.0	1	106268	n/a
51.89697265625	0.3	0.0	1	106285	n/a
51.9052734375	0.3	1.0	2	106302	n/a
51.91357421875	0.3	0.0	1	106319	n/a
51.921875	0.3	1.0	2	106336	n/a
51.93017578125	0.3	0.0	1	106353	n/a
51.93896484375	0.3	1.0	2	106371	n/a
51.947265625	0.3	0.0	1	106388	n/a
51.95556640625	0.3	1.0	2	106405	n/a
51.9638671875	0.3	0.0	1	106422	n/a
51.97216796875	0.3	1.0	2	106439	n/a
51.98046875	0.3	0.0	1	106456	n/a
51.98876953125	0.3	1.0	2	106473	n/a
51.9970703125	0.3	1.0	2	106490	n/a
52.00537109375	0.3	0.0	1	106507	n/a
52.013671875	0.3	1.0	2	106524	n/a
52.02197265625	0.3	0.0	1	106541	n/a
52.0302734375	0.3	1.0	2	106558	n/a
52.03857421875	0.3	0.0	1	106575	n/a
52.046875	0.3	0.0	1	106592	n/a
52.05517578125	0.3	1.0	2	106609	n/a
52.06396484375	0.3	0.0	1	106627	n/a
52.072265625	0.3	1.0	2	106644	n/a
52.08056640625	0.3	1.0	2	106661	n/a
52.0888671875	0.3	0.0	1	106678	n/a
52.09716796875	0.3	1.0	2	106695	n/a
52.10546875	0.3	0.0	1	106712	n/a
52.11376953125	0.3	1.0	2	106729	n/a
52.1220703125	0.3	0.0	1	106746	n/a
52.13037109375	0.3	0.0	1	106763	n/a
52.138671875	0.3	1.0	2	106780	n/a
52.14697265625	0.3	1.0	2	106797	n/a
52.1552734375	0.3	0.0	1	106814	n/a
52.16357421875	0.3	0.0	1	106831	n/a
52.171875	0.3	1.0	2	106848	n/a
52.18017578125	0.3	0.0	1	106865	n/a
52.18896484375	0.3	1.0	2	106883	n/a
52.197265625	0.3	1.0	2	106900	n/a
52.20556640625	0.3	0.0	1	106917	n/a
52.2138671875	0.3	1.0	2	106934	n/a
52.22216796875	0.3	0.0	1	106951	n/a
52.23046875	0.3	1.0	2	106968	n/a
52.23876953125	0.3	0.0	1	106985	n/a
52.2470703125	0.3	1.0	2	107002	n/a
52.25537109375	0.3	0.0	1	107019	n/a
52.263671875	0.3	0.0	1	107036	n/a
52.27197265625	0.3	1.0	2	107053	n/a
52.2802734375	0.3	1.0	2	107070	n/a
52.28857421875	0.3	0.0	1	107087	n/a
52.296875	0.3	0.0	1	107104	n/a
52.30517578125	0.3	1.0	2	107121	n/a
52.31396484375	0.3	1.0	2	107139	n/a
52.322265625	0.3	0.0	1	107156	n/a
52.33056640625	0.3	1.0	2	107173	n/a
52.3388671875	0.3	0.0	1	107190	n/a
52.34716796875	0.3	1.0	2	107207	n/a
52.35546875	0.3	0.0	1	107224	n/a
52.36376953125	0.3	0.0	1	107241	n/a
52.3720703125	0.3	1.0	2	107258	n/a
52.38037109375	0.3	1.0	2	107275	n/a
52.388671875	0.3	0.0	1	107292	n/a
52.39697265625	0.3	0.0	1	107309	n/a
52.4052734375	0.3	1.0	2	107326	n/a
52.41357421875	0.3	0.0	1	107343	n/a
52.421875	0.3	1.0	2	107360	n/a
52.43017578125	0.3	1.0	2	107377	n/a
52.43896484375	0.3	0.0	1	107395	n/a
52.447265625	0.3	0.0	1	107412	n/a
52.45556640625	0.3	1.0	2	107429	n/a
52.4638671875	0.3	0.0	1	107446	n/a
52.47216796875	0.3	1.0	2	107463	n/a
52.48046875	0.3	1.0	2	107480	n/a
52.48876953125	0.3	0.0	1	107497	n/a
52.4970703125	0.3	0.0	1	107514	n/a
52.50537109375	0.3	1.0	2	107531	n/a
52.513671875	0.3	0.0	1	107548	n/a
52.52197265625	0.3	1.0	2	107565	n/a
52.5302734375	0.3	0.0	1	107582	n/a
52.53857421875	0.3	1.0	2	107599	n/a
52.546875	0.3	0.0	1	107616	n/a
52.55517578125	0.3	1.0	2	107633	n/a
52.56396484375	0.3	1.0	2	107651	n/a
52.572265625	0.3	0.0	1	107668	n/a
52.58056640625	0.3	1.0	2	107685	n/a
52.5888671875	0.3	0.0	1	107702	n/a
52.59716796875	0.3	0.0	1	107719	n/a
52.60546875	0.3	1.0	2	107736	n/a
52.61376953125	0.3	1.0	2	107753	n/a
52.6220703125	0.3	0.0	1	107770	n/a
52.63037109375	0.3	0.0	1	107787	n/a
52.638671875	0.3	1.0	2	107804	n/a
52.64697265625	0.3	1.0	2	107821	n/a
52.6552734375	0.3	0.0	1	107838	n/a
52.66357421875	0.3	0.0	1	107855	n/a
52.671875	0.3	1.0	2	107872	n/a
52.68017578125	0.3	0.0	1	107889	n/a
52.68896484375	0.3	1.0	2	107907	n/a
52.697265625	0.3	1.0	2	107924	n/a
52.70556640625	0.3	0.0	1	107941	n/a
52.7138671875	0.3	0.0	1	107958	n/a
52.72216796875	0.3	1.0	2	107975	n/a
52.73046875	0.3	1.0	2	107992	n/a
52.73876953125	0.3	0.0	1	108009	n/a
52.7470703125	0.3	1.0	2	108026	n/a
52.75537109375	0.3	0.0	1	108043	n/a
52.763671875	0.3	1.0	2	108060	n/a
52.77197265625	0.3	0.0	1	108077	n/a
52.7802734375	0.3	1.0	2	108094	n/a
52.78857421875	0.3	0.0	1	108111	n/a
52.796875	0.3	0.0	1	108128	n/a
52.80517578125	0.3	1.0	2	108145	n/a
52.81396484375	0.3	0.0	1	108163	n/a
52.822265625	0.3	1.0	2	108180	n/a
52.83056640625	0.3	0.0	1	108197	n/a
52.8388671875	0.3	1.0	2	108214	n/a
52.84716796875	0.3	0.0	1	108231	n/a
52.85546875	0.3	1.0	2	108248	n/a
52.86376953125	0.3	1.0	2	108265	n/a
52.8720703125	0.3	0.0	1	108282	n/a
52.88037109375	0.3	1.0	2	108299	n/a
52.888671875	0.3	0.0	1	108316	n/a
52.89697265625	0.3	0.0	1	108333	n/a
52.9052734375	0.3	1.0	2	108350	n/a
52.91357421875	0.3	1.0	2	108367	n/a
52.921875	0.3	0.0	1	108384	n/a
52.93017578125	0.3	1.0	2	108401	n/a
52.93896484375	0.3	0.0	1	108419	n/a
52.947265625	0.3	0.0	1	108436	n/a
52.95556640625	0.3	1.0	2	108453	n/a
52.9638671875	0.3	0.0	1	108470	n/a
52.97216796875	0.3	1.0	2	108487	n/a
52.98046875	0.3	0.0	1	108504	n/a
52.98876953125	0.3	1.0	2	108521	n/a
52.9970703125	0.3	0.0	1	108538	n/a
53.00537109375	0.3	1.0	2	108555	n/a
53.013671875	0.3	0.0	1	108572	n/a
53.02197265625	0.3	1.0	2	108589	n/a
53.0302734375	0.3	0.0	1	108606	n/a
53.03857421875	0.3	1.0	2	108623	n/a
53.046875	0.3	1.0	2	108640	n/a
53.05517578125	0.3	0.0	1	108657	n/a
53.06396484375	0.3	1.0	2	108675	n/a
53.072265625	0.3	0.0	1	108692	n/a
53.08056640625	0.3	1.0	2	108709	n/a
53.0888671875	0.3	0.0	1	108726	n/a
53.09716796875	0.3	0.0	1	108743	n/a
53.10546875	0.3	1.0	2	108760	n/a
53.11376953125	0.3	0.0	1	108777	n/a
53.1220703125	0.3	1.0	2	108794	n/a
53.13037109375	0.3	1.0	2	108811	n/a
53.138671875	0.3	0.0	1	108828	n/a
53.14697265625	0.3	1.0	2	108845	n/a
53.1552734375	0.3	0.0	1	108862	n/a
53.16357421875	0.3	1.0	2	108879	n/a
53.171875	0.3	0.0	1	108896	n/a
53.18017578125	0.3	0.0	1	108913	n/a
53.18896484375	0.3	1.0	2	108931	n/a
53.197265625	0.3	1.0	2	108948	n/a
53.20556640625	0.3	0.0	1	108965	n/a
53.2138671875	0.3	0.0	1	108982	n/a
53.22216796875	0.3	1.0	2	108999	n/a
53.23046875	0.3	0.0	1	109016	n/a
53.23876953125	0.3	1.0	2	109033	n/a
53.2470703125	0.3	1.0	2	109050	n/a
53.25537109375	0.3	0.0	1	109067	n/a
53.263671875	0.3	1.0	2	109084	n/a
53.27197265625	0.3	0.0	1	109101	n/a
53.2802734375	0.3	1.0	2	109118	n/a
53.28857421875	0.3	0.0	1	109135	n/a
53.296875	0.3	1.0	2	109152	n/a
53.30517578125	0.3	0.0	1	109169	n/a
53.31396484375	0.3	0.0	1	109187	n/a
53.322265625	0.3	1.0	2	109204	n/a
53.33056640625	0.3	1.0	2	109221	n/a
53.3388671875	0.3	0.0	1	109238	n/a
53.34716796875	0.3	0.0	1	109255	n/a
53.35546875	0.3	1.0	2	109272	n/a
53.36376953125	0.3	1.0	2	109289	n/a
53.3720703125	0.3	0.0	1	109306	n/a
53.38037109375	0.3	1.0	2	109323	n/a
53.388671875	0.3	0.0	1	109340	n/a
53.39697265625	0.3	1.0	2	109357	n/a
53.4052734375	0.3	0.0	1	109374	n/a
53.41357421875	0.3	0.0	1	109391	n/a
53.421875	0.3	1.0	2	109408	n/a
53.43017578125	0.3	1.0	2	109425	n/a
53.43896484375	0.3	0.0	1	109443	n/a
53.447265625	0.3	0.0	1	109460	n/a
53.45556640625	0.3	1.0	2	109477	n/a
53.4638671875	0.3	0.0	1	109494	n/a
53.47216796875	0.3	1.0	2	109511	n/a
53.48046875	0.3	1.0	2	109528	n/a
53.48876953125	0.3	0.0	1	109545	n/a
53.4970703125	0.3	0.0	1	109562	n/a
53.50537109375	0.3	1.0	2	109579	n/a
53.513671875	0.3	0.0	1	109596	n/a
53.52197265625	0.3	1.0	2	109613	n/a
53.5302734375	0.3	1.0	2	109630	n/a
53.53857421875	0.3	0.0	1	109647	n/a
53.546875	0.3	0.0	1	109664	n/a
53.55517578125	0.3	1.0	2	109681	n/a
53.56396484375	0.3	0.0	1	109699	n/a
53.572265625	0.3	1.0	2	109716	n/a
53.58056640625	0.3	0.0	1	109733	n/a
53.5888671875	0.3	1.0	2	109750	n/a
53.59716796875	0.3	0.0	1	109767	n/a
53.60546875	0.3	1.0	2	109784	n/a
53.61376953125	0.3	1.0	2	109801	n/a
53.6220703125	0.3	0.0	1	109818	n/a
53.63037109375	0.3	1.0	2	109835	n/a
53.638671875	0.3	0.0	1	109852	n/a
53.64697265625	0.3	0.0	1	109869	n/a
53.6552734375	0.3	1.0	2	109886	n/a
53.66357421875	0.3	1.0	2	109903	n/a
53.671875	0.3	0.0	1	109920	n/a
53.68017578125	0.3	0.0	1	109937	n/a
53.68896484375	0.3	1.0	2	109955	n/a
56.0732421875	0.3	1.0	2	114838	24.0
56.08154296875	0.3	0.0	1	114855	n/a
56.08984375	0.3	1.0	2	114872	n/a
56.09814453125	0.3	0.0	1	114889	n/a
56.1064453125	0.3	1.0	2	114906	n/a
56.11474609375	0.3	0.0	1	114923	n/a
56.123046875	0.3	0.0	1	114940	n/a
56.13134765625	0.3	1.0	2	114957	n/a
56.14013671875	0.3	0.0	1	114975	n/a
56.1484375	0.3	1.0	2	114992	n/a
56.15673828125	0.3	1.0	2	115009	n/a
56.1650390625	0.3	0.0	1	115026	n/a
56.17333984375	0.3	1.0	2	115043	n/a
56.181640625	0.3	0.0	1	115060	n/a
56.18994140625	0.3	1.0	2	115077	n/a
56.1982421875	0.3	0.0	1	115094	n/a
56.20654296875	0.3	1.0	2	115111	n/a
56.21484375	0.3	0.0	1	115128	n/a
56.22314453125	0.3	1.0	2	115145	n/a
56.2314453125	0.3	0.0	1	115162	n/a
56.23974609375	0.3	0.0	1	115179	n/a
56.248046875	0.3	1.0	2	115196	n/a
56.25634765625	0.3	1.0	2	115213	n/a
56.26513671875	0.3	0.0	1	115231	n/a
56.2734375	0.3	1.0	2	115248	n/a
56.28173828125	0.3	0.0	1	115265	n/a
56.2900390625	0.3	0.0	1	115282	n/a
56.29833984375	0.3	1.0	2	115299	n/a
56.306640625	0.3	0.0	1	115316	n/a
56.31494140625	0.3	1.0	2	115333	n/a
56.3232421875	0.3	1.0	2	115350	n/a
56.33154296875	0.3	0.0	1	115367	n/a
56.33984375	0.3	0.0	1	115384	n/a
56.34814453125	0.3	1.0	2	115401	n/a
56.3564453125	0.3	1.0	2	115418	n/a
56.36474609375	0.3	0.0	1	115435	n/a
56.373046875	0.3	0.0	1	115452	n/a
56.38134765625	0.3	1.0	2	115469	n/a
56.39013671875	0.3	1.0	2	115487	n/a
56.3984375	0.3	0.0	1	115504	n/a
56.40673828125	0.3	0.0	1	115521	n/a
56.4150390625	0.3	1.0	2	115538	n/a
56.42333984375	0.3	1.0	2	115555	n/a
56.431640625	0.3	0.0	1	115572	n/a
56.43994140625	0.3	0.0	1	115589	n/a
56.4482421875	0.3	1.0	2	115606	n/a
56.45654296875	0.3	1.0	2	115623	n/a
56.46484375	0.3	0.0	1	115640	n/a
56.47314453125	0.3	1.0	2	115657	n/a
56.4814453125	0.3	0.0	1	115674	n/a
56.48974609375	0.3	1.0	2	115691	n/a
56.498046875	0.3	0.0	1	115708	n/a
56.50634765625	0.3	1.0	2	115725	n/a
56.51513671875	0.3	0.0	1	115743	n/a
56.5234375	0.3	1.0	2	115760	n/a
56.53173828125	0.3	0.0	1	115777	n/a
56.5400390625	0.3	1.0	2	115794	n/a
56.54833984375	0.3	0.0	1	115811	n/a
56.556640625	0.3	1.0	2	115828	n/a
56.56494140625	0.3	0.0	1	115845	n/a
56.5732421875	0.3	1.0	2	115862	n/a
56.58154296875	0.3	0.0	1	115879	n/a
56.58984375	0.3	0.0	1	115896	n/a
56.59814453125	0.3	1.0	2	115913	n/a
56.6064453125	0.3	1.0	2	115930	n/a
56.61474609375	0.3	0.0	1	115947	n/a
56.623046875	0.3	0.0	1	115964	n/a
56.63134765625	0.3	1.0	2	115981	n/a
56.64013671875	0.3	1.0	2	115999	n/a
56.6484375	0.3	0.0	1	116016	n/a
56.65673828125	0.3	0.0	1	116033	n/a
56.6650390625	0.3	1.0	2	116050	n/a
56.67333984375	0.3	0.0	1	116067	n/a
56.681640625	0.3	1.0	2	116084	n/a
56.68994140625	0.3	0.0	1	116101	n/a
56.6982421875	0.3	1.0	2	116118	n/a
56.70654296875	0.3	0.0	1	116135	n/a
56.71484375	0.3	1.0	2	116152	n/a
56.72314453125	0.3	1.0	2	116169	n/a
56.7314453125	0.3	0.0	1	116186	n/a
56.73974609375	0.3	1.0	2	116203	n/a
56.748046875	0.3	0.0	1	116220	n/a
56.75634765625	0.3	1.0	2	116237	n/a
56.76513671875	0.3	0.0	1	116255	n/a
56.7734375	0.3	1.0	2	116272	n/a
56.78173828125	0.3	0.0	1	116289	n/a
56.7900390625	0.3	0.0	1	116306	n/a
56.79833984375	0.3	1.0	2	116323	n/a
56.806640625	0.3	1.0	2	116340	n/a
56.81494140625	0.3	0.0	1	116357	n/a
56.8232421875	0.3	0.0	1	116374	n/a
56.83154296875	0.3	1.0	2	116391	n/a
56.83984375	0.3	0.0	1	116408	n/a
56.84814453125	0.3	1.0	2	116425	n/a
56.8564453125	0.3	1.0	2	116442	n/a
56.86474609375	0.3	0.0	1	116459	n/a
56.873046875	0.3	1.0	2	116476	n/a
56.88134765625	0.3	0.0	1	116493	n/a
56.89013671875	0.3	1.0	2	116511	n/a
56.8984375	0.3	0.0	1	116528	n/a
56.90673828125	0.3	1.0	2	116545	n/a
56.9150390625	0.3	0.0	1	116562	n/a
56.92333984375	0.3	1.0	2	116579	n/a
56.931640625	0.3	0.0	1	116596	n/a
56.93994140625	0.3	1.0	2	116613	n/a
56.9482421875	0.3	0.0	1	116630	n/a
56.95654296875	0.3	1.0	2	116647	n/a
56.96484375	0.3	0.0	1	116664	n/a
56.97314453125	0.3	0.0	1	116681	n/a
56.9814453125	0.3	1.0	2	116698	n/a
56.98974609375	0.3	0.0	1	116715	n/a
56.998046875	0.3	1.0	2	116732	n/a
57.00634765625	0.3	1.0	2	116749	n/a
57.01513671875	0.3	0.0	1	116767	n/a
57.0234375	0.3	0.0	1	116784	n/a
57.03173828125	0.3	1.0	2	116801	n/a
57.0400390625	0.3	1.0	2	116818	n/a
57.04833984375	0.3	0.0	1	116835	n/a
57.056640625	0.3	0.0	1	116852	n/a
57.06494140625	0.3	1.0	2	116869	n/a
57.0732421875	0.3	0.0	1	116886	n/a
57.08154296875	0.3	1.0	2	116903	n/a
57.08984375	0.3	1.0	2	116920	n/a
57.09814453125	0.3	0.0	1	116937	n/a
57.1064453125	0.3	0.0	1	116954	n/a
57.11474609375	0.3	1.0	2	116971	n/a
57.123046875	0.3	1.0	2	116988	n/a
57.13134765625	0.3	0.0	1	117005	n/a
57.14013671875	0.3	1.0	2	117023	n/a
57.1484375	0.3	0.0	1	117040	n/a
57.15673828125	0.3	1.0	2	117057	n/a
57.1650390625	0.3	0.0	1	117074	n/a
57.17333984375	0.3	0.0	1	117091	n/a
57.181640625	0.3	1.0	2	117108	n/a
57.18994140625	0.3	0.0	1	117125	n/a
57.1982421875	0.3	1.0	2	117142	n/a
57.20654296875	0.3	1.0	2	117159	n/a
57.21484375	0.3	0.0	1	117176	n/a
57.22314453125	0.3	1.0	2	117193	n/a
57.2314453125	0.3	0.0	1	117210	n/a
57.23974609375	0.3	1.0	2	117227	n/a
57.248046875	0.3	0.0	1	117244	n/a
57.25634765625	0.3	1.0	2	117261	n/a
57.26513671875	0.3	0.0	1	117279	n/a
57.2734375	0.3	1.0	2	117296	n/a
57.28173828125	0.3	0.0	1	117313	n/a
57.2900390625	0.3	0.0	1	117330	n/a
57.29833984375	0.3	1.0	2	117347	n/a
57.306640625	0.3	1.0	2	117364	n/a
57.31494140625	0.3	0.0	1	117381	n/a
57.3232421875	0.3	1.0	2	117398	n/a
57.33154296875	0.3	0.0	1	117415	n/a
57.33984375	0.3	0.0	1	117432	n/a
57.34814453125	0.3	1.0	2	117449	n/a
57.3564453125	0.3	0.0	1	117466	n/a
57.36474609375	0.3	1.0	2	117483	n/a
57.373046875	0.3	1.0	2	117500	n/a
57.38134765625	0.3	0.0	1	117517	n/a
57.39013671875	0.3	0.0	1	117535	n/a
57.3984375	0.3	1.0	2	117552	n/a
57.40673828125	0.3	1.0	2	117569	n/a
57.4150390625	0.3	0.0	1	117586	n/a
57.42333984375	0.3	0.0	1	117603	n/a
57.431640625	0.3	1.0	2	117620	n/a
57.43994140625	0.3	1.0	2	117637	n/a
57.4482421875	0.3	0.0	1	117654	n/a
57.45654296875	0.3	0.0	1	117671	n/a
57.46484375	0.3	1.0	2	117688	n/a
57.47314453125	0.3	1.0	2	117705	n/a
57.4814453125	0.3	0.0	1	117722	n/a
57.48974609375	0.3	0.0	1	117739	n/a
57.498046875	0.3	1.0	2	117756	n/a
57.50634765625	0.3	1.0	2	117773	n/a
57.51513671875	0.3	0.0	1	117791	n/a
57.5234375	0.3	1.0	2	117808	n/a
57.53173828125	0.3	0.0	1	117825	n/a
57.5400390625	0.3	1.0	2	117842	n/a
57.54833984375	0.3	0.0	1	117859	n/a
57.556640625	0.3	1.0	2	117876	n/a
57.56494140625	0.3	0.0	1	117893	n/a
57.5732421875	0.3	1.0	2	117910	n/a
57.58154296875	0.3	0.0	1	117927	n/a
57.58984375	0.3	1.0	2	117944	n/a
57.59814453125	0.3	0.0	1	117961	n/a
57.6064453125	0.3	1.0	2	117978	n/a
57.61474609375	0.3	0.0	1	117995	n/a
57.623046875	0.3	1.0	2	118012	n/a
57.63134765625	0.3	0.0	1	118029	n/a
57.64013671875	0.3	0.0	1	118047	n/a
57.6484375	0.3	1.0	2	118064	n/a
57.65673828125	0.3	1.0	2	118081	n/a
57.6650390625	0.3	0.0	1	118098	n/a
57.67333984375	0.3	0.0	1	118115	n/a
57.681640625	0.3	1.0	2	118132	n/a
57.68994140625	0.3	1.0	2	118149	n/a
57.6982421875	0.3	0.0	1	118166	n/a
57.70654296875	0.3	0.0	1	118183	n/a
57.71484375	0.3	1.0	2	118200	n/a
57.72314453125	0.3	0.0	1	118217	n/a
57.7314453125	0.3	1.0	2	118234	n/a
57.73974609375	0.3	0.0	1	118251	n/a
57.748046875	0.3	1.0	2	118268	n/a
57.75634765625	0.3	0.0	1	118285	n/a
57.76513671875	0.3	1.0	2	118303	n/a
57.7734375	0.3	1.0	2	118320	n/a
57.78173828125	0.3	0.0	1	118337	n/a
57.7900390625	0.3	1.0	2	118354	n/a
57.79833984375	0.3	0.0	1	118371	n/a
57.806640625	0.3	1.0	2	118388	n/a
57.81494140625	0.3	0.0	1	118405	n/a
57.8232421875	0.3	1.0	2	118422	n/a
57.83154296875	0.3	0.0	1	118439	n/a
57.83984375	0.3	0.0	1	118456	n/a
57.84814453125	0.3	1.0	2	118473	n/a
57.8564453125	0.3	1.0	2	118490	n/a
57.86474609375	0.3	0.0	1	118507	n/a
57.873046875	0.3	0.0	1	118524	n/a
57.88134765625	0.3	1.0	2	118541	n/a
57.89013671875	0.3	0.0	1	118559	n/a
57.8984375	0.3	1.0	2	118576	n/a
57.90673828125	0.3	1.0	2	118593	n/a
57.9150390625	0.3	0.0	1	118610	n/a
57.92333984375	0.3	1.0	2	118627	n/a
57.931640625	0.3	0.0	1	118644	n/a
57.93994140625	0.3	1.0	2	118661	n/a
57.9482421875	0.3	0.0	1	118678	n/a
57.95654296875	0.3	1.0	2	118695	n/a
57.96484375	0.3	0.0	1	118712	n/a
57.97314453125	0.3	1.0	2	118729	n/a
57.9814453125	0.3	0.0	1	118746	n/a
57.98974609375	0.3	1.0	2	118763	n/a
57.998046875	0.3	0.0	1	118780	n/a
58.00634765625	0.3	1.0	2	118797	n/a
58.01513671875	0.3	0.0	1	118815	n/a
58.0234375	0.3	0.0	1	118832	n/a
58.03173828125	0.3	1.0	2	118849	n/a
58.0400390625	0.3	0.0	1	118866	n/a
58.04833984375	0.3	1.0	2	118883	n/a
58.056640625	0.3	1.0	2	118900	n/a
58.06494140625	0.3	0.0	1	118917	n/a
58.0732421875	0.3	0.0	1	118934	n/a
58.08154296875	0.3	1.0	2	118951	n/a
58.08984375	0.3	1.0	2	118968	n/a
58.09814453125	0.3	0.0	1	118985	n/a
58.1064453125	0.3	0.0	1	119002	n/a
58.11474609375	0.3	1.0	2	119019	n/a
58.123046875	0.3	0.0	1	119036	n/a
58.13134765625	0.3	1.0	2	119053	n/a
58.14013671875	0.3	1.0	2	119071	n/a
58.1484375	0.3	0.0	1	119088	n/a
58.15673828125	0.3	0.0	1	119105	n/a
58.1650390625	0.3	1.0	2	119122	n/a
58.17333984375	0.3	1.0	2	119139	n/a
58.181640625	0.3	0.0	1	119156	n/a
58.18994140625	0.3	1.0	2	119173	n/a
58.1982421875	0.3	0.0	1	119190	n/a
58.20654296875	0.3	1.0	2	119207	n/a
58.21484375	0.3	0.0	1	119224	n/a
58.22314453125	0.3	0.0	1	119241	n/a
58.2314453125	0.3	1.0	2	119258	n/a
58.23974609375	0.3	0.0	1	119275	n/a
58.248046875	0.3	1.0	2	119292	n/a
58.25634765625	0.3	1.0	2	119309	n/a
58.26513671875	0.3	0.0	1	119327	n/a
58.2734375	0.3	1.0	2	119344	n/a
58.28173828125	0.3	0.0	1	119361	n/a
58.2900390625	0.3	1.0	2	119378	n/a
58.29833984375	0.3	0.0	1	119395	n/a
58.306640625	0.3	1.0	2	119412	n/a
58.31494140625	0.3	0.0	1	119429	n/a
58.3232421875	0.3	1.0	2	119446	n/a
58.33154296875	0.3	0.0	1	119463	n/a
58.33984375	0.3	0.0	1	119480	n/a
58.34814453125	0.3	1.0	2	119497	n/a
58.3564453125	0.3	1.0	2	119514	n/a
58.36474609375	0.3	0.0	1	119531	n/a
58.373046875	0.3	1.0	2	119548	n/a
58.38134765625	0.3	0.0	1	119565	n/a
58.39013671875	0.3	0.0	1	119583	n/a
58.3984375	0.3	1.0	2	119600	n/a
58.40673828125	0.3	0.0	1	119617	n/a
58.4150390625	0.3	1.0	2	119634	n/a
58.42333984375	0.3	1.0	2	119651	n/a
58.431640625	0.3	0.0	1	119668	n/a
58.43994140625	0.3	0.0	1	119685	n/a
58.4482421875	0.3	1.0	2	119702	n/a
58.45654296875	0.3	1.0	2	119719	n/a
58.46484375	0.3	0.0	1	119736	n/a
58.47314453125	0.3	0.0	1	119753	n/a
58.4814453125	0.3	1.0	2	119770	n/a
58.48974609375	0.3	1.0	2	119787	n/a
58.498046875	0.3	0.0	1	119804	n/a
58.50634765625	0.3	0.0	1	119821	n/a
58.51513671875	0.3	1.0	2	119839	n/a
58.5234375	0.3	1.0	2	119856	n/a
58.53173828125	0.3	0.0	1	119873	n/a
58.5400390625	0.3	0.0	1	119890	n/a
58.54833984375	0.3	1.0	2	119907	n/a
58.556640625	0.3	1.0	2	119924	n/a
58.56494140625	0.3	0.0	1	119941	n/a
58.5732421875	0.3	1.0	2	119958	n/a
58.58154296875	0.3	0.0	1	119975	n/a
58.58984375	0.3	1.0	2	119992	n/a
58.59814453125	0.3	0.0	1	120009	n/a
58.6064453125	0.3	1.0	2	120026	n/a
58.61474609375	0.3	0.0	1	120043	n/a
58.623046875	0.3	1.0	2	120060	n/a
58.63134765625	0.3	0.0	1	120077	n/a
58.64013671875	0.3	1.0	2	120095	n/a
58.6484375	0.3	0.0	1	120112	n/a
58.65673828125	0.3	1.0	2	120129	n/a
58.6650390625	0.3	0.0	1	120146	n/a
58.67333984375	0.3	1.0	2	120163	n/a
58.681640625	0.3	0.0	1	120180	n/a
58.68994140625	0.3	0.0	1	120197	n/a
58.6982421875	0.3	1.0	2	120214	n/a
58.70654296875	0.3	1.0	2	120231	n/a
58.71484375	0.3	0.0	1	120248	n/a
58.72314453125	0.3	0.0	1	120265	n/a
58.7314453125	0.3	1.0	2	120282	n/a
58.73974609375	0.3	1.0	2	120299	n/a
58.748046875	0.3	0.0	1	120316	n/a
58.75634765625	0.3	0.0	1	120333	n/a
58.76513671875	0.3	1.0	2	120351	n/a
58.7734375	0.3	0.0	1	120368	n/a
58.78173828125	0.3	1.0	2	120385	n/a
58.7900390625	0.3	0.0	1	120402	n/a
58.79833984375	0.3	1.0	2	120419	n/a
58.806640625	0.3	0.0	1	120436	n/a
58.81494140625	0.3	1.0	2	120453	n/a
58.8232421875	0.3	1.0	2	120470	n/a
58.83154296875	0.3	0.0	1	120487	n/a
58.83984375	0.3	1.0	2	120504	n/a
58.84814453125	0.3	0.0	1	120521	n/a
58.8564453125	0.3	1.0	2	120538	n/a
58.86474609375	0.3	0.0	1	120555	n/a
58.873046875	0.3	1.0	2	120572	n/a
58.88134765625	0.3	0.0	1	120589	n/a
58.89013671875	0.3	0.0	1	120607	n/a
58.8984375	0.3	1.0	2	120624	n/a
58.90673828125	0.3	1.0	2	120641	n/a
58.9150390625	0.3	0.0	1	120658	n/a
58.92333984375	0.3	0.0	1	120675	n/a
58.931640625	0.3	1.0	2	120692	n/a
58.93994140625	0.3	0.0	1	120709	n/a
58.9482421875	0.3	1.0	2	120726	n/a
58.95654296875	0.3	1.0	2	120743	n/a
58.96484375	0.3	0.0	1	120760	n/a
58.97314453125	0.3	1.0	2	120777	n/a
58.9814453125	0.3	0.0	1	120794	n/a
58.98974609375	0.3	1.0	2	120811	n/a
58.998046875	0.3	0.0	1	120828	n/a
59.00634765625	0.3	1.0	2	120845	n/a
59.01513671875	0.3	0.0	1	120863	n/a
59.0234375	0.3	1.0	2	120880	n/a
59.03173828125	0.3	0.0	1	120897	n/a
59.0400390625	0.3	1.0	2	120914	n/a
59.04833984375	0.3	0.0	1	120931	n/a
59.056640625	0.3	1.0	2	120948	n/a
59.06494140625	0.3	0.0	1	120965	n/a
59.0732421875	0.3	0.0	1	120982	n/a
59.08154296875	0.3	1.0	2	120999	n/a
59.08984375	0.3	0.0	1	121016	n/a
59.09814453125	0.3	1.0	2	121033	n/a
59.1064453125	0.3	1.0	2	121050	n/a
59.11474609375	0.3	0.0	1	121067	n/a
59.123046875	0.3	0.0	1	121084	n/a
59.13134765625	0.3	1.0	2	121101	n/a
59.14013671875	0.3	1.0	2	121119	n/a
59.1484375	0.3	0.0	1	121136	n/a
59.15673828125	0.3	0.0	1	121153	n/a
59.1650390625	0.3	1.0	2	121170	n/a
59.17333984375	0.3	0.0	1	121187	n/a
59.181640625	0.3	1.0	2	121204	n/a
59.18994140625	0.3	1.0	2	121221	n/a
59.1982421875	0.3	0.0	1	121238	n/a
59.20654296875	0.3	0.0	1	121255	n/a
59.21484375	0.3	1.0	2	121272	n/a
59.22314453125	0.3	1.0	2	121289	n/a
59.2314453125	0.3	0.0	1	121306	n/a
59.23974609375	0.3	1.0	2	121323	n/a
59.248046875	0.3	0.0	1	121340	n/a
59.25634765625	0.3	1.0	2	121357	n/a
59.26513671875	0.3	0.0	1	121375	n/a
59.2734375	0.3	0.0	1	121392	n/a
59.28173828125	0.3	1.0	2	121409	n/a
59.2900390625	0.3	0.0	1	121426	n/a
59.29833984375	0.3	1.0	2	121443	n/a
59.306640625	0.3	1.0	2	121460	n/a
59.31494140625	0.3	0.0	1	121477	n/a
59.3232421875	0.3	1.0	2	121494	n/a
59.33154296875	0.3	0.0	1	121511	n/a
59.33984375	0.3	1.0	2	121528	n/a
59.34814453125	0.3	0.0	1	121545	n/a
59.3564453125	0.3	1.0	2	121562	n/a
59.36474609375	0.3	0.0	1	121579	n/a
59.373046875	0.3	1.0	2	121596	n/a
59.38134765625	0.3	0.0	1	121613	n/a
59.39013671875	0.3	0.0	1	121631	n/a
59.3984375	0.3	1.0	2	121648	n/a
59.40673828125	0.3	1.0	2	121665	n/a
59.4150390625	0.3	0.0	1	121682	n/a
59.42333984375	0.3	1.0	2	121699	n/a
59.431640625	0.3	0.0	1	121716	n/a
59.43994140625	0.3	0.0	1	121733	n/a
59.4482421875	0.3	1.0	2	121750	n/a
59.45654296875	0.3	0.0	1	121767	n/a
59.46484375	0.3	1.0	2	121784	n/a
59.47314453125	0.3	1.0	2	121801	n/a
59.4814453125	0.3	0.0	1	121818	n/a
59.48974609375	0.3	0.0	1	121835	n/a
59.498046875	0.3	1.0	2	121852	n/a
59.50634765625	0.3	1.0	2	121869	n/a
59.51513671875	0.3	0.0	1	121887	n/a
59.5234375	0.3	0.0	1	121904	n/a
59.53173828125	0.3	1.0	2	121921	n/a
59.5400390625	0.3	1.0	2	121938	n/a
59.54833984375	0.3	0.0	1	121955	n/a
59.556640625	0.3	0.0	1	121972	n/a
59.56494140625	0.3	1.0	2	121989	n/a
59.5732421875	0.3	1.0	2	122006	n/a
59.58154296875	0.3	0.0	1	122023	n/a
59.58984375	0.3	0.0	1	122040	n/a
59.59814453125	0.3	1.0	2	122057	n/a
59.6064453125	0.3	1.0	2	122074	n/a
59.61474609375	0.3	0.0	1	122091	n/a
59.623046875	0.3	1.0	2	122108	n/a
59.63134765625	0.3	0.0	1	122125	n/a
59.64013671875	0.3	1.0	2	122143	n/a
59.6484375	0.3	0.0	1	122160	n/a
59.65673828125	0.3	1.0	2	122177	n/a
59.6650390625	0.3	0.0	1	122194	n/a
59.67333984375	0.3	1.0	2	122211	n/a
59.681640625	0.3	0.0	1	122228	n/a
59.68994140625	0.3	1.0	2	122245	n/a
59.6982421875	0.3	0.0	1	122262	n/a
59.70654296875	0.3	1.0	2	122279	n/a
59.71484375	0.3	0.0	1	122296	n/a
59.72314453125	0.3	1.0	2	122313	n/a
59.7314453125	0.3	0.0	1	122330	n/a
59.73974609375	0.3	0.0	1	122347	n/a
59.748046875	0.3	1.0	2	122364	n/a
59.75634765625	0.3	1.0	2	122381	n/a
59.76513671875	0.3	0.0	1	122399	n/a
59.7734375	0.3	0.0	1	122416	n/a
59.78173828125	0.3	1.0	2	122433	n/a
59.7900390625	0.3	1.0	2	122450	n/a
59.79833984375	0.3	0.0	1	122467	n/a
59.806640625	0.3	0.0	1	122484	n/a
59.81494140625	0.3	1.0	2	122501	n/a
59.8232421875	0.3	0.0	1	122518	n/a
59.83154296875	0.3	1.0	2	122535	n/a
59.83984375	0.3	0.0	1	122552	n/a
59.84814453125	0.3	1.0	2	122569	n/a
59.8564453125	0.3	0.0	1	122586	n/a
59.86474609375	0.3	1.0	2	122603	n/a
59.873046875	0.3	1.0	2	122620	n/a
59.88134765625	0.3	0.0	1	122637	n/a
59.89013671875	0.3	1.0	2	122655	n/a
59.8984375	0.3	0.0	1	122672	n/a
59.90673828125	0.3	1.0	2	122689	n/a
59.9150390625	0.3	0.0	1	122706	n/a
59.92333984375	0.3	1.0	2	122723	n/a
59.931640625	0.3	0.0	1	122740	n/a
59.93994140625	0.3	0.0	1	122757	n/a
59.9482421875	0.3	1.0	2	122774	n/a
59.95654296875	0.3	1.0	2	122791	n/a
59.96484375	0.3	0.0	1	122808	n/a
59.97314453125	0.3	0.0	1	122825	n/a
59.9814453125	0.3	1.0	2	122842	n/a
59.98974609375	0.3	0.0	1	122859	n/a
59.998046875	0.3	1.0	2	122876	n/a
60.00634765625	0.3	1.0	2	122893	n/a
60.01513671875	0.3	0.0	1	122911	n/a
60.0234375	0.3	1.0	2	122928	n/a
60.03173828125	0.3	0.0	1	122945	n/a
60.0400390625	0.3	1.0	2	122962	n/a
60.04833984375	0.3	0.0	1	122979	n/a
60.056640625	0.3	1.0	2	122996	n/a
60.06494140625	0.3	0.0	1	123013	n/a
60.0732421875	0.3	1.0	2	123030	n/a
60.08154296875	0.3	0.0	1	123047	n/a
60.08984375	0.3	1.0	2	123064	n/a
60.09814453125	0.3	0.0	1	123081	n/a
60.1064453125	0.3	1.0	2	123098	n/a
60.11474609375	0.3	0.0	1	123115	n/a
60.123046875	0.3	0.0	1	123132	n/a
60.13134765625	0.3	1.0	2	123149	n/a
60.14013671875	0.3	0.0	1	123167	n/a
60.1484375	0.3	1.0	2	123184	n/a
60.15673828125	0.3	1.0	2	123201	n/a
60.1650390625	0.3	0.0	1	123218	n/a
60.17333984375	0.3	0.0	1	123235	n/a
60.181640625	0.3	1.0	2	123252	n/a
60.18994140625	0.3	1.0	2	123269	n/a
60.1982421875	0.3	0.0	1	123286	n/a
60.20654296875	0.3	0.0	1	123303	n/a
60.21484375	0.3	1.0	2	123320	n/a
60.22314453125	0.3	0.0	1	123337	n/a
60.2314453125	0.3	1.0	2	123354	n/a
60.23974609375	0.3	1.0	2	123371	n/a
60.248046875	0.3	0.0	1	123388	n/a
60.25634765625	0.3	0.0	1	123405	n/a
60.26513671875	0.3	1.0	2	123423	n/a
62.6484375	0.3	1.0	2	128304	22.0
62.65673828125	0.3	0.0	1	128321	n/a
62.6650390625	0.3	1.0	2	128338	n/a
62.67333984375	0.3	0.0	1	128355	n/a
62.681640625	0.3	0.0	1	128372	n/a
62.68994140625	0.3	1.0	2	128389	n/a
62.6982421875	0.3	1.0	2	128406	n/a
62.70654296875	0.3	0.0	1	128423	n/a
62.71533203125	0.3	1.0	2	128441	n/a
62.7236328125	0.3	0.0	1	128458	n/a
62.73193359375	0.3	0.0	1	128475	n/a
62.740234375	0.3	1.0	2	128492	n/a
62.74853515625	0.3	1.0	2	128509	n/a
62.7568359375	0.3	0.0	1	128526	n/a
62.76513671875	0.3	0.0	1	128543	n/a
62.7734375	0.3	1.0	2	128560	n/a
62.78173828125	0.3	0.0	1	128577	n/a
62.7900390625	0.3	1.0	2	128594	n/a
62.79833984375	0.3	0.0	1	128611	n/a
62.806640625	0.3	1.0	2	128628	n/a
62.81494140625	0.3	0.0	1	128645	n/a
62.8232421875	0.3	1.0	2	128662	n/a
62.83154296875	0.3	0.0	1	128679	n/a
62.84033203125	0.3	1.0	2	128697	n/a
62.8486328125	0.3	1.0	2	128714	n/a
62.85693359375	0.3	0.0	1	128731	n/a
62.865234375	0.3	1.0	2	128748	n/a
62.87353515625	0.3	0.0	1	128765	n/a
62.8818359375	0.3	1.0	2	128782	n/a
62.89013671875	0.3	0.0	1	128799	n/a
62.8984375	0.3	1.0	2	128816	n/a
62.90673828125	0.3	0.0	1	128833	n/a
62.9150390625	0.3	1.0	2	128850	n/a
62.92333984375	0.3	0.0	1	128867	n/a
62.931640625	0.3	1.0	2	128884	n/a
62.93994140625	0.3	0.0	1	128901	n/a
62.9482421875	0.3	0.0	1	128918	n/a
62.95654296875	0.3	1.0	2	128935	n/a
62.96533203125	0.3	0.0	1	128953	n/a
62.9736328125	0.3	1.0	2	128970	n/a
62.98193359375	0.3	1.0	2	128987	n/a
62.990234375	0.3	0.0	1	129004	n/a
62.99853515625	0.3	1.0	2	129021	n/a
63.0068359375	0.3	0.0	1	129038	n/a
63.01513671875	0.3	1.0	2	129055	n/a
63.0234375	0.3	0.0	1	129072	n/a
63.03173828125	0.3	0.0	1	129089	n/a
63.0400390625	0.3	1.0	2	129106	n/a
63.04833984375	0.3	1.0	2	129123	n/a
63.056640625	0.3	0.0	1	129140	n/a
63.06494140625	0.3	1.0	2	129157	n/a
63.0732421875	0.3	0.0	1	129174	n/a
63.08154296875	0.3	1.0	2	129191	n/a
63.09033203125	0.3	0.0	1	129209	n/a
63.0986328125	0.3	0.0	1	129226	n/a
63.10693359375	0.3	1.0	2	129243	n/a
63.115234375	0.3	1.0	2	129260	n/a
63.12353515625	0.3	0.0	1	129277	n/a
63.1318359375	0.3	1.0	2	129294	n/a
63.14013671875	0.3	0.0	1	129311	n/a
63.1484375	0.3	0.0	1	129328	n/a
63.15673828125	0.3	1.0	2	129345	n/a
63.1650390625	0.3	0.0	1	129362	n/a
63.17333984375	0.3	1.0	2	129379	n/a
63.181640625	0.3	1.0	2	129396	n/a
63.18994140625	0.3	0.0	1	129413	n/a
63.1982421875	0.3	0.0	1	129430	n/a
63.20654296875	0.3	1.0	2	129447	n/a
63.21533203125	0.3	1.0	2	129465	n/a
63.2236328125	0.3	0.0	1	129482	n/a
63.23193359375	0.3	1.0	2	129499	n/a
63.240234375	0.3	0.0	1	129516	n/a
63.24853515625	0.3	1.0	2	129533	n/a
63.2568359375	0.3	0.0	1	129550	n/a
63.26513671875	0.3	1.0	2	129567	n/a
63.2734375	0.3	0.0	1	129584	n/a
63.28173828125	0.3	0.0	1	129601	n/a
63.2900390625	0.3	1.0	2	129618	n/a
63.29833984375	0.3	1.0	2	129635	n/a
63.306640625	0.3	0.0	1	129652	n/a
63.31494140625	0.3	1.0	2	129669	n/a
63.3232421875	0.3	0.0	1	129686	n/a
63.33154296875	0.3	1.0	2	129703	n/a
63.34033203125	0.3	0.0	1	129721	n/a
63.3486328125	0.3	1.0	2	129738	n/a
63.35693359375	0.3	0.0	1	129755	n/a
63.365234375	0.3	1.0	2	129772	n/a
63.37353515625	0.3	0.0	1	129789	n/a
63.3818359375	0.3	1.0	2	129806	n/a
63.39013671875	0.3	0.0	1	129823	n/a
63.3984375	0.3	1.0	2	129840	n/a
63.40673828125	0.3	0.0	1	129857	n/a
63.4150390625	0.3	1.0	2	129874	n/a
63.42333984375	0.3	0.0	1	129891	n/a
63.431640625	0.3	0.0	1	129908	n/a
63.43994140625	0.3	1.0	2	129925	n/a
63.4482421875	0.3	0.0	1	129942	n/a
63.45654296875	0.3	1.0	2	129959	n/a
63.46533203125	0.3	0.0	1	129977	n/a
63.4736328125	0.3	1.0	2	129994	n/a
63.48193359375	0.3	0.0	1	130011	n/a
63.490234375	0.3	1.0	2	130028	n/a
63.49853515625	0.3	1.0	2	130045	n/a
63.5068359375	0.3	0.0	1	130062	n/a
63.51513671875	0.3	1.0	2	130079	n/a
63.5234375	0.3	0.0	1	130096	n/a
63.53173828125	0.3	0.0	1	130113	n/a
63.5400390625	0.3	1.0	2	130130	n/a
63.54833984375	0.3	0.0	1	130147	n/a
63.556640625	0.3	1.0	2	130164	n/a
63.56494140625	0.3	1.0	2	130181	n/a
63.5732421875	0.3	0.0	1	130198	n/a
63.58154296875	0.3	1.0	2	130215	n/a
63.59033203125	0.3	0.0	1	130233	n/a
63.5986328125	0.3	1.0	2	130250	n/a
63.60693359375	0.3	0.0	1	130267	n/a
63.615234375	0.3	1.0	2	130284	n/a
63.62353515625	0.3	0.0	1	130301	n/a
63.6318359375	0.3	0.0	1	130318	n/a
63.64013671875	0.3	1.0	2	130335	n/a
63.6484375	0.3	0.0	1	130352	n/a
63.65673828125	0.3	1.0	2	130369	n/a
63.6650390625	0.3	0.0	1	130386	n/a
63.67333984375	0.3	1.0	2	130403	n/a
63.681640625	0.3	1.0	2	130420	n/a
63.68994140625	0.3	0.0	1	130437	n/a
63.6982421875	0.3	1.0	2	130454	n/a
63.70654296875	0.3	0.0	1	130471	n/a
63.71533203125	0.3	1.0	2	130489	n/a
63.7236328125	0.3	0.0	1	130506	n/a
63.73193359375	0.3	0.0	1	130523	n/a
63.740234375	0.3	1.0	2	130540	n/a
63.74853515625	0.3	1.0	2	130557	n/a
63.7568359375	0.3	0.0	1	130574	n/a
63.76513671875	0.3	1.0	2	130591	n/a
63.7734375	0.3	0.0	1	130608	n/a
63.78173828125	0.3	0.0	1	130625	n/a
63.7900390625	0.3	1.0	2	130642	n/a
63.79833984375	0.3	1.0	2	130659	n/a
63.806640625	0.3	0.0	1	130676	n/a
63.81494140625	0.3	0.0	1	130693	n/a
63.8232421875	0.3	1.0	2	130710	n/a
63.83154296875	0.3	0.0	1	130727	n/a
63.84033203125	0.3	1.0	2	130745	n/a
63.8486328125	0.3	0.0	1	130762	n/a
63.85693359375	0.3	1.0	2	130779	n/a
63.865234375	0.3	0.0	1	130796	n/a
63.87353515625	0.3	1.0	2	130813	n/a
63.8818359375	0.3	0.0	1	130830	n/a
63.89013671875	0.3	1.0	2	130847	n/a
63.8984375	0.3	1.0	2	130864	n/a
63.90673828125	0.3	0.0	1	130881	n/a
63.9150390625	0.3	1.0	2	130898	n/a
63.92333984375	0.3	0.0	1	130915	n/a
63.931640625	0.3	1.0	2	130932	n/a
63.93994140625	0.3	0.0	1	130949	n/a
63.9482421875	0.3	1.0	2	130966	n/a
63.95654296875	0.3	0.0	1	130983	n/a
63.96533203125	0.3	1.0	2	131001	n/a
63.9736328125	0.3	0.0	1	131018	n/a
63.98193359375	0.3	1.0	2	131035	n/a
63.990234375	0.3	0.0	1	131052	n/a
63.99853515625	0.3	0.0	1	131069	n/a
64.0068359375	0.3	1.0	2	131086	n/a
64.01513671875	0.3	0.0	1	131103	n/a
64.0234375	0.3	1.0	2	131120	n/a
64.03173828125	0.3	1.0	2	131137	n/a
64.0400390625	0.3	0.0	1	131154	n/a
64.04833984375	0.3	1.0	2	131171	n/a
64.056640625	0.3	0.0	1	131188	n/a
64.06494140625	0.3	1.0	2	131205	n/a
64.0732421875	0.3	0.0	1	131222	n/a
64.08154296875	0.3	0.0	1	131239	n/a
64.09033203125	0.3	1.0	2	131257	n/a
64.0986328125	0.3	1.0	2	131274	n/a
64.10693359375	0.3	0.0	1	131291	n/a
64.115234375	0.3	1.0	2	131308	n/a
64.12353515625	0.3	0.0	1	131325	n/a
64.1318359375	0.3	1.0	2	131342	n/a
64.14013671875	0.3	0.0	1	131359	n/a
64.1484375	0.3	0.0	1	131376	n/a
64.15673828125	0.3	1.0	2	131393	n/a
64.1650390625	0.3	1.0	2	131410	n/a
64.17333984375	0.3	0.0	1	131427	n/a
64.181640625	0.3	1.0	2	131444	n/a
64.18994140625	0.3	0.0	1	131461	n/a
64.1982421875	0.3	0.0	1	131478	n/a
64.20654296875	0.3	1.0	2	131495	n/a
64.21533203125	0.3	0.0	1	131513	n/a
64.2236328125	0.3	1.0	2	131530	n/a
64.23193359375	0.3	1.0	2	131547	n/a
64.240234375	0.3	0.0	1	131564	n/a
64.24853515625	0.3	0.0	1	131581	n/a
64.2568359375	0.3	1.0	2	131598	n/a
64.26513671875	0.3	1.0	2	131615	n/a
64.2734375	0.3	0.0	1	131632	n/a
64.28173828125	0.3	1.0	2	131649	n/a
64.2900390625	0.3	0.0	1	131666	n/a
64.29833984375	0.3	1.0	2	131683	n/a
64.306640625	0.3	0.0	1	131700	n/a
64.31494140625	0.3	1.0	2	131717	n/a
64.3232421875	0.3	0.0	1	131734	n/a
64.33154296875	0.3	0.0	1	131751	n/a
64.34033203125	0.3	1.0	2	131769	n/a
64.3486328125	0.3	1.0	2	131786	n/a
64.35693359375	0.3	0.0	1	131803	n/a
64.365234375	0.3	1.0	2	131820	n/a
64.37353515625	0.3	0.0	1	131837	n/a
64.3818359375	0.3	1.0	2	131854	n/a
64.39013671875	0.3	0.0	1	131871	n/a
64.3984375	0.3	1.0	2	131888	n/a
64.40673828125	0.3	0.0	1	131905	n/a
64.4150390625	0.3	1.0	2	131922	n/a
64.42333984375	0.3	0.0	1	131939	n/a
64.431640625	0.3	1.0	2	131956	n/a
64.43994140625	0.3	0.0	1	131973	n/a
64.4482421875	0.3	1.0	2	131990	n/a
64.45654296875	0.3	0.0	1	132007	n/a
64.46533203125	0.3	1.0	2	132025	n/a
64.4736328125	0.3	0.0	1	132042	n/a
64.48193359375	0.3	0.0	1	132059	n/a
64.490234375	0.3	1.0	2	132076	n/a
64.49853515625	0.3	0.0	1	132093	n/a
64.5068359375	0.3	1.0	2	132110	n/a
64.51513671875	0.3	0.0	1	132127	n/a
64.5234375	0.3	1.0	2	132144	n/a
64.53173828125	0.3	0.0	1	132161	n/a
64.5400390625	0.3	1.0	2	132178	n/a
64.54833984375	0.3	1.0	2	132195	n/a
64.556640625	0.3	0.0	1	132212	n/a
64.56494140625	0.3	1.0	2	132229	n/a
64.5732421875	0.3	0.0	1	132246	n/a
64.58154296875	0.3	0.0	1	132263	n/a
64.59033203125	0.3	1.0	2	132281	n/a
64.5986328125	0.3	0.0	1	132298	n/a
64.60693359375	0.3	1.0	2	132315	n/a
64.615234375	0.3	1.0	2	132332	n/a
64.62353515625	0.3	0.0	1	132349	n/a
64.6318359375	0.3	1.0	2	132366	n/a
64.64013671875	0.3	0.0	1	132383	n/a
64.6484375	0.3	1.0	2	132400	n/a
64.65673828125	0.3	0.0	1	132417	n/a
64.6650390625	0.3	1.0	2	132434	n/a
64.67333984375	0.3	0.0	1	132451	n/a
64.681640625	0.3	0.0	1	132468	n/a
64.68994140625	0.3	1.0	2	132485	n/a
64.6982421875	0.3	0.0	1	132502	n/a
64.70654296875	0.3	1.0	2	132519	n/a
64.71533203125	0.3	0.0	1	132537	n/a
64.7236328125	0.3	1.0	2	132554	n/a
64.73193359375	0.3	1.0	2	132571	n/a
64.740234375	0.3	0.0	1	132588	n/a
64.74853515625	0.3	1.0	2	132605	n/a
64.7568359375	0.3	0.0	1	132622	n/a
64.76513671875	0.3	1.0	2	132639	n/a
64.7734375	0.3	0.0	1	132656	n/a
64.78173828125	0.3	0.0	1	132673	n/a
64.7900390625	0.3	1.0	2	132690	n/a
64.79833984375	0.3	1.0	2	132707	n/a
64.806640625	0.3	0.0	1	132724	n/a
64.81494140625	0.3	1.0	2	132741	n/a
64.8232421875	0.3	0.0	1	132758	n/a
64.83154296875	0.3	0.0	1	132775	n/a
64.84033203125	0.3	1.0	2	132793	n/a
64.8486328125	0.3	1.0	2	132810	n/a
64.85693359375	0.3	0.0	1	132827	n/a
64.865234375	0.3	0.0	1	132844	n/a
64.87353515625	0.3	1.0	2	132861	n/a
64.8818359375	0.3	0.0	1	132878	n/a
64.89013671875	0.3	1.0	2	132895	n/a
64.8984375	0.3	0.0	1	132912	n/a
64.90673828125	0.3	1.0	2	132929	n/a
64.9150390625	0.3	0.0	1	132946	n/a
64.92333984375	0.3	1.0	2	132963	n/a
64.931640625	0.3	0.0	1	132980	n/a
64.93994140625	0.3	1.0	2	132997	n/a
64.9482421875	0.3	1.0	2	133014	n/a
64.95654296875	0.3	0.0	1	133031	n/a
64.96533203125	0.3	1.0	2	133049	n/a
64.9736328125	0.3	0.0	1	133066	n/a
64.98193359375	0.3	1.0	2	133083	n/a
64.990234375	0.3	0.0	1	133100	n/a
64.99853515625	0.3	1.0	2	133117	n/a
65.0068359375	0.3	0.0	1	133134	n/a
65.01513671875	0.3	1.0	2	133151	n/a
65.0234375	0.3	0.0	1	133168	n/a
65.03173828125	0.3	1.0	2	133185	n/a
65.0400390625	0.3	0.0	1	133202	n/a
65.04833984375	0.3	0.0	1	133219	n/a
65.056640625	0.3	1.0	2	133236	n/a
65.06494140625	0.3	0.0	1	133253	n/a
65.0732421875	0.3	1.0	2	133270	n/a
65.08154296875	0.3	1.0	2	133287	n/a
65.09033203125	0.3	0.0	1	133305	n/a
65.0986328125	0.3	1.0	2	133322	n/a
65.10693359375	0.3	0.0	1	133339	n/a
65.115234375	0.3	1.0	2	133356	n/a
65.12353515625	0.3	0.0	1	133373	n/a
65.1318359375	0.3	0.0	1	133390	n/a
65.14013671875	0.3	1.0	2	133407	n/a
65.1484375	0.3	1.0	2	133424	n/a
65.15673828125	0.3	0.0	1	133441	n/a
65.1650390625	0.3	1.0	2	133458	n/a
65.17333984375	0.3	0.0	1	133475	n/a
65.181640625	0.3	1.0	2	133492	n/a
65.18994140625	0.3	0.0	1	133509	n/a
65.1982421875	0.3	0.0	1	133526	n/a
65.20654296875	0.3	1.0	2	133543	n/a
65.21533203125	0.3	1.0	2	133561	n/a
65.2236328125	0.3	0.0	1	133578	n/a
65.23193359375	0.3	1.0	2	133595	n/a
65.240234375	0.3	0.0	1	133612	n/a
65.24853515625	0.3	0.0	1	133629	n/a
65.2568359375	0.3	1.0	2	133646	n/a
65.26513671875	0.3	0.0	1	133663	n/a
65.2734375	0.3	1.0	2	133680	n/a
65.28173828125	0.3	1.0	2	133697	n/a
65.2900390625	0.3	0.0	1	133714	n/a
65.29833984375	0.3	0.0	1	133731	n/a
65.306640625	0.3	1.0	2	133748	n/a
65.31494140625	0.3	1.0	2	133765	n/a
65.3232421875	0.3	0.0	1	133782	n/a
65.33154296875	0.3	1.0	2	133799	n/a
65.34033203125	0.3	0.0	1	133817	n/a
65.3486328125	0.3	1.0	2	133834	n/a
65.35693359375	0.3	0.0	1	133851	n/a
65.365234375	0.3	1.0	2	133868	n/a
65.37353515625	0.3	0.0	1	133885	n/a
65.3818359375	0.3	0.0	1	133902	n/a
65.39013671875	0.3	1.0	2	133919	n/a
65.3984375	0.3	1.0	2	133936	n/a
65.40673828125	0.3	0.0	1	133953	n/a
65.4150390625	0.3	1.0	2	133970	n/a
65.42333984375	0.3	0.0	1	133987	n/a
65.431640625	0.3	1.0	2	134004	n/a
65.43994140625	0.3	0.0	1	134021	n/a
65.4482421875	0.3	1.0	2	134038	n/a
65.45654296875	0.3	0.0	1	134055	n/a
65.46533203125	0.3	1.0	2	134073	n/a
65.4736328125	0.3	0.0	1	134090	n/a
65.48193359375	0.3	1.0	2	134107	n/a
65.490234375	0.3	0.0	1	134124	n/a
65.49853515625	0.3	1.0	2	134141	n/a
65.5068359375	0.3	0.0	1	134158	n/a
65.51513671875	0.3	1.0	2	134175	n/a
65.5234375	0.3	0.0	1	134192	n/a
65.53173828125	0.3	0.0	1	134209	n/a
65.5400390625	0.3	1.0	2	134226	n/a
65.54833984375	0.3	0.0	1	134243	n/a
65.556640625	0.3	1.0	2	134260	n/a
65.56494140625	0.3	0.0	1	134277	n/a
65.5732421875	0.3	1.0	2	134294	n/a
65.58154296875	0.3	0.0	1	134311	n/a
65.59033203125	0.3	1.0	2	134329	n/a
65.5986328125	0.3	1.0	2	134346	n/a
65.60693359375	0.3	0.0	1	134363	n/a
65.615234375	0.3	1.0	2	134380	n/a
65.62353515625	0.3	0.0	1	134397	n/a
65.6318359375	0.3	0.0	1	134414	n/a
65.64013671875	0.3	1.0	2	134431	n/a
65.6484375	0.3	0.0	1	134448	n/a
65.65673828125	0.3	1.0	2	134465	n/a
65.6650390625	0.3	1.0	2	134482	n/a
65.67333984375	0.3	0.0	1	134499	n/a
65.681640625	0.3	1.0	2	134516	n/a
65.68994140625	0.3	0.0	1	134533	n/a
65.6982421875	0.3	1.0	2	134550	n/a
65.70654296875	0.3	0.0	1	134567	n/a
65.71533203125	0.3	1.0	2	134585	n/a
65.7236328125	0.3	0.0	1	134602	n/a
65.73193359375	0.3	0.0	1	134619	n/a
65.740234375	0.3	1.0	2	134636	n/a
65.74853515625	0.3	0.0	1	134653	n/a
65.7568359375	0.3	1.0	2	134670	n/a
65.76513671875	0.3	0.0	1	134687	n/a
65.7734375	0.3	1.0	2	134704	n/a
65.78173828125	0.3	1.0	2	134721	n/a
65.7900390625	0.3	0.0	1	134738	n/a
65.79833984375	0.3	1.0	2	134755	n/a
65.806640625	0.3	0.0	1	134772	n/a
65.81494140625	0.3	1.0	2	134789	n/a
65.8232421875	0.3	0.0	1	134806	n/a
65.83154296875	0.3	0.0	1	134823	n/a
65.84033203125	0.3	1.0	2	134841	n/a
65.8486328125	0.3	1.0	2	134858	n/a
65.85693359375	0.3	0.0	1	134875	n/a
65.865234375	0.3	1.0	2	134892	n/a
65.87353515625	0.3	0.0	1	134909	n/a
65.8818359375	0.3	0.0	1	134926	n/a
65.89013671875	0.3	1.0	2	134943	n/a
65.8984375	0.3	1.0	2	134960	n/a
65.90673828125	0.3	0.0	1	134977	n/a
65.9150390625	0.3	0.0	1	134994	n/a
65.92333984375	0.3	1.0	2	135011	n/a
65.931640625	0.3	0.0	1	135028	n/a
65.93994140625	0.3	1.0	2	135045	n/a
65.9482421875	0.3	0.0	1	135062	n/a
65.95654296875	0.3	1.0	2	135079	n/a
65.96533203125	0.3	0.0	1	135097	n/a
65.9736328125	0.3	1.0	2	135114	n/a
65.98193359375	0.3	0.0	1	135131	n/a
65.990234375	0.3	1.0	2	135148	n/a
65.99853515625	0.3	1.0	2	135165	n/a
66.0068359375	0.3	0.0	1	135182	n/a
66.01513671875	0.3	1.0	2	135199	n/a
66.0234375	0.3	0.0	1	135216	n/a
66.03173828125	0.3	1.0	2	135233	n/a
66.0400390625	0.3	0.0	1	135250	n/a
66.04833984375	0.3	1.0	2	135267	n/a
66.056640625	0.3	0.0	1	135284	n/a
66.06494140625	0.3	1.0	2	135301	n/a
66.0732421875	0.3	0.0	1	135318	n/a
66.08154296875	0.3	1.0	2	135335	n/a
66.09033203125	0.3	0.0	1	135353	n/a
66.0986328125	0.3	0.0	1	135370	n/a
66.10693359375	0.3	1.0	2	135387	n/a
66.115234375	0.3	0.0	1	135404	n/a
66.12353515625	0.3	1.0	2	135421	n/a
66.1318359375	0.3	1.0	2	135438	n/a
66.14013671875	0.3	0.0	1	135455	n/a
66.1484375	0.3	1.0	2	135472	n/a
66.15673828125	0.3	0.0	1	135489	n/a
66.1650390625	0.3	1.0	2	135506	n/a
66.17333984375	0.3	0.0	1	135523	n/a
66.181640625	0.3	0.0	1	135540	n/a
66.18994140625	0.3	1.0	2	135557	n/a
66.1982421875	0.3	1.0	2	135574	n/a
66.20654296875	0.3	0.0	1	135591	n/a
66.21533203125	0.3	1.0	2	135609	n/a
66.2236328125	0.3	0.0	1	135626	n/a
66.23193359375	0.3	1.0	2	135643	n/a
66.240234375	0.3	0.0	1	135660	n/a
66.24853515625	0.3	0.0	1	135677	n/a
66.2568359375	0.3	1.0	2	135694	n/a
66.26513671875	0.3	1.0	2	135711	n/a
66.2734375	0.3	0.0	1	135728	n/a
66.28173828125	0.3	1.0	2	135745	n/a
66.2900390625	0.3	0.0	1	135762	n/a
66.29833984375	0.3	0.0	1	135779	n/a
66.306640625	0.3	1.0	2	135796	n/a
66.31494140625	0.3	0.0	1	135813	n/a
66.3232421875	0.3	1.0	2	135830	n/a
66.33154296875	0.3	1.0	2	135847	n/a
66.34033203125	0.3	0.0	1	135865	n/a
66.3486328125	0.3	0.0	1	135882	n/a
66.35693359375	0.3	1.0	2	135899	n/a
66.365234375	0.3	1.0	2	135916	n/a
66.37353515625	0.3	0.0	1	135933	n/a
66.3818359375	0.3	1.0	2	135950	n/a
66.39013671875	0.3	0.0	1	135967	n/a
66.3984375	0.3	1.0	2	135984	n/a
66.40673828125	0.3	0.0	1	136001	n/a
66.4150390625	0.3	1.0	2	136018	n/a
66.42333984375	0.3	0.0	1	136035	n/a
66.431640625	0.3	0.0	1	136052	n/a
66.43994140625	0.3	1.0	2	136069	n/a
66.4482421875	0.3	1.0	2	136086	n/a
66.45654296875	0.3	0.0	1	136103	n/a
66.46533203125	0.3	1.0	2	136121	n/a
66.4736328125	0.3	0.0	1	136138	n/a
66.48193359375	0.3	1.0	2	136155	n/a
66.490234375	0.3	0.0	1	136172	n/a
66.49853515625	0.3	1.0	2	136189	n/a
66.5068359375	0.3	0.0	1	136206	n/a
66.51513671875	0.3	1.0	2	136223	n/a
66.5234375	0.3	0.0	1	136240	n/a
66.53173828125	0.3	1.0	2	136257	n/a
66.5400390625	0.3	0.0	1	136274	n/a
66.54833984375	0.3	1.0	2	136291	n/a
66.556640625	0.3	0.0	1	136308	n/a
66.56494140625	0.3	1.0	2	136325	n/a
66.5732421875	0.3	0.0	1	136342	n/a
66.58154296875	0.3	0.0	1	136359	n/a
66.59033203125	0.3	1.0	2	136377	n/a
66.5986328125	0.3	0.0	1	136394	n/a
66.60693359375	0.3	1.0	2	136411	n/a
66.615234375	0.3	0.0	1	136428	n/a
66.62353515625	0.3	1.0	2	136445	n/a
66.6318359375	0.3	0.0	1	136462	n/a
66.64013671875	0.3	1.0	2	136479	n/a
66.6484375	0.3	1.0	2	136496	n/a
66.65673828125	0.3	0.0	1	136513	n/a
66.6650390625	0.3	1.0	2	136530	n/a
66.67333984375	0.3	0.0	1	136547	n/a
66.681640625	0.3	0.0	1	136564	n/a
66.68994140625	0.3	1.0	2	136581	n/a
66.6982421875	0.3	0.0	1	136598	n/a
66.70654296875	0.3	1.0	2	136615	n/a
66.71533203125	0.3	1.0	2	136633	n/a
66.7236328125	0.3	0.0	1	136650	n/a
66.73193359375	0.3	1.0	2	136667	n/a
66.740234375	0.3	0.0	1	136684	n/a
66.74853515625	0.3	1.0	2	136701	n/a
66.7568359375	0.3	0.0	1	136718	n/a
66.76513671875	0.3	1.0	2	136735	n/a
66.7734375	0.3	0.0	1	136752	n/a
66.78173828125	0.3	0.0	1	136769	n/a
66.7900390625	0.3	1.0	2	136786	n/a
66.79833984375	0.3	0.0	1	136803	n/a
66.806640625	0.3	1.0	2	136820	n/a
66.81494140625	0.3	0.0	1	136837	n/a
66.8232421875	0.3	1.0	2	136854	n/a
66.83154296875	0.3	1.0	2	136871	n/a
66.84033203125	0.3	0.0	1	136889	n/a
69.224609375	0.3	1.0	2	141772	26.0
69.23291015625	0.3	0.0	1	141789	n/a
69.2412109375	0.3	0.0	1	141806	n/a
69.24951171875	0.3	1.0	2	141823	n/a
69.2578125	0.3	0.0	1	141840	n/a
69.26611328125	0.3	1.0	2	141857	n/a
69.2744140625	0.3	0.0	1	141874	n/a
69.28271484375	0.3	1.0	2	141891	n/a
69.29150390625	0.3	0.0	1	141909	n/a
69.2998046875	0.3	1.0	2	141926	n/a
69.30810546875	0.3	0.0	1	141943	n/a
69.31640625	0.3	1.0	2	141960	n/a
69.32470703125	0.3	0.0	1	141977	n/a
69.3330078125	0.3	1.0	2	141994	n/a
69.34130859375	0.3	0.0	1	142011	n/a
69.349609375	0.3	1.0	2	142028	n/a
69.35791015625	0.3	0.0	1	142045	n/a
69.3662109375	0.3	1.0	2	142062	n/a
69.37451171875	0.3	1.0	2	142079	n/a
69.3828125	0.3	0.0	1	142096	n/a
69.39111328125	0.3	1.0	2	142113	n/a
69.3994140625	0.3	0.0	1	142130	n/a
69.40771484375	0.3	0.0	1	142147	n/a
69.41650390625	0.3	1.0	2	142165	n/a
69.4248046875	0.3	0.0	1	142182	n/a
69.43310546875	0.3	1.0	2	142199	n/a
69.44140625	0.3	0.0	1	142216	n/a
69.44970703125	0.3	1.0	2	142233	n/a
69.4580078125	0.3	1.0	2	142250	n/a
69.46630859375	0.3	0.0	1	142267	n/a
69.474609375	0.3	1.0	2	142284	n/a
69.48291015625	0.3	0.0	1	142301	n/a
69.4912109375	0.3	1.0	2	142318	n/a
69.49951171875	0.3	0.0	1	142335	n/a
69.5078125	0.3	0.0	1	142352	n/a
69.51611328125	0.3	1.0	2	142369	n/a
69.5244140625	0.3	0.0	1	142386	n/a
69.53271484375	0.3	1.0	2	142403	n/a
69.54150390625	0.3	0.0	1	142421	n/a
69.5498046875	0.3	1.0	2	142438	n/a
69.55810546875	0.3	0.0	1	142455	n/a
69.56640625	0.3	1.0	2	142472	n/a
69.57470703125	0.3	1.0	2	142489	n/a
69.5830078125	0.3	0.0	1	142506	n/a
69.59130859375	0.3	1.0	2	142523	n/a
69.599609375	0.3	0.0	1	142540	n/a
69.60791015625	0.3	0.0	1	142557	n/a
69.6162109375	0.3	1.0	2	142574	n/a
69.62451171875	0.3	1.0	2	142591	n/a
69.6328125	0.3	0.0	1	142608	n/a
69.64111328125	0.3	0.0	1	142625	n/a
69.6494140625	0.3	1.0	2	142642	n/a
69.65771484375	0.3	0.0	1	142659	n/a
69.66650390625	0.3	1.0	2	142677	n/a
69.6748046875	0.3	1.0	2	142694	n/a
69.68310546875	0.3	0.0	1	142711	n/a
69.69140625	0.3	1.0	2	142728	n/a
69.69970703125	0.3	0.0	1	142745	n/a
69.7080078125	0.3	1.0	2	142762	n/a
69.71630859375	0.3	0.0	1	142779	n/a
69.724609375	0.3	0.0	1	142796	n/a
69.73291015625	0.3	1.0	2	142813	n/a
69.7412109375	0.3	0.0	1	142830	n/a
69.74951171875	0.3	1.0	2	142847	n/a
69.7578125	0.3	1.0	2	142864	n/a
69.76611328125	0.3	0.0	1	142881	n/a
69.7744140625	0.3	1.0	2	142898	n/a
69.78271484375	0.3	0.0	1	142915	n/a
69.79150390625	0.3	1.0	2	142933	n/a
69.7998046875	0.3	0.0	1	142950	n/a
69.80810546875	0.3	0.0	1	142967	n/a
69.81640625	0.3	1.0	2	142984	n/a
69.82470703125	0.3	0.0	1	143001	n/a
69.8330078125	0.3	1.0	2	143018	n/a
69.84130859375	0.3	0.0	1	143035	n/a
69.849609375	0.3	1.0	2	143052	n/a
69.85791015625	0.3	1.0	2	143069	n/a
69.8662109375	0.3	0.0	1	143086	n/a
69.87451171875	0.3	0.0	1	143103	n/a
69.8828125	0.3	1.0	2	143120	n/a
69.89111328125	0.3	0.0	1	143137	n/a
69.8994140625	0.3	1.0	2	143154	n/a
69.90771484375	0.3	1.0	2	143171	n/a
69.91650390625	0.3	0.0	1	143189	n/a
69.9248046875	0.3	1.0	2	143206	n/a
69.93310546875	0.3	0.0	1	143223	n/a
69.94140625	0.3	0.0	1	143240	n/a
69.94970703125	0.3	1.0	2	143257	n/a
69.9580078125	0.3	1.0	2	143274	n/a
69.96630859375	0.3	0.0	1	143291	n/a
69.974609375	0.3	0.0	1	143308	n/a
69.98291015625	0.3	1.0	2	143325	n/a
69.9912109375	0.3	1.0	2	143342	n/a
69.99951171875	0.3	0.0	1	143359	n/a
70.0078125	0.3	1.0	2	143376	n/a
70.01611328125	0.3	0.0	1	143393	n/a
70.0244140625	0.3	0.0	1	143410	n/a
70.03271484375	0.3	1.0	2	143427	n/a
70.04150390625	0.3	0.0	1	143445	n/a
70.0498046875	0.3	1.0	2	143462	n/a
70.05810546875	0.3	0.0	1	143479	n/a
70.06640625	0.3	1.0	2	143496	n/a
70.07470703125	0.3	0.0	1	143513	n/a
70.0830078125	0.3	1.0	2	143530	n/a
70.09130859375	0.3	0.0	1	143547	n/a
70.099609375	0.3	1.0	2	143564	n/a
70.10791015625	0.3	0.0	1	143581	n/a
70.1162109375	0.3	1.0	2	143598	n/a
70.12451171875	0.3	0.0	1	143615	n/a
70.1328125	0.3	1.0	2	143632	n/a
70.14111328125	0.3	0.0	1	143649	n/a
70.1494140625	0.3	1.0	2	143666	n/a
70.15771484375	0.3	0.0	1	143683	n/a
70.16650390625	0.3	1.0	2	143701	n/a
70.1748046875	0.3	0.0	1	143718	n/a
70.18310546875	0.3	1.0	2	143735	n/a
70.19140625	0.3	0.0	1	143752	n/a
70.19970703125	0.3	1.0	2	143769	n/a
70.2080078125	0.3	0.0	1	143786	n/a
70.21630859375	0.3	1.0	2	143803	n/a
70.224609375	0.3	1.0	2	143820	n/a
70.23291015625	0.3	0.0	1	143837	n/a
70.2412109375	0.3	1.0	2	143854	n/a
70.24951171875	0.3	0.0	1	143871	n/a
70.2578125	0.3	0.0	1	143888	n/a
70.26611328125	0.3	1.0	2	143905	n/a
70.2744140625	0.3	1.0	2	143922	n/a
70.28271484375	0.3	0.0	1	143939	n/a
70.29150390625	0.3	0.0	1	143957	n/a
70.2998046875	0.3	1.0	2	143974	n/a
70.30810546875	0.3	0.0	1	143991	n/a
70.31640625	0.3	1.0	2	144008	n/a
70.32470703125	0.3	0.0	1	144025	n/a
70.3330078125	0.3	1.0	2	144042	n/a
70.34130859375	0.3	0.0	1	144059	n/a
70.349609375	0.3	1.0	2	144076	n/a
70.35791015625	0.3	0.0	1	144093	n/a
70.3662109375	0.3	1.0	2	144110	n/a
70.37451171875	0.3	0.0	1	144127	n/a
70.3828125	0.3	1.0	2	144144	n/a
70.39111328125	0.3	0.0	1	144161	n/a
70.3994140625	0.3	1.0	2	144178	n/a
70.40771484375	0.3	0.0	1	144195	n/a
70.41650390625	0.3	1.0	2	144213	n/a
70.4248046875	0.3	1.0	2	144230	n/a
70.43310546875	0.3	0.0	1	144247	n/a
70.44140625	0.3	1.0	2	144264	n/a
70.44970703125	0.3	0.0	1	144281	n/a
70.4580078125	0.3	0.0	1	144298	n/a
70.46630859375	0.3	1.0	2	144315	n/a
70.474609375	0.3	0.0	1	144332	n/a
70.48291015625	0.3	1.0	2	144349	n/a
70.4912109375	0.3	0.0	1	144366	n/a
70.49951171875	0.3	1.0	2	144383	n/a
70.5078125	0.3	1.0	2	144400	n/a
70.51611328125	0.3	0.0	1	144417	n/a
70.5244140625	0.3	1.0	2	144434	n/a
70.53271484375	0.3	0.0	1	144451	n/a
70.54150390625	0.3	1.0	2	144469	n/a
70.5498046875	0.3	0.0	1	144486	n/a
70.55810546875	0.3	0.0	1	144503	n/a
70.56640625	0.3	1.0	2	144520	n/a
70.57470703125	0.3	0.0	1	144537	n/a
70.5830078125	0.3	1.0	2	144554	n/a
70.59130859375	0.3	0.0	1	144571	n/a
70.599609375	0.3	1.0	2	144588	n/a
70.60791015625	0.3	0.0	1	144605	n/a
70.6162109375	0.3	1.0	2	144622	n/a
70.62451171875	0.3	1.0	2	144639	n/a
70.6328125	0.3	0.0	1	144656	n/a
70.64111328125	0.3	1.0	2	144673	n/a
70.6494140625	0.3	0.0	1	144690	n/a
70.65771484375	0.3	0.0	1	144707	n/a
70.66650390625	0.3	1.0	2	144725	n/a
70.6748046875	0.3	1.0	2	144742	n/a
70.68310546875	0.3	0.0	1	144759	n/a
70.69140625	0.3	0.0	1	144776	n/a
70.69970703125	0.3	1.0	2	144793	n/a
70.7080078125	0.3	0.0	1	144810	n/a
70.71630859375	0.3	1.0	2	144827	n/a
70.724609375	0.3	1.0	2	144844	n/a
70.73291015625	0.3	0.0	1	144861	n/a
70.7412109375	0.3	1.0	2	144878	n/a
70.74951171875	0.3	0.0	1	144895	n/a
70.7578125	0.3	1.0	2	144912	n/a
70.76611328125	0.3	0.0	1	144929	n/a
70.7744140625	0.3	0.0	1	144946	n/a
70.78271484375	0.3	1.0	2	144963	n/a
70.79150390625	0.3	0.0	1	144981	n/a
70.7998046875	0.3	1.0	2	144998	n/a
70.80810546875	0.3	1.0	2	145015	n/a
70.81640625	0.3	0.0	1	145032	n/a
70.82470703125	0.3	1.0	2	145049	n/a
70.8330078125	0.3	0.0	1	145066	n/a
70.84130859375	0.3	1.0	2	145083	n/a
70.849609375	0.3	0.0	1	145100	n/a
70.85791015625	0.3	0.0	1	145117	n/a
70.8662109375	0.3	1.0	2	145134	n/a
70.87451171875	0.3	0.0	1	145151	n/a
70.8828125	0.3	1.0	2	145168	n/a
70.89111328125	0.3	0.0	1	145185	n/a
70.8994140625	0.3	1.0	2	145202	n/a
70.90771484375	0.3	1.0	2	145219	n/a
70.91650390625	0.3	0.0	1	145237	n/a
70.9248046875	0.3	0.0	1	145254	n/a
70.93310546875	0.3	1.0	2	145271	n/a
70.94140625	0.3	0.0	1	145288	n/a
70.94970703125	0.3	1.0	2	145305	n/a
70.9580078125	0.3	1.0	2	145322	n/a
70.96630859375	0.3	0.0	1	145339	n/a
70.974609375	0.3	1.0	2	145356	n/a
70.98291015625	0.3	0.0	1	145373	n/a
70.9912109375	0.3	0.0	1	145390	n/a
70.99951171875	0.3	1.0	2	145407	n/a
71.0078125	0.3	1.0	2	145424	n/a
71.01611328125	0.3	0.0	1	145441	n/a
71.0244140625	0.3	0.0	1	145458	n/a
71.03271484375	0.3	1.0	2	145475	n/a
71.04150390625	0.3	1.0	2	145493	n/a
71.0498046875	0.3	0.0	1	145510	n/a
71.05810546875	0.3	1.0	2	145527	n/a
71.06640625	0.3	0.0	1	145544	n/a
71.07470703125	0.3	0.0	1	145561	n/a
71.0830078125	0.3	1.0	2	145578	n/a
71.09130859375	0.3	0.0	1	145595	n/a
71.099609375	0.3	1.0	2	145612	n/a
71.10791015625	0.3	0.0	1	145629	n/a
71.1162109375	0.3	1.0	2	145646	n/a
71.12451171875	0.3	0.0	1	145663	n/a
71.1328125	0.3	1.0	2	145680	n/a
71.14111328125	0.3	0.0	1	145697	n/a
71.1494140625	0.3	1.0	2	145714	n/a
71.15771484375	0.3	0.0	1	145731	n/a
71.16650390625	0.3	1.0	2	145749	n/a
71.1748046875	0.3	0.0	1	145766	n/a
71.18310546875	0.3	1.0	2	145783	n/a
71.19140625	0.3	0.0	1	145800	n/a
71.19970703125	0.3	1.0	2	145817	n/a
71.2080078125	0.3	0.0	1	145834	n/a
71.21630859375	0.3	1.0	2	145851	n/a
71.224609375	0.3	0.0	1	145868	n/a
71.23291015625	0.3	1.0	2	145885	n/a
71.2412109375	0.3	0.0	1	145902	n/a
71.24951171875	0.3	1.0	2	145919	n/a
71.2578125	0.3	0.0	1	145936	n/a
71.26611328125	0.3	1.0	2	145953	n/a
71.2744140625	0.3	1.0	2	145970	n/a
71.28271484375	0.3	0.0	1	145987	n/a
71.29150390625	0.3	1.0	2	146005	n/a
71.2998046875	0.3	0.0	1	146022	n/a
71.30810546875	0.3	0.0	1	146039	n/a
71.31640625	0.3	1.0	2	146056	n/a
71.32470703125	0.3	1.0	2	146073	n/a
71.3330078125	0.3	0.0	1	146090	n/a
71.34130859375	0.3	0.0	1	146107	n/a
71.349609375	0.3	1.0	2	146124	n/a
71.35791015625	0.3	0.0	1	146141	n/a
71.3662109375	0.3	1.0	2	146158	n/a
71.37451171875	0.3	0.0	1	146175	n/a
71.3828125	0.3	1.0	2	146192	n/a
71.39111328125	0.3	0.0	1	146209	n/a
71.3994140625	0.3	1.0	2	146226	n/a
71.40771484375	0.3	0.0	1	146243	n/a
71.41650390625	0.3	1.0	2	146261	n/a
71.4248046875	0.3	0.0	1	146278	n/a
71.43310546875	0.3	1.0	2	146295	n/a
71.44140625	0.3	0.0	1	146312	n/a
71.44970703125	0.3	1.0	2	146329	n/a
71.4580078125	0.3	0.0	1	146346	n/a
71.46630859375	0.3	1.0	2	146363	n/a
71.474609375	0.3	1.0	2	146380	n/a
71.48291015625	0.3	0.0	1	146397	n/a
71.4912109375	0.3	1.0	2	146414	n/a
71.49951171875	0.3	0.0	1	146431	n/a
71.5078125	0.3	0.0	1	146448	n/a
71.51611328125	0.3	1.0	2	146465	n/a
71.5244140625	0.3	0.0	1	146482	n/a
71.53271484375	0.3	1.0	2	146499	n/a
71.54150390625	0.3	0.0	1	146517	n/a
71.5498046875	0.3	1.0	2	146534	n/a
71.55810546875	0.3	1.0	2	146551	n/a
71.56640625	0.3	0.0	1	146568	n/a
71.57470703125	0.3	1.0	2	146585	n/a
71.5830078125	0.3	0.0	1	146602	n/a
71.59130859375	0.3	1.0	2	146619	n/a
71.599609375	0.3	0.0	1	146636	n/a
71.60791015625	0.3	0.0	1	146653	n/a
71.6162109375	0.3	1.0	2	146670	n/a
71.62451171875	0.3	0.0	1	146687	n/a
71.6328125	0.3	1.0	2	146704	n/a
71.64111328125	0.3	0.0	1	146721	n/a
71.6494140625	0.3	1.0	2	146738	n/a
71.65771484375	0.3	0.0	1	146755	n/a
71.66650390625	0.3	1.0	2	146773	n/a
71.6748046875	0.3	1.0	2	146790	n/a
71.68310546875	0.3	0.0	1	146807	n/a
71.69140625	0.3	1.0	2	146824	n/a
71.69970703125	0.3	0.0	1	146841	n/a
71.7080078125	0.3	0.0	1	146858	n/a
71.71630859375	0.3	1.0	2	146875	n/a
71.724609375	0.3	1.0	2	146892	n/a
71.73291015625	0.3	0.0	1	146909	n/a
71.7412109375	0.3	0.0	1	146926	n/a
71.74951171875	0.3	1.0	2	146943	n/a
71.7578125	0.3	0.0	1	146960	n/a
71.76611328125	0.3	1.0	2	146977	n/a
71.7744140625	0.3	1.0	2	146994	n/a
71.78271484375	0.3	0.0	1	147011	n/a
71.79150390625	0.3	1.0	2	147029	n/a
71.7998046875	0.3	0.0	1	147046	n/a
71.80810546875	0.3	1.0	2	147063	n/a
71.81640625	0.3	0.0	1	147080	n/a
71.82470703125	0.3	0.0	1	147097	n/a
71.8330078125	0.3	1.0	2	147114	n/a
71.84130859375	0.3	0.0	1	147131	n/a
71.849609375	0.3	1.0	2	147148	n/a
71.85791015625	0.3	1.0	2	147165	n/a
71.8662109375	0.3	0.0	1	147182	n/a
71.87451171875	0.3	1.0	2	147199	n/a
71.8828125	0.3	0.0	1	147216	n/a
71.89111328125	0.3	1.0	2	147233	n/a
71.8994140625	0.3	0.0	1	147250	n/a
71.90771484375	0.3	0.0	1	147267	n/a
71.91650390625	0.3	1.0	2	147285	n/a
71.9248046875	0.3	0.0	1	147302	n/a
71.93310546875	0.3	1.0	2	147319	n/a
71.94140625	0.3	0.0	1	147336	n/a
71.94970703125	0.3	1.0	2	147353	n/a
71.9580078125	0.3	1.0	2	147370	n/a
71.96630859375	0.3	0.0	1	147387	n/a
71.974609375	0.3	0.0	1	147404	n/a
71.98291015625	0.3	1.0	2	147421	n/a
71.9912109375	0.3	0.0	1	147438	n/a
71.99951171875	0.3	1.0	2	147455	n/a
72.0078125	0.3	1.0	2	147472	n/a
72.01611328125	0.3	0.0	1	147489	n/a
72.0244140625	0.3	1.0	2	147506	n/a
72.03271484375	0.3	0.0	1	147523	n/a
72.04150390625	0.3	0.0	1	147541	n/a
72.0498046875	0.3	1.0	2	147558	n/a
72.05810546875	0.3	1.0	2	147575	n/a
72.06640625	0.3	0.0	1	147592	n/a
72.07470703125	0.3	0.0	1	147609	n/a
72.0830078125	0.3	1.0	2	147626	n/a
72.09130859375	0.3	1.0	2	147643	n/a
72.099609375	0.3	0.0	1	147660	n/a
72.10791015625	0.3	1.0	2	147677	n/a
72.1162109375	0.3	0.0	1	147694	n/a
72.12451171875	0.3	0.0	1	147711	n/a
72.1328125	0.3	1.0	2	147728	n/a
72.14111328125	0.3	0.0	1	147745	n/a
72.1494140625	0.3	1.0	2	147762	n/a
72.15771484375	0.3	0.0	1	147779	n/a
72.16650390625	0.3	1.0	2	147797	n/a
72.1748046875	0.3	0.0	1	147814	n/a
72.18310546875	0.3	1.0	2	147831	n/a
72.19140625	0.3	0.0	1	147848	n/a
72.19970703125	0.3	1.0	2	147865	n/a
72.2080078125	0.3	0.0	1	147882	n/a
72.21630859375	0.3	1.0	2	147899	n/a
72.224609375	0.3	0.0	1	147916	n/a
72.23291015625	0.3	1.0	2	147933	n/a
72.2412109375	0.3	0.0	1	147950	n/a
72.24951171875	0.3	1.0	2	147967	n/a
72.2578125	0.3	0.0	1	147984	n/a
72.26611328125	0.3	1.0	2	148001	n/a
72.2744140625	0.3	0.0	1	148018	n/a
72.28271484375	0.3	1.0	2	148035	n/a
72.29150390625	0.3	0.0	1	148053	n/a
72.2998046875	0.3	1.0	2	148070	n/a
72.30810546875	0.3	0.0	1	148087	n/a
72.31640625	0.3	1.0	2	148104	n/a
72.32470703125	0.3	1.0	2	148121	n/a
72.3330078125	0.3	0.0	1	148138	n/a
72.34130859375	0.3	1.0	2	148155	n/a
72.349609375	0.3	0.0	1	148172	n/a
72.35791015625	0.3	0.0	1	148189	n/a
72.3662109375	0.3	1.0	2	148206	n/a
72.37451171875	0.3	1.0	2	148223	n/a
72.3828125	0.3	0.0	1	148240	n/a
72.39111328125	0.3	0.0	1	148257	n/a
72.3994140625	0.3	1.0	2	148274	n/a
72.40771484375	0.3	0.0	1	148291	n/a
72.41650390625	0.3	1.0	2	148309	n/a
72.4248046875	0.3	0.0	1	148326	n/a
72.43310546875	0.3	1.0	2	148343	n/a
72.44140625	0.3	0.0	1	148360	n/a
72.44970703125	0.3	1.0	2	148377	n/a
72.4580078125	0.3	0.0	1	148394	n/a
72.46630859375	0.3	1.0	2	148411	n/a
72.474609375	0.3	0.0	1	148428	n/a
72.48291015625	0.3	1.0	2	148445	n/a
72.4912109375	0.3	0.0	1	148462	n/a
72.49951171875	0.3	1.0	2	148479	n/a
72.5078125	0.3	0.0	1	148496	n/a
72.51611328125	0.3	1.0	2	148513	n/a
72.5244140625	0.3	1.0	2	148530	n/a
72.53271484375	0.3	0.0	1	148547	n/a
72.54150390625	0.3	1.0	2	148565	n/a
72.5498046875	0.3	0.0	1	148582	n/a
72.55810546875	0.3	0.0	1	148599	n/a
72.56640625	0.3	1.0	2	148616	n/a
72.57470703125	0.3	0.0	1	148633	n/a
72.5830078125	0.3	1.0	2	148650	n/a
72.59130859375	0.3	0.0	1	148667	n/a
72.599609375	0.3	1.0	2	148684	n/a
72.60791015625	0.3	1.0	2	148701	n/a
72.6162109375	0.3	0.0	1	148718	n/a
72.62451171875	0.3	1.0	2	148735	n/a
72.6328125	0.3	0.0	1	148752	n/a
72.64111328125	0.3	1.0	2	148769	n/a
72.6494140625	0.3	0.0	1	148786	n/a
72.65771484375	0.3	0.0	1	148803	n/a
72.66650390625	0.3	1.0	2	148821	n/a
72.6748046875	0.3	0.0	1	148838	n/a
72.68310546875	0.3	1.0	2	148855	n/a
72.69140625	0.3	0.0	1	148872	n/a
72.69970703125	0.3	1.0	2	148889	n/a
72.7080078125	0.3	0.0	1	148906	n/a
72.71630859375	0.3	1.0	2	148923	n/a
72.724609375	0.3	1.0	2	148940	n/a
72.73291015625	0.3	0.0	1	148957	n/a
72.7412109375	0.3	1.0	2	148974	n/a
72.74951171875	0.3	0.0	1	148991	n/a
72.7578125	0.3	0.0	1	149008	n/a
72.76611328125	0.3	1.0	2	149025	n/a
72.7744140625	0.3	1.0	2	149042	n/a
72.78271484375	0.3	0.0	1	149059	n/a
72.79150390625	0.3	0.0	1	149077	n/a
72.7998046875	0.3	1.0	2	149094	n/a
72.80810546875	0.3	0.0	1	149111	n/a
72.81640625	0.3	1.0	2	149128	n/a
72.82470703125	0.3	1.0	2	149145	n/a
72.8330078125	0.3	0.0	1	149162	n/a
72.84130859375	0.3	1.0	2	149179	n/a
72.849609375	0.3	0.0	1	149196	n/a
72.85791015625	0.3	1.0	2	149213	n/a
72.8662109375	0.3	0.0	1	149230	n/a
72.87451171875	0.3	0.0	1	149247	n/a
72.8828125	0.3	1.0	2	149264	n/a
72.89111328125	0.3	0.0	1	149281	n/a
72.8994140625	0.3	1.0	2	149298	n/a
72.90771484375	0.3	1.0	2	149315	n/a
72.91650390625	0.3	0.0	1	149333	n/a
72.9248046875	0.3	1.0	2	149350	n/a
72.93310546875	0.3	0.0	1	149367	n/a
72.94140625	0.3	1.0	2	149384	n/a
72.94970703125	0.3	0.0	1	149401	n/a
72.9580078125	0.3	0.0	1	149418	n/a
72.96630859375	0.3	1.0	2	149435	n/a
72.974609375	0.3	0.0	1	149452	n/a
72.98291015625	0.3	1.0	2	149469	n/a
72.9912109375	0.3	0.0	1	149486	n/a
72.99951171875	0.3	1.0	2	149503	n/a
73.0078125	0.3	1.0	2	149520	n/a
73.01611328125	0.3	0.0	1	149537	n/a
73.0244140625	0.3	0.0	1	149554	n/a
73.03271484375	0.3	1.0	2	149571	n/a
73.04150390625	0.3	0.0	1	149589	n/a
73.0498046875	0.3	1.0	2	149606	n/a
73.05810546875	0.3	1.0	2	149623	n/a
73.06640625	0.3	0.0	1	149640	n/a
73.07470703125	0.3	1.0	2	149657	n/a
73.0830078125	0.3	0.0	1	149674	n/a
73.09130859375	0.3	0.0	1	149691	n/a
73.099609375	0.3	1.0	2	149708	n/a
73.10791015625	0.3	1.0	2	149725	n/a
73.1162109375	0.3	0.0	1	149742	n/a
73.12451171875	0.3	0.0	1	149759	n/a
73.1328125	0.3	1.0	2	149776	n/a
73.14111328125	0.3	1.0	2	149793	n/a
73.1494140625	0.3	0.0	1	149810	n/a
73.15771484375	0.3	1.0	2	149827	n/a
73.16650390625	0.3	0.0	1	149845	n/a
73.1748046875	0.3	0.0	1	149862	n/a
73.18310546875	0.3	1.0	2	149879	n/a
73.19140625	0.3	0.0	1	149896	n/a
73.19970703125	0.3	1.0	2	149913	n/a
73.2080078125	0.3	0.0	1	149930	n/a
73.21630859375	0.3	1.0	2	149947	n/a
73.224609375	0.3	0.0	1	149964	n/a
73.23291015625	0.3	1.0	2	149981	n/a
73.2412109375	0.3	0.0	1	149998	n/a
73.24951171875	0.3	1.0	2	150015	n/a
73.2578125	0.3	0.0	1	150032	n/a
73.26611328125	0.3	1.0	2	150049	n/a
73.2744140625	0.3	0.0	1	150066	n/a
73.28271484375	0.3	1.0	2	150083	n/a
73.29150390625	0.3	0.0	1	150101	n/a
73.2998046875	0.3	1.0	2	150118	n/a
73.30810546875	0.3	0.0	1	150135	n/a
73.31640625	0.3	1.0	2	150152	n/a
73.32470703125	0.3	0.0	1	150169	n/a
73.3330078125	0.3	1.0	2	150186	n/a
73.34130859375	0.3	0.0	1	150203	n/a
73.349609375	0.3	1.0	2	150220	n/a
73.35791015625	0.3	0.0	1	150237	n/a
73.3662109375	0.3	1.0	2	150254	n/a
73.37451171875	0.3	1.0	2	150271	n/a
73.3828125	0.3	0.0	1	150288	n/a
73.39111328125	0.3	1.0	2	150305	n/a
73.3994140625	0.3	0.0	1	150322	n/a
73.40771484375	0.3	0.0	1	150339	n/a
73.41650390625	0.3	1.0	2	150357	n/a
75.7998046875	0.3	0.0	1	155238	2.0
75.80810546875	0.3	1.0	2	155255	n/a
75.81640625	0.3	1.0	2	155272	n/a
75.82470703125	0.3	0.0	1	155289	n/a
75.8330078125	0.3	1.0	2	155306	n/a
75.84130859375	0.3	0.0	1	155323	n/a
75.849609375	0.3	0.0	1	155340	n/a
75.85791015625	0.3	1.0	2	155357	n/a
75.86669921875	0.3	0.0	1	155375	n/a
75.875	0.3	1.0	2	155392	n/a
75.88330078125	0.3	0.0	1	155409	n/a
75.8916015625	0.3	1.0	2	155426	n/a
75.89990234375	0.3	0.0	1	155443	n/a
75.908203125	0.3	1.0	2	155460	n/a
75.91650390625	0.3	0.0	1	155477	n/a
75.9248046875	0.3	1.0	2	155494	n/a
75.93310546875	0.3	1.0	2	155511	n/a
75.94140625	0.3	0.0	1	155528	n/a
75.94970703125	0.3	1.0	2	155545	n/a
75.9580078125	0.3	0.0	1	155562	n/a
75.96630859375	0.3	0.0	1	155579	n/a
75.974609375	0.3	1.0	2	155596	n/a
75.98291015625	0.3	1.0	2	155613	n/a
75.99169921875	0.3	0.0	1	155631	n/a
76.0	0.3	1.0	2	155648	n/a
76.00830078125	0.3	0.0	1	155665	n/a
76.0166015625	0.3	1.0	2	155682	n/a
76.02490234375	0.3	0.0	1	155699	n/a
76.033203125	0.3	0.0	1	155716	n/a
76.04150390625	0.3	1.0	2	155733	n/a
76.0498046875	0.3	0.0	1	155750	n/a
76.05810546875	0.3	1.0	2	155767	n/a
76.06640625	0.3	1.0	2	155784	n/a
76.07470703125	0.3	0.0	1	155801	n/a
76.0830078125	0.3	0.0	1	155818	n/a
76.09130859375	0.3	1.0	2	155835	n/a
76.099609375	0.3	1.0	2	155852	n/a
76.10791015625	0.3	0.0	1	155869	n/a
76.11669921875	0.3	0.0	1	155887	n/a
76.125	0.3	1.0	2	155904	n/a
76.13330078125	0.3	1.0	2	155921	n/a
76.1416015625	0.3	0.0	1	155938	n/a
76.14990234375	0.3	1.0	2	155955	n/a
76.158203125	0.3	0.0	1	155972	n/a
76.16650390625	0.3	0.0	1	155989	n/a
76.1748046875	0.3	1.0	2	156006	n/a
76.18310546875	0.3	0.0	1	156023	n/a
76.19140625	0.3	1.0	2	156040	n/a
76.19970703125	0.3	1.0	2	156057	n/a
76.2080078125	0.3	0.0	1	156074	n/a
76.21630859375	0.3	0.0	1	156091	n/a
76.224609375	0.3	1.0	2	156108	n/a
76.23291015625	0.3	1.0	2	156125	n/a
76.24169921875	0.3	0.0	1	156143	n/a
76.25	0.3	0.0	1	156160	n/a
76.25830078125	0.3	1.0	2	156177	n/a
76.2666015625	0.3	1.0	2	156194	n/a
76.27490234375	0.3	0.0	1	156211	n/a
76.283203125	0.3	1.0	2	156228	n/a
76.29150390625	0.3	0.0	1	156245	n/a
76.2998046875	0.3	1.0	2	156262	n/a
76.30810546875	0.3	0.0	1	156279	n/a
76.31640625	0.3	1.0	2	156296	n/a
76.32470703125	0.3	0.0	1	156313	n/a
76.3330078125	0.3	0.0	1	156330	n/a
76.34130859375	0.3	1.0	2	156347	n/a
76.349609375	0.3	0.0	1	156364	n/a
76.35791015625	0.3	1.0	2	156381	n/a
76.36669921875	0.3	1.0	2	156399	n/a
76.375	0.3	0.0	1	156416	n/a
76.38330078125	0.3	1.0	2	156433	n/a
76.3916015625	0.3	0.0	1	156450	n/a
76.39990234375	0.3	1.0	2	156467	n/a
76.408203125	0.3	0.0	1	156484	n/a
76.41650390625	0.3	1.0	2	156501	n/a
76.4248046875	0.3	0.0	1	156518	n/a
76.43310546875	0.3	1.0	2	156535	n/a
76.44140625	0.3	0.0	1	156552	n/a
76.44970703125	0.3	1.0	2	156569	n/a
76.4580078125	0.3	0.0	1	156586	n/a
76.46630859375	0.3	0.0	1	156603	n/a
76.474609375	0.3	1.0	2	156620	n/a
76.48291015625	0.3	0.0	1	156637	n/a
76.49169921875	0.3	1.0	2	156655	n/a
76.5	0.3	0.0	1	156672	n/a
76.50830078125	0.3	1.0	2	156689	n/a
76.5166015625	0.3	0.0	1	156706	n/a
76.52490234375	0.3	1.0	2	156723	n/a
76.533203125	0.3	0.0	1	156740	n/a
76.54150390625	0.3	1.0	2	156757	n/a
76.5498046875	0.3	0.0	1	156774	n/a
76.55810546875	0.3	1.0	2	156791	n/a
76.56640625	0.3	1.0	2	156808	n/a
76.57470703125	0.3	0.0	1	156825	n/a
76.5830078125	0.3	0.0	1	156842	n/a
76.59130859375	0.3	1.0	2	156859	n/a
76.599609375	0.3	1.0	2	156876	n/a
76.60791015625	0.3	0.0	1	156893	n/a
76.61669921875	0.3	0.0	1	156911	n/a
76.625	0.3	1.0	2	156928	n/a
76.63330078125	0.3	1.0	2	156945	n/a
76.6416015625	0.3	0.0	1	156962	n/a
76.64990234375	0.3	1.0	2	156979	n/a
76.658203125	0.3	0.0	1	156996	n/a
76.66650390625	0.3	0.0	1	157013	n/a
76.6748046875	0.3	1.0	2	157030	n/a
76.68310546875	0.3	0.0	1	157047	n/a
76.69140625	0.3	1.0	2	157064	n/a
76.69970703125	0.3	0.0	1	157081	n/a
76.7080078125	0.3	1.0	2	157098	n/a
76.71630859375	0.3	1.0	2	157115	n/a
76.724609375	0.3	0.0	1	157132	n/a
76.73291015625	0.3	0.0	1	157149	n/a
76.74169921875	0.3	1.0	2	157167	n/a
76.75	0.3	0.0	1	157184	n/a
76.75830078125	0.3	1.0	2	157201	n/a
76.7666015625	0.3	1.0	2	157218	n/a
76.77490234375	0.3	0.0	1	157235	n/a
76.783203125	0.3	0.0	1	157252	n/a
76.79150390625	0.3	1.0	2	157269	n/a
76.7998046875	0.3	1.0	2	157286	n/a
76.80810546875	0.3	0.0	1	157303	n/a
76.81640625	0.3	1.0	2	157320	n/a
76.82470703125	0.3	0.0	1	157337	n/a
76.8330078125	0.3	0.0	1	157354	n/a
76.84130859375	0.3	1.0	2	157371	n/a
76.849609375	0.3	0.0	1	157388	n/a
76.85791015625	0.3	1.0	2	157405	n/a
76.86669921875	0.3	1.0	2	157423	n/a
76.875	0.3	0.0	1	157440	n/a
76.88330078125	0.3	1.0	2	157457	n/a
76.8916015625	0.3	0.0	1	157474	n/a
76.89990234375	0.3	0.0	1	157491	n/a
76.908203125	0.3	1.0	2	157508	n/a
76.91650390625	0.3	0.0	1	157525	n/a
76.9248046875	0.3	1.0	2	157542	n/a
76.93310546875	0.3	0.0	1	157559	n/a
76.94140625	0.3	1.0	2	157576	n/a
76.94970703125	0.3	0.0	1	157593	n/a
76.9580078125	0.3	1.0	2	157610	n/a
76.96630859375	0.3	0.0	1	157627	n/a
76.974609375	0.3	1.0	2	157644	n/a
76.98291015625	0.3	1.0	2	157661	n/a
76.99169921875	0.3	0.0	1	157679	n/a
77.0	0.3	1.0	2	157696	n/a
77.00830078125	0.3	0.0	1	157713	n/a
77.0166015625	0.3	0.0	1	157730	n/a
77.02490234375	0.3	1.0	2	157747	n/a
77.033203125	0.3	1.0	2	157764	n/a
77.04150390625	0.3	0.0	1	157781	n/a
77.0498046875	0.3	1.0	2	157798	n/a
77.05810546875	0.3	0.0	1	157815	n/a
77.06640625	0.3	1.0	2	157832	n/a
77.07470703125	0.3	0.0	1	157849	n/a
77.0830078125	0.3	0.0	1	157866	n/a
77.09130859375	0.3	1.0	2	157883	n/a
77.099609375	0.3	0.0	1	157900	n/a
77.10791015625	0.3	1.0	2	157917	n/a
77.11669921875	0.3	1.0	2	157935	n/a
77.125	0.3	0.0	1	157952	n/a
77.13330078125	0.3	0.0	1	157969	n/a
77.1416015625	0.3	1.0	2	157986	n/a
77.14990234375	0.3	1.0	2	158003	n/a
77.158203125	0.3	0.0	1	158020	n/a
77.16650390625	0.3	0.0	1	158037	n/a
77.1748046875	0.3	1.0	2	158054	n/a
77.18310546875	0.3	1.0	2	158071	n/a
77.19140625	0.3	0.0	1	158088	n/a
77.19970703125	0.3	1.0	2	158105	n/a
77.2080078125	0.3	0.0	1	158122	n/a
77.21630859375	0.3	0.0	1	158139	n/a
77.224609375	0.3	1.0	2	158156	n/a
77.23291015625	0.3	0.0	1	158173	n/a
77.24169921875	0.3	1.0	2	158191	n/a
77.25	0.3	1.0	2	158208	n/a
77.25830078125	0.3	0.0	1	158225	n/a
77.2666015625	0.3	0.0	1	158242	n/a
77.27490234375	0.3	1.0	2	158259	n/a
77.283203125	0.3	1.0	2	158276	n/a
77.29150390625	0.3	0.0	1	158293	n/a
77.2998046875	0.3	0.0	1	158310	n/a
77.30810546875	0.3	1.0	2	158327	n/a
77.31640625	0.3	1.0	2	158344	n/a
77.32470703125	0.3	0.0	1	158361	n/a
77.3330078125	0.3	1.0	2	158378	n/a
77.34130859375	0.3	0.0	1	158395	n/a
77.349609375	0.3	1.0	2	158412	n/a
77.35791015625	0.3	0.0	1	158429	n/a
77.36669921875	0.3	1.0	2	158447	n/a
77.375	0.3	0.0	1	158464	n/a
77.38330078125	0.3	0.0	1	158481	n/a
77.3916015625	0.3	1.0	2	158498	n/a
77.39990234375	0.3	0.0	1	158515	n/a
77.408203125	0.3	1.0	2	158532	n/a
77.41650390625	0.3	1.0	2	158549	n/a
77.4248046875	0.3	0.0	1	158566	n/a
77.43310546875	0.3	1.0	2	158583	n/a
77.44140625	0.3	0.0	1	158600	n/a
77.44970703125	0.3	1.0	2	158617	n/a
77.4580078125	0.3	0.0	1	158634	n/a
77.46630859375	0.3	1.0	2	158651	n/a
77.474609375	0.3	0.0	1	158668	n/a
77.48291015625	0.3	1.0	2	158685	n/a
77.49169921875	0.3	0.0	1	158703	n/a
77.5	0.3	1.0	2	158720	n/a
77.50830078125	0.3	0.0	1	158737	n/a
77.5166015625	0.3	0.0	1	158754	n/a
77.52490234375	0.3	1.0	2	158771	n/a
77.533203125	0.3	0.0	1	158788	n/a
77.54150390625	0.3	1.0	2	158805	n/a
77.5498046875	0.3	0.0	1	158822	n/a
77.55810546875	0.3	1.0	2	158839	n/a
77.56640625	0.3	0.0	1	158856	n/a
77.57470703125	0.3	1.0	2	158873	n/a
77.5830078125	0.3	0.0	1	158890	n/a
77.59130859375	0.3	1.0	2	158907	n/a
77.599609375	0.3	0.0	1	158924	n/a
77.60791015625	0.3	1.0	2	158941	n/a
77.61669921875	0.3	1.0	2	158959	n/a
77.625	0.3	0.0	1	158976	n/a
77.63330078125	0.3	0.0	1	158993	n/a
77.6416015625	0.3	1.0	2	159010	n/a
77.64990234375	0.3	1.0	2	159027	n/a
77.658203125	0.3	0.0	1	159044	n/a
77.66650390625	0.3	0.0	1	159061	n/a
77.6748046875	0.3	1.0	2	159078	n/a
77.68310546875	0.3	1.0	2	159095	n/a
77.69140625	0.3	0.0	1	159112	n/a
77.69970703125	0.3	1.0	2	159129	n/a
77.7080078125	0.3	0.0	1	159146	n/a
77.71630859375	0.3	0.0	1	159163	n/a
77.724609375	0.3	1.0	2	159180	n/a
77.73291015625	0.3	0.0	1	159197	n/a
77.74169921875	0.3	1.0	2	159215	n/a
77.75	0.3	0.0	1	159232	n/a
77.75830078125	0.3	1.0	2	159249	n/a
77.7666015625	0.3	1.0	2	159266	n/a
77.77490234375	0.3	0.0	1	159283	n/a
77.783203125	0.3	0.0	1	159300	n/a
77.79150390625	0.3	1.0	2	159317	n/a
77.7998046875	0.3	0.0	1	159334	n/a
77.80810546875	0.3	1.0	2	159351	n/a
77.81640625	0.3	1.0	2	159368	n/a
77.82470703125	0.3	0.0	1	159385	n/a
77.8330078125	0.3	0.0	1	159402	n/a
77.84130859375	0.3	1.0	2	159419	n/a
77.849609375	0.3	1.0	2	159436	n/a
77.85791015625	0.3	0.0	1	159453	n/a
77.86669921875	0.3	1.0	2	159471	n/a
77.875	0.3	0.0	1	159488	n/a
77.88330078125	0.3	0.0	1	159505	n/a
77.8916015625	0.3	1.0	2	159522	n/a
77.89990234375	0.3	0.0	1	159539	n/a
77.908203125	0.3	1.0	2	159556	n/a
77.91650390625	0.3	1.0	2	159573	n/a
77.9248046875	0.3	0.0	1	159590	n/a
77.93310546875	0.3	1.0	2	159607	n/a
77.94140625	0.3	0.0	1	159624	n/a
77.94970703125	0.3	0.0	1	159641	n/a
77.9580078125	0.3	1.0	2	159658	n/a
77.96630859375	0.3	0.0	1	159675	n/a
77.974609375	0.3	1.0	2	159692	n/a
77.98291015625	0.3	0.0	1	159709	n/a
77.99169921875	0.3	1.0	2	159727	n/a
78.0	0.3	0.0	1	159744	n/a
78.00830078125	0.3	1.0	2	159761	n/a
78.0166015625	0.3	0.0	1	159778	n/a
78.02490234375	0.3	1.0	2	159795	n/a
78.033203125	0.3	1.0	2	159812	n/a
78.04150390625	0.3	0.0	1	159829	n/a
78.0498046875	0.3	1.0	2	159846	n/a
78.05810546875	0.3	0.0	1	159863	n/a
78.06640625	0.3	0.0	1	159880	n/a
78.07470703125	0.3	1.0	2	159897	n/a
78.0830078125	0.3	1.0	2	159914	n/a
78.09130859375	0.3	0.0	1	159931	n/a
78.099609375	0.3	1.0	2	159948	n/a
78.10791015625	0.3	0.0	1	159965	n/a
78.11669921875	0.3	1.0	2	159983	n/a
78.125	0.3	0.0	1	160000	n/a
78.13330078125	0.3	0.0	1	160017	n/a
78.1416015625	0.3	1.0	2	160034	n/a
78.14990234375	0.3	0.0	1	160051	n/a
78.158203125	0.3	1.0	2	160068	n/a
78.16650390625	0.3	1.0	2	160085	n/a
78.1748046875	0.3	0.0	1	160102	n/a
78.18310546875	0.3	0.0	1	160119	n/a
78.19140625	0.3	1.0	2	160136	n/a
78.19970703125	0.3	1.0	2	160153	n/a
78.2080078125	0.3	0.0	1	160170	n/a
78.21630859375	0.3	0.0	1	160187	n/a
78.224609375	0.3	1.0	2	160204	n/a
78.23291015625	0.3	1.0	2	160221	n/a
78.24169921875	0.3	0.0	1	160239	n/a
78.25	0.3	1.0	2	160256	n/a
78.25830078125	0.3	0.0	1	160273	n/a
78.2666015625	0.3	0.0	1	160290	n/a
78.27490234375	0.3	1.0	2	160307	n/a
78.283203125	0.3	0.0	1	160324	n/a
78.29150390625	0.3	1.0	2	160341	n/a
78.2998046875	0.3	1.0	2	160358	n/a
78.30810546875	0.3	0.0	1	160375	n/a
78.31640625	0.3	0.0	1	160392	n/a
78.32470703125	0.3	1.0	2	160409	n/a
78.3330078125	0.3	1.0	2	160426	n/a
78.34130859375	0.3	0.0	1	160443	n/a
78.349609375	0.3	0.0	1	160460	n/a
78.35791015625	0.3	1.0	2	160477	n/a
78.36669921875	0.3	1.0	2	160495	n/a
78.375	0.3	0.0	1	160512	n/a
78.38330078125	0.3	1.0	2	160529	n/a
78.3916015625	0.3	0.0	1	160546	n/a
78.39990234375	0.3	1.0	2	160563	n/a
78.408203125	0.3	0.0	1	160580	n/a
78.41650390625	0.3	1.0	2	160597	n/a
78.4248046875	0.3	0.0	1	160614	n/a
78.43310546875	0.3	0.0	1	160631	n/a
78.44140625	0.3	1.0	2	160648	n/a
78.44970703125	0.3	0.0	1	160665	n/a
78.4580078125	0.3	1.0	2	160682	n/a
78.46630859375	0.3	1.0	2	160699	n/a
78.474609375	0.3	0.0	1	160716	n/a
78.48291015625	0.3	1.0	2	160733	n/a
78.49169921875	0.3	0.0	1	160751	n/a
78.5	0.3	1.0	2	160768	n/a
78.50830078125	0.3	0.0	1	160785	n/a
78.5166015625	0.3	1.0	2	160802	n/a
78.52490234375	0.3	0.0	1	160819	n/a
78.533203125	0.3	1.0	2	160836	n/a
78.54150390625	0.3	0.0	1	160853	n/a
78.5498046875	0.3	1.0	2	160870	n/a
78.55810546875	0.3	0.0	1	160887	n/a
78.56640625	0.3	0.0	1	160904	n/a
78.57470703125	0.3	1.0	2	160921	n/a
78.5830078125	0.3	0.0	1	160938	n/a
78.59130859375	0.3	1.0	2	160955	n/a
78.599609375	0.3	0.0	1	160972	n/a
78.60791015625	0.3	1.0	2	160989	n/a
78.61669921875	0.3	0.0	1	161007	n/a
78.625	0.3	1.0	2	161024	n/a
78.63330078125	0.3	0.0	1	161041	n/a
78.6416015625	0.3	1.0	2	161058	n/a
78.64990234375	0.3	0.0	1	161075	n/a
78.658203125	0.3	1.0	2	161092	n/a
78.66650390625	0.3	1.0	2	161109	n/a
78.6748046875	0.3	0.0	1	161126	n/a
78.68310546875	0.3	0.0	1	161143	n/a
78.69140625	0.3	1.0	2	161160	n/a
78.69970703125	0.3	1.0	2	161177	n/a
78.7080078125	0.3	0.0	1	161194	n/a
78.71630859375	0.3	0.0	1	161211	n/a
78.724609375	0.3	1.0	2	161228	n/a
78.73291015625	0.3	1.0	2	161245	n/a
78.74169921875	0.3	0.0	1	161263	n/a
78.75	0.3	1.0	2	161280	n/a
78.75830078125	0.3	0.0	1	161297	n/a
78.7666015625	0.3	0.0	1	161314	n/a
78.77490234375	0.3	1.0	2	161331	n/a
78.783203125	0.3	0.0	1	161348	n/a
78.79150390625	0.3	1.0	2	161365	n/a
78.7998046875	0.3	0.0	1	161382	n/a
78.80810546875	0.3	1.0	2	161399	n/a
78.81640625	0.3	1.0	2	161416	n/a
78.82470703125	0.3	0.0	1	161433	n/a
78.8330078125	0.3	0.0	1	161450	n/a
78.84130859375	0.3	1.0	2	161467	n/a
78.849609375	0.3	0.0	1	161484	n/a
78.85791015625	0.3	1.0	2	161501	n/a
78.86669921875	0.3	1.0	2	161519	n/a
78.875	0.3	0.0	1	161536	n/a
78.88330078125	0.3	0.0	1	161553	n/a
78.8916015625	0.3	1.0	2	161570	n/a
78.89990234375	0.3	1.0	2	161587	n/a
78.908203125	0.3	0.0	1	161604	n/a
78.91650390625	0.3	1.0	2	161621	n/a
78.9248046875	0.3	0.0	1	161638	n/a
78.93310546875	0.3	0.0	1	161655	n/a
78.94140625	0.3	1.0	2	161672	n/a
78.94970703125	0.3	0.0	1	161689	n/a
78.9580078125	0.3	1.0	2	161706	n/a
78.96630859375	0.3	1.0	2	161723	n/a
78.974609375	0.3	0.0	1	161740	n/a
78.98291015625	0.3	1.0	2	161757	n/a
78.99169921875	0.3	0.0	1	161775	n/a
79.0	0.3	0.0	1	161792	n/a
79.00830078125	0.3	1.0	2	161809	n/a
79.0166015625	0.3	0.0	1	161826	n/a
79.02490234375	0.3	1.0	2	161843	n/a
79.033203125	0.3	0.0	1	161860	n/a
79.04150390625	0.3	1.0	2	161877	n/a
79.0498046875	0.3	0.0	1	161894	n/a
79.05810546875	0.3	1.0	2	161911	n/a
79.06640625	0.3	0.0	1	161928	n/a
79.07470703125	0.3	1.0	2	161945	n/a
79.0830078125	0.3	1.0	2	161962	n/a
79.09130859375	0.3	0.0	1	161979	n/a
79.099609375	0.3	1.0	2	161996	n/a
79.10791015625	0.3	0.0	1	162013	n/a
79.11669921875	0.3	0.0	1	162031	n/a
79.125	0.3	1.0	2	162048	n/a
79.13330078125	0.3	1.0	2	162065	n/a
79.1416015625	0.3	0.0	1	162082	n/a
79.14990234375	0.3	1.0	2	162099	n/a
79.158203125	0.3	0.0	1	162116	n/a
79.16650390625	0.3	1.0	2	162133	n/a
79.1748046875	0.3	0.0	1	162150	n/a
79.18310546875	0.3	0.0	1	162167	n/a
79.19140625	0.3	1.0	2	162184	n/a
79.19970703125	0.3	0.0	1	162201	n/a
79.2080078125	0.3	1.0	2	162218	n/a
79.21630859375	0.3	1.0	2	162235	n/a
79.224609375	0.3	0.0	1	162252	n/a
79.23291015625	0.3	0.0	1	162269	n/a
79.24169921875	0.3	1.0	2	162287	n/a
79.25	0.3	1.0	2	162304	n/a
79.25830078125	0.3	0.0	1	162321	n/a
79.2666015625	0.3	0.0	1	162338	n/a
79.27490234375	0.3	1.0	2	162355	n/a
79.283203125	0.3	1.0	2	162372	n/a
79.29150390625	0.3	0.0	1	162389	n/a
79.2998046875	0.3	1.0	2	162406	n/a
79.30810546875	0.3	0.0	1	162423	n/a
79.31640625	0.3	0.0	1	162440	n/a
79.32470703125	0.3	1.0	2	162457	n/a
79.3330078125	0.3	0.0	1	162474	n/a
79.34130859375	0.3	1.0	2	162491	n/a
79.349609375	0.3	1.0	2	162508	n/a
79.35791015625	0.3	0.0	1	162525	n/a
79.36669921875	0.3	0.0	1	162543	n/a
79.375	0.3	1.0	2	162560	n/a
79.38330078125	0.3	1.0	2	162577	n/a
79.3916015625	0.3	0.0	1	162594	n/a
79.39990234375	0.3	0.0	1	162611	n/a
79.408203125	0.3	1.0	2	162628	n/a
79.41650390625	0.3	1.0	2	162645	n/a
79.4248046875	0.3	0.0	1	162662	n/a
79.43310546875	0.3	1.0	2	162679	n/a
79.44140625	0.3	0.0	1	162696	n/a
79.44970703125	0.3	1.0	2	162713	n/a
79.4580078125	0.3	0.0	1	162730	n/a
79.46630859375	0.3	1.0	2	162747	n/a
79.474609375	0.3	0.0	1	162764	n/a
79.48291015625	0.3	0.0	1	162781	n/a
79.49169921875	0.3	1.0	2	162799	n/a
79.5	0.3	0.0	1	162816	n/a
79.50830078125	0.3	1.0	2	162833	n/a
79.5166015625	0.3	1.0	2	162850	n/a
79.52490234375	0.3	0.0	1	162867	n/a
79.533203125	0.3	1.0	2	162884	n/a
79.54150390625	0.3	0.0	1	162901	n/a
79.5498046875	0.3	1.0	2	162918	n/a
79.55810546875	0.3	0.0	1	162935	n/a
79.56640625	0.3	1.0	2	162952	n/a
79.57470703125	0.3	0.0	1	162969	n/a
79.5830078125	0.3	1.0	2	162986	n/a
79.59130859375	0.3	0.0	1	163003	n/a
79.599609375	0.3	1.0	2	163020	n/a
79.60791015625	0.3	0.0	1	163037	n/a
79.61669921875	0.3	0.0	1	163055	n/a
79.625	0.3	1.0	2	163072	n/a
79.63330078125	0.3	0.0	1	163089	n/a
79.6416015625	0.3	1.0	2	163106	n/a
79.64990234375	0.3	0.0	1	163123	n/a
79.658203125	0.3	1.0	2	163140	n/a
79.66650390625	0.3	0.0	1	163157	n/a
79.6748046875	0.3	1.0	2	163174	n/a
79.68310546875	0.3	0.0	1	163191	n/a
79.69140625	0.3	1.0	2	163208	n/a
79.69970703125	0.3	0.0	1	163225	n/a
79.7080078125	0.3	1.0	2	163242	n/a
79.71630859375	0.3	1.0	2	163259	n/a
79.724609375	0.3	0.0	1	163276	n/a
79.73291015625	0.3	0.0	1	163293	n/a
79.74169921875	0.3	1.0	2	163311	n/a
79.75	0.3	1.0	2	163328	n/a
79.75830078125	0.3	0.0	1	163345	n/a
79.7666015625	0.3	0.0	1	163362	n/a
79.77490234375	0.3	1.0	2	163379	n/a
79.783203125	0.3	1.0	2	163396	n/a
79.79150390625	0.3	0.0	1	163413	n/a
79.7998046875	0.3	1.0	2	163430	n/a
79.80810546875	0.3	0.0	1	163447	n/a
79.81640625	0.3	0.0	1	163464	n/a
79.82470703125	0.3	1.0	2	163481	n/a
79.8330078125	0.3	0.0	1	163498	n/a
79.84130859375	0.3	1.0	2	163515	n/a
79.849609375	0.3	0.0	1	163532	n/a
79.85791015625	0.3	1.0	2	163549	n/a
79.86669921875	0.3	1.0	2	163567	n/a
79.875	0.3	0.0	1	163584	n/a
79.88330078125	0.3	0.0	1	163601	n/a
79.8916015625	0.3	1.0	2	163618	n/a
79.89990234375	0.3	0.0	1	163635	n/a
79.908203125	0.3	1.0	2	163652	n/a
79.91650390625	0.3	1.0	2	163669	n/a
79.9248046875	0.3	0.0	1	163686	n/a
79.93310546875	0.3	0.0	1	163703	n/a
79.94140625	0.3	1.0	2	163720	n/a
79.94970703125	0.3	1.0	2	163737	n/a
79.9580078125	0.3	0.0	1	163754	n/a
79.96630859375	0.3	1.0	2	163771	n/a
79.974609375	0.3	0.0	1	163788	n/a
79.98291015625	0.3	0.0	1	163805	n/a
79.99169921875	0.3	1.0	2	163823	n/a
82.3837890625	0.3	0.0	1	168722	9.0
82.39208984375	0.3	1.0	2	168739	n/a
82.400390625	0.3	0.0	1	168756	n/a
82.40869140625	0.3	1.0	2	168773	n/a
82.4169921875	0.3	0.0	1	168790	n/a
82.42529296875	0.3	1.0	2	168807	n/a
82.43359375	0.3	1.0	2	168824	n/a
82.44189453125	0.3	0.0	1	168841	n/a
82.45068359375	0.3	0.0	1	168859	n/a
82.458984375	0.3	1.0	2	168876	n/a
82.46728515625	0.3	0.0	1	168893	n/a
82.4755859375	0.3	1.0	2	168910	n/a
82.48388671875	0.3	0.0	1	168927	n/a
82.4921875	0.3	1.0	2	168944	n/a
82.50048828125	0.3	0.0	1	168961	n/a
82.5087890625	0.3	1.0	2	168978	n/a
82.51708984375	0.3	1.0	2	168995	n/a
82.525390625	0.3	0.0	1	169012	n/a
82.53369140625	0.3	0.0	1	169029	n/a
82.5419921875	0.3	1.0	2	169046	n/a
82.55029296875	0.3	0.0	1	169063	n/a
82.55859375	0.3	1.0	2	169080	n/a
82.56689453125	0.3	0.0	1	169097	n/a
82.57568359375	0.3	1.0	2	169115	n/a
82.583984375	0.3	0.0	1	169132	n/a
82.59228515625	0.3	1.0	2	169149	n/a
82.6005859375	0.3	0.0	1	169166	n/a
82.60888671875	0.3	1.0	2	169183	n/a
82.6171875	0.3	1.0	2	169200	n/a
82.62548828125	0.3	0.0	1	169217	n/a
82.6337890625	0.3	1.0	2	169234	n/a
82.64208984375	0.3	0.0	1	169251	n/a
82.650390625	0.3	0.0	1	169268	n/a
82.65869140625	0.3	1.0	2	169285	n/a
82.6669921875	0.3	0.0	1	169302	n/a
82.67529296875	0.3	1.0	2	169319	n/a
82.68359375	0.3	1.0	2	169336	n/a
82.69189453125	0.3	0.0	1	169353	n/a
82.70068359375	0.3	1.0	2	169371	n/a
82.708984375	0.3	0.0	1	169388	n/a
82.71728515625	0.3	1.0	2	169405	n/a
82.7255859375	0.3	0.0	1	169422	n/a
82.73388671875	0.3	0.0	1	169439	n/a
82.7421875	0.3	1.0	2	169456	n/a
82.75048828125	0.3	0.0	1	169473	n/a
82.7587890625	0.3	1.0	2	169490	n/a
82.76708984375	0.3	1.0	2	169507	n/a
82.775390625	0.3	0.0	1	169524	n/a
82.78369140625	0.3	1.0	2	169541	n/a
82.7919921875	0.3	0.0	1	169558	n/a
82.80029296875	0.3	0.0	1	169575	n/a
82.80859375	0.3	1.0	2	169592	n/a
82.81689453125	0.3	1.0	2	169609	n/a
82.82568359375	0.3	0.0	1	169627	n/a
82.833984375	0.3	1.0	2	169644	n/a
82.84228515625	0.3	0.0	1	169661	n/a
82.8505859375	0.3	0.0	1	169678	n/a
82.85888671875	0.3	1.0	2	169695	n/a
82.8671875	0.3	1.0	2	169712	n/a
82.87548828125	0.3	0.0	1	169729	n/a
82.8837890625	0.3	1.0	2	169746	n/a
82.89208984375	0.3	0.0	1	169763	n/a
82.900390625	0.3	0.0	1	169780	n/a
82.90869140625	0.3	1.0	2	169797	n/a
82.9169921875	0.3	1.0	2	169814	n/a
82.92529296875	0.3	0.0	1	169831	n/a
82.93359375	0.3	1.0	2	169848	n/a
82.94189453125	0.3	0.0	1	169865	n/a
82.95068359375	0.3	0.0	1	169883	n/a
82.958984375	0.3	1.0	2	169900	n/a
82.96728515625	0.3	1.0	2	169917	n/a
82.9755859375	0.3	0.0	1	169934	n/a
82.98388671875	0.3	0.0	1	169951	n/a
82.9921875	0.3	1.0	2	169968	n/a
83.00048828125	0.3	0.0	1	169985	n/a
83.0087890625	0.3	1.0	2	170002	n/a
83.01708984375	0.3	0.0	1	170019	n/a
83.025390625	0.3	1.0	2	170036	n/a
83.03369140625	0.3	1.0	2	170053	n/a
83.0419921875	0.3	0.0	1	170070	n/a
83.05029296875	0.3	1.0	2	170087	n/a
83.05859375	0.3	0.0	1	170104	n/a
83.06689453125	0.3	0.0	1	170121	n/a
83.07568359375	0.3	1.0	2	170139	n/a
83.083984375	0.3	1.0	2	170156	n/a
83.09228515625	0.3	0.0	1	170173	n/a
83.1005859375	0.3	1.0	2	170190	n/a
83.10888671875	0.3	0.0	1	170207	n/a
83.1171875	0.3	0.0	1	170224	n/a
83.12548828125	0.3	1.0	2	170241	n/a
83.1337890625	0.3	1.0	2	170258	n/a
83.14208984375	0.3	0.0	1	170275	n/a
83.150390625	0.3	1.0	2	170292	n/a
83.15869140625	0.3	0.0	1	170309	n/a
83.1669921875	0.3	0.0	1	170326	n/a
83.17529296875	0.3	1.0	2	170343	n/a
83.18359375	0.3	0.0	1	170360	n/a
83.19189453125	0.3	1.0	2	170377	n/a
83.20068359375	0.3	1.0	2	170395	n/a
83.208984375	0.3	0.0	1	170412	n/a
83.21728515625	0.3	1.0	2	170429	n/a
83.2255859375	0.3	0.0	1	170446	n/a
83.23388671875	0.3	0.0	1	170463	n/a
83.2421875	0.3	1.0	2	170480	n/a
83.25048828125	0.3	1.0	2	170497	n/a
83.2587890625	0.3	0.0	1	170514	n/a
83.26708984375	0.3	0.0	1	170531	n/a
83.275390625	0.3	1.0	2	170548	n/a
83.28369140625	0.3	0.0	1	170565	n/a
83.2919921875	0.3	1.0	2	170582	n/a
83.30029296875	0.3	1.0	2	170599	n/a
83.30859375	0.3	0.0	1	170616	n/a
83.31689453125	0.3	1.0	2	170633	n/a
83.32568359375	0.3	0.0	1	170651	n/a
83.333984375	0.3	0.0	1	170668	n/a
83.34228515625	0.3	1.0	2	170685	n/a
83.3505859375	0.3	1.0	2	170702	n/a
83.35888671875	0.3	0.0	1	170719	n/a
83.3671875	0.3	1.0	2	170736	n/a
83.37548828125	0.3	0.0	1	170753	n/a
83.3837890625	0.3	1.0	2	170770	n/a
83.39208984375	0.3	0.0	1	170787	n/a
83.400390625	0.3	1.0	2	170804	n/a
83.40869140625	0.3	0.0	1	170821	n/a
83.4169921875	0.3	0.0	1	170838	n/a
83.42529296875	0.3	1.0	2	170855	n/a
83.43359375	0.3	0.0	1	170872	n/a
83.44189453125	0.3	1.0	2	170889	n/a
83.45068359375	0.3	0.0	1	170907	n/a
83.458984375	0.3	1.0	2	170924	n/a
83.46728515625	0.3	0.0	1	170941	n/a
83.4755859375	0.3	1.0	2	170958	n/a
83.48388671875	0.3	1.0	2	170975	n/a
83.4921875	0.3	0.0	1	170992	n/a
83.50048828125	0.3	0.0	1	171009	n/a
83.5087890625	0.3	1.0	2	171026	n/a
83.51708984375	0.3	0.0	1	171043	n/a
83.525390625	0.3	1.0	2	171060	n/a
83.53369140625	0.3	0.0	1	171077	n/a
83.5419921875	0.3	1.0	2	171094	n/a
83.55029296875	0.3	0.0	1	171111	n/a
83.55859375	0.3	1.0	2	171128	n/a
83.56689453125	0.3	1.0	2	171145	n/a
83.57568359375	0.3	0.0	1	171163	n/a
83.583984375	0.3	0.0	1	171180	n/a
83.59228515625	0.3	1.0	2	171197	n/a
83.6005859375	0.3	0.0	1	171214	n/a
83.60888671875	0.3	1.0	2	171231	n/a
83.6171875	0.3	0.0	1	171248	n/a
83.62548828125	0.3	1.0	2	171265	n/a
83.6337890625	0.3	0.0	1	171282	n/a
83.64208984375	0.3	1.0	2	171299	n/a
83.650390625	0.3	0.0	1	171316	n/a
83.65869140625	0.3	1.0	2	171333	n/a
83.6669921875	0.3	1.0	2	171350	n/a
83.67529296875	0.3	0.0	1	171367	n/a
83.68359375	0.3	1.0	2	171384	n/a
83.69189453125	0.3	0.0	1	171401	n/a
83.70068359375	0.3	0.0	1	171419	n/a
83.708984375	0.3	1.0	2	171436	n/a
83.71728515625	0.3	0.0	1	171453	n/a
83.7255859375	0.3	1.0	2	171470	n/a
83.73388671875	0.3	1.0	2	171487	n/a
83.7421875	0.3	0.0	1	171504	n/a
83.75048828125	0.3	1.0	2	171521	n/a
83.7587890625	0.3	0.0	1	171538	n/a
83.76708984375	0.3	1.0	2	171555	n/a
83.775390625	0.3	0.0	1	171572	n/a
83.78369140625	0.3	0.0	1	171589	n/a
83.7919921875	0.3	1.0	2	171606	n/a
83.80029296875	0.3	0.0	1	171623	n/a
83.80859375	0.3	1.0	2	171640	n/a
83.81689453125	0.3	1.0	2	171657	n/a
83.82568359375	0.3	0.0	1	171675	n/a
83.833984375	0.3	1.0	2	171692	n/a
83.84228515625	0.3	0.0	1	171709	n/a
83.8505859375	0.3	0.0	1	171726	n/a
83.85888671875	0.3	1.0	2	171743	n/a
83.8671875	0.3	1.0	2	171760	n/a
83.87548828125	0.3	0.0	1	171777	n/a
83.8837890625	0.3	1.0	2	171794	n/a
83.89208984375	0.3	0.0	1	171811	n/a
83.900390625	0.3	0.0	1	171828	n/a
83.90869140625	0.3	1.0	2	171845	n/a
83.9169921875	0.3	1.0	2	171862	n/a
83.92529296875	0.3	0.0	1	171879	n/a
83.93359375	0.3	1.0	2	171896	n/a
83.94189453125	0.3	0.0	1	171913	n/a
83.95068359375	0.3	0.0	1	171931	n/a
83.958984375	0.3	1.0	2	171948	n/a
83.96728515625	0.3	1.0	2	171965	n/a
83.9755859375	0.3	0.0	1	171982	n/a
83.98388671875	0.3	1.0	2	171999	n/a
83.9921875	0.3	0.0	1	172016	n/a
84.00048828125	0.3	0.0	1	172033	n/a
84.0087890625	0.3	1.0	2	172050	n/a
84.01708984375	0.3	1.0	2	172067	n/a
84.025390625	0.3	0.0	1	172084	n/a
84.03369140625	0.3	0.0	1	172101	n/a
84.0419921875	0.3	1.0	2	172118	n/a
84.05029296875	0.3	0.0	1	172135	n/a
84.05859375	0.3	1.0	2	172152	n/a
84.06689453125	0.3	0.0	1	172169	n/a
84.07568359375	0.3	1.0	2	172187	n/a
84.083984375	0.3	1.0	2	172204	n/a
84.09228515625	0.3	0.0	1	172221	n/a
84.1005859375	0.3	1.0	2	172238	n/a
84.10888671875	0.3	0.0	1	172255	n/a
84.1171875	0.3	0.0	1	172272	n/a
84.12548828125	0.3	1.0	2	172289	n/a
84.1337890625	0.3	1.0	2	172306	n/a
84.14208984375	0.3	0.0	1	172323	n/a
84.150390625	0.3	1.0	2	172340	n/a
84.15869140625	0.3	0.0	1	172357	n/a
84.1669921875	0.3	0.0	1	172374	n/a
84.17529296875	0.3	1.0	2	172391	n/a
84.18359375	0.3	1.0	2	172408	n/a
84.19189453125	0.3	0.0	1	172425	n/a
84.20068359375	0.3	1.0	2	172443	n/a
84.208984375	0.3	0.0	1	172460	n/a
84.21728515625	0.3	0.0	1	172477	n/a
84.2255859375	0.3	1.0	2	172494	n/a
84.23388671875	0.3	0.0	1	172511	n/a
84.2421875	0.3	1.0	2	172528	n/a
84.25048828125	0.3	1.0	2	172545	n/a
84.2587890625	0.3	0.0	1	172562	n/a
84.26708984375	0.3	1.0	2	172579	n/a
84.275390625	0.3	0.0	1	172596	n/a
84.28369140625	0.3	0.0	1	172613	n/a
84.2919921875	0.3	1.0	2	172630	n/a
84.30029296875	0.3	1.0	2	172647	n/a
84.30859375	0.3	0.0	1	172664	n/a
84.31689453125	0.3	0.0	1	172681	n/a
84.32568359375	0.3	1.0	2	172699	n/a
84.333984375	0.3	0.0	1	172716	n/a
84.34228515625	0.3	1.0	2	172733	n/a
84.3505859375	0.3	1.0	2	172750	n/a
84.35888671875	0.3	0.0	1	172767	n/a
84.3671875	0.3	1.0	2	172784	n/a
84.37548828125	0.3	0.0	1	172801	n/a
84.3837890625	0.3	0.0	1	172818	n/a
84.39208984375	0.3	1.0	2	172835	n/a
84.400390625	0.3	1.0	2	172852	n/a
84.40869140625	0.3	0.0	1	172869	n/a
84.4169921875	0.3	1.0	2	172886	n/a
84.42529296875	0.3	0.0	1	172903	n/a
84.43359375	0.3	1.0	2	172920	n/a
84.44189453125	0.3	0.0	1	172937	n/a
84.45068359375	0.3	1.0	2	172955	n/a
84.458984375	0.3	0.0	1	172972	n/a
84.46728515625	0.3	0.0	1	172989	n/a
84.4755859375	0.3	1.0	2	173006	n/a
84.48388671875	0.3	0.0	1	173023	n/a
84.4921875	0.3	1.0	2	173040	n/a
84.50048828125	0.3	0.0	1	173057	n/a
84.5087890625	0.3	1.0	2	173074	n/a
84.51708984375	0.3	0.0	1	173091	n/a
84.525390625	0.3	1.0	2	173108	n/a
84.53369140625	0.3	1.0	2	173125	n/a
84.5419921875	0.3	0.0	1	173142	n/a
84.55029296875	0.3	0.0	1	173159	n/a
84.55859375	0.3	1.0	2	173176	n/a
84.56689453125	0.3	0.0	1	173193	n/a
84.57568359375	0.3	1.0	2	173211	n/a
84.583984375	0.3	0.0	1	173228	n/a
84.59228515625	0.3	1.0	2	173245	n/a
84.6005859375	0.3	0.0	1	173262	n/a
84.60888671875	0.3	1.0	2	173279	n/a
84.6171875	0.3	1.0	2	173296	n/a
84.62548828125	0.3	0.0	1	173313	n/a
84.6337890625	0.3	0.0	1	173330	n/a
84.64208984375	0.3	1.0	2	173347	n/a
84.650390625	0.3	0.0	1	173364	n/a
84.65869140625	0.3	1.0	2	173381	n/a
84.6669921875	0.3	0.0	1	173398	n/a
84.67529296875	0.3	1.0	2	173415	n/a
84.68359375	0.3	0.0	1	173432	n/a
84.69189453125	0.3	1.0	2	173449	n/a
84.70068359375	0.3	0.0	1	173467	n/a
84.708984375	0.3	1.0	2	173484	n/a
84.71728515625	0.3	1.0	2	173501	n/a
84.7255859375	0.3	0.0	1	173518	n/a
84.73388671875	0.3	1.0	2	173535	n/a
84.7421875	0.3	0.0	1	173552	n/a
84.75048828125	0.3	0.0	1	173569	n/a
84.7587890625	0.3	1.0	2	173586	n/a
84.76708984375	0.3	0.0	1	173603	n/a
84.775390625	0.3	1.0	2	173620	n/a
84.78369140625	0.3	1.0	2	173637	n/a
84.7919921875	0.3	0.0	1	173654	n/a
84.80029296875	0.3	1.0	2	173671	n/a
84.80859375	0.3	0.0	1	173688	n/a
84.81689453125	0.3	1.0	2	173705	n/a
84.82568359375	0.3	0.0	1	173723	n/a
84.833984375	0.3	0.0	1	173740	n/a
84.84228515625	0.3	1.0	2	173757	n/a
84.8505859375	0.3	0.0	1	173774	n/a
84.85888671875	0.3	1.0	2	173791	n/a
84.8671875	0.3	1.0	2	173808	n/a
84.87548828125	0.3	0.0	1	173825	n/a
84.8837890625	0.3	1.0	2	173842	n/a
84.89208984375	0.3	0.0	1	173859	n/a
84.900390625	0.3	0.0	1	173876	n/a
84.90869140625	0.3	1.0	2	173893	n/a
84.9169921875	0.3	1.0	2	173910	n/a
84.92529296875	0.3	0.0	1	173927	n/a
84.93359375	0.3	1.0	2	173944	n/a
84.94189453125	0.3	0.0	1	173961	n/a
84.95068359375	0.3	0.0	1	173979	n/a
84.958984375	0.3	1.0	2	173996	n/a
84.96728515625	0.3	1.0	2	174013	n/a
84.9755859375	0.3	0.0	1	174030	n/a
84.98388671875	0.3	1.0	2	174047	n/a
84.9921875	0.3	0.0	1	174064	n/a
85.00048828125	0.3	0.0	1	174081	n/a
85.0087890625	0.3	1.0	2	174098	n/a
85.01708984375	0.3	1.0	2	174115	n/a
85.025390625	0.3	0.0	1	174132	n/a
85.03369140625	0.3	1.0	2	174149	n/a
85.0419921875	0.3	0.0	1	174166	n/a
85.05029296875	0.3	0.0	1	174183	n/a
85.05859375	0.3	1.0	2	174200	n/a
85.06689453125	0.3	1.0	2	174217	n/a
85.07568359375	0.3	0.0	1	174235	n/a
85.083984375	0.3	0.0	1	174252	n/a
85.09228515625	0.3	1.0	2	174269	n/a
85.1005859375	0.3	0.0	1	174286	n/a
85.10888671875	0.3	1.0	2	174303	n/a
85.1171875	0.3	0.0	1	174320	n/a
85.12548828125	0.3	1.0	2	174337	n/a
85.1337890625	0.3	1.0	2	174354	n/a
85.14208984375	0.3	0.0	1	174371	n/a
85.150390625	0.3	1.0	2	174388	n/a
85.15869140625	0.3	0.0	1	174405	n/a
85.1669921875	0.3	0.0	1	174422	n/a
85.17529296875	0.3	1.0	2	174439	n/a
85.18359375	0.3	1.0	2	174456	n/a
85.19189453125	0.3	0.0	1	174473	n/a
85.20068359375	0.3	1.0	2	174491	n/a
85.208984375	0.3	0.0	1	174508	n/a
85.21728515625	0.3	0.0	1	174525	n/a
85.2255859375	0.3	1.0	2	174542	n/a
85.23388671875	0.3	1.0	2	174559	n/a
85.2421875	0.3	0.0	1	174576	n/a
85.25048828125	0.3	1.0	2	174593	n/a
85.2587890625	0.3	0.0	1	174610	n/a
85.26708984375	0.3	0.0	1	174627	n/a
85.275390625	0.3	1.0	2	174644	n/a
85.28369140625	0.3	0.0	1	174661	n/a
85.2919921875	0.3	1.0	2	174678	n/a
85.30029296875	0.3	1.0	2	174695	n/a
85.30859375	0.3	0.0	1	174712	n/a
85.31689453125	0.3	1.0	2	174729	n/a
85.32568359375	0.3	0.0	1	174747	n/a
85.333984375	0.3	0.0	1	174764	n/a
85.34228515625	0.3	1.0	2	174781	n/a
85.3505859375	0.3	1.0	2	174798	n/a
85.35888671875	0.3	0.0	1	174815	n/a
85.3671875	0.3	0.0	1	174832	n/a
85.37548828125	0.3	1.0	2	174849	n/a
85.3837890625	0.3	0.0	1	174866	n/a
85.39208984375	0.3	1.0	2	174883	n/a
85.400390625	0.3	1.0	2	174900	n/a
85.40869140625	0.3	0.0	1	174917	n/a
85.4169921875	0.3	1.0	2	174934	n/a
85.42529296875	0.3	0.0	1	174951	n/a
85.43359375	0.3	0.0	1	174968	n/a
85.44189453125	0.3	1.0	2	174985	n/a
85.45068359375	0.3	1.0	2	175003	n/a
85.458984375	0.3	0.0	1	175020	n/a
85.46728515625	0.3	1.0	2	175037	n/a
85.4755859375	0.3	0.0	1	175054	n/a
85.48388671875	0.3	1.0	2	175071	n/a
85.4921875	0.3	0.0	1	175088	n/a
85.50048828125	0.3	1.0	2	175105	n/a
85.5087890625	0.3	0.0	1	175122	n/a
85.51708984375	0.3	0.0	1	175139	n/a
85.525390625	0.3	1.0	2	175156	n/a
85.53369140625	0.3	0.0	1	175173	n/a
85.5419921875	0.3	1.0	2	175190	n/a
85.55029296875	0.3	0.0	1	175207	n/a
85.55859375	0.3	1.0	2	175224	n/a
85.56689453125	0.3	0.0	1	175241	n/a
85.57568359375	0.3	1.0	2	175259	n/a
85.583984375	0.3	1.0	2	175276	n/a
85.59228515625	0.3	0.0	1	175293	n/a
85.6005859375	0.3	0.0	1	175310	n/a
85.60888671875	0.3	1.0	2	175327	n/a
85.6171875	0.3	0.0	1	175344	n/a
85.62548828125	0.3	1.0	2	175361	n/a
85.6337890625	0.3	0.0	1	175378	n/a
85.64208984375	0.3	1.0	2	175395	n/a
85.650390625	0.3	0.0	1	175412	n/a
85.65869140625	0.3	1.0	2	175429	n/a
85.6669921875	0.3	1.0	2	175446	n/a
85.67529296875	0.3	0.0	1	175463	n/a
85.68359375	0.3	0.0	1	175480	n/a
85.69189453125	0.3	1.0	2	175497	n/a
85.70068359375	0.3	0.0	1	175515	n/a
85.708984375	0.3	1.0	2	175532	n/a
85.71728515625	0.3	0.0	1	175549	n/a
85.7255859375	0.3	1.0	2	175566	n/a
85.73388671875	0.3	0.0	1	175583	n/a
85.7421875	0.3	1.0	2	175600	n/a
85.75048828125	0.3	0.0	1	175617	n/a
85.7587890625	0.3	1.0	2	175634	n/a
85.76708984375	0.3	1.0	2	175651	n/a
85.775390625	0.3	0.0	1	175668	n/a
85.78369140625	0.3	1.0	2	175685	n/a
85.7919921875	0.3	0.0	1	175702	n/a
85.80029296875	0.3	0.0	1	175719	n/a
85.80859375	0.3	1.0	2	175736	n/a
85.81689453125	0.3	0.0	1	175753	n/a
85.82568359375	0.3	1.0	2	175771	n/a
85.833984375	0.3	1.0	2	175788	n/a
85.84228515625	0.3	0.0	1	175805	n/a
85.8505859375	0.3	1.0	2	175822	n/a
85.85888671875	0.3	0.0	1	175839	n/a
85.8671875	0.3	1.0	2	175856	n/a
85.87548828125	0.3	0.0	1	175873	n/a
85.8837890625	0.3	0.0	1	175890	n/a
85.89208984375	0.3	1.0	2	175907	n/a
85.900390625	0.3	0.0	1	175924	n/a
85.90869140625	0.3	1.0	2	175941	n/a
85.9169921875	0.3	1.0	2	175958	n/a
85.92529296875	0.3	0.0	1	175975	n/a
85.93359375	0.3	1.0	2	175992	n/a
85.94189453125	0.3	0.0	1	176009	n/a
85.95068359375	0.3	0.0	1	176027	n/a
85.958984375	0.3	1.0	2	176044	n/a
85.96728515625	0.3	1.0	2	176061	n/a
85.9755859375	0.3	0.0	1	176078	n/a
85.98388671875	0.3	1.0	2	176095	n/a
85.9921875	0.3	0.0	1	176112	n/a
86.00048828125	0.3	0.0	1	176129	n/a
86.0087890625	0.3	1.0	2	176146	n/a
86.01708984375	0.3	1.0	2	176163	n/a
86.025390625	0.3	0.0	1	176180	n/a
86.03369140625	0.3	1.0	2	176197	n/a
86.0419921875	0.3	0.0	1	176214	n/a
86.05029296875	0.3	0.0	1	176231	n/a
86.05859375	0.3	1.0	2	176248	n/a
86.06689453125	0.3	1.0	2	176265	n/a
86.07568359375	0.3	0.0	1	176283	n/a
86.083984375	0.3	1.0	2	176300	n/a
86.09228515625	0.3	0.0	1	176317	n/a
86.1005859375	0.3	0.0	1	176334	n/a
86.10888671875	0.3	1.0	2	176351	n/a
86.1171875	0.3	1.0	2	176368	n/a
86.12548828125	0.3	0.0	1	176385	n/a
86.1337890625	0.3	0.0	1	176402	n/a
86.14208984375	0.3	1.0	2	176419	n/a
86.150390625	0.3	0.0	1	176436	n/a
86.15869140625	0.3	1.0	2	176453	n/a
86.1669921875	0.3	0.0	1	176470	n/a
86.17529296875	0.3	1.0	2	176487	n/a
86.18359375	0.3	1.0	2	176504	n/a
86.19189453125	0.3	0.0	1	176521	n/a
86.20068359375	0.3	1.0	2	176539	n/a
86.208984375	0.3	0.0	1	176556	n/a
86.21728515625	0.3	0.0	1	176573	n/a
86.2255859375	0.3	1.0	2	176590	n/a
86.23388671875	0.3	1.0	2	176607	n/a
86.2421875	0.3	0.0	1	176624	n/a
86.25048828125	0.3	1.0	2	176641	n/a
86.2587890625	0.3	0.0	1	176658	n/a
86.26708984375	0.3	0.0	1	176675	n/a
86.275390625	0.3	1.0	2	176692	n/a
86.28369140625	0.3	1.0	2	176709	n/a
86.2919921875	0.3	0.0	1	176726	n/a
86.30029296875	0.3	1.0	2	176743	n/a
86.30859375	0.3	0.0	1	176760	n/a
86.31689453125	0.3	0.0	1	176777	n/a
86.32568359375	0.3	1.0	2	176795	n/a
86.333984375	0.3	0.0	1	176812	n/a
86.34228515625	0.3	1.0	2	176829	n/a
86.3505859375	0.3	1.0	2	176846	n/a
86.35888671875	0.3	0.0	1	176863	n/a
86.3671875	0.3	1.0	2	176880	n/a
86.37548828125	0.3	0.0	1	176897	n/a
86.3837890625	0.3	0.0	1	176914	n/a
86.39208984375	0.3	1.0	2	176931	n/a
86.400390625	0.3	1.0	2	176948	n/a
86.40869140625	0.3	0.0	1	176965	n/a
86.4169921875	0.3	0.0	1	176982	n/a
86.42529296875	0.3	1.0	2	176999	n/a
86.43359375	0.3	0.0	1	177016	n/a
86.44189453125	0.3	1.0	2	177033	n/a
86.45068359375	0.3	1.0	2	177051	n/a
86.458984375	0.3	0.0	1	177068	n/a
86.46728515625	0.3	1.0	2	177085	n/a
86.4755859375	0.3	0.0	1	177102	n/a
86.48388671875	0.3	0.0	1	177119	n/a
86.4921875	0.3	1.0	2	177136	n/a
86.50048828125	0.3	1.0	2	177153	n/a
86.5087890625	0.3	0.0	1	177170	n/a
86.51708984375	0.3	1.0	2	177187	n/a
86.525390625	0.3	0.0	1	177204	n/a
86.53369140625	0.3	1.0	2	177221	n/a
86.5419921875	0.3	0.0	1	177238	n/a
86.55029296875	0.3	1.0	2	177255	n/a
86.55859375	0.3	0.0	1	177272	n/a
86.56689453125	0.3	0.0	1	177289	n/a
86.57568359375	0.3	1.0	2	177307	n/a
88.943359375	0.3	0.0	1	182156	25.0
88.95166015625	0.3	1.0	2	182173	n/a
88.9599609375	0.3	1.0	2	182190	n/a
88.96826171875	0.3	0.0	1	182207	n/a
88.9765625	0.3	1.0	2	182224	n/a
88.98486328125	0.3	0.0	1	182241	n/a
88.9931640625	0.3	1.0	2	182258	n/a
89.00146484375	0.3	0.0	1	182275	n/a
89.01025390625	0.3	1.0	2	182293	n/a
89.0185546875	0.3	0.0	1	182310	n/a
89.02685546875	0.3	1.0	2	182327	n/a
89.03515625	0.3	0.0	1	182344	n/a
89.04345703125	0.3	0.0	1	182361	n/a
89.0517578125	0.3	1.0	2	182378	n/a
89.06005859375	0.3	0.0	1	182395	n/a
89.068359375	0.3	1.0	2	182412	n/a
89.07666015625	0.3	1.0	2	182429	n/a
89.0849609375	0.3	0.0	1	182446	n/a
89.09326171875	0.3	1.0	2	182463	n/a
89.1015625	0.3	0.0	1	182480	n/a
89.10986328125	0.3	0.0	1	182497	n/a
89.1181640625	0.3	1.0	2	182514	n/a
89.12646484375	0.3	0.0	1	182531	n/a
89.13525390625	0.3	1.0	2	182549	n/a
89.1435546875	0.3	1.0	2	182566	n/a
89.15185546875	0.3	0.0	1	182583	n/a
89.16015625	0.3	0.0	1	182600	n/a
89.16845703125	0.3	1.0	2	182617	n/a
89.1767578125	0.3	1.0	2	182634	n/a
89.18505859375	0.3	0.0	1	182651	n/a
89.193359375	0.3	1.0	2	182668	n/a
89.20166015625	0.3	0.0	1	182685	n/a
89.2099609375	0.3	0.0	1	182702	n/a
89.21826171875	0.3	1.0	2	182719	n/a
89.2265625	0.3	1.0	2	182736	n/a
89.23486328125	0.3	0.0	1	182753	n/a
89.2431640625	0.3	0.0	1	182770	n/a
89.25146484375	0.3	1.0	2	182787	n/a
89.26025390625	0.3	0.0	1	182805	n/a
89.2685546875	0.3	1.0	2	182822	n/a
89.27685546875	0.3	1.0	2	182839	n/a
89.28515625	0.3	0.0	1	182856	n/a
89.29345703125	0.3	0.0	1	182873	n/a
89.3017578125	0.3	1.0	2	182890	n/a
89.31005859375	0.3	0.0	1	182907	n/a
89.318359375	0.3	1.0	2	182924	n/a
89.32666015625	0.3	1.0	2	182941	n/a
89.3349609375	0.3	0.0	1	182958	n/a
89.34326171875	0.3	1.0	2	182975	n/a
89.3515625	0.3	0.0	1	182992	n/a
89.35986328125	0.3	1.0	2	183009	n/a
89.3681640625	0.3	0.0	1	183026	n/a
89.37646484375	0.3	1.0	2	183043	n/a
89.38525390625	0.3	0.0	1	183061	n/a
89.3935546875	0.3	0.0	1	183078	n/a
89.40185546875	0.3	1.0	2	183095	n/a
89.41015625	0.3	1.0	2	183112	n/a
89.41845703125	0.3	0.0	1	183129	n/a
89.4267578125	0.3	0.0	1	183146	n/a
89.43505859375	0.3	1.0	2	183163	n/a
89.443359375	0.3	0.0	1	183180	n/a
89.45166015625	0.3	1.0	2	183197	n/a
89.4599609375	0.3	1.0	2	183214	n/a
89.46826171875	0.3	0.0	1	183231	n/a
89.4765625	0.3	0.0	1	183248	n/a
89.48486328125	0.3	1.0	2	183265	n/a
89.4931640625	0.3	1.0	2	183282	n/a
89.50146484375	0.3	0.0	1	183299	n/a
89.51025390625	0.3	0.0	1	183317	n/a
89.5185546875	0.3	1.0	2	183334	n/a
89.52685546875	0.3	0.0	1	183351	n/a
89.53515625	0.3	1.0	2	183368	n/a
89.54345703125	0.3	0.0	1	183385	n/a
89.5517578125	0.3	1.0	2	183402	n/a
89.56005859375	0.3	1.0	2	183419	n/a
89.568359375	0.3	0.0	1	183436	n/a
89.57666015625	0.3	0.0	1	183453	n/a
89.5849609375	0.3	1.0	2	183470	n/a
89.59326171875	0.3	0.0	1	183487	n/a
89.6015625	0.3	1.0	2	183504	n/a
89.60986328125	0.3	1.0	2	183521	n/a
89.6181640625	0.3	0.0	1	183538	n/a
89.62646484375	0.3	0.0	1	183555	n/a
89.63525390625	0.3	1.0	2	183573	n/a
89.6435546875	0.3	1.0	2	183590	n/a
89.65185546875	0.3	0.0	1	183607	n/a
89.66015625	0.3	0.0	1	183624	n/a
89.66845703125	0.3	1.0	2	183641	n/a
89.6767578125	0.3	1.0	2	183658	n/a
89.68505859375	0.3	0.0	1	183675	n/a
89.693359375	0.3	1.0	2	183692	n/a
89.70166015625	0.3	0.0	1	183709	n/a
89.7099609375	0.3	1.0	2	183726	n/a
89.71826171875	0.3	0.0	1	183743	n/a
89.7265625	0.3	1.0	2	183760	n/a
89.73486328125	0.3	0.0	1	183777	n/a
89.7431640625	0.3	1.0	2	183794	n/a
89.75146484375	0.3	0.0	1	183811	n/a
89.76025390625	0.3	0.0	1	183829	n/a
89.7685546875	0.3	1.0	2	183846	n/a
89.77685546875	0.3	0.0	1	183863	n/a
89.78515625	0.3	1.0	2	183880	n/a
89.79345703125	0.3	0.0	1	183897	n/a
89.8017578125	0.3	1.0	2	183914	n/a
89.81005859375	0.3	0.0	1	183931	n/a
89.818359375	0.3	1.0	2	183948	n/a
89.82666015625	0.3	1.0	2	183965	n/a
89.8349609375	0.3	0.0	1	183982	n/a
89.84326171875	0.3	1.0	2	183999	n/a
89.8515625	0.3	0.0	1	184016	n/a
89.85986328125	0.3	1.0	2	184033	n/a
89.8681640625	0.3	0.0	1	184050	n/a
89.87646484375	0.3	0.0	1	184067	n/a
89.88525390625	0.3	1.0	2	184085	n/a
89.8935546875	0.3	0.0	1	184102	n/a
89.90185546875	0.3	1.0	2	184119	n/a
89.91015625	0.3	0.0	1	184136	n/a
89.91845703125	0.3	1.0	2	184153	n/a
89.9267578125	0.3	0.0	1	184170	n/a
89.93505859375	0.3	1.0	2	184187	n/a
89.943359375	0.3	1.0	2	184204	n/a
89.95166015625	0.3	0.0	1	184221	n/a
89.9599609375	0.3	0.0	1	184238	n/a
89.96826171875	0.3	1.0	2	184255	n/a
89.9765625	0.3	0.0	1	184272	n/a
89.98486328125	0.3	1.0	2	184289	n/a
89.9931640625	0.3	0.0	1	184306	n/a
90.00146484375	0.3	1.0	2	184323	n/a
90.01025390625	0.3	1.0	2	184341	n/a
90.0185546875	0.3	0.0	1	184358	n/a
90.02685546875	0.3	1.0	2	184375	n/a
90.03515625	0.3	0.0	1	184392	n/a
90.04345703125	0.3	1.0	2	184409	n/a
90.0517578125	0.3	0.0	1	184426	n/a
90.06005859375	0.3	1.0	2	184443	n/a
90.068359375	0.3	0.0	1	184460	n/a
90.07666015625	0.3	1.0	2	184477	n/a
90.0849609375	0.3	0.0	1	184494	n/a
90.09326171875	0.3	0.0	1	184511	n/a
90.1015625	0.3	1.0	2	184528	n/a
90.10986328125	0.3	0.0	1	184545	n/a
90.1181640625	0.3	1.0	2	184562	n/a
90.12646484375	0.3	1.0	2	184579	n/a
90.13525390625	0.3	0.0	1	184597	n/a
90.1435546875	0.3	1.0	2	184614	n/a
90.15185546875	0.3	0.0	1	184631	n/a
90.16015625	0.3	0.0	1	184648	n/a
90.16845703125	0.3	1.0	2	184665	n/a
90.1767578125	0.3	0.0	1	184682	n/a
90.18505859375	0.3	1.0	2	184699	n/a
90.193359375	0.3	1.0	2	184716	n/a
90.20166015625	0.3	0.0	1	184733	n/a
90.2099609375	0.3	0.0	1	184750	n/a
90.21826171875	0.3	1.0	2	184767	n/a
90.2265625	0.3	1.0	2	184784	n/a
90.23486328125	0.3	0.0	1	184801	n/a
90.2431640625	0.3	1.0	2	184818	n/a
90.25146484375	0.3	0.0	1	184835	n/a
90.26025390625	0.3	0.0	1	184853	n/a
90.2685546875	0.3	1.0	2	184870	n/a
90.27685546875	0.3	1.0	2	184887	n/a
90.28515625	0.3	0.0	1	184904	n/a
90.29345703125	0.3	0.0	1	184921	n/a
90.3017578125	0.3	1.0	2	184938	n/a
90.31005859375	0.3	0.0	1	184955	n/a
90.318359375	0.3	1.0	2	184972	n/a
90.32666015625	0.3	1.0	2	184989	n/a
90.3349609375	0.3	0.0	1	185006	n/a
90.34326171875	0.3	0.0	1	185023	n/a
90.3515625	0.3	1.0	2	185040	n/a
90.35986328125	0.3	0.0	1	185057	n/a
90.3681640625	0.3	1.0	2	185074	n/a
90.37646484375	0.3	1.0	2	185091	n/a
90.38525390625	0.3	0.0	1	185109	n/a
90.3935546875	0.3	1.0	2	185126	n/a
90.40185546875	0.3	0.0	1	185143	n/a
90.41015625	0.3	1.0	2	185160	n/a
90.41845703125	0.3	0.0	1	185177	n/a
90.4267578125	0.3	1.0	2	185194	n/a
90.43505859375	0.3	0.0	1	185211	n/a
90.443359375	0.3	0.0	1	185228	n/a
90.45166015625	0.3	1.0	2	185245	n/a
90.4599609375	0.3	1.0	2	185262	n/a
90.46826171875	0.3	0.0	1	185279	n/a
90.4765625	0.3	0.0	1	185296	n/a
90.48486328125	0.3	1.0	2	185313	n/a
90.4931640625	0.3	0.0	1	185330	n/a
90.50146484375	0.3	1.0	2	185347	n/a
90.51025390625	0.3	1.0	2	185365	n/a
90.5185546875	0.3	0.0	1	185382	n/a
90.52685546875	0.3	0.0	1	185399	n/a
90.53515625	0.3	1.0	2	185416	n/a
90.54345703125	0.3	1.0	2	185433	n/a
90.5517578125	0.3	0.0	1	185450	n/a
90.56005859375	0.3	0.0	1	185467	n/a
90.568359375	0.3	1.0	2	185484	n/a
90.57666015625	0.3	0.0	1	185501	n/a
90.5849609375	0.3	1.0	2	185518	n/a
90.59326171875	0.3	0.0	1	185535	n/a
90.6015625	0.3	1.0	2	185552	n/a
90.60986328125	0.3	1.0	2	185569	n/a
90.6181640625	0.3	0.0	1	185586	n/a
90.62646484375	0.3	0.0	1	185603	n/a
90.63525390625	0.3	1.0	2	185621	n/a
90.6435546875	0.3	0.0	1	185638	n/a
90.65185546875	0.3	1.0	2	185655	n/a
90.66015625	0.3	1.0	2	185672	n/a
90.66845703125	0.3	0.0	1	185689	n/a
90.6767578125	0.3	0.0	1	185706	n/a
90.68505859375	0.3	1.0	2	185723	n/a
90.693359375	0.3	1.0	2	185740	n/a
90.70166015625	0.3	0.0	1	185757	n/a
90.7099609375	0.3	0.0	1	185774	n/a
90.71826171875	0.3	1.0	2	185791	n/a
90.7265625	0.3	1.0	2	185808	n/a
90.73486328125	0.3	0.0	1	185825	n/a
90.7431640625	0.3	1.0	2	185842	n/a
90.75146484375	0.3	0.0	1	185859	n/a
90.76025390625	0.3	1.0	2	185877	n/a
90.7685546875	0.3	0.0	1	185894	n/a
90.77685546875	0.3	1.0	2	185911	n/a
90.78515625	0.3	0.0	1	185928	n/a
90.79345703125	0.3	1.0	2	185945	n/a
90.8017578125	0.3	0.0	1	185962	n/a
90.81005859375	0.3	0.0	1	185979	n/a
90.818359375	0.3	1.0	2	185996	n/a
90.82666015625	0.3	0.0	1	186013	n/a
90.8349609375	0.3	1.0	2	186030	n/a
90.84326171875	0.3	0.0	1	186047	n/a
90.8515625	0.3	1.0	2	186064	n/a
90.85986328125	0.3	0.0	1	186081	n/a
90.8681640625	0.3	1.0	2	186098	n/a
90.87646484375	0.3	1.0	2	186115	n/a
90.88525390625	0.3	0.0	1	186133	n/a
90.8935546875	0.3	1.0	2	186150	n/a
90.90185546875	0.3	0.0	1	186167	n/a
90.91015625	0.3	1.0	2	186184	n/a
90.91845703125	0.3	0.0	1	186201	n/a
90.9267578125	0.3	0.0	1	186218	n/a
90.93505859375	0.3	1.0	2	186235	n/a
90.943359375	0.3	0.0	1	186252	n/a
90.95166015625	0.3	1.0	2	186269	n/a
90.9599609375	0.3	0.0	1	186286	n/a
90.96826171875	0.3	1.0	2	186303	n/a
90.9765625	0.3	0.0	1	186320	n/a
90.98486328125	0.3	1.0	2	186337	n/a
90.9931640625	0.3	1.0	2	186354	n/a
91.00146484375	0.3	0.0	1	186371	n/a
91.01025390625	0.3	0.0	1	186389	n/a
91.0185546875	0.3	1.0	2	186406	n/a
91.02685546875	0.3	0.0	1	186423	n/a
91.03515625	0.3	1.0	2	186440	n/a
91.04345703125	0.3	0.0	1	186457	n/a
91.0517578125	0.3	1.0	2	186474	n/a
91.06005859375	0.3	1.0	2	186491	n/a
91.068359375	0.3	0.0	1	186508	n/a
91.07666015625	0.3	1.0	2	186525	n/a
91.0849609375	0.3	0.0	1	186542	n/a
91.09326171875	0.3	1.0	2	186559	n/a
91.1015625	0.3	0.0	1	186576	n/a
91.10986328125	0.3	1.0	2	186593	n/a
91.1181640625	0.3	0.0	1	186610	n/a
91.12646484375	0.3	1.0	2	186627	n/a
91.13525390625	0.3	0.0	1	186645	n/a
91.1435546875	0.3	0.0	1	186662	n/a
91.15185546875	0.3	1.0	2	186679	n/a
91.16015625	0.3	0.0	1	186696	n/a
91.16845703125	0.3	1.0	2	186713	n/a
91.1767578125	0.3	1.0	2	186730	n/a
91.18505859375	0.3	0.0	1	186747	n/a
91.193359375	0.3	1.0	2	186764	n/a
91.20166015625	0.3	0.0	1	186781	n/a
91.2099609375	0.3	0.0	1	186798	n/a
91.21826171875	0.3	1.0	2	186815	n/a
91.2265625	0.3	0.0	1	186832	n/a
91.23486328125	0.3	1.0	2	186849	n/a
91.2431640625	0.3	1.0	2	186866	n/a
91.25146484375	0.3	0.0	1	186883	n/a
91.26025390625	0.3	0.0	1	186901	n/a
91.2685546875	0.3	1.0	2	186918	n/a
91.27685546875	0.3	1.0	2	186935	n/a
91.28515625	0.3	0.0	1	186952	n/a
91.29345703125	0.3	1.0	2	186969	n/a
91.3017578125	0.3	0.0	1	186986	n/a
91.31005859375	0.3	0.0	1	187003	n/a
91.318359375	0.3	1.0	2	187020	n/a
91.32666015625	0.3	1.0	2	187037	n/a
91.3349609375	0.3	0.0	1	187054	n/a
91.34326171875	0.3	0.0	1	187071	n/a
91.3515625	0.3	1.0	2	187088	n/a
91.35986328125	0.3	0.0	1	187105	n/a
91.3681640625	0.3	1.0	2	187122	n/a
91.37646484375	0.3	1.0	2	187139	n/a
91.38525390625	0.3	0.0	1	187157	n/a
91.3935546875	0.3	0.0	1	187174	n/a
91.40185546875	0.3	1.0	2	187191	n/a
91.41015625	0.3	0.0	1	187208	n/a
91.41845703125	0.3	1.0	2	187225	n/a
91.4267578125	0.3	1.0	2	187242	n/a
91.43505859375	0.3	0.0	1	187259	n/a
91.443359375	0.3	1.0	2	187276	n/a
91.45166015625	0.3	0.0	1	187293	n/a
91.4599609375	0.3	1.0	2	187310	n/a
91.46826171875	0.3	0.0	1	187327	n/a
91.4765625	0.3	1.0	2	187344	n/a
91.48486328125	0.3	0.0	1	187361	n/a
91.4931640625	0.3	0.0	1	187378	n/a
91.50146484375	0.3	1.0	2	187395	n/a
91.51025390625	0.3	1.0	2	187413	n/a
91.5185546875	0.3	0.0	1	187430	n/a
91.52685546875	0.3	0.0	1	187447	n/a
91.53515625	0.3	1.0	2	187464	n/a
91.54345703125	0.3	0.0	1	187481	n/a
91.5517578125	0.3	1.0	2	187498	n/a
91.56005859375	0.3	1.0	2	187515	n/a
91.568359375	0.3	0.0	1	187532	n/a
91.57666015625	0.3	0.0	1	187549	n/a
91.5849609375	0.3	1.0	2	187566	n/a
91.59326171875	0.3	1.0	2	187583	n/a
91.6015625	0.3	0.0	1	187600	n/a
91.60986328125	0.3	0.0	1	187617	n/a
91.6181640625	0.3	1.0	2	187634	n/a
91.62646484375	0.3	0.0	1	187651	n/a
91.63525390625	0.3	1.0	2	187669	n/a
91.6435546875	0.3	0.0	1	187686	n/a
91.65185546875	0.3	1.0	2	187703	n/a
91.66015625	0.3	1.0	2	187720	n/a
91.66845703125	0.3	0.0	1	187737	n/a
91.6767578125	0.3	0.0	1	187754	n/a
91.68505859375	0.3	1.0	2	187771	n/a
91.693359375	0.3	0.0	1	187788	n/a
91.70166015625	0.3	1.0	2	187805	n/a
91.7099609375	0.3	1.0	2	187822	n/a
91.71826171875	0.3	0.0	1	187839	n/a
91.7265625	0.3	0.0	1	187856	n/a
91.73486328125	0.3	1.0	2	187873	n/a
91.7431640625	0.3	1.0	2	187890	n/a
91.75146484375	0.3	0.0	1	187907	n/a
91.76025390625	0.3	0.0	1	187925	n/a
91.7685546875	0.3	1.0	2	187942	n/a
91.77685546875	0.3	1.0	2	187959	n/a
91.78515625	0.3	0.0	1	187976	n/a
91.79345703125	0.3	1.0	2	187993	n/a
91.8017578125	0.3	0.0	1	188010	n/a
91.81005859375	0.3	1.0	2	188027	n/a
91.818359375	0.3	0.0	1	188044	n/a
91.82666015625	0.3	1.0	2	188061	n/a
91.8349609375	0.3	0.0	1	188078	n/a
91.84326171875	0.3	1.0	2	188095	n/a
91.8515625	0.3	0.0	1	188112	n/a
91.85986328125	0.3	0.0	1	188129	n/a
91.8681640625	0.3	1.0	2	188146	n/a
91.87646484375	0.3	0.0	1	188163	n/a
91.88525390625	0.3	1.0	2	188181	n/a
91.8935546875	0.3	0.0	1	188198	n/a
91.90185546875	0.3	1.0	2	188215	n/a
91.91015625	0.3	0.0	1	188232	n/a
91.91845703125	0.3	1.0	2	188249	n/a
91.9267578125	0.3	1.0	2	188266	n/a
91.93505859375	0.3	0.0	1	188283	n/a
91.943359375	0.3	1.0	2	188300	n/a
91.95166015625	0.3	0.0	1	188317	n/a
91.9599609375	0.3	1.0	2	188334	n/a
91.96826171875	0.3	0.0	1	188351	n/a
91.9765625	0.3	0.0	1	188368	n/a
91.98486328125	0.3	1.0	2	188385	n/a
91.9931640625	0.3	0.0	1	188402	n/a
92.00146484375	0.3	1.0	2	188419	n/a
92.01025390625	0.3	0.0	1	188437	n/a
92.0185546875	0.3	1.0	2	188454	n/a
92.02685546875	0.3	0.0	1	188471	n/a
92.03515625	0.3	1.0	2	188488	n/a
92.04345703125	0.3	1.0	2	188505	n/a
92.0517578125	0.3	0.0	1	188522	n/a
92.06005859375	0.3	0.0	1	188539	n/a
92.068359375	0.3	1.0	2	188556	n/a
92.07666015625	0.3	0.0	1	188573	n/a
92.0849609375	0.3	1.0	2	188590	n/a
92.09326171875	0.3	0.0	1	188607	n/a
92.1015625	0.3	1.0	2	188624	n/a
92.10986328125	0.3	1.0	2	188641	n/a
92.1181640625	0.3	0.0	1	188658	n/a
92.12646484375	0.3	1.0	2	188675	n/a
92.13525390625	0.3	0.0	1	188693	n/a
92.1435546875	0.3	1.0	2	188710	n/a
92.15185546875	0.3	0.0	1	188727	n/a
92.16015625	0.3	1.0	2	188744	n/a
92.16845703125	0.3	0.0	1	188761	n/a
92.1767578125	0.3	1.0	2	188778	n/a
92.18505859375	0.3	0.0	1	188795	n/a
92.193359375	0.3	0.0	1	188812	n/a
92.20166015625	0.3	1.0	2	188829	n/a
92.2099609375	0.3	0.0	1	188846	n/a
92.21826171875	0.3	1.0	2	188863	n/a
92.2265625	0.3	1.0	2	188880	n/a
92.23486328125	0.3	0.0	1	188897	n/a
92.2431640625	0.3	1.0	2	188914	n/a
92.25146484375	0.3	0.0	1	188931	n/a
92.26025390625	0.3	0.0	1	188949	n/a
92.2685546875	0.3	1.0	2	188966	n/a
92.27685546875	0.3	0.0	1	188983	n/a
92.28515625	0.3	1.0	2	189000	n/a
92.29345703125	0.3	1.0	2	189017	n/a
92.3017578125	0.3	0.0	1	189034	n/a
92.31005859375	0.3	0.0	1	189051	n/a
92.318359375	0.3	1.0	2	189068	n/a
92.32666015625	0.3	1.0	2	189085	n/a
92.3349609375	0.3	0.0	1	189102	n/a
92.34326171875	0.3	1.0	2	189119	n/a
92.3515625	0.3	0.0	1	189136	n/a
92.35986328125	0.3	0.0	1	189153	n/a
92.3681640625	0.3	1.0	2	189170	n/a
92.37646484375	0.3	1.0	2	189187	n/a
92.38525390625	0.3	0.0	1	189205	n/a
92.3935546875	0.3	0.0	1	189222	n/a
92.40185546875	0.3	1.0	2	189239	n/a
92.41015625	0.3	0.0	1	189256	n/a
92.41845703125	0.3	1.0	2	189273	n/a
92.4267578125	0.3	1.0	2	189290	n/a
92.43505859375	0.3	0.0	1	189307	n/a
92.443359375	0.3	0.0	1	189324	n/a
92.45166015625	0.3	1.0	2	189341	n/a
92.4599609375	0.3	0.0	1	189358	n/a
92.46826171875	0.3	1.0	2	189375	n/a
92.4765625	0.3	1.0	2	189392	n/a
92.48486328125	0.3	0.0	1	189409	n/a
92.4931640625	0.3	1.0	2	189426	n/a
92.50146484375	0.3	0.0	1	189443	n/a
92.51025390625	0.3	1.0	2	189461	n/a
92.5185546875	0.3	0.0	1	189478	n/a
92.52685546875	0.3	1.0	2	189495	n/a
92.53515625	0.3	0.0	1	189512	n/a
92.54345703125	0.3	0.0	1	189529	n/a
92.5517578125	0.3	1.0	2	189546	n/a
92.56005859375	0.3	1.0	2	189563	n/a
92.568359375	0.3	0.0	1	189580	n/a
92.57666015625	0.3	0.0	1	189597	n/a
92.5849609375	0.3	1.0	2	189614	n/a
92.59326171875	0.3	0.0	1	189631	n/a
92.6015625	0.3	1.0	2	189648	n/a
92.60986328125	0.3	1.0	2	189665	n/a
92.6181640625	0.3	0.0	1	189682	n/a
92.62646484375	0.3	0.0	1	189699	n/a
92.63525390625	0.3	1.0	2	189717	n/a
92.6435546875	0.3	1.0	2	189734	n/a
92.65185546875	0.3	0.0	1	189751	n/a
92.66015625	0.3	0.0	1	189768	n/a
92.66845703125	0.3	1.0	2	189785	n/a
92.6767578125	0.3	0.0	1	189802	n/a
92.68505859375	0.3	1.0	2	189819	n/a
92.693359375	0.3	0.0	1	189836	n/a
92.70166015625	0.3	1.0	2	189853	n/a
92.7099609375	0.3	1.0	2	189870	n/a
92.71826171875	0.3	0.0	1	189887	n/a
92.7265625	0.3	0.0	1	189904	n/a
92.73486328125	0.3	1.0	2	189921	n/a
92.7431640625	0.3	0.0	1	189938	n/a
92.75146484375	0.3	1.0	2	189955	n/a
92.76025390625	0.3	1.0	2	189973	n/a
92.7685546875	0.3	0.0	1	189990	n/a
92.77685546875	0.3	0.0	1	190007	n/a
92.78515625	0.3	1.0	2	190024	n/a
92.79345703125	0.3	1.0	2	190041	n/a
92.8017578125	0.3	0.0	1	190058	n/a
92.81005859375	0.3	0.0	1	190075	n/a
92.818359375	0.3	1.0	2	190092	n/a
92.82666015625	0.3	1.0	2	190109	n/a
92.8349609375	0.3	0.0	1	190126	n/a
92.84326171875	0.3	1.0	2	190143	n/a
92.8515625	0.3	0.0	1	190160	n/a
92.85986328125	0.3	1.0	2	190177	n/a
92.8681640625	0.3	0.0	1	190194	n/a
92.87646484375	0.3	1.0	2	190211	n/a
92.88525390625	0.3	0.0	1	190229	n/a
92.8935546875	0.3	1.0	2	190246	n/a
92.90185546875	0.3	0.0	1	190263	n/a
92.91015625	0.3	0.0	1	190280	n/a
92.91845703125	0.3	1.0	2	190297	n/a
92.9267578125	0.3	0.0	1	190314	n/a
92.93505859375	0.3	1.0	2	190331	n/a
92.943359375	0.3	0.0	1	190348	n/a
92.95166015625	0.3	1.0	2	190365	n/a
92.9599609375	0.3	0.0	1	190382	n/a
92.96826171875	0.3	1.0	2	190399	n/a
92.9765625	0.3	1.0	2	190416	n/a
92.98486328125	0.3	0.0	1	190433	n/a
92.9931640625	0.3	1.0	2	190450	n/a
93.00146484375	0.3	0.0	1	190467	n/a
93.01025390625	0.3	1.0	2	190485	n/a
93.0185546875	0.3	0.0	1	190502	n/a
93.02685546875	0.3	0.0	1	190519	n/a
93.03515625	0.3	1.0	2	190536	n/a
93.04345703125	0.3	0.0	1	190553	n/a
93.0517578125	0.3	1.0	2	190570	n/a
93.06005859375	0.3	0.0	1	190587	n/a
93.068359375	0.3	1.0	2	190604	n/a
93.07666015625	0.3	0.0	1	190621	n/a
93.0849609375	0.3	1.0	2	190638	n/a
93.09326171875	0.3	1.0	2	190655	n/a
93.1015625	0.3	0.0	1	190672	n/a
93.10986328125	0.3	0.0	1	190689	n/a
93.1181640625	0.3	1.0	2	190706	n/a
93.12646484375	0.3	0.0	1	190723	n/a
93.13525390625	0.3	1.0	2	190741	n/a
95.5185546875	0.3	0.0	1	195622	35.0
95.52685546875	0.3	1.0	2	195639	n/a
95.53515625	0.3	1.0	2	195656	n/a
95.54345703125	0.3	0.0	1	195673	n/a
95.5517578125	0.3	1.0	2	195690	n/a
95.56005859375	0.3	0.0	1	195707	n/a
95.568359375	0.3	0.0	1	195724	n/a
95.57666015625	0.3	1.0	2	195741	n/a
95.58544921875	0.3	1.0	2	195759	n/a
95.59375	0.3	0.0	1	195776	n/a
95.60205078125	0.3	1.0	2	195793	n/a
95.6103515625	0.3	0.0	1	195810	n/a
95.61865234375	0.3	1.0	2	195827	n/a
95.626953125	0.3	0.0	1	195844	n/a
95.63525390625	0.3	0.0	1	195861	n/a
95.6435546875	0.3	1.0	2	195878	n/a
95.65185546875	0.3	1.0	2	195895	n/a
95.66015625	0.3	0.0	1	195912	n/a
95.66845703125	0.3	1.0	2	195929	n/a
95.6767578125	0.3	0.0	1	195946	n/a
95.68505859375	0.3	0.0	1	195963	n/a
95.693359375	0.3	1.0	2	195980	n/a
95.70166015625	0.3	1.0	2	195997	n/a
95.71044921875	0.3	0.0	1	196015	n/a
95.71875	0.3	0.0	1	196032	n/a
95.72705078125	0.3	1.0	2	196049	n/a
95.7353515625	0.3	1.0	2	196066	n/a
95.74365234375	0.3	0.0	1	196083	n/a
95.751953125	0.3	1.0	2	196100	n/a
95.76025390625	0.3	0.0	1	196117	n/a
95.7685546875	0.3	1.0	2	196134	n/a
95.77685546875	0.3	0.0	1	196151	n/a
95.78515625	0.3	0.0	1	196168	n/a
95.79345703125	0.3	1.0	2	196185	n/a
95.8017578125	0.3	1.0	2	196202	n/a
95.81005859375	0.3	0.0	1	196219	n/a
95.818359375	0.3	0.0	1	196236	n/a
95.82666015625	0.3	1.0	2	196253	n/a
95.83544921875	0.3	1.0	2	196271	n/a
95.84375	0.3	0.0	1	196288	n/a
95.85205078125	0.3	1.0	2	196305	n/a
95.8603515625	0.3	0.0	1	196322	n/a
95.86865234375	0.3	1.0	2	196339	n/a
95.876953125	0.3	0.0	1	196356	n/a
95.88525390625	0.3	1.0	2	196373	n/a
95.8935546875	0.3	0.0	1	196390	n/a
95.90185546875	0.3	0.0	1	196407	n/a
95.91015625	0.3	1.0	2	196424	n/a
95.91845703125	0.3	0.0	1	196441	n/a
95.9267578125	0.3	1.0	2	196458	n/a
95.93505859375	0.3	0.0	1	196475	n/a
95.943359375	0.3	1.0	2	196492	n/a
95.95166015625	0.3	0.0	1	196509	n/a
95.96044921875	0.3	1.0	2	196527	n/a
95.96875	0.3	0.0	1	196544	n/a
95.97705078125	0.3	1.0	2	196561	n/a
95.9853515625	0.3	1.0	2	196578	n/a
95.99365234375	0.3	0.0	1	196595	n/a
96.001953125	0.3	1.0	2	196612	n/a
96.01025390625	0.3	0.0	1	196629	n/a
96.0185546875	0.3	0.0	1	196646	n/a
96.02685546875	0.3	1.0	2	196663	n/a
96.03515625	0.3	0.0	1	196680	n/a
96.04345703125	0.3	1.0	2	196697	n/a
96.0517578125	0.3	0.0	1	196714	n/a
96.06005859375	0.3	1.0	2	196731	n/a
96.068359375	0.3	0.0	1	196748	n/a
96.07666015625	0.3	1.0	2	196765	n/a
96.08544921875	0.3	0.0	1	196783	n/a
96.09375	0.3	1.0	2	196800	n/a
96.10205078125	0.3	0.0	1	196817	n/a
96.1103515625	0.3	1.0	2	196834	n/a
96.11865234375	0.3	0.0	1	196851	n/a
96.126953125	0.3	1.0	2	196868	n/a
96.13525390625	0.3	0.0	1	196885	n/a
96.1435546875	0.3	1.0	2	196902	n/a
96.15185546875	0.3	1.0	2	196919	n/a
96.16015625	0.3	0.0	1	196936	n/a
96.16845703125	0.3	0.0	1	196953	n/a
96.1767578125	0.3	1.0	2	196970	n/a
96.18505859375	0.3	1.0	2	196987	n/a
96.193359375	0.3	0.0	1	197004	n/a
96.20166015625	0.3	1.0	2	197021	n/a
96.21044921875	0.3	0.0	1	197039	n/a
96.21875	0.3	0.0	1	197056	n/a
96.22705078125	0.3	1.0	2	197073	n/a
96.2353515625	0.3	1.0	2	197090	n/a
96.24365234375	0.3	0.0	1	197107	n/a
96.251953125	0.3	0.0	1	197124	n/a
96.26025390625	0.3	1.0	2	197141	n/a
96.2685546875	0.3	1.0	2	197158	n/a
96.27685546875	0.3	0.0	1	197175	n/a
96.28515625	0.3	0.0	1	197192	n/a
96.29345703125	0.3	1.0	2	197209	n/a
96.3017578125	0.3	0.0	1	197226	n/a
96.31005859375	0.3	1.0	2	197243	n/a
96.318359375	0.3	0.0	1	197260	n/a
96.32666015625	0.3	1.0	2	197277	n/a
96.33544921875	0.3	0.0	1	197295	n/a
96.34375	0.3	1.0	2	197312	n/a
96.35205078125	0.3	1.0	2	197329	n/a
96.3603515625	0.3	0.0	1	197346	n/a
96.36865234375	0.3	0.0	1	197363	n/a
96.376953125	0.3	1.0	2	197380	n/a
96.38525390625	0.3	1.0	2	197397	n/a
96.3935546875	0.3	0.0	1	197414	n/a
96.40185546875	0.3	0.0	1	197431	n/a
96.41015625	0.3	1.0	2	197448	n/a
96.41845703125	0.3	1.0	2	197465	n/a
96.4267578125	0.3	0.0	1	197482	n/a
96.43505859375	0.3	0.0	1	197499	n/a
96.443359375	0.3	1.0	2	197516	n/a
96.45166015625	0.3	0.0	1	197533	n/a
96.46044921875	0.3	1.0	2	197551	n/a
96.46875	0.3	0.0	1	197568	n/a
96.47705078125	0.3	1.0	2	197585	n/a
96.4853515625	0.3	1.0	2	197602	n/a
96.49365234375	0.3	0.0	1	197619	n/a
96.501953125	0.3	1.0	2	197636	n/a
96.51025390625	0.3	0.0	1	197653	n/a
96.5185546875	0.3	1.0	2	197670	n/a
96.52685546875	0.3	0.0	1	197687	n/a
96.53515625	0.3	1.0	2	197704	n/a
96.54345703125	0.3	0.0	1	197721	n/a
96.5517578125	0.3	1.0	2	197738	n/a
96.56005859375	0.3	0.0	1	197755	n/a
96.568359375	0.3	0.0	1	197772	n/a
96.57666015625	0.3	1.0	2	197789	n/a
96.58544921875	0.3	1.0	2	197807	n/a
96.59375	0.3	0.0	1	197824	n/a
96.60205078125	0.3	1.0	2	197841	n/a
96.6103515625	0.3	0.0	1	197858	n/a
96.61865234375	0.3	0.0	1	197875	n/a
96.626953125	0.3	1.0	2	197892	n/a
96.63525390625	0.3	1.0	2	197909	n/a
96.6435546875	0.3	0.0	1	197926	n/a
96.65185546875	0.3	1.0	2	197943	n/a
96.66015625	0.3	0.0	1	197960	n/a
96.66845703125	0.3	1.0	2	197977	n/a
96.6767578125	0.3	0.0	1	197994	n/a
96.68505859375	0.3	0.0	1	198011	n/a
96.693359375	0.3	1.0	2	198028	n/a
96.70166015625	0.3	1.0	2	198045	n/a
96.71044921875	0.3	0.0	1	198063	n/a
96.71875	0.3	1.0	2	198080	n/a
96.72705078125	0.3	0.0	1	198097	n/a
96.7353515625	0.3	0.0	1	198114	n/a
96.74365234375	0.3	1.0	2	198131	n/a
96.751953125	0.3	1.0	2	198148	n/a
96.76025390625	0.3	0.0	1	198165	n/a
96.7685546875	0.3	0.0	1	198182	n/a
96.77685546875	0.3	1.0	2	198199	n/a
96.78515625	0.3	1.0	2	198216	n/a
96.79345703125	0.3	0.0	1	198233	n/a
96.8017578125	0.3	1.0	2	198250	n/a
96.81005859375	0.3	0.0	1	198267	n/a
96.818359375	0.3	1.0	2	198284	n/a
96.82666015625	0.3	0.0	1	198301	n/a
96.83544921875	0.3	0.0	1	198319	n/a
96.84375	0.3	1.0	2	198336	n/a
96.85205078125	0.3	1.0	2	198353	n/a
96.8603515625	0.3	0.0	1	198370	n/a
96.86865234375	0.3	0.0	1	198387	n/a
96.876953125	0.3	1.0	2	198404	n/a
96.88525390625	0.3	1.0	2	198421	n/a
96.8935546875	0.3	0.0	1	198438	n/a
96.90185546875	0.3	1.0	2	198455	n/a
96.91015625	0.3	0.0	1	198472	n/a
96.91845703125	0.3	1.0	2	198489	n/a
96.9267578125	0.3	0.0	1	198506	n/a
96.93505859375	0.3	1.0	2	198523	n/a
96.943359375	0.3	0.0	1	198540	n/a
96.95166015625	0.3	0.0	1	198557	n/a
96.96044921875	0.3	1.0	2	198575	n/a
96.96875	0.3	0.0	1	198592	n/a
96.97705078125	0.3	1.0	2	198609	n/a
96.9853515625	0.3	0.0	1	198626	n/a
96.99365234375	0.3	1.0	2	198643	n/a
97.001953125	0.3	0.0	1	198660	n/a
97.01025390625	0.3	1.0	2	198677	n/a
97.0185546875	0.3	0.0	1	198694	n/a
97.02685546875	0.3	1.0	2	198711	n/a
97.03515625	0.3	1.0	2	198728	n/a
97.04345703125	0.3	0.0	1	198745	n/a
97.0517578125	0.3	1.0	2	198762	n/a
97.06005859375	0.3	0.0	1	198779	n/a
97.068359375	0.3	0.0	1	198796	n/a
97.07666015625	0.3	1.0	2	198813	n/a
97.08544921875	0.3	0.0	1	198831	n/a
97.09375	0.3	1.0	2	198848	n/a
97.10205078125	0.3	0.0	1	198865	n/a
97.1103515625	0.3	1.0	2	198882	n/a
97.11865234375	0.3	0.0	1	198899	n/a
97.126953125	0.3	1.0	2	198916	n/a
97.13525390625	0.3	0.0	1	198933	n/a
97.1435546875	0.3	1.0	2	198950	n/a
97.15185546875	0.3	0.0	1	198967	n/a
97.16015625	0.3	1.0	2	198984	n/a
97.16845703125	0.3	0.0	1	199001	n/a
97.1767578125	0.3	1.0	2	199018	n/a
97.18505859375	0.3	0.0	1	199035	n/a
97.193359375	0.3	1.0	2	199052	n/a
97.20166015625	0.3	1.0	2	199069	n/a
97.21044921875	0.3	0.0	1	199087	n/a
97.21875	0.3	0.0	1	199104	n/a
97.22705078125	0.3	1.0	2	199121	n/a
97.2353515625	0.3	1.0	2	199138	n/a
97.24365234375	0.3	0.0	1	199155	n/a
97.251953125	0.3	1.0	2	199172	n/a
97.26025390625	0.3	0.0	1	199189	n/a
97.2685546875	0.3	0.0	1	199206	n/a
97.27685546875	0.3	1.0	2	199223	n/a
97.28515625	0.3	1.0	2	199240	n/a
97.29345703125	0.3	0.0	1	199257	n/a
97.3017578125	0.3	0.0	1	199274	n/a
97.31005859375	0.3	1.0	2	199291	n/a
97.318359375	0.3	1.0	2	199308	n/a
97.32666015625	0.3	0.0	1	199325	n/a
97.33544921875	0.3	0.0	1	199343	n/a
97.34375	0.3	1.0	2	199360	n/a
97.35205078125	0.3	0.0	1	199377	n/a
97.3603515625	0.3	1.0	2	199394	n/a
97.36865234375	0.3	0.0	1	199411	n/a
97.376953125	0.3	1.0	2	199428	n/a
97.38525390625	0.3	0.0	1	199445	n/a
97.3935546875	0.3	1.0	2	199462	n/a
97.40185546875	0.3	1.0	2	199479	n/a
97.41015625	0.3	0.0	1	199496	n/a
97.41845703125	0.3	0.0	1	199513	n/a
97.4267578125	0.3	1.0	2	199530	n/a
97.43505859375	0.3	1.0	2	199547	n/a
97.443359375	0.3	0.0	1	199564	n/a
97.45166015625	0.3	0.0	1	199581	n/a
97.46044921875	0.3	1.0	2	199599	n/a
97.46875	0.3	1.0	2	199616	n/a
97.47705078125	0.3	0.0	1	199633	n/a
97.4853515625	0.3	0.0	1	199650	n/a
97.49365234375	0.3	1.0	2	199667	n/a
97.501953125	0.3	0.0	1	199684	n/a
97.51025390625	0.3	1.0	2	199701	n/a
97.5185546875	0.3	0.0	1	199718	n/a
97.52685546875	0.3	1.0	2	199735	n/a
97.53515625	0.3	1.0	2	199752	n/a
97.54345703125	0.3	0.0	1	199769	n/a
97.5517578125	0.3	1.0	2	199786	n/a
97.56005859375	0.3	0.0	1	199803	n/a
97.568359375	0.3	1.0	2	199820	n/a
97.57666015625	0.3	0.0	1	199837	n/a
97.58544921875	0.3	1.0	2	199855	n/a
97.59375	0.3	0.0	1	199872	n/a
97.60205078125	0.3	1.0	2	199889	n/a
97.6103515625	0.3	0.0	1	199906	n/a
97.61865234375	0.3	0.0	1	199923	n/a
97.626953125	0.3	1.0	2	199940	n/a
97.63525390625	0.3	1.0	2	199957	n/a
97.6435546875	0.3	0.0	1	199974	n/a
97.65185546875	0.3	1.0	2	199991	n/a
97.66015625	0.3	0.0	1	200008	n/a
97.66845703125	0.3	0.0	1	200025	n/a
97.6767578125	0.3	1.0	2	200042	n/a
97.68505859375	0.3	1.0	2	200059	n/a
97.693359375	0.3	0.0	1	200076	n/a
97.70166015625	0.3	1.0	2	200093	n/a
97.71044921875	0.3	0.0	1	200111	n/a
97.71875	0.3	1.0	2	200128	n/a
97.72705078125	0.3	0.0	1	200145	n/a
97.7353515625	0.3	0.0	1	200162	n/a
97.74365234375	0.3	1.0	2	200179	n/a
97.751953125	0.3	1.0	2	200196	n/a
97.76025390625	0.3	0.0	1	200213	n/a
97.7685546875	0.3	1.0	2	200230	n/a
97.77685546875	0.3	0.0	1	200247	n/a
97.78515625	0.3	0.0	1	200264	n/a
97.79345703125	0.3	1.0	2	200281	n/a
97.8017578125	0.3	1.0	2	200298	n/a
97.81005859375	0.3	0.0	1	200315	n/a
97.818359375	0.3	0.0	1	200332	n/a
97.82666015625	0.3	1.0	2	200349	n/a
97.83544921875	0.3	1.0	2	200367	n/a
97.84375	0.3	0.0	1	200384	n/a
97.85205078125	0.3	1.0	2	200401	n/a
97.8603515625	0.3	0.0	1	200418	n/a
97.86865234375	0.3	1.0	2	200435	n/a
97.876953125	0.3	0.0	1	200452	n/a
97.88525390625	0.3	0.0	1	200469	n/a
97.8935546875	0.3	1.0	2	200486	n/a
97.90185546875	0.3	1.0	2	200503	n/a
97.91015625	0.3	0.0	1	200520	n/a
97.91845703125	0.3	0.0	1	200537	n/a
97.9267578125	0.3	1.0	2	200554	n/a
97.93505859375	0.3	1.0	2	200571	n/a
97.943359375	0.3	0.0	1	200588	n/a
97.95166015625	0.3	1.0	2	200605	n/a
97.96044921875	0.3	0.0	1	200623	n/a
97.96875	0.3	1.0	2	200640	n/a
97.97705078125	0.3	0.0	1	200657	n/a
97.9853515625	0.3	1.0	2	200674	n/a
97.99365234375	0.3	0.0	1	200691	n/a
98.001953125	0.3	0.0	1	200708	n/a
98.01025390625	0.3	1.0	2	200725	n/a
98.0185546875	0.3	0.0	1	200742	n/a
98.02685546875	0.3	1.0	2	200759	n/a
98.03515625	0.3	0.0	1	200776	n/a
98.04345703125	0.3	1.0	2	200793	n/a
98.0517578125	0.3	0.0	1	200810	n/a
98.06005859375	0.3	1.0	2	200827	n/a
98.068359375	0.3	0.0	1	200844	n/a
98.07666015625	0.3	1.0	2	200861	n/a
98.08544921875	0.3	1.0	2	200879	n/a
98.09375	0.3	0.0	1	200896	n/a
98.10205078125	0.3	1.0	2	200913	n/a
98.1103515625	0.3	0.0	1	200930	n/a
98.11865234375	0.3	0.0	1	200947	n/a
98.126953125	0.3	1.0	2	200964	n/a
98.13525390625	0.3	0.0	1	200981	n/a
98.1435546875	0.3	1.0	2	200998	n/a
98.15185546875	0.3	0.0	1	201015	n/a
98.16015625	0.3	1.0	2	201032	n/a
98.16845703125	0.3	0.0	1	201049	n/a
98.1767578125	0.3	1.0	2	201066	n/a
98.18505859375	0.3	0.0	1	201083	n/a
98.193359375	0.3	1.0	2	201100	n/a
98.20166015625	0.3	0.0	1	201117	n/a
98.21044921875	0.3	1.0	2	201135	n/a
98.21875	0.3	0.0	1	201152	n/a
98.22705078125	0.3	1.0	2	201169	n/a
98.2353515625	0.3	0.0	1	201186	n/a
98.24365234375	0.3	1.0	2	201203	n/a
98.251953125	0.3	1.0	2	201220	n/a
98.26025390625	0.3	0.0	1	201237	n/a
98.2685546875	0.3	0.0	1	201254	n/a
98.27685546875	0.3	1.0	2	201271	n/a
98.28515625	0.3	1.0	2	201288	n/a
98.29345703125	0.3	0.0	1	201305	n/a
98.3017578125	0.3	1.0	2	201322	n/a
98.31005859375	0.3	0.0	1	201339	n/a
98.318359375	0.3	0.0	1	201356	n/a
98.32666015625	0.3	1.0	2	201373	n/a
98.33544921875	0.3	1.0	2	201391	n/a
98.34375	0.3	0.0	1	201408	n/a
98.35205078125	0.3	0.0	1	201425	n/a
98.3603515625	0.3	1.0	2	201442	n/a
98.36865234375	0.3	1.0	2	201459	n/a
98.376953125	0.3	0.0	1	201476	n/a
98.38525390625	0.3	0.0	1	201493	n/a
98.3935546875	0.3	1.0	2	201510	n/a
98.40185546875	0.3	0.0	1	201527	n/a
98.41015625	0.3	1.0	2	201544	n/a
98.41845703125	0.3	0.0	1	201561	n/a
98.4267578125	0.3	1.0	2	201578	n/a
98.43505859375	0.3	0.0	1	201595	n/a
98.443359375	0.3	1.0	2	201612	n/a
98.45166015625	0.3	1.0	2	201629	n/a
98.46044921875	0.3	0.0	1	201647	n/a
98.46875	0.3	0.0	1	201664	n/a
98.47705078125	0.3	1.0	2	201681	n/a
98.4853515625	0.3	1.0	2	201698	n/a
98.49365234375	0.3	0.0	1	201715	n/a
98.501953125	0.3	0.0	1	201732	n/a
98.51025390625	0.3	1.0	2	201749	n/a
98.5185546875	0.3	1.0	2	201766	n/a
98.52685546875	0.3	0.0	1	201783	n/a
98.53515625	0.3	0.0	1	201800	n/a
98.54345703125	0.3	1.0	2	201817	n/a
98.5517578125	0.3	0.0	1	201834	n/a
98.56005859375	0.3	1.0	2	201851	n/a
98.568359375	0.3	0.0	1	201868	n/a
98.57666015625	0.3	1.0	2	201885	n/a
98.58544921875	0.3	1.0	2	201903	n/a
98.59375	0.3	0.0	1	201920	n/a
98.60205078125	0.3	1.0	2	201937	n/a
98.6103515625	0.3	0.0	1	201954	n/a
98.61865234375	0.3	1.0	2	201971	n/a
98.626953125	0.3	0.0	1	201988	n/a
98.63525390625	0.3	1.0	2	202005	n/a
98.6435546875	0.3	0.0	1	202022	n/a
98.65185546875	0.3	1.0	2	202039	n/a
98.66015625	0.3	0.0	1	202056	n/a
98.66845703125	0.3	0.0	1	202073	n/a
98.6767578125	0.3	1.0	2	202090	n/a
98.68505859375	0.3	1.0	2	202107	n/a
98.693359375	0.3	0.0	1	202124	n/a
98.70166015625	0.3	1.0	2	202141	n/a
98.71044921875	0.3	0.0	1	202159	n/a
98.71875	0.3	0.0	1	202176	n/a
98.72705078125	0.3	1.0	2	202193	n/a
98.7353515625	0.3	1.0	2	202210	n/a
98.74365234375	0.3	0.0	1	202227	n/a
98.751953125	0.3	1.0	2	202244	n/a
98.76025390625	0.3	0.0	1	202261	n/a
98.7685546875	0.3	1.0	2	202278	n/a
98.77685546875	0.3	0.0	1	202295	n/a
98.78515625	0.3	0.0	1	202312	n/a
98.79345703125	0.3	1.0	2	202329	n/a
98.8017578125	0.3	1.0	2	202346	n/a
98.81005859375	0.3	0.0	1	202363	n/a
98.818359375	0.3	1.0	2	202380	n/a
98.82666015625	0.3	0.0	1	202397	n/a
98.83544921875	0.3	0.0	1	202415	n/a
98.84375	0.3	1.0	2	202432	n/a
98.85205078125	0.3	1.0	2	202449	n/a
98.8603515625	0.3	0.0	1	202466	n/a
98.86865234375	0.3	0.0	1	202483	n/a
98.876953125	0.3	1.0	2	202500	n/a
98.88525390625	0.3	1.0	2	202517	n/a
98.8935546875	0.3	0.0	1	202534	n/a
98.90185546875	0.3	1.0	2	202551	n/a
98.91015625	0.3	0.0	1	202568	n/a
98.91845703125	0.3	1.0	2	202585	n/a
98.9267578125	0.3	0.0	1	202602	n/a
98.93505859375	0.3	0.0	1	202619	n/a
98.943359375	0.3	1.0	2	202636	n/a
98.95166015625	0.3	1.0	2	202653	n/a
98.96044921875	0.3	0.0	1	202671	n/a
98.96875	0.3	0.0	1	202688	n/a
98.97705078125	0.3	1.0	2	202705	n/a
98.9853515625	0.3	1.0	2	202722	n/a
98.99365234375	0.3	0.0	1	202739	n/a
99.001953125	0.3	1.0	2	202756	n/a
99.01025390625	0.3	0.0	1	202773	n/a
99.0185546875	0.3	1.0	2	202790	n/a
99.02685546875	0.3	0.0	1	202807	n/a
99.03515625	0.3	1.0	2	202824	n/a
99.04345703125	0.3	0.0	1	202841	n/a
99.0517578125	0.3	0.0	1	202858	n/a
99.06005859375	0.3	1.0	2	202875	n/a
99.068359375	0.3	0.0	1	202892	n/a
99.07666015625	0.3	1.0	2	202909	n/a
99.08544921875	0.3	0.0	1	202927	n/a
99.09375	0.3	1.0	2	202944	n/a
99.10205078125	0.3	0.0	1	202961	n/a
99.1103515625	0.3	1.0	2	202978	n/a
99.11865234375	0.3	0.0	1	202995	n/a
99.126953125	0.3	1.0	2	203012	n/a
99.13525390625	0.3	1.0	2	203029	n/a
99.1435546875	0.3	0.0	1	203046	n/a
99.15185546875	0.3	1.0	2	203063	n/a
99.16015625	0.3	0.0	1	203080	n/a
99.16845703125	0.3	0.0	1	203097	n/a
99.1767578125	0.3	1.0	2	203114	n/a
99.18505859375	0.3	0.0	1	203131	n/a
99.193359375	0.3	1.0	2	203148	n/a
99.20166015625	0.3	0.0	1	203165	n/a
99.21044921875	0.3	1.0	2	203183	n/a
99.21875	0.3	0.0	1	203200	n/a
99.22705078125	0.3	1.0	2	203217	n/a
99.2353515625	0.3	0.0	1	203234	n/a
99.24365234375	0.3	1.0	2	203251	n/a
99.251953125	0.3	0.0	1	203268	n/a
99.26025390625	0.3	1.0	2	203285	n/a
99.2685546875	0.3	0.0	1	203302	n/a
99.27685546875	0.3	1.0	2	203319	n/a
99.28515625	0.3	0.0	1	203336	n/a
99.29345703125	0.3	1.0	2	203353	n/a
99.3017578125	0.3	1.0	2	203370	n/a
99.31005859375	0.3	0.0	1	203387	n/a
99.318359375	0.3	0.0	1	203404	n/a
99.32666015625	0.3	1.0	2	203421	n/a
99.33544921875	0.3	1.0	2	203439	n/a
99.34375	0.3	0.0	1	203456	n/a
99.35205078125	0.3	1.0	2	203473	n/a
99.3603515625	0.3	0.0	1	203490	n/a
99.36865234375	0.3	0.0	1	203507	n/a
99.376953125	0.3	1.0	2	203524	n/a
99.38525390625	0.3	1.0	2	203541	n/a
99.3935546875	0.3	0.0	1	203558	n/a
99.40185546875	0.3	0.0	1	203575	n/a
99.41015625	0.3	1.0	2	203592	n/a
99.41845703125	0.3	1.0	2	203609	n/a
99.4267578125	0.3	0.0	1	203626	n/a
99.43505859375	0.3	0.0	1	203643	n/a
99.443359375	0.3	1.0	2	203660	n/a
99.45166015625	0.3	0.0	1	203677	n/a
99.46044921875	0.3	1.0	2	203695	n/a
99.46875	0.3	0.0	1	203712	n/a
99.47705078125	0.3	1.0	2	203729	n/a
99.4853515625	0.3	0.0	1	203746	n/a
99.49365234375	0.3	1.0	2	203763	n/a
99.501953125	0.3	1.0	2	203780	n/a
99.51025390625	0.3	0.0	1	203797	n/a
99.5185546875	0.3	0.0	1	203814	n/a
99.52685546875	0.3	1.0	2	203831	n/a
99.53515625	0.3	1.0	2	203848	n/a
99.54345703125	0.3	0.0	1	203865	n/a
99.5517578125	0.3	0.0	1	203882	n/a
99.56005859375	0.3	1.0	2	203899	n/a
99.568359375	0.3	1.0	2	203916	n/a
99.57666015625	0.3	0.0	1	203933	n/a
99.58544921875	0.3	0.0	1	203951	n/a
99.59375	0.3	1.0	2	203968	n/a
99.60205078125	0.3	0.0	1	203985	n/a
99.6103515625	0.3	1.0	2	204002	n/a
99.61865234375	0.3	0.0	1	204019	n/a
99.626953125	0.3	1.0	2	204036	n/a
99.63525390625	0.3	1.0	2	204053	n/a
99.6435546875	0.3	0.0	1	204070	n/a
99.65185546875	0.3	1.0	2	204087	n/a
99.66015625	0.3	0.0	1	204104	n/a
99.66845703125	0.3	1.0	2	204121	n/a
99.6767578125	0.3	0.0	1	204138	n/a
99.68505859375	0.3	1.0	2	204155	n/a
99.693359375	0.3	0.0	1	204172	n/a
99.70166015625	0.3	1.0	2	204189	n/a
99.71044921875	0.3	0.0	1	204207	n/a
102.09375	0.3	0.0	1	209088	7.0
102.10205078125	0.3	1.0	2	209105	n/a
102.1103515625	0.3	0.0	1	209122	n/a
102.11865234375	0.3	1.0	2	209139	n/a
102.126953125	0.3	0.0	1	209156	n/a
102.13525390625	0.3	1.0	2	209173	n/a
102.1435546875	0.3	0.0	1	209190	n/a
102.15185546875	0.3	1.0	2	209207	n/a
102.16064453125	0.3	1.0	2	209225	n/a
102.1689453125	0.3	0.0	1	209242	n/a
102.17724609375	0.3	0.0	1	209259	n/a
102.185546875	0.3	1.0	2	209276	n/a
102.19384765625	0.3	0.0	1	209293	n/a
102.2021484375	0.3	1.0	2	209310	n/a
102.21044921875	0.3	1.0	2	209327	n/a
102.21875	0.3	0.0	1	209344	n/a
102.22705078125	0.3	0.0	1	209361	n/a
102.2353515625	0.3	1.0	2	209378	n/a
102.24365234375	0.3	1.0	2	209395	n/a
102.251953125	0.3	0.0	1	209412	n/a
102.26025390625	0.3	1.0	2	209429	n/a
102.2685546875	0.3	0.0	1	209446	n/a
102.27685546875	0.3	0.0	1	209463	n/a
102.28564453125	0.3	1.0	2	209481	n/a
102.2939453125	0.3	1.0	2	209498	n/a
102.30224609375	0.3	0.0	1	209515	n/a
102.310546875	0.3	1.0	2	209532	n/a
102.31884765625	0.3	0.0	1	209549	n/a
102.3271484375	0.3	0.0	1	209566	n/a
102.33544921875	0.3	1.0	2	209583	n/a
102.34375	0.3	1.0	2	209600	n/a
102.35205078125	0.3	0.0	1	209617	n/a
102.3603515625	0.3	1.0	2	209634	n/a
102.36865234375	0.3	0.0	1	209651	n/a
102.376953125	0.3	0.0	1	209668	n/a
102.38525390625	0.3	1.0	2	209685	n/a
102.3935546875	0.3	0.0	1	209702	n/a
102.40185546875	0.3	1.0	2	209719	n/a
102.41064453125	0.3	0.0	1	209737	n/a
102.4189453125	0.3	1.0	2	209754	n/a
102.42724609375	0.3	1.0	2	209771	n/a
102.435546875	0.3	0.0	1	209788	n/a
102.44384765625	0.3	1.0	2	209805	n/a
102.4521484375	0.3	0.0	1	209822	n/a
102.46044921875	0.3	0.0	1	209839	n/a
102.46875	0.3	1.0	2	209856	n/a
102.47705078125	0.3	1.0	2	209873	n/a
102.4853515625	0.3	0.0	1	209890	n/a
102.49365234375	0.3	0.0	1	209907	n/a
102.501953125	0.3	1.0	2	209924	n/a
102.51025390625	0.3	1.0	2	209941	n/a
102.5185546875	0.3	0.0	1	209958	n/a
102.52685546875	0.3	1.0	2	209975	n/a
102.53564453125	0.3	0.0	1	209993	n/a
102.5439453125	0.3	0.0	1	210010	n/a
102.55224609375	0.3	1.0	2	210027	n/a
102.560546875	0.3	1.0	2	210044	n/a
102.56884765625	0.3	0.0	1	210061	n/a
102.5771484375	0.3	1.0	2	210078	n/a
102.58544921875	0.3	0.0	1	210095	n/a
102.59375	0.3	1.0	2	210112	n/a
102.60205078125	0.3	0.0	1	210129	n/a
102.6103515625	0.3	0.0	1	210146	n/a
102.61865234375	0.3	1.0	2	210163	n/a
102.626953125	0.3	0.0	1	210180	n/a
102.63525390625	0.3	1.0	2	210197	n/a
102.6435546875	0.3	1.0	2	210214	n/a
102.65185546875	0.3	0.0	1	210231	n/a
102.66064453125	0.3	0.0	1	210249	n/a
102.6689453125	0.3	1.0	2	210266	n/a
102.67724609375	0.3	0.0	1	210283	n/a
102.685546875	0.3	1.0	2	210300	n/a
102.69384765625	0.3	0.0	1	210317	n/a
102.7021484375	0.3	1.0	2	210334	n/a
102.71044921875	0.3	0.0	1	210351	n/a
102.71875	0.3	1.0	2	210368	n/a
102.72705078125	0.3	0.0	1	210385	n/a
102.7353515625	0.3	1.0	2	210402	n/a
102.74365234375	0.3	1.0	2	210419	n/a
102.751953125	0.3	0.0	1	210436	n/a
102.76025390625	0.3	0.0	1	210453	n/a
102.7685546875	0.3	1.0	2	210470	n/a
102.77685546875	0.3	1.0	2	210487	n/a
102.78564453125	0.3	0.0	1	210505	n/a
102.7939453125	0.3	0.0	1	210522	n/a
102.80224609375	0.3	1.0	2	210539	n/a
102.810546875	0.3	1.0	2	210556	n/a
102.81884765625	0.3	0.0	1	210573	n/a
102.8271484375	0.3	0.0	1	210590	n/a
102.83544921875	0.3	1.0	2	210607	n/a
102.84375	0.3	1.0	2	210624	n/a
102.85205078125	0.3	0.0	1	210641	n/a
102.8603515625	0.3	1.0	2	210658	n/a
102.86865234375	0.3	0.0	1	210675	n/a
102.876953125	0.3	0.0	1	210692	n/a
102.88525390625	0.3	1.0	2	210709	n/a
102.8935546875	0.3	1.0	2	210726	n/a
102.90185546875	0.3	0.0	1	210743	n/a
102.91064453125	0.3	1.0	2	210761	n/a
102.9189453125	0.3	0.0	1	210778	n/a
102.92724609375	0.3	0.0	1	210795	n/a
102.935546875	0.3	1.0	2	210812	n/a
102.94384765625	0.3	1.0	2	210829	n/a
102.9521484375	0.3	0.0	1	210846	n/a
102.96044921875	0.3	0.0	1	210863	n/a
102.96875	0.3	1.0	2	210880	n/a
102.97705078125	0.3	1.0	2	210897	n/a
102.9853515625	0.3	0.0	1	210914	n/a
102.99365234375	0.3	1.0	2	210931	n/a
103.001953125	0.3	0.0	1	210948	n/a
103.01025390625	0.3	0.0	1	210965	n/a
103.0185546875	0.3	1.0	2	210982	n/a
103.02685546875	0.3	1.0	2	210999	n/a
103.03564453125	0.3	0.0	1	211017	n/a
103.0439453125	0.3	0.0	1	211034	n/a
103.05224609375	0.3	1.0	2	211051	n/a
103.060546875	0.3	0.0	1	211068	n/a
103.06884765625	0.3	1.0	2	211085	n/a
103.0771484375	0.3	1.0	2	211102	n/a
103.08544921875	0.3	0.0	1	211119	n/a
103.09375	0.3	0.0	1	211136	n/a
103.10205078125	0.3	1.0	2	211153	n/a
103.1103515625	0.3	1.0	2	211170	n/a
103.11865234375	0.3	0.0	1	211187	n/a
103.126953125	0.3	1.0	2	211204	n/a
103.13525390625	0.3	0.0	1	211221	n/a
103.1435546875	0.3	0.0	1	211238	n/a
103.15185546875	0.3	1.0	2	211255	n/a
103.16064453125	0.3	0.0	1	211273	n/a
103.1689453125	0.3	1.0	2	211290	n/a
103.17724609375	0.3	0.0	1	211307	n/a
103.185546875	0.3	1.0	2	211324	n/a
103.19384765625	0.3	0.0	1	211341	n/a
103.2021484375	0.3	1.0	2	211358	n/a
103.21044921875	0.3	1.0	2	211375	n/a
103.21875	0.3	0.0	1	211392	n/a
103.22705078125	0.3	0.0	1	211409	n/a
103.2353515625	0.3	1.0	2	211426	n/a
103.24365234375	0.3	0.0	1	211443	n/a
103.251953125	0.3	1.0	2	211460	n/a
103.26025390625	0.3	1.0	2	211477	n/a
103.2685546875	0.3	0.0	1	211494	n/a
103.27685546875	0.3	0.0	1	211511	n/a
103.28564453125	0.3	1.0	2	211529	n/a
103.2939453125	0.3	1.0	2	211546	n/a
103.30224609375	0.3	0.0	1	211563	n/a
103.310546875	0.3	1.0	2	211580	n/a
103.31884765625	0.3	0.0	1	211597	n/a
103.3271484375	0.3	0.0	1	211614	n/a
103.33544921875	0.3	1.0	2	211631	n/a
103.34375	0.3	1.0	2	211648	n/a
103.35205078125	0.3	0.0	1	211665	n/a
103.3603515625	0.3	1.0	2	211682	n/a
103.36865234375	0.3	0.0	1	211699	n/a
103.376953125	0.3	0.0	1	211716	n/a
103.38525390625	0.3	1.0	2	211733	n/a
103.3935546875	0.3	1.0	2	211750	n/a
103.40185546875	0.3	0.0	1	211767	n/a
103.41064453125	0.3	1.0	2	211785	n/a
103.4189453125	0.3	0.0	1	211802	n/a
103.42724609375	0.3	0.0	1	211819	n/a
103.435546875	0.3	1.0	2	211836	n/a
103.44384765625	0.3	0.0	1	211853	n/a
103.4521484375	0.3	1.0	2	211870	n/a
103.46044921875	0.3	0.0	1	211887	n/a
103.46875	0.3	1.0	2	211904	n/a
103.47705078125	0.3	1.0	2	211921	n/a
103.4853515625	0.3	0.0	1	211938	n/a
103.49365234375	0.3	1.0	2	211955	n/a
103.501953125	0.3	0.0	1	211972	n/a
103.51025390625	0.3	0.0	1	211989	n/a
103.5185546875	0.3	1.0	2	212006	n/a
103.52685546875	0.3	1.0	2	212023	n/a
103.53564453125	0.3	0.0	1	212041	n/a
103.5439453125	0.3	0.0	1	212058	n/a
103.55224609375	0.3	1.0	2	212075	n/a
103.560546875	0.3	1.0	2	212092	n/a
103.56884765625	0.3	0.0	1	212109	n/a
103.5771484375	0.3	1.0	2	212126	n/a
103.58544921875	0.3	0.0	1	212143	n/a
103.59375	0.3	0.0	1	212160	n/a
103.60205078125	0.3	1.0	2	212177	n/a
103.6103515625	0.3	1.0	2	212194	n/a
103.61865234375	0.3	0.0	1	212211	n/a
103.626953125	0.3	1.0	2	212228	n/a
103.63525390625	0.3	0.0	1	212245	n/a
103.6435546875	0.3	1.0	2	212262	n/a
103.65185546875	0.3	0.0	1	212279	n/a
103.66064453125	0.3	0.0	1	212297	n/a
103.6689453125	0.3	1.0	2	212314	n/a
103.67724609375	0.3	0.0	1	212331	n/a
103.685546875	0.3	1.0	2	212348	n/a
103.69384765625	0.3	1.0	2	212365	n/a
103.7021484375	0.3	0.0	1	212382	n/a
103.71044921875	0.3	0.0	1	212399	n/a
103.71875	0.3	1.0	2	212416	n/a
103.72705078125	0.3	0.0	1	212433	n/a
103.7353515625	0.3	1.0	2	212450	n/a
103.74365234375	0.3	0.0	1	212467	n/a
103.751953125	0.3	1.0	2	212484	n/a
103.76025390625	0.3	0.0	1	212501	n/a
103.7685546875	0.3	1.0	2	212518	n/a
103.77685546875	0.3	0.0	1	212535	n/a
103.78564453125	0.3	1.0	2	212553	n/a
103.7939453125	0.3	1.0	2	212570	n/a
103.80224609375	0.3	0.0	1	212587	n/a
103.810546875	0.3	0.0	1	212604	n/a
103.81884765625	0.3	1.0	2	212621	n/a
103.8271484375	0.3	1.0	2	212638	n/a
103.83544921875	0.3	0.0	1	212655	n/a
103.84375	0.3	0.0	1	212672	n/a
103.85205078125	0.3	1.0	2	212689	n/a
103.8603515625	0.3	1.0	2	212706	n/a
103.86865234375	0.3	0.0	1	212723	n/a
103.876953125	0.3	0.0	1	212740	n/a
103.88525390625	0.3	1.0	2	212757	n/a
103.8935546875	0.3	1.0	2	212774	n/a
103.90185546875	0.3	0.0	1	212791	n/a
103.91064453125	0.3	1.0	2	212809	n/a
103.9189453125	0.3	0.0	1	212826	n/a
103.92724609375	0.3	0.0	1	212843	n/a
103.935546875	0.3	1.0	2	212860	n/a
103.94384765625	0.3	1.0	2	212877	n/a
103.9521484375	0.3	0.0	1	212894	n/a
103.96044921875	0.3	1.0	2	212911	n/a
103.96875	0.3	0.0	1	212928	n/a
103.97705078125	0.3	0.0	1	212945	n/a
103.9853515625	0.3	1.0	2	212962	n/a
103.99365234375	0.3	1.0	2	212979	n/a
104.001953125	0.3	0.0	1	212996	n/a
104.01025390625	0.3	0.0	1	213013	n/a
104.0185546875	0.3	1.0	2	213030	n/a
104.02685546875	0.3	1.0	2	213047	n/a
104.03564453125	0.3	0.0	1	213065	n/a
104.0439453125	0.3	1.0	2	213082	n/a
104.05224609375	0.3	0.0	1	213099	n/a
104.060546875	0.3	0.0	1	213116	n/a
104.06884765625	0.3	1.0	2	213133	n/a
104.0771484375	0.3	1.0	2	213150	n/a
104.08544921875	0.3	0.0	1	213167	n/a
104.09375	0.3	0.0	1	213184	n/a
104.10205078125	0.3	1.0	2	213201	n/a
104.1103515625	0.3	0.0	1	213218	n/a
104.11865234375	0.3	1.0	2	213235	n/a
104.126953125	0.3	1.0	2	213252	n/a
104.13525390625	0.3	0.0	1	213269	n/a
104.1435546875	0.3	0.0	1	213286	n/a
104.15185546875	0.3	1.0	2	213303	n/a
104.16064453125	0.3	1.0	2	213321	n/a
104.1689453125	0.3	0.0	1	213338	n/a
104.17724609375	0.3	1.0	2	213355	n/a
104.185546875	0.3	0.0	1	213372	n/a
104.19384765625	0.3	0.0	1	213389	n/a
104.2021484375	0.3	1.0	2	213406	n/a
104.21044921875	0.3	0.0	1	213423	n/a
104.21875	0.3	1.0	2	213440	n/a
104.22705078125	0.3	0.0	1	213457	n/a
104.2353515625	0.3	1.0	2	213474	n/a
104.24365234375	0.3	0.0	1	213491	n/a
104.251953125	0.3	1.0	2	213508	n/a
104.26025390625	0.3	1.0	2	213525	n/a
104.2685546875	0.3	0.0	1	213542	n/a
104.27685546875	0.3	0.0	1	213559	n/a
104.28564453125	0.3	1.0	2	213577	n/a
104.2939453125	0.3	0.0	1	213594	n/a
104.30224609375	0.3	1.0	2	213611	n/a
104.310546875	0.3	1.0	2	213628	n/a
104.31884765625	0.3	0.0	1	213645	n/a
104.3271484375	0.3	0.0	1	213662	n/a
104.33544921875	0.3	1.0	2	213679	n/a
104.34375	0.3	1.0	2	213696	n/a
104.35205078125	0.3	0.0	1	213713	n/a
104.3603515625	0.3	1.0	2	213730	n/a
104.36865234375	0.3	0.0	1	213747	n/a
104.376953125	0.3	0.0	1	213764	n/a
104.38525390625	0.3	1.0	2	213781	n/a
104.3935546875	0.3	1.0	2	213798	n/a
104.40185546875	0.3	0.0	1	213815	n/a
104.41064453125	0.3	1.0	2	213833	n/a
104.4189453125	0.3	0.0	1	213850	n/a
104.42724609375	0.3	0.0	1	213867	n/a
104.435546875	0.3	1.0	2	213884	n/a
104.44384765625	0.3	1.0	2	213901	n/a
104.4521484375	0.3	0.0	1	213918	n/a
104.46044921875	0.3	1.0	2	213935	n/a
104.46875	0.3	0.0	1	213952	n/a
104.47705078125	0.3	0.0	1	213969	n/a
104.4853515625	0.3	1.0	2	213986	n/a
104.49365234375	0.3	0.0	1	214003	n/a
104.501953125	0.3	1.0	2	214020	n/a
104.51025390625	0.3	0.0	1	214037	n/a
104.5185546875	0.3	1.0	2	214054	n/a
104.52685546875	0.3	1.0	2	214071	n/a
104.53564453125	0.3	0.0	1	214089	n/a
104.5439453125	0.3	1.0	2	214106	n/a
104.55224609375	0.3	0.0	1	214123	n/a
104.560546875	0.3	0.0	1	214140	n/a
104.56884765625	0.3	1.0	2	214157	n/a
104.5771484375	0.3	1.0	2	214174	n/a
104.58544921875	0.3	0.0	1	214191	n/a
104.59375	0.3	0.0	1	214208	n/a
104.60205078125	0.3	1.0	2	214225	n/a
104.6103515625	0.3	1.0	2	214242	n/a
104.61865234375	0.3	0.0	1	214259	n/a
104.626953125	0.3	1.0	2	214276	n/a
104.63525390625	0.3	0.0	1	214293	n/a
104.6435546875	0.3	0.0	1	214310	n/a
104.65185546875	0.3	1.0	2	214327	n/a
104.66064453125	0.3	1.0	2	214345	n/a
104.6689453125	0.3	0.0	1	214362	n/a
104.67724609375	0.3	1.0	2	214379	n/a
104.685546875	0.3	0.0	1	214396	n/a
104.69384765625	0.3	1.0	2	214413	n/a
104.7021484375	0.3	0.0	1	214430	n/a
104.71044921875	0.3	0.0	1	214447	n/a
104.71875	0.3	1.0	2	214464	n/a
104.72705078125	0.3	0.0	1	214481	n/a
104.7353515625	0.3	1.0	2	214498	n/a
104.74365234375	0.3	1.0	2	214515	n/a
104.751953125	0.3	0.0	1	214532	n/a
104.76025390625	0.3	0.0	1	214549	n/a
104.7685546875	0.3	1.0	2	214566	n/a
104.77685546875	0.3	0.0	1	214583	n/a
104.78564453125	0.3	1.0	2	214601	n/a
104.7939453125	0.3	0.0	1	214618	n/a
104.80224609375	0.3	1.0	2	214635	n/a
104.810546875	0.3	0.0	1	214652	n/a
104.81884765625	0.3	1.0	2	214669	n/a
104.8271484375	0.3	0.0	1	214686	n/a
104.83544921875	0.3	1.0	2	214703	n/a
104.84375	0.3	1.0	2	214720	n/a
104.85205078125	0.3	0.0	1	214737	n/a
104.8603515625	0.3	0.0	1	214754	n/a
104.86865234375	0.3	1.0	2	214771	n/a
104.876953125	0.3	1.0	2	214788	n/a
104.88525390625	0.3	0.0	1	214805	n/a
104.8935546875	0.3	0.0	1	214822	n/a
104.90185546875	0.3	1.0	2	214839	n/a
104.91064453125	0.3	1.0	2	214857	n/a
104.9189453125	0.3	0.0	1	214874	n/a
104.92724609375	0.3	0.0	1	214891	n/a
104.935546875	0.3	1.0	2	214908	n/a
104.94384765625	0.3	1.0	2	214925	n/a
104.9521484375	0.3	0.0	1	214942	n/a
104.96044921875	0.3	1.0	2	214959	n/a
104.96875	0.3	0.0	1	214976	n/a
104.97705078125	0.3	0.0	1	214993	n/a
104.9853515625	0.3	1.0	2	215010	n/a
104.99365234375	0.3	1.0	2	215027	n/a
105.001953125	0.3	0.0	1	215044	n/a
105.01025390625	0.3	1.0	2	215061	n/a
105.0185546875	0.3	0.0	1	215078	n/a
105.02685546875	0.3	0.0	1	215095	n/a
105.03564453125	0.3	1.0	2	215113	n/a
105.0439453125	0.3	1.0	2	215130	n/a
105.05224609375	0.3	0.0	1	215147	n/a
105.060546875	0.3	0.0	1	215164	n/a
105.06884765625	0.3	1.0	2	215181	n/a
105.0771484375	0.3	1.0	2	215198	n/a
105.08544921875	0.3	0.0	1	215215	n/a
105.09375	0.3	1.0	2	215232	n/a
105.10205078125	0.3	0.0	1	215249	n/a
105.1103515625	0.3	0.0	1	215266	n/a
105.11865234375	0.3	1.0	2	215283	n/a
105.126953125	0.3	1.0	2	215300	n/a
105.13525390625	0.3	0.0	1	215317	n/a
105.1435546875	0.3	0.0	1	215334	n/a
105.15185546875	0.3	1.0	2	215351	n/a
105.16064453125	0.3	0.0	1	215369	n/a
105.1689453125	0.3	1.0	2	215386	n/a
105.17724609375	0.3	1.0	2	215403	n/a
105.185546875	0.3	0.0	1	215420	n/a
105.19384765625	0.3	0.0	1	215437	n/a
105.2021484375	0.3	1.0	2	215454	n/a
105.21044921875	0.3	1.0	2	215471	n/a
105.21875	0.3	0.0	1	215488	n/a
105.22705078125	0.3	1.0	2	215505	n/a
105.2353515625	0.3	0.0	1	215522	n/a
105.24365234375	0.3	0.0	1	215539	n/a
105.251953125	0.3	1.0	2	215556	n/a
105.26025390625	0.3	0.0	1	215573	n/a
105.2685546875	0.3	1.0	2	215590	n/a
105.27685546875	0.3	0.0	1	215607	n/a
105.28564453125	0.3	1.0	2	215625	n/a
105.2939453125	0.3	0.0	1	215642	n/a
105.30224609375	0.3	1.0	2	215659	n/a
105.310546875	0.3	1.0	2	215676	n/a
105.31884765625	0.3	0.0	1	215693	n/a
105.3271484375	0.3	0.0	1	215710	n/a
105.33544921875	0.3	1.0	2	215727	n/a
105.34375	0.3	0.0	1	215744	n/a
105.35205078125	0.3	1.0	2	215761	n/a
105.3603515625	0.3	1.0	2	215778	n/a
105.36865234375	0.3	0.0	1	215795	n/a
105.376953125	0.3	0.0	1	215812	n/a
105.38525390625	0.3	1.0	2	215829	n/a
105.3935546875	0.3	1.0	2	215846	n/a
105.40185546875	0.3	0.0	1	215863	n/a
105.41064453125	0.3	1.0	2	215881	n/a
105.4189453125	0.3	0.0	1	215898	n/a
105.42724609375	0.3	0.0	1	215915	n/a
105.435546875	0.3	1.0	2	215932	n/a
105.44384765625	0.3	1.0	2	215949	n/a
105.4521484375	0.3	0.0	1	215966	n/a
105.46044921875	0.3	1.0	2	215983	n/a
105.46875	0.3	0.0	1	216000	n/a
105.47705078125	0.3	0.0	1	216017	n/a
105.4853515625	0.3	1.0	2	216034	n/a
105.49365234375	0.3	1.0	2	216051	n/a
105.501953125	0.3	0.0	1	216068	n/a
105.51025390625	0.3	1.0	2	216085	n/a
105.5185546875	0.3	0.0	1	216102	n/a
105.52685546875	0.3	0.0	1	216119	n/a
105.53564453125	0.3	1.0	2	216137	n/a
105.5439453125	0.3	0.0	1	216154	n/a
105.55224609375	0.3	1.0	2	216171	n/a
105.560546875	0.3	0.0	1	216188	n/a
105.56884765625	0.3	1.0	2	216205	n/a
105.5771484375	0.3	1.0	2	216222	n/a
105.58544921875	0.3	0.0	1	216239	n/a
105.59375	0.3	1.0	2	216256	n/a
105.60205078125	0.3	0.0	1	216273	n/a
105.6103515625	0.3	0.0	1	216290	n/a
105.61865234375	0.3	1.0	2	216307	n/a
105.626953125	0.3	1.0	2	216324	n/a
105.63525390625	0.3	0.0	1	216341	n/a
105.6435546875	0.3	0.0	1	216358	n/a
105.65185546875	0.3	1.0	2	216375	n/a
105.66064453125	0.3	1.0	2	216393	n/a
105.6689453125	0.3	0.0	1	216410	n/a
105.67724609375	0.3	1.0	2	216427	n/a
105.685546875	0.3	0.0	1	216444	n/a
105.69384765625	0.3	0.0	1	216461	n/a
105.7021484375	0.3	1.0	2	216478	n/a
105.71044921875	0.3	1.0	2	216495	n/a
105.71875	0.3	0.0	1	216512	n/a
105.72705078125	0.3	1.0	2	216529	n/a
105.7353515625	0.3	0.0	1	216546	n/a
105.74365234375	0.3	1.0	2	216563	n/a
105.751953125	0.3	0.0	1	216580	n/a
105.76025390625	0.3	0.0	1	216597	n/a
105.7685546875	0.3	1.0	2	216614	n/a
105.77685546875	0.3	0.0	1	216631	n/a
105.78564453125	0.3	1.0	2	216649	n/a
105.7939453125	0.3	1.0	2	216666	n/a
105.80224609375	0.3	0.0	1	216683	n/a
105.810546875	0.3	0.0	1	216700	n/a
105.81884765625	0.3	1.0	2	216717	n/a
105.8271484375	0.3	0.0	1	216734	n/a
105.83544921875	0.3	1.0	2	216751	n/a
105.84375	0.3	0.0	1	216768	n/a
105.85205078125	0.3	1.0	2	216785	n/a
105.8603515625	0.3	0.0	1	216802	n/a
105.86865234375	0.3	1.0	2	216819	n/a
105.876953125	0.3	0.0	1	216836	n/a
105.88525390625	0.3	1.0	2	216853	n/a
105.8935546875	0.3	1.0	2	216870	n/a
105.90185546875	0.3	0.0	1	216887	n/a
105.91064453125	0.3	0.0	1	216905	n/a
105.9189453125	0.3	1.0	2	216922	n/a
105.92724609375	0.3	1.0	2	216939	n/a
105.935546875	0.3	0.0	1	216956	n/a
105.94384765625	0.3	0.0	1	216973	n/a
105.9521484375	0.3	1.0	2	216990	n/a
105.96044921875	0.3	1.0	2	217007	n/a
105.96875	0.3	0.0	1	217024	n/a
105.97705078125	0.3	0.0	1	217041	n/a
105.9853515625	0.3	1.0	2	217058	n/a
105.99365234375	0.3	1.0	2	217075	n/a
106.001953125	0.3	0.0	1	217092	n/a
106.01025390625	0.3	1.0	2	217109	n/a
106.0185546875	0.3	0.0	1	217126	n/a
106.02685546875	0.3	0.0	1	217143	n/a
106.03564453125	0.3	1.0	2	217161	n/a
106.0439453125	0.3	1.0	2	217178	n/a
106.05224609375	0.3	0.0	1	217195	n/a
106.060546875	0.3	1.0	2	217212	n/a
106.06884765625	0.3	0.0	1	217229	n/a
106.0771484375	0.3	0.0	1	217246	n/a
106.08544921875	0.3	1.0	2	217263	n/a
106.09375	0.3	1.0	2	217280	n/a
106.10205078125	0.3	0.0	1	217297	n/a
106.1103515625	0.3	0.0	1	217314	n/a
106.11865234375	0.3	1.0	2	217331	n/a
106.126953125	0.3	1.0	2	217348	n/a
106.13525390625	0.3	0.0	1	217365	n/a
106.1435546875	0.3	1.0	2	217382	n/a
106.15185546875	0.3	0.0	1	217399	n/a
106.16064453125	0.3	0.0	1	217417	n/a
106.1689453125	0.3	1.0	2	217434	n/a
106.17724609375	0.3	1.0	2	217451	n/a
106.185546875	0.3	0.0	1	217468	n/a
106.19384765625	0.3	0.0	1	217485	n/a
106.2021484375	0.3	1.0	2	217502	n/a
106.21044921875	0.3	0.0	1	217519	n/a
106.21875	0.3	1.0	2	217536	n/a
106.22705078125	0.3	1.0	2	217553	n/a
106.2353515625	0.3	0.0	1	217570	n/a
106.24365234375	0.3	0.0	1	217587	n/a
106.251953125	0.3	1.0	2	217604	n/a
106.26025390625	0.3	1.0	2	217621	n/a
106.2685546875	0.3	0.0	1	217638	n/a
106.27685546875	0.3	1.0	2	217655	n/a
106.28564453125	0.3	0.0	1	217673	n/a
108.6533203125	0.3	1.0	2	222522	19.0
108.66162109375	0.3	0.0	1	222539	n/a
108.669921875	0.3	1.0	2	222556	n/a
108.67822265625	0.3	0.0	1	222573	n/a
108.6865234375	0.3	1.0	2	222590	n/a
108.69482421875	0.3	0.0	1	222607	n/a
108.703125	0.3	1.0	2	222624	n/a
108.71142578125	0.3	0.0	1	222641	n/a
108.72021484375	0.3	0.0	1	222659	n/a
108.728515625	0.3	1.0	2	222676	n/a
108.73681640625	0.3	1.0	2	222693	n/a
108.7451171875	0.3	0.0	1	222710	n/a
108.75341796875	0.3	0.0	1	222727	n/a
108.76171875	0.3	1.0	2	222744	n/a
108.77001953125	0.3	1.0	2	222761	n/a
108.7783203125	0.3	0.0	1	222778	n/a
108.78662109375	0.3	1.0	2	222795	n/a
108.794921875	0.3	0.0	1	222812	n/a
108.80322265625	0.3	1.0	2	222829	n/a
108.8115234375	0.3	0.0	1	222846	n/a
108.81982421875	0.3	0.0	1	222863	n/a
108.828125	0.3	1.0	2	222880	n/a
108.83642578125	0.3	0.0	1	222897	n/a
108.84521484375	0.3	1.0	2	222915	n/a
108.853515625	0.3	0.0	1	222932	n/a
108.86181640625	0.3	1.0	2	222949	n/a
108.8701171875	0.3	1.0	2	222966	n/a
108.87841796875	0.3	0.0	1	222983	n/a
108.88671875	0.3	0.0	1	223000	n/a
108.89501953125	0.3	1.0	2	223017	n/a
108.9033203125	0.3	1.0	2	223034	n/a
108.91162109375	0.3	0.0	1	223051	n/a
108.919921875	0.3	0.0	1	223068	n/a
108.92822265625	0.3	1.0	2	223085	n/a
108.9365234375	0.3	1.0	2	223102	n/a
108.94482421875	0.3	0.0	1	223119	n/a
108.953125	0.3	0.0	1	223136	n/a
108.96142578125	0.3	1.0	2	223153	n/a
108.97021484375	0.3	0.0	1	223171	n/a
108.978515625	0.3	1.0	2	223188	n/a
108.98681640625	0.3	0.0	1	223205	n/a
108.9951171875	0.3	1.0	2	223222	n/a
109.00341796875	0.3	0.0	1	223239	n/a
109.01171875	0.3	1.0	2	223256	n/a
109.02001953125	0.3	1.0	2	223273	n/a
109.0283203125	0.3	0.0	1	223290	n/a
109.03662109375	0.3	0.0	1	223307	n/a
109.044921875	0.3	1.0	2	223324	n/a
109.05322265625	0.3	0.0	1	223341	n/a
109.0615234375	0.3	1.0	2	223358	n/a
109.06982421875	0.3	0.0	1	223375	n/a
109.078125	0.3	1.0	2	223392	n/a
109.08642578125	0.3	0.0	1	223409	n/a
109.09521484375	0.3	1.0	2	223427	n/a
109.103515625	0.3	1.0	2	223444	n/a
109.11181640625	0.3	0.0	1	223461	n/a
109.1201171875	0.3	1.0	2	223478	n/a
109.12841796875	0.3	0.0	1	223495	n/a
109.13671875	0.3	0.0	1	223512	n/a
109.14501953125	0.3	1.0	2	223529	n/a
109.1533203125	0.3	1.0	2	223546	n/a
109.16162109375	0.3	0.0	1	223563	n/a
109.169921875	0.3	1.0	2	223580	n/a
109.17822265625	0.3	0.0	1	223597	n/a
109.1865234375	0.3	1.0	2	223614	n/a
109.19482421875	0.3	0.0	1	223631	n/a
109.203125	0.3	1.0	2	223648	n/a
109.21142578125	0.3	0.0	1	223665	n/a
109.22021484375	0.3	1.0	2	223683	n/a
109.228515625	0.3	0.0	1	223700	n/a
109.23681640625	0.3	0.0	1	223717	n/a
109.2451171875	0.3	1.0	2	223734	n/a
109.25341796875	0.3	0.0	1	223751	n/a
109.26171875	0.3	1.0	2	223768	n/a
109.27001953125	0.3	1.0	2	223785	n/a
109.2783203125	0.3	0.0	1	223802	n/a
109.28662109375	0.3	1.0	2	223819	n/a
109.294921875	0.3	0.0	1	223836	n/a
109.30322265625	0.3	1.0	2	223853	n/a
109.3115234375	0.3	0.0	1	223870	n/a
109.31982421875	0.3	1.0	2	223887	n/a
109.328125	0.3	0.0	1	223904	n/a
109.33642578125	0.3	0.0	1	223921	n/a
109.34521484375	0.3	1.0	2	223939	n/a
109.353515625	0.3	0.0	1	223956	n/a
109.36181640625	0.3	1.0	2	223973	n/a
109.3701171875	0.3	1.0	2	223990	n/a
109.37841796875	0.3	0.0	1	224007	n/a
109.38671875	0.3	0.0	1	224024	n/a
109.39501953125	0.3	1.0	2	224041	n/a
109.4033203125	0.3	0.0	1	224058	n/a
109.41162109375	0.3	1.0	2	224075	n/a
109.419921875	0.3	1.0	2	224092	n/a
109.42822265625	0.3	0.0	1	224109	n/a
109.4365234375	0.3	0.0	1	224126	n/a
109.44482421875	0.3	1.0	2	224143	n/a
109.453125	0.3	0.0	1	224160	n/a
109.46142578125	0.3	1.0	2	224177	n/a
109.47021484375	0.3	1.0	2	224195	n/a
109.478515625	0.3	0.0	1	224212	n/a
109.48681640625	0.3	0.0	1	224229	n/a
109.4951171875	0.3	1.0	2	224246	n/a
109.50341796875	0.3	1.0	2	224263	n/a
109.51171875	0.3	0.0	1	224280	n/a
109.52001953125	0.3	0.0	1	224297	n/a
109.5283203125	0.3	1.0	2	224314	n/a
109.53662109375	0.3	0.0	1	224331	n/a
109.544921875	0.3	1.0	2	224348	n/a
109.55322265625	0.3	0.0	1	224365	n/a
109.5615234375	0.3	1.0	2	224382	n/a
109.56982421875	0.3	1.0	2	224399	n/a
109.578125	0.3	0.0	1	224416	n/a
109.58642578125	0.3	1.0	2	224433	n/a
109.59521484375	0.3	0.0	1	224451	n/a
109.603515625	0.3	0.0	1	224468	n/a
109.61181640625	0.3	1.0	2	224485	n/a
109.6201171875	0.3	0.0	1	224502	n/a
109.62841796875	0.3	1.0	2	224519	n/a
109.63671875	0.3	1.0	2	224536	n/a
109.64501953125	0.3	0.0	1	224553	n/a
109.6533203125	0.3	0.0	1	224570	n/a
109.66162109375	0.3	1.0	2	224587	n/a
109.669921875	0.3	0.0	1	224604	n/a
109.67822265625	0.3	1.0	2	224621	n/a
109.6865234375	0.3	1.0	2	224638	n/a
109.69482421875	0.3	0.0	1	224655	n/a
109.703125	0.3	1.0	2	224672	n/a
109.71142578125	0.3	0.0	1	224689	n/a
109.72021484375	0.3	1.0	2	224707	n/a
109.728515625	0.3	0.0	1	224724	n/a
109.73681640625	0.3	1.0	2	224741	n/a
109.7451171875	0.3	0.0	1	224758	n/a
109.75341796875	0.3	1.0	2	224775	n/a
109.76171875	0.3	0.0	1	224792	n/a
109.77001953125	0.3	0.0	1	224809	n/a
109.7783203125	0.3	1.0	2	224826	n/a
109.78662109375	0.3	1.0	2	224843	n/a
109.794921875	0.3	0.0	1	224860	n/a
109.80322265625	0.3	0.0	1	224877	n/a
109.8115234375	0.3	1.0	2	224894	n/a
109.81982421875	0.3	1.0	2	224911	n/a
109.828125	0.3	0.0	1	224928	n/a
109.83642578125	0.3	1.0	2	224945	n/a
109.84521484375	0.3	0.0	1	224963	n/a
109.853515625	0.3	1.0	2	224980	n/a
109.86181640625	0.3	0.0	1	224997	n/a
109.8701171875	0.3	0.0	1	225014	n/a
109.87841796875	0.3	1.0	2	225031	n/a
109.88671875	0.3	0.0	1	225048	n/a
109.89501953125	0.3	1.0	2	225065	n/a
109.9033203125	0.3	0.0	1	225082	n/a
109.91162109375	0.3	1.0	2	225099	n/a
109.919921875	0.3	1.0	2	225116	n/a
109.92822265625	0.3	0.0	1	225133	n/a
109.9365234375	0.3	0.0	1	225150	n/a
109.94482421875	0.3	1.0	2	225167	n/a
109.953125	0.3	1.0	2	225184	n/a
109.96142578125	0.3	0.0	1	225201	n/a
109.97021484375	0.3	0.0	1	225219	n/a
109.978515625	0.3	1.0	2	225236	n/a
109.98681640625	0.3	1.0	2	225253	n/a
109.9951171875	0.3	0.0	1	225270	n/a
110.00341796875	0.3	0.0	1	225287	n/a
110.01171875	0.3	1.0	2	225304	n/a
110.02001953125	0.3	0.0	1	225321	n/a
110.0283203125	0.3	1.0	2	225338	n/a
110.03662109375	0.3	0.0	1	225355	n/a
110.044921875	0.3	1.0	2	225372	n/a
110.05322265625	0.3	0.0	1	225389	n/a
110.0615234375	0.3	1.0	2	225406	n/a
110.06982421875	0.3	1.0	2	225423	n/a
110.078125	0.3	0.0	1	225440	n/a
110.08642578125	0.3	0.0	1	225457	n/a
110.09521484375	0.3	1.0	2	225475	n/a
110.103515625	0.3	0.0	1	225492	n/a
110.11181640625	0.3	1.0	2	225509	n/a
110.1201171875	0.3	0.0	1	225526	n/a
110.12841796875	0.3	1.0	2	225543	n/a
110.13671875	0.3	0.0	1	225560	n/a
110.14501953125	0.3	1.0	2	225577	n/a
110.1533203125	0.3	1.0	2	225594	n/a
110.16162109375	0.3	0.0	1	225611	n/a
110.169921875	0.3	1.0	2	225628	n/a
110.17822265625	0.3	0.0	1	225645	n/a
110.1865234375	0.3	0.0	1	225662	n/a
110.19482421875	0.3	1.0	2	225679	n/a
110.203125	0.3	1.0	2	225696	n/a
110.21142578125	0.3	0.0	1	225713	n/a
110.22021484375	0.3	1.0	2	225731	n/a
110.228515625	0.3	0.0	1	225748	n/a
110.23681640625	0.3	1.0	2	225765	n/a
110.2451171875	0.3	0.0	1	225782	n/a
110.25341796875	0.3	1.0	2	225799	n/a
110.26171875	0.3	0.0	1	225816	n/a
110.27001953125	0.3	1.0	2	225833	n/a
110.2783203125	0.3	0.0	1	225850	n/a
110.28662109375	0.3	0.0	1	225867	n/a
110.294921875	0.3	1.0	2	225884	n/a
110.30322265625	0.3	0.0	1	225901	n/a
110.3115234375	0.3	1.0	2	225918	n/a
110.31982421875	0.3	1.0	2	225935	n/a
110.328125	0.3	0.0	1	225952	n/a
110.33642578125	0.3	1.0	2	225969	n/a
110.34521484375	0.3	0.0	1	225987	n/a
110.353515625	0.3	1.0	2	226004	n/a
110.36181640625	0.3	0.0	1	226021	n/a
110.3701171875	0.3	1.0	2	226038	n/a
110.37841796875	0.3	0.0	1	226055	n/a
110.38671875	0.3	0.0	1	226072	n/a
110.39501953125	0.3	1.0	2	226089	n/a
110.4033203125	0.3	0.0	1	226106	n/a
110.41162109375	0.3	1.0	2	226123	n/a
110.419921875	0.3	1.0	2	226140	n/a
110.42822265625	0.3	0.0	1	226157	n/a
110.4365234375	0.3	0.0	1	226174	n/a
110.44482421875	0.3	1.0	2	226191	n/a
110.453125	0.3	0.0	1	226208	n/a
110.46142578125	0.3	1.0	2	226225	n/a
110.47021484375	0.3	1.0	2	226243	n/a
110.478515625	0.3	0.0	1	226260	n/a
110.48681640625	0.3	0.0	1	226277	n/a
110.4951171875	0.3	1.0	2	226294	n/a
110.50341796875	0.3	0.0	1	226311	n/a
110.51171875	0.3	1.0	2	226328	n/a
110.52001953125	0.3	1.0	2	226345	n/a
110.5283203125	0.3	0.0	1	226362	n/a
110.53662109375	0.3	0.0	1	226379	n/a
110.544921875	0.3	1.0	2	226396	n/a
110.55322265625	0.3	1.0	2	226413	n/a
110.5615234375	0.3	0.0	1	226430	n/a
110.56982421875	0.3	0.0	1	226447	n/a
110.578125	0.3	1.0	2	226464	n/a
110.58642578125	0.3	0.0	1	226481	n/a
110.59521484375	0.3	1.0	2	226499	n/a
110.603515625	0.3	0.0	1	226516	n/a
110.61181640625	0.3	1.0	2	226533	n/a
110.6201171875	0.3	1.0	2	226550	n/a
110.62841796875	0.3	0.0	1	226567	n/a
110.63671875	0.3	1.0	2	226584	n/a
110.64501953125	0.3	0.0	1	226601	n/a
110.6533203125	0.3	0.0	1	226618	n/a
110.66162109375	0.3	1.0	2	226635	n/a
110.669921875	0.3	0.0	1	226652	n/a
110.67822265625	0.3	1.0	2	226669	n/a
110.6865234375	0.3	1.0	2	226686	n/a
110.69482421875	0.3	0.0	1	226703	n/a
110.703125	0.3	0.0	1	226720	n/a
110.71142578125	0.3	1.0	2	226737	n/a
110.72021484375	0.3	0.0	1	226755	n/a
110.728515625	0.3	1.0	2	226772	n/a
110.73681640625	0.3	1.0	2	226789	n/a
110.7451171875	0.3	0.0	1	226806	n/a
110.75341796875	0.3	1.0	2	226823	n/a
110.76171875	0.3	0.0	1	226840	n/a
110.77001953125	0.3	1.0	2	226857	n/a
110.7783203125	0.3	0.0	1	226874	n/a
110.78662109375	0.3	1.0	2	226891	n/a
110.794921875	0.3	0.0	1	226908	n/a
110.80322265625	0.3	1.0	2	226925	n/a
110.8115234375	0.3	0.0	1	226942	n/a
110.81982421875	0.3	0.0	1	226959	n/a
110.828125	0.3	1.0	2	226976	n/a
110.83642578125	0.3	1.0	2	226993	n/a
110.84521484375	0.3	0.0	1	227011	n/a
110.853515625	0.3	0.0	1	227028	n/a
110.86181640625	0.3	1.0	2	227045	n/a
110.8701171875	0.3	1.0	2	227062	n/a
110.87841796875	0.3	0.0	1	227079	n/a
110.88671875	0.3	1.0	2	227096	n/a
110.89501953125	0.3	0.0	1	227113	n/a
110.9033203125	0.3	1.0	2	227130	n/a
110.91162109375	0.3	0.0	1	227147	n/a
110.919921875	0.3	0.0	1	227164	n/a
110.92822265625	0.3	1.0	2	227181	n/a
110.9365234375	0.3	0.0	1	227198	n/a
110.94482421875	0.3	1.0	2	227215	n/a
110.953125	0.3	0.0	1	227232	n/a
110.96142578125	0.3	1.0	2	227249	n/a
110.97021484375	0.3	1.0	2	227267	n/a
110.978515625	0.3	0.0	1	227284	n/a
110.98681640625	0.3	0.0	1	227301	n/a
110.9951171875	0.3	1.0	2	227318	n/a
111.00341796875	0.3	1.0	2	227335	n/a
111.01171875	0.3	0.0	1	227352	n/a
111.02001953125	0.3	0.0	1	227369	n/a
111.0283203125	0.3	1.0	2	227386	n/a
111.03662109375	0.3	1.0	2	227403	n/a
111.044921875	0.3	0.0	1	227420	n/a
111.05322265625	0.3	0.0	1	227437	n/a
111.0615234375	0.3	1.0	2	227454	n/a
111.06982421875	0.3	0.0	1	227471	n/a
111.078125	0.3	1.0	2	227488	n/a
111.08642578125	0.3	0.0	1	227505	n/a
111.09521484375	0.3	1.0	2	227523	n/a
111.103515625	0.3	0.0	1	227540	n/a
111.11181640625	0.3	1.0	2	227557	n/a
111.1201171875	0.3	1.0	2	227574	n/a
111.12841796875	0.3	0.0	1	227591	n/a
111.13671875	0.3	0.0	1	227608	n/a
111.14501953125	0.3	1.0	2	227625	n/a
111.1533203125	0.3	0.0	1	227642	n/a
111.16162109375	0.3	1.0	2	227659	n/a
111.169921875	0.3	0.0	1	227676	n/a
111.17822265625	0.3	1.0	2	227693	n/a
111.1865234375	0.3	0.0	1	227710	n/a
111.19482421875	0.3	1.0	2	227727	n/a
111.203125	0.3	1.0	2	227744	n/a
111.21142578125	0.3	0.0	1	227761	n/a
111.22021484375	0.3	1.0	2	227779	n/a
111.228515625	0.3	0.0	1	227796	n/a
111.23681640625	0.3	0.0	1	227813	n/a
111.2451171875	0.3	1.0	2	227830	n/a
111.25341796875	0.3	1.0	2	227847	n/a
111.26171875	0.3	0.0	1	227864	n/a
111.27001953125	0.3	1.0	2	227881	n/a
111.2783203125	0.3	0.0	1	227898	n/a
111.28662109375	0.3	1.0	2	227915	n/a
111.294921875	0.3	0.0	1	227932	n/a
111.30322265625	0.3	1.0	2	227949	n/a
111.3115234375	0.3	0.0	1	227966	n/a
111.31982421875	0.3	1.0	2	227983	n/a
111.328125	0.3	0.0	1	228000	n/a
111.33642578125	0.3	0.0	1	228017	n/a
111.34521484375	0.3	1.0	2	228035	n/a
111.353515625	0.3	0.0	1	228052	n/a
111.36181640625	0.3	1.0	2	228069	n/a
111.3701171875	0.3	1.0	2	228086	n/a
111.37841796875	0.3	0.0	1	228103	n/a
111.38671875	0.3	1.0	2	228120	n/a
111.39501953125	0.3	0.0	1	228137	n/a
111.4033203125	0.3	1.0	2	228154	n/a
111.41162109375	0.3	0.0	1	228171	n/a
111.419921875	0.3	1.0	2	228188	n/a
111.42822265625	0.3	0.0	1	228205	n/a
111.4365234375	0.3	0.0	1	228222	n/a
111.44482421875	0.3	1.0	2	228239	n/a
111.453125	0.3	0.0	1	228256	n/a
111.46142578125	0.3	1.0	2	228273	n/a
111.47021484375	0.3	1.0	2	228291	n/a
111.478515625	0.3	0.0	1	228308	n/a
111.48681640625	0.3	0.0	1	228325	n/a
111.4951171875	0.3	1.0	2	228342	n/a
111.50341796875	0.3	0.0	1	228359	n/a
111.51171875	0.3	1.0	2	228376	n/a
111.52001953125	0.3	1.0	2	228393	n/a
111.5283203125	0.3	0.0	1	228410	n/a
111.53662109375	0.3	0.0	1	228427	n/a
111.544921875	0.3	1.0	2	228444	n/a
111.55322265625	0.3	0.0	1	228461	n/a
111.5615234375	0.3	1.0	2	228478	n/a
111.56982421875	0.3	1.0	2	228495	n/a
111.578125	0.3	0.0	1	228512	n/a
111.58642578125	0.3	0.0	1	228529	n/a
111.59521484375	0.3	1.0	2	228547	n/a
111.603515625	0.3	1.0	2	228564	n/a
111.61181640625	0.3	0.0	1	228581	n/a
111.6201171875	0.3	0.0	1	228598	n/a
111.62841796875	0.3	1.0	2	228615	n/a
111.63671875	0.3	0.0	1	228632	n/a
111.64501953125	0.3	1.0	2	228649	n/a
111.6533203125	0.3	0.0	1	228666	n/a
111.66162109375	0.3	1.0	2	228683	n/a
111.669921875	0.3	1.0	2	228700	n/a
111.67822265625	0.3	0.0	1	228717	n/a
111.6865234375	0.3	1.0	2	228734	n/a
111.69482421875	0.3	0.0	1	228751	n/a
111.703125	0.3	0.0	1	228768	n/a
111.71142578125	0.3	1.0	2	228785	n/a
111.72021484375	0.3	0.0	1	228803	n/a
111.728515625	0.3	1.0	2	228820	n/a
111.73681640625	0.3	1.0	2	228837	n/a
111.7451171875	0.3	0.0	1	228854	n/a
111.75341796875	0.3	0.0	1	228871	n/a
111.76171875	0.3	1.0	2	228888	n/a
111.77001953125	0.3	0.0	1	228905	n/a
111.7783203125	0.3	1.0	2	228922	n/a
111.78662109375	0.3	1.0	2	228939	n/a
111.794921875	0.3	0.0	1	228956	n/a
111.80322265625	0.3	1.0	2	228973	n/a
111.8115234375	0.3	0.0	1	228990	n/a
111.81982421875	0.3	1.0	2	229007	n/a
111.828125	0.3	0.0	1	229024	n/a
111.83642578125	0.3	1.0	2	229041	n/a
111.84521484375	0.3	0.0	1	229059	n/a
111.853515625	0.3	1.0	2	229076	n/a
111.86181640625	0.3	0.0	1	229093	n/a
111.8701171875	0.3	0.0	1	229110	n/a
111.87841796875	0.3	1.0	2	229127	n/a
111.88671875	0.3	1.0	2	229144	n/a
111.89501953125	0.3	0.0	1	229161	n/a
111.9033203125	0.3	0.0	1	229178	n/a
111.91162109375	0.3	1.0	2	229195	n/a
111.919921875	0.3	1.0	2	229212	n/a
111.92822265625	0.3	0.0	1	229229	n/a
111.9365234375	0.3	1.0	2	229246	n/a
111.94482421875	0.3	0.0	1	229263	n/a
111.953125	0.3	1.0	2	229280	n/a
111.96142578125	0.3	0.0	1	229297	n/a
111.97021484375	0.3	0.0	1	229315	n/a
111.978515625	0.3	1.0	2	229332	n/a
111.98681640625	0.3	0.0	1	229349	n/a
111.9951171875	0.3	1.0	2	229366	n/a
112.00341796875	0.3	0.0	1	229383	n/a
112.01171875	0.3	1.0	2	229400	n/a
112.02001953125	0.3	1.0	2	229417	n/a
112.0283203125	0.3	0.0	1	229434	n/a
112.03662109375	0.3	0.0	1	229451	n/a
112.044921875	0.3	1.0	2	229468	n/a
112.05322265625	0.3	1.0	2	229485	n/a
112.0615234375	0.3	0.0	1	229502	n/a
112.06982421875	0.3	0.0	1	229519	n/a
112.078125	0.3	1.0	2	229536	n/a
112.08642578125	0.3	1.0	2	229553	n/a
112.09521484375	0.3	0.0	1	229571	n/a
112.103515625	0.3	0.0	1	229588	n/a
112.11181640625	0.3	1.0	2	229605	n/a
112.1201171875	0.3	0.0	1	229622	n/a
112.12841796875	0.3	1.0	2	229639	n/a
112.13671875	0.3	0.0	1	229656	n/a
112.14501953125	0.3	1.0	2	229673	n/a
112.1533203125	0.3	0.0	1	229690	n/a
112.16162109375	0.3	1.0	2	229707	n/a
112.169921875	0.3	1.0	2	229724	n/a
112.17822265625	0.3	0.0	1	229741	n/a
112.1865234375	0.3	0.0	1	229758	n/a
112.19482421875	0.3	1.0	2	229775	n/a
112.203125	0.3	0.0	1	229792	n/a
112.21142578125	0.3	1.0	2	229809	n/a
112.22021484375	0.3	0.0	1	229827	n/a
112.228515625	0.3	1.0	2	229844	n/a
112.23681640625	0.3	0.0	1	229861	n/a
112.2451171875	0.3	1.0	2	229878	n/a
112.25341796875	0.3	1.0	2	229895	n/a
112.26171875	0.3	0.0	1	229912	n/a
112.27001953125	0.3	1.0	2	229929	n/a
112.2783203125	0.3	0.0	1	229946	n/a
112.28662109375	0.3	0.0	1	229963	n/a
112.294921875	0.3	1.0	2	229980	n/a
112.30322265625	0.3	1.0	2	229997	n/a
112.3115234375	0.3	0.0	1	230014	n/a
112.31982421875	0.3	1.0	2	230031	n/a
112.328125	0.3	0.0	1	230048	n/a
112.33642578125	0.3	1.0	2	230065	n/a
112.34521484375	0.3	0.0	1	230083	n/a
112.353515625	0.3	1.0	2	230100	n/a
112.36181640625	0.3	0.0	1	230117	n/a
112.3701171875	0.3	1.0	2	230134	n/a
112.37841796875	0.3	0.0	1	230151	n/a
112.38671875	0.3	0.0	1	230168	n/a
112.39501953125	0.3	1.0	2	230185	n/a
112.4033203125	0.3	0.0	1	230202	n/a
112.41162109375	0.3	1.0	2	230219	n/a
112.419921875	0.3	1.0	2	230236	n/a
112.42822265625	0.3	0.0	1	230253	n/a
112.4365234375	0.3	1.0	2	230270	n/a
112.44482421875	0.3	0.0	1	230287	n/a
112.453125	0.3	1.0	2	230304	n/a
112.46142578125	0.3	0.0	1	230321	n/a
112.47021484375	0.3	1.0	2	230339	n/a
112.478515625	0.3	0.0	1	230356	n/a
112.48681640625	0.3	0.0	1	230373	n/a
112.4951171875	0.3	1.0	2	230390	n/a
112.50341796875	0.3	0.0	1	230407	n/a
112.51171875	0.3	1.0	2	230424	n/a
112.52001953125	0.3	1.0	2	230441	n/a
112.5283203125	0.3	0.0	1	230458	n/a
112.53662109375	0.3	0.0	1	230475	n/a
112.544921875	0.3	1.0	2	230492	n/a
112.55322265625	0.3	0.0	1	230509	n/a
112.5615234375	0.3	1.0	2	230526	n/a
112.56982421875	0.3	1.0	2	230543	n/a
112.578125	0.3	0.0	1	230560	n/a
112.58642578125	0.3	0.0	1	230577	n/a
112.59521484375	0.3	1.0	2	230595	n/a
112.603515625	0.3	0.0	1	230612	n/a
112.61181640625	0.3	1.0	2	230629	n/a
112.6201171875	0.3	1.0	2	230646	n/a
112.62841796875	0.3	0.0	1	230663	n/a
112.63671875	0.3	0.0	1	230680	n/a
112.64501953125	0.3	1.0	2	230697	n/a
112.6533203125	0.3	1.0	2	230714	n/a
112.66162109375	0.3	0.0	1	230731	n/a
112.669921875	0.3	0.0	1	230748	n/a
112.67822265625	0.3	1.0	2	230765	n/a
112.6865234375	0.3	0.0	1	230782	n/a
112.69482421875	0.3	1.0	2	230799	n/a
112.703125	0.3	0.0	1	230816	n/a
112.71142578125	0.3	1.0	2	230833	n/a
112.72021484375	0.3	1.0	2	230851	n/a
112.728515625	0.3	0.0	1	230868	n/a
112.73681640625	0.3	1.0	2	230885	n/a
112.7451171875	0.3	0.0	1	230902	n/a
112.75341796875	0.3	0.0	1	230919	n/a
112.76171875	0.3	1.0	2	230936	n/a
112.77001953125	0.3	0.0	1	230953	n/a
112.7783203125	0.3	1.0	2	230970	n/a
112.78662109375	0.3	1.0	2	230987	n/a
112.794921875	0.3	0.0	1	231004	n/a
112.80322265625	0.3	0.0	1	231021	n/a
112.8115234375	0.3	1.0	2	231038	n/a
112.81982421875	0.3	0.0	1	231055	n/a
112.828125	0.3	1.0	2	231072	n/a
112.83642578125	0.3	1.0	2	231089	n/a
112.84521484375	0.3	0.0	1	231107	n/a
115.220703125	0.3	0.0	1	235972	16.0
115.22900390625	0.3	1.0	2	235989	n/a
115.2373046875	0.3	0.0	1	236006	n/a
115.24560546875	0.3	1.0	2	236023	n/a
115.25390625	0.3	1.0	2	236040	n/a
115.26220703125	0.3	0.0	1	236057	n/a
115.2705078125	0.3	0.0	1	236074	n/a
115.27880859375	0.3	1.0	2	236091	n/a
115.28759765625	0.3	1.0	2	236109	n/a
115.2958984375	0.3	0.0	1	236126	n/a
115.30419921875	0.3	0.0	1	236143	n/a
115.3125	0.3	1.0	2	236160	n/a
115.32080078125	0.3	0.0	1	236177	n/a
115.3291015625	0.3	1.0	2	236194	n/a
115.33740234375	0.3	0.0	1	236211	n/a
115.345703125	0.3	1.0	2	236228	n/a
115.35400390625	0.3	1.0	2	236245	n/a
115.3623046875	0.3	0.0	1	236262	n/a
115.37060546875	0.3	0.0	1	236279	n/a
115.37890625	0.3	1.0	2	236296	n/a
115.38720703125	0.3	1.0	2	236313	n/a
115.3955078125	0.3	0.0	1	236330	n/a
115.40380859375	0.3	0.0	1	236347	n/a
115.41259765625	0.3	1.0	2	236365	n/a
115.4208984375	0.3	1.0	2	236382	n/a
115.42919921875	0.3	0.0	1	236399	n/a
115.4375	0.3	1.0	2	236416	n/a
115.44580078125	0.3	0.0	1	236433	n/a
115.4541015625	0.3	0.0	1	236450	n/a
115.46240234375	0.3	1.0	2	236467	n/a
115.470703125	0.3	0.0	1	236484	n/a
115.47900390625	0.3	1.0	2	236501	n/a
115.4873046875	0.3	1.0	2	236518	n/a
115.49560546875	0.3	0.0	1	236535	n/a
115.50390625	0.3	1.0	2	236552	n/a
115.51220703125	0.3	0.0	1	236569	n/a
115.5205078125	0.3	1.0	2	236586	n/a
115.52880859375	0.3	0.0	1	236603	n/a
115.53759765625	0.3	1.0	2	236621	n/a
115.5458984375	0.3	0.0	1	236638	n/a
115.55419921875	0.3	0.0	1	236655	n/a
115.5625	0.3	1.0	2	236672	n/a
115.57080078125	0.3	0.0	1	236689	n/a
115.5791015625	0.3	1.0	2	236706	n/a
115.58740234375	0.3	1.0	2	236723	n/a
115.595703125	0.3	0.0	1	236740	n/a
115.60400390625	0.3	1.0	2	236757	n/a
115.6123046875	0.3	0.0	1	236774	n/a
115.62060546875	0.3	0.0	1	236791	n/a
115.62890625	0.3	1.0	2	236808	n/a
115.63720703125	0.3	0.0	1	236825	n/a
115.6455078125	0.3	1.0	2	236842	n/a
115.65380859375	0.3	1.0	2	236859	n/a
115.66259765625	0.3	0.0	1	236877	n/a
115.6708984375	0.3	1.0	2	236894	n/a
115.67919921875	0.3	0.0	1	236911	n/a
115.6875	0.3	1.0	2	236928	n/a
115.69580078125	0.3	0.0	1	236945	n/a
115.7041015625	0.3	0.0	1	236962	n/a
115.71240234375	0.3	1.0	2	236979	n/a
115.720703125	0.3	1.0	2	236996	n/a
115.72900390625	0.3	0.0	1	237013	n/a
115.7373046875	0.3	0.0	1	237030	n/a
115.74560546875	0.3	1.0	2	237047	n/a
115.75390625	0.3	0.0	1	237064	n/a
115.76220703125	0.3	1.0	2	237081	n/a
115.7705078125	0.3	0.0	1	237098	n/a
115.77880859375	0.3	1.0	2	237115	n/a
115.78759765625	0.3	1.0	2	237133	n/a
115.7958984375	0.3	0.0	1	237150	n/a
115.80419921875	0.3	0.0	1	237167	n/a
115.8125	0.3	1.0	2	237184	n/a
115.82080078125	0.3	0.0	1	237201	n/a
115.8291015625	0.3	1.0	2	237218	n/a
115.83740234375	0.3	1.0	2	237235	n/a
115.845703125	0.3	0.0	1	237252	n/a
115.85400390625	0.3	1.0	2	237269	n/a
115.8623046875	0.3	0.0	1	237286	n/a
115.87060546875	0.3	0.0	1	237303	n/a
115.87890625	0.3	1.0	2	237320	n/a
115.88720703125	0.3	1.0	2	237337	n/a
115.8955078125	0.3	0.0	1	237354	n/a
115.90380859375	0.3	1.0	2	237371	n/a
115.91259765625	0.3	0.0	1	237389	n/a
115.9208984375	0.3	1.0	2	237406	n/a
115.92919921875	0.3	0.0	1	237423	n/a
115.9375	0.3	0.0	1	237440	n/a
115.94580078125	0.3	1.0	2	237457	n/a
115.9541015625	0.3	1.0	2	237474	n/a
115.96240234375	0.3	0.0	1	237491	n/a
115.970703125	0.3	1.0	2	237508	n/a
115.97900390625	0.3	0.0	1	237525	n/a
115.9873046875	0.3	0.0	1	237542	n/a
115.99560546875	0.3	1.0	2	237559	n/a
116.00390625	0.3	0.0	1	237576	n/a
116.01220703125	0.3	1.0	2	237593	n/a
116.0205078125	0.3	0.0	1	237610	n/a
116.02880859375	0.3	1.0	2	237627	n/a
116.03759765625	0.3	0.0	1	237645	n/a
116.0458984375	0.3	1.0	2	237662	n/a
116.05419921875	0.3	0.0	1	237679	n/a
116.0625	0.3	1.0	2	237696	n/a
116.07080078125	0.3	0.0	1	237713	n/a
116.0791015625	0.3	1.0	2	237730	n/a
116.08740234375	0.3	0.0	1	237747	n/a
116.095703125	0.3	1.0	2	237764	n/a
116.10400390625	0.3	1.0	2	237781	n/a
116.1123046875	0.3	0.0	1	237798	n/a
116.12060546875	0.3	0.0	1	237815	n/a
116.12890625	0.3	1.0	2	237832	n/a
116.13720703125	0.3	1.0	2	237849	n/a
116.1455078125	0.3	0.0	1	237866	n/a
116.15380859375	0.3	1.0	2	237883	n/a
116.16259765625	0.3	0.0	1	237901	n/a
116.1708984375	0.3	1.0	2	237918	n/a
116.17919921875	0.3	0.0	1	237935	n/a
116.1875	0.3	1.0	2	237952	n/a
116.19580078125	0.3	0.0	1	237969	n/a
116.2041015625	0.3	1.0	2	237986	n/a
116.21240234375	0.3	0.0	1	238003	n/a
116.220703125	0.3	0.0	1	238020	n/a
116.22900390625	0.3	1.0	2	238037	n/a
116.2373046875	0.3	1.0	2	238054	n/a
116.24560546875	0.3	0.0	1	238071	n/a
116.25390625	0.3	0.0	1	238088	n/a
116.26220703125	0.3	1.0	2	238105	n/a
116.2705078125	0.3	0.0	1	238122	n/a
116.27880859375	0.3	1.0	2	238139	n/a
116.28759765625	0.3	0.0	1	238157	n/a
116.2958984375	0.3	1.0	2	238174	n/a
116.30419921875	0.3	1.0	2	238191	n/a
116.3125	0.3	0.0	1	238208	n/a
116.32080078125	0.3	0.0	1	238225	n/a
116.3291015625	0.3	1.0	2	238242	n/a
116.33740234375	0.3	1.0	2	238259	n/a
116.345703125	0.3	0.0	1	238276	n/a
116.35400390625	0.3	0.0	1	238293	n/a
116.3623046875	0.3	1.0	2	238310	n/a
116.37060546875	0.3	0.0	1	238327	n/a
116.37890625	0.3	1.0	2	238344	n/a
116.38720703125	0.3	0.0	1	238361	n/a
116.3955078125	0.3	1.0	2	238378	n/a
116.40380859375	0.3	1.0	2	238395	n/a
116.41259765625	0.3	0.0	1	238413	n/a
116.4208984375	0.3	0.0	1	238430	n/a
116.42919921875	0.3	1.0	2	238447	n/a
116.4375	0.3	1.0	2	238464	n/a
116.44580078125	0.3	0.0	1	238481	n/a
116.4541015625	0.3	0.0	1	238498	n/a
116.46240234375	0.3	1.0	2	238515	n/a
116.470703125	0.3	1.0	2	238532	n/a
116.47900390625	0.3	0.0	1	238549	n/a
116.4873046875	0.3	1.0	2	238566	n/a
116.49560546875	0.3	0.0	1	238583	n/a
116.50390625	0.3	0.0	1	238600	n/a
116.51220703125	0.3	1.0	2	238617	n/a
116.5205078125	0.3	0.0	1	238634	n/a
116.52880859375	0.3	1.0	2	238651	n/a
116.53759765625	0.3	1.0	2	238669	n/a
116.5458984375	0.3	0.0	1	238686	n/a
116.55419921875	0.3	1.0	2	238703	n/a
116.5625	0.3	0.0	1	238720	n/a
116.57080078125	0.3	1.0	2	238737	n/a
116.5791015625	0.3	0.0	1	238754	n/a
116.58740234375	0.3	1.0	2	238771	n/a
116.595703125	0.3	0.0	1	238788	n/a
116.60400390625	0.3	0.0	1	238805	n/a
116.6123046875	0.3	1.0	2	238822	n/a
116.62060546875	0.3	0.0	1	238839	n/a
116.62890625	0.3	1.0	2	238856	n/a
116.63720703125	0.3	1.0	2	238873	n/a
116.6455078125	0.3	0.0	1	238890	n/a
116.65380859375	0.3	1.0	2	238907	n/a
116.66259765625	0.3	0.0	1	238925	n/a
116.6708984375	0.3	0.0	1	238942	n/a
116.67919921875	0.3	1.0	2	238959	n/a
116.6875	0.3	0.0	1	238976	n/a
116.69580078125	0.3	1.0	2	238993	n/a
116.7041015625	0.3	1.0	2	239010	n/a
116.71240234375	0.3	0.0	1	239027	n/a
116.720703125	0.3	1.0	2	239044	n/a
116.72900390625	0.3	0.0	1	239061	n/a
116.7373046875	0.3	1.0	2	239078	n/a
116.74560546875	0.3	0.0	1	239095	n/a
116.75390625	0.3	0.0	1	239112	n/a
116.76220703125	0.3	1.0	2	239129	n/a
116.7705078125	0.3	1.0	2	239146	n/a
116.77880859375	0.3	0.0	1	239163	n/a
116.78759765625	0.3	0.0	1	239181	n/a
116.7958984375	0.3	1.0	2	239198	n/a
116.80419921875	0.3	0.0	1	239215	n/a
116.8125	0.3	1.0	2	239232	n/a
116.82080078125	0.3	0.0	1	239249	n/a
116.8291015625	0.3	1.0	2	239266	n/a
116.83740234375	0.3	1.0	2	239283	n/a
116.845703125	0.3	0.0	1	239300	n/a
116.85400390625	0.3	0.0	1	239317	n/a
116.8623046875	0.3	1.0	2	239334	n/a
116.87060546875	0.3	0.0	1	239351	n/a
116.87890625	0.3	1.0	2	239368	n/a
116.88720703125	0.3	1.0	2	239385	n/a
116.8955078125	0.3	0.0	1	239402	n/a
116.90380859375	0.3	1.0	2	239419	n/a
116.91259765625	0.3	0.0	1	239437	n/a
116.9208984375	0.3	0.0	1	239454	n/a
116.92919921875	0.3	1.0	2	239471	n/a
116.9375	0.3	1.0	2	239488	n/a
116.94580078125	0.3	0.0	1	239505	n/a
116.9541015625	0.3	1.0	2	239522	n/a
116.96240234375	0.3	0.0	1	239539	n/a
116.970703125	0.3	1.0	2	239556	n/a
116.97900390625	0.3	0.0	1	239573	n/a
116.9873046875	0.3	0.0	1	239590	n/a
116.99560546875	0.3	1.0	2	239607	n/a
117.00390625	0.3	1.0	2	239624	n/a
117.01220703125	0.3	0.0	1	239641	n/a
117.0205078125	0.3	1.0	2	239658	n/a
117.02880859375	0.3	0.0	1	239675	n/a
117.03759765625	0.3	0.0	1	239693	n/a
117.0458984375	0.3	1.0	2	239710	n/a
117.05419921875	0.3	0.0	1	239727	n/a
117.0625	0.3	1.0	2	239744	n/a
117.07080078125	0.3	0.0	1	239761	n/a
117.0791015625	0.3	1.0	2	239778	n/a
117.08740234375	0.3	0.0	1	239795	n/a
117.095703125	0.3	1.0	2	239812	n/a
117.10400390625	0.3	0.0	1	239829	n/a
117.1123046875	0.3	1.0	2	239846	n/a
117.12060546875	0.3	0.0	1	239863	n/a
117.12890625	0.3	1.0	2	239880	n/a
117.13720703125	0.3	0.0	1	239897	n/a
117.1455078125	0.3	1.0	2	239914	n/a
117.15380859375	0.3	1.0	2	239931	n/a
117.16259765625	0.3	0.0	1	239949	n/a
117.1708984375	0.3	0.0	1	239966	n/a
117.17919921875	0.3	1.0	2	239983	n/a
117.1875	0.3	1.0	2	240000	n/a
117.19580078125	0.3	0.0	1	240017	n/a
117.2041015625	0.3	1.0	2	240034	n/a
117.21240234375	0.3	0.0	1	240051	n/a
117.220703125	0.3	1.0	2	240068	n/a
117.22900390625	0.3	0.0	1	240085	n/a
117.2373046875	0.3	1.0	2	240102	n/a
117.24560546875	0.3	0.0	1	240119	n/a
117.25390625	0.3	1.0	2	240136	n/a
117.26220703125	0.3	0.0	1	240153	n/a
117.2705078125	0.3	0.0	1	240170	n/a
117.27880859375	0.3	1.0	2	240187	n/a
117.28759765625	0.3	1.0	2	240205	n/a
117.2958984375	0.3	0.0	1	240222	n/a
117.30419921875	0.3	0.0	1	240239	n/a
117.3125	0.3	1.0	2	240256	n/a
117.32080078125	0.3	0.0	1	240273	n/a
117.3291015625	0.3	1.0	2	240290	n/a
117.33740234375	0.3	0.0	1	240307	n/a
117.345703125	0.3	1.0	2	240324	n/a
117.35400390625	0.3	1.0	2	240341	n/a
117.3623046875	0.3	0.0	1	240358	n/a
117.37060546875	0.3	0.0	1	240375	n/a
117.37890625	0.3	1.0	2	240392	n/a
117.38720703125	0.3	1.0	2	240409	n/a
117.3955078125	0.3	0.0	1	240426	n/a
117.40380859375	0.3	0.0	1	240443	n/a
117.41259765625	0.3	1.0	2	240461	n/a
117.4208984375	0.3	0.0	1	240478	n/a
117.42919921875	0.3	1.0	2	240495	n/a
117.4375	0.3	0.0	1	240512	n/a
117.44580078125	0.3	1.0	2	240529	n/a
117.4541015625	0.3	1.0	2	240546	n/a
117.46240234375	0.3	0.0	1	240563	n/a
117.470703125	0.3	0.0	1	240580	n/a
117.47900390625	0.3	1.0	2	240597	n/a
117.4873046875	0.3	1.0	2	240614	n/a
117.49560546875	0.3	0.0	1	240631	n/a
117.50390625	0.3	0.0	1	240648	n/a
117.51220703125	0.3	1.0	2	240665	n/a
117.5205078125	0.3	1.0	2	240682	n/a
117.52880859375	0.3	0.0	1	240699	n/a
117.53759765625	0.3	1.0	2	240717	n/a
117.5458984375	0.3	0.0	1	240734	n/a
117.55419921875	0.3	0.0	1	240751	n/a
117.5625	0.3	1.0	2	240768	n/a
117.57080078125	0.3	0.0	1	240785	n/a
117.5791015625	0.3	1.0	2	240802	n/a
117.58740234375	0.3	1.0	2	240819	n/a
117.595703125	0.3	0.0	1	240836	n/a
117.60400390625	0.3	1.0	2	240853	n/a
117.6123046875	0.3	0.0	1	240870	n/a
117.62060546875	0.3	1.0	2	240887	n/a
117.62890625	0.3	0.0	1	240904	n/a
117.63720703125	0.3	1.0	2	240921	n/a
117.6455078125	0.3	0.0	1	240938	n/a
117.65380859375	0.3	0.0	1	240955	n/a
117.66259765625	0.3	1.0	2	240973	n/a
117.6708984375	0.3	0.0	1	240990	n/a
117.67919921875	0.3	1.0	2	241007	n/a
117.6875	0.3	1.0	2	241024	n/a
117.69580078125	0.3	0.0	1	241041	n/a
117.7041015625	0.3	1.0	2	241058	n/a
117.71240234375	0.3	0.0	1	241075	n/a
117.720703125	0.3	0.0	1	241092	n/a
117.72900390625	0.3	1.0	2	241109	n/a
117.7373046875	0.3	0.0	1	241126	n/a
117.74560546875	0.3	1.0	2	241143	n/a
117.75390625	0.3	1.0	2	241160	n/a
117.76220703125	0.3	0.0	1	241177	n/a
117.7705078125	0.3	1.0	2	241194	n/a
117.77880859375	0.3	0.0	1	241211	n/a
117.78759765625	0.3	1.0	2	241229	n/a
117.7958984375	0.3	0.0	1	241246	n/a
117.80419921875	0.3	0.0	1	241263	n/a
117.8125	0.3	1.0	2	241280	n/a
117.82080078125	0.3	1.0	2	241297	n/a
117.8291015625	0.3	0.0	1	241314	n/a
117.83740234375	0.3	0.0	1	241331	n/a
117.845703125	0.3	1.0	2	241348	n/a
117.85400390625	0.3	0.0	1	241365	n/a
117.8623046875	0.3	1.0	2	241382	n/a
117.87060546875	0.3	0.0	1	241399	n/a
117.87890625	0.3	1.0	2	241416	n/a
117.88720703125	0.3	1.0	2	241433	n/a
117.8955078125	0.3	0.0	1	241450	n/a
117.90380859375	0.3	0.0	1	241467	n/a
117.91259765625	0.3	1.0	2	241485	n/a
117.9208984375	0.3	0.0	1	241502	n/a
117.92919921875	0.3	1.0	2	241519	n/a
117.9375	0.3	1.0	2	241536	n/a
117.94580078125	0.3	0.0	1	241553	n/a
117.9541015625	0.3	1.0	2	241570	n/a
117.96240234375	0.3	0.0	1	241587	n/a
117.970703125	0.3	0.0	1	241604	n/a
117.97900390625	0.3	1.0	2	241621	n/a
117.9873046875	0.3	1.0	2	241638	n/a
117.99560546875	0.3	0.0	1	241655	n/a
118.00390625	0.3	1.0	2	241672	n/a
118.01220703125	0.3	0.0	1	241689	n/a
118.0205078125	0.3	1.0	2	241706	n/a
118.02880859375	0.3	0.0	1	241723	n/a
118.03759765625	0.3	0.0	1	241741	n/a
118.0458984375	0.3	1.0	2	241758	n/a
118.05419921875	0.3	1.0	2	241775	n/a
118.0625	0.3	0.0	1	241792	n/a
118.07080078125	0.3	1.0	2	241809	n/a
118.0791015625	0.3	0.0	1	241826	n/a
118.08740234375	0.3	0.0	1	241843	n/a
118.095703125	0.3	1.0	2	241860	n/a
118.10400390625	0.3	0.0	1	241877	n/a
118.1123046875	0.3	1.0	2	241894	n/a
118.12060546875	0.3	0.0	1	241911	n/a
118.12890625	0.3	1.0	2	241928	n/a
118.13720703125	0.3	0.0	1	241945	n/a
118.1455078125	0.3	1.0	2	241962	n/a
118.15380859375	0.3	0.0	1	241979	n/a
118.16259765625	0.3	1.0	2	241997	n/a
118.1708984375	0.3	0.0	1	242014	n/a
118.17919921875	0.3	1.0	2	242031	n/a
118.1875	0.3	0.0	1	242048	n/a
118.19580078125	0.3	1.0	2	242065	n/a
118.2041015625	0.3	1.0	2	242082	n/a
118.21240234375	0.3	0.0	1	242099	n/a
118.220703125	0.3	0.0	1	242116	n/a
118.22900390625	0.3	1.0	2	242133	n/a
118.2373046875	0.3	1.0	2	242150	n/a
118.24560546875	0.3	0.0	1	242167	n/a
118.25390625	0.3	1.0	2	242184	n/a
118.26220703125	0.3	0.0	1	242201	n/a
118.2705078125	0.3	1.0	2	242218	n/a
118.27880859375	0.3	0.0	1	242235	n/a
118.28759765625	0.3	1.0	2	242253	n/a
118.2958984375	0.3	0.0	1	242270	n/a
118.30419921875	0.3	1.0	2	242287	n/a
118.3125	0.3	0.0	1	242304	n/a
118.32080078125	0.3	0.0	1	242321	n/a
118.3291015625	0.3	1.0	2	242338	n/a
118.33740234375	0.3	1.0	2	242355	n/a
118.345703125	0.3	0.0	1	242372	n/a
118.35400390625	0.3	0.0	1	242389	n/a
118.3623046875	0.3	1.0	2	242406	n/a
118.37060546875	0.3	0.0	1	242423	n/a
118.37890625	0.3	1.0	2	242440	n/a
118.38720703125	0.3	0.0	1	242457	n/a
118.3955078125	0.3	1.0	2	242474	n/a
118.40380859375	0.3	1.0	2	242491	n/a
118.41259765625	0.3	0.0	1	242509	n/a
118.4208984375	0.3	0.0	1	242526	n/a
118.42919921875	0.3	1.0	2	242543	n/a
118.4375	0.3	1.0	2	242560	n/a
118.44580078125	0.3	0.0	1	242577	n/a
118.4541015625	0.3	0.0	1	242594	n/a
118.46240234375	0.3	1.0	2	242611	n/a
118.470703125	0.3	0.0	1	242628	n/a
118.47900390625	0.3	1.0	2	242645	n/a
118.4873046875	0.3	0.0	1	242662	n/a
118.49560546875	0.3	1.0	2	242679	n/a
118.50390625	0.3	1.0	2	242696	n/a
118.51220703125	0.3	0.0	1	242713	n/a
118.5205078125	0.3	0.0	1	242730	n/a
118.52880859375	0.3	1.0	2	242747	n/a
118.53759765625	0.3	1.0	2	242765	n/a
118.5458984375	0.3	0.0	1	242782	n/a
118.55419921875	0.3	0.0	1	242799	n/a
118.5625	0.3	1.0	2	242816	n/a
118.57080078125	0.3	1.0	2	242833	n/a
118.5791015625	0.3	0.0	1	242850	n/a
118.58740234375	0.3	1.0	2	242867	n/a
118.595703125	0.3	0.0	1	242884	n/a
118.60400390625	0.3	0.0	1	242901	n/a
118.6123046875	0.3	1.0	2	242918	n/a
118.62060546875	0.3	0.0	1	242935	n/a
118.62890625	0.3	1.0	2	242952	n/a
118.63720703125	0.3	1.0	2	242969	n/a
118.6455078125	0.3	0.0	1	242986	n/a
118.65380859375	0.3	1.0	2	243003	n/a
118.66259765625	0.3	0.0	1	243021	n/a
118.6708984375	0.3	1.0	2	243038	n/a
118.67919921875	0.3	0.0	1	243055	n/a
118.6875	0.3	1.0	2	243072	n/a
118.69580078125	0.3	0.0	1	243089	n/a
118.7041015625	0.3	0.0	1	243106	n/a
118.71240234375	0.3	1.0	2	243123	n/a
118.720703125	0.3	0.0	1	243140	n/a
118.72900390625	0.3	1.0	2	243157	n/a
118.7373046875	0.3	1.0	2	243174	n/a
118.74560546875	0.3	0.0	1	243191	n/a
118.75390625	0.3	1.0	2	243208	n/a
118.76220703125	0.3	0.0	1	243225	n/a
118.7705078125	0.3	0.0	1	243242	n/a
118.77880859375	0.3	1.0	2	243259	n/a
118.78759765625	0.3	0.0	1	243277	n/a
118.7958984375	0.3	1.0	2	243294	n/a
118.80419921875	0.3	1.0	2	243311	n/a
118.8125	0.3	0.0	1	243328	n/a
118.82080078125	0.3	1.0	2	243345	n/a
118.8291015625	0.3	0.0	1	243362	n/a
118.83740234375	0.3	1.0	2	243379	n/a
118.845703125	0.3	0.0	1	243396	n/a
118.85400390625	0.3	0.0	1	243413	n/a
118.8623046875	0.3	1.0	2	243430	n/a
118.87060546875	0.3	1.0	2	243447	n/a
118.87890625	0.3	0.0	1	243464	n/a
118.88720703125	0.3	0.0	1	243481	n/a
118.8955078125	0.3	1.0	2	243498	n/a
118.90380859375	0.3	0.0	1	243515	n/a
118.91259765625	0.3	1.0	2	243533	n/a
118.9208984375	0.3	0.0	1	243550	n/a
118.92919921875	0.3	1.0	2	243567	n/a
118.9375	0.3	1.0	2	243584	n/a
118.94580078125	0.3	0.0	1	243601	n/a
118.9541015625	0.3	0.0	1	243618	n/a
118.96240234375	0.3	1.0	2	243635	n/a
118.970703125	0.3	0.0	1	243652	n/a
118.97900390625	0.3	1.0	2	243669	n/a
118.9873046875	0.3	1.0	2	243686	n/a
118.99560546875	0.3	0.0	1	243703	n/a
119.00390625	0.3	1.0	2	243720	n/a
119.01220703125	0.3	0.0	1	243737	n/a
119.0205078125	0.3	0.0	1	243754	n/a
119.02880859375	0.3	1.0	2	243771	n/a
119.03759765625	0.3	1.0	2	243789	n/a
119.0458984375	0.3	0.0	1	243806	n/a
119.05419921875	0.3	1.0	2	243823	n/a
119.0625	0.3	0.0	1	243840	n/a
119.07080078125	0.3	1.0	2	243857	n/a
119.0791015625	0.3	0.0	1	243874	n/a
119.08740234375	0.3	0.0	1	243891	n/a
119.095703125	0.3	1.0	2	243908	n/a
119.10400390625	0.3	1.0	2	243925	n/a
119.1123046875	0.3	0.0	1	243942	n/a
119.12060546875	0.3	1.0	2	243959	n/a
119.12890625	0.3	0.0	1	243976	n/a
119.13720703125	0.3	0.0	1	243993	n/a
119.1455078125	0.3	1.0	2	244010	n/a
119.15380859375	0.3	0.0	1	244027	n/a
119.16259765625	0.3	1.0	2	244045	n/a
119.1708984375	0.3	0.0	1	244062	n/a
119.17919921875	0.3	1.0	2	244079	n/a
119.1875	0.3	0.0	1	244096	n/a
119.19580078125	0.3	1.0	2	244113	n/a
119.2041015625	0.3	0.0	1	244130	n/a
119.21240234375	0.3	1.0	2	244147	n/a
119.220703125	0.3	0.0	1	244164	n/a
119.22900390625	0.3	1.0	2	244181	n/a
119.2373046875	0.3	0.0	1	244198	n/a
119.24560546875	0.3	1.0	2	244215	n/a
119.25390625	0.3	1.0	2	244232	n/a
119.26220703125	0.3	0.0	1	244249	n/a
119.2705078125	0.3	0.0	1	244266	n/a
119.27880859375	0.3	1.0	2	244283	n/a
119.28759765625	0.3	1.0	2	244301	n/a
119.2958984375	0.3	0.0	1	244318	n/a
119.30419921875	0.3	1.0	2	244335	n/a
119.3125	0.3	0.0	1	244352	n/a
119.32080078125	0.3	1.0	2	244369	n/a
119.3291015625	0.3	0.0	1	244386	n/a
119.33740234375	0.3	1.0	2	244403	n/a
119.345703125	0.3	0.0	1	244420	n/a
119.35400390625	0.3	1.0	2	244437	n/a
119.3623046875	0.3	0.0	1	244454	n/a
119.37060546875	0.3	0.0	1	244471	n/a
119.37890625	0.3	1.0	2	244488	n/a
119.38720703125	0.3	1.0	2	244505	n/a
119.3955078125	0.3	0.0	1	244522	n/a
119.40380859375	0.3	0.0	1	244539	n/a
119.41259765625	0.3	1.0	2	244557	n/a
121.7880859375	0.3	0.0	1	249422	33.0
121.79638671875	0.3	1.0	2	249439	n/a
121.8046875	0.3	1.0	2	249456	n/a
121.81298828125	0.3	0.0	1	249473	n/a
121.8212890625	0.3	0.0	1	249490	n/a
121.82958984375	0.3	1.0	2	249507	n/a
121.837890625	0.3	1.0	2	249524	n/a
121.84619140625	0.3	0.0	1	249541	n/a
121.85498046875	0.3	1.0	2	249559	n/a
121.86328125	0.3	0.0	1	249576	n/a
121.87158203125	0.3	1.0	2	249593	n/a
121.8798828125	0.3	0.0	1	249610	n/a
121.88818359375	0.3	0.0	1	249627	n/a
121.896484375	0.3	1.0	2	249644	n/a
121.90478515625	0.3	1.0	2	249661	n/a
121.9130859375	0.3	0.0	1	249678	n/a
121.92138671875	0.3	0.0	1	249695	n/a
121.9296875	0.3	1.0	2	249712	n/a
121.93798828125	0.3	0.0	1	249729	n/a
121.9462890625	0.3	1.0	2	249746	n/a
121.95458984375	0.3	0.0	1	249763	n/a
121.962890625	0.3	1.0	2	249780	n/a
121.97119140625	0.3	0.0	1	249797	n/a
121.97998046875	0.3	1.0	2	249815	n/a
121.98828125	0.3	1.0	2	249832	n/a
121.99658203125	0.3	0.0	1	249849	n/a
122.0048828125	0.3	0.0	1	249866	n/a
122.01318359375	0.3	1.0	2	249883	n/a
122.021484375	0.3	1.0	2	249900	n/a
122.02978515625	0.3	0.0	1	249917	n/a
122.0380859375	0.3	0.0	1	249934	n/a
122.04638671875	0.3	1.0	2	249951	n/a
122.0546875	0.3	0.0	1	249968	n/a
122.06298828125	0.3	1.0	2	249985	n/a
122.0712890625	0.3	0.0	1	250002	n/a
122.07958984375	0.3	1.0	2	250019	n/a
122.087890625	0.3	1.0	2	250036	n/a
122.09619140625	0.3	0.0	1	250053	n/a
122.10498046875	0.3	1.0	2	250071	n/a
122.11328125	0.3	0.0	1	250088	n/a
122.12158203125	0.3	0.0	1	250105	n/a
122.1298828125	0.3	1.0	2	250122	n/a
122.13818359375	0.3	1.0	2	250139	n/a
122.146484375	0.3	0.0	1	250156	n/a
122.15478515625	0.3	1.0	2	250173	n/a
122.1630859375	0.3	0.0	1	250190	n/a
122.17138671875	0.3	1.0	2	250207	n/a
122.1796875	0.3	0.0	1	250224	n/a
122.18798828125	0.3	1.0	2	250241	n/a
122.1962890625	0.3	0.0	1	250258	n/a
122.20458984375	0.3	0.0	1	250275	n/a
122.212890625	0.3	1.0	2	250292	n/a
122.22119140625	0.3	1.0	2	250309	n/a
122.22998046875	0.3	0.0	1	250327	n/a
122.23828125	0.3	1.0	2	250344	n/a
122.24658203125	0.3	0.0	1	250361	n/a
122.2548828125	0.3	1.0	2	250378	n/a
122.26318359375	0.3	0.0	1	250395	n/a
122.271484375	0.3	1.0	2	250412	n/a
122.27978515625	0.3	0.0	1	250429	n/a
122.2880859375	0.3	0.0	1	250446	n/a
122.29638671875	0.3	1.0	2	250463	n/a
122.3046875	0.3	1.0	2	250480	n/a
122.31298828125	0.3	0.0	1	250497	n/a
122.3212890625	0.3	0.0	1	250514	n/a
122.32958984375	0.3	1.0	2	250531	n/a
122.337890625	0.3	0.0	1	250548	n/a
122.34619140625	0.3	1.0	2	250565	n/a
122.35498046875	0.3	1.0	2	250583	n/a
122.36328125	0.3	0.0	1	250600	n/a
122.37158203125	0.3	0.0	1	250617	n/a
122.3798828125	0.3	1.0	2	250634	n/a
122.38818359375	0.3	0.0	1	250651	n/a
122.396484375	0.3	1.0	2	250668	n/a
122.40478515625	0.3	0.0	1	250685	n/a
122.4130859375	0.3	1.0	2	250702	n/a
122.42138671875	0.3	1.0	2	250719	n/a
122.4296875	0.3	0.0	1	250736	n/a
122.43798828125	0.3	1.0	2	250753	n/a
122.4462890625	0.3	0.0	1	250770	n/a
122.45458984375	0.3	0.0	1	250787	n/a
122.462890625	0.3	1.0	2	250804	n/a
122.47119140625	0.3	0.0	1	250821	n/a
122.47998046875	0.3	1.0	2	250839	n/a
122.48828125	0.3	0.0	1	250856	n/a
122.49658203125	0.3	1.0	2	250873	n/a
122.5048828125	0.3	1.0	2	250890	n/a
122.51318359375	0.3	0.0	1	250907	n/a
122.521484375	0.3	0.0	1	250924	n/a
122.52978515625	0.3	1.0	2	250941	n/a
122.5380859375	0.3	1.0	2	250958	n/a
122.54638671875	0.3	0.0	1	250975	n/a
122.5546875	0.3	0.0	1	250992	n/a
122.56298828125	0.3	1.0	2	251009	n/a
122.5712890625	0.3	1.0	2	251026	n/a
122.57958984375	0.3	0.0	1	251043	n/a
122.587890625	0.3	0.0	1	251060	n/a
122.59619140625	0.3	1.0	2	251077	n/a
122.60498046875	0.3	1.0	2	251095	n/a
122.61328125	0.3	0.0	1	251112	n/a
122.62158203125	0.3	0.0	1	251129	n/a
122.6298828125	0.3	1.0	2	251146	n/a
122.63818359375	0.3	1.0	2	251163	n/a
122.646484375	0.3	0.0	1	251180	n/a
122.65478515625	0.3	0.0	1	251197	n/a
122.6630859375	0.3	1.0	2	251214	n/a
122.67138671875	0.3	1.0	2	251231	n/a
122.6796875	0.3	0.0	1	251248	n/a
122.68798828125	0.3	0.0	1	251265	n/a
122.6962890625	0.3	1.0	2	251282	n/a
122.70458984375	0.3	0.0	1	251299	n/a
122.712890625	0.3	1.0	2	251316	n/a
122.72119140625	0.3	0.0	1	251333	n/a
122.72998046875	0.3	1.0	2	251351	n/a
122.73828125	0.3	1.0	2	251368	n/a
122.74658203125	0.3	0.0	1	251385	n/a
122.7548828125	0.3	1.0	2	251402	n/a
122.76318359375	0.3	0.0	1	251419	n/a
122.771484375	0.3	0.0	1	251436	n/a
122.77978515625	0.3	1.0	2	251453	n/a
122.7880859375	0.3	1.0	2	251470	n/a
122.79638671875	0.3	0.0	1	251487	n/a
122.8046875	0.3	0.0	1	251504	n/a
122.81298828125	0.3	1.0	2	251521	n/a
122.8212890625	0.3	1.0	2	251538	n/a
122.82958984375	0.3	0.0	1	251555	n/a
122.837890625	0.3	0.0	1	251572	n/a
122.84619140625	0.3	1.0	2	251589	n/a
122.85498046875	0.3	1.0	2	251607	n/a
122.86328125	0.3	0.0	1	251624	n/a
122.87158203125	0.3	0.0	1	251641	n/a
122.8798828125	0.3	1.0	2	251658	n/a
122.88818359375	0.3	1.0	2	251675	n/a
122.896484375	0.3	0.0	1	251692	n/a
122.90478515625	0.3	1.0	2	251709	n/a
122.9130859375	0.3	0.0	1	251726	n/a
122.92138671875	0.3	1.0	2	251743	n/a
122.9296875	0.3	0.0	1	251760	n/a
122.93798828125	0.3	0.0	1	251777	n/a
122.9462890625	0.3	1.0	2	251794	n/a
122.95458984375	0.3	1.0	2	251811	n/a
122.962890625	0.3	0.0	1	251828	n/a
122.97119140625	0.3	0.0	1	251845	n/a
122.97998046875	0.3	1.0	2	251863	n/a
122.98828125	0.3	0.0	1	251880	n/a
122.99658203125	0.3	1.0	2	251897	n/a
123.0048828125	0.3	0.0	1	251914	n/a
123.01318359375	0.3	1.0	2	251931	n/a
123.021484375	0.3	0.0	1	251948	n/a
123.02978515625	0.3	1.0	2	251965	n/a
123.0380859375	0.3	1.0	2	251982	n/a
123.04638671875	0.3	0.0	1	251999	n/a
123.0546875	0.3	0.0	1	252016	n/a
123.06298828125	0.3	1.0	2	252033	n/a
123.0712890625	0.3	1.0	2	252050	n/a
123.07958984375	0.3	0.0	1	252067	n/a
123.087890625	0.3	0.0	1	252084	n/a
123.09619140625	0.3	1.0	2	252101	n/a
123.10498046875	0.3	0.0	1	252119	n/a
123.11328125	0.3	1.0	2	252136	n/a
123.12158203125	0.3	0.0	1	252153	n/a
123.1298828125	0.3	1.0	2	252170	n/a
123.13818359375	0.3	1.0	2	252187	n/a
123.146484375	0.3	0.0	1	252204	n/a
123.15478515625	0.3	1.0	2	252221	n/a
123.1630859375	0.3	0.0	1	252238	n/a
123.17138671875	0.3	0.0	1	252255	n/a
123.1796875	0.3	1.0	2	252272	n/a
123.18798828125	0.3	1.0	2	252289	n/a
123.1962890625	0.3	0.0	1	252306	n/a
123.20458984375	0.3	1.0	2	252323	n/a
123.212890625	0.3	0.0	1	252340	n/a
123.22119140625	0.3	1.0	2	252357	n/a
123.22998046875	0.3	0.0	1	252375	n/a
123.23828125	0.3	1.0	2	252392	n/a
123.24658203125	0.3	0.0	1	252409	n/a
123.2548828125	0.3	0.0	1	252426	n/a
123.26318359375	0.3	1.0	2	252443	n/a
123.271484375	0.3	1.0	2	252460	n/a
123.27978515625	0.3	0.0	1	252477	n/a
123.2880859375	0.3	1.0	2	252494	n/a
123.29638671875	0.3	0.0	1	252511	n/a
123.3046875	0.3	1.0	2	252528	n/a
123.31298828125	0.3	0.0	1	252545	n/a
123.3212890625	0.3	1.0	2	252562	n/a
123.32958984375	0.3	0.0	1	252579	n/a
123.337890625	0.3	0.0	1	252596	n/a
123.34619140625	0.3	1.0	2	252613	n/a
123.35498046875	0.3	1.0	2	252631	n/a
123.36328125	0.3	0.0	1	252648	n/a
123.37158203125	0.3	0.0	1	252665	n/a
123.3798828125	0.3	1.0	2	252682	n/a
123.38818359375	0.3	0.0	1	252699	n/a
123.396484375	0.3	1.0	2	252716	n/a
123.40478515625	0.3	1.0	2	252733	n/a
123.4130859375	0.3	0.0	1	252750	n/a
123.42138671875	0.3	0.0	1	252767	n/a
123.4296875	0.3	1.0	2	252784	n/a
123.43798828125	0.3	0.0	1	252801	n/a
123.4462890625	0.3	1.0	2	252818	n/a
123.45458984375	0.3	0.0	1	252835	n/a
123.462890625	0.3	1.0	2	252852	n/a
123.47119140625	0.3	1.0	2	252869	n/a
123.47998046875	0.3	0.0	1	252887	n/a
123.48828125	0.3	1.0	2	252904	n/a
123.49658203125	0.3	0.0	1	252921	n/a
123.5048828125	0.3	0.0	1	252938	n/a
123.51318359375	0.3	1.0	2	252955	n/a
123.521484375	0.3	0.0	1	252972	n/a
123.52978515625	0.3	1.0	2	252989	n/a
123.5380859375	0.3	0.0	1	253006	n/a
123.54638671875	0.3	1.0	2	253023	n/a
123.5546875	0.3	1.0	2	253040	n/a
123.56298828125	0.3	0.0	1	253057	n/a
123.5712890625	0.3	0.0	1	253074	n/a
123.57958984375	0.3	1.0	2	253091	n/a
123.587890625	0.3	1.0	2	253108	n/a
123.59619140625	0.3	0.0	1	253125	n/a
123.60498046875	0.3	0.0	1	253143	n/a
123.61328125	0.3	1.0	2	253160	n/a
123.62158203125	0.3	1.0	2	253177	n/a
123.6298828125	0.3	0.0	1	253194	n/a
123.63818359375	0.3	0.0	1	253211	n/a
123.646484375	0.3	1.0	2	253228	n/a
123.65478515625	0.3	1.0	2	253245	n/a
123.6630859375	0.3	0.0	1	253262	n/a
123.67138671875	0.3	0.0	1	253279	n/a
123.6796875	0.3	1.0	2	253296	n/a
123.68798828125	0.3	1.0	2	253313	n/a
123.6962890625	0.3	0.0	1	253330	n/a
123.70458984375	0.3	0.0	1	253347	n/a
123.712890625	0.3	1.0	2	253364	n/a
123.72119140625	0.3	1.0	2	253381	n/a
123.72998046875	0.3	0.0	1	253399	n/a
123.73828125	0.3	0.0	1	253416	n/a
123.74658203125	0.3	1.0	2	253433	n/a
123.7548828125	0.3	0.0	1	253450	n/a
123.76318359375	0.3	1.0	2	253467	n/a
123.771484375	0.3	0.0	1	253484	n/a
123.77978515625	0.3	1.0	2	253501	n/a
123.7880859375	0.3	1.0	2	253518	n/a
123.79638671875	0.3	0.0	1	253535	n/a
123.8046875	0.3	1.0	2	253552	n/a
123.81298828125	0.3	0.0	1	253569	n/a
123.8212890625	0.3	0.0	1	253586	n/a
123.82958984375	0.3	1.0	2	253603	n/a
123.837890625	0.3	1.0	2	253620	n/a
123.84619140625	0.3	0.0	1	253637	n/a
123.85498046875	0.3	0.0	1	253655	n/a
123.86328125	0.3	1.0	2	253672	n/a
123.87158203125	0.3	1.0	2	253689	n/a
123.8798828125	0.3	0.0	1	253706	n/a
123.88818359375	0.3	0.0	1	253723	n/a
123.896484375	0.3	1.0	2	253740	n/a
123.90478515625	0.3	1.0	2	253757	n/a
123.9130859375	0.3	0.0	1	253774	n/a
123.92138671875	0.3	0.0	1	253791	n/a
123.9296875	0.3	1.0	2	253808	n/a
123.93798828125	0.3	1.0	2	253825	n/a
123.9462890625	0.3	0.0	1	253842	n/a
123.95458984375	0.3	1.0	2	253859	n/a
123.962890625	0.3	0.0	1	253876	n/a
123.97119140625	0.3	1.0	2	253893	n/a
123.97998046875	0.3	0.0	1	253911	n/a
123.98828125	0.3	0.0	1	253928	n/a
123.99658203125	0.3	1.0	2	253945	n/a
124.0048828125	0.3	1.0	2	253962	n/a
124.01318359375	0.3	0.0	1	253979	n/a
124.021484375	0.3	0.0	1	253996	n/a
124.02978515625	0.3	1.0	2	254013	n/a
124.0380859375	0.3	0.0	1	254030	n/a
124.04638671875	0.3	1.0	2	254047	n/a
124.0546875	0.3	0.0	1	254064	n/a
124.06298828125	0.3	1.0	2	254081	n/a
124.0712890625	0.3	0.0	1	254098	n/a
124.07958984375	0.3	1.0	2	254115	n/a
124.087890625	0.3	1.0	2	254132	n/a
124.09619140625	0.3	0.0	1	254149	n/a
124.10498046875	0.3	0.0	1	254167	n/a
124.11328125	0.3	1.0	2	254184	n/a
124.12158203125	0.3	1.0	2	254201	n/a
124.1298828125	0.3	0.0	1	254218	n/a
124.13818359375	0.3	0.0	1	254235	n/a
124.146484375	0.3	1.0	2	254252	n/a
124.15478515625	0.3	0.0	1	254269	n/a
124.1630859375	0.3	1.0	2	254286	n/a
124.17138671875	0.3	0.0	1	254303	n/a
124.1796875	0.3	1.0	2	254320	n/a
124.18798828125	0.3	1.0	2	254337	n/a
124.1962890625	0.3	0.0	1	254354	n/a
124.20458984375	0.3	1.0	2	254371	n/a
124.212890625	0.3	0.0	1	254388	n/a
124.22119140625	0.3	0.0	1	254405	n/a
124.22998046875	0.3	1.0	2	254423	n/a
124.23828125	0.3	1.0	2	254440	n/a
124.24658203125	0.3	0.0	1	254457	n/a
124.2548828125	0.3	1.0	2	254474	n/a
124.26318359375	0.3	0.0	1	254491	n/a
124.271484375	0.3	1.0	2	254508	n/a
124.27978515625	0.3	0.0	1	254525	n/a
124.2880859375	0.3	1.0	2	254542	n/a
124.29638671875	0.3	0.0	1	254559	n/a
124.3046875	0.3	0.0	1	254576	n/a
124.31298828125	0.3	1.0	2	254593	n/a
124.3212890625	0.3	1.0	2	254610	n/a
124.32958984375	0.3	0.0	1	254627	n/a
124.337890625	0.3	1.0	2	254644	n/a
124.34619140625	0.3	0.0	1	254661	n/a
124.35498046875	0.3	1.0	2	254679	n/a
124.36328125	0.3	0.0	1	254696	n/a
124.37158203125	0.3	1.0	2	254713	n/a
124.3798828125	0.3	0.0	1	254730	n/a
124.38818359375	0.3	0.0	1	254747	n/a
124.396484375	0.3	1.0	2	254764	n/a
124.40478515625	0.3	1.0	2	254781	n/a
124.4130859375	0.3	0.0	1	254798	n/a
124.42138671875	0.3	0.0	1	254815	n/a
124.4296875	0.3	1.0	2	254832	n/a
124.43798828125	0.3	0.0	1	254849	n/a
124.4462890625	0.3	1.0	2	254866	n/a
124.45458984375	0.3	1.0	2	254883	n/a
124.462890625	0.3	0.0	1	254900	n/a
124.47119140625	0.3	0.0	1	254917	n/a
124.47998046875	0.3	1.0	2	254935	n/a
124.48828125	0.3	0.0	1	254952	n/a
124.49658203125	0.3	1.0	2	254969	n/a
124.5048828125	0.3	0.0	1	254986	n/a
124.51318359375	0.3	1.0	2	255003	n/a
124.521484375	0.3	1.0	2	255020	n/a
124.52978515625	0.3	0.0	1	255037	n/a
124.5380859375	0.3	1.0	2	255054	n/a
124.54638671875	0.3	0.0	1	255071	n/a
124.5546875	0.3	0.0	1	255088	n/a
124.56298828125	0.3	1.0	2	255105	n/a
124.5712890625	0.3	0.0	1	255122	n/a
124.57958984375	0.3	1.0	2	255139	n/a
124.587890625	0.3	0.0	1	255156	n/a
124.59619140625	0.3	1.0	2	255173	n/a
124.60498046875	0.3	1.0	2	255191	n/a
124.61328125	0.3	0.0	1	255208	n/a
124.62158203125	0.3	0.0	1	255225	n/a
124.6298828125	0.3	1.0	2	255242	n/a
124.63818359375	0.3	1.0	2	255259	n/a
124.646484375	0.3	0.0	1	255276	n/a
124.65478515625	0.3	0.0	1	255293	n/a
124.6630859375	0.3	1.0	2	255310	n/a
124.67138671875	0.3	1.0	2	255327	n/a
124.6796875	0.3	0.0	1	255344	n/a
124.68798828125	0.3	0.0	1	255361	n/a
124.6962890625	0.3	1.0	2	255378	n/a
124.70458984375	0.3	1.0	2	255395	n/a
124.712890625	0.3	0.0	1	255412	n/a
124.72119140625	0.3	0.0	1	255429	n/a
124.72998046875	0.3	1.0	2	255447	n/a
124.73828125	0.3	1.0	2	255464	n/a
124.74658203125	0.3	0.0	1	255481	n/a
124.7548828125	0.3	0.0	1	255498	n/a
124.76318359375	0.3	1.0	2	255515	n/a
124.771484375	0.3	1.0	2	255532	n/a
124.77978515625	0.3	0.0	1	255549	n/a
124.7880859375	0.3	0.0	1	255566	n/a
124.79638671875	0.3	1.0	2	255583	n/a
124.8046875	0.3	0.0	1	255600	n/a
124.81298828125	0.3	1.0	2	255617	n/a
124.8212890625	0.3	0.0	1	255634	n/a
124.82958984375	0.3	1.0	2	255651	n/a
124.837890625	0.3	1.0	2	255668	n/a
124.84619140625	0.3	0.0	1	255685	n/a
124.85498046875	0.3	1.0	2	255703	n/a
124.86328125	0.3	0.0	1	255720	n/a
124.87158203125	0.3	0.0	1	255737	n/a
124.8798828125	0.3	1.0	2	255754	n/a
124.88818359375	0.3	1.0	2	255771	n/a
124.896484375	0.3	0.0	1	255788	n/a
124.90478515625	0.3	0.0	1	255805	n/a
124.9130859375	0.3	1.0	2	255822	n/a
124.92138671875	0.3	1.0	2	255839	n/a
124.9296875	0.3	0.0	1	255856	n/a
124.93798828125	0.3	0.0	1	255873	n/a
124.9462890625	0.3	1.0	2	255890	n/a
124.95458984375	0.3	1.0	2	255907	n/a
124.962890625	0.3	0.0	1	255924	n/a
124.97119140625	0.3	0.0	1	255941	n/a
124.97998046875	0.3	1.0	2	255959	n/a
124.98828125	0.3	1.0	2	255976	n/a
124.99658203125	0.3	0.0	1	255993	n/a
125.0048828125	0.3	1.0	2	256010	n/a
125.01318359375	0.3	0.0	1	256027	n/a
125.021484375	0.3	1.0	2	256044	n/a
125.02978515625	0.3	0.0	1	256061	n/a
125.0380859375	0.3	0.0	1	256078	n/a
125.04638671875	0.3	1.0	2	256095	n/a
125.0546875	0.3	1.0	2	256112	n/a
125.06298828125	0.3	0.0	1	256129	n/a
125.0712890625	0.3	0.0	1	256146	n/a
125.07958984375	0.3	1.0	2	256163	n/a
125.087890625	0.3	0.0	1	256180	n/a
125.09619140625	0.3	1.0	2	256197	n/a
125.10498046875	0.3	0.0	1	256215	n/a
125.11328125	0.3	1.0	2	256232	n/a
125.12158203125	0.3	0.0	1	256249	n/a
125.1298828125	0.3	1.0	2	256266	n/a
125.13818359375	0.3	1.0	2	256283	n/a
125.146484375	0.3	0.0	1	256300	n/a
125.15478515625	0.3	0.0	1	256317	n/a
125.1630859375	0.3	1.0	2	256334	n/a
125.17138671875	0.3	1.0	2	256351	n/a
125.1796875	0.3	0.0	1	256368	n/a
125.18798828125	0.3	0.0	1	256385	n/a
125.1962890625	0.3	1.0	2	256402	n/a
125.20458984375	0.3	0.0	1	256419	n/a
125.212890625	0.3	1.0	2	256436	n/a
125.22119140625	0.3	0.0	1	256453	n/a
125.22998046875	0.3	1.0	2	256471	n/a
125.23828125	0.3	1.0	2	256488	n/a
125.24658203125	0.3	0.0	1	256505	n/a
125.2548828125	0.3	1.0	2	256522	n/a
125.26318359375	0.3	0.0	1	256539	n/a
125.271484375	0.3	0.0	1	256556	n/a
125.27978515625	0.3	1.0	2	256573	n/a
125.2880859375	0.3	1.0	2	256590	n/a
125.29638671875	0.3	0.0	1	256607	n/a
125.3046875	0.3	1.0	2	256624	n/a
125.31298828125	0.3	0.0	1	256641	n/a
125.3212890625	0.3	1.0	2	256658	n/a
125.32958984375	0.3	0.0	1	256675	n/a
125.337890625	0.3	1.0	2	256692	n/a
125.34619140625	0.3	0.0	1	256709	n/a
125.35498046875	0.3	0.0	1	256727	n/a
125.36328125	0.3	1.0	2	256744	n/a
125.37158203125	0.3	1.0	2	256761	n/a
125.3798828125	0.3	0.0	1	256778	n/a
125.38818359375	0.3	1.0	2	256795	n/a
125.396484375	0.3	0.0	1	256812	n/a
125.40478515625	0.3	1.0	2	256829	n/a
125.4130859375	0.3	0.0	1	256846	n/a
125.42138671875	0.3	1.0	2	256863	n/a
125.4296875	0.3	0.0	1	256880	n/a
125.43798828125	0.3	0.0	1	256897	n/a
125.4462890625	0.3	1.0	2	256914	n/a
125.45458984375	0.3	1.0	2	256931	n/a
125.462890625	0.3	0.0	1	256948	n/a
125.47119140625	0.3	0.0	1	256965	n/a
125.47998046875	0.3	1.0	2	256983	n/a
125.48828125	0.3	0.0	1	257000	n/a
125.49658203125	0.3	1.0	2	257017	n/a
125.5048828125	0.3	1.0	2	257034	n/a
125.51318359375	0.3	0.0	1	257051	n/a
125.521484375	0.3	0.0	1	257068	n/a
125.52978515625	0.3	1.0	2	257085	n/a
125.5380859375	0.3	0.0	1	257102	n/a
125.54638671875	0.3	1.0	2	257119	n/a
125.5546875	0.3	0.0	1	257136	n/a
125.56298828125	0.3	1.0	2	257153	n/a
125.5712890625	0.3	1.0	2	257170	n/a
125.57958984375	0.3	0.0	1	257187	n/a
125.587890625	0.3	1.0	2	257204	n/a
125.59619140625	0.3	0.0	1	257221	n/a
125.60498046875	0.3	0.0	1	257239	n/a
125.61328125	0.3	1.0	2	257256	n/a
125.62158203125	0.3	0.0	1	257273	n/a
125.6298828125	0.3	1.0	2	257290	n/a
125.63818359375	0.3	0.0	1	257307	n/a
125.646484375	0.3	1.0	2	257324	n/a
125.65478515625	0.3	1.0	2	257341	n/a
125.6630859375	0.3	0.0	1	257358	n/a
125.67138671875	0.3	0.0	1	257375	n/a
125.6796875	0.3	1.0	2	257392	n/a
125.68798828125	0.3	1.0	2	257409	n/a
125.6962890625	0.3	0.0	1	257426	n/a
125.70458984375	0.3	0.0	1	257443	n/a
125.712890625	0.3	1.0	2	257460	n/a
125.72119140625	0.3	1.0	2	257477	n/a
125.72998046875	0.3	0.0	1	257495	n/a
125.73828125	0.3	0.0	1	257512	n/a
125.74658203125	0.3	1.0	2	257529	n/a
125.7548828125	0.3	1.0	2	257546	n/a
125.76318359375	0.3	0.0	1	257563	n/a
125.771484375	0.3	0.0	1	257580	n/a
125.77978515625	0.3	1.0	2	257597	n/a
125.7880859375	0.3	1.0	2	257614	n/a
125.79638671875	0.3	0.0	1	257631	n/a
125.8046875	0.3	0.0	1	257648	n/a
125.81298828125	0.3	1.0	2	257665	n/a
125.8212890625	0.3	1.0	2	257682	n/a
125.82958984375	0.3	0.0	1	257699	n/a
125.837890625	0.3	0.0	1	257716	n/a
125.84619140625	0.3	1.0	2	257733	n/a
125.85498046875	0.3	0.0	1	257751	n/a
125.86328125	0.3	1.0	2	257768	n/a
125.87158203125	0.3	0.0	1	257785	n/a
125.8798828125	0.3	1.0	2	257802	n/a
125.88818359375	0.3	1.0	2	257819	n/a
125.896484375	0.3	0.0	1	257836	n/a
125.90478515625	0.3	1.0	2	257853	n/a
125.9130859375	0.3	0.0	1	257870	n/a
125.92138671875	0.3	0.0	1	257887	n/a
125.9296875	0.3	1.0	2	257904	n/a
125.93798828125	0.3	1.0	2	257921	n/a
125.9462890625	0.3	0.0	1	257938	n/a
125.95458984375	0.3	0.0	1	257955	n/a
125.962890625	0.3	1.0	2	257972	n/a
125.97119140625	0.3	1.0	2	257989	n/a
125.97998046875	0.3	0.0	1	258007	n/a
128.388671875	0.3	1.0	2	262940	1.0
128.39697265625	0.3	0.0	1	262957	n/a
128.4052734375	0.3	0.0	1	262974	n/a
128.41357421875	0.3	1.0	2	262991	n/a
128.421875	0.3	0.0	1	263008	n/a
128.43017578125	0.3	1.0	2	263025	n/a
128.4384765625	0.3	1.0	2	263042	n/a
128.44677734375	0.3	0.0	1	263059	n/a
128.45556640625	0.3	1.0	2	263077	n/a
128.4638671875	0.3	0.0	1	263094	n/a
128.47216796875	0.3	0.0	1	263111	n/a
128.48046875	0.3	1.0	2	263128	n/a
128.48876953125	0.3	0.0	1	263145	n/a
128.4970703125	0.3	1.0	2	263162	n/a
128.50537109375	0.3	1.0	2	263179	n/a
128.513671875	0.3	0.0	1	263196	n/a
128.52197265625	0.3	1.0	2	263213	n/a
128.5302734375	0.3	0.0	1	263230	n/a
128.53857421875	0.3	0.0	1	263247	n/a
128.546875	0.3	1.0	2	263264	n/a
128.55517578125	0.3	0.0	1	263281	n/a
128.5634765625	0.3	1.0	2	263298	n/a
128.57177734375	0.3	0.0	1	263315	n/a
128.58056640625	0.3	1.0	2	263333	n/a
128.5888671875	0.3	1.0	2	263350	n/a
128.59716796875	0.3	0.0	1	263367	n/a
128.60546875	0.3	1.0	2	263384	n/a
128.61376953125	0.3	0.0	1	263401	n/a
128.6220703125	0.3	0.0	1	263418	n/a
128.63037109375	0.3	1.0	2	263435	n/a
128.638671875	0.3	1.0	2	263452	n/a
128.64697265625	0.3	0.0	1	263469	n/a
128.6552734375	0.3	0.0	1	263486	n/a
128.66357421875	0.3	1.0	2	263503	n/a
128.671875	0.3	0.0	1	263520	n/a
128.68017578125	0.3	1.0	2	263537	n/a
128.6884765625	0.3	1.0	2	263554	n/a
128.69677734375	0.3	0.0	1	263571	n/a
128.70556640625	0.3	1.0	2	263589	n/a
128.7138671875	0.3	0.0	1	263606	n/a
128.72216796875	0.3	0.0	1	263623	n/a
128.73046875	0.3	1.0	2	263640	n/a
128.73876953125	0.3	0.0	1	263657	n/a
128.7470703125	0.3	1.0	2	263674	n/a
128.75537109375	0.3	1.0	2	263691	n/a
128.763671875	0.3	0.0	1	263708	n/a
128.77197265625	0.3	0.0	1	263725	n/a
128.7802734375	0.3	1.0	2	263742	n/a
128.78857421875	0.3	0.0	1	263759	n/a
128.796875	0.3	1.0	2	263776	n/a
128.80517578125	0.3	1.0	2	263793	n/a
128.8134765625	0.3	0.0	1	263810	n/a
128.82177734375	0.3	0.0	1	263827	n/a
128.83056640625	0.3	1.0	2	263845	n/a
128.8388671875	0.3	0.0	1	263862	n/a
128.84716796875	0.3	1.0	2	263879	n/a
128.85546875	0.3	0.0	1	263896	n/a
128.86376953125	0.3	1.0	2	263913	n/a
128.8720703125	0.3	1.0	2	263930	n/a
128.88037109375	0.3	0.0	1	263947	n/a
128.888671875	0.3	0.0	1	263964	n/a
128.89697265625	0.3	1.0	2	263981	n/a
128.9052734375	0.3	0.0	1	263998	n/a
128.91357421875	0.3	1.0	2	264015	n/a
128.921875	0.3	0.0	1	264032	n/a
128.93017578125	0.3	1.0	2	264049	n/a
128.9384765625	0.3	1.0	2	264066	n/a
128.94677734375	0.3	0.0	1	264083	n/a
128.95556640625	0.3	1.0	2	264101	n/a
128.9638671875	0.3	0.0	1	264118	n/a
128.97216796875	0.3	1.0	2	264135	n/a
128.98046875	0.3	0.0	1	264152	n/a
128.98876953125	0.3	0.0	1	264169	n/a
128.9970703125	0.3	1.0	2	264186	n/a
129.00537109375	0.3	0.0	1	264203	n/a
129.013671875	0.3	1.0	2	264220	n/a
129.02197265625	0.3	1.0	2	264237	n/a
129.0302734375	0.3	0.0	1	264254	n/a
129.03857421875	0.3	0.0	1	264271	n/a
129.046875	0.3	1.0	2	264288	n/a
129.05517578125	0.3	1.0	2	264305	n/a
129.0634765625	0.3	0.0	1	264322	n/a
129.07177734375	0.3	0.0	1	264339	n/a
129.08056640625	0.3	1.0	2	264357	n/a
129.0888671875	0.3	0.0	1	264374	n/a
129.09716796875	0.3	1.0	2	264391	n/a
129.10546875	0.3	0.0	1	264408	n/a
129.11376953125	0.3	1.0	2	264425	n/a
129.1220703125	0.3	1.0	2	264442	n/a
129.13037109375	0.3	0.0	1	264459	n/a
129.138671875	0.3	0.0	1	264476	n/a
129.14697265625	0.3	1.0	2	264493	n/a
129.1552734375	0.3	1.0	2	264510	n/a
129.16357421875	0.3	0.0	1	264527	n/a
129.171875	0.3	1.0	2	264544	n/a
129.18017578125	0.3	0.0	1	264561	n/a
129.1884765625	0.3	1.0	2	264578	n/a
129.19677734375	0.3	0.0	1	264595	n/a
129.20556640625	0.3	0.0	1	264613	n/a
129.2138671875	0.3	1.0	2	264630	n/a
129.22216796875	0.3	1.0	2	264647	n/a
129.23046875	0.3	0.0	1	264664	n/a
129.23876953125	0.3	1.0	2	264681	n/a
129.2470703125	0.3	0.0	1	264698	n/a
129.25537109375	0.3	1.0	2	264715	n/a
129.263671875	0.3	0.0	1	264732	n/a
129.27197265625	0.3	1.0	2	264749	n/a
129.2802734375	0.3	0.0	1	264766	n/a
129.28857421875	0.3	1.0	2	264783	n/a
129.296875	0.3	0.0	1	264800	n/a
129.30517578125	0.3	1.0	2	264817	n/a
129.3134765625	0.3	0.0	1	264834	n/a
129.32177734375	0.3	0.0	1	264851	n/a
129.33056640625	0.3	1.0	2	264869	n/a
129.3388671875	0.3	0.0	1	264886	n/a
129.34716796875	0.3	1.0	2	264903	n/a
129.35546875	0.3	1.0	2	264920	n/a
129.36376953125	0.3	0.0	1	264937	n/a
129.3720703125	0.3	0.0	1	264954	n/a
129.38037109375	0.3	1.0	2	264971	n/a
129.388671875	0.3	0.0	1	264988	n/a
129.39697265625	0.3	1.0	2	265005	n/a
129.4052734375	0.3	1.0	2	265022	n/a
129.41357421875	0.3	0.0	1	265039	n/a
129.421875	0.3	1.0	2	265056	n/a
129.43017578125	0.3	0.0	1	265073	n/a
129.4384765625	0.3	1.0	2	265090	n/a
129.44677734375	0.3	0.0	1	265107	n/a
129.45556640625	0.3	0.0	1	265125	n/a
129.4638671875	0.3	1.0	2	265142	n/a
129.47216796875	0.3	0.0	1	265159	n/a
129.48046875	0.3	1.0	2	265176	n/a
129.48876953125	0.3	1.0	2	265193	n/a
129.4970703125	0.3	0.0	1	265210	n/a
129.50537109375	0.3	1.0	2	265227	n/a
129.513671875	0.3	0.0	1	265244	n/a
129.52197265625	0.3	0.0	1	265261	n/a
129.5302734375	0.3	1.0	2	265278	n/a
129.53857421875	0.3	0.0	1	265295	n/a
129.546875	0.3	1.0	2	265312	n/a
129.55517578125	0.3	1.0	2	265329	n/a
129.5634765625	0.3	0.0	1	265346	n/a
129.57177734375	0.3	1.0	2	265363	n/a
129.58056640625	0.3	0.0	1	265381	n/a
129.5888671875	0.3	0.0	1	265398	n/a
129.59716796875	0.3	1.0	2	265415	n/a
129.60546875	0.3	0.0	1	265432	n/a
129.61376953125	0.3	1.0	2	265449	n/a
129.6220703125	0.3	0.0	1	265466	n/a
129.63037109375	0.3	1.0	2	265483	n/a
129.638671875	0.3	1.0	2	265500	n/a
129.64697265625	0.3	0.0	1	265517	n/a
129.6552734375	0.3	1.0	2	265534	n/a
129.66357421875	0.3	0.0	1	265551	n/a
129.671875	0.3	0.0	1	265568	n/a
129.68017578125	0.3	1.0	2	265585	n/a
129.6884765625	0.3	1.0	2	265602	n/a
129.69677734375	0.3	0.0	1	265619	n/a
129.70556640625	0.3	0.0	1	265637	n/a
129.7138671875	0.3	1.0	2	265654	n/a
129.72216796875	0.3	0.0	1	265671	n/a
129.73046875	0.3	1.0	2	265688	n/a
129.73876953125	0.3	1.0	2	265705	n/a
129.7470703125	0.3	0.0	1	265722	n/a
129.75537109375	0.3	1.0	2	265739	n/a
129.763671875	0.3	0.0	1	265756	n/a
129.77197265625	0.3	0.0	1	265773	n/a
129.7802734375	0.3	1.0	2	265790	n/a
129.78857421875	0.3	0.0	1	265807	n/a
129.796875	0.3	1.0	2	265824	n/a
129.80517578125	0.3	1.0	2	265841	n/a
129.8134765625	0.3	0.0	1	265858	n/a
129.82177734375	0.3	0.0	1	265875	n/a
129.83056640625	0.3	1.0	2	265893	n/a
129.8388671875	0.3	0.0	1	265910	n/a
129.84716796875	0.3	1.0	2	265927	n/a
129.85546875	0.3	1.0	2	265944	n/a
129.86376953125	0.3	0.0	1	265961	n/a
129.8720703125	0.3	0.0	1	265978	n/a
129.88037109375	0.3	1.0	2	265995	n/a
129.888671875	0.3	0.0	1	266012	n/a
129.89697265625	0.3	1.0	2	266029	n/a
129.9052734375	0.3	0.0	1	266046	n/a
129.91357421875	0.3	1.0	2	266063	n/a
129.921875	0.3	1.0	2	266080	n/a
129.93017578125	0.3	0.0	1	266097	n/a
129.9384765625	0.3	0.0	1	266114	n/a
129.94677734375	0.3	1.0	2	266131	n/a
129.95556640625	0.3	0.0	1	266149	n/a
129.9638671875	0.3	1.0	2	266166	n/a
129.97216796875	0.3	0.0	1	266183	n/a
129.98046875	0.3	1.0	2	266200	n/a
129.98876953125	0.3	1.0	2	266217	n/a
129.9970703125	0.3	0.0	1	266234	n/a
130.00537109375	0.3	1.0	2	266251	n/a
130.013671875	0.3	0.0	1	266268	n/a
130.02197265625	0.3	1.0	2	266285	n/a
130.0302734375	0.3	0.0	1	266302	n/a
130.03857421875	0.3	0.0	1	266319	n/a
130.046875	0.3	1.0	2	266336	n/a
130.05517578125	0.3	0.0	1	266353	n/a
130.0634765625	0.3	1.0	2	266370	n/a
130.07177734375	0.3	1.0	2	266387	n/a
130.08056640625	0.3	0.0	1	266405	n/a
130.0888671875	0.3	0.0	1	266422	n/a
130.09716796875	0.3	1.0	2	266439	n/a
130.10546875	0.3	1.0	2	266456	n/a
130.11376953125	0.3	0.0	1	266473	n/a
130.1220703125	0.3	0.0	1	266490	n/a
130.13037109375	0.3	1.0	2	266507	n/a
130.138671875	0.3	0.0	1	266524	n/a
130.14697265625	0.3	1.0	2	266541	n/a
130.1552734375	0.3	0.0	1	266558	n/a
130.16357421875	0.3	1.0	2	266575	n/a
130.171875	0.3	1.0	2	266592	n/a
130.18017578125	0.3	0.0	1	266609	n/a
130.1884765625	0.3	0.0	1	266626	n/a
130.19677734375	0.3	1.0	2	266643	n/a
130.20556640625	0.3	1.0	2	266661	n/a
130.2138671875	0.3	0.0	1	266678	n/a
130.22216796875	0.3	1.0	2	266695	n/a
130.23046875	0.3	0.0	1	266712	n/a
130.23876953125	0.3	1.0	2	266729	n/a
130.2470703125	0.3	0.0	1	266746	n/a
130.25537109375	0.3	0.0	1	266763	n/a
130.263671875	0.3	1.0	2	266780	n/a
130.27197265625	0.3	1.0	2	266797	n/a
130.2802734375	0.3	0.0	1	266814	n/a
130.28857421875	0.3	1.0	2	266831	n/a
130.296875	0.3	0.0	1	266848	n/a
130.30517578125	0.3	1.0	2	266865	n/a
130.3134765625	0.3	0.0	1	266882	n/a
130.32177734375	0.3	1.0	2	266899	n/a
130.33056640625	0.3	0.0	1	266917	n/a
130.3388671875	0.3	1.0	2	266934	n/a
130.34716796875	0.3	0.0	1	266951	n/a
130.35546875	0.3	1.0	2	266968	n/a
130.36376953125	0.3	0.0	1	266985	n/a
130.3720703125	0.3	0.0	1	267002	n/a
130.38037109375	0.3	1.0	2	267019	n/a
130.388671875	0.3	0.0	1	267036	n/a
130.39697265625	0.3	1.0	2	267053	n/a
130.4052734375	0.3	1.0	2	267070	n/a
130.41357421875	0.3	0.0	1	267087	n/a
130.421875	0.3	0.0	1	267104	n/a
130.43017578125	0.3	1.0	2	267121	n/a
130.4384765625	0.3	0.0	1	267138	n/a
130.44677734375	0.3	1.0	2	267155	n/a
130.45556640625	0.3	1.0	2	267173	n/a
130.4638671875	0.3	0.0	1	267190	n/a
130.47216796875	0.3	1.0	2	267207	n/a
130.48046875	0.3	0.0	1	267224	n/a
130.48876953125	0.3	1.0	2	267241	n/a
130.4970703125	0.3	0.0	1	267258	n/a
130.50537109375	0.3	0.0	1	267275	n/a
130.513671875	0.3	1.0	2	267292	n/a
130.52197265625	0.3	0.0	1	267309	n/a
130.5302734375	0.3	1.0	2	267326	n/a
130.53857421875	0.3	1.0	2	267343	n/a
130.546875	0.3	0.0	1	267360	n/a
130.55517578125	0.3	1.0	2	267377	n/a
130.5634765625	0.3	0.0	1	267394	n/a
130.57177734375	0.3	0.0	1	267411	n/a
130.58056640625	0.3	1.0	2	267429	n/a
130.5888671875	0.3	0.0	1	267446	n/a
130.59716796875	0.3	1.0	2	267463	n/a
130.60546875	0.3	1.0	2	267480	n/a
130.61376953125	0.3	0.0	1	267497	n/a
130.6220703125	0.3	1.0	2	267514	n/a
130.63037109375	0.3	0.0	1	267531	n/a
130.638671875	0.3	0.0	1	267548	n/a
130.64697265625	0.3	1.0	2	267565	n/a
130.6552734375	0.3	0.0	1	267582	n/a
130.66357421875	0.3	1.0	2	267599	n/a
130.671875	0.3	0.0	1	267616	n/a
130.68017578125	0.3	1.0	2	267633	n/a
130.6884765625	0.3	1.0	2	267650	n/a
130.69677734375	0.3	0.0	1	267667	n/a
130.70556640625	0.3	1.0	2	267685	n/a
130.7138671875	0.3	0.0	1	267702	n/a
130.72216796875	0.3	0.0	1	267719	n/a
130.73046875	0.3	1.0	2	267736	n/a
130.73876953125	0.3	1.0	2	267753	n/a
130.7470703125	0.3	0.0	1	267770	n/a
130.75537109375	0.3	0.0	1	267787	n/a
130.763671875	0.3	1.0	2	267804	n/a
130.77197265625	0.3	0.0	1	267821	n/a
130.7802734375	0.3	1.0	2	267838	n/a
130.78857421875	0.3	1.0	2	267855	n/a
130.796875	0.3	0.0	1	267872	n/a
130.80517578125	0.3	1.0	2	267889	n/a
130.8134765625	0.3	0.0	1	267906	n/a
130.82177734375	0.3	0.0	1	267923	n/a
130.83056640625	0.3	1.0	2	267941	n/a
130.8388671875	0.3	0.0	1	267958	n/a
130.84716796875	0.3	1.0	2	267975	n/a
130.85546875	0.3	1.0	2	267992	n/a
130.86376953125	0.3	0.0	1	268009	n/a
130.8720703125	0.3	0.0	1	268026	n/a
130.88037109375	0.3	1.0	2	268043	n/a
130.888671875	0.3	0.0	1	268060	n/a
130.89697265625	0.3	1.0	2	268077	n/a
130.9052734375	0.3	1.0	2	268094	n/a
130.91357421875	0.3	0.0	1	268111	n/a
130.921875	0.3	0.0	1	268128	n/a
130.93017578125	0.3	1.0	2	268145	n/a
130.9384765625	0.3	0.0	1	268162	n/a
130.94677734375	0.3	1.0	2	268179	n/a
130.95556640625	0.3	0.0	1	268197	n/a
130.9638671875	0.3	1.0	2	268214	n/a
130.97216796875	0.3	1.0	2	268231	n/a
130.98046875	0.3	0.0	1	268248	n/a
130.98876953125	0.3	0.0	1	268265	n/a
130.9970703125	0.3	1.0	2	268282	n/a
131.00537109375	0.3	0.0	1	268299	n/a
131.013671875	0.3	1.0	2	268316	n/a
131.02197265625	0.3	0.0	1	268333	n/a
131.0302734375	0.3	1.0	2	268350	n/a
131.03857421875	0.3	1.0	2	268367	n/a
131.046875	0.3	0.0	1	268384	n/a
131.05517578125	0.3	1.0	2	268401	n/a
131.0634765625	0.3	0.0	1	268418	n/a
131.07177734375	0.3	1.0	2	268435	n/a
131.08056640625	0.3	0.0	1	268453	n/a
131.0888671875	0.3	0.0	1	268470	n/a
131.09716796875	0.3	1.0	2	268487	n/a
131.10546875	0.3	0.0	1	268504	n/a
131.11376953125	0.3	1.0	2	268521	n/a
131.1220703125	0.3	1.0	2	268538	n/a
131.13037109375	0.3	0.0	1	268555	n/a
131.138671875	0.3	0.0	1	268572	n/a
131.14697265625	0.3	1.0	2	268589	n/a
131.1552734375	0.3	1.0	2	268606	n/a
131.16357421875	0.3	0.0	1	268623	n/a
131.171875	0.3	0.0	1	268640	n/a
131.18017578125	0.3	1.0	2	268657	n/a
131.1884765625	0.3	0.0	1	268674	n/a
131.19677734375	0.3	1.0	2	268691	n/a
131.20556640625	0.3	0.0	1	268709	n/a
131.2138671875	0.3	1.0	2	268726	n/a
131.22216796875	0.3	1.0	2	268743	n/a
131.23046875	0.3	0.0	1	268760	n/a
131.23876953125	0.3	0.0	1	268777	n/a
131.2470703125	0.3	1.0	2	268794	n/a
131.25537109375	0.3	1.0	2	268811	n/a
131.263671875	0.3	0.0	1	268828	n/a
131.27197265625	0.3	1.0	2	268845	n/a
131.2802734375	0.3	0.0	1	268862	n/a
131.28857421875	0.3	1.0	2	268879	n/a
131.296875	0.3	0.0	1	268896	n/a
131.30517578125	0.3	0.0	1	268913	n/a
131.3134765625	0.3	1.0	2	268930	n/a
131.32177734375	0.3	1.0	2	268947	n/a
131.33056640625	0.3	0.0	1	268965	n/a
131.3388671875	0.3	1.0	2	268982	n/a
131.34716796875	0.3	0.0	1	268999	n/a
131.35546875	0.3	1.0	2	269016	n/a
131.36376953125	0.3	0.0	1	269033	n/a
131.3720703125	0.3	1.0	2	269050	n/a
131.38037109375	0.3	0.0	1	269067	n/a
131.388671875	0.3	1.0	2	269084	n/a
131.39697265625	0.3	0.0	1	269101	n/a
131.4052734375	0.3	1.0	2	269118	n/a
131.41357421875	0.3	0.0	1	269135	n/a
131.421875	0.3	0.0	1	269152	n/a
131.43017578125	0.3	1.0	2	269169	n/a
131.4384765625	0.3	0.0	1	269186	n/a
131.44677734375	0.3	1.0	2	269203	n/a
131.45556640625	0.3	1.0	2	269221	n/a
131.4638671875	0.3	0.0	1	269238	n/a
131.47216796875	0.3	0.0	1	269255	n/a
131.48046875	0.3	1.0	2	269272	n/a
131.48876953125	0.3	0.0	1	269289	n/a
131.4970703125	0.3	1.0	2	269306	n/a
131.50537109375	0.3	1.0	2	269323	n/a
131.513671875	0.3	0.0	1	269340	n/a
131.52197265625	0.3	1.0	2	269357	n/a
131.5302734375	0.3	0.0	1	269374	n/a
131.53857421875	0.3	1.0	2	269391	n/a
131.546875	0.3	0.0	1	269408	n/a
131.55517578125	0.3	0.0	1	269425	n/a
131.5634765625	0.3	1.0	2	269442	n/a
131.57177734375	0.3	0.0	1	269459	n/a
131.58056640625	0.3	1.0	2	269477	n/a
131.5888671875	0.3	1.0	2	269494	n/a
131.59716796875	0.3	0.0	1	269511	n/a
131.60546875	0.3	1.0	2	269528	n/a
131.61376953125	0.3	0.0	1	269545	n/a
131.6220703125	0.3	0.0	1	269562	n/a
131.63037109375	0.3	1.0	2	269579	n/a
131.638671875	0.3	0.0	1	269596	n/a
131.64697265625	0.3	1.0	2	269613	n/a
131.6552734375	0.3	1.0	2	269630	n/a
131.66357421875	0.3	0.0	1	269647	n/a
131.671875	0.3	1.0	2	269664	n/a
131.68017578125	0.3	0.0	1	269681	n/a
131.6884765625	0.3	0.0	1	269698	n/a
131.69677734375	0.3	1.0	2	269715	n/a
131.70556640625	0.3	0.0	1	269733	n/a
131.7138671875	0.3	1.0	2	269750	n/a
131.72216796875	0.3	0.0	1	269767	n/a
131.73046875	0.3	1.0	2	269784	n/a
131.73876953125	0.3	1.0	2	269801	n/a
131.7470703125	0.3	0.0	1	269818	n/a
131.75537109375	0.3	1.0	2	269835	n/a
131.763671875	0.3	0.0	1	269852	n/a
131.77197265625	0.3	0.0	1	269869	n/a
131.7802734375	0.3	1.0	2	269886	n/a
131.78857421875	0.3	1.0	2	269903	n/a
131.796875	0.3	0.0	1	269920	n/a
131.80517578125	0.3	0.0	1	269937	n/a
131.8134765625	0.3	1.0	2	269954	n/a
131.82177734375	0.3	0.0	1	269971	n/a
131.83056640625	0.3	1.0	2	269989	n/a
131.8388671875	0.3	1.0	2	270006	n/a
131.84716796875	0.3	0.0	1	270023	n/a
131.85546875	0.3	1.0	2	270040	n/a
131.86376953125	0.3	0.0	1	270057	n/a
131.8720703125	0.3	0.0	1	270074	n/a
131.88037109375	0.3	1.0	2	270091	n/a
131.888671875	0.3	0.0	1	270108	n/a
131.89697265625	0.3	1.0	2	270125	n/a
131.9052734375	0.3	1.0	2	270142	n/a
131.91357421875	0.3	0.0	1	270159	n/a
131.921875	0.3	0.0	1	270176	n/a
131.93017578125	0.3	1.0	2	270193	n/a
131.9384765625	0.3	0.0	1	270210	n/a
131.94677734375	0.3	1.0	2	270227	n/a
131.95556640625	0.3	1.0	2	270245	n/a
131.9638671875	0.3	0.0	1	270262	n/a
131.97216796875	0.3	0.0	1	270279	n/a
131.98046875	0.3	1.0	2	270296	n/a
131.98876953125	0.3	0.0	1	270313	n/a
131.9970703125	0.3	1.0	2	270330	n/a
132.00537109375	0.3	0.0	1	270347	n/a
132.013671875	0.3	1.0	2	270364	n/a
132.02197265625	0.3	1.0	2	270381	n/a
132.0302734375	0.3	0.0	1	270398	n/a
132.03857421875	0.3	0.0	1	270415	n/a
132.046875	0.3	1.0	2	270432	n/a
132.05517578125	0.3	0.0	1	270449	n/a
132.0634765625	0.3	1.0	2	270466	n/a
132.07177734375	0.3	0.0	1	270483	n/a
132.08056640625	0.3	1.0	2	270501	n/a
132.0888671875	0.3	1.0	2	270518	n/a
132.09716796875	0.3	0.0	1	270535	n/a
132.10546875	0.3	1.0	2	270552	n/a
132.11376953125	0.3	0.0	1	270569	n/a
132.1220703125	0.3	1.0	2	270586	n/a
132.13037109375	0.3	0.0	1	270603	n/a
132.138671875	0.3	0.0	1	270620	n/a
132.14697265625	0.3	1.0	2	270637	n/a
132.1552734375	0.3	0.0	1	270654	n/a
132.16357421875	0.3	1.0	2	270671	n/a
132.171875	0.3	1.0	2	270688	n/a
132.18017578125	0.3	0.0	1	270705	n/a
132.1884765625	0.3	0.0	1	270722	n/a
132.19677734375	0.3	1.0	2	270739	n/a
132.20556640625	0.3	1.0	2	270757	n/a
132.2138671875	0.3	0.0	1	270774	n/a
132.22216796875	0.3	0.0	1	270791	n/a
132.23046875	0.3	1.0	2	270808	n/a
132.23876953125	0.3	0.0	1	270825	n/a
132.2470703125	0.3	1.0	2	270842	n/a
132.25537109375	0.3	0.0	1	270859	n/a
132.263671875	0.3	1.0	2	270876	n/a
132.27197265625	0.3	1.0	2	270893	n/a
132.2802734375	0.3	0.0	1	270910	n/a
132.28857421875	0.3	0.0	1	270927	n/a
132.296875	0.3	1.0	2	270944	n/a
132.30517578125	0.3	1.0	2	270961	n/a
132.3134765625	0.3	0.0	1	270978	n/a
132.32177734375	0.3	1.0	2	270995	n/a
132.33056640625	0.3	0.0	1	271013	n/a
132.3388671875	0.3	1.0	2	271030	n/a
132.34716796875	0.3	0.0	1	271047	n/a
132.35546875	0.3	0.0	1	271064	n/a
132.36376953125	0.3	1.0	2	271081	n/a
132.3720703125	0.3	1.0	2	271098	n/a
132.38037109375	0.3	0.0	1	271115	n/a
132.388671875	0.3	1.0	2	271132	n/a
132.39697265625	0.3	0.0	1	271149	n/a
132.4052734375	0.3	1.0	2	271166	n/a
132.41357421875	0.3	0.0	1	271183	n/a
132.421875	0.3	1.0	2	271200	n/a
132.43017578125	0.3	0.0	1	271217	n/a
132.4384765625	0.3	1.0	2	271234	n/a
132.44677734375	0.3	0.0	1	271251	n/a
132.45556640625	0.3	1.0	2	271269	n/a
132.4638671875	0.3	0.0	1	271286	n/a
132.47216796875	0.3	0.0	1	271303	n/a
132.48046875	0.3	1.0	2	271320	n/a
132.48876953125	0.3	0.0	1	271337	n/a
132.4970703125	0.3	1.0	2	271354	n/a
132.50537109375	0.3	1.0	2	271371	n/a
132.513671875	0.3	0.0	1	271388	n/a
132.52197265625	0.3	0.0	1	271405	n/a
132.5302734375	0.3	1.0	2	271422	n/a
132.53857421875	0.3	0.0	1	271439	n/a
132.546875	0.3	1.0	2	271456	n/a
132.55517578125	0.3	1.0	2	271473	n/a
132.5634765625	0.3	0.0	1	271490	n/a
132.57177734375	0.3	1.0	2	271507	n/a
132.58056640625	0.3	0.0	1	271525	n/a
135.005859375	0.3	1.0	2	276492	8.0
135.01416015625	0.3	0.0	1	276509	n/a
135.0224609375	0.3	0.0	1	276526	n/a
135.03076171875	0.3	1.0	2	276543	n/a
135.0390625	0.3	1.0	2	276560	n/a
135.04736328125	0.3	0.0	1	276577	n/a
135.0556640625	0.3	0.0	1	276594	n/a
135.06396484375	0.3	1.0	2	276611	n/a
135.07275390625	0.3	0.0	1	276629	n/a
135.0810546875	0.3	1.0	2	276646	n/a
135.08935546875	0.3	0.0	1	276663	n/a
135.09765625	0.3	1.0	2	276680	n/a
135.10595703125	0.3	0.0	1	276697	n/a
135.1142578125	0.3	1.0	2	276714	n/a
135.12255859375	0.3	1.0	2	276731	n/a
135.130859375	0.3	0.0	1	276748	n/a
135.13916015625	0.3	1.0	2	276765	n/a
135.1474609375	0.3	0.0	1	276782	n/a
135.15576171875	0.3	0.0	1	276799	n/a
135.1640625	0.3	1.0	2	276816	n/a
135.17236328125	0.3	1.0	2	276833	n/a
135.1806640625	0.3	0.0	1	276850	n/a
135.18896484375	0.3	0.0	1	276867	n/a
135.19775390625	0.3	1.0	2	276885	n/a
135.2060546875	0.3	0.0	1	276902	n/a
135.21435546875	0.3	1.0	2	276919	n/a
135.22265625	0.3	0.0	1	276936	n/a
135.23095703125	0.3	1.0	2	276953	n/a
135.2392578125	0.3	1.0	2	276970	n/a
135.24755859375	0.3	0.0	1	276987	n/a
135.255859375	0.3	0.0	1	277004	n/a
135.26416015625	0.3	1.0	2	277021	n/a
135.2724609375	0.3	1.0	2	277038	n/a
135.28076171875	0.3	0.0	1	277055	n/a
135.2890625	0.3	1.0	2	277072	n/a
135.29736328125	0.3	0.0	1	277089	n/a
135.3056640625	0.3	1.0	2	277106	n/a
135.31396484375	0.3	0.0	1	277123	n/a
135.32275390625	0.3	1.0	2	277141	n/a
135.3310546875	0.3	0.0	1	277158	n/a
135.33935546875	0.3	1.0	2	277175	n/a
135.34765625	0.3	0.0	1	277192	n/a
135.35595703125	0.3	0.0	1	277209	n/a
135.3642578125	0.3	1.0	2	277226	n/a
135.37255859375	0.3	0.0	1	277243	n/a
135.380859375	0.3	1.0	2	277260	n/a
135.38916015625	0.3	0.0	1	277277	n/a
135.3974609375	0.3	1.0	2	277294	n/a
135.40576171875	0.3	1.0	2	277311	n/a
135.4140625	0.3	0.0	1	277328	n/a
135.42236328125	0.3	1.0	2	277345	n/a
135.4306640625	0.3	0.0	1	277362	n/a
135.43896484375	0.3	0.0	1	277379	n/a
135.44775390625	0.3	1.0	2	277397	n/a
135.4560546875	0.3	0.0	1	277414	n/a
135.46435546875	0.3	1.0	2	277431	n/a
135.47265625	0.3	1.0	2	277448	n/a
135.48095703125	0.3	0.0	1	277465	n/a
135.4892578125	0.3	0.0	1	277482	n/a
135.49755859375	0.3	1.0	2	277499	n/a
135.505859375	0.3	0.0	1	277516	n/a
135.51416015625	0.3	1.0	2	277533	n/a
135.5224609375	0.3	0.0	1	277550	n/a
135.53076171875	0.3	1.0	2	277567	n/a
135.5390625	0.3	1.0	2	277584	n/a
135.54736328125	0.3	0.0	1	277601	n/a
135.5556640625	0.3	0.0	1	277618	n/a
135.56396484375	0.3	1.0	2	277635	n/a
135.57275390625	0.3	0.0	1	277653	n/a
135.5810546875	0.3	1.0	2	277670	n/a
135.58935546875	0.3	0.0	1	277687	n/a
135.59765625	0.3	1.0	2	277704	n/a
135.60595703125	0.3	0.0	1	277721	n/a
135.6142578125	0.3	1.0	2	277738	n/a
135.62255859375	0.3	1.0	2	277755	n/a
135.630859375	0.3	0.0	1	277772	n/a
135.63916015625	0.3	0.0	1	277789	n/a
135.6474609375	0.3	1.0	2	277806	n/a
135.65576171875	0.3	1.0	2	277823	n/a
135.6640625	0.3	0.0	1	277840	n/a
135.67236328125	0.3	1.0	2	277857	n/a
135.6806640625	0.3	0.0	1	277874	n/a
135.68896484375	0.3	1.0	2	277891	n/a
135.69775390625	0.3	0.0	1	277909	n/a
135.7060546875	0.3	0.0	1	277926	n/a
135.71435546875	0.3	1.0	2	277943	n/a
135.72265625	0.3	1.0	2	277960	n/a
135.73095703125	0.3	0.0	1	277977	n/a
135.7392578125	0.3	0.0	1	277994	n/a
135.74755859375	0.3	1.0	2	278011	n/a
135.755859375	0.3	0.0	1	278028	n/a
135.76416015625	0.3	1.0	2	278045	n/a
135.7724609375	0.3	0.0	1	278062	n/a
135.78076171875	0.3	1.0	2	278079	n/a
135.7890625	0.3	1.0	2	278096	n/a
135.79736328125	0.3	0.0	1	278113	n/a
135.8056640625	0.3	1.0	2	278130	n/a
135.81396484375	0.3	0.0	1	278147	n/a
135.82275390625	0.3	1.0	2	278165	n/a
135.8310546875	0.3	0.0	1	278182	n/a
135.83935546875	0.3	0.0	1	278199	n/a
135.84765625	0.3	1.0	2	278216	n/a
135.85595703125	0.3	1.0	2	278233	n/a
135.8642578125	0.3	0.0	1	278250	n/a
135.87255859375	0.3	0.0	1	278267	n/a
135.880859375	0.3	1.0	2	278284	n/a
135.88916015625	0.3	0.0	1	278301	n/a
135.8974609375	0.3	1.0	2	278318	n/a
135.90576171875	0.3	1.0	2	278335	n/a
135.9140625	0.3	0.0	1	278352	n/a
135.92236328125	0.3	1.0	2	278369	n/a
135.9306640625	0.3	0.0	1	278386	n/a
135.93896484375	0.3	0.0	1	278403	n/a
135.94775390625	0.3	1.0	2	278421	n/a
135.9560546875	0.3	1.0	2	278438	n/a
135.96435546875	0.3	0.0	1	278455	n/a
135.97265625	0.3	1.0	2	278472	n/a
135.98095703125	0.3	0.0	1	278489	n/a
135.9892578125	0.3	0.0	1	278506	n/a
135.99755859375	0.3	1.0	2	278523	n/a
136.005859375	0.3	1.0	2	278540	n/a
136.01416015625	0.3	0.0	1	278557	n/a
136.0224609375	0.3	1.0	2	278574	n/a
136.03076171875	0.3	0.0	1	278591	n/a
136.0390625	0.3	1.0	2	278608	n/a
136.04736328125	0.3	0.0	1	278625	n/a
136.0556640625	0.3	1.0	2	278642	n/a
136.06396484375	0.3	0.0	1	278659	n/a
136.07275390625	0.3	0.0	1	278677	n/a
136.0810546875	0.3	1.0	2	278694	n/a
136.08935546875	0.3	1.0	2	278711	n/a
136.09765625	0.3	0.0	1	278728	n/a
136.10595703125	0.3	0.0	1	278745	n/a
136.1142578125	0.3	1.0	2	278762	n/a
136.12255859375	0.3	0.0	1	278779	n/a
136.130859375	0.3	1.0	2	278796	n/a
136.13916015625	0.3	0.0	1	278813	n/a
136.1474609375	0.3	1.0	2	278830	n/a
136.15576171875	0.3	0.0	1	278847	n/a
136.1640625	0.3	1.0	2	278864	n/a
136.17236328125	0.3	1.0	2	278881	n/a
136.1806640625	0.3	0.0	1	278898	n/a
136.18896484375	0.3	1.0	2	278915	n/a
136.19775390625	0.3	0.0	1	278933	n/a
136.2060546875	0.3	0.0	1	278950	n/a
136.21435546875	0.3	1.0	2	278967	n/a
136.22265625	0.3	1.0	2	278984	n/a
136.23095703125	0.3	0.0	1	279001	n/a
136.2392578125	0.3	0.0	1	279018	n/a
136.24755859375	0.3	1.0	2	279035	n/a
136.255859375	0.3	0.0	1	279052	n/a
136.26416015625	0.3	1.0	2	279069	n/a
136.2724609375	0.3	0.0	1	279086	n/a
136.28076171875	0.3	1.0	2	279103	n/a
136.2890625	0.3	1.0	2	279120	n/a
136.29736328125	0.3	0.0	1	279137	n/a
136.3056640625	0.3	0.0	1	279154	n/a
136.31396484375	0.3	1.0	2	279171	n/a
136.32275390625	0.3	1.0	2	279189	n/a
136.3310546875	0.3	0.0	1	279206	n/a
136.33935546875	0.3	1.0	2	279223	n/a
136.34765625	0.3	0.0	1	279240	n/a
136.35595703125	0.3	1.0	2	279257	n/a
136.3642578125	0.3	0.0	1	279274	n/a
136.37255859375	0.3	1.0	2	279291	n/a
136.380859375	0.3	0.0	1	279308	n/a
136.38916015625	0.3	1.0	2	279325	n/a
136.3974609375	0.3	0.0	1	279342	n/a
136.40576171875	0.3	0.0	1	279359	n/a
136.4140625	0.3	1.0	2	279376	n/a
136.42236328125	0.3	0.0	1	279393	n/a
136.4306640625	0.3	1.0	2	279410	n/a
136.43896484375	0.3	0.0	1	279427	n/a
136.44775390625	0.3	1.0	2	279445	n/a
136.4560546875	0.3	1.0	2	279462	n/a
136.46435546875	0.3	0.0	1	279479	n/a
136.47265625	0.3	1.0	2	279496	n/a
136.48095703125	0.3	0.0	1	279513	n/a
136.4892578125	0.3	0.0	1	279530	n/a
136.49755859375	0.3	1.0	2	279547	n/a
136.505859375	0.3	0.0	1	279564	n/a
136.51416015625	0.3	1.0	2	279581	n/a
136.5224609375	0.3	1.0	2	279598	n/a
136.53076171875	0.3	0.0	1	279615	n/a
136.5390625	0.3	0.0	1	279632	n/a
136.54736328125	0.3	1.0	2	279649	n/a
136.5556640625	0.3	0.0	1	279666	n/a
136.56396484375	0.3	1.0	2	279683	n/a
136.57275390625	0.3	0.0	1	279701	n/a
136.5810546875	0.3	1.0	2	279718	n/a
136.58935546875	0.3	1.0	2	279735	n/a
136.59765625	0.3	0.0	1	279752	n/a
136.60595703125	0.3	0.0	1	279769	n/a
136.6142578125	0.3	1.0	2	279786	n/a
136.62255859375	0.3	0.0	1	279803	n/a
136.630859375	0.3	1.0	2	279820	n/a
136.63916015625	0.3	0.0	1	279837	n/a
136.6474609375	0.3	1.0	2	279854	n/a
136.65576171875	0.3	0.0	1	279871	n/a
136.6640625	0.3	1.0	2	279888	n/a
136.67236328125	0.3	1.0	2	279905	n/a
136.6806640625	0.3	0.0	1	279922	n/a
136.68896484375	0.3	0.0	1	279939	n/a
136.69775390625	0.3	1.0	2	279957	n/a
136.7060546875	0.3	1.0	2	279974	n/a
136.71435546875	0.3	0.0	1	279991	n/a
136.72265625	0.3	1.0	2	280008	n/a
136.73095703125	0.3	0.0	1	280025	n/a
136.7392578125	0.3	1.0	2	280042	n/a
136.74755859375	0.3	0.0	1	280059	n/a
136.755859375	0.3	0.0	1	280076	n/a
136.76416015625	0.3	1.0	2	280093	n/a
136.7724609375	0.3	1.0	2	280110	n/a
136.78076171875	0.3	0.0	1	280127	n/a
136.7890625	0.3	0.0	1	280144	n/a
136.79736328125	0.3	1.0	2	280161	n/a
136.8056640625	0.3	0.0	1	280178	n/a
136.81396484375	0.3	1.0	2	280195	n/a
136.82275390625	0.3	0.0	1	280213	n/a
136.8310546875	0.3	1.0	2	280230	n/a
136.83935546875	0.3	1.0	2	280247	n/a
136.84765625	0.3	0.0	1	280264	n/a
136.85595703125	0.3	1.0	2	280281	n/a
136.8642578125	0.3	0.0	1	280298	n/a
136.87255859375	0.3	1.0	2	280315	n/a
136.880859375	0.3	0.0	1	280332	n/a
136.88916015625	0.3	0.0	1	280349	n/a
136.8974609375	0.3	1.0	2	280366	n/a
136.90576171875	0.3	1.0	2	280383	n/a
136.9140625	0.3	0.0	1	280400	n/a
136.92236328125	0.3	0.0	1	280417	n/a
136.9306640625	0.3	1.0	2	280434	n/a
136.93896484375	0.3	0.0	1	280451	n/a
136.94775390625	0.3	1.0	2	280469	n/a
136.9560546875	0.3	1.0	2	280486	n/a
136.96435546875	0.3	0.0	1	280503	n/a
136.97265625	0.3	1.0	2	280520	n/a
136.98095703125	0.3	0.0	1	280537	n/a
136.9892578125	0.3	0.0	1	280554	n/a
136.99755859375	0.3	1.0	2	280571	n/a
137.005859375	0.3	1.0	2	280588	n/a
137.01416015625	0.3	0.0	1	280605	n/a
137.0224609375	0.3	1.0	2	280622	n/a
137.03076171875	0.3	0.0	1	280639	n/a
137.0390625	0.3	0.0	1	280656	n/a
137.04736328125	0.3	1.0	2	280673	n/a
137.0556640625	0.3	1.0	2	280690	n/a
137.06396484375	0.3	0.0	1	280707	n/a
137.07275390625	0.3	1.0	2	280725	n/a
137.0810546875	0.3	0.0	1	280742	n/a
137.08935546875	0.3	1.0	2	280759	n/a
137.09765625	0.3	0.0	1	280776	n/a
137.10595703125	0.3	1.0	2	280793	n/a
137.1142578125	0.3	0.0	1	280810	n/a
137.12255859375	0.3	0.0	1	280827	n/a
137.130859375	0.3	1.0	2	280844	n/a
137.13916015625	0.3	1.0	2	280861	n/a
137.1474609375	0.3	0.0	1	280878	n/a
137.15576171875	0.3	0.0	1	280895	n/a
137.1640625	0.3	1.0	2	280912	n/a
137.17236328125	0.3	0.0	1	280929	n/a
137.1806640625	0.3	1.0	2	280946	n/a
137.18896484375	0.3	0.0	1	280963	n/a
137.19775390625	0.3	1.0	2	280981	n/a
137.2060546875	0.3	0.0	1	280998	n/a
137.21435546875	0.3	1.0	2	281015	n/a
137.22265625	0.3	1.0	2	281032	n/a
137.23095703125	0.3	0.0	1	281049	n/a
137.2392578125	0.3	1.0	2	281066	n/a
137.24755859375	0.3	0.0	1	281083	n/a
137.255859375	0.3	0.0	1	281100	n/a
137.26416015625	0.3	1.0	2	281117	n/a
137.2724609375	0.3	1.0	2	281134	n/a
137.28076171875	0.3	0.0	1	281151	n/a
137.2890625	0.3	0.0	1	281168	n/a
137.29736328125	0.3	1.0	2	281185	n/a
137.3056640625	0.3	0.0	1	281202	n/a
137.31396484375	0.3	1.0	2	281219	n/a
137.32275390625	0.3	0.0	1	281237	n/a
137.3310546875	0.3	1.0	2	281254	n/a
137.33935546875	0.3	1.0	2	281271	n/a
137.34765625	0.3	0.0	1	281288	n/a
137.35595703125	0.3	0.0	1	281305	n/a
137.3642578125	0.3	1.0	2	281322	n/a
137.37255859375	0.3	1.0	2	281339	n/a
137.380859375	0.3	0.0	1	281356	n/a
137.38916015625	0.3	1.0	2	281373	n/a
137.3974609375	0.3	0.0	1	281390	n/a
137.40576171875	0.3	1.0	2	281407	n/a
137.4140625	0.3	0.0	1	281424	n/a
137.42236328125	0.3	1.0	2	281441	n/a
137.4306640625	0.3	0.0	1	281458	n/a
137.43896484375	0.3	1.0	2	281475	n/a
137.44775390625	0.3	0.0	1	281493	n/a
137.4560546875	0.3	0.0	1	281510	n/a
137.46435546875	0.3	1.0	2	281527	n/a
137.47265625	0.3	0.0	1	281544	n/a
137.48095703125	0.3	1.0	2	281561	n/a
137.4892578125	0.3	0.0	1	281578	n/a
137.49755859375	0.3	1.0	2	281595	n/a
137.505859375	0.3	1.0	2	281612	n/a
137.51416015625	0.3	0.0	1	281629	n/a
137.5224609375	0.3	1.0	2	281646	n/a
137.53076171875	0.3	0.0	1	281663	n/a
137.5390625	0.3	0.0	1	281680	n/a
137.54736328125	0.3	1.0	2	281697	n/a
137.5556640625	0.3	0.0	1	281714	n/a
137.56396484375	0.3	1.0	2	281731	n/a
137.57275390625	0.3	1.0	2	281749	n/a
137.5810546875	0.3	0.0	1	281766	n/a
137.58935546875	0.3	0.0	1	281783	n/a
137.59765625	0.3	1.0	2	281800	n/a
137.60595703125	0.3	0.0	1	281817	n/a
137.6142578125	0.3	1.0	2	281834	n/a
137.62255859375	0.3	0.0	1	281851	n/a
137.630859375	0.3	1.0	2	281868	n/a
137.63916015625	0.3	1.0	2	281885	n/a
137.6474609375	0.3	0.0	1	281902	n/a
137.65576171875	0.3	0.0	1	281919	n/a
137.6640625	0.3	1.0	2	281936	n/a
137.67236328125	0.3	0.0	1	281953	n/a
137.6806640625	0.3	1.0	2	281970	n/a
137.68896484375	0.3	0.0	1	281987	n/a
137.69775390625	0.3	1.0	2	282005	n/a
137.7060546875	0.3	0.0	1	282022	n/a
137.71435546875	0.3	1.0	2	282039	n/a
137.72265625	0.3	1.0	2	282056	n/a
137.73095703125	0.3	0.0	1	282073	n/a
137.7392578125	0.3	0.0	1	282090	n/a
137.74755859375	0.3	1.0	2	282107	n/a
137.755859375	0.3	1.0	2	282124	n/a
137.76416015625	0.3	0.0	1	282141	n/a
137.7724609375	0.3	1.0	2	282158	n/a
137.78076171875	0.3	0.0	1	282175	n/a
137.7890625	0.3	1.0	2	282192	n/a
137.79736328125	0.3	0.0	1	282209	n/a
137.8056640625	0.3	0.0	1	282226	n/a
137.81396484375	0.3	1.0	2	282243	n/a
137.82275390625	0.3	1.0	2	282261	n/a
137.8310546875	0.3	0.0	1	282278	n/a
137.83935546875	0.3	0.0	1	282295	n/a
137.84765625	0.3	1.0	2	282312	n/a
137.85595703125	0.3	0.0	1	282329	n/a
137.8642578125	0.3	1.0	2	282346	n/a
137.87255859375	0.3	0.0	1	282363	n/a
137.880859375	0.3	1.0	2	282380	n/a
137.88916015625	0.3	1.0	2	282397	n/a
137.8974609375	0.3	0.0	1	282414	n/a
137.90576171875	0.3	1.0	2	282431	n/a
137.9140625	0.3	0.0	1	282448	n/a
137.92236328125	0.3	1.0	2	282465	n/a
137.9306640625	0.3	0.0	1	282482	n/a
137.93896484375	0.3	0.0	1	282499	n/a
137.94775390625	0.3	1.0	2	282517	n/a
137.9560546875	0.3	1.0	2	282534	n/a
137.96435546875	0.3	0.0	1	282551	n/a
137.97265625	0.3	0.0	1	282568	n/a
137.98095703125	0.3	1.0	2	282585	n/a
137.9892578125	0.3	0.0	1	282602	n/a
137.99755859375	0.3	1.0	2	282619	n/a
138.005859375	0.3	1.0	2	282636	n/a
138.01416015625	0.3	0.0	1	282653	n/a
138.0224609375	0.3	1.0	2	282670	n/a
138.03076171875	0.3	0.0	1	282687	n/a
138.0390625	0.3	0.0	1	282704	n/a
138.04736328125	0.3	1.0	2	282721	n/a
138.0556640625	0.3	1.0	2	282738	n/a
138.06396484375	0.3	0.0	1	282755	n/a
138.07275390625	0.3	1.0	2	282773	n/a
138.0810546875	0.3	0.0	1	282790	n/a
138.08935546875	0.3	0.0	1	282807	n/a
138.09765625	0.3	1.0	2	282824	n/a
138.10595703125	0.3	1.0	2	282841	n/a
138.1142578125	0.3	0.0	1	282858	n/a
138.12255859375	0.3	1.0	2	282875	n/a
138.130859375	0.3	0.0	1	282892	n/a
138.13916015625	0.3	1.0	2	282909	n/a
138.1474609375	0.3	0.0	1	282926	n/a
138.15576171875	0.3	1.0	2	282943	n/a
138.1640625	0.3	0.0	1	282960	n/a
138.17236328125	0.3	0.0	1	282977	n/a
138.1806640625	0.3	1.0	2	282994	n/a
138.18896484375	0.3	1.0	2	283011	n/a
138.19775390625	0.3	0.0	1	283029	n/a
138.2060546875	0.3	0.0	1	283046	n/a
138.21435546875	0.3	1.0	2	283063	n/a
138.22265625	0.3	0.0	1	283080	n/a
138.23095703125	0.3	1.0	2	283097	n/a
138.2392578125	0.3	0.0	1	283114	n/a
138.24755859375	0.3	1.0	2	283131	n/a
138.255859375	0.3	0.0	1	283148	n/a
138.26416015625	0.3	1.0	2	283165	n/a
138.2724609375	0.3	1.0	2	283182	n/a
138.28076171875	0.3	0.0	1	283199	n/a
138.2890625	0.3	1.0	2	283216	n/a
138.29736328125	0.3	0.0	1	283233	n/a
138.3056640625	0.3	0.0	1	283250	n/a
138.31396484375	0.3	1.0	2	283267	n/a
138.32275390625	0.3	1.0	2	283285	n/a
138.3310546875	0.3	0.0	1	283302	n/a
138.33935546875	0.3	0.0	1	283319	n/a
138.34765625	0.3	1.0	2	283336	n/a
138.35595703125	0.3	0.0	1	283353	n/a
138.3642578125	0.3	1.0	2	283370	n/a
138.37255859375	0.3	0.0	1	283387	n/a
138.380859375	0.3	1.0	2	283404	n/a
138.38916015625	0.3	1.0	2	283421	n/a
138.3974609375	0.3	0.0	1	283438	n/a
138.40576171875	0.3	0.0	1	283455	n/a
138.4140625	0.3	1.0	2	283472	n/a
138.42236328125	0.3	1.0	2	283489	n/a
138.4306640625	0.3	0.0	1	283506	n/a
138.43896484375	0.3	1.0	2	283523	n/a
138.44775390625	0.3	0.0	1	283541	n/a
138.4560546875	0.3	1.0	2	283558	n/a
138.46435546875	0.3	0.0	1	283575	n/a
138.47265625	0.3	1.0	2	283592	n/a
138.48095703125	0.3	0.0	1	283609	n/a
138.4892578125	0.3	1.0	2	283626	n/a
138.49755859375	0.3	0.0	1	283643	n/a
138.505859375	0.3	0.0	1	283660	n/a
138.51416015625	0.3	1.0	2	283677	n/a
138.5224609375	0.3	0.0	1	283694	n/a
138.53076171875	0.3	1.0	2	283711	n/a
138.5390625	0.3	0.0	1	283728	n/a
138.54736328125	0.3	1.0	2	283745	n/a
138.5556640625	0.3	1.0	2	283762	n/a
138.56396484375	0.3	0.0	1	283779	n/a
138.57275390625	0.3	1.0	2	283797	n/a
138.5810546875	0.3	0.0	1	283814	n/a
138.58935546875	0.3	0.0	1	283831	n/a
138.59765625	0.3	1.0	2	283848	n/a
138.60595703125	0.3	0.0	1	283865	n/a
138.6142578125	0.3	1.0	2	283882	n/a
138.62255859375	0.3	1.0	2	283899	n/a
138.630859375	0.3	0.0	1	283916	n/a
138.63916015625	0.3	0.0	1	283933	n/a
138.6474609375	0.3	1.0	2	283950	n/a
138.65576171875	0.3	0.0	1	283967	n/a
138.6640625	0.3	1.0	2	283984	n/a
138.67236328125	0.3	0.0	1	284001	n/a
138.6806640625	0.3	1.0	2	284018	n/a
138.68896484375	0.3	1.0	2	284035	n/a
138.69775390625	0.3	0.0	1	284053	n/a
138.7060546875	0.3	0.0	1	284070	n/a
138.71435546875	0.3	1.0	2	284087	n/a
138.72265625	0.3	0.0	1	284104	n/a
138.73095703125	0.3	1.0	2	284121	n/a
138.7392578125	0.3	0.0	1	284138	n/a
138.74755859375	0.3	1.0	2	284155	n/a
138.755859375	0.3	0.0	1	284172	n/a
138.76416015625	0.3	1.0	2	284189	n/a
138.7724609375	0.3	1.0	2	284206	n/a
138.78076171875	0.3	0.0	1	284223	n/a
138.7890625	0.3	0.0	1	284240	n/a
138.79736328125	0.3	1.0	2	284257	n/a
138.8056640625	0.3	1.0	2	284274	n/a
138.81396484375	0.3	0.0	1	284291	n/a
138.82275390625	0.3	1.0	2	284309	n/a
138.8310546875	0.3	0.0	1	284326	n/a
138.83935546875	0.3	1.0	2	284343	n/a
138.84765625	0.3	0.0	1	284360	n/a
138.85595703125	0.3	0.0	1	284377	n/a
138.8642578125	0.3	1.0	2	284394	n/a
138.87255859375	0.3	1.0	2	284411	n/a
138.880859375	0.3	0.0	1	284428	n/a
138.88916015625	0.3	0.0	1	284445	n/a
138.8974609375	0.3	1.0	2	284462	n/a
138.90576171875	0.3	0.0	1	284479	n/a
138.9140625	0.3	1.0	2	284496	n/a
138.92236328125	0.3	0.0	1	284513	n/a
138.9306640625	0.3	1.0	2	284530	n/a
138.93896484375	0.3	1.0	2	284547	n/a
138.94775390625	0.3	0.0	1	284565	n/a
138.9560546875	0.3	1.0	2	284582	n/a
138.96435546875	0.3	0.0	1	284599	n/a
138.97265625	0.3	1.0	2	284616	n/a
138.98095703125	0.3	0.0	1	284633	n/a
138.9892578125	0.3	0.0	1	284650	n/a
138.99755859375	0.3	1.0	2	284667	n/a
139.005859375	0.3	1.0	2	284684	n/a
139.01416015625	0.3	0.0	1	284701	n/a
139.0224609375	0.3	0.0	1	284718	n/a
139.03076171875	0.3	1.0	2	284735	n/a
139.0390625	0.3	0.0	1	284752	n/a
139.04736328125	0.3	1.0	2	284769	n/a
139.0556640625	0.3	1.0	2	284786	n/a
139.06396484375	0.3	0.0	1	284803	n/a
139.07275390625	0.3	1.0	2	284821	n/a
139.0810546875	0.3	0.0	1	284838	n/a
139.08935546875	0.3	0.0	1	284855	n/a
139.09765625	0.3	1.0	2	284872	n/a
139.10595703125	0.3	1.0	2	284889	n/a
139.1142578125	0.3	0.0	1	284906	n/a
139.12255859375	0.3	1.0	2	284923	n/a
139.130859375	0.3	0.0	1	284940	n/a
139.13916015625	0.3	0.0	1	284957	n/a
139.1474609375	0.3	1.0	2	284974	n/a
139.15576171875	0.3	1.0	2	284991	n/a
139.1640625	0.3	0.0	1	285008	n/a
139.17236328125	0.3	1.0	2	285025	n/a
139.1806640625	0.3	0.0	1	285042	n/a
139.18896484375	0.3	1.0	2	285059	n/a
139.19775390625	0.3	0.0	1	285077	n/a
141.564453125	0.3	0.0	1	289924	4.0
141.57275390625	0.3	1.0	2	289941	n/a
141.5810546875	0.3	1.0	2	289958	n/a
141.58935546875	0.3	0.0	1	289975	n/a
141.59765625	0.3	0.0	1	289992	n/a
141.60595703125	0.3	1.0	2	290009	n/a
141.6142578125	0.3	1.0	2	290026	n/a
141.62255859375	0.3	0.0	1	290043	n/a
141.63134765625	0.3	1.0	2	290061	n/a
141.6396484375	0.3	0.0	1	290078	n/a
141.64794921875	0.3	0.0	1	290095	n/a
141.65625	0.3	1.0	2	290112	n/a
141.66455078125	0.3	0.0	1	290129	n/a
141.6728515625	0.3	1.0	2	290146	n/a
141.68115234375	0.3	0.0	1	290163	n/a
141.689453125	0.3	1.0	2	290180	n/a
141.69775390625	0.3	1.0	2	290197	n/a
141.7060546875	0.3	0.0	1	290214	n/a
141.71435546875	0.3	1.0	2	290231	n/a
141.72265625	0.3	0.0	1	290248	n/a
141.73095703125	0.3	1.0	2	290265	n/a
141.7392578125	0.3	0.0	1	290282	n/a
141.74755859375	0.3	1.0	2	290299	n/a
141.75634765625	0.3	0.0	1	290317	n/a
141.7646484375	0.3	0.0	1	290334	n/a
141.77294921875	0.3	1.0	2	290351	n/a
141.78125	0.3	0.0	1	290368	n/a
141.78955078125	0.3	1.0	2	290385	n/a
141.7978515625	0.3	1.0	2	290402	n/a
141.80615234375	0.3	0.0	1	290419	n/a
141.814453125	0.3	1.0	2	290436	n/a
141.82275390625	0.3	0.0	1	290453	n/a
141.8310546875	0.3	0.0	1	290470	n/a
141.83935546875	0.3	1.0	2	290487	n/a
141.84765625	0.3	1.0	2	290504	n/a
141.85595703125	0.3	0.0	1	290521	n/a
141.8642578125	0.3	1.0	2	290538	n/a
141.87255859375	0.3	0.0	1	290555	n/a
141.88134765625	0.3	0.0	1	290573	n/a
141.8896484375	0.3	1.0	2	290590	n/a
141.89794921875	0.3	0.0	1	290607	n/a
141.90625	0.3	1.0	2	290624	n/a
141.91455078125	0.3	1.0	2	290641	n/a
141.9228515625	0.3	0.0	1	290658	n/a
141.93115234375	0.3	1.0	2	290675	n/a
141.939453125	0.3	0.0	1	290692	n/a
141.94775390625	0.3	0.0	1	290709	n/a
141.9560546875	0.3	1.0	2	290726	n/a
141.96435546875	0.3	0.0	1	290743	n/a
141.97265625	0.3	1.0	2	290760	n/a
141.98095703125	0.3	0.0	1	290777	n/a
141.9892578125	0.3	1.0	2	290794	n/a
141.99755859375	0.3	1.0	2	290811	n/a
142.00634765625	0.3	0.0	1	290829	n/a
142.0146484375	0.3	0.0	1	290846	n/a
142.02294921875	0.3	1.0	2	290863	n/a
142.03125	0.3	0.0	1	290880	n/a
142.03955078125	0.3	1.0	2	290897	n/a
142.0478515625	0.3	0.0	1	290914	n/a
142.05615234375	0.3	1.0	2	290931	n/a
142.064453125	0.3	1.0	2	290948	n/a
142.07275390625	0.3	0.0	1	290965	n/a
142.0810546875	0.3	1.0	2	290982	n/a
142.08935546875	0.3	0.0	1	290999	n/a
142.09765625	0.3	1.0	2	291016	n/a
142.10595703125	0.3	0.0	1	291033	n/a
142.1142578125	0.3	1.0	2	291050	n/a
142.12255859375	0.3	0.0	1	291067	n/a
142.13134765625	0.3	0.0	1	291085	n/a
142.1396484375	0.3	1.0	2	291102	n/a
142.14794921875	0.3	0.0	1	291119	n/a
142.15625	0.3	1.0	2	291136	n/a
142.16455078125	0.3	1.0	2	291153	n/a
142.1728515625	0.3	0.0	1	291170	n/a
142.18115234375	0.3	0.0	1	291187	n/a
142.189453125	0.3	1.0	2	291204	n/a
142.19775390625	0.3	0.0	1	291221	n/a
142.2060546875	0.3	1.0	2	291238	n/a
142.21435546875	0.3	0.0	1	291255	n/a
142.22265625	0.3	1.0	2	291272	n/a
142.23095703125	0.3	0.0	1	291289	n/a
142.2392578125	0.3	1.0	2	291306	n/a
142.24755859375	0.3	1.0	2	291323	n/a
142.25634765625	0.3	0.0	1	291341	n/a
142.2646484375	0.3	0.0	1	291358	n/a
142.27294921875	0.3	1.0	2	291375	n/a
142.28125	0.3	1.0	2	291392	n/a
142.28955078125	0.3	0.0	1	291409	n/a
142.2978515625	0.3	1.0	2	291426	n/a
142.30615234375	0.3	0.0	1	291443	n/a
142.314453125	0.3	0.0	1	291460	n/a
142.32275390625	0.3	1.0	2	291477	n/a
142.3310546875	0.3	0.0	1	291494	n/a
142.33935546875	0.3	1.0	2	291511	n/a
142.34765625	0.3	0.0	1	291528	n/a
142.35595703125	0.3	1.0	2	291545	n/a
142.3642578125	0.3	1.0	2	291562	n/a
142.37255859375	0.3	0.0	1	291579	n/a
142.38134765625	0.3	1.0	2	291597	n/a
142.3896484375	0.3	0.0	1	291614	n/a
142.39794921875	0.3	0.0	1	291631	n/a
142.40625	0.3	1.0	2	291648	n/a
142.41455078125	0.3	1.0	2	291665	n/a
142.4228515625	0.3	0.0	1	291682	n/a
142.43115234375	0.3	1.0	2	291699	n/a
142.439453125	0.3	0.0	1	291716	n/a
142.44775390625	0.3	1.0	2	291733	n/a
142.4560546875	0.3	0.0	1	291750	n/a
142.46435546875	0.3	0.0	1	291767	n/a
142.47265625	0.3	1.0	2	291784	n/a
142.48095703125	0.3	1.0	2	291801	n/a
142.4892578125	0.3	0.0	1	291818	n/a
142.49755859375	0.3	0.0	1	291835	n/a
142.50634765625	0.3	1.0	2	291853	n/a
142.5146484375	0.3	1.0	2	291870	n/a
142.52294921875	0.3	0.0	1	291887	n/a
142.53125	0.3	1.0	2	291904	n/a
142.53955078125	0.3	0.0	1	291921	n/a
142.5478515625	0.3	0.0	1	291938	n/a
142.55615234375	0.3	1.0	2	291955	n/a
142.564453125	0.3	0.0	1	291972	n/a
142.57275390625	0.3	1.0	2	291989	n/a
142.5810546875	0.3	1.0	2	292006	n/a
142.58935546875	0.3	0.0	1	292023	n/a
142.59765625	0.3	0.0	1	292040	n/a
142.60595703125	0.3	1.0	2	292057	n/a
142.6142578125	0.3	0.0	1	292074	n/a
142.62255859375	0.3	1.0	2	292091	n/a
142.63134765625	0.3	1.0	2	292109	n/a
142.6396484375	0.3	0.0	1	292126	n/a
142.64794921875	0.3	0.0	1	292143	n/a
142.65625	0.3	1.0	2	292160	n/a
142.66455078125	0.3	1.0	2	292177	n/a
142.6728515625	0.3	0.0	1	292194	n/a
142.68115234375	0.3	1.0	2	292211	n/a
142.689453125	0.3	0.0	1	292228	n/a
142.69775390625	0.3	0.0	1	292245	n/a
142.7060546875	0.3	1.0	2	292262	n/a
142.71435546875	0.3	0.0	1	292279	n/a
142.72265625	0.3	1.0	2	292296	n/a
142.73095703125	0.3	0.0	1	292313	n/a
142.7392578125	0.3	1.0	2	292330	n/a
142.74755859375	0.3	1.0	2	292347	n/a
142.75634765625	0.3	0.0	1	292365	n/a
142.7646484375	0.3	1.0	2	292382	n/a
142.77294921875	0.3	0.0	1	292399	n/a
142.78125	0.3	1.0	2	292416	n/a
142.78955078125	0.3	0.0	1	292433	n/a
142.7978515625	0.3	1.0	2	292450	n/a
142.80615234375	0.3	0.0	1	292467	n/a
142.814453125	0.3	0.0	1	292484	n/a
142.82275390625	0.3	1.0	2	292501	n/a
142.8310546875	0.3	0.0	1	292518	n/a
142.83935546875	0.3	1.0	2	292535	n/a
142.84765625	0.3	1.0	2	292552	n/a
142.85595703125	0.3	0.0	1	292569	n/a
142.8642578125	0.3	1.0	2	292586	n/a
142.87255859375	0.3	0.0	1	292603	n/a
142.88134765625	0.3	0.0	1	292621	n/a
142.8896484375	0.3	1.0	2	292638	n/a
142.89794921875	0.3	1.0	2	292655	n/a
142.90625	0.3	0.0	1	292672	n/a
142.91455078125	0.3	1.0	2	292689	n/a
142.9228515625	0.3	0.0	1	292706	n/a
142.93115234375	0.3	0.0	1	292723	n/a
142.939453125	0.3	1.0	2	292740	n/a
142.94775390625	0.3	0.0	1	292757	n/a
142.9560546875	0.3	1.0	2	292774	n/a
142.96435546875	0.3	1.0	2	292791	n/a
142.97265625	0.3	0.0	1	292808	n/a
142.98095703125	0.3	1.0	2	292825	n/a
142.9892578125	0.3	0.0	1	292842	n/a
142.99755859375	0.3	0.0	1	292859	n/a
143.00634765625	0.3	1.0	2	292877	n/a
143.0146484375	0.3	0.0	1	292894	n/a
143.02294921875	0.3	1.0	2	292911	n/a
143.03125	0.3	0.0	1	292928	n/a
143.03955078125	0.3	1.0	2	292945	n/a
143.0478515625	0.3	1.0	2	292962	n/a
143.05615234375	0.3	0.0	1	292979	n/a
143.064453125	0.3	0.0	1	292996	n/a
143.07275390625	0.3	1.0	2	293013	n/a
143.0810546875	0.3	0.0	1	293030	n/a
143.08935546875	0.3	1.0	2	293047	n/a
143.09765625	0.3	0.0	1	293064	n/a
143.10595703125	0.3	1.0	2	293081	n/a
143.1142578125	0.3	1.0	2	293098	n/a
143.12255859375	0.3	0.0	1	293115	n/a
143.13134765625	0.3	1.0	2	293133	n/a
143.1396484375	0.3	0.0	1	293150	n/a
143.14794921875	0.3	1.0	2	293167	n/a
143.15625	0.3	0.0	1	293184	n/a
143.16455078125	0.3	1.0	2	293201	n/a
143.1728515625	0.3	0.0	1	293218	n/a
143.18115234375	0.3	0.0	1	293235	n/a
143.189453125	0.3	1.0	2	293252	n/a
143.19775390625	0.3	0.0	1	293269	n/a
143.2060546875	0.3	1.0	2	293286	n/a
143.21435546875	0.3	1.0	2	293303	n/a
143.22265625	0.3	0.0	1	293320	n/a
143.23095703125	0.3	0.0	1	293337	n/a
143.2392578125	0.3	1.0	2	293354	n/a
143.24755859375	0.3	0.0	1	293371	n/a
143.25634765625	0.3	1.0	2	293389	n/a
143.2646484375	0.3	0.0	1	293406	n/a
143.27294921875	0.3	1.0	2	293423	n/a
143.28125	0.3	0.0	1	293440	n/a
143.28955078125	0.3	1.0	2	293457	n/a
143.2978515625	0.3	1.0	2	293474	n/a
143.30615234375	0.3	0.0	1	293491	n/a
143.314453125	0.3	0.0	1	293508	n/a
143.32275390625	0.3	1.0	2	293525	n/a
143.3310546875	0.3	1.0	2	293542	n/a
143.33935546875	0.3	0.0	1	293559	n/a
143.34765625	0.3	1.0	2	293576	n/a
143.35595703125	0.3	0.0	1	293593	n/a
143.3642578125	0.3	0.0	1	293610	n/a
143.37255859375	0.3	1.0	2	293627	n/a
143.38134765625	0.3	0.0	1	293645	n/a
143.3896484375	0.3	1.0	2	293662	n/a
143.39794921875	0.3	0.0	1	293679	n/a
143.40625	0.3	1.0	2	293696	n/a
143.41455078125	0.3	1.0	2	293713	n/a
143.4228515625	0.3	0.0	1	293730	n/a
143.43115234375	0.3	1.0	2	293747	n/a
143.439453125	0.3	0.0	1	293764	n/a
143.44775390625	0.3	0.0	1	293781	n/a
143.4560546875	0.3	1.0	2	293798	n/a
143.46435546875	0.3	1.0	2	293815	n/a
143.47265625	0.3	0.0	1	293832	n/a
143.48095703125	0.3	1.0	2	293849	n/a
143.4892578125	0.3	0.0	1	293866	n/a
143.49755859375	0.3	1.0	2	293883	n/a
143.50634765625	0.3	0.0	1	293901	n/a
143.5146484375	0.3	0.0	1	293918	n/a
143.52294921875	0.3	1.0	2	293935	n/a
143.53125	0.3	1.0	2	293952	n/a
143.53955078125	0.3	0.0	1	293969	n/a
143.5478515625	0.3	0.0	1	293986	n/a
143.55615234375	0.3	1.0	2	294003	n/a
143.564453125	0.3	1.0	2	294020	n/a
143.57275390625	0.3	0.0	1	294037	n/a
143.5810546875	0.3	1.0	2	294054	n/a
143.58935546875	0.3	0.0	1	294071	n/a
143.59765625	0.3	0.0	1	294088	n/a
143.60595703125	0.3	1.0	2	294105	n/a
143.6142578125	0.3	0.0	1	294122	n/a
143.62255859375	0.3	1.0	2	294139	n/a
143.63134765625	0.3	1.0	2	294157	n/a
143.6396484375	0.3	0.0	1	294174	n/a
143.64794921875	0.3	0.0	1	294191	n/a
143.65625	0.3	1.0	2	294208	n/a
143.66455078125	0.3	0.0	1	294225	n/a
143.6728515625	0.3	1.0	2	294242	n/a
143.68115234375	0.3	1.0	2	294259	n/a
143.689453125	0.3	0.0	1	294276	n/a
143.69775390625	0.3	0.0	1	294293	n/a
143.7060546875	0.3	1.0	2	294310	n/a
143.71435546875	0.3	1.0	2	294327	n/a
143.72265625	0.3	0.0	1	294344	n/a
143.73095703125	0.3	1.0	2	294361	n/a
143.7392578125	0.3	0.0	1	294378	n/a
143.74755859375	0.3	0.0	1	294395	n/a
143.75634765625	0.3	1.0	2	294413	n/a
143.7646484375	0.3	0.0	1	294430	n/a
143.77294921875	0.3	1.0	2	294447	n/a
143.78125	0.3	0.0	1	294464	n/a
143.78955078125	0.3	1.0	2	294481	n/a
143.7978515625	0.3	1.0	2	294498	n/a
143.80615234375	0.3	0.0	1	294515	n/a
143.814453125	0.3	1.0	2	294532	n/a
143.82275390625	0.3	0.0	1	294549	n/a
143.8310546875	0.3	1.0	2	294566	n/a
143.83935546875	0.3	0.0	1	294583	n/a
143.84765625	0.3	1.0	2	294600	n/a
143.85595703125	0.3	0.0	1	294617	n/a
143.8642578125	0.3	0.0	1	294634	n/a
143.87255859375	0.3	1.0	2	294651	n/a
143.88134765625	0.3	0.0	1	294669	n/a
143.8896484375	0.3	1.0	2	294686	n/a
143.89794921875	0.3	1.0	2	294703	n/a
143.90625	0.3	0.0	1	294720	n/a
143.91455078125	0.3	1.0	2	294737	n/a
143.9228515625	0.3	0.0	1	294754	n/a
143.93115234375	0.3	0.0	1	294771	n/a
143.939453125	0.3	1.0	2	294788	n/a
143.94775390625	0.3	1.0	2	294805	n/a
143.9560546875	0.3	0.0	1	294822	n/a
143.96435546875	0.3	1.0	2	294839	n/a
143.97265625	0.3	0.0	1	294856	n/a
143.98095703125	0.3	0.0	1	294873	n/a
143.9892578125	0.3	1.0	2	294890	n/a
143.99755859375	0.3	0.0	1	294907	n/a
144.00634765625	0.3	1.0	2	294925	n/a
144.0146484375	0.3	1.0	2	294942	n/a
144.02294921875	0.3	0.0	1	294959	n/a
144.03125	0.3	1.0	2	294976	n/a
144.03955078125	0.3	0.0	1	294993	n/a
144.0478515625	0.3	0.0	1	295010	n/a
144.05615234375	0.3	1.0	2	295027	n/a
144.064453125	0.3	0.0	1	295044	n/a
144.07275390625	0.3	1.0	2	295061	n/a
144.0810546875	0.3	0.0	1	295078	n/a
144.08935546875	0.3	1.0	2	295095	n/a
144.09765625	0.3	1.0	2	295112	n/a
144.10595703125	0.3	0.0	1	295129	n/a
144.1142578125	0.3	0.0	1	295146	n/a
144.12255859375	0.3	1.0	2	295163	n/a
144.13134765625	0.3	0.0	1	295181	n/a
144.1396484375	0.3	1.0	2	295198	n/a
144.14794921875	0.3	0.0	1	295215	n/a
144.15625	0.3	1.0	2	295232	n/a
144.16455078125	0.3	1.0	2	295249	n/a
144.1728515625	0.3	0.0	1	295266	n/a
144.18115234375	0.3	1.0	2	295283	n/a
144.189453125	0.3	0.0	1	295300	n/a
144.19775390625	0.3	1.0	2	295317	n/a
144.2060546875	0.3	0.0	1	295334	n/a
144.21435546875	0.3	1.0	2	295351	n/a
144.22265625	0.3	0.0	1	295368	n/a
144.23095703125	0.3	0.0	1	295385	n/a
144.2392578125	0.3	1.0	2	295402	n/a
144.24755859375	0.3	0.0	1	295419	n/a
144.25634765625	0.3	1.0	2	295437	n/a
144.2646484375	0.3	1.0	2	295454	n/a
144.27294921875	0.3	0.0	1	295471	n/a
144.28125	0.3	0.0	1	295488	n/a
144.28955078125	0.3	1.0	2	295505	n/a
144.2978515625	0.3	0.0	1	295522	n/a
144.30615234375	0.3	1.0	2	295539	n/a
144.314453125	0.3	0.0	1	295556	n/a
144.32275390625	0.3	1.0	2	295573	n/a
144.3310546875	0.3	0.0	1	295590	n/a
144.33935546875	0.3	1.0	2	295607	n/a
144.34765625	0.3	1.0	2	295624	n/a
144.35595703125	0.3	0.0	1	295641	n/a
144.3642578125	0.3	0.0	1	295658	n/a
144.37255859375	0.3	1.0	2	295675	n/a
144.38134765625	0.3	1.0	2	295693	n/a
144.3896484375	0.3	0.0	1	295710	n/a
144.39794921875	0.3	1.0	2	295727	n/a
144.40625	0.3	0.0	1	295744	n/a
144.41455078125	0.3	0.0	1	295761	n/a
144.4228515625	0.3	1.0	2	295778	n/a
144.43115234375	0.3	0.0	1	295795	n/a
144.439453125	0.3	1.0	2	295812	n/a
144.44775390625	0.3	0.0	1	295829	n/a
144.4560546875	0.3	1.0	2	295846	n/a
144.46435546875	0.3	1.0	2	295863	n/a
144.47265625	0.3	0.0	1	295880	n/a
144.48095703125	0.3	1.0	2	295897	n/a
144.4892578125	0.3	0.0	1	295914	n/a
144.49755859375	0.3	0.0	1	295931	n/a
144.50634765625	0.3	1.0	2	295949	n/a
144.5146484375	0.3	1.0	2	295966	n/a
144.52294921875	0.3	0.0	1	295983	n/a
144.53125	0.3	1.0	2	296000	n/a
144.53955078125	0.3	0.0	1	296017	n/a
144.5478515625	0.3	1.0	2	296034	n/a
144.55615234375	0.3	0.0	1	296051	n/a
144.564453125	0.3	0.0	1	296068	n/a
144.57275390625	0.3	1.0	2	296085	n/a
144.5810546875	0.3	1.0	2	296102	n/a
144.58935546875	0.3	0.0	1	296119	n/a
144.59765625	0.3	0.0	1	296136	n/a
144.60595703125	0.3	1.0	2	296153	n/a
144.6142578125	0.3	1.0	2	296170	n/a
144.62255859375	0.3	0.0	1	296187	n/a
144.63134765625	0.3	1.0	2	296205	n/a
144.6396484375	0.3	0.0	1	296222	n/a
144.64794921875	0.3	0.0	1	296239	n/a
144.65625	0.3	1.0	2	296256	n/a
144.66455078125	0.3	0.0	1	296273	n/a
144.6728515625	0.3	1.0	2	296290	n/a
144.68115234375	0.3	1.0	2	296307	n/a
144.689453125	0.3	0.0	1	296324	n/a
144.69775390625	0.3	0.0	1	296341	n/a
144.7060546875	0.3	1.0	2	296358	n/a
144.71435546875	0.3	0.0	1	296375	n/a
144.72265625	0.3	1.0	2	296392	n/a
144.73095703125	0.3	1.0	2	296409	n/a
144.7392578125	0.3	0.0	1	296426	n/a
144.74755859375	0.3	0.0	1	296443	n/a
144.75634765625	0.3	1.0	2	296461	n/a
144.7646484375	0.3	1.0	2	296478	n/a
144.77294921875	0.3	0.0	1	296495	n/a
144.78125	0.3	1.0	2	296512	n/a
144.78955078125	0.3	0.0	1	296529	n/a
144.7978515625	0.3	0.0	1	296546	n/a
144.80615234375	0.3	1.0	2	296563	n/a
144.814453125	0.3	0.0	1	296580	n/a
144.82275390625	0.3	1.0	2	296597	n/a
144.8310546875	0.3	0.0	1	296614	n/a
144.83935546875	0.3	1.0	2	296631	n/a
144.84765625	0.3	1.0	2	296648	n/a
144.85595703125	0.3	0.0	1	296665	n/a
144.8642578125	0.3	1.0	2	296682	n/a
144.87255859375	0.3	0.0	1	296699	n/a
144.88134765625	0.3	1.0	2	296717	n/a
144.8896484375	0.3	0.0	1	296734	n/a
144.89794921875	0.3	1.0	2	296751	n/a
144.90625	0.3	0.0	1	296768	n/a
144.91455078125	0.3	0.0	1	296785	n/a
144.9228515625	0.3	1.0	2	296802	n/a
144.93115234375	0.3	0.0	1	296819	n/a
144.939453125	0.3	1.0	2	296836	n/a
144.94775390625	0.3	1.0	2	296853	n/a
144.9560546875	0.3	0.0	1	296870	n/a
144.96435546875	0.3	1.0	2	296887	n/a
144.97265625	0.3	0.0	1	296904	n/a
144.98095703125	0.3	0.0	1	296921	n/a
144.9892578125	0.3	1.0	2	296938	n/a
144.99755859375	0.3	1.0	2	296955	n/a
145.00634765625	0.3	0.0	1	296973	n/a
145.0146484375	0.3	1.0	2	296990	n/a
145.02294921875	0.3	0.0	1	297007	n/a
145.03125	0.3	0.0	1	297024	n/a
145.03955078125	0.3	1.0	2	297041	n/a
145.0478515625	0.3	0.0	1	297058	n/a
145.05615234375	0.3	1.0	2	297075	n/a
145.064453125	0.3	1.0	2	297092	n/a
145.07275390625	0.3	0.0	1	297109	n/a
145.0810546875	0.3	1.0	2	297126	n/a
145.08935546875	0.3	0.0	1	297143	n/a
145.09765625	0.3	0.0	1	297160	n/a
145.10595703125	0.3	1.0	2	297177	n/a
145.1142578125	0.3	0.0	1	297194	n/a
145.12255859375	0.3	1.0	2	297211	n/a
145.13134765625	0.3	0.0	1	297229	n/a
145.1396484375	0.3	1.0	2	297246	n/a
145.14794921875	0.3	1.0	2	297263	n/a
145.15625	0.3	0.0	1	297280	n/a
145.16455078125	0.3	0.0	1	297297	n/a
145.1728515625	0.3	1.0	2	297314	n/a
145.18115234375	0.3	0.0	1	297331	n/a
145.189453125	0.3	1.0	2	297348	n/a
145.19775390625	0.3	0.0	1	297365	n/a
145.2060546875	0.3	1.0	2	297382	n/a
145.21435546875	0.3	1.0	2	297399	n/a
145.22265625	0.3	0.0	1	297416	n/a
145.23095703125	0.3	1.0	2	297433	n/a
145.2392578125	0.3	0.0	1	297450	n/a
145.24755859375	0.3	1.0	2	297467	n/a
145.25634765625	0.3	0.0	1	297485	n/a
145.2646484375	0.3	1.0	2	297502	n/a
145.27294921875	0.3	0.0	1	297519	n/a
145.28125	0.3	0.0	1	297536	n/a
145.28955078125	0.3	1.0	2	297553	n/a
145.2978515625	0.3	0.0	1	297570	n/a
145.30615234375	0.3	1.0	2	297587	n/a
145.314453125	0.3	1.0	2	297604	n/a
145.32275390625	0.3	0.0	1	297621	n/a
145.3310546875	0.3	0.0	1	297638	n/a
145.33935546875	0.3	1.0	2	297655	n/a
145.34765625	0.3	0.0	1	297672	n/a
145.35595703125	0.3	1.0	2	297689	n/a
145.3642578125	0.3	0.0	1	297706	n/a
145.37255859375	0.3	1.0	2	297723	n/a
145.38134765625	0.3	0.0	1	297741	n/a
145.3896484375	0.3	1.0	2	297758	n/a
145.39794921875	0.3	1.0	2	297775	n/a
145.40625	0.3	0.0	1	297792	n/a
145.41455078125	0.3	0.0	1	297809	n/a
145.4228515625	0.3	1.0	2	297826	n/a
145.43115234375	0.3	1.0	2	297843	n/a
145.439453125	0.3	0.0	1	297860	n/a
145.44775390625	0.3	1.0	2	297877	n/a
145.4560546875	0.3	0.0	1	297894	n/a
145.46435546875	0.3	0.0	1	297911	n/a
145.47265625	0.3	1.0	2	297928	n/a
145.48095703125	0.3	0.0	1	297945	n/a
145.4892578125	0.3	1.0	2	297962	n/a
145.49755859375	0.3	0.0	1	297979	n/a
145.50634765625	0.3	1.0	2	297997	n/a
145.5146484375	0.3	1.0	2	298014	n/a
145.52294921875	0.3	0.0	1	298031	n/a
145.53125	0.3	1.0	2	298048	n/a
145.53955078125	0.3	0.0	1	298065	n/a
145.5478515625	0.3	0.0	1	298082	n/a
145.55615234375	0.3	1.0	2	298099	n/a
145.564453125	0.3	1.0	2	298116	n/a
145.57275390625	0.3	0.0	1	298133	n/a
145.5810546875	0.3	1.0	2	298150	n/a
145.58935546875	0.3	0.0	1	298167	n/a
145.59765625	0.3	1.0	2	298184	n/a
145.60595703125	0.3	0.0	1	298201	n/a
145.6142578125	0.3	0.0	1	298218	n/a
145.62255859375	0.3	1.0	2	298235	n/a
145.63134765625	0.3	1.0	2	298253	n/a
145.6396484375	0.3	0.0	1	298270	n/a
145.64794921875	0.3	0.0	1	298287	n/a
145.65625	0.3	1.0	2	298304	n/a
145.66455078125	0.3	1.0	2	298321	n/a
145.6728515625	0.3	0.0	1	298338	n/a
145.68115234375	0.3	1.0	2	298355	n/a
145.689453125	0.3	0.0	1	298372	n/a
145.69775390625	0.3	0.0	1	298389	n/a
145.7060546875	0.3	1.0	2	298406	n/a
145.71435546875	0.3	0.0	1	298423	n/a
145.72265625	0.3	1.0	2	298440	n/a
145.73095703125	0.3	1.0	2	298457	n/a
145.7392578125	0.3	0.0	1	298474	n/a
145.74755859375	0.3	0.0	1	298491	n/a
145.75634765625	0.3	1.0	2	298509	n/a
148.1318359375	0.3	0.0	1	303374	29.0
148.14013671875	0.3	1.0	2	303391	n/a
148.1484375	0.3	0.0	1	303408	n/a
148.15673828125	0.3	1.0	2	303425	n/a
148.1650390625	0.3	1.0	2	303442	n/a
148.17333984375	0.3	0.0	1	303459	n/a
148.181640625	0.3	1.0	2	303476	n/a
148.18994140625	0.3	0.0	1	303493	n/a
148.19873046875	0.3	0.0	1	303511	n/a
148.20703125	0.3	1.0	2	303528	n/a
148.21533203125	0.3	0.0	1	303545	n/a
148.2236328125	0.3	1.0	2	303562	n/a
148.23193359375	0.3	0.0	1	303579	n/a
148.240234375	0.3	1.0	2	303596	n/a
148.24853515625	0.3	1.0	2	303613	n/a
148.2568359375	0.3	0.0	1	303630	n/a
148.26513671875	0.3	0.0	1	303647	n/a
148.2734375	0.3	1.0	2	303664	n/a
148.28173828125	0.3	1.0	2	303681	n/a
148.2900390625	0.3	0.0	1	303698	n/a
148.29833984375	0.3	0.0	1	303715	n/a
148.306640625	0.3	1.0	2	303732	n/a
148.31494140625	0.3	0.0	1	303749	n/a
148.32373046875	0.3	1.0	2	303767	n/a
148.33203125	0.3	0.0	1	303784	n/a
148.34033203125	0.3	1.0	2	303801	n/a
148.3486328125	0.3	0.0	1	303818	n/a
148.35693359375	0.3	1.0	2	303835	n/a
148.365234375	0.3	1.0	2	303852	n/a
148.37353515625	0.3	0.0	1	303869	n/a
148.3818359375	0.3	0.0	1	303886	n/a
148.39013671875	0.3	1.0	2	303903	n/a
148.3984375	0.3	0.0	1	303920	n/a
148.40673828125	0.3	1.0	2	303937	n/a
148.4150390625	0.3	1.0	2	303954	n/a
148.42333984375	0.3	0.0	1	303971	n/a
148.431640625	0.3	0.0	1	303988	n/a
148.43994140625	0.3	1.0	2	304005	n/a
148.44873046875	0.3	0.0	1	304023	n/a
148.45703125	0.3	1.0	2	304040	n/a
148.46533203125	0.3	0.0	1	304057	n/a
148.4736328125	0.3	1.0	2	304074	n/a
148.48193359375	0.3	1.0	2	304091	n/a
148.490234375	0.3	0.0	1	304108	n/a
148.49853515625	0.3	1.0	2	304125	n/a
148.5068359375	0.3	0.0	1	304142	n/a
148.51513671875	0.3	1.0	2	304159	n/a
148.5234375	0.3	0.0	1	304176	n/a
148.53173828125	0.3	1.0	2	304193	n/a
148.5400390625	0.3	0.0	1	304210	n/a
148.54833984375	0.3	1.0	2	304227	n/a
148.556640625	0.3	0.0	1	304244	n/a
148.56494140625	0.3	1.0	2	304261	n/a
148.57373046875	0.3	0.0	1	304279	n/a
148.58203125	0.3	0.0	1	304296	n/a
148.59033203125	0.3	1.0	2	304313	n/a
148.5986328125	0.3	0.0	1	304330	n/a
148.60693359375	0.3	1.0	2	304347	n/a
148.615234375	0.3	0.0	1	304364	n/a
148.62353515625	0.3	1.0	2	304381	n/a
148.6318359375	0.3	1.0	2	304398	n/a
148.64013671875	0.3	0.0	1	304415	n/a
148.6484375	0.3	0.0	1	304432	n/a
148.65673828125	0.3	1.0	2	304449	n/a
148.6650390625	0.3	1.0	2	304466	n/a
148.67333984375	0.3	0.0	1	304483	n/a
148.681640625	0.3	0.0	1	304500	n/a
148.68994140625	0.3	1.0	2	304517	n/a
148.69873046875	0.3	1.0	2	304535	n/a
148.70703125	0.3	0.0	1	304552	n/a
148.71533203125	0.3	1.0	2	304569	n/a
148.7236328125	0.3	0.0	1	304586	n/a
148.73193359375	0.3	0.0	1	304603	n/a
148.740234375	0.3	1.0	2	304620	n/a
148.74853515625	0.3	1.0	2	304637	n/a
148.7568359375	0.3	0.0	1	304654	n/a
148.76513671875	0.3	1.0	2	304671	n/a
148.7734375	0.3	0.0	1	304688	n/a
148.78173828125	0.3	0.0	1	304705	n/a
148.7900390625	0.3	1.0	2	304722	n/a
148.79833984375	0.3	0.0	1	304739	n/a
148.806640625	0.3	1.0	2	304756	n/a
148.81494140625	0.3	0.0	1	304773	n/a
148.82373046875	0.3	1.0	2	304791	n/a
148.83203125	0.3	0.0	1	304808	n/a
148.84033203125	0.3	1.0	2	304825	n/a
148.8486328125	0.3	0.0	1	304842	n/a
148.85693359375	0.3	1.0	2	304859	n/a
148.865234375	0.3	1.0	2	304876	n/a
148.87353515625	0.3	0.0	1	304893	n/a
148.8818359375	0.3	1.0	2	304910	n/a
148.89013671875	0.3	0.0	1	304927	n/a
148.8984375	0.3	0.0	1	304944	n/a
148.90673828125	0.3	1.0	2	304961	n/a
148.9150390625	0.3	0.0	1	304978	n/a
148.92333984375	0.3	1.0	2	304995	n/a
148.931640625	0.3	1.0	2	305012	n/a
148.93994140625	0.3	0.0	1	305029	n/a
148.94873046875	0.3	0.0	1	305047	n/a
148.95703125	0.3	1.0	2	305064	n/a
148.96533203125	0.3	1.0	2	305081	n/a
148.9736328125	0.3	0.0	1	305098	n/a
148.98193359375	0.3	1.0	2	305115	n/a
148.990234375	0.3	0.0	1	305132	n/a
148.99853515625	0.3	1.0	2	305149	n/a
149.0068359375	0.3	0.0	1	305166	n/a
149.01513671875	0.3	0.0	1	305183	n/a
149.0234375	0.3	1.0	2	305200	n/a
149.03173828125	0.3	1.0	2	305217	n/a
149.0400390625	0.3	0.0	1	305234	n/a
149.04833984375	0.3	0.0	1	305251	n/a
149.056640625	0.3	1.0	2	305268	n/a
149.06494140625	0.3	1.0	2	305285	n/a
149.07373046875	0.3	0.0	1	305303	n/a
149.08203125	0.3	1.0	2	305320	n/a
149.09033203125	0.3	0.0	1	305337	n/a
149.0986328125	0.3	0.0	1	305354	n/a
149.10693359375	0.3	1.0	2	305371	n/a
149.115234375	0.3	1.0	2	305388	n/a
149.12353515625	0.3	0.0	1	305405	n/a
149.1318359375	0.3	1.0	2	305422	n/a
149.14013671875	0.3	0.0	1	305439	n/a
149.1484375	0.3	1.0	2	305456	n/a
149.15673828125	0.3	0.0	1	305473	n/a
149.1650390625	0.3	1.0	2	305490	n/a
149.17333984375	0.3	0.0	1	305507	n/a
149.181640625	0.3	0.0	1	305524	n/a
149.18994140625	0.3	1.0	2	305541	n/a
149.19873046875	0.3	0.0	1	305559	n/a
149.20703125	0.3	1.0	2	305576	n/a
149.21533203125	0.3	1.0	2	305593	n/a
149.2236328125	0.3	0.0	1	305610	n/a
149.23193359375	0.3	1.0	2	305627	n/a
149.240234375	0.3	0.0	1	305644	n/a
149.24853515625	0.3	0.0	1	305661	n/a
149.2568359375	0.3	1.0	2	305678	n/a
149.26513671875	0.3	0.0	1	305695	n/a
149.2734375	0.3	1.0	2	305712	n/a
149.28173828125	0.3	0.0	1	305729	n/a
149.2900390625	0.3	1.0	2	305746	n/a
149.29833984375	0.3	1.0	2	305763	n/a
149.306640625	0.3	0.0	1	305780	n/a
149.31494140625	0.3	0.0	1	305797	n/a
149.32373046875	0.3	1.0	2	305815	n/a
149.33203125	0.3	1.0	2	305832	n/a
149.34033203125	0.3	0.0	1	305849	n/a
149.3486328125	0.3	0.0	1	305866	n/a
149.35693359375	0.3	1.0	2	305883	n/a
149.365234375	0.3	0.0	1	305900	n/a
149.37353515625	0.3	1.0	2	305917	n/a
149.3818359375	0.3	0.0	1	305934	n/a
149.39013671875	0.3	1.0	2	305951	n/a
149.3984375	0.3	0.0	1	305968	n/a
149.40673828125	0.3	1.0	2	305985	n/a
149.4150390625	0.3	1.0	2	306002	n/a
149.42333984375	0.3	0.0	1	306019	n/a
149.431640625	0.3	0.0	1	306036	n/a
149.43994140625	0.3	1.0	2	306053	n/a
149.44873046875	0.3	0.0	1	306071	n/a
149.45703125	0.3	1.0	2	306088	n/a
149.46533203125	0.3	1.0	2	306105	n/a
149.4736328125	0.3	0.0	1	306122	n/a
149.48193359375	0.3	0.0	1	306139	n/a
149.490234375	0.3	1.0	2	306156	n/a
149.49853515625	0.3	0.0	1	306173	n/a
149.5068359375	0.3	1.0	2	306190	n/a
149.51513671875	0.3	0.0	1	306207	n/a
149.5234375	0.3	1.0	2	306224	n/a
149.53173828125	0.3	1.0	2	306241	n/a
149.5400390625	0.3	0.0	1	306258	n/a
149.54833984375	0.3	1.0	2	306275	n/a
149.556640625	0.3	0.0	1	306292	n/a
149.56494140625	0.3	1.0	2	306309	n/a
149.57373046875	0.3	0.0	1	306327	n/a
149.58203125	0.3	1.0	2	306344	n/a
149.59033203125	0.3	0.0	1	306361	n/a
149.5986328125	0.3	1.0	2	306378	n/a
149.60693359375	0.3	0.0	1	306395	n/a
149.615234375	0.3	1.0	2	306412	n/a
149.62353515625	0.3	0.0	1	306429	n/a
149.6318359375	0.3	0.0	1	306446	n/a
149.64013671875	0.3	1.0	2	306463	n/a
149.6484375	0.3	0.0	1	306480	n/a
149.65673828125	0.3	1.0	2	306497	n/a
149.6650390625	0.3	0.0	1	306514	n/a
149.67333984375	0.3	1.0	2	306531	n/a
149.681640625	0.3	1.0	2	306548	n/a
149.68994140625	0.3	0.0	1	306565	n/a
149.69873046875	0.3	0.0	1	306583	n/a
149.70703125	0.3	1.0	2	306600	n/a
149.71533203125	0.3	1.0	2	306617	n/a
149.7236328125	0.3	0.0	1	306634	n/a
149.73193359375	0.3	0.0	1	306651	n/a
149.740234375	0.3	1.0	2	306668	n/a
149.74853515625	0.3	1.0	2	306685	n/a
149.7568359375	0.3	0.0	1	306702	n/a
149.76513671875	0.3	1.0	2	306719	n/a
149.7734375	0.3	0.0	1	306736	n/a
149.78173828125	0.3	0.0	1	306753	n/a
149.7900390625	0.3	1.0	2	306770	n/a
149.79833984375	0.3	1.0	2	306787	n/a
149.806640625	0.3	0.0	1	306804	n/a
149.81494140625	0.3	1.0	2	306821	n/a
149.82373046875	0.3	0.0	1	306839	n/a
149.83203125	0.3	0.0	1	306856	n/a
149.84033203125	0.3	1.0	2	306873	n/a
149.8486328125	0.3	0.0	1	306890	n/a
149.85693359375	0.3	1.0	2	306907	n/a
149.865234375	0.3	0.0	1	306924	n/a
149.87353515625	0.3	1.0	2	306941	n/a
149.8818359375	0.3	0.0	1	306958	n/a
149.89013671875	0.3	1.0	2	306975	n/a
149.8984375	0.3	0.0	1	306992	n/a
149.90673828125	0.3	1.0	2	307009	n/a
149.9150390625	0.3	1.0	2	307026	n/a
149.92333984375	0.3	0.0	1	307043	n/a
149.931640625	0.3	1.0	2	307060	n/a
149.93994140625	0.3	0.0	1	307077	n/a
149.94873046875	0.3	0.0	1	307095	n/a
149.95703125	0.3	1.0	2	307112	n/a
149.96533203125	0.3	0.0	1	307129	n/a
149.9736328125	0.3	1.0	2	307146	n/a
149.98193359375	0.3	1.0	2	307163	n/a
149.990234375	0.3	0.0	1	307180	n/a
149.99853515625	0.3	0.0	1	307197	n/a
150.0068359375	0.3	1.0	2	307214	n/a
150.01513671875	0.3	1.0	2	307231	n/a
150.0234375	0.3	0.0	1	307248	n/a
150.03173828125	0.3	1.0	2	307265	n/a
150.0400390625	0.3	0.0	1	307282	n/a
150.04833984375	0.3	1.0	2	307299	n/a
150.056640625	0.3	0.0	1	307316	n/a
150.06494140625	0.3	0.0	1	307333	n/a
150.07373046875	0.3	1.0	2	307351	n/a
150.08203125	0.3	1.0	2	307368	n/a
150.09033203125	0.3	0.0	1	307385	n/a
150.0986328125	0.3	0.0	1	307402	n/a
150.10693359375	0.3	1.0	2	307419	n/a
150.115234375	0.3	1.0	2	307436	n/a
150.12353515625	0.3	0.0	1	307453	n/a
150.1318359375	0.3	1.0	2	307470	n/a
150.14013671875	0.3	0.0	1	307487	n/a
150.1484375	0.3	0.0	1	307504	n/a
150.15673828125	0.3	1.0	2	307521	n/a
150.1650390625	0.3	1.0	2	307538	n/a
150.17333984375	0.3	0.0	1	307555	n/a
150.181640625	0.3	1.0	2	307572	n/a
150.18994140625	0.3	0.0	1	307589	n/a
150.19873046875	0.3	1.0	2	307607	n/a
150.20703125	0.3	0.0	1	307624	n/a
150.21533203125	0.3	1.0	2	307641	n/a
150.2236328125	0.3	0.0	1	307658	n/a
150.23193359375	0.3	0.0	1	307675	n/a
150.240234375	0.3	1.0	2	307692	n/a
150.24853515625	0.3	0.0	1	307709	n/a
150.2568359375	0.3	1.0	2	307726	n/a
150.26513671875	0.3	1.0	2	307743	n/a
150.2734375	0.3	0.0	1	307760	n/a
150.28173828125	0.3	1.0	2	307777	n/a
150.2900390625	0.3	0.0	1	307794	n/a
150.29833984375	0.3	0.0	1	307811	n/a
150.306640625	0.3	1.0	2	307828	n/a
150.31494140625	0.3	0.0	1	307845	n/a
150.32373046875	0.3	1.0	2	307863	n/a
150.33203125	0.3	0.0	1	307880	n/a
150.34033203125	0.3	1.0	2	307897	n/a
150.3486328125	0.3	1.0	2	307914	n/a
150.35693359375	0.3	0.0	1	307931	n/a
150.365234375	0.3	0.0	1	307948	n/a
150.37353515625	0.3	1.0	2	307965	n/a
150.3818359375	0.3	1.0	2	307982	n/a
150.39013671875	0.3	0.0	1	307999	n/a
150.3984375	0.3	0.0	1	308016	n/a
150.40673828125	0.3	1.0	2	308033	n/a
150.4150390625	0.3	0.0	1	308050	n/a
150.42333984375	0.3	1.0	2	308067	n/a
150.431640625	0.3	0.0	1	308084	n/a
150.43994140625	0.3	1.0	2	308101	n/a
150.44873046875	0.3	0.0	1	308119	n/a
150.45703125	0.3	1.0	2	308136	n/a
150.46533203125	0.3	1.0	2	308153	n/a
150.4736328125	0.3	0.0	1	308170	n/a
150.48193359375	0.3	0.0	1	308187	n/a
150.490234375	0.3	1.0	2	308204	n/a
150.49853515625	0.3	0.0	1	308221	n/a
150.5068359375	0.3	1.0	2	308238	n/a
150.51513671875	0.3	1.0	2	308255	n/a
150.5234375	0.3	0.0	1	308272	n/a
150.53173828125	0.3	0.0	1	308289	n/a
150.5400390625	0.3	1.0	2	308306	n/a
150.54833984375	0.3	0.0	1	308323	n/a
150.556640625	0.3	1.0	2	308340	n/a
150.56494140625	0.3	0.0	1	308357	n/a
150.57373046875	0.3	1.0	2	308375	n/a
150.58203125	0.3	1.0	2	308392	n/a
150.59033203125	0.3	0.0	1	308409	n/a
150.5986328125	0.3	1.0	2	308426	n/a
150.60693359375	0.3	0.0	1	308443	n/a
150.615234375	0.3	1.0	2	308460	n/a
150.62353515625	0.3	0.0	1	308477	n/a
150.6318359375	0.3	1.0	2	308494	n/a
150.64013671875	0.3	0.0	1	308511	n/a
150.6484375	0.3	1.0	2	308528	n/a
150.65673828125	0.3	0.0	1	308545	n/a
150.6650390625	0.3	1.0	2	308562	n/a
150.67333984375	0.3	0.0	1	308579	n/a
150.681640625	0.3	0.0	1	308596	n/a
150.68994140625	0.3	1.0	2	308613	n/a
150.69873046875	0.3	0.0	1	308631	n/a
150.70703125	0.3	1.0	2	308648	n/a
150.71533203125	0.3	0.0	1	308665	n/a
150.7236328125	0.3	1.0	2	308682	n/a
150.73193359375	0.3	1.0	2	308699	n/a
150.740234375	0.3	0.0	1	308716	n/a
150.74853515625	0.3	0.0	1	308733	n/a
150.7568359375	0.3	1.0	2	308750	n/a
150.76513671875	0.3	1.0	2	308767	n/a
150.7734375	0.3	0.0	1	308784	n/a
150.78173828125	0.3	0.0	1	308801	n/a
150.7900390625	0.3	1.0	2	308818	n/a
150.79833984375	0.3	1.0	2	308835	n/a
150.806640625	0.3	0.0	1	308852	n/a
150.81494140625	0.3	1.0	2	308869	n/a
150.82373046875	0.3	0.0	1	308887	n/a
150.83203125	0.3	0.0	1	308904	n/a
150.84033203125	0.3	1.0	2	308921	n/a
150.8486328125	0.3	1.0	2	308938	n/a
150.85693359375	0.3	0.0	1	308955	n/a
150.865234375	0.3	1.0	2	308972	n/a
150.87353515625	0.3	0.0	1	308989	n/a
150.8818359375	0.3	0.0	1	309006	n/a
150.89013671875	0.3	1.0	2	309023	n/a
150.8984375	0.3	0.0	1	309040	n/a
150.90673828125	0.3	1.0	2	309057	n/a
150.9150390625	0.3	0.0	1	309074	n/a
150.92333984375	0.3	1.0	2	309091	n/a
150.931640625	0.3	0.0	1	309108	n/a
150.93994140625	0.3	1.0	2	309125	n/a
150.94873046875	0.3	0.0	1	309143	n/a
150.95703125	0.3	1.0	2	309160	n/a
150.96533203125	0.3	1.0	2	309177	n/a
150.9736328125	0.3	0.0	1	309194	n/a
150.98193359375	0.3	1.0	2	309211	n/a
150.990234375	0.3	0.0	1	309228	n/a
150.99853515625	0.3	0.0	1	309245	n/a
151.0068359375	0.3	1.0	2	309262	n/a
151.01513671875	0.3	0.0	1	309279	n/a
151.0234375	0.3	1.0	2	309296	n/a
151.03173828125	0.3	1.0	2	309313	n/a
151.0400390625	0.3	0.0	1	309330	n/a
151.04833984375	0.3	0.0	1	309347	n/a
151.056640625	0.3	1.0	2	309364	n/a
151.06494140625	0.3	1.0	2	309381	n/a
151.07373046875	0.3	0.0	1	309399	n/a
151.08203125	0.3	1.0	2	309416	n/a
151.09033203125	0.3	0.0	1	309433	n/a
151.0986328125	0.3	1.0	2	309450	n/a
151.10693359375	0.3	0.0	1	309467	n/a
151.115234375	0.3	0.0	1	309484	n/a
151.12353515625	0.3	1.0	2	309501	n/a
151.1318359375	0.3	1.0	2	309518	n/a
151.14013671875	0.3	0.0	1	309535	n/a
151.1484375	0.3	0.0	1	309552	n/a
151.15673828125	0.3	1.0	2	309569	n/a
151.1650390625	0.3	1.0	2	309586	n/a
151.17333984375	0.3	0.0	1	309603	n/a
151.181640625	0.3	1.0	2	309620	n/a
151.18994140625	0.3	0.0	1	309637	n/a
151.19873046875	0.3	0.0	1	309655	n/a
151.20703125	0.3	1.0	2	309672	n/a
151.21533203125	0.3	1.0	2	309689	n/a
151.2236328125	0.3	0.0	1	309706	n/a
151.23193359375	0.3	1.0	2	309723	n/a
151.240234375	0.3	0.0	1	309740	n/a
151.24853515625	0.3	1.0	2	309757	n/a
151.2568359375	0.3	0.0	1	309774	n/a
151.26513671875	0.3	1.0	2	309791	n/a
151.2734375	0.3	0.0	1	309808	n/a
151.28173828125	0.3	0.0	1	309825	n/a
151.2900390625	0.3	1.0	2	309842	n/a
151.29833984375	0.3	0.0	1	309859	n/a
151.306640625	0.3	1.0	2	309876	n/a
151.31494140625	0.3	1.0	2	309893	n/a
151.32373046875	0.3	0.0	1	309911	n/a
151.33203125	0.3	1.0	2	309928	n/a
151.34033203125	0.3	0.0	1	309945	n/a
151.3486328125	0.3	0.0	1	309962	n/a
151.35693359375	0.3	1.0	2	309979	n/a
151.365234375	0.3	0.0	1	309996	n/a
151.37353515625	0.3	1.0	2	310013	n/a
151.3818359375	0.3	0.0	1	310030	n/a
151.39013671875	0.3	1.0	2	310047	n/a
151.3984375	0.3	1.0	2	310064	n/a
151.40673828125	0.3	0.0	1	310081	n/a
151.4150390625	0.3	0.0	1	310098	n/a
151.42333984375	0.3	1.0	2	310115	n/a
151.431640625	0.3	1.0	2	310132	n/a
151.43994140625	0.3	0.0	1	310149	n/a
151.44873046875	0.3	0.0	1	310167	n/a
151.45703125	0.3	1.0	2	310184	n/a
151.46533203125	0.3	0.0	1	310201	n/a
151.4736328125	0.3	1.0	2	310218	n/a
151.48193359375	0.3	0.0	1	310235	n/a
151.490234375	0.3	1.0	2	310252	n/a
151.49853515625	0.3	0.0	1	310269	n/a
151.5068359375	0.3	1.0	2	310286	n/a
151.51513671875	0.3	1.0	2	310303	n/a
151.5234375	0.3	0.0	1	310320	n/a
151.53173828125	0.3	0.0	1	310337	n/a
151.5400390625	0.3	1.0	2	310354	n/a
151.54833984375	0.3	0.0	1	310371	n/a
151.556640625	0.3	1.0	2	310388	n/a
151.56494140625	0.3	1.0	2	310405	n/a
151.57373046875	0.3	0.0	1	310423	n/a
151.58203125	0.3	0.0	1	310440	n/a
151.59033203125	0.3	1.0	2	310457	n/a
151.5986328125	0.3	0.0	1	310474	n/a
151.60693359375	0.3	1.0	2	310491	n/a
151.615234375	0.3	0.0	1	310508	n/a
151.62353515625	0.3	1.0	2	310525	n/a
151.6318359375	0.3	1.0	2	310542	n/a
151.64013671875	0.3	0.0	1	310559	n/a
151.6484375	0.3	1.0	2	310576	n/a
151.65673828125	0.3	0.0	1	310593	n/a
151.6650390625	0.3	1.0	2	310610	n/a
151.67333984375	0.3	0.0	1	310627	n/a
151.681640625	0.3	1.0	2	310644	n/a
151.68994140625	0.3	0.0	1	310661	n/a
151.69873046875	0.3	1.0	2	310679	n/a
151.70703125	0.3	0.0	1	310696	n/a
151.71533203125	0.3	1.0	2	310713	n/a
151.7236328125	0.3	0.0	1	310730	n/a
151.73193359375	0.3	0.0	1	310747	n/a
151.740234375	0.3	1.0	2	310764	n/a
151.74853515625	0.3	0.0	1	310781	n/a
151.7568359375	0.3	1.0	2	310798	n/a
151.76513671875	0.3	0.0	1	310815	n/a
151.7734375	0.3	1.0	2	310832	n/a
151.78173828125	0.3	1.0	2	310849	n/a
151.7900390625	0.3	0.0	1	310866	n/a
151.79833984375	0.3	0.0	1	310883	n/a
151.806640625	0.3	1.0	2	310900	n/a
151.81494140625	0.3	1.0	2	310917	n/a
151.82373046875	0.3	0.0	1	310935	n/a
151.83203125	0.3	0.0	1	310952	n/a
151.84033203125	0.3	1.0	2	310969	n/a
151.8486328125	0.3	1.0	2	310986	n/a
151.85693359375	0.3	0.0	1	311003	n/a
151.865234375	0.3	1.0	2	311020	n/a
151.87353515625	0.3	0.0	1	311037	n/a
151.8818359375	0.3	0.0	1	311054	n/a
151.89013671875	0.3	1.0	2	311071	n/a
151.8984375	0.3	1.0	2	311088	n/a
151.90673828125	0.3	0.0	1	311105	n/a
151.9150390625	0.3	1.0	2	311122	n/a
151.92333984375	0.3	0.0	1	311139	n/a
151.931640625	0.3	0.0	1	311156	n/a
151.93994140625	0.3	1.0	2	311173	n/a
151.94873046875	0.3	0.0	1	311191	n/a
151.95703125	0.3	1.0	2	311208	n/a
151.96533203125	0.3	0.0	1	311225	n/a
151.9736328125	0.3	1.0	2	311242	n/a
151.98193359375	0.3	0.0	1	311259	n/a
151.990234375	0.3	1.0	2	311276	n/a
151.99853515625	0.3	0.0	1	311293	n/a
152.0068359375	0.3	1.0	2	311310	n/a
152.01513671875	0.3	1.0	2	311327	n/a
152.0234375	0.3	0.0	1	311344	n/a
152.03173828125	0.3	1.0	2	311361	n/a
152.0400390625	0.3	0.0	1	311378	n/a
152.04833984375	0.3	0.0	1	311395	n/a
152.056640625	0.3	1.0	2	311412	n/a
152.06494140625	0.3	0.0	1	311429	n/a
152.07373046875	0.3	1.0	2	311447	n/a
152.08203125	0.3	1.0	2	311464	n/a
152.09033203125	0.3	0.0	1	311481	n/a
152.0986328125	0.3	0.0	1	311498	n/a
152.10693359375	0.3	1.0	2	311515	n/a
152.115234375	0.3	1.0	2	311532	n/a
152.12353515625	0.3	0.0	1	311549	n/a
152.1318359375	0.3	1.0	2	311566	n/a
152.14013671875	0.3	0.0	1	311583	n/a
152.1484375	0.3	1.0	2	311600	n/a
152.15673828125	0.3	0.0	1	311617	n/a
152.1650390625	0.3	0.0	1	311634	n/a
152.17333984375	0.3	1.0	2	311651	n/a
152.181640625	0.3	1.0	2	311668	n/a
152.18994140625	0.3	0.0	1	311685	n/a
152.19873046875	0.3	0.0	1	311703	n/a
152.20703125	0.3	1.0	2	311720	n/a
152.21533203125	0.3	1.0	2	311737	n/a
152.2236328125	0.3	0.0	1	311754	n/a
152.23193359375	0.3	1.0	2	311771	n/a
152.240234375	0.3	0.0	1	311788	n/a
152.24853515625	0.3	0.0	1	311805	n/a
152.2568359375	0.3	1.0	2	311822	n/a
152.26513671875	0.3	1.0	2	311839	n/a
152.2734375	0.3	0.0	1	311856	n/a
152.28173828125	0.3	1.0	2	311873	n/a
152.2900390625	0.3	0.0	1	311890	n/a
152.29833984375	0.3	1.0	2	311907	n/a
152.306640625	0.3	0.0	1	311924	n/a
152.31494140625	0.3	1.0	2	311941	n/a
152.32373046875	0.3	0.0	1	311959	n/a
154.69921875	0.3	1.0	2	316824	10.0
154.70751953125	0.3	0.0	1	316841	n/a
154.7158203125	0.3	1.0	2	316858	n/a
154.72412109375	0.3	0.0	1	316875	n/a
154.732421875	0.3	0.0	1	316892	n/a
154.74072265625	0.3	1.0	2	316909	n/a
154.7490234375	0.3	1.0	2	316926	n/a
154.75732421875	0.3	0.0	1	316943	n/a
154.76611328125	0.3	0.0	1	316961	n/a
154.7744140625	0.3	1.0	2	316978	n/a
154.78271484375	0.3	1.0	2	316995	n/a
154.791015625	0.3	0.0	1	317012	n/a
154.79931640625	0.3	0.0	1	317029	n/a
154.8076171875	0.3	1.0	2	317046	n/a
154.81591796875	0.3	0.0	1	317063	n/a
154.82421875	0.3	1.0	2	317080	n/a
154.83251953125	0.3	0.0	1	317097	n/a
154.8408203125	0.3	1.0	2	317114	n/a
154.84912109375	0.3	0.0	1	317131	n/a
154.857421875	0.3	1.0	2	317148	n/a
154.86572265625	0.3	0.0	1	317165	n/a
154.8740234375	0.3	1.0	2	317182	n/a
154.88232421875	0.3	0.0	1	317199	n/a
154.89111328125	0.3	1.0	2	317217	n/a
154.8994140625	0.3	0.0	1	317234	n/a
154.90771484375	0.3	1.0	2	317251	n/a
154.916015625	0.3	1.0	2	317268	n/a
154.92431640625	0.3	0.0	1	317285	n/a
154.9326171875	0.3	0.0	1	317302	n/a
154.94091796875	0.3	1.0	2	317319	n/a
154.94921875	0.3	0.0	1	317336	n/a
154.95751953125	0.3	1.0	2	317353	n/a
154.9658203125	0.3	0.0	1	317370	n/a
154.97412109375	0.3	1.0	2	317387	n/a
154.982421875	0.3	0.0	1	317404	n/a
154.99072265625	0.3	1.0	2	317421	n/a
154.9990234375	0.3	1.0	2	317438	n/a
155.00732421875	0.3	0.0	1	317455	n/a
155.01611328125	0.3	1.0	2	317473	n/a
155.0244140625	0.3	0.0	1	317490	n/a
155.03271484375	0.3	1.0	2	317507	n/a
155.041015625	0.3	0.0	1	317524	n/a
155.04931640625	0.3	1.0	2	317541	n/a
155.0576171875	0.3	0.0	1	317558	n/a
155.06591796875	0.3	0.0	1	317575	n/a
155.07421875	0.3	1.0	2	317592	n/a
155.08251953125	0.3	0.0	1	317609	n/a
155.0908203125	0.3	1.0	2	317626	n/a
155.09912109375	0.3	0.0	1	317643	n/a
155.107421875	0.3	1.0	2	317660	n/a
155.11572265625	0.3	1.0	2	317677	n/a
155.1240234375	0.3	0.0	1	317694	n/a
155.13232421875	0.3	0.0	1	317711	n/a
155.14111328125	0.3	1.0	2	317729	n/a
155.1494140625	0.3	0.0	1	317746	n/a
155.15771484375	0.3	1.0	2	317763	n/a
155.166015625	0.3	1.0	2	317780	n/a
155.17431640625	0.3	0.0	1	317797	n/a
155.1826171875	0.3	1.0	2	317814	n/a
155.19091796875	0.3	0.0	1	317831	n/a
155.19921875	0.3	1.0	2	317848	n/a
155.20751953125	0.3	0.0	1	317865	n/a
155.2158203125	0.3	1.0	2	317882	n/a
155.22412109375	0.3	0.0	1	317899	n/a
155.232421875	0.3	1.0	2	317916	n/a
155.24072265625	0.3	0.0	1	317933	n/a
155.2490234375	0.3	0.0	1	317950	n/a
155.25732421875	0.3	1.0	2	317967	n/a
155.26611328125	0.3	0.0	1	317985	n/a
155.2744140625	0.3	1.0	2	318002	n/a
155.28271484375	0.3	0.0	1	318019	n/a
155.291015625	0.3	1.0	2	318036	n/a
155.29931640625	0.3	0.0	1	318053	n/a
155.3076171875	0.3	1.0	2	318070	n/a
155.31591796875	0.3	0.0	1	318087	n/a
155.32421875	0.3	1.0	2	318104	n/a
155.33251953125	0.3	0.0	1	318121	n/a
155.3408203125	0.3	1.0	2	318138	n/a
155.34912109375	0.3	0.0	1	318155	n/a
155.357421875	0.3	1.0	2	318172	n/a
155.36572265625	0.3	0.0	1	318189	n/a
155.3740234375	0.3	1.0	2	318206	n/a
155.38232421875	0.3	0.0	1	318223	n/a
155.39111328125	0.3	1.0	2	318241	n/a
155.3994140625	0.3	1.0	2	318258	n/a
155.40771484375	0.3	0.0	1	318275	n/a
155.416015625	0.3	0.0	1	318292	n/a
155.42431640625	0.3	1.0	2	318309	n/a
155.4326171875	0.3	1.0	2	318326	n/a
155.44091796875	0.3	0.0	1	318343	n/a
155.44921875	0.3	0.0	1	318360	n/a
155.45751953125	0.3	1.0	2	318377	n/a
155.4658203125	0.3	0.0	1	318394	n/a
155.47412109375	0.3	1.0	2	318411	n/a
155.482421875	0.3	0.0	1	318428	n/a
155.49072265625	0.3	1.0	2	318445	n/a
155.4990234375	0.3	1.0	2	318462	n/a
155.50732421875	0.3	0.0	1	318479	n/a
155.51611328125	0.3	0.0	1	318497	n/a
155.5244140625	0.3	1.0	2	318514	n/a
155.53271484375	0.3	0.0	1	318531	n/a
155.541015625	0.3	1.0	2	318548	n/a
155.54931640625	0.3	0.0	1	318565	n/a
155.5576171875	0.3	1.0	2	318582	n/a
155.56591796875	0.3	0.0	1	318599	n/a
155.57421875	0.3	1.0	2	318616	n/a
155.58251953125	0.3	0.0	1	318633	n/a
155.5908203125	0.3	1.0	2	318650	n/a
155.59912109375	0.3	1.0	2	318667	n/a
155.607421875	0.3	0.0	1	318684	n/a
155.61572265625	0.3	0.0	1	318701	n/a
155.6240234375	0.3	1.0	2	318718	n/a
155.63232421875	0.3	1.0	2	318735	n/a
155.64111328125	0.3	0.0	1	318753	n/a
155.6494140625	0.3	1.0	2	318770	n/a
155.65771484375	0.3	0.0	1	318787	n/a
155.666015625	0.3	1.0	2	318804	n/a
155.67431640625	0.3	0.0	1	318821	n/a
155.6826171875	0.3	1.0	2	318838	n/a
155.69091796875	0.3	0.0	1	318855	n/a
155.69921875	0.3	0.0	1	318872	n/a
155.70751953125	0.3	1.0	2	318889	n/a
155.7158203125	0.3	0.0	1	318906	n/a
155.72412109375	0.3	1.0	2	318923	n/a
155.732421875	0.3	0.0	1	318940	n/a
155.74072265625	0.3	1.0	2	318957	n/a
155.7490234375	0.3	1.0	2	318974	n/a
155.75732421875	0.3	0.0	1	318991	n/a
155.76611328125	0.3	1.0	2	319009	n/a
155.7744140625	0.3	0.0	1	319026	n/a
155.78271484375	0.3	0.0	1	319043	n/a
155.791015625	0.3	1.0	2	319060	n/a
155.79931640625	0.3	1.0	2	319077	n/a
155.8076171875	0.3	0.0	1	319094	n/a
155.81591796875	0.3	0.0	1	319111	n/a
155.82421875	0.3	1.0	2	319128	n/a
155.83251953125	0.3	1.0	2	319145	n/a
155.8408203125	0.3	0.0	1	319162	n/a
155.84912109375	0.3	0.0	1	319179	n/a
155.857421875	0.3	1.0	2	319196	n/a
155.86572265625	0.3	0.0	1	319213	n/a
155.8740234375	0.3	1.0	2	319230	n/a
155.88232421875	0.3	0.0	1	319247	n/a
155.89111328125	0.3	1.0	2	319265	n/a
155.8994140625	0.3	0.0	1	319282	n/a
155.90771484375	0.3	1.0	2	319299	n/a
155.916015625	0.3	0.0	1	319316	n/a
155.92431640625	0.3	1.0	2	319333	n/a
155.9326171875	0.3	0.0	1	319350	n/a
155.94091796875	0.3	1.0	2	319367	n/a
155.94921875	0.3	0.0	1	319384	n/a
155.95751953125	0.3	1.0	2	319401	n/a
155.9658203125	0.3	1.0	2	319418	n/a
155.97412109375	0.3	0.0	1	319435	n/a
155.982421875	0.3	0.0	1	319452	n/a
155.99072265625	0.3	1.0	2	319469	n/a
155.9990234375	0.3	0.0	1	319486	n/a
156.00732421875	0.3	1.0	2	319503	n/a
156.01611328125	0.3	0.0	1	319521	n/a
156.0244140625	0.3	1.0	2	319538	n/a
156.03271484375	0.3	0.0	1	319555	n/a
156.041015625	0.3	1.0	2	319572	n/a
156.04931640625	0.3	1.0	2	319589	n/a
156.0576171875	0.3	0.0	1	319606	n/a
156.06591796875	0.3	1.0	2	319623	n/a
156.07421875	0.3	0.0	1	319640	n/a
156.08251953125	0.3	1.0	2	319657	n/a
156.0908203125	0.3	0.0	1	319674	n/a
156.09912109375	0.3	1.0	2	319691	n/a
156.107421875	0.3	0.0	1	319708	n/a
156.11572265625	0.3	0.0	1	319725	n/a
156.1240234375	0.3	1.0	2	319742	n/a
156.13232421875	0.3	0.0	1	319759	n/a
156.14111328125	0.3	1.0	2	319777	n/a
156.1494140625	0.3	0.0	1	319794	n/a
156.15771484375	0.3	1.0	2	319811	n/a
156.166015625	0.3	1.0	2	319828	n/a
156.17431640625	0.3	0.0	1	319845	n/a
156.1826171875	0.3	0.0	1	319862	n/a
156.19091796875	0.3	1.0	2	319879	n/a
156.19921875	0.3	0.0	1	319896	n/a
156.20751953125	0.3	1.0	2	319913	n/a
156.2158203125	0.3	1.0	2	319930	n/a
156.22412109375	0.3	0.0	1	319947	n/a
156.232421875	0.3	1.0	2	319964	n/a
156.24072265625	0.3	0.0	1	319981	n/a
156.2490234375	0.3	1.0	2	319998	n/a
156.25732421875	0.3	0.0	1	320015	n/a
156.26611328125	0.3	1.0	2	320033	n/a
156.2744140625	0.3	0.0	1	320050	n/a
156.28271484375	0.3	1.0	2	320067	n/a
156.291015625	0.3	0.0	1	320084	n/a
156.29931640625	0.3	0.0	1	320101	n/a
156.3076171875	0.3	1.0	2	320118	n/a
156.31591796875	0.3	0.0	1	320135	n/a
156.32421875	0.3	1.0	2	320152	n/a
156.33251953125	0.3	0.0	1	320169	n/a
156.3408203125	0.3	1.0	2	320186	n/a
156.34912109375	0.3	0.0	1	320203	n/a
156.357421875	0.3	1.0	2	320220	n/a
156.36572265625	0.3	0.0	1	320237	n/a
156.3740234375	0.3	1.0	2	320254	n/a
156.38232421875	0.3	0.0	1	320271	n/a
156.39111328125	0.3	1.0	2	320289	n/a
156.3994140625	0.3	0.0	1	320306	n/a
156.40771484375	0.3	1.0	2	320323	n/a
156.416015625	0.3	0.0	1	320340	n/a
156.42431640625	0.3	1.0	2	320357	n/a
156.4326171875	0.3	0.0	1	320374	n/a
156.44091796875	0.3	1.0	2	320391	n/a
156.44921875	0.3	1.0	2	320408	n/a
156.45751953125	0.3	0.0	1	320425	n/a
156.4658203125	0.3	0.0	1	320442	n/a
156.47412109375	0.3	1.0	2	320459	n/a
156.482421875	0.3	1.0	2	320476	n/a
156.49072265625	0.3	0.0	1	320493	n/a
156.4990234375	0.3	0.0	1	320510	n/a
156.50732421875	0.3	1.0	2	320527	n/a
156.51611328125	0.3	0.0	1	320545	n/a
156.5244140625	0.3	1.0	2	320562	n/a
156.53271484375	0.3	0.0	1	320579	n/a
156.541015625	0.3	1.0	2	320596	n/a
156.54931640625	0.3	1.0	2	320613	n/a
156.5576171875	0.3	0.0	1	320630	n/a
156.56591796875	0.3	0.0	1	320647	n/a
156.57421875	0.3	1.0	2	320664	n/a
156.58251953125	0.3	0.0	1	320681	n/a
156.5908203125	0.3	1.0	2	320698	n/a
156.59912109375	0.3	0.0	1	320715	n/a
156.607421875	0.3	1.0	2	320732	n/a
156.61572265625	0.3	0.0	1	320749	n/a
156.6240234375	0.3	1.0	2	320766	n/a
156.63232421875	0.3	0.0	1	320783	n/a
156.64111328125	0.3	1.0	2	320801	n/a
156.6494140625	0.3	1.0	2	320818	n/a
156.65771484375	0.3	0.0	1	320835	n/a
156.666015625	0.3	0.0	1	320852	n/a
156.67431640625	0.3	1.0	2	320869	n/a
156.6826171875	0.3	1.0	2	320886	n/a
156.69091796875	0.3	0.0	1	320903	n/a
156.69921875	0.3	1.0	2	320920	n/a
156.70751953125	0.3	0.0	1	320937	n/a
156.7158203125	0.3	1.0	2	320954	n/a
156.72412109375	0.3	0.0	1	320971	n/a
156.732421875	0.3	1.0	2	320988	n/a
156.74072265625	0.3	0.0	1	321005	n/a
156.7490234375	0.3	0.0	1	321022	n/a
156.75732421875	0.3	1.0	2	321039	n/a
156.76611328125	0.3	0.0	1	321057	n/a
156.7744140625	0.3	1.0	2	321074	n/a
156.78271484375	0.3	0.0	1	321091	n/a
156.791015625	0.3	1.0	2	321108	n/a
156.79931640625	0.3	1.0	2	321125	n/a
156.8076171875	0.3	0.0	1	321142	n/a
156.81591796875	0.3	1.0	2	321159	n/a
156.82421875	0.3	0.0	1	321176	n/a
156.83251953125	0.3	0.0	1	321193	n/a
156.8408203125	0.3	1.0	2	321210	n/a
156.84912109375	0.3	1.0	2	321227	n/a
156.857421875	0.3	0.0	1	321244	n/a
156.86572265625	0.3	0.0	1	321261	n/a
156.8740234375	0.3	1.0	2	321278	n/a
156.88232421875	0.3	1.0	2	321295	n/a
156.89111328125	0.3	0.0	1	321313	n/a
156.8994140625	0.3	0.0	1	321330	n/a
156.90771484375	0.3	1.0	2	321347	n/a
156.916015625	0.3	0.0	1	321364	n/a
156.92431640625	0.3	1.0	2	321381	n/a
156.9326171875	0.3	0.0	1	321398	n/a
156.94091796875	0.3	1.0	2	321415	n/a
156.94921875	0.3	0.0	1	321432	n/a
156.95751953125	0.3	1.0	2	321449	n/a
156.9658203125	0.3	0.0	1	321466	n/a
156.97412109375	0.3	1.0	2	321483	n/a
156.982421875	0.3	0.0	1	321500	n/a
156.99072265625	0.3	1.0	2	321517	n/a
156.9990234375	0.3	0.0	1	321534	n/a
157.00732421875	0.3	1.0	2	321551	n/a
157.01611328125	0.3	1.0	2	321569	n/a
157.0244140625	0.3	0.0	1	321586	n/a
157.03271484375	0.3	0.0	1	321603	n/a
157.041015625	0.3	1.0	2	321620	n/a
157.04931640625	0.3	0.0	1	321637	n/a
157.0576171875	0.3	1.0	2	321654	n/a
157.06591796875	0.3	0.0	1	321671	n/a
157.07421875	0.3	1.0	2	321688	n/a
157.08251953125	0.3	0.0	1	321705	n/a
157.0908203125	0.3	1.0	2	321722	n/a
157.09912109375	0.3	1.0	2	321739	n/a
157.107421875	0.3	0.0	1	321756	n/a
157.11572265625	0.3	1.0	2	321773	n/a
157.1240234375	0.3	0.0	1	321790	n/a
157.13232421875	0.3	1.0	2	321807	n/a
157.14111328125	0.3	0.0	1	321825	n/a
157.1494140625	0.3	1.0	2	321842	n/a
157.15771484375	0.3	0.0	1	321859	n/a
157.166015625	0.3	0.0	1	321876	n/a
157.17431640625	0.3	1.0	2	321893	n/a
157.1826171875	0.3	0.0	1	321910	n/a
157.19091796875	0.3	1.0	2	321927	n/a
157.19921875	0.3	0.0	1	321944	n/a
157.20751953125	0.3	1.0	2	321961	n/a
157.2158203125	0.3	1.0	2	321978	n/a
157.22412109375	0.3	0.0	1	321995	n/a
157.232421875	0.3	0.0	1	322012	n/a
157.24072265625	0.3	1.0	2	322029	n/a
157.2490234375	0.3	0.0	1	322046	n/a
157.25732421875	0.3	1.0	2	322063	n/a
157.26611328125	0.3	1.0	2	322081	n/a
157.2744140625	0.3	0.0	1	322098	n/a
157.28271484375	0.3	1.0	2	322115	n/a
157.291015625	0.3	0.0	1	322132	n/a
157.29931640625	0.3	1.0	2	322149	n/a
157.3076171875	0.3	0.0	1	322166	n/a
157.31591796875	0.3	1.0	2	322183	n/a
157.32421875	0.3	0.0	1	322200	n/a
157.33251953125	0.3	1.0	2	322217	n/a
157.3408203125	0.3	0.0	1	322234	n/a
157.34912109375	0.3	0.0	1	322251	n/a
157.357421875	0.3	1.0	2	322268	n/a
157.36572265625	0.3	0.0	1	322285	n/a
157.3740234375	0.3	1.0	2	322302	n/a
157.38232421875	0.3	0.0	1	322319	n/a
157.39111328125	0.3	1.0	2	322337	n/a
157.3994140625	0.3	0.0	1	322354	n/a
157.40771484375	0.3	1.0	2	322371	n/a
157.416015625	0.3	0.0	1	322388	n/a
157.42431640625	0.3	1.0	2	322405	n/a
157.4326171875	0.3	0.0	1	322422	n/a
157.44091796875	0.3	1.0	2	322439	n/a
157.44921875	0.3	0.0	1	322456	n/a
157.45751953125	0.3	1.0	2	322473	n/a
157.4658203125	0.3	0.0	1	322490	n/a
157.47412109375	0.3	1.0	2	322507	n/a
157.482421875	0.3	0.0	1	322524	n/a
157.49072265625	0.3	1.0	2	322541	n/a
157.4990234375	0.3	1.0	2	322558	n/a
157.50732421875	0.3	0.0	1	322575	n/a
157.51611328125	0.3	0.0	1	322593	n/a
157.5244140625	0.3	1.0	2	322610	n/a
157.53271484375	0.3	1.0	2	322627	n/a
157.541015625	0.3	0.0	1	322644	n/a
157.54931640625	0.3	0.0	1	322661	n/a
157.5576171875	0.3	1.0	2	322678	n/a
157.56591796875	0.3	0.0	1	322695	n/a
157.57421875	0.3	1.0	2	322712	n/a
157.58251953125	0.3	0.0	1	322729	n/a
157.5908203125	0.3	1.0	2	322746	n/a
157.59912109375	0.3	1.0	2	322763	n/a
157.607421875	0.3	0.0	1	322780	n/a
157.61572265625	0.3	0.0	1	322797	n/a
157.6240234375	0.3	1.0	2	322814	n/a
157.63232421875	0.3	0.0	1	322831	n/a
157.64111328125	0.3	1.0	2	322849	n/a
157.6494140625	0.3	0.0	1	322866	n/a
157.65771484375	0.3	1.0	2	322883	n/a
157.666015625	0.3	0.0	1	322900	n/a
157.67431640625	0.3	1.0	2	322917	n/a
157.6826171875	0.3	0.0	1	322934	n/a
157.69091796875	0.3	1.0	2	322951	n/a
157.69921875	0.3	1.0	2	322968	n/a
157.70751953125	0.3	0.0	1	322985	n/a
157.7158203125	0.3	0.0	1	323002	n/a
157.72412109375	0.3	1.0	2	323019	n/a
157.732421875	0.3	1.0	2	323036	n/a
157.74072265625	0.3	0.0	1	323053	n/a
157.7490234375	0.3	1.0	2	323070	n/a
157.75732421875	0.3	0.0	1	323087	n/a
157.76611328125	0.3	1.0	2	323105	n/a
157.7744140625	0.3	0.0	1	323122	n/a
157.78271484375	0.3	1.0	2	323139	n/a
157.791015625	0.3	0.0	1	323156	n/a
157.79931640625	0.3	0.0	1	323173	n/a
157.8076171875	0.3	1.0	2	323190	n/a
157.81591796875	0.3	0.0	1	323207	n/a
157.82421875	0.3	1.0	2	323224	n/a
157.83251953125	0.3	0.0	1	323241	n/a
157.8408203125	0.3	1.0	2	323258	n/a
157.84912109375	0.3	1.0	2	323275	n/a
157.857421875	0.3	0.0	1	323292	n/a
157.86572265625	0.3	1.0	2	323309	n/a
157.8740234375	0.3	0.0	1	323326	n/a
157.88232421875	0.3	0.0	1	323343	n/a
157.89111328125	0.3	1.0	2	323361	n/a
157.8994140625	0.3	1.0	2	323378	n/a
157.90771484375	0.3	0.0	1	323395	n/a
157.916015625	0.3	0.0	1	323412	n/a
157.92431640625	0.3	1.0	2	323429	n/a
157.9326171875	0.3	1.0	2	323446	n/a
157.94091796875	0.3	0.0	1	323463	n/a
157.94921875	0.3	0.0	1	323480	n/a
157.95751953125	0.3	1.0	2	323497	n/a
157.9658203125	0.3	0.0	1	323514	n/a
157.97412109375	0.3	1.0	2	323531	n/a
157.982421875	0.3	0.0	1	323548	n/a
157.99072265625	0.3	1.0	2	323565	n/a
157.9990234375	0.3	0.0	1	323582	n/a
158.00732421875	0.3	1.0	2	323599	n/a
158.01611328125	0.3	0.0	1	323617	n/a
158.0244140625	0.3	1.0	2	323634	n/a
158.03271484375	0.3	0.0	1	323651	n/a
158.041015625	0.3	1.0	2	323668	n/a
158.04931640625	0.3	0.0	1	323685	n/a
158.0576171875	0.3	1.0	2	323702	n/a
158.06591796875	0.3	1.0	2	323719	n/a
158.07421875	0.3	0.0	1	323736	n/a
158.08251953125	0.3	0.0	1	323753	n/a
158.0908203125	0.3	1.0	2	323770	n/a
158.09912109375	0.3	0.0	1	323787	n/a
158.107421875	0.3	1.0	2	323804	n/a
158.11572265625	0.3	0.0	1	323821	n/a
158.1240234375	0.3	1.0	2	323838	n/a
158.13232421875	0.3	0.0	1	323855	n/a
158.14111328125	0.3	1.0	2	323873	n/a
158.1494140625	0.3	1.0	2	323890	n/a
158.15771484375	0.3	0.0	1	323907	n/a
158.166015625	0.3	1.0	2	323924	n/a
158.17431640625	0.3	0.0	1	323941	n/a
158.1826171875	0.3	1.0	2	323958	n/a
158.19091796875	0.3	0.0	1	323975	n/a
158.19921875	0.3	1.0	2	323992	n/a
158.20751953125	0.3	0.0	1	324009	n/a
158.2158203125	0.3	0.0	1	324026	n/a
158.22412109375	0.3	1.0	2	324043	n/a
158.232421875	0.3	0.0	1	324060	n/a
158.24072265625	0.3	1.0	2	324077	n/a
158.2490234375	0.3	0.0	1	324094	n/a
158.25732421875	0.3	1.0	2	324111	n/a
158.26611328125	0.3	1.0	2	324129	n/a
158.2744140625	0.3	0.0	1	324146	n/a
158.28271484375	0.3	0.0	1	324163	n/a
158.291015625	0.3	1.0	2	324180	n/a
158.29931640625	0.3	0.0	1	324197	n/a
158.3076171875	0.3	1.0	2	324214	n/a
158.31591796875	0.3	1.0	2	324231	n/a
158.32421875	0.3	0.0	1	324248	n/a
158.33251953125	0.3	1.0	2	324265	n/a
158.3408203125	0.3	0.0	1	324282	n/a
158.34912109375	0.3	1.0	2	324299	n/a
158.357421875	0.3	0.0	1	324316	n/a
158.36572265625	0.3	1.0	2	324333	n/a
158.3740234375	0.3	0.0	1	324350	n/a
158.38232421875	0.3	1.0	2	324367	n/a
158.39111328125	0.3	0.0	1	324385	n/a
158.3994140625	0.3	0.0	1	324402	n/a
158.40771484375	0.3	1.0	2	324419	n/a
158.416015625	0.3	0.0	1	324436	n/a
158.42431640625	0.3	1.0	2	324453	n/a
158.4326171875	0.3	0.0	1	324470	n/a
158.44091796875	0.3	1.0	2	324487	n/a
158.44921875	0.3	0.0	1	324504	n/a
158.45751953125	0.3	1.0	2	324521	n/a
158.4658203125	0.3	0.0	1	324538	n/a
158.47412109375	0.3	1.0	2	324555	n/a
158.482421875	0.3	0.0	1	324572	n/a
158.49072265625	0.3	1.0	2	324589	n/a
158.4990234375	0.3	0.0	1	324606	n/a
158.50732421875	0.3	1.0	2	324623	n/a
158.51611328125	0.3	0.0	1	324641	n/a
158.5244140625	0.3	1.0	2	324658	n/a
158.53271484375	0.3	0.0	1	324675	n/a
158.541015625	0.3	1.0	2	324692	n/a
158.54931640625	0.3	1.0	2	324709	n/a
158.5576171875	0.3	0.0	1	324726	n/a
158.56591796875	0.3	0.0	1	324743	n/a
158.57421875	0.3	1.0	2	324760	n/a
158.58251953125	0.3	1.0	2	324777	n/a
158.5908203125	0.3	0.0	1	324794	n/a
158.59912109375	0.3	0.0	1	324811	n/a
158.607421875	0.3	1.0	2	324828	n/a
158.61572265625	0.3	0.0	1	324845	n/a
158.6240234375	0.3	1.0	2	324862	n/a
158.63232421875	0.3	0.0	1	324879	n/a
158.64111328125	0.3	1.0	2	324897	n/a
158.6494140625	0.3	1.0	2	324914	n/a
158.65771484375	0.3	0.0	1	324931	n/a
158.666015625	0.3	0.0	1	324948	n/a
158.67431640625	0.3	1.0	2	324965	n/a
158.6826171875	0.3	0.0	1	324982	n/a
158.69091796875	0.3	1.0	2	324999	n/a
158.69921875	0.3	0.0	1	325016	n/a
158.70751953125	0.3	1.0	2	325033	n/a
158.7158203125	0.3	0.0	1	325050	n/a
158.72412109375	0.3	1.0	2	325067	n/a
158.732421875	0.3	0.0	1	325084	n/a
158.74072265625	0.3	1.0	2	325101	n/a
158.7490234375	0.3	1.0	2	325118	n/a
158.75732421875	0.3	0.0	1	325135	n/a
158.76611328125	0.3	0.0	1	325153	n/a
158.7744140625	0.3	1.0	2	325170	n/a
158.78271484375	0.3	1.0	2	325187	n/a
158.791015625	0.3	0.0	1	325204	n/a
158.79931640625	0.3	1.0	2	325221	n/a
158.8076171875	0.3	0.0	1	325238	n/a
158.81591796875	0.3	1.0	2	325255	n/a
158.82421875	0.3	0.0	1	325272	n/a
158.83251953125	0.3	1.0	2	325289	n/a
158.8408203125	0.3	0.0	1	325306	n/a
158.84912109375	0.3	0.0	1	325323	n/a
158.857421875	0.3	1.0	2	325340	n/a
158.86572265625	0.3	0.0	1	325357	n/a
158.8740234375	0.3	1.0	2	325374	n/a
158.88232421875	0.3	0.0	1	325391	n/a
158.89111328125	0.3	1.0	2	325409	n/a
161.3330078125	0.3	1.0	2	330410	17.0
161.34130859375	0.3	0.0	1	330427	n/a
161.349609375	0.3	0.0	1	330444	n/a
161.35791015625	0.3	1.0	2	330461	n/a
161.3662109375	0.3	0.0	1	330478	n/a
161.37451171875	0.3	1.0	2	330495	n/a
161.3828125	0.3	1.0	2	330512	n/a
161.39111328125	0.3	0.0	1	330529	n/a
161.39990234375	0.3	0.0	1	330547	n/a
161.408203125	0.3	1.0	2	330564	n/a
161.41650390625	0.3	0.0	1	330581	n/a
161.4248046875	0.3	1.0	2	330598	n/a
161.43310546875	0.3	1.0	2	330615	n/a
161.44140625	0.3	0.0	1	330632	n/a
161.44970703125	0.3	0.0	1	330649	n/a
161.4580078125	0.3	1.0	2	330666	n/a
161.46630859375	0.3	0.0	1	330683	n/a
161.474609375	0.3	1.0	2	330700	n/a
161.48291015625	0.3	1.0	2	330717	n/a
161.4912109375	0.3	0.0	1	330734	n/a
161.49951171875	0.3	1.0	2	330751	n/a
161.5078125	0.3	0.0	1	330768	n/a
161.51611328125	0.3	1.0	2	330785	n/a
161.52490234375	0.3	0.0	1	330803	n/a
161.533203125	0.3	1.0	2	330820	n/a
161.54150390625	0.3	0.0	1	330837	n/a
161.5498046875	0.3	1.0	2	330854	n/a
161.55810546875	0.3	0.0	1	330871	n/a
161.56640625	0.3	1.0	2	330888	n/a
161.57470703125	0.3	0.0	1	330905	n/a
161.5830078125	0.3	1.0	2	330922	n/a
161.59130859375	0.3	0.0	1	330939	n/a
161.599609375	0.3	1.0	2	330956	n/a
161.60791015625	0.3	0.0	1	330973	n/a
161.6162109375	0.3	0.0	1	330990	n/a
161.62451171875	0.3	1.0	2	331007	n/a
161.6328125	0.3	0.0	1	331024	n/a
161.64111328125	0.3	1.0	2	331041	n/a
161.64990234375	0.3	1.0	2	331059	n/a
161.658203125	0.3	0.0	1	331076	n/a
161.66650390625	0.3	0.0	1	331093	n/a
161.6748046875	0.3	1.0	2	331110	n/a
161.68310546875	0.3	0.0	1	331127	n/a
161.69140625	0.3	1.0	2	331144	n/a
161.69970703125	0.3	0.0	1	331161	n/a
161.7080078125	0.3	1.0	2	331178	n/a
161.71630859375	0.3	1.0	2	331195	n/a
161.724609375	0.3	0.0	1	331212	n/a
161.73291015625	0.3	0.0	1	331229	n/a
161.7412109375	0.3	1.0	2	331246	n/a
161.74951171875	0.3	1.0	2	331263	n/a
161.7578125	0.3	0.0	1	331280	n/a
161.76611328125	0.3	1.0	2	331297	n/a
161.77490234375	0.3	0.0	1	331315	n/a
161.783203125	0.3	1.0	2	331332	n/a
161.79150390625	0.3	0.0	1	331349	n/a
161.7998046875	0.3	1.0	2	331366	n/a
161.80810546875	0.3	0.0	1	331383	n/a
161.81640625	0.3	0.0	1	331400	n/a
161.82470703125	0.3	1.0	2	331417	n/a
161.8330078125	0.3	0.0	1	331434	n/a
161.84130859375	0.3	1.0	2	331451	n/a
161.849609375	0.3	1.0	2	331468	n/a
161.85791015625	0.3	0.0	1	331485	n/a
161.8662109375	0.3	1.0	2	331502	n/a
161.87451171875	0.3	0.0	1	331519	n/a
161.8828125	0.3	0.0	1	331536	n/a
161.89111328125	0.3	1.0	2	331553	n/a
161.89990234375	0.3	1.0	2	331571	n/a
161.908203125	0.3	0.0	1	331588	n/a
161.91650390625	0.3	0.0	1	331605	n/a
161.9248046875	0.3	1.0	2	331622	n/a
161.93310546875	0.3	0.0	1	331639	n/a
161.94140625	0.3	1.0	2	331656	n/a
161.94970703125	0.3	1.0	2	331673	n/a
161.9580078125	0.3	0.0	1	331690	n/a
161.96630859375	0.3	0.0	1	331707	n/a
161.974609375	0.3	1.0	2	331724	n/a
161.98291015625	0.3	0.0	1	331741	n/a
161.9912109375	0.3	1.0	2	331758	n/a
161.99951171875	0.3	0.0	1	331775	n/a
162.0078125	0.3	1.0	2	331792	n/a
162.01611328125	0.3	0.0	1	331809	n/a
162.02490234375	0.3	1.0	2	331827	n/a
162.033203125	0.3	0.0	1	331844	n/a
162.04150390625	0.3	1.0	2	331861	n/a
162.0498046875	0.3	1.0	2	331878	n/a
162.05810546875	0.3	0.0	1	331895	n/a
162.06640625	0.3	0.0	1	331912	n/a
162.07470703125	0.3	1.0	2	331929	n/a
162.0830078125	0.3	0.0	1	331946	n/a
162.09130859375	0.3	1.0	2	331963	n/a
162.099609375	0.3	0.0	1	331980	n/a
162.10791015625	0.3	1.0	2	331997	n/a
162.1162109375	0.3	0.0	1	332014	n/a
162.12451171875	0.3	1.0	2	332031	n/a
162.1328125	0.3	1.0	2	332048	n/a
162.14111328125	0.3	0.0	1	332065	n/a
162.14990234375	0.3	0.0	1	332083	n/a
162.158203125	0.3	1.0	2	332100	n/a
162.16650390625	0.3	1.0	2	332117	n/a
162.1748046875	0.3	0.0	1	332134	n/a
162.18310546875	0.3	0.0	1	332151	n/a
162.19140625	0.3	1.0	2	332168	n/a
162.19970703125	0.3	1.0	2	332185	n/a
162.2080078125	0.3	0.0	1	332202	n/a
162.21630859375	0.3	1.0	2	332219	n/a
162.224609375	0.3	0.0	1	332236	n/a
162.23291015625	0.3	0.0	1	332253	n/a
162.2412109375	0.3	1.0	2	332270	n/a
162.24951171875	0.3	1.0	2	332287	n/a
162.2578125	0.3	0.0	1	332304	n/a
162.26611328125	0.3	0.0	1	332321	n/a
162.27490234375	0.3	1.0	2	332339	n/a
162.283203125	0.3	0.0	1	332356	n/a
162.29150390625	0.3	1.0	2	332373	n/a
162.2998046875	0.3	1.0	2	332390	n/a
162.30810546875	0.3	0.0	1	332407	n/a
162.31640625	0.3	1.0	2	332424	n/a
162.32470703125	0.3	0.0	1	332441	n/a
162.3330078125	0.3	1.0	2	332458	n/a
162.34130859375	0.3	0.0	1	332475	n/a
162.349609375	0.3	0.0	1	332492	n/a
162.35791015625	0.3	1.0	2	332509	n/a
162.3662109375	0.3	1.0	2	332526	n/a
162.37451171875	0.3	0.0	1	332543	n/a
162.3828125	0.3	1.0	2	332560	n/a
162.39111328125	0.3	0.0	1	332577	n/a
162.39990234375	0.3	0.0	1	332595	n/a
162.408203125	0.3	1.0	2	332612	n/a
162.41650390625	0.3	0.0	1	332629	n/a
162.4248046875	0.3	1.0	2	332646	n/a
162.43310546875	0.3	1.0	2	332663	n/a
162.44140625	0.3	0.0	1	332680	n/a
162.44970703125	0.3	0.0	1	332697	n/a
162.4580078125	0.3	1.0	2	332714	n/a
162.46630859375	0.3	0.0	1	332731	n/a
162.474609375	0.3	1.0	2	332748	n/a
162.48291015625	0.3	1.0	2	332765	n/a
162.4912109375	0.3	0.0	1	332782	n/a
162.49951171875	0.3	0.0	1	332799	n/a
162.5078125	0.3	1.0	2	332816	n/a
162.51611328125	0.3	0.0	1	332833	n/a
162.52490234375	0.3	1.0	2	332851	n/a
162.533203125	0.3	1.0	2	332868	n/a
162.54150390625	0.3	0.0	1	332885	n/a
162.5498046875	0.3	1.0	2	332902	n/a
162.55810546875	0.3	0.0	1	332919	n/a
162.56640625	0.3	1.0	2	332936	n/a
162.57470703125	0.3	0.0	1	332953	n/a
162.5830078125	0.3	1.0	2	332970	n/a
162.59130859375	0.3	0.0	1	332987	n/a
162.599609375	0.3	1.0	2	333004	n/a
162.60791015625	0.3	0.0	1	333021	n/a
162.6162109375	0.3	1.0	2	333038	n/a
162.62451171875	0.3	0.0	1	333055	n/a
162.6328125	0.3	1.0	2	333072	n/a
162.64111328125	0.3	0.0	1	333089	n/a
162.64990234375	0.3	1.0	2	333107	n/a
162.658203125	0.3	0.0	1	333124	n/a
162.66650390625	0.3	0.0	1	333141	n/a
162.6748046875	0.3	1.0	2	333158	n/a
162.68310546875	0.3	0.0	1	333175	n/a
162.69140625	0.3	1.0	2	333192	n/a
162.69970703125	0.3	1.0	2	333209	n/a
162.7080078125	0.3	0.0	1	333226	n/a
162.71630859375	0.3	0.0	1	333243	n/a
162.724609375	0.3	1.0	2	333260	n/a
162.73291015625	0.3	0.0	1	333277	n/a
162.7412109375	0.3	1.0	2	333294	n/a
162.74951171875	0.3	0.0	1	333311	n/a
162.7578125	0.3	1.0	2	333328	n/a
162.76611328125	0.3	1.0	2	333345	n/a
162.77490234375	0.3	0.0	1	333363	n/a
162.783203125	0.3	0.0	1	333380	n/a
162.79150390625	0.3	1.0	2	333397	n/a
162.7998046875	0.3	1.0	2	333414	n/a
162.80810546875	0.3	0.0	1	333431	n/a
162.81640625	0.3	1.0	2	333448	n/a
162.82470703125	0.3	0.0	1	333465	n/a
162.8330078125	0.3	1.0	2	333482	n/a
162.84130859375	0.3	0.0	1	333499	n/a
162.849609375	0.3	1.0	2	333516	n/a
162.85791015625	0.3	0.0	1	333533	n/a
162.8662109375	0.3	0.0	1	333550	n/a
162.87451171875	0.3	1.0	2	333567	n/a
162.8828125	0.3	0.0	1	333584	n/a
162.89111328125	0.3	1.0	2	333601	n/a
162.89990234375	0.3	1.0	2	333619	n/a
162.908203125	0.3	0.0	1	333636	n/a
162.91650390625	0.3	1.0	2	333653	n/a
162.9248046875	0.3	0.0	1	333670	n/a
162.93310546875	0.3	0.0	1	333687	n/a
162.94140625	0.3	1.0	2	333704	n/a
162.94970703125	0.3	1.0	2	333721	n/a
162.9580078125	0.3	0.0	1	333738	n/a
162.96630859375	0.3	0.0	1	333755	n/a
162.974609375	0.3	1.0	2	333772	n/a
162.98291015625	0.3	0.0	1	333789	n/a
162.9912109375	0.3	1.0	2	333806	n/a
162.99951171875	0.3	1.0	2	333823	n/a
163.0078125	0.3	0.0	1	333840	n/a
163.01611328125	0.3	0.0	1	333857	n/a
163.02490234375	0.3	1.0	2	333875	n/a
163.033203125	0.3	0.0	1	333892	n/a
163.04150390625	0.3	1.0	2	333909	n/a
163.0498046875	0.3	0.0	1	333926	n/a
163.05810546875	0.3	1.0	2	333943	n/a
163.06640625	0.3	0.0	1	333960	n/a
163.07470703125	0.3	1.0	2	333977	n/a
163.0830078125	0.3	0.0	1	333994	n/a
163.09130859375	0.3	1.0	2	334011	n/a
163.099609375	0.3	1.0	2	334028	n/a
163.10791015625	0.3	0.0	1	334045	n/a
163.1162109375	0.3	0.0	1	334062	n/a
163.12451171875	0.3	1.0	2	334079	n/a
163.1328125	0.3	0.0	1	334096	n/a
163.14111328125	0.3	1.0	2	334113	n/a
163.14990234375	0.3	0.0	1	334131	n/a
163.158203125	0.3	1.0	2	334148	n/a
163.16650390625	0.3	0.0	1	334165	n/a
163.1748046875	0.3	1.0	2	334182	n/a
163.18310546875	0.3	1.0	2	334199	n/a
163.19140625	0.3	0.0	1	334216	n/a
163.19970703125	0.3	0.0	1	334233	n/a
163.2080078125	0.3	1.0	2	334250	n/a
163.21630859375	0.3	1.0	2	334267	n/a
163.224609375	0.3	0.0	1	334284	n/a
163.23291015625	0.3	0.0	1	334301	n/a
163.2412109375	0.3	1.0	2	334318	n/a
163.24951171875	0.3	1.0	2	334335	n/a
163.2578125	0.3	0.0	1	334352	n/a
163.26611328125	0.3	1.0	2	334369	n/a
163.27490234375	0.3	0.0	1	334387	n/a
163.283203125	0.3	0.0	1	334404	n/a
163.29150390625	0.3	1.0	2	334421	n/a
163.2998046875	0.3	1.0	2	334438	n/a
163.30810546875	0.3	0.0	1	334455	n/a
163.31640625	0.3	0.0	1	334472	n/a
163.32470703125	0.3	1.0	2	334489	n/a
163.3330078125	0.3	0.0	1	334506	n/a
163.34130859375	0.3	1.0	2	334523	n/a
163.349609375	0.3	1.0	2	334540	n/a
163.35791015625	0.3	0.0	1	334557	n/a
163.3662109375	0.3	1.0	2	334574	n/a
163.37451171875	0.3	0.0	1	334591	n/a
163.3828125	0.3	1.0	2	334608	n/a
163.39111328125	0.3	0.0	1	334625	n/a
163.39990234375	0.3	0.0	1	334643	n/a
163.408203125	0.3	1.0	2	334660	n/a
163.41650390625	0.3	1.0	2	334677	n/a
163.4248046875	0.3	0.0	1	334694	n/a
163.43310546875	0.3	1.0	2	334711	n/a
163.44140625	0.3	0.0	1	334728	n/a
163.44970703125	0.3	0.0	1	334745	n/a
163.4580078125	0.3	1.0	2	334762	n/a
163.46630859375	0.3	0.0	1	334779	n/a
163.474609375	0.3	1.0	2	334796	n/a
163.48291015625	0.3	1.0	2	334813	n/a
163.4912109375	0.3	0.0	1	334830	n/a
163.49951171875	0.3	0.0	1	334847	n/a
163.5078125	0.3	1.0	2	334864	n/a
163.51611328125	0.3	0.0	1	334881	n/a
163.52490234375	0.3	1.0	2	334899	n/a
163.533203125	0.3	1.0	2	334916	n/a
163.54150390625	0.3	0.0	1	334933	n/a
163.5498046875	0.3	0.0	1	334950	n/a
163.55810546875	0.3	1.0	2	334967	n/a
163.56640625	0.3	0.0	1	334984	n/a
163.57470703125	0.3	1.0	2	335001	n/a
163.5830078125	0.3	1.0	2	335018	n/a
163.59130859375	0.3	0.0	1	335035	n/a
163.599609375	0.3	1.0	2	335052	n/a
163.60791015625	0.3	0.0	1	335069	n/a
163.6162109375	0.3	1.0	2	335086	n/a
163.62451171875	0.3	0.0	1	335103	n/a
163.6328125	0.3	1.0	2	335120	n/a
163.64111328125	0.3	0.0	1	335137	n/a
163.64990234375	0.3	1.0	2	335155	n/a
163.658203125	0.3	0.0	1	335172	n/a
163.66650390625	0.3	1.0	2	335189	n/a
163.6748046875	0.3	0.0	1	335206	n/a
163.68310546875	0.3	1.0	2	335223	n/a
163.69140625	0.3	0.0	1	335240	n/a
163.69970703125	0.3	1.0	2	335257	n/a
163.7080078125	0.3	0.0	1	335274	n/a
163.71630859375	0.3	0.0	1	335291	n/a
163.724609375	0.3	1.0	2	335308	n/a
163.73291015625	0.3	0.0	1	335325	n/a
163.7412109375	0.3	1.0	2	335342	n/a
163.74951171875	0.3	1.0	2	335359	n/a
163.7578125	0.3	0.0	1	335376	n/a
163.76611328125	0.3	0.0	1	335393	n/a
163.77490234375	0.3	1.0	2	335411	n/a
163.783203125	0.3	0.0	1	335428	n/a
163.79150390625	0.3	1.0	2	335445	n/a
163.7998046875	0.3	0.0	1	335462	n/a
163.80810546875	0.3	1.0	2	335479	n/a
163.81640625	0.3	1.0	2	335496	n/a
163.82470703125	0.3	0.0	1	335513	n/a
163.8330078125	0.3	0.0	1	335530	n/a
163.84130859375	0.3	1.0	2	335547	n/a
163.849609375	0.3	1.0	2	335564	n/a
163.85791015625	0.3	0.0	1	335581	n/a
163.8662109375	0.3	1.0	2	335598	n/a
163.87451171875	0.3	0.0	1	335615	n/a
163.8828125	0.3	1.0	2	335632	n/a
163.89111328125	0.3	0.0	1	335649	n/a
163.89990234375	0.3	1.0	2	335667	n/a
163.908203125	0.3	0.0	1	335684	n/a
163.91650390625	0.3	0.0	1	335701	n/a
163.9248046875	0.3	1.0	2	335718	n/a
163.93310546875	0.3	0.0	1	335735	n/a
163.94140625	0.3	1.0	2	335752	n/a
163.94970703125	0.3	1.0	2	335769	n/a
163.9580078125	0.3	0.0	1	335786	n/a
163.96630859375	0.3	1.0	2	335803	n/a
163.974609375	0.3	0.0	1	335820	n/a
163.98291015625	0.3	0.0	1	335837	n/a
163.9912109375	0.3	1.0	2	335854	n/a
163.99951171875	0.3	1.0	2	335871	n/a
164.0078125	0.3	0.0	1	335888	n/a
164.01611328125	0.3	0.0	1	335905	n/a
164.02490234375	0.3	1.0	2	335923	n/a
164.033203125	0.3	0.0	1	335940	n/a
164.04150390625	0.3	1.0	2	335957	n/a
164.0498046875	0.3	1.0	2	335974	n/a
164.05810546875	0.3	0.0	1	335991	n/a
164.06640625	0.3	0.0	1	336008	n/a
164.07470703125	0.3	1.0	2	336025	n/a
164.0830078125	0.3	0.0	1	336042	n/a
164.09130859375	0.3	1.0	2	336059	n/a
164.099609375	0.3	0.0	1	336076	n/a
164.10791015625	0.3	1.0	2	336093	n/a
164.1162109375	0.3	0.0	1	336110	n/a
164.12451171875	0.3	1.0	2	336127	n/a
164.1328125	0.3	0.0	1	336144	n/a
164.14111328125	0.3	1.0	2	336161	n/a
164.14990234375	0.3	1.0	2	336179	n/a
164.158203125	0.3	0.0	1	336196	n/a
164.16650390625	0.3	0.0	1	336213	n/a
164.1748046875	0.3	1.0	2	336230	n/a
164.18310546875	0.3	0.0	1	336247	n/a
164.19140625	0.3	1.0	2	336264	n/a
164.19970703125	0.3	0.0	1	336281	n/a
164.2080078125	0.3	1.0	2	336298	n/a
164.21630859375	0.3	0.0	1	336315	n/a
164.224609375	0.3	1.0	2	336332	n/a
164.23291015625	0.3	1.0	2	336349	n/a
164.2412109375	0.3	0.0	1	336366	n/a
164.24951171875	0.3	0.0	1	336383	n/a
164.2578125	0.3	1.0	2	336400	n/a
164.26611328125	0.3	1.0	2	336417	n/a
164.27490234375	0.3	0.0	1	336435	n/a
164.283203125	0.3	0.0	1	336452	n/a
164.29150390625	0.3	1.0	2	336469	n/a
164.2998046875	0.3	1.0	2	336486	n/a
164.30810546875	0.3	0.0	1	336503	n/a
164.31640625	0.3	1.0	2	336520	n/a
164.32470703125	0.3	0.0	1	336537	n/a
164.3330078125	0.3	0.0	1	336554	n/a
164.34130859375	0.3	1.0	2	336571	n/a
164.349609375	0.3	1.0	2	336588	n/a
164.35791015625	0.3	0.0	1	336605	n/a
164.3662109375	0.3	0.0	1	336622	n/a
164.37451171875	0.3	1.0	2	336639	n/a
164.3828125	0.3	0.0	1	336656	n/a
164.39111328125	0.3	1.0	2	336673	n/a
164.39990234375	0.3	1.0	2	336691	n/a
164.408203125	0.3	0.0	1	336708	n/a
164.41650390625	0.3	1.0	2	336725	n/a
164.4248046875	0.3	0.0	1	336742	n/a
164.43310546875	0.3	1.0	2	336759	n/a
164.44140625	0.3	0.0	1	336776	n/a
164.44970703125	0.3	0.0	1	336793	n/a
164.4580078125	0.3	1.0	2	336810	n/a
164.46630859375	0.3	1.0	2	336827	n/a
164.474609375	0.3	0.0	1	336844	n/a
164.48291015625	0.3	1.0	2	336861	n/a
164.4912109375	0.3	0.0	1	336878	n/a
164.49951171875	0.3	0.0	1	336895	n/a
164.5078125	0.3	1.0	2	336912	n/a
164.51611328125	0.3	0.0	1	336929	n/a
164.52490234375	0.3	1.0	2	336947	n/a
164.533203125	0.3	1.0	2	336964	n/a
164.54150390625	0.3	0.0	1	336981	n/a
164.5498046875	0.3	0.0	1	336998	n/a
164.55810546875	0.3	1.0	2	337015	n/a
164.56640625	0.3	0.0	1	337032	n/a
164.57470703125	0.3	1.0	2	337049	n/a
164.5830078125	0.3	1.0	2	337066	n/a
164.59130859375	0.3	0.0	1	337083	n/a
164.599609375	0.3	0.0	1	337100	n/a
164.60791015625	0.3	1.0	2	337117	n/a
164.6162109375	0.3	0.0	1	337134	n/a
164.62451171875	0.3	1.0	2	337151	n/a
164.6328125	0.3	1.0	2	337168	n/a
164.64111328125	0.3	0.0	1	337185	n/a
164.64990234375	0.3	1.0	2	337203	n/a
164.658203125	0.3	0.0	1	337220	n/a
164.66650390625	0.3	1.0	2	337237	n/a
164.6748046875	0.3	0.0	1	337254	n/a
164.68310546875	0.3	1.0	2	337271	n/a
164.69140625	0.3	0.0	1	337288	n/a
164.69970703125	0.3	1.0	2	337305	n/a
164.7080078125	0.3	0.0	1	337322	n/a
164.71630859375	0.3	1.0	2	337339	n/a
164.724609375	0.3	0.0	1	337356	n/a
164.73291015625	0.3	1.0	2	337373	n/a
164.7412109375	0.3	0.0	1	337390	n/a
164.74951171875	0.3	1.0	2	337407	n/a
164.7578125	0.3	0.0	1	337424	n/a
164.76611328125	0.3	0.0	1	337441	n/a
164.77490234375	0.3	1.0	2	337459	n/a
164.783203125	0.3	0.0	1	337476	n/a
164.79150390625	0.3	1.0	2	337493	n/a
164.7998046875	0.3	1.0	2	337510	n/a
164.80810546875	0.3	0.0	1	337527	n/a
164.81640625	0.3	0.0	1	337544	n/a
164.82470703125	0.3	1.0	2	337561	n/a
164.8330078125	0.3	0.0	1	337578	n/a
164.84130859375	0.3	1.0	2	337595	n/a
164.849609375	0.3	0.0	1	337612	n/a
164.85791015625	0.3	1.0	2	337629	n/a
164.8662109375	0.3	1.0	2	337646	n/a
164.87451171875	0.3	0.0	1	337663	n/a
164.8828125	0.3	0.0	1	337680	n/a
164.89111328125	0.3	1.0	2	337697	n/a
164.89990234375	0.3	1.0	2	337715	n/a
164.908203125	0.3	0.0	1	337732	n/a
164.91650390625	0.3	1.0	2	337749	n/a
164.9248046875	0.3	0.0	1	337766	n/a
164.93310546875	0.3	1.0	2	337783	n/a
164.94140625	0.3	0.0	1	337800	n/a
164.94970703125	0.3	1.0	2	337817	n/a
164.9580078125	0.3	0.0	1	337834	n/a
164.96630859375	0.3	0.0	1	337851	n/a
164.974609375	0.3	1.0	2	337868	n/a
164.98291015625	0.3	0.0	1	337885	n/a
164.9912109375	0.3	1.0	2	337902	n/a
164.99951171875	0.3	1.0	2	337919	n/a
165.0078125	0.3	0.0	1	337936	n/a
165.01611328125	0.3	1.0	2	337953	n/a
165.02490234375	0.3	0.0	1	337971	n/a
165.033203125	0.3	0.0	1	337988	n/a
165.04150390625	0.3	1.0	2	338005	n/a
165.0498046875	0.3	1.0	2	338022	n/a
165.05810546875	0.3	0.0	1	338039	n/a
165.06640625	0.3	0.0	1	338056	n/a
165.07470703125	0.3	1.0	2	338073	n/a
165.0830078125	0.3	0.0	1	338090	n/a
165.09130859375	0.3	1.0	2	338107	n/a
165.099609375	0.3	1.0	2	338124	n/a
165.10791015625	0.3	0.0	1	338141	n/a
165.1162109375	0.3	0.0	1	338158	n/a
165.12451171875	0.3	1.0	2	338175	n/a
165.1328125	0.3	0.0	1	338192	n/a
165.14111328125	0.3	1.0	2	338209	n/a
165.14990234375	0.3	0.0	1	338227	n/a
165.158203125	0.3	1.0	2	338244	n/a
165.16650390625	0.3	0.0	1	338261	n/a
165.1748046875	0.3	1.0	2	338278	n/a
165.18310546875	0.3	0.0	1	338295	n/a
165.19140625	0.3	1.0	2	338312	n/a
165.19970703125	0.3	1.0	2	338329	n/a
165.2080078125	0.3	0.0	1	338346	n/a
165.21630859375	0.3	0.0	1	338363	n/a
165.224609375	0.3	1.0	2	338380	n/a
165.23291015625	0.3	0.0	1	338397	n/a
165.2412109375	0.3	1.0	2	338414	n/a
165.24951171875	0.3	0.0	1	338431	n/a
165.2578125	0.3	1.0	2	338448	n/a
165.26611328125	0.3	0.0	1	338465	n/a
165.27490234375	0.3	1.0	2	338483	n/a
165.283203125	0.3	1.0	2	338500	n/a
165.29150390625	0.3	0.0	1	338517	n/a
165.2998046875	0.3	0.0	1	338534	n/a
165.30810546875	0.3	1.0	2	338551	n/a
165.31640625	0.3	1.0	2	338568	n/a
165.32470703125	0.3	0.0	1	338585	n/a
165.3330078125	0.3	0.0	1	338602	n/a
165.34130859375	0.3	1.0	2	338619	n/a
165.349609375	0.3	1.0	2	338636	n/a
165.35791015625	0.3	0.0	1	338653	n/a
165.3662109375	0.3	1.0	2	338670	n/a
165.37451171875	0.3	0.0	1	338687	n/a
165.3828125	0.3	0.0	1	338704	n/a
165.39111328125	0.3	1.0	2	338721	n/a
165.39990234375	0.3	1.0	2	338739	n/a
165.408203125	0.3	0.0	1	338756	n/a
165.41650390625	0.3	0.0	1	338773	n/a
165.4248046875	0.3	1.0	2	338790	n/a
165.43310546875	0.3	0.0	1	338807	n/a
165.44140625	0.3	1.0	2	338824	n/a
165.44970703125	0.3	1.0	2	338841	n/a
165.4580078125	0.3	0.0	1	338858	n/a
165.46630859375	0.3	1.0	2	338875	n/a
165.474609375	0.3	0.0	1	338892	n/a
165.48291015625	0.3	1.0	2	338909	n/a
165.4912109375	0.3	0.0	1	338926	n/a
165.49951171875	0.3	0.0	1	338943	n/a
165.5078125	0.3	1.0	2	338960	n/a
165.51611328125	0.3	1.0	2	338977	n/a
165.52490234375	0.3	0.0	1	338995	n/a
167.9169921875	0.3	0.0	1	343894	20.0
167.92529296875	0.3	1.0	2	343911	n/a
167.93359375	0.3	1.0	2	343928	n/a
167.94189453125	0.3	0.0	1	343945	n/a
167.9501953125	0.3	1.0	2	343962	n/a
167.95849609375	0.3	0.0	1	343979	n/a
167.966796875	0.3	1.0	2	343996	n/a
167.97509765625	0.3	0.0	1	344013	n/a
167.98388671875	0.3	0.0	1	344031	n/a
167.9921875	0.3	1.0	2	344048	n/a
168.00048828125	0.3	1.0	2	344065	n/a
168.0087890625	0.3	0.0	1	344082	n/a
168.01708984375	0.3	1.0	2	344099	n/a
168.025390625	0.3	0.0	1	344116	n/a
168.03369140625	0.3	1.0	2	344133	n/a
168.0419921875	0.3	0.0	1	344150	n/a
168.05029296875	0.3	0.0	1	344167	n/a
168.05859375	0.3	1.0	2	344184	n/a
168.06689453125	0.3	0.0	1	344201	n/a
168.0751953125	0.3	1.0	2	344218	n/a
168.08349609375	0.3	1.0	2	344235	n/a
168.091796875	0.3	0.0	1	344252	n/a
168.10009765625	0.3	1.0	2	344269	n/a
168.10888671875	0.3	0.0	1	344287	n/a
168.1171875	0.3	1.0	2	344304	n/a
168.12548828125	0.3	0.0	1	344321	n/a
168.1337890625	0.3	0.0	1	344338	n/a
168.14208984375	0.3	1.0	2	344355	n/a
168.150390625	0.3	0.0	1	344372	n/a
168.15869140625	0.3	1.0	2	344389	n/a
168.1669921875	0.3	1.0	2	344406	n/a
168.17529296875	0.3	0.0	1	344423	n/a
168.18359375	0.3	1.0	2	344440	n/a
168.19189453125	0.3	0.0	1	344457	n/a
168.2001953125	0.3	1.0	2	344474	n/a
168.20849609375	0.3	0.0	1	344491	n/a
168.216796875	0.3	1.0	2	344508	n/a
168.22509765625	0.3	0.0	1	344525	n/a
168.23388671875	0.3	0.0	1	344543	n/a
168.2421875	0.3	1.0	2	344560	n/a
168.25048828125	0.3	1.0	2	344577	n/a
168.2587890625	0.3	0.0	1	344594	n/a
168.26708984375	0.3	0.0	1	344611	n/a
168.275390625	0.3	1.0	2	344628	n/a
168.28369140625	0.3	1.0	2	344645	n/a
168.2919921875	0.3	0.0	1	344662	n/a
168.30029296875	0.3	0.0	1	344679	n/a
168.30859375	0.3	1.0	2	344696	n/a
168.31689453125	0.3	1.0	2	344713	n/a
168.3251953125	0.3	0.0	1	344730	n/a
168.33349609375	0.3	1.0	2	344747	n/a
168.341796875	0.3	0.0	1	344764	n/a
168.35009765625	0.3	0.0	1	344781	n/a
168.35888671875	0.3	1.0	2	344799	n/a
168.3671875	0.3	1.0	2	344816	n/a
168.37548828125	0.3	0.0	1	344833	n/a
168.3837890625	0.3	0.0	1	344850	n/a
168.39208984375	0.3	1.0	2	344867	n/a
168.400390625	0.3	1.0	2	344884	n/a
168.40869140625	0.3	0.0	1	344901	n/a
168.4169921875	0.3	0.0	1	344918	n/a
168.42529296875	0.3	1.0	2	344935	n/a
168.43359375	0.3	0.0	1	344952	n/a
168.44189453125	0.3	1.0	2	344969	n/a
168.4501953125	0.3	1.0	2	344986	n/a
168.45849609375	0.3	0.0	1	345003	n/a
168.466796875	0.3	0.0	1	345020	n/a
168.47509765625	0.3	1.0	2	345037	n/a
168.48388671875	0.3	0.0	1	345055	n/a
168.4921875	0.3	1.0	2	345072	n/a
168.50048828125	0.3	1.0	2	345089	n/a
168.5087890625	0.3	0.0	1	345106	n/a
168.51708984375	0.3	0.0	1	345123	n/a
168.525390625	0.3	1.0	2	345140	n/a
168.53369140625	0.3	0.0	1	345157	n/a
168.5419921875	0.3	1.0	2	345174	n/a
168.55029296875	0.3	1.0	2	345191	n/a
168.55859375	0.3	0.0	1	345208	n/a
168.56689453125	0.3	0.0	1	345225	n/a
168.5751953125	0.3	1.0	2	345242	n/a
168.58349609375	0.3	0.0	1	345259	n/a
168.591796875	0.3	1.0	2	345276	n/a
168.60009765625	0.3	0.0	1	345293	n/a
168.60888671875	0.3	1.0	2	345311	n/a
168.6171875	0.3	1.0	2	345328	n/a
168.62548828125	0.3	0.0	1	345345	n/a
168.6337890625	0.3	1.0	2	345362	n/a
168.64208984375	0.3	0.0	1	345379	n/a
168.650390625	0.3	0.0	1	345396	n/a
168.65869140625	0.3	1.0	2	345413	n/a
168.6669921875	0.3	1.0	2	345430	n/a
168.67529296875	0.3	0.0	1	345447	n/a
168.68359375	0.3	0.0	1	345464	n/a
168.69189453125	0.3	1.0	2	345481	n/a
168.7001953125	0.3	0.0	1	345498	n/a
168.70849609375	0.3	1.0	2	345515	n/a
168.716796875	0.3	1.0	2	345532	n/a
168.72509765625	0.3	0.0	1	345549	n/a
168.73388671875	0.3	0.0	1	345567	n/a
168.7421875	0.3	1.0	2	345584	n/a
168.75048828125	0.3	0.0	1	345601	n/a
168.7587890625	0.3	1.0	2	345618	n/a
168.76708984375	0.3	1.0	2	345635	n/a
168.775390625	0.3	0.0	1	345652	n/a
168.78369140625	0.3	0.0	1	345669	n/a
168.7919921875	0.3	1.0	2	345686	n/a
168.80029296875	0.3	1.0	2	345703	n/a
168.80859375	0.3	0.0	1	345720	n/a
168.81689453125	0.3	0.0	1	345737	n/a
168.8251953125	0.3	1.0	2	345754	n/a
168.83349609375	0.3	1.0	2	345771	n/a
168.841796875	0.3	0.0	1	345788	n/a
168.85009765625	0.3	0.0	1	345805	n/a
168.85888671875	0.3	1.0	2	345823	n/a
168.8671875	0.3	0.0	1	345840	n/a
168.87548828125	0.3	1.0	2	345857	n/a
168.8837890625	0.3	0.0	1	345874	n/a
168.89208984375	0.3	1.0	2	345891	n/a
168.900390625	0.3	1.0	2	345908	n/a
168.90869140625	0.3	0.0	1	345925	n/a
168.9169921875	0.3	0.0	1	345942	n/a
168.92529296875	0.3	1.0	2	345959	n/a
168.93359375	0.3	1.0	2	345976	n/a
168.94189453125	0.3	0.0	1	345993	n/a
168.9501953125	0.3	0.0	1	346010	n/a
168.95849609375	0.3	1.0	2	346027	n/a
168.966796875	0.3	0.0	1	346044	n/a
168.97509765625	0.3	1.0	2	346061	n/a
168.98388671875	0.3	1.0	2	346079	n/a
168.9921875	0.3	0.0	1	346096	n/a
169.00048828125	0.3	1.0	2	346113	n/a
169.0087890625	0.3	0.0	1	346130	n/a
169.01708984375	0.3	1.0	2	346147	n/a
169.025390625	0.3	0.0	1	346164	n/a
169.03369140625	0.3	0.0	1	346181	n/a
169.0419921875	0.3	1.0	2	346198	n/a
169.05029296875	0.3	1.0	2	346215	n/a
169.05859375	0.3	0.0	1	346232	n/a
169.06689453125	0.3	1.0	2	346249	n/a
169.0751953125	0.3	0.0	1	346266	n/a
169.08349609375	0.3	1.0	2	346283	n/a
169.091796875	0.3	0.0	1	346300	n/a
169.10009765625	0.3	0.0	1	346317	n/a
169.10888671875	0.3	1.0	2	346335	n/a
169.1171875	0.3	0.0	1	346352	n/a
169.12548828125	0.3	1.0	2	346369	n/a
169.1337890625	0.3	1.0	2	346386	n/a
169.14208984375	0.3	0.0	1	346403	n/a
169.150390625	0.3	1.0	2	346420	n/a
169.15869140625	0.3	0.0	1	346437	n/a
169.1669921875	0.3	1.0	2	346454	n/a
169.17529296875	0.3	0.0	1	346471	n/a
169.18359375	0.3	0.0	1	346488	n/a
169.19189453125	0.3	1.0	2	346505	n/a
169.2001953125	0.3	0.0	1	346522	n/a
169.20849609375	0.3	1.0	2	346539	n/a
169.216796875	0.3	1.0	2	346556	n/a
169.22509765625	0.3	0.0	1	346573	n/a
169.23388671875	0.3	1.0	2	346591	n/a
169.2421875	0.3	0.0	1	346608	n/a
169.25048828125	0.3	1.0	2	346625	n/a
169.2587890625	0.3	0.0	1	346642	n/a
169.26708984375	0.3	1.0	2	346659	n/a
169.275390625	0.3	0.0	1	346676	n/a
169.28369140625	0.3	0.0	1	346693	n/a
169.2919921875	0.3	1.0	2	346710	n/a
169.30029296875	0.3	1.0	2	346727	n/a
169.30859375	0.3	0.0	1	346744	n/a
169.31689453125	0.3	0.0	1	346761	n/a
169.3251953125	0.3	1.0	2	346778	n/a
169.33349609375	0.3	1.0	2	346795	n/a
169.341796875	0.3	0.0	1	346812	n/a
169.35009765625	0.3	0.0	1	346829	n/a
169.35888671875	0.3	1.0	2	346847	n/a
169.3671875	0.3	1.0	2	346864	n/a
169.37548828125	0.3	0.0	1	346881	n/a
169.3837890625	0.3	1.0	2	346898	n/a
169.39208984375	0.3	0.0	1	346915	n/a
169.400390625	0.3	0.0	1	346932	n/a
169.40869140625	0.3	1.0	2	346949	n/a
169.4169921875	0.3	1.0	2	346966	n/a
169.42529296875	0.3	0.0	1	346983	n/a
169.43359375	0.3	0.0	1	347000	n/a
169.44189453125	0.3	1.0	2	347017	n/a
169.4501953125	0.3	1.0	2	347034	n/a
169.45849609375	0.3	0.0	1	347051	n/a
169.466796875	0.3	0.0	1	347068	n/a
169.47509765625	0.3	1.0	2	347085	n/a
169.48388671875	0.3	0.0	1	347103	n/a
169.4921875	0.3	1.0	2	347120	n/a
169.50048828125	0.3	1.0	2	347137	n/a
169.5087890625	0.3	0.0	1	347154	n/a
169.51708984375	0.3	0.0	1	347171	n/a
169.525390625	0.3	1.0	2	347188	n/a
169.53369140625	0.3	0.0	1	347205	n/a
169.5419921875	0.3	1.0	2	347222	n/a
169.55029296875	0.3	1.0	2	347239	n/a
169.55859375	0.3	0.0	1	347256	n/a
169.56689453125	0.3	0.0	1	347273	n/a
169.5751953125	0.3	1.0	2	347290	n/a
169.58349609375	0.3	0.0	1	347307	n/a
169.591796875	0.3	1.0	2	347324	n/a
169.60009765625	0.3	1.0	2	347341	n/a
169.60888671875	0.3	0.0	1	347359	n/a
169.6171875	0.3	0.0	1	347376	n/a
169.62548828125	0.3	1.0	2	347393	n/a
169.6337890625	0.3	0.0	1	347410	n/a
169.64208984375	0.3	1.0	2	347427	n/a
169.650390625	0.3	0.0	1	347444	n/a
169.65869140625	0.3	1.0	2	347461	n/a
169.6669921875	0.3	1.0	2	347478	n/a
169.67529296875	0.3	0.0	1	347495	n/a
169.68359375	0.3	1.0	2	347512	n/a
169.69189453125	0.3	0.0	1	347529	n/a
169.7001953125	0.3	0.0	1	347546	n/a
169.70849609375	0.3	1.0	2	347563	n/a
169.716796875	0.3	1.0	2	347580	n/a
169.72509765625	0.3	0.0	1	347597	n/a
169.73388671875	0.3	0.0	1	347615	n/a
169.7421875	0.3	1.0	2	347632	n/a
169.75048828125	0.3	0.0	1	347649	n/a
169.7587890625	0.3	1.0	2	347666	n/a
169.76708984375	0.3	1.0	2	347683	n/a
169.775390625	0.3	0.0	1	347700	n/a
169.78369140625	0.3	0.0	1	347717	n/a
169.7919921875	0.3	1.0	2	347734	n/a
169.80029296875	0.3	0.0	1	347751	n/a
169.80859375	0.3	1.0	2	347768	n/a
169.81689453125	0.3	1.0	2	347785	n/a
169.8251953125	0.3	0.0	1	347802	n/a
169.83349609375	0.3	0.0	1	347819	n/a
169.841796875	0.3	1.0	2	347836	n/a
169.85009765625	0.3	1.0	2	347853	n/a
169.85888671875	0.3	0.0	1	347871	n/a
169.8671875	0.3	0.0	1	347888	n/a
169.87548828125	0.3	1.0	2	347905	n/a
169.8837890625	0.3	1.0	2	347922	n/a
169.89208984375	0.3	0.0	1	347939	n/a
169.900390625	0.3	0.0	1	347956	n/a
169.90869140625	0.3	1.0	2	347973	n/a
169.9169921875	0.3	0.0	1	347990	n/a
169.92529296875	0.3	1.0	2	348007	n/a
169.93359375	0.3	0.0	1	348024	n/a
169.94189453125	0.3	1.0	2	348041	n/a
169.9501953125	0.3	1.0	2	348058	n/a
169.95849609375	0.3	0.0	1	348075	n/a
169.966796875	0.3	0.0	1	348092	n/a
169.97509765625	0.3	1.0	2	348109	n/a
169.98388671875	0.3	1.0	2	348127	n/a
169.9921875	0.3	0.0	1	348144	n/a
170.00048828125	0.3	0.0	1	348161	n/a
170.0087890625	0.3	1.0	2	348178	n/a
170.01708984375	0.3	0.0	1	348195	n/a
170.025390625	0.3	1.0	2	348212	n/a
170.03369140625	0.3	1.0	2	348229	n/a
170.0419921875	0.3	0.0	1	348246	n/a
170.05029296875	0.3	1.0	2	348263	n/a
170.05859375	0.3	0.0	1	348280	n/a
170.06689453125	0.3	1.0	2	348297	n/a
170.0751953125	0.3	0.0	1	348314	n/a
170.08349609375	0.3	0.0	1	348331	n/a
170.091796875	0.3	1.0	2	348348	n/a
170.10009765625	0.3	1.0	2	348365	n/a
170.10888671875	0.3	0.0	1	348383	n/a
170.1171875	0.3	1.0	2	348400	n/a
170.12548828125	0.3	0.0	1	348417	n/a
170.1337890625	0.3	1.0	2	348434	n/a
170.14208984375	0.3	0.0	1	348451	n/a
170.150390625	0.3	0.0	1	348468	n/a
170.15869140625	0.3	1.0	2	348485	n/a
170.1669921875	0.3	0.0	1	348502	n/a
170.17529296875	0.3	1.0	2	348519	n/a
170.18359375	0.3	1.0	2	348536	n/a
170.19189453125	0.3	0.0	1	348553	n/a
170.2001953125	0.3	1.0	2	348570	n/a
170.20849609375	0.3	0.0	1	348587	n/a
170.216796875	0.3	1.0	2	348604	n/a
170.22509765625	0.3	0.0	1	348621	n/a
170.23388671875	0.3	0.0	1	348639	n/a
170.2421875	0.3	1.0	2	348656	n/a
170.25048828125	0.3	0.0	1	348673	n/a
170.2587890625	0.3	1.0	2	348690	n/a
170.26708984375	0.3	1.0	2	348707	n/a
170.275390625	0.3	0.0	1	348724	n/a
170.28369140625	0.3	1.0	2	348741	n/a
170.2919921875	0.3	0.0	1	348758	n/a
170.30029296875	0.3	1.0	2	348775	n/a
170.30859375	0.3	0.0	1	348792	n/a
170.31689453125	0.3	1.0	2	348809	n/a
170.3251953125	0.3	0.0	1	348826	n/a
170.33349609375	0.3	0.0	1	348843	n/a
170.341796875	0.3	1.0	2	348860	n/a
170.35009765625	0.3	1.0	2	348877	n/a
170.35888671875	0.3	0.0	1	348895	n/a
170.3671875	0.3	0.0	1	348912	n/a
170.37548828125	0.3	1.0	2	348929	n/a
170.3837890625	0.3	1.0	2	348946	n/a
170.39208984375	0.3	0.0	1	348963	n/a
170.400390625	0.3	0.0	1	348980	n/a
170.40869140625	0.3	1.0	2	348997	n/a
170.4169921875	0.3	1.0	2	349014	n/a
170.42529296875	0.3	0.0	1	349031	n/a
170.43359375	0.3	1.0	2	349048	n/a
170.44189453125	0.3	0.0	1	349065	n/a
170.4501953125	0.3	0.0	1	349082	n/a
170.45849609375	0.3	1.0	2	349099	n/a
170.466796875	0.3	1.0	2	349116	n/a
170.47509765625	0.3	0.0	1	349133	n/a
170.48388671875	0.3	0.0	1	349151	n/a
170.4921875	0.3	1.0	2	349168	n/a
170.50048828125	0.3	1.0	2	349185	n/a
170.5087890625	0.3	0.0	1	349202	n/a
170.51708984375	0.3	0.0	1	349219	n/a
170.525390625	0.3	1.0	2	349236	n/a
170.53369140625	0.3	0.0	1	349253	n/a
170.5419921875	0.3	1.0	2	349270	n/a
170.55029296875	0.3	1.0	2	349287	n/a
170.55859375	0.3	0.0	1	349304	n/a
170.56689453125	0.3	0.0	1	349321	n/a
170.5751953125	0.3	1.0	2	349338	n/a
170.58349609375	0.3	0.0	1	349355	n/a
170.591796875	0.3	1.0	2	349372	n/a
170.60009765625	0.3	1.0	2	349389	n/a
170.60888671875	0.3	0.0	1	349407	n/a
170.6171875	0.3	0.0	1	349424	n/a
170.62548828125	0.3	1.0	2	349441	n/a
170.6337890625	0.3	0.0	1	349458	n/a
170.64208984375	0.3	1.0	2	349475	n/a
170.650390625	0.3	1.0	2	349492	n/a
170.65869140625	0.3	0.0	1	349509	n/a
170.6669921875	0.3	0.0	1	349526	n/a
170.67529296875	0.3	1.0	2	349543	n/a
170.68359375	0.3	0.0	1	349560	n/a
170.69189453125	0.3	1.0	2	349577	n/a
170.7001953125	0.3	0.0	1	349594	n/a
170.70849609375	0.3	1.0	2	349611	n/a
170.716796875	0.3	1.0	2	349628	n/a
170.72509765625	0.3	0.0	1	349645	n/a
170.73388671875	0.3	1.0	2	349663	n/a
170.7421875	0.3	0.0	1	349680	n/a
170.75048828125	0.3	0.0	1	349697	n/a
170.7587890625	0.3	1.0	2	349714	n/a
170.76708984375	0.3	1.0	2	349731	n/a
170.775390625	0.3	0.0	1	349748	n/a
170.78369140625	0.3	0.0	1	349765	n/a
170.7919921875	0.3	1.0	2	349782	n/a
170.80029296875	0.3	0.0	1	349799	n/a
170.80859375	0.3	1.0	2	349816	n/a
170.81689453125	0.3	1.0	2	349833	n/a
170.8251953125	0.3	0.0	1	349850	n/a
170.83349609375	0.3	0.0	1	349867	n/a
170.841796875	0.3	1.0	2	349884	n/a
170.85009765625	0.3	0.0	1	349901	n/a
170.85888671875	0.3	1.0	2	349919	n/a
170.8671875	0.3	1.0	2	349936	n/a
170.87548828125	0.3	0.0	1	349953	n/a
170.8837890625	0.3	0.0	1	349970	n/a
170.89208984375	0.3	1.0	2	349987	n/a
170.900390625	0.3	1.0	2	350004	n/a
170.90869140625	0.3	0.0	1	350021	n/a
170.9169921875	0.3	0.0	1	350038	n/a
170.92529296875	0.3	1.0	2	350055	n/a
170.93359375	0.3	1.0	2	350072	n/a
170.94189453125	0.3	0.0	1	350089	n/a
170.9501953125	0.3	0.0	1	350106	n/a
170.95849609375	0.3	1.0	2	350123	n/a
170.966796875	0.3	0.0	1	350140	n/a
170.97509765625	0.3	1.0	2	350157	n/a
170.98388671875	0.3	0.0	1	350175	n/a
170.9921875	0.3	1.0	2	350192	n/a
171.00048828125	0.3	1.0	2	350209	n/a
171.0087890625	0.3	0.0	1	350226	n/a
171.01708984375	0.3	0.0	1	350243	n/a
171.025390625	0.3	1.0	2	350260	n/a
171.03369140625	0.3	1.0	2	350277	n/a
171.0419921875	0.3	0.0	1	350294	n/a
171.05029296875	0.3	0.0	1	350311	n/a
171.05859375	0.3	1.0	2	350328	n/a
171.06689453125	0.3	0.0	1	350345	n/a
171.0751953125	0.3	1.0	2	350362	n/a
171.08349609375	0.3	1.0	2	350379	n/a
171.091796875	0.3	0.0	1	350396	n/a
171.10009765625	0.3	1.0	2	350413	n/a
171.10888671875	0.3	0.0	1	350431	n/a
171.1171875	0.3	1.0	2	350448	n/a
171.12548828125	0.3	0.0	1	350465	n/a
171.1337890625	0.3	0.0	1	350482	n/a
171.14208984375	0.3	1.0	2	350499	n/a
171.150390625	0.3	1.0	2	350516	n/a
171.15869140625	0.3	0.0	1	350533	n/a
171.1669921875	0.3	1.0	2	350550	n/a
171.17529296875	0.3	0.0	1	350567	n/a
171.18359375	0.3	1.0	2	350584	n/a
171.19189453125	0.3	0.0	1	350601	n/a
171.2001953125	0.3	0.0	1	350618	n/a
171.20849609375	0.3	1.0	2	350635	n/a
171.216796875	0.3	0.0	1	350652	n/a
171.22509765625	0.3	1.0	2	350669	n/a
171.23388671875	0.3	1.0	2	350687	n/a
171.2421875	0.3	0.0	1	350704	n/a
171.25048828125	0.3	1.0	2	350721	n/a
171.2587890625	0.3	0.0	1	350738	n/a
171.26708984375	0.3	1.0	2	350755	n/a
171.275390625	0.3	0.0	1	350772	n/a
171.28369140625	0.3	0.0	1	350789	n/a
171.2919921875	0.3	1.0	2	350806	n/a
171.30029296875	0.3	0.0	1	350823	n/a
171.30859375	0.3	1.0	2	350840	n/a
171.31689453125	0.3	1.0	2	350857	n/a
171.3251953125	0.3	0.0	1	350874	n/a
171.33349609375	0.3	1.0	2	350891	n/a
171.341796875	0.3	0.0	1	350908	n/a
171.35009765625	0.3	1.0	2	350925	n/a
171.35888671875	0.3	0.0	1	350943	n/a
171.3671875	0.3	1.0	2	350960	n/a
171.37548828125	0.3	0.0	1	350977	n/a
171.3837890625	0.3	0.0	1	350994	n/a
171.39208984375	0.3	1.0	2	351011	n/a
171.400390625	0.3	1.0	2	351028	n/a
171.40869140625	0.3	0.0	1	351045	n/a
171.4169921875	0.3	0.0	1	351062	n/a
171.42529296875	0.3	1.0	2	351079	n/a
171.43359375	0.3	1.0	2	351096	n/a
171.44189453125	0.3	0.0	1	351113	n/a
171.4501953125	0.3	0.0	1	351130	n/a
171.45849609375	0.3	1.0	2	351147	n/a
171.466796875	0.3	1.0	2	351164	n/a
171.47509765625	0.3	0.0	1	351181	n/a
171.48388671875	0.3	1.0	2	351199	n/a
171.4921875	0.3	0.0	1	351216	n/a
171.50048828125	0.3	0.0	1	351233	n/a
171.5087890625	0.3	1.0	2	351250	n/a
171.51708984375	0.3	1.0	2	351267	n/a
171.525390625	0.3	0.0	1	351284	n/a
171.53369140625	0.3	0.0	1	351301	n/a
171.5419921875	0.3	1.0	2	351318	n/a
171.55029296875	0.3	1.0	2	351335	n/a
171.55859375	0.3	0.0	1	351352	n/a
171.56689453125	0.3	0.0	1	351369	n/a
171.5751953125	0.3	1.0	2	351386	n/a
171.58349609375	0.3	0.0	1	351403	n/a
171.591796875	0.3	1.0	2	351420	n/a
171.60009765625	0.3	1.0	2	351437	n/a
171.60888671875	0.3	0.0	1	351455	n/a
171.6171875	0.3	0.0	1	351472	n/a
171.62548828125	0.3	1.0	2	351489	n/a
171.6337890625	0.3	0.0	1	351506	n/a
171.64208984375	0.3	1.0	2	351523	n/a
171.650390625	0.3	1.0	2	351540	n/a
171.65869140625	0.3	0.0	1	351557	n/a
171.6669921875	0.3	0.0	1	351574	n/a
171.67529296875	0.3	1.0	2	351591	n/a
171.68359375	0.3	0.0	1	351608	n/a
171.69189453125	0.3	1.0	2	351625	n/a
171.7001953125	0.3	1.0	2	351642	n/a
171.70849609375	0.3	0.0	1	351659	n/a
171.716796875	0.3	0.0	1	351676	n/a
171.72509765625	0.3	1.0	2	351693	n/a
171.73388671875	0.3	0.0	1	351711	n/a
171.7421875	0.3	1.0	2	351728	n/a
171.75048828125	0.3	0.0	1	351745	n/a
171.7587890625	0.3	1.0	2	351762	n/a
171.76708984375	0.3	1.0	2	351779	n/a
171.775390625	0.3	0.0	1	351796	n/a
171.78369140625	0.3	1.0	2	351813	n/a
171.7919921875	0.3	0.0	1	351830	n/a
171.80029296875	0.3	0.0	1	351847	n/a
171.80859375	0.3	1.0	2	351864	n/a
171.81689453125	0.3	1.0	2	351881	n/a
171.8251953125	0.3	0.0	1	351898	n/a
171.83349609375	0.3	0.0	1	351915	n/a
171.841796875	0.3	1.0	2	351932	n/a
171.85009765625	0.3	0.0	1	351949	n/a
171.85888671875	0.3	1.0	2	351967	n/a
171.8671875	0.3	1.0	2	351984	n/a
171.87548828125	0.3	0.0	1	352001	n/a
171.8837890625	0.3	0.0	1	352018	n/a
171.89208984375	0.3	1.0	2	352035	n/a
171.900390625	0.3	0.0	1	352052	n/a
171.90869140625	0.3	1.0	2	352069	n/a
171.9169921875	0.3	1.0	2	352086	n/a
171.92529296875	0.3	0.0	1	352103	n/a
171.93359375	0.3	0.0	1	352120	n/a
171.94189453125	0.3	1.0	2	352137	n/a
171.9501953125	0.3	1.0	2	352154	n/a
171.95849609375	0.3	0.0	1	352171	n/a
171.966796875	0.3	0.0	1	352188	n/a
171.97509765625	0.3	1.0	2	352205	n/a
171.98388671875	0.3	1.0	2	352223	n/a
171.9921875	0.3	0.0	1	352240	n/a
172.00048828125	0.3	0.0	1	352257	n/a
172.0087890625	0.3	1.0	2	352274	n/a
172.01708984375	0.3	0.0	1	352291	n/a
172.025390625	0.3	1.0	2	352308	n/a
172.03369140625	0.3	0.0	1	352325	n/a
172.0419921875	0.3	1.0	2	352342	n/a
172.05029296875	0.3	1.0	2	352359	n/a
172.05859375	0.3	0.0	1	352376	n/a
172.06689453125	0.3	0.0	1	352393	n/a
172.0751953125	0.3	1.0	2	352410	n/a
172.08349609375	0.3	1.0	2	352427	n/a
172.091796875	0.3	0.0	1	352444	n/a
172.10009765625	0.3	0.0	1	352461	n/a
172.10888671875	0.3	1.0	2	352479	n/a
174.5009765625	0.3	0.0	1	357378	12.0
174.50927734375	0.3	1.0	2	357395	n/a
174.517578125	0.3	1.0	2	357412	n/a
174.52587890625	0.3	0.0	1	357429	n/a
174.5341796875	0.3	0.0	1	357446	n/a
174.54248046875	0.3	1.0	2	357463	n/a
174.55078125	0.3	0.0	1	357480	n/a
174.55908203125	0.3	1.0	2	357497	n/a
174.56787109375	0.3	0.0	1	357515	n/a
174.576171875	0.3	1.0	2	357532	n/a
174.58447265625	0.3	1.0	2	357549	n/a
174.5927734375	0.3	0.0	1	357566	n/a
174.60107421875	0.3	0.0	1	357583	n/a
174.609375	0.3	1.0	2	357600	n/a
174.61767578125	0.3	0.0	1	357617	n/a
174.6259765625	0.3	1.0	2	357634	n/a
174.63427734375	0.3	1.0	2	357651	n/a
174.642578125	0.3	0.0	1	357668	n/a
174.65087890625	0.3	1.0	2	357685	n/a
174.6591796875	0.3	0.0	1	357702	n/a
174.66748046875	0.3	1.0	2	357719	n/a
174.67578125	0.3	0.0	1	357736	n/a
174.68408203125	0.3	0.0	1	357753	n/a
174.69287109375	0.3	1.0	2	357771	n/a
174.701171875	0.3	0.0	1	357788	n/a
174.70947265625	0.3	1.0	2	357805	n/a
174.7177734375	0.3	1.0	2	357822	n/a
174.72607421875	0.3	0.0	1	357839	n/a
174.734375	0.3	0.0	1	357856	n/a
174.74267578125	0.3	1.0	2	357873	n/a
174.7509765625	0.3	0.0	1	357890	n/a
174.75927734375	0.3	1.0	2	357907	n/a
174.767578125	0.3	1.0	2	357924	n/a
174.77587890625	0.3	0.0	1	357941	n/a
174.7841796875	0.3	0.0	1	357958	n/a
174.79248046875	0.3	1.0	2	357975	n/a
174.80078125	0.3	0.0	1	357992	n/a
174.80908203125	0.3	1.0	2	358009	n/a
174.81787109375	0.3	0.0	1	358027	n/a
174.826171875	0.3	1.0	2	358044	n/a
174.83447265625	0.3	0.0	1	358061	n/a
174.8427734375	0.3	1.0	2	358078	n/a
174.85107421875	0.3	0.0	1	358095	n/a
174.859375	0.3	1.0	2	358112	n/a
174.86767578125	0.3	1.0	2	358129	n/a
174.8759765625	0.3	0.0	1	358146	n/a
174.88427734375	0.3	1.0	2	358163	n/a
174.892578125	0.3	0.0	1	358180	n/a
174.90087890625	0.3	0.0	1	358197	n/a
174.9091796875	0.3	1.0	2	358214	n/a
174.91748046875	0.3	1.0	2	358231	n/a
174.92578125	0.3	0.0	1	358248	n/a
174.93408203125	0.3	1.0	2	358265	n/a
174.94287109375	0.3	0.0	1	358283	n/a
174.951171875	0.3	0.0	1	358300	n/a
174.95947265625	0.3	1.0	2	358317	n/a
174.9677734375	0.3	0.0	1	358334	n/a
174.97607421875	0.3	1.0	2	358351	n/a
174.984375	0.3	1.0	2	358368	n/a
174.99267578125	0.3	0.0	1	358385	n/a
175.0009765625	0.3	0.0	1	358402	n/a
175.00927734375	0.3	1.0	2	358419	n/a
175.017578125	0.3	1.0	2	358436	n/a
175.02587890625	0.3	0.0	1	358453	n/a
175.0341796875	0.3	1.0	2	358470	n/a
175.04248046875	0.3	0.0	1	358487	n/a
175.05078125	0.3	0.0	1	358504	n/a
175.05908203125	0.3	1.0	2	358521	n/a
175.06787109375	0.3	1.0	2	358539	n/a
175.076171875	0.3	0.0	1	358556	n/a
175.08447265625	0.3	1.0	2	358573	n/a
175.0927734375	0.3	0.0	1	358590	n/a
175.10107421875	0.3	0.0	1	358607	n/a
175.109375	0.3	1.0	2	358624	n/a
175.11767578125	0.3	0.0	1	358641	n/a
175.1259765625	0.3	1.0	2	358658	n/a
175.13427734375	0.3	1.0	2	358675	n/a
175.142578125	0.3	0.0	1	358692	n/a
175.15087890625	0.3	1.0	2	358709	n/a
175.1591796875	0.3	0.0	1	358726	n/a
175.16748046875	0.3	1.0	2	358743	n/a
175.17578125	0.3	0.0	1	358760	n/a
175.18408203125	0.3	1.0	2	358777	n/a
175.19287109375	0.3	0.0	1	358795	n/a
175.201171875	0.3	1.0	2	358812	n/a
175.20947265625	0.3	0.0	1	358829	n/a
175.2177734375	0.3	1.0	2	358846	n/a
175.22607421875	0.3	0.0	1	358863	n/a
175.234375	0.3	0.0	1	358880	n/a
175.24267578125	0.3	1.0	2	358897	n/a
175.2509765625	0.3	1.0	2	358914	n/a
175.25927734375	0.3	0.0	1	358931	n/a
175.267578125	0.3	0.0	1	358948	n/a
175.27587890625	0.3	1.0	2	358965	n/a
175.2841796875	0.3	1.0	2	358982	n/a
175.29248046875	0.3	0.0	1	358999	n/a
175.30078125	0.3	1.0	2	359016	n/a
175.30908203125	0.3	0.0	1	359033	n/a
175.31787109375	0.3	1.0	2	359051	n/a
175.326171875	0.3	0.0	1	359068	n/a
175.33447265625	0.3	1.0	2	359085	n/a
175.3427734375	0.3	0.0	1	359102	n/a
175.35107421875	0.3	0.0	1	359119	n/a
175.359375	0.3	1.0	2	359136	n/a
175.36767578125	0.3	1.0	2	359153	n/a
175.3759765625	0.3	0.0	1	359170	n/a
175.38427734375	0.3	0.0	1	359187	n/a
175.392578125	0.3	1.0	2	359204	n/a
175.40087890625	0.3	1.0	2	359221	n/a
175.4091796875	0.3	0.0	1	359238	n/a
175.41748046875	0.3	1.0	2	359255	n/a
175.42578125	0.3	0.0	1	359272	n/a
175.43408203125	0.3	0.0	1	359289	n/a
175.44287109375	0.3	1.0	2	359307	n/a
175.451171875	0.3	1.0	2	359324	n/a
175.45947265625	0.3	0.0	1	359341	n/a
175.4677734375	0.3	0.0	1	359358	n/a
175.47607421875	0.3	1.0	2	359375	n/a
175.484375	0.3	0.0	1	359392	n/a
175.49267578125	0.3	1.0	2	359409	n/a
175.5009765625	0.3	0.0	1	359426	n/a
175.50927734375	0.3	1.0	2	359443	n/a
175.517578125	0.3	0.0	1	359460	n/a
175.52587890625	0.3	1.0	2	359477	n/a
175.5341796875	0.3	0.0	1	359494	n/a
175.54248046875	0.3	1.0	2	359511	n/a
175.55078125	0.3	0.0	1	359528	n/a
175.55908203125	0.3	1.0	2	359545	n/a
175.56787109375	0.3	1.0	2	359563	n/a
175.576171875	0.3	0.0	1	359580	n/a
175.58447265625	0.3	0.0	1	359597	n/a
175.5927734375	0.3	1.0	2	359614	n/a
175.60107421875	0.3	0.0	1	359631	n/a
175.609375	0.3	1.0	2	359648	n/a
175.61767578125	0.3	0.0	1	359665	n/a
175.6259765625	0.3	1.0	2	359682	n/a
175.63427734375	0.3	1.0	2	359699	n/a
175.642578125	0.3	0.0	1	359716	n/a
175.65087890625	0.3	0.0	1	359733	n/a
175.6591796875	0.3	1.0	2	359750	n/a
175.66748046875	0.3	0.0	1	359767	n/a
175.67578125	0.3	1.0	2	359784	n/a
175.68408203125	0.3	1.0	2	359801	n/a
175.69287109375	0.3	0.0	1	359819	n/a
175.701171875	0.3	1.0	2	359836	n/a
175.70947265625	0.3	0.0	1	359853	n/a
175.7177734375	0.3	1.0	2	359870	n/a
175.72607421875	0.3	0.0	1	359887	n/a
175.734375	0.3	0.0	1	359904	n/a
175.74267578125	0.3	1.0	2	359921	n/a
175.7509765625	0.3	0.0	1	359938	n/a
175.75927734375	0.3	1.0	2	359955	n/a
175.767578125	0.3	1.0	2	359972	n/a
175.77587890625	0.3	0.0	1	359989	n/a
175.7841796875	0.3	0.0	1	360006	n/a
175.79248046875	0.3	1.0	2	360023	n/a
175.80078125	0.3	0.0	1	360040	n/a
175.80908203125	0.3	1.0	2	360057	n/a
175.81787109375	0.3	1.0	2	360075	n/a
175.826171875	0.3	0.0	1	360092	n/a
175.83447265625	0.3	0.0	1	360109	n/a
175.8427734375	0.3	1.0	2	360126	n/a
175.85107421875	0.3	0.0	1	360143	n/a
175.859375	0.3	1.0	2	360160	n/a
175.86767578125	0.3	0.0	1	360177	n/a
175.8759765625	0.3	1.0	2	360194	n/a
175.88427734375	0.3	0.0	1	360211	n/a
175.892578125	0.3	1.0	2	360228	n/a
175.90087890625	0.3	0.0	1	360245	n/a
175.9091796875	0.3	1.0	2	360262	n/a
175.91748046875	0.3	1.0	2	360279	n/a
175.92578125	0.3	0.0	1	360296	n/a
175.93408203125	0.3	1.0	2	360313	n/a
175.94287109375	0.3	0.0	1	360331	n/a
175.951171875	0.3	0.0	1	360348	n/a
175.95947265625	0.3	1.0	2	360365	n/a
175.9677734375	0.3	1.0	2	360382	n/a
175.97607421875	0.3	0.0	1	360399	n/a
175.984375	0.3	1.0	2	360416	n/a
175.99267578125	0.3	0.0	1	360433	n/a
176.0009765625	0.3	0.0	1	360450	n/a
176.00927734375	0.3	1.0	2	360467	n/a
176.017578125	0.3	0.0	1	360484	n/a
176.02587890625	0.3	1.0	2	360501	n/a
176.0341796875	0.3	1.0	2	360518	n/a
176.04248046875	0.3	0.0	1	360535	n/a
176.05078125	0.3	0.0	1	360552	n/a
176.05908203125	0.3	1.0	2	360569	n/a
176.06787109375	0.3	1.0	2	360587	n/a
176.076171875	0.3	0.0	1	360604	n/a
176.08447265625	0.3	1.0	2	360621	n/a
176.0927734375	0.3	0.0	1	360638	n/a
176.10107421875	0.3	0.0	1	360655	n/a
176.109375	0.3	1.0	2	360672	n/a
176.11767578125	0.3	1.0	2	360689	n/a
176.1259765625	0.3	0.0	1	360706	n/a
176.13427734375	0.3	1.0	2	360723	n/a
176.142578125	0.3	0.0	1	360740	n/a
176.15087890625	0.3	0.0	1	360757	n/a
176.1591796875	0.3	1.0	2	360774	n/a
176.16748046875	0.3	0.0	1	360791	n/a
176.17578125	0.3	1.0	2	360808	n/a
176.18408203125	0.3	1.0	2	360825	n/a
176.19287109375	0.3	0.0	1	360843	n/a
176.201171875	0.3	1.0	2	360860	n/a
176.20947265625	0.3	0.0	1	360877	n/a
176.2177734375	0.3	1.0	2	360894	n/a
176.22607421875	0.3	0.0	1	360911	n/a
176.234375	0.3	1.0	2	360928	n/a
176.24267578125	0.3	0.0	1	360945	n/a
176.2509765625	0.3	1.0	2	360962	n/a
176.25927734375	0.3	0.0	1	360979	n/a
176.267578125	0.3	1.0	2	360996	n/a
176.27587890625	0.3	0.0	1	361013	n/a
176.2841796875	0.3	0.0	1	361030	n/a
176.29248046875	0.3	1.0	2	361047	n/a
176.30078125	0.3	1.0	2	361064	n/a
176.30908203125	0.3	0.0	1	361081	n/a
176.31787109375	0.3	0.0	1	361099	n/a
176.326171875	0.3	1.0	2	361116	n/a
176.33447265625	0.3	1.0	2	361133	n/a
176.3427734375	0.3	0.0	1	361150	n/a
176.35107421875	0.3	1.0	2	361167	n/a
176.359375	0.3	0.0	1	361184	n/a
176.36767578125	0.3	1.0	2	361201	n/a
176.3759765625	0.3	0.0	1	361218	n/a
176.38427734375	0.3	1.0	2	361235	n/a
176.392578125	0.3	0.0	1	361252	n/a
176.40087890625	0.3	0.0	1	361269	n/a
176.4091796875	0.3	1.0	2	361286	n/a
176.41748046875	0.3	1.0	2	361303	n/a
176.42578125	0.3	0.0	1	361320	n/a
176.43408203125	0.3	0.0	1	361337	n/a
176.44287109375	0.3	1.0	2	361355	n/a
176.451171875	0.3	1.0	2	361372	n/a
176.45947265625	0.3	0.0	1	361389	n/a
176.4677734375	0.3	1.0	2	361406	n/a
176.47607421875	0.3	0.0	1	361423	n/a
176.484375	0.3	0.0	1	361440	n/a
176.49267578125	0.3	1.0	2	361457	n/a
176.5009765625	0.3	1.0	2	361474	n/a
176.50927734375	0.3	0.0	1	361491	n/a
176.517578125	0.3	0.0	1	361508	n/a
176.52587890625	0.3	1.0	2	361525	n/a
176.5341796875	0.3	0.0	1	361542	n/a
176.54248046875	0.3	1.0	2	361559	n/a
176.55078125	0.3	0.0	1	361576	n/a
176.55908203125	0.3	1.0	2	361593	n/a
176.56787109375	0.3	0.0	1	361611	n/a
176.576171875	0.3	1.0	2	361628	n/a
176.58447265625	0.3	0.0	1	361645	n/a
176.5927734375	0.3	1.0	2	361662	n/a
176.60107421875	0.3	0.0	1	361679	n/a
176.609375	0.3	1.0	2	361696	n/a
176.61767578125	0.3	1.0	2	361713	n/a
176.6259765625	0.3	0.0	1	361730	n/a
176.63427734375	0.3	0.0	1	361747	n/a
176.642578125	0.3	1.0	2	361764	n/a
176.65087890625	0.3	0.0	1	361781	n/a
176.6591796875	0.3	1.0	2	361798	n/a
176.66748046875	0.3	0.0	1	361815	n/a
176.67578125	0.3	1.0	2	361832	n/a
176.68408203125	0.3	1.0	2	361849	n/a
176.69287109375	0.3	0.0	1	361867	n/a
176.701171875	0.3	0.0	1	361884	n/a
176.70947265625	0.3	1.0	2	361901	n/a
176.7177734375	0.3	0.0	1	361918	n/a
176.72607421875	0.3	1.0	2	361935	n/a
176.734375	0.3	1.0	2	361952	n/a
176.74267578125	0.3	0.0	1	361969	n/a
176.7509765625	0.3	1.0	2	361986	n/a
176.75927734375	0.3	0.0	1	362003	n/a
176.767578125	0.3	1.0	2	362020	n/a
176.77587890625	0.3	0.0	1	362037	n/a
176.7841796875	0.3	0.0	1	362054	n/a
176.79248046875	0.3	1.0	2	362071	n/a
176.80078125	0.3	0.0	1	362088	n/a
176.80908203125	0.3	1.0	2	362105	n/a
176.81787109375	0.3	1.0	2	362123	n/a
176.826171875	0.3	0.0	1	362140	n/a
176.83447265625	0.3	0.0	1	362157	n/a
176.8427734375	0.3	1.0	2	362174	n/a
176.85107421875	0.3	0.0	1	362191	n/a
176.859375	0.3	1.0	2	362208	n/a
176.86767578125	0.3	1.0	2	362225	n/a
176.8759765625	0.3	0.0	1	362242	n/a
176.88427734375	0.3	0.0	1	362259	n/a
176.892578125	0.3	1.0	2	362276	n/a
176.90087890625	0.3	0.0	1	362293	n/a
176.9091796875	0.3	1.0	2	362310	n/a
176.91748046875	0.3	0.0	1	362327	n/a
176.92578125	0.3	1.0	2	362344	n/a
176.93408203125	0.3	0.0	1	362361	n/a
176.94287109375	0.3	1.0	2	362379	n/a
176.951171875	0.3	0.0	1	362396	n/a
176.95947265625	0.3	1.0	2	362413	n/a
176.9677734375	0.3	1.0	2	362430	n/a
176.97607421875	0.3	0.0	1	362447	n/a
176.984375	0.3	1.0	2	362464	n/a
176.99267578125	0.3	0.0	1	362481	n/a
177.0009765625	0.3	0.0	1	362498	n/a
177.00927734375	0.3	1.0	2	362515	n/a
177.017578125	0.3	1.0	2	362532	n/a
177.02587890625	0.3	0.0	1	362549	n/a
177.0341796875	0.3	1.0	2	362566	n/a
177.04248046875	0.3	0.0	1	362583	n/a
177.05078125	0.3	0.0	1	362600	n/a
177.05908203125	0.3	1.0	2	362617	n/a
177.06787109375	0.3	0.0	1	362635	n/a
177.076171875	0.3	1.0	2	362652	n/a
177.08447265625	0.3	1.0	2	362669	n/a
177.0927734375	0.3	0.0	1	362686	n/a
177.10107421875	0.3	0.0	1	362703	n/a
177.109375	0.3	1.0	2	362720	n/a
177.11767578125	0.3	1.0	2	362737	n/a
177.1259765625	0.3	0.0	1	362754	n/a
177.13427734375	0.3	1.0	2	362771	n/a
177.142578125	0.3	0.0	1	362788	n/a
177.15087890625	0.3	0.0	1	362805	n/a
177.1591796875	0.3	1.0	2	362822	n/a
177.16748046875	0.3	1.0	2	362839	n/a
177.17578125	0.3	0.0	1	362856	n/a
177.18408203125	0.3	1.0	2	362873	n/a
177.19287109375	0.3	0.0	1	362891	n/a
177.201171875	0.3	0.0	1	362908	n/a
177.20947265625	0.3	1.0	2	362925	n/a
177.2177734375	0.3	0.0	1	362942	n/a
177.22607421875	0.3	1.0	2	362959	n/a
177.234375	0.3	1.0	2	362976	n/a
177.24267578125	0.3	0.0	1	362993	n/a
177.2509765625	0.3	1.0	2	363010	n/a
177.25927734375	0.3	0.0	1	363027	n/a
177.267578125	0.3	1.0	2	363044	n/a
177.27587890625	0.3	0.0	1	363061	n/a
177.2841796875	0.3	1.0	2	363078	n/a
177.29248046875	0.3	0.0	1	363095	n/a
177.30078125	0.3	1.0	2	363112	n/a
177.30908203125	0.3	0.0	1	363129	n/a
177.31787109375	0.3	1.0	2	363147	n/a
177.326171875	0.3	0.0	1	363164	n/a
177.33447265625	0.3	0.0	1	363181	n/a
177.3427734375	0.3	1.0	2	363198	n/a
177.35107421875	0.3	1.0	2	363215	n/a
177.359375	0.3	0.0	1	363232	n/a
177.36767578125	0.3	0.0	1	363249	n/a
177.3759765625	0.3	1.0	2	363266	n/a
177.38427734375	0.3	1.0	2	363283	n/a
177.392578125	0.3	0.0	1	363300	n/a
177.40087890625	0.3	1.0	2	363317	n/a
177.4091796875	0.3	0.0	1	363334	n/a
177.41748046875	0.3	1.0	2	363351	n/a
177.42578125	0.3	0.0	1	363368	n/a
177.43408203125	0.3	1.0	2	363385	n/a
177.44287109375	0.3	0.0	1	363403	n/a
177.451171875	0.3	0.0	1	363420	n/a
177.45947265625	0.3	1.0	2	363437	n/a
177.4677734375	0.3	1.0	2	363454	n/a
177.47607421875	0.3	0.0	1	363471	n/a
177.484375	0.3	0.0	1	363488	n/a
177.49267578125	0.3	1.0	2	363505	n/a
177.5009765625	0.3	1.0	2	363522	n/a
177.50927734375	0.3	0.0	1	363539	n/a
177.517578125	0.3	1.0	2	363556	n/a
177.52587890625	0.3	0.0	1	363573	n/a
177.5341796875	0.3	0.0	1	363590	n/a
177.54248046875	0.3	1.0	2	363607	n/a
177.55078125	0.3	1.0	2	363624	n/a
177.55908203125	0.3	0.0	1	363641	n/a
177.56787109375	0.3	0.0	1	363659	n/a
177.576171875	0.3	1.0	2	363676	n/a
177.58447265625	0.3	0.0	1	363693	n/a
177.5927734375	0.3	1.0	2	363710	n/a
177.60107421875	0.3	0.0	1	363727	n/a
177.609375	0.3	1.0	2	363744	n/a
177.61767578125	0.3	0.0	1	363761	n/a
177.6259765625	0.3	1.0	2	363778	n/a
177.63427734375	0.3	0.0	1	363795	n/a
177.642578125	0.3	1.0	2	363812	n/a
177.65087890625	0.3	0.0	1	363829	n/a
177.6591796875	0.3	1.0	2	363846	n/a
177.66748046875	0.3	1.0	2	363863	n/a
177.67578125	0.3	0.0	1	363880	n/a
177.68408203125	0.3	0.0	1	363897	n/a
177.69287109375	0.3	1.0	2	363915	n/a
177.701171875	0.3	0.0	1	363932	n/a
177.70947265625	0.3	1.0	2	363949	n/a
177.7177734375	0.3	0.0	1	363966	n/a
177.72607421875	0.3	1.0	2	363983	n/a
177.734375	0.3	1.0	2	364000	n/a
177.74267578125	0.3	0.0	1	364017	n/a
177.7509765625	0.3	0.0	1	364034	n/a
177.75927734375	0.3	1.0	2	364051	n/a
177.767578125	0.3	0.0	1	364068	n/a
177.77587890625	0.3	1.0	2	364085	n/a
177.7841796875	0.3	1.0	2	364102	n/a
177.79248046875	0.3	0.0	1	364119	n/a
177.80078125	0.3	1.0	2	364136	n/a
177.80908203125	0.3	0.0	1	364153	n/a
177.81787109375	0.3	1.0	2	364171	n/a
177.826171875	0.3	0.0	1	364188	n/a
177.83447265625	0.3	0.0	1	364205	n/a
177.8427734375	0.3	1.0	2	364222	n/a
177.85107421875	0.3	0.0	1	364239	n/a
177.859375	0.3	1.0	2	364256	n/a
177.86767578125	0.3	1.0	2	364273	n/a
177.8759765625	0.3	0.0	1	364290	n/a
177.88427734375	0.3	0.0	1	364307	n/a
177.892578125	0.3	1.0	2	364324	n/a
177.90087890625	0.3	0.0	1	364341	n/a
177.9091796875	0.3	1.0	2	364358	n/a
177.91748046875	0.3	1.0	2	364375	n/a
177.92578125	0.3	0.0	1	364392	n/a
177.93408203125	0.3	0.0	1	364409	n/a
177.94287109375	0.3	1.0	2	364427	n/a
177.951171875	0.3	0.0	1	364444	n/a
177.95947265625	0.3	1.0	2	364461	n/a
177.9677734375	0.3	0.0	1	364478	n/a
177.97607421875	0.3	1.0	2	364495	n/a
177.984375	0.3	0.0	1	364512	n/a
177.99267578125	0.3	1.0	2	364529	n/a
178.0009765625	0.3	0.0	1	364546	n/a
178.00927734375	0.3	1.0	2	364563	n/a
178.017578125	0.3	1.0	2	364580	n/a
178.02587890625	0.3	0.0	1	364597	n/a
178.0341796875	0.3	1.0	2	364614	n/a
178.04248046875	0.3	0.0	1	364631	n/a
178.05078125	0.3	0.0	1	364648	n/a
178.05908203125	0.3	1.0	2	364665	n/a
178.06787109375	0.3	1.0	2	364683	n/a
178.076171875	0.3	0.0	1	364700	n/a
178.08447265625	0.3	1.0	2	364717	n/a
178.0927734375	0.3	0.0	1	364734	n/a
178.10107421875	0.3	0.0	1	364751	n/a
178.109375	0.3	1.0	2	364768	n/a
178.11767578125	0.3	0.0	1	364785	n/a
178.1259765625	0.3	1.0	2	364802	n/a
178.13427734375	0.3	1.0	2	364819	n/a
178.142578125	0.3	0.0	1	364836	n/a
178.15087890625	0.3	0.0	1	364853	n/a
178.1591796875	0.3	1.0	2	364870	n/a
178.16748046875	0.3	1.0	2	364887	n/a
178.17578125	0.3	0.0	1	364904	n/a
178.18408203125	0.3	1.0	2	364921	n/a
178.19287109375	0.3	0.0	1	364939	n/a
178.201171875	0.3	0.0	1	364956	n/a
178.20947265625	0.3	1.0	2	364973	n/a
178.2177734375	0.3	1.0	2	364990	n/a
178.22607421875	0.3	0.0	1	365007	n/a
178.234375	0.3	1.0	2	365024	n/a
178.24267578125	0.3	0.0	1	365041	n/a
178.2509765625	0.3	0.0	1	365058	n/a
178.25927734375	0.3	1.0	2	365075	n/a
178.267578125	0.3	0.0	1	365092	n/a
178.27587890625	0.3	1.0	2	365109	n/a
178.2841796875	0.3	1.0	2	365126	n/a
178.29248046875	0.3	0.0	1	365143	n/a
178.30078125	0.3	1.0	2	365160	n/a
178.30908203125	0.3	0.0	1	365177	n/a
178.31787109375	0.3	1.0	2	365195	n/a
178.326171875	0.3	0.0	1	365212	n/a
178.33447265625	0.3	1.0	2	365229	n/a
178.3427734375	0.3	0.0	1	365246	n/a
178.35107421875	0.3	1.0	2	365263	n/a
178.359375	0.3	0.0	1	365280	n/a
178.36767578125	0.3	1.0	2	365297	n/a
178.3759765625	0.3	0.0	1	365314	n/a
178.38427734375	0.3	0.0	1	365331	n/a
178.392578125	0.3	1.0	2	365348	n/a
178.40087890625	0.3	1.0	2	365365	n/a
178.4091796875	0.3	0.0	1	365382	n/a
178.41748046875	0.3	0.0	1	365399	n/a
178.42578125	0.3	1.0	2	365416	n/a
178.43408203125	0.3	1.0	2	365433	n/a
178.44287109375	0.3	0.0	1	365451	n/a
178.451171875	0.3	1.0	2	365468	n/a
178.45947265625	0.3	0.0	1	365485	n/a
178.4677734375	0.3	1.0	2	365502	n/a
178.47607421875	0.3	0.0	1	365519	n/a
178.484375	0.3	1.0	2	365536	n/a
178.49267578125	0.3	0.0	1	365553	n/a
178.5009765625	0.3	0.0	1	365570	n/a
178.50927734375	0.3	1.0	2	365587	n/a
178.517578125	0.3	1.0	2	365604	n/a
178.52587890625	0.3	0.0	1	365621	n/a
178.5341796875	0.3	0.0	1	365638	n/a
178.54248046875	0.3	1.0	2	365655	n/a
178.55078125	0.3	1.0	2	365672	n/a
178.55908203125	0.3	0.0	1	365689	n/a
178.56787109375	0.3	1.0	2	365707	n/a
178.576171875	0.3	0.0	1	365724	n/a
178.58447265625	0.3	0.0	1	365741	n/a
178.5927734375	0.3	1.0	2	365758	n/a
178.60107421875	0.3	1.0	2	365775	n/a
178.609375	0.3	0.0	1	365792	n/a
178.61767578125	0.3	0.0	1	365809	n/a
178.6259765625	0.3	1.0	2	365826	n/a
178.63427734375	0.3	0.0	1	365843	n/a
178.642578125	0.3	1.0	2	365860	n/a
178.65087890625	0.3	0.0	1	365877	n/a
178.6591796875	0.3	1.0	2	365894	n/a
178.66748046875	0.3	0.0	1	365911	n/a
178.67578125	0.3	1.0	2	365928	n/a
178.68408203125	0.3	0.0	1	365945	n/a
178.69287109375	0.3	1.0	2	365963	n/a
181.068359375	0.3	1.0	2	370828	0.0
181.07666015625	0.3	0.0	1	370845	n/a
181.0849609375	0.3	0.0	1	370862	n/a
181.09326171875	0.3	1.0	2	370879	n/a
181.1015625	0.3	0.0	1	370896	n/a
181.10986328125	0.3	1.0	2	370913	n/a
181.1181640625	0.3	0.0	1	370930	n/a
181.12646484375	0.3	1.0	2	370947	n/a
181.13525390625	0.3	1.0	2	370965	n/a
181.1435546875	0.3	0.0	1	370982	n/a
181.15185546875	0.3	1.0	2	370999	n/a
181.16015625	0.3	0.0	1	371016	n/a
181.16845703125	0.3	1.0	2	371033	n/a
181.1767578125	0.3	0.0	1	371050	n/a
181.18505859375	0.3	0.0	1	371067	n/a
181.193359375	0.3	1.0	2	371084	n/a
181.20166015625	0.3	0.0	1	371101	n/a
181.2099609375	0.3	1.0	2	371118	n/a
181.21826171875	0.3	1.0	2	371135	n/a
181.2265625	0.3	0.0	1	371152	n/a
181.23486328125	0.3	1.0	2	371169	n/a
181.2431640625	0.3	0.0	1	371186	n/a
181.25146484375	0.3	0.0	1	371203	n/a
181.26025390625	0.3	1.0	2	371221	n/a
181.2685546875	0.3	1.0	2	371238	n/a
181.27685546875	0.3	0.0	1	371255	n/a
181.28515625	0.3	0.0	1	371272	n/a
181.29345703125	0.3	1.0	2	371289	n/a
181.3017578125	0.3	0.0	1	371306	n/a
181.31005859375	0.3	1.0	2	371323	n/a
181.318359375	0.3	0.0	1	371340	n/a
181.32666015625	0.3	1.0	2	371357	n/a
181.3349609375	0.3	0.0	1	371374	n/a
181.34326171875	0.3	1.0	2	371391	n/a
181.3515625	0.3	1.0	2	371408	n/a
181.35986328125	0.3	0.0	1	371425	n/a
181.3681640625	0.3	1.0	2	371442	n/a
181.37646484375	0.3	0.0	1	371459	n/a
181.38525390625	0.3	1.0	2	371477	n/a
181.3935546875	0.3	0.0	1	371494	n/a
181.40185546875	0.3	0.0	1	371511	n/a
181.41015625	0.3	1.0	2	371528	n/a
181.41845703125	0.3	1.0	2	371545	n/a
181.4267578125	0.3	0.0	1	371562	n/a
181.43505859375	0.3	0.0	1	371579	n/a
181.443359375	0.3	1.0	2	371596	n/a
181.45166015625	0.3	0.0	1	371613	n/a
181.4599609375	0.3	1.0	2	371630	n/a
181.46826171875	0.3	0.0	1	371647	n/a
181.4765625	0.3	1.0	2	371664	n/a
181.48486328125	0.3	0.0	1	371681	n/a
181.4931640625	0.3	1.0	2	371698	n/a
181.50146484375	0.3	1.0	2	371715	n/a
181.51025390625	0.3	0.0	1	371733	n/a
181.5185546875	0.3	1.0	2	371750	n/a
181.52685546875	0.3	0.0	1	371767	n/a
181.53515625	0.3	1.0	2	371784	n/a
181.54345703125	0.3	0.0	1	371801	n/a
181.5517578125	0.3	1.0	2	371818	n/a
181.56005859375	0.3	0.0	1	371835	n/a
181.568359375	0.3	1.0	2	371852	n/a
181.57666015625	0.3	0.0	1	371869	n/a
181.5849609375	0.3	1.0	2	371886	n/a
181.59326171875	0.3	0.0	1	371903	n/a
181.6015625	0.3	1.0	2	371920	n/a
181.60986328125	0.3	0.0	1	371937	n/a
181.6181640625	0.3	1.0	2	371954	n/a
181.62646484375	0.3	0.0	1	371971	n/a
181.63525390625	0.3	0.0	1	371989	n/a
181.6435546875	0.3	1.0	2	372006	n/a
181.65185546875	0.3	1.0	2	372023	n/a
181.66015625	0.3	0.0	1	372040	n/a
181.66845703125	0.3	1.0	2	372057	n/a
181.6767578125	0.3	0.0	1	372074	n/a
181.68505859375	0.3	1.0	2	372091	n/a
181.693359375	0.3	0.0	1	372108	n/a
181.70166015625	0.3	1.0	2	372125	n/a
181.7099609375	0.3	0.0	1	372142	n/a
181.71826171875	0.3	1.0	2	372159	n/a
181.7265625	0.3	0.0	1	372176	n/a
181.73486328125	0.3	1.0	2	372193	n/a
181.7431640625	0.3	0.0	1	372210	n/a
181.75146484375	0.3	0.0	1	372227	n/a
181.76025390625	0.3	1.0	2	372245	n/a
181.7685546875	0.3	1.0	2	372262	n/a
181.77685546875	0.3	0.0	1	372279	n/a
181.78515625	0.3	1.0	2	372296	n/a
181.79345703125	0.3	0.0	1	372313	n/a
181.8017578125	0.3	1.0	2	372330	n/a
181.81005859375	0.3	0.0	1	372347	n/a
181.818359375	0.3	1.0	2	372364	n/a
181.82666015625	0.3	0.0	1	372381	n/a
181.8349609375	0.3	0.0	1	372398	n/a
181.84326171875	0.3	1.0	2	372415	n/a
181.8515625	0.3	1.0	2	372432	n/a
181.85986328125	0.3	0.0	1	372449	n/a
181.8681640625	0.3	1.0	2	372466	n/a
181.87646484375	0.3	0.0	1	372483	n/a
181.88525390625	0.3	0.0	1	372501	n/a
181.8935546875	0.3	1.0	2	372518	n/a
181.90185546875	0.3	0.0	1	372535	n/a
181.91015625	0.3	1.0	2	372552	n/a
181.91845703125	0.3	1.0	2	372569	n/a
181.9267578125	0.3	0.0	1	372586	n/a
181.93505859375	0.3	1.0	2	372603	n/a
181.943359375	0.3	0.0	1	372620	n/a
181.95166015625	0.3	0.0	1	372637	n/a
181.9599609375	0.3	1.0	2	372654	n/a
181.96826171875	0.3	1.0	2	372671	n/a
181.9765625	0.3	0.0	1	372688	n/a
181.98486328125	0.3	1.0	2	372705	n/a
181.9931640625	0.3	0.0	1	372722	n/a
182.00146484375	0.3	0.0	1	372739	n/a
182.01025390625	0.3	1.0	2	372757	n/a
182.0185546875	0.3	0.0	1	372774	n/a
182.02685546875	0.3	1.0	2	372791	n/a
182.03515625	0.3	0.0	1	372808	n/a
182.04345703125	0.3	1.0	2	372825	n/a
182.0517578125	0.3	1.0	2	372842	n/a
182.06005859375	0.3	0.0	1	372859	n/a
182.068359375	0.3	1.0	2	372876	n/a
182.07666015625	0.3	0.0	1	372893	n/a
182.0849609375	0.3	1.0	2	372910	n/a
182.09326171875	0.3	0.0	1	372927	n/a
182.1015625	0.3	1.0	2	372944	n/a
182.10986328125	0.3	0.0	1	372961	n/a
182.1181640625	0.3	1.0	2	372978	n/a
182.12646484375	0.3	0.0	1	372995	n/a
182.13525390625	0.3	0.0	1	373013	n/a
182.1435546875	0.3	1.0	2	373030	n/a
182.15185546875	0.3	0.0	1	373047	n/a
182.16015625	0.3	1.0	2	373064	n/a
182.16845703125	0.3	0.0	1	373081	n/a
182.1767578125	0.3	1.0	2	373098	n/a
182.18505859375	0.3	1.0	2	373115	n/a
182.193359375	0.3	0.0	1	373132	n/a
182.20166015625	0.3	1.0	2	373149	n/a
182.2099609375	0.3	0.0	1	373166	n/a
182.21826171875	0.3	1.0	2	373183	n/a
182.2265625	0.3	0.0	1	373200	n/a
182.23486328125	0.3	0.0	1	373217	n/a
182.2431640625	0.3	1.0	2	373234	n/a
182.25146484375	0.3	0.0	1	373251	n/a
182.26025390625	0.3	1.0	2	373269	n/a
182.2685546875	0.3	1.0	2	373286	n/a
182.27685546875	0.3	0.0	1	373303	n/a
182.28515625	0.3	1.0	2	373320	n/a
182.29345703125	0.3	0.0	1	373337	n/a
182.3017578125	0.3	0.0	1	373354	n/a
182.31005859375	0.3	1.0	2	373371	n/a
182.318359375	0.3	1.0	2	373388	n/a
182.32666015625	0.3	0.0	1	373405	n/a
182.3349609375	0.3	0.0	1	373422	n/a
182.34326171875	0.3	1.0	2	373439	n/a
182.3515625	0.3	0.0	1	373456	n/a
182.35986328125	0.3	1.0	2	373473	n/a
182.3681640625	0.3	0.0	1	373490	n/a
182.37646484375	0.3	1.0	2	373507	n/a
182.38525390625	0.3	0.0	1	373525	n/a
182.3935546875	0.3	1.0	2	373542	n/a
182.40185546875	0.3	1.0	2	373559	n/a
182.41015625	0.3	0.0	1	373576	n/a
182.41845703125	0.3	1.0	2	373593	n/a
182.4267578125	0.3	0.0	1	373610	n/a
182.43505859375	0.3	1.0	2	373627	n/a
182.443359375	0.3	0.0	1	373644	n/a
182.45166015625	0.3	0.0	1	373661	n/a
182.4599609375	0.3	1.0	2	373678	n/a
182.46826171875	0.3	1.0	2	373695	n/a
182.4765625	0.3	0.0	1	373712	n/a
182.48486328125	0.3	0.0	1	373729	n/a
182.4931640625	0.3	1.0	2	373746	n/a
182.50146484375	0.3	0.0	1	373763	n/a
182.51025390625	0.3	1.0	2	373781	n/a
182.5185546875	0.3	0.0	1	373798	n/a
182.52685546875	0.3	1.0	2	373815	n/a
182.53515625	0.3	0.0	1	373832	n/a
182.54345703125	0.3	1.0	2	373849	n/a
182.5517578125	0.3	1.0	2	373866	n/a
182.56005859375	0.3	0.0	1	373883	n/a
182.568359375	0.3	1.0	2	373900	n/a
182.57666015625	0.3	0.0	1	373917	n/a
182.5849609375	0.3	1.0	2	373934	n/a
182.59326171875	0.3	0.0	1	373951	n/a
182.6015625	0.3	1.0	2	373968	n/a
182.60986328125	0.3	0.0	1	373985	n/a
182.6181640625	0.3	1.0	2	374002	n/a
182.62646484375	0.3	0.0	1	374019	n/a
182.63525390625	0.3	1.0	2	374037	n/a
182.6435546875	0.3	0.0	1	374054	n/a
182.65185546875	0.3	1.0	2	374071	n/a
182.66015625	0.3	0.0	1	374088	n/a
182.66845703125	0.3	1.0	2	374105	n/a
182.6767578125	0.3	0.0	1	374122	n/a
182.68505859375	0.3	0.0	1	374139	n/a
182.693359375	0.3	1.0	2	374156	n/a
182.70166015625	0.3	1.0	2	374173	n/a
182.7099609375	0.3	0.0	1	374190	n/a
182.71826171875	0.3	1.0	2	374207	n/a
182.7265625	0.3	0.0	1	374224	n/a
182.73486328125	0.3	1.0	2	374241	n/a
182.7431640625	0.3	0.0	1	374258	n/a
182.75146484375	0.3	1.0	2	374275	n/a
182.76025390625	0.3	0.0	1	374293	n/a
182.7685546875	0.3	1.0	2	374310	n/a
182.77685546875	0.3	0.0	1	374327	n/a
182.78515625	0.3	1.0	2	374344	n/a
182.79345703125	0.3	0.0	1	374361	n/a
182.8017578125	0.3	0.0	1	374378	n/a
182.81005859375	0.3	1.0	2	374395	n/a
182.818359375	0.3	1.0	2	374412	n/a
182.82666015625	0.3	0.0	1	374429	n/a
182.8349609375	0.3	1.0	2	374446	n/a
182.84326171875	0.3	0.0	1	374463	n/a
182.8515625	0.3	1.0	2	374480	n/a
182.85986328125	0.3	0.0	1	374497	n/a
182.8681640625	0.3	1.0	2	374514	n/a
182.87646484375	0.3	0.0	1	374531	n/a
182.88525390625	0.3	0.0	1	374549	n/a
182.8935546875	0.3	1.0	2	374566	n/a
182.90185546875	0.3	1.0	2	374583	n/a
182.91015625	0.3	0.0	1	374600	n/a
182.91845703125	0.3	1.0	2	374617	n/a
182.9267578125	0.3	0.0	1	374634	n/a
182.93505859375	0.3	0.0	1	374651	n/a
182.943359375	0.3	1.0	2	374668	n/a
182.95166015625	0.3	0.0	1	374685	n/a
182.9599609375	0.3	1.0	2	374702	n/a
182.96826171875	0.3	1.0	2	374719	n/a
182.9765625	0.3	0.0	1	374736	n/a
182.98486328125	0.3	1.0	2	374753	n/a
182.9931640625	0.3	0.0	1	374770	n/a
183.00146484375	0.3	0.0	1	374787	n/a
183.01025390625	0.3	1.0	2	374805	n/a
183.0185546875	0.3	1.0	2	374822	n/a
183.02685546875	0.3	0.0	1	374839	n/a
183.03515625	0.3	1.0	2	374856	n/a
183.04345703125	0.3	0.0	1	374873	n/a
183.0517578125	0.3	0.0	1	374890	n/a
183.06005859375	0.3	1.0	2	374907	n/a
183.068359375	0.3	0.0	1	374924	n/a
183.07666015625	0.3	1.0	2	374941	n/a
183.0849609375	0.3	0.0	1	374958	n/a
183.09326171875	0.3	1.0	2	374975	n/a
183.1015625	0.3	1.0	2	374992	n/a
183.10986328125	0.3	0.0	1	375009	n/a
183.1181640625	0.3	1.0	2	375026	n/a
183.12646484375	0.3	0.0	1	375043	n/a
183.13525390625	0.3	1.0	2	375061	n/a
183.1435546875	0.3	0.0	1	375078	n/a
183.15185546875	0.3	1.0	2	375095	n/a
183.16015625	0.3	0.0	1	375112	n/a
183.16845703125	0.3	1.0	2	375129	n/a
183.1767578125	0.3	0.0	1	375146	n/a
183.18505859375	0.3	0.0	1	375163	n/a
183.193359375	0.3	1.0	2	375180	n/a
183.20166015625	0.3	0.0	1	375197	n/a
183.2099609375	0.3	1.0	2	375214	n/a
183.21826171875	0.3	0.0	1	375231	n/a
183.2265625	0.3	1.0	2	375248	n/a
183.23486328125	0.3	1.0	2	375265	n/a
183.2431640625	0.3	0.0	1	375282	n/a
183.25146484375	0.3	1.0	2	375299	n/a
183.26025390625	0.3	0.0	1	375317	n/a
183.2685546875	0.3	1.0	2	375334	n/a
183.27685546875	0.3	0.0	1	375351	n/a
183.28515625	0.3	0.0	1	375368	n/a
183.29345703125	0.3	1.0	2	375385	n/a
183.3017578125	0.3	0.0	1	375402	n/a
183.31005859375	0.3	1.0	2	375419	n/a
183.318359375	0.3	1.0	2	375436	n/a
183.32666015625	0.3	0.0	1	375453	n/a
183.3349609375	0.3	1.0	2	375470	n/a
183.34326171875	0.3	0.0	1	375487	n/a
183.3515625	0.3	0.0	1	375504	n/a
183.35986328125	0.3	1.0	2	375521	n/a
183.3681640625	0.3	1.0	2	375538	n/a
183.37646484375	0.3	0.0	1	375555	n/a
183.38525390625	0.3	0.0	1	375573	n/a
183.3935546875	0.3	1.0	2	375590	n/a
183.40185546875	0.3	0.0	1	375607	n/a
183.41015625	0.3	1.0	2	375624	n/a
183.41845703125	0.3	0.0	1	375641	n/a
183.4267578125	0.3	1.0	2	375658	n/a
183.43505859375	0.3	0.0	1	375675	n/a
183.443359375	0.3	1.0	2	375692	n/a
183.45166015625	0.3	1.0	2	375709	n/a
183.4599609375	0.3	0.0	1	375726	n/a
183.46826171875	0.3	1.0	2	375743	n/a
183.4765625	0.3	0.0	1	375760	n/a
183.48486328125	0.3	1.0	2	375777	n/a
183.4931640625	0.3	0.0	1	375794	n/a
183.50146484375	0.3	0.0	1	375811	n/a
183.51025390625	0.3	1.0	2	375829	n/a
183.5185546875	0.3	1.0	2	375846	n/a
183.52685546875	0.3	0.0	1	375863	n/a
183.53515625	0.3	0.0	1	375880	n/a
183.54345703125	0.3	1.0	2	375897	n/a
183.5517578125	0.3	0.0	1	375914	n/a
183.56005859375	0.3	1.0	2	375931	n/a
183.568359375	0.3	0.0	1	375948	n/a
183.57666015625	0.3	1.0	2	375965	n/a
183.5849609375	0.3	0.0	1	375982	n/a
183.59326171875	0.3	1.0	2	375999	n/a
183.6015625	0.3	1.0	2	376016	n/a
183.60986328125	0.3	0.0	1	376033	n/a
183.6181640625	0.3	1.0	2	376050	n/a
183.62646484375	0.3	0.0	1	376067	n/a
183.63525390625	0.3	1.0	2	376085	n/a
183.6435546875	0.3	0.0	1	376102	n/a
183.65185546875	0.3	1.0	2	376119	n/a
183.66015625	0.3	0.0	1	376136	n/a
183.66845703125	0.3	1.0	2	376153	n/a
183.6767578125	0.3	0.0	1	376170	n/a
183.68505859375	0.3	1.0	2	376187	n/a
183.693359375	0.3	0.0	1	376204	n/a
183.70166015625	0.3	1.0	2	376221	n/a
183.7099609375	0.3	0.0	1	376238	n/a
183.71826171875	0.3	1.0	2	376255	n/a
183.7265625	0.3	0.0	1	376272	n/a
183.73486328125	0.3	0.0	1	376289	n/a
183.7431640625	0.3	1.0	2	376306	n/a
183.75146484375	0.3	1.0	2	376323	n/a
183.76025390625	0.3	0.0	1	376341	n/a
183.7685546875	0.3	1.0	2	376358	n/a
183.77685546875	0.3	0.0	1	376375	n/a
183.78515625	0.3	1.0	2	376392	n/a
183.79345703125	0.3	0.0	1	376409	n/a
183.8017578125	0.3	1.0	2	376426	n/a
183.81005859375	0.3	0.0	1	376443	n/a
183.818359375	0.3	1.0	2	376460	n/a
183.82666015625	0.3	0.0	1	376477	n/a
183.8349609375	0.3	1.0	2	376494	n/a
183.84326171875	0.3	0.0	1	376511	n/a
183.8515625	0.3	0.0	1	376528	n/a
183.85986328125	0.3	1.0	2	376545	n/a
183.8681640625	0.3	1.0	2	376562	n/a
183.87646484375	0.3	0.0	1	376579	n/a
183.88525390625	0.3	1.0	2	376597	n/a
183.8935546875	0.3	0.0	1	376614	n/a
183.90185546875	0.3	1.0	2	376631	n/a
183.91015625	0.3	0.0	1	376648	n/a
183.91845703125	0.3	1.0	2	376665	n/a
183.9267578125	0.3	0.0	1	376682	n/a
183.93505859375	0.3	0.0	1	376699	n/a
183.943359375	0.3	1.0	2	376716	n/a
183.95166015625	0.3	1.0	2	376733	n/a
183.9599609375	0.3	0.0	1	376750	n/a
183.96826171875	0.3	1.0	2	376767	n/a
183.9765625	0.3	0.0	1	376784	n/a
183.98486328125	0.3	0.0	1	376801	n/a
183.9931640625	0.3	1.0	2	376818	n/a
184.00146484375	0.3	0.0	1	376835	n/a
184.01025390625	0.3	1.0	2	376853	n/a
184.0185546875	0.3	1.0	2	376870	n/a
184.02685546875	0.3	0.0	1	376887	n/a
184.03515625	0.3	1.0	2	376904	n/a
184.04345703125	0.3	0.0	1	376921	n/a
184.0517578125	0.3	0.0	1	376938	n/a
184.06005859375	0.3	1.0	2	376955	n/a
184.068359375	0.3	1.0	2	376972	n/a
184.07666015625	0.3	0.0	1	376989	n/a
184.0849609375	0.3	1.0	2	377006	n/a
184.09326171875	0.3	0.0	1	377023	n/a
184.1015625	0.3	0.0	1	377040	n/a
184.10986328125	0.3	1.0	2	377057	n/a
184.1181640625	0.3	0.0	1	377074	n/a
184.12646484375	0.3	1.0	2	377091	n/a
184.13525390625	0.3	0.0	1	377109	n/a
184.1435546875	0.3	1.0	2	377126	n/a
184.15185546875	0.3	1.0	2	377143	n/a
184.16015625	0.3	0.0	1	377160	n/a
184.16845703125	0.3	1.0	2	377177	n/a
184.1767578125	0.3	0.0	1	377194	n/a
184.18505859375	0.3	1.0	2	377211	n/a
184.193359375	0.3	0.0	1	377228	n/a
184.20166015625	0.3	1.0	2	377245	n/a
184.2099609375	0.3	0.0	1	377262	n/a
184.21826171875	0.3	1.0	2	377279	n/a
184.2265625	0.3	0.0	1	377296	n/a
184.23486328125	0.3	0.0	1	377313	n/a
184.2431640625	0.3	1.0	2	377330	n/a
184.25146484375	0.3	0.0	1	377347	n/a
184.26025390625	0.3	1.0	2	377365	n/a
184.2685546875	0.3	0.0	1	377382	n/a
184.27685546875	0.3	1.0	2	377399	n/a
184.28515625	0.3	1.0	2	377416	n/a
184.29345703125	0.3	0.0	1	377433	n/a
184.3017578125	0.3	1.0	2	377450	n/a
184.31005859375	0.3	0.0	1	377467	n/a
184.318359375	0.3	1.0	2	377484	n/a
184.32666015625	0.3	0.0	1	377501	n/a
184.3349609375	0.3	0.0	1	377518	n/a
184.34326171875	0.3	1.0	2	377535	n/a
184.3515625	0.3	0.0	1	377552	n/a
184.35986328125	0.3	1.0	2	377569	n/a
184.3681640625	0.3	1.0	2	377586	n/a
184.37646484375	0.3	0.0	1	377603	n/a
184.38525390625	0.3	1.0	2	377621	n/a
184.3935546875	0.3	0.0	1	377638	n/a
184.40185546875	0.3	0.0	1	377655	n/a
184.41015625	0.3	1.0	2	377672	n/a
184.41845703125	0.3	1.0	2	377689	n/a
184.4267578125	0.3	0.0	1	377706	n/a
184.43505859375	0.3	0.0	1	377723	n/a
184.443359375	0.3	1.0	2	377740	n/a
184.45166015625	0.3	0.0	1	377757	n/a
184.4599609375	0.3	1.0	2	377774	n/a
184.46826171875	0.3	0.0	1	377791	n/a
184.4765625	0.3	1.0	2	377808	n/a
184.48486328125	0.3	0.0	1	377825	n/a
184.4931640625	0.3	1.0	2	377842	n/a
184.50146484375	0.3	1.0	2	377859	n/a
184.51025390625	0.3	0.0	1	377877	n/a
184.5185546875	0.3	1.0	2	377894	n/a
184.52685546875	0.3	0.0	1	377911	n/a
184.53515625	0.3	1.0	2	377928	n/a
184.54345703125	0.3	0.0	1	377945	n/a
184.5517578125	0.3	0.0	1	377962	n/a
184.56005859375	0.3	1.0	2	377979	n/a
184.568359375	0.3	1.0	2	377996	n/a
184.57666015625	0.3	0.0	1	378013	n/a
184.5849609375	0.3	0.0	1	378030	n/a
184.59326171875	0.3	1.0	2	378047	n/a
184.6015625	0.3	0.0	1	378064	n/a
184.60986328125	0.3	1.0	2	378081	n/a
184.6181640625	0.3	0.0	1	378098	n/a
184.62646484375	0.3	1.0	2	378115	n/a
184.63525390625	0.3	0.0	1	378133	n/a
184.6435546875	0.3	1.0	2	378150	n/a
184.65185546875	0.3	1.0	2	378167	n/a
184.66015625	0.3	0.0	1	378184	n/a
184.66845703125	0.3	1.0	2	378201	n/a
184.6767578125	0.3	0.0	1	378218	n/a
184.68505859375	0.3	1.0	2	378235	n/a
184.693359375	0.3	0.0	1	378252	n/a
184.70166015625	0.3	1.0	2	378269	n/a
184.7099609375	0.3	0.0	1	378286	n/a
184.71826171875	0.3	1.0	2	378303	n/a
184.7265625	0.3	0.0	1	378320	n/a
184.73486328125	0.3	1.0	2	378337	n/a
184.7431640625	0.3	0.0	1	378354	n/a
184.75146484375	0.3	1.0	2	378371	n/a
184.76025390625	0.3	0.0	1	378389	n/a
184.7685546875	0.3	1.0	2	378406	n/a
184.77685546875	0.3	0.0	1	378423	n/a
184.78515625	0.3	0.0	1	378440	n/a
184.79345703125	0.3	1.0	2	378457	n/a
184.8017578125	0.3	1.0	2	378474	n/a
184.81005859375	0.3	0.0	1	378491	n/a
184.818359375	0.3	1.0	2	378508	n/a
184.82666015625	0.3	0.0	1	378525	n/a
184.8349609375	0.3	1.0	2	378542	n/a
184.84326171875	0.3	0.0	1	378559	n/a
184.8515625	0.3	1.0	2	378576	n/a
184.85986328125	0.3	0.0	1	378593	n/a
184.8681640625	0.3	1.0	2	378610	n/a
184.87646484375	0.3	0.0	1	378627	n/a
184.88525390625	0.3	1.0	2	378645	n/a
184.8935546875	0.3	0.0	1	378662	n/a
184.90185546875	0.3	0.0	1	378679	n/a
184.91015625	0.3	1.0	2	378696	n/a
184.91845703125	0.3	1.0	2	378713	n/a
184.9267578125	0.3	0.0	1	378730	n/a
184.93505859375	0.3	1.0	2	378747	n/a
184.943359375	0.3	0.0	1	378764	n/a
184.95166015625	0.3	1.0	2	378781	n/a
184.9599609375	0.3	0.0	1	378798	n/a
184.96826171875	0.3	1.0	2	378815	n/a
184.9765625	0.3	0.0	1	378832	n/a
184.98486328125	0.3	0.0	1	378849	n/a
184.9931640625	0.3	1.0	2	378866	n/a
185.00146484375	0.3	1.0	2	378883	n/a
185.01025390625	0.3	0.0	1	378901	n/a
185.0185546875	0.3	1.0	2	378918	n/a
185.02685546875	0.3	0.0	1	378935	n/a
185.03515625	0.3	0.0	1	378952	n/a
185.04345703125	0.3	1.0	2	378969	n/a
185.0517578125	0.3	0.0	1	378986	n/a
185.06005859375	0.3	1.0	2	379003	n/a
185.068359375	0.3	1.0	2	379020	n/a
185.07666015625	0.3	0.0	1	379037	n/a
185.0849609375	0.3	1.0	2	379054	n/a
185.09326171875	0.3	0.0	1	379071	n/a
185.1015625	0.3	0.0	1	379088	n/a
185.10986328125	0.3	1.0	2	379105	n/a
185.1181640625	0.3	1.0	2	379122	n/a
185.12646484375	0.3	0.0	1	379139	n/a
185.13525390625	0.3	1.0	2	379157	n/a
185.1435546875	0.3	0.0	1	379174	n/a
185.15185546875	0.3	0.0	1	379191	n/a
185.16015625	0.3	1.0	2	379208	n/a
185.16845703125	0.3	0.0	1	379225	n/a
185.1767578125	0.3	1.0	2	379242	n/a
185.18505859375	0.3	0.0	1	379259	n/a
185.193359375	0.3	1.0	2	379276	n/a
185.20166015625	0.3	1.0	2	379293	n/a
185.2099609375	0.3	0.0	1	379310	n/a
185.21826171875	0.3	1.0	2	379327	n/a
185.2265625	0.3	0.0	1	379344	n/a
185.23486328125	0.3	1.0	2	379361	n/a
185.2431640625	0.3	0.0	1	379378	n/a
185.25146484375	0.3	1.0	2	379395	n/a
185.26025390625	0.3	0.0	1	379413	n/a
187.6435546875	0.3	1.0	2	384294	18.0
187.65185546875	0.3	0.0	1	384311	n/a
187.66015625	0.3	1.0	2	384328	n/a
187.66845703125	0.3	0.0	1	384345	n/a
187.6767578125	0.3	0.0	1	384362	n/a
187.68505859375	0.3	1.0	2	384379	n/a
187.693359375	0.3	1.0	2	384396	n/a
187.70166015625	0.3	0.0	1	384413	n/a
187.71044921875	0.3	0.0	1	384431	n/a
187.71875	0.3	1.0	2	384448	n/a
187.72705078125	0.3	0.0	1	384465	n/a
187.7353515625	0.3	1.0	2	384482	n/a
187.74365234375	0.3	0.0	1	384499	n/a
187.751953125	0.3	1.0	2	384516	n/a
187.76025390625	0.3	1.0	2	384533	n/a
187.7685546875	0.3	0.0	1	384550	n/a
187.77685546875	0.3	1.0	2	384567	n/a
187.78515625	0.3	0.0	1	384584	n/a
187.79345703125	0.3	1.0	2	384601	n/a
187.8017578125	0.3	0.0	1	384618	n/a
187.81005859375	0.3	1.0	2	384635	n/a
187.818359375	0.3	0.0	1	384652	n/a
187.82666015625	0.3	1.0	2	384669	n/a
187.83544921875	0.3	0.0	1	384687	n/a
187.84375	0.3	1.0	2	384704	n/a
187.85205078125	0.3	0.0	1	384721	n/a
187.8603515625	0.3	1.0	2	384738	n/a
187.86865234375	0.3	0.0	1	384755	n/a
187.876953125	0.3	0.0	1	384772	n/a
187.88525390625	0.3	1.0	2	384789	n/a
187.8935546875	0.3	1.0	2	384806	n/a
187.90185546875	0.3	0.0	1	384823	n/a
187.91015625	0.3	0.0	1	384840	n/a
187.91845703125	0.3	1.0	2	384857	n/a
187.9267578125	0.3	1.0	2	384874	n/a
187.93505859375	0.3	0.0	1	384891	n/a
187.943359375	0.3	1.0	2	384908	n/a
187.95166015625	0.3	0.0	1	384925	n/a
187.96044921875	0.3	0.0	1	384943	n/a
187.96875	0.3	1.0	2	384960	n/a
187.97705078125	0.3	1.0	2	384977	n/a
187.9853515625	0.3	0.0	1	384994	n/a
187.99365234375	0.3	1.0	2	385011	n/a
188.001953125	0.3	0.0	1	385028	n/a
188.01025390625	0.3	0.0	1	385045	n/a
188.0185546875	0.3	1.0	2	385062	n/a
188.02685546875	0.3	1.0	2	385079	n/a
188.03515625	0.3	0.0	1	385096	n/a
188.04345703125	0.3	1.0	2	385113	n/a
188.0517578125	0.3	0.0	1	385130	n/a
188.06005859375	0.3	1.0	2	385147	n/a
188.068359375	0.3	0.0	1	385164	n/a
188.07666015625	0.3	0.0	1	385181	n/a
188.08544921875	0.3	1.0	2	385199	n/a
188.09375	0.3	1.0	2	385216	n/a
188.10205078125	0.3	0.0	1	385233	n/a
188.1103515625	0.3	0.0	1	385250	n/a
188.11865234375	0.3	1.0	2	385267	n/a
188.126953125	0.3	0.0	1	385284	n/a
188.13525390625	0.3	1.0	2	385301	n/a
188.1435546875	0.3	0.0	1	385318	n/a
188.15185546875	0.3	1.0	2	385335	n/a
188.16015625	0.3	1.0	2	385352	n/a
188.16845703125	0.3	0.0	1	385369	n/a
188.1767578125	0.3	0.0	1	385386	n/a
188.18505859375	0.3	1.0	2	385403	n/a
188.193359375	0.3	1.0	2	385420	n/a
188.20166015625	0.3	0.0	1	385437	n/a
188.21044921875	0.3	1.0	2	385455	n/a
188.21875	0.3	0.0	1	385472	n/a
188.22705078125	0.3	0.0	1	385489	n/a
188.2353515625	0.3	1.0	2	385506	n/a
188.24365234375	0.3	1.0	2	385523	n/a
188.251953125	0.3	0.0	1	385540	n/a
188.26025390625	0.3	0.0	1	385557	n/a
188.2685546875	0.3	1.0	2	385574	n/a
188.27685546875	0.3	1.0	2	385591	n/a
188.28515625	0.3	0.0	1	385608	n/a
188.29345703125	0.3	1.0	2	385625	n/a
188.3017578125	0.3	0.0	1	385642	n/a
188.31005859375	0.3	0.0	1	385659	n/a
188.318359375	0.3	1.0	2	385676	n/a
188.32666015625	0.3	1.0	2	385693	n/a
188.33544921875	0.3	0.0	1	385711	n/a
188.34375	0.3	1.0	2	385728	n/a
188.35205078125	0.3	0.0	1	385745	n/a
188.3603515625	0.3	0.0	1	385762	n/a
188.36865234375	0.3	1.0	2	385779	n/a
188.376953125	0.3	0.0	1	385796	n/a
188.38525390625	0.3	1.0	2	385813	n/a
188.3935546875	0.3	1.0	2	385830	n/a
188.40185546875	0.3	0.0	1	385847	n/a
188.41015625	0.3	0.0	1	385864	n/a
188.41845703125	0.3	1.0	2	385881	n/a
188.4267578125	0.3	1.0	2	385898	n/a
188.43505859375	0.3	0.0	1	385915	n/a
188.443359375	0.3	0.0	1	385932	n/a
188.45166015625	0.3	1.0	2	385949	n/a
188.46044921875	0.3	0.0	1	385967	n/a
188.46875	0.3	1.0	2	385984	n/a
188.47705078125	0.3	0.0	1	386001	n/a
188.4853515625	0.3	1.0	2	386018	n/a
188.49365234375	0.3	0.0	1	386035	n/a
188.501953125	0.3	1.0	2	386052	n/a
188.51025390625	0.3	1.0	2	386069	n/a
188.5185546875	0.3	0.0	1	386086	n/a
188.52685546875	0.3	0.0	1	386103	n/a
188.53515625	0.3	1.0	2	386120	n/a
188.54345703125	0.3	1.0	2	386137	n/a
188.5517578125	0.3	0.0	1	386154	n/a
188.56005859375	0.3	1.0	2	386171	n/a
188.568359375	0.3	0.0	1	386188	n/a
188.57666015625	0.3	1.0	2	386205	n/a
188.58544921875	0.3	0.0	1	386223	n/a
188.59375	0.3	1.0	2	386240	n/a
188.60205078125	0.3	0.0	1	386257	n/a
188.6103515625	0.3	1.0	2	386274	n/a
188.61865234375	0.3	0.0	1	386291	n/a
188.626953125	0.3	1.0	2	386308	n/a
188.63525390625	0.3	0.0	1	386325	n/a
188.6435546875	0.3	1.0	2	386342	n/a
188.65185546875	0.3	0.0	1	386359	n/a
188.66015625	0.3	1.0	2	386376	n/a
188.66845703125	0.3	0.0	1	386393	n/a
188.6767578125	0.3	1.0	2	386410	n/a
188.68505859375	0.3	0.0	1	386427	n/a
188.693359375	0.3	1.0	2	386444	n/a
188.70166015625	0.3	0.0	1	386461	n/a
188.71044921875	0.3	1.0	2	386479	n/a
188.71875	0.3	0.0	1	386496	n/a
188.72705078125	0.3	0.0	1	386513	n/a
188.7353515625	0.3	1.0	2	386530	n/a
188.74365234375	0.3	1.0	2	386547	n/a
188.751953125	0.3	0.0	1	386564	n/a
188.76025390625	0.3	0.0	1	386581	n/a
188.7685546875	0.3	1.0	2	386598	n/a
188.77685546875	0.3	0.0	1	386615	n/a
188.78515625	0.3	1.0	2	386632	n/a
188.79345703125	0.3	0.0	1	386649	n/a
188.8017578125	0.3	1.0	2	386666	n/a
188.81005859375	0.3	1.0	2	386683	n/a
188.818359375	0.3	0.0	1	386700	n/a
188.82666015625	0.3	1.0	2	386717	n/a
188.83544921875	0.3	0.0	1	386735	n/a
188.84375	0.3	1.0	2	386752	n/a
188.85205078125	0.3	0.0	1	386769	n/a
188.8603515625	0.3	1.0	2	386786	n/a
188.86865234375	0.3	0.0	1	386803	n/a
188.876953125	0.3	1.0	2	386820	n/a
188.88525390625	0.3	0.0	1	386837	n/a
188.8935546875	0.3	1.0	2	386854	n/a
188.90185546875	0.3	0.0	1	386871	n/a
188.91015625	0.3	1.0	2	386888	n/a
188.91845703125	0.3	0.0	1	386905	n/a
188.9267578125	0.3	0.0	1	386922	n/a
188.93505859375	0.3	1.0	2	386939	n/a
188.943359375	0.3	1.0	2	386956	n/a
188.95166015625	0.3	0.0	1	386973	n/a
188.96044921875	0.3	0.0	1	386991	n/a
188.96875	0.3	1.0	2	387008	n/a
188.97705078125	0.3	1.0	2	387025	n/a
188.9853515625	0.3	0.0	1	387042	n/a
188.99365234375	0.3	1.0	2	387059	n/a
189.001953125	0.3	0.0	1	387076	n/a
189.01025390625	0.3	0.0	1	387093	n/a
189.0185546875	0.3	1.0	2	387110	n/a
189.02685546875	0.3	1.0	2	387127	n/a
189.03515625	0.3	0.0	1	387144	n/a
189.04345703125	0.3	1.0	2	387161	n/a
189.0517578125	0.3	0.0	1	387178	n/a
189.06005859375	0.3	0.0	1	387195	n/a
189.068359375	0.3	1.0	2	387212	n/a
189.07666015625	0.3	1.0	2	387229	n/a
189.08544921875	0.3	0.0	1	387247	n/a
189.09375	0.3	1.0	2	387264	n/a
189.10205078125	0.3	0.0	1	387281	n/a
189.1103515625	0.3	1.0	2	387298	n/a
189.11865234375	0.3	0.0	1	387315	n/a
189.126953125	0.3	0.0	1	387332	n/a
189.13525390625	0.3	1.0	2	387349	n/a
189.1435546875	0.3	1.0	2	387366	n/a
189.15185546875	0.3	0.0	1	387383	n/a
189.16015625	0.3	0.0	1	387400	n/a
189.16845703125	0.3	1.0	2	387417	n/a
189.1767578125	0.3	0.0	1	387434	n/a
189.18505859375	0.3	1.0	2	387451	n/a
189.193359375	0.3	0.0	1	387468	n/a
189.20166015625	0.3	1.0	2	387485	n/a
189.21044921875	0.3	1.0	2	387503	n/a
189.21875	0.3	0.0	1	387520	n/a
189.22705078125	0.3	0.0	1	387537	n/a
189.2353515625	0.3	1.0	2	387554	n/a
189.24365234375	0.3	1.0	2	387571	n/a
189.251953125	0.3	0.0	1	387588	n/a
189.26025390625	0.3	1.0	2	387605	n/a
189.2685546875	0.3	0.0	1	387622	n/a
189.27685546875	0.3	0.0	1	387639	n/a
189.28515625	0.3	1.0	2	387656	n/a
189.29345703125	0.3	1.0	2	387673	n/a
189.3017578125	0.3	0.0	1	387690	n/a
189.31005859375	0.3	0.0	1	387707	n/a
189.318359375	0.3	1.0	2	387724	n/a
189.32666015625	0.3	1.0	2	387741	n/a
189.33544921875	0.3	0.0	1	387759	n/a
189.34375	0.3	1.0	2	387776	n/a
189.35205078125	0.3	0.0	1	387793	n/a
189.3603515625	0.3	0.0	1	387810	n/a
189.36865234375	0.3	1.0	2	387827	n/a
189.376953125	0.3	1.0	2	387844	n/a
189.38525390625	0.3	0.0	1	387861	n/a
189.3935546875	0.3	1.0	2	387878	n/a
189.40185546875	0.3	0.0	1	387895	n/a
189.41015625	0.3	0.0	1	387912	n/a
189.41845703125	0.3	1.0	2	387929	n/a
189.4267578125	0.3	0.0	1	387946	n/a
189.43505859375	0.3	1.0	2	387963	n/a
189.443359375	0.3	1.0	2	387980	n/a
189.45166015625	0.3	0.0	1	387997	n/a
189.46044921875	0.3	0.0	1	388015	n/a
189.46875	0.3	1.0	2	388032	n/a
189.47705078125	0.3	1.0	2	388049	n/a
189.4853515625	0.3	0.0	1	388066	n/a
189.49365234375	0.3	0.0	1	388083	n/a
189.501953125	0.3	1.0	2	388100	n/a
189.51025390625	0.3	0.0	1	388117	n/a
189.5185546875	0.3	1.0	2	388134	n/a
189.52685546875	0.3	0.0	1	388151	n/a
189.53515625	0.3	1.0	2	388168	n/a
189.54345703125	0.3	0.0	1	388185	n/a
189.5517578125	0.3	1.0	2	388202	n/a
189.56005859375	0.3	1.0	2	388219	n/a
189.568359375	0.3	0.0	1	388236	n/a
189.57666015625	0.3	0.0	1	388253	n/a
189.58544921875	0.3	1.0	2	388271	n/a
189.59375	0.3	1.0	2	388288	n/a
189.60205078125	0.3	0.0	1	388305	n/a
189.6103515625	0.3	1.0	2	388322	n/a
189.61865234375	0.3	0.0	1	388339	n/a
189.626953125	0.3	1.0	2	388356	n/a
189.63525390625	0.3	0.0	1	388373	n/a
189.6435546875	0.3	1.0	2	388390	n/a
189.65185546875	0.3	0.0	1	388407	n/a
189.66015625	0.3	1.0	2	388424	n/a
189.66845703125	0.3	0.0	1	388441	n/a
189.6767578125	0.3	1.0	2	388458	n/a
189.68505859375	0.3	0.0	1	388475	n/a
189.693359375	0.3	1.0	2	388492	n/a
189.70166015625	0.3	0.0	1	388509	n/a
189.71044921875	0.3	1.0	2	388527	n/a
189.71875	0.3	0.0	1	388544	n/a
189.72705078125	0.3	1.0	2	388561	n/a
189.7353515625	0.3	0.0	1	388578	n/a
189.74365234375	0.3	1.0	2	388595	n/a
189.751953125	0.3	0.0	1	388612	n/a
189.76025390625	0.3	1.0	2	388629	n/a
189.7685546875	0.3	0.0	1	388646	n/a
189.77685546875	0.3	0.0	1	388663	n/a
189.78515625	0.3	1.0	2	388680	n/a
189.79345703125	0.3	1.0	2	388697	n/a
189.8017578125	0.3	0.0	1	388714	n/a
189.81005859375	0.3	0.0	1	388731	n/a
189.818359375	0.3	1.0	2	388748	n/a
189.82666015625	0.3	0.0	1	388765	n/a
189.83544921875	0.3	1.0	2	388783	n/a
189.84375	0.3	0.0	1	388800	n/a
189.85205078125	0.3	1.0	2	388817	n/a
189.8603515625	0.3	1.0	2	388834	n/a
189.86865234375	0.3	0.0	1	388851	n/a
189.876953125	0.3	1.0	2	388868	n/a
189.88525390625	0.3	0.0	1	388885	n/a
189.8935546875	0.3	1.0	2	388902	n/a
189.90185546875	0.3	0.0	1	388919	n/a
189.91015625	0.3	1.0	2	388936	n/a
189.91845703125	0.3	0.0	1	388953	n/a
189.9267578125	0.3	1.0	2	388970	n/a
189.93505859375	0.3	0.0	1	388987	n/a
189.943359375	0.3	1.0	2	389004	n/a
189.95166015625	0.3	0.0	1	389021	n/a
189.96044921875	0.3	1.0	2	389039	n/a
189.96875	0.3	0.0	1	389056	n/a
189.97705078125	0.3	0.0	1	389073	n/a
189.9853515625	0.3	1.0	2	389090	n/a
189.99365234375	0.3	1.0	2	389107	n/a
190.001953125	0.3	0.0	1	389124	n/a
190.01025390625	0.3	0.0	1	389141	n/a
190.0185546875	0.3	1.0	2	389158	n/a
190.02685546875	0.3	1.0	2	389175	n/a
190.03515625	0.3	0.0	1	389192	n/a
190.04345703125	0.3	1.0	2	389209	n/a
190.0517578125	0.3	0.0	1	389226	n/a
190.06005859375	0.3	0.0	1	389243	n/a
190.068359375	0.3	1.0	2	389260	n/a
190.07666015625	0.3	1.0	2	389277	n/a
190.08544921875	0.3	0.0	1	389295	n/a
190.09375	0.3	1.0	2	389312	n/a
190.10205078125	0.3	0.0	1	389329	n/a
190.1103515625	0.3	0.0	1	389346	n/a
190.11865234375	0.3	1.0	2	389363	n/a
190.126953125	0.3	1.0	2	389380	n/a
190.13525390625	0.3	0.0	1	389397	n/a
190.1435546875	0.3	1.0	2	389414	n/a
190.15185546875	0.3	0.0	1	389431	n/a
190.16015625	0.3	1.0	2	389448	n/a
190.16845703125	0.3	0.0	1	389465	n/a
190.1767578125	0.3	0.0	1	389482	n/a
190.18505859375	0.3	1.0	2	389499	n/a
190.193359375	0.3	1.0	2	389516	n/a
190.20166015625	0.3	0.0	1	389533	n/a
190.21044921875	0.3	0.0	1	389551	n/a
190.21875	0.3	1.0	2	389568	n/a
190.22705078125	0.3	0.0	1	389585	n/a
190.2353515625	0.3	1.0	2	389602	n/a
190.24365234375	0.3	0.0	1	389619	n/a
190.251953125	0.3	1.0	2	389636	n/a
190.26025390625	0.3	1.0	2	389653	n/a
190.2685546875	0.3	0.0	1	389670	n/a
190.27685546875	0.3	0.0	1	389687	n/a
190.28515625	0.3	1.0	2	389704	n/a
190.29345703125	0.3	1.0	2	389721	n/a
190.3017578125	0.3	0.0	1	389738	n/a
190.31005859375	0.3	1.0	2	389755	n/a
190.318359375	0.3	0.0	1	389772	n/a
190.32666015625	0.3	0.0	1	389789	n/a
190.33544921875	0.3	1.0	2	389807	n/a
190.34375	0.3	1.0	2	389824	n/a
190.35205078125	0.3	0.0	1	389841	n/a
190.3603515625	0.3	0.0	1	389858	n/a
190.36865234375	0.3	1.0	2	389875	n/a
190.376953125	0.3	1.0	2	389892	n/a
190.38525390625	0.3	0.0	1	389909	n/a
190.3935546875	0.3	1.0	2	389926	n/a
190.40185546875	0.3	0.0	1	389943	n/a
190.41015625	0.3	0.0	1	389960	n/a
190.41845703125	0.3	1.0	2	389977	n/a
190.4267578125	0.3	1.0	2	389994	n/a
190.43505859375	0.3	0.0	1	390011	n/a
190.443359375	0.3	1.0	2	390028	n/a
190.45166015625	0.3	0.0	1	390045	n/a
190.46044921875	0.3	0.0	1	390063	n/a
190.46875	0.3	1.0	2	390080	n/a
190.47705078125	0.3	0.0	1	390097	n/a
190.4853515625	0.3	1.0	2	390114	n/a
190.49365234375	0.3	1.0	2	390131	n/a
190.501953125	0.3	0.0	1	390148	n/a
190.51025390625	0.3	0.0	1	390165	n/a
190.5185546875	0.3	1.0	2	390182	n/a
190.52685546875	0.3	1.0	2	390199	n/a
190.53515625	0.3	0.0	1	390216	n/a
190.54345703125	0.3	0.0	1	390233	n/a
190.5517578125	0.3	1.0	2	390250	n/a
190.56005859375	0.3	0.0	1	390267	n/a
190.568359375	0.3	1.0	2	390284	n/a
190.57666015625	0.3	0.0	1	390301	n/a
190.58544921875	0.3	1.0	2	390319	n/a
190.59375	0.3	0.0	1	390336	n/a
190.60205078125	0.3	1.0	2	390353	n/a
190.6103515625	0.3	1.0	2	390370	n/a
190.61865234375	0.3	0.0	1	390387	n/a
190.626953125	0.3	0.0	1	390404	n/a
190.63525390625	0.3	1.0	2	390421	n/a
190.6435546875	0.3	1.0	2	390438	n/a
190.65185546875	0.3	0.0	1	390455	n/a
190.66015625	0.3	1.0	2	390472	n/a
190.66845703125	0.3	0.0	1	390489	n/a
190.6767578125	0.3	1.0	2	390506	n/a
190.68505859375	0.3	0.0	1	390523	n/a
190.693359375	0.3	1.0	2	390540	n/a
190.70166015625	0.3	0.0	1	390557	n/a
190.71044921875	0.3	1.0	2	390575	n/a
190.71875	0.3	0.0	1	390592	n/a
190.72705078125	0.3	1.0	2	390609	n/a
190.7353515625	0.3	0.0	1	390626	n/a
190.74365234375	0.3	1.0	2	390643	n/a
190.751953125	0.3	0.0	1	390660	n/a
190.76025390625	0.3	1.0	2	390677	n/a
190.7685546875	0.3	0.0	1	390694	n/a
190.77685546875	0.3	1.0	2	390711	n/a
190.78515625	0.3	0.0	1	390728	n/a
190.79345703125	0.3	1.0	2	390745	n/a
190.8017578125	0.3	0.0	1	390762	n/a
190.81005859375	0.3	1.0	2	390779	n/a
190.818359375	0.3	0.0	1	390796	n/a
190.82666015625	0.3	0.0	1	390813	n/a
190.83544921875	0.3	1.0	2	390831	n/a
190.84375	0.3	1.0	2	390848	n/a
190.85205078125	0.3	0.0	1	390865	n/a
190.8603515625	0.3	0.0	1	390882	n/a
190.86865234375	0.3	1.0	2	390899	n/a
190.876953125	0.3	0.0	1	390916	n/a
190.88525390625	0.3	1.0	2	390933	n/a
190.8935546875	0.3	0.0	1	390950	n/a
190.90185546875	0.3	1.0	2	390967	n/a
190.91015625	0.3	1.0	2	390984	n/a
190.91845703125	0.3	0.0	1	391001	n/a
190.9267578125	0.3	1.0	2	391018	n/a
190.93505859375	0.3	0.0	1	391035	n/a
190.943359375	0.3	1.0	2	391052	n/a
190.95166015625	0.3	0.0	1	391069	n/a
190.96044921875	0.3	1.0	2	391087	n/a
190.96875	0.3	0.0	1	391104	n/a
190.97705078125	0.3	1.0	2	391121	n/a
190.9853515625	0.3	0.0	1	391138	n/a
190.99365234375	0.3	1.0	2	391155	n/a
191.001953125	0.3	0.0	1	391172	n/a
191.01025390625	0.3	1.0	2	391189	n/a
191.0185546875	0.3	0.0	1	391206	n/a
191.02685546875	0.3	0.0	1	391223	n/a
191.03515625	0.3	1.0	2	391240	n/a
191.04345703125	0.3	1.0	2	391257	n/a
191.0517578125	0.3	0.0	1	391274	n/a
191.06005859375	0.3	0.0	1	391291	n/a
191.068359375	0.3	1.0	2	391308	n/a
191.07666015625	0.3	1.0	2	391325	n/a
191.08544921875	0.3	0.0	1	391343	n/a
191.09375	0.3	1.0	2	391360	n/a
191.10205078125	0.3	0.0	1	391377	n/a
191.1103515625	0.3	0.0	1	391394	n/a
191.11865234375	0.3	1.0	2	391411	n/a
191.126953125	0.3	1.0	2	391428	n/a
191.13525390625	0.3	0.0	1	391445	n/a
191.1435546875	0.3	1.0	2	391462	n/a
191.15185546875	0.3	0.0	1	391479	n/a
191.16015625	0.3	0.0	1	391496	n/a
191.16845703125	0.3	1.0	2	391513	n/a
191.1767578125	0.3	1.0	2	391530	n/a
191.18505859375	0.3	0.0	1	391547	n/a
191.193359375	0.3	1.0	2	391564	n/a
191.20166015625	0.3	0.0	1	391581	n/a
191.21044921875	0.3	1.0	2	391599	n/a
191.21875	0.3	0.0	1	391616	n/a
191.22705078125	0.3	0.0	1	391633	n/a
191.2353515625	0.3	1.0	2	391650	n/a
191.24365234375	0.3	1.0	2	391667	n/a
191.251953125	0.3	0.0	1	391684	n/a
191.26025390625	0.3	0.0	1	391701	n/a
191.2685546875	0.3	1.0	2	391718	n/a
191.27685546875	0.3	0.0	1	391735	n/a
191.28515625	0.3	1.0	2	391752	n/a
191.29345703125	0.3	0.0	1	391769	n/a
191.3017578125	0.3	1.0	2	391786	n/a
191.31005859375	0.3	1.0	2	391803	n/a
191.318359375	0.3	0.0	1	391820	n/a
191.32666015625	0.3	0.0	1	391837	n/a
191.33544921875	0.3	1.0	2	391855	n/a
191.34375	0.3	1.0	2	391872	n/a
191.35205078125	0.3	0.0	1	391889	n/a
191.3603515625	0.3	1.0	2	391906	n/a
191.36865234375	0.3	0.0	1	391923	n/a
191.376953125	0.3	0.0	1	391940	n/a
191.38525390625	0.3	1.0	2	391957	n/a
191.3935546875	0.3	1.0	2	391974	n/a
191.40185546875	0.3	0.0	1	391991	n/a
191.41015625	0.3	0.0	1	392008	n/a
191.41845703125	0.3	1.0	2	392025	n/a
191.4267578125	0.3	1.0	2	392042	n/a
191.43505859375	0.3	0.0	1	392059	n/a
191.443359375	0.3	1.0	2	392076	n/a
191.45166015625	0.3	0.0	1	392093	n/a
191.46044921875	0.3	0.0	1	392111	n/a
191.46875	0.3	1.0	2	392128	n/a
191.47705078125	0.3	1.0	2	392145	n/a
191.4853515625	0.3	0.0	1	392162	n/a
191.49365234375	0.3	1.0	2	392179	n/a
191.501953125	0.3	0.0	1	392196	n/a
191.51025390625	0.3	0.0	1	392213	n/a
191.5185546875	0.3	1.0	2	392230	n/a
191.52685546875	0.3	0.0	1	392247	n/a
191.53515625	0.3	1.0	2	392264	n/a
191.54345703125	0.3	1.0	2	392281	n/a
191.5517578125	0.3	0.0	1	392298	n/a
191.56005859375	0.3	0.0	1	392315	n/a
191.568359375	0.3	1.0	2	392332	n/a
191.57666015625	0.3	1.0	2	392349	n/a
191.58544921875	0.3	0.0	1	392367	n/a
191.59375	0.3	0.0	1	392384	n/a
191.60205078125	0.3	1.0	2	392401	n/a
191.6103515625	0.3	0.0	1	392418	n/a
191.61865234375	0.3	1.0	2	392435	n/a
191.626953125	0.3	0.0	1	392452	n/a
191.63525390625	0.3	1.0	2	392469	n/a
191.6435546875	0.3	0.0	1	392486	n/a
191.65185546875	0.3	1.0	2	392503	n/a
191.66015625	0.3	1.0	2	392520	n/a
191.66845703125	0.3	0.0	1	392537	n/a
191.6767578125	0.3	0.0	1	392554	n/a
191.68505859375	0.3	1.0	2	392571	n/a
191.693359375	0.3	1.0	2	392588	n/a
191.70166015625	0.3	0.0	1	392605	n/a
191.71044921875	0.3	1.0	2	392623	n/a
191.71875	0.3	0.0	1	392640	n/a
191.72705078125	0.3	1.0	2	392657	n/a
191.7353515625	0.3	0.0	1	392674	n/a
191.74365234375	0.3	1.0	2	392691	n/a
191.751953125	0.3	0.0	1	392708	n/a
191.76025390625	0.3	1.0	2	392725	n/a
191.7685546875	0.3	0.0	1	392742	n/a
191.77685546875	0.3	1.0	2	392759	n/a
191.78515625	0.3	0.0	1	392776	n/a
191.79345703125	0.3	1.0	2	392793	n/a
191.8017578125	0.3	0.0	1	392810	n/a
191.81005859375	0.3	1.0	2	392827	n/a
191.818359375	0.3	0.0	1	392844	n/a
191.82666015625	0.3	1.0	2	392861	n/a
191.83544921875	0.3	0.0	1	392879	n/a
194.2529296875	0.3	0.0	1	397830	11.0
194.26123046875	0.3	1.0	2	397847	n/a
194.26953125	0.3	0.0	1	397864	n/a
194.27783203125	0.3	1.0	2	397881	n/a
194.2861328125	0.3	1.0	2	397898	n/a
194.29443359375	0.3	0.0	1	397915	n/a
194.302734375	0.3	0.0	1	397932	n/a
194.31103515625	0.3	1.0	2	397949	n/a
194.31982421875	0.3	0.0	1	397967	n/a
194.328125	0.3	1.0	2	397984	n/a
194.33642578125	0.3	0.0	1	398001	n/a
194.3447265625	0.3	1.0	2	398018	n/a
194.35302734375	0.3	1.0	2	398035	n/a
194.361328125	0.3	0.0	1	398052	n/a
194.36962890625	0.3	1.0	2	398069	n/a
194.3779296875	0.3	0.0	1	398086	n/a
194.38623046875	0.3	0.0	1	398103	n/a
194.39453125	0.3	1.0	2	398120	n/a
194.40283203125	0.3	1.0	2	398137	n/a
194.4111328125	0.3	0.0	1	398154	n/a
194.41943359375	0.3	0.0	1	398171	n/a
194.427734375	0.3	1.0	2	398188	n/a
194.43603515625	0.3	1.0	2	398205	n/a
194.44482421875	0.3	0.0	1	398223	n/a
194.453125	0.3	1.0	2	398240	n/a
194.46142578125	0.3	0.0	1	398257	n/a
194.4697265625	0.3	1.0	2	398274	n/a
194.47802734375	0.3	0.0	1	398291	n/a
194.486328125	0.3	1.0	2	398308	n/a
194.49462890625	0.3	0.0	1	398325	n/a
194.5029296875	0.3	0.0	1	398342	n/a
194.51123046875	0.3	1.0	2	398359	n/a
194.51953125	0.3	0.0	1	398376	n/a
194.52783203125	0.3	1.0	2	398393	n/a
194.5361328125	0.3	1.0	2	398410	n/a
194.54443359375	0.3	0.0	1	398427	n/a
194.552734375	0.3	0.0	1	398444	n/a
194.56103515625	0.3	1.0	2	398461	n/a
194.56982421875	0.3	1.0	2	398479	n/a
194.578125	0.3	0.0	1	398496	n/a
194.58642578125	0.3	0.0	1	398513	n/a
194.5947265625	0.3	1.0	2	398530	n/a
194.60302734375	0.3	0.0	1	398547	n/a
194.611328125	0.3	1.0	2	398564	n/a
194.61962890625	0.3	0.0	1	398581	n/a
194.6279296875	0.3	1.0	2	398598	n/a
194.63623046875	0.3	0.0	1	398615	n/a
194.64453125	0.3	1.0	2	398632	n/a
194.65283203125	0.3	0.0	1	398649	n/a
194.6611328125	0.3	1.0	2	398666	n/a
194.66943359375	0.3	0.0	1	398683	n/a
194.677734375	0.3	1.0	2	398700	n/a
194.68603515625	0.3	0.0	1	398717	n/a
194.69482421875	0.3	1.0	2	398735	n/a
194.703125	0.3	0.0	1	398752	n/a
194.71142578125	0.3	1.0	2	398769	n/a
194.7197265625	0.3	0.0	1	398786	n/a
194.72802734375	0.3	1.0	2	398803	n/a
194.736328125	0.3	1.0	2	398820	n/a
194.74462890625	0.3	0.0	1	398837	n/a
194.7529296875	0.3	1.0	2	398854	n/a
194.76123046875	0.3	0.0	1	398871	n/a
194.76953125	0.3	1.0	2	398888	n/a
194.77783203125	0.3	0.0	1	398905	n/a
194.7861328125	0.3	1.0	2	398922	n/a
194.79443359375	0.3	0.0	1	398939	n/a
194.802734375	0.3	1.0	2	398956	n/a
194.81103515625	0.3	0.0	1	398973	n/a
194.81982421875	0.3	1.0	2	398991	n/a
194.828125	0.3	0.0	1	399008	n/a
194.83642578125	0.3	1.0	2	399025	n/a
194.8447265625	0.3	0.0	1	399042	n/a
194.85302734375	0.3	0.0	1	399059	n/a
194.861328125	0.3	1.0	2	399076	n/a
194.86962890625	0.3	0.0	1	399093	n/a
194.8779296875	0.3	1.0	2	399110	n/a
194.88623046875	0.3	0.0	1	399127	n/a
194.89453125	0.3	1.0	2	399144	n/a
194.90283203125	0.3	0.0	1	399161	n/a
194.9111328125	0.3	1.0	2	399178	n/a
194.91943359375	0.3	0.0	1	399195	n/a
194.927734375	0.3	1.0	2	399212	n/a
194.93603515625	0.3	1.0	2	399229	n/a
194.94482421875	0.3	0.0	1	399247	n/a
194.953125	0.3	1.0	2	399264	n/a
194.96142578125	0.3	0.0	1	399281	n/a
194.9697265625	0.3	1.0	2	399298	n/a
194.97802734375	0.3	0.0	1	399315	n/a
194.986328125	0.3	0.0	1	399332	n/a
194.99462890625	0.3	1.0	2	399349	n/a
195.0029296875	0.3	1.0	2	399366	n/a
195.01123046875	0.3	0.0	1	399383	n/a
195.01953125	0.3	1.0	2	399400	n/a
195.02783203125	0.3	0.0	1	399417	n/a
195.0361328125	0.3	1.0	2	399434	n/a
195.04443359375	0.3	0.0	1	399451	n/a
195.052734375	0.3	0.0	1	399468	n/a
195.06103515625	0.3	1.0	2	399485	n/a
195.06982421875	0.3	0.0	1	399503	n/a
195.078125	0.3	1.0	2	399520	n/a
195.08642578125	0.3	0.0	1	399537	n/a
195.0947265625	0.3	1.0	2	399554	n/a
195.10302734375	0.3	1.0	2	399571	n/a
195.111328125	0.3	0.0	1	399588	n/a
195.11962890625	0.3	0.0	1	399605	n/a
195.1279296875	0.3	1.0	2	399622	n/a
195.13623046875	0.3	1.0	2	399639	n/a
195.14453125	0.3	0.0	1	399656	n/a
195.15283203125	0.3	1.0	2	399673	n/a
195.1611328125	0.3	0.0	1	399690	n/a
195.16943359375	0.3	1.0	2	399707	n/a
195.177734375	0.3	0.0	1	399724	n/a
195.18603515625	0.3	1.0	2	399741	n/a
195.19482421875	0.3	0.0	1	399759	n/a
195.203125	0.3	1.0	2	399776	n/a
195.21142578125	0.3	0.0	1	399793	n/a
195.2197265625	0.3	1.0	2	399810	n/a
195.22802734375	0.3	0.0	1	399827	n/a
195.236328125	0.3	0.0	1	399844	n/a
195.24462890625	0.3	1.0	2	399861	n/a
195.2529296875	0.3	1.0	2	399878	n/a
195.26123046875	0.3	0.0	1	399895	n/a
195.26953125	0.3	0.0	1	399912	n/a
195.27783203125	0.3	1.0	2	399929	n/a
195.2861328125	0.3	0.0	1	399946	n/a
195.29443359375	0.3	1.0	2	399963	n/a
195.302734375	0.3	0.0	1	399980	n/a
195.31103515625	0.3	1.0	2	399997	n/a
195.31982421875	0.3	0.0	1	400015	n/a
195.328125	0.3	1.0	2	400032	n/a
195.33642578125	0.3	1.0	2	400049	n/a
195.3447265625	0.3	0.0	1	400066	n/a
195.35302734375	0.3	0.0	1	400083	n/a
195.361328125	0.3	1.0	2	400100	n/a
195.36962890625	0.3	0.0	1	400117	n/a
195.3779296875	0.3	1.0	2	400134	n/a
195.38623046875	0.3	0.0	1	400151	n/a
195.39453125	0.3	1.0	2	400168	n/a
195.40283203125	0.3	1.0	2	400185	n/a
195.4111328125	0.3	0.0	1	400202	n/a
195.41943359375	0.3	1.0	2	400219	n/a
195.427734375	0.3	0.0	1	400236	n/a
195.43603515625	0.3	0.0	1	400253	n/a
195.44482421875	0.3	1.0	2	400271	n/a
195.453125	0.3	1.0	2	400288	n/a
195.46142578125	0.3	0.0	1	400305	n/a
195.4697265625	0.3	0.0	1	400322	n/a
195.47802734375	0.3	1.0	2	400339	n/a
195.486328125	0.3	1.0	2	400356	n/a
195.49462890625	0.3	0.0	1	400373	n/a
195.5029296875	0.3	1.0	2	400390	n/a
195.51123046875	0.3	0.0	1	400407	n/a
195.51953125	0.3	1.0	2	400424	n/a
195.52783203125	0.3	0.0	1	400441	n/a
195.5361328125	0.3	1.0	2	400458	n/a
195.54443359375	0.3	0.0	1	400475	n/a
195.552734375	0.3	0.0	1	400492	n/a
195.56103515625	0.3	1.0	2	400509	n/a
195.56982421875	0.3	0.0	1	400527	n/a
195.578125	0.3	1.0	2	400544	n/a
195.58642578125	0.3	1.0	2	400561	n/a
195.5947265625	0.3	0.0	1	400578	n/a
195.60302734375	0.3	0.0	1	400595	n/a
195.611328125	0.3	1.0	2	400612	n/a
195.61962890625	0.3	1.0	2	400629	n/a
195.6279296875	0.3	0.0	1	400646	n/a
195.63623046875	0.3	0.0	1	400663	n/a
195.64453125	0.3	1.0	2	400680	n/a
195.65283203125	0.3	0.0	1	400697	n/a
195.6611328125	0.3	1.0	2	400714	n/a
195.66943359375	0.3	0.0	1	400731	n/a
195.677734375	0.3	1.0	2	400748	n/a
195.68603515625	0.3	0.0	1	400765	n/a
195.69482421875	0.3	1.0	2	400783	n/a
195.703125	0.3	0.0	1	400800	n/a
195.71142578125	0.3	1.0	2	400817	n/a
195.7197265625	0.3	0.0	1	400834	n/a
195.72802734375	0.3	1.0	2	400851	n/a
195.736328125	0.3	0.0	1	400868	n/a
195.74462890625	0.3	1.0	2	400885	n/a
195.7529296875	0.3	0.0	1	400902	n/a
195.76123046875	0.3	1.0	2	400919	n/a
195.76953125	0.3	0.0	1	400936	n/a
195.77783203125	0.3	1.0	2	400953	n/a
195.7861328125	0.3	1.0	2	400970	n/a
195.79443359375	0.3	0.0	1	400987	n/a
195.802734375	0.3	1.0	2	401004	n/a
195.81103515625	0.3	0.0	1	401021	n/a
195.81982421875	0.3	1.0	2	401039	n/a
195.828125	0.3	0.0	1	401056	n/a
195.83642578125	0.3	1.0	2	401073	n/a
195.8447265625	0.3	0.0	1	401090	n/a
195.85302734375	0.3	1.0	2	401107	n/a
195.861328125	0.3	0.0	1	401124	n/a
195.86962890625	0.3	1.0	2	401141	n/a
195.8779296875	0.3	0.0	1	401158	n/a
195.88623046875	0.3	1.0	2	401175	n/a
195.89453125	0.3	0.0	1	401192	n/a
195.90283203125	0.3	0.0	1	401209	n/a
195.9111328125	0.3	1.0	2	401226	n/a
195.91943359375	0.3	0.0	1	401243	n/a
195.927734375	0.3	1.0	2	401260	n/a
195.93603515625	0.3	0.0	1	401277	n/a
195.94482421875	0.3	1.0	2	401295	n/a
195.953125	0.3	0.0	1	401312	n/a
195.96142578125	0.3	1.0	2	401329	n/a
195.9697265625	0.3	0.0	1	401346	n/a
195.97802734375	0.3	1.0	2	401363	n/a
195.986328125	0.3	1.0	2	401380	n/a
195.99462890625	0.3	0.0	1	401397	n/a
196.0029296875	0.3	1.0	2	401414	n/a
196.01123046875	0.3	0.0	1	401431	n/a
196.01953125	0.3	1.0	2	401448	n/a
196.02783203125	0.3	0.0	1	401465	n/a
196.0361328125	0.3	0.0	1	401482	n/a
196.04443359375	0.3	1.0	2	401499	n/a
196.052734375	0.3	1.0	2	401516	n/a
196.06103515625	0.3	0.0	1	401533	n/a
196.06982421875	0.3	1.0	2	401551	n/a
196.078125	0.3	0.0	1	401568	n/a
196.08642578125	0.3	1.0	2	401585	n/a
196.0947265625	0.3	0.0	1	401602	n/a
196.10302734375	0.3	0.0	1	401619	n/a
196.111328125	0.3	1.0	2	401636	n/a
196.11962890625	0.3	0.0	1	401653	n/a
196.1279296875	0.3	1.0	2	401670	n/a
196.13623046875	0.3	0.0	1	401687	n/a
196.14453125	0.3	1.0	2	401704	n/a
196.15283203125	0.3	1.0	2	401721	n/a
196.1611328125	0.3	0.0	1	401738	n/a
196.16943359375	0.3	0.0	1	401755	n/a
196.177734375	0.3	1.0	2	401772	n/a
196.18603515625	0.3	1.0	2	401789	n/a
196.19482421875	0.3	0.0	1	401807	n/a
196.203125	0.3	1.0	2	401824	n/a
196.21142578125	0.3	0.0	1	401841	n/a
196.2197265625	0.3	1.0	2	401858	n/a
196.22802734375	0.3	0.0	1	401875	n/a
196.236328125	0.3	1.0	2	401892	n/a
196.24462890625	0.3	0.0	1	401909	n/a
196.2529296875	0.3	1.0	2	401926	n/a
196.26123046875	0.3	0.0	1	401943	n/a
196.26953125	0.3	1.0	2	401960	n/a
196.27783203125	0.3	0.0	1	401977	n/a
196.2861328125	0.3	0.0	1	401994	n/a
196.29443359375	0.3	1.0	2	402011	n/a
196.302734375	0.3	1.0	2	402028	n/a
196.31103515625	0.3	0.0	1	402045	n/a
196.31982421875	0.3	0.0	1	402063	n/a
196.328125	0.3	1.0	2	402080	n/a
196.33642578125	0.3	0.0	1	402097	n/a
196.3447265625	0.3	1.0	2	402114	n/a
196.35302734375	0.3	0.0	1	402131	n/a
196.361328125	0.3	1.0	2	402148	n/a
196.36962890625	0.3	0.0	1	402165	n/a
196.3779296875	0.3	1.0	2	402182	n/a
196.38623046875	0.3	1.0	2	402199	n/a
196.39453125	0.3	0.0	1	402216	n/a
196.40283203125	0.3	0.0	1	402233	n/a
196.4111328125	0.3	1.0	2	402250	n/a
196.41943359375	0.3	0.0	1	402267	n/a
196.427734375	0.3	1.0	2	402284	n/a
196.43603515625	0.3	0.0	1	402301	n/a
196.44482421875	0.3	1.0	2	402319	n/a
196.453125	0.3	1.0	2	402336	n/a
196.46142578125	0.3	0.0	1	402353	n/a
196.4697265625	0.3	1.0	2	402370	n/a
196.47802734375	0.3	0.0	1	402387	n/a
196.486328125	0.3	0.0	1	402404	n/a
196.49462890625	0.3	1.0	2	402421	n/a
196.5029296875	0.3	1.0	2	402438	n/a
196.51123046875	0.3	0.0	1	402455	n/a
196.51953125	0.3	0.0	1	402472	n/a
196.52783203125	0.3	1.0	2	402489	n/a
196.5361328125	0.3	1.0	2	402506	n/a
196.54443359375	0.3	0.0	1	402523	n/a
196.552734375	0.3	1.0	2	402540	n/a
196.56103515625	0.3	0.0	1	402557	n/a
196.56982421875	0.3	1.0	2	402575	n/a
196.578125	0.3	0.0	1	402592	n/a
196.58642578125	0.3	1.0	2	402609	n/a
196.5947265625	0.3	0.0	1	402626	n/a
196.60302734375	0.3	0.0	1	402643	n/a
196.611328125	0.3	1.0	2	402660	n/a
196.61962890625	0.3	0.0	1	402677	n/a
196.6279296875	0.3	1.0	2	402694	n/a
196.63623046875	0.3	1.0	2	402711	n/a
196.64453125	0.3	0.0	1	402728	n/a
196.65283203125	0.3	0.0	1	402745	n/a
196.6611328125	0.3	1.0	2	402762	n/a
196.66943359375	0.3	1.0	2	402779	n/a
196.677734375	0.3	0.0	1	402796	n/a
196.68603515625	0.3	0.0	1	402813	n/a
196.69482421875	0.3	1.0	2	402831	n/a
196.703125	0.3	0.0	1	402848	n/a
196.71142578125	0.3	1.0	2	402865	n/a
196.7197265625	0.3	0.0	1	402882	n/a
196.72802734375	0.3	1.0	2	402899	n/a
196.736328125	0.3	0.0	1	402916	n/a
196.74462890625	0.3	1.0	2	402933	n/a
196.7529296875	0.3	0.0	1	402950	n/a
196.76123046875	0.3	1.0	2	402967	n/a
196.76953125	0.3	0.0	1	402984	n/a
196.77783203125	0.3	1.0	2	403001	n/a
196.7861328125	0.3	0.0	1	403018	n/a
196.79443359375	0.3	1.0	2	403035	n/a
196.802734375	0.3	0.0	1	403052	n/a
196.81103515625	0.3	1.0	2	403069	n/a
196.81982421875	0.3	0.0	1	403087	n/a
196.828125	0.3	1.0	2	403104	n/a
196.83642578125	0.3	1.0	2	403121	n/a
196.8447265625	0.3	0.0	1	403138	n/a
196.85302734375	0.3	1.0	2	403155	n/a
196.861328125	0.3	0.0	1	403172	n/a
196.86962890625	0.3	1.0	2	403189	n/a
196.8779296875	0.3	0.0	1	403206	n/a
196.88623046875	0.3	1.0	2	403223	n/a
196.89453125	0.3	0.0	1	403240	n/a
196.90283203125	0.3	1.0	2	403257	n/a
196.9111328125	0.3	0.0	1	403274	n/a
196.91943359375	0.3	1.0	2	403291	n/a
196.927734375	0.3	0.0	1	403308	n/a
196.93603515625	0.3	1.0	2	403325	n/a
196.94482421875	0.3	0.0	1	403343	n/a
196.953125	0.3	0.0	1	403360	n/a
196.96142578125	0.3	1.0	2	403377	n/a
196.9697265625	0.3	0.0	1	403394	n/a
196.97802734375	0.3	1.0	2	403411	n/a
196.986328125	0.3	0.0	1	403428	n/a
196.99462890625	0.3	1.0	2	403445	n/a
197.0029296875	0.3	0.0	1	403462	n/a
197.01123046875	0.3	1.0	2	403479	n/a
197.01953125	0.3	0.0	1	403496	n/a
197.02783203125	0.3	1.0	2	403513	n/a
197.0361328125	0.3	1.0	2	403530	n/a
197.04443359375	0.3	0.0	1	403547	n/a
197.052734375	0.3	1.0	2	403564	n/a
197.06103515625	0.3	0.0	1	403581	n/a
197.06982421875	0.3	1.0	2	403599	n/a
197.078125	0.3	0.0	1	403616	n/a
197.08642578125	0.3	0.0	1	403633	n/a
197.0947265625	0.3	1.0	2	403650	n/a
197.10302734375	0.3	1.0	2	403667	n/a
197.111328125	0.3	0.0	1	403684	n/a
197.11962890625	0.3	1.0	2	403701	n/a
197.1279296875	0.3	0.0	1	403718	n/a
197.13623046875	0.3	1.0	2	403735	n/a
197.14453125	0.3	0.0	1	403752	n/a
197.15283203125	0.3	0.0	1	403769	n/a
197.1611328125	0.3	1.0	2	403786	n/a
197.16943359375	0.3	0.0	1	403803	n/a
197.177734375	0.3	1.0	2	403820	n/a
197.18603515625	0.3	0.0	1	403837	n/a
197.19482421875	0.3	1.0	2	403855	n/a
197.203125	0.3	1.0	2	403872	n/a
197.21142578125	0.3	0.0	1	403889	n/a
197.2197265625	0.3	0.0	1	403906	n/a
197.22802734375	0.3	1.0	2	403923	n/a
197.236328125	0.3	1.0	2	403940	n/a
197.24462890625	0.3	0.0	1	403957	n/a
197.2529296875	0.3	1.0	2	403974	n/a
197.26123046875	0.3	0.0	1	403991	n/a
197.26953125	0.3	1.0	2	404008	n/a
197.27783203125	0.3	0.0	1	404025	n/a
197.2861328125	0.3	1.0	2	404042	n/a
197.29443359375	0.3	0.0	1	404059	n/a
197.302734375	0.3	1.0	2	404076	n/a
197.31103515625	0.3	0.0	1	404093	n/a
197.31982421875	0.3	1.0	2	404111	n/a
197.328125	0.3	0.0	1	404128	n/a
197.33642578125	0.3	0.0	1	404145	n/a
197.3447265625	0.3	1.0	2	404162	n/a
197.35302734375	0.3	1.0	2	404179	n/a
197.361328125	0.3	0.0	1	404196	n/a
197.36962890625	0.3	0.0	1	404213	n/a
197.3779296875	0.3	1.0	2	404230	n/a
197.38623046875	0.3	0.0	1	404247	n/a
197.39453125	0.3	1.0	2	404264	n/a
197.40283203125	0.3	0.0	1	404281	n/a
197.4111328125	0.3	1.0	2	404298	n/a
197.41943359375	0.3	0.0	1	404315	n/a
197.427734375	0.3	1.0	2	404332	n/a
197.43603515625	0.3	1.0	2	404349	n/a
197.44482421875	0.3	0.0	1	404367	n/a
197.453125	0.3	0.0	1	404384	n/a
197.46142578125	0.3	1.0	2	404401	n/a
197.4697265625	0.3	0.0	1	404418	n/a
197.47802734375	0.3	1.0	2	404435	n/a
197.486328125	0.3	0.0	1	404452	n/a
197.49462890625	0.3	1.0	2	404469	n/a
197.5029296875	0.3	1.0	2	404486	n/a
197.51123046875	0.3	0.0	1	404503	n/a
197.51953125	0.3	1.0	2	404520	n/a
197.52783203125	0.3	0.0	1	404537	n/a
197.5361328125	0.3	0.0	1	404554	n/a
197.54443359375	0.3	1.0	2	404571	n/a
197.552734375	0.3	1.0	2	404588	n/a
197.56103515625	0.3	0.0	1	404605	n/a
197.56982421875	0.3	0.0	1	404623	n/a
197.578125	0.3	1.0	2	404640	n/a
197.58642578125	0.3	1.0	2	404657	n/a
197.5947265625	0.3	0.0	1	404674	n/a
197.60302734375	0.3	1.0	2	404691	n/a
197.611328125	0.3	0.0	1	404708	n/a
197.61962890625	0.3	1.0	2	404725	n/a
197.6279296875	0.3	0.0	1	404742	n/a
197.63623046875	0.3	1.0	2	404759	n/a
197.64453125	0.3	0.0	1	404776	n/a
197.65283203125	0.3	0.0	1	404793	n/a
197.6611328125	0.3	1.0	2	404810	n/a
197.66943359375	0.3	0.0	1	404827	n/a
197.677734375	0.3	1.0	2	404844	n/a
197.68603515625	0.3	1.0	2	404861	n/a
197.69482421875	0.3	0.0	1	404879	n/a
197.703125	0.3	0.0	1	404896	n/a
197.71142578125	0.3	1.0	2	404913	n/a
197.7197265625	0.3	1.0	2	404930	n/a
197.72802734375	0.3	0.0	1	404947	n/a
197.736328125	0.3	0.0	1	404964	n/a
197.74462890625	0.3	1.0	2	404981	n/a
197.7529296875	0.3	0.0	1	404998	n/a
197.76123046875	0.3	1.0	2	405015	n/a
197.76953125	0.3	0.0	1	405032	n/a
197.77783203125	0.3	1.0	2	405049	n/a
197.7861328125	0.3	0.0	1	405066	n/a
197.79443359375	0.3	1.0	2	405083	n/a
197.802734375	0.3	0.0	1	405100	n/a
197.81103515625	0.3	1.0	2	405117	n/a
197.81982421875	0.3	0.0	1	405135	n/a
197.828125	0.3	1.0	2	405152	n/a
197.83642578125	0.3	0.0	1	405169	n/a
197.8447265625	0.3	1.0	2	405186	n/a
197.85302734375	0.3	0.0	1	405203	n/a
197.861328125	0.3	1.0	2	405220	n/a
197.86962890625	0.3	0.0	1	405237	n/a
197.8779296875	0.3	1.0	2	405254	n/a
197.88623046875	0.3	1.0	2	405271	n/a
197.89453125	0.3	0.0	1	405288	n/a
197.90283203125	0.3	1.0	2	405305	n/a
197.9111328125	0.3	0.0	1	405322	n/a
197.91943359375	0.3	1.0	2	405339	n/a
197.927734375	0.3	0.0	1	405356	n/a
197.93603515625	0.3	1.0	2	405373	n/a
197.94482421875	0.3	0.0	1	405391	n/a
197.953125	0.3	1.0	2	405408	n/a
197.96142578125	0.3	0.0	1	405425	n/a
197.9697265625	0.3	1.0	2	405442	n/a
197.97802734375	0.3	0.0	1	405459	n/a
197.986328125	0.3	1.0	2	405476	n/a
197.99462890625	0.3	0.0	1	405493	n/a
198.0029296875	0.3	0.0	1	405510	n/a
198.01123046875	0.3	1.0	2	405527	n/a
198.01953125	0.3	0.0	1	405544	n/a
198.02783203125	0.3	1.0	2	405561	n/a
198.0361328125	0.3	0.0	1	405578	n/a
198.04443359375	0.3	1.0	2	405595	n/a
198.052734375	0.3	0.0	1	405612	n/a
198.06103515625	0.3	1.0	2	405629	n/a
198.06982421875	0.3	0.0	1	405647	n/a
198.078125	0.3	1.0	2	405664	n/a
198.08642578125	0.3	1.0	2	405681	n/a
198.0947265625	0.3	0.0	1	405698	n/a
198.10302734375	0.3	1.0	2	405715	n/a
198.111328125	0.3	0.0	1	405732	n/a
198.11962890625	0.3	1.0	2	405749	n/a
198.1279296875	0.3	0.0	1	405766	n/a
198.13623046875	0.3	0.0	1	405783	n/a
198.14453125	0.3	1.0	2	405800	n/a
198.15283203125	0.3	1.0	2	405817	n/a
198.1611328125	0.3	0.0	1	405834	n/a
198.16943359375	0.3	1.0	2	405851	n/a
198.177734375	0.3	0.0	1	405868	n/a
198.18603515625	0.3	1.0	2	405885	n/a
198.19482421875	0.3	0.0	1	405903	n/a
198.203125	0.3	0.0	1	405920	n/a
198.21142578125	0.3	1.0	2	405937	n/a
198.2197265625	0.3	0.0	1	405954	n/a
198.22802734375	0.3	1.0	2	405971	n/a
198.236328125	0.3	0.0	1	405988	n/a
198.24462890625	0.3	1.0	2	406005	n/a
198.2529296875	0.3	1.0	2	406022	n/a
198.26123046875	0.3	0.0	1	406039	n/a
198.26953125	0.3	0.0	1	406056	n/a
198.27783203125	0.3	1.0	2	406073	n/a
198.2861328125	0.3	1.0	2	406090	n/a
198.29443359375	0.3	0.0	1	406107	n/a
198.302734375	0.3	1.0	2	406124	n/a
198.31103515625	0.3	0.0	1	406141	n/a
198.31982421875	0.3	1.0	2	406159	n/a
198.328125	0.3	0.0	1	406176	n/a
198.33642578125	0.3	1.0	2	406193	n/a
198.3447265625	0.3	0.0	1	406210	n/a
198.35302734375	0.3	1.0	2	406227	n/a
198.361328125	0.3	0.0	1	406244	n/a
198.36962890625	0.3	1.0	2	406261	n/a
198.3779296875	0.3	0.0	1	406278	n/a
198.38623046875	0.3	0.0	1	406295	n/a
198.39453125	0.3	1.0	2	406312	n/a
198.40283203125	0.3	1.0	2	406329	n/a
198.4111328125	0.3	0.0	1	406346	n/a
198.41943359375	0.3	0.0	1	406363	n/a
198.427734375	0.3	1.0	2	406380	n/a
198.43603515625	0.3	0.0	1	406397	n/a
198.44482421875	0.3	1.0	2	406415	n/a
200.861328125	0.3	1.0	2	411364	14.0
200.86962890625	0.3	0.0	1	411381	n/a
200.8779296875	0.3	0.0	1	411398	n/a
200.88623046875	0.3	1.0	2	411415	n/a
200.89453125	0.3	0.0	1	411432	n/a
200.90283203125	0.3	1.0	2	411449	n/a
200.9111328125	0.3	1.0	2	411466	n/a
200.91943359375	0.3	0.0	1	411483	n/a
200.92822265625	0.3	1.0	2	411501	n/a
200.9365234375	0.3	0.0	1	411518	n/a
200.94482421875	0.3	1.0	2	411535	n/a
200.953125	0.3	0.0	1	411552	n/a
200.96142578125	0.3	0.0	1	411569	n/a
200.9697265625	0.3	1.0	2	411586	n/a
200.97802734375	0.3	0.0	1	411603	n/a
200.986328125	0.3	1.0	2	411620	n/a
200.99462890625	0.3	0.0	1	411637	n/a
201.0029296875	0.3	1.0	2	411654	n/a
201.01123046875	0.3	1.0	2	411671	n/a
201.01953125	0.3	0.0	1	411688	n/a
201.02783203125	0.3	1.0	2	411705	n/a
201.0361328125	0.3	0.0	1	411722	n/a
201.04443359375	0.3	1.0	2	411739	n/a
201.05322265625	0.3	0.0	1	411757	n/a
201.0615234375	0.3	0.0	1	411774	n/a
201.06982421875	0.3	1.0	2	411791	n/a
201.078125	0.3	1.0	2	411808	n/a
201.08642578125	0.3	0.0	1	411825	n/a
201.0947265625	0.3	0.0	1	411842	n/a
201.10302734375	0.3	1.0	2	411859	n/a
201.111328125	0.3	0.0	1	411876	n/a
201.11962890625	0.3	1.0	2	411893	n/a
201.1279296875	0.3	0.0	1	411910	n/a
201.13623046875	0.3	1.0	2	411927	n/a
201.14453125	0.3	1.0	2	411944	n/a
201.15283203125	0.3	0.0	1	411961	n/a
201.1611328125	0.3	1.0	2	411978	n/a
201.16943359375	0.3	0.0	1	411995	n/a
201.17822265625	0.3	0.0	1	412013	n/a
201.1865234375	0.3	1.0	2	412030	n/a
201.19482421875	0.3	0.0	1	412047	n/a
201.203125	0.3	1.0	2	412064	n/a
201.21142578125	0.3	0.0	1	412081	n/a
201.2197265625	0.3	1.0	2	412098	n/a
201.22802734375	0.3	1.0	2	412115	n/a
201.236328125	0.3	0.0	1	412132	n/a
201.24462890625	0.3	1.0	2	412149	n/a
201.2529296875	0.3	0.0	1	412166	n/a
201.26123046875	0.3	1.0	2	412183	n/a
201.26953125	0.3	0.0	1	412200	n/a
201.27783203125	0.3	1.0	2	412217	n/a
201.2861328125	0.3	0.0	1	412234	n/a
201.29443359375	0.3	0.0	1	412251	n/a
201.30322265625	0.3	1.0	2	412269	n/a
201.3115234375	0.3	1.0	2	412286	n/a
201.31982421875	0.3	0.0	1	412303	n/a
201.328125	0.3	1.0	2	412320	n/a
201.33642578125	0.3	0.0	1	412337	n/a
201.3447265625	0.3	0.0	1	412354	n/a
201.35302734375	0.3	1.0	2	412371	n/a
201.361328125	0.3	1.0	2	412388	n/a
201.36962890625	0.3	0.0	1	412405	n/a
201.3779296875	0.3	0.0	1	412422	n/a
201.38623046875	0.3	1.0	2	412439	n/a
201.39453125	0.3	1.0	2	412456	n/a
201.40283203125	0.3	0.0	1	412473	n/a
201.4111328125	0.3	0.0	1	412490	n/a
201.41943359375	0.3	1.0	2	412507	n/a
201.42822265625	0.3	0.0	1	412525	n/a
201.4365234375	0.3	1.0	2	412542	n/a
201.44482421875	0.3	1.0	2	412559	n/a
201.453125	0.3	0.0	1	412576	n/a
201.46142578125	0.3	1.0	2	412593	n/a
201.4697265625	0.3	0.0	1	412610	n/a
201.47802734375	0.3	0.0	1	412627	n/a
201.486328125	0.3	1.0	2	412644	n/a
201.49462890625	0.3	0.0	1	412661	n/a
201.5029296875	0.3	1.0	2	412678	n/a
201.51123046875	0.3	1.0	2	412695	n/a
201.51953125	0.3	0.0	1	412712	n/a
201.52783203125	0.3	1.0	2	412729	n/a
201.5361328125	0.3	0.0	1	412746	n/a
201.54443359375	0.3	1.0	2	412763	n/a
201.55322265625	0.3	0.0	1	412781	n/a
201.5615234375	0.3	0.0	1	412798	n/a
201.56982421875	0.3	1.0	2	412815	n/a
201.578125	0.3	0.0	1	412832	n/a
201.58642578125	0.3	1.0	2	412849	n/a
201.5947265625	0.3	0.0	1	412866	n/a
201.60302734375	0.3	1.0	2	412883	n/a
201.611328125	0.3	1.0	2	412900	n/a
201.61962890625	0.3	0.0	1	412917	n/a
201.6279296875	0.3	1.0	2	412934	n/a
201.63623046875	0.3	0.0	1	412951	n/a
201.64453125	0.3	0.0	1	412968	n/a
201.65283203125	0.3	1.0	2	412985	n/a
201.6611328125	0.3	0.0	1	413002	n/a
201.66943359375	0.3	1.0	2	413019	n/a
201.67822265625	0.3	0.0	1	413037	n/a
201.6865234375	0.3	1.0	2	413054	n/a
201.69482421875	0.3	1.0	2	413071	n/a
201.703125	0.3	0.0	1	413088	n/a
201.71142578125	0.3	1.0	2	413105	n/a
201.7197265625	0.3	0.0	1	413122	n/a
201.72802734375	0.3	0.0	1	413139	n/a
201.736328125	0.3	1.0	2	413156	n/a
201.74462890625	0.3	1.0	2	413173	n/a
201.7529296875	0.3	0.0	1	413190	n/a
201.76123046875	0.3	1.0	2	413207	n/a
201.76953125	0.3	0.0	1	413224	n/a
201.77783203125	0.3	0.0	1	413241	n/a
201.7861328125	0.3	1.0	2	413258	n/a
201.79443359375	0.3	0.0	1	413275	n/a
201.80322265625	0.3	1.0	2	413293	n/a
201.8115234375	0.3	0.0	1	413310	n/a
201.81982421875	0.3	1.0	2	413327	n/a
201.828125	0.3	1.0	2	413344	n/a
201.83642578125	0.3	0.0	1	413361	n/a
201.8447265625	0.3	0.0	1	413378	n/a
201.85302734375	0.3	1.0	2	413395	n/a
201.861328125	0.3	1.0	2	413412	n/a
201.86962890625	0.3	0.0	1	413429	n/a
201.8779296875	0.3	0.0	1	413446	n/a
201.88623046875	0.3	1.0	2	413463	n/a
201.89453125	0.3	0.0	1	413480	n/a
201.90283203125	0.3	1.0	2	413497	n/a
201.9111328125	0.3	1.0	2	413514	n/a
201.91943359375	0.3	0.0	1	413531	n/a
201.92822265625	0.3	0.0	1	413549	n/a
201.9365234375	0.3	1.0	2	413566	n/a
201.94482421875	0.3	0.0	1	413583	n/a
201.953125	0.3	1.0	2	413600	n/a
201.96142578125	0.3	1.0	2	413617	n/a
201.9697265625	0.3	0.0	1	413634	n/a
201.97802734375	0.3	1.0	2	413651	n/a
201.986328125	0.3	0.0	1	413668	n/a
201.99462890625	0.3	1.0	2	413685	n/a
202.0029296875	0.3	0.0	1	413702	n/a
202.01123046875	0.3	0.0	1	413719	n/a
202.01953125	0.3	1.0	2	413736	n/a
202.02783203125	0.3	0.0	1	413753	n/a
202.0361328125	0.3	1.0	2	413770	n/a
202.04443359375	0.3	0.0	1	413787	n/a
202.05322265625	0.3	1.0	2	413805	n/a
202.0615234375	0.3	1.0	2	413822	n/a
202.06982421875	0.3	0.0	1	413839	n/a
202.078125	0.3	1.0	2	413856	n/a
202.08642578125	0.3	0.0	1	413873	n/a
202.0947265625	0.3	1.0	2	413890	n/a
202.10302734375	0.3	0.0	1	413907	n/a
202.111328125	0.3	0.0	1	413924	n/a
202.11962890625	0.3	1.0	2	413941	n/a
202.1279296875	0.3	1.0	2	413958	n/a
202.13623046875	0.3	0.0	1	413975	n/a
202.14453125	0.3	0.0	1	413992	n/a
202.15283203125	0.3	1.0	2	414009	n/a
202.1611328125	0.3	0.0	1	414026	n/a
202.16943359375	0.3	1.0	2	414043	n/a
202.17822265625	0.3	0.0	1	414061	n/a
202.1865234375	0.3	1.0	2	414078	n/a
202.19482421875	0.3	1.0	2	414095	n/a
202.203125	0.3	0.0	1	414112	n/a
202.21142578125	0.3	1.0	2	414129	n/a
202.2197265625	0.3	0.0	1	414146	n/a
202.22802734375	0.3	0.0	1	414163	n/a
202.236328125	0.3	1.0	2	414180	n/a
202.24462890625	0.3	0.0	1	414197	n/a
202.2529296875	0.3	1.0	2	414214	n/a
202.26123046875	0.3	0.0	1	414231	n/a
202.26953125	0.3	1.0	2	414248	n/a
202.27783203125	0.3	1.0	2	414265	n/a
202.2861328125	0.3	0.0	1	414282	n/a
202.29443359375	0.3	1.0	2	414299	n/a
202.30322265625	0.3	0.0	1	414317	n/a
202.3115234375	0.3	1.0	2	414334	n/a
202.31982421875	0.3	0.0	1	414351	n/a
202.328125	0.3	1.0	2	414368	n/a
202.33642578125	0.3	0.0	1	414385	n/a
202.3447265625	0.3	0.0	1	414402	n/a
202.35302734375	0.3	1.0	2	414419	n/a
202.361328125	0.3	1.0	2	414436	n/a
202.36962890625	0.3	0.0	1	414453	n/a
202.3779296875	0.3	1.0	2	414470	n/a
202.38623046875	0.3	0.0	1	414487	n/a
202.39453125	0.3	0.0	1	414504	n/a
202.40283203125	0.3	1.0	2	414521	n/a
202.4111328125	0.3	1.0	2	414538	n/a
202.41943359375	0.3	0.0	1	414555	n/a
202.42822265625	0.3	0.0	1	414573	n/a
202.4365234375	0.3	1.0	2	414590	n/a
202.44482421875	0.3	1.0	2	414607	n/a
202.453125	0.3	0.0	1	414624	n/a
202.46142578125	0.3	0.0	1	414641	n/a
202.4697265625	0.3	1.0	2	414658	n/a
202.47802734375	0.3	0.0	1	414675	n/a
202.486328125	0.3	1.0	2	414692	n/a
202.49462890625	0.3	1.0	2	414709	n/a
202.5029296875	0.3	0.0	1	414726	n/a
202.51123046875	0.3	1.0	2	414743	n/a
202.51953125	0.3	0.0	1	414760	n/a
202.52783203125	0.3	0.0	1	414777	n/a
202.5361328125	0.3	1.0	2	414794	n/a
202.54443359375	0.3	0.0	1	414811	n/a
202.55322265625	0.3	1.0	2	414829	n/a
202.5615234375	0.3	1.0	2	414846	n/a
202.56982421875	0.3	0.0	1	414863	n/a
202.578125	0.3	1.0	2	414880	n/a
202.58642578125	0.3	0.0	1	414897	n/a
202.5947265625	0.3	1.0	2	414914	n/a
202.60302734375	0.3	0.0	1	414931	n/a
202.611328125	0.3	0.0	1	414948	n/a
202.61962890625	0.3	1.0	2	414965	n/a
202.6279296875	0.3	0.0	1	414982	n/a
202.63623046875	0.3	1.0	2	414999	n/a
202.64453125	0.3	0.0	1	415016	n/a
202.65283203125	0.3	1.0	2	415033	n/a
202.6611328125	0.3	1.0	2	415050	n/a
202.66943359375	0.3	0.0	1	415067	n/a
202.67822265625	0.3	1.0	2	415085	n/a
202.6865234375	0.3	0.0	1	415102	n/a
202.69482421875	0.3	0.0	1	415119	n/a
202.703125	0.3	1.0	2	415136	n/a
202.71142578125	0.3	0.0	1	415153	n/a
202.7197265625	0.3	1.0	2	415170	n/a
202.72802734375	0.3	0.0	1	415187	n/a
202.736328125	0.3	1.0	2	415204	n/a
202.74462890625	0.3	1.0	2	415221	n/a
202.7529296875	0.3	0.0	1	415238	n/a
202.76123046875	0.3	1.0	2	415255	n/a
202.76953125	0.3	0.0	1	415272	n/a
202.77783203125	0.3	0.0	1	415289	n/a
202.7861328125	0.3	1.0	2	415306	n/a
202.79443359375	0.3	1.0	2	415323	n/a
202.80322265625	0.3	0.0	1	415341	n/a
202.8115234375	0.3	1.0	2	415358	n/a
202.81982421875	0.3	0.0	1	415375	n/a
202.828125	0.3	0.0	1	415392	n/a
202.83642578125	0.3	1.0	2	415409	n/a
202.8447265625	0.3	0.0	1	415426	n/a
202.85302734375	0.3	1.0	2	415443	n/a
202.861328125	0.3	0.0	1	415460	n/a
202.86962890625	0.3	1.0	2	415477	n/a
202.8779296875	0.3	1.0	2	415494	n/a
202.88623046875	0.3	0.0	1	415511	n/a
202.89453125	0.3	0.0	1	415528	n/a
202.90283203125	0.3	1.0	2	415545	n/a
202.9111328125	0.3	1.0	2	415562	n/a
202.91943359375	0.3	0.0	1	415579	n/a
202.92822265625	0.3	0.0	1	415597	n/a
202.9365234375	0.3	1.0	2	415614	n/a
202.94482421875	0.3	0.0	1	415631	n/a
202.953125	0.3	1.0	2	415648	n/a
202.96142578125	0.3	1.0	2	415665	n/a
202.9697265625	0.3	0.0	1	415682	n/a
202.97802734375	0.3	0.0	1	415699	n/a
202.986328125	0.3	1.0	2	415716	n/a
202.99462890625	0.3	0.0	1	415733	n/a
203.0029296875	0.3	1.0	2	415750	n/a
203.01123046875	0.3	1.0	2	415767	n/a
203.01953125	0.3	0.0	1	415784	n/a
203.02783203125	0.3	1.0	2	415801	n/a
203.0361328125	0.3	0.0	1	415818	n/a
203.04443359375	0.3	1.0	2	415835	n/a
203.05322265625	0.3	0.0	1	415853	n/a
203.0615234375	0.3	0.0	1	415870	n/a
203.06982421875	0.3	1.0	2	415887	n/a
203.078125	0.3	0.0	1	415904	n/a
203.08642578125	0.3	1.0	2	415921	n/a
203.0947265625	0.3	0.0	1	415938	n/a
203.10302734375	0.3	1.0	2	415955	n/a
203.111328125	0.3	1.0	2	415972	n/a
203.11962890625	0.3	0.0	1	415989	n/a
203.1279296875	0.3	1.0	2	416006	n/a
203.13623046875	0.3	0.0	1	416023	n/a
203.14453125	0.3	1.0	2	416040	n/a
203.15283203125	0.3	0.0	1	416057	n/a
203.1611328125	0.3	0.0	1	416074	n/a
203.16943359375	0.3	1.0	2	416091	n/a
203.17822265625	0.3	1.0	2	416109	n/a
203.1865234375	0.3	0.0	1	416126	n/a
203.19482421875	0.3	0.0	1	416143	n/a
203.203125	0.3	1.0	2	416160	n/a
203.21142578125	0.3	0.0	1	416177	n/a
203.2197265625	0.3	1.0	2	416194	n/a
203.22802734375	0.3	0.0	1	416211	n/a
203.236328125	0.3	1.0	2	416228	n/a
203.24462890625	0.3	1.0	2	416245	n/a
203.2529296875	0.3	0.0	1	416262	n/a
203.26123046875	0.3	1.0	2	416279	n/a
203.26953125	0.3	0.0	1	416296	n/a
203.27783203125	0.3	0.0	1	416313	n/a
203.2861328125	0.3	1.0	2	416330	n/a
203.29443359375	0.3	0.0	1	416347	n/a
203.30322265625	0.3	1.0	2	416365	n/a
203.3115234375	0.3	0.0	1	416382	n/a
203.31982421875	0.3	1.0	2	416399	n/a
203.328125	0.3	1.0	2	416416	n/a
203.33642578125	0.3	0.0	1	416433	n/a
203.3447265625	0.3	1.0	2	416450	n/a
203.35302734375	0.3	0.0	1	416467	n/a
203.361328125	0.3	1.0	2	416484	n/a
203.36962890625	0.3	0.0	1	416501	n/a
203.3779296875	0.3	1.0	2	416518	n/a
203.38623046875	0.3	0.0	1	416535	n/a
203.39453125	0.3	0.0	1	416552	n/a
203.40283203125	0.3	1.0	2	416569	n/a
203.4111328125	0.3	1.0	2	416586	n/a
203.41943359375	0.3	0.0	1	416603	n/a
203.42822265625	0.3	1.0	2	416621	n/a
203.4365234375	0.3	0.0	1	416638	n/a
203.44482421875	0.3	0.0	1	416655	n/a
203.453125	0.3	1.0	2	416672	n/a
203.46142578125	0.3	1.0	2	416689	n/a
203.4697265625	0.3	0.0	1	416706	n/a
203.47802734375	0.3	0.0	1	416723	n/a
203.486328125	0.3	1.0	2	416740	n/a
203.49462890625	0.3	1.0	2	416757	n/a
203.5029296875	0.3	0.0	1	416774	n/a
203.51123046875	0.3	0.0	1	416791	n/a
203.51953125	0.3	1.0	2	416808	n/a
203.52783203125	0.3	0.0	1	416825	n/a
203.5361328125	0.3	1.0	2	416842	n/a
203.54443359375	0.3	1.0	2	416859	n/a
203.55322265625	0.3	0.0	1	416877	n/a
203.5615234375	0.3	1.0	2	416894	n/a
203.56982421875	0.3	0.0	1	416911	n/a
203.578125	0.3	0.0	1	416928	n/a
203.58642578125	0.3	1.0	2	416945	n/a
203.5947265625	0.3	0.0	1	416962	n/a
203.60302734375	0.3	1.0	2	416979	n/a
203.611328125	0.3	1.0	2	416996	n/a
203.61962890625	0.3	0.0	1	417013	n/a
203.6279296875	0.3	1.0	2	417030	n/a
203.63623046875	0.3	0.0	1	417047	n/a
203.64453125	0.3	1.0	2	417064	n/a
203.65283203125	0.3	0.0	1	417081	n/a
203.6611328125	0.3	0.0	1	417098	n/a
203.66943359375	0.3	1.0	2	417115	n/a
203.67822265625	0.3	0.0	1	417133	n/a
203.6865234375	0.3	1.0	2	417150	n/a
203.69482421875	0.3	0.0	1	417167	n/a
203.703125	0.3	1.0	2	417184	n/a
203.71142578125	0.3	1.0	2	417201	n/a
203.7197265625	0.3	0.0	1	417218	n/a
203.72802734375	0.3	1.0	2	417235	n/a
203.736328125	0.3	0.0	1	417252	n/a
203.74462890625	0.3	0.0	1	417269	n/a
203.7529296875	0.3	1.0	2	417286	n/a
203.76123046875	0.3	0.0	1	417303	n/a
203.76953125	0.3	1.0	2	417320	n/a
203.77783203125	0.3	0.0	1	417337	n/a
203.7861328125	0.3	1.0	2	417354	n/a
203.79443359375	0.3	1.0	2	417371	n/a
203.80322265625	0.3	0.0	1	417389	n/a
203.8115234375	0.3	1.0	2	417406	n/a
203.81982421875	0.3	0.0	1	417423	n/a
203.828125	0.3	0.0	1	417440	n/a
203.83642578125	0.3	1.0	2	417457	n/a
203.8447265625	0.3	1.0	2	417474	n/a
203.85302734375	0.3	0.0	1	417491	n/a
203.861328125	0.3	1.0	2	417508	n/a
203.86962890625	0.3	0.0	1	417525	n/a
203.8779296875	0.3	0.0	1	417542	n/a
203.88623046875	0.3	1.0	2	417559	n/a
203.89453125	0.3	0.0	1	417576	n/a
203.90283203125	0.3	1.0	2	417593	n/a
203.9111328125	0.3	0.0	1	417610	n/a
203.91943359375	0.3	1.0	2	417627	n/a
203.92822265625	0.3	1.0	2	417645	n/a
203.9365234375	0.3	0.0	1	417662	n/a
203.94482421875	0.3	0.0	1	417679	n/a
203.953125	0.3	1.0	2	417696	n/a
203.96142578125	0.3	1.0	2	417713	n/a
203.9697265625	0.3	0.0	1	417730	n/a
203.97802734375	0.3	0.0	1	417747	n/a
203.986328125	0.3	1.0	2	417764	n/a
203.99462890625	0.3	0.0	1	417781	n/a
204.0029296875	0.3	1.0	2	417798	n/a
204.01123046875	0.3	1.0	2	417815	n/a
204.01953125	0.3	0.0	1	417832	n/a
204.02783203125	0.3	0.0	1	417849	n/a
204.0361328125	0.3	1.0	2	417866	n/a
204.04443359375	0.3	0.0	1	417883	n/a
204.05322265625	0.3	1.0	2	417901	n/a
204.0615234375	0.3	1.0	2	417918	n/a
204.06982421875	0.3	0.0	1	417935	n/a
204.078125	0.3	1.0	2	417952	n/a
204.08642578125	0.3	0.0	1	417969	n/a
204.0947265625	0.3	1.0	2	417986	n/a
204.10302734375	0.3	0.0	1	418003	n/a
204.111328125	0.3	0.0	1	418020	n/a
204.11962890625	0.3	1.0	2	418037	n/a
204.1279296875	0.3	0.0	1	418054	n/a
204.13623046875	0.3	1.0	2	418071	n/a
204.14453125	0.3	0.0	1	418088	n/a
204.15283203125	0.3	1.0	2	418105	n/a
204.1611328125	0.3	1.0	2	418122	n/a
204.16943359375	0.3	0.0	1	418139	n/a
204.17822265625	0.3	1.0	2	418157	n/a
204.1865234375	0.3	0.0	1	418174	n/a
204.19482421875	0.3	1.0	2	418191	n/a
204.203125	0.3	0.0	1	418208	n/a
204.21142578125	0.3	0.0	1	418225	n/a
204.2197265625	0.3	1.0	2	418242	n/a
204.22802734375	0.3	1.0	2	418259	n/a
204.236328125	0.3	0.0	1	418276	n/a
204.24462890625	0.3	0.0	1	418293	n/a
204.2529296875	0.3	1.0	2	418310	n/a
204.26123046875	0.3	0.0	1	418327	n/a
204.26953125	0.3	1.0	2	418344	n/a
204.27783203125	0.3	0.0	1	418361	n/a
204.2861328125	0.3	1.0	2	418378	n/a
204.29443359375	0.3	1.0	2	418395	n/a
204.30322265625	0.3	0.0	1	418413	n/a
204.3115234375	0.3	1.0	2	418430	n/a
204.31982421875	0.3	0.0	1	418447	n/a
204.328125	0.3	0.0	1	418464	n/a
204.33642578125	0.3	1.0	2	418481	n/a
204.3447265625	0.3	0.0	1	418498	n/a
204.35302734375	0.3	1.0	2	418515	n/a
204.361328125	0.3	0.0	1	418532	n/a
204.36962890625	0.3	1.0	2	418549	n/a
204.3779296875	0.3	1.0	2	418566	n/a
204.38623046875	0.3	0.0	1	418583	n/a
204.39453125	0.3	1.0	2	418600	n/a
204.40283203125	0.3	0.0	1	418617	n/a
204.4111328125	0.3	1.0	2	418634	n/a
204.41943359375	0.3	0.0	1	418651	n/a
204.42822265625	0.3	1.0	2	418669	n/a
204.4365234375	0.3	0.0	1	418686	n/a
204.44482421875	0.3	0.0	1	418703	n/a
204.453125	0.3	1.0	2	418720	n/a
204.46142578125	0.3	1.0	2	418737	n/a
204.4697265625	0.3	0.0	1	418754	n/a
204.47802734375	0.3	1.0	2	418771	n/a
204.486328125	0.3	0.0	1	418788	n/a
204.49462890625	0.3	0.0	1	418805	n/a
204.5029296875	0.3	1.0	2	418822	n/a
204.51123046875	0.3	1.0	2	418839	n/a
204.51953125	0.3	0.0	1	418856	n/a
204.52783203125	0.3	0.0	1	418873	n/a
204.5361328125	0.3	1.0	2	418890	n/a
204.54443359375	0.3	1.0	2	418907	n/a
204.55322265625	0.3	0.0	1	418925	n/a
204.5615234375	0.3	0.0	1	418942	n/a
204.56982421875	0.3	1.0	2	418959	n/a
204.578125	0.3	0.0	1	418976	n/a
204.58642578125	0.3	1.0	2	418993	n/a
204.5947265625	0.3	1.0	2	419010	n/a
204.60302734375	0.3	0.0	1	419027	n/a
204.611328125	0.3	1.0	2	419044	n/a
204.61962890625	0.3	0.0	1	419061	n/a
204.6279296875	0.3	0.0	1	419078	n/a
204.63623046875	0.3	1.0	2	419095	n/a
204.64453125	0.3	0.0	1	419112	n/a
204.65283203125	0.3	1.0	2	419129	n/a
204.6611328125	0.3	1.0	2	419146	n/a
204.66943359375	0.3	0.0	1	419163	n/a
204.67822265625	0.3	1.0	2	419181	n/a
204.6865234375	0.3	0.0	1	419198	n/a
204.69482421875	0.3	1.0	2	419215	n/a
204.703125	0.3	0.0	1	419232	n/a
204.71142578125	0.3	0.0	1	419249	n/a
204.7197265625	0.3	1.0	2	419266	n/a
204.72802734375	0.3	0.0	1	419283	n/a
204.736328125	0.3	1.0	2	419300	n/a
204.74462890625	0.3	0.0	1	419317	n/a
204.7529296875	0.3	1.0	2	419334	n/a
204.76123046875	0.3	1.0	2	419351	n/a
204.76953125	0.3	0.0	1	419368	n/a
204.77783203125	0.3	1.0	2	419385	n/a
204.7861328125	0.3	0.0	1	419402	n/a
204.79443359375	0.3	0.0	1	419419	n/a
204.80322265625	0.3	1.0	2	419437	n/a
204.8115234375	0.3	0.0	1	419454	n/a
204.81982421875	0.3	1.0	2	419471	n/a
204.828125	0.3	0.0	1	419488	n/a
204.83642578125	0.3	1.0	2	419505	n/a
204.8447265625	0.3	1.0	2	419522	n/a
204.85302734375	0.3	0.0	1	419539	n/a
204.861328125	0.3	1.0	2	419556	n/a
204.86962890625	0.3	0.0	1	419573	n/a
204.8779296875	0.3	0.0	1	419590	n/a
204.88623046875	0.3	1.0	2	419607	n/a
204.89453125	0.3	1.0	2	419624	n/a
204.90283203125	0.3	0.0	1	419641	n/a
204.9111328125	0.3	1.0	2	419658	n/a
204.91943359375	0.3	0.0	1	419675	n/a
204.92822265625	0.3	0.0	1	419693	n/a
204.9365234375	0.3	1.0	2	419710	n/a
204.94482421875	0.3	0.0	1	419727	n/a
204.953125	0.3	1.0	2	419744	n/a
204.96142578125	0.3	0.0	1	419761	n/a
204.9697265625	0.3	1.0	2	419778	n/a
204.97802734375	0.3	1.0	2	419795	n/a
204.986328125	0.3	0.0	1	419812	n/a
204.99462890625	0.3	0.0	1	419829	n/a
205.0029296875	0.3	1.0	2	419846	n/a
205.01123046875	0.3	1.0	2	419863	n/a
205.01953125	0.3	0.0	1	419880	n/a
205.02783203125	0.3	0.0	1	419897	n/a
205.0361328125	0.3	1.0	2	419914	n/a
205.04443359375	0.3	0.0	1	419931	n/a
205.05322265625	0.3	1.0	2	419949	n/a
207.4453125	0.3	1.0	2	424848	3.0
207.45361328125	0.3	0.0	1	424865	n/a
207.4619140625	0.3	1.0	2	424882	n/a
207.47021484375	0.3	0.0	1	424899	n/a
207.478515625	0.3	0.0	1	424916	n/a
207.48681640625	0.3	1.0	2	424933	n/a
207.4951171875	0.3	1.0	2	424950	n/a
207.50341796875	0.3	0.0	1	424967	n/a
207.51220703125	0.3	1.0	2	424985	n/a
207.5205078125	0.3	0.0	1	425002	n/a
207.52880859375	0.3	1.0	2	425019	n/a
207.537109375	0.3	0.0	1	425036	n/a
207.54541015625	0.3	1.0	2	425053	n/a
207.5537109375	0.3	0.0	1	425070	n/a
207.56201171875	0.3	1.0	2	425087	n/a
207.5703125	0.3	0.0	1	425104	n/a
207.57861328125	0.3	1.0	2	425121	n/a
207.5869140625	0.3	0.0	1	425138	n/a
207.59521484375	0.3	1.0	2	425155	n/a
207.603515625	0.3	0.0	1	425172	n/a
207.61181640625	0.3	1.0	2	425189	n/a
207.6201171875	0.3	0.0	1	425206	n/a
207.62841796875	0.3	1.0	2	425223	n/a
207.63720703125	0.3	0.0	1	425241	n/a
207.6455078125	0.3	0.0	1	425258	n/a
207.65380859375	0.3	1.0	2	425275	n/a
207.662109375	0.3	1.0	2	425292	n/a
207.67041015625	0.3	0.0	1	425309	n/a
207.6787109375	0.3	1.0	2	425326	n/a
207.68701171875	0.3	0.0	1	425343	n/a
207.6953125	0.3	0.0	1	425360	n/a
207.70361328125	0.3	1.0	2	425377	n/a
207.7119140625	0.3	1.0	2	425394	n/a
207.72021484375	0.3	0.0	1	425411	n/a
207.728515625	0.3	0.0	1	425428	n/a
207.73681640625	0.3	1.0	2	425445	n/a
207.7451171875	0.3	0.0	1	425462	n/a
207.75341796875	0.3	1.0	2	425479	n/a
207.76220703125	0.3	1.0	2	425497	n/a
207.7705078125	0.3	0.0	1	425514	n/a
207.77880859375	0.3	1.0	2	425531	n/a
207.787109375	0.3	0.0	1	425548	n/a
207.79541015625	0.3	1.0	2	425565	n/a
207.8037109375	0.3	0.0	1	425582	n/a
207.81201171875	0.3	1.0	2	425599	n/a
207.8203125	0.3	0.0	1	425616	n/a
207.82861328125	0.3	1.0	2	425633	n/a
207.8369140625	0.3	0.0	1	425650	n/a
207.84521484375	0.3	0.0	1	425667	n/a
207.853515625	0.3	1.0	2	425684	n/a
207.86181640625	0.3	1.0	2	425701	n/a
207.8701171875	0.3	0.0	1	425718	n/a
207.87841796875	0.3	1.0	2	425735	n/a
207.88720703125	0.3	0.0	1	425753	n/a
207.8955078125	0.3	1.0	2	425770	n/a
207.90380859375	0.3	0.0	1	425787	n/a
207.912109375	0.3	0.0	1	425804	n/a
207.92041015625	0.3	1.0	2	425821	n/a
207.9287109375	0.3	0.0	1	425838	n/a
207.93701171875	0.3	1.0	2	425855	n/a
207.9453125	0.3	1.0	2	425872	n/a
207.95361328125	0.3	0.0	1	425889	n/a
207.9619140625	0.3	0.0	1	425906	n/a
207.97021484375	0.3	1.0	2	425923	n/a
207.978515625	0.3	0.0	1	425940	n/a
207.98681640625	0.3	1.0	2	425957	n/a
207.9951171875	0.3	1.0	2	425974	n/a
208.00341796875	0.3	0.0	1	425991	n/a
208.01220703125	0.3	0.0	1	426009	n/a
208.0205078125	0.3	1.0	2	426026	n/a
208.02880859375	0.3	1.0	2	426043	n/a
208.037109375	0.3	0.0	1	426060	n/a
208.04541015625	0.3	0.0	1	426077	n/a
208.0537109375	0.3	1.0	2	426094	n/a
208.06201171875	0.3	1.0	2	426111	n/a
208.0703125	0.3	0.0	1	426128	n/a
208.07861328125	0.3	1.0	2	426145	n/a
208.0869140625	0.3	0.0	1	426162	n/a
208.09521484375	0.3	0.0	1	426179	n/a
208.103515625	0.3	1.0	2	426196	n/a
208.11181640625	0.3	1.0	2	426213	n/a
208.1201171875	0.3	0.0	1	426230	n/a
208.12841796875	0.3	0.0	1	426247	n/a
208.13720703125	0.3	1.0	2	426265	n/a
208.1455078125	0.3	1.0	2	426282	n/a
208.15380859375	0.3	0.0	1	426299	n/a
208.162109375	0.3	1.0	2	426316	n/a
208.17041015625	0.3	0.0	1	426333	n/a
208.1787109375	0.3	0.0	1	426350	n/a
208.18701171875	0.3	1.0	2	426367	n/a
208.1953125	0.3	0.0	1	426384	n/a
208.20361328125	0.3	1.0	2	426401	n/a
208.2119140625	0.3	1.0	2	426418	n/a
208.22021484375	0.3	0.0	1	426435	n/a
208.228515625	0.3	1.0	2	426452	n/a
208.23681640625	0.3	0.0	1	426469	n/a
208.2451171875	0.3	1.0	2	426486	n/a
208.25341796875	0.3	0.0	1	426503	n/a
208.26220703125	0.3	0.0	1	426521	n/a
208.2705078125	0.3	1.0	2	426538	n/a
208.27880859375	0.3	0.0	1	426555	n/a
208.287109375	0.3	1.0	2	426572	n/a
208.29541015625	0.3	1.0	2	426589	n/a
208.3037109375	0.3	0.0	1	426606	n/a
208.31201171875	0.3	0.0	1	426623	n/a
208.3203125	0.3	1.0	2	426640	n/a
208.32861328125	0.3	0.0	1	426657	n/a
208.3369140625	0.3	1.0	2	426674	n/a
208.34521484375	0.3	0.0	1	426691	n/a
208.353515625	0.3	1.0	2	426708	n/a
208.36181640625	0.3	0.0	1	426725	n/a
208.3701171875	0.3	1.0	2	426742	n/a
208.37841796875	0.3	1.0	2	426759	n/a
208.38720703125	0.3	0.0	1	426777	n/a
208.3955078125	0.3	1.0	2	426794	n/a
208.40380859375	0.3	0.0	1	426811	n/a
208.412109375	0.3	1.0	2	426828	n/a
208.42041015625	0.3	0.0	1	426845	n/a
208.4287109375	0.3	0.0	1	426862	n/a
208.43701171875	0.3	1.0	2	426879	n/a
208.4453125	0.3	1.0	2	426896	n/a
208.45361328125	0.3	0.0	1	426913	n/a
208.4619140625	0.3	1.0	2	426930	n/a
208.47021484375	0.3	0.0	1	426947	n/a
208.478515625	0.3	0.0	1	426964	n/a
208.48681640625	0.3	1.0	2	426981	n/a
208.4951171875	0.3	1.0	2	426998	n/a
208.50341796875	0.3	0.0	1	427015	n/a
208.51220703125	0.3	1.0	2	427033	n/a
208.5205078125	0.3	0.0	1	427050	n/a
208.52880859375	0.3	0.0	1	427067	n/a
208.537109375	0.3	1.0	2	427084	n/a
208.54541015625	0.3	1.0	2	427101	n/a
208.5537109375	0.3	0.0	1	427118	n/a
208.56201171875	0.3	1.0	2	427135	n/a
208.5703125	0.3	0.0	1	427152	n/a
208.57861328125	0.3	1.0	2	427169	n/a
208.5869140625	0.3	0.0	1	427186	n/a
208.59521484375	0.3	1.0	2	427203	n/a
208.603515625	0.3	0.0	1	427220	n/a
208.61181640625	0.3	1.0	2	427237	n/a
208.6201171875	0.3	0.0	1	427254	n/a
208.62841796875	0.3	1.0	2	427271	n/a
208.63720703125	0.3	0.0	1	427289	n/a
208.6455078125	0.3	1.0	2	427306	n/a
208.65380859375	0.3	0.0	1	427323	n/a
208.662109375	0.3	1.0	2	427340	n/a
208.67041015625	0.3	0.0	1	427357	n/a
208.6787109375	0.3	1.0	2	427374	n/a
208.68701171875	0.3	0.0	1	427391	n/a
208.6953125	0.3	0.0	1	427408	n/a
208.70361328125	0.3	1.0	2	427425	n/a
208.7119140625	0.3	1.0	2	427442	n/a
208.72021484375	0.3	0.0	1	427459	n/a
208.728515625	0.3	1.0	2	427476	n/a
208.73681640625	0.3	0.0	1	427493	n/a
208.7451171875	0.3	0.0	1	427510	n/a
208.75341796875	0.3	1.0	2	427527	n/a
208.76220703125	0.3	1.0	2	427545	n/a
208.7705078125	0.3	0.0	1	427562	n/a
208.77880859375	0.3	0.0	1	427579	n/a
208.787109375	0.3	1.0	2	427596	n/a
208.79541015625	0.3	0.0	1	427613	n/a
208.8037109375	0.3	1.0	2	427630	n/a
208.81201171875	0.3	1.0	2	427647	n/a
208.8203125	0.3	0.0	1	427664	n/a
208.82861328125	0.3	1.0	2	427681	n/a
208.8369140625	0.3	0.0	1	427698	n/a
208.84521484375	0.3	1.0	2	427715	n/a
208.853515625	0.3	0.0	1	427732	n/a
208.86181640625	0.3	1.0	2	427749	n/a
208.8701171875	0.3	0.0	1	427766	n/a
208.87841796875	0.3	1.0	2	427783	n/a
208.88720703125	0.3	0.0	1	427801	n/a
208.8955078125	0.3	0.0	1	427818	n/a
208.90380859375	0.3	1.0	2	427835	n/a
208.912109375	0.3	1.0	2	427852	n/a
208.92041015625	0.3	0.0	1	427869	n/a
208.9287109375	0.3	1.0	2	427886	n/a
208.93701171875	0.3	0.0	1	427903	n/a
208.9453125	0.3	1.0	2	427920	n/a
208.95361328125	0.3	0.0	1	427937	n/a
208.9619140625	0.3	0.0	1	427954	n/a
208.97021484375	0.3	1.0	2	427971	n/a
208.978515625	0.3	0.0	1	427988	n/a
208.98681640625	0.3	1.0	2	428005	n/a
208.9951171875	0.3	1.0	2	428022	n/a
209.00341796875	0.3	0.0	1	428039	n/a
209.01220703125	0.3	0.0	1	428057	n/a
209.0205078125	0.3	1.0	2	428074	n/a
209.02880859375	0.3	0.0	1	428091	n/a
209.037109375	0.3	1.0	2	428108	n/a
209.04541015625	0.3	1.0	2	428125	n/a
209.0537109375	0.3	0.0	1	428142	n/a
209.06201171875	0.3	0.0	1	428159	n/a
209.0703125	0.3	1.0	2	428176	n/a
209.07861328125	0.3	1.0	2	428193	n/a
209.0869140625	0.3	0.0	1	428210	n/a
209.09521484375	0.3	0.0	1	428227	n/a
209.103515625	0.3	1.0	2	428244	n/a
209.11181640625	0.3	1.0	2	428261	n/a
209.1201171875	0.3	0.0	1	428278	n/a
209.12841796875	0.3	1.0	2	428295	n/a
209.13720703125	0.3	0.0	1	428313	n/a
209.1455078125	0.3	0.0	1	428330	n/a
209.15380859375	0.3	1.0	2	428347	n/a
209.162109375	0.3	1.0	2	428364	n/a
209.17041015625	0.3	0.0	1	428381	n/a
209.1787109375	0.3	0.0	1	428398	n/a
209.18701171875	0.3	1.0	2	428415	n/a
209.1953125	0.3	1.0	2	428432	n/a
209.20361328125	0.3	0.0	1	428449	n/a
209.2119140625	0.3	1.0	2	428466	n/a
209.22021484375	0.3	0.0	1	428483	n/a
209.228515625	0.3	0.0	1	428500	n/a
209.23681640625	0.3	1.0	2	428517	n/a
209.2451171875	0.3	0.0	1	428534	n/a
209.25341796875	0.3	1.0	2	428551	n/a
209.26220703125	0.3	1.0	2	428569	n/a
209.2705078125	0.3	0.0	1	428586	n/a
209.27880859375	0.3	1.0	2	428603	n/a
209.287109375	0.3	0.0	1	428620	n/a
209.29541015625	0.3	1.0	2	428637	n/a
209.3037109375	0.3	0.0	1	428654	n/a
209.31201171875	0.3	0.0	1	428671	n/a
209.3203125	0.3	1.0	2	428688	n/a
209.32861328125	0.3	0.0	1	428705	n/a
209.3369140625	0.3	1.0	2	428722	n/a
209.34521484375	0.3	1.0	2	428739	n/a
209.353515625	0.3	0.0	1	428756	n/a
209.36181640625	0.3	0.0	1	428773	n/a
209.3701171875	0.3	1.0	2	428790	n/a
209.37841796875	0.3	0.0	1	428807	n/a
209.38720703125	0.3	1.0	2	428825	n/a
209.3955078125	0.3	0.0	1	428842	n/a
209.40380859375	0.3	1.0	2	428859	n/a
209.412109375	0.3	0.0	1	428876	n/a
209.42041015625	0.3	1.0	2	428893	n/a
209.4287109375	0.3	1.0	2	428910	n/a
209.43701171875	0.3	0.0	1	428927	n/a
209.4453125	0.3	1.0	2	428944	n/a
209.45361328125	0.3	0.0	1	428961	n/a
209.4619140625	0.3	1.0	2	428978	n/a
209.47021484375	0.3	0.0	1	428995	n/a
209.478515625	0.3	0.0	1	429012	n/a
209.48681640625	0.3	1.0	2	429029	n/a
209.4951171875	0.3	1.0	2	429046	n/a
209.50341796875	0.3	0.0	1	429063	n/a
209.51220703125	0.3	1.0	2	429081	n/a
209.5205078125	0.3	0.0	1	429098	n/a
209.52880859375	0.3	0.0	1	429115	n/a
209.537109375	0.3	1.0	2	429132	n/a
209.54541015625	0.3	1.0	2	429149	n/a
209.5537109375	0.3	0.0	1	429166	n/a
209.56201171875	0.3	1.0	2	429183	n/a
209.5703125	0.3	0.0	1	429200	n/a
209.57861328125	0.3	0.0	1	429217	n/a
209.5869140625	0.3	1.0	2	429234	n/a
209.59521484375	0.3	1.0	2	429251	n/a
209.603515625	0.3	0.0	1	429268	n/a
209.61181640625	0.3	1.0	2	429285	n/a
209.6201171875	0.3	0.0	1	429302	n/a
209.62841796875	0.3	1.0	2	429319	n/a
209.63720703125	0.3	0.0	1	429337	n/a
209.6455078125	0.3	1.0	2	429354	n/a
209.65380859375	0.3	0.0	1	429371	n/a
209.662109375	0.3	1.0	2	429388	n/a
209.67041015625	0.3	0.0	1	429405	n/a
209.6787109375	0.3	1.0	2	429422	n/a
209.68701171875	0.3	0.0	1	429439	n/a
209.6953125	0.3	1.0	2	429456	n/a
209.70361328125	0.3	0.0	1	429473	n/a
209.7119140625	0.3	1.0	2	429490	n/a
209.72021484375	0.3	0.0	1	429507	n/a
209.728515625	0.3	1.0	2	429524	n/a
209.73681640625	0.3	0.0	1	429541	n/a
209.7451171875	0.3	0.0	1	429558	n/a
209.75341796875	0.3	1.0	2	429575	n/a
209.76220703125	0.3	1.0	2	429593	n/a
209.7705078125	0.3	0.0	1	429610	n/a
209.77880859375	0.3	1.0	2	429627	n/a
209.787109375	0.3	0.0	1	429644	n/a
209.79541015625	0.3	0.0	1	429661	n/a
209.8037109375	0.3	1.0	2	429678	n/a
209.81201171875	0.3	1.0	2	429695	n/a
209.8203125	0.3	0.0	1	429712	n/a
209.82861328125	0.3	0.0	1	429729	n/a
209.8369140625	0.3	1.0	2	429746	n/a
209.84521484375	0.3	0.0	1	429763	n/a
209.853515625	0.3	1.0	2	429780	n/a
209.86181640625	0.3	1.0	2	429797	n/a
209.8701171875	0.3	0.0	1	429814	n/a
209.87841796875	0.3	1.0	2	429831	n/a
209.88720703125	0.3	0.0	1	429849	n/a
209.8955078125	0.3	1.0	2	429866	n/a
209.90380859375	0.3	0.0	1	429883	n/a
209.912109375	0.3	1.0	2	429900	n/a
209.92041015625	0.3	0.0	1	429917	n/a
209.9287109375	0.3	1.0	2	429934	n/a
209.93701171875	0.3	0.0	1	429951	n/a
209.9453125	0.3	0.0	1	429968	n/a
209.95361328125	0.3	1.0	2	429985	n/a
209.9619140625	0.3	1.0	2	430002	n/a
209.97021484375	0.3	0.0	1	430019	n/a
209.978515625	0.3	1.0	2	430036	n/a
209.98681640625	0.3	0.0	1	430053	n/a
209.9951171875	0.3	1.0	2	430070	n/a
210.00341796875	0.3	0.0	1	430087	n/a
210.01220703125	0.3	0.0	1	430105	n/a
210.0205078125	0.3	1.0	2	430122	n/a
210.02880859375	0.3	0.0	1	430139	n/a
210.037109375	0.3	1.0	2	430156	n/a
210.04541015625	0.3	1.0	2	430173	n/a
210.0537109375	0.3	0.0	1	430190	n/a
210.06201171875	0.3	0.0	1	430207	n/a
210.0703125	0.3	1.0	2	430224	n/a
210.07861328125	0.3	0.0	1	430241	n/a
210.0869140625	0.3	1.0	2	430258	n/a
210.09521484375	0.3	1.0	2	430275	n/a
210.103515625	0.3	0.0	1	430292	n/a
210.11181640625	0.3	0.0	1	430309	n/a
210.1201171875	0.3	1.0	2	430326	n/a
210.12841796875	0.3	1.0	2	430343	n/a
210.13720703125	0.3	0.0	1	430361	n/a
210.1455078125	0.3	0.0	1	430378	n/a
210.15380859375	0.3	1.0	2	430395	n/a
210.162109375	0.3	1.0	2	430412	n/a
210.17041015625	0.3	0.0	1	430429	n/a
210.1787109375	0.3	1.0	2	430446	n/a
210.18701171875	0.3	0.0	1	430463	n/a
210.1953125	0.3	0.0	1	430480	n/a
210.20361328125	0.3	1.0	2	430497	n/a
210.2119140625	0.3	1.0	2	430514	n/a
210.22021484375	0.3	0.0	1	430531	n/a
210.228515625	0.3	0.0	1	430548	n/a
210.23681640625	0.3	1.0	2	430565	n/a
210.2451171875	0.3	1.0	2	430582	n/a
210.25341796875	0.3	0.0	1	430599	n/a
210.26220703125	0.3	1.0	2	430617	n/a
210.2705078125	0.3	0.0	1	430634	n/a
210.27880859375	0.3	0.0	1	430651	n/a
210.287109375	0.3	1.0	2	430668	n/a
210.29541015625	0.3	0.0	1	430685	n/a
210.3037109375	0.3	1.0	2	430702	n/a
210.31201171875	0.3	1.0	2	430719	n/a
210.3203125	0.3	0.0	1	430736	n/a
210.32861328125	0.3	1.0	2	430753	n/a
210.3369140625	0.3	0.0	1	430770	n/a
210.34521484375	0.3	1.0	2	430787	n/a
210.353515625	0.3	0.0	1	430804	n/a
210.36181640625	0.3	0.0	1	430821	n/a
210.3701171875	0.3	1.0	2	430838	n/a
210.37841796875	0.3	0.0	1	430855	n/a
210.38720703125	0.3	1.0	2	430873	n/a
210.3955078125	0.3	1.0	2	430890	n/a
210.40380859375	0.3	0.0	1	430907	n/a
210.412109375	0.3	0.0	1	430924	n/a
210.42041015625	0.3	1.0	2	430941	n/a
210.4287109375	0.3	0.0	1	430958	n/a
210.43701171875	0.3	1.0	2	430975	n/a
210.4453125	0.3	0.0	1	430992	n/a
210.45361328125	0.3	1.0	2	431009	n/a
210.4619140625	0.3	0.0	1	431026	n/a
210.47021484375	0.3	1.0	2	431043	n/a
210.478515625	0.3	1.0	2	431060	n/a
210.48681640625	0.3	0.0	1	431077	n/a
210.4951171875	0.3	1.0	2	431094	n/a
210.50341796875	0.3	0.0	1	431111	n/a
210.51220703125	0.3	1.0	2	431129	n/a
210.5205078125	0.3	0.0	1	431146	n/a
210.52880859375	0.3	0.0	1	431163	n/a
210.537109375	0.3	1.0	2	431180	n/a
210.54541015625	0.3	1.0	2	431197	n/a
210.5537109375	0.3	0.0	1	431214	n/a
210.56201171875	0.3	1.0	2	431231	n/a
210.5703125	0.3	0.0	1	431248	n/a
210.57861328125	0.3	0.0	1	431265	n/a
210.5869140625	0.3	1.0	2	431282	n/a
210.59521484375	0.3	1.0	2	431299	n/a
210.603515625	0.3	0.0	1	431316	n/a
210.61181640625	0.3	1.0	2	431333	n/a
210.6201171875	0.3	0.0	1	431350	n/a
210.62841796875	0.3	0.0	1	431367	n/a
210.63720703125	0.3	1.0	2	431385	n/a
210.6455078125	0.3	1.0	2	431402	n/a
210.65380859375	0.3	0.0	1	431419	n/a
210.662109375	0.3	1.0	2	431436	n/a
210.67041015625	0.3	0.0	1	431453	n/a
210.6787109375	0.3	1.0	2	431470	n/a
210.68701171875	0.3	0.0	1	431487	n/a
210.6953125	0.3	1.0	2	431504	n/a
210.70361328125	0.3	0.0	1	431521	n/a
210.7119140625	0.3	1.0	2	431538	n/a
210.72021484375	0.3	0.0	1	431555	n/a
210.728515625	0.3	1.0	2	431572	n/a
210.73681640625	0.3	0.0	1	431589	n/a
210.7451171875	0.3	1.0	2	431606	n/a
210.75341796875	0.3	0.0	1	431623	n/a
210.76220703125	0.3	1.0	2	431641	n/a
210.7705078125	0.3	0.0	1	431658	n/a
210.77880859375	0.3	1.0	2	431675	n/a
210.787109375	0.3	0.0	1	431692	n/a
210.79541015625	0.3	0.0	1	431709	n/a
210.8037109375	0.3	1.0	2	431726	n/a
210.81201171875	0.3	1.0	2	431743	n/a
210.8203125	0.3	0.0	1	431760	n/a
210.82861328125	0.3	1.0	2	431777	n/a
210.8369140625	0.3	0.0	1	431794	n/a
210.84521484375	0.3	0.0	1	431811	n/a
210.853515625	0.3	1.0	2	431828	n/a
210.86181640625	0.3	1.0	2	431845	n/a
210.8701171875	0.3	0.0	1	431862	n/a
210.87841796875	0.3	0.0	1	431879	n/a
210.88720703125	0.3	1.0	2	431897	n/a
210.8955078125	0.3	0.0	1	431914	n/a
210.90380859375	0.3	1.0	2	431931	n/a
210.912109375	0.3	1.0	2	431948	n/a
210.92041015625	0.3	0.0	1	431965	n/a
210.9287109375	0.3	1.0	2	431982	n/a
210.93701171875	0.3	0.0	1	431999	n/a
210.9453125	0.3	1.0	2	432016	n/a
210.95361328125	0.3	0.0	1	432033	n/a
210.9619140625	0.3	1.0	2	432050	n/a
210.97021484375	0.3	0.0	1	432067	n/a
210.978515625	0.3	1.0	2	432084	n/a
210.98681640625	0.3	0.0	1	432101	n/a
210.9951171875	0.3	0.0	1	432118	n/a
211.00341796875	0.3	1.0	2	432135	n/a
211.01220703125	0.3	1.0	2	432153	n/a
211.0205078125	0.3	0.0	1	432170	n/a
211.02880859375	0.3	1.0	2	432187	n/a
211.037109375	0.3	0.0	1	432204	n/a
211.04541015625	0.3	1.0	2	432221	n/a
211.0537109375	0.3	0.0	1	432238	n/a
211.06201171875	0.3	0.0	1	432255	n/a
211.0703125	0.3	1.0	2	432272	n/a
211.07861328125	0.3	0.0	1	432289	n/a
211.0869140625	0.3	1.0	2	432306	n/a
211.09521484375	0.3	1.0	2	432323	n/a
211.103515625	0.3	0.0	1	432340	n/a
211.11181640625	0.3	0.0	1	432357	n/a
211.1201171875	0.3	1.0	2	432374	n/a
211.12841796875	0.3	0.0	1	432391	n/a
211.13720703125	0.3	1.0	2	432409	n/a
211.1455078125	0.3	1.0	2	432426	n/a
211.15380859375	0.3	0.0	1	432443	n/a
211.162109375	0.3	0.0	1	432460	n/a
211.17041015625	0.3	1.0	2	432477	n/a
211.1787109375	0.3	1.0	2	432494	n/a
211.18701171875	0.3	0.0	1	432511	n/a
211.1953125	0.3	0.0	1	432528	n/a
211.20361328125	0.3	1.0	2	432545	n/a
211.2119140625	0.3	1.0	2	432562	n/a
211.22021484375	0.3	0.0	1	432579	n/a
211.228515625	0.3	1.0	2	432596	n/a
211.23681640625	0.3	0.0	1	432613	n/a
211.2451171875	0.3	0.0	1	432630	n/a
211.25341796875	0.3	1.0	2	432647	n/a
211.26220703125	0.3	1.0	2	432665	n/a
211.2705078125	0.3	0.0	1	432682	n/a
211.27880859375	0.3	0.0	1	432699	n/a
211.287109375	0.3	1.0	2	432716	n/a
211.29541015625	0.3	1.0	2	432733	n/a
211.3037109375	0.3	0.0	1	432750	n/a
211.31201171875	0.3	1.0	2	432767	n/a
211.3203125	0.3	0.0	1	432784	n/a
211.32861328125	0.3	0.0	1	432801	n/a
211.3369140625	0.3	1.0	2	432818	n/a
211.34521484375	0.3	0.0	1	432835	n/a
211.353515625	0.3	1.0	2	432852	n/a
211.36181640625	0.3	1.0	2	432869	n/a
211.3701171875	0.3	0.0	1	432886	n/a
211.37841796875	0.3	1.0	2	432903	n/a
211.38720703125	0.3	0.0	1	432921	n/a
211.3955078125	0.3	1.0	2	432938	n/a
211.40380859375	0.3	0.0	1	432955	n/a
211.412109375	0.3	0.0	1	432972	n/a
211.42041015625	0.3	1.0	2	432989	n/a
211.4287109375	0.3	0.0	1	433006	n/a
211.43701171875	0.3	1.0	2	433023	n/a
211.4453125	0.3	1.0	2	433040	n/a
211.45361328125	0.3	0.0	1	433057	n/a
211.4619140625	0.3	0.0	1	433074	n/a
211.47021484375	0.3	1.0	2	433091	n/a
211.478515625	0.3	0.0	1	433108	n/a
211.48681640625	0.3	1.0	2	433125	n/a
211.4951171875	0.3	0.0	1	433142	n/a
211.50341796875	0.3	1.0	2	433159	n/a
211.51220703125	0.3	0.0	1	433177	n/a
211.5205078125	0.3	1.0	2	433194	n/a
211.52880859375	0.3	1.0	2	433211	n/a
211.537109375	0.3	0.0	1	433228	n/a
211.54541015625	0.3	1.0	2	433245	n/a
211.5537109375	0.3	0.0	1	433262	n/a
211.56201171875	0.3	1.0	2	433279	n/a
211.5703125	0.3	0.0	1	433296	n/a
211.57861328125	0.3	0.0	1	433313	n/a
211.5869140625	0.3	1.0	2	433330	n/a
211.59521484375	0.3	1.0	2	433347	n/a
211.603515625	0.3	0.0	1	433364	n/a
211.61181640625	0.3	1.0	2	433381	n/a
211.6201171875	0.3	0.0	1	433398	n/a
211.62841796875	0.3	0.0	1	433415	n/a
211.63720703125	0.3	1.0	2	433433	n/a
214.0380859375	0.3	1.0	2	438350	31.0
214.04638671875	0.3	0.0	1	438367	n/a
214.0546875	0.3	0.0	1	438384	n/a
214.06298828125	0.3	1.0	2	438401	n/a
214.0712890625	0.3	0.0	1	438418	n/a
214.07958984375	0.3	1.0	2	438435	n/a
214.087890625	0.3	0.0	1	438452	n/a
214.09619140625	0.3	1.0	2	438469	n/a
214.10498046875	0.3	1.0	2	438487	n/a
214.11328125	0.3	0.0	1	438504	n/a
214.12158203125	0.3	0.0	1	438521	n/a
214.1298828125	0.3	1.0	2	438538	n/a
214.13818359375	0.3	1.0	2	438555	n/a
214.146484375	0.3	0.0	1	438572	n/a
214.15478515625	0.3	1.0	2	438589	n/a
214.1630859375	0.3	0.0	1	438606	n/a
214.17138671875	0.3	1.0	2	438623	n/a
214.1796875	0.3	0.0	1	438640	n/a
214.18798828125	0.3	0.0	1	438657	n/a
214.1962890625	0.3	1.0	2	438674	n/a
214.20458984375	0.3	0.0	1	438691	n/a
214.212890625	0.3	1.0	2	438708	n/a
214.22119140625	0.3	1.0	2	438725	n/a
214.22998046875	0.3	0.0	1	438743	n/a
214.23828125	0.3	0.0	1	438760	n/a
214.24658203125	0.3	1.0	2	438777	n/a
214.2548828125	0.3	0.0	1	438794	n/a
214.26318359375	0.3	1.0	2	438811	n/a
214.271484375	0.3	0.0	1	438828	n/a
214.27978515625	0.3	1.0	2	438845	n/a
214.2880859375	0.3	1.0	2	438862	n/a
214.29638671875	0.3	0.0	1	438879	n/a
214.3046875	0.3	0.0	1	438896	n/a
214.31298828125	0.3	1.0	2	438913	n/a
214.3212890625	0.3	0.0	1	438930	n/a
214.32958984375	0.3	1.0	2	438947	n/a
214.337890625	0.3	1.0	2	438964	n/a
214.34619140625	0.3	0.0	1	438981	n/a
214.35498046875	0.3	0.0	1	438999	n/a
214.36328125	0.3	1.0	2	439016	n/a
214.37158203125	0.3	0.0	1	439033	n/a
214.3798828125	0.3	1.0	2	439050	n/a
214.38818359375	0.3	1.0	2	439067	n/a
214.396484375	0.3	0.0	1	439084	n/a
214.40478515625	0.3	0.0	1	439101	n/a
214.4130859375	0.3	1.0	2	439118	n/a
214.42138671875	0.3	1.0	2	439135	n/a
214.4296875	0.3	0.0	1	439152	n/a
214.43798828125	0.3	1.0	2	439169	n/a
214.4462890625	0.3	0.0	1	439186	n/a
214.45458984375	0.3	0.0	1	439203	n/a
214.462890625	0.3	1.0	2	439220	n/a
214.47119140625	0.3	1.0	2	439237	n/a
214.47998046875	0.3	0.0	1	439255	n/a
214.48828125	0.3	0.0	1	439272	n/a
214.49658203125	0.3	1.0	2	439289	n/a
214.5048828125	0.3	0.0	1	439306	n/a
214.51318359375	0.3	1.0	2	439323	n/a
214.521484375	0.3	0.0	1	439340	n/a
214.52978515625	0.3	1.0	2	439357	n/a
214.5380859375	0.3	0.0	1	439374	n/a
214.54638671875	0.3	1.0	2	439391	n/a
214.5546875	0.3	1.0	2	439408	n/a
214.56298828125	0.3	0.0	1	439425	n/a
214.5712890625	0.3	0.0	1	439442	n/a
214.57958984375	0.3	1.0	2	439459	n/a
214.587890625	0.3	0.0	1	439476	n/a
214.59619140625	0.3	1.0	2	439493	n/a
214.60498046875	0.3	1.0	2	439511	n/a
214.61328125	0.3	0.0	1	439528	n/a
214.62158203125	0.3	1.0	2	439545	n/a
214.6298828125	0.3	0.0	1	439562	n/a
214.63818359375	0.3	0.0	1	439579	n/a
214.646484375	0.3	1.0	2	439596	n/a
214.65478515625	0.3	1.0	2	439613	n/a
214.6630859375	0.3	0.0	1	439630	n/a
214.67138671875	0.3	0.0	1	439647	n/a
214.6796875	0.3	1.0	2	439664	n/a
214.68798828125	0.3	0.0	1	439681	n/a
214.6962890625	0.3	1.0	2	439698	n/a
214.70458984375	0.3	1.0	2	439715	n/a
214.712890625	0.3	0.0	1	439732	n/a
214.72119140625	0.3	1.0	2	439749	n/a
214.72998046875	0.3	0.0	1	439767	n/a
214.73828125	0.3	1.0	2	439784	n/a
214.74658203125	0.3	0.0	1	439801	n/a
214.7548828125	0.3	1.0	2	439818	n/a
214.76318359375	0.3	0.0	1	439835	n/a
214.771484375	0.3	0.0	1	439852	n/a
214.77978515625	0.3	1.0	2	439869	n/a
214.7880859375	0.3	0.0	1	439886	n/a
214.79638671875	0.3	1.0	2	439903	n/a
214.8046875	0.3	0.0	1	439920	n/a
214.81298828125	0.3	1.0	2	439937	n/a
214.8212890625	0.3	0.0	1	439954	n/a
214.82958984375	0.3	1.0	2	439971	n/a
214.837890625	0.3	0.0	1	439988	n/a
214.84619140625	0.3	1.0	2	440005	n/a
214.85498046875	0.3	0.0	1	440023	n/a
214.86328125	0.3	1.0	2	440040	n/a
214.87158203125	0.3	0.0	1	440057	n/a
214.8798828125	0.3	1.0	2	440074	n/a
214.88818359375	0.3	1.0	2	440091	n/a
214.896484375	0.3	0.0	1	440108	n/a
214.90478515625	0.3	0.0	1	440125	n/a
214.9130859375	0.3	1.0	2	440142	n/a
214.92138671875	0.3	0.0	1	440159	n/a
214.9296875	0.3	1.0	2	440176	n/a
214.93798828125	0.3	1.0	2	440193	n/a
214.9462890625	0.3	0.0	1	440210	n/a
214.95458984375	0.3	0.0	1	440227	n/a
214.962890625	0.3	1.0	2	440244	n/a
214.97119140625	0.3	0.0	1	440261	n/a
214.97998046875	0.3	1.0	2	440279	n/a
214.98828125	0.3	0.0	1	440296	n/a
214.99658203125	0.3	1.0	2	440313	n/a
215.0048828125	0.3	0.0	1	440330	n/a
215.01318359375	0.3	1.0	2	440347	n/a
215.021484375	0.3	1.0	2	440364	n/a
215.02978515625	0.3	0.0	1	440381	n/a
215.0380859375	0.3	0.0	1	440398	n/a
215.04638671875	0.3	1.0	2	440415	n/a
215.0546875	0.3	0.0	1	440432	n/a
215.06298828125	0.3	1.0	2	440449	n/a
215.0712890625	0.3	0.0	1	440466	n/a
215.07958984375	0.3	1.0	2	440483	n/a
215.087890625	0.3	1.0	2	440500	n/a
215.09619140625	0.3	0.0	1	440517	n/a
215.10498046875	0.3	0.0	1	440535	n/a
215.11328125	0.3	1.0	2	440552	n/a
215.12158203125	0.3	0.0	1	440569	n/a
215.1298828125	0.3	1.0	2	440586	n/a
215.13818359375	0.3	0.0	1	440603	n/a
215.146484375	0.3	1.0	2	440620	n/a
215.15478515625	0.3	1.0	2	440637	n/a
215.1630859375	0.3	0.0	1	440654	n/a
215.17138671875	0.3	0.0	1	440671	n/a
215.1796875	0.3	1.0	2	440688	n/a
215.18798828125	0.3	1.0	2	440705	n/a
215.1962890625	0.3	0.0	1	440722	n/a
215.20458984375	0.3	1.0	2	440739	n/a
215.212890625	0.3	0.0	1	440756	n/a
215.22119140625	0.3	1.0	2	440773	n/a
215.22998046875	0.3	0.0	1	440791	n/a
215.23828125	0.3	0.0	1	440808	n/a
215.24658203125	0.3	1.0	2	440825	n/a
215.2548828125	0.3	0.0	1	440842	n/a
215.26318359375	0.3	1.0	2	440859	n/a
215.271484375	0.3	1.0	2	440876	n/a
215.27978515625	0.3	0.0	1	440893	n/a
215.2880859375	0.3	0.0	1	440910	n/a
215.29638671875	0.3	1.0	2	440927	n/a
215.3046875	0.3	0.0	1	440944	n/a
215.31298828125	0.3	1.0	2	440961	n/a
215.3212890625	0.3	0.0	1	440978	n/a
215.32958984375	0.3	1.0	2	440995	n/a
215.337890625	0.3	1.0	2	441012	n/a
215.34619140625	0.3	0.0	1	441029	n/a
215.35498046875	0.3	0.0	1	441047	n/a
215.36328125	0.3	1.0	2	441064	n/a
215.37158203125	0.3	0.0	1	441081	n/a
215.3798828125	0.3	1.0	2	441098	n/a
215.38818359375	0.3	1.0	2	441115	n/a
215.396484375	0.3	0.0	1	441132	n/a
215.40478515625	0.3	0.0	1	441149	n/a
215.4130859375	0.3	1.0	2	441166	n/a
215.42138671875	0.3	0.0	1	441183	n/a
215.4296875	0.3	1.0	2	441200	n/a
215.43798828125	0.3	1.0	2	441217	n/a
215.4462890625	0.3	0.0	1	441234	n/a
215.45458984375	0.3	0.0	1	441251	n/a
215.462890625	0.3	1.0	2	441268	n/a
215.47119140625	0.3	1.0	2	441285	n/a
215.47998046875	0.3	0.0	1	441303	n/a
215.48828125	0.3	1.0	2	441320	n/a
215.49658203125	0.3	0.0	1	441337	n/a
215.5048828125	0.3	0.0	1	441354	n/a
215.51318359375	0.3	1.0	2	441371	n/a
215.521484375	0.3	1.0	2	441388	n/a
215.52978515625	0.3	0.0	1	441405	n/a
215.5380859375	0.3	0.0	1	441422	n/a
215.54638671875	0.3	1.0	2	441439	n/a
215.5546875	0.3	0.0	1	441456	n/a
215.56298828125	0.3	1.0	2	441473	n/a
215.5712890625	0.3	0.0	1	441490	n/a
215.57958984375	0.3	1.0	2	441507	n/a
215.587890625	0.3	0.0	1	441524	n/a
215.59619140625	0.3	1.0	2	441541	n/a
215.60498046875	0.3	1.0	2	441559	n/a
215.61328125	0.3	0.0	1	441576	n/a
215.62158203125	0.3	0.0	1	441593	n/a
215.6298828125	0.3	1.0	2	441610	n/a
215.63818359375	0.3	0.0	1	441627	n/a
215.646484375	0.3	1.0	2	441644	n/a
215.65478515625	0.3	1.0	2	441661	n/a
215.6630859375	0.3	0.0	1	441678	n/a
215.67138671875	0.3	1.0	2	441695	n/a
215.6796875	0.3	0.0	1	441712	n/a
215.68798828125	0.3	0.0	1	441729	n/a
215.6962890625	0.3	1.0	2	441746	n/a
215.70458984375	0.3	1.0	2	441763	n/a
215.712890625	0.3	0.0	1	441780	n/a
215.72119140625	0.3	0.0	1	441797	n/a
215.72998046875	0.3	1.0	2	441815	n/a
215.73828125	0.3	0.0	1	441832	n/a
215.74658203125	0.3	1.0	2	441849	n/a
215.7548828125	0.3	1.0	2	441866	n/a
215.76318359375	0.3	0.0	1	441883	n/a
215.771484375	0.3	1.0	2	441900	n/a
215.77978515625	0.3	0.0	1	441917	n/a
215.7880859375	0.3	1.0	2	441934	n/a
215.79638671875	0.3	0.0	1	441951	n/a
215.8046875	0.3	1.0	2	441968	n/a
215.81298828125	0.3	0.0	1	441985	n/a
215.8212890625	0.3	0.0	1	442002	n/a
215.82958984375	0.3	1.0	2	442019	n/a
215.837890625	0.3	0.0	1	442036	n/a
215.84619140625	0.3	1.0	2	442053	n/a
215.85498046875	0.3	0.0	1	442071	n/a
215.86328125	0.3	1.0	2	442088	n/a
215.87158203125	0.3	0.0	1	442105	n/a
215.8798828125	0.3	1.0	2	442122	n/a
215.88818359375	0.3	0.0	1	442139	n/a
215.896484375	0.3	1.0	2	442156	n/a
215.90478515625	0.3	0.0	1	442173	n/a
215.9130859375	0.3	1.0	2	442190	n/a
215.92138671875	0.3	0.0	1	442207	n/a
215.9296875	0.3	1.0	2	442224	n/a
215.93798828125	0.3	1.0	2	442241	n/a
215.9462890625	0.3	0.0	1	442258	n/a
215.95458984375	0.3	0.0	1	442275	n/a
215.962890625	0.3	1.0	2	442292	n/a
215.97119140625	0.3	0.0	1	442309	n/a
215.97998046875	0.3	1.0	2	442327	n/a
215.98828125	0.3	1.0	2	442344	n/a
215.99658203125	0.3	0.0	1	442361	n/a
216.0048828125	0.3	0.0	1	442378	n/a
216.01318359375	0.3	1.0	2	442395	n/a
216.021484375	0.3	0.0	1	442412	n/a
216.02978515625	0.3	1.0	2	442429	n/a
216.0380859375	0.3	0.0	1	442446	n/a
216.04638671875	0.3	1.0	2	442463	n/a
216.0546875	0.3	0.0	1	442480	n/a
216.06298828125	0.3	1.0	2	442497	n/a
216.0712890625	0.3	1.0	2	442514	n/a
216.07958984375	0.3	0.0	1	442531	n/a
216.087890625	0.3	0.0	1	442548	n/a
216.09619140625	0.3	1.0	2	442565	n/a
216.10498046875	0.3	0.0	1	442583	n/a
216.11328125	0.3	1.0	2	442600	n/a
216.12158203125	0.3	0.0	1	442617	n/a
216.1298828125	0.3	1.0	2	442634	n/a
216.13818359375	0.3	1.0	2	442651	n/a
216.146484375	0.3	0.0	1	442668	n/a
216.15478515625	0.3	0.0	1	442685	n/a
216.1630859375	0.3	1.0	2	442702	n/a
216.17138671875	0.3	0.0	1	442719	n/a
216.1796875	0.3	1.0	2	442736	n/a
216.18798828125	0.3	0.0	1	442753	n/a
216.1962890625	0.3	1.0	2	442770	n/a
216.20458984375	0.3	1.0	2	442787	n/a
216.212890625	0.3	0.0	1	442804	n/a
216.22119140625	0.3	0.0	1	442821	n/a
216.22998046875	0.3	1.0	2	442839	n/a
216.23828125	0.3	1.0	2	442856	n/a
216.24658203125	0.3	0.0	1	442873	n/a
216.2548828125	0.3	1.0	2	442890	n/a
216.26318359375	0.3	0.0	1	442907	n/a
216.271484375	0.3	1.0	2	442924	n/a
216.27978515625	0.3	0.0	1	442941	n/a
216.2880859375	0.3	0.0	1	442958	n/a
216.29638671875	0.3	1.0	2	442975	n/a
216.3046875	0.3	0.0	1	442992	n/a
216.31298828125	0.3	1.0	2	443009	n/a
216.3212890625	0.3	1.0	2	443026	n/a
216.32958984375	0.3	0.0	1	443043	n/a
216.337890625	0.3	0.0	1	443060	n/a
216.34619140625	0.3	1.0	2	443077	n/a
216.35498046875	0.3	0.0	1	443095	n/a
216.36328125	0.3	1.0	2	443112	n/a
216.37158203125	0.3	0.0	1	443129	n/a
216.3798828125	0.3	1.0	2	443146	n/a
216.38818359375	0.3	1.0	2	443163	n/a
216.396484375	0.3	0.0	1	443180	n/a
216.40478515625	0.3	0.0	1	443197	n/a
216.4130859375	0.3	1.0	2	443214	n/a
216.42138671875	0.3	0.0	1	443231	n/a
216.4296875	0.3	1.0	2	443248	n/a
216.43798828125	0.3	1.0	2	443265	n/a
216.4462890625	0.3	0.0	1	443282	n/a
216.45458984375	0.3	0.0	1	443299	n/a
216.462890625	0.3	1.0	2	443316	n/a
216.47119140625	0.3	0.0	1	443333	n/a
216.47998046875	0.3	1.0	2	443351	n/a
216.48828125	0.3	1.0	2	443368	n/a
216.49658203125	0.3	0.0	1	443385	n/a
216.5048828125	0.3	0.0	1	443402	n/a
216.51318359375	0.3	1.0	2	443419	n/a
216.521484375	0.3	1.0	2	443436	n/a
216.52978515625	0.3	0.0	1	443453	n/a
216.5380859375	0.3	1.0	2	443470	n/a
216.54638671875	0.3	0.0	1	443487	n/a
216.5546875	0.3	0.0	1	443504	n/a
216.56298828125	0.3	1.0	2	443521	n/a
216.5712890625	0.3	1.0	2	443538	n/a
216.57958984375	0.3	0.0	1	443555	n/a
216.587890625	0.3	0.0	1	443572	n/a
216.59619140625	0.3	1.0	2	443589	n/a
216.60498046875	0.3	0.0	1	443607	n/a
216.61328125	0.3	1.0	2	443624	n/a
216.62158203125	0.3	0.0	1	443641	n/a
216.6298828125	0.3	1.0	2	443658	n/a
216.63818359375	0.3	0.0	1	443675	n/a
216.646484375	0.3	1.0	2	443692	n/a
216.65478515625	0.3	1.0	2	443709	n/a
216.6630859375	0.3	0.0	1	443726	n/a
216.67138671875	0.3	0.0	1	443743	n/a
216.6796875	0.3	1.0	2	443760	n/a
216.68798828125	0.3	0.0	1	443777	n/a
216.6962890625	0.3	1.0	2	443794	n/a
216.70458984375	0.3	1.0	2	443811	n/a
216.712890625	0.3	0.0	1	443828	n/a
216.72119140625	0.3	1.0	2	443845	n/a
216.72998046875	0.3	0.0	1	443863	n/a
216.73828125	0.3	0.0	1	443880	n/a
216.74658203125	0.3	1.0	2	443897	n/a
216.7548828125	0.3	1.0	2	443914	n/a
216.76318359375	0.3	0.0	1	443931	n/a
216.771484375	0.3	0.0	1	443948	n/a
216.77978515625	0.3	1.0	2	443965	n/a
216.7880859375	0.3	0.0	1	443982	n/a
216.79638671875	0.3	1.0	2	443999	n/a
216.8046875	0.3	1.0	2	444016	n/a
216.81298828125	0.3	0.0	1	444033	n/a
216.8212890625	0.3	1.0	2	444050	n/a
216.82958984375	0.3	0.0	1	444067	n/a
216.837890625	0.3	1.0	2	444084	n/a
216.84619140625	0.3	0.0	1	444101	n/a
216.85498046875	0.3	1.0	2	444119	n/a
216.86328125	0.3	0.0	1	444136	n/a
216.87158203125	0.3	0.0	1	444153	n/a
216.8798828125	0.3	1.0	2	444170	n/a
216.88818359375	0.3	0.0	1	444187	n/a
216.896484375	0.3	1.0	2	444204	n/a
216.90478515625	0.3	0.0	1	444221	n/a
216.9130859375	0.3	1.0	2	444238	n/a
216.92138671875	0.3	0.0	1	444255	n/a
216.9296875	0.3	1.0	2	444272	n/a
216.93798828125	0.3	0.0	1	444289	n/a
216.9462890625	0.3	1.0	2	444306	n/a
216.95458984375	0.3	0.0	1	444323	n/a
216.962890625	0.3	1.0	2	444340	n/a
216.97119140625	0.3	0.0	1	444357	n/a
216.97998046875	0.3	1.0	2	444375	n/a
216.98828125	0.3	1.0	2	444392	n/a
216.99658203125	0.3	0.0	1	444409	n/a
217.0048828125	0.3	0.0	1	444426	n/a
217.01318359375	0.3	1.0	2	444443	n/a
217.021484375	0.3	0.0	1	444460	n/a
217.02978515625	0.3	1.0	2	444477	n/a
217.0380859375	0.3	1.0	2	444494	n/a
217.04638671875	0.3	0.0	1	444511	n/a
217.0546875	0.3	0.0	1	444528	n/a
217.06298828125	0.3	1.0	2	444545	n/a
217.0712890625	0.3	0.0	1	444562	n/a
217.07958984375	0.3	1.0	2	444579	n/a
217.087890625	0.3	0.0	1	444596	n/a
217.09619140625	0.3	1.0	2	444613	n/a
217.10498046875	0.3	0.0	1	444631	n/a
217.11328125	0.3	1.0	2	444648	n/a
217.12158203125	0.3	1.0	2	444665	n/a
217.1298828125	0.3	0.0	1	444682	n/a
217.13818359375	0.3	0.0	1	444699	n/a
217.146484375	0.3	1.0	2	444716	n/a
217.15478515625	0.3	0.0	1	444733	n/a
217.1630859375	0.3	1.0	2	444750	n/a
217.17138671875	0.3	0.0	1	444767	n/a
217.1796875	0.3	1.0	2	444784	n/a
217.18798828125	0.3	1.0	2	444801	n/a
217.1962890625	0.3	0.0	1	444818	n/a
217.20458984375	0.3	0.0	1	444835	n/a
217.212890625	0.3	1.0	2	444852	n/a
217.22119140625	0.3	0.0	1	444869	n/a
217.22998046875	0.3	1.0	2	444887	n/a
217.23828125	0.3	0.0	1	444904	n/a
217.24658203125	0.3	1.0	2	444921	n/a
217.2548828125	0.3	1.0	2	444938	n/a
217.26318359375	0.3	0.0	1	444955	n/a
217.271484375	0.3	0.0	1	444972	n/a
217.27978515625	0.3	1.0	2	444989	n/a
217.2880859375	0.3	1.0	2	445006	n/a
217.29638671875	0.3	0.0	1	445023	n/a
217.3046875	0.3	1.0	2	445040	n/a
217.31298828125	0.3	0.0	1	445057	n/a
217.3212890625	0.3	1.0	2	445074	n/a
217.32958984375	0.3	0.0	1	445091	n/a
217.337890625	0.3	0.0	1	445108	n/a
217.34619140625	0.3	1.0	2	445125	n/a
217.35498046875	0.3	0.0	1	445143	n/a
217.36328125	0.3	1.0	2	445160	n/a
217.37158203125	0.3	1.0	2	445177	n/a
217.3798828125	0.3	0.0	1	445194	n/a
217.38818359375	0.3	0.0	1	445211	n/a
217.396484375	0.3	1.0	2	445228	n/a
217.40478515625	0.3	0.0	1	445245	n/a
217.4130859375	0.3	1.0	2	445262	n/a
217.42138671875	0.3	0.0	1	445279	n/a
217.4296875	0.3	1.0	2	445296	n/a
217.43798828125	0.3	1.0	2	445313	n/a
217.4462890625	0.3	0.0	1	445330	n/a
217.45458984375	0.3	0.0	1	445347	n/a
217.462890625	0.3	1.0	2	445364	n/a
217.47119140625	0.3	0.0	1	445381	n/a
217.47998046875	0.3	1.0	2	445399	n/a
217.48828125	0.3	1.0	2	445416	n/a
217.49658203125	0.3	0.0	1	445433	n/a
217.5048828125	0.3	0.0	1	445450	n/a
217.51318359375	0.3	1.0	2	445467	n/a
217.521484375	0.3	0.0	1	445484	n/a
217.52978515625	0.3	1.0	2	445501	n/a
217.5380859375	0.3	1.0	2	445518	n/a
217.54638671875	0.3	0.0	1	445535	n/a
217.5546875	0.3	0.0	1	445552	n/a
217.56298828125	0.3	1.0	2	445569	n/a
217.5712890625	0.3	1.0	2	445586	n/a
217.57958984375	0.3	0.0	1	445603	n/a
217.587890625	0.3	1.0	2	445620	n/a
217.59619140625	0.3	0.0	1	445637	n/a
217.60498046875	0.3	0.0	1	445655	n/a
217.61328125	0.3	1.0	2	445672	n/a
217.62158203125	0.3	1.0	2	445689	n/a
217.6298828125	0.3	0.0	1	445706	n/a
217.63818359375	0.3	0.0	1	445723	n/a
217.646484375	0.3	1.0	2	445740	n/a
217.65478515625	0.3	0.0	1	445757	n/a
217.6630859375	0.3	1.0	2	445774	n/a
217.67138671875	0.3	0.0	1	445791	n/a
217.6796875	0.3	1.0	2	445808	n/a
217.68798828125	0.3	0.0	1	445825	n/a
217.6962890625	0.3	1.0	2	445842	n/a
217.70458984375	0.3	1.0	2	445859	n/a
217.712890625	0.3	0.0	1	445876	n/a
217.72119140625	0.3	0.0	1	445893	n/a
217.72998046875	0.3	1.0	2	445911	n/a
217.73828125	0.3	0.0	1	445928	n/a
217.74658203125	0.3	1.0	2	445945	n/a
217.7548828125	0.3	1.0	2	445962	n/a
217.76318359375	0.3	0.0	1	445979	n/a
217.771484375	0.3	1.0	2	445996	n/a
217.77978515625	0.3	0.0	1	446013	n/a
217.7880859375	0.3	0.0	1	446030	n/a
217.79638671875	0.3	1.0	2	446047	n/a
217.8046875	0.3	1.0	2	446064	n/a
217.81298828125	0.3	0.0	1	446081	n/a
217.8212890625	0.3	0.0	1	446098	n/a
217.82958984375	0.3	1.0	2	446115	n/a
217.837890625	0.3	0.0	1	446132	n/a
217.84619140625	0.3	1.0	2	446149	n/a
217.85498046875	0.3	1.0	2	446167	n/a
217.86328125	0.3	0.0	1	446184	n/a
217.87158203125	0.3	1.0	2	446201	n/a
217.8798828125	0.3	0.0	1	446218	n/a
217.88818359375	0.3	1.0	2	446235	n/a
217.896484375	0.3	0.0	1	446252	n/a
217.90478515625	0.3	1.0	2	446269	n/a
217.9130859375	0.3	0.0	1	446286	n/a
217.92138671875	0.3	0.0	1	446303	n/a
217.9296875	0.3	1.0	2	446320	n/a
217.93798828125	0.3	0.0	1	446337	n/a
217.9462890625	0.3	1.0	2	446354	n/a
217.95458984375	0.3	0.0	1	446371	n/a
217.962890625	0.3	1.0	2	446388	n/a
217.97119140625	0.3	0.0	1	446405	n/a
217.97998046875	0.3	1.0	2	446423	n/a
217.98828125	0.3	0.0	1	446440	n/a
217.99658203125	0.3	1.0	2	446457	n/a
218.0048828125	0.3	0.0	1	446474	n/a
218.01318359375	0.3	1.0	2	446491	n/a
218.021484375	0.3	0.0	1	446508	n/a
218.02978515625	0.3	1.0	2	446525	n/a
218.0380859375	0.3	1.0	2	446542	n/a
218.04638671875	0.3	0.0	1	446559	n/a
218.0546875	0.3	0.0	1	446576	n/a
218.06298828125	0.3	1.0	2	446593	n/a
218.0712890625	0.3	0.0	1	446610	n/a
218.07958984375	0.3	1.0	2	446627	n/a
218.087890625	0.3	1.0	2	446644	n/a
218.09619140625	0.3	0.0	1	446661	n/a
218.10498046875	0.3	0.0	1	446679	n/a
218.11328125	0.3	1.0	2	446696	n/a
218.12158203125	0.3	0.0	1	446713	n/a
218.1298828125	0.3	1.0	2	446730	n/a
218.13818359375	0.3	0.0	1	446747	n/a
218.146484375	0.3	1.0	2	446764	n/a
218.15478515625	0.3	0.0	1	446781	n/a
218.1630859375	0.3	1.0	2	446798	n/a
218.17138671875	0.3	1.0	2	446815	n/a
218.1796875	0.3	0.0	1	446832	n/a
218.18798828125	0.3	0.0	1	446849	n/a
218.1962890625	0.3	1.0	2	446866	n/a
218.20458984375	0.3	0.0	1	446883	n/a
218.212890625	0.3	1.0	2	446900	n/a
218.22119140625	0.3	0.0	1	446917	n/a
218.22998046875	0.3	1.0	2	446935	n/a
220.6220703125	0.3	0.0	1	451834	21.0
220.63037109375	0.3	1.0	2	451851	n/a
220.638671875	0.3	1.0	2	451868	n/a
220.64697265625	0.3	0.0	1	451885	n/a
220.6552734375	0.3	1.0	2	451902	n/a
220.66357421875	0.3	0.0	1	451919	n/a
220.671875	0.3	1.0	2	451936	n/a
220.68017578125	0.3	0.0	1	451953	n/a
220.68896484375	0.3	1.0	2	451971	n/a
220.697265625	0.3	0.0	1	451988	n/a
220.70556640625	0.3	0.0	1	452005	n/a
220.7138671875	0.3	1.0	2	452022	n/a
220.72216796875	0.3	0.0	1	452039	n/a
220.73046875	0.3	1.0	2	452056	n/a
220.73876953125	0.3	1.0	2	452073	n/a
220.7470703125	0.3	0.0	1	452090	n/a
220.75537109375	0.3	0.0	1	452107	n/a
220.763671875	0.3	1.0	2	452124	n/a
220.77197265625	0.3	0.0	1	452141	n/a
220.7802734375	0.3	1.0	2	452158	n/a
220.78857421875	0.3	1.0	2	452175	n/a
220.796875	0.3	0.0	1	452192	n/a
220.80517578125	0.3	1.0	2	452209	n/a
220.81396484375	0.3	0.0	1	452227	n/a
220.822265625	0.3	0.0	1	452244	n/a
220.83056640625	0.3	1.0	2	452261	n/a
220.8388671875	0.3	0.0	1	452278	n/a
220.84716796875	0.3	1.0	2	452295	n/a
220.85546875	0.3	1.0	2	452312	n/a
220.86376953125	0.3	0.0	1	452329	n/a
220.8720703125	0.3	0.0	1	452346	n/a
220.88037109375	0.3	1.0	2	452363	n/a
220.888671875	0.3	0.0	1	452380	n/a
220.89697265625	0.3	1.0	2	452397	n/a
220.9052734375	0.3	0.0	1	452414	n/a
220.91357421875	0.3	1.0	2	452431	n/a
220.921875	0.3	0.0	1	452448	n/a
220.93017578125	0.3	1.0	2	452465	n/a
220.93896484375	0.3	1.0	2	452483	n/a
220.947265625	0.3	0.0	1	452500	n/a
220.95556640625	0.3	1.0	2	452517	n/a
220.9638671875	0.3	0.0	1	452534	n/a
220.97216796875	0.3	0.0	1	452551	n/a
220.98046875	0.3	1.0	2	452568	n/a
220.98876953125	0.3	0.0	1	452585	n/a
220.9970703125	0.3	1.0	2	452602	n/a
221.00537109375	0.3	0.0	1	452619	n/a
221.013671875	0.3	1.0	2	452636	n/a
221.02197265625	0.3	0.0	1	452653	n/a
221.0302734375	0.3	1.0	2	452670	n/a
221.03857421875	0.3	1.0	2	452687	n/a
221.046875	0.3	0.0	1	452704	n/a
221.05517578125	0.3	1.0	2	452721	n/a
221.06396484375	0.3	0.0	1	452739	n/a
221.072265625	0.3	1.0	2	452756	n/a
221.08056640625	0.3	0.0	1	452773	n/a
221.0888671875	0.3	0.0	1	452790	n/a
221.09716796875	0.3	1.0	2	452807	n/a
221.10546875	0.3	1.0	2	452824	n/a
221.11376953125	0.3	0.0	1	452841	n/a
221.1220703125	0.3	1.0	2	452858	n/a
221.13037109375	0.3	0.0	1	452875	n/a
221.138671875	0.3	1.0	2	452892	n/a
221.14697265625	0.3	0.0	1	452909	n/a
221.1552734375	0.3	1.0	2	452926	n/a
221.16357421875	0.3	0.0	1	452943	n/a
221.171875	0.3	0.0	1	452960	n/a
221.18017578125	0.3	1.0	2	452977	n/a
221.18896484375	0.3	1.0	2	452995	n/a
221.197265625	0.3	0.0	1	453012	n/a
221.20556640625	0.3	0.0	1	453029	n/a
221.2138671875	0.3	1.0	2	453046	n/a
221.22216796875	0.3	1.0	2	453063	n/a
221.23046875	0.3	0.0	1	453080	n/a
221.23876953125	0.3	1.0	2	453097	n/a
221.2470703125	0.3	0.0	1	453114	n/a
221.25537109375	0.3	1.0	2	453131	n/a
221.263671875	0.3	0.0	1	453148	n/a
221.27197265625	0.3	1.0	2	453165	n/a
221.2802734375	0.3	0.0	1	453182	n/a
221.28857421875	0.3	1.0	2	453199	n/a
221.296875	0.3	0.0	1	453216	n/a
221.30517578125	0.3	1.0	2	453233	n/a
221.31396484375	0.3	0.0	1	453251	n/a
221.322265625	0.3	1.0	2	453268	n/a
221.33056640625	0.3	0.0	1	453285	n/a
221.3388671875	0.3	0.0	1	453302	n/a
221.34716796875	0.3	1.0	2	453319	n/a
221.35546875	0.3	0.0	1	453336	n/a
221.36376953125	0.3	1.0	2	453353	n/a
221.3720703125	0.3	0.0	1	453370	n/a
221.38037109375	0.3	1.0	2	453387	n/a
221.388671875	0.3	1.0	2	453404	n/a
221.39697265625	0.3	0.0	1	453421	n/a
221.4052734375	0.3	0.0	1	453438	n/a
221.41357421875	0.3	1.0	2	453455	n/a
221.421875	0.3	0.0	1	453472	n/a
221.43017578125	0.3	1.0	2	453489	n/a
221.43896484375	0.3	0.0	1	453507	n/a
221.447265625	0.3	1.0	2	453524	n/a
221.45556640625	0.3	0.0	1	453541	n/a
221.4638671875	0.3	1.0	2	453558	n/a
221.47216796875	0.3	0.0	1	453575	n/a
221.48046875	0.3	1.0	2	453592	n/a
221.48876953125	0.3	1.0	2	453609	n/a
221.4970703125	0.3	0.0	1	453626	n/a
221.50537109375	0.3	1.0	2	453643	n/a
221.513671875	0.3	0.0	1	453660	n/a
221.52197265625	0.3	1.0	2	453677	n/a
221.5302734375	0.3	0.0	1	453694	n/a
221.53857421875	0.3	0.0	1	453711	n/a
221.546875	0.3	1.0	2	453728	n/a
221.55517578125	0.3	0.0	1	453745	n/a
221.56396484375	0.3	1.0	2	453763	n/a
221.572265625	0.3	0.0	1	453780	n/a
221.58056640625	0.3	1.0	2	453797	n/a
221.5888671875	0.3	0.0	1	453814	n/a
221.59716796875	0.3	1.0	2	453831	n/a
221.60546875	0.3	0.0	1	453848	n/a
221.61376953125	0.3	1.0	2	453865	n/a
221.6220703125	0.3	0.0	1	453882	n/a
221.63037109375	0.3	1.0	2	453899	n/a
221.638671875	0.3	1.0	2	453916	n/a
221.64697265625	0.3	0.0	1	453933	n/a
221.6552734375	0.3	1.0	2	453950	n/a
221.66357421875	0.3	0.0	1	453967	n/a
221.671875	0.3	0.0	1	453984	n/a
221.68017578125	0.3	1.0	2	454001	n/a
221.68896484375	0.3	1.0	2	454019	n/a
221.697265625	0.3	0.0	1	454036	n/a
221.70556640625	0.3	1.0	2	454053	n/a
221.7138671875	0.3	0.0	1	454070	n/a
221.72216796875	0.3	1.0	2	454087	n/a
221.73046875	0.3	0.0	1	454104	n/a
221.73876953125	0.3	1.0	2	454121	n/a
221.7470703125	0.3	0.0	1	454138	n/a
221.75537109375	0.3	0.0	1	454155	n/a
221.763671875	0.3	1.0	2	454172	n/a
221.77197265625	0.3	0.0	1	454189	n/a
221.7802734375	0.3	1.0	2	454206	n/a
221.78857421875	0.3	1.0	2	454223	n/a
221.796875	0.3	0.0	1	454240	n/a
221.80517578125	0.3	0.0	1	454257	n/a
221.81396484375	0.3	1.0	2	454275	n/a
221.822265625	0.3	0.0	1	454292	n/a
221.83056640625	0.3	1.0	2	454309	n/a
221.8388671875	0.3	1.0	2	454326	n/a
221.84716796875	0.3	0.0	1	454343	n/a
221.85546875	0.3	1.0	2	454360	n/a
221.86376953125	0.3	0.0	1	454377	n/a
221.8720703125	0.3	0.0	1	454394	n/a
221.88037109375	0.3	1.0	2	454411	n/a
221.888671875	0.3	0.0	1	454428	n/a
221.89697265625	0.3	1.0	2	454445	n/a
221.9052734375	0.3	1.0	2	454462	n/a
221.91357421875	0.3	0.0	1	454479	n/a
221.921875	0.3	0.0	1	454496	n/a
221.93017578125	0.3	1.0	2	454513	n/a
221.93896484375	0.3	0.0	1	454531	n/a
221.947265625	0.3	1.0	2	454548	n/a
221.95556640625	0.3	0.0	1	454565	n/a
221.9638671875	0.3	1.0	2	454582	n/a
221.97216796875	0.3	0.0	1	454599	n/a
221.98046875	0.3	1.0	2	454616	n/a
221.98876953125	0.3	1.0	2	454633	n/a
221.9970703125	0.3	0.0	1	454650	n/a
222.00537109375	0.3	1.0	2	454667	n/a
222.013671875	0.3	0.0	1	454684	n/a
222.02197265625	0.3	0.0	1	454701	n/a
222.0302734375	0.3	1.0	2	454718	n/a
222.03857421875	0.3	0.0	1	454735	n/a
222.046875	0.3	1.0	2	454752	n/a
222.05517578125	0.3	0.0	1	454769	n/a
222.06396484375	0.3	1.0	2	454787	n/a
222.072265625	0.3	0.0	1	454804	n/a
222.08056640625	0.3	1.0	2	454821	n/a
222.0888671875	0.3	1.0	2	454838	n/a
222.09716796875	0.3	0.0	1	454855	n/a
222.10546875	0.3	1.0	2	454872	n/a
222.11376953125	0.3	0.0	1	454889	n/a
222.1220703125	0.3	1.0	2	454906	n/a
222.13037109375	0.3	0.0	1	454923	n/a
222.138671875	0.3	0.0	1	454940	n/a
222.14697265625	0.3	1.0	2	454957	n/a
222.1552734375	0.3	1.0	2	454974	n/a
222.16357421875	0.3	0.0	1	454991	n/a
222.171875	0.3	1.0	2	455008	n/a
222.18017578125	0.3	0.0	1	455025	n/a
222.18896484375	0.3	1.0	2	455043	n/a
222.197265625	0.3	0.0	1	455060	n/a
222.20556640625	0.3	1.0	2	455077	n/a
222.2138671875	0.3	0.0	1	455094	n/a
222.22216796875	0.3	0.0	1	455111	n/a
222.23046875	0.3	1.0	2	455128	n/a
222.23876953125	0.3	1.0	2	455145	n/a
222.2470703125	0.3	0.0	1	455162	n/a
222.25537109375	0.3	0.0	1	455179	n/a
222.263671875	0.3	1.0	2	455196	n/a
222.27197265625	0.3	1.0	2	455213	n/a
222.2802734375	0.3	0.0	1	455230	n/a
222.28857421875	0.3	1.0	2	455247	n/a
222.296875	0.3	0.0	1	455264	n/a
222.30517578125	0.3	1.0	2	455281	n/a
222.31396484375	0.3	0.0	1	455299	n/a
222.322265625	0.3	1.0	2	455316	n/a
222.33056640625	0.3	0.0	1	455333	n/a
222.3388671875	0.3	1.0	2	455350	n/a
222.34716796875	0.3	0.0	1	455367	n/a
222.35546875	0.3	1.0	2	455384	n/a
222.36376953125	0.3	0.0	1	455401	n/a
222.3720703125	0.3	1.0	2	455418	n/a
222.38037109375	0.3	0.0	1	455435	n/a
222.388671875	0.3	0.0	1	455452	n/a
222.39697265625	0.3	1.0	2	455469	n/a
222.4052734375	0.3	0.0	1	455486	n/a
222.41357421875	0.3	1.0	2	455503	n/a
222.421875	0.3	0.0	1	455520	n/a
222.43017578125	0.3	1.0	2	455537	n/a
222.43896484375	0.3	1.0	2	455555	n/a
222.447265625	0.3	0.0	1	455572	n/a
222.45556640625	0.3	0.0	1	455589	n/a
222.4638671875	0.3	1.0	2	455606	n/a
222.47216796875	0.3	0.0	1	455623	n/a
222.48046875	0.3	1.0	2	455640	n/a
222.48876953125	0.3	0.0	1	455657	n/a
222.4970703125	0.3	1.0	2	455674	n/a
222.50537109375	0.3	0.0	1	455691	n/a
222.513671875	0.3	1.0	2	455708	n/a
222.52197265625	0.3	0.0	1	455725	n/a
222.5302734375	0.3	1.0	2	455742	n/a
222.53857421875	0.3	1.0	2	455759	n/a
222.546875	0.3	0.0	1	455776	n/a
222.55517578125	0.3	1.0	2	455793	n/a
222.56396484375	0.3	0.0	1	455811	n/a
222.572265625	0.3	1.0	2	455828	n/a
222.58056640625	0.3	0.0	1	455845	n/a
222.5888671875	0.3	0.0	1	455862	n/a
222.59716796875	0.3	1.0	2	455879	n/a
222.60546875	0.3	0.0	1	455896	n/a
222.61376953125	0.3	1.0	2	455913	n/a
222.6220703125	0.3	0.0	1	455930	n/a
222.63037109375	0.3	1.0	2	455947	n/a
222.638671875	0.3	0.0	1	455964	n/a
222.64697265625	0.3	1.0	2	455981	n/a
222.6552734375	0.3	0.0	1	455998	n/a
222.66357421875	0.3	1.0	2	456015	n/a
222.671875	0.3	0.0	1	456032	n/a
222.68017578125	0.3	1.0	2	456049	n/a
222.68896484375	0.3	1.0	2	456067	n/a
222.697265625	0.3	0.0	1	456084	n/a
222.70556640625	0.3	1.0	2	456101	n/a
222.7138671875	0.3	0.0	1	456118	n/a
222.72216796875	0.3	0.0	1	456135	n/a
222.73046875	0.3	1.0	2	456152	n/a
222.73876953125	0.3	1.0	2	456169	n/a
222.7470703125	0.3	0.0	1	456186	n/a
222.75537109375	0.3	1.0	2	456203	n/a
222.763671875	0.3	0.0	1	456220	n/a
222.77197265625	0.3	1.0	2	456237	n/a
222.7802734375	0.3	0.0	1	456254	n/a
222.78857421875	0.3	1.0	2	456271	n/a
222.796875	0.3	0.0	1	456288	n/a
222.80517578125	0.3	0.0	1	456305	n/a
222.81396484375	0.3	1.0	2	456323	n/a
222.822265625	0.3	0.0	1	456340	n/a
222.83056640625	0.3	1.0	2	456357	n/a
222.8388671875	0.3	1.0	2	456374	n/a
222.84716796875	0.3	0.0	1	456391	n/a
222.85546875	0.3	0.0	1	456408	n/a
222.86376953125	0.3	1.0	2	456425	n/a
222.8720703125	0.3	0.0	1	456442	n/a
222.88037109375	0.3	1.0	2	456459	n/a
222.888671875	0.3	1.0	2	456476	n/a
222.89697265625	0.3	0.0	1	456493	n/a
222.9052734375	0.3	1.0	2	456510	n/a
222.91357421875	0.3	0.0	1	456527	n/a
222.921875	0.3	0.0	1	456544	n/a
222.93017578125	0.3	1.0	2	456561	n/a
222.93896484375	0.3	0.0	1	456579	n/a
222.947265625	0.3	1.0	2	456596	n/a
222.95556640625	0.3	1.0	2	456613	n/a
222.9638671875	0.3	0.0	1	456630	n/a
222.97216796875	0.3	0.0	1	456647	n/a
222.98046875	0.3	1.0	2	456664	n/a
222.98876953125	0.3	0.0	1	456681	n/a
222.9970703125	0.3	1.0	2	456698	n/a
223.00537109375	0.3	0.0	1	456715	n/a
223.013671875	0.3	1.0	2	456732	n/a
223.02197265625	0.3	0.0	1	456749	n/a
223.0302734375	0.3	1.0	2	456766	n/a
223.03857421875	0.3	1.0	2	456783	n/a
223.046875	0.3	0.0	1	456800	n/a
223.05517578125	0.3	1.0	2	456817	n/a
223.06396484375	0.3	0.0	1	456835	n/a
223.072265625	0.3	0.0	1	456852	n/a
223.08056640625	0.3	1.0	2	456869	n/a
223.0888671875	0.3	0.0	1	456886	n/a
223.09716796875	0.3	1.0	2	456903	n/a
223.10546875	0.3	0.0	1	456920	n/a
223.11376953125	0.3	1.0	2	456937	n/a
223.1220703125	0.3	0.0	1	456954	n/a
223.13037109375	0.3	1.0	2	456971	n/a
223.138671875	0.3	1.0	2	456988	n/a
223.14697265625	0.3	0.0	1	457005	n/a
223.1552734375	0.3	1.0	2	457022	n/a
223.16357421875	0.3	0.0	1	457039	n/a
223.171875	0.3	1.0	2	457056	n/a
223.18017578125	0.3	0.0	1	457073	n/a
223.18896484375	0.3	0.0	1	457091	n/a
223.197265625	0.3	1.0	2	457108	n/a
223.20556640625	0.3	1.0	2	457125	n/a
223.2138671875	0.3	0.0	1	457142	n/a
223.22216796875	0.3	1.0	2	457159	n/a
223.23046875	0.3	0.0	1	457176	n/a
223.23876953125	0.3	1.0	2	457193	n/a
223.2470703125	0.3	0.0	1	457210	n/a
223.25537109375	0.3	1.0	2	457227	n/a
223.263671875	0.3	0.0	1	457244	n/a
223.27197265625	0.3	0.0	1	457261	n/a
223.2802734375	0.3	1.0	2	457278	n/a
223.28857421875	0.3	1.0	2	457295	n/a
223.296875	0.3	0.0	1	457312	n/a
223.30517578125	0.3	0.0	1	457329	n/a
223.31396484375	0.3	1.0	2	457347	n/a
223.322265625	0.3	1.0	2	457364	n/a
223.33056640625	0.3	0.0	1	457381	n/a
223.3388671875	0.3	1.0	2	457398	n/a
223.34716796875	0.3	0.0	1	457415	n/a
223.35546875	0.3	1.0	2	457432	n/a
223.36376953125	0.3	0.0	1	457449	n/a
223.3720703125	0.3	1.0	2	457466	n/a
223.38037109375	0.3	0.0	1	457483	n/a
223.388671875	0.3	1.0	2	457500	n/a
223.39697265625	0.3	0.0	1	457517	n/a
223.4052734375	0.3	1.0	2	457534	n/a
223.41357421875	0.3	0.0	1	457551	n/a
223.421875	0.3	1.0	2	457568	n/a
223.43017578125	0.3	0.0	1	457585	n/a
223.43896484375	0.3	0.0	1	457603	n/a
223.447265625	0.3	1.0	2	457620	n/a
223.45556640625	0.3	0.0	1	457637	n/a
223.4638671875	0.3	1.0	2	457654	n/a
223.47216796875	0.3	0.0	1	457671	n/a
223.48046875	0.3	1.0	2	457688	n/a
223.48876953125	0.3	1.0	2	457705	n/a
223.4970703125	0.3	0.0	1	457722	n/a
223.50537109375	0.3	0.0	1	457739	n/a
223.513671875	0.3	1.0	2	457756	n/a
223.52197265625	0.3	0.0	1	457773	n/a
223.5302734375	0.3	1.0	2	457790	n/a
223.53857421875	0.3	0.0	1	457807	n/a
223.546875	0.3	1.0	2	457824	n/a
223.55517578125	0.3	0.0	1	457841	n/a
223.56396484375	0.3	1.0	2	457859	n/a
223.572265625	0.3	0.0	1	457876	n/a
223.58056640625	0.3	1.0	2	457893	n/a
223.5888671875	0.3	1.0	2	457910	n/a
223.59716796875	0.3	0.0	1	457927	n/a
223.60546875	0.3	1.0	2	457944	n/a
223.61376953125	0.3	0.0	1	457961	n/a
223.6220703125	0.3	1.0	2	457978	n/a
223.63037109375	0.3	0.0	1	457995	n/a
223.638671875	0.3	0.0	1	458012	n/a
223.64697265625	0.3	1.0	2	458029	n/a
223.6552734375	0.3	0.0	1	458046	n/a
223.66357421875	0.3	1.0	2	458063	n/a
223.671875	0.3	0.0	1	458080	n/a
223.68017578125	0.3	1.0	2	458097	n/a
223.68896484375	0.3	0.0	1	458115	n/a
223.697265625	0.3	1.0	2	458132	n/a
223.70556640625	0.3	0.0	1	458149	n/a
223.7138671875	0.3	1.0	2	458166	n/a
223.72216796875	0.3	0.0	1	458183	n/a
223.73046875	0.3	1.0	2	458200	n/a
223.73876953125	0.3	1.0	2	458217	n/a
223.7470703125	0.3	0.0	1	458234	n/a
223.75537109375	0.3	1.0	2	458251	n/a
223.763671875	0.3	0.0	1	458268	n/a
223.77197265625	0.3	0.0	1	458285	n/a
223.7802734375	0.3	1.0	2	458302	n/a
223.78857421875	0.3	1.0	2	458319	n/a
223.796875	0.3	0.0	1	458336	n/a
223.80517578125	0.3	1.0	2	458353	n/a
223.81396484375	0.3	0.0	1	458371	n/a
223.822265625	0.3	1.0	2	458388	n/a
223.83056640625	0.3	0.0	1	458405	n/a
223.8388671875	0.3	1.0	2	458422	n/a
223.84716796875	0.3	0.0	1	458439	n/a
223.85546875	0.3	0.0	1	458456	n/a
223.86376953125	0.3	1.0	2	458473	n/a
223.8720703125	0.3	0.0	1	458490	n/a
223.88037109375	0.3	1.0	2	458507	n/a
223.888671875	0.3	1.0	2	458524	n/a
223.89697265625	0.3	0.0	1	458541	n/a
223.9052734375	0.3	0.0	1	458558	n/a
223.91357421875	0.3	1.0	2	458575	n/a
223.921875	0.3	0.0	1	458592	n/a
223.93017578125	0.3	1.0	2	458609	n/a
223.93896484375	0.3	1.0	2	458627	n/a
223.947265625	0.3	0.0	1	458644	n/a
223.95556640625	0.3	1.0	2	458661	n/a
223.9638671875	0.3	0.0	1	458678	n/a
223.97216796875	0.3	0.0	1	458695	n/a
223.98046875	0.3	1.0	2	458712	n/a
223.98876953125	0.3	0.0	1	458729	n/a
223.9970703125	0.3	1.0	2	458746	n/a
224.00537109375	0.3	1.0	2	458763	n/a
224.013671875	0.3	0.0	1	458780	n/a
224.02197265625	0.3	0.0	1	458797	n/a
224.0302734375	0.3	1.0	2	458814	n/a
224.03857421875	0.3	0.0	1	458831	n/a
224.046875	0.3	1.0	2	458848	n/a
224.05517578125	0.3	0.0	1	458865	n/a
224.06396484375	0.3	1.0	2	458883	n/a
224.072265625	0.3	0.0	1	458900	n/a
224.08056640625	0.3	1.0	2	458917	n/a
224.0888671875	0.3	1.0	2	458934	n/a
224.09716796875	0.3	0.0	1	458951	n/a
224.10546875	0.3	1.0	2	458968	n/a
224.11376953125	0.3	0.0	1	458985	n/a
224.1220703125	0.3	0.0	1	459002	n/a
224.13037109375	0.3	1.0	2	459019	n/a
224.138671875	0.3	0.0	1	459036	n/a
224.14697265625	0.3	1.0	2	459053	n/a
224.1552734375	0.3	0.0	1	459070	n/a
224.16357421875	0.3	1.0	2	459087	n/a
224.171875	0.3	0.0	1	459104	n/a
224.18017578125	0.3	1.0	2	459121	n/a
224.18896484375	0.3	1.0	2	459139	n/a
224.197265625	0.3	0.0	1	459156	n/a
224.20556640625	0.3	1.0	2	459173	n/a
224.2138671875	0.3	0.0	1	459190	n/a
224.22216796875	0.3	1.0	2	459207	n/a
224.23046875	0.3	0.0	1	459224	n/a
224.23876953125	0.3	0.0	1	459241	n/a
224.2470703125	0.3	1.0	2	459258	n/a
224.25537109375	0.3	1.0	2	459275	n/a
224.263671875	0.3	0.0	1	459292	n/a
224.27197265625	0.3	1.0	2	459309	n/a
224.2802734375	0.3	0.0	1	459326	n/a
224.28857421875	0.3	1.0	2	459343	n/a
224.296875	0.3	0.0	1	459360	n/a
224.30517578125	0.3	1.0	2	459377	n/a
224.31396484375	0.3	0.0	1	459395	n/a
224.322265625	0.3	0.0	1	459412	n/a
224.33056640625	0.3	1.0	2	459429	n/a
224.3388671875	0.3	1.0	2	459446	n/a
224.34716796875	0.3	0.0	1	459463	n/a
224.35546875	0.3	0.0	1	459480	n/a
224.36376953125	0.3	1.0	2	459497	n/a
224.3720703125	0.3	1.0	2	459514	n/a
224.38037109375	0.3	0.0	1	459531	n/a
224.388671875	0.3	1.0	2	459548	n/a
224.39697265625	0.3	0.0	1	459565	n/a
224.4052734375	0.3	1.0	2	459582	n/a
224.41357421875	0.3	0.0	1	459599	n/a
224.421875	0.3	1.0	2	459616	n/a
224.43017578125	0.3	0.0	1	459633	n/a
224.43896484375	0.3	1.0	2	459651	n/a
224.447265625	0.3	0.0	1	459668	n/a
224.45556640625	0.3	1.0	2	459685	n/a
224.4638671875	0.3	0.0	1	459702	n/a
224.47216796875	0.3	1.0	2	459719	n/a
224.48046875	0.3	0.0	1	459736	n/a
224.48876953125	0.3	0.0	1	459753	n/a
224.4970703125	0.3	1.0	2	459770	n/a
224.50537109375	0.3	0.0	1	459787	n/a
224.513671875	0.3	1.0	2	459804	n/a
224.52197265625	0.3	0.0	1	459821	n/a
224.5302734375	0.3	1.0	2	459838	n/a
224.53857421875	0.3	1.0	2	459855	n/a
224.546875	0.3	0.0	1	459872	n/a
224.55517578125	0.3	0.0	1	459889	n/a
224.56396484375	0.3	1.0	2	459907	n/a
224.572265625	0.3	0.0	1	459924	n/a
224.58056640625	0.3	1.0	2	459941	n/a
224.5888671875	0.3	0.0	1	459958	n/a
224.59716796875	0.3	1.0	2	459975	n/a
224.60546875	0.3	0.0	1	459992	n/a
224.61376953125	0.3	1.0	2	460009	n/a
224.6220703125	0.3	0.0	1	460026	n/a
224.63037109375	0.3	1.0	2	460043	n/a
224.638671875	0.3	1.0	2	460060	n/a
224.64697265625	0.3	0.0	1	460077	n/a
224.6552734375	0.3	1.0	2	460094	n/a
224.66357421875	0.3	0.0	1	460111	n/a
224.671875	0.3	1.0	2	460128	n/a
224.68017578125	0.3	0.0	1	460145	n/a
224.68896484375	0.3	0.0	1	460163	n/a
224.697265625	0.3	1.0	2	460180	n/a
224.70556640625	0.3	0.0	1	460197	n/a
224.7138671875	0.3	1.0	2	460214	n/a
224.72216796875	0.3	0.0	1	460231	n/a
224.73046875	0.3	1.0	2	460248	n/a
224.73876953125	0.3	0.0	1	460265	n/a
224.7470703125	0.3	1.0	2	460282	n/a
224.75537109375	0.3	0.0	1	460299	n/a
224.763671875	0.3	1.0	2	460316	n/a
224.77197265625	0.3	0.0	1	460333	n/a
224.7802734375	0.3	1.0	2	460350	n/a
224.78857421875	0.3	1.0	2	460367	n/a
224.796875	0.3	0.0	1	460384	n/a
224.80517578125	0.3	1.0	2	460401	n/a
224.81396484375	0.3	0.0	1	460419	n/a
227.22265625	0.3	0.0	1	465352	6.0
227.23095703125	0.3	1.0	2	465369	n/a
227.2392578125	0.3	0.0	1	465386	n/a
227.24755859375	0.3	1.0	2	465403	n/a
227.255859375	0.3	1.0	2	465420	n/a
227.26416015625	0.3	0.0	1	465437	n/a
227.2724609375	0.3	1.0	2	465454	n/a
227.28076171875	0.3	0.0	1	465471	n/a
227.28955078125	0.3	1.0	2	465489	n/a
227.2978515625	0.3	0.0	1	465506	n/a
227.30615234375	0.3	0.0	1	465523	n/a
227.314453125	0.3	1.0	2	465540	n/a
227.32275390625	0.3	1.0	2	465557	n/a
227.3310546875	0.3	0.0	1	465574	n/a
227.33935546875	0.3	0.0	1	465591	n/a
227.34765625	0.3	1.0	2	465608	n/a
227.35595703125	0.3	1.0	2	465625	n/a
227.3642578125	0.3	0.0	1	465642	n/a
227.37255859375	0.3	0.0	1	465659	n/a
227.380859375	0.3	1.0	2	465676	n/a
227.38916015625	0.3	1.0	2	465693	n/a
227.3974609375	0.3	0.0	1	465710	n/a
227.40576171875	0.3	1.0	2	465727	n/a
227.41455078125	0.3	0.0	1	465745	n/a
227.4228515625	0.3	0.0	1	465762	n/a
227.43115234375	0.3	1.0	2	465779	n/a
227.439453125	0.3	0.0	1	465796	n/a
227.44775390625	0.3	1.0	2	465813	n/a
227.4560546875	0.3	0.0	1	465830	n/a
227.46435546875	0.3	1.0	2	465847	n/a
227.47265625	0.3	0.0	1	465864	n/a
227.48095703125	0.3	1.0	2	465881	n/a
227.4892578125	0.3	1.0	2	465898	n/a
227.49755859375	0.3	0.0	1	465915	n/a
227.505859375	0.3	1.0	2	465932	n/a
227.51416015625	0.3	0.0	1	465949	n/a
227.5224609375	0.3	1.0	2	465966	n/a
227.53076171875	0.3	0.0	1	465983	n/a
227.53955078125	0.3	0.0	1	466001	n/a
227.5478515625	0.3	1.0	2	466018	n/a
227.55615234375	0.3	0.0	1	466035	n/a
227.564453125	0.3	1.0	2	466052	n/a
227.57275390625	0.3	1.0	2	466069	n/a
227.5810546875	0.3	0.0	1	466086	n/a
227.58935546875	0.3	0.0	1	466103	n/a
227.59765625	0.3	1.0	2	466120	n/a
227.60595703125	0.3	0.0	1	466137	n/a
227.6142578125	0.3	1.0	2	466154	n/a
227.62255859375	0.3	1.0	2	466171	n/a
227.630859375	0.3	0.0	1	466188	n/a
227.63916015625	0.3	1.0	2	466205	n/a
227.6474609375	0.3	0.0	1	466222	n/a
227.65576171875	0.3	0.0	1	466239	n/a
227.66455078125	0.3	1.0	2	466257	n/a
227.6728515625	0.3	1.0	2	466274	n/a
227.68115234375	0.3	0.0	1	466291	n/a
227.689453125	0.3	1.0	2	466308	n/a
227.69775390625	0.3	0.0	1	466325	n/a
227.7060546875	0.3	1.0	2	466342	n/a
227.71435546875	0.3	0.0	1	466359	n/a
227.72265625	0.3	1.0	2	466376	n/a
227.73095703125	0.3	0.0	1	466393	n/a
227.7392578125	0.3	1.0	2	466410	n/a
227.74755859375	0.3	0.0	1	466427	n/a
227.755859375	0.3	0.0	1	466444	n/a
227.76416015625	0.3	1.0	2	466461	n/a
227.7724609375	0.3	1.0	2	466478	n/a
227.78076171875	0.3	0.0	1	466495	n/a
227.78955078125	0.3	1.0	2	466513	n/a
227.7978515625	0.3	0.0	1	466530	n/a
227.80615234375	0.3	0.0	1	466547	n/a
227.814453125	0.3	1.0	2	466564	n/a
227.82275390625	0.3	0.0	1	466581	n/a
227.8310546875	0.3	1.0	2	466598	n/a
227.83935546875	0.3	0.0	1	466615	n/a
227.84765625	0.3	1.0	2	466632	n/a
227.85595703125	0.3	0.0	1	466649	n/a
227.8642578125	0.3	1.0	2	466666	n/a
227.87255859375	0.3	0.0	1	466683	n/a
227.880859375	0.3	1.0	2	466700	n/a
227.88916015625	0.3	1.0	2	466717	n/a
227.8974609375	0.3	0.0	1	466734	n/a
227.90576171875	0.3	0.0	1	466751	n/a
227.91455078125	0.3	1.0	2	466769	n/a
227.9228515625	0.3	0.0	1	466786	n/a
227.93115234375	0.3	1.0	2	466803	n/a
227.939453125	0.3	1.0	2	466820	n/a
227.94775390625	0.3	0.0	1	466837	n/a
227.9560546875	0.3	0.0	1	466854	n/a
227.96435546875	0.3	1.0	2	466871	n/a
227.97265625	0.3	1.0	2	466888	n/a
227.98095703125	0.3	0.0	1	466905	n/a
227.9892578125	0.3	1.0	2	466922	n/a
227.99755859375	0.3	0.0	1	466939	n/a
228.005859375	0.3	1.0	2	466956	n/a
228.01416015625	0.3	0.0	1	466973	n/a
228.0224609375	0.3	1.0	2	466990	n/a
228.03076171875	0.3	0.0	1	467007	n/a
228.03955078125	0.3	0.0	1	467025	n/a
228.0478515625	0.3	1.0	2	467042	n/a
228.05615234375	0.3	1.0	2	467059	n/a
228.064453125	0.3	0.0	1	467076	n/a
228.07275390625	0.3	0.0	1	467093	n/a
228.0810546875	0.3	1.0	2	467110	n/a
228.08935546875	0.3	1.0	2	467127	n/a
228.09765625	0.3	0.0	1	467144	n/a
228.10595703125	0.3	0.0	1	467161	n/a
228.1142578125	0.3	1.0	2	467178	n/a
228.12255859375	0.3	0.0	1	467195	n/a
228.130859375	0.3	1.0	2	467212	n/a
228.13916015625	0.3	0.0	1	467229	n/a
228.1474609375	0.3	1.0	2	467246	n/a
228.15576171875	0.3	1.0	2	467263	n/a
228.16455078125	0.3	0.0	1	467281	n/a
228.1728515625	0.3	1.0	2	467298	n/a
228.18115234375	0.3	0.0	1	467315	n/a
228.189453125	0.3	0.0	1	467332	n/a
228.19775390625	0.3	1.0	2	467349	n/a
228.2060546875	0.3	0.0	1	467366	n/a
228.21435546875	0.3	1.0	2	467383	n/a
228.22265625	0.3	0.0	1	467400	n/a
228.23095703125	0.3	1.0	2	467417	n/a
228.2392578125	0.3	0.0	1	467434	n/a
228.24755859375	0.3	1.0	2	467451	n/a
228.255859375	0.3	1.0	2	467468	n/a
228.26416015625	0.3	0.0	1	467485	n/a
228.2724609375	0.3	0.0	1	467502	n/a
228.28076171875	0.3	1.0	2	467519	n/a
228.28955078125	0.3	0.0	1	467537	n/a
228.2978515625	0.3	1.0	2	467554	n/a
228.30615234375	0.3	1.0	2	467571	n/a
228.314453125	0.3	0.0	1	467588	n/a
228.32275390625	0.3	1.0	2	467605	n/a
228.3310546875	0.3	0.0	1	467622	n/a
228.33935546875	0.3	1.0	2	467639	n/a
228.34765625	0.3	0.0	1	467656	n/a
228.35595703125	0.3	0.0	1	467673	n/a
228.3642578125	0.3	1.0	2	467690	n/a
228.37255859375	0.3	1.0	2	467707	n/a
228.380859375	0.3	0.0	1	467724	n/a
228.38916015625	0.3	0.0	1	467741	n/a
228.3974609375	0.3	1.0	2	467758	n/a
228.40576171875	0.3	1.0	2	467775	n/a
228.41455078125	0.3	0.0	1	467793	n/a
228.4228515625	0.3	0.0	1	467810	n/a
228.43115234375	0.3	1.0	2	467827	n/a
228.439453125	0.3	1.0	2	467844	n/a
228.44775390625	0.3	0.0	1	467861	n/a
228.4560546875	0.3	1.0	2	467878	n/a
228.46435546875	0.3	0.0	1	467895	n/a
228.47265625	0.3	0.0	1	467912	n/a
228.48095703125	0.3	1.0	2	467929	n/a
228.4892578125	0.3	0.0	1	467946	n/a
228.49755859375	0.3	1.0	2	467963	n/a
228.505859375	0.3	0.0	1	467980	n/a
228.51416015625	0.3	1.0	2	467997	n/a
228.5224609375	0.3	0.0	1	468014	n/a
228.53076171875	0.3	1.0	2	468031	n/a
228.53955078125	0.3	1.0	2	468049	n/a
228.5478515625	0.3	0.0	1	468066	n/a
228.55615234375	0.3	1.0	2	468083	n/a
228.564453125	0.3	0.0	1	468100	n/a
228.57275390625	0.3	1.0	2	468117	n/a
228.5810546875	0.3	0.0	1	468134	n/a
228.58935546875	0.3	0.0	1	468151	n/a
228.59765625	0.3	1.0	2	468168	n/a
228.60595703125	0.3	0.0	1	468185	n/a
228.6142578125	0.3	1.0	2	468202	n/a
228.62255859375	0.3	1.0	2	468219	n/a
228.630859375	0.3	0.0	1	468236	n/a
228.63916015625	0.3	0.0	1	468253	n/a
228.6474609375	0.3	1.0	2	468270	n/a
228.65576171875	0.3	0.0	1	468287	n/a
228.66455078125	0.3	1.0	2	468305	n/a
228.6728515625	0.3	1.0	2	468322	n/a
228.68115234375	0.3	0.0	1	468339	n/a
228.689453125	0.3	1.0	2	468356	n/a
228.69775390625	0.3	0.0	1	468373	n/a
228.7060546875	0.3	0.0	1	468390	n/a
228.71435546875	0.3	1.0	2	468407	n/a
228.72265625	0.3	1.0	2	468424	n/a
228.73095703125	0.3	0.0	1	468441	n/a
228.7392578125	0.3	1.0	2	468458	n/a
228.74755859375	0.3	0.0	1	468475	n/a
228.755859375	0.3	1.0	2	468492	n/a
228.76416015625	0.3	0.0	1	468509	n/a
228.7724609375	0.3	1.0	2	468526	n/a
228.78076171875	0.3	0.0	1	468543	n/a
228.78955078125	0.3	1.0	2	468561	n/a
228.7978515625	0.3	0.0	1	468578	n/a
228.80615234375	0.3	0.0	1	468595	n/a
228.814453125	0.3	1.0	2	468612	n/a
228.82275390625	0.3	1.0	2	468629	n/a
228.8310546875	0.3	0.0	1	468646	n/a
228.83935546875	0.3	1.0	2	468663	n/a
228.84765625	0.3	0.0	1	468680	n/a
228.85595703125	0.3	0.0	1	468697	n/a
228.8642578125	0.3	1.0	2	468714	n/a
228.87255859375	0.3	0.0	1	468731	n/a
228.880859375	0.3	1.0	2	468748	n/a
228.88916015625	0.3	0.0	1	468765	n/a
228.8974609375	0.3	1.0	2	468782	n/a
228.90576171875	0.3	0.0	1	468799	n/a
228.91455078125	0.3	1.0	2	468817	n/a
228.9228515625	0.3	0.0	1	468834	n/a
228.93115234375	0.3	1.0	2	468851	n/a
228.939453125	0.3	1.0	2	468868	n/a
228.94775390625	0.3	0.0	1	468885	n/a
228.9560546875	0.3	0.0	1	468902	n/a
228.96435546875	0.3	1.0	2	468919	n/a
228.97265625	0.3	0.0	1	468936	n/a
228.98095703125	0.3	1.0	2	468953	n/a
228.9892578125	0.3	1.0	2	468970	n/a
228.99755859375	0.3	0.0	1	468987	n/a
229.005859375	0.3	0.0	1	469004	n/a
229.01416015625	0.3	1.0	2	469021	n/a
229.0224609375	0.3	1.0	2	469038	n/a
229.03076171875	0.3	0.0	1	469055	n/a
229.03955078125	0.3	1.0	2	469073	n/a
229.0478515625	0.3	0.0	1	469090	n/a
229.05615234375	0.3	1.0	2	469107	n/a
229.064453125	0.3	0.0	1	469124	n/a
229.07275390625	0.3	1.0	2	469141	n/a
229.0810546875	0.3	0.0	1	469158	n/a
229.08935546875	0.3	0.0	1	469175	n/a
229.09765625	0.3	1.0	2	469192	n/a
229.10595703125	0.3	1.0	2	469209	n/a
229.1142578125	0.3	0.0	1	469226	n/a
229.12255859375	0.3	0.0	1	469243	n/a
229.130859375	0.3	1.0	2	469260	n/a
229.13916015625	0.3	1.0	2	469277	n/a
229.1474609375	0.3	0.0	1	469294	n/a
229.15576171875	0.3	0.0	1	469311	n/a
229.16455078125	0.3	1.0	2	469329	n/a
229.1728515625	0.3	0.0	1	469346	n/a
229.18115234375	0.3	1.0	2	469363	n/a
229.189453125	0.3	0.0	1	469380	n/a
229.19775390625	0.3	1.0	2	469397	n/a
229.2060546875	0.3	1.0	2	469414	n/a
229.21435546875	0.3	0.0	1	469431	n/a
229.22265625	0.3	1.0	2	469448	n/a
229.23095703125	0.3	0.0	1	469465	n/a
229.2392578125	0.3	0.0	1	469482	n/a
229.24755859375	0.3	1.0	2	469499	n/a
229.255859375	0.3	0.0	1	469516	n/a
229.26416015625	0.3	1.0	2	469533	n/a
229.2724609375	0.3	0.0	1	469550	n/a
229.28076171875	0.3	1.0	2	469567	n/a
229.28955078125	0.3	0.0	1	469585	n/a
229.2978515625	0.3	1.0	2	469602	n/a
229.30615234375	0.3	1.0	2	469619	n/a
229.314453125	0.3	0.0	1	469636	n/a
229.32275390625	0.3	0.0	1	469653	n/a
229.3310546875	0.3	1.0	2	469670	n/a
229.33935546875	0.3	0.0	1	469687	n/a
229.34765625	0.3	1.0	2	469704	n/a
229.35595703125	0.3	1.0	2	469721	n/a
229.3642578125	0.3	0.0	1	469738	n/a
229.37255859375	0.3	1.0	2	469755	n/a
229.380859375	0.3	0.0	1	469772	n/a
229.38916015625	0.3	1.0	2	469789	n/a
229.3974609375	0.3	0.0	1	469806	n/a
229.40576171875	0.3	0.0	1	469823	n/a
229.41455078125	0.3	1.0	2	469841	n/a
229.4228515625	0.3	1.0	2	469858	n/a
229.43115234375	0.3	0.0	1	469875	n/a
229.439453125	0.3	0.0	1	469892	n/a
229.44775390625	0.3	1.0	2	469909	n/a
229.4560546875	0.3	1.0	2	469926	n/a
229.46435546875	0.3	0.0	1	469943	n/a
229.47265625	0.3	0.0	1	469960	n/a
229.48095703125	0.3	1.0	2	469977	n/a
229.4892578125	0.3	1.0	2	469994	n/a
229.49755859375	0.3	0.0	1	470011	n/a
229.505859375	0.3	1.0	2	470028	n/a
229.51416015625	0.3	0.0	1	470045	n/a
229.5224609375	0.3	0.0	1	470062	n/a
229.53076171875	0.3	1.0	2	470079	n/a
229.53955078125	0.3	0.0	1	470097	n/a
229.5478515625	0.3	1.0	2	470114	n/a
229.55615234375	0.3	0.0	1	470131	n/a
229.564453125	0.3	1.0	2	470148	n/a
229.57275390625	0.3	0.0	1	470165	n/a
229.5810546875	0.3	1.0	2	470182	n/a
229.58935546875	0.3	1.0	2	470199	n/a
229.59765625	0.3	0.0	1	470216	n/a
229.60595703125	0.3	1.0	2	470233	n/a
229.6142578125	0.3	0.0	1	470250	n/a
229.62255859375	0.3	1.0	2	470267	n/a
229.630859375	0.3	0.0	1	470284	n/a
229.63916015625	0.3	0.0	1	470301	n/a
229.6474609375	0.3	1.0	2	470318	n/a
229.65576171875	0.3	0.0	1	470335	n/a
229.66455078125	0.3	1.0	2	470353	n/a
229.6728515625	0.3	1.0	2	470370	n/a
229.68115234375	0.3	0.0	1	470387	n/a
229.689453125	0.3	0.0	1	470404	n/a
229.69775390625	0.3	1.0	2	470421	n/a
229.7060546875	0.3	0.0	1	470438	n/a
229.71435546875	0.3	1.0	2	470455	n/a
229.72265625	0.3	1.0	2	470472	n/a
229.73095703125	0.3	0.0	1	470489	n/a
229.7392578125	0.3	1.0	2	470506	n/a
229.74755859375	0.3	0.0	1	470523	n/a
229.755859375	0.3	0.0	1	470540	n/a
229.76416015625	0.3	1.0	2	470557	n/a
229.7724609375	0.3	1.0	2	470574	n/a
229.78076171875	0.3	0.0	1	470591	n/a
229.78955078125	0.3	1.0	2	470609	n/a
229.7978515625	0.3	0.0	1	470626	n/a
229.80615234375	0.3	1.0	2	470643	n/a
229.814453125	0.3	0.0	1	470660	n/a
229.82275390625	0.3	1.0	2	470677	n/a
229.8310546875	0.3	0.0	1	470694	n/a
229.83935546875	0.3	1.0	2	470711	n/a
229.84765625	0.3	0.0	1	470728	n/a
229.85595703125	0.3	0.0	1	470745	n/a
229.8642578125	0.3	1.0	2	470762	n/a
229.87255859375	0.3	1.0	2	470779	n/a
229.880859375	0.3	0.0	1	470796	n/a
229.88916015625	0.3	1.0	2	470813	n/a
229.8974609375	0.3	0.0	1	470830	n/a
229.90576171875	0.3	0.0	1	470847	n/a
229.91455078125	0.3	1.0	2	470865	n/a
229.9228515625	0.3	0.0	1	470882	n/a
229.93115234375	0.3	1.0	2	470899	n/a
229.939453125	0.3	0.0	1	470916	n/a
229.94775390625	0.3	1.0	2	470933	n/a
229.9560546875	0.3	0.0	1	470950	n/a
229.96435546875	0.3	1.0	2	470967	n/a
229.97265625	0.3	0.0	1	470984	n/a
229.98095703125	0.3	1.0	2	471001	n/a
229.9892578125	0.3	1.0	2	471018	n/a
229.99755859375	0.3	0.0	1	471035	n/a
230.005859375	0.3	0.0	1	471052	n/a
230.01416015625	0.3	1.0	2	471069	n/a
230.0224609375	0.3	0.0	1	471086	n/a
230.03076171875	0.3	1.0	2	471103	n/a
230.03955078125	0.3	1.0	2	471121	n/a
230.0478515625	0.3	0.0	1	471138	n/a
230.05615234375	0.3	0.0	1	471155	n/a
230.064453125	0.3	1.0	2	471172	n/a
230.07275390625	0.3	1.0	2	471189	n/a
230.0810546875	0.3	0.0	1	471206	n/a
230.08935546875	0.3	1.0	2	471223	n/a
230.09765625	0.3	0.0	1	471240	n/a
230.10595703125	0.3	1.0	2	471257	n/a
230.1142578125	0.3	0.0	1	471274	n/a
230.12255859375	0.3	1.0	2	471291	n/a
230.130859375	0.3	0.0	1	471308	n/a
230.13916015625	0.3	0.0	1	471325	n/a
230.1474609375	0.3	1.0	2	471342	n/a
230.15576171875	0.3	1.0	2	471359	n/a
230.16455078125	0.3	0.0	1	471377	n/a
230.1728515625	0.3	0.0	1	471394	n/a
230.18115234375	0.3	1.0	2	471411	n/a
230.189453125	0.3	1.0	2	471428	n/a
230.19775390625	0.3	0.0	1	471445	n/a
230.2060546875	0.3	0.0	1	471462	n/a
230.21435546875	0.3	1.0	2	471479	n/a
230.22265625	0.3	0.0	1	471496	n/a
230.23095703125	0.3	1.0	2	471513	n/a
230.2392578125	0.3	0.0	1	471530	n/a
230.24755859375	0.3	1.0	2	471547	n/a
230.255859375	0.3	1.0	2	471564	n/a
230.26416015625	0.3	0.0	1	471581	n/a
230.2724609375	0.3	1.0	2	471598	n/a
230.28076171875	0.3	0.0	1	471615	n/a
230.28955078125	0.3	0.0	1	471633	n/a
230.2978515625	0.3	1.0	2	471650	n/a
230.30615234375	0.3	0.0	1	471667	n/a
230.314453125	0.3	1.0	2	471684	n/a
230.32275390625	0.3	0.0	1	471701	n/a
230.3310546875	0.3	1.0	2	471718	n/a
230.33935546875	0.3	0.0	1	471735	n/a
230.34765625	0.3	1.0	2	471752	n/a
230.35595703125	0.3	1.0	2	471769	n/a
230.3642578125	0.3	0.0	1	471786	n/a
230.37255859375	0.3	0.0	1	471803	n/a
230.380859375	0.3	1.0	2	471820	n/a
230.38916015625	0.3	0.0	1	471837	n/a
230.3974609375	0.3	1.0	2	471854	n/a
230.40576171875	0.3	1.0	2	471871	n/a
230.41455078125	0.3	0.0	1	471889	n/a
230.4228515625	0.3	1.0	2	471906	n/a
230.43115234375	0.3	0.0	1	471923	n/a
230.439453125	0.3	1.0	2	471940	n/a
230.44775390625	0.3	0.0	1	471957	n/a
230.4560546875	0.3	0.0	1	471974	n/a
230.46435546875	0.3	1.0	2	471991	n/a
230.47265625	0.3	1.0	2	472008	n/a
230.48095703125	0.3	0.0	1	472025	n/a
230.4892578125	0.3	0.0	1	472042	n/a
230.49755859375	0.3	1.0	2	472059	n/a
230.505859375	0.3	1.0	2	472076	n/a
230.51416015625	0.3	0.0	1	472093	n/a
230.5224609375	0.3	0.0	1	472110	n/a
230.53076171875	0.3	1.0	2	472127	n/a
230.53955078125	0.3	1.0	2	472145	n/a
230.5478515625	0.3	0.0	1	472162	n/a
230.55615234375	0.3	1.0	2	472179	n/a
230.564453125	0.3	0.0	1	472196	n/a
230.57275390625	0.3	0.0	1	472213	n/a
230.5810546875	0.3	1.0	2	472230	n/a
230.58935546875	0.3	0.0	1	472247	n/a
230.59765625	0.3	1.0	2	472264	n/a
230.60595703125	0.3	0.0	1	472281	n/a
230.6142578125	0.3	1.0	2	472298	n/a
230.62255859375	0.3	0.0	1	472315	n/a
230.630859375	0.3	1.0	2	472332	n/a
230.63916015625	0.3	1.0	2	472349	n/a
230.6474609375	0.3	0.0	1	472366	n/a
230.65576171875	0.3	1.0	2	472383	n/a
230.66455078125	0.3	0.0	1	472401	n/a
230.6728515625	0.3	1.0	2	472418	n/a
230.68115234375	0.3	0.0	1	472435	n/a
230.689453125	0.3	0.0	1	472452	n/a
230.69775390625	0.3	1.0	2	472469	n/a
230.7060546875	0.3	0.0	1	472486	n/a
230.71435546875	0.3	1.0	2	472503	n/a
230.72265625	0.3	1.0	2	472520	n/a
230.73095703125	0.3	0.0	1	472537	n/a
230.7392578125	0.3	0.0	1	472554	n/a
230.74755859375	0.3	1.0	2	472571	n/a
230.755859375	0.3	0.0	1	472588	n/a
230.76416015625	0.3	1.0	2	472605	n/a
230.7724609375	0.3	1.0	2	472622	n/a
230.78076171875	0.3	0.0	1	472639	n/a
230.78955078125	0.3	1.0	2	472657	n/a
230.7978515625	0.3	0.0	1	472674	n/a
230.80615234375	0.3	0.0	1	472691	n/a
230.814453125	0.3	1.0	2	472708	n/a
230.82275390625	0.3	1.0	2	472725	n/a
230.8310546875	0.3	0.0	1	472742	n/a
230.83935546875	0.3	1.0	2	472759	n/a
230.84765625	0.3	0.0	1	472776	n/a
230.85595703125	0.3	1.0	2	472793	n/a
230.8642578125	0.3	0.0	1	472810	n/a
230.87255859375	0.3	1.0	2	472827	n/a
230.880859375	0.3	0.0	1	472844	n/a
230.88916015625	0.3	1.0	2	472861	n/a
230.8974609375	0.3	0.0	1	472878	n/a
230.90576171875	0.3	0.0	1	472895	n/a
230.91455078125	0.3	1.0	2	472913	n/a
230.9228515625	0.3	1.0	2	472930	n/a
230.93115234375	0.3	0.0	1	472947	n/a
230.939453125	0.3	1.0	2	472964	n/a
230.94775390625	0.3	0.0	1	472981	n/a
230.9560546875	0.3	0.0	1	472998	n/a
230.96435546875	0.3	1.0	2	473015	n/a
230.97265625	0.3	0.0	1	473032	n/a
230.98095703125	0.3	1.0	2	473049	n/a
230.9892578125	0.3	0.0	1	473066	n/a
230.99755859375	0.3	1.0	2	473083	n/a
231.005859375	0.3	0.0	1	473100	n/a
231.01416015625	0.3	1.0	2	473117	n/a
231.0224609375	0.3	0.0	1	473134	n/a
231.03076171875	0.3	1.0	2	473151	n/a
231.03955078125	0.3	1.0	2	473169	n/a
231.0478515625	0.3	0.0	1	473186	n/a
231.05615234375	0.3	0.0	1	473203	n/a
231.064453125	0.3	1.0	2	473220	n/a
231.07275390625	0.3	0.0	1	473237	n/a
231.0810546875	0.3	1.0	2	473254	n/a
231.08935546875	0.3	1.0	2	473271	n/a
231.09765625	0.3	0.0	1	473288	n/a
231.10595703125	0.3	0.0	1	473305	n/a
231.1142578125	0.3	1.0	2	473322	n/a
231.12255859375	0.3	1.0	2	473339	n/a
231.130859375	0.3	0.0	1	473356	n/a
231.13916015625	0.3	1.0	2	473373	n/a
231.1474609375	0.3	0.0	1	473390	n/a
231.15576171875	0.3	1.0	2	473407	n/a
231.16455078125	0.3	0.0	1	473425	n/a
231.1728515625	0.3	1.0	2	473442	n/a
231.18115234375	0.3	0.0	1	473459	n/a
231.189453125	0.3	0.0	1	473476	n/a
231.19775390625	0.3	1.0	2	473493	n/a
231.2060546875	0.3	1.0	2	473510	n/a
231.21435546875	0.3	0.0	1	473527	n/a
231.22265625	0.3	0.0	1	473544	n/a
231.23095703125	0.3	1.0	2	473561	n/a
231.2392578125	0.3	1.0	2	473578	n/a
231.24755859375	0.3	0.0	1	473595	n/a
231.255859375	0.3	0.0	1	473612	n/a
231.26416015625	0.3	1.0	2	473629	n/a
231.2724609375	0.3	0.0	1	473646	n/a
231.28076171875	0.3	1.0	2	473663	n/a
231.28955078125	0.3	0.0	1	473681	n/a
231.2978515625	0.3	1.0	2	473698	n/a
231.30615234375	0.3	1.0	2	473715	n/a
231.314453125	0.3	0.0	1	473732	n/a
231.32275390625	0.3	1.0	2	473749	n/a
231.3310546875	0.3	0.0	1	473766	n/a
231.33935546875	0.3	0.0	1	473783	n/a
231.34765625	0.3	1.0	2	473800	n/a
231.35595703125	0.3	0.0	1	473817	n/a
231.3642578125	0.3	1.0	2	473834	n/a
231.37255859375	0.3	0.0	1	473851	n/a
231.380859375	0.3	1.0	2	473868	n/a
231.38916015625	0.3	0.0	1	473885	n/a
231.3974609375	0.3	1.0	2	473902	n/a
231.40576171875	0.3	1.0	2	473919	n/a
231.41455078125	0.3	0.0	1	473937	n/a
233.78125	0.3	1.0	2	478784	27.0
233.78955078125	0.3	0.0	1	478801	n/a
233.7978515625	0.3	0.0	1	478818	n/a
233.80615234375	0.3	1.0	2	478835	n/a
233.814453125	0.3	1.0	2	478852	n/a
233.82275390625	0.3	0.0	1	478869	n/a
233.8310546875	0.3	1.0	2	478886	n/a
233.83935546875	0.3	0.0	1	478903	n/a
233.84814453125	0.3	0.0	1	478921	n/a
233.8564453125	0.3	1.0	2	478938	n/a
233.86474609375	0.3	1.0	2	478955	n/a
233.873046875	0.3	0.0	1	478972	n/a
233.88134765625	0.3	1.0	2	478989	n/a
233.8896484375	0.3	0.0	1	479006	n/a
233.89794921875	0.3	0.0	1	479023	n/a
233.90625	0.3	1.0	2	479040	n/a
233.91455078125	0.3	0.0	1	479057	n/a
233.9228515625	0.3	1.0	2	479074	n/a
233.93115234375	0.3	1.0	2	479091	n/a
233.939453125	0.3	0.0	1	479108	n/a
233.94775390625	0.3	0.0	1	479125	n/a
233.9560546875	0.3	1.0	2	479142	n/a
233.96435546875	0.3	0.0	1	479159	n/a
233.97314453125	0.3	1.0	2	479177	n/a
233.9814453125	0.3	0.0	1	479194	n/a
233.98974609375	0.3	1.0	2	479211	n/a
233.998046875	0.3	1.0	2	479228	n/a
234.00634765625	0.3	0.0	1	479245	n/a
234.0146484375	0.3	1.0	2	479262	n/a
234.02294921875	0.3	0.0	1	479279	n/a
234.03125	0.3	1.0	2	479296	n/a
234.03955078125	0.3	0.0	1	479313	n/a
234.0478515625	0.3	1.0	2	479330	n/a
234.05615234375	0.3	0.0	1	479347	n/a
234.064453125	0.3	0.0	1	479364	n/a
234.07275390625	0.3	1.0	2	479381	n/a
234.0810546875	0.3	1.0	2	479398	n/a
234.08935546875	0.3	0.0	1	479415	n/a
234.09814453125	0.3	1.0	2	479433	n/a
234.1064453125	0.3	0.0	1	479450	n/a
234.11474609375	0.3	1.0	2	479467	n/a
234.123046875	0.3	0.0	1	479484	n/a
234.13134765625	0.3	1.0	2	479501	n/a
234.1396484375	0.3	0.0	1	479518	n/a
234.14794921875	0.3	1.0	2	479535	n/a
234.15625	0.3	0.0	1	479552	n/a
234.16455078125	0.3	0.0	1	479569	n/a
234.1728515625	0.3	1.0	2	479586	n/a
234.18115234375	0.3	1.0	2	479603	n/a
234.189453125	0.3	0.0	1	479620	n/a
234.19775390625	0.3	0.0	1	479637	n/a
234.2060546875	0.3	1.0	2	479654	n/a
234.21435546875	0.3	1.0	2	479671	n/a
234.22314453125	0.3	0.0	1	479689	n/a
234.2314453125	0.3	1.0	2	479706	n/a
234.23974609375	0.3	0.0	1	479723	n/a
234.248046875	0.3	0.0	1	479740	n/a
234.25634765625	0.3	1.0	2	479757	n/a
234.2646484375	0.3	0.0	1	479774	n/a
234.27294921875	0.3	1.0	2	479791	n/a
234.28125	0.3	1.0	2	479808	n/a
234.28955078125	0.3	0.0	1	479825	n/a
234.2978515625	0.3	1.0	2	479842	n/a
234.30615234375	0.3	0.0	1	479859	n/a
234.314453125	0.3	0.0	1	479876	n/a
234.32275390625	0.3	1.0	2	479893	n/a
234.3310546875	0.3	0.0	1	479910	n/a
234.33935546875	0.3	1.0	2	479927	n/a
234.34814453125	0.3	1.0	2	479945	n/a
234.3564453125	0.3	0.0	1	479962	n/a
234.36474609375	0.3	0.0	1	479979	n/a
234.373046875	0.3	1.0	2	479996	n/a
234.38134765625	0.3	1.0	2	480013	n/a
234.3896484375	0.3	0.0	1	480030	n/a
234.39794921875	0.3	0.0	1	480047	n/a
234.40625	0.3	1.0	2	480064	n/a
234.41455078125	0.3	0.0	1	480081	n/a
234.4228515625	0.3	1.0	2	480098	n/a
234.43115234375	0.3	0.0	1	480115	n/a
234.439453125	0.3	1.0	2	480132	n/a
234.44775390625	0.3	1.0	2	480149	n/a
234.4560546875	0.3	0.0	1	480166	n/a
234.46435546875	0.3	1.0	2	480183	n/a
234.47314453125	0.3	0.0	1	480201	n/a
234.4814453125	0.3	1.0	2	480218	n/a
234.48974609375	0.3	0.0	1	480235	n/a
234.498046875	0.3	0.0	1	480252	n/a
234.50634765625	0.3	1.0	2	480269	n/a
234.5146484375	0.3	0.0	1	480286	n/a
234.52294921875	0.3	1.0	2	480303	n/a
234.53125	0.3	1.0	2	480320	n/a
234.53955078125	0.3	0.0	1	480337	n/a
234.5478515625	0.3	1.0	2	480354	n/a
234.55615234375	0.3	0.0	1	480371	n/a
234.564453125	0.3	1.0	2	480388	n/a
234.57275390625	0.3	0.0	1	480405	n/a
234.5810546875	0.3	1.0	2	480422	n/a
234.58935546875	0.3	0.0	1	480439	n/a
234.59814453125	0.3	1.0	2	480457	n/a
234.6064453125	0.3	0.0	1	480474	n/a
234.61474609375	0.3	1.0	2	480491	n/a
234.623046875	0.3	0.0	1	480508	n/a
234.63134765625	0.3	1.0	2	480525	n/a
234.6396484375	0.3	0.0	1	480542	n/a
234.64794921875	0.3	0.0	1	480559	n/a
234.65625	0.3	1.0	2	480576	n/a
234.66455078125	0.3	1.0	2	480593	n/a
234.6728515625	0.3	0.0	1	480610	n/a
234.68115234375	0.3	1.0	2	480627	n/a
234.689453125	0.3	0.0	1	480644	n/a
234.69775390625	0.3	1.0	2	480661	n/a
234.7060546875	0.3	0.0	1	480678	n/a
234.71435546875	0.3	0.0	1	480695	n/a
234.72314453125	0.3	1.0	2	480713	n/a
234.7314453125	0.3	1.0	2	480730	n/a
234.73974609375	0.3	0.0	1	480747	n/a
234.748046875	0.3	0.0	1	480764	n/a
234.75634765625	0.3	1.0	2	480781	n/a
234.7646484375	0.3	1.0	2	480798	n/a
234.77294921875	0.3	0.0	1	480815	n/a
234.78125	0.3	0.0	1	480832	n/a
234.78955078125	0.3	1.0	2	480849	n/a
234.7978515625	0.3	1.0	2	480866	n/a
234.80615234375	0.3	0.0	1	480883	n/a
234.814453125	0.3	1.0	2	480900	n/a
234.82275390625	0.3	0.0	1	480917	n/a
234.8310546875	0.3	1.0	2	480934	n/a
234.83935546875	0.3	0.0	1	480951	n/a
234.84814453125	0.3	0.0	1	480969	n/a
234.8564453125	0.3	1.0	2	480986	n/a
234.86474609375	0.3	1.0	2	481003	n/a
234.873046875	0.3	0.0	1	481020	n/a
234.88134765625	0.3	1.0	2	481037	n/a
234.8896484375	0.3	0.0	1	481054	n/a
234.89794921875	0.3	0.0	1	481071	n/a
234.90625	0.3	1.0	2	481088	n/a
234.91455078125	0.3	1.0	2	481105	n/a
234.9228515625	0.3	0.0	1	481122	n/a
234.93115234375	0.3	1.0	2	481139	n/a
234.939453125	0.3	0.0	1	481156	n/a
234.94775390625	0.3	0.0	1	481173	n/a
234.9560546875	0.3	1.0	2	481190	n/a
234.96435546875	0.3	0.0	1	481207	n/a
234.97314453125	0.3	1.0	2	481225	n/a
234.9814453125	0.3	1.0	2	481242	n/a
234.98974609375	0.3	0.0	1	481259	n/a
234.998046875	0.3	0.0	1	481276	n/a
235.00634765625	0.3	1.0	2	481293	n/a
235.0146484375	0.3	0.0	1	481310	n/a
235.02294921875	0.3	1.0	2	481327	n/a
235.03125	0.3	0.0	1	481344	n/a
235.03955078125	0.3	1.0	2	481361	n/a
235.0478515625	0.3	1.0	2	481378	n/a
235.05615234375	0.3	0.0	1	481395	n/a
235.064453125	0.3	1.0	2	481412	n/a
235.07275390625	0.3	0.0	1	481429	n/a
235.0810546875	0.3	1.0	2	481446	n/a
235.08935546875	0.3	0.0	1	481463	n/a
235.09814453125	0.3	1.0	2	481481	n/a
235.1064453125	0.3	0.0	1	481498	n/a
235.11474609375	0.3	0.0	1	481515	n/a
235.123046875	0.3	1.0	2	481532	n/a
235.13134765625	0.3	1.0	2	481549	n/a
235.1396484375	0.3	0.0	1	481566	n/a
235.14794921875	0.3	1.0	2	481583	n/a
235.15625	0.3	0.0	1	481600	n/a
235.16455078125	0.3	1.0	2	481617	n/a
235.1728515625	0.3	0.0	1	481634	n/a
235.18115234375	0.3	1.0	2	481651	n/a
235.189453125	0.3	0.0	1	481668	n/a
235.19775390625	0.3	1.0	2	481685	n/a
235.2060546875	0.3	0.0	1	481702	n/a
235.21435546875	0.3	0.0	1	481719	n/a
235.22314453125	0.3	1.0	2	481737	n/a
235.2314453125	0.3	1.0	2	481754	n/a
235.23974609375	0.3	0.0	1	481771	n/a
235.248046875	0.3	0.0	1	481788	n/a
235.25634765625	0.3	1.0	2	481805	n/a
235.2646484375	0.3	1.0	2	481822	n/a
235.27294921875	0.3	0.0	1	481839	n/a
235.28125	0.3	1.0	2	481856	n/a
235.28955078125	0.3	0.0	1	481873	n/a
235.2978515625	0.3	0.0	1	481890	n/a
235.30615234375	0.3	1.0	2	481907	n/a
235.314453125	0.3	0.0	1	481924	n/a
235.32275390625	0.3	1.0	2	481941	n/a
235.3310546875	0.3	1.0	2	481958	n/a
235.33935546875	0.3	0.0	1	481975	n/a
235.34814453125	0.3	1.0	2	481993	n/a
235.3564453125	0.3	0.0	1	482010	n/a
235.36474609375	0.3	0.0	1	482027	n/a
235.373046875	0.3	1.0	2	482044	n/a
235.38134765625	0.3	0.0	1	482061	n/a
235.3896484375	0.3	1.0	2	482078	n/a
235.39794921875	0.3	1.0	2	482095	n/a
235.40625	0.3	0.0	1	482112	n/a
235.41455078125	0.3	0.0	1	482129	n/a
235.4228515625	0.3	1.0	2	482146	n/a
235.43115234375	0.3	1.0	2	482163	n/a
235.439453125	0.3	0.0	1	482180	n/a
235.44775390625	0.3	0.0	1	482197	n/a
235.4560546875	0.3	1.0	2	482214	n/a
235.46435546875	0.3	0.0	1	482231	n/a
235.47314453125	0.3	1.0	2	482249	n/a
235.4814453125	0.3	0.0	1	482266	n/a
235.48974609375	0.3	1.0	2	482283	n/a
235.498046875	0.3	1.0	2	482300	n/a
235.50634765625	0.3	0.0	1	482317	n/a
235.5146484375	0.3	1.0	2	482334	n/a
235.52294921875	0.3	0.0	1	482351	n/a
235.53125	0.3	1.0	2	482368	n/a
235.53955078125	0.3	0.0	1	482385	n/a
235.5478515625	0.3	0.0	1	482402	n/a
235.55615234375	0.3	1.0	2	482419	n/a
235.564453125	0.3	0.0	1	482436	n/a
235.57275390625	0.3	1.0	2	482453	n/a
235.5810546875	0.3	1.0	2	482470	n/a
235.58935546875	0.3	0.0	1	482487	n/a
235.59814453125	0.3	1.0	2	482505	n/a
235.6064453125	0.3	0.0	1	482522	n/a
235.61474609375	0.3	1.0	2	482539	n/a
235.623046875	0.3	0.0	1	482556	n/a
235.63134765625	0.3	1.0	2	482573	n/a
235.6396484375	0.3	0.0	1	482590	n/a
235.64794921875	0.3	1.0	2	482607	n/a
235.65625	0.3	0.0	1	482624	n/a
235.66455078125	0.3	1.0	2	482641	n/a
235.6728515625	0.3	0.0	1	482658	n/a
235.68115234375	0.3	1.0	2	482675	n/a
235.689453125	0.3	0.0	1	482692	n/a
235.69775390625	0.3	0.0	1	482709	n/a
235.7060546875	0.3	1.0	2	482726	n/a
235.71435546875	0.3	1.0	2	482743	n/a
235.72314453125	0.3	0.0	1	482761	n/a
235.7314453125	0.3	1.0	2	482778	n/a
235.73974609375	0.3	0.0	1	482795	n/a
235.748046875	0.3	1.0	2	482812	n/a
235.75634765625	0.3	0.0	1	482829	n/a
235.7646484375	0.3	0.0	1	482846	n/a
235.77294921875	0.3	1.0	2	482863	n/a
235.78125	0.3	1.0	2	482880	n/a
235.78955078125	0.3	0.0	1	482897	n/a
235.7978515625	0.3	0.0	1	482914	n/a
235.80615234375	0.3	1.0	2	482931	n/a
235.814453125	0.3	1.0	2	482948	n/a
235.82275390625	0.3	0.0	1	482965	n/a
235.8310546875	0.3	0.0	1	482982	n/a
235.83935546875	0.3	1.0	2	482999	n/a
235.84814453125	0.3	1.0	2	483017	n/a
235.8564453125	0.3	0.0	1	483034	n/a
235.86474609375	0.3	1.0	2	483051	n/a
235.873046875	0.3	0.0	1	483068	n/a
235.88134765625	0.3	1.0	2	483085	n/a
235.8896484375	0.3	0.0	1	483102	n/a
235.89794921875	0.3	0.0	1	483119	n/a
235.90625	0.3	1.0	2	483136	n/a
235.91455078125	0.3	1.0	2	483153	n/a
235.9228515625	0.3	0.0	1	483170	n/a
235.93115234375	0.3	1.0	2	483187	n/a
235.939453125	0.3	0.0	1	483204	n/a
235.94775390625	0.3	0.0	1	483221	n/a
235.9560546875	0.3	1.0	2	483238	n/a
235.96435546875	0.3	1.0	2	483255	n/a
235.97314453125	0.3	0.0	1	483273	n/a
235.9814453125	0.3	1.0	2	483290	n/a
235.98974609375	0.3	0.0	1	483307	n/a
235.998046875	0.3	0.0	1	483324	n/a
236.00634765625	0.3	1.0	2	483341	n/a
236.0146484375	0.3	0.0	1	483358	n/a
236.02294921875	0.3	1.0	2	483375	n/a
236.03125	0.3	1.0	2	483392	n/a
236.03955078125	0.3	0.0	1	483409	n/a
236.0478515625	0.3	0.0	1	483426	n/a
236.05615234375	0.3	1.0	2	483443	n/a
236.064453125	0.3	0.0	1	483460	n/a
236.07275390625	0.3	1.0	2	483477	n/a
236.0810546875	0.3	0.0	1	483494	n/a
236.08935546875	0.3	1.0	2	483511	n/a
236.09814453125	0.3	1.0	2	483529	n/a
236.1064453125	0.3	0.0	1	483546	n/a
236.11474609375	0.3	1.0	2	483563	n/a
236.123046875	0.3	0.0	1	483580	n/a
236.13134765625	0.3	1.0	2	483597	n/a
236.1396484375	0.3	0.0	1	483614	n/a
236.14794921875	0.3	1.0	2	483631	n/a
236.15625	0.3	0.0	1	483648	n/a
236.16455078125	0.3	0.0	1	483665	n/a
236.1728515625	0.3	1.0	2	483682	n/a
236.18115234375	0.3	1.0	2	483699	n/a
236.189453125	0.3	0.0	1	483716	n/a
236.19775390625	0.3	1.0	2	483733	n/a
236.2060546875	0.3	0.0	1	483750	n/a
236.21435546875	0.3	1.0	2	483767	n/a
236.22314453125	0.3	0.0	1	483785	n/a
236.2314453125	0.3	1.0	2	483802	n/a
236.23974609375	0.3	0.0	1	483819	n/a
236.248046875	0.3	1.0	2	483836	n/a
236.25634765625	0.3	0.0	1	483853	n/a
236.2646484375	0.3	0.0	1	483870	n/a
236.27294921875	0.3	1.0	2	483887	n/a
236.28125	0.3	1.0	2	483904	n/a
236.28955078125	0.3	0.0	1	483921	n/a
236.2978515625	0.3	0.0	1	483938	n/a
236.30615234375	0.3	1.0	2	483955	n/a
236.314453125	0.3	1.0	2	483972	n/a
236.32275390625	0.3	0.0	1	483989	n/a
236.3310546875	0.3	1.0	2	484006	n/a
236.33935546875	0.3	0.0	1	484023	n/a
236.34814453125	0.3	0.0	1	484041	n/a
236.3564453125	0.3	1.0	2	484058	n/a
236.36474609375	0.3	0.0	1	484075	n/a
236.373046875	0.3	1.0	2	484092	n/a
236.38134765625	0.3	1.0	2	484109	n/a
236.3896484375	0.3	0.0	1	484126	n/a
236.39794921875	0.3	1.0	2	484143	n/a
236.40625	0.3	0.0	1	484160	n/a
236.41455078125	0.3	0.0	1	484177	n/a
236.4228515625	0.3	1.0	2	484194	n/a
236.43115234375	0.3	0.0	1	484211	n/a
236.439453125	0.3	1.0	2	484228	n/a
236.44775390625	0.3	1.0	2	484245	n/a
236.4560546875	0.3	0.0	1	484262	n/a
236.46435546875	0.3	0.0	1	484279	n/a
236.47314453125	0.3	1.0	2	484297	n/a
236.4814453125	0.3	1.0	2	484314	n/a
236.48974609375	0.3	0.0	1	484331	n/a
236.498046875	0.3	0.0	1	484348	n/a
236.50634765625	0.3	1.0	2	484365	n/a
236.5146484375	0.3	0.0	1	484382	n/a
236.52294921875	0.3	1.0	2	484399	n/a
236.53125	0.3	0.0	1	484416	n/a
236.53955078125	0.3	1.0	2	484433	n/a
236.5478515625	0.3	1.0	2	484450	n/a
236.55615234375	0.3	0.0	1	484467	n/a
236.564453125	0.3	1.0	2	484484	n/a
236.57275390625	0.3	0.0	1	484501	n/a
236.5810546875	0.3	1.0	2	484518	n/a
236.58935546875	0.3	0.0	1	484535	n/a
236.59814453125	0.3	0.0	1	484553	n/a
236.6064453125	0.3	1.0	2	484570	n/a
236.61474609375	0.3	0.0	1	484587	n/a
236.623046875	0.3	1.0	2	484604	n/a
236.63134765625	0.3	1.0	2	484621	n/a
236.6396484375	0.3	0.0	1	484638	n/a
236.64794921875	0.3	1.0	2	484655	n/a
236.65625	0.3	0.0	1	484672	n/a
236.66455078125	0.3	1.0	2	484689	n/a
236.6728515625	0.3	0.0	1	484706	n/a
236.68115234375	0.3	1.0	2	484723	n/a
236.689453125	0.3	0.0	1	484740	n/a
236.69775390625	0.3	1.0	2	484757	n/a
236.7060546875	0.3	0.0	1	484774	n/a
236.71435546875	0.3	1.0	2	484791	n/a
236.72314453125	0.3	0.0	1	484809	n/a
236.7314453125	0.3	1.0	2	484826	n/a
236.73974609375	0.3	0.0	1	484843	n/a
236.748046875	0.3	0.0	1	484860	n/a
236.75634765625	0.3	1.0	2	484877	n/a
236.7646484375	0.3	1.0	2	484894	n/a
236.77294921875	0.3	0.0	1	484911	n/a
236.78125	0.3	1.0	2	484928	n/a
236.78955078125	0.3	0.0	1	484945	n/a
236.7978515625	0.3	1.0	2	484962	n/a
236.80615234375	0.3	0.0	1	484979	n/a
236.814453125	0.3	0.0	1	484996	n/a
236.82275390625	0.3	1.0	2	485013	n/a
236.8310546875	0.3	1.0	2	485030	n/a
236.83935546875	0.3	0.0	1	485047	n/a
236.84814453125	0.3	0.0	1	485065	n/a
236.8564453125	0.3	1.0	2	485082	n/a
236.86474609375	0.3	1.0	2	485099	n/a
236.873046875	0.3	0.0	1	485116	n/a
236.88134765625	0.3	0.0	1	485133	n/a
236.8896484375	0.3	1.0	2	485150	n/a
236.89794921875	0.3	1.0	2	485167	n/a
236.90625	0.3	0.0	1	485184	n/a
236.91455078125	0.3	1.0	2	485201	n/a
236.9228515625	0.3	0.0	1	485218	n/a
236.93115234375	0.3	1.0	2	485235	n/a
236.939453125	0.3	0.0	1	485252	n/a
236.94775390625	0.3	0.0	1	485269	n/a
236.9560546875	0.3	1.0	2	485286	n/a
236.96435546875	0.3	1.0	2	485303	n/a
236.97314453125	0.3	0.0	1	485321	n/a
236.9814453125	0.3	1.0	2	485338	n/a
236.98974609375	0.3	0.0	1	485355	n/a
236.998046875	0.3	0.0	1	485372	n/a
237.00634765625	0.3	1.0	2	485389	n/a
237.0146484375	0.3	1.0	2	485406	n/a
237.02294921875	0.3	0.0	1	485423	n/a
237.03125	0.3	1.0	2	485440	n/a
237.03955078125	0.3	0.0	1	485457	n/a
237.0478515625	0.3	0.0	1	485474	n/a
237.05615234375	0.3	1.0	2	485491	n/a
237.064453125	0.3	0.0	1	485508	n/a
237.07275390625	0.3	1.0	2	485525	n/a
237.0810546875	0.3	1.0	2	485542	n/a
237.08935546875	0.3	0.0	1	485559	n/a
237.09814453125	0.3	0.0	1	485577	n/a
237.1064453125	0.3	1.0	2	485594	n/a
237.11474609375	0.3	0.0	1	485611	n/a
237.123046875	0.3	1.0	2	485628	n/a
237.13134765625	0.3	0.0	1	485645	n/a
237.1396484375	0.3	1.0	2	485662	n/a
237.14794921875	0.3	1.0	2	485679	n/a
237.15625	0.3	0.0	1	485696	n/a
237.16455078125	0.3	1.0	2	485713	n/a
237.1728515625	0.3	0.0	1	485730	n/a
237.18115234375	0.3	1.0	2	485747	n/a
237.189453125	0.3	0.0	1	485764	n/a
237.19775390625	0.3	1.0	2	485781	n/a
237.2060546875	0.3	0.0	1	485798	n/a
237.21435546875	0.3	0.0	1	485815	n/a
237.22314453125	0.3	1.0	2	485833	n/a
237.2314453125	0.3	1.0	2	485850	n/a
237.23974609375	0.3	0.0	1	485867	n/a
237.248046875	0.3	1.0	2	485884	n/a
237.25634765625	0.3	0.0	1	485901	n/a
237.2646484375	0.3	1.0	2	485918	n/a
237.27294921875	0.3	0.0	1	485935	n/a
237.28125	0.3	1.0	2	485952	n/a
237.28955078125	0.3	0.0	1	485969	n/a
237.2978515625	0.3	1.0	2	485986	n/a
237.30615234375	0.3	0.0	1	486003	n/a
237.314453125	0.3	0.0	1	486020	n/a
237.32275390625	0.3	1.0	2	486037	n/a
237.3310546875	0.3	1.0	2	486054	n/a
237.33935546875	0.3	0.0	1	486071	n/a
237.34814453125	0.3	0.0	1	486089	n/a
237.3564453125	0.3	1.0	2	486106	n/a
237.36474609375	0.3	1.0	2	486123	n/a
237.373046875	0.3	0.0	1	486140	n/a
237.38134765625	0.3	1.0	2	486157	n/a
237.3896484375	0.3	0.0	1	486174	n/a
237.39794921875	0.3	0.0	1	486191	n/a
237.40625	0.3	1.0	2	486208	n/a
237.41455078125	0.3	0.0	1	486225	n/a
237.4228515625	0.3	1.0	2	486242	n/a
237.43115234375	0.3	1.0	2	486259	n/a
237.439453125	0.3	0.0	1	486276	n/a
237.44775390625	0.3	1.0	2	486293	n/a
237.4560546875	0.3	0.0	1	486310	n/a
237.46435546875	0.3	0.0	1	486327	n/a
237.47314453125	0.3	1.0	2	486345	n/a
237.4814453125	0.3	0.0	1	486362	n/a
237.48974609375	0.3	1.0	2	486379	n/a
237.498046875	0.3	1.0	2	486396	n/a
237.50634765625	0.3	0.0	1	486413	n/a
237.5146484375	0.3	0.0	1	486430	n/a
237.52294921875	0.3	1.0	2	486447	n/a
237.53125	0.3	1.0	2	486464	n/a
237.53955078125	0.3	0.0	1	486481	n/a
237.5478515625	0.3	0.0	1	486498	n/a
237.55615234375	0.3	1.0	2	486515	n/a
237.564453125	0.3	0.0	1	486532	n/a
237.57275390625	0.3	1.0	2	486549	n/a
237.5810546875	0.3	0.0	1	486566	n/a
237.58935546875	0.3	1.0	2	486583	n/a
237.59814453125	0.3	1.0	2	486601	n/a
237.6064453125	0.3	0.0	1	486618	n/a
237.61474609375	0.3	1.0	2	486635	n/a
237.623046875	0.3	0.0	1	486652	n/a
237.63134765625	0.3	1.0	2	486669	n/a
237.6396484375	0.3	0.0	1	486686	n/a
237.64794921875	0.3	0.0	1	486703	n/a
237.65625	0.3	1.0	2	486720	n/a
237.66455078125	0.3	0.0	1	486737	n/a
237.6728515625	0.3	1.0	2	486754	n/a
237.68115234375	0.3	1.0	2	486771	n/a
237.689453125	0.3	0.0	1	486788	n/a
237.69775390625	0.3	1.0	2	486805	n/a
237.7060546875	0.3	0.0	1	486822	n/a
237.71435546875	0.3	1.0	2	486839	n/a
237.72314453125	0.3	0.0	1	486857	n/a
237.7314453125	0.3	1.0	2	486874	n/a
237.73974609375	0.3	0.0	1	486891	n/a
237.748046875	0.3	1.0	2	486908	n/a
237.75634765625	0.3	0.0	1	486925	n/a
237.7646484375	0.3	1.0	2	486942	n/a
237.77294921875	0.3	0.0	1	486959	n/a
237.78125	0.3	1.0	2	486976	n/a
237.78955078125	0.3	0.0	1	486993	n/a
237.7978515625	0.3	0.0	1	487010	n/a
237.80615234375	0.3	1.0	2	487027	n/a
237.814453125	0.3	1.0	2	487044	n/a
237.82275390625	0.3	0.0	1	487061	n/a
237.8310546875	0.3	1.0	2	487078	n/a
237.83935546875	0.3	0.0	1	487095	n/a
237.84814453125	0.3	1.0	2	487113	n/a
237.8564453125	0.3	0.0	1	487130	n/a
237.86474609375	0.3	0.0	1	487147	n/a
237.873046875	0.3	1.0	2	487164	n/a
237.88134765625	0.3	1.0	2	487181	n/a
237.8896484375	0.3	0.0	1	487198	n/a
237.89794921875	0.3	0.0	1	487215	n/a
237.90625	0.3	1.0	2	487232	n/a
237.91455078125	0.3	1.0	2	487249	n/a
237.9228515625	0.3	0.0	1	487266	n/a
237.93115234375	0.3	0.0	1	487283	n/a
237.939453125	0.3	1.0	2	487300	n/a
237.94775390625	0.3	1.0	2	487317	n/a
237.9560546875	0.3	0.0	1	487334	n/a
237.96435546875	0.3	1.0	2	487351	n/a
237.97314453125	0.3	0.0	1	487369	n/a
240.357421875	0.3	0.0	1	492252	5.0
240.36572265625	0.3	1.0	2	492269	n/a
240.3740234375	0.3	1.0	2	492286	n/a
240.38232421875	0.3	0.0	1	492303	n/a
240.390625	0.3	0.0	1	492320	n/a
240.39892578125	0.3	1.0	2	492337	n/a
240.4072265625	0.3	1.0	2	492354	n/a
240.41552734375	0.3	0.0	1	492371	n/a
240.42431640625	0.3	0.0	1	492389	n/a
240.4326171875	0.3	1.0	2	492406	n/a
240.44091796875	0.3	0.0	1	492423	n/a
240.44921875	0.3	1.0	2	492440	n/a
240.45751953125	0.3	1.0	2	492457	n/a
240.4658203125	0.3	0.0	1	492474	n/a
240.47412109375	0.3	1.0	2	492491	n/a
240.482421875	0.3	0.0	1	492508	n/a
240.49072265625	0.3	0.0	1	492525	n/a
240.4990234375	0.3	1.0	2	492542	n/a
240.50732421875	0.3	0.0	1	492559	n/a
240.515625	0.3	1.0	2	492576	n/a
240.52392578125	0.3	0.0	1	492593	n/a
240.5322265625	0.3	1.0	2	492610	n/a
240.54052734375	0.3	0.0	1	492627	n/a
240.54931640625	0.3	1.0	2	492645	n/a
240.5576171875	0.3	0.0	1	492662	n/a
240.56591796875	0.3	1.0	2	492679	n/a
240.57421875	0.3	0.0	1	492696	n/a
240.58251953125	0.3	1.0	2	492713	n/a
240.5908203125	0.3	0.0	1	492730	n/a
240.59912109375	0.3	1.0	2	492747	n/a
240.607421875	0.3	1.0	2	492764	n/a
240.61572265625	0.3	0.0	1	492781	n/a
240.6240234375	0.3	1.0	2	492798	n/a
240.63232421875	0.3	0.0	1	492815	n/a
240.640625	0.3	1.0	2	492832	n/a
240.64892578125	0.3	0.0	1	492849	n/a
240.6572265625	0.3	0.0	1	492866	n/a
240.66552734375	0.3	1.0	2	492883	n/a
240.67431640625	0.3	0.0	1	492901	n/a
240.6826171875	0.3	1.0	2	492918	n/a
240.69091796875	0.3	0.0	1	492935	n/a
240.69921875	0.3	1.0	2	492952	n/a
240.70751953125	0.3	1.0	2	492969	n/a
240.7158203125	0.3	0.0	1	492986	n/a
240.72412109375	0.3	0.0	1	493003	n/a
240.732421875	0.3	1.0	2	493020	n/a
240.74072265625	0.3	1.0	2	493037	n/a
240.7490234375	0.3	0.0	1	493054	n/a
240.75732421875	0.3	0.0	1	493071	n/a
240.765625	0.3	1.0	2	493088	n/a
240.77392578125	0.3	0.0	1	493105	n/a
240.7822265625	0.3	1.0	2	493122	n/a
240.79052734375	0.3	0.0	1	493139	n/a
240.79931640625	0.3	1.0	2	493157	n/a
240.8076171875	0.3	1.0	2	493174	n/a
240.81591796875	0.3	0.0	1	493191	n/a
240.82421875	0.3	1.0	2	493208	n/a
240.83251953125	0.3	0.0	1	493225	n/a
240.8408203125	0.3	1.0	2	493242	n/a
240.84912109375	0.3	0.0	1	493259	n/a
240.857421875	0.3	1.0	2	493276	n/a
240.86572265625	0.3	0.0	1	493293	n/a
240.8740234375	0.3	0.0	1	493310	n/a
240.88232421875	0.3	1.0	2	493327	n/a
240.890625	0.3	0.0	1	493344	n/a
240.89892578125	0.3	1.0	2	493361	n/a
240.9072265625	0.3	0.0	1	493378	n/a
240.91552734375	0.3	1.0	2	493395	n/a
240.92431640625	0.3	0.0	1	493413	n/a
240.9326171875	0.3	1.0	2	493430	n/a
240.94091796875	0.3	1.0	2	493447	n/a
240.94921875	0.3	0.0	1	493464	n/a
240.95751953125	0.3	1.0	2	493481	n/a
240.9658203125	0.3	0.0	1	493498	n/a
240.97412109375	0.3	1.0	2	493515	n/a
240.982421875	0.3	0.0	1	493532	n/a
240.99072265625	0.3	1.0	2	493549	n/a
240.9990234375	0.3	0.0	1	493566	n/a
241.00732421875	0.3	0.0	1	493583	n/a
241.015625	0.3	1.0	2	493600	n/a
241.02392578125	0.3	1.0	2	493617	n/a
241.0322265625	0.3	0.0	1	493634	n/a
241.04052734375	0.3	1.0	2	493651	n/a
241.04931640625	0.3	0.0	1	493669	n/a
241.0576171875	0.3	0.0	1	493686	n/a
241.06591796875	0.3	1.0	2	493703	n/a
241.07421875	0.3	0.0	1	493720	n/a
241.08251953125	0.3	1.0	2	493737	n/a
241.0908203125	0.3	0.0	1	493754	n/a
241.09912109375	0.3	1.0	2	493771	n/a
241.107421875	0.3	0.0	1	493788	n/a
241.11572265625	0.3	1.0	2	493805	n/a
241.1240234375	0.3	1.0	2	493822	n/a
241.13232421875	0.3	0.0	1	493839	n/a
241.140625	0.3	1.0	2	493856	n/a
241.14892578125	0.3	0.0	1	493873	n/a
241.1572265625	0.3	1.0	2	493890	n/a
241.16552734375	0.3	0.0	1	493907	n/a
241.17431640625	0.3	1.0	2	493925	n/a
241.1826171875	0.3	0.0	1	493942	n/a
241.19091796875	0.3	0.0	1	493959	n/a
241.19921875	0.3	1.0	2	493976	n/a
241.20751953125	0.3	0.0	1	493993	n/a
241.2158203125	0.3	1.0	2	494010	n/a
241.22412109375	0.3	1.0	2	494027	n/a
241.232421875	0.3	0.0	1	494044	n/a
241.24072265625	0.3	1.0	2	494061	n/a
241.2490234375	0.3	0.0	1	494078	n/a
241.25732421875	0.3	1.0	2	494095	n/a
241.265625	0.3	0.0	1	494112	n/a
241.27392578125	0.3	1.0	2	494129	n/a
241.2822265625	0.3	0.0	1	494146	n/a
241.29052734375	0.3	0.0	1	494163	n/a
241.29931640625	0.3	1.0	2	494181	n/a
241.3076171875	0.3	1.0	2	494198	n/a
241.31591796875	0.3	0.0	1	494215	n/a
241.32421875	0.3	1.0	2	494232	n/a
241.33251953125	0.3	0.0	1	494249	n/a
241.3408203125	0.3	1.0	2	494266	n/a
241.34912109375	0.3	0.0	1	494283	n/a
241.357421875	0.3	1.0	2	494300	n/a
241.36572265625	0.3	0.0	1	494317	n/a
241.3740234375	0.3	0.0	1	494334	n/a
241.38232421875	0.3	1.0	2	494351	n/a
241.390625	0.3	0.0	1	494368	n/a
241.39892578125	0.3	1.0	2	494385	n/a
241.4072265625	0.3	0.0	1	494402	n/a
241.41552734375	0.3	1.0	2	494419	n/a
241.42431640625	0.3	1.0	2	494437	n/a
241.4326171875	0.3	0.0	1	494454	n/a
241.44091796875	0.3	0.0	1	494471	n/a
241.44921875	0.3	1.0	2	494488	n/a
241.45751953125	0.3	1.0	2	494505	n/a
241.4658203125	0.3	0.0	1	494522	n/a
241.47412109375	0.3	0.0	1	494539	n/a
241.482421875	0.3	1.0	2	494556	n/a
241.49072265625	0.3	0.0	1	494573	n/a
241.4990234375	0.3	1.0	2	494590	n/a
241.50732421875	0.3	1.0	2	494607	n/a
241.515625	0.3	0.0	1	494624	n/a
241.52392578125	0.3	1.0	2	494641	n/a
241.5322265625	0.3	0.0	1	494658	n/a
241.54052734375	0.3	0.0	1	494675	n/a
241.54931640625	0.3	1.0	2	494693	n/a
241.5576171875	0.3	0.0	1	494710	n/a
241.56591796875	0.3	1.0	2	494727	n/a
241.57421875	0.3	0.0	1	494744	n/a
241.58251953125	0.3	1.0	2	494761	n/a
241.5908203125	0.3	0.0	1	494778	n/a
241.59912109375	0.3	1.0	2	494795	n/a
241.607421875	0.3	0.0	1	494812	n/a
241.61572265625	0.3	1.0	2	494829	n/a
241.6240234375	0.3	0.0	1	494846	n/a
241.63232421875	0.3	1.0	2	494863	n/a
241.640625	0.3	0.0	1	494880	n/a
241.64892578125	0.3	1.0	2	494897	n/a
241.6572265625	0.3	1.0	2	494914	n/a
241.66552734375	0.3	0.0	1	494931	n/a
241.67431640625	0.3	1.0	2	494949	n/a
241.6826171875	0.3	0.0	1	494966	n/a
241.69091796875	0.3	1.0	2	494983	n/a
241.69921875	0.3	0.0	1	495000	n/a
241.70751953125	0.3	0.0	1	495017	n/a
241.7158203125	0.3	1.0	2	495034	n/a
241.72412109375	0.3	0.0	1	495051	n/a
241.732421875	0.3	1.0	2	495068	n/a
241.74072265625	0.3	0.0	1	495085	n/a
241.7490234375	0.3	1.0	2	495102	n/a
241.75732421875	0.3	1.0	2	495119	n/a
241.765625	0.3	0.0	1	495136	n/a
241.77392578125	0.3	0.0	1	495153	n/a
241.7822265625	0.3	1.0	2	495170	n/a
241.79052734375	0.3	1.0	2	495187	n/a
241.79931640625	0.3	0.0	1	495205	n/a
241.8076171875	0.3	0.0	1	495222	n/a
241.81591796875	0.3	1.0	2	495239	n/a
241.82421875	0.3	0.0	1	495256	n/a
241.83251953125	0.3	1.0	2	495273	n/a
241.8408203125	0.3	0.0	1	495290	n/a
241.84912109375	0.3	1.0	2	495307	n/a
241.857421875	0.3	1.0	2	495324	n/a
241.86572265625	0.3	0.0	1	495341	n/a
241.8740234375	0.3	1.0	2	495358	n/a
241.88232421875	0.3	0.0	1	495375	n/a
241.890625	0.3	1.0	2	495392	n/a
241.89892578125	0.3	0.0	1	495409	n/a
241.9072265625	0.3	1.0	2	495426	n/a
241.91552734375	0.3	0.0	1	495443	n/a
241.92431640625	0.3	0.0	1	495461	n/a
241.9326171875	0.3	1.0	2	495478	n/a
241.94091796875	0.3	0.0	1	495495	n/a
241.94921875	0.3	1.0	2	495512	n/a
241.95751953125	0.3	0.0	1	495529	n/a
241.9658203125	0.3	1.0	2	495546	n/a
241.97412109375	0.3	0.0	1	495563	n/a
241.982421875	0.3	1.0	2	495580	n/a
241.99072265625	0.3	1.0	2	495597	n/a
241.9990234375	0.3	0.0	1	495614	n/a
242.00732421875	0.3	1.0	2	495631	n/a
242.015625	0.3	0.0	1	495648	n/a
242.02392578125	0.3	1.0	2	495665	n/a
242.0322265625	0.3	0.0	1	495682	n/a
242.04052734375	0.3	1.0	2	495699	n/a
242.04931640625	0.3	0.0	1	495717	n/a
242.0576171875	0.3	0.0	1	495734	n/a
242.06591796875	0.3	1.0	2	495751	n/a
242.07421875	0.3	1.0	2	495768	n/a
242.08251953125	0.3	0.0	1	495785	n/a
242.0908203125	0.3	1.0	2	495802	n/a
242.09912109375	0.3	0.0	1	495819	n/a
242.107421875	0.3	0.0	1	495836	n/a
242.11572265625	0.3	1.0	2	495853	n/a
242.1240234375	0.3	0.0	1	495870	n/a
242.13232421875	0.3	1.0	2	495887	n/a
242.140625	0.3	0.0	1	495904	n/a
242.14892578125	0.3	1.0	2	495921	n/a
242.1572265625	0.3	0.0	1	495938	n/a
242.16552734375	0.3	1.0	2	495955	n/a
242.17431640625	0.3	1.0	2	495973	n/a
242.1826171875	0.3	0.0	1	495990	n/a
242.19091796875	0.3	1.0	2	496007	n/a
242.19921875	0.3	0.0	1	496024	n/a
242.20751953125	0.3	1.0	2	496041	n/a
242.2158203125	0.3	0.0	1	496058	n/a
242.22412109375	0.3	1.0	2	496075	n/a
242.232421875	0.3	0.0	1	496092	n/a
242.24072265625	0.3	0.0	1	496109	n/a
242.2490234375	0.3	1.0	2	496126	n/a
242.25732421875	0.3	0.0	1	496143	n/a
242.265625	0.3	1.0	2	496160	n/a
242.27392578125	0.3	1.0	2	496177	n/a
242.2822265625	0.3	0.0	1	496194	n/a
242.29052734375	0.3	1.0	2	496211	n/a
242.29931640625	0.3	0.0	1	496229	n/a
242.3076171875	0.3	1.0	2	496246	n/a
242.31591796875	0.3	0.0	1	496263	n/a
242.32421875	0.3	1.0	2	496280	n/a
242.33251953125	0.3	0.0	1	496297	n/a
242.3408203125	0.3	0.0	1	496314	n/a
242.34912109375	0.3	1.0	2	496331	n/a
242.357421875	0.3	1.0	2	496348	n/a
242.36572265625	0.3	0.0	1	496365	n/a
242.3740234375	0.3	1.0	2	496382	n/a
242.38232421875	0.3	0.0	1	496399	n/a
242.390625	0.3	1.0	2	496416	n/a
242.39892578125	0.3	0.0	1	496433	n/a
242.4072265625	0.3	1.0	2	496450	n/a
242.41552734375	0.3	0.0	1	496467	n/a
242.42431640625	0.3	0.0	1	496485	n/a
242.4326171875	0.3	1.0	2	496502	n/a
242.44091796875	0.3	0.0	1	496519	n/a
242.44921875	0.3	1.0	2	496536	n/a
242.45751953125	0.3	0.0	1	496553	n/a
242.4658203125	0.3	1.0	2	496570	n/a
242.47412109375	0.3	1.0	2	496587	n/a
242.482421875	0.3	0.0	1	496604	n/a
242.49072265625	0.3	0.0	1	496621	n/a
242.4990234375	0.3	1.0	2	496638	n/a
242.50732421875	0.3	1.0	2	496655	n/a
242.515625	0.3	0.0	1	496672	n/a
242.52392578125	0.3	0.0	1	496689	n/a
242.5322265625	0.3	1.0	2	496706	n/a
242.54052734375	0.3	0.0	1	496723	n/a
242.54931640625	0.3	1.0	2	496741	n/a
242.5576171875	0.3	1.0	2	496758	n/a
242.56591796875	0.3	0.0	1	496775	n/a
242.57421875	0.3	1.0	2	496792	n/a
242.58251953125	0.3	0.0	1	496809	n/a
242.5908203125	0.3	0.0	1	496826	n/a
242.59912109375	0.3	1.0	2	496843	n/a
242.607421875	0.3	0.0	1	496860	n/a
242.61572265625	0.3	1.0	2	496877	n/a
242.6240234375	0.3	0.0	1	496894	n/a
242.63232421875	0.3	1.0	2	496911	n/a
242.640625	0.3	0.0	1	496928	n/a
242.64892578125	0.3	1.0	2	496945	n/a
242.6572265625	0.3	0.0	1	496962	n/a
242.66552734375	0.3	1.0	2	496979	n/a
242.67431640625	0.3	0.0	1	496997	n/a
242.6826171875	0.3	1.0	2	497014	n/a
242.69091796875	0.3	0.0	1	497031	n/a
242.69921875	0.3	1.0	2	497048	n/a
242.70751953125	0.3	1.0	2	497065	n/a
242.7158203125	0.3	0.0	1	497082	n/a
242.72412109375	0.3	1.0	2	497099	n/a
242.732421875	0.3	0.0	1	497116	n/a
242.74072265625	0.3	1.0	2	497133	n/a
242.7490234375	0.3	0.0	1	497150	n/a
242.75732421875	0.3	0.0	1	497167	n/a
242.765625	0.3	1.0	2	497184	n/a
242.77392578125	0.3	0.0	1	497201	n/a
242.7822265625	0.3	1.0	2	497218	n/a
242.79052734375	0.3	0.0	1	497235	n/a
242.79931640625	0.3	1.0	2	497253	n/a
242.8076171875	0.3	1.0	2	497270	n/a
242.81591796875	0.3	0.0	1	497287	n/a
242.82421875	0.3	0.0	1	497304	n/a
242.83251953125	0.3	1.0	2	497321	n/a
242.8408203125	0.3	1.0	2	497338	n/a
242.84912109375	0.3	0.0	1	497355	n/a
242.857421875	0.3	0.0	1	497372	n/a
242.86572265625	0.3	1.0	2	497389	n/a
242.8740234375	0.3	0.0	1	497406	n/a
242.88232421875	0.3	1.0	2	497423	n/a
242.890625	0.3	0.0	1	497440	n/a
242.89892578125	0.3	1.0	2	497457	n/a
242.9072265625	0.3	1.0	2	497474	n/a
242.91552734375	0.3	0.0	1	497491	n/a
242.92431640625	0.3	1.0	2	497509	n/a
242.9326171875	0.3	0.0	1	497526	n/a
242.94091796875	0.3	1.0	2	497543	n/a
242.94921875	0.3	0.0	1	497560	n/a
242.95751953125	0.3	1.0	2	497577	n/a
242.9658203125	0.3	0.0	1	497594	n/a
242.97412109375	0.3	0.0	1	497611	n/a
242.982421875	0.3	1.0	2	497628	n/a
242.99072265625	0.3	0.0	1	497645	n/a
242.9990234375	0.3	1.0	2	497662	n/a
243.00732421875	0.3	0.0	1	497679	n/a
243.015625	0.3	1.0	2	497696	n/a
243.02392578125	0.3	0.0	1	497713	n/a
243.0322265625	0.3	1.0	2	497730	n/a
243.04052734375	0.3	1.0	2	497747	n/a
243.04931640625	0.3	0.0	1	497765	n/a
243.0576171875	0.3	1.0	2	497782	n/a
243.06591796875	0.3	0.0	1	497799	n/a
243.07421875	0.3	1.0	2	497816	n/a
243.08251953125	0.3	0.0	1	497833	n/a
243.0908203125	0.3	1.0	2	497850	n/a
243.09912109375	0.3	0.0	1	497867	n/a
243.107421875	0.3	0.0	1	497884	n/a
243.11572265625	0.3	1.0	2	497901	n/a
243.1240234375	0.3	1.0	2	497918	n/a
243.13232421875	0.3	0.0	1	497935	n/a
243.140625	0.3	1.0	2	497952	n/a
243.14892578125	0.3	0.0	1	497969	n/a
243.1572265625	0.3	0.0	1	497986	n/a
243.16552734375	0.3	1.0	2	498003	n/a
243.17431640625	0.3	0.0	1	498021	n/a
243.1826171875	0.3	1.0	2	498038	n/a
243.19091796875	0.3	0.0	1	498055	n/a
243.19921875	0.3	1.0	2	498072	n/a
243.20751953125	0.3	0.0	1	498089	n/a
243.2158203125	0.3	1.0	2	498106	n/a
243.22412109375	0.3	1.0	2	498123	n/a
243.232421875	0.3	0.0	1	498140	n/a
243.24072265625	0.3	1.0	2	498157	n/a
243.2490234375	0.3	0.0	1	498174	n/a
243.25732421875	0.3	1.0	2	498191	n/a
243.265625	0.3	0.0	1	498208	n/a
243.27392578125	0.3	1.0	2	498225	n/a
243.2822265625	0.3	0.0	1	498242	n/a
243.29052734375	0.3	0.0	1	498259	n/a
243.29931640625	0.3	1.0	2	498277	n/a
243.3076171875	0.3	0.0	1	498294	n/a
243.31591796875	0.3	1.0	2	498311	n/a
243.32421875	0.3	1.0	2	498328	n/a
243.33251953125	0.3	0.0	1	498345	n/a
243.3408203125	0.3	1.0	2	498362	n/a
243.34912109375	0.3	0.0	1	498379	n/a
243.357421875	0.3	1.0	2	498396	n/a
243.36572265625	0.3	0.0	1	498413	n/a
243.3740234375	0.3	1.0	2	498430	n/a
243.38232421875	0.3	0.0	1	498447	n/a
243.390625	0.3	0.0	1	498464	n/a
243.39892578125	0.3	1.0	2	498481	n/a
243.4072265625	0.3	1.0	2	498498	n/a
243.41552734375	0.3	0.0	1	498515	n/a
243.42431640625	0.3	1.0	2	498533	n/a
243.4326171875	0.3	0.0	1	498550	n/a
243.44091796875	0.3	1.0	2	498567	n/a
243.44921875	0.3	0.0	1	498584	n/a
243.45751953125	0.3	1.0	2	498601	n/a
243.4658203125	0.3	0.0	1	498618	n/a
243.47412109375	0.3	0.0	1	498635	n/a
243.482421875	0.3	1.0	2	498652	n/a
243.49072265625	0.3	0.0	1	498669	n/a
243.4990234375	0.3	1.0	2	498686	n/a
243.50732421875	0.3	0.0	1	498703	n/a
243.515625	0.3	1.0	2	498720	n/a
243.52392578125	0.3	1.0	2	498737	n/a
243.5322265625	0.3	0.0	1	498754	n/a
243.54052734375	0.3	0.0	1	498771	n/a
243.54931640625	0.3	1.0	2	498789	n/a
243.5576171875	0.3	1.0	2	498806	n/a
243.56591796875	0.3	0.0	1	498823	n/a
243.57421875	0.3	0.0	1	498840	n/a
243.58251953125	0.3	1.0	2	498857	n/a
243.5908203125	0.3	0.0	1	498874	n/a
243.59912109375	0.3	1.0	2	498891	n/a
243.607421875	0.3	1.0	2	498908	n/a
243.61572265625	0.3	0.0	1	498925	n/a
243.6240234375	0.3	1.0	2	498942	n/a
243.63232421875	0.3	0.0	1	498959	n/a
243.640625	0.3	0.0	1	498976	n/a
243.64892578125	0.3	1.0	2	498993	n/a
243.6572265625	0.3	0.0	1	499010	n/a
243.66552734375	0.3	1.0	2	499027	n/a
243.67431640625	0.3	0.0	1	499045	n/a
243.6826171875	0.3	1.0	2	499062	n/a
243.69091796875	0.3	0.0	1	499079	n/a
243.69921875	0.3	1.0	2	499096	n/a
243.70751953125	0.3	0.0	1	499113	n/a
243.7158203125	0.3	1.0	2	499130	n/a
243.72412109375	0.3	0.0	1	499147	n/a
243.732421875	0.3	1.0	2	499164	n/a
243.74072265625	0.3	0.0	1	499181	n/a
243.7490234375	0.3	1.0	2	499198	n/a
243.75732421875	0.3	1.0	2	499215	n/a
243.765625	0.3	0.0	1	499232	n/a
243.77392578125	0.3	1.0	2	499249	n/a
243.7822265625	0.3	0.0	1	499266	n/a
243.79052734375	0.3	1.0	2	499283	n/a
243.79931640625	0.3	0.0	1	499301	n/a
243.8076171875	0.3	0.0	1	499318	n/a
243.81591796875	0.3	1.0	2	499335	n/a
243.82421875	0.3	0.0	1	499352	n/a
243.83251953125	0.3	1.0	2	499369	n/a
243.8408203125	0.3	0.0	1	499386	n/a
243.84912109375	0.3	1.0	2	499403	n/a
243.857421875	0.3	1.0	2	499420	n/a
243.86572265625	0.3	0.0	1	499437	n/a
243.8740234375	0.3	0.0	1	499454	n/a
243.88232421875	0.3	1.0	2	499471	n/a
243.890625	0.3	1.0	2	499488	n/a
243.89892578125	0.3	0.0	1	499505	n/a
243.9072265625	0.3	0.0	1	499522	n/a
243.91552734375	0.3	1.0	2	499539	n/a
243.92431640625	0.3	0.0	1	499557	n/a
243.9326171875	0.3	1.0	2	499574	n/a
243.94091796875	0.3	0.0	1	499591	n/a
243.94921875	0.3	1.0	2	499608	n/a
243.95751953125	0.3	1.0	2	499625	n/a
243.9658203125	0.3	0.0	1	499642	n/a
243.97412109375	0.3	1.0	2	499659	n/a
243.982421875	0.3	0.0	1	499676	n/a
243.99072265625	0.3	1.0	2	499693	n/a
243.9990234375	0.3	0.0	1	499710	n/a
244.00732421875	0.3	1.0	2	499727	n/a
244.015625	0.3	0.0	1	499744	n/a
244.02392578125	0.3	0.0	1	499761	n/a
244.0322265625	0.3	1.0	2	499778	n/a
244.04052734375	0.3	0.0	1	499795	n/a
244.04931640625	0.3	1.0	2	499813	n/a
244.0576171875	0.3	0.0	1	499830	n/a
244.06591796875	0.3	1.0	2	499847	n/a
244.07421875	0.3	0.0	1	499864	n/a
244.08251953125	0.3	1.0	2	499881	n/a
244.0908203125	0.3	1.0	2	499898	n/a
244.09912109375	0.3	0.0	1	499915	n/a
244.107421875	0.3	1.0	2	499932	n/a
244.11572265625	0.3	0.0	1	499949	n/a
244.1240234375	0.3	1.0	2	499966	n/a
244.13232421875	0.3	0.0	1	499983	n/a
244.140625	0.3	1.0	2	500000	n/a
244.14892578125	0.3	0.0	1	500017	n/a
244.1572265625	0.3	0.0	1	500034	n/a
244.16552734375	0.3	1.0	2	500051	n/a
244.17431640625	0.3	1.0	2	500069	n/a
244.1826171875	0.3	0.0	1	500086	n/a
244.19091796875	0.3	1.0	2	500103	n/a
244.19921875	0.3	0.0	1	500120	n/a
244.20751953125	0.3	0.0	1	500137	n/a
244.2158203125	0.3	1.0	2	500154	n/a
244.22412109375	0.3	0.0	1	500171	n/a
244.232421875	0.3	1.0	2	500188	n/a
244.24072265625	0.3	0.0	1	500205	n/a
244.2490234375	0.3	1.0	2	500222	n/a
244.25732421875	0.3	0.0	1	500239	n/a
244.265625	0.3	1.0	2	500256	n/a
244.27392578125	0.3	1.0	2	500273	n/a
244.2822265625	0.3	0.0	1	500290	n/a
244.29052734375	0.3	1.0	2	500307	n/a
244.29931640625	0.3	0.0	1	500325	n/a
244.3076171875	0.3	1.0	2	500342	n/a
244.31591796875	0.3	0.0	1	500359	n/a
244.32421875	0.3	1.0	2	500376	n/a
244.33251953125	0.3	0.0	1	500393	n/a
244.3408203125	0.3	0.0	1	500410	n/a
244.34912109375	0.3	1.0	2	500427	n/a
244.357421875	0.3	0.0	1	500444	n/a
244.36572265625	0.3	1.0	2	500461	n/a
244.3740234375	0.3	1.0	2	500478	n/a
244.38232421875	0.3	0.0	1	500495	n/a
244.390625	0.3	1.0	2	500512	n/a
244.39892578125	0.3	0.0	1	500529	n/a
244.4072265625	0.3	1.0	2	500546	n/a
244.41552734375	0.3	0.0	1	500563	n/a
244.42431640625	0.3	1.0	2	500581	n/a
244.4326171875	0.3	0.0	1	500598	n/a
244.44091796875	0.3	0.0	1	500615	n/a
244.44921875	0.3	1.0	2	500632	n/a
244.45751953125	0.3	1.0	2	500649	n/a
244.4658203125	0.3	0.0	1	500666	n/a
244.47412109375	0.3	1.0	2	500683	n/a
244.482421875	0.3	0.0	1	500700	n/a
244.49072265625	0.3	1.0	2	500717	n/a
244.4990234375	0.3	0.0	1	500734	n/a
244.50732421875	0.3	1.0	2	500751	n/a
244.515625	0.3	0.0	1	500768	n/a
244.52392578125	0.3	0.0	1	500785	n/a
244.5322265625	0.3	1.0	2	500802	n/a
244.54052734375	0.3	0.0	1	500819	n/a
244.54931640625	0.3	1.0	2	500837	n/a
246.94140625	0.3	1.0	2	505736	34.0
246.94970703125	0.3	0.0	1	505753	n/a
246.9580078125	0.3	1.0	2	505770	n/a
246.96630859375	0.3	0.0	1	505787	n/a
246.974609375	0.3	0.0	1	505804	n/a
246.98291015625	0.3	1.0	2	505821	n/a
246.9912109375	0.3	0.0	1	505838	n/a
246.99951171875	0.3	1.0	2	505855	n/a
247.00830078125	0.3	0.0	1	505873	n/a
247.0166015625	0.3	1.0	2	505890	n/a
247.02490234375	0.3	1.0	2	505907	n/a
247.033203125	0.3	0.0	1	505924	n/a
247.04150390625	0.3	1.0	2	505941	n/a
247.0498046875	0.3	0.0	1	505958	n/a
247.05810546875	0.3	0.0	1	505975	n/a
247.06640625	0.3	1.0	2	505992	n/a
247.07470703125	0.3	0.0	1	506009	n/a
247.0830078125	0.3	1.0	2	506026	n/a
247.09130859375	0.3	0.0	1	506043	n/a
247.099609375	0.3	1.0	2	506060	n/a
247.10791015625	0.3	0.0	1	506077	n/a
247.1162109375	0.3	1.0	2	506094	n/a
247.12451171875	0.3	1.0	2	506111	n/a
247.13330078125	0.3	0.0	1	506129	n/a
247.1416015625	0.3	1.0	2	506146	n/a
247.14990234375	0.3	0.0	1	506163	n/a
247.158203125	0.3	0.0	1	506180	n/a
247.16650390625	0.3	1.0	2	506197	n/a
247.1748046875	0.3	0.0	1	506214	n/a
247.18310546875	0.3	1.0	2	506231	n/a
247.19140625	0.3	0.0	1	506248	n/a
247.19970703125	0.3	1.0	2	506265	n/a
247.2080078125	0.3	0.0	1	506282	n/a
247.21630859375	0.3	1.0	2	506299	n/a
247.224609375	0.3	0.0	1	506316	n/a
247.23291015625	0.3	1.0	2	506333	n/a
247.2412109375	0.3	1.0	2	506350	n/a
247.24951171875	0.3	0.0	1	506367	n/a
247.25830078125	0.3	0.0	1	506385	n/a
247.2666015625	0.3	1.0	2	506402	n/a
247.27490234375	0.3	1.0	2	506419	n/a
247.283203125	0.3	0.0	1	506436	n/a
247.29150390625	0.3	0.0	1	506453	n/a
247.2998046875	0.3	1.0	2	506470	n/a
247.30810546875	0.3	1.0	2	506487	n/a
247.31640625	0.3	0.0	1	506504	n/a
247.32470703125	0.3	1.0	2	506521	n/a
247.3330078125	0.3	0.0	1	506538	n/a
247.34130859375	0.3	1.0	2	506555	n/a
247.349609375	0.3	0.0	1	506572	n/a
247.35791015625	0.3	0.0	1	506589	n/a
247.3662109375	0.3	1.0	2	506606	n/a
247.37451171875	0.3	1.0	2	506623	n/a
247.38330078125	0.3	0.0	1	506641	n/a
247.3916015625	0.3	0.0	1	506658	n/a
247.39990234375	0.3	1.0	2	506675	n/a
247.408203125	0.3	1.0	2	506692	n/a
247.41650390625	0.3	0.0	1	506709	n/a
247.4248046875	0.3	0.0	1	506726	n/a
247.43310546875	0.3	1.0	2	506743	n/a
247.44140625	0.3	1.0	2	506760	n/a
247.44970703125	0.3	0.0	1	506777	n/a
247.4580078125	0.3	0.0	1	506794	n/a
247.46630859375	0.3	1.0	2	506811	n/a
247.474609375	0.3	1.0	2	506828	n/a
247.48291015625	0.3	0.0	1	506845	n/a
247.4912109375	0.3	1.0	2	506862	n/a
247.49951171875	0.3	0.0	1	506879	n/a
247.50830078125	0.3	0.0	1	506897	n/a
247.5166015625	0.3	1.0	2	506914	n/a
247.52490234375	0.3	0.0	1	506931	n/a
247.533203125	0.3	1.0	2	506948	n/a
247.54150390625	0.3	0.0	1	506965	n/a
247.5498046875	0.3	1.0	2	506982	n/a
247.55810546875	0.3	1.0	2	506999	n/a
247.56640625	0.3	0.0	1	507016	n/a
247.57470703125	0.3	1.0	2	507033	n/a
247.5830078125	0.3	0.0	1	507050	n/a
247.59130859375	0.3	0.0	1	507067	n/a
247.599609375	0.3	1.0	2	507084	n/a
247.60791015625	0.3	0.0	1	507101	n/a
247.6162109375	0.3	1.0	2	507118	n/a
247.62451171875	0.3	1.0	2	507135	n/a
247.63330078125	0.3	0.0	1	507153	n/a
247.6416015625	0.3	0.0	1	507170	n/a
247.64990234375	0.3	1.0	2	507187	n/a
247.658203125	0.3	1.0	2	507204	n/a
247.66650390625	0.3	0.0	1	507221	n/a
247.6748046875	0.3	0.0	1	507238	n/a
247.68310546875	0.3	1.0	2	507255	n/a
247.69140625	0.3	0.0	1	507272	n/a
247.69970703125	0.3	1.0	2	507289	n/a
247.7080078125	0.3	1.0	2	507306	n/a
247.71630859375	0.3	0.0	1	507323	n/a
247.724609375	0.3	1.0	2	507340	n/a
247.73291015625	0.3	0.0	1	507357	n/a
247.7412109375	0.3	0.0	1	507374	n/a
247.74951171875	0.3	1.0	2	507391	n/a
247.75830078125	0.3	0.0	1	507409	n/a
247.7666015625	0.3	1.0	2	507426	n/a
247.77490234375	0.3	1.0	2	507443	n/a
247.783203125	0.3	0.0	1	507460	n/a
247.79150390625	0.3	0.0	1	507477	n/a
247.7998046875	0.3	1.0	2	507494	n/a
247.80810546875	0.3	1.0	2	507511	n/a
247.81640625	0.3	0.0	1	507528	n/a
247.82470703125	0.3	1.0	2	507545	n/a
247.8330078125	0.3	0.0	1	507562	n/a
247.84130859375	0.3	1.0	2	507579	n/a
247.849609375	0.3	0.0	1	507596	n/a
247.85791015625	0.3	1.0	2	507613	n/a
247.8662109375	0.3	0.0	1	507630	n/a
247.87451171875	0.3	1.0	2	507647	n/a
247.88330078125	0.3	0.0	1	507665	n/a
247.8916015625	0.3	1.0	2	507682	n/a
247.89990234375	0.3	0.0	1	507699	n/a
247.908203125	0.3	0.0	1	507716	n/a
247.91650390625	0.3	1.0	2	507733	n/a
247.9248046875	0.3	0.0	1	507750	n/a
247.93310546875	0.3	1.0	2	507767	n/a
247.94140625	0.3	0.0	1	507784	n/a
247.94970703125	0.3	1.0	2	507801	n/a
247.9580078125	0.3	1.0	2	507818	n/a
247.96630859375	0.3	0.0	1	507835	n/a
247.974609375	0.3	1.0	2	507852	n/a
247.98291015625	0.3	0.0	1	507869	n/a
247.9912109375	0.3	1.0	2	507886	n/a
247.99951171875	0.3	0.0	1	507903	n/a
248.00830078125	0.3	1.0	2	507921	n/a
248.0166015625	0.3	0.0	1	507938	n/a
248.02490234375	0.3	0.0	1	507955	n/a
248.033203125	0.3	1.0	2	507972	n/a
248.04150390625	0.3	0.0	1	507989	n/a
248.0498046875	0.3	1.0	2	508006	n/a
248.05810546875	0.3	0.0	1	508023	n/a
248.06640625	0.3	1.0	2	508040	n/a
248.07470703125	0.3	1.0	2	508057	n/a
248.0830078125	0.3	0.0	1	508074	n/a
248.09130859375	0.3	1.0	2	508091	n/a
248.099609375	0.3	0.0	1	508108	n/a
248.10791015625	0.3	0.0	1	508125	n/a
248.1162109375	0.3	1.0	2	508142	n/a
248.12451171875	0.3	0.0	1	508159	n/a
248.13330078125	0.3	1.0	2	508177	n/a
248.1416015625	0.3	0.0	1	508194	n/a
248.14990234375	0.3	1.0	2	508211	n/a
248.158203125	0.3	0.0	1	508228	n/a
248.16650390625	0.3	1.0	2	508245	n/a
248.1748046875	0.3	1.0	2	508262	n/a
248.18310546875	0.3	0.0	1	508279	n/a
248.19140625	0.3	1.0	2	508296	n/a
248.19970703125	0.3	0.0	1	508313	n/a
248.2080078125	0.3	0.0	1	508330	n/a
248.21630859375	0.3	1.0	2	508347	n/a
248.224609375	0.3	0.0	1	508364	n/a
248.23291015625	0.3	1.0	2	508381	n/a
248.2412109375	0.3	0.0	1	508398	n/a
248.24951171875	0.3	1.0	2	508415	n/a
248.25830078125	0.3	0.0	1	508433	n/a
248.2666015625	0.3	1.0	2	508450	n/a
248.27490234375	0.3	0.0	1	508467	n/a
248.283203125	0.3	1.0	2	508484	n/a
248.29150390625	0.3	1.0	2	508501	n/a
248.2998046875	0.3	0.0	1	508518	n/a
248.30810546875	0.3	0.0	1	508535	n/a
248.31640625	0.3	1.0	2	508552	n/a
248.32470703125	0.3	1.0	2	508569	n/a
248.3330078125	0.3	0.0	1	508586	n/a
248.34130859375	0.3	0.0	1	508603	n/a
248.349609375	0.3	1.0	2	508620	n/a
248.35791015625	0.3	1.0	2	508637	n/a
248.3662109375	0.3	0.0	1	508654	n/a
248.37451171875	0.3	1.0	2	508671	n/a
248.38330078125	0.3	0.0	1	508689	n/a
248.3916015625	0.3	1.0	2	508706	n/a
248.39990234375	0.3	0.0	1	508723	n/a
248.408203125	0.3	0.0	1	508740	n/a
248.41650390625	0.3	1.0	2	508757	n/a
248.4248046875	0.3	1.0	2	508774	n/a
248.43310546875	0.3	0.0	1	508791	n/a
248.44140625	0.3	0.0	1	508808	n/a
248.44970703125	0.3	1.0	2	508825	n/a
248.4580078125	0.3	1.0	2	508842	n/a
248.46630859375	0.3	0.0	1	508859	n/a
248.474609375	0.3	0.0	1	508876	n/a
248.48291015625	0.3	1.0	2	508893	n/a
248.4912109375	0.3	1.0	2	508910	n/a
248.49951171875	0.3	0.0	1	508927	n/a
248.50830078125	0.3	0.0	1	508945	n/a
248.5166015625	0.3	1.0	2	508962	n/a
248.52490234375	0.3	1.0	2	508979	n/a
248.533203125	0.3	0.0	1	508996	n/a
248.54150390625	0.3	1.0	2	509013	n/a
248.5498046875	0.3	0.0	1	509030	n/a
248.55810546875	0.3	0.0	1	509047	n/a
248.56640625	0.3	1.0	2	509064	n/a
248.57470703125	0.3	0.0	1	509081	n/a
248.5830078125	0.3	1.0	2	509098	n/a
248.59130859375	0.3	0.0	1	509115	n/a
248.599609375	0.3	1.0	2	509132	n/a
248.60791015625	0.3	1.0	2	509149	n/a
248.6162109375	0.3	0.0	1	509166	n/a
248.62451171875	0.3	1.0	2	509183	n/a
248.63330078125	0.3	0.0	1	509201	n/a
248.6416015625	0.3	0.0	1	509218	n/a
248.64990234375	0.3	1.0	2	509235	n/a
248.658203125	0.3	0.0	1	509252	n/a
248.66650390625	0.3	1.0	2	509269	n/a
248.6748046875	0.3	1.0	2	509286	n/a
248.68310546875	0.3	0.0	1	509303	n/a
248.69140625	0.3	0.0	1	509320	n/a
248.69970703125	0.3	1.0	2	509337	n/a
248.7080078125	0.3	1.0	2	509354	n/a
248.71630859375	0.3	0.0	1	509371	n/a
248.724609375	0.3	0.0	1	509388	n/a
248.73291015625	0.3	1.0	2	509405	n/a
248.7412109375	0.3	0.0	1	509422	n/a
248.74951171875	0.3	1.0	2	509439	n/a
248.75830078125	0.3	1.0	2	509457	n/a
248.7666015625	0.3	0.0	1	509474	n/a
248.77490234375	0.3	1.0	2	509491	n/a
248.783203125	0.3	0.0	1	509508	n/a
248.79150390625	0.3	0.0	1	509525	n/a
248.7998046875	0.3	1.0	2	509542	n/a
248.80810546875	0.3	0.0	1	509559	n/a
248.81640625	0.3	1.0	2	509576	n/a
248.82470703125	0.3	1.0	2	509593	n/a
248.8330078125	0.3	0.0	1	509610	n/a
248.84130859375	0.3	0.0	1	509627	n/a
248.849609375	0.3	1.0	2	509644	n/a
248.85791015625	0.3	1.0	2	509661	n/a
248.8662109375	0.3	0.0	1	509678	n/a
248.87451171875	0.3	1.0	2	509695	n/a
248.88330078125	0.3	0.0	1	509713	n/a
248.8916015625	0.3	1.0	2	509730	n/a
248.89990234375	0.3	0.0	1	509747	n/a
248.908203125	0.3	1.0	2	509764	n/a
248.91650390625	0.3	0.0	1	509781	n/a
248.9248046875	0.3	1.0	2	509798	n/a
248.93310546875	0.3	0.0	1	509815	n/a
248.94140625	0.3	1.0	2	509832	n/a
248.94970703125	0.3	0.0	1	509849	n/a
248.9580078125	0.3	0.0	1	509866	n/a
248.96630859375	0.3	1.0	2	509883	n/a
248.974609375	0.3	0.0	1	509900	n/a
248.98291015625	0.3	1.0	2	509917	n/a
248.9912109375	0.3	0.0	1	509934	n/a
248.99951171875	0.3	1.0	2	509951	n/a
249.00830078125	0.3	1.0	2	509969	n/a
249.0166015625	0.3	0.0	1	509986	n/a
249.02490234375	0.3	1.0	2	510003	n/a
249.033203125	0.3	0.0	1	510020	n/a
249.04150390625	0.3	1.0	2	510037	n/a
249.0498046875	0.3	0.0	1	510054	n/a
249.05810546875	0.3	1.0	2	510071	n/a
249.06640625	0.3	0.0	1	510088	n/a
249.07470703125	0.3	0.0	1	510105	n/a
249.0830078125	0.3	1.0	2	510122	n/a
249.09130859375	0.3	0.0	1	510139	n/a
249.099609375	0.3	1.0	2	510156	n/a
249.10791015625	0.3	0.0	1	510173	n/a
249.1162109375	0.3	1.0	2	510190	n/a
249.12451171875	0.3	1.0	2	510207	n/a
249.13330078125	0.3	0.0	1	510225	n/a
249.1416015625	0.3	1.0	2	510242	n/a
249.14990234375	0.3	0.0	1	510259	n/a
249.158203125	0.3	0.0	1	510276	n/a
249.16650390625	0.3	1.0	2	510293	n/a
249.1748046875	0.3	0.0	1	510310	n/a
249.18310546875	0.3	1.0	2	510327	n/a
249.19140625	0.3	0.0	1	510344	n/a
249.19970703125	0.3	1.0	2	510361	n/a
249.2080078125	0.3	0.0	1	510378	n/a
249.21630859375	0.3	1.0	2	510395	n/a
249.224609375	0.3	1.0	2	510412	n/a
249.23291015625	0.3	0.0	1	510429	n/a
249.2412109375	0.3	1.0	2	510446	n/a
249.24951171875	0.3	0.0	1	510463	n/a
249.25830078125	0.3	0.0	1	510481	n/a
249.2666015625	0.3	1.0	2	510498	n/a
249.27490234375	0.3	0.0	1	510515	n/a
249.283203125	0.3	1.0	2	510532	n/a
249.29150390625	0.3	0.0	1	510549	n/a
249.2998046875	0.3	1.0	2	510566	n/a
249.30810546875	0.3	0.0	1	510583	n/a
249.31640625	0.3	1.0	2	510600	n/a
249.32470703125	0.3	0.0	1	510617	n/a
249.3330078125	0.3	1.0	2	510634	n/a
249.34130859375	0.3	1.0	2	510651	n/a
249.349609375	0.3	0.0	1	510668	n/a
249.35791015625	0.3	0.0	1	510685	n/a
249.3662109375	0.3	1.0	2	510702	n/a
249.37451171875	0.3	1.0	2	510719	n/a
249.38330078125	0.3	0.0	1	510737	n/a
249.3916015625	0.3	0.0	1	510754	n/a
249.39990234375	0.3	1.0	2	510771	n/a
249.408203125	0.3	1.0	2	510788	n/a
249.41650390625	0.3	0.0	1	510805	n/a
249.4248046875	0.3	1.0	2	510822	n/a
249.43310546875	0.3	0.0	1	510839	n/a
249.44140625	0.3	1.0	2	510856	n/a
249.44970703125	0.3	0.0	1	510873	n/a
249.4580078125	0.3	0.0	1	510890	n/a
249.46630859375	0.3	1.0	2	510907	n/a
249.474609375	0.3	1.0	2	510924	n/a
249.48291015625	0.3	0.0	1	510941	n/a
249.4912109375	0.3	0.0	1	510958	n/a
249.49951171875	0.3	1.0	2	510975	n/a
249.50830078125	0.3	1.0	2	510993	n/a
249.5166015625	0.3	0.0	1	511010	n/a
249.52490234375	0.3	0.0	1	511027	n/a
249.533203125	0.3	1.0	2	511044	n/a
249.54150390625	0.3	1.0	2	511061	n/a
249.5498046875	0.3	0.0	1	511078	n/a
249.55810546875	0.3	0.0	1	511095	n/a
249.56640625	0.3	1.0	2	511112	n/a
249.57470703125	0.3	1.0	2	511129	n/a
249.5830078125	0.3	0.0	1	511146	n/a
249.59130859375	0.3	1.0	2	511163	n/a
249.599609375	0.3	0.0	1	511180	n/a
249.60791015625	0.3	0.0	1	511197	n/a
249.6162109375	0.3	1.0	2	511214	n/a
249.62451171875	0.3	0.0	1	511231	n/a
249.63330078125	0.3	1.0	2	511249	n/a
249.6416015625	0.3	0.0	1	511266	n/a
249.64990234375	0.3	1.0	2	511283	n/a
249.658203125	0.3	1.0	2	511300	n/a
249.66650390625	0.3	0.0	1	511317	n/a
249.6748046875	0.3	1.0	2	511334	n/a
249.68310546875	0.3	0.0	1	511351	n/a
249.69140625	0.3	0.0	1	511368	n/a
249.69970703125	0.3	1.0	2	511385	n/a
249.7080078125	0.3	0.0	1	511402	n/a
249.71630859375	0.3	1.0	2	511419	n/a
249.724609375	0.3	1.0	2	511436	n/a
249.73291015625	0.3	0.0	1	511453	n/a
249.7412109375	0.3	0.0	1	511470	n/a
249.74951171875	0.3	1.0	2	511487	n/a
249.75830078125	0.3	1.0	2	511505	n/a
249.7666015625	0.3	0.0	1	511522	n/a
249.77490234375	0.3	0.0	1	511539	n/a
249.783203125	0.3	1.0	2	511556	n/a
249.79150390625	0.3	0.0	1	511573	n/a
249.7998046875	0.3	1.0	2	511590	n/a
249.80810546875	0.3	1.0	2	511607	n/a
249.81640625	0.3	0.0	1	511624	n/a
249.82470703125	0.3	1.0	2	511641	n/a
249.8330078125	0.3	0.0	1	511658	n/a
249.84130859375	0.3	0.0	1	511675	n/a
249.849609375	0.3	1.0	2	511692	n/a
249.85791015625	0.3	0.0	1	511709	n/a
249.8662109375	0.3	1.0	2	511726	n/a
249.87451171875	0.3	1.0	2	511743	n/a
249.88330078125	0.3	0.0	1	511761	n/a
249.8916015625	0.3	0.0	1	511778	n/a
249.89990234375	0.3	1.0	2	511795	n/a
249.908203125	0.3	1.0	2	511812	n/a
249.91650390625	0.3	0.0	1	511829	n/a
249.9248046875	0.3	1.0	2	511846	n/a
249.93310546875	0.3	0.0	1	511863	n/a
249.94140625	0.3	1.0	2	511880	n/a
249.94970703125	0.3	0.0	1	511897	n/a
249.9580078125	0.3	1.0	2	511914	n/a
249.96630859375	0.3	0.0	1	511931	n/a
249.974609375	0.3	1.0	2	511948	n/a
249.98291015625	0.3	0.0	1	511965	n/a
249.9912109375	0.3	1.0	2	511982	n/a
249.99951171875	0.3	0.0	1	511999	n/a
250.00830078125	0.3	0.0	1	512017	n/a
250.0166015625	0.3	1.0	2	512034	n/a
250.02490234375	0.3	0.0	1	512051	n/a
250.033203125	0.3	1.0	2	512068	n/a
250.04150390625	0.3	0.0	1	512085	n/a
250.0498046875	0.3	1.0	2	512102	n/a
250.05810546875	0.3	1.0	2	512119	n/a
250.06640625	0.3	0.0	1	512136	n/a
250.07470703125	0.3	1.0	2	512153	n/a
250.0830078125	0.3	0.0	1	512170	n/a
250.09130859375	0.3	1.0	2	512187	n/a
250.099609375	0.3	0.0	1	512204	n/a
250.10791015625	0.3	1.0	2	512221	n/a
250.1162109375	0.3	0.0	1	512238	n/a
250.12451171875	0.3	0.0	1	512255	n/a
250.13330078125	0.3	1.0	2	512273	n/a
250.1416015625	0.3	0.0	1	512290	n/a
250.14990234375	0.3	1.0	2	512307	n/a
250.158203125	0.3	0.0	1	512324	n/a
250.16650390625	0.3	1.0	2	512341	n/a
250.1748046875	0.3	1.0	2	512358	n/a
250.18310546875	0.3	0.0	1	512375	n/a
250.19140625	0.3	1.0	2	512392	n/a
250.19970703125	0.3	0.0	1	512409	n/a
250.2080078125	0.3	0.0	1	512426	n/a
250.21630859375	0.3	1.0	2	512443	n/a
250.224609375	0.3	0.0	1	512460	n/a
250.23291015625	0.3	1.0	2	512477	n/a
250.2412109375	0.3	0.0	1	512494	n/a
250.24951171875	0.3	1.0	2	512511	n/a
250.25830078125	0.3	0.0	1	512529	n/a
250.2666015625	0.3	1.0	2	512546	n/a
250.27490234375	0.3	1.0	2	512563	n/a
250.283203125	0.3	0.0	1	512580	n/a
250.29150390625	0.3	1.0	2	512597	n/a
250.2998046875	0.3	0.0	1	512614	n/a
250.30810546875	0.3	0.0	1	512631	n/a
250.31640625	0.3	1.0	2	512648	n/a
250.32470703125	0.3	0.0	1	512665	n/a
250.3330078125	0.3	1.0	2	512682	n/a
250.34130859375	0.3	0.0	1	512699	n/a
250.349609375	0.3	1.0	2	512716	n/a
250.35791015625	0.3	0.0	1	512733	n/a
250.3662109375	0.3	1.0	2	512750	n/a
250.37451171875	0.3	0.0	1	512767	n/a
250.38330078125	0.3	1.0	2	512785	n/a
250.3916015625	0.3	1.0	2	512802	n/a
250.39990234375	0.3	0.0	1	512819	n/a
250.408203125	0.3	0.0	1	512836	n/a
250.41650390625	0.3	1.0	2	512853	n/a
250.4248046875	0.3	1.0	2	512870	n/a
250.43310546875	0.3	0.0	1	512887	n/a
250.44140625	0.3	0.0	1	512904	n/a
250.44970703125	0.3	1.0	2	512921	n/a
250.4580078125	0.3	1.0	2	512938	n/a
250.46630859375	0.3	0.0	1	512955	n/a
250.474609375	0.3	1.0	2	512972	n/a
250.48291015625	0.3	0.0	1	512989	n/a
250.4912109375	0.3	1.0	2	513006	n/a
250.49951171875	0.3	0.0	1	513023	n/a
250.50830078125	0.3	0.0	1	513041	n/a
250.5166015625	0.3	1.0	2	513058	n/a
250.52490234375	0.3	1.0	2	513075	n/a
250.533203125	0.3	0.0	1	513092	n/a
250.54150390625	0.3	0.0	1	513109	n/a
250.5498046875	0.3	1.0	2	513126	n/a
250.55810546875	0.3	1.0	2	513143	n/a
250.56640625	0.3	0.0	1	513160	n/a
250.57470703125	0.3	0.0	1	513177	n/a
250.5830078125	0.3	1.0	2	513194	n/a
250.59130859375	0.3	1.0	2	513211	n/a
250.599609375	0.3	0.0	1	513228	n/a
250.60791015625	0.3	0.0	1	513245	n/a
250.6162109375	0.3	1.0	2	513262	n/a
250.62451171875	0.3	1.0	2	513279	n/a
250.63330078125	0.3	0.0	1	513297	n/a
250.6416015625	0.3	1.0	2	513314	n/a
250.64990234375	0.3	0.0	1	513331	n/a
250.658203125	0.3	0.0	1	513348	n/a
250.66650390625	0.3	1.0	2	513365	n/a
250.6748046875	0.3	0.0	1	513382	n/a
250.68310546875	0.3	1.0	2	513399	n/a
250.69140625	0.3	0.0	1	513416	n/a
250.69970703125	0.3	1.0	2	513433	n/a
250.7080078125	0.3	1.0	2	513450	n/a
250.71630859375	0.3	0.0	1	513467	n/a
250.724609375	0.3	1.0	2	513484	n/a
250.73291015625	0.3	0.0	1	513501	n/a
250.7412109375	0.3	0.0	1	513518	n/a
250.74951171875	0.3	1.0	2	513535	n/a
250.75830078125	0.3	0.0	1	513553	n/a
250.7666015625	0.3	1.0	2	513570	n/a
250.77490234375	0.3	1.0	2	513587	n/a
250.783203125	0.3	0.0	1	513604	n/a
250.79150390625	0.3	0.0	1	513621	n/a
250.7998046875	0.3	1.0	2	513638	n/a
250.80810546875	0.3	1.0	2	513655	n/a
250.81640625	0.3	0.0	1	513672	n/a
250.82470703125	0.3	0.0	1	513689	n/a
250.8330078125	0.3	1.0	2	513706	n/a
250.84130859375	0.3	0.0	1	513723	n/a
250.849609375	0.3	1.0	2	513740	n/a
250.85791015625	0.3	1.0	2	513757	n/a
250.8662109375	0.3	0.0	1	513774	n/a
250.87451171875	0.3	1.0	2	513791	n/a
250.88330078125	0.3	0.0	1	513809	n/a
250.8916015625	0.3	0.0	1	513826	n/a
250.89990234375	0.3	1.0	2	513843	n/a
250.908203125	0.3	0.0	1	513860	n/a
250.91650390625	0.3	1.0	2	513877	n/a
250.9248046875	0.3	1.0	2	513894	n/a
250.93310546875	0.3	0.0	1	513911	n/a
250.94140625	0.3	0.0	1	513928	n/a
250.94970703125	0.3	1.0	2	513945	n/a
250.9580078125	0.3	1.0	2	513962	n/a
250.96630859375	0.3	0.0	1	513979	n/a
250.974609375	0.3	1.0	2	513996	n/a
250.98291015625	0.3	0.0	1	514013	n/a
250.9912109375	0.3	1.0	2	514030	n/a
250.99951171875	0.3	0.0	1	514047	n/a
251.00830078125	0.3	1.0	2	514065	n/a
251.0166015625	0.3	0.0	1	514082	n/a
251.02490234375	0.3	1.0	2	514099	n/a
251.033203125	0.3	0.0	1	514116	n/a
251.04150390625	0.3	1.0	2	514133	n/a
251.0498046875	0.3	0.0	1	514150	n/a
251.05810546875	0.3	0.0	1	514167	n/a
251.06640625	0.3	1.0	2	514184	n/a
251.07470703125	0.3	0.0	1	514201	n/a
251.0830078125	0.3	1.0	2	514218	n/a
251.09130859375	0.3	0.0	1	514235	n/a
251.099609375	0.3	1.0	2	514252	n/a
251.10791015625	0.3	1.0	2	514269	n/a
251.1162109375	0.3	0.0	1	514286	n/a
251.12451171875	0.3	1.0	2	514303	n/a
251.13330078125	0.3	0.0	1	514321	n/a
