onset	duration	trial_type	value	sample	trial_id
18.18408203125	0.3	1.0	2	37241	9.0
18.1923828125	0.3	0.0	1	37258	n/a
18.20068359375	0.3	0.0	1	37275	n/a
18.208984375	0.3	1.0	2	37292	n/a
18.21728515625	0.3	1.0	2	37309	n/a
18.2255859375	0.3	0.0	1	37326	n/a
18.23388671875	0.3	1.0	2	37343	n/a
18.2421875	0.3	0.0	1	37360	n/a
18.2509765625	0.3	1.0	2	37378	n/a
18.25927734375	0.3	0.0	1	37395	n/a
18.267578125	0.3	0.0	1	37412	n/a
18.27587890625	0.3	1.0	2	37429	n/a
18.2841796875	0.3	0.0	1	37446	n/a
18.29248046875	0.3	1.0	2	37463	n/a
18.30078125	0.3	0.0	1	37480	n/a
18.30908203125	0.3	1.0	2	37497	n/a
18.3173828125	0.3	0.0	1	37514	n/a
18.32568359375	0.3	1.0	2	37531	n/a
18.333984375	0.3	1.0	2	37548	n/a
18.34228515625	0.3	0.0	1	37565	n/a
18.3505859375	0.3	0.0	1	37582	n/a
18.35888671875	0.3	1.0	2	37599	n/a
18.3671875	0.3	0.0	1	37616	n/a
18.3759765625	0.3	1.0	2	37634	n/a
18.38427734375	0.3	1.0	2	37651	n/a
18.392578125	0.3	0.0	1	37668	n/a
18.40087890625	0.3	1.0	2	37685	n/a
18.4091796875	0.3	0.0	1	37702	n/a
18.41748046875	0.3	0.0	1	37719	n/a
18.42578125	0.3	1.0	2	37736	n/a
18.43408203125	0.3	0.0	1	37753	n/a
18.4423828125	0.3	1.0	2	37770	n/a
18.45068359375	0.3	0.0	1	37787	n/a
18.458984375	0.3	1.0	2	37804	n/a
18.46728515625	0.3	1.0	2	37821	n/a
18.4755859375	0.3	0.0	1	37838	n/a
18.48388671875	0.3	0.0	1	37855	n/a
18.4921875	0.3	1.0	2	37872	n/a
18.5009765625	0.3	0.0	1	37890	n/a
18.50927734375	0.3	1.0	2	37907	n/a
18.517578125	0.3	1.0	2	37924	n/a
18.52587890625	0.3	0.0	1	37941	n/a
18.5341796875	0.3	1.0	2	37958	n/a
18.54248046875	0.3	0.0	1	37975	n/a
18.55078125	0.3	0.0	1	37992	n/a
18.55908203125	0.3	1.0	2	38009	n/a
18.5673828125	0.3	0.0	1	38026	n/a
18.57568359375	0.3	1.0	2	38043	n/a
18.583984375	0.3	0.0	1	38060	n/a
18.59228515625	0.3	1.0	2	38077	n/a
18.6005859375	0.3	0.0	1	38094	n/a
18.60888671875	0.3	1.0	2	38111	n/a
18.6171875	0.3	0.0	1	38128	n/a
18.6259765625	0.3	1.0	2	38146	n/a
18.63427734375	0.3	1.0	2	38163	n/a
18.642578125	0.3	0.0	1	38180	n/a
18.65087890625	0.3	0.0	1	38197	n/a
18.6591796875	0.3	1.0	2	38214	n/a
18.66748046875	0.3	0.0	1	38231	n/a
18.67578125	0.3	1.0	2	38248	n/a
18.68408203125	0.3	0.0	1	38265	n/a
18.6923828125	0.3	1.0	2	38282	n/a
18.70068359375	0.3	0.0	1	38299	n/a
18.708984375	0.3	1.0	2	38316	n/a
18.71728515625	0.3	0.0	1	38333	n/a
18.7255859375	0.3	1.0	2	38350	n/a
18.73388671875	0.3	0.0	1	38367	n/a
18.7421875	0.3	1.0	2	38384	n/a
18.7509765625	0.3	0.0	1	38402	n/a
18.75927734375	0.3	1.0	2	38419	n/a
18.767578125	0.3	1.0	2	38436	n/a
18.77587890625	0.3	0.0	1	38453	n/a
18.7841796875	0.3	0.0	1	38470	n/a
18.79248046875	0.3	1.0	2	38487	n/a
18.80078125	0.3	1.0	2	38504	n/a
18.80908203125	0.3	0.0	1	38521	n/a
18.8173828125	0.3	0.0	1	38538	n/a
18.82568359375	0.3	1.0	2	38555	n/a
18.833984375	0.3	1.0	2	38572	n/a
18.84228515625	0.3	0.0	1	38589	n/a
18.8505859375	0.3	0.0	1	38606	n/a
18.85888671875	0.3	1.0	2	38623	n/a
18.8671875	0.3	0.0	1	38640	n/a
18.8759765625	0.3	1.0	2	38658	n/a
18.88427734375	0.3	1.0	2	38675	n/a
18.892578125	0.3	0.0	1	38692	n/a
18.90087890625	0.3	1.0	2	38709	n/a
18.9091796875	0.3	0.0	1	38726	n/a
18.91748046875	0.3	0.0	1	38743	n/a
18.92578125	0.3	1.0	2	38760	n/a
18.93408203125	0.3	0.0	1	38777	n/a
18.9423828125	0.3	1.0	2	38794	n/a
18.95068359375	0.3	0.0	1	38811	n/a
18.958984375	0.3	1.0	2	38828	n/a
18.96728515625	0.3	1.0	2	38845	n/a
18.9755859375	0.3	0.0	1	38862	n/a
18.98388671875	0.3	0.0	1	38879	n/a
18.9921875	0.3	1.0	2	38896	n/a
19.0009765625	0.3	1.0	2	38914	n/a
19.00927734375	0.3	0.0	1	38931	n/a
19.017578125	0.3	1.0	2	38948	n/a
19.02587890625	0.3	0.0	1	38965	n/a
19.0341796875	0.3	0.0	1	38982	n/a
19.04248046875	0.3	1.0	2	38999	n/a
19.05078125	0.3	1.0	2	39016	n/a
19.05908203125	0.3	0.0	1	39033	n/a
19.0673828125	0.3	1.0	2	39050	n/a
19.07568359375	0.3	0.0	1	39067	n/a
19.083984375	0.3	0.0	1	39084	n/a
19.09228515625	0.3	1.0	2	39101	n/a
19.1005859375	0.3	0.0	1	39118	n/a
19.10888671875	0.3	1.0	2	39135	n/a
19.1171875	0.3	0.0	1	39152	n/a
19.1259765625	0.3	1.0	2	39170	n/a
19.13427734375	0.3	1.0	2	39187	n/a
19.142578125	0.3	0.0	1	39204	n/a
19.15087890625	0.3	0.0	1	39221	n/a
19.1591796875	0.3	1.0	2	39238	n/a
19.16748046875	0.3	0.0	1	39255	n/a
19.17578125	0.3	1.0	2	39272	n/a
19.18408203125	0.3	0.0	1	39289	n/a
19.1923828125	0.3	1.0	2	39306	n/a
19.20068359375	0.3	1.0	2	39323	n/a
19.208984375	0.3	0.0	1	39340	n/a
19.21728515625	0.3	0.0	1	39357	n/a
19.2255859375	0.3	1.0	2	39374	n/a
19.23388671875	0.3	1.0	2	39391	n/a
19.2421875	0.3	0.0	1	39408	n/a
19.2509765625	0.3	0.0	1	39426	n/a
19.25927734375	0.3	1.0	2	39443	n/a
19.267578125	0.3	1.0	2	39460	n/a
19.27587890625	0.3	0.0	1	39477	n/a
19.2841796875	0.3	1.0	2	39494	n/a
19.29248046875	0.3	0.0	1	39511	n/a
19.30078125	0.3	1.0	2	39528	n/a
19.30908203125	0.3	0.0	1	39545	n/a
19.3173828125	0.3	0.0	1	39562	n/a
19.32568359375	0.3	1.0	2	39579	n/a
19.333984375	0.3	0.0	1	39596	n/a
19.34228515625	0.3	1.0	2	39613	n/a
19.3505859375	0.3	0.0	1	39630	n/a
19.35888671875	0.3	1.0	2	39647	n/a
19.3671875	0.3	0.0	1	39664	n/a
19.3759765625	0.3	1.0	2	39682	n/a
19.38427734375	0.3	1.0	2	39699	n/a
19.392578125	0.3	0.0	1	39716	n/a
19.40087890625	0.3	0.0	1	39733	n/a
19.4091796875	0.3	1.0	2	39750	n/a
19.41748046875	0.3	0.0	1	39767	n/a
19.42578125	0.3	1.0	2	39784	n/a
19.43408203125	0.3	1.0	2	39801	n/a
19.4423828125	0.3	0.0	1	39818	n/a
19.45068359375	0.3	1.0	2	39835	n/a
19.458984375	0.3	0.0	1	39852	n/a
19.46728515625	0.3	0.0	1	39869	n/a
19.4755859375	0.3	1.0	2	39886	n/a
19.48388671875	0.3	0.0	1	39903	n/a
19.4921875	0.3	1.0	2	39920	n/a
19.5009765625	0.3	0.0	1	39938	n/a
19.50927734375	0.3	1.0	2	39955	n/a
19.517578125	0.3	1.0	2	39972	n/a
19.52587890625	0.3	0.0	1	39989	n/a
19.5341796875	0.3	0.0	1	40006	n/a
19.54248046875	0.3	1.0	2	40023	n/a
19.55078125	0.3	0.0	1	40040	n/a
19.55908203125	0.3	1.0	2	40057	n/a
19.5673828125	0.3	1.0	2	40074	n/a
19.57568359375	0.3	0.0	1	40091	n/a
19.583984375	0.3	1.0	2	40108	n/a
19.59228515625	0.3	0.0	1	40125	n/a
19.6005859375	0.3	0.0	1	40142	n/a
19.60888671875	0.3	1.0	2	40159	n/a
19.6171875	0.3	0.0	1	40176	n/a
19.6259765625	0.3	1.0	2	40194	n/a
19.63427734375	0.3	0.0	1	40211	n/a
19.642578125	0.3	1.0	2	40228	n/a
19.65087890625	0.3	0.0	1	40245	n/a
19.6591796875	0.3	1.0	2	40262	n/a
19.66748046875	0.3	0.0	1	40279	n/a
19.67578125	0.3	1.0	2	40296	n/a
19.68408203125	0.3	1.0	2	40313	n/a
19.6923828125	0.3	0.0	1	40330	n/a
19.70068359375	0.3	0.0	1	40347	n/a
19.708984375	0.3	1.0	2	40364	n/a
19.71728515625	0.3	0.0	1	40381	n/a
19.7255859375	0.3	1.0	2	40398	n/a
19.73388671875	0.3	0.0	1	40415	n/a
19.7421875	0.3	1.0	2	40432	n/a
19.7509765625	0.3	0.0	1	40450	n/a
19.75927734375	0.3	1.0	2	40467	n/a
19.767578125	0.3	0.0	1	40484	n/a
19.77587890625	0.3	1.0	2	40501	n/a
19.7841796875	0.3	0.0	1	40518	n/a
19.79248046875	0.3	1.0	2	40535	n/a
19.80078125	0.3	0.0	1	40552	n/a
19.80908203125	0.3	1.0	2	40569	n/a
19.8173828125	0.3	1.0	2	40586	n/a
19.82568359375	0.3	0.0	1	40603	n/a
19.833984375	0.3	0.0	1	40620	n/a
19.84228515625	0.3	1.0	2	40637	n/a
19.8505859375	0.3	1.0	2	40654	n/a
19.85888671875	0.3	0.0	1	40671	n/a
19.8671875	0.3	0.0	1	40688	n/a
19.8759765625	0.3	1.0	2	40706	n/a
19.88427734375	0.3	1.0	2	40723	n/a
19.892578125	0.3	0.0	1	40740	n/a
19.90087890625	0.3	0.0	1	40757	n/a
19.9091796875	0.3	1.0	2	40774	n/a
19.91748046875	0.3	0.0	1	40791	n/a
19.92578125	0.3	1.0	2	40808	n/a
19.93408203125	0.3	1.0	2	40825	n/a
19.9423828125	0.3	0.0	1	40842	n/a
19.95068359375	0.3	1.0	2	40859	n/a
19.958984375	0.3	0.0	1	40876	n/a
19.96728515625	0.3	0.0	1	40893	n/a
19.9755859375	0.3	1.0	2	40910	n/a
19.98388671875	0.3	0.0	1	40927	n/a
19.9921875	0.3	1.0	2	40944	n/a
20.0009765625	0.3	0.0	1	40962	n/a
20.00927734375	0.3	1.0	2	40979	n/a
20.017578125	0.3	1.0	2	40996	n/a
20.02587890625	0.3	0.0	1	41013	n/a
20.0341796875	0.3	0.0	1	41030	n/a
20.04248046875	0.3	1.0	2	41047	n/a
20.05078125	0.3	1.0	2	41064	n/a
20.05908203125	0.3	0.0	1	41081	n/a
20.0673828125	0.3	1.0	2	41098	n/a
20.07568359375	0.3	0.0	1	41115	n/a
20.083984375	0.3	0.0	1	41132	n/a
20.09228515625	0.3	1.0	2	41149	n/a
20.1005859375	0.3	1.0	2	41166	n/a
20.10888671875	0.3	0.0	1	41183	n/a
20.1171875	0.3	1.0	2	41200	n/a
20.1259765625	0.3	0.0	1	41218	n/a
20.13427734375	0.3	0.0	1	41235	n/a
20.142578125	0.3	1.0	2	41252	n/a
20.15087890625	0.3	0.0	1	41269	n/a
20.1591796875	0.3	1.0	2	41286	n/a
20.16748046875	0.3	0.0	1	41303	n/a
20.17578125	0.3	1.0	2	41320	n/a
20.18408203125	0.3	1.0	2	41337	n/a
20.1923828125	0.3	0.0	1	41354	n/a
20.20068359375	0.3	0.0	1	41371	n/a
20.208984375	0.3	1.0	2	41388	n/a
20.21728515625	0.3	0.0	1	41405	n/a
20.2255859375	0.3	1.0	2	41422	n/a
20.23388671875	0.3	0.0	1	41439	n/a
20.2421875	0.3	1.0	2	41456	n/a
20.2509765625	0.3	1.0	2	41474	n/a
20.25927734375	0.3	0.0	1	41491	n/a
20.267578125	0.3	0.0	1	41508	n/a
20.27587890625	0.3	1.0	2	41525	n/a
20.2841796875	0.3	1.0	2	41542	n/a
20.29248046875	0.3	0.0	1	41559	n/a
20.30078125	0.3	0.0	1	41576	n/a
20.30908203125	0.3	1.0	2	41593	n/a
20.3173828125	0.3	1.0	2	41610	n/a
20.32568359375	0.3	0.0	1	41627	n/a
20.333984375	0.3	1.0	2	41644	n/a
20.34228515625	0.3	0.0	1	41661	n/a
20.3505859375	0.3	1.0	2	41678	n/a
20.35888671875	0.3	0.0	1	41695	n/a
20.3671875	0.3	0.0	1	41712	n/a
20.3759765625	0.3	1.0	2	41730	n/a
20.38427734375	0.3	0.0	1	41747	n/a
20.392578125	0.3	1.0	2	41764	n/a
20.40087890625	0.3	0.0	1	41781	n/a
20.4091796875	0.3	1.0	2	41798	n/a
20.41748046875	0.3	0.0	1	41815	n/a
20.42578125	0.3	1.0	2	41832	n/a
20.43408203125	0.3	1.0	2	41849	n/a
20.4423828125	0.3	0.0	1	41866	n/a
20.45068359375	0.3	0.0	1	41883	n/a
20.458984375	0.3	1.0	2	41900	n/a
20.46728515625	0.3	0.0	1	41917	n/a
20.4755859375	0.3	1.0	2	41934	n/a
20.48388671875	0.3	1.0	2	41951	n/a
20.4921875	0.3	0.0	1	41968	n/a
20.5009765625	0.3	1.0	2	41986	n/a
20.50927734375	0.3	0.0	1	42003	n/a
20.517578125	0.3	0.0	1	42020	n/a
20.52587890625	0.3	1.0	2	42037	n/a
20.5341796875	0.3	0.0	1	42054	n/a
20.54248046875	0.3	1.0	2	42071	n/a
20.55078125	0.3	0.0	1	42088	n/a
20.55908203125	0.3	1.0	2	42105	n/a
20.5673828125	0.3	1.0	2	42122	n/a
20.57568359375	0.3	0.0	1	42139	n/a
20.583984375	0.3	0.0	1	42156	n/a
20.59228515625	0.3	1.0	2	42173	n/a
20.6005859375	0.3	0.0	1	42190	n/a
20.60888671875	0.3	1.0	2	42207	n/a
20.6171875	0.3	1.0	2	42224	n/a
20.6259765625	0.3	0.0	1	42242	n/a
20.63427734375	0.3	1.0	2	42259	n/a
20.642578125	0.3	0.0	1	42276	n/a
20.65087890625	0.3	0.0	1	42293	n/a
20.6591796875	0.3	1.0	2	42310	n/a
20.66748046875	0.3	0.0	1	42327	n/a
20.67578125	0.3	1.0	2	42344	n/a
20.68408203125	0.3	0.0	1	42361	n/a
20.6923828125	0.3	1.0	2	42378	n/a
20.70068359375	0.3	0.0	1	42395	n/a
20.708984375	0.3	1.0	2	42412	n/a
20.71728515625	0.3	0.0	1	42429	n/a
20.7255859375	0.3	1.0	2	42446	n/a
20.73388671875	0.3	1.0	2	42463	n/a
20.7421875	0.3	0.0	1	42480	n/a
20.7509765625	0.3	0.0	1	42498	n/a
20.75927734375	0.3	1.0	2	42515	n/a
20.767578125	0.3	0.0	1	42532	n/a
20.77587890625	0.3	1.0	2	42549	n/a
20.7841796875	0.3	0.0	1	42566	n/a
20.79248046875	0.3	1.0	2	42583	n/a
20.80078125	0.3	0.0	1	42600	n/a
20.80908203125	0.3	1.0	2	42617	n/a
20.8173828125	0.3	0.0	1	42634	n/a
20.82568359375	0.3	1.0	2	42651	n/a
20.833984375	0.3	0.0	1	42668	n/a
20.84228515625	0.3	1.0	2	42685	n/a
20.8505859375	0.3	0.0	1	42702	n/a
20.85888671875	0.3	1.0	2	42719	n/a
20.8671875	0.3	1.0	2	42736	n/a
20.8759765625	0.3	0.0	1	42754	n/a
20.88427734375	0.3	0.0	1	42771	n/a
20.892578125	0.3	1.0	2	42788	n/a
20.90087890625	0.3	1.0	2	42805	n/a
20.9091796875	0.3	0.0	1	42822	n/a
20.91748046875	0.3	0.0	1	42839	n/a
20.92578125	0.3	1.0	2	42856	n/a
20.93408203125	0.3	1.0	2	42873	n/a
20.9423828125	0.3	0.0	1	42890	n/a
20.95068359375	0.3	0.0	1	42907	n/a
20.958984375	0.3	1.0	2	42924	n/a
20.96728515625	0.3	0.0	1	42941	n/a
20.9755859375	0.3	1.0	2	42958	n/a
20.98388671875	0.3	1.0	2	42975	n/a
20.9921875	0.3	0.0	1	42992	n/a
21.0009765625	0.3	1.0	2	43010	n/a
21.00927734375	0.3	0.0	1	43027	n/a
21.017578125	0.3	0.0	1	43044	n/a
21.02587890625	0.3	1.0	2	43061	n/a
21.0341796875	0.3	0.0	1	43078	n/a
21.04248046875	0.3	1.0	2	43095	n/a
21.05078125	0.3	0.0	1	43112	n/a
21.05908203125	0.3	1.0	2	43129	n/a
21.0673828125	0.3	1.0	2	43146	n/a
21.07568359375	0.3	0.0	1	43163	n/a
21.083984375	0.3	0.0	1	43180	n/a
21.09228515625	0.3	1.0	2	43197	n/a
21.1005859375	0.3	1.0	2	43214	n/a
21.10888671875	0.3	0.0	1	43231	n/a
21.1171875	0.3	1.0	2	43248	n/a
21.1259765625	0.3	0.0	1	43266	n/a
21.13427734375	0.3	0.0	1	43283	n/a
21.142578125	0.3	1.0	2	43300	n/a
21.15087890625	0.3	1.0	2	43317	n/a
21.1591796875	0.3	0.0	1	43334	n/a
21.16748046875	0.3	1.0	2	43351	n/a
21.17578125	0.3	0.0	1	43368	n/a
21.18408203125	0.3	0.0	1	43385	n/a
21.1923828125	0.3	1.0	2	43402	n/a
21.20068359375	0.3	0.0	1	43419	n/a
21.208984375	0.3	1.0	2	43436	n/a
21.21728515625	0.3	0.0	1	43453	n/a
21.2255859375	0.3	1.0	2	43470	n/a
21.23388671875	0.3	1.0	2	43487	n/a
21.2421875	0.3	0.0	1	43504	n/a
21.2509765625	0.3	0.0	1	43522	n/a
21.25927734375	0.3	1.0	2	43539	n/a
21.267578125	0.3	0.0	1	43556	n/a
21.27587890625	0.3	1.0	2	43573	n/a
21.2841796875	0.3	0.0	1	43590	n/a
21.29248046875	0.3	1.0	2	43607	n/a
21.30078125	0.3	1.0	2	43624	n/a
21.30908203125	0.3	0.0	1	43641	n/a
21.3173828125	0.3	0.0	1	43658	n/a
21.32568359375	0.3	1.0	2	43675	n/a
21.333984375	0.3	1.0	2	43692	n/a
21.34228515625	0.3	0.0	1	43709	n/a
21.3505859375	0.3	0.0	1	43726	n/a
21.35888671875	0.3	1.0	2	43743	n/a
21.3671875	0.3	1.0	2	43760	n/a
21.3759765625	0.3	0.0	1	43778	n/a
21.38427734375	0.3	1.0	2	43795	n/a
21.392578125	0.3	0.0	1	43812	n/a
21.40087890625	0.3	1.0	2	43829	n/a
21.4091796875	0.3	0.0	1	43846	n/a
21.41748046875	0.3	0.0	1	43863	n/a
21.42578125	0.3	1.0	2	43880	n/a
21.43408203125	0.3	0.0	1	43897	n/a
21.4423828125	0.3	1.0	2	43914	n/a
21.45068359375	0.3	0.0	1	43931	n/a
21.458984375	0.3	1.0	2	43948	n/a
21.46728515625	0.3	0.0	1	43965	n/a
21.4755859375	0.3	1.0	2	43982	n/a
21.48388671875	0.3	1.0	2	43999	n/a
21.4921875	0.3	0.0	1	44016	n/a
21.5009765625	0.3	0.0	1	44034	n/a
21.50927734375	0.3	1.0	2	44051	n/a
21.517578125	0.3	0.0	1	44068	n/a
21.52587890625	0.3	1.0	2	44085	n/a
21.5341796875	0.3	1.0	2	44102	n/a
21.54248046875	0.3	0.0	1	44119	n/a
21.55078125	0.3	1.0	2	44136	n/a
21.55908203125	0.3	0.0	1	44153	n/a
21.5673828125	0.3	0.0	1	44170	n/a
21.57568359375	0.3	1.0	2	44187	n/a
21.583984375	0.3	0.0	1	44204	n/a
21.59228515625	0.3	1.0	2	44221	n/a
21.6005859375	0.3	0.0	1	44238	n/a
21.60888671875	0.3	1.0	2	44255	n/a
21.6171875	0.3	1.0	2	44272	n/a
21.6259765625	0.3	0.0	1	44290	n/a
21.63427734375	0.3	0.0	1	44307	n/a
21.642578125	0.3	1.0	2	44324	n/a
21.65087890625	0.3	0.0	1	44341	n/a
21.6591796875	0.3	1.0	2	44358	n/a
21.66748046875	0.3	1.0	2	44375	n/a
21.67578125	0.3	0.0	1	44392	n/a
21.68408203125	0.3	1.0	2	44409	n/a
21.6923828125	0.3	0.0	1	44426	n/a
21.70068359375	0.3	0.0	1	44443	n/a
21.708984375	0.3	1.0	2	44460	n/a
21.71728515625	0.3	0.0	1	44477	n/a
21.7255859375	0.3	1.0	2	44494	n/a
21.73388671875	0.3	0.0	1	44511	n/a
21.7421875	0.3	1.0	2	44528	n/a
21.7509765625	0.3	0.0	1	44546	n/a
21.75927734375	0.3	1.0	2	44563	n/a
21.767578125	0.3	0.0	1	44580	n/a
21.77587890625	0.3	1.0	2	44597	n/a
21.7841796875	0.3	1.0	2	44614	n/a
21.79248046875	0.3	0.0	1	44631	n/a
21.80078125	0.3	0.0	1	44648	n/a
21.80908203125	0.3	1.0	2	44665	n/a
21.8173828125	0.3	0.0	1	44682	n/a
21.82568359375	0.3	1.0	2	44699	n/a
21.833984375	0.3	0.0	1	44716	n/a
21.84228515625	0.3	1.0	2	44733	n/a
21.8505859375	0.3	0.0	1	44750	n/a
21.85888671875	0.3	1.0	2	44767	n/a
21.8671875	0.3	0.0	1	44784	n/a
21.8759765625	0.3	1.0	2	44802	n/a
21.88427734375	0.3	0.0	1	44819	n/a
21.892578125	0.3	1.0	2	44836	n/a
21.90087890625	0.3	0.0	1	44853	n/a
21.9091796875	0.3	1.0	2	44870	n/a
21.91748046875	0.3	1.0	2	44887	n/a
21.92578125	0.3	0.0	1	44904	n/a
21.93408203125	0.3	0.0	1	44921	n/a
21.9423828125	0.3	1.0	2	44938	n/a
21.95068359375	0.3	1.0	2	44955	n/a
21.958984375	0.3	0.0	1	44972	n/a
21.96728515625	0.3	0.0	1	44989	n/a
21.9755859375	0.3	1.0	2	45006	n/a
21.98388671875	0.3	1.0	2	45023	n/a
21.9921875	0.3	0.0	1	45040	n/a
22.0009765625	0.3	0.0	1	45058	n/a
22.00927734375	0.3	1.0	2	45075	n/a
22.017578125	0.3	0.0	1	45092	n/a
22.02587890625	0.3	1.0	2	45109	n/a
22.0341796875	0.3	1.0	2	45126	n/a
22.04248046875	0.3	0.0	1	45143	n/a
22.05078125	0.3	1.0	2	45160	n/a
22.05908203125	0.3	0.0	1	45177	n/a
22.0673828125	0.3	0.0	1	45194	n/a
22.07568359375	0.3	1.0	2	45211	n/a
22.083984375	0.3	0.0	1	45228	n/a
22.09228515625	0.3	1.0	2	45245	n/a
22.1005859375	0.3	0.0	1	45262	n/a
22.10888671875	0.3	1.0	2	45279	n/a
22.1171875	0.3	1.0	2	45296	n/a
22.1259765625	0.3	0.0	1	45314	n/a
22.13427734375	0.3	0.0	1	45331	n/a
22.142578125	0.3	1.0	2	45348	n/a
22.15087890625	0.3	1.0	2	45365	n/a
22.1591796875	0.3	0.0	1	45382	n/a
22.16748046875	0.3	1.0	2	45399	n/a
22.17578125	0.3	0.0	1	45416	n/a
22.18408203125	0.3	0.0	1	45433	n/a
22.1923828125	0.3	1.0	2	45450	n/a
22.20068359375	0.3	1.0	2	45467	n/a
22.208984375	0.3	0.0	1	45484	n/a
22.21728515625	0.3	1.0	2	45501	n/a
22.2255859375	0.3	0.0	1	45518	n/a
22.23388671875	0.3	0.0	1	45535	n/a
22.2421875	0.3	1.0	2	45552	n/a
22.2509765625	0.3	0.0	1	45570	n/a
22.25927734375	0.3	1.0	2	45587	n/a
22.267578125	0.3	0.0	1	45604	n/a
22.27587890625	0.3	1.0	2	45621	n/a
22.2841796875	0.3	1.0	2	45638	n/a
22.29248046875	0.3	0.0	1	45655	n/a
22.30078125	0.3	0.0	1	45672	n/a
22.30908203125	0.3	1.0	2	45689	n/a
22.3173828125	0.3	0.0	1	45706	n/a
22.32568359375	0.3	1.0	2	45723	n/a
22.333984375	0.3	0.0	1	45740	n/a
22.34228515625	0.3	1.0	2	45757	n/a
22.3505859375	0.3	1.0	2	45774	n/a
22.35888671875	0.3	0.0	1	45791	n/a
22.3671875	0.3	0.0	1	45808	n/a
22.3759765625	0.3	1.0	2	45826	n/a
24.74658203125	0.3	1.0	2	50681	15.0
24.7548828125	0.3	0.0	1	50698	n/a
24.76318359375	0.3	0.0	1	50715	n/a
24.771484375	0.3	1.0	2	50732	n/a
24.77978515625	0.3	0.0	1	50749	n/a
24.7880859375	0.3	1.0	2	50766	n/a
24.79638671875	0.3	0.0	1	50783	n/a
24.8046875	0.3	1.0	2	50800	n/a
24.8134765625	0.3	0.0	1	50818	n/a
24.82177734375	0.3	1.0	2	50835	n/a
24.830078125	0.3	1.0	2	50852	n/a
24.83837890625	0.3	0.0	1	50869	n/a
24.8466796875	0.3	0.0	1	50886	n/a
24.85498046875	0.3	1.0	2	50903	n/a
24.86328125	0.3	1.0	2	50920	n/a
24.87158203125	0.3	0.0	1	50937	n/a
24.8798828125	0.3	1.0	2	50954	n/a
24.88818359375	0.3	0.0	1	50971	n/a
24.896484375	0.3	0.0	1	50988	n/a
24.90478515625	0.3	1.0	2	51005	n/a
24.9130859375	0.3	0.0	1	51022	n/a
24.92138671875	0.3	1.0	2	51039	n/a
24.9296875	0.3	1.0	2	51056	n/a
24.9384765625	0.3	0.0	1	51074	n/a
24.94677734375	0.3	1.0	2	51091	n/a
24.955078125	0.3	0.0	1	51108	n/a
24.96337890625	0.3	0.0	1	51125	n/a
24.9716796875	0.3	1.0	2	51142	n/a
24.97998046875	0.3	1.0	2	51159	n/a
24.98828125	0.3	0.0	1	51176	n/a
24.99658203125	0.3	0.0	1	51193	n/a
25.0048828125	0.3	1.0	2	51210	n/a
25.01318359375	0.3	1.0	2	51227	n/a
25.021484375	0.3	0.0	1	51244	n/a
25.02978515625	0.3	1.0	2	51261	n/a
25.0380859375	0.3	0.0	1	51278	n/a
25.04638671875	0.3	0.0	1	51295	n/a
25.0546875	0.3	1.0	2	51312	n/a
25.0634765625	0.3	1.0	2	51330	n/a
25.07177734375	0.3	0.0	1	51347	n/a
25.080078125	0.3	0.0	1	51364	n/a
25.08837890625	0.3	1.0	2	51381	n/a
25.0966796875	0.3	1.0	2	51398	n/a
25.10498046875	0.3	0.0	1	51415	n/a
25.11328125	0.3	1.0	2	51432	n/a
25.12158203125	0.3	0.0	1	51449	n/a
25.1298828125	0.3	1.0	2	51466	n/a
25.13818359375	0.3	0.0	1	51483	n/a
25.146484375	0.3	0.0	1	51500	n/a
25.15478515625	0.3	1.0	2	51517	n/a
25.1630859375	0.3	0.0	1	51534	n/a
25.17138671875	0.3	1.0	2	51551	n/a
25.1796875	0.3	0.0	1	51568	n/a
25.1884765625	0.3	1.0	2	51586	n/a
25.19677734375	0.3	0.0	1	51603	n/a
25.205078125	0.3	1.0	2	51620	n/a
25.21337890625	0.3	0.0	1	51637	n/a
25.2216796875	0.3	1.0	2	51654	n/a
25.22998046875	0.3	0.0	1	51671	n/a
25.23828125	0.3	1.0	2	51688	n/a
25.24658203125	0.3	1.0	2	51705	n/a
25.2548828125	0.3	0.0	1	51722	n/a
25.26318359375	0.3	0.0	1	51739	n/a
25.271484375	0.3	1.0	2	51756	n/a
25.27978515625	0.3	0.0	1	51773	n/a
25.2880859375	0.3	1.0	2	51790	n/a
25.29638671875	0.3	0.0	1	51807	n/a
25.3046875	0.3	1.0	2	51824	n/a
25.3134765625	0.3	0.0	1	51842	n/a
25.32177734375	0.3	1.0	2	51859	n/a
25.330078125	0.3	0.0	1	51876	n/a
25.33837890625	0.3	1.0	2	51893	n/a
25.3466796875	0.3	1.0	2	51910	n/a
25.35498046875	0.3	0.0	1	51927	n/a
25.36328125	0.3	0.0	1	51944	n/a
25.37158203125	0.3	1.0	2	51961	n/a
25.3798828125	0.3	0.0	1	51978	n/a
25.38818359375	0.3	1.0	2	51995	n/a
25.396484375	0.3	1.0	2	52012	n/a
25.40478515625	0.3	0.0	1	52029	n/a
25.4130859375	0.3	0.0	1	52046	n/a
25.42138671875	0.3	1.0	2	52063	n/a
25.4296875	0.3	0.0	1	52080	n/a
25.4384765625	0.3	1.0	2	52098	n/a
25.44677734375	0.3	1.0	2	52115	n/a
25.455078125	0.3	0.0	1	52132	n/a
25.46337890625	0.3	0.0	1	52149	n/a
25.4716796875	0.3	1.0	2	52166	n/a
25.47998046875	0.3	0.0	1	52183	n/a
25.48828125	0.3	1.0	2	52200	n/a
25.49658203125	0.3	1.0	2	52217	n/a
25.5048828125	0.3	0.0	1	52234	n/a
25.51318359375	0.3	1.0	2	52251	n/a
25.521484375	0.3	0.0	1	52268	n/a
25.52978515625	0.3	0.0	1	52285	n/a
25.5380859375	0.3	1.0	2	52302	n/a
25.54638671875	0.3	1.0	2	52319	n/a
25.5546875	0.3	0.0	1	52336	n/a
25.5634765625	0.3	0.0	1	52354	n/a
25.57177734375	0.3	1.0	2	52371	n/a
25.580078125	0.3	0.0	1	52388	n/a
25.58837890625	0.3	1.0	2	52405	n/a
25.5966796875	0.3	0.0	1	52422	n/a
25.60498046875	0.3	1.0	2	52439	n/a
25.61328125	0.3	1.0	2	52456	n/a
25.62158203125	0.3	0.0	1	52473	n/a
25.6298828125	0.3	0.0	1	52490	n/a
25.63818359375	0.3	1.0	2	52507	n/a
25.646484375	0.3	0.0	1	52524	n/a
25.65478515625	0.3	1.0	2	52541	n/a
25.6630859375	0.3	1.0	2	52558	n/a
25.67138671875	0.3	0.0	1	52575	n/a
25.6796875	0.3	0.0	1	52592	n/a
25.6884765625	0.3	1.0	2	52610	n/a
25.69677734375	0.3	0.0	1	52627	n/a
25.705078125	0.3	1.0	2	52644	n/a
25.71337890625	0.3	0.0	1	52661	n/a
25.7216796875	0.3	1.0	2	52678	n/a
25.72998046875	0.3	0.0	1	52695	n/a
25.73828125	0.3	1.0	2	52712	n/a
25.74658203125	0.3	0.0	1	52729	n/a
25.7548828125	0.3	1.0	2	52746	n/a
25.76318359375	0.3	0.0	1	52763	n/a
25.771484375	0.3	1.0	2	52780	n/a
25.77978515625	0.3	1.0	2	52797	n/a
25.7880859375	0.3	0.0	1	52814	n/a
25.79638671875	0.3	1.0	2	52831	n/a
25.8046875	0.3	0.0	1	52848	n/a
25.8134765625	0.3	0.0	1	52866	n/a
25.82177734375	0.3	1.0	2	52883	n/a
25.830078125	0.3	0.0	1	52900	n/a
25.83837890625	0.3	1.0	2	52917	n/a
25.8466796875	0.3	0.0	1	52934	n/a
25.85498046875	0.3	1.0	2	52951	n/a
25.86328125	0.3	0.0	1	52968	n/a
25.87158203125	0.3	1.0	2	52985	n/a
25.8798828125	0.3	1.0	2	53002	n/a
25.88818359375	0.3	0.0	1	53019	n/a
25.896484375	0.3	0.0	1	53036	n/a
25.90478515625	0.3	1.0	2	53053	n/a
25.9130859375	0.3	1.0	2	53070	n/a
25.92138671875	0.3	0.0	1	53087	n/a
25.9296875	0.3	1.0	2	53104	n/a
25.9384765625	0.3	0.0	1	53122	n/a
25.94677734375	0.3	0.0	1	53139	n/a
25.955078125	0.3	1.0	2	53156	n/a
25.96337890625	0.3	0.0	1	53173	n/a
25.9716796875	0.3	1.0	2	53190	n/a
25.97998046875	0.3	1.0	2	53207	n/a
25.98828125	0.3	0.0	1	53224	n/a
25.99658203125	0.3	1.0	2	53241	n/a
26.0048828125	0.3	0.0	1	53258	n/a
26.01318359375	0.3	0.0	1	53275	n/a
26.021484375	0.3	1.0	2	53292	n/a
26.02978515625	0.3	1.0	2	53309	n/a
26.0380859375	0.3	0.0	1	53326	n/a
26.04638671875	0.3	0.0	1	53343	n/a
26.0546875	0.3	1.0	2	53360	n/a
26.0634765625	0.3	1.0	2	53378	n/a
26.07177734375	0.3	0.0	1	53395	n/a
26.080078125	0.3	1.0	2	53412	n/a
26.08837890625	0.3	0.0	1	53429	n/a
26.0966796875	0.3	0.0	1	53446	n/a
26.10498046875	0.3	1.0	2	53463	n/a
26.11328125	0.3	1.0	2	53480	n/a
26.12158203125	0.3	0.0	1	53497	n/a
26.1298828125	0.3	0.0	1	53514	n/a
26.13818359375	0.3	1.0	2	53531	n/a
26.146484375	0.3	1.0	2	53548	n/a
26.15478515625	0.3	0.0	1	53565	n/a
26.1630859375	0.3	1.0	2	53582	n/a
26.17138671875	0.3	0.0	1	53599	n/a
26.1796875	0.3	1.0	2	53616	n/a
26.1884765625	0.3	0.0	1	53634	n/a
26.19677734375	0.3	0.0	1	53651	n/a
26.205078125	0.3	1.0	2	53668	n/a
26.21337890625	0.3	0.0	1	53685	n/a
26.2216796875	0.3	1.0	2	53702	n/a
26.22998046875	0.3	0.0	1	53719	n/a
26.23828125	0.3	1.0	2	53736	n/a
26.24658203125	0.3	0.0	1	53753	n/a
26.2548828125	0.3	1.0	2	53770	n/a
26.26318359375	0.3	0.0	1	53787	n/a
26.271484375	0.3	1.0	2	53804	n/a
26.27978515625	0.3	0.0	1	53821	n/a
26.2880859375	0.3	1.0	2	53838	n/a
26.29638671875	0.3	1.0	2	53855	n/a
26.3046875	0.3	0.0	1	53872	n/a
26.3134765625	0.3	0.0	1	53890	n/a
26.32177734375	0.3	1.0	2	53907	n/a
26.330078125	0.3	0.0	1	53924	n/a
26.33837890625	0.3	1.0	2	53941	n/a
26.3466796875	0.3	0.0	1	53958	n/a
26.35498046875	0.3	1.0	2	53975	n/a
26.36328125	0.3	0.0	1	53992	n/a
26.37158203125	0.3	1.0	2	54009	n/a
26.3798828125	0.3	0.0	1	54026	n/a
26.38818359375	0.3	1.0	2	54043	n/a
26.396484375	0.3	1.0	2	54060	n/a
26.40478515625	0.3	0.0	1	54077	n/a
26.4130859375	0.3	0.0	1	54094	n/a
26.42138671875	0.3	1.0	2	54111	n/a
26.4296875	0.3	0.0	1	54128	n/a
26.4384765625	0.3	1.0	2	54146	n/a
26.44677734375	0.3	1.0	2	54163	n/a
26.455078125	0.3	0.0	1	54180	n/a
26.46337890625	0.3	0.0	1	54197	n/a
26.4716796875	0.3	1.0	2	54214	n/a
26.47998046875	0.3	0.0	1	54231	n/a
26.48828125	0.3	1.0	2	54248	n/a
26.49658203125	0.3	1.0	2	54265	n/a
26.5048828125	0.3	0.0	1	54282	n/a
26.51318359375	0.3	0.0	1	54299	n/a
26.521484375	0.3	1.0	2	54316	n/a
26.52978515625	0.3	0.0	1	54333	n/a
26.5380859375	0.3	1.0	2	54350	n/a
26.54638671875	0.3	1.0	2	54367	n/a
26.5546875	0.3	0.0	1	54384	n/a
26.5634765625	0.3	1.0	2	54402	n/a
26.57177734375	0.3	0.0	1	54419	n/a
26.580078125	0.3	0.0	1	54436	n/a
26.58837890625	0.3	1.0	2	54453	n/a
26.5966796875	0.3	1.0	2	54470	n/a
26.60498046875	0.3	0.0	1	54487	n/a
26.61328125	0.3	0.0	1	54504	n/a
26.62158203125	0.3	1.0	2	54521	n/a
26.6298828125	0.3	0.0	1	54538	n/a
26.63818359375	0.3	1.0	2	54555	n/a
26.646484375	0.3	0.0	1	54572	n/a
26.65478515625	0.3	1.0	2	54589	n/a
26.6630859375	0.3	1.0	2	54606	n/a
26.67138671875	0.3	0.0	1	54623	n/a
26.6796875	0.3	0.0	1	54640	n/a
26.6884765625	0.3	1.0	2	54658	n/a
26.69677734375	0.3	0.0	1	54675	n/a
26.705078125	0.3	1.0	2	54692	n/a
26.71337890625	0.3	1.0	2	54709	n/a
26.7216796875	0.3	0.0	1	54726	n/a
26.72998046875	0.3	0.0	1	54743	n/a
26.73828125	0.3	1.0	2	54760	n/a
26.74658203125	0.3	0.0	1	54777	n/a
26.7548828125	0.3	1.0	2	54794	n/a
26.76318359375	0.3	0.0	1	54811	n/a
26.771484375	0.3	1.0	2	54828	n/a
26.77978515625	0.3	0.0	1	54845	n/a
26.7880859375	0.3	1.0	2	54862	n/a
26.79638671875	0.3	0.0	1	54879	n/a
26.8046875	0.3	1.0	2	54896	n/a
26.8134765625	0.3	0.0	1	54914	n/a
26.82177734375	0.3	1.0	2	54931	n/a
26.830078125	0.3	1.0	2	54948	n/a
26.83837890625	0.3	0.0	1	54965	n/a
26.8466796875	0.3	1.0	2	54982	n/a
26.85498046875	0.3	0.0	1	54999	n/a
26.86328125	0.3	0.0	1	55016	n/a
26.87158203125	0.3	1.0	2	55033	n/a
26.8798828125	0.3	0.0	1	55050	n/a
26.88818359375	0.3	1.0	2	55067	n/a
26.896484375	0.3	0.0	1	55084	n/a
26.90478515625	0.3	1.0	2	55101	n/a
26.9130859375	0.3	0.0	1	55118	n/a
26.92138671875	0.3	1.0	2	55135	n/a
26.9296875	0.3	1.0	2	55152	n/a
26.9384765625	0.3	0.0	1	55170	n/a
26.94677734375	0.3	0.0	1	55187	n/a
26.955078125	0.3	1.0	2	55204	n/a
26.96337890625	0.3	1.0	2	55221	n/a
26.9716796875	0.3	0.0	1	55238	n/a
26.97998046875	0.3	1.0	2	55255	n/a
26.98828125	0.3	0.0	1	55272	n/a
26.99658203125	0.3	0.0	1	55289	n/a
27.0048828125	0.3	1.0	2	55306	n/a
27.01318359375	0.3	0.0	1	55323	n/a
27.021484375	0.3	1.0	2	55340	n/a
27.02978515625	0.3	1.0	2	55357	n/a
27.0380859375	0.3	0.0	1	55374	n/a
27.04638671875	0.3	1.0	2	55391	n/a
27.0546875	0.3	0.0	1	55408	n/a
27.0634765625	0.3	0.0	1	55426	n/a
27.07177734375	0.3	1.0	2	55443	n/a
27.080078125	0.3	1.0	2	55460	n/a
27.08837890625	0.3	0.0	1	55477	n/a
27.0966796875	0.3	0.0	1	55494	n/a
27.10498046875	0.3	1.0	2	55511	n/a
27.11328125	0.3	1.0	2	55528	n/a
27.12158203125	0.3	0.0	1	55545	n/a
27.1298828125	0.3	1.0	2	55562	n/a
27.13818359375	0.3	0.0	1	55579	n/a
27.146484375	0.3	0.0	1	55596	n/a
27.15478515625	0.3	1.0	2	55613	n/a
27.1630859375	0.3	1.0	2	55630	n/a
27.17138671875	0.3	0.0	1	55647	n/a
27.1796875	0.3	0.0	1	55664	n/a
27.1884765625	0.3	1.0	2	55682	n/a
27.19677734375	0.3	1.0	2	55699	n/a
27.205078125	0.3	0.0	1	55716	n/a
27.21337890625	0.3	1.0	2	55733	n/a
27.2216796875	0.3	0.0	1	55750	n/a
27.22998046875	0.3	1.0	2	55767	n/a
27.23828125	0.3	0.0	1	55784	n/a
27.24658203125	0.3	0.0	1	55801	n/a
27.2548828125	0.3	1.0	2	55818	n/a
27.26318359375	0.3	0.0	1	55835	n/a
27.271484375	0.3	1.0	2	55852	n/a
27.27978515625	0.3	0.0	1	55869	n/a
27.2880859375	0.3	1.0	2	55886	n/a
27.29638671875	0.3	0.0	1	55903	n/a
27.3046875	0.3	1.0	2	55920	n/a
27.3134765625	0.3	0.0	1	55938	n/a
27.32177734375	0.3	1.0	2	55955	n/a
27.330078125	0.3	0.0	1	55972	n/a
27.33837890625	0.3	1.0	2	55989	n/a
27.3466796875	0.3	1.0	2	56006	n/a
27.35498046875	0.3	0.0	1	56023	n/a
27.36328125	0.3	0.0	1	56040	n/a
27.37158203125	0.3	1.0	2	56057	n/a
27.3798828125	0.3	0.0	1	56074	n/a
27.38818359375	0.3	1.0	2	56091	n/a
27.396484375	0.3	0.0	1	56108	n/a
27.40478515625	0.3	1.0	2	56125	n/a
27.4130859375	0.3	0.0	1	56142	n/a
27.42138671875	0.3	1.0	2	56159	n/a
27.4296875	0.3	0.0	1	56176	n/a
27.4384765625	0.3	1.0	2	56194	n/a
27.44677734375	0.3	1.0	2	56211	n/a
27.455078125	0.3	0.0	1	56228	n/a
27.46337890625	0.3	0.0	1	56245	n/a
27.4716796875	0.3	1.0	2	56262	n/a
27.47998046875	0.3	0.0	1	56279	n/a
27.48828125	0.3	1.0	2	56296	n/a
27.49658203125	0.3	1.0	2	56313	n/a
27.5048828125	0.3	0.0	1	56330	n/a
27.51318359375	0.3	0.0	1	56347	n/a
27.521484375	0.3	1.0	2	56364	n/a
27.52978515625	0.3	0.0	1	56381	n/a
27.5380859375	0.3	1.0	2	56398	n/a
27.54638671875	0.3	1.0	2	56415	n/a
27.5546875	0.3	0.0	1	56432	n/a
27.5634765625	0.3	0.0	1	56450	n/a
27.57177734375	0.3	1.0	2	56467	n/a
27.580078125	0.3	0.0	1	56484	n/a
27.58837890625	0.3	1.0	2	56501	n/a
27.5966796875	0.3	1.0	2	56518	n/a
27.60498046875	0.3	0.0	1	56535	n/a
27.61328125	0.3	1.0	2	56552	n/a
27.62158203125	0.3	0.0	1	56569	n/a
27.6298828125	0.3	0.0	1	56586	n/a
27.63818359375	0.3	1.0	2	56603	n/a
27.646484375	0.3	1.0	2	56620	n/a
27.65478515625	0.3	0.0	1	56637	n/a
27.6630859375	0.3	0.0	1	56654	n/a
27.67138671875	0.3	1.0	2	56671	n/a
27.6796875	0.3	0.0	1	56688	n/a
27.6884765625	0.3	1.0	2	56706	n/a
27.69677734375	0.3	0.0	1	56723	n/a
27.705078125	0.3	1.0	2	56740	n/a
27.71337890625	0.3	1.0	2	56757	n/a
27.7216796875	0.3	0.0	1	56774	n/a
27.72998046875	0.3	0.0	1	56791	n/a
27.73828125	0.3	1.0	2	56808	n/a
27.74658203125	0.3	0.0	1	56825	n/a
27.7548828125	0.3	1.0	2	56842	n/a
27.76318359375	0.3	1.0	2	56859	n/a
27.771484375	0.3	0.0	1	56876	n/a
27.77978515625	0.3	0.0	1	56893	n/a
27.7880859375	0.3	1.0	2	56910	n/a
27.79638671875	0.3	0.0	1	56927	n/a
27.8046875	0.3	1.0	2	56944	n/a
27.8134765625	0.3	0.0	1	56962	n/a
27.82177734375	0.3	1.0	2	56979	n/a
27.830078125	0.3	0.0	1	56996	n/a
27.83837890625	0.3	1.0	2	57013	n/a
27.8466796875	0.3	0.0	1	57030	n/a
27.85498046875	0.3	1.0	2	57047	n/a
27.86328125	0.3	0.0	1	57064	n/a
27.87158203125	0.3	1.0	2	57081	n/a
27.8798828125	0.3	1.0	2	57098	n/a
27.88818359375	0.3	0.0	1	57115	n/a
27.896484375	0.3	1.0	2	57132	n/a
27.90478515625	0.3	0.0	1	57149	n/a
27.9130859375	0.3	0.0	1	57166	n/a
27.92138671875	0.3	1.0	2	57183	n/a
27.9296875	0.3	0.0	1	57200	n/a
27.9384765625	0.3	1.0	2	57218	n/a
27.94677734375	0.3	0.0	1	57235	n/a
27.955078125	0.3	1.0	2	57252	n/a
27.96337890625	0.3	0.0	1	57269	n/a
27.9716796875	0.3	1.0	2	57286	n/a
27.97998046875	0.3	1.0	2	57303	n/a
27.98828125	0.3	0.0	1	57320	n/a
27.99658203125	0.3	0.0	1	57337	n/a
28.0048828125	0.3	1.0	2	57354	n/a
28.01318359375	0.3	1.0	2	57371	n/a
28.021484375	0.3	0.0	1	57388	n/a
28.02978515625	0.3	1.0	2	57405	n/a
28.0380859375	0.3	0.0	1	57422	n/a
28.04638671875	0.3	0.0	1	57439	n/a
28.0546875	0.3	1.0	2	57456	n/a
28.0634765625	0.3	0.0	1	57474	n/a
28.07177734375	0.3	1.0	2	57491	n/a
28.080078125	0.3	1.0	2	57508	n/a
28.08837890625	0.3	0.0	1	57525	n/a
28.0966796875	0.3	1.0	2	57542	n/a
28.10498046875	0.3	0.0	1	57559	n/a
28.11328125	0.3	0.0	1	57576	n/a
28.12158203125	0.3	1.0	2	57593	n/a
28.1298828125	0.3	1.0	2	57610	n/a
28.13818359375	0.3	0.0	1	57627	n/a
28.146484375	0.3	0.0	1	57644	n/a
28.15478515625	0.3	1.0	2	57661	n/a
28.1630859375	0.3	1.0	2	57678	n/a
28.17138671875	0.3	0.0	1	57695	n/a
28.1796875	0.3	1.0	2	57712	n/a
28.1884765625	0.3	0.0	1	57730	n/a
28.19677734375	0.3	0.0	1	57747	n/a
28.205078125	0.3	1.0	2	57764	n/a
28.21337890625	0.3	1.0	2	57781	n/a
28.2216796875	0.3	0.0	1	57798	n/a
28.22998046875	0.3	0.0	1	57815	n/a
28.23828125	0.3	1.0	2	57832	n/a
28.24658203125	0.3	1.0	2	57849	n/a
28.2548828125	0.3	0.0	1	57866	n/a
28.26318359375	0.3	1.0	2	57883	n/a
28.271484375	0.3	0.0	1	57900	n/a
28.27978515625	0.3	1.0	2	57917	n/a
28.2880859375	0.3	0.0	1	57934	n/a
28.29638671875	0.3	0.0	1	57951	n/a
28.3046875	0.3	1.0	2	57968	n/a
28.3134765625	0.3	0.0	1	57986	n/a
28.32177734375	0.3	1.0	2	58003	n/a
28.330078125	0.3	0.0	1	58020	n/a
28.33837890625	0.3	1.0	2	58037	n/a
28.3466796875	0.3	0.0	1	58054	n/a
28.35498046875	0.3	1.0	2	58071	n/a
28.36328125	0.3	0.0	1	58088	n/a
28.37158203125	0.3	1.0	2	58105	n/a
28.3798828125	0.3	0.0	1	58122	n/a
28.38818359375	0.3	1.0	2	58139	n/a
28.396484375	0.3	1.0	2	58156	n/a
28.40478515625	0.3	0.0	1	58173	n/a
28.4130859375	0.3	0.0	1	58190	n/a
28.42138671875	0.3	1.0	2	58207	n/a
28.4296875	0.3	0.0	1	58224	n/a
28.4384765625	0.3	1.0	2	58242	n/a
28.44677734375	0.3	0.0	1	58259	n/a
28.455078125	0.3	1.0	2	58276	n/a
28.46337890625	0.3	0.0	1	58293	n/a
28.4716796875	0.3	1.0	2	58310	n/a
28.47998046875	0.3	0.0	1	58327	n/a
28.48828125	0.3	1.0	2	58344	n/a
28.49658203125	0.3	1.0	2	58361	n/a
28.5048828125	0.3	0.0	1	58378	n/a
28.51318359375	0.3	0.0	1	58395	n/a
28.521484375	0.3	1.0	2	58412	n/a
28.52978515625	0.3	0.0	1	58429	n/a
28.5380859375	0.3	1.0	2	58446	n/a
28.54638671875	0.3	1.0	2	58463	n/a
28.5546875	0.3	0.0	1	58480	n/a
28.5634765625	0.3	0.0	1	58498	n/a
28.57177734375	0.3	1.0	2	58515	n/a
28.580078125	0.3	0.0	1	58532	n/a
28.58837890625	0.3	1.0	2	58549	n/a
28.5966796875	0.3	1.0	2	58566	n/a
28.60498046875	0.3	0.0	1	58583	n/a
28.61328125	0.3	0.0	1	58600	n/a
28.62158203125	0.3	1.0	2	58617	n/a
28.6298828125	0.3	0.0	1	58634	n/a
28.63818359375	0.3	1.0	2	58651	n/a
28.646484375	0.3	1.0	2	58668	n/a
28.65478515625	0.3	0.0	1	58685	n/a
28.6630859375	0.3	1.0	2	58702	n/a
28.67138671875	0.3	0.0	1	58719	n/a
28.6796875	0.3	0.0	1	58736	n/a
28.6884765625	0.3	1.0	2	58754	n/a
28.69677734375	0.3	1.0	2	58771	n/a
28.705078125	0.3	0.0	1	58788	n/a
28.71337890625	0.3	0.0	1	58805	n/a
28.7216796875	0.3	1.0	2	58822	n/a
28.72998046875	0.3	0.0	1	58839	n/a
28.73828125	0.3	1.0	2	58856	n/a
28.74658203125	0.3	0.0	1	58873	n/a
28.7548828125	0.3	1.0	2	58890	n/a
28.76318359375	0.3	1.0	2	58907	n/a
28.771484375	0.3	0.0	1	58924	n/a
28.77978515625	0.3	0.0	1	58941	n/a
28.7880859375	0.3	1.0	2	58958	n/a
28.79638671875	0.3	0.0	1	58975	n/a
28.8046875	0.3	1.0	2	58992	n/a
28.8134765625	0.3	1.0	2	59010	n/a
28.82177734375	0.3	0.0	1	59027	n/a
28.830078125	0.3	0.0	1	59044	n/a
28.83837890625	0.3	1.0	2	59061	n/a
28.8466796875	0.3	0.0	1	59078	n/a
28.85498046875	0.3	1.0	2	59095	n/a
28.86328125	0.3	0.0	1	59112	n/a
28.87158203125	0.3	1.0	2	59129	n/a
28.8798828125	0.3	0.0	1	59146	n/a
28.88818359375	0.3	1.0	2	59163	n/a
28.896484375	0.3	0.0	1	59180	n/a
28.90478515625	0.3	1.0	2	59197	n/a
28.9130859375	0.3	0.0	1	59214	n/a
28.92138671875	0.3	1.0	2	59231	n/a
28.9296875	0.3	1.0	2	59248	n/a
28.9384765625	0.3	0.0	1	59266	n/a
31.31298828125	0.3	1.0	2	64129	26.0
31.3212890625	0.3	0.0	1	64146	n/a
31.32958984375	0.3	1.0	2	64163	n/a
31.337890625	0.3	0.0	1	64180	n/a
31.34619140625	0.3	0.0	1	64197	n/a
31.3544921875	0.3	1.0	2	64214	n/a
31.36279296875	0.3	1.0	2	64231	n/a
31.37109375	0.3	0.0	1	64248	n/a
31.3798828125	0.3	0.0	1	64266	n/a
31.38818359375	0.3	1.0	2	64283	n/a
31.396484375	0.3	1.0	2	64300	n/a
31.40478515625	0.3	0.0	1	64317	n/a
31.4130859375	0.3	0.0	1	64334	n/a
31.42138671875	0.3	1.0	2	64351	n/a
31.4296875	0.3	0.0	1	64368	n/a
31.43798828125	0.3	1.0	2	64385	n/a
31.4462890625	0.3	0.0	1	64402	n/a
31.45458984375	0.3	1.0	2	64419	n/a
31.462890625	0.3	0.0	1	64436	n/a
31.47119140625	0.3	1.0	2	64453	n/a
31.4794921875	0.3	0.0	1	64470	n/a
31.48779296875	0.3	1.0	2	64487	n/a
31.49609375	0.3	0.0	1	64504	n/a
31.5048828125	0.3	1.0	2	64522	n/a
31.51318359375	0.3	0.0	1	64539	n/a
31.521484375	0.3	1.0	2	64556	n/a
31.52978515625	0.3	1.0	2	64573	n/a
31.5380859375	0.3	0.0	1	64590	n/a
31.54638671875	0.3	0.0	1	64607	n/a
31.5546875	0.3	1.0	2	64624	n/a
31.56298828125	0.3	0.0	1	64641	n/a
31.5712890625	0.3	1.0	2	64658	n/a
31.57958984375	0.3	0.0	1	64675	n/a
31.587890625	0.3	1.0	2	64692	n/a
31.59619140625	0.3	0.0	1	64709	n/a
31.6044921875	0.3	1.0	2	64726	n/a
31.61279296875	0.3	1.0	2	64743	n/a
31.62109375	0.3	0.0	1	64760	n/a
31.6298828125	0.3	1.0	2	64778	n/a
31.63818359375	0.3	0.0	1	64795	n/a
31.646484375	0.3	1.0	2	64812	n/a
31.65478515625	0.3	0.0	1	64829	n/a
31.6630859375	0.3	1.0	2	64846	n/a
31.67138671875	0.3	0.0	1	64863	n/a
31.6796875	0.3	0.0	1	64880	n/a
31.68798828125	0.3	1.0	2	64897	n/a
31.6962890625	0.3	0.0	1	64914	n/a
31.70458984375	0.3	1.0	2	64931	n/a
31.712890625	0.3	0.0	1	64948	n/a
31.72119140625	0.3	1.0	2	64965	n/a
31.7294921875	0.3	1.0	2	64982	n/a
31.73779296875	0.3	0.0	1	64999	n/a
31.74609375	0.3	0.0	1	65016	n/a
31.7548828125	0.3	1.0	2	65034	n/a
31.76318359375	0.3	0.0	1	65051	n/a
31.771484375	0.3	1.0	2	65068	n/a
31.77978515625	0.3	1.0	2	65085	n/a
31.7880859375	0.3	0.0	1	65102	n/a
31.79638671875	0.3	1.0	2	65119	n/a
31.8046875	0.3	0.0	1	65136	n/a
31.81298828125	0.3	1.0	2	65153	n/a
31.8212890625	0.3	0.0	1	65170	n/a
31.82958984375	0.3	1.0	2	65187	n/a
31.837890625	0.3	0.0	1	65204	n/a
31.84619140625	0.3	1.0	2	65221	n/a
31.8544921875	0.3	0.0	1	65238	n/a
31.86279296875	0.3	0.0	1	65255	n/a
31.87109375	0.3	1.0	2	65272	n/a
31.8798828125	0.3	0.0	1	65290	n/a
31.88818359375	0.3	1.0	2	65307	n/a
31.896484375	0.3	0.0	1	65324	n/a
31.90478515625	0.3	1.0	2	65341	n/a
31.9130859375	0.3	0.0	1	65358	n/a
31.92138671875	0.3	1.0	2	65375	n/a
31.9296875	0.3	0.0	1	65392	n/a
31.93798828125	0.3	1.0	2	65409	n/a
31.9462890625	0.3	0.0	1	65426	n/a
31.95458984375	0.3	1.0	2	65443	n/a
31.962890625	0.3	0.0	1	65460	n/a
31.97119140625	0.3	1.0	2	65477	n/a
31.9794921875	0.3	0.0	1	65494	n/a
31.98779296875	0.3	1.0	2	65511	n/a
31.99609375	0.3	0.0	1	65528	n/a
32.0048828125	0.3	1.0	2	65546	n/a
32.01318359375	0.3	1.0	2	65563	n/a
32.021484375	0.3	0.0	1	65580	n/a
32.02978515625	0.3	0.0	1	65597	n/a
32.0380859375	0.3	1.0	2	65614	n/a
32.04638671875	0.3	1.0	2	65631	n/a
32.0546875	0.3	0.0	1	65648	n/a
32.06298828125	0.3	0.0	1	65665	n/a
32.0712890625	0.3	1.0	2	65682	n/a
32.07958984375	0.3	0.0	1	65699	n/a
32.087890625	0.3	1.0	2	65716	n/a
32.09619140625	0.3	0.0	1	65733	n/a
32.1044921875	0.3	1.0	2	65750	n/a
32.11279296875	0.3	1.0	2	65767	n/a
32.12109375	0.3	0.0	1	65784	n/a
32.1298828125	0.3	0.0	1	65802	n/a
32.13818359375	0.3	1.0	2	65819	n/a
32.146484375	0.3	0.0	1	65836	n/a
32.15478515625	0.3	1.0	2	65853	n/a
32.1630859375	0.3	0.0	1	65870	n/a
32.17138671875	0.3	1.0	2	65887	n/a
32.1796875	0.3	0.0	1	65904	n/a
32.18798828125	0.3	1.0	2	65921	n/a
32.1962890625	0.3	0.0	1	65938	n/a
32.20458984375	0.3	1.0	2	65955	n/a
32.212890625	0.3	1.0	2	65972	n/a
32.22119140625	0.3	0.0	1	65989	n/a
32.2294921875	0.3	0.0	1	66006	n/a
32.23779296875	0.3	1.0	2	66023	n/a
32.24609375	0.3	1.0	2	66040	n/a
32.2548828125	0.3	0.0	1	66058	n/a
32.26318359375	0.3	1.0	2	66075	n/a
32.271484375	0.3	0.0	1	66092	n/a
32.27978515625	0.3	1.0	2	66109	n/a
32.2880859375	0.3	0.0	1	66126	n/a
32.29638671875	0.3	1.0	2	66143	n/a
32.3046875	0.3	0.0	1	66160	n/a
32.31298828125	0.3	0.0	1	66177	n/a
32.3212890625	0.3	1.0	2	66194	n/a
32.32958984375	0.3	0.0	1	66211	n/a
32.337890625	0.3	1.0	2	66228	n/a
32.34619140625	0.3	0.0	1	66245	n/a
32.3544921875	0.3	1.0	2	66262	n/a
32.36279296875	0.3	1.0	2	66279	n/a
32.37109375	0.3	0.0	1	66296	n/a
32.3798828125	0.3	1.0	2	66314	n/a
32.38818359375	0.3	0.0	1	66331	n/a
32.396484375	0.3	0.0	1	66348	n/a
32.40478515625	0.3	1.0	2	66365	n/a
32.4130859375	0.3	1.0	2	66382	n/a
32.42138671875	0.3	0.0	1	66399	n/a
32.4296875	0.3	0.0	1	66416	n/a
32.43798828125	0.3	1.0	2	66433	n/a
32.4462890625	0.3	1.0	2	66450	n/a
32.45458984375	0.3	0.0	1	66467	n/a
32.462890625	0.3	0.0	1	66484	n/a
32.47119140625	0.3	1.0	2	66501	n/a
32.4794921875	0.3	0.0	1	66518	n/a
32.48779296875	0.3	1.0	2	66535	n/a
32.49609375	0.3	0.0	1	66552	n/a
32.5048828125	0.3	1.0	2	66570	n/a
32.51318359375	0.3	0.0	1	66587	n/a
32.521484375	0.3	1.0	2	66604	n/a
32.52978515625	0.3	0.0	1	66621	n/a
32.5380859375	0.3	1.0	2	66638	n/a
32.54638671875	0.3	0.0	1	66655	n/a
32.5546875	0.3	1.0	2	66672	n/a
32.56298828125	0.3	0.0	1	66689	n/a
32.5712890625	0.3	1.0	2	66706	n/a
32.57958984375	0.3	1.0	2	66723	n/a
32.587890625	0.3	0.0	1	66740	n/a
32.59619140625	0.3	0.0	1	66757	n/a
32.6044921875	0.3	1.0	2	66774	n/a
32.61279296875	0.3	0.0	1	66791	n/a
32.62109375	0.3	1.0	2	66808	n/a
32.6298828125	0.3	0.0	1	66826	n/a
32.63818359375	0.3	1.0	2	66843	n/a
32.646484375	0.3	0.0	1	66860	n/a
32.65478515625	0.3	1.0	2	66877	n/a
32.6630859375	0.3	1.0	2	66894	n/a
32.67138671875	0.3	0.0	1	66911	n/a
32.6796875	0.3	1.0	2	66928	n/a
32.68798828125	0.3	0.0	1	66945	n/a
32.6962890625	0.3	1.0	2	66962	n/a
32.70458984375	0.3	0.0	1	66979	n/a
32.712890625	0.3	1.0	2	66996	n/a
32.72119140625	0.3	0.0	1	67013	n/a
32.7294921875	0.3	0.0	1	67030	n/a
32.73779296875	0.3	1.0	2	67047	n/a
32.74609375	0.3	0.0	1	67064	n/a
32.7548828125	0.3	1.0	2	67082	n/a
32.76318359375	0.3	0.0	1	67099	n/a
32.771484375	0.3	1.0	2	67116	n/a
32.77978515625	0.3	1.0	2	67133	n/a
32.7880859375	0.3	0.0	1	67150	n/a
32.79638671875	0.3	0.0	1	67167	n/a
32.8046875	0.3	1.0	2	67184	n/a
32.81298828125	0.3	0.0	1	67201	n/a
32.8212890625	0.3	1.0	2	67218	n/a
32.82958984375	0.3	1.0	2	67235	n/a
32.837890625	0.3	0.0	1	67252	n/a
32.84619140625	0.3	1.0	2	67269	n/a
32.8544921875	0.3	0.0	1	67286	n/a
32.86279296875	0.3	1.0	2	67303	n/a
32.87109375	0.3	0.0	1	67320	n/a
32.8798828125	0.3	1.0	2	67338	n/a
32.88818359375	0.3	0.0	1	67355	n/a
32.896484375	0.3	1.0	2	67372	n/a
32.90478515625	0.3	0.0	1	67389	n/a
32.9130859375	0.3	0.0	1	67406	n/a
32.92138671875	0.3	1.0	2	67423	n/a
32.9296875	0.3	0.0	1	67440	n/a
32.93798828125	0.3	1.0	2	67457	n/a
32.9462890625	0.3	0.0	1	67474	n/a
32.95458984375	0.3	1.0	2	67491	n/a
32.962890625	0.3	0.0	1	67508	n/a
32.97119140625	0.3	1.0	2	67525	n/a
32.9794921875	0.3	0.0	1	67542	n/a
32.98779296875	0.3	1.0	2	67559	n/a
32.99609375	0.3	0.0	1	67576	n/a
33.0048828125	0.3	1.0	2	67594	n/a
33.01318359375	0.3	0.0	1	67611	n/a
33.021484375	0.3	1.0	2	67628	n/a
33.02978515625	0.3	0.0	1	67645	n/a
33.0380859375	0.3	1.0	2	67662	n/a
33.04638671875	0.3	0.0	1	67679	n/a
33.0546875	0.3	1.0	2	67696	n/a
33.06298828125	0.3	1.0	2	67713	n/a
33.0712890625	0.3	0.0	1	67730	n/a
33.07958984375	0.3	0.0	1	67747	n/a
33.087890625	0.3	1.0	2	67764	n/a
33.09619140625	0.3	1.0	2	67781	n/a
33.1044921875	0.3	0.0	1	67798	n/a
33.11279296875	0.3	0.0	1	67815	n/a
33.12109375	0.3	1.0	2	67832	n/a
33.1298828125	0.3	0.0	1	67850	n/a
33.13818359375	0.3	1.0	2	67867	n/a
33.146484375	0.3	0.0	1	67884	n/a
33.15478515625	0.3	1.0	2	67901	n/a
33.1630859375	0.3	1.0	2	67918	n/a
33.17138671875	0.3	0.0	1	67935	n/a
33.1796875	0.3	0.0	1	67952	n/a
33.18798828125	0.3	1.0	2	67969	n/a
33.1962890625	0.3	0.0	1	67986	n/a
33.20458984375	0.3	1.0	2	68003	n/a
33.212890625	0.3	0.0	1	68020	n/a
33.22119140625	0.3	1.0	2	68037	n/a
33.2294921875	0.3	0.0	1	68054	n/a
33.23779296875	0.3	1.0	2	68071	n/a
33.24609375	0.3	0.0	1	68088	n/a
33.2548828125	0.3	1.0	2	68106	n/a
33.26318359375	0.3	1.0	2	68123	n/a
33.271484375	0.3	0.0	1	68140	n/a
33.27978515625	0.3	0.0	1	68157	n/a
33.2880859375	0.3	1.0	2	68174	n/a
33.29638671875	0.3	1.0	2	68191	n/a
33.3046875	0.3	0.0	1	68208	n/a
33.31298828125	0.3	1.0	2	68225	n/a
33.3212890625	0.3	0.0	1	68242	n/a
33.32958984375	0.3	1.0	2	68259	n/a
33.337890625	0.3	0.0	1	68276	n/a
33.34619140625	0.3	1.0	2	68293	n/a
33.3544921875	0.3	0.0	1	68310	n/a
33.36279296875	0.3	0.0	1	68327	n/a
33.37109375	0.3	1.0	2	68344	n/a
33.3798828125	0.3	0.0	1	68362	n/a
33.38818359375	0.3	1.0	2	68379	n/a
33.396484375	0.3	0.0	1	68396	n/a
33.40478515625	0.3	1.0	2	68413	n/a
33.4130859375	0.3	1.0	2	68430	n/a
33.42138671875	0.3	0.0	1	68447	n/a
33.4296875	0.3	1.0	2	68464	n/a
33.43798828125	0.3	0.0	1	68481	n/a
33.4462890625	0.3	0.0	1	68498	n/a
33.45458984375	0.3	1.0	2	68515	n/a
33.462890625	0.3	1.0	2	68532	n/a
33.47119140625	0.3	0.0	1	68549	n/a
33.4794921875	0.3	0.0	1	68566	n/a
33.48779296875	0.3	1.0	2	68583	n/a
33.49609375	0.3	1.0	2	68600	n/a
33.5048828125	0.3	0.0	1	68618	n/a
33.51318359375	0.3	0.0	1	68635	n/a
33.521484375	0.3	1.0	2	68652	n/a
33.52978515625	0.3	0.0	1	68669	n/a
33.5380859375	0.3	1.0	2	68686	n/a
33.54638671875	0.3	0.0	1	68703	n/a
33.5546875	0.3	1.0	2	68720	n/a
33.56298828125	0.3	0.0	1	68737	n/a
33.5712890625	0.3	1.0	2	68754	n/a
33.57958984375	0.3	0.0	1	68771	n/a
33.587890625	0.3	1.0	2	68788	n/a
33.59619140625	0.3	0.0	1	68805	n/a
33.6044921875	0.3	1.0	2	68822	n/a
33.61279296875	0.3	0.0	1	68839	n/a
33.62109375	0.3	1.0	2	68856	n/a
33.6298828125	0.3	1.0	2	68874	n/a
33.63818359375	0.3	0.0	1	68891	n/a
33.646484375	0.3	0.0	1	68908	n/a
33.65478515625	0.3	1.0	2	68925	n/a
33.6630859375	0.3	0.0	1	68942	n/a
33.67138671875	0.3	1.0	2	68959	n/a
33.6796875	0.3	0.0	1	68976	n/a
33.68798828125	0.3	1.0	2	68993	n/a
33.6962890625	0.3	0.0	1	69010	n/a
33.70458984375	0.3	1.0	2	69027	n/a
33.712890625	0.3	1.0	2	69044	n/a
33.72119140625	0.3	0.0	1	69061	n/a
33.7294921875	0.3	1.0	2	69078	n/a
33.73779296875	0.3	0.0	1	69095	n/a
33.74609375	0.3	1.0	2	69112	n/a
33.7548828125	0.3	0.0	1	69130	n/a
33.76318359375	0.3	1.0	2	69147	n/a
33.771484375	0.3	0.0	1	69164	n/a
33.77978515625	0.3	0.0	1	69181	n/a
33.7880859375	0.3	1.0	2	69198	n/a
33.79638671875	0.3	0.0	1	69215	n/a
33.8046875	0.3	1.0	2	69232	n/a
33.81298828125	0.3	0.0	1	69249	n/a
33.8212890625	0.3	1.0	2	69266	n/a
33.82958984375	0.3	1.0	2	69283	n/a
33.837890625	0.3	0.0	1	69300	n/a
33.84619140625	0.3	0.0	1	69317	n/a
33.8544921875	0.3	1.0	2	69334	n/a
33.86279296875	0.3	0.0	1	69351	n/a
33.87109375	0.3	1.0	2	69368	n/a
33.8798828125	0.3	1.0	2	69386	n/a
33.88818359375	0.3	0.0	1	69403	n/a
33.896484375	0.3	1.0	2	69420	n/a
33.90478515625	0.3	0.0	1	69437	n/a
33.9130859375	0.3	1.0	2	69454	n/a
33.92138671875	0.3	0.0	1	69471	n/a
33.9296875	0.3	1.0	2	69488	n/a
33.93798828125	0.3	0.0	1	69505	n/a
33.9462890625	0.3	1.0	2	69522	n/a
33.95458984375	0.3	0.0	1	69539	n/a
33.962890625	0.3	0.0	1	69556	n/a
33.97119140625	0.3	1.0	2	69573	n/a
33.9794921875	0.3	0.0	1	69590	n/a
33.98779296875	0.3	1.0	2	69607	n/a
33.99609375	0.3	0.0	1	69624	n/a
34.0048828125	0.3	1.0	2	69642	n/a
34.01318359375	0.3	0.0	1	69659	n/a
34.021484375	0.3	1.0	2	69676	n/a
34.02978515625	0.3	0.0	1	69693	n/a
34.0380859375	0.3	1.0	2	69710	n/a
34.04638671875	0.3	0.0	1	69727	n/a
34.0546875	0.3	1.0	2	69744	n/a
34.06298828125	0.3	0.0	1	69761	n/a
34.0712890625	0.3	1.0	2	69778	n/a
34.07958984375	0.3	0.0	1	69795	n/a
34.087890625	0.3	1.0	2	69812	n/a
34.09619140625	0.3	0.0	1	69829	n/a
34.1044921875	0.3	1.0	2	69846	n/a
34.11279296875	0.3	1.0	2	69863	n/a
34.12109375	0.3	0.0	1	69880	n/a
34.1298828125	0.3	0.0	1	69898	n/a
34.13818359375	0.3	1.0	2	69915	n/a
34.146484375	0.3	1.0	2	69932	n/a
34.15478515625	0.3	0.0	1	69949	n/a
34.1630859375	0.3	0.0	1	69966	n/a
34.17138671875	0.3	1.0	2	69983	n/a
34.1796875	0.3	0.0	1	70000	n/a
34.18798828125	0.3	1.0	2	70017	n/a
34.1962890625	0.3	0.0	1	70034	n/a
34.20458984375	0.3	1.0	2	70051	n/a
34.212890625	0.3	1.0	2	70068	n/a
34.22119140625	0.3	0.0	1	70085	n/a
34.2294921875	0.3	0.0	1	70102	n/a
34.23779296875	0.3	1.0	2	70119	n/a
34.24609375	0.3	0.0	1	70136	n/a
34.2548828125	0.3	1.0	2	70154	n/a
34.26318359375	0.3	0.0	1	70171	n/a
34.271484375	0.3	1.0	2	70188	n/a
34.27978515625	0.3	0.0	1	70205	n/a
34.2880859375	0.3	1.0	2	70222	n/a
34.29638671875	0.3	0.0	1	70239	n/a
34.3046875	0.3	1.0	2	70256	n/a
34.31298828125	0.3	1.0	2	70273	n/a
34.3212890625	0.3	0.0	1	70290	n/a
34.32958984375	0.3	0.0	1	70307	n/a
34.337890625	0.3	1.0	2	70324	n/a
34.34619140625	0.3	1.0	2	70341	n/a
34.3544921875	0.3	0.0	1	70358	n/a
34.36279296875	0.3	1.0	2	70375	n/a
34.37109375	0.3	0.0	1	70392	n/a
34.3798828125	0.3	1.0	2	70410	n/a
34.38818359375	0.3	0.0	1	70427	n/a
34.396484375	0.3	1.0	2	70444	n/a
34.40478515625	0.3	0.0	1	70461	n/a
34.4130859375	0.3	0.0	1	70478	n/a
34.42138671875	0.3	1.0	2	70495	n/a
34.4296875	0.3	0.0	1	70512	n/a
34.43798828125	0.3	1.0	2	70529	n/a
34.4462890625	0.3	0.0	1	70546	n/a
34.45458984375	0.3	1.0	2	70563	n/a
34.462890625	0.3	1.0	2	70580	n/a
34.47119140625	0.3	0.0	1	70597	n/a
34.4794921875	0.3	1.0	2	70614	n/a
34.48779296875	0.3	0.0	1	70631	n/a
34.49609375	0.3	0.0	1	70648	n/a
34.5048828125	0.3	1.0	2	70666	n/a
34.51318359375	0.3	1.0	2	70683	n/a
34.521484375	0.3	0.0	1	70700	n/a
34.52978515625	0.3	0.0	1	70717	n/a
34.5380859375	0.3	1.0	2	70734	n/a
34.54638671875	0.3	1.0	2	70751	n/a
34.5546875	0.3	0.0	1	70768	n/a
34.56298828125	0.3	0.0	1	70785	n/a
34.5712890625	0.3	1.0	2	70802	n/a
34.57958984375	0.3	0.0	1	70819	n/a
34.587890625	0.3	1.0	2	70836	n/a
34.59619140625	0.3	0.0	1	70853	n/a
34.6044921875	0.3	1.0	2	70870	n/a
34.61279296875	0.3	0.0	1	70887	n/a
34.62109375	0.3	1.0	2	70904	n/a
34.6298828125	0.3	0.0	1	70922	n/a
34.63818359375	0.3	1.0	2	70939	n/a
34.646484375	0.3	0.0	1	70956	n/a
34.65478515625	0.3	1.0	2	70973	n/a
34.6630859375	0.3	0.0	1	70990	n/a
34.67138671875	0.3	1.0	2	71007	n/a
34.6796875	0.3	1.0	2	71024	n/a
34.68798828125	0.3	0.0	1	71041	n/a
34.6962890625	0.3	0.0	1	71058	n/a
34.70458984375	0.3	1.0	2	71075	n/a
34.712890625	0.3	0.0	1	71092	n/a
34.72119140625	0.3	1.0	2	71109	n/a
34.7294921875	0.3	0.0	1	71126	n/a
34.73779296875	0.3	1.0	2	71143	n/a
34.74609375	0.3	0.0	1	71160	n/a
34.7548828125	0.3	1.0	2	71178	n/a
34.76318359375	0.3	1.0	2	71195	n/a
34.771484375	0.3	0.0	1	71212	n/a
34.77978515625	0.3	1.0	2	71229	n/a
34.7880859375	0.3	0.0	1	71246	n/a
34.79638671875	0.3	1.0	2	71263	n/a
34.8046875	0.3	0.0	1	71280	n/a
34.81298828125	0.3	1.0	2	71297	n/a
34.8212890625	0.3	0.0	1	71314	n/a
34.82958984375	0.3	0.0	1	71331	n/a
34.837890625	0.3	1.0	2	71348	n/a
34.84619140625	0.3	0.0	1	71365	n/a
34.8544921875	0.3	1.0	2	71382	n/a
34.86279296875	0.3	0.0	1	71399	n/a
34.87109375	0.3	1.0	2	71416	n/a
34.8798828125	0.3	1.0	2	71434	n/a
34.88818359375	0.3	0.0	1	71451	n/a
34.896484375	0.3	0.0	1	71468	n/a
34.90478515625	0.3	1.0	2	71485	n/a
34.9130859375	0.3	0.0	1	71502	n/a
34.92138671875	0.3	1.0	2	71519	n/a
34.9296875	0.3	1.0	2	71536	n/a
34.93798828125	0.3	0.0	1	71553	n/a
34.9462890625	0.3	1.0	2	71570	n/a
34.95458984375	0.3	0.0	1	71587	n/a
34.962890625	0.3	1.0	2	71604	n/a
34.97119140625	0.3	0.0	1	71621	n/a
34.9794921875	0.3	1.0	2	71638	n/a
34.98779296875	0.3	0.0	1	71655	n/a
34.99609375	0.3	1.0	2	71672	n/a
35.0048828125	0.3	0.0	1	71690	n/a
35.01318359375	0.3	0.0	1	71707	n/a
35.021484375	0.3	1.0	2	71724	n/a
35.02978515625	0.3	0.0	1	71741	n/a
35.0380859375	0.3	1.0	2	71758	n/a
35.04638671875	0.3	0.0	1	71775	n/a
35.0546875	0.3	1.0	2	71792	n/a
35.06298828125	0.3	0.0	1	71809	n/a
35.0712890625	0.3	1.0	2	71826	n/a
35.07958984375	0.3	0.0	1	71843	n/a
35.087890625	0.3	1.0	2	71860	n/a
35.09619140625	0.3	0.0	1	71877	n/a
35.1044921875	0.3	1.0	2	71894	n/a
35.11279296875	0.3	0.0	1	71911	n/a
35.12109375	0.3	1.0	2	71928	n/a
35.1298828125	0.3	0.0	1	71946	n/a
35.13818359375	0.3	1.0	2	71963	n/a
35.146484375	0.3	0.0	1	71980	n/a
35.15478515625	0.3	1.0	2	71997	n/a
35.1630859375	0.3	1.0	2	72014	n/a
35.17138671875	0.3	0.0	1	72031	n/a
35.1796875	0.3	0.0	1	72048	n/a
35.18798828125	0.3	1.0	2	72065	n/a
35.1962890625	0.3	1.0	2	72082	n/a
35.20458984375	0.3	0.0	1	72099	n/a
35.212890625	0.3	0.0	1	72116	n/a
35.22119140625	0.3	1.0	2	72133	n/a
35.2294921875	0.3	0.0	1	72150	n/a
35.23779296875	0.3	1.0	2	72167	n/a
35.24609375	0.3	0.0	1	72184	n/a
35.2548828125	0.3	1.0	2	72202	n/a
35.26318359375	0.3	1.0	2	72219	n/a
35.271484375	0.3	0.0	1	72236	n/a
35.27978515625	0.3	0.0	1	72253	n/a
35.2880859375	0.3	1.0	2	72270	n/a
35.29638671875	0.3	0.0	1	72287	n/a
35.3046875	0.3	1.0	2	72304	n/a
35.31298828125	0.3	0.0	1	72321	n/a
35.3212890625	0.3	1.0	2	72338	n/a
35.32958984375	0.3	0.0	1	72355	n/a
35.337890625	0.3	1.0	2	72372	n/a
35.34619140625	0.3	0.0	1	72389	n/a
35.3544921875	0.3	1.0	2	72406	n/a
35.36279296875	0.3	1.0	2	72423	n/a
35.37109375	0.3	0.0	1	72440	n/a
35.3798828125	0.3	0.0	1	72458	n/a
35.38818359375	0.3	1.0	2	72475	n/a
35.396484375	0.3	1.0	2	72492	n/a
35.40478515625	0.3	0.0	1	72509	n/a
35.4130859375	0.3	1.0	2	72526	n/a
35.42138671875	0.3	0.0	1	72543	n/a
35.4296875	0.3	1.0	2	72560	n/a
35.43798828125	0.3	0.0	1	72577	n/a
35.4462890625	0.3	1.0	2	72594	n/a
35.45458984375	0.3	0.0	1	72611	n/a
35.462890625	0.3	0.0	1	72628	n/a
35.47119140625	0.3	1.0	2	72645	n/a
35.4794921875	0.3	0.0	1	72662	n/a
35.48779296875	0.3	1.0	2	72679	n/a
35.49609375	0.3	0.0	1	72696	n/a
35.5048828125	0.3	1.0	2	72714	n/a
37.86279296875	0.3	1.0	2	77543	8.0
37.87109375	0.3	0.0	1	77560	n/a
37.87939453125	0.3	1.0	2	77577	n/a
37.8876953125	0.3	0.0	1	77594	n/a
37.89599609375	0.3	0.0	1	77611	n/a
37.904296875	0.3	1.0	2	77628	n/a
37.91259765625	0.3	1.0	2	77645	n/a
37.9208984375	0.3	0.0	1	77662	n/a
37.9296875	0.3	1.0	2	77680	n/a
37.93798828125	0.3	0.0	1	77697	n/a
37.9462890625	0.3	1.0	2	77714	n/a
37.95458984375	0.3	0.0	1	77731	n/a
37.962890625	0.3	1.0	2	77748	n/a
37.97119140625	0.3	0.0	1	77765	n/a
37.9794921875	0.3	1.0	2	77782	n/a
37.98779296875	0.3	0.0	1	77799	n/a
37.99609375	0.3	1.0	2	77816	n/a
38.00439453125	0.3	0.0	1	77833	n/a
38.0126953125	0.3	1.0	2	77850	n/a
38.02099609375	0.3	0.0	1	77867	n/a
38.029296875	0.3	1.0	2	77884	n/a
38.03759765625	0.3	0.0	1	77901	n/a
38.0458984375	0.3	1.0	2	77918	n/a
38.0546875	0.3	0.0	1	77936	n/a
38.06298828125	0.3	0.0	1	77953	n/a
38.0712890625	0.3	1.0	2	77970	n/a
38.07958984375	0.3	1.0	2	77987	n/a
38.087890625	0.3	0.0	1	78004	n/a
38.09619140625	0.3	1.0	2	78021	n/a
38.1044921875	0.3	0.0	1	78038	n/a
38.11279296875	0.3	0.0	1	78055	n/a
38.12109375	0.3	1.0	2	78072	n/a
38.12939453125	0.3	1.0	2	78089	n/a
38.1376953125	0.3	0.0	1	78106	n/a
38.14599609375	0.3	0.0	1	78123	n/a
38.154296875	0.3	1.0	2	78140	n/a
38.16259765625	0.3	0.0	1	78157	n/a
38.1708984375	0.3	1.0	2	78174	n/a
38.1796875	0.3	1.0	2	78192	n/a
38.18798828125	0.3	0.0	1	78209	n/a
38.1962890625	0.3	1.0	2	78226	n/a
38.20458984375	0.3	0.0	1	78243	n/a
38.212890625	0.3	1.0	2	78260	n/a
38.22119140625	0.3	0.0	1	78277	n/a
38.2294921875	0.3	1.0	2	78294	n/a
38.23779296875	0.3	0.0	1	78311	n/a
38.24609375	0.3	1.0	2	78328	n/a
38.25439453125	0.3	0.0	1	78345	n/a
38.2626953125	0.3	0.0	1	78362	n/a
38.27099609375	0.3	1.0	2	78379	n/a
38.279296875	0.3	1.0	2	78396	n/a
38.28759765625	0.3	0.0	1	78413	n/a
38.2958984375	0.3	1.0	2	78430	n/a
38.3046875	0.3	0.0	1	78448	n/a
38.31298828125	0.3	1.0	2	78465	n/a
38.3212890625	0.3	0.0	1	78482	n/a
38.32958984375	0.3	0.0	1	78499	n/a
38.337890625	0.3	1.0	2	78516	n/a
38.34619140625	0.3	0.0	1	78533	n/a
38.3544921875	0.3	1.0	2	78550	n/a
38.36279296875	0.3	1.0	2	78567	n/a
38.37109375	0.3	0.0	1	78584	n/a
38.37939453125	0.3	0.0	1	78601	n/a
38.3876953125	0.3	1.0	2	78618	n/a
38.39599609375	0.3	0.0	1	78635	n/a
38.404296875	0.3	1.0	2	78652	n/a
38.41259765625	0.3	1.0	2	78669	n/a
38.4208984375	0.3	0.0	1	78686	n/a
38.4296875	0.3	0.0	1	78704	n/a
38.43798828125	0.3	1.0	2	78721	n/a
38.4462890625	0.3	1.0	2	78738	n/a
38.45458984375	0.3	0.0	1	78755	n/a
38.462890625	0.3	0.0	1	78772	n/a
38.47119140625	0.3	1.0	2	78789	n/a
38.4794921875	0.3	1.0	2	78806	n/a
38.48779296875	0.3	0.0	1	78823	n/a
38.49609375	0.3	1.0	2	78840	n/a
38.50439453125	0.3	0.0	1	78857	n/a
38.5126953125	0.3	0.0	1	78874	n/a
38.52099609375	0.3	1.0	2	78891	n/a
38.529296875	0.3	1.0	2	78908	n/a
38.53759765625	0.3	0.0	1	78925	n/a
38.5458984375	0.3	0.0	1	78942	n/a
38.5546875	0.3	1.0	2	78960	n/a
38.56298828125	0.3	1.0	2	78977	n/a
38.5712890625	0.3	0.0	1	78994	n/a
38.57958984375	0.3	1.0	2	79011	n/a
38.587890625	0.3	0.0	1	79028	n/a
38.59619140625	0.3	0.0	1	79045	n/a
38.6044921875	0.3	1.0	2	79062	n/a
38.61279296875	0.3	0.0	1	79079	n/a
38.62109375	0.3	1.0	2	79096	n/a
38.62939453125	0.3	1.0	2	79113	n/a
38.6376953125	0.3	0.0	1	79130	n/a
38.64599609375	0.3	1.0	2	79147	n/a
38.654296875	0.3	0.0	1	79164	n/a
38.66259765625	0.3	1.0	2	79181	n/a
38.6708984375	0.3	0.0	1	79198	n/a
38.6796875	0.3	0.0	1	79216	n/a
38.68798828125	0.3	1.0	2	79233	n/a
38.6962890625	0.3	0.0	1	79250	n/a
38.70458984375	0.3	1.0	2	79267	n/a
38.712890625	0.3	1.0	2	79284	n/a
38.72119140625	0.3	0.0	1	79301	n/a
38.7294921875	0.3	0.0	1	79318	n/a
38.73779296875	0.3	1.0	2	79335	n/a
38.74609375	0.3	0.0	1	79352	n/a
38.75439453125	0.3	1.0	2	79369	n/a
38.7626953125	0.3	0.0	1	79386	n/a
38.77099609375	0.3	1.0	2	79403	n/a
38.779296875	0.3	0.0	1	79420	n/a
38.78759765625	0.3	1.0	2	79437	n/a
38.7958984375	0.3	1.0	2	79454	n/a
38.8046875	0.3	0.0	1	79472	n/a
38.81298828125	0.3	1.0	2	79489	n/a
38.8212890625	0.3	0.0	1	79506	n/a
38.82958984375	0.3	1.0	2	79523	n/a
38.837890625	0.3	0.0	1	79540	n/a
38.84619140625	0.3	0.0	1	79557	n/a
38.8544921875	0.3	1.0	2	79574	n/a
38.86279296875	0.3	1.0	2	79591	n/a
38.87109375	0.3	0.0	1	79608	n/a
38.87939453125	0.3	1.0	2	79625	n/a
38.8876953125	0.3	0.0	1	79642	n/a
38.89599609375	0.3	0.0	1	79659	n/a
38.904296875	0.3	1.0	2	79676	n/a
38.91259765625	0.3	1.0	2	79693	n/a
38.9208984375	0.3	0.0	1	79710	n/a
38.9296875	0.3	1.0	2	79728	n/a
38.93798828125	0.3	0.0	1	79745	n/a
38.9462890625	0.3	0.0	1	79762	n/a
38.95458984375	0.3	1.0	2	79779	n/a
38.962890625	0.3	1.0	2	79796	n/a
38.97119140625	0.3	0.0	1	79813	n/a
38.9794921875	0.3	1.0	2	79830	n/a
38.98779296875	0.3	0.0	1	79847	n/a
38.99609375	0.3	1.0	2	79864	n/a
39.00439453125	0.3	0.0	1	79881	n/a
39.0126953125	0.3	1.0	2	79898	n/a
39.02099609375	0.3	0.0	1	79915	n/a
39.029296875	0.3	1.0	2	79932	n/a
39.03759765625	0.3	0.0	1	79949	n/a
39.0458984375	0.3	1.0	2	79966	n/a
39.0546875	0.3	0.0	1	79984	n/a
39.06298828125	0.3	1.0	2	80001	n/a
39.0712890625	0.3	0.0	1	80018	n/a
39.07958984375	0.3	1.0	2	80035	n/a
39.087890625	0.3	0.0	1	80052	n/a
39.09619140625	0.3	1.0	2	80069	n/a
39.1044921875	0.3	0.0	1	80086	n/a
39.11279296875	0.3	0.0	1	80103	n/a
39.12109375	0.3	1.0	2	80120	n/a
39.12939453125	0.3	1.0	2	80137	n/a
39.1376953125	0.3	0.0	1	80154	n/a
39.14599609375	0.3	1.0	2	80171	n/a
39.154296875	0.3	0.0	1	80188	n/a
39.16259765625	0.3	0.0	1	80205	n/a
39.1708984375	0.3	1.0	2	80222	n/a
39.1796875	0.3	1.0	2	80240	n/a
39.18798828125	0.3	0.0	1	80257	n/a
39.1962890625	0.3	0.0	1	80274	n/a
39.20458984375	0.3	1.0	2	80291	n/a
39.212890625	0.3	0.0	1	80308	n/a
39.22119140625	0.3	1.0	2	80325	n/a
39.2294921875	0.3	1.0	2	80342	n/a
39.23779296875	0.3	0.0	1	80359	n/a
39.24609375	0.3	1.0	2	80376	n/a
39.25439453125	0.3	0.0	1	80393	n/a
39.2626953125	0.3	1.0	2	80410	n/a
39.27099609375	0.3	0.0	1	80427	n/a
39.279296875	0.3	1.0	2	80444	n/a
39.28759765625	0.3	0.0	1	80461	n/a
39.2958984375	0.3	1.0	2	80478	n/a
39.3046875	0.3	0.0	1	80496	n/a
39.31298828125	0.3	0.0	1	80513	n/a
39.3212890625	0.3	1.0	2	80530	n/a
39.32958984375	0.3	1.0	2	80547	n/a
39.337890625	0.3	0.0	1	80564	n/a
39.34619140625	0.3	1.0	2	80581	n/a
39.3544921875	0.3	0.0	1	80598	n/a
39.36279296875	0.3	1.0	2	80615	n/a
39.37109375	0.3	0.0	1	80632	n/a
39.37939453125	0.3	0.0	1	80649	n/a
39.3876953125	0.3	1.0	2	80666	n/a
39.39599609375	0.3	0.0	1	80683	n/a
39.404296875	0.3	1.0	2	80700	n/a
39.41259765625	0.3	1.0	2	80717	n/a
39.4208984375	0.3	0.0	1	80734	n/a
39.4296875	0.3	0.0	1	80752	n/a
39.43798828125	0.3	1.0	2	80769	n/a
39.4462890625	0.3	0.0	1	80786	n/a
39.45458984375	0.3	1.0	2	80803	n/a
39.462890625	0.3	1.0	2	80820	n/a
39.47119140625	0.3	0.0	1	80837	n/a
39.4794921875	0.3	0.0	1	80854	n/a
39.48779296875	0.3	1.0	2	80871	n/a
39.49609375	0.3	1.0	2	80888	n/a
39.50439453125	0.3	0.0	1	80905	n/a
39.5126953125	0.3	0.0	1	80922	n/a
39.52099609375	0.3	1.0	2	80939	n/a
39.529296875	0.3	1.0	2	80956	n/a
39.53759765625	0.3	0.0	1	80973	n/a
39.5458984375	0.3	1.0	2	80990	n/a
39.5546875	0.3	0.0	1	81008	n/a
39.56298828125	0.3	0.0	1	81025	n/a
39.5712890625	0.3	1.0	2	81042	n/a
39.57958984375	0.3	1.0	2	81059	n/a
39.587890625	0.3	0.0	1	81076	n/a
39.59619140625	0.3	0.0	1	81093	n/a
39.6044921875	0.3	1.0	2	81110	n/a
39.61279296875	0.3	1.0	2	81127	n/a
39.62109375	0.3	0.0	1	81144	n/a
39.62939453125	0.3	1.0	2	81161	n/a
39.6376953125	0.3	0.0	1	81178	n/a
39.64599609375	0.3	0.0	1	81195	n/a
39.654296875	0.3	1.0	2	81212	n/a
39.66259765625	0.3	0.0	1	81229	n/a
39.6708984375	0.3	1.0	2	81246	n/a
39.6796875	0.3	1.0	2	81264	n/a
39.68798828125	0.3	0.0	1	81281	n/a
39.6962890625	0.3	1.0	2	81298	n/a
39.70458984375	0.3	0.0	1	81315	n/a
39.712890625	0.3	1.0	2	81332	n/a
39.72119140625	0.3	0.0	1	81349	n/a
39.7294921875	0.3	0.0	1	81366	n/a
39.73779296875	0.3	1.0	2	81383	n/a
39.74609375	0.3	0.0	1	81400	n/a
39.75439453125	0.3	1.0	2	81417	n/a
39.7626953125	0.3	1.0	2	81434	n/a
39.77099609375	0.3	0.0	1	81451	n/a
39.779296875	0.3	0.0	1	81468	n/a
39.78759765625	0.3	1.0	2	81485	n/a
39.7958984375	0.3	0.0	1	81502	n/a
39.8046875	0.3	1.0	2	81520	n/a
39.81298828125	0.3	0.0	1	81537	n/a
39.8212890625	0.3	1.0	2	81554	n/a
39.82958984375	0.3	0.0	1	81571	n/a
39.837890625	0.3	1.0	2	81588	n/a
39.84619140625	0.3	1.0	2	81605	n/a
39.8544921875	0.3	0.0	1	81622	n/a
39.86279296875	0.3	1.0	2	81639	n/a
39.87109375	0.3	0.0	1	81656	n/a
39.87939453125	0.3	1.0	2	81673	n/a
39.8876953125	0.3	0.0	1	81690	n/a
39.89599609375	0.3	0.0	1	81707	n/a
39.904296875	0.3	1.0	2	81724	n/a
39.91259765625	0.3	1.0	2	81741	n/a
39.9208984375	0.3	0.0	1	81758	n/a
39.9296875	0.3	1.0	2	81776	n/a
39.93798828125	0.3	0.0	1	81793	n/a
39.9462890625	0.3	0.0	1	81810	n/a
39.95458984375	0.3	1.0	2	81827	n/a
39.962890625	0.3	1.0	2	81844	n/a
39.97119140625	0.3	0.0	1	81861	n/a
39.9794921875	0.3	1.0	2	81878	n/a
39.98779296875	0.3	0.0	1	81895	n/a
39.99609375	0.3	0.0	1	81912	n/a
40.00439453125	0.3	1.0	2	81929	n/a
40.0126953125	0.3	1.0	2	81946	n/a
40.02099609375	0.3	0.0	1	81963	n/a
40.029296875	0.3	1.0	2	81980	n/a
40.03759765625	0.3	0.0	1	81997	n/a
40.0458984375	0.3	1.0	2	82014	n/a
40.0546875	0.3	0.0	1	82032	n/a
40.06298828125	0.3	1.0	2	82049	n/a
40.0712890625	0.3	0.0	1	82066	n/a
40.07958984375	0.3	1.0	2	82083	n/a
40.087890625	0.3	0.0	1	82100	n/a
40.09619140625	0.3	1.0	2	82117	n/a
40.1044921875	0.3	0.0	1	82134	n/a
40.11279296875	0.3	1.0	2	82151	n/a
40.12109375	0.3	0.0	1	82168	n/a
40.12939453125	0.3	1.0	2	82185	n/a
40.1376953125	0.3	0.0	1	82202	n/a
40.14599609375	0.3	1.0	2	82219	n/a
40.154296875	0.3	0.0	1	82236	n/a
40.16259765625	0.3	0.0	1	82253	n/a
40.1708984375	0.3	1.0	2	82270	n/a
40.1796875	0.3	1.0	2	82288	n/a
40.18798828125	0.3	0.0	1	82305	n/a
40.1962890625	0.3	1.0	2	82322	n/a
40.20458984375	0.3	0.0	1	82339	n/a
40.212890625	0.3	0.0	1	82356	n/a
40.22119140625	0.3	1.0	2	82373	n/a
40.2294921875	0.3	1.0	2	82390	n/a
40.23779296875	0.3	0.0	1	82407	n/a
40.24609375	0.3	0.0	1	82424	n/a
40.25439453125	0.3	1.0	2	82441	n/a
40.2626953125	0.3	0.0	1	82458	n/a
40.27099609375	0.3	1.0	2	82475	n/a
40.279296875	0.3	1.0	2	82492	n/a
40.28759765625	0.3	0.0	1	82509	n/a
40.2958984375	0.3	1.0	2	82526	n/a
40.3046875	0.3	0.0	1	82544	n/a
40.31298828125	0.3	1.0	2	82561	n/a
40.3212890625	0.3	0.0	1	82578	n/a
40.32958984375	0.3	1.0	2	82595	n/a
40.337890625	0.3	0.0	1	82612	n/a
40.34619140625	0.3	1.0	2	82629	n/a
40.3544921875	0.3	0.0	1	82646	n/a
40.36279296875	0.3	0.0	1	82663	n/a
40.37109375	0.3	1.0	2	82680	n/a
40.37939453125	0.3	1.0	2	82697	n/a
40.3876953125	0.3	0.0	1	82714	n/a
40.39599609375	0.3	1.0	2	82731	n/a
40.404296875	0.3	0.0	1	82748	n/a
40.41259765625	0.3	1.0	2	82765	n/a
40.4208984375	0.3	0.0	1	82782	n/a
40.4296875	0.3	0.0	1	82800	n/a
40.43798828125	0.3	1.0	2	82817	n/a
40.4462890625	0.3	0.0	1	82834	n/a
40.45458984375	0.3	1.0	2	82851	n/a
40.462890625	0.3	1.0	2	82868	n/a
40.47119140625	0.3	0.0	1	82885	n/a
40.4794921875	0.3	0.0	1	82902	n/a
40.48779296875	0.3	1.0	2	82919	n/a
40.49609375	0.3	0.0	1	82936	n/a
40.50439453125	0.3	1.0	2	82953	n/a
40.5126953125	0.3	1.0	2	82970	n/a
40.52099609375	0.3	0.0	1	82987	n/a
40.529296875	0.3	0.0	1	83004	n/a
40.53759765625	0.3	1.0	2	83021	n/a
40.5458984375	0.3	1.0	2	83038	n/a
40.5546875	0.3	0.0	1	83056	n/a
40.56298828125	0.3	0.0	1	83073	n/a
40.5712890625	0.3	1.0	2	83090	n/a
40.57958984375	0.3	1.0	2	83107	n/a
40.587890625	0.3	0.0	1	83124	n/a
40.59619140625	0.3	1.0	2	83141	n/a
40.6044921875	0.3	0.0	1	83158	n/a
40.61279296875	0.3	0.0	1	83175	n/a
40.62109375	0.3	1.0	2	83192	n/a
40.62939453125	0.3	1.0	2	83209	n/a
40.6376953125	0.3	0.0	1	83226	n/a
40.64599609375	0.3	0.0	1	83243	n/a
40.654296875	0.3	1.0	2	83260	n/a
40.66259765625	0.3	1.0	2	83277	n/a
40.6708984375	0.3	0.0	1	83294	n/a
40.6796875	0.3	1.0	2	83312	n/a
40.68798828125	0.3	0.0	1	83329	n/a
40.6962890625	0.3	0.0	1	83346	n/a
40.70458984375	0.3	1.0	2	83363	n/a
40.712890625	0.3	0.0	1	83380	n/a
40.72119140625	0.3	1.0	2	83397	n/a
40.7294921875	0.3	1.0	2	83414	n/a
40.73779296875	0.3	0.0	1	83431	n/a
40.74609375	0.3	1.0	2	83448	n/a
40.75439453125	0.3	0.0	1	83465	n/a
40.7626953125	0.3	1.0	2	83482	n/a
40.77099609375	0.3	0.0	1	83499	n/a
40.779296875	0.3	0.0	1	83516	n/a
40.78759765625	0.3	1.0	2	83533	n/a
40.7958984375	0.3	0.0	1	83550	n/a
40.8046875	0.3	1.0	2	83568	n/a
40.81298828125	0.3	1.0	2	83585	n/a
40.8212890625	0.3	0.0	1	83602	n/a
40.82958984375	0.3	0.0	1	83619	n/a
40.837890625	0.3	1.0	2	83636	n/a
40.84619140625	0.3	0.0	1	83653	n/a
40.8544921875	0.3	1.0	2	83670	n/a
40.86279296875	0.3	0.0	1	83687	n/a
40.87109375	0.3	1.0	2	83704	n/a
40.87939453125	0.3	0.0	1	83721	n/a
40.8876953125	0.3	1.0	2	83738	n/a
40.89599609375	0.3	1.0	2	83755	n/a
40.904296875	0.3	0.0	1	83772	n/a
40.91259765625	0.3	1.0	2	83789	n/a
40.9208984375	0.3	0.0	1	83806	n/a
40.9296875	0.3	1.0	2	83824	n/a
40.93798828125	0.3	0.0	1	83841	n/a
40.9462890625	0.3	0.0	1	83858	n/a
40.95458984375	0.3	1.0	2	83875	n/a
40.962890625	0.3	1.0	2	83892	n/a
40.97119140625	0.3	0.0	1	83909	n/a
40.9794921875	0.3	1.0	2	83926	n/a
40.98779296875	0.3	0.0	1	83943	n/a
40.99609375	0.3	0.0	1	83960	n/a
41.00439453125	0.3	1.0	2	83977	n/a
41.0126953125	0.3	1.0	2	83994	n/a
41.02099609375	0.3	0.0	1	84011	n/a
41.029296875	0.3	1.0	2	84028	n/a
41.03759765625	0.3	0.0	1	84045	n/a
41.0458984375	0.3	0.0	1	84062	n/a
41.0546875	0.3	1.0	2	84080	n/a
41.06298828125	0.3	1.0	2	84097	n/a
41.0712890625	0.3	0.0	1	84114	n/a
41.07958984375	0.3	1.0	2	84131	n/a
41.087890625	0.3	0.0	1	84148	n/a
41.09619140625	0.3	1.0	2	84165	n/a
41.1044921875	0.3	0.0	1	84182	n/a
41.11279296875	0.3	1.0	2	84199	n/a
41.12109375	0.3	0.0	1	84216	n/a
41.12939453125	0.3	1.0	2	84233	n/a
41.1376953125	0.3	0.0	1	84250	n/a
41.14599609375	0.3	1.0	2	84267	n/a
41.154296875	0.3	0.0	1	84284	n/a
41.16259765625	0.3	1.0	2	84301	n/a
41.1708984375	0.3	0.0	1	84318	n/a
41.1796875	0.3	1.0	2	84336	n/a
41.18798828125	0.3	0.0	1	84353	n/a
41.1962890625	0.3	1.0	2	84370	n/a
41.20458984375	0.3	0.0	1	84387	n/a
41.212890625	0.3	0.0	1	84404	n/a
41.22119140625	0.3	1.0	2	84421	n/a
41.2294921875	0.3	1.0	2	84438	n/a
41.23779296875	0.3	0.0	1	84455	n/a
41.24609375	0.3	1.0	2	84472	n/a
41.25439453125	0.3	0.0	1	84489	n/a
41.2626953125	0.3	0.0	1	84506	n/a
41.27099609375	0.3	1.0	2	84523	n/a
41.279296875	0.3	1.0	2	84540	n/a
41.28759765625	0.3	0.0	1	84557	n/a
41.2958984375	0.3	0.0	1	84574	n/a
41.3046875	0.3	1.0	2	84592	n/a
41.31298828125	0.3	0.0	1	84609	n/a
41.3212890625	0.3	1.0	2	84626	n/a
41.32958984375	0.3	1.0	2	84643	n/a
41.337890625	0.3	0.0	1	84660	n/a
41.34619140625	0.3	1.0	2	84677	n/a
41.3544921875	0.3	0.0	1	84694	n/a
41.36279296875	0.3	1.0	2	84711	n/a
41.37109375	0.3	0.0	1	84728	n/a
41.37939453125	0.3	1.0	2	84745	n/a
41.3876953125	0.3	0.0	1	84762	n/a
41.39599609375	0.3	1.0	2	84779	n/a
41.404296875	0.3	0.0	1	84796	n/a
41.41259765625	0.3	0.0	1	84813	n/a
41.4208984375	0.3	1.0	2	84830	n/a
41.4296875	0.3	1.0	2	84848	n/a
41.43798828125	0.3	0.0	1	84865	n/a
41.4462890625	0.3	1.0	2	84882	n/a
41.45458984375	0.3	0.0	1	84899	n/a
41.462890625	0.3	1.0	2	84916	n/a
41.47119140625	0.3	0.0	1	84933	n/a
41.4794921875	0.3	0.0	1	84950	n/a
41.48779296875	0.3	1.0	2	84967	n/a
41.49609375	0.3	0.0	1	84984	n/a
41.50439453125	0.3	1.0	2	85001	n/a
41.5126953125	0.3	1.0	2	85018	n/a
41.52099609375	0.3	0.0	1	85035	n/a
41.529296875	0.3	0.0	1	85052	n/a
41.53759765625	0.3	1.0	2	85069	n/a
41.5458984375	0.3	0.0	1	85086	n/a
41.5546875	0.3	1.0	2	85104	n/a
41.56298828125	0.3	1.0	2	85121	n/a
41.5712890625	0.3	0.0	1	85138	n/a
41.57958984375	0.3	0.0	1	85155	n/a
41.587890625	0.3	1.0	2	85172	n/a
41.59619140625	0.3	1.0	2	85189	n/a
41.6044921875	0.3	0.0	1	85206	n/a
41.61279296875	0.3	0.0	1	85223	n/a
41.62109375	0.3	1.0	2	85240	n/a
41.62939453125	0.3	1.0	2	85257	n/a
41.6376953125	0.3	0.0	1	85274	n/a
41.64599609375	0.3	1.0	2	85291	n/a
41.654296875	0.3	0.0	1	85308	n/a
41.66259765625	0.3	0.0	1	85325	n/a
41.6708984375	0.3	1.0	2	85342	n/a
41.6796875	0.3	1.0	2	85360	n/a
41.68798828125	0.3	0.0	1	85377	n/a
41.6962890625	0.3	0.0	1	85394	n/a
41.70458984375	0.3	1.0	2	85411	n/a
41.712890625	0.3	1.0	2	85428	n/a
41.72119140625	0.3	0.0	1	85445	n/a
41.7294921875	0.3	1.0	2	85462	n/a
41.73779296875	0.3	0.0	1	85479	n/a
41.74609375	0.3	0.0	1	85496	n/a
41.75439453125	0.3	1.0	2	85513	n/a
41.7626953125	0.3	0.0	1	85530	n/a
41.77099609375	0.3	1.0	2	85547	n/a
41.779296875	0.3	1.0	2	85564	n/a
41.78759765625	0.3	0.0	1	85581	n/a
41.7958984375	0.3	1.0	2	85598	n/a
41.8046875	0.3	0.0	1	85616	n/a
41.81298828125	0.3	1.0	2	85633	n/a
41.8212890625	0.3	0.0	1	85650	n/a
41.82958984375	0.3	0.0	1	85667	n/a
41.837890625	0.3	1.0	2	85684	n/a
41.84619140625	0.3	0.0	1	85701	n/a
41.8544921875	0.3	1.0	2	85718	n/a
41.86279296875	0.3	1.0	2	85735	n/a
41.87109375	0.3	0.0	1	85752	n/a
41.87939453125	0.3	0.0	1	85769	n/a
41.8876953125	0.3	1.0	2	85786	n/a
41.89599609375	0.3	0.0	1	85803	n/a
41.904296875	0.3	1.0	2	85820	n/a
41.91259765625	0.3	0.0	1	85837	n/a
41.9208984375	0.3	1.0	2	85854	n/a
41.9296875	0.3	0.0	1	85872	n/a
41.93798828125	0.3	1.0	2	85889	n/a
41.9462890625	0.3	1.0	2	85906	n/a
41.95458984375	0.3	0.0	1	85923	n/a
41.962890625	0.3	1.0	2	85940	n/a
41.97119140625	0.3	0.0	1	85957	n/a
41.9794921875	0.3	1.0	2	85974	n/a
41.98779296875	0.3	0.0	1	85991	n/a
41.99609375	0.3	0.0	1	86008	n/a
42.00439453125	0.3	1.0	2	86025	n/a
42.0126953125	0.3	1.0	2	86042	n/a
42.02099609375	0.3	0.0	1	86059	n/a
42.029296875	0.3	1.0	2	86076	n/a
42.03759765625	0.3	0.0	1	86093	n/a
42.0458984375	0.3	0.0	1	86110	n/a
42.0546875	0.3	1.0	2	86128	n/a
44.42236328125	0.3	1.0	2	90977	10.0
44.4306640625	0.3	0.0	1	90994	n/a
44.43896484375	0.3	1.0	2	91011	n/a
44.447265625	0.3	0.0	1	91028	n/a
44.45556640625	0.3	0.0	1	91045	n/a
44.4638671875	0.3	1.0	2	91062	n/a
44.47216796875	0.3	0.0	1	91079	n/a
44.48046875	0.3	1.0	2	91096	n/a
44.4892578125	0.3	1.0	2	91114	n/a
44.49755859375	0.3	0.0	1	91131	n/a
44.505859375	0.3	0.0	1	91148	n/a
44.51416015625	0.3	1.0	2	91165	n/a
44.5224609375	0.3	0.0	1	91182	n/a
44.53076171875	0.3	1.0	2	91199	n/a
44.5390625	0.3	0.0	1	91216	n/a
44.54736328125	0.3	1.0	2	91233	n/a
44.5556640625	0.3	0.0	1	91250	n/a
44.56396484375	0.3	1.0	2	91267	n/a
44.572265625	0.3	0.0	1	91284	n/a
44.58056640625	0.3	1.0	2	91301	n/a
44.5888671875	0.3	0.0	1	91318	n/a
44.59716796875	0.3	1.0	2	91335	n/a
44.60546875	0.3	1.0	2	91352	n/a
44.6142578125	0.3	0.0	1	91370	n/a
44.62255859375	0.3	0.0	1	91387	n/a
44.630859375	0.3	1.0	2	91404	n/a
44.63916015625	0.3	0.0	1	91421	n/a
44.6474609375	0.3	1.0	2	91438	n/a
44.65576171875	0.3	1.0	2	91455	n/a
44.6640625	0.3	0.0	1	91472	n/a
44.67236328125	0.3	1.0	2	91489	n/a
44.6806640625	0.3	0.0	1	91506	n/a
44.68896484375	0.3	1.0	2	91523	n/a
44.697265625	0.3	0.0	1	91540	n/a
44.70556640625	0.3	1.0	2	91557	n/a
44.7138671875	0.3	0.0	1	91574	n/a
44.72216796875	0.3	0.0	1	91591	n/a
44.73046875	0.3	1.0	2	91608	n/a
44.7392578125	0.3	1.0	2	91626	n/a
44.74755859375	0.3	0.0	1	91643	n/a
44.755859375	0.3	1.0	2	91660	n/a
44.76416015625	0.3	0.0	1	91677	n/a
44.7724609375	0.3	0.0	1	91694	n/a
44.78076171875	0.3	1.0	2	91711	n/a
44.7890625	0.3	0.0	1	91728	n/a
44.79736328125	0.3	1.0	2	91745	n/a
44.8056640625	0.3	1.0	2	91762	n/a
44.81396484375	0.3	0.0	1	91779	n/a
44.822265625	0.3	0.0	1	91796	n/a
44.83056640625	0.3	1.0	2	91813	n/a
44.8388671875	0.3	0.0	1	91830	n/a
44.84716796875	0.3	1.0	2	91847	n/a
44.85546875	0.3	0.0	1	91864	n/a
44.8642578125	0.3	1.0	2	91882	n/a
44.87255859375	0.3	0.0	1	91899	n/a
44.880859375	0.3	1.0	2	91916	n/a
44.88916015625	0.3	1.0	2	91933	n/a
44.8974609375	0.3	0.0	1	91950	n/a
44.90576171875	0.3	0.0	1	91967	n/a
44.9140625	0.3	1.0	2	91984	n/a
44.92236328125	0.3	0.0	1	92001	n/a
44.9306640625	0.3	1.0	2	92018	n/a
44.93896484375	0.3	1.0	2	92035	n/a
44.947265625	0.3	0.0	1	92052	n/a
44.95556640625	0.3	1.0	2	92069	n/a
44.9638671875	0.3	0.0	1	92086	n/a
44.97216796875	0.3	1.0	2	92103	n/a
44.98046875	0.3	0.0	1	92120	n/a
44.9892578125	0.3	1.0	2	92138	n/a
44.99755859375	0.3	0.0	1	92155	n/a
45.005859375	0.3	1.0	2	92172	n/a
45.01416015625	0.3	0.0	1	92189	n/a
45.0224609375	0.3	1.0	2	92206	n/a
45.03076171875	0.3	0.0	1	92223	n/a
45.0390625	0.3	0.0	1	92240	n/a
45.04736328125	0.3	1.0	2	92257	n/a
45.0556640625	0.3	1.0	2	92274	n/a
45.06396484375	0.3	0.0	1	92291	n/a
45.072265625	0.3	1.0	2	92308	n/a
45.08056640625	0.3	0.0	1	92325	n/a
45.0888671875	0.3	1.0	2	92342	n/a
45.09716796875	0.3	0.0	1	92359	n/a
45.10546875	0.3	0.0	1	92376	n/a
45.1142578125	0.3	1.0	2	92394	n/a
45.12255859375	0.3	0.0	1	92411	n/a
45.130859375	0.3	1.0	2	92428	n/a
45.13916015625	0.3	0.0	1	92445	n/a
45.1474609375	0.3	1.0	2	92462	n/a
45.15576171875	0.3	0.0	1	92479	n/a
45.1640625	0.3	1.0	2	92496	n/a
45.17236328125	0.3	1.0	2	92513	n/a
45.1806640625	0.3	0.0	1	92530	n/a
45.18896484375	0.3	0.0	1	92547	n/a
45.197265625	0.3	1.0	2	92564	n/a
45.20556640625	0.3	1.0	2	92581	n/a
45.2138671875	0.3	0.0	1	92598	n/a
45.22216796875	0.3	1.0	2	92615	n/a
45.23046875	0.3	0.0	1	92632	n/a
45.2392578125	0.3	0.0	1	92650	n/a
45.24755859375	0.3	1.0	2	92667	n/a
45.255859375	0.3	1.0	2	92684	n/a
45.26416015625	0.3	0.0	1	92701	n/a
45.2724609375	0.3	1.0	2	92718	n/a
45.28076171875	0.3	0.0	1	92735	n/a
45.2890625	0.3	0.0	1	92752	n/a
45.29736328125	0.3	1.0	2	92769	n/a
45.3056640625	0.3	1.0	2	92786	n/a
45.31396484375	0.3	0.0	1	92803	n/a
45.322265625	0.3	0.0	1	92820	n/a
45.33056640625	0.3	1.0	2	92837	n/a
45.3388671875	0.3	0.0	1	92854	n/a
45.34716796875	0.3	1.0	2	92871	n/a
45.35546875	0.3	1.0	2	92888	n/a
45.3642578125	0.3	0.0	1	92906	n/a
45.37255859375	0.3	1.0	2	92923	n/a
45.380859375	0.3	0.0	1	92940	n/a
45.38916015625	0.3	0.0	1	92957	n/a
45.3974609375	0.3	1.0	2	92974	n/a
45.40576171875	0.3	1.0	2	92991	n/a
45.4140625	0.3	0.0	1	93008	n/a
45.42236328125	0.3	0.0	1	93025	n/a
45.4306640625	0.3	1.0	2	93042	n/a
45.43896484375	0.3	1.0	2	93059	n/a
45.447265625	0.3	0.0	1	93076	n/a
45.45556640625	0.3	0.0	1	93093	n/a
45.4638671875	0.3	1.0	2	93110	n/a
45.47216796875	0.3	1.0	2	93127	n/a
45.48046875	0.3	0.0	1	93144	n/a
45.4892578125	0.3	1.0	2	93162	n/a
45.49755859375	0.3	0.0	1	93179	n/a
45.505859375	0.3	0.0	1	93196	n/a
45.51416015625	0.3	1.0	2	93213	n/a
45.5224609375	0.3	0.0	1	93230	n/a
45.53076171875	0.3	1.0	2	93247	n/a
45.5390625	0.3	1.0	2	93264	n/a
45.54736328125	0.3	0.0	1	93281	n/a
45.5556640625	0.3	0.0	1	93298	n/a
45.56396484375	0.3	1.0	2	93315	n/a
45.572265625	0.3	0.0	1	93332	n/a
45.58056640625	0.3	1.0	2	93349	n/a
45.5888671875	0.3	0.0	1	93366	n/a
45.59716796875	0.3	1.0	2	93383	n/a
45.60546875	0.3	0.0	1	93400	n/a
45.6142578125	0.3	1.0	2	93418	n/a
45.62255859375	0.3	0.0	1	93435	n/a
45.630859375	0.3	1.0	2	93452	n/a
45.63916015625	0.3	0.0	1	93469	n/a
45.6474609375	0.3	1.0	2	93486	n/a
45.65576171875	0.3	1.0	2	93503	n/a
45.6640625	0.3	0.0	1	93520	n/a
45.67236328125	0.3	0.0	1	93537	n/a
45.6806640625	0.3	1.0	2	93554	n/a
45.68896484375	0.3	0.0	1	93571	n/a
45.697265625	0.3	1.0	2	93588	n/a
45.70556640625	0.3	1.0	2	93605	n/a
45.7138671875	0.3	0.0	1	93622	n/a
45.72216796875	0.3	1.0	2	93639	n/a
45.73046875	0.3	0.0	1	93656	n/a
45.7392578125	0.3	1.0	2	93674	n/a
45.74755859375	0.3	0.0	1	93691	n/a
45.755859375	0.3	1.0	2	93708	n/a
45.76416015625	0.3	0.0	1	93725	n/a
45.7724609375	0.3	0.0	1	93742	n/a
45.78076171875	0.3	1.0	2	93759	n/a
45.7890625	0.3	1.0	2	93776	n/a
45.79736328125	0.3	0.0	1	93793	n/a
45.8056640625	0.3	1.0	2	93810	n/a
45.81396484375	0.3	0.0	1	93827	n/a
45.822265625	0.3	0.0	1	93844	n/a
45.83056640625	0.3	1.0	2	93861	n/a
45.8388671875	0.3	0.0	1	93878	n/a
45.84716796875	0.3	1.0	2	93895	n/a
45.85546875	0.3	1.0	2	93912	n/a
45.8642578125	0.3	0.0	1	93930	n/a
45.87255859375	0.3	0.0	1	93947	n/a
45.880859375	0.3	1.0	2	93964	n/a
45.88916015625	0.3	0.0	1	93981	n/a
45.8974609375	0.3	1.0	2	93998	n/a
45.90576171875	0.3	0.0	1	94015	n/a
45.9140625	0.3	1.0	2	94032	n/a
45.92236328125	0.3	0.0	1	94049	n/a
45.9306640625	0.3	1.0	2	94066	n/a
45.93896484375	0.3	1.0	2	94083	n/a
45.947265625	0.3	0.0	1	94100	n/a
45.95556640625	0.3	0.0	1	94117	n/a
45.9638671875	0.3	1.0	2	94134	n/a
45.97216796875	0.3	0.0	1	94151	n/a
45.98046875	0.3	1.0	2	94168	n/a
45.9892578125	0.3	1.0	2	94186	n/a
45.99755859375	0.3	0.0	1	94203	n/a
46.005859375	0.3	1.0	2	94220	n/a
46.01416015625	0.3	0.0	1	94237	n/a
46.0224609375	0.3	1.0	2	94254	n/a
46.03076171875	0.3	0.0	1	94271	n/a
46.0390625	0.3	1.0	2	94288	n/a
46.04736328125	0.3	0.0	1	94305	n/a
46.0556640625	0.3	1.0	2	94322	n/a
46.06396484375	0.3	0.0	1	94339	n/a
46.072265625	0.3	1.0	2	94356	n/a
46.08056640625	0.3	0.0	1	94373	n/a
46.0888671875	0.3	0.0	1	94390	n/a
46.09716796875	0.3	1.0	2	94407	n/a
46.10546875	0.3	1.0	2	94424	n/a
46.1142578125	0.3	0.0	1	94442	n/a
46.12255859375	0.3	1.0	2	94459	n/a
46.130859375	0.3	0.0	1	94476	n/a
46.13916015625	0.3	1.0	2	94493	n/a
46.1474609375	0.3	0.0	1	94510	n/a
46.15576171875	0.3	0.0	1	94527	n/a
46.1640625	0.3	1.0	2	94544	n/a
46.17236328125	0.3	0.0	1	94561	n/a
46.1806640625	0.3	1.0	2	94578	n/a
46.18896484375	0.3	0.0	1	94595	n/a
46.197265625	0.3	1.0	2	94612	n/a
46.20556640625	0.3	0.0	1	94629	n/a
46.2138671875	0.3	1.0	2	94646	n/a
46.22216796875	0.3	1.0	2	94663	n/a
46.23046875	0.3	0.0	1	94680	n/a
46.2392578125	0.3	0.0	1	94698	n/a
46.24755859375	0.3	1.0	2	94715	n/a
46.255859375	0.3	1.0	2	94732	n/a
46.26416015625	0.3	0.0	1	94749	n/a
46.2724609375	0.3	1.0	2	94766	n/a
46.28076171875	0.3	0.0	1	94783	n/a
46.2890625	0.3	0.0	1	94800	n/a
46.29736328125	0.3	1.0	2	94817	n/a
46.3056640625	0.3	1.0	2	94834	n/a
46.31396484375	0.3	0.0	1	94851	n/a
46.322265625	0.3	1.0	2	94868	n/a
46.33056640625	0.3	0.0	1	94885	n/a
46.3388671875	0.3	0.0	1	94902	n/a
46.34716796875	0.3	1.0	2	94919	n/a
46.35546875	0.3	1.0	2	94936	n/a
46.3642578125	0.3	0.0	1	94954	n/a
46.37255859375	0.3	0.0	1	94971	n/a
46.380859375	0.3	1.0	2	94988	n/a
46.38916015625	0.3	0.0	1	95005	n/a
46.3974609375	0.3	1.0	2	95022	n/a
46.40576171875	0.3	1.0	2	95039	n/a
46.4140625	0.3	0.0	1	95056	n/a
46.42236328125	0.3	1.0	2	95073	n/a
46.4306640625	0.3	0.0	1	95090	n/a
46.43896484375	0.3	0.0	1	95107	n/a
46.447265625	0.3	1.0	2	95124	n/a
46.45556640625	0.3	1.0	2	95141	n/a
46.4638671875	0.3	0.0	1	95158	n/a
46.47216796875	0.3	0.0	1	95175	n/a
46.48046875	0.3	1.0	2	95192	n/a
46.4892578125	0.3	1.0	2	95210	n/a
46.49755859375	0.3	0.0	1	95227	n/a
46.505859375	0.3	0.0	1	95244	n/a
46.51416015625	0.3	1.0	2	95261	n/a
46.5224609375	0.3	1.0	2	95278	n/a
46.53076171875	0.3	0.0	1	95295	n/a
46.5390625	0.3	1.0	2	95312	n/a
46.54736328125	0.3	0.0	1	95329	n/a
46.5556640625	0.3	0.0	1	95346	n/a
46.56396484375	0.3	1.0	2	95363	n/a
46.572265625	0.3	0.0	1	95380	n/a
46.58056640625	0.3	1.0	2	95397	n/a
46.5888671875	0.3	1.0	2	95414	n/a
46.59716796875	0.3	0.0	1	95431	n/a
46.60546875	0.3	0.0	1	95448	n/a
46.6142578125	0.3	1.0	2	95466	n/a
46.62255859375	0.3	0.0	1	95483	n/a
46.630859375	0.3	1.0	2	95500	n/a
46.63916015625	0.3	0.0	1	95517	n/a
46.6474609375	0.3	1.0	2	95534	n/a
46.65576171875	0.3	0.0	1	95551	n/a
46.6640625	0.3	1.0	2	95568	n/a
46.67236328125	0.3	0.0	1	95585	n/a
46.6806640625	0.3	1.0	2	95602	n/a
46.68896484375	0.3	0.0	1	95619	n/a
46.697265625	0.3	1.0	2	95636	n/a
46.70556640625	0.3	1.0	2	95653	n/a
46.7138671875	0.3	0.0	1	95670	n/a
46.72216796875	0.3	0.0	1	95687	n/a
46.73046875	0.3	1.0	2	95704	n/a
46.7392578125	0.3	0.0	1	95722	n/a
46.74755859375	0.3	1.0	2	95739	n/a
46.755859375	0.3	1.0	2	95756	n/a
46.76416015625	0.3	0.0	1	95773	n/a
46.7724609375	0.3	1.0	2	95790	n/a
46.78076171875	0.3	0.0	1	95807	n/a
46.7890625	0.3	1.0	2	95824	n/a
46.79736328125	0.3	0.0	1	95841	n/a
46.8056640625	0.3	1.0	2	95858	n/a
46.81396484375	0.3	0.0	1	95875	n/a
46.822265625	0.3	0.0	1	95892	n/a
46.83056640625	0.3	1.0	2	95909	n/a
46.8388671875	0.3	1.0	2	95926	n/a
46.84716796875	0.3	0.0	1	95943	n/a
46.85546875	0.3	1.0	2	95960	n/a
46.8642578125	0.3	0.0	1	95978	n/a
46.87255859375	0.3	0.0	1	95995	n/a
46.880859375	0.3	1.0	2	96012	n/a
46.88916015625	0.3	0.0	1	96029	n/a
46.8974609375	0.3	1.0	2	96046	n/a
46.90576171875	0.3	1.0	2	96063	n/a
46.9140625	0.3	0.0	1	96080	n/a
46.92236328125	0.3	0.0	1	96097	n/a
46.9306640625	0.3	1.0	2	96114	n/a
46.93896484375	0.3	0.0	1	96131	n/a
46.947265625	0.3	1.0	2	96148	n/a
46.95556640625	0.3	0.0	1	96165	n/a
46.9638671875	0.3	1.0	2	96182	n/a
46.97216796875	0.3	0.0	1	96199	n/a
46.98046875	0.3	1.0	2	96216	n/a
46.9892578125	0.3	1.0	2	96234	n/a
46.99755859375	0.3	0.0	1	96251	n/a
47.005859375	0.3	0.0	1	96268	n/a
47.01416015625	0.3	1.0	2	96285	n/a
47.0224609375	0.3	0.0	1	96302	n/a
47.03076171875	0.3	1.0	2	96319	n/a
47.0390625	0.3	1.0	2	96336	n/a
47.04736328125	0.3	0.0	1	96353	n/a
47.0556640625	0.3	1.0	2	96370	n/a
47.06396484375	0.3	0.0	1	96387	n/a
47.072265625	0.3	1.0	2	96404	n/a
47.08056640625	0.3	0.0	1	96421	n/a
47.0888671875	0.3	1.0	2	96438	n/a
47.09716796875	0.3	0.0	1	96455	n/a
47.10546875	0.3	1.0	2	96472	n/a
47.1142578125	0.3	0.0	1	96490	n/a
47.12255859375	0.3	1.0	2	96507	n/a
47.130859375	0.3	0.0	1	96524	n/a
47.13916015625	0.3	0.0	1	96541	n/a
47.1474609375	0.3	1.0	2	96558	n/a
47.15576171875	0.3	1.0	2	96575	n/a
47.1640625	0.3	0.0	1	96592	n/a
47.17236328125	0.3	1.0	2	96609	n/a
47.1806640625	0.3	0.0	1	96626	n/a
47.18896484375	0.3	1.0	2	96643	n/a
47.197265625	0.3	0.0	1	96660	n/a
47.20556640625	0.3	0.0	1	96677	n/a
47.2138671875	0.3	1.0	2	96694	n/a
47.22216796875	0.3	0.0	1	96711	n/a
47.23046875	0.3	1.0	2	96728	n/a
47.2392578125	0.3	0.0	1	96746	n/a
47.24755859375	0.3	1.0	2	96763	n/a
47.255859375	0.3	0.0	1	96780	n/a
47.26416015625	0.3	1.0	2	96797	n/a
47.2724609375	0.3	1.0	2	96814	n/a
47.28076171875	0.3	0.0	1	96831	n/a
47.2890625	0.3	0.0	1	96848	n/a
47.29736328125	0.3	1.0	2	96865	n/a
47.3056640625	0.3	1.0	2	96882	n/a
47.31396484375	0.3	0.0	1	96899	n/a
47.322265625	0.3	1.0	2	96916	n/a
47.33056640625	0.3	0.0	1	96933	n/a
47.3388671875	0.3	0.0	1	96950	n/a
47.34716796875	0.3	1.0	2	96967	n/a
47.35546875	0.3	1.0	2	96984	n/a
47.3642578125	0.3	0.0	1	97002	n/a
47.37255859375	0.3	1.0	2	97019	n/a
47.380859375	0.3	0.0	1	97036	n/a
47.38916015625	0.3	0.0	1	97053	n/a
47.3974609375	0.3	1.0	2	97070	n/a
47.40576171875	0.3	1.0	2	97087	n/a
47.4140625	0.3	0.0	1	97104	n/a
47.42236328125	0.3	0.0	1	97121	n/a
47.4306640625	0.3	1.0	2	97138	n/a
47.43896484375	0.3	0.0	1	97155	n/a
47.447265625	0.3	1.0	2	97172	n/a
47.45556640625	0.3	1.0	2	97189	n/a
47.4638671875	0.3	0.0	1	97206	n/a
47.47216796875	0.3	1.0	2	97223	n/a
47.48046875	0.3	0.0	1	97240	n/a
47.4892578125	0.3	0.0	1	97258	n/a
47.49755859375	0.3	1.0	2	97275	n/a
47.505859375	0.3	1.0	2	97292	n/a
47.51416015625	0.3	0.0	1	97309	n/a
47.5224609375	0.3	0.0	1	97326	n/a
47.53076171875	0.3	1.0	2	97343	n/a
47.5390625	0.3	1.0	2	97360	n/a
47.54736328125	0.3	0.0	1	97377	n/a
47.5556640625	0.3	0.0	1	97394	n/a
47.56396484375	0.3	1.0	2	97411	n/a
47.572265625	0.3	1.0	2	97428	n/a
47.58056640625	0.3	0.0	1	97445	n/a
47.5888671875	0.3	1.0	2	97462	n/a
47.59716796875	0.3	0.0	1	97479	n/a
47.60546875	0.3	0.0	1	97496	n/a
47.6142578125	0.3	1.0	2	97514	n/a
47.62255859375	0.3	0.0	1	97531	n/a
47.630859375	0.3	1.0	2	97548	n/a
47.63916015625	0.3	1.0	2	97565	n/a
47.6474609375	0.3	0.0	1	97582	n/a
47.65576171875	0.3	0.0	1	97599	n/a
47.6640625	0.3	1.0	2	97616	n/a
47.67236328125	0.3	0.0	1	97633	n/a
47.6806640625	0.3	1.0	2	97650	n/a
47.68896484375	0.3	0.0	1	97667	n/a
47.697265625	0.3	1.0	2	97684	n/a
47.70556640625	0.3	0.0	1	97701	n/a
47.7138671875	0.3	1.0	2	97718	n/a
47.72216796875	0.3	0.0	1	97735	n/a
47.73046875	0.3	1.0	2	97752	n/a
47.7392578125	0.3	0.0	1	97770	n/a
47.74755859375	0.3	1.0	2	97787	n/a
47.755859375	0.3	1.0	2	97804	n/a
47.76416015625	0.3	0.0	1	97821	n/a
47.7724609375	0.3	0.0	1	97838	n/a
47.78076171875	0.3	1.0	2	97855	n/a
47.7890625	0.3	0.0	1	97872	n/a
47.79736328125	0.3	1.0	2	97889	n/a
47.8056640625	0.3	1.0	2	97906	n/a
47.81396484375	0.3	0.0	1	97923	n/a
47.822265625	0.3	1.0	2	97940	n/a
47.83056640625	0.3	0.0	1	97957	n/a
47.8388671875	0.3	1.0	2	97974	n/a
47.84716796875	0.3	0.0	1	97991	n/a
47.85546875	0.3	1.0	2	98008	n/a
47.8642578125	0.3	0.0	1	98026	n/a
47.87255859375	0.3	0.0	1	98043	n/a
47.880859375	0.3	1.0	2	98060	n/a
47.88916015625	0.3	1.0	2	98077	n/a
47.8974609375	0.3	0.0	1	98094	n/a
47.90576171875	0.3	1.0	2	98111	n/a
47.9140625	0.3	0.0	1	98128	n/a
47.92236328125	0.3	0.0	1	98145	n/a
47.9306640625	0.3	1.0	2	98162	n/a
47.93896484375	0.3	0.0	1	98179	n/a
47.947265625	0.3	1.0	2	98196	n/a
47.95556640625	0.3	1.0	2	98213	n/a
47.9638671875	0.3	0.0	1	98230	n/a
47.97216796875	0.3	0.0	1	98247	n/a
47.98046875	0.3	1.0	2	98264	n/a
47.9892578125	0.3	0.0	1	98282	n/a
47.99755859375	0.3	1.0	2	98299	n/a
48.005859375	0.3	0.0	1	98316	n/a
48.01416015625	0.3	1.0	2	98333	n/a
48.0224609375	0.3	0.0	1	98350	n/a
48.03076171875	0.3	1.0	2	98367	n/a
48.0390625	0.3	1.0	2	98384	n/a
48.04736328125	0.3	0.0	1	98401	n/a
48.0556640625	0.3	0.0	1	98418	n/a
48.06396484375	0.3	1.0	2	98435	n/a
48.072265625	0.3	0.0	1	98452	n/a
48.08056640625	0.3	1.0	2	98469	n/a
48.0888671875	0.3	1.0	2	98486	n/a
48.09716796875	0.3	0.0	1	98503	n/a
48.10546875	0.3	1.0	2	98520	n/a
48.1142578125	0.3	0.0	1	98538	n/a
48.12255859375	0.3	1.0	2	98555	n/a
48.130859375	0.3	0.0	1	98572	n/a
48.13916015625	0.3	1.0	2	98589	n/a
48.1474609375	0.3	0.0	1	98606	n/a
48.15576171875	0.3	1.0	2	98623	n/a
48.1640625	0.3	0.0	1	98640	n/a
48.17236328125	0.3	1.0	2	98657	n/a
48.1806640625	0.3	0.0	1	98674	n/a
48.18896484375	0.3	0.0	1	98691	n/a
48.197265625	0.3	1.0	2	98708	n/a
48.20556640625	0.3	1.0	2	98725	n/a
48.2138671875	0.3	0.0	1	98742	n/a
48.22216796875	0.3	1.0	2	98759	n/a
48.23046875	0.3	0.0	1	98776	n/a
48.2392578125	0.3	1.0	2	98794	n/a
48.24755859375	0.3	0.0	1	98811	n/a
48.255859375	0.3	0.0	1	98828	n/a
48.26416015625	0.3	1.0	2	98845	n/a
48.2724609375	0.3	0.0	1	98862	n/a
48.28076171875	0.3	1.0	2	98879	n/a
48.2890625	0.3	0.0	1	98896	n/a
48.29736328125	0.3	1.0	2	98913	n/a
48.3056640625	0.3	0.0	1	98930	n/a
48.31396484375	0.3	1.0	2	98947	n/a
48.322265625	0.3	1.0	2	98964	n/a
48.33056640625	0.3	0.0	1	98981	n/a
48.3388671875	0.3	0.0	1	98998	n/a
48.34716796875	0.3	1.0	2	99015	n/a
48.35546875	0.3	1.0	2	99032	n/a
48.3642578125	0.3	0.0	1	99050	n/a
48.37255859375	0.3	1.0	2	99067	n/a
48.380859375	0.3	0.0	1	99084	n/a
48.38916015625	0.3	0.0	1	99101	n/a
48.3974609375	0.3	1.0	2	99118	n/a
48.40576171875	0.3	1.0	2	99135	n/a
48.4140625	0.3	0.0	1	99152	n/a
48.42236328125	0.3	1.0	2	99169	n/a
48.4306640625	0.3	0.0	1	99186	n/a
48.43896484375	0.3	0.0	1	99203	n/a
48.447265625	0.3	1.0	2	99220	n/a
48.45556640625	0.3	1.0	2	99237	n/a
48.4638671875	0.3	0.0	1	99254	n/a
48.47216796875	0.3	0.0	1	99271	n/a
48.48046875	0.3	1.0	2	99288	n/a
48.4892578125	0.3	0.0	1	99306	n/a
48.49755859375	0.3	1.0	2	99323	n/a
48.505859375	0.3	1.0	2	99340	n/a
48.51416015625	0.3	0.0	1	99357	n/a
48.5224609375	0.3	1.0	2	99374	n/a
48.53076171875	0.3	0.0	1	99391	n/a
48.5390625	0.3	0.0	1	99408	n/a
48.54736328125	0.3	1.0	2	99425	n/a
48.5556640625	0.3	1.0	2	99442	n/a
48.56396484375	0.3	0.0	1	99459	n/a
48.572265625	0.3	0.0	1	99476	n/a
48.58056640625	0.3	1.0	2	99493	n/a
48.5888671875	0.3	1.0	2	99510	n/a
48.59716796875	0.3	0.0	1	99527	n/a
48.60546875	0.3	0.0	1	99544	n/a
48.6142578125	0.3	1.0	2	99562	n/a
50.98974609375	0.3	0.0	1	104427	7.0
50.998046875	0.3	1.0	2	104444	n/a
51.00634765625	0.3	1.0	2	104461	n/a
51.0146484375	0.3	0.0	1	104478	n/a
51.02294921875	0.3	0.0	1	104495	n/a
51.03125	0.3	1.0	2	104512	n/a
51.03955078125	0.3	1.0	2	104529	n/a
51.0478515625	0.3	0.0	1	104546	n/a
51.056640625	0.3	1.0	2	104564	n/a
51.06494140625	0.3	0.0	1	104581	n/a
51.0732421875	0.3	0.0	1	104598	n/a
51.08154296875	0.3	1.0	2	104615	n/a
51.08984375	0.3	0.0	1	104632	n/a
51.09814453125	0.3	1.0	2	104649	n/a
51.1064453125	0.3	0.0	1	104666	n/a
51.11474609375	0.3	1.0	2	104683	n/a
51.123046875	0.3	1.0	2	104700	n/a
51.13134765625	0.3	0.0	1	104717	n/a
51.1396484375	0.3	1.0	2	104734	n/a
51.14794921875	0.3	0.0	1	104751	n/a
51.15625	0.3	1.0	2	104768	n/a
51.16455078125	0.3	0.0	1	104785	n/a
51.1728515625	0.3	1.0	2	104802	n/a
51.181640625	0.3	0.0	1	104820	n/a
51.18994140625	0.3	0.0	1	104837	n/a
51.1982421875	0.3	1.0	2	104854	n/a
51.20654296875	0.3	0.0	1	104871	n/a
51.21484375	0.3	1.0	2	104888	n/a
51.22314453125	0.3	1.0	2	104905	n/a
51.2314453125	0.3	0.0	1	104922	n/a
51.23974609375	0.3	1.0	2	104939	n/a
51.248046875	0.3	0.0	1	104956	n/a
51.25634765625	0.3	0.0	1	104973	n/a
51.2646484375	0.3	1.0	2	104990	n/a
51.27294921875	0.3	1.0	2	105007	n/a
51.28125	0.3	0.0	1	105024	n/a
51.28955078125	0.3	1.0	2	105041	n/a
51.2978515625	0.3	0.0	1	105058	n/a
51.306640625	0.3	0.0	1	105076	n/a
51.31494140625	0.3	1.0	2	105093	n/a
51.3232421875	0.3	0.0	1	105110	n/a
51.33154296875	0.3	1.0	2	105127	n/a
51.33984375	0.3	1.0	2	105144	n/a
51.34814453125	0.3	0.0	1	105161	n/a
51.3564453125	0.3	1.0	2	105178	n/a
51.36474609375	0.3	0.0	1	105195	n/a
51.373046875	0.3	0.0	1	105212	n/a
51.38134765625	0.3	1.0	2	105229	n/a
51.3896484375	0.3	0.0	1	105246	n/a
51.39794921875	0.3	1.0	2	105263	n/a
51.40625	0.3	0.0	1	105280	n/a
51.41455078125	0.3	1.0	2	105297	n/a
51.4228515625	0.3	1.0	2	105314	n/a
51.431640625	0.3	0.0	1	105332	n/a
51.43994140625	0.3	0.0	1	105349	n/a
51.4482421875	0.3	1.0	2	105366	n/a
51.45654296875	0.3	0.0	1	105383	n/a
51.46484375	0.3	1.0	2	105400	n/a
51.47314453125	0.3	0.0	1	105417	n/a
51.4814453125	0.3	1.0	2	105434	n/a
51.48974609375	0.3	1.0	2	105451	n/a
51.498046875	0.3	0.0	1	105468	n/a
51.50634765625	0.3	1.0	2	105485	n/a
51.5146484375	0.3	0.0	1	105502	n/a
51.52294921875	0.3	1.0	2	105519	n/a
51.53125	0.3	0.0	1	105536	n/a
51.53955078125	0.3	1.0	2	105553	n/a
51.5478515625	0.3	0.0	1	105570	n/a
51.556640625	0.3	0.0	1	105588	n/a
51.56494140625	0.3	1.0	2	105605	n/a
51.5732421875	0.3	0.0	1	105622	n/a
51.58154296875	0.3	1.0	2	105639	n/a
51.58984375	0.3	1.0	2	105656	n/a
51.59814453125	0.3	0.0	1	105673	n/a
51.6064453125	0.3	0.0	1	105690	n/a
51.61474609375	0.3	1.0	2	105707	n/a
51.623046875	0.3	0.0	1	105724	n/a
51.63134765625	0.3	1.0	2	105741	n/a
51.6396484375	0.3	0.0	1	105758	n/a
51.64794921875	0.3	1.0	2	105775	n/a
51.65625	0.3	0.0	1	105792	n/a
51.66455078125	0.3	1.0	2	105809	n/a
51.6728515625	0.3	1.0	2	105826	n/a
51.681640625	0.3	0.0	1	105844	n/a
51.68994140625	0.3	0.0	1	105861	n/a
51.6982421875	0.3	1.0	2	105878	n/a
51.70654296875	0.3	1.0	2	105895	n/a
51.71484375	0.3	0.0	1	105912	n/a
51.72314453125	0.3	1.0	2	105929	n/a
51.7314453125	0.3	0.0	1	105946	n/a
51.73974609375	0.3	0.0	1	105963	n/a
51.748046875	0.3	1.0	2	105980	n/a
51.75634765625	0.3	0.0	1	105997	n/a
51.7646484375	0.3	1.0	2	106014	n/a
51.77294921875	0.3	0.0	1	106031	n/a
51.78125	0.3	1.0	2	106048	n/a
51.78955078125	0.3	1.0	2	106065	n/a
51.7978515625	0.3	0.0	1	106082	n/a
51.806640625	0.3	1.0	2	106100	n/a
51.81494140625	0.3	0.0	1	106117	n/a
51.8232421875	0.3	0.0	1	106134	n/a
51.83154296875	0.3	1.0	2	106151	n/a
51.83984375	0.3	1.0	2	106168	n/a
51.84814453125	0.3	0.0	1	106185	n/a
51.8564453125	0.3	1.0	2	106202	n/a
51.86474609375	0.3	0.0	1	106219	n/a
51.873046875	0.3	1.0	2	106236	n/a
51.88134765625	0.3	0.0	1	106253	n/a
51.8896484375	0.3	0.0	1	106270	n/a
51.89794921875	0.3	1.0	2	106287	n/a
51.90625	0.3	1.0	2	106304	n/a
51.91455078125	0.3	0.0	1	106321	n/a
51.9228515625	0.3	0.0	1	106338	n/a
51.931640625	0.3	1.0	2	106356	n/a
51.93994140625	0.3	1.0	2	106373	n/a
51.9482421875	0.3	0.0	1	106390	n/a
51.95654296875	0.3	1.0	2	106407	n/a
51.96484375	0.3	0.0	1	106424	n/a
51.97314453125	0.3	0.0	1	106441	n/a
51.9814453125	0.3	1.0	2	106458	n/a
51.98974609375	0.3	0.0	1	106475	n/a
51.998046875	0.3	1.0	2	106492	n/a
52.00634765625	0.3	1.0	2	106509	n/a
52.0146484375	0.3	0.0	1	106526	n/a
52.02294921875	0.3	0.0	1	106543	n/a
52.03125	0.3	1.0	2	106560	n/a
52.03955078125	0.3	0.0	1	106577	n/a
52.0478515625	0.3	1.0	2	106594	n/a
52.056640625	0.3	1.0	2	106612	n/a
52.06494140625	0.3	0.0	1	106629	n/a
52.0732421875	0.3	0.0	1	106646	n/a
52.08154296875	0.3	1.0	2	106663	n/a
52.08984375	0.3	1.0	2	106680	n/a
52.09814453125	0.3	0.0	1	106697	n/a
52.1064453125	0.3	1.0	2	106714	n/a
52.11474609375	0.3	0.0	1	106731	n/a
52.123046875	0.3	0.0	1	106748	n/a
52.13134765625	0.3	1.0	2	106765	n/a
52.1396484375	0.3	0.0	1	106782	n/a
52.14794921875	0.3	1.0	2	106799	n/a
52.15625	0.3	0.0	1	106816	n/a
52.16455078125	0.3	1.0	2	106833	n/a
52.1728515625	0.3	1.0	2	106850	n/a
52.181640625	0.3	0.0	1	106868	n/a
52.18994140625	0.3	1.0	2	106885	n/a
52.1982421875	0.3	0.0	1	106902	n/a
52.20654296875	0.3	1.0	2	106919	n/a
52.21484375	0.3	0.0	1	106936	n/a
52.22314453125	0.3	1.0	2	106953	n/a
52.2314453125	0.3	0.0	1	106970	n/a
52.23974609375	0.3	0.0	1	106987	n/a
52.248046875	0.3	1.0	2	107004	n/a
52.25634765625	0.3	0.0	1	107021	n/a
52.2646484375	0.3	1.0	2	107038	n/a
52.27294921875	0.3	1.0	2	107055	n/a
52.28125	0.3	0.0	1	107072	n/a
52.28955078125	0.3	1.0	2	107089	n/a
52.2978515625	0.3	0.0	1	107106	n/a
52.306640625	0.3	0.0	1	107124	n/a
52.31494140625	0.3	1.0	2	107141	n/a
52.3232421875	0.3	1.0	2	107158	n/a
52.33154296875	0.3	0.0	1	107175	n/a
52.33984375	0.3	1.0	2	107192	n/a
52.34814453125	0.3	0.0	1	107209	n/a
52.3564453125	0.3	0.0	1	107226	n/a
52.36474609375	0.3	1.0	2	107243	n/a
52.373046875	0.3	0.0	1	107260	n/a
52.38134765625	0.3	1.0	2	107277	n/a
52.3896484375	0.3	1.0	2	107294	n/a
52.39794921875	0.3	0.0	1	107311	n/a
52.40625	0.3	1.0	2	107328	n/a
52.41455078125	0.3	0.0	1	107345	n/a
52.4228515625	0.3	0.0	1	107362	n/a
52.431640625	0.3	1.0	2	107380	n/a
52.43994140625	0.3	0.0	1	107397	n/a
52.4482421875	0.3	1.0	2	107414	n/a
52.45654296875	0.3	0.0	1	107431	n/a
52.46484375	0.3	1.0	2	107448	n/a
52.47314453125	0.3	1.0	2	107465	n/a
52.4814453125	0.3	0.0	1	107482	n/a
52.48974609375	0.3	0.0	1	107499	n/a
52.498046875	0.3	1.0	2	107516	n/a
52.50634765625	0.3	0.0	1	107533	n/a
52.5146484375	0.3	1.0	2	107550	n/a
52.52294921875	0.3	0.0	1	107567	n/a
52.53125	0.3	1.0	2	107584	n/a
52.53955078125	0.3	1.0	2	107601	n/a
52.5478515625	0.3	0.0	1	107618	n/a
52.556640625	0.3	1.0	2	107636	n/a
52.56494140625	0.3	0.0	1	107653	n/a
52.5732421875	0.3	1.0	2	107670	n/a
52.58154296875	0.3	0.0	1	107687	n/a
52.58984375	0.3	1.0	2	107704	n/a
52.59814453125	0.3	0.0	1	107721	n/a
52.6064453125	0.3	0.0	1	107738	n/a
52.61474609375	0.3	1.0	2	107755	n/a
52.623046875	0.3	0.0	1	107772	n/a
52.63134765625	0.3	1.0	2	107789	n/a
52.6396484375	0.3	1.0	2	107806	n/a
52.64794921875	0.3	0.0	1	107823	n/a
52.65625	0.3	0.0	1	107840	n/a
52.66455078125	0.3	1.0	2	107857	n/a
52.6728515625	0.3	0.0	1	107874	n/a
52.681640625	0.3	1.0	2	107892	n/a
52.68994140625	0.3	0.0	1	107909	n/a
52.6982421875	0.3	1.0	2	107926	n/a
52.70654296875	0.3	0.0	1	107943	n/a
52.71484375	0.3	1.0	2	107960	n/a
52.72314453125	0.3	1.0	2	107977	n/a
52.7314453125	0.3	0.0	1	107994	n/a
52.73974609375	0.3	0.0	1	108011	n/a
52.748046875	0.3	1.0	2	108028	n/a
52.75634765625	0.3	1.0	2	108045	n/a
52.7646484375	0.3	0.0	1	108062	n/a
52.77294921875	0.3	1.0	2	108079	n/a
52.78125	0.3	0.0	1	108096	n/a
52.78955078125	0.3	0.0	1	108113	n/a
52.7978515625	0.3	1.0	2	108130	n/a
52.806640625	0.3	0.0	1	108148	n/a
52.81494140625	0.3	1.0	2	108165	n/a
52.8232421875	0.3	0.0	1	108182	n/a
52.83154296875	0.3	1.0	2	108199	n/a
52.83984375	0.3	1.0	2	108216	n/a
52.84814453125	0.3	0.0	1	108233	n/a
52.8564453125	0.3	1.0	2	108250	n/a
52.86474609375	0.3	0.0	1	108267	n/a
52.873046875	0.3	0.0	1	108284	n/a
52.88134765625	0.3	1.0	2	108301	n/a
52.8896484375	0.3	1.0	2	108318	n/a
52.89794921875	0.3	0.0	1	108335	n/a
52.90625	0.3	1.0	2	108352	n/a
52.91455078125	0.3	0.0	1	108369	n/a
52.9228515625	0.3	1.0	2	108386	n/a
52.931640625	0.3	0.0	1	108404	n/a
52.93994140625	0.3	0.0	1	108421	n/a
52.9482421875	0.3	1.0	2	108438	n/a
52.95654296875	0.3	1.0	2	108455	n/a
52.96484375	0.3	0.0	1	108472	n/a
52.97314453125	0.3	0.0	1	108489	n/a
52.9814453125	0.3	1.0	2	108506	n/a
52.98974609375	0.3	1.0	2	108523	n/a
52.998046875	0.3	0.0	1	108540	n/a
53.00634765625	0.3	1.0	2	108557	n/a
53.0146484375	0.3	0.0	1	108574	n/a
53.02294921875	0.3	0.0	1	108591	n/a
53.03125	0.3	1.0	2	108608	n/a
53.03955078125	0.3	0.0	1	108625	n/a
53.0478515625	0.3	1.0	2	108642	n/a
53.056640625	0.3	1.0	2	108660	n/a
53.06494140625	0.3	0.0	1	108677	n/a
53.0732421875	0.3	0.0	1	108694	n/a
53.08154296875	0.3	1.0	2	108711	n/a
53.08984375	0.3	0.0	1	108728	n/a
53.09814453125	0.3	1.0	2	108745	n/a
53.1064453125	0.3	1.0	2	108762	n/a
53.11474609375	0.3	0.0	1	108779	n/a
53.123046875	0.3	0.0	1	108796	n/a
53.13134765625	0.3	1.0	2	108813	n/a
53.1396484375	0.3	1.0	2	108830	n/a
53.14794921875	0.3	0.0	1	108847	n/a
53.15625	0.3	1.0	2	108864	n/a
53.16455078125	0.3	0.0	1	108881	n/a
53.1728515625	0.3	0.0	1	108898	n/a
53.181640625	0.3	1.0	2	108916	n/a
53.18994140625	0.3	0.0	1	108933	n/a
53.1982421875	0.3	1.0	2	108950	n/a
53.20654296875	0.3	0.0	1	108967	n/a
53.21484375	0.3	1.0	2	108984	n/a
53.22314453125	0.3	1.0	2	109001	n/a
53.2314453125	0.3	0.0	1	109018	n/a
53.23974609375	0.3	1.0	2	109035	n/a
53.248046875	0.3	0.0	1	109052	n/a
53.25634765625	0.3	1.0	2	109069	n/a
53.2646484375	0.3	0.0	1	109086	n/a
53.27294921875	0.3	1.0	2	109103	n/a
53.28125	0.3	0.0	1	109120	n/a
53.28955078125	0.3	0.0	1	109137	n/a
53.2978515625	0.3	1.0	2	109154	n/a
53.306640625	0.3	0.0	1	109172	n/a
53.31494140625	0.3	1.0	2	109189	n/a
53.3232421875	0.3	1.0	2	109206	n/a
53.33154296875	0.3	0.0	1	109223	n/a
53.33984375	0.3	1.0	2	109240	n/a
53.34814453125	0.3	0.0	1	109257	n/a
53.3564453125	0.3	0.0	1	109274	n/a
53.36474609375	0.3	1.0	2	109291	n/a
53.373046875	0.3	1.0	2	109308	n/a
53.38134765625	0.3	0.0	1	109325	n/a
53.3896484375	0.3	1.0	2	109342	n/a
53.39794921875	0.3	0.0	1	109359	n/a
53.40625	0.3	0.0	1	109376	n/a
53.41455078125	0.3	1.0	2	109393	n/a
53.4228515625	0.3	0.0	1	109410	n/a
53.431640625	0.3	1.0	2	109428	n/a
53.43994140625	0.3	1.0	2	109445	n/a
53.4482421875	0.3	0.0	1	109462	n/a
53.45654296875	0.3	1.0	2	109479	n/a
53.46484375	0.3	0.0	1	109496	n/a
53.47314453125	0.3	0.0	1	109513	n/a
53.4814453125	0.3	1.0	2	109530	n/a
53.48974609375	0.3	0.0	1	109547	n/a
53.498046875	0.3	1.0	2	109564	n/a
53.50634765625	0.3	0.0	1	109581	n/a
53.5146484375	0.3	1.0	2	109598	n/a
53.52294921875	0.3	1.0	2	109615	n/a
53.53125	0.3	0.0	1	109632	n/a
53.53955078125	0.3	0.0	1	109649	n/a
53.5478515625	0.3	1.0	2	109666	n/a
53.556640625	0.3	0.0	1	109684	n/a
53.56494140625	0.3	1.0	2	109701	n/a
53.5732421875	0.3	0.0	1	109718	n/a
53.58154296875	0.3	1.0	2	109735	n/a
53.58984375	0.3	1.0	2	109752	n/a
53.59814453125	0.3	0.0	1	109769	n/a
53.6064453125	0.3	1.0	2	109786	n/a
53.61474609375	0.3	0.0	1	109803	n/a
53.623046875	0.3	1.0	2	109820	n/a
53.63134765625	0.3	0.0	1	109837	n/a
53.6396484375	0.3	1.0	2	109854	n/a
53.64794921875	0.3	0.0	1	109871	n/a
53.65625	0.3	0.0	1	109888	n/a
53.66455078125	0.3	1.0	2	109905	n/a
53.6728515625	0.3	0.0	1	109922	n/a
53.681640625	0.3	1.0	2	109940	n/a
53.68994140625	0.3	1.0	2	109957	n/a
53.6982421875	0.3	0.0	1	109974	n/a
53.70654296875	0.3	0.0	1	109991	n/a
53.71484375	0.3	1.0	2	110008	n/a
53.72314453125	0.3	0.0	1	110025	n/a
53.7314453125	0.3	1.0	2	110042	n/a
53.73974609375	0.3	0.0	1	110059	n/a
53.748046875	0.3	1.0	2	110076	n/a
53.75634765625	0.3	0.0	1	110093	n/a
53.7646484375	0.3	1.0	2	110110	n/a
53.77294921875	0.3	1.0	2	110127	n/a
53.78125	0.3	0.0	1	110144	n/a
53.78955078125	0.3	0.0	1	110161	n/a
53.7978515625	0.3	1.0	2	110178	n/a
53.806640625	0.3	1.0	2	110196	n/a
53.81494140625	0.3	0.0	1	110213	n/a
53.8232421875	0.3	1.0	2	110230	n/a
53.83154296875	0.3	0.0	1	110247	n/a
53.83984375	0.3	0.0	1	110264	n/a
53.84814453125	0.3	1.0	2	110281	n/a
53.8564453125	0.3	0.0	1	110298	n/a
53.86474609375	0.3	1.0	2	110315	n/a
53.873046875	0.3	0.0	1	110332	n/a
53.88134765625	0.3	1.0	2	110349	n/a
53.8896484375	0.3	1.0	2	110366	n/a
53.89794921875	0.3	0.0	1	110383	n/a
53.90625	0.3	1.0	2	110400	n/a
53.91455078125	0.3	0.0	1	110417	n/a
53.9228515625	0.3	0.0	1	110434	n/a
53.931640625	0.3	1.0	2	110452	n/a
53.93994140625	0.3	1.0	2	110469	n/a
53.9482421875	0.3	0.0	1	110486	n/a
53.95654296875	0.3	1.0	2	110503	n/a
53.96484375	0.3	0.0	1	110520	n/a
53.97314453125	0.3	1.0	2	110537	n/a
53.9814453125	0.3	0.0	1	110554	n/a
53.98974609375	0.3	0.0	1	110571	n/a
53.998046875	0.3	1.0	2	110588	n/a
54.00634765625	0.3	1.0	2	110605	n/a
54.0146484375	0.3	0.0	1	110622	n/a
54.02294921875	0.3	0.0	1	110639	n/a
54.03125	0.3	1.0	2	110656	n/a
54.03955078125	0.3	1.0	2	110673	n/a
54.0478515625	0.3	0.0	1	110690	n/a
54.056640625	0.3	1.0	2	110708	n/a
54.06494140625	0.3	0.0	1	110725	n/a
54.0732421875	0.3	0.0	1	110742	n/a
54.08154296875	0.3	1.0	2	110759	n/a
54.08984375	0.3	0.0	1	110776	n/a
54.09814453125	0.3	1.0	2	110793	n/a
54.1064453125	0.3	1.0	2	110810	n/a
54.11474609375	0.3	0.0	1	110827	n/a
54.123046875	0.3	0.0	1	110844	n/a
54.13134765625	0.3	1.0	2	110861	n/a
54.1396484375	0.3	0.0	1	110878	n/a
54.14794921875	0.3	1.0	2	110895	n/a
54.15625	0.3	1.0	2	110912	n/a
54.16455078125	0.3	0.0	1	110929	n/a
54.1728515625	0.3	0.0	1	110946	n/a
54.181640625	0.3	1.0	2	110964	n/a
54.18994140625	0.3	1.0	2	110981	n/a
54.1982421875	0.3	0.0	1	110998	n/a
54.20654296875	0.3	1.0	2	111015	n/a
54.21484375	0.3	0.0	1	111032	n/a
54.22314453125	0.3	0.0	1	111049	n/a
54.2314453125	0.3	1.0	2	111066	n/a
54.23974609375	0.3	0.0	1	111083	n/a
54.248046875	0.3	1.0	2	111100	n/a
54.25634765625	0.3	0.0	1	111117	n/a
54.2646484375	0.3	1.0	2	111134	n/a
54.27294921875	0.3	1.0	2	111151	n/a
54.28125	0.3	0.0	1	111168	n/a
54.28955078125	0.3	1.0	2	111185	n/a
54.2978515625	0.3	0.0	1	111202	n/a
54.306640625	0.3	1.0	2	111220	n/a
54.31494140625	0.3	0.0	1	111237	n/a
54.3232421875	0.3	1.0	2	111254	n/a
54.33154296875	0.3	0.0	1	111271	n/a
54.33984375	0.3	0.0	1	111288	n/a
54.34814453125	0.3	1.0	2	111305	n/a
54.3564453125	0.3	0.0	1	111322	n/a
54.36474609375	0.3	1.0	2	111339	n/a
54.373046875	0.3	1.0	2	111356	n/a
54.38134765625	0.3	0.0	1	111373	n/a
54.3896484375	0.3	1.0	2	111390	n/a
54.39794921875	0.3	0.0	1	111407	n/a
54.40625	0.3	0.0	1	111424	n/a
54.41455078125	0.3	1.0	2	111441	n/a
54.4228515625	0.3	1.0	2	111458	n/a
54.431640625	0.3	0.0	1	111476	n/a
54.43994140625	0.3	1.0	2	111493	n/a
54.4482421875	0.3	0.0	1	111510	n/a
54.45654296875	0.3	0.0	1	111527	n/a
54.46484375	0.3	1.0	2	111544	n/a
54.47314453125	0.3	0.0	1	111561	n/a
54.4814453125	0.3	1.0	2	111578	n/a
54.48974609375	0.3	1.0	2	111595	n/a
54.498046875	0.3	0.0	1	111612	n/a
54.50634765625	0.3	1.0	2	111629	n/a
54.5146484375	0.3	0.0	1	111646	n/a
54.52294921875	0.3	0.0	1	111663	n/a
54.53125	0.3	1.0	2	111680	n/a
54.53955078125	0.3	0.0	1	111697	n/a
54.5478515625	0.3	1.0	2	111714	n/a
54.556640625	0.3	0.0	1	111732	n/a
54.56494140625	0.3	1.0	2	111749	n/a
54.5732421875	0.3	1.0	2	111766	n/a
54.58154296875	0.3	0.0	1	111783	n/a
54.58984375	0.3	0.0	1	111800	n/a
54.59814453125	0.3	1.0	2	111817	n/a
54.6064453125	0.3	0.0	1	111834	n/a
54.61474609375	0.3	1.0	2	111851	n/a
54.623046875	0.3	0.0	1	111868	n/a
54.63134765625	0.3	1.0	2	111885	n/a
54.6396484375	0.3	1.0	2	111902	n/a
54.64794921875	0.3	0.0	1	111919	n/a
54.65625	0.3	1.0	2	111936	n/a
54.66455078125	0.3	0.0	1	111953	n/a
54.6728515625	0.3	1.0	2	111970	n/a
54.681640625	0.3	0.0	1	111988	n/a
54.68994140625	0.3	1.0	2	112005	n/a
54.6982421875	0.3	0.0	1	112022	n/a
54.70654296875	0.3	0.0	1	112039	n/a
54.71484375	0.3	1.0	2	112056	n/a
54.72314453125	0.3	0.0	1	112073	n/a
54.7314453125	0.3	1.0	2	112090	n/a
54.73974609375	0.3	1.0	2	112107	n/a
54.748046875	0.3	0.0	1	112124	n/a
54.75634765625	0.3	0.0	1	112141	n/a
54.7646484375	0.3	1.0	2	112158	n/a
54.77294921875	0.3	0.0	1	112175	n/a
54.78125	0.3	1.0	2	112192	n/a
54.78955078125	0.3	0.0	1	112209	n/a
54.7978515625	0.3	1.0	2	112226	n/a
54.806640625	0.3	0.0	1	112244	n/a
54.81494140625	0.3	1.0	2	112261	n/a
54.8232421875	0.3	1.0	2	112278	n/a
54.83154296875	0.3	0.0	1	112295	n/a
54.83984375	0.3	0.0	1	112312	n/a
54.84814453125	0.3	1.0	2	112329	n/a
54.8564453125	0.3	1.0	2	112346	n/a
54.86474609375	0.3	0.0	1	112363	n/a
54.873046875	0.3	1.0	2	112380	n/a
54.88134765625	0.3	0.0	1	112397	n/a
54.8896484375	0.3	0.0	1	112414	n/a
54.89794921875	0.3	1.0	2	112431	n/a
54.90625	0.3	0.0	1	112448	n/a
54.91455078125	0.3	1.0	2	112465	n/a
54.9228515625	0.3	0.0	1	112482	n/a
54.931640625	0.3	1.0	2	112500	n/a
54.93994140625	0.3	1.0	2	112517	n/a
54.9482421875	0.3	0.0	1	112534	n/a
54.95654296875	0.3	1.0	2	112551	n/a
54.96484375	0.3	0.0	1	112568	n/a
54.97314453125	0.3	0.0	1	112585	n/a
54.9814453125	0.3	1.0	2	112602	n/a
54.98974609375	0.3	1.0	2	112619	n/a
54.998046875	0.3	0.0	1	112636	n/a
55.00634765625	0.3	1.0	2	112653	n/a
55.0146484375	0.3	0.0	1	112670	n/a
55.02294921875	0.3	1.0	2	112687	n/a
55.03125	0.3	0.0	1	112704	n/a
55.03955078125	0.3	0.0	1	112721	n/a
55.0478515625	0.3	1.0	2	112738	n/a
55.056640625	0.3	1.0	2	112756	n/a
55.06494140625	0.3	0.0	1	112773	n/a
55.0732421875	0.3	0.0	1	112790	n/a
55.08154296875	0.3	1.0	2	112807	n/a
55.08984375	0.3	1.0	2	112824	n/a
55.09814453125	0.3	0.0	1	112841	n/a
55.1064453125	0.3	1.0	2	112858	n/a
55.11474609375	0.3	0.0	1	112875	n/a
55.123046875	0.3	0.0	1	112892	n/a
55.13134765625	0.3	1.0	2	112909	n/a
55.1396484375	0.3	0.0	1	112926	n/a
55.14794921875	0.3	1.0	2	112943	n/a
55.15625	0.3	1.0	2	112960	n/a
55.16455078125	0.3	0.0	1	112977	n/a
55.1728515625	0.3	0.0	1	112994	n/a
55.181640625	0.3	1.0	2	113012	n/a
57.56494140625	0.3	0.0	1	117893	27.0
57.5732421875	0.3	1.0	2	117910	n/a
57.58154296875	0.3	0.0	1	117927	n/a
57.58984375	0.3	1.0	2	117944	n/a
57.59814453125	0.3	1.0	2	117961	n/a
57.6064453125	0.3	0.0	1	117978	n/a
57.61474609375	0.3	0.0	1	117995	n/a
57.623046875	0.3	1.0	2	118012	n/a
57.6318359375	0.3	1.0	2	118030	n/a
57.64013671875	0.3	0.0	1	118047	n/a
57.6484375	0.3	0.0	1	118064	n/a
57.65673828125	0.3	1.0	2	118081	n/a
57.6650390625	0.3	0.0	1	118098	n/a
57.67333984375	0.3	1.0	2	118115	n/a
57.681640625	0.3	0.0	1	118132	n/a
57.68994140625	0.3	1.0	2	118149	n/a
57.6982421875	0.3	1.0	2	118166	n/a
57.70654296875	0.3	0.0	1	118183	n/a
57.71484375	0.3	0.0	1	118200	n/a
57.72314453125	0.3	1.0	2	118217	n/a
57.7314453125	0.3	1.0	2	118234	n/a
57.73974609375	0.3	0.0	1	118251	n/a
57.748046875	0.3	0.0	1	118268	n/a
57.7568359375	0.3	1.0	2	118286	n/a
57.76513671875	0.3	1.0	2	118303	n/a
57.7734375	0.3	0.0	1	118320	n/a
57.78173828125	0.3	1.0	2	118337	n/a
57.7900390625	0.3	0.0	1	118354	n/a
57.79833984375	0.3	0.0	1	118371	n/a
57.806640625	0.3	1.0	2	118388	n/a
57.81494140625	0.3	0.0	1	118405	n/a
57.8232421875	0.3	1.0	2	118422	n/a
57.83154296875	0.3	1.0	2	118439	n/a
57.83984375	0.3	0.0	1	118456	n/a
57.84814453125	0.3	1.0	2	118473	n/a
57.8564453125	0.3	0.0	1	118490	n/a
57.86474609375	0.3	1.0	2	118507	n/a
57.873046875	0.3	0.0	1	118524	n/a
57.8818359375	0.3	1.0	2	118542	n/a
57.89013671875	0.3	0.0	1	118559	n/a
57.8984375	0.3	0.0	1	118576	n/a
57.90673828125	0.3	1.0	2	118593	n/a
57.9150390625	0.3	0.0	1	118610	n/a
57.92333984375	0.3	1.0	2	118627	n/a
57.931640625	0.3	1.0	2	118644	n/a
57.93994140625	0.3	0.0	1	118661	n/a
57.9482421875	0.3	1.0	2	118678	n/a
57.95654296875	0.3	0.0	1	118695	n/a
57.96484375	0.3	0.0	1	118712	n/a
57.97314453125	0.3	1.0	2	118729	n/a
57.9814453125	0.3	0.0	1	118746	n/a
57.98974609375	0.3	1.0	2	118763	n/a
57.998046875	0.3	1.0	2	118780	n/a
58.0068359375	0.3	0.0	1	118798	n/a
58.01513671875	0.3	1.0	2	118815	n/a
58.0234375	0.3	0.0	1	118832	n/a
58.03173828125	0.3	1.0	2	118849	n/a
58.0400390625	0.3	0.0	1	118866	n/a
58.04833984375	0.3	0.0	1	118883	n/a
58.056640625	0.3	1.0	2	118900	n/a
58.06494140625	0.3	1.0	2	118917	n/a
58.0732421875	0.3	0.0	1	118934	n/a
58.08154296875	0.3	0.0	1	118951	n/a
58.08984375	0.3	1.0	2	118968	n/a
58.09814453125	0.3	0.0	1	118985	n/a
58.1064453125	0.3	1.0	2	119002	n/a
58.11474609375	0.3	0.0	1	119019	n/a
58.123046875	0.3	1.0	2	119036	n/a
58.1318359375	0.3	1.0	2	119054	n/a
58.14013671875	0.3	0.0	1	119071	n/a
58.1484375	0.3	0.0	1	119088	n/a
58.15673828125	0.3	1.0	2	119105	n/a
58.1650390625	0.3	0.0	1	119122	n/a
58.17333984375	0.3	1.0	2	119139	n/a
58.181640625	0.3	1.0	2	119156	n/a
58.18994140625	0.3	0.0	1	119173	n/a
58.1982421875	0.3	1.0	2	119190	n/a
58.20654296875	0.3	0.0	1	119207	n/a
58.21484375	0.3	0.0	1	119224	n/a
58.22314453125	0.3	1.0	2	119241	n/a
58.2314453125	0.3	1.0	2	119258	n/a
58.23974609375	0.3	0.0	1	119275	n/a
58.248046875	0.3	1.0	2	119292	n/a
58.2568359375	0.3	0.0	1	119310	n/a
58.26513671875	0.3	1.0	2	119327	n/a
58.2734375	0.3	0.0	1	119344	n/a
58.28173828125	0.3	0.0	1	119361	n/a
58.2900390625	0.3	1.0	2	119378	n/a
58.29833984375	0.3	1.0	2	119395	n/a
58.306640625	0.3	0.0	1	119412	n/a
58.31494140625	0.3	1.0	2	119429	n/a
58.3232421875	0.3	0.0	1	119446	n/a
58.33154296875	0.3	0.0	1	119463	n/a
58.33984375	0.3	1.0	2	119480	n/a
58.34814453125	0.3	0.0	1	119497	n/a
58.3564453125	0.3	1.0	2	119514	n/a
58.36474609375	0.3	0.0	1	119531	n/a
58.373046875	0.3	1.0	2	119548	n/a
58.3818359375	0.3	0.0	1	119566	n/a
58.39013671875	0.3	1.0	2	119583	n/a
58.3984375	0.3	0.0	1	119600	n/a
58.40673828125	0.3	1.0	2	119617	n/a
58.4150390625	0.3	0.0	1	119634	n/a
58.42333984375	0.3	1.0	2	119651	n/a
58.431640625	0.3	0.0	1	119668	n/a
58.43994140625	0.3	1.0	2	119685	n/a
58.4482421875	0.3	1.0	2	119702	n/a
58.45654296875	0.3	0.0	1	119719	n/a
58.46484375	0.3	0.0	1	119736	n/a
58.47314453125	0.3	1.0	2	119753	n/a
58.4814453125	0.3	1.0	2	119770	n/a
58.48974609375	0.3	0.0	1	119787	n/a
58.498046875	0.3	1.0	2	119804	n/a
58.5068359375	0.3	0.0	1	119822	n/a
58.51513671875	0.3	1.0	2	119839	n/a
58.5234375	0.3	0.0	1	119856	n/a
58.53173828125	0.3	1.0	2	119873	n/a
58.5400390625	0.3	0.0	1	119890	n/a
58.54833984375	0.3	1.0	2	119907	n/a
58.556640625	0.3	0.0	1	119924	n/a
58.56494140625	0.3	0.0	1	119941	n/a
58.5732421875	0.3	1.0	2	119958	n/a
58.58154296875	0.3	1.0	2	119975	n/a
58.58984375	0.3	0.0	1	119992	n/a
58.59814453125	0.3	0.0	1	120009	n/a
58.6064453125	0.3	1.0	2	120026	n/a
58.61474609375	0.3	0.0	1	120043	n/a
58.623046875	0.3	1.0	2	120060	n/a
58.6318359375	0.3	0.0	1	120078	n/a
58.64013671875	0.3	1.0	2	120095	n/a
58.6484375	0.3	1.0	2	120112	n/a
58.65673828125	0.3	0.0	1	120129	n/a
58.6650390625	0.3	0.0	1	120146	n/a
58.67333984375	0.3	1.0	2	120163	n/a
58.681640625	0.3	1.0	2	120180	n/a
58.68994140625	0.3	0.0	1	120197	n/a
58.6982421875	0.3	0.0	1	120214	n/a
58.70654296875	0.3	1.0	2	120231	n/a
58.71484375	0.3	0.0	1	120248	n/a
58.72314453125	0.3	1.0	2	120265	n/a
58.7314453125	0.3	0.0	1	120282	n/a
58.73974609375	0.3	1.0	2	120299	n/a
58.748046875	0.3	1.0	2	120316	n/a
58.7568359375	0.3	0.0	1	120334	n/a
58.76513671875	0.3	0.0	1	120351	n/a
58.7734375	0.3	1.0	2	120368	n/a
58.78173828125	0.3	1.0	2	120385	n/a
58.7900390625	0.3	0.0	1	120402	n/a
58.79833984375	0.3	0.0	1	120419	n/a
58.806640625	0.3	1.0	2	120436	n/a
58.81494140625	0.3	1.0	2	120453	n/a
58.8232421875	0.3	0.0	1	120470	n/a
58.83154296875	0.3	1.0	2	120487	n/a
58.83984375	0.3	0.0	1	120504	n/a
58.84814453125	0.3	0.0	1	120521	n/a
58.8564453125	0.3	1.0	2	120538	n/a
58.86474609375	0.3	0.0	1	120555	n/a
58.873046875	0.3	1.0	2	120572	n/a
58.8818359375	0.3	1.0	2	120590	n/a
58.89013671875	0.3	0.0	1	120607	n/a
58.8984375	0.3	1.0	2	120624	n/a
58.90673828125	0.3	0.0	1	120641	n/a
58.9150390625	0.3	1.0	2	120658	n/a
58.92333984375	0.3	0.0	1	120675	n/a
58.931640625	0.3	1.0	2	120692	n/a
58.93994140625	0.3	0.0	1	120709	n/a
58.9482421875	0.3	0.0	1	120726	n/a
58.95654296875	0.3	1.0	2	120743	n/a
58.96484375	0.3	0.0	1	120760	n/a
58.97314453125	0.3	1.0	2	120777	n/a
58.9814453125	0.3	1.0	2	120794	n/a
58.98974609375	0.3	0.0	1	120811	n/a
58.998046875	0.3	1.0	2	120828	n/a
59.0068359375	0.3	0.0	1	120846	n/a
59.01513671875	0.3	0.0	1	120863	n/a
59.0234375	0.3	1.0	2	120880	n/a
59.03173828125	0.3	0.0	1	120897	n/a
59.0400390625	0.3	1.0	2	120914	n/a
59.04833984375	0.3	1.0	2	120931	n/a
59.056640625	0.3	0.0	1	120948	n/a
59.06494140625	0.3	1.0	2	120965	n/a
59.0732421875	0.3	0.0	1	120982	n/a
59.08154296875	0.3	1.0	2	120999	n/a
59.08984375	0.3	0.0	1	121016	n/a
59.09814453125	0.3	0.0	1	121033	n/a
59.1064453125	0.3	1.0	2	121050	n/a
59.11474609375	0.3	1.0	2	121067	n/a
59.123046875	0.3	0.0	1	121084	n/a
59.1318359375	0.3	0.0	1	121102	n/a
59.14013671875	0.3	1.0	2	121119	n/a
59.1484375	0.3	0.0	1	121136	n/a
59.15673828125	0.3	1.0	2	121153	n/a
59.1650390625	0.3	0.0	1	121170	n/a
59.17333984375	0.3	1.0	2	121187	n/a
59.181640625	0.3	1.0	2	121204	n/a
59.18994140625	0.3	0.0	1	121221	n/a
59.1982421875	0.3	0.0	1	121238	n/a
59.20654296875	0.3	1.0	2	121255	n/a
59.21484375	0.3	0.0	1	121272	n/a
59.22314453125	0.3	1.0	2	121289	n/a
59.2314453125	0.3	1.0	2	121306	n/a
59.23974609375	0.3	0.0	1	121323	n/a
59.248046875	0.3	1.0	2	121340	n/a
59.2568359375	0.3	0.0	1	121358	n/a
59.26513671875	0.3	0.0	1	121375	n/a
59.2734375	0.3	1.0	2	121392	n/a
59.28173828125	0.3	1.0	2	121409	n/a
59.2900390625	0.3	0.0	1	121426	n/a
59.29833984375	0.3	1.0	2	121443	n/a
59.306640625	0.3	0.0	1	121460	n/a
59.31494140625	0.3	1.0	2	121477	n/a
59.3232421875	0.3	0.0	1	121494	n/a
59.33154296875	0.3	0.0	1	121511	n/a
59.33984375	0.3	1.0	2	121528	n/a
59.34814453125	0.3	1.0	2	121545	n/a
59.3564453125	0.3	0.0	1	121562	n/a
59.36474609375	0.3	1.0	2	121579	n/a
59.373046875	0.3	0.0	1	121596	n/a
59.3818359375	0.3	0.0	1	121614	n/a
59.39013671875	0.3	1.0	2	121631	n/a
59.3984375	0.3	0.0	1	121648	n/a
59.40673828125	0.3	1.0	2	121665	n/a
59.4150390625	0.3	0.0	1	121682	n/a
59.42333984375	0.3	1.0	2	121699	n/a
59.431640625	0.3	0.0	1	121716	n/a
59.43994140625	0.3	1.0	2	121733	n/a
59.4482421875	0.3	0.0	1	121750	n/a
59.45654296875	0.3	1.0	2	121767	n/a
59.46484375	0.3	0.0	1	121784	n/a
59.47314453125	0.3	1.0	2	121801	n/a
59.4814453125	0.3	0.0	1	121818	n/a
59.48974609375	0.3	1.0	2	121835	n/a
59.498046875	0.3	1.0	2	121852	n/a
59.5068359375	0.3	0.0	1	121870	n/a
59.51513671875	0.3	0.0	1	121887	n/a
59.5234375	0.3	1.0	2	121904	n/a
59.53173828125	0.3	1.0	2	121921	n/a
59.5400390625	0.3	0.0	1	121938	n/a
59.54833984375	0.3	1.0	2	121955	n/a
59.556640625	0.3	0.0	1	121972	n/a
59.56494140625	0.3	1.0	2	121989	n/a
59.5732421875	0.3	0.0	1	122006	n/a
59.58154296875	0.3	1.0	2	122023	n/a
59.58984375	0.3	0.0	1	122040	n/a
59.59814453125	0.3	1.0	2	122057	n/a
59.6064453125	0.3	0.0	1	122074	n/a
59.61474609375	0.3	0.0	1	122091	n/a
59.623046875	0.3	1.0	2	122108	n/a
59.6318359375	0.3	1.0	2	122126	n/a
59.64013671875	0.3	0.0	1	122143	n/a
59.6484375	0.3	0.0	1	122160	n/a
59.65673828125	0.3	1.0	2	122177	n/a
59.6650390625	0.3	0.0	1	122194	n/a
59.67333984375	0.3	1.0	2	122211	n/a
59.681640625	0.3	0.0	1	122228	n/a
59.68994140625	0.3	1.0	2	122245	n/a
59.6982421875	0.3	1.0	2	122262	n/a
59.70654296875	0.3	0.0	1	122279	n/a
59.71484375	0.3	0.0	1	122296	n/a
59.72314453125	0.3	1.0	2	122313	n/a
59.7314453125	0.3	1.0	2	122330	n/a
59.73974609375	0.3	0.0	1	122347	n/a
59.748046875	0.3	0.0	1	122364	n/a
59.7568359375	0.3	1.0	2	122382	n/a
59.76513671875	0.3	0.0	1	122399	n/a
59.7734375	0.3	1.0	2	122416	n/a
59.78173828125	0.3	0.0	1	122433	n/a
59.7900390625	0.3	1.0	2	122450	n/a
59.79833984375	0.3	1.0	2	122467	n/a
59.806640625	0.3	0.0	1	122484	n/a
59.81494140625	0.3	0.0	1	122501	n/a
59.8232421875	0.3	1.0	2	122518	n/a
59.83154296875	0.3	1.0	2	122535	n/a
59.83984375	0.3	0.0	1	122552	n/a
59.84814453125	0.3	0.0	1	122569	n/a
59.8564453125	0.3	1.0	2	122586	n/a
59.86474609375	0.3	1.0	2	122603	n/a
59.873046875	0.3	0.0	1	122620	n/a
59.8818359375	0.3	1.0	2	122638	n/a
59.89013671875	0.3	0.0	1	122655	n/a
59.8984375	0.3	0.0	1	122672	n/a
59.90673828125	0.3	1.0	2	122689	n/a
59.9150390625	0.3	0.0	1	122706	n/a
59.92333984375	0.3	1.0	2	122723	n/a
59.931640625	0.3	1.0	2	122740	n/a
59.93994140625	0.3	0.0	1	122757	n/a
59.9482421875	0.3	1.0	2	122774	n/a
59.95654296875	0.3	0.0	1	122791	n/a
59.96484375	0.3	1.0	2	122808	n/a
59.97314453125	0.3	0.0	1	122825	n/a
59.9814453125	0.3	1.0	2	122842	n/a
59.98974609375	0.3	0.0	1	122859	n/a
59.998046875	0.3	0.0	1	122876	n/a
60.0068359375	0.3	1.0	2	122894	n/a
60.01513671875	0.3	0.0	1	122911	n/a
60.0234375	0.3	1.0	2	122928	n/a
60.03173828125	0.3	1.0	2	122945	n/a
60.0400390625	0.3	0.0	1	122962	n/a
60.04833984375	0.3	1.0	2	122979	n/a
60.056640625	0.3	0.0	1	122996	n/a
60.06494140625	0.3	0.0	1	123013	n/a
60.0732421875	0.3	1.0	2	123030	n/a
60.08154296875	0.3	0.0	1	123047	n/a
60.08984375	0.3	1.0	2	123064	n/a
60.09814453125	0.3	1.0	2	123081	n/a
60.1064453125	0.3	0.0	1	123098	n/a
60.11474609375	0.3	1.0	2	123115	n/a
60.123046875	0.3	0.0	1	123132	n/a
60.1318359375	0.3	1.0	2	123150	n/a
60.14013671875	0.3	0.0	1	123167	n/a
60.1484375	0.3	0.0	1	123184	n/a
60.15673828125	0.3	1.0	2	123201	n/a
60.1650390625	0.3	1.0	2	123218	n/a
60.17333984375	0.3	0.0	1	123235	n/a
60.181640625	0.3	0.0	1	123252	n/a
60.18994140625	0.3	1.0	2	123269	n/a
60.1982421875	0.3	0.0	1	123286	n/a
60.20654296875	0.3	1.0	2	123303	n/a
60.21484375	0.3	0.0	1	123320	n/a
60.22314453125	0.3	1.0	2	123337	n/a
60.2314453125	0.3	1.0	2	123354	n/a
60.23974609375	0.3	0.0	1	123371	n/a
60.248046875	0.3	0.0	1	123388	n/a
60.2568359375	0.3	1.0	2	123406	n/a
60.26513671875	0.3	0.0	1	123423	n/a
60.2734375	0.3	1.0	2	123440	n/a
60.28173828125	0.3	1.0	2	123457	n/a
60.2900390625	0.3	0.0	1	123474	n/a
60.29833984375	0.3	1.0	2	123491	n/a
60.306640625	0.3	0.0	1	123508	n/a
60.31494140625	0.3	0.0	1	123525	n/a
60.3232421875	0.3	1.0	2	123542	n/a
60.33154296875	0.3	1.0	2	123559	n/a
60.33984375	0.3	0.0	1	123576	n/a
60.34814453125	0.3	1.0	2	123593	n/a
60.3564453125	0.3	0.0	1	123610	n/a
60.36474609375	0.3	1.0	2	123627	n/a
60.373046875	0.3	0.0	1	123644	n/a
60.3818359375	0.3	0.0	1	123662	n/a
60.39013671875	0.3	1.0	2	123679	n/a
60.3984375	0.3	1.0	2	123696	n/a
60.40673828125	0.3	0.0	1	123713	n/a
60.4150390625	0.3	1.0	2	123730	n/a
60.42333984375	0.3	0.0	1	123747	n/a
60.431640625	0.3	0.0	1	123764	n/a
60.43994140625	0.3	1.0	2	123781	n/a
60.4482421875	0.3	0.0	1	123798	n/a
60.45654296875	0.3	1.0	2	123815	n/a
60.46484375	0.3	0.0	1	123832	n/a
60.47314453125	0.3	1.0	2	123849	n/a
60.4814453125	0.3	0.0	1	123866	n/a
60.48974609375	0.3	1.0	2	123883	n/a
60.498046875	0.3	0.0	1	123900	n/a
60.5068359375	0.3	1.0	2	123918	n/a
60.51513671875	0.3	0.0	1	123935	n/a
60.5234375	0.3	1.0	2	123952	n/a
60.53173828125	0.3	0.0	1	123969	n/a
60.5400390625	0.3	1.0	2	123986	n/a
60.54833984375	0.3	1.0	2	124003	n/a
60.556640625	0.3	0.0	1	124020	n/a
60.56494140625	0.3	0.0	1	124037	n/a
60.5732421875	0.3	1.0	2	124054	n/a
60.58154296875	0.3	1.0	2	124071	n/a
60.58984375	0.3	0.0	1	124088	n/a
60.59814453125	0.3	1.0	2	124105	n/a
60.6064453125	0.3	0.0	1	124122	n/a
60.61474609375	0.3	1.0	2	124139	n/a
60.623046875	0.3	0.0	1	124156	n/a
60.6318359375	0.3	1.0	2	124174	n/a
60.64013671875	0.3	0.0	1	124191	n/a
60.6484375	0.3	1.0	2	124208	n/a
60.65673828125	0.3	0.0	1	124225	n/a
60.6650390625	0.3	0.0	1	124242	n/a
60.67333984375	0.3	1.0	2	124259	n/a
60.681640625	0.3	1.0	2	124276	n/a
60.68994140625	0.3	0.0	1	124293	n/a
60.6982421875	0.3	0.0	1	124310	n/a
60.70654296875	0.3	1.0	2	124327	n/a
60.71484375	0.3	0.0	1	124344	n/a
60.72314453125	0.3	1.0	2	124361	n/a
60.7314453125	0.3	0.0	1	124378	n/a
60.73974609375	0.3	1.0	2	124395	n/a
60.748046875	0.3	1.0	2	124412	n/a
60.7568359375	0.3	0.0	1	124430	n/a
60.76513671875	0.3	0.0	1	124447	n/a
60.7734375	0.3	1.0	2	124464	n/a
60.78173828125	0.3	1.0	2	124481	n/a
60.7900390625	0.3	0.0	1	124498	n/a
60.79833984375	0.3	0.0	1	124515	n/a
60.806640625	0.3	1.0	2	124532	n/a
60.81494140625	0.3	0.0	1	124549	n/a
60.8232421875	0.3	1.0	2	124566	n/a
60.83154296875	0.3	0.0	1	124583	n/a
60.83984375	0.3	1.0	2	124600	n/a
60.84814453125	0.3	1.0	2	124617	n/a
60.8564453125	0.3	0.0	1	124634	n/a
60.86474609375	0.3	0.0	1	124651	n/a
60.873046875	0.3	1.0	2	124668	n/a
60.8818359375	0.3	1.0	2	124686	n/a
60.89013671875	0.3	0.0	1	124703	n/a
60.8984375	0.3	0.0	1	124720	n/a
60.90673828125	0.3	1.0	2	124737	n/a
60.9150390625	0.3	1.0	2	124754	n/a
60.92333984375	0.3	0.0	1	124771	n/a
60.931640625	0.3	1.0	2	124788	n/a
60.93994140625	0.3	0.0	1	124805	n/a
60.9482421875	0.3	0.0	1	124822	n/a
60.95654296875	0.3	1.0	2	124839	n/a
60.96484375	0.3	0.0	1	124856	n/a
60.97314453125	0.3	1.0	2	124873	n/a
60.9814453125	0.3	1.0	2	124890	n/a
60.98974609375	0.3	0.0	1	124907	n/a
60.998046875	0.3	1.0	2	124924	n/a
61.0068359375	0.3	0.0	1	124942	n/a
61.01513671875	0.3	1.0	2	124959	n/a
61.0234375	0.3	0.0	1	124976	n/a
61.03173828125	0.3	1.0	2	124993	n/a
61.0400390625	0.3	0.0	1	125010	n/a
61.04833984375	0.3	0.0	1	125027	n/a
61.056640625	0.3	1.0	2	125044	n/a
61.06494140625	0.3	0.0	1	125061	n/a
61.0732421875	0.3	1.0	2	125078	n/a
61.08154296875	0.3	1.0	2	125095	n/a
61.08984375	0.3	0.0	1	125112	n/a
61.09814453125	0.3	1.0	2	125129	n/a
61.1064453125	0.3	0.0	1	125146	n/a
61.11474609375	0.3	0.0	1	125163	n/a
61.123046875	0.3	1.0	2	125180	n/a
61.1318359375	0.3	0.0	1	125198	n/a
61.14013671875	0.3	1.0	2	125215	n/a
61.1484375	0.3	1.0	2	125232	n/a
61.15673828125	0.3	0.0	1	125249	n/a
61.1650390625	0.3	1.0	2	125266	n/a
61.17333984375	0.3	0.0	1	125283	n/a
61.181640625	0.3	1.0	2	125300	n/a
61.18994140625	0.3	0.0	1	125317	n/a
61.1982421875	0.3	0.0	1	125334	n/a
61.20654296875	0.3	1.0	2	125351	n/a
61.21484375	0.3	1.0	2	125368	n/a
61.22314453125	0.3	0.0	1	125385	n/a
61.2314453125	0.3	0.0	1	125402	n/a
61.23974609375	0.3	1.0	2	125419	n/a
61.248046875	0.3	0.0	1	125436	n/a
61.2568359375	0.3	1.0	2	125454	n/a
61.26513671875	0.3	0.0	1	125471	n/a
61.2734375	0.3	1.0	2	125488	n/a
61.28173828125	0.3	1.0	2	125505	n/a
61.2900390625	0.3	0.0	1	125522	n/a
61.29833984375	0.3	0.0	1	125539	n/a
61.306640625	0.3	1.0	2	125556	n/a
61.31494140625	0.3	0.0	1	125573	n/a
61.3232421875	0.3	1.0	2	125590	n/a
61.33154296875	0.3	1.0	2	125607	n/a
61.33984375	0.3	0.0	1	125624	n/a
61.34814453125	0.3	1.0	2	125641	n/a
61.3564453125	0.3	0.0	1	125658	n/a
61.36474609375	0.3	0.0	1	125675	n/a
61.373046875	0.3	1.0	2	125692	n/a
61.3818359375	0.3	1.0	2	125710	n/a
61.39013671875	0.3	0.0	1	125727	n/a
61.3984375	0.3	1.0	2	125744	n/a
61.40673828125	0.3	0.0	1	125761	n/a
61.4150390625	0.3	1.0	2	125778	n/a
61.42333984375	0.3	0.0	1	125795	n/a
61.431640625	0.3	0.0	1	125812	n/a
61.43994140625	0.3	1.0	2	125829	n/a
61.4482421875	0.3	1.0	2	125846	n/a
61.45654296875	0.3	0.0	1	125863	n/a
61.46484375	0.3	1.0	2	125880	n/a
61.47314453125	0.3	0.0	1	125897	n/a
61.4814453125	0.3	0.0	1	125914	n/a
61.48974609375	0.3	1.0	2	125931	n/a
61.498046875	0.3	0.0	1	125948	n/a
61.5068359375	0.3	1.0	2	125966	n/a
61.51513671875	0.3	0.0	1	125983	n/a
61.5234375	0.3	1.0	2	126000	n/a
61.53173828125	0.3	0.0	1	126017	n/a
61.5400390625	0.3	1.0	2	126034	n/a
61.54833984375	0.3	0.0	1	126051	n/a
61.556640625	0.3	1.0	2	126068	n/a
61.56494140625	0.3	0.0	1	126085	n/a
61.5732421875	0.3	1.0	2	126102	n/a
61.58154296875	0.3	0.0	1	126119	n/a
61.58984375	0.3	1.0	2	126136	n/a
61.59814453125	0.3	1.0	2	126153	n/a
61.6064453125	0.3	0.0	1	126170	n/a
61.61474609375	0.3	0.0	1	126187	n/a
61.623046875	0.3	1.0	2	126204	n/a
61.6318359375	0.3	1.0	2	126222	n/a
61.64013671875	0.3	0.0	1	126239	n/a
61.6484375	0.3	1.0	2	126256	n/a
61.65673828125	0.3	0.0	1	126273	n/a
61.6650390625	0.3	1.0	2	126290	n/a
61.67333984375	0.3	0.0	1	126307	n/a
61.681640625	0.3	1.0	2	126324	n/a
61.68994140625	0.3	0.0	1	126341	n/a
61.6982421875	0.3	1.0	2	126358	n/a
61.70654296875	0.3	0.0	1	126375	n/a
61.71484375	0.3	0.0	1	126392	n/a
61.72314453125	0.3	1.0	2	126409	n/a
61.7314453125	0.3	1.0	2	126426	n/a
61.73974609375	0.3	0.0	1	126443	n/a
61.748046875	0.3	0.0	1	126460	n/a
61.7568359375	0.3	1.0	2	126478	n/a
64.13232421875	0.3	1.0	2	131343	19.0
64.140625	0.3	0.0	1	131360	n/a
64.14892578125	0.3	1.0	2	131377	n/a
64.1572265625	0.3	0.0	1	131394	n/a
64.16552734375	0.3	0.0	1	131411	n/a
64.173828125	0.3	1.0	2	131428	n/a
64.18212890625	0.3	1.0	2	131445	n/a
64.1904296875	0.3	0.0	1	131462	n/a
64.19921875	0.3	0.0	1	131480	n/a
64.20751953125	0.3	1.0	2	131497	n/a
64.2158203125	0.3	0.0	1	131514	n/a
64.22412109375	0.3	1.0	2	131531	n/a
64.232421875	0.3	0.0	1	131548	n/a
64.24072265625	0.3	1.0	2	131565	n/a
64.2490234375	0.3	1.0	2	131582	n/a
64.25732421875	0.3	0.0	1	131599	n/a
64.265625	0.3	1.0	2	131616	n/a
64.27392578125	0.3	0.0	1	131633	n/a
64.2822265625	0.3	1.0	2	131650	n/a
64.29052734375	0.3	0.0	1	131667	n/a
64.298828125	0.3	1.0	2	131684	n/a
64.30712890625	0.3	0.0	1	131701	n/a
64.3154296875	0.3	1.0	2	131718	n/a
64.32421875	0.3	0.0	1	131736	n/a
64.33251953125	0.3	1.0	2	131753	n/a
64.3408203125	0.3	0.0	1	131770	n/a
64.34912109375	0.3	1.0	2	131787	n/a
64.357421875	0.3	0.0	1	131804	n/a
64.36572265625	0.3	0.0	1	131821	n/a
64.3740234375	0.3	1.0	2	131838	n/a
64.38232421875	0.3	1.0	2	131855	n/a
64.390625	0.3	0.0	1	131872	n/a
64.39892578125	0.3	0.0	1	131889	n/a
64.4072265625	0.3	1.0	2	131906	n/a
64.41552734375	0.3	1.0	2	131923	n/a
64.423828125	0.3	0.0	1	131940	n/a
64.43212890625	0.3	1.0	2	131957	n/a
64.4404296875	0.3	0.0	1	131974	n/a
64.44921875	0.3	0.0	1	131992	n/a
64.45751953125	0.3	1.0	2	132009	n/a
64.4658203125	0.3	1.0	2	132026	n/a
64.47412109375	0.3	0.0	1	132043	n/a
64.482421875	0.3	1.0	2	132060	n/a
64.49072265625	0.3	0.0	1	132077	n/a
64.4990234375	0.3	0.0	1	132094	n/a
64.50732421875	0.3	1.0	2	132111	n/a
64.515625	0.3	1.0	2	132128	n/a
64.52392578125	0.3	0.0	1	132145	n/a
64.5322265625	0.3	1.0	2	132162	n/a
64.54052734375	0.3	0.0	1	132179	n/a
64.548828125	0.3	1.0	2	132196	n/a
64.55712890625	0.3	0.0	1	132213	n/a
64.5654296875	0.3	0.0	1	132230	n/a
64.57421875	0.3	1.0	2	132248	n/a
64.58251953125	0.3	1.0	2	132265	n/a
64.5908203125	0.3	0.0	1	132282	n/a
64.59912109375	0.3	0.0	1	132299	n/a
64.607421875	0.3	1.0	2	132316	n/a
64.61572265625	0.3	0.0	1	132333	n/a
64.6240234375	0.3	1.0	2	132350	n/a
64.63232421875	0.3	0.0	1	132367	n/a
64.640625	0.3	1.0	2	132384	n/a
64.64892578125	0.3	1.0	2	132401	n/a
64.6572265625	0.3	0.0	1	132418	n/a
64.66552734375	0.3	0.0	1	132435	n/a
64.673828125	0.3	1.0	2	132452	n/a
64.68212890625	0.3	1.0	2	132469	n/a
64.6904296875	0.3	0.0	1	132486	n/a
64.69921875	0.3	1.0	2	132504	n/a
64.70751953125	0.3	0.0	1	132521	n/a
64.7158203125	0.3	0.0	1	132538	n/a
64.72412109375	0.3	1.0	2	132555	n/a
64.732421875	0.3	1.0	2	132572	n/a
64.74072265625	0.3	0.0	1	132589	n/a
64.7490234375	0.3	0.0	1	132606	n/a
64.75732421875	0.3	1.0	2	132623	n/a
64.765625	0.3	1.0	2	132640	n/a
64.77392578125	0.3	0.0	1	132657	n/a
64.7822265625	0.3	1.0	2	132674	n/a
64.79052734375	0.3	0.0	1	132691	n/a
64.798828125	0.3	0.0	1	132708	n/a
64.80712890625	0.3	1.0	2	132725	n/a
64.8154296875	0.3	1.0	2	132742	n/a
64.82421875	0.3	0.0	1	132760	n/a
64.83251953125	0.3	1.0	2	132777	n/a
64.8408203125	0.3	0.0	1	132794	n/a
64.84912109375	0.3	0.0	1	132811	n/a
64.857421875	0.3	1.0	2	132828	n/a
64.86572265625	0.3	0.0	1	132845	n/a
64.8740234375	0.3	1.0	2	132862	n/a
64.88232421875	0.3	1.0	2	132879	n/a
64.890625	0.3	0.0	1	132896	n/a
64.89892578125	0.3	0.0	1	132913	n/a
64.9072265625	0.3	1.0	2	132930	n/a
64.91552734375	0.3	1.0	2	132947	n/a
64.923828125	0.3	0.0	1	132964	n/a
64.93212890625	0.3	0.0	1	132981	n/a
64.9404296875	0.3	1.0	2	132998	n/a
64.94921875	0.3	0.0	1	133016	n/a
64.95751953125	0.3	1.0	2	133033	n/a
64.9658203125	0.3	0.0	1	133050	n/a
64.97412109375	0.3	1.0	2	133067	n/a
64.982421875	0.3	0.0	1	133084	n/a
64.99072265625	0.3	1.0	2	133101	n/a
64.9990234375	0.3	1.0	2	133118	n/a
65.00732421875	0.3	0.0	1	133135	n/a
65.015625	0.3	0.0	1	133152	n/a
65.02392578125	0.3	1.0	2	133169	n/a
65.0322265625	0.3	1.0	2	133186	n/a
65.04052734375	0.3	0.0	1	133203	n/a
65.048828125	0.3	1.0	2	133220	n/a
65.05712890625	0.3	0.0	1	133237	n/a
65.0654296875	0.3	1.0	2	133254	n/a
65.07421875	0.3	0.0	1	133272	n/a
65.08251953125	0.3	1.0	2	133289	n/a
65.0908203125	0.3	0.0	1	133306	n/a
65.09912109375	0.3	1.0	2	133323	n/a
65.107421875	0.3	0.0	1	133340	n/a
65.11572265625	0.3	1.0	2	133357	n/a
65.1240234375	0.3	0.0	1	133374	n/a
65.13232421875	0.3	1.0	2	133391	n/a
65.140625	0.3	0.0	1	133408	n/a
65.14892578125	0.3	1.0	2	133425	n/a
65.1572265625	0.3	0.0	1	133442	n/a
65.16552734375	0.3	1.0	2	133459	n/a
65.173828125	0.3	0.0	1	133476	n/a
65.18212890625	0.3	1.0	2	133493	n/a
65.1904296875	0.3	0.0	1	133510	n/a
65.19921875	0.3	1.0	2	133528	n/a
65.20751953125	0.3	0.0	1	133545	n/a
65.2158203125	0.3	0.0	1	133562	n/a
65.22412109375	0.3	1.0	2	133579	n/a
65.232421875	0.3	1.0	2	133596	n/a
65.24072265625	0.3	0.0	1	133613	n/a
65.2490234375	0.3	0.0	1	133630	n/a
65.25732421875	0.3	1.0	2	133647	n/a
65.265625	0.3	0.0	1	133664	n/a
65.27392578125	0.3	1.0	2	133681	n/a
65.2822265625	0.3	0.0	1	133698	n/a
65.29052734375	0.3	1.0	2	133715	n/a
65.298828125	0.3	1.0	2	133732	n/a
65.30712890625	0.3	0.0	1	133749	n/a
65.3154296875	0.3	1.0	2	133766	n/a
65.32421875	0.3	0.0	1	133784	n/a
65.33251953125	0.3	1.0	2	133801	n/a
65.3408203125	0.3	0.0	1	133818	n/a
65.34912109375	0.3	1.0	2	133835	n/a
65.357421875	0.3	0.0	1	133852	n/a
65.36572265625	0.3	1.0	2	133869	n/a
65.3740234375	0.3	0.0	1	133886	n/a
65.38232421875	0.3	1.0	2	133903	n/a
65.390625	0.3	0.0	1	133920	n/a
65.39892578125	0.3	1.0	2	133937	n/a
65.4072265625	0.3	0.0	1	133954	n/a
65.41552734375	0.3	0.0	1	133971	n/a
65.423828125	0.3	1.0	2	133988	n/a
65.43212890625	0.3	1.0	2	134005	n/a
65.4404296875	0.3	0.0	1	134022	n/a
65.44921875	0.3	0.0	1	134040	n/a
65.45751953125	0.3	1.0	2	134057	n/a
65.4658203125	0.3	1.0	2	134074	n/a
65.47412109375	0.3	0.0	1	134091	n/a
65.482421875	0.3	1.0	2	134108	n/a
65.49072265625	0.3	0.0	1	134125	n/a
65.4990234375	0.3	0.0	1	134142	n/a
65.50732421875	0.3	1.0	2	134159	n/a
65.515625	0.3	1.0	2	134176	n/a
65.52392578125	0.3	0.0	1	134193	n/a
65.5322265625	0.3	1.0	2	134210	n/a
65.54052734375	0.3	0.0	1	134227	n/a
65.548828125	0.3	0.0	1	134244	n/a
65.55712890625	0.3	1.0	2	134261	n/a
65.5654296875	0.3	1.0	2	134278	n/a
65.57421875	0.3	0.0	1	134296	n/a
65.58251953125	0.3	1.0	2	134313	n/a
65.5908203125	0.3	0.0	1	134330	n/a
65.59912109375	0.3	1.0	2	134347	n/a
65.607421875	0.3	0.0	1	134364	n/a
65.61572265625	0.3	0.0	1	134381	n/a
65.6240234375	0.3	1.0	2	134398	n/a
65.63232421875	0.3	1.0	2	134415	n/a
65.640625	0.3	0.0	1	134432	n/a
65.64892578125	0.3	0.0	1	134449	n/a
65.6572265625	0.3	1.0	2	134466	n/a
65.66552734375	0.3	0.0	1	134483	n/a
65.673828125	0.3	1.0	2	134500	n/a
65.68212890625	0.3	0.0	1	134517	n/a
65.6904296875	0.3	1.0	2	134534	n/a
65.69921875	0.3	1.0	2	134552	n/a
65.70751953125	0.3	0.0	1	134569	n/a
65.7158203125	0.3	0.0	1	134586	n/a
65.72412109375	0.3	1.0	2	134603	n/a
65.732421875	0.3	1.0	2	134620	n/a
65.74072265625	0.3	0.0	1	134637	n/a
65.7490234375	0.3	1.0	2	134654	n/a
65.75732421875	0.3	0.0	1	134671	n/a
65.765625	0.3	0.0	1	134688	n/a
65.77392578125	0.3	1.0	2	134705	n/a
65.7822265625	0.3	1.0	2	134722	n/a
65.79052734375	0.3	0.0	1	134739	n/a
65.798828125	0.3	0.0	1	134756	n/a
65.80712890625	0.3	1.0	2	134773	n/a
65.8154296875	0.3	1.0	2	134790	n/a
65.82421875	0.3	0.0	1	134808	n/a
65.83251953125	0.3	1.0	2	134825	n/a
65.8408203125	0.3	0.0	1	134842	n/a
65.84912109375	0.3	0.0	1	134859	n/a
65.857421875	0.3	1.0	2	134876	n/a
65.86572265625	0.3	1.0	2	134893	n/a
65.8740234375	0.3	0.0	1	134910	n/a
65.88232421875	0.3	1.0	2	134927	n/a
65.890625	0.3	0.0	1	134944	n/a
65.89892578125	0.3	0.0	1	134961	n/a
65.9072265625	0.3	1.0	2	134978	n/a
65.91552734375	0.3	0.0	1	134995	n/a
65.923828125	0.3	1.0	2	135012	n/a
65.93212890625	0.3	1.0	2	135029	n/a
65.9404296875	0.3	0.0	1	135046	n/a
65.94921875	0.3	0.0	1	135064	n/a
65.95751953125	0.3	1.0	2	135081	n/a
65.9658203125	0.3	1.0	2	135098	n/a
65.97412109375	0.3	0.0	1	135115	n/a
65.982421875	0.3	0.0	1	135132	n/a
65.99072265625	0.3	1.0	2	135149	n/a
65.9990234375	0.3	0.0	1	135166	n/a
66.00732421875	0.3	1.0	2	135183	n/a
66.015625	0.3	0.0	1	135200	n/a
66.02392578125	0.3	1.0	2	135217	n/a
66.0322265625	0.3	0.0	1	135234	n/a
66.04052734375	0.3	1.0	2	135251	n/a
66.048828125	0.3	1.0	2	135268	n/a
66.05712890625	0.3	0.0	1	135285	n/a
66.0654296875	0.3	0.0	1	135302	n/a
66.07421875	0.3	1.0	2	135320	n/a
66.08251953125	0.3	1.0	2	135337	n/a
66.0908203125	0.3	0.0	1	135354	n/a
66.09912109375	0.3	1.0	2	135371	n/a
66.107421875	0.3	0.0	1	135388	n/a
66.11572265625	0.3	1.0	2	135405	n/a
66.1240234375	0.3	0.0	1	135422	n/a
66.13232421875	0.3	1.0	2	135439	n/a
66.140625	0.3	0.0	1	135456	n/a
66.14892578125	0.3	1.0	2	135473	n/a
66.1572265625	0.3	0.0	1	135490	n/a
66.16552734375	0.3	1.0	2	135507	n/a
66.173828125	0.3	0.0	1	135524	n/a
66.18212890625	0.3	1.0	2	135541	n/a
66.1904296875	0.3	0.0	1	135558	n/a
66.19921875	0.3	1.0	2	135576	n/a
66.20751953125	0.3	0.0	1	135593	n/a
66.2158203125	0.3	1.0	2	135610	n/a
66.22412109375	0.3	0.0	1	135627	n/a
66.232421875	0.3	1.0	2	135644	n/a
66.24072265625	0.3	0.0	1	135661	n/a
66.2490234375	0.3	1.0	2	135678	n/a
66.25732421875	0.3	0.0	1	135695	n/a
66.265625	0.3	0.0	1	135712	n/a
66.27392578125	0.3	1.0	2	135729	n/a
66.2822265625	0.3	1.0	2	135746	n/a
66.29052734375	0.3	0.0	1	135763	n/a
66.298828125	0.3	0.0	1	135780	n/a
66.30712890625	0.3	1.0	2	135797	n/a
66.3154296875	0.3	0.0	1	135814	n/a
66.32421875	0.3	1.0	2	135832	n/a
66.33251953125	0.3	0.0	1	135849	n/a
66.3408203125	0.3	1.0	2	135866	n/a
66.34912109375	0.3	1.0	2	135883	n/a
66.357421875	0.3	0.0	1	135900	n/a
66.36572265625	0.3	1.0	2	135917	n/a
66.3740234375	0.3	0.0	1	135934	n/a
66.38232421875	0.3	1.0	2	135951	n/a
66.390625	0.3	0.0	1	135968	n/a
66.39892578125	0.3	1.0	2	135985	n/a
66.4072265625	0.3	0.0	1	136002	n/a
66.41552734375	0.3	1.0	2	136019	n/a
66.423828125	0.3	0.0	1	136036	n/a
66.43212890625	0.3	1.0	2	136053	n/a
66.4404296875	0.3	0.0	1	136070	n/a
66.44921875	0.3	1.0	2	136088	n/a
66.45751953125	0.3	0.0	1	136105	n/a
66.4658203125	0.3	0.0	1	136122	n/a
66.47412109375	0.3	1.0	2	136139	n/a
66.482421875	0.3	1.0	2	136156	n/a
66.49072265625	0.3	0.0	1	136173	n/a
66.4990234375	0.3	0.0	1	136190	n/a
66.50732421875	0.3	1.0	2	136207	n/a
66.515625	0.3	1.0	2	136224	n/a
66.52392578125	0.3	0.0	1	136241	n/a
66.5322265625	0.3	1.0	2	136258	n/a
66.54052734375	0.3	0.0	1	136275	n/a
66.548828125	0.3	0.0	1	136292	n/a
66.55712890625	0.3	1.0	2	136309	n/a
66.5654296875	0.3	1.0	2	136326	n/a
66.57421875	0.3	0.0	1	136344	n/a
66.58251953125	0.3	1.0	2	136361	n/a
66.5908203125	0.3	0.0	1	136378	n/a
66.59912109375	0.3	0.0	1	136395	n/a
66.607421875	0.3	1.0	2	136412	n/a
66.61572265625	0.3	1.0	2	136429	n/a
66.6240234375	0.3	0.0	1	136446	n/a
66.63232421875	0.3	1.0	2	136463	n/a
66.640625	0.3	0.0	1	136480	n/a
66.64892578125	0.3	1.0	2	136497	n/a
66.6572265625	0.3	0.0	1	136514	n/a
66.66552734375	0.3	0.0	1	136531	n/a
66.673828125	0.3	1.0	2	136548	n/a
66.68212890625	0.3	1.0	2	136565	n/a
66.6904296875	0.3	0.0	1	136582	n/a
66.69921875	0.3	0.0	1	136600	n/a
66.70751953125	0.3	1.0	2	136617	n/a
66.7158203125	0.3	0.0	1	136634	n/a
66.72412109375	0.3	1.0	2	136651	n/a
66.732421875	0.3	0.0	1	136668	n/a
66.74072265625	0.3	1.0	2	136685	n/a
66.7490234375	0.3	1.0	2	136702	n/a
66.75732421875	0.3	0.0	1	136719	n/a
66.765625	0.3	0.0	1	136736	n/a
66.77392578125	0.3	1.0	2	136753	n/a
66.7822265625	0.3	1.0	2	136770	n/a
66.79052734375	0.3	0.0	1	136787	n/a
66.798828125	0.3	1.0	2	136804	n/a
66.80712890625	0.3	0.0	1	136821	n/a
66.8154296875	0.3	0.0	1	136838	n/a
66.82421875	0.3	1.0	2	136856	n/a
66.83251953125	0.3	1.0	2	136873	n/a
66.8408203125	0.3	0.0	1	136890	n/a
66.84912109375	0.3	0.0	1	136907	n/a
66.857421875	0.3	1.0	2	136924	n/a
66.86572265625	0.3	1.0	2	136941	n/a
66.8740234375	0.3	0.0	1	136958	n/a
66.88232421875	0.3	1.0	2	136975	n/a
66.890625	0.3	0.0	1	136992	n/a
66.89892578125	0.3	0.0	1	137009	n/a
66.9072265625	0.3	1.0	2	137026	n/a
66.91552734375	0.3	1.0	2	137043	n/a
66.923828125	0.3	0.0	1	137060	n/a
66.93212890625	0.3	1.0	2	137077	n/a
66.9404296875	0.3	0.0	1	137094	n/a
66.94921875	0.3	0.0	1	137112	n/a
66.95751953125	0.3	1.0	2	137129	n/a
66.9658203125	0.3	0.0	1	137146	n/a
66.97412109375	0.3	1.0	2	137163	n/a
66.982421875	0.3	1.0	2	137180	n/a
66.99072265625	0.3	0.0	1	137197	n/a
66.9990234375	0.3	0.0	1	137214	n/a
67.00732421875	0.3	1.0	2	137231	n/a
67.015625	0.3	1.0	2	137248	n/a
67.02392578125	0.3	0.0	1	137265	n/a
67.0322265625	0.3	0.0	1	137282	n/a
67.04052734375	0.3	1.0	2	137299	n/a
67.048828125	0.3	0.0	1	137316	n/a
67.05712890625	0.3	1.0	2	137333	n/a
67.0654296875	0.3	0.0	1	137350	n/a
67.07421875	0.3	1.0	2	137368	n/a
67.08251953125	0.3	0.0	1	137385	n/a
67.0908203125	0.3	1.0	2	137402	n/a
67.09912109375	0.3	1.0	2	137419	n/a
67.107421875	0.3	0.0	1	137436	n/a
67.11572265625	0.3	0.0	1	137453	n/a
67.1240234375	0.3	1.0	2	137470	n/a
67.13232421875	0.3	1.0	2	137487	n/a
67.140625	0.3	0.0	1	137504	n/a
67.14892578125	0.3	1.0	2	137521	n/a
67.1572265625	0.3	0.0	1	137538	n/a
67.16552734375	0.3	1.0	2	137555	n/a
67.173828125	0.3	0.0	1	137572	n/a
67.18212890625	0.3	1.0	2	137589	n/a
67.1904296875	0.3	0.0	1	137606	n/a
67.19921875	0.3	1.0	2	137624	n/a
67.20751953125	0.3	0.0	1	137641	n/a
67.2158203125	0.3	1.0	2	137658	n/a
67.22412109375	0.3	0.0	1	137675	n/a
67.232421875	0.3	1.0	2	137692	n/a
67.24072265625	0.3	0.0	1	137709	n/a
67.2490234375	0.3	1.0	2	137726	n/a
67.25732421875	0.3	0.0	1	137743	n/a
67.265625	0.3	1.0	2	137760	n/a
67.27392578125	0.3	0.0	1	137777	n/a
67.2822265625	0.3	1.0	2	137794	n/a
67.29052734375	0.3	0.0	1	137811	n/a
67.298828125	0.3	1.0	2	137828	n/a
67.30712890625	0.3	0.0	1	137845	n/a
67.3154296875	0.3	0.0	1	137862	n/a
67.32421875	0.3	1.0	2	137880	n/a
67.33251953125	0.3	1.0	2	137897	n/a
67.3408203125	0.3	0.0	1	137914	n/a
67.34912109375	0.3	0.0	1	137931	n/a
67.357421875	0.3	1.0	2	137948	n/a
67.36572265625	0.3	0.0	1	137965	n/a
67.3740234375	0.3	1.0	2	137982	n/a
67.38232421875	0.3	0.0	1	137999	n/a
67.390625	0.3	1.0	2	138016	n/a
67.39892578125	0.3	1.0	2	138033	n/a
67.4072265625	0.3	0.0	1	138050	n/a
67.41552734375	0.3	1.0	2	138067	n/a
67.423828125	0.3	0.0	1	138084	n/a
67.43212890625	0.3	1.0	2	138101	n/a
67.4404296875	0.3	0.0	1	138118	n/a
67.44921875	0.3	1.0	2	138136	n/a
67.45751953125	0.3	0.0	1	138153	n/a
67.4658203125	0.3	1.0	2	138170	n/a
67.47412109375	0.3	0.0	1	138187	n/a
67.482421875	0.3	1.0	2	138204	n/a
67.49072265625	0.3	0.0	1	138221	n/a
67.4990234375	0.3	1.0	2	138238	n/a
67.50732421875	0.3	0.0	1	138255	n/a
67.515625	0.3	0.0	1	138272	n/a
67.52392578125	0.3	1.0	2	138289	n/a
67.5322265625	0.3	1.0	2	138306	n/a
67.54052734375	0.3	0.0	1	138323	n/a
67.548828125	0.3	0.0	1	138340	n/a
67.55712890625	0.3	1.0	2	138357	n/a
67.5654296875	0.3	1.0	2	138374	n/a
67.57421875	0.3	0.0	1	138392	n/a
67.58251953125	0.3	1.0	2	138409	n/a
67.5908203125	0.3	0.0	1	138426	n/a
67.59912109375	0.3	0.0	1	138443	n/a
67.607421875	0.3	1.0	2	138460	n/a
67.61572265625	0.3	1.0	2	138477	n/a
67.6240234375	0.3	0.0	1	138494	n/a
67.63232421875	0.3	1.0	2	138511	n/a
67.640625	0.3	0.0	1	138528	n/a
67.64892578125	0.3	0.0	1	138545	n/a
67.6572265625	0.3	1.0	2	138562	n/a
67.66552734375	0.3	1.0	2	138579	n/a
67.673828125	0.3	0.0	1	138596	n/a
67.68212890625	0.3	1.0	2	138613	n/a
67.6904296875	0.3	0.0	1	138630	n/a
67.69921875	0.3	1.0	2	138648	n/a
67.70751953125	0.3	0.0	1	138665	n/a
67.7158203125	0.3	0.0	1	138682	n/a
67.72412109375	0.3	1.0	2	138699	n/a
67.732421875	0.3	1.0	2	138716	n/a
67.74072265625	0.3	0.0	1	138733	n/a
67.7490234375	0.3	0.0	1	138750	n/a
67.75732421875	0.3	1.0	2	138767	n/a
67.765625	0.3	0.0	1	138784	n/a
67.77392578125	0.3	1.0	2	138801	n/a
67.7822265625	0.3	0.0	1	138818	n/a
67.79052734375	0.3	1.0	2	138835	n/a
67.798828125	0.3	1.0	2	138852	n/a
67.80712890625	0.3	0.0	1	138869	n/a
67.8154296875	0.3	0.0	1	138886	n/a
67.82421875	0.3	1.0	2	138904	n/a
67.83251953125	0.3	1.0	2	138921	n/a
67.8408203125	0.3	0.0	1	138938	n/a
67.84912109375	0.3	1.0	2	138955	n/a
67.857421875	0.3	0.0	1	138972	n/a
67.86572265625	0.3	0.0	1	138989	n/a
67.8740234375	0.3	1.0	2	139006	n/a
67.88232421875	0.3	1.0	2	139023	n/a
67.890625	0.3	0.0	1	139040	n/a
67.89892578125	0.3	0.0	1	139057	n/a
67.9072265625	0.3	1.0	2	139074	n/a
67.91552734375	0.3	1.0	2	139091	n/a
67.923828125	0.3	0.0	1	139108	n/a
67.93212890625	0.3	1.0	2	139125	n/a
67.9404296875	0.3	0.0	1	139142	n/a
67.94921875	0.3	0.0	1	139160	n/a
67.95751953125	0.3	1.0	2	139177	n/a
67.9658203125	0.3	1.0	2	139194	n/a
67.97412109375	0.3	0.0	1	139211	n/a
67.982421875	0.3	1.0	2	139228	n/a
67.99072265625	0.3	0.0	1	139245	n/a
67.9990234375	0.3	0.0	1	139262	n/a
68.00732421875	0.3	1.0	2	139279	n/a
68.015625	0.3	0.0	1	139296	n/a
68.02392578125	0.3	1.0	2	139313	n/a
68.0322265625	0.3	1.0	2	139330	n/a
68.04052734375	0.3	0.0	1	139347	n/a
68.048828125	0.3	0.0	1	139364	n/a
68.05712890625	0.3	1.0	2	139381	n/a
68.0654296875	0.3	1.0	2	139398	n/a
68.07421875	0.3	0.0	1	139416	n/a
68.08251953125	0.3	0.0	1	139433	n/a
68.0908203125	0.3	1.0	2	139450	n/a
68.09912109375	0.3	0.0	1	139467	n/a
68.107421875	0.3	1.0	2	139484	n/a
68.11572265625	0.3	0.0	1	139501	n/a
68.1240234375	0.3	1.0	2	139518	n/a
68.13232421875	0.3	0.0	1	139535	n/a
68.140625	0.3	1.0	2	139552	n/a
68.14892578125	0.3	1.0	2	139569	n/a
68.1572265625	0.3	0.0	1	139586	n/a
68.16552734375	0.3	0.0	1	139603	n/a
68.173828125	0.3	1.0	2	139620	n/a
68.18212890625	0.3	1.0	2	139637	n/a
68.1904296875	0.3	0.0	1	139654	n/a
68.19921875	0.3	1.0	2	139672	n/a
68.20751953125	0.3	0.0	1	139689	n/a
68.2158203125	0.3	1.0	2	139706	n/a
68.22412109375	0.3	0.0	1	139723	n/a
68.232421875	0.3	1.0	2	139740	n/a
68.24072265625	0.3	0.0	1	139757	n/a
68.2490234375	0.3	1.0	2	139774	n/a
68.25732421875	0.3	0.0	1	139791	n/a
68.265625	0.3	1.0	2	139808	n/a
68.27392578125	0.3	0.0	1	139825	n/a
68.2822265625	0.3	1.0	2	139842	n/a
68.29052734375	0.3	0.0	1	139859	n/a
68.298828125	0.3	1.0	2	139876	n/a
68.30712890625	0.3	0.0	1	139893	n/a
68.3154296875	0.3	1.0	2	139910	n/a
68.32421875	0.3	0.0	1	139928	n/a
70.69091796875	0.3	0.0	1	144775	2.0
70.69921875	0.3	1.0	2	144792	n/a
70.70751953125	0.3	0.0	1	144809	n/a
70.7158203125	0.3	1.0	2	144826	n/a
70.72412109375	0.3	1.0	2	144843	n/a
70.732421875	0.3	0.0	1	144860	n/a
70.74072265625	0.3	1.0	2	144877	n/a
70.7490234375	0.3	0.0	1	144894	n/a
70.7578125	0.3	0.0	1	144912	n/a
70.76611328125	0.3	1.0	2	144929	n/a
70.7744140625	0.3	1.0	2	144946	n/a
70.78271484375	0.3	0.0	1	144963	n/a
70.791015625	0.3	0.0	1	144980	n/a
70.79931640625	0.3	1.0	2	144997	n/a
70.8076171875	0.3	0.0	1	145014	n/a
70.81591796875	0.3	1.0	2	145031	n/a
70.82421875	0.3	1.0	2	145048	n/a
70.83251953125	0.3	0.0	1	145065	n/a
70.8408203125	0.3	0.0	1	145082	n/a
70.84912109375	0.3	1.0	2	145099	n/a
70.857421875	0.3	1.0	2	145116	n/a
70.86572265625	0.3	0.0	1	145133	n/a
70.8740234375	0.3	1.0	2	145150	n/a
70.8828125	0.3	0.0	1	145168	n/a
70.89111328125	0.3	1.0	2	145185	n/a
70.8994140625	0.3	0.0	1	145202	n/a
70.90771484375	0.3	0.0	1	145219	n/a
70.916015625	0.3	1.0	2	145236	n/a
70.92431640625	0.3	1.0	2	145253	n/a
70.9326171875	0.3	0.0	1	145270	n/a
70.94091796875	0.3	1.0	2	145287	n/a
70.94921875	0.3	0.0	1	145304	n/a
70.95751953125	0.3	0.0	1	145321	n/a
70.9658203125	0.3	1.0	2	145338	n/a
70.97412109375	0.3	0.0	1	145355	n/a
70.982421875	0.3	1.0	2	145372	n/a
70.99072265625	0.3	0.0	1	145389	n/a
70.9990234375	0.3	1.0	2	145406	n/a
71.0078125	0.3	1.0	2	145424	n/a
71.01611328125	0.3	0.0	1	145441	n/a
71.0244140625	0.3	0.0	1	145458	n/a
71.03271484375	0.3	1.0	2	145475	n/a
71.041015625	0.3	1.0	2	145492	n/a
71.04931640625	0.3	0.0	1	145509	n/a
71.0576171875	0.3	1.0	2	145526	n/a
71.06591796875	0.3	0.0	1	145543	n/a
71.07421875	0.3	0.0	1	145560	n/a
71.08251953125	0.3	1.0	2	145577	n/a
71.0908203125	0.3	0.0	1	145594	n/a
71.09912109375	0.3	1.0	2	145611	n/a
71.107421875	0.3	1.0	2	145628	n/a
71.11572265625	0.3	0.0	1	145645	n/a
71.1240234375	0.3	1.0	2	145662	n/a
71.1328125	0.3	0.0	1	145680	n/a
71.14111328125	0.3	1.0	2	145697	n/a
71.1494140625	0.3	0.0	1	145714	n/a
71.15771484375	0.3	1.0	2	145731	n/a
71.166015625	0.3	0.0	1	145748	n/a
71.17431640625	0.3	1.0	2	145765	n/a
71.1826171875	0.3	0.0	1	145782	n/a
71.19091796875	0.3	0.0	1	145799	n/a
71.19921875	0.3	1.0	2	145816	n/a
71.20751953125	0.3	0.0	1	145833	n/a
71.2158203125	0.3	1.0	2	145850	n/a
71.22412109375	0.3	0.0	1	145867	n/a
71.232421875	0.3	1.0	2	145884	n/a
71.24072265625	0.3	1.0	2	145901	n/a
71.2490234375	0.3	0.0	1	145918	n/a
71.2578125	0.3	0.0	1	145936	n/a
71.26611328125	0.3	1.0	2	145953	n/a
71.2744140625	0.3	1.0	2	145970	n/a
71.28271484375	0.3	0.0	1	145987	n/a
71.291015625	0.3	1.0	2	146004	n/a
71.29931640625	0.3	0.0	1	146021	n/a
71.3076171875	0.3	1.0	2	146038	n/a
71.31591796875	0.3	0.0	1	146055	n/a
71.32421875	0.3	0.0	1	146072	n/a
71.33251953125	0.3	1.0	2	146089	n/a
71.3408203125	0.3	1.0	2	146106	n/a
71.34912109375	0.3	0.0	1	146123	n/a
71.357421875	0.3	0.0	1	146140	n/a
71.36572265625	0.3	1.0	2	146157	n/a
71.3740234375	0.3	1.0	2	146174	n/a
71.3828125	0.3	0.0	1	146192	n/a
71.39111328125	0.3	0.0	1	146209	n/a
71.3994140625	0.3	1.0	2	146226	n/a
71.40771484375	0.3	0.0	1	146243	n/a
71.416015625	0.3	1.0	2	146260	n/a
71.42431640625	0.3	0.0	1	146277	n/a
71.4326171875	0.3	1.0	2	146294	n/a
71.44091796875	0.3	0.0	1	146311	n/a
71.44921875	0.3	1.0	2	146328	n/a
71.45751953125	0.3	0.0	1	146345	n/a
71.4658203125	0.3	1.0	2	146362	n/a
71.47412109375	0.3	1.0	2	146379	n/a
71.482421875	0.3	0.0	1	146396	n/a
71.49072265625	0.3	0.0	1	146413	n/a
71.4990234375	0.3	1.0	2	146430	n/a
71.5078125	0.3	0.0	1	146448	n/a
71.51611328125	0.3	1.0	2	146465	n/a
71.5244140625	0.3	1.0	2	146482	n/a
71.53271484375	0.3	0.0	1	146499	n/a
71.541015625	0.3	1.0	2	146516	n/a
71.54931640625	0.3	0.0	1	146533	n/a
71.5576171875	0.3	0.0	1	146550	n/a
71.56591796875	0.3	1.0	2	146567	n/a
71.57421875	0.3	0.0	1	146584	n/a
71.58251953125	0.3	1.0	2	146601	n/a
71.5908203125	0.3	1.0	2	146618	n/a
71.59912109375	0.3	0.0	1	146635	n/a
71.607421875	0.3	1.0	2	146652	n/a
71.61572265625	0.3	0.0	1	146669	n/a
71.6240234375	0.3	1.0	2	146686	n/a
71.6328125	0.3	0.0	1	146704	n/a
71.64111328125	0.3	1.0	2	146721	n/a
71.6494140625	0.3	0.0	1	146738	n/a
71.65771484375	0.3	0.0	1	146755	n/a
71.666015625	0.3	1.0	2	146772	n/a
71.67431640625	0.3	1.0	2	146789	n/a
71.6826171875	0.3	0.0	1	146806	n/a
71.69091796875	0.3	0.0	1	146823	n/a
71.69921875	0.3	1.0	2	146840	n/a
71.70751953125	0.3	0.0	1	146857	n/a
71.7158203125	0.3	1.0	2	146874	n/a
71.72412109375	0.3	0.0	1	146891	n/a
71.732421875	0.3	1.0	2	146908	n/a
71.74072265625	0.3	0.0	1	146925	n/a
71.7490234375	0.3	1.0	2	146942	n/a
71.7578125	0.3	0.0	1	146960	n/a
71.76611328125	0.3	1.0	2	146977	n/a
71.7744140625	0.3	1.0	2	146994	n/a
71.78271484375	0.3	0.0	1	147011	n/a
71.791015625	0.3	1.0	2	147028	n/a
71.79931640625	0.3	0.0	1	147045	n/a
71.8076171875	0.3	0.0	1	147062	n/a
71.81591796875	0.3	1.0	2	147079	n/a
71.82421875	0.3	1.0	2	147096	n/a
71.83251953125	0.3	0.0	1	147113	n/a
71.8408203125	0.3	0.0	1	147130	n/a
71.84912109375	0.3	1.0	2	147147	n/a
71.857421875	0.3	0.0	1	147164	n/a
71.86572265625	0.3	1.0	2	147181	n/a
71.8740234375	0.3	1.0	2	147198	n/a
71.8828125	0.3	0.0	1	147216	n/a
71.89111328125	0.3	0.0	1	147233	n/a
71.8994140625	0.3	1.0	2	147250	n/a
71.90771484375	0.3	1.0	2	147267	n/a
71.916015625	0.3	0.0	1	147284	n/a
71.92431640625	0.3	1.0	2	147301	n/a
71.9326171875	0.3	0.0	1	147318	n/a
71.94091796875	0.3	1.0	2	147335	n/a
71.94921875	0.3	0.0	1	147352	n/a
71.95751953125	0.3	0.0	1	147369	n/a
71.9658203125	0.3	1.0	2	147386	n/a
71.97412109375	0.3	1.0	2	147403	n/a
71.982421875	0.3	0.0	1	147420	n/a
71.99072265625	0.3	1.0	2	147437	n/a
71.9990234375	0.3	0.0	1	147454	n/a
72.0078125	0.3	0.0	1	147472	n/a
72.01611328125	0.3	1.0	2	147489	n/a
72.0244140625	0.3	0.0	1	147506	n/a
72.03271484375	0.3	1.0	2	147523	n/a
72.041015625	0.3	0.0	1	147540	n/a
72.04931640625	0.3	1.0	2	147557	n/a
72.0576171875	0.3	1.0	2	147574	n/a
72.06591796875	0.3	0.0	1	147591	n/a
72.07421875	0.3	0.0	1	147608	n/a
72.08251953125	0.3	1.0	2	147625	n/a
72.0908203125	0.3	1.0	2	147642	n/a
72.09912109375	0.3	0.0	1	147659	n/a
72.107421875	0.3	1.0	2	147676	n/a
72.11572265625	0.3	0.0	1	147693	n/a
72.1240234375	0.3	0.0	1	147710	n/a
72.1328125	0.3	1.0	2	147728	n/a
72.14111328125	0.3	0.0	1	147745	n/a
72.1494140625	0.3	1.0	2	147762	n/a
72.15771484375	0.3	1.0	2	147779	n/a
72.166015625	0.3	0.0	1	147796	n/a
72.17431640625	0.3	1.0	2	147813	n/a
72.1826171875	0.3	0.0	1	147830	n/a
72.19091796875	0.3	1.0	2	147847	n/a
72.19921875	0.3	0.0	1	147864	n/a
72.20751953125	0.3	1.0	2	147881	n/a
72.2158203125	0.3	0.0	1	147898	n/a
72.22412109375	0.3	1.0	2	147915	n/a
72.232421875	0.3	0.0	1	147932	n/a
72.24072265625	0.3	0.0	1	147949	n/a
72.2490234375	0.3	1.0	2	147966	n/a
72.2578125	0.3	0.0	1	147984	n/a
72.26611328125	0.3	1.0	2	148001	n/a
72.2744140625	0.3	0.0	1	148018	n/a
72.28271484375	0.3	1.0	2	148035	n/a
72.291015625	0.3	1.0	2	148052	n/a
72.29931640625	0.3	0.0	1	148069	n/a
72.3076171875	0.3	0.0	1	148086	n/a
72.31591796875	0.3	1.0	2	148103	n/a
72.32421875	0.3	1.0	2	148120	n/a
72.33251953125	0.3	0.0	1	148137	n/a
72.3408203125	0.3	1.0	2	148154	n/a
72.34912109375	0.3	0.0	1	148171	n/a
72.357421875	0.3	1.0	2	148188	n/a
72.36572265625	0.3	0.0	1	148205	n/a
72.3740234375	0.3	0.0	1	148222	n/a
72.3828125	0.3	1.0	2	148240	n/a
72.39111328125	0.3	1.0	2	148257	n/a
72.3994140625	0.3	0.0	1	148274	n/a
72.40771484375	0.3	0.0	1	148291	n/a
72.416015625	0.3	1.0	2	148308	n/a
72.42431640625	0.3	1.0	2	148325	n/a
72.4326171875	0.3	0.0	1	148342	n/a
72.44091796875	0.3	0.0	1	148359	n/a
72.44921875	0.3	1.0	2	148376	n/a
72.45751953125	0.3	0.0	1	148393	n/a
72.4658203125	0.3	1.0	2	148410	n/a
72.47412109375	0.3	0.0	1	148427	n/a
72.482421875	0.3	1.0	2	148444	n/a
72.49072265625	0.3	0.0	1	148461	n/a
72.4990234375	0.3	1.0	2	148478	n/a
72.5078125	0.3	0.0	1	148496	n/a
72.51611328125	0.3	1.0	2	148513	n/a
72.5244140625	0.3	1.0	2	148530	n/a
72.53271484375	0.3	0.0	1	148547	n/a
72.541015625	0.3	0.0	1	148564	n/a
72.54931640625	0.3	1.0	2	148581	n/a
72.5576171875	0.3	0.0	1	148598	n/a
72.56591796875	0.3	1.0	2	148615	n/a
72.57421875	0.3	1.0	2	148632	n/a
72.58251953125	0.3	0.0	1	148649	n/a
72.5908203125	0.3	1.0	2	148666	n/a
72.59912109375	0.3	0.0	1	148683	n/a
72.607421875	0.3	0.0	1	148700	n/a
72.61572265625	0.3	1.0	2	148717	n/a
72.6240234375	0.3	0.0	1	148734	n/a
72.6328125	0.3	1.0	2	148752	n/a
72.64111328125	0.3	1.0	2	148769	n/a
72.6494140625	0.3	0.0	1	148786	n/a
72.65771484375	0.3	1.0	2	148803	n/a
72.666015625	0.3	0.0	1	148820	n/a
72.67431640625	0.3	1.0	2	148837	n/a
72.6826171875	0.3	0.0	1	148854	n/a
72.69091796875	0.3	1.0	2	148871	n/a
72.69921875	0.3	0.0	1	148888	n/a
72.70751953125	0.3	0.0	1	148905	n/a
72.7158203125	0.3	1.0	2	148922	n/a
72.72412109375	0.3	1.0	2	148939	n/a
72.732421875	0.3	0.0	1	148956	n/a
72.74072265625	0.3	0.0	1	148973	n/a
72.7490234375	0.3	1.0	2	148990	n/a
72.7578125	0.3	0.0	1	149008	n/a
72.76611328125	0.3	1.0	2	149025	n/a
72.7744140625	0.3	0.0	1	149042	n/a
72.78271484375	0.3	1.0	2	149059	n/a
72.791015625	0.3	0.0	1	149076	n/a
72.79931640625	0.3	1.0	2	149093	n/a
72.8076171875	0.3	0.0	1	149110	n/a
72.81591796875	0.3	1.0	2	149127	n/a
72.82421875	0.3	1.0	2	149144	n/a
72.83251953125	0.3	0.0	1	149161	n/a
72.8408203125	0.3	1.0	2	149178	n/a
72.84912109375	0.3	0.0	1	149195	n/a
72.857421875	0.3	0.0	1	149212	n/a
72.86572265625	0.3	1.0	2	149229	n/a
72.8740234375	0.3	1.0	2	149246	n/a
72.8828125	0.3	0.0	1	149264	n/a
72.89111328125	0.3	0.0	1	149281	n/a
72.8994140625	0.3	1.0	2	149298	n/a
72.90771484375	0.3	0.0	1	149315	n/a
72.916015625	0.3	1.0	2	149332	n/a
72.92431640625	0.3	1.0	2	149349	n/a
72.9326171875	0.3	0.0	1	149366	n/a
72.94091796875	0.3	0.0	1	149383	n/a
72.94921875	0.3	1.0	2	149400	n/a
72.95751953125	0.3	1.0	2	149417	n/a
72.9658203125	0.3	0.0	1	149434	n/a
72.97412109375	0.3	1.0	2	149451	n/a
72.982421875	0.3	0.0	1	149468	n/a
72.99072265625	0.3	1.0	2	149485	n/a
72.9990234375	0.3	0.0	1	149502	n/a
73.0078125	0.3	0.0	1	149520	n/a
73.01611328125	0.3	1.0	2	149537	n/a
73.0244140625	0.3	1.0	2	149554	n/a
73.03271484375	0.3	0.0	1	149571	n/a
73.041015625	0.3	1.0	2	149588	n/a
73.04931640625	0.3	0.0	1	149605	n/a
73.0576171875	0.3	0.0	1	149622	n/a
73.06591796875	0.3	1.0	2	149639	n/a
73.07421875	0.3	0.0	1	149656	n/a
73.08251953125	0.3	1.0	2	149673	n/a
73.0908203125	0.3	0.0	1	149690	n/a
73.09912109375	0.3	1.0	2	149707	n/a
73.107421875	0.3	1.0	2	149724	n/a
73.11572265625	0.3	0.0	1	149741	n/a
73.1240234375	0.3	0.0	1	149758	n/a
73.1328125	0.3	1.0	2	149776	n/a
73.14111328125	0.3	1.0	2	149793	n/a
73.1494140625	0.3	0.0	1	149810	n/a
73.15771484375	0.3	1.0	2	149827	n/a
73.166015625	0.3	0.0	1	149844	n/a
73.17431640625	0.3	0.0	1	149861	n/a
73.1826171875	0.3	1.0	2	149878	n/a
73.19091796875	0.3	0.0	1	149895	n/a
73.19921875	0.3	1.0	2	149912	n/a
73.20751953125	0.3	1.0	2	149929	n/a
73.2158203125	0.3	0.0	1	149946	n/a
73.22412109375	0.3	1.0	2	149963	n/a
73.232421875	0.3	0.0	1	149980	n/a
73.24072265625	0.3	1.0	2	149997	n/a
73.2490234375	0.3	0.0	1	150014	n/a
73.2578125	0.3	1.0	2	150032	n/a
73.26611328125	0.3	0.0	1	150049	n/a
73.2744140625	0.3	1.0	2	150066	n/a
73.28271484375	0.3	0.0	1	150083	n/a
73.291015625	0.3	0.0	1	150100	n/a
73.29931640625	0.3	1.0	2	150117	n/a
73.3076171875	0.3	0.0	1	150134	n/a
73.31591796875	0.3	1.0	2	150151	n/a
73.32421875	0.3	0.0	1	150168	n/a
73.33251953125	0.3	1.0	2	150185	n/a
73.3408203125	0.3	1.0	2	150202	n/a
73.34912109375	0.3	0.0	1	150219	n/a
73.357421875	0.3	0.0	1	150236	n/a
73.36572265625	0.3	1.0	2	150253	n/a
73.3740234375	0.3	1.0	2	150270	n/a
73.3828125	0.3	0.0	1	150288	n/a
73.39111328125	0.3	1.0	2	150305	n/a
73.3994140625	0.3	0.0	1	150322	n/a
73.40771484375	0.3	1.0	2	150339	n/a
73.416015625	0.3	0.0	1	150356	n/a
73.42431640625	0.3	0.0	1	150373	n/a
73.4326171875	0.3	1.0	2	150390	n/a
73.44091796875	0.3	1.0	2	150407	n/a
73.44921875	0.3	0.0	1	150424	n/a
73.45751953125	0.3	0.0	1	150441	n/a
73.4658203125	0.3	1.0	2	150458	n/a
73.47412109375	0.3	1.0	2	150475	n/a
73.482421875	0.3	0.0	1	150492	n/a
73.49072265625	0.3	0.0	1	150509	n/a
73.4990234375	0.3	1.0	2	150526	n/a
73.5078125	0.3	0.0	1	150544	n/a
73.51611328125	0.3	1.0	2	150561	n/a
73.5244140625	0.3	0.0	1	150578	n/a
73.53271484375	0.3	1.0	2	150595	n/a
73.541015625	0.3	0.0	1	150612	n/a
73.54931640625	0.3	1.0	2	150629	n/a
73.5576171875	0.3	0.0	1	150646	n/a
73.56591796875	0.3	1.0	2	150663	n/a
73.57421875	0.3	1.0	2	150680	n/a
73.58251953125	0.3	0.0	1	150697	n/a
73.5908203125	0.3	0.0	1	150714	n/a
73.59912109375	0.3	1.0	2	150731	n/a
73.607421875	0.3	0.0	1	150748	n/a
73.61572265625	0.3	1.0	2	150765	n/a
73.6240234375	0.3	1.0	2	150782	n/a
73.6328125	0.3	0.0	1	150800	n/a
73.64111328125	0.3	1.0	2	150817	n/a
73.6494140625	0.3	0.0	1	150834	n/a
73.65771484375	0.3	0.0	1	150851	n/a
73.666015625	0.3	1.0	2	150868	n/a
73.67431640625	0.3	0.0	1	150885	n/a
73.6826171875	0.3	1.0	2	150902	n/a
73.69091796875	0.3	1.0	2	150919	n/a
73.69921875	0.3	0.0	1	150936	n/a
73.70751953125	0.3	1.0	2	150953	n/a
73.7158203125	0.3	0.0	1	150970	n/a
73.72412109375	0.3	1.0	2	150987	n/a
73.732421875	0.3	0.0	1	151004	n/a
73.74072265625	0.3	1.0	2	151021	n/a
73.7490234375	0.3	0.0	1	151038	n/a
73.7578125	0.3	0.0	1	151056	n/a
73.76611328125	0.3	1.0	2	151073	n/a
73.7744140625	0.3	1.0	2	151090	n/a
73.78271484375	0.3	0.0	1	151107	n/a
73.791015625	0.3	0.0	1	151124	n/a
73.79931640625	0.3	1.0	2	151141	n/a
73.8076171875	0.3	0.0	1	151158	n/a
73.81591796875	0.3	1.0	2	151175	n/a
73.82421875	0.3	0.0	1	151192	n/a
73.83251953125	0.3	1.0	2	151209	n/a
73.8408203125	0.3	0.0	1	151226	n/a
73.84912109375	0.3	1.0	2	151243	n/a
73.857421875	0.3	0.0	1	151260	n/a
73.86572265625	0.3	1.0	2	151277	n/a
73.8740234375	0.3	1.0	2	151294	n/a
73.8828125	0.3	0.0	1	151312	n/a
73.89111328125	0.3	1.0	2	151329	n/a
73.8994140625	0.3	0.0	1	151346	n/a
73.90771484375	0.3	0.0	1	151363	n/a
73.916015625	0.3	1.0	2	151380	n/a
73.92431640625	0.3	1.0	2	151397	n/a
73.9326171875	0.3	0.0	1	151414	n/a
73.94091796875	0.3	0.0	1	151431	n/a
73.94921875	0.3	1.0	2	151448	n/a
73.95751953125	0.3	0.0	1	151465	n/a
73.9658203125	0.3	1.0	2	151482	n/a
73.97412109375	0.3	1.0	2	151499	n/a
73.982421875	0.3	0.0	1	151516	n/a
73.99072265625	0.3	0.0	1	151533	n/a
73.9990234375	0.3	1.0	2	151550	n/a
74.0078125	0.3	1.0	2	151568	n/a
74.01611328125	0.3	0.0	1	151585	n/a
74.0244140625	0.3	1.0	2	151602	n/a
74.03271484375	0.3	0.0	1	151619	n/a
74.041015625	0.3	1.0	2	151636	n/a
74.04931640625	0.3	0.0	1	151653	n/a
74.0576171875	0.3	0.0	1	151670	n/a
74.06591796875	0.3	1.0	2	151687	n/a
74.07421875	0.3	1.0	2	151704	n/a
74.08251953125	0.3	0.0	1	151721	n/a
74.0908203125	0.3	1.0	2	151738	n/a
74.09912109375	0.3	0.0	1	151755	n/a
74.107421875	0.3	0.0	1	151772	n/a
74.11572265625	0.3	1.0	2	151789	n/a
74.1240234375	0.3	0.0	1	151806	n/a
74.1328125	0.3	1.0	2	151824	n/a
74.14111328125	0.3	0.0	1	151841	n/a
74.1494140625	0.3	1.0	2	151858	n/a
74.15771484375	0.3	1.0	2	151875	n/a
74.166015625	0.3	0.0	1	151892	n/a
74.17431640625	0.3	0.0	1	151909	n/a
74.1826171875	0.3	1.0	2	151926	n/a
74.19091796875	0.3	1.0	2	151943	n/a
74.19921875	0.3	0.0	1	151960	n/a
74.20751953125	0.3	1.0	2	151977	n/a
74.2158203125	0.3	0.0	1	151994	n/a
74.22412109375	0.3	0.0	1	152011	n/a
74.232421875	0.3	1.0	2	152028	n/a
74.24072265625	0.3	0.0	1	152045	n/a
74.2490234375	0.3	1.0	2	152062	n/a
74.2578125	0.3	1.0	2	152080	n/a
74.26611328125	0.3	0.0	1	152097	n/a
74.2744140625	0.3	1.0	2	152114	n/a
74.28271484375	0.3	0.0	1	152131	n/a
74.291015625	0.3	1.0	2	152148	n/a
74.29931640625	0.3	0.0	1	152165	n/a
74.3076171875	0.3	1.0	2	152182	n/a
74.31591796875	0.3	0.0	1	152199	n/a
74.32421875	0.3	1.0	2	152216	n/a
74.33251953125	0.3	0.0	1	152233	n/a
74.3408203125	0.3	0.0	1	152250	n/a
74.34912109375	0.3	1.0	2	152267	n/a
74.357421875	0.3	0.0	1	152284	n/a
74.36572265625	0.3	1.0	2	152301	n/a
74.3740234375	0.3	0.0	1	152318	n/a
74.3828125	0.3	1.0	2	152336	n/a
74.39111328125	0.3	1.0	2	152353	n/a
74.3994140625	0.3	0.0	1	152370	n/a
74.40771484375	0.3	0.0	1	152387	n/a
74.416015625	0.3	1.0	2	152404	n/a
74.42431640625	0.3	1.0	2	152421	n/a
74.4326171875	0.3	0.0	1	152438	n/a
74.44091796875	0.3	1.0	2	152455	n/a
74.44921875	0.3	0.0	1	152472	n/a
74.45751953125	0.3	1.0	2	152489	n/a
74.4658203125	0.3	0.0	1	152506	n/a
74.47412109375	0.3	0.0	1	152523	n/a
74.482421875	0.3	1.0	2	152540	n/a
74.49072265625	0.3	1.0	2	152557	n/a
74.4990234375	0.3	0.0	1	152574	n/a
74.5078125	0.3	0.0	1	152592	n/a
74.51611328125	0.3	1.0	2	152609	n/a
74.5244140625	0.3	1.0	2	152626	n/a
74.53271484375	0.3	0.0	1	152643	n/a
74.541015625	0.3	0.0	1	152660	n/a
74.54931640625	0.3	1.0	2	152677	n/a
74.5576171875	0.3	0.0	1	152694	n/a
74.56591796875	0.3	1.0	2	152711	n/a
74.57421875	0.3	0.0	1	152728	n/a
74.58251953125	0.3	1.0	2	152745	n/a
74.5908203125	0.3	0.0	1	152762	n/a
74.59912109375	0.3	1.0	2	152779	n/a
74.607421875	0.3	0.0	1	152796	n/a
74.61572265625	0.3	1.0	2	152813	n/a
74.6240234375	0.3	1.0	2	152830	n/a
74.6328125	0.3	0.0	1	152848	n/a
74.64111328125	0.3	0.0	1	152865	n/a
74.6494140625	0.3	1.0	2	152882	n/a
74.65771484375	0.3	0.0	1	152899	n/a
74.666015625	0.3	1.0	2	152916	n/a
74.67431640625	0.3	1.0	2	152933	n/a
74.6826171875	0.3	0.0	1	152950	n/a
74.69091796875	0.3	1.0	2	152967	n/a
74.69921875	0.3	0.0	1	152984	n/a
74.70751953125	0.3	0.0	1	153001	n/a
74.7158203125	0.3	1.0	2	153018	n/a
74.72412109375	0.3	0.0	1	153035	n/a
74.732421875	0.3	1.0	2	153052	n/a
74.74072265625	0.3	1.0	2	153069	n/a
74.7490234375	0.3	0.0	1	153086	n/a
74.7578125	0.3	1.0	2	153104	n/a
74.76611328125	0.3	0.0	1	153121	n/a
74.7744140625	0.3	1.0	2	153138	n/a
74.78271484375	0.3	0.0	1	153155	n/a
74.791015625	0.3	1.0	2	153172	n/a
74.79931640625	0.3	0.0	1	153189	n/a
74.8076171875	0.3	0.0	1	153206	n/a
74.81591796875	0.3	1.0	2	153223	n/a
74.82421875	0.3	1.0	2	153240	n/a
74.83251953125	0.3	0.0	1	153257	n/a
74.8408203125	0.3	0.0	1	153274	n/a
74.84912109375	0.3	1.0	2	153291	n/a
74.857421875	0.3	0.0	1	153308	n/a
74.86572265625	0.3	1.0	2	153325	n/a
74.8740234375	0.3	0.0	1	153342	n/a
74.8828125	0.3	1.0	2	153360	n/a
77.30029296875	0.3	0.0	1	158311	14.0
77.30859375	0.3	1.0	2	158328	n/a
77.31689453125	0.3	0.0	1	158345	n/a
77.3251953125	0.3	1.0	2	158362	n/a
77.33349609375	0.3	1.0	2	158379	n/a
77.341796875	0.3	0.0	1	158396	n/a
77.35009765625	0.3	1.0	2	158413	n/a
77.3583984375	0.3	0.0	1	158430	n/a
77.3671875	0.3	0.0	1	158448	n/a
77.37548828125	0.3	1.0	2	158465	n/a
77.3837890625	0.3	0.0	1	158482	n/a
77.39208984375	0.3	1.0	2	158499	n/a
77.400390625	0.3	0.0	1	158516	n/a
77.40869140625	0.3	1.0	2	158533	n/a
77.4169921875	0.3	1.0	2	158550	n/a
77.42529296875	0.3	0.0	1	158567	n/a
77.43359375	0.3	0.0	1	158584	n/a
77.44189453125	0.3	1.0	2	158601	n/a
77.4501953125	0.3	1.0	2	158618	n/a
77.45849609375	0.3	0.0	1	158635	n/a
77.466796875	0.3	0.0	1	158652	n/a
77.47509765625	0.3	1.0	2	158669	n/a
77.4833984375	0.3	0.0	1	158686	n/a
77.4921875	0.3	1.0	2	158704	n/a
77.50048828125	0.3	0.0	1	158721	n/a
77.5087890625	0.3	1.0	2	158738	n/a
77.51708984375	0.3	0.0	1	158755	n/a
77.525390625	0.3	1.0	2	158772	n/a
77.53369140625	0.3	1.0	2	158789	n/a
77.5419921875	0.3	0.0	1	158806	n/a
77.55029296875	0.3	0.0	1	158823	n/a
77.55859375	0.3	1.0	2	158840	n/a
77.56689453125	0.3	0.0	1	158857	n/a
77.5751953125	0.3	1.0	2	158874	n/a
77.58349609375	0.3	1.0	2	158891	n/a
77.591796875	0.3	0.0	1	158908	n/a
77.60009765625	0.3	0.0	1	158925	n/a
77.6083984375	0.3	1.0	2	158942	n/a
77.6171875	0.3	0.0	1	158960	n/a
77.62548828125	0.3	1.0	2	158977	n/a
77.6337890625	0.3	0.0	1	158994	n/a
77.64208984375	0.3	1.0	2	159011	n/a
77.650390625	0.3	1.0	2	159028	n/a
77.65869140625	0.3	0.0	1	159045	n/a
77.6669921875	0.3	1.0	2	159062	n/a
77.67529296875	0.3	0.0	1	159079	n/a
77.68359375	0.3	1.0	2	159096	n/a
77.69189453125	0.3	0.0	1	159113	n/a
77.7001953125	0.3	1.0	2	159130	n/a
77.70849609375	0.3	0.0	1	159147	n/a
77.716796875	0.3	1.0	2	159164	n/a
77.72509765625	0.3	0.0	1	159181	n/a
77.7333984375	0.3	1.0	2	159198	n/a
77.7421875	0.3	0.0	1	159216	n/a
77.75048828125	0.3	0.0	1	159233	n/a
77.7587890625	0.3	1.0	2	159250	n/a
77.76708984375	0.3	0.0	1	159267	n/a
77.775390625	0.3	1.0	2	159284	n/a
77.78369140625	0.3	0.0	1	159301	n/a
77.7919921875	0.3	1.0	2	159318	n/a
77.80029296875	0.3	1.0	2	159335	n/a
77.80859375	0.3	0.0	1	159352	n/a
77.81689453125	0.3	0.0	1	159369	n/a
77.8251953125	0.3	1.0	2	159386	n/a
77.83349609375	0.3	1.0	2	159403	n/a
77.841796875	0.3	0.0	1	159420	n/a
77.85009765625	0.3	0.0	1	159437	n/a
77.8583984375	0.3	1.0	2	159454	n/a
77.8671875	0.3	1.0	2	159472	n/a
77.87548828125	0.3	0.0	1	159489	n/a
77.8837890625	0.3	1.0	2	159506	n/a
77.89208984375	0.3	0.0	1	159523	n/a
77.900390625	0.3	0.0	1	159540	n/a
77.90869140625	0.3	1.0	2	159557	n/a
77.9169921875	0.3	1.0	2	159574	n/a
77.92529296875	0.3	0.0	1	159591	n/a
77.93359375	0.3	1.0	2	159608	n/a
77.94189453125	0.3	0.0	1	159625	n/a
77.9501953125	0.3	0.0	1	159642	n/a
77.95849609375	0.3	1.0	2	159659	n/a
77.966796875	0.3	0.0	1	159676	n/a
77.97509765625	0.3	1.0	2	159693	n/a
77.9833984375	0.3	0.0	1	159710	n/a
77.9921875	0.3	1.0	2	159728	n/a
78.00048828125	0.3	0.0	1	159745	n/a
78.0087890625	0.3	1.0	2	159762	n/a
78.01708984375	0.3	0.0	1	159779	n/a
78.025390625	0.3	1.0	2	159796	n/a
78.03369140625	0.3	1.0	2	159813	n/a
78.0419921875	0.3	0.0	1	159830	n/a
78.05029296875	0.3	1.0	2	159847	n/a
78.05859375	0.3	0.0	1	159864	n/a
78.06689453125	0.3	0.0	1	159881	n/a
78.0751953125	0.3	1.0	2	159898	n/a
78.08349609375	0.3	0.0	1	159915	n/a
78.091796875	0.3	1.0	2	159932	n/a
78.10009765625	0.3	1.0	2	159949	n/a
78.1083984375	0.3	0.0	1	159966	n/a
78.1171875	0.3	0.0	1	159984	n/a
78.12548828125	0.3	1.0	2	160001	n/a
78.1337890625	0.3	1.0	2	160018	n/a
78.14208984375	0.3	0.0	1	160035	n/a
78.150390625	0.3	1.0	2	160052	n/a
78.15869140625	0.3	0.0	1	160069	n/a
78.1669921875	0.3	1.0	2	160086	n/a
78.17529296875	0.3	0.0	1	160103	n/a
78.18359375	0.3	0.0	1	160120	n/a
78.19189453125	0.3	1.0	2	160137	n/a
78.2001953125	0.3	1.0	2	160154	n/a
78.20849609375	0.3	0.0	1	160171	n/a
78.216796875	0.3	0.0	1	160188	n/a
78.22509765625	0.3	1.0	2	160205	n/a
78.2333984375	0.3	1.0	2	160222	n/a
78.2421875	0.3	0.0	1	160240	n/a
78.25048828125	0.3	1.0	2	160257	n/a
78.2587890625	0.3	0.0	1	160274	n/a
78.26708984375	0.3	0.0	1	160291	n/a
78.275390625	0.3	1.0	2	160308	n/a
78.28369140625	0.3	1.0	2	160325	n/a
78.2919921875	0.3	0.0	1	160342	n/a
78.30029296875	0.3	1.0	2	160359	n/a
78.30859375	0.3	0.0	1	160376	n/a
78.31689453125	0.3	1.0	2	160393	n/a
78.3251953125	0.3	0.0	1	160410	n/a
78.33349609375	0.3	1.0	2	160427	n/a
78.341796875	0.3	0.0	1	160444	n/a
78.35009765625	0.3	0.0	1	160461	n/a
78.3583984375	0.3	1.0	2	160478	n/a
78.3671875	0.3	0.0	1	160496	n/a
78.37548828125	0.3	1.0	2	160513	n/a
78.3837890625	0.3	1.0	2	160530	n/a
78.39208984375	0.3	0.0	1	160547	n/a
78.400390625	0.3	1.0	2	160564	n/a
78.40869140625	0.3	0.0	1	160581	n/a
78.4169921875	0.3	0.0	1	160598	n/a
78.42529296875	0.3	1.0	2	160615	n/a
78.43359375	0.3	0.0	1	160632	n/a
78.44189453125	0.3	1.0	2	160649	n/a
78.4501953125	0.3	0.0	1	160666	n/a
78.45849609375	0.3	1.0	2	160683	n/a
78.466796875	0.3	1.0	2	160700	n/a
78.47509765625	0.3	0.0	1	160717	n/a
78.4833984375	0.3	0.0	1	160734	n/a
78.4921875	0.3	1.0	2	160752	n/a
78.50048828125	0.3	1.0	2	160769	n/a
78.5087890625	0.3	0.0	1	160786	n/a
78.51708984375	0.3	0.0	1	160803	n/a
78.525390625	0.3	1.0	2	160820	n/a
78.53369140625	0.3	0.0	1	160837	n/a
78.5419921875	0.3	1.0	2	160854	n/a
78.55029296875	0.3	0.0	1	160871	n/a
78.55859375	0.3	1.0	2	160888	n/a
78.56689453125	0.3	0.0	1	160905	n/a
78.5751953125	0.3	1.0	2	160922	n/a
78.58349609375	0.3	1.0	2	160939	n/a
78.591796875	0.3	0.0	1	160956	n/a
78.60009765625	0.3	0.0	1	160973	n/a
78.6083984375	0.3	1.0	2	160990	n/a
78.6171875	0.3	0.0	1	161008	n/a
78.62548828125	0.3	1.0	2	161025	n/a
78.6337890625	0.3	1.0	2	161042	n/a
78.64208984375	0.3	0.0	1	161059	n/a
78.650390625	0.3	0.0	1	161076	n/a
78.65869140625	0.3	1.0	2	161093	n/a
78.6669921875	0.3	0.0	1	161110	n/a
78.67529296875	0.3	1.0	2	161127	n/a
78.68359375	0.3	0.0	1	161144	n/a
78.69189453125	0.3	1.0	2	161161	n/a
78.7001953125	0.3	1.0	2	161178	n/a
78.70849609375	0.3	0.0	1	161195	n/a
78.716796875	0.3	1.0	2	161212	n/a
78.72509765625	0.3	0.0	1	161229	n/a
78.7333984375	0.3	1.0	2	161246	n/a
78.7421875	0.3	0.0	1	161264	n/a
78.75048828125	0.3	1.0	2	161281	n/a
78.7587890625	0.3	0.0	1	161298	n/a
78.76708984375	0.3	1.0	2	161315	n/a
78.775390625	0.3	0.0	1	161332	n/a
78.78369140625	0.3	1.0	2	161349	n/a
78.7919921875	0.3	0.0	1	161366	n/a
78.80029296875	0.3	0.0	1	161383	n/a
78.80859375	0.3	1.0	2	161400	n/a
78.81689453125	0.3	0.0	1	161417	n/a
78.8251953125	0.3	1.0	2	161434	n/a
78.83349609375	0.3	0.0	1	161451	n/a
78.841796875	0.3	1.0	2	161468	n/a
78.85009765625	0.3	1.0	2	161485	n/a
78.8583984375	0.3	0.0	1	161502	n/a
78.8671875	0.3	0.0	1	161520	n/a
78.87548828125	0.3	1.0	2	161537	n/a
78.8837890625	0.3	1.0	2	161554	n/a
78.89208984375	0.3	0.0	1	161571	n/a
78.900390625	0.3	0.0	1	161588	n/a
78.90869140625	0.3	1.0	2	161605	n/a
78.9169921875	0.3	1.0	2	161622	n/a
78.92529296875	0.3	0.0	1	161639	n/a
78.93359375	0.3	1.0	2	161656	n/a
78.94189453125	0.3	0.0	1	161673	n/a
78.9501953125	0.3	0.0	1	161690	n/a
78.95849609375	0.3	1.0	2	161707	n/a
78.966796875	0.3	1.0	2	161724	n/a
78.97509765625	0.3	0.0	1	161741	n/a
78.9833984375	0.3	1.0	2	161758	n/a
78.9921875	0.3	0.0	1	161776	n/a
79.00048828125	0.3	0.0	1	161793	n/a
79.0087890625	0.3	1.0	2	161810	n/a
79.01708984375	0.3	0.0	1	161827	n/a
79.025390625	0.3	1.0	2	161844	n/a
79.03369140625	0.3	0.0	1	161861	n/a
79.0419921875	0.3	1.0	2	161878	n/a
79.05029296875	0.3	0.0	1	161895	n/a
79.05859375	0.3	1.0	2	161912	n/a
79.06689453125	0.3	0.0	1	161929	n/a
79.0751953125	0.3	1.0	2	161946	n/a
79.08349609375	0.3	1.0	2	161963	n/a
79.091796875	0.3	0.0	1	161980	n/a
79.10009765625	0.3	1.0	2	161997	n/a
79.1083984375	0.3	0.0	1	162014	n/a
79.1171875	0.3	0.0	1	162032	n/a
79.12548828125	0.3	1.0	2	162049	n/a
79.1337890625	0.3	0.0	1	162066	n/a
79.14208984375	0.3	1.0	2	162083	n/a
79.150390625	0.3	1.0	2	162100	n/a
79.15869140625	0.3	0.0	1	162117	n/a
79.1669921875	0.3	0.0	1	162134	n/a
79.17529296875	0.3	1.0	2	162151	n/a
79.18359375	0.3	1.0	2	162168	n/a
79.19189453125	0.3	0.0	1	162185	n/a
79.2001953125	0.3	1.0	2	162202	n/a
79.20849609375	0.3	0.0	1	162219	n/a
79.216796875	0.3	1.0	2	162236	n/a
79.22509765625	0.3	0.0	1	162253	n/a
79.2333984375	0.3	0.0	1	162270	n/a
79.2421875	0.3	1.0	2	162288	n/a
79.25048828125	0.3	1.0	2	162305	n/a
79.2587890625	0.3	0.0	1	162322	n/a
79.26708984375	0.3	0.0	1	162339	n/a
79.275390625	0.3	1.0	2	162356	n/a
79.28369140625	0.3	1.0	2	162373	n/a
79.2919921875	0.3	0.0	1	162390	n/a
79.30029296875	0.3	1.0	2	162407	n/a
79.30859375	0.3	0.0	1	162424	n/a
79.31689453125	0.3	0.0	1	162441	n/a
79.3251953125	0.3	1.0	2	162458	n/a
79.33349609375	0.3	1.0	2	162475	n/a
79.341796875	0.3	0.0	1	162492	n/a
79.35009765625	0.3	1.0	2	162509	n/a
79.3583984375	0.3	0.0	1	162526	n/a
79.3671875	0.3	1.0	2	162544	n/a
79.37548828125	0.3	0.0	1	162561	n/a
79.3837890625	0.3	1.0	2	162578	n/a
79.39208984375	0.3	0.0	1	162595	n/a
79.400390625	0.3	0.0	1	162612	n/a
79.40869140625	0.3	1.0	2	162629	n/a
79.4169921875	0.3	0.0	1	162646	n/a
79.42529296875	0.3	1.0	2	162663	n/a
79.43359375	0.3	1.0	2	162680	n/a
79.44189453125	0.3	0.0	1	162697	n/a
79.4501953125	0.3	1.0	2	162714	n/a
79.45849609375	0.3	0.0	1	162731	n/a
79.466796875	0.3	0.0	1	162748	n/a
79.47509765625	0.3	1.0	2	162765	n/a
79.4833984375	0.3	0.0	1	162782	n/a
79.4921875	0.3	1.0	2	162800	n/a
79.50048828125	0.3	0.0	1	162817	n/a
79.5087890625	0.3	1.0	2	162834	n/a
79.51708984375	0.3	1.0	2	162851	n/a
79.525390625	0.3	0.0	1	162868	n/a
79.53369140625	0.3	0.0	1	162885	n/a
79.5419921875	0.3	1.0	2	162902	n/a
79.55029296875	0.3	1.0	2	162919	n/a
79.55859375	0.3	0.0	1	162936	n/a
79.56689453125	0.3	0.0	1	162953	n/a
79.5751953125	0.3	1.0	2	162970	n/a
79.58349609375	0.3	0.0	1	162987	n/a
79.591796875	0.3	1.0	2	163004	n/a
79.60009765625	0.3	0.0	1	163021	n/a
79.6083984375	0.3	1.0	2	163038	n/a
79.6171875	0.3	0.0	1	163056	n/a
79.62548828125	0.3	1.0	2	163073	n/a
79.6337890625	0.3	1.0	2	163090	n/a
79.64208984375	0.3	0.0	1	163107	n/a
79.650390625	0.3	0.0	1	163124	n/a
79.65869140625	0.3	1.0	2	163141	n/a
79.6669921875	0.3	0.0	1	163158	n/a
79.67529296875	0.3	1.0	2	163175	n/a
79.68359375	0.3	1.0	2	163192	n/a
79.69189453125	0.3	0.0	1	163209	n/a
79.7001953125	0.3	0.0	1	163226	n/a
79.70849609375	0.3	1.0	2	163243	n/a
79.716796875	0.3	0.0	1	163260	n/a
79.72509765625	0.3	1.0	2	163277	n/a
79.7333984375	0.3	0.0	1	163294	n/a
79.7421875	0.3	1.0	2	163312	n/a
79.75048828125	0.3	1.0	2	163329	n/a
79.7587890625	0.3	0.0	1	163346	n/a
79.76708984375	0.3	1.0	2	163363	n/a
79.775390625	0.3	0.0	1	163380	n/a
79.78369140625	0.3	1.0	2	163397	n/a
79.7919921875	0.3	0.0	1	163414	n/a
79.80029296875	0.3	1.0	2	163431	n/a
79.80859375	0.3	0.0	1	163448	n/a
79.81689453125	0.3	1.0	2	163465	n/a
79.8251953125	0.3	0.0	1	163482	n/a
79.83349609375	0.3	1.0	2	163499	n/a
79.841796875	0.3	0.0	1	163516	n/a
79.85009765625	0.3	0.0	1	163533	n/a
79.8583984375	0.3	1.0	2	163550	n/a
79.8671875	0.3	0.0	1	163568	n/a
79.87548828125	0.3	1.0	2	163585	n/a
79.8837890625	0.3	0.0	1	163602	n/a
79.89208984375	0.3	1.0	2	163619	n/a
79.900390625	0.3	1.0	2	163636	n/a
79.90869140625	0.3	0.0	1	163653	n/a
79.9169921875	0.3	0.0	1	163670	n/a
79.92529296875	0.3	1.0	2	163687	n/a
79.93359375	0.3	1.0	2	163704	n/a
79.94189453125	0.3	0.0	1	163721	n/a
79.9501953125	0.3	0.0	1	163738	n/a
79.95849609375	0.3	1.0	2	163755	n/a
79.966796875	0.3	1.0	2	163772	n/a
79.97509765625	0.3	0.0	1	163789	n/a
79.9833984375	0.3	1.0	2	163806	n/a
79.9921875	0.3	0.0	1	163824	n/a
80.00048828125	0.3	0.0	1	163841	n/a
80.0087890625	0.3	1.0	2	163858	n/a
80.01708984375	0.3	1.0	2	163875	n/a
80.025390625	0.3	0.0	1	163892	n/a
80.03369140625	0.3	1.0	2	163909	n/a
80.0419921875	0.3	0.0	1	163926	n/a
80.05029296875	0.3	0.0	1	163943	n/a
80.05859375	0.3	1.0	2	163960	n/a
80.06689453125	0.3	0.0	1	163977	n/a
80.0751953125	0.3	1.0	2	163994	n/a
80.08349609375	0.3	0.0	1	164011	n/a
80.091796875	0.3	1.0	2	164028	n/a
80.10009765625	0.3	0.0	1	164045	n/a
80.1083984375	0.3	1.0	2	164062	n/a
80.1171875	0.3	0.0	1	164080	n/a
80.12548828125	0.3	1.0	2	164097	n/a
80.1337890625	0.3	1.0	2	164114	n/a
80.14208984375	0.3	0.0	1	164131	n/a
80.150390625	0.3	1.0	2	164148	n/a
80.15869140625	0.3	0.0	1	164165	n/a
80.1669921875	0.3	0.0	1	164182	n/a
80.17529296875	0.3	1.0	2	164199	n/a
80.18359375	0.3	0.0	1	164216	n/a
80.19189453125	0.3	1.0	2	164233	n/a
80.2001953125	0.3	1.0	2	164250	n/a
80.20849609375	0.3	0.0	1	164267	n/a
80.216796875	0.3	0.0	1	164284	n/a
80.22509765625	0.3	1.0	2	164301	n/a
80.2333984375	0.3	1.0	2	164318	n/a
80.2421875	0.3	0.0	1	164336	n/a
80.25048828125	0.3	1.0	2	164353	n/a
80.2587890625	0.3	0.0	1	164370	n/a
80.26708984375	0.3	1.0	2	164387	n/a
80.275390625	0.3	0.0	1	164404	n/a
80.28369140625	0.3	0.0	1	164421	n/a
80.2919921875	0.3	1.0	2	164438	n/a
80.30029296875	0.3	1.0	2	164455	n/a
80.30859375	0.3	0.0	1	164472	n/a
80.31689453125	0.3	0.0	1	164489	n/a
80.3251953125	0.3	1.0	2	164506	n/a
80.33349609375	0.3	1.0	2	164523	n/a
80.341796875	0.3	0.0	1	164540	n/a
80.35009765625	0.3	1.0	2	164557	n/a
80.3583984375	0.3	0.0	1	164574	n/a
80.3671875	0.3	0.0	1	164592	n/a
80.37548828125	0.3	1.0	2	164609	n/a
80.3837890625	0.3	1.0	2	164626	n/a
80.39208984375	0.3	0.0	1	164643	n/a
80.400390625	0.3	1.0	2	164660	n/a
80.40869140625	0.3	0.0	1	164677	n/a
80.4169921875	0.3	1.0	2	164694	n/a
80.42529296875	0.3	0.0	1	164711	n/a
80.43359375	0.3	1.0	2	164728	n/a
80.44189453125	0.3	0.0	1	164745	n/a
80.4501953125	0.3	0.0	1	164762	n/a
80.45849609375	0.3	1.0	2	164779	n/a
80.466796875	0.3	0.0	1	164796	n/a
80.47509765625	0.3	1.0	2	164813	n/a
80.4833984375	0.3	1.0	2	164830	n/a
80.4921875	0.3	0.0	1	164848	n/a
80.50048828125	0.3	1.0	2	164865	n/a
80.5087890625	0.3	0.0	1	164882	n/a
80.51708984375	0.3	0.0	1	164899	n/a
80.525390625	0.3	1.0	2	164916	n/a
80.53369140625	0.3	0.0	1	164933	n/a
80.5419921875	0.3	1.0	2	164950	n/a
80.55029296875	0.3	0.0	1	164967	n/a
80.55859375	0.3	1.0	2	164984	n/a
80.56689453125	0.3	1.0	2	165001	n/a
80.5751953125	0.3	0.0	1	165018	n/a
80.58349609375	0.3	0.0	1	165035	n/a
80.591796875	0.3	1.0	2	165052	n/a
80.60009765625	0.3	1.0	2	165069	n/a
80.6083984375	0.3	0.0	1	165086	n/a
80.6171875	0.3	0.0	1	165104	n/a
80.62548828125	0.3	1.0	2	165121	n/a
80.6337890625	0.3	0.0	1	165138	n/a
80.64208984375	0.3	1.0	2	165155	n/a
80.650390625	0.3	0.0	1	165172	n/a
80.65869140625	0.3	1.0	2	165189	n/a
80.6669921875	0.3	0.0	1	165206	n/a
80.67529296875	0.3	1.0	2	165223	n/a
80.68359375	0.3	1.0	2	165240	n/a
80.69189453125	0.3	0.0	1	165257	n/a
80.7001953125	0.3	0.0	1	165274	n/a
80.70849609375	0.3	1.0	2	165291	n/a
80.716796875	0.3	0.0	1	165308	n/a
80.72509765625	0.3	1.0	2	165325	n/a
80.7333984375	0.3	1.0	2	165342	n/a
80.7421875	0.3	0.0	1	165360	n/a
80.75048828125	0.3	0.0	1	165377	n/a
80.7587890625	0.3	1.0	2	165394	n/a
80.76708984375	0.3	0.0	1	165411	n/a
80.775390625	0.3	1.0	2	165428	n/a
80.78369140625	0.3	0.0	1	165445	n/a
80.7919921875	0.3	1.0	2	165462	n/a
80.80029296875	0.3	1.0	2	165479	n/a
80.80859375	0.3	0.0	1	165496	n/a
80.81689453125	0.3	1.0	2	165513	n/a
80.8251953125	0.3	0.0	1	165530	n/a
80.83349609375	0.3	1.0	2	165547	n/a
80.841796875	0.3	0.0	1	165564	n/a
80.85009765625	0.3	1.0	2	165581	n/a
80.8583984375	0.3	0.0	1	165598	n/a
80.8671875	0.3	1.0	2	165616	n/a
80.87548828125	0.3	0.0	1	165633	n/a
80.8837890625	0.3	1.0	2	165650	n/a
80.89208984375	0.3	0.0	1	165667	n/a
80.900390625	0.3	0.0	1	165684	n/a
80.90869140625	0.3	1.0	2	165701	n/a
80.9169921875	0.3	0.0	1	165718	n/a
80.92529296875	0.3	1.0	2	165735	n/a
80.93359375	0.3	0.0	1	165752	n/a
80.94189453125	0.3	1.0	2	165769	n/a
80.9501953125	0.3	1.0	2	165786	n/a
80.95849609375	0.3	0.0	1	165803	n/a
80.966796875	0.3	0.0	1	165820	n/a
80.97509765625	0.3	1.0	2	165837	n/a
80.9833984375	0.3	1.0	2	165854	n/a
80.9921875	0.3	0.0	1	165872	n/a
81.00048828125	0.3	0.0	1	165889	n/a
81.0087890625	0.3	1.0	2	165906	n/a
81.01708984375	0.3	1.0	2	165923	n/a
81.025390625	0.3	0.0	1	165940	n/a
81.03369140625	0.3	1.0	2	165957	n/a
81.0419921875	0.3	0.0	1	165974	n/a
81.05029296875	0.3	0.0	1	165991	n/a
81.05859375	0.3	1.0	2	166008	n/a
81.06689453125	0.3	1.0	2	166025	n/a
81.0751953125	0.3	0.0	1	166042	n/a
81.08349609375	0.3	1.0	2	166059	n/a
81.091796875	0.3	0.0	1	166076	n/a
81.10009765625	0.3	0.0	1	166093	n/a
81.1083984375	0.3	1.0	2	166110	n/a
81.1171875	0.3	0.0	1	166128	n/a
81.12548828125	0.3	1.0	2	166145	n/a
81.1337890625	0.3	0.0	1	166162	n/a
81.14208984375	0.3	1.0	2	166179	n/a
81.150390625	0.3	0.0	1	166196	n/a
81.15869140625	0.3	1.0	2	166213	n/a
81.1669921875	0.3	0.0	1	166230	n/a
81.17529296875	0.3	1.0	2	166247	n/a
81.18359375	0.3	1.0	2	166264	n/a
81.19189453125	0.3	0.0	1	166281	n/a
81.2001953125	0.3	1.0	2	166298	n/a
81.20849609375	0.3	0.0	1	166315	n/a
81.216796875	0.3	0.0	1	166332	n/a
81.22509765625	0.3	1.0	2	166349	n/a
81.2333984375	0.3	0.0	1	166366	n/a
81.2421875	0.3	1.0	2	166384	n/a
81.25048828125	0.3	1.0	2	166401	n/a
81.2587890625	0.3	0.0	1	166418	n/a
81.26708984375	0.3	0.0	1	166435	n/a
81.275390625	0.3	1.0	2	166452	n/a
81.28369140625	0.3	1.0	2	166469	n/a
81.2919921875	0.3	0.0	1	166486	n/a
81.30029296875	0.3	1.0	2	166503	n/a
81.30859375	0.3	0.0	1	166520	n/a
81.31689453125	0.3	1.0	2	166537	n/a
81.3251953125	0.3	0.0	1	166554	n/a
81.33349609375	0.3	0.0	1	166571	n/a
81.341796875	0.3	1.0	2	166588	n/a
81.35009765625	0.3	1.0	2	166605	n/a
81.3583984375	0.3	0.0	1	166622	n/a
81.3671875	0.3	0.0	1	166640	n/a
81.37548828125	0.3	1.0	2	166657	n/a
81.3837890625	0.3	1.0	2	166674	n/a
81.39208984375	0.3	0.0	1	166691	n/a
81.400390625	0.3	1.0	2	166708	n/a
81.40869140625	0.3	0.0	1	166725	n/a
81.4169921875	0.3	0.0	1	166742	n/a
81.42529296875	0.3	1.0	2	166759	n/a
81.43359375	0.3	1.0	2	166776	n/a
81.44189453125	0.3	0.0	1	166793	n/a
81.4501953125	0.3	1.0	2	166810	n/a
81.45849609375	0.3	0.0	1	166827	n/a
81.466796875	0.3	1.0	2	166844	n/a
81.47509765625	0.3	0.0	1	166861	n/a
81.4833984375	0.3	1.0	2	166878	n/a
81.4921875	0.3	0.0	1	166896	n/a
83.88427734375	0.3	1.0	2	171795	13.0
83.892578125	0.3	0.0	1	171812	n/a
83.90087890625	0.3	0.0	1	171829	n/a
83.9091796875	0.3	1.0	2	171846	n/a
83.91748046875	0.3	1.0	2	171863	n/a
83.92578125	0.3	0.0	1	171880	n/a
83.93408203125	0.3	0.0	1	171897	n/a
83.9423828125	0.3	1.0	2	171914	n/a
83.951171875	0.3	1.0	2	171932	n/a
83.95947265625	0.3	0.0	1	171949	n/a
83.9677734375	0.3	1.0	2	171966	n/a
83.97607421875	0.3	0.0	1	171983	n/a
83.984375	0.3	1.0	2	172000	n/a
83.99267578125	0.3	0.0	1	172017	n/a
84.0009765625	0.3	1.0	2	172034	n/a
84.00927734375	0.3	0.0	1	172051	n/a
84.017578125	0.3	1.0	2	172068	n/a
84.02587890625	0.3	0.0	1	172085	n/a
84.0341796875	0.3	0.0	1	172102	n/a
84.04248046875	0.3	1.0	2	172119	n/a
84.05078125	0.3	1.0	2	172136	n/a
84.05908203125	0.3	0.0	1	172153	n/a
84.0673828125	0.3	0.0	1	172170	n/a
84.076171875	0.3	1.0	2	172188	n/a
84.08447265625	0.3	1.0	2	172205	n/a
84.0927734375	0.3	0.0	1	172222	n/a
84.10107421875	0.3	0.0	1	172239	n/a
84.109375	0.3	1.0	2	172256	n/a
84.11767578125	0.3	0.0	1	172273	n/a
84.1259765625	0.3	1.0	2	172290	n/a
84.13427734375	0.3	1.0	2	172307	n/a
84.142578125	0.3	0.0	1	172324	n/a
84.15087890625	0.3	0.0	1	172341	n/a
84.1591796875	0.3	1.0	2	172358	n/a
84.16748046875	0.3	0.0	1	172375	n/a
84.17578125	0.3	1.0	2	172392	n/a
84.18408203125	0.3	0.0	1	172409	n/a
84.1923828125	0.3	1.0	2	172426	n/a
84.201171875	0.3	0.0	1	172444	n/a
84.20947265625	0.3	1.0	2	172461	n/a
84.2177734375	0.3	1.0	2	172478	n/a
84.22607421875	0.3	0.0	1	172495	n/a
84.234375	0.3	0.0	1	172512	n/a
84.24267578125	0.3	1.0	2	172529	n/a
84.2509765625	0.3	1.0	2	172546	n/a
84.25927734375	0.3	0.0	1	172563	n/a
84.267578125	0.3	0.0	1	172580	n/a
84.27587890625	0.3	1.0	2	172597	n/a
84.2841796875	0.3	0.0	1	172614	n/a
84.29248046875	0.3	1.0	2	172631	n/a
84.30078125	0.3	1.0	2	172648	n/a
84.30908203125	0.3	0.0	1	172665	n/a
84.3173828125	0.3	1.0	2	172682	n/a
84.326171875	0.3	0.0	1	172700	n/a
84.33447265625	0.3	0.0	1	172717	n/a
84.3427734375	0.3	1.0	2	172734	n/a
84.35107421875	0.3	1.0	2	172751	n/a
84.359375	0.3	0.0	1	172768	n/a
84.36767578125	0.3	0.0	1	172785	n/a
84.3759765625	0.3	1.0	2	172802	n/a
84.38427734375	0.3	1.0	2	172819	n/a
84.392578125	0.3	0.0	1	172836	n/a
84.40087890625	0.3	1.0	2	172853	n/a
84.4091796875	0.3	0.0	1	172870	n/a
84.41748046875	0.3	1.0	2	172887	n/a
84.42578125	0.3	0.0	1	172904	n/a
84.43408203125	0.3	0.0	1	172921	n/a
84.4423828125	0.3	1.0	2	172938	n/a
84.451171875	0.3	1.0	2	172956	n/a
84.45947265625	0.3	0.0	1	172973	n/a
84.4677734375	0.3	1.0	2	172990	n/a
84.47607421875	0.3	0.0	1	173007	n/a
84.484375	0.3	1.0	2	173024	n/a
84.49267578125	0.3	0.0	1	173041	n/a
84.5009765625	0.3	0.0	1	173058	n/a
84.50927734375	0.3	1.0	2	173075	n/a
84.517578125	0.3	0.0	1	173092	n/a
84.52587890625	0.3	1.0	2	173109	n/a
84.5341796875	0.3	0.0	1	173126	n/a
84.54248046875	0.3	1.0	2	173143	n/a
84.55078125	0.3	0.0	1	173160	n/a
84.55908203125	0.3	1.0	2	173177	n/a
84.5673828125	0.3	0.0	1	173194	n/a
84.576171875	0.3	1.0	2	173212	n/a
84.58447265625	0.3	0.0	1	173229	n/a
84.5927734375	0.3	1.0	2	173246	n/a
84.60107421875	0.3	0.0	1	173263	n/a
84.609375	0.3	1.0	2	173280	n/a
84.61767578125	0.3	0.0	1	173297	n/a
84.6259765625	0.3	1.0	2	173314	n/a
84.63427734375	0.3	1.0	2	173331	n/a
84.642578125	0.3	0.0	1	173348	n/a
84.65087890625	0.3	1.0	2	173365	n/a
84.6591796875	0.3	0.0	1	173382	n/a
84.66748046875	0.3	1.0	2	173399	n/a
84.67578125	0.3	0.0	1	173416	n/a
84.68408203125	0.3	0.0	1	173433	n/a
84.6923828125	0.3	1.0	2	173450	n/a
84.701171875	0.3	1.0	2	173468	n/a
84.70947265625	0.3	0.0	1	173485	n/a
84.7177734375	0.3	0.0	1	173502	n/a
84.72607421875	0.3	1.0	2	173519	n/a
84.734375	0.3	0.0	1	173536	n/a
84.74267578125	0.3	1.0	2	173553	n/a
84.7509765625	0.3	1.0	2	173570	n/a
84.75927734375	0.3	0.0	1	173587	n/a
84.767578125	0.3	0.0	1	173604	n/a
84.77587890625	0.3	1.0	2	173621	n/a
84.7841796875	0.3	0.0	1	173638	n/a
84.79248046875	0.3	1.0	2	173655	n/a
84.80078125	0.3	0.0	1	173672	n/a
84.80908203125	0.3	1.0	2	173689	n/a
84.8173828125	0.3	0.0	1	173706	n/a
84.826171875	0.3	1.0	2	173724	n/a
84.83447265625	0.3	1.0	2	173741	n/a
84.8427734375	0.3	0.0	1	173758	n/a
84.85107421875	0.3	1.0	2	173775	n/a
84.859375	0.3	0.0	1	173792	n/a
84.86767578125	0.3	1.0	2	173809	n/a
84.8759765625	0.3	0.0	1	173826	n/a
84.88427734375	0.3	1.0	2	173843	n/a
84.892578125	0.3	0.0	1	173860	n/a
84.90087890625	0.3	1.0	2	173877	n/a
84.9091796875	0.3	0.0	1	173894	n/a
84.91748046875	0.3	0.0	1	173911	n/a
84.92578125	0.3	1.0	2	173928	n/a
84.93408203125	0.3	1.0	2	173945	n/a
84.9423828125	0.3	0.0	1	173962	n/a
84.951171875	0.3	0.0	1	173980	n/a
84.95947265625	0.3	1.0	2	173997	n/a
84.9677734375	0.3	1.0	2	174014	n/a
84.97607421875	0.3	0.0	1	174031	n/a
84.984375	0.3	0.0	1	174048	n/a
84.99267578125	0.3	1.0	2	174065	n/a
85.0009765625	0.3	1.0	2	174082	n/a
85.00927734375	0.3	0.0	1	174099	n/a
85.017578125	0.3	1.0	2	174116	n/a
85.02587890625	0.3	0.0	1	174133	n/a
85.0341796875	0.3	1.0	2	174150	n/a
85.04248046875	0.3	0.0	1	174167	n/a
85.05078125	0.3	1.0	2	174184	n/a
85.05908203125	0.3	0.0	1	174201	n/a
85.0673828125	0.3	1.0	2	174218	n/a
85.076171875	0.3	0.0	1	174236	n/a
85.08447265625	0.3	0.0	1	174253	n/a
85.0927734375	0.3	1.0	2	174270	n/a
85.10107421875	0.3	1.0	2	174287	n/a
85.109375	0.3	0.0	1	174304	n/a
85.11767578125	0.3	0.0	1	174321	n/a
85.1259765625	0.3	1.0	2	174338	n/a
85.13427734375	0.3	1.0	2	174355	n/a
85.142578125	0.3	0.0	1	174372	n/a
85.15087890625	0.3	0.0	1	174389	n/a
85.1591796875	0.3	1.0	2	174406	n/a
85.16748046875	0.3	0.0	1	174423	n/a
85.17578125	0.3	1.0	2	174440	n/a
85.18408203125	0.3	1.0	2	174457	n/a
85.1923828125	0.3	0.0	1	174474	n/a
85.201171875	0.3	0.0	1	174492	n/a
85.20947265625	0.3	1.0	2	174509	n/a
85.2177734375	0.3	0.0	1	174526	n/a
85.22607421875	0.3	1.0	2	174543	n/a
85.234375	0.3	0.0	1	174560	n/a
85.24267578125	0.3	1.0	2	174577	n/a
85.2509765625	0.3	0.0	1	174594	n/a
85.25927734375	0.3	1.0	2	174611	n/a
85.267578125	0.3	1.0	2	174628	n/a
85.27587890625	0.3	0.0	1	174645	n/a
85.2841796875	0.3	0.0	1	174662	n/a
85.29248046875	0.3	1.0	2	174679	n/a
85.30078125	0.3	1.0	2	174696	n/a
85.30908203125	0.3	0.0	1	174713	n/a
85.3173828125	0.3	0.0	1	174730	n/a
85.326171875	0.3	1.0	2	174748	n/a
85.33447265625	0.3	0.0	1	174765	n/a
85.3427734375	0.3	1.0	2	174782	n/a
85.35107421875	0.3	1.0	2	174799	n/a
85.359375	0.3	0.0	1	174816	n/a
85.36767578125	0.3	1.0	2	174833	n/a
85.3759765625	0.3	0.0	1	174850	n/a
85.38427734375	0.3	0.0	1	174867	n/a
85.392578125	0.3	1.0	2	174884	n/a
85.40087890625	0.3	1.0	2	174901	n/a
85.4091796875	0.3	0.0	1	174918	n/a
85.41748046875	0.3	0.0	1	174935	n/a
85.42578125	0.3	1.0	2	174952	n/a
85.43408203125	0.3	1.0	2	174969	n/a
85.4423828125	0.3	0.0	1	174986	n/a
85.451171875	0.3	1.0	2	175004	n/a
85.45947265625	0.3	0.0	1	175021	n/a
85.4677734375	0.3	1.0	2	175038	n/a
85.47607421875	0.3	0.0	1	175055	n/a
85.484375	0.3	0.0	1	175072	n/a
85.49267578125	0.3	1.0	2	175089	n/a
85.5009765625	0.3	1.0	2	175106	n/a
85.50927734375	0.3	0.0	1	175123	n/a
85.517578125	0.3	1.0	2	175140	n/a
85.52587890625	0.3	0.0	1	175157	n/a
85.5341796875	0.3	1.0	2	175174	n/a
85.54248046875	0.3	0.0	1	175191	n/a
85.55078125	0.3	0.0	1	175208	n/a
85.55908203125	0.3	1.0	2	175225	n/a
85.5673828125	0.3	0.0	1	175242	n/a
85.576171875	0.3	1.0	2	175260	n/a
85.58447265625	0.3	0.0	1	175277	n/a
85.5927734375	0.3	1.0	2	175294	n/a
85.60107421875	0.3	0.0	1	175311	n/a
85.609375	0.3	1.0	2	175328	n/a
85.61767578125	0.3	0.0	1	175345	n/a
85.6259765625	0.3	1.0	2	175362	n/a
85.63427734375	0.3	0.0	1	175379	n/a
85.642578125	0.3	1.0	2	175396	n/a
85.65087890625	0.3	0.0	1	175413	n/a
85.6591796875	0.3	1.0	2	175430	n/a
85.66748046875	0.3	0.0	1	175447	n/a
85.67578125	0.3	1.0	2	175464	n/a
85.68408203125	0.3	1.0	2	175481	n/a
85.6923828125	0.3	0.0	1	175498	n/a
85.701171875	0.3	1.0	2	175516	n/a
85.70947265625	0.3	0.0	1	175533	n/a
85.7177734375	0.3	1.0	2	175550	n/a
85.72607421875	0.3	0.0	1	175567	n/a
85.734375	0.3	0.0	1	175584	n/a
85.74267578125	0.3	1.0	2	175601	n/a
85.7509765625	0.3	1.0	2	175618	n/a
85.75927734375	0.3	0.0	1	175635	n/a
85.767578125	0.3	0.0	1	175652	n/a
85.77587890625	0.3	1.0	2	175669	n/a
85.7841796875	0.3	0.0	1	175686	n/a
85.79248046875	0.3	1.0	2	175703	n/a
85.80078125	0.3	1.0	2	175720	n/a
85.80908203125	0.3	0.0	1	175737	n/a
85.8173828125	0.3	0.0	1	175754	n/a
85.826171875	0.3	1.0	2	175772	n/a
85.83447265625	0.3	0.0	1	175789	n/a
85.8427734375	0.3	1.0	2	175806	n/a
85.85107421875	0.3	0.0	1	175823	n/a
85.859375	0.3	1.0	2	175840	n/a
85.86767578125	0.3	0.0	1	175857	n/a
85.8759765625	0.3	1.0	2	175874	n/a
85.88427734375	0.3	1.0	2	175891	n/a
85.892578125	0.3	0.0	1	175908	n/a
85.90087890625	0.3	1.0	2	175925	n/a
85.9091796875	0.3	0.0	1	175942	n/a
85.91748046875	0.3	1.0	2	175959	n/a
85.92578125	0.3	0.0	1	175976	n/a
85.93408203125	0.3	1.0	2	175993	n/a
85.9423828125	0.3	0.0	1	176010	n/a
85.951171875	0.3	1.0	2	176028	n/a
85.95947265625	0.3	0.0	1	176045	n/a
85.9677734375	0.3	0.0	1	176062	n/a
85.97607421875	0.3	1.0	2	176079	n/a
85.984375	0.3	1.0	2	176096	n/a
85.99267578125	0.3	0.0	1	176113	n/a
86.0009765625	0.3	0.0	1	176130	n/a
86.00927734375	0.3	1.0	2	176147	n/a
86.017578125	0.3	1.0	2	176164	n/a
86.02587890625	0.3	0.0	1	176181	n/a
86.0341796875	0.3	0.0	1	176198	n/a
86.04248046875	0.3	1.0	2	176215	n/a
86.05078125	0.3	1.0	2	176232	n/a
86.05908203125	0.3	0.0	1	176249	n/a
86.0673828125	0.3	1.0	2	176266	n/a
86.076171875	0.3	0.0	1	176284	n/a
86.08447265625	0.3	1.0	2	176301	n/a
86.0927734375	0.3	0.0	1	176318	n/a
86.10107421875	0.3	1.0	2	176335	n/a
86.109375	0.3	0.0	1	176352	n/a
86.11767578125	0.3	1.0	2	176369	n/a
86.1259765625	0.3	0.0	1	176386	n/a
86.13427734375	0.3	0.0	1	176403	n/a
86.142578125	0.3	1.0	2	176420	n/a
86.15087890625	0.3	1.0	2	176437	n/a
86.1591796875	0.3	0.0	1	176454	n/a
86.16748046875	0.3	0.0	1	176471	n/a
86.17578125	0.3	1.0	2	176488	n/a
86.18408203125	0.3	1.0	2	176505	n/a
86.1923828125	0.3	0.0	1	176522	n/a
86.201171875	0.3	0.0	1	176540	n/a
86.20947265625	0.3	1.0	2	176557	n/a
86.2177734375	0.3	0.0	1	176574	n/a
86.22607421875	0.3	1.0	2	176591	n/a
86.234375	0.3	1.0	2	176608	n/a
86.24267578125	0.3	0.0	1	176625	n/a
86.2509765625	0.3	0.0	1	176642	n/a
86.25927734375	0.3	1.0	2	176659	n/a
86.267578125	0.3	0.0	1	176676	n/a
86.27587890625	0.3	1.0	2	176693	n/a
86.2841796875	0.3	0.0	1	176710	n/a
86.29248046875	0.3	1.0	2	176727	n/a
86.30078125	0.3	0.0	1	176744	n/a
86.30908203125	0.3	1.0	2	176761	n/a
86.3173828125	0.3	1.0	2	176778	n/a
86.326171875	0.3	0.0	1	176796	n/a
86.33447265625	0.3	0.0	1	176813	n/a
86.3427734375	0.3	1.0	2	176830	n/a
86.35107421875	0.3	1.0	2	176847	n/a
86.359375	0.3	0.0	1	176864	n/a
86.36767578125	0.3	0.0	1	176881	n/a
86.3759765625	0.3	1.0	2	176898	n/a
86.38427734375	0.3	0.0	1	176915	n/a
86.392578125	0.3	1.0	2	176932	n/a
86.40087890625	0.3	1.0	2	176949	n/a
86.4091796875	0.3	0.0	1	176966	n/a
86.41748046875	0.3	1.0	2	176983	n/a
86.42578125	0.3	0.0	1	177000	n/a
86.43408203125	0.3	0.0	1	177017	n/a
86.4423828125	0.3	1.0	2	177034	n/a
86.451171875	0.3	1.0	2	177052	n/a
86.45947265625	0.3	0.0	1	177069	n/a
86.4677734375	0.3	0.0	1	177086	n/a
86.47607421875	0.3	1.0	2	177103	n/a
86.484375	0.3	1.0	2	177120	n/a
86.49267578125	0.3	0.0	1	177137	n/a
86.5009765625	0.3	1.0	2	177154	n/a
86.50927734375	0.3	0.0	1	177171	n/a
86.517578125	0.3	1.0	2	177188	n/a
86.52587890625	0.3	0.0	1	177205	n/a
86.5341796875	0.3	0.0	1	177222	n/a
86.54248046875	0.3	1.0	2	177239	n/a
86.55078125	0.3	1.0	2	177256	n/a
86.55908203125	0.3	0.0	1	177273	n/a
86.5673828125	0.3	1.0	2	177290	n/a
86.576171875	0.3	0.0	1	177308	n/a
86.58447265625	0.3	1.0	2	177325	n/a
86.5927734375	0.3	0.0	1	177342	n/a
86.60107421875	0.3	0.0	1	177359	n/a
86.609375	0.3	1.0	2	177376	n/a
86.61767578125	0.3	0.0	1	177393	n/a
86.6259765625	0.3	1.0	2	177410	n/a
86.63427734375	0.3	0.0	1	177427	n/a
86.642578125	0.3	1.0	2	177444	n/a
86.65087890625	0.3	0.0	1	177461	n/a
86.6591796875	0.3	1.0	2	177478	n/a
86.66748046875	0.3	0.0	1	177495	n/a
86.67578125	0.3	1.0	2	177512	n/a
86.68408203125	0.3	0.0	1	177529	n/a
86.6923828125	0.3	1.0	2	177546	n/a
86.701171875	0.3	0.0	1	177564	n/a
86.70947265625	0.3	1.0	2	177581	n/a
86.7177734375	0.3	0.0	1	177598	n/a
86.72607421875	0.3	1.0	2	177615	n/a
86.734375	0.3	1.0	2	177632	n/a
86.74267578125	0.3	0.0	1	177649	n/a
86.7509765625	0.3	1.0	2	177666	n/a
86.75927734375	0.3	0.0	1	177683	n/a
86.767578125	0.3	1.0	2	177700	n/a
86.77587890625	0.3	0.0	1	177717	n/a
86.7841796875	0.3	0.0	1	177734	n/a
86.79248046875	0.3	1.0	2	177751	n/a
86.80078125	0.3	1.0	2	177768	n/a
86.80908203125	0.3	0.0	1	177785	n/a
86.8173828125	0.3	0.0	1	177802	n/a
86.826171875	0.3	1.0	2	177820	n/a
86.83447265625	0.3	0.0	1	177837	n/a
86.8427734375	0.3	1.0	2	177854	n/a
86.85107421875	0.3	1.0	2	177871	n/a
86.859375	0.3	0.0	1	177888	n/a
86.86767578125	0.3	0.0	1	177905	n/a
86.8759765625	0.3	1.0	2	177922	n/a
86.88427734375	0.3	0.0	1	177939	n/a
86.892578125	0.3	1.0	2	177956	n/a
86.90087890625	0.3	0.0	1	177973	n/a
86.9091796875	0.3	1.0	2	177990	n/a
86.91748046875	0.3	0.0	1	178007	n/a
86.92578125	0.3	1.0	2	178024	n/a
86.93408203125	0.3	1.0	2	178041	n/a
86.9423828125	0.3	0.0	1	178058	n/a
86.951171875	0.3	1.0	2	178076	n/a
86.95947265625	0.3	0.0	1	178093	n/a
86.9677734375	0.3	1.0	2	178110	n/a
86.97607421875	0.3	0.0	1	178127	n/a
86.984375	0.3	1.0	2	178144	n/a
86.99267578125	0.3	0.0	1	178161	n/a
87.0009765625	0.3	1.0	2	178178	n/a
87.00927734375	0.3	0.0	1	178195	n/a
87.017578125	0.3	0.0	1	178212	n/a
87.02587890625	0.3	1.0	2	178229	n/a
87.0341796875	0.3	1.0	2	178246	n/a
87.04248046875	0.3	0.0	1	178263	n/a
87.05078125	0.3	0.0	1	178280	n/a
87.05908203125	0.3	1.0	2	178297	n/a
87.0673828125	0.3	1.0	2	178314	n/a
87.076171875	0.3	0.0	1	178332	n/a
87.08447265625	0.3	0.0	1	178349	n/a
87.0927734375	0.3	1.0	2	178366	n/a
87.10107421875	0.3	1.0	2	178383	n/a
87.109375	0.3	0.0	1	178400	n/a
87.11767578125	0.3	1.0	2	178417	n/a
87.1259765625	0.3	0.0	1	178434	n/a
87.13427734375	0.3	1.0	2	178451	n/a
87.142578125	0.3	0.0	1	178468	n/a
87.15087890625	0.3	1.0	2	178485	n/a
87.1591796875	0.3	0.0	1	178502	n/a
87.16748046875	0.3	1.0	2	178519	n/a
87.17578125	0.3	0.0	1	178536	n/a
87.18408203125	0.3	0.0	1	178553	n/a
87.1923828125	0.3	1.0	2	178570	n/a
87.201171875	0.3	1.0	2	178588	n/a
87.20947265625	0.3	0.0	1	178605	n/a
87.2177734375	0.3	0.0	1	178622	n/a
87.22607421875	0.3	1.0	2	178639	n/a
87.234375	0.3	1.0	2	178656	n/a
87.24267578125	0.3	0.0	1	178673	n/a
87.2509765625	0.3	0.0	1	178690	n/a
87.25927734375	0.3	1.0	2	178707	n/a
87.267578125	0.3	0.0	1	178724	n/a
87.27587890625	0.3	1.0	2	178741	n/a
87.2841796875	0.3	1.0	2	178758	n/a
87.29248046875	0.3	0.0	1	178775	n/a
87.30078125	0.3	0.0	1	178792	n/a
87.30908203125	0.3	1.0	2	178809	n/a
87.3173828125	0.3	0.0	1	178826	n/a
87.326171875	0.3	1.0	2	178844	n/a
87.33447265625	0.3	0.0	1	178861	n/a
87.3427734375	0.3	1.0	2	178878	n/a
87.35107421875	0.3	0.0	1	178895	n/a
87.359375	0.3	1.0	2	178912	n/a
87.36767578125	0.3	1.0	2	178929	n/a
87.3759765625	0.3	0.0	1	178946	n/a
87.38427734375	0.3	0.0	1	178963	n/a
87.392578125	0.3	1.0	2	178980	n/a
87.40087890625	0.3	1.0	2	178997	n/a
87.4091796875	0.3	0.0	1	179014	n/a
87.41748046875	0.3	0.0	1	179031	n/a
87.42578125	0.3	1.0	2	179048	n/a
87.43408203125	0.3	0.0	1	179065	n/a
87.4423828125	0.3	1.0	2	179082	n/a
87.451171875	0.3	1.0	2	179100	n/a
87.45947265625	0.3	0.0	1	179117	n/a
87.4677734375	0.3	1.0	2	179134	n/a
87.47607421875	0.3	0.0	1	179151	n/a
87.484375	0.3	0.0	1	179168	n/a
87.49267578125	0.3	1.0	2	179185	n/a
87.5009765625	0.3	1.0	2	179202	n/a
87.50927734375	0.3	0.0	1	179219	n/a
87.517578125	0.3	0.0	1	179236	n/a
87.52587890625	0.3	1.0	2	179253	n/a
87.5341796875	0.3	1.0	2	179270	n/a
87.54248046875	0.3	0.0	1	179287	n/a
87.55078125	0.3	1.0	2	179304	n/a
87.55908203125	0.3	0.0	1	179321	n/a
87.5673828125	0.3	1.0	2	179338	n/a
87.576171875	0.3	0.0	1	179356	n/a
87.58447265625	0.3	0.0	1	179373	n/a
87.5927734375	0.3	1.0	2	179390	n/a
87.60107421875	0.3	1.0	2	179407	n/a
87.609375	0.3	0.0	1	179424	n/a
87.61767578125	0.3	1.0	2	179441	n/a
87.6259765625	0.3	0.0	1	179458	n/a
87.63427734375	0.3	1.0	2	179475	n/a
87.642578125	0.3	0.0	1	179492	n/a
87.65087890625	0.3	0.0	1	179509	n/a
87.6591796875	0.3	1.0	2	179526	n/a
87.66748046875	0.3	0.0	1	179543	n/a
87.67578125	0.3	1.0	2	179560	n/a
87.68408203125	0.3	0.0	1	179577	n/a
87.6923828125	0.3	1.0	2	179594	n/a
87.701171875	0.3	0.0	1	179612	n/a
87.70947265625	0.3	1.0	2	179629	n/a
87.7177734375	0.3	0.0	1	179646	n/a
87.72607421875	0.3	1.0	2	179663	n/a
87.734375	0.3	0.0	1	179680	n/a
87.74267578125	0.3	1.0	2	179697	n/a
87.7509765625	0.3	0.0	1	179714	n/a
87.75927734375	0.3	1.0	2	179731	n/a
87.767578125	0.3	0.0	1	179748	n/a
87.77587890625	0.3	1.0	2	179765	n/a
87.7841796875	0.3	1.0	2	179782	n/a
87.79248046875	0.3	0.0	1	179799	n/a
87.80078125	0.3	1.0	2	179816	n/a
87.80908203125	0.3	0.0	1	179833	n/a
87.8173828125	0.3	1.0	2	179850	n/a
87.826171875	0.3	0.0	1	179868	n/a
87.83447265625	0.3	0.0	1	179885	n/a
87.8427734375	0.3	1.0	2	179902	n/a
87.85107421875	0.3	1.0	2	179919	n/a
87.859375	0.3	0.0	1	179936	n/a
87.86767578125	0.3	0.0	1	179953	n/a
87.8759765625	0.3	1.0	2	179970	n/a
87.88427734375	0.3	0.0	1	179987	n/a
87.892578125	0.3	1.0	2	180004	n/a
87.90087890625	0.3	1.0	2	180021	n/a
87.9091796875	0.3	0.0	1	180038	n/a
87.91748046875	0.3	0.0	1	180055	n/a
87.92578125	0.3	1.0	2	180072	n/a
87.93408203125	0.3	0.0	1	180089	n/a
87.9423828125	0.3	1.0	2	180106	n/a
87.951171875	0.3	0.0	1	180124	n/a
87.95947265625	0.3	1.0	2	180141	n/a
87.9677734375	0.3	0.0	1	180158	n/a
87.97607421875	0.3	1.0	2	180175	n/a
87.984375	0.3	1.0	2	180192	n/a
87.99267578125	0.3	0.0	1	180209	n/a
88.0009765625	0.3	1.0	2	180226	n/a
88.00927734375	0.3	0.0	1	180243	n/a
88.017578125	0.3	1.0	2	180260	n/a
88.02587890625	0.3	0.0	1	180277	n/a
88.0341796875	0.3	1.0	2	180294	n/a
88.04248046875	0.3	0.0	1	180311	n/a
88.05078125	0.3	1.0	2	180328	n/a
88.05908203125	0.3	0.0	1	180345	n/a
88.0673828125	0.3	0.0	1	180362	n/a
88.076171875	0.3	1.0	2	180380	n/a
90.45166015625	0.3	0.0	1	185245	29.0
90.4599609375	0.3	1.0	2	185262	n/a
90.46826171875	0.3	0.0	1	185279	n/a
90.4765625	0.3	1.0	2	185296	n/a
90.48486328125	0.3	1.0	2	185313	n/a
90.4931640625	0.3	0.0	1	185330	n/a
90.50146484375	0.3	1.0	2	185347	n/a
90.509765625	0.3	0.0	1	185364	n/a
90.5185546875	0.3	1.0	2	185382	n/a
90.52685546875	0.3	0.0	1	185399	n/a
90.53515625	0.3	0.0	1	185416	n/a
90.54345703125	0.3	1.0	2	185433	n/a
90.5517578125	0.3	1.0	2	185450	n/a
90.56005859375	0.3	0.0	1	185467	n/a
90.568359375	0.3	0.0	1	185484	n/a
90.57666015625	0.3	1.0	2	185501	n/a
90.5849609375	0.3	1.0	2	185518	n/a
90.59326171875	0.3	0.0	1	185535	n/a
90.6015625	0.3	0.0	1	185552	n/a
90.60986328125	0.3	1.0	2	185569	n/a
90.6181640625	0.3	1.0	2	185586	n/a
90.62646484375	0.3	0.0	1	185603	n/a
90.634765625	0.3	1.0	2	185620	n/a
90.6435546875	0.3	0.0	1	185638	n/a
90.65185546875	0.3	0.0	1	185655	n/a
90.66015625	0.3	1.0	2	185672	n/a
90.66845703125	0.3	0.0	1	185689	n/a
90.6767578125	0.3	1.0	2	185706	n/a
90.68505859375	0.3	0.0	1	185723	n/a
90.693359375	0.3	1.0	2	185740	n/a
90.70166015625	0.3	0.0	1	185757	n/a
90.7099609375	0.3	1.0	2	185774	n/a
90.71826171875	0.3	1.0	2	185791	n/a
90.7265625	0.3	0.0	1	185808	n/a
90.73486328125	0.3	1.0	2	185825	n/a
90.7431640625	0.3	0.0	1	185842	n/a
90.75146484375	0.3	1.0	2	185859	n/a
90.759765625	0.3	0.0	1	185876	n/a
90.7685546875	0.3	0.0	1	185894	n/a
90.77685546875	0.3	1.0	2	185911	n/a
90.78515625	0.3	0.0	1	185928	n/a
90.79345703125	0.3	1.0	2	185945	n/a
90.8017578125	0.3	1.0	2	185962	n/a
90.81005859375	0.3	0.0	1	185979	n/a
90.818359375	0.3	0.0	1	185996	n/a
90.82666015625	0.3	1.0	2	186013	n/a
90.8349609375	0.3	0.0	1	186030	n/a
90.84326171875	0.3	1.0	2	186047	n/a
90.8515625	0.3	1.0	2	186064	n/a
90.85986328125	0.3	0.0	1	186081	n/a
90.8681640625	0.3	1.0	2	186098	n/a
90.87646484375	0.3	0.0	1	186115	n/a
90.884765625	0.3	0.0	1	186132	n/a
90.8935546875	0.3	1.0	2	186150	n/a
90.90185546875	0.3	1.0	2	186167	n/a
90.91015625	0.3	0.0	1	186184	n/a
90.91845703125	0.3	1.0	2	186201	n/a
90.9267578125	0.3	0.0	1	186218	n/a
90.93505859375	0.3	1.0	2	186235	n/a
90.943359375	0.3	0.0	1	186252	n/a
90.95166015625	0.3	1.0	2	186269	n/a
90.9599609375	0.3	0.0	1	186286	n/a
90.96826171875	0.3	1.0	2	186303	n/a
90.9765625	0.3	0.0	1	186320	n/a
90.98486328125	0.3	0.0	1	186337	n/a
90.9931640625	0.3	1.0	2	186354	n/a
91.00146484375	0.3	1.0	2	186371	n/a
91.009765625	0.3	0.0	1	186388	n/a
91.0185546875	0.3	1.0	2	186406	n/a
91.02685546875	0.3	0.0	1	186423	n/a
91.03515625	0.3	0.0	1	186440	n/a
91.04345703125	0.3	1.0	2	186457	n/a
91.0517578125	0.3	0.0	1	186474	n/a
91.06005859375	0.3	1.0	2	186491	n/a
91.068359375	0.3	0.0	1	186508	n/a
91.07666015625	0.3	1.0	2	186525	n/a
91.0849609375	0.3	0.0	1	186542	n/a
91.09326171875	0.3	1.0	2	186559	n/a
91.1015625	0.3	0.0	1	186576	n/a
91.10986328125	0.3	1.0	2	186593	n/a
91.1181640625	0.3	1.0	2	186610	n/a
91.12646484375	0.3	0.0	1	186627	n/a
91.134765625	0.3	0.0	1	186644	n/a
91.1435546875	0.3	1.0	2	186662	n/a
91.15185546875	0.3	0.0	1	186679	n/a
91.16015625	0.3	1.0	2	186696	n/a
91.16845703125	0.3	1.0	2	186713	n/a
91.1767578125	0.3	0.0	1	186730	n/a
91.18505859375	0.3	0.0	1	186747	n/a
91.193359375	0.3	1.0	2	186764	n/a
91.20166015625	0.3	1.0	2	186781	n/a
91.2099609375	0.3	0.0	1	186798	n/a
91.21826171875	0.3	1.0	2	186815	n/a
91.2265625	0.3	0.0	1	186832	n/a
91.23486328125	0.3	1.0	2	186849	n/a
91.2431640625	0.3	0.0	1	186866	n/a
91.25146484375	0.3	1.0	2	186883	n/a
91.259765625	0.3	0.0	1	186900	n/a
91.2685546875	0.3	0.0	1	186918	n/a
91.27685546875	0.3	1.0	2	186935	n/a
91.28515625	0.3	1.0	2	186952	n/a
91.29345703125	0.3	0.0	1	186969	n/a
91.3017578125	0.3	0.0	1	186986	n/a
91.31005859375	0.3	1.0	2	187003	n/a
91.318359375	0.3	1.0	2	187020	n/a
91.32666015625	0.3	0.0	1	187037	n/a
91.3349609375	0.3	0.0	1	187054	n/a
91.34326171875	0.3	1.0	2	187071	n/a
91.3515625	0.3	0.0	1	187088	n/a
91.35986328125	0.3	1.0	2	187105	n/a
91.3681640625	0.3	0.0	1	187122	n/a
91.37646484375	0.3	1.0	2	187139	n/a
91.384765625	0.3	1.0	2	187156	n/a
91.3935546875	0.3	0.0	1	187174	n/a
91.40185546875	0.3	1.0	2	187191	n/a
91.41015625	0.3	0.0	1	187208	n/a
91.41845703125	0.3	0.0	1	187225	n/a
91.4267578125	0.3	1.0	2	187242	n/a
91.43505859375	0.3	0.0	1	187259	n/a
91.443359375	0.3	1.0	2	187276	n/a
91.45166015625	0.3	0.0	1	187293	n/a
91.4599609375	0.3	1.0	2	187310	n/a
91.46826171875	0.3	0.0	1	187327	n/a
91.4765625	0.3	1.0	2	187344	n/a
91.48486328125	0.3	1.0	2	187361	n/a
91.4931640625	0.3	0.0	1	187378	n/a
91.50146484375	0.3	0.0	1	187395	n/a
91.509765625	0.3	1.0	2	187412	n/a
91.5185546875	0.3	0.0	1	187430	n/a
91.52685546875	0.3	1.0	2	187447	n/a
91.53515625	0.3	1.0	2	187464	n/a
91.54345703125	0.3	0.0	1	187481	n/a
91.5517578125	0.3	1.0	2	187498	n/a
91.56005859375	0.3	0.0	1	187515	n/a
91.568359375	0.3	1.0	2	187532	n/a
91.57666015625	0.3	0.0	1	187549	n/a
91.5849609375	0.3	0.0	1	187566	n/a
91.59326171875	0.3	1.0	2	187583	n/a
91.6015625	0.3	1.0	2	187600	n/a
91.60986328125	0.3	0.0	1	187617	n/a
91.6181640625	0.3	0.0	1	187634	n/a
91.62646484375	0.3	1.0	2	187651	n/a
91.634765625	0.3	1.0	2	187668	n/a
91.6435546875	0.3	0.0	1	187686	n/a
91.65185546875	0.3	0.0	1	187703	n/a
91.66015625	0.3	1.0	2	187720	n/a
91.66845703125	0.3	1.0	2	187737	n/a
91.6767578125	0.3	0.0	1	187754	n/a
91.68505859375	0.3	1.0	2	187771	n/a
91.693359375	0.3	0.0	1	187788	n/a
91.70166015625	0.3	0.0	1	187805	n/a
91.7099609375	0.3	1.0	2	187822	n/a
91.71826171875	0.3	0.0	1	187839	n/a
91.7265625	0.3	1.0	2	187856	n/a
91.73486328125	0.3	0.0	1	187873	n/a
91.7431640625	0.3	1.0	2	187890	n/a
91.75146484375	0.3	0.0	1	187907	n/a
91.759765625	0.3	1.0	2	187924	n/a
91.7685546875	0.3	1.0	2	187942	n/a
91.77685546875	0.3	0.0	1	187959	n/a
91.78515625	0.3	1.0	2	187976	n/a
91.79345703125	0.3	0.0	1	187993	n/a
91.8017578125	0.3	1.0	2	188010	n/a
91.81005859375	0.3	0.0	1	188027	n/a
91.818359375	0.3	0.0	1	188044	n/a
91.82666015625	0.3	1.0	2	188061	n/a
91.8349609375	0.3	0.0	1	188078	n/a
91.84326171875	0.3	1.0	2	188095	n/a
91.8515625	0.3	1.0	2	188112	n/a
91.85986328125	0.3	0.0	1	188129	n/a
91.8681640625	0.3	0.0	1	188146	n/a
91.87646484375	0.3	1.0	2	188163	n/a
91.884765625	0.3	0.0	1	188180	n/a
91.8935546875	0.3	1.0	2	188198	n/a
91.90185546875	0.3	1.0	2	188215	n/a
91.91015625	0.3	0.0	1	188232	n/a
91.91845703125	0.3	1.0	2	188249	n/a
91.9267578125	0.3	0.0	1	188266	n/a
91.93505859375	0.3	0.0	1	188283	n/a
91.943359375	0.3	1.0	2	188300	n/a
91.95166015625	0.3	1.0	2	188317	n/a
91.9599609375	0.3	0.0	1	188334	n/a
91.96826171875	0.3	1.0	2	188351	n/a
91.9765625	0.3	0.0	1	188368	n/a
91.98486328125	0.3	1.0	2	188385	n/a
91.9931640625	0.3	0.0	1	188402	n/a
92.00146484375	0.3	1.0	2	188419	n/a
92.009765625	0.3	0.0	1	188436	n/a
92.0185546875	0.3	1.0	2	188454	n/a
92.02685546875	0.3	0.0	1	188471	n/a
92.03515625	0.3	0.0	1	188488	n/a
92.04345703125	0.3	1.0	2	188505	n/a
92.0517578125	0.3	1.0	2	188522	n/a
92.06005859375	0.3	0.0	1	188539	n/a
92.068359375	0.3	1.0	2	188556	n/a
92.07666015625	0.3	0.0	1	188573	n/a
92.0849609375	0.3	0.0	1	188590	n/a
92.09326171875	0.3	1.0	2	188607	n/a
92.1015625	0.3	0.0	1	188624	n/a
92.10986328125	0.3	1.0	2	188641	n/a
92.1181640625	0.3	0.0	1	188658	n/a
92.12646484375	0.3	1.0	2	188675	n/a
92.134765625	0.3	0.0	1	188692	n/a
92.1435546875	0.3	1.0	2	188710	n/a
92.15185546875	0.3	0.0	1	188727	n/a
92.16015625	0.3	1.0	2	188744	n/a
92.16845703125	0.3	1.0	2	188761	n/a
92.1767578125	0.3	0.0	1	188778	n/a
92.18505859375	0.3	0.0	1	188795	n/a
92.193359375	0.3	1.0	2	188812	n/a
92.20166015625	0.3	0.0	1	188829	n/a
92.2099609375	0.3	1.0	2	188846	n/a
92.21826171875	0.3	1.0	2	188863	n/a
92.2265625	0.3	0.0	1	188880	n/a
92.23486328125	0.3	0.0	1	188897	n/a
92.2431640625	0.3	1.0	2	188914	n/a
92.25146484375	0.3	1.0	2	188931	n/a
92.259765625	0.3	0.0	1	188948	n/a
92.2685546875	0.3	1.0	2	188966	n/a
92.27685546875	0.3	0.0	1	188983	n/a
92.28515625	0.3	1.0	2	189000	n/a
92.29345703125	0.3	0.0	1	189017	n/a
92.3017578125	0.3	1.0	2	189034	n/a
92.31005859375	0.3	0.0	1	189051	n/a
92.318359375	0.3	0.0	1	189068	n/a
92.32666015625	0.3	1.0	2	189085	n/a
92.3349609375	0.3	1.0	2	189102	n/a
92.34326171875	0.3	0.0	1	189119	n/a
92.3515625	0.3	0.0	1	189136	n/a
92.35986328125	0.3	1.0	2	189153	n/a
92.3681640625	0.3	1.0	2	189170	n/a
92.37646484375	0.3	0.0	1	189187	n/a
92.384765625	0.3	0.0	1	189204	n/a
92.3935546875	0.3	1.0	2	189222	n/a
92.40185546875	0.3	0.0	1	189239	n/a
92.41015625	0.3	1.0	2	189256	n/a
92.41845703125	0.3	0.0	1	189273	n/a
92.4267578125	0.3	1.0	2	189290	n/a
92.43505859375	0.3	1.0	2	189307	n/a
92.443359375	0.3	0.0	1	189324	n/a
92.45166015625	0.3	1.0	2	189341	n/a
92.4599609375	0.3	0.0	1	189358	n/a
92.46826171875	0.3	0.0	1	189375	n/a
92.4765625	0.3	1.0	2	189392	n/a
92.48486328125	0.3	0.0	1	189409	n/a
92.4931640625	0.3	1.0	2	189426	n/a
92.50146484375	0.3	0.0	1	189443	n/a
92.509765625	0.3	1.0	2	189460	n/a
92.5185546875	0.3	0.0	1	189478	n/a
92.52685546875	0.3	1.0	2	189495	n/a
92.53515625	0.3	1.0	2	189512	n/a
92.54345703125	0.3	0.0	1	189529	n/a
92.5517578125	0.3	0.0	1	189546	n/a
92.56005859375	0.3	1.0	2	189563	n/a
92.568359375	0.3	0.0	1	189580	n/a
92.57666015625	0.3	1.0	2	189597	n/a
92.5849609375	0.3	1.0	2	189614	n/a
92.59326171875	0.3	0.0	1	189631	n/a
92.6015625	0.3	1.0	2	189648	n/a
92.60986328125	0.3	0.0	1	189665	n/a
92.6181640625	0.3	1.0	2	189682	n/a
92.62646484375	0.3	0.0	1	189699	n/a
92.634765625	0.3	0.0	1	189716	n/a
92.6435546875	0.3	1.0	2	189734	n/a
92.65185546875	0.3	1.0	2	189751	n/a
92.66015625	0.3	0.0	1	189768	n/a
92.66845703125	0.3	0.0	1	189785	n/a
92.6767578125	0.3	1.0	2	189802	n/a
92.68505859375	0.3	1.0	2	189819	n/a
92.693359375	0.3	0.0	1	189836	n/a
92.70166015625	0.3	0.0	1	189853	n/a
92.7099609375	0.3	1.0	2	189870	n/a
92.71826171875	0.3	1.0	2	189887	n/a
92.7265625	0.3	0.0	1	189904	n/a
92.73486328125	0.3	1.0	2	189921	n/a
92.7431640625	0.3	0.0	1	189938	n/a
92.75146484375	0.3	0.0	1	189955	n/a
92.759765625	0.3	1.0	2	189972	n/a
92.7685546875	0.3	0.0	1	189990	n/a
92.77685546875	0.3	1.0	2	190007	n/a
92.78515625	0.3	0.0	1	190024	n/a
92.79345703125	0.3	1.0	2	190041	n/a
92.8017578125	0.3	0.0	1	190058	n/a
92.81005859375	0.3	1.0	2	190075	n/a
92.818359375	0.3	1.0	2	190092	n/a
92.82666015625	0.3	0.0	1	190109	n/a
92.8349609375	0.3	1.0	2	190126	n/a
92.84326171875	0.3	0.0	1	190143	n/a
92.8515625	0.3	1.0	2	190160	n/a
92.85986328125	0.3	0.0	1	190177	n/a
92.8681640625	0.3	0.0	1	190194	n/a
92.87646484375	0.3	1.0	2	190211	n/a
92.884765625	0.3	0.0	1	190228	n/a
92.8935546875	0.3	1.0	2	190246	n/a
92.90185546875	0.3	1.0	2	190263	n/a
92.91015625	0.3	0.0	1	190280	n/a
92.91845703125	0.3	0.0	1	190297	n/a
92.9267578125	0.3	1.0	2	190314	n/a
92.93505859375	0.3	0.0	1	190331	n/a
92.943359375	0.3	1.0	2	190348	n/a
92.95166015625	0.3	1.0	2	190365	n/a
92.9599609375	0.3	0.0	1	190382	n/a
92.96826171875	0.3	1.0	2	190399	n/a
92.9765625	0.3	0.0	1	190416	n/a
92.98486328125	0.3	0.0	1	190433	n/a
92.9931640625	0.3	1.0	2	190450	n/a
93.00146484375	0.3	1.0	2	190467	n/a
93.009765625	0.3	0.0	1	190484	n/a
93.0185546875	0.3	1.0	2	190502	n/a
93.02685546875	0.3	0.0	1	190519	n/a
93.03515625	0.3	1.0	2	190536	n/a
93.04345703125	0.3	0.0	1	190553	n/a
93.0517578125	0.3	1.0	2	190570	n/a
93.06005859375	0.3	0.0	1	190587	n/a
93.068359375	0.3	1.0	2	190604	n/a
93.07666015625	0.3	0.0	1	190621	n/a
93.0849609375	0.3	0.0	1	190638	n/a
93.09326171875	0.3	1.0	2	190655	n/a
93.1015625	0.3	1.0	2	190672	n/a
93.10986328125	0.3	0.0	1	190689	n/a
93.1181640625	0.3	1.0	2	190706	n/a
93.12646484375	0.3	0.0	1	190723	n/a
93.134765625	0.3	0.0	1	190740	n/a
93.1435546875	0.3	1.0	2	190758	n/a
93.15185546875	0.3	0.0	1	190775	n/a
93.16015625	0.3	1.0	2	190792	n/a
93.16845703125	0.3	0.0	1	190809	n/a
93.1767578125	0.3	1.0	2	190826	n/a
93.18505859375	0.3	0.0	1	190843	n/a
93.193359375	0.3	1.0	2	190860	n/a
93.20166015625	0.3	0.0	1	190877	n/a
93.2099609375	0.3	1.0	2	190894	n/a
93.21826171875	0.3	1.0	2	190911	n/a
93.2265625	0.3	0.0	1	190928	n/a
93.23486328125	0.3	0.0	1	190945	n/a
93.2431640625	0.3	1.0	2	190962	n/a
93.25146484375	0.3	0.0	1	190979	n/a
93.259765625	0.3	1.0	2	190996	n/a
93.2685546875	0.3	1.0	2	191014	n/a
93.27685546875	0.3	0.0	1	191031	n/a
93.28515625	0.3	0.0	1	191048	n/a
93.29345703125	0.3	1.0	2	191065	n/a
93.3017578125	0.3	1.0	2	191082	n/a
93.31005859375	0.3	0.0	1	191099	n/a
93.318359375	0.3	1.0	2	191116	n/a
93.32666015625	0.3	0.0	1	191133	n/a
93.3349609375	0.3	1.0	2	191150	n/a
93.34326171875	0.3	0.0	1	191167	n/a
93.3515625	0.3	1.0	2	191184	n/a
93.35986328125	0.3	0.0	1	191201	n/a
93.3681640625	0.3	0.0	1	191218	n/a
93.37646484375	0.3	1.0	2	191235	n/a
93.384765625	0.3	1.0	2	191252	n/a
93.3935546875	0.3	0.0	1	191270	n/a
93.40185546875	0.3	0.0	1	191287	n/a
93.41015625	0.3	1.0	2	191304	n/a
93.41845703125	0.3	1.0	2	191321	n/a
93.4267578125	0.3	0.0	1	191338	n/a
93.43505859375	0.3	0.0	1	191355	n/a
93.443359375	0.3	1.0	2	191372	n/a
93.45166015625	0.3	0.0	1	191389	n/a
93.4599609375	0.3	1.0	2	191406	n/a
93.46826171875	0.3	0.0	1	191423	n/a
93.4765625	0.3	1.0	2	191440	n/a
93.48486328125	0.3	1.0	2	191457	n/a
93.4931640625	0.3	0.0	1	191474	n/a
93.50146484375	0.3	1.0	2	191491	n/a
93.509765625	0.3	0.0	1	191508	n/a
93.5185546875	0.3	0.0	1	191526	n/a
93.52685546875	0.3	1.0	2	191543	n/a
93.53515625	0.3	0.0	1	191560	n/a
93.54345703125	0.3	1.0	2	191577	n/a
93.5517578125	0.3	0.0	1	191594	n/a
93.56005859375	0.3	1.0	2	191611	n/a
93.568359375	0.3	0.0	1	191628	n/a
93.57666015625	0.3	1.0	2	191645	n/a
93.5849609375	0.3	1.0	2	191662	n/a
93.59326171875	0.3	0.0	1	191679	n/a
93.6015625	0.3	0.0	1	191696	n/a
93.60986328125	0.3	1.0	2	191713	n/a
93.6181640625	0.3	0.0	1	191730	n/a
93.62646484375	0.3	1.0	2	191747	n/a
93.634765625	0.3	1.0	2	191764	n/a
93.6435546875	0.3	0.0	1	191782	n/a
93.65185546875	0.3	1.0	2	191799	n/a
93.66015625	0.3	0.0	1	191816	n/a
93.66845703125	0.3	1.0	2	191833	n/a
93.6767578125	0.3	0.0	1	191850	n/a
93.68505859375	0.3	0.0	1	191867	n/a
93.693359375	0.3	1.0	2	191884	n/a
93.70166015625	0.3	1.0	2	191901	n/a
93.7099609375	0.3	0.0	1	191918	n/a
93.71826171875	0.3	0.0	1	191935	n/a
93.7265625	0.3	1.0	2	191952	n/a
93.73486328125	0.3	1.0	2	191969	n/a
93.7431640625	0.3	0.0	1	191986	n/a
93.75146484375	0.3	0.0	1	192003	n/a
93.759765625	0.3	1.0	2	192020	n/a
93.7685546875	0.3	1.0	2	192038	n/a
93.77685546875	0.3	0.0	1	192055	n/a
93.78515625	0.3	1.0	2	192072	n/a
93.79345703125	0.3	0.0	1	192089	n/a
93.8017578125	0.3	0.0	1	192106	n/a
93.81005859375	0.3	1.0	2	192123	n/a
93.818359375	0.3	0.0	1	192140	n/a
93.82666015625	0.3	1.0	2	192157	n/a
93.8349609375	0.3	0.0	1	192174	n/a
93.84326171875	0.3	1.0	2	192191	n/a
93.8515625	0.3	0.0	1	192208	n/a
93.85986328125	0.3	1.0	2	192225	n/a
93.8681640625	0.3	1.0	2	192242	n/a
93.87646484375	0.3	0.0	1	192259	n/a
93.884765625	0.3	1.0	2	192276	n/a
93.8935546875	0.3	0.0	1	192294	n/a
93.90185546875	0.3	1.0	2	192311	n/a
93.91015625	0.3	0.0	1	192328	n/a
93.91845703125	0.3	0.0	1	192345	n/a
93.9267578125	0.3	1.0	2	192362	n/a
93.93505859375	0.3	0.0	1	192379	n/a
93.943359375	0.3	1.0	2	192396	n/a
93.95166015625	0.3	1.0	2	192413	n/a
93.9599609375	0.3	0.0	1	192430	n/a
93.96826171875	0.3	0.0	1	192447	n/a
93.9765625	0.3	1.0	2	192464	n/a
93.98486328125	0.3	0.0	1	192481	n/a
93.9931640625	0.3	1.0	2	192498	n/a
94.00146484375	0.3	1.0	2	192515	n/a
94.009765625	0.3	0.0	1	192532	n/a
94.0185546875	0.3	1.0	2	192550	n/a
94.02685546875	0.3	0.0	1	192567	n/a
94.03515625	0.3	0.0	1	192584	n/a
94.04345703125	0.3	1.0	2	192601	n/a
94.0517578125	0.3	1.0	2	192618	n/a
94.06005859375	0.3	0.0	1	192635	n/a
94.068359375	0.3	1.0	2	192652	n/a
94.07666015625	0.3	0.0	1	192669	n/a
94.0849609375	0.3	1.0	2	192686	n/a
94.09326171875	0.3	0.0	1	192703	n/a
94.1015625	0.3	1.0	2	192720	n/a
94.10986328125	0.3	0.0	1	192737	n/a
94.1181640625	0.3	1.0	2	192754	n/a
94.12646484375	0.3	0.0	1	192771	n/a
94.134765625	0.3	0.0	1	192788	n/a
94.1435546875	0.3	1.0	2	192806	n/a
94.15185546875	0.3	1.0	2	192823	n/a
94.16015625	0.3	0.0	1	192840	n/a
94.16845703125	0.3	1.0	2	192857	n/a
94.1767578125	0.3	0.0	1	192874	n/a
94.18505859375	0.3	0.0	1	192891	n/a
94.193359375	0.3	1.0	2	192908	n/a
94.20166015625	0.3	0.0	1	192925	n/a
94.2099609375	0.3	1.0	2	192942	n/a
94.21826171875	0.3	0.0	1	192959	n/a
94.2265625	0.3	1.0	2	192976	n/a
94.23486328125	0.3	0.0	1	192993	n/a
94.2431640625	0.3	1.0	2	193010	n/a
94.25146484375	0.3	0.0	1	193027	n/a
94.259765625	0.3	1.0	2	193044	n/a
94.2685546875	0.3	1.0	2	193062	n/a
94.27685546875	0.3	0.0	1	193079	n/a
94.28515625	0.3	0.0	1	193096	n/a
94.29345703125	0.3	1.0	2	193113	n/a
94.3017578125	0.3	0.0	1	193130	n/a
94.31005859375	0.3	1.0	2	193147	n/a
94.318359375	0.3	1.0	2	193164	n/a
94.32666015625	0.3	0.0	1	193181	n/a
94.3349609375	0.3	0.0	1	193198	n/a
94.34326171875	0.3	1.0	2	193215	n/a
94.3515625	0.3	1.0	2	193232	n/a
94.35986328125	0.3	0.0	1	193249	n/a
94.3681640625	0.3	1.0	2	193266	n/a
94.37646484375	0.3	0.0	1	193283	n/a
94.384765625	0.3	1.0	2	193300	n/a
94.3935546875	0.3	0.0	1	193318	n/a
94.40185546875	0.3	1.0	2	193335	n/a
94.41015625	0.3	0.0	1	193352	n/a
94.41845703125	0.3	0.0	1	193369	n/a
94.4267578125	0.3	1.0	2	193386	n/a
94.43505859375	0.3	1.0	2	193403	n/a
94.443359375	0.3	0.0	1	193420	n/a
94.45166015625	0.3	0.0	1	193437	n/a
94.4599609375	0.3	1.0	2	193454	n/a
94.46826171875	0.3	1.0	2	193471	n/a
94.4765625	0.3	0.0	1	193488	n/a
94.48486328125	0.3	0.0	1	193505	n/a
94.4931640625	0.3	1.0	2	193522	n/a
94.50146484375	0.3	0.0	1	193539	n/a
94.509765625	0.3	1.0	2	193556	n/a
94.5185546875	0.3	0.0	1	193574	n/a
94.52685546875	0.3	1.0	2	193591	n/a
94.53515625	0.3	1.0	2	193608	n/a
94.54345703125	0.3	0.0	1	193625	n/a
94.5517578125	0.3	1.0	2	193642	n/a
94.56005859375	0.3	0.0	1	193659	n/a
94.568359375	0.3	0.0	1	193676	n/a
94.57666015625	0.3	1.0	2	193693	n/a
94.5849609375	0.3	0.0	1	193710	n/a
94.59326171875	0.3	1.0	2	193727	n/a
94.6015625	0.3	0.0	1	193744	n/a
94.60986328125	0.3	1.0	2	193761	n/a
94.6181640625	0.3	0.0	1	193778	n/a
94.62646484375	0.3	1.0	2	193795	n/a
94.634765625	0.3	1.0	2	193812	n/a
94.6435546875	0.3	0.0	1	193830	n/a
97.01904296875	0.3	1.0	2	198695	18.0
97.02734375	0.3	0.0	1	198712	n/a
97.03564453125	0.3	0.0	1	198729	n/a
97.0439453125	0.3	1.0	2	198746	n/a
97.05224609375	0.3	0.0	1	198763	n/a
97.060546875	0.3	1.0	2	198780	n/a
97.06884765625	0.3	1.0	2	198797	n/a
97.0771484375	0.3	0.0	1	198814	n/a
97.0859375	0.3	1.0	2	198832	n/a
97.09423828125	0.3	0.0	1	198849	n/a
97.1025390625	0.3	1.0	2	198866	n/a
97.11083984375	0.3	0.0	1	198883	n/a
97.119140625	0.3	0.0	1	198900	n/a
97.12744140625	0.3	1.0	2	198917	n/a
97.1357421875	0.3	0.0	1	198934	n/a
97.14404296875	0.3	1.0	2	198951	n/a
97.15234375	0.3	0.0	1	198968	n/a
97.16064453125	0.3	1.0	2	198985	n/a
97.1689453125	0.3	1.0	2	199002	n/a
97.17724609375	0.3	0.0	1	199019	n/a
97.185546875	0.3	1.0	2	199036	n/a
97.19384765625	0.3	0.0	1	199053	n/a
97.2021484375	0.3	1.0	2	199070	n/a
97.2109375	0.3	0.0	1	199088	n/a
97.21923828125	0.3	0.0	1	199105	n/a
97.2275390625	0.3	1.0	2	199122	n/a
97.23583984375	0.3	1.0	2	199139	n/a
97.244140625	0.3	0.0	1	199156	n/a
97.25244140625	0.3	0.0	1	199173	n/a
97.2607421875	0.3	1.0	2	199190	n/a
97.26904296875	0.3	0.0	1	199207	n/a
97.27734375	0.3	1.0	2	199224	n/a
97.28564453125	0.3	0.0	1	199241	n/a
97.2939453125	0.3	1.0	2	199258	n/a
97.30224609375	0.3	1.0	2	199275	n/a
97.310546875	0.3	0.0	1	199292	n/a
97.31884765625	0.3	1.0	2	199309	n/a
97.3271484375	0.3	0.0	1	199326	n/a
97.3359375	0.3	0.0	1	199344	n/a
97.34423828125	0.3	1.0	2	199361	n/a
97.3525390625	0.3	0.0	1	199378	n/a
97.36083984375	0.3	1.0	2	199395	n/a
97.369140625	0.3	0.0	1	199412	n/a
97.37744140625	0.3	1.0	2	199429	n/a
97.3857421875	0.3	1.0	2	199446	n/a
97.39404296875	0.3	0.0	1	199463	n/a
97.40234375	0.3	1.0	2	199480	n/a
97.41064453125	0.3	0.0	1	199497	n/a
97.4189453125	0.3	1.0	2	199514	n/a
97.42724609375	0.3	0.0	1	199531	n/a
97.435546875	0.3	1.0	2	199548	n/a
97.44384765625	0.3	0.0	1	199565	n/a
97.4521484375	0.3	0.0	1	199582	n/a
97.4609375	0.3	1.0	2	199600	n/a
97.46923828125	0.3	1.0	2	199617	n/a
97.4775390625	0.3	0.0	1	199634	n/a
97.48583984375	0.3	1.0	2	199651	n/a
97.494140625	0.3	0.0	1	199668	n/a
97.50244140625	0.3	0.0	1	199685	n/a
97.5107421875	0.3	1.0	2	199702	n/a
97.51904296875	0.3	1.0	2	199719	n/a
97.52734375	0.3	0.0	1	199736	n/a
97.53564453125	0.3	0.0	1	199753	n/a
97.5439453125	0.3	1.0	2	199770	n/a
97.55224609375	0.3	1.0	2	199787	n/a
97.560546875	0.3	0.0	1	199804	n/a
97.56884765625	0.3	0.0	1	199821	n/a
97.5771484375	0.3	1.0	2	199838	n/a
97.5859375	0.3	0.0	1	199856	n/a
97.59423828125	0.3	1.0	2	199873	n/a
97.6025390625	0.3	1.0	2	199890	n/a
97.61083984375	0.3	0.0	1	199907	n/a
97.619140625	0.3	1.0	2	199924	n/a
97.62744140625	0.3	0.0	1	199941	n/a
97.6357421875	0.3	0.0	1	199958	n/a
97.64404296875	0.3	1.0	2	199975	n/a
97.65234375	0.3	0.0	1	199992	n/a
97.66064453125	0.3	1.0	2	200009	n/a
97.6689453125	0.3	1.0	2	200026	n/a
97.67724609375	0.3	0.0	1	200043	n/a
97.685546875	0.3	1.0	2	200060	n/a
97.69384765625	0.3	0.0	1	200077	n/a
97.7021484375	0.3	1.0	2	200094	n/a
97.7109375	0.3	0.0	1	200112	n/a
97.71923828125	0.3	0.0	1	200129	n/a
97.7275390625	0.3	1.0	2	200146	n/a
97.73583984375	0.3	0.0	1	200163	n/a
97.744140625	0.3	1.0	2	200180	n/a
97.75244140625	0.3	0.0	1	200197	n/a
97.7607421875	0.3	1.0	2	200214	n/a
97.76904296875	0.3	1.0	2	200231	n/a
97.77734375	0.3	0.0	1	200248	n/a
97.78564453125	0.3	1.0	2	200265	n/a
97.7939453125	0.3	0.0	1	200282	n/a
97.80224609375	0.3	0.0	1	200299	n/a
97.810546875	0.3	1.0	2	200316	n/a
97.81884765625	0.3	0.0	1	200333	n/a
97.8271484375	0.3	1.0	2	200350	n/a
97.8359375	0.3	0.0	1	200368	n/a
97.84423828125	0.3	1.0	2	200385	n/a
97.8525390625	0.3	1.0	2	200402	n/a
97.86083984375	0.3	0.0	1	200419	n/a
97.869140625	0.3	1.0	2	200436	n/a
97.87744140625	0.3	0.0	1	200453	n/a
97.8857421875	0.3	0.0	1	200470	n/a
97.89404296875	0.3	1.0	2	200487	n/a
97.90234375	0.3	1.0	2	200504	n/a
97.91064453125	0.3	0.0	1	200521	n/a
97.9189453125	0.3	1.0	2	200538	n/a
97.92724609375	0.3	0.0	1	200555	n/a
97.935546875	0.3	0.0	1	200572	n/a
97.94384765625	0.3	1.0	2	200589	n/a
97.9521484375	0.3	0.0	1	200606	n/a
97.9609375	0.3	1.0	2	200624	n/a
97.96923828125	0.3	0.0	1	200641	n/a
97.9775390625	0.3	1.0	2	200658	n/a
97.98583984375	0.3	1.0	2	200675	n/a
97.994140625	0.3	0.0	1	200692	n/a
98.00244140625	0.3	0.0	1	200709	n/a
98.0107421875	0.3	1.0	2	200726	n/a
98.01904296875	0.3	1.0	2	200743	n/a
98.02734375	0.3	0.0	1	200760	n/a
98.03564453125	0.3	0.0	1	200777	n/a
98.0439453125	0.3	1.0	2	200794	n/a
98.05224609375	0.3	0.0	1	200811	n/a
98.060546875	0.3	1.0	2	200828	n/a
98.06884765625	0.3	1.0	2	200845	n/a
98.0771484375	0.3	0.0	1	200862	n/a
98.0859375	0.3	0.0	1	200880	n/a
98.09423828125	0.3	1.0	2	200897	n/a
98.1025390625	0.3	0.0	1	200914	n/a
98.11083984375	0.3	1.0	2	200931	n/a
98.119140625	0.3	1.0	2	200948	n/a
98.12744140625	0.3	0.0	1	200965	n/a
98.1357421875	0.3	1.0	2	200982	n/a
98.14404296875	0.3	0.0	1	200999	n/a
98.15234375	0.3	1.0	2	201016	n/a
98.16064453125	0.3	0.0	1	201033	n/a
98.1689453125	0.3	0.0	1	201050	n/a
98.17724609375	0.3	1.0	2	201067	n/a
98.185546875	0.3	0.0	1	201084	n/a
98.19384765625	0.3	1.0	2	201101	n/a
98.2021484375	0.3	0.0	1	201118	n/a
98.2109375	0.3	1.0	2	201136	n/a
98.21923828125	0.3	1.0	2	201153	n/a
98.2275390625	0.3	0.0	1	201170	n/a
98.23583984375	0.3	1.0	2	201187	n/a
98.244140625	0.3	0.0	1	201204	n/a
98.25244140625	0.3	1.0	2	201221	n/a
98.2607421875	0.3	0.0	1	201238	n/a
98.26904296875	0.3	0.0	1	201255	n/a
98.27734375	0.3	1.0	2	201272	n/a
98.28564453125	0.3	1.0	2	201289	n/a
98.2939453125	0.3	0.0	1	201306	n/a
98.30224609375	0.3	0.0	1	201323	n/a
98.310546875	0.3	1.0	2	201340	n/a
98.31884765625	0.3	0.0	1	201357	n/a
98.3271484375	0.3	1.0	2	201374	n/a
98.3359375	0.3	0.0	1	201392	n/a
98.34423828125	0.3	1.0	2	201409	n/a
98.3525390625	0.3	1.0	2	201426	n/a
98.36083984375	0.3	0.0	1	201443	n/a
98.369140625	0.3	1.0	2	201460	n/a
98.37744140625	0.3	0.0	1	201477	n/a
98.3857421875	0.3	0.0	1	201494	n/a
98.39404296875	0.3	1.0	2	201511	n/a
98.40234375	0.3	0.0	1	201528	n/a
98.41064453125	0.3	1.0	2	201545	n/a
98.4189453125	0.3	0.0	1	201562	n/a
98.42724609375	0.3	1.0	2	201579	n/a
98.435546875	0.3	1.0	2	201596	n/a
98.44384765625	0.3	0.0	1	201613	n/a
98.4521484375	0.3	1.0	2	201630	n/a
98.4609375	0.3	0.0	1	201648	n/a
98.46923828125	0.3	1.0	2	201665	n/a
98.4775390625	0.3	0.0	1	201682	n/a
98.48583984375	0.3	1.0	2	201699	n/a
98.494140625	0.3	0.0	1	201716	n/a
98.50244140625	0.3	0.0	1	201733	n/a
98.5107421875	0.3	1.0	2	201750	n/a
98.51904296875	0.3	1.0	2	201767	n/a
98.52734375	0.3	0.0	1	201784	n/a
98.53564453125	0.3	1.0	2	201801	n/a
98.5439453125	0.3	0.0	1	201818	n/a
98.55224609375	0.3	0.0	1	201835	n/a
98.560546875	0.3	1.0	2	201852	n/a
98.56884765625	0.3	1.0	2	201869	n/a
98.5771484375	0.3	0.0	1	201886	n/a
98.5859375	0.3	0.0	1	201904	n/a
98.59423828125	0.3	1.0	2	201921	n/a
98.6025390625	0.3	1.0	2	201938	n/a
98.61083984375	0.3	0.0	1	201955	n/a
98.619140625	0.3	0.0	1	201972	n/a
98.62744140625	0.3	1.0	2	201989	n/a
98.6357421875	0.3	0.0	1	202006	n/a
98.64404296875	0.3	1.0	2	202023	n/a
98.65234375	0.3	1.0	2	202040	n/a
98.66064453125	0.3	0.0	1	202057	n/a
98.6689453125	0.3	1.0	2	202074	n/a
98.67724609375	0.3	0.0	1	202091	n/a
98.685546875	0.3	0.0	1	202108	n/a
98.69384765625	0.3	1.0	2	202125	n/a
98.7021484375	0.3	0.0	1	202142	n/a
98.7109375	0.3	1.0	2	202160	n/a
98.71923828125	0.3	1.0	2	202177	n/a
98.7275390625	0.3	0.0	1	202194	n/a
98.73583984375	0.3	1.0	2	202211	n/a
98.744140625	0.3	0.0	1	202228	n/a
98.75244140625	0.3	1.0	2	202245	n/a
98.7607421875	0.3	0.0	1	202262	n/a
98.76904296875	0.3	0.0	1	202279	n/a
98.77734375	0.3	1.0	2	202296	n/a
98.78564453125	0.3	0.0	1	202313	n/a
98.7939453125	0.3	1.0	2	202330	n/a
98.80224609375	0.3	0.0	1	202347	n/a
98.810546875	0.3	1.0	2	202364	n/a
98.81884765625	0.3	1.0	2	202381	n/a
98.8271484375	0.3	0.0	1	202398	n/a
98.8359375	0.3	1.0	2	202416	n/a
98.84423828125	0.3	0.0	1	202433	n/a
98.8525390625	0.3	0.0	1	202450	n/a
98.86083984375	0.3	1.0	2	202467	n/a
98.869140625	0.3	0.0	1	202484	n/a
98.87744140625	0.3	1.0	2	202501	n/a
98.8857421875	0.3	0.0	1	202518	n/a
98.89404296875	0.3	1.0	2	202535	n/a
98.90234375	0.3	1.0	2	202552	n/a
98.91064453125	0.3	0.0	1	202569	n/a
98.9189453125	0.3	1.0	2	202586	n/a
98.92724609375	0.3	0.0	1	202603	n/a
98.935546875	0.3	0.0	1	202620	n/a
98.94384765625	0.3	1.0	2	202637	n/a
98.9521484375	0.3	1.0	2	202654	n/a
98.9609375	0.3	0.0	1	202672	n/a
98.96923828125	0.3	1.0	2	202689	n/a
98.9775390625	0.3	0.0	1	202706	n/a
98.98583984375	0.3	0.0	1	202723	n/a
98.994140625	0.3	1.0	2	202740	n/a
99.00244140625	0.3	0.0	1	202757	n/a
99.0107421875	0.3	1.0	2	202774	n/a
99.01904296875	0.3	0.0	1	202791	n/a
99.02734375	0.3	1.0	2	202808	n/a
99.03564453125	0.3	1.0	2	202825	n/a
99.0439453125	0.3	0.0	1	202842	n/a
99.05224609375	0.3	0.0	1	202859	n/a
99.060546875	0.3	1.0	2	202876	n/a
99.06884765625	0.3	1.0	2	202893	n/a
99.0771484375	0.3	0.0	1	202910	n/a
99.0859375	0.3	0.0	1	202928	n/a
99.09423828125	0.3	1.0	2	202945	n/a
99.1025390625	0.3	0.0	1	202962	n/a
99.11083984375	0.3	1.0	2	202979	n/a
99.119140625	0.3	1.0	2	202996	n/a
99.12744140625	0.3	0.0	1	203013	n/a
99.1357421875	0.3	0.0	1	203030	n/a
99.14404296875	0.3	1.0	2	203047	n/a
99.15234375	0.3	0.0	1	203064	n/a
99.16064453125	0.3	1.0	2	203081	n/a
99.1689453125	0.3	1.0	2	203098	n/a
99.17724609375	0.3	0.0	1	203115	n/a
99.185546875	0.3	1.0	2	203132	n/a
99.19384765625	0.3	0.0	1	203149	n/a
99.2021484375	0.3	1.0	2	203166	n/a
99.2109375	0.3	0.0	1	203184	n/a
99.21923828125	0.3	0.0	1	203201	n/a
99.2275390625	0.3	1.0	2	203218	n/a
99.23583984375	0.3	0.0	1	203235	n/a
99.244140625	0.3	1.0	2	203252	n/a
99.25244140625	0.3	0.0	1	203269	n/a
99.2607421875	0.3	1.0	2	203286	n/a
99.26904296875	0.3	1.0	2	203303	n/a
99.27734375	0.3	0.0	1	203320	n/a
99.28564453125	0.3	1.0	2	203337	n/a
99.2939453125	0.3	0.0	1	203354	n/a
99.30224609375	0.3	1.0	2	203371	n/a
99.310546875	0.3	0.0	1	203388	n/a
99.31884765625	0.3	0.0	1	203405	n/a
99.3271484375	0.3	1.0	2	203422	n/a
99.3359375	0.3	1.0	2	203440	n/a
99.34423828125	0.3	0.0	1	203457	n/a
99.3525390625	0.3	0.0	1	203474	n/a
99.36083984375	0.3	1.0	2	203491	n/a
99.369140625	0.3	0.0	1	203508	n/a
99.37744140625	0.3	1.0	2	203525	n/a
99.3857421875	0.3	0.0	1	203542	n/a
99.39404296875	0.3	1.0	2	203559	n/a
99.40234375	0.3	1.0	2	203576	n/a
99.41064453125	0.3	0.0	1	203593	n/a
99.4189453125	0.3	1.0	2	203610	n/a
99.42724609375	0.3	0.0	1	203627	n/a
99.435546875	0.3	0.0	1	203644	n/a
99.44384765625	0.3	1.0	2	203661	n/a
99.4521484375	0.3	0.0	1	203678	n/a
99.4609375	0.3	1.0	2	203696	n/a
99.46923828125	0.3	0.0	1	203713	n/a
99.4775390625	0.3	1.0	2	203730	n/a
99.48583984375	0.3	1.0	2	203747	n/a
99.494140625	0.3	0.0	1	203764	n/a
99.50244140625	0.3	1.0	2	203781	n/a
99.5107421875	0.3	0.0	1	203798	n/a
99.51904296875	0.3	1.0	2	203815	n/a
99.52734375	0.3	0.0	1	203832	n/a
99.53564453125	0.3	1.0	2	203849	n/a
99.5439453125	0.3	0.0	1	203866	n/a
99.55224609375	0.3	0.0	1	203883	n/a
99.560546875	0.3	1.0	2	203900	n/a
99.56884765625	0.3	1.0	2	203917	n/a
99.5771484375	0.3	0.0	1	203934	n/a
99.5859375	0.3	1.0	2	203952	n/a
99.59423828125	0.3	0.0	1	203969	n/a
99.6025390625	0.3	0.0	1	203986	n/a
99.61083984375	0.3	1.0	2	204003	n/a
99.619140625	0.3	1.0	2	204020	n/a
99.62744140625	0.3	0.0	1	204037	n/a
99.6357421875	0.3	0.0	1	204054	n/a
99.64404296875	0.3	1.0	2	204071	n/a
99.65234375	0.3	1.0	2	204088	n/a
99.66064453125	0.3	0.0	1	204105	n/a
99.6689453125	0.3	0.0	1	204122	n/a
99.67724609375	0.3	1.0	2	204139	n/a
99.685546875	0.3	0.0	1	204156	n/a
99.69384765625	0.3	1.0	2	204173	n/a
99.7021484375	0.3	1.0	2	204190	n/a
99.7109375	0.3	0.0	1	204208	n/a
99.71923828125	0.3	1.0	2	204225	n/a
99.7275390625	0.3	0.0	1	204242	n/a
99.73583984375	0.3	0.0	1	204259	n/a
99.744140625	0.3	1.0	2	204276	n/a
99.75244140625	0.3	0.0	1	204293	n/a
99.7607421875	0.3	1.0	2	204310	n/a
99.76904296875	0.3	1.0	2	204327	n/a
99.77734375	0.3	0.0	1	204344	n/a
99.78564453125	0.3	1.0	2	204361	n/a
99.7939453125	0.3	0.0	1	204378	n/a
99.80224609375	0.3	1.0	2	204395	n/a
99.810546875	0.3	0.0	1	204412	n/a
99.81884765625	0.3	0.0	1	204429	n/a
99.8271484375	0.3	1.0	2	204446	n/a
99.8359375	0.3	0.0	1	204464	n/a
99.84423828125	0.3	1.0	2	204481	n/a
99.8525390625	0.3	0.0	1	204498	n/a
99.86083984375	0.3	1.0	2	204515	n/a
99.869140625	0.3	1.0	2	204532	n/a
99.87744140625	0.3	0.0	1	204549	n/a
99.8857421875	0.3	1.0	2	204566	n/a
99.89404296875	0.3	0.0	1	204583	n/a
99.90234375	0.3	0.0	1	204600	n/a
99.91064453125	0.3	1.0	2	204617	n/a
99.9189453125	0.3	0.0	1	204634	n/a
99.92724609375	0.3	1.0	2	204651	n/a
99.935546875	0.3	0.0	1	204668	n/a
99.94384765625	0.3	1.0	2	204685	n/a
99.9521484375	0.3	1.0	2	204702	n/a
99.9609375	0.3	0.0	1	204720	n/a
99.96923828125	0.3	1.0	2	204737	n/a
99.9775390625	0.3	0.0	1	204754	n/a
99.98583984375	0.3	0.0	1	204771	n/a
99.994140625	0.3	1.0	2	204788	n/a
100.00244140625	0.3	1.0	2	204805	n/a
100.0107421875	0.3	0.0	1	204822	n/a
100.01904296875	0.3	1.0	2	204839	n/a
100.02734375	0.3	0.0	1	204856	n/a
100.03564453125	0.3	0.0	1	204873	n/a
100.0439453125	0.3	1.0	2	204890	n/a
100.05224609375	0.3	0.0	1	204907	n/a
100.060546875	0.3	1.0	2	204924	n/a
100.06884765625	0.3	0.0	1	204941	n/a
100.0771484375	0.3	1.0	2	204958	n/a
100.0859375	0.3	1.0	2	204976	n/a
100.09423828125	0.3	0.0	1	204993	n/a
100.1025390625	0.3	0.0	1	205010	n/a
100.11083984375	0.3	1.0	2	205027	n/a
100.119140625	0.3	1.0	2	205044	n/a
100.12744140625	0.3	0.0	1	205061	n/a
100.1357421875	0.3	0.0	1	205078	n/a
100.14404296875	0.3	1.0	2	205095	n/a
100.15234375	0.3	0.0	1	205112	n/a
100.16064453125	0.3	1.0	2	205129	n/a
100.1689453125	0.3	1.0	2	205146	n/a
100.17724609375	0.3	0.0	1	205163	n/a
100.185546875	0.3	0.0	1	205180	n/a
100.19384765625	0.3	1.0	2	205197	n/a
100.2021484375	0.3	0.0	1	205214	n/a
100.2109375	0.3	1.0	2	205232	n/a
100.21923828125	0.3	1.0	2	205249	n/a
100.2275390625	0.3	0.0	1	205266	n/a
100.23583984375	0.3	1.0	2	205283	n/a
100.244140625	0.3	0.0	1	205300	n/a
100.25244140625	0.3	1.0	2	205317	n/a
100.2607421875	0.3	0.0	1	205334	n/a
100.26904296875	0.3	0.0	1	205351	n/a
100.27734375	0.3	1.0	2	205368	n/a
100.28564453125	0.3	0.0	1	205385	n/a
100.2939453125	0.3	1.0	2	205402	n/a
100.30224609375	0.3	0.0	1	205419	n/a
100.310546875	0.3	1.0	2	205436	n/a
100.31884765625	0.3	1.0	2	205453	n/a
100.3271484375	0.3	0.0	1	205470	n/a
100.3359375	0.3	1.0	2	205488	n/a
100.34423828125	0.3	0.0	1	205505	n/a
100.3525390625	0.3	1.0	2	205522	n/a
100.36083984375	0.3	0.0	1	205539	n/a
100.369140625	0.3	0.0	1	205556	n/a
100.37744140625	0.3	1.0	2	205573	n/a
100.3857421875	0.3	1.0	2	205590	n/a
100.39404296875	0.3	0.0	1	205607	n/a
100.40234375	0.3	0.0	1	205624	n/a
100.41064453125	0.3	1.0	2	205641	n/a
100.4189453125	0.3	0.0	1	205658	n/a
100.42724609375	0.3	1.0	2	205675	n/a
100.435546875	0.3	0.0	1	205692	n/a
100.44384765625	0.3	1.0	2	205709	n/a
100.4521484375	0.3	1.0	2	205726	n/a
100.4609375	0.3	0.0	1	205744	n/a
100.46923828125	0.3	1.0	2	205761	n/a
100.4775390625	0.3	0.0	1	205778	n/a
100.48583984375	0.3	0.0	1	205795	n/a
100.494140625	0.3	1.0	2	205812	n/a
100.50244140625	0.3	0.0	1	205829	n/a
100.5107421875	0.3	1.0	2	205846	n/a
100.51904296875	0.3	0.0	1	205863	n/a
100.52734375	0.3	1.0	2	205880	n/a
100.53564453125	0.3	1.0	2	205897	n/a
100.5439453125	0.3	0.0	1	205914	n/a
100.55224609375	0.3	1.0	2	205931	n/a
100.560546875	0.3	0.0	1	205948	n/a
100.56884765625	0.3	1.0	2	205965	n/a
100.5771484375	0.3	0.0	1	205982	n/a
100.5859375	0.3	1.0	2	206000	n/a
100.59423828125	0.3	0.0	1	206017	n/a
100.6025390625	0.3	0.0	1	206034	n/a
100.61083984375	0.3	1.0	2	206051	n/a
100.619140625	0.3	1.0	2	206068	n/a
100.62744140625	0.3	0.0	1	206085	n/a
100.6357421875	0.3	1.0	2	206102	n/a
100.64404296875	0.3	0.0	1	206119	n/a
100.65234375	0.3	0.0	1	206136	n/a
100.66064453125	0.3	1.0	2	206153	n/a
100.6689453125	0.3	1.0	2	206170	n/a
100.67724609375	0.3	0.0	1	206187	n/a
100.685546875	0.3	0.0	1	206204	n/a
100.69384765625	0.3	1.0	2	206221	n/a
100.7021484375	0.3	1.0	2	206238	n/a
100.7109375	0.3	0.0	1	206256	n/a
100.71923828125	0.3	0.0	1	206273	n/a
100.7275390625	0.3	1.0	2	206290	n/a
100.73583984375	0.3	0.0	1	206307	n/a
100.744140625	0.3	1.0	2	206324	n/a
100.75244140625	0.3	1.0	2	206341	n/a
100.7607421875	0.3	0.0	1	206358	n/a
100.76904296875	0.3	1.0	2	206375	n/a
100.77734375	0.3	0.0	1	206392	n/a
100.78564453125	0.3	0.0	1	206409	n/a
100.7939453125	0.3	1.0	2	206426	n/a
100.80224609375	0.3	0.0	1	206443	n/a
100.810546875	0.3	1.0	2	206460	n/a
100.81884765625	0.3	1.0	2	206477	n/a
100.8271484375	0.3	0.0	1	206494	n/a
100.8359375	0.3	1.0	2	206512	n/a
100.84423828125	0.3	0.0	1	206529	n/a
100.8525390625	0.3	1.0	2	206546	n/a
100.86083984375	0.3	0.0	1	206563	n/a
100.869140625	0.3	0.0	1	206580	n/a
100.87744140625	0.3	1.0	2	206597	n/a
100.8857421875	0.3	0.0	1	206614	n/a
100.89404296875	0.3	1.0	2	206631	n/a
100.90234375	0.3	0.0	1	206648	n/a
100.91064453125	0.3	1.0	2	206665	n/a
100.9189453125	0.3	1.0	2	206682	n/a
100.92724609375	0.3	0.0	1	206699	n/a
100.935546875	0.3	1.0	2	206716	n/a
100.94384765625	0.3	0.0	1	206733	n/a
100.9521484375	0.3	0.0	1	206750	n/a
100.9609375	0.3	1.0	2	206768	n/a
100.96923828125	0.3	0.0	1	206785	n/a
100.9775390625	0.3	1.0	2	206802	n/a
100.98583984375	0.3	0.0	1	206819	n/a
100.994140625	0.3	1.0	2	206836	n/a
101.00244140625	0.3	1.0	2	206853	n/a
101.0107421875	0.3	0.0	1	206870	n/a
101.01904296875	0.3	1.0	2	206887	n/a
101.02734375	0.3	0.0	1	206904	n/a
101.03564453125	0.3	0.0	1	206921	n/a
101.0439453125	0.3	1.0	2	206938	n/a
101.05224609375	0.3	1.0	2	206955	n/a
101.060546875	0.3	0.0	1	206972	n/a
101.06884765625	0.3	1.0	2	206989	n/a
101.0771484375	0.3	0.0	1	207006	n/a
101.0859375	0.3	0.0	1	207024	n/a
101.09423828125	0.3	1.0	2	207041	n/a
101.1025390625	0.3	0.0	1	207058	n/a
101.11083984375	0.3	1.0	2	207075	n/a
101.119140625	0.3	0.0	1	207092	n/a
101.12744140625	0.3	1.0	2	207109	n/a
101.1357421875	0.3	1.0	2	207126	n/a
101.14404296875	0.3	0.0	1	207143	n/a
101.15234375	0.3	0.0	1	207160	n/a
101.16064453125	0.3	1.0	2	207177	n/a
101.1689453125	0.3	1.0	2	207194	n/a
101.17724609375	0.3	0.0	1	207211	n/a
101.185546875	0.3	0.0	1	207228	n/a
101.19384765625	0.3	1.0	2	207245	n/a
101.2021484375	0.3	0.0	1	207262	n/a
101.2109375	0.3	1.0	2	207280	n/a
103.58642578125	0.3	1.0	2	212145	30.0
103.5947265625	0.3	0.0	1	212162	n/a
103.60302734375	0.3	1.0	2	212179	n/a
103.611328125	0.3	0.0	1	212196	n/a
103.61962890625	0.3	1.0	2	212213	n/a
103.6279296875	0.3	0.0	1	212230	n/a
103.63623046875	0.3	1.0	2	212247	n/a
103.64453125	0.3	0.0	1	212264	n/a
103.6533203125	0.3	1.0	2	212282	n/a
103.66162109375	0.3	0.0	1	212299	n/a
103.669921875	0.3	0.0	1	212316	n/a
103.67822265625	0.3	1.0	2	212333	n/a
103.6865234375	0.3	1.0	2	212350	n/a
103.69482421875	0.3	0.0	1	212367	n/a
103.703125	0.3	1.0	2	212384	n/a
103.71142578125	0.3	0.0	1	212401	n/a
103.7197265625	0.3	1.0	2	212418	n/a
103.72802734375	0.3	0.0	1	212435	n/a
103.736328125	0.3	1.0	2	212452	n/a
103.74462890625	0.3	0.0	1	212469	n/a
103.7529296875	0.3	0.0	1	212486	n/a
103.76123046875	0.3	1.0	2	212503	n/a
103.76953125	0.3	0.0	1	212520	n/a
103.7783203125	0.3	1.0	2	212538	n/a
103.78662109375	0.3	1.0	2	212555	n/a
103.794921875	0.3	0.0	1	212572	n/a
103.80322265625	0.3	1.0	2	212589	n/a
103.8115234375	0.3	0.0	1	212606	n/a
103.81982421875	0.3	1.0	2	212623	n/a
103.828125	0.3	0.0	1	212640	n/a
103.83642578125	0.3	0.0	1	212657	n/a
103.8447265625	0.3	1.0	2	212674	n/a
103.85302734375	0.3	1.0	2	212691	n/a
103.861328125	0.3	0.0	1	212708	n/a
103.86962890625	0.3	0.0	1	212725	n/a
103.8779296875	0.3	1.0	2	212742	n/a
103.88623046875	0.3	1.0	2	212759	n/a
103.89453125	0.3	0.0	1	212776	n/a
103.9033203125	0.3	1.0	2	212794	n/a
103.91162109375	0.3	0.0	1	212811	n/a
103.919921875	0.3	0.0	1	212828	n/a
103.92822265625	0.3	1.0	2	212845	n/a
103.9365234375	0.3	0.0	1	212862	n/a
103.94482421875	0.3	1.0	2	212879	n/a
103.953125	0.3	0.0	1	212896	n/a
103.96142578125	0.3	1.0	2	212913	n/a
103.9697265625	0.3	0.0	1	212930	n/a
103.97802734375	0.3	1.0	2	212947	n/a
103.986328125	0.3	1.0	2	212964	n/a
103.99462890625	0.3	0.0	1	212981	n/a
104.0029296875	0.3	0.0	1	212998	n/a
104.01123046875	0.3	1.0	2	213015	n/a
104.01953125	0.3	1.0	2	213032	n/a
104.0283203125	0.3	0.0	1	213050	n/a
104.03662109375	0.3	1.0	2	213067	n/a
104.044921875	0.3	0.0	1	213084	n/a
104.05322265625	0.3	1.0	2	213101	n/a
104.0615234375	0.3	0.0	1	213118	n/a
104.06982421875	0.3	0.0	1	213135	n/a
104.078125	0.3	1.0	2	213152	n/a
104.08642578125	0.3	0.0	1	213169	n/a
104.0947265625	0.3	1.0	2	213186	n/a
104.10302734375	0.3	0.0	1	213203	n/a
104.111328125	0.3	1.0	2	213220	n/a
104.11962890625	0.3	1.0	2	213237	n/a
104.1279296875	0.3	0.0	1	213254	n/a
104.13623046875	0.3	1.0	2	213271	n/a
104.14453125	0.3	0.0	1	213288	n/a
104.1533203125	0.3	0.0	1	213306	n/a
104.16162109375	0.3	1.0	2	213323	n/a
104.169921875	0.3	1.0	2	213340	n/a
104.17822265625	0.3	0.0	1	213357	n/a
104.1865234375	0.3	1.0	2	213374	n/a
104.19482421875	0.3	0.0	1	213391	n/a
104.203125	0.3	0.0	1	213408	n/a
104.21142578125	0.3	1.0	2	213425	n/a
104.2197265625	0.3	1.0	2	213442	n/a
104.22802734375	0.3	0.0	1	213459	n/a
104.236328125	0.3	0.0	1	213476	n/a
104.24462890625	0.3	1.0	2	213493	n/a
104.2529296875	0.3	0.0	1	213510	n/a
104.26123046875	0.3	1.0	2	213527	n/a
104.26953125	0.3	1.0	2	213544	n/a
104.2783203125	0.3	0.0	1	213562	n/a
104.28662109375	0.3	0.0	1	213579	n/a
104.294921875	0.3	1.0	2	213596	n/a
104.30322265625	0.3	0.0	1	213613	n/a
104.3115234375	0.3	1.0	2	213630	n/a
104.31982421875	0.3	0.0	1	213647	n/a
104.328125	0.3	1.0	2	213664	n/a
104.33642578125	0.3	1.0	2	213681	n/a
104.3447265625	0.3	0.0	1	213698	n/a
104.35302734375	0.3	0.0	1	213715	n/a
104.361328125	0.3	1.0	2	213732	n/a
104.36962890625	0.3	0.0	1	213749	n/a
104.3779296875	0.3	1.0	2	213766	n/a
104.38623046875	0.3	1.0	2	213783	n/a
104.39453125	0.3	0.0	1	213800	n/a
104.4033203125	0.3	1.0	2	213818	n/a
104.41162109375	0.3	0.0	1	213835	n/a
104.419921875	0.3	0.0	1	213852	n/a
104.42822265625	0.3	1.0	2	213869	n/a
104.4365234375	0.3	0.0	1	213886	n/a
104.44482421875	0.3	1.0	2	213903	n/a
104.453125	0.3	1.0	2	213920	n/a
104.46142578125	0.3	0.0	1	213937	n/a
104.4697265625	0.3	0.0	1	213954	n/a
104.47802734375	0.3	1.0	2	213971	n/a
104.486328125	0.3	1.0	2	213988	n/a
104.49462890625	0.3	0.0	1	214005	n/a
104.5029296875	0.3	0.0	1	214022	n/a
104.51123046875	0.3	1.0	2	214039	n/a
104.51953125	0.3	1.0	2	214056	n/a
104.5283203125	0.3	0.0	1	214074	n/a
104.53662109375	0.3	0.0	1	214091	n/a
104.544921875	0.3	1.0	2	214108	n/a
104.55322265625	0.3	0.0	1	214125	n/a
104.5615234375	0.3	1.0	2	214142	n/a
104.56982421875	0.3	0.0	1	214159	n/a
104.578125	0.3	1.0	2	214176	n/a
104.58642578125	0.3	0.0	1	214193	n/a
104.5947265625	0.3	1.0	2	214210	n/a
104.60302734375	0.3	0.0	1	214227	n/a
104.611328125	0.3	1.0	2	214244	n/a
104.61962890625	0.3	0.0	1	214261	n/a
104.6279296875	0.3	1.0	2	214278	n/a
104.63623046875	0.3	1.0	2	214295	n/a
104.64453125	0.3	0.0	1	214312	n/a
104.6533203125	0.3	1.0	2	214330	n/a
104.66162109375	0.3	0.0	1	214347	n/a
104.669921875	0.3	1.0	2	214364	n/a
104.67822265625	0.3	0.0	1	214381	n/a
104.6865234375	0.3	1.0	2	214398	n/a
104.69482421875	0.3	0.0	1	214415	n/a
104.703125	0.3	1.0	2	214432	n/a
104.71142578125	0.3	0.0	1	214449	n/a
104.7197265625	0.3	0.0	1	214466	n/a
104.72802734375	0.3	1.0	2	214483	n/a
104.736328125	0.3	1.0	2	214500	n/a
104.74462890625	0.3	0.0	1	214517	n/a
104.7529296875	0.3	1.0	2	214534	n/a
104.76123046875	0.3	0.0	1	214551	n/a
104.76953125	0.3	1.0	2	214568	n/a
104.7783203125	0.3	0.0	1	214586	n/a
104.78662109375	0.3	1.0	2	214603	n/a
104.794921875	0.3	0.0	1	214620	n/a
104.80322265625	0.3	0.0	1	214637	n/a
104.8115234375	0.3	1.0	2	214654	n/a
104.81982421875	0.3	0.0	1	214671	n/a
104.828125	0.3	1.0	2	214688	n/a
104.83642578125	0.3	1.0	2	214705	n/a
104.8447265625	0.3	0.0	1	214722	n/a
104.85302734375	0.3	1.0	2	214739	n/a
104.861328125	0.3	0.0	1	214756	n/a
104.86962890625	0.3	1.0	2	214773	n/a
104.8779296875	0.3	0.0	1	214790	n/a
104.88623046875	0.3	0.0	1	214807	n/a
104.89453125	0.3	1.0	2	214824	n/a
104.9033203125	0.3	1.0	2	214842	n/a
104.91162109375	0.3	0.0	1	214859	n/a
104.919921875	0.3	0.0	1	214876	n/a
104.92822265625	0.3	1.0	2	214893	n/a
104.9365234375	0.3	1.0	2	214910	n/a
104.94482421875	0.3	0.0	1	214927	n/a
104.953125	0.3	1.0	2	214944	n/a
104.96142578125	0.3	0.0	1	214961	n/a
104.9697265625	0.3	0.0	1	214978	n/a
104.97802734375	0.3	1.0	2	214995	n/a
104.986328125	0.3	0.0	1	215012	n/a
104.99462890625	0.3	1.0	2	215029	n/a
105.0029296875	0.3	0.0	1	215046	n/a
105.01123046875	0.3	1.0	2	215063	n/a
105.01953125	0.3	0.0	1	215080	n/a
105.0283203125	0.3	1.0	2	215098	n/a
105.03662109375	0.3	1.0	2	215115	n/a
105.044921875	0.3	0.0	1	215132	n/a
105.05322265625	0.3	0.0	1	215149	n/a
105.0615234375	0.3	1.0	2	215166	n/a
105.06982421875	0.3	1.0	2	215183	n/a
105.078125	0.3	0.0	1	215200	n/a
105.08642578125	0.3	1.0	2	215217	n/a
105.0947265625	0.3	0.0	1	215234	n/a
105.10302734375	0.3	1.0	2	215251	n/a
105.111328125	0.3	0.0	1	215268	n/a
105.11962890625	0.3	0.0	1	215285	n/a
105.1279296875	0.3	1.0	2	215302	n/a
105.13623046875	0.3	0.0	1	215319	n/a
105.14453125	0.3	1.0	2	215336	n/a
105.1533203125	0.3	0.0	1	215354	n/a
105.16162109375	0.3	1.0	2	215371	n/a
105.169921875	0.3	1.0	2	215388	n/a
105.17822265625	0.3	0.0	1	215405	n/a
105.1865234375	0.3	1.0	2	215422	n/a
105.19482421875	0.3	0.0	1	215439	n/a
105.203125	0.3	0.0	1	215456	n/a
105.21142578125	0.3	1.0	2	215473	n/a
105.2197265625	0.3	1.0	2	215490	n/a
105.22802734375	0.3	0.0	1	215507	n/a
105.236328125	0.3	1.0	2	215524	n/a
105.24462890625	0.3	0.0	1	215541	n/a
105.2529296875	0.3	0.0	1	215558	n/a
105.26123046875	0.3	1.0	2	215575	n/a
105.26953125	0.3	1.0	2	215592	n/a
105.2783203125	0.3	0.0	1	215610	n/a
105.28662109375	0.3	0.0	1	215627	n/a
105.294921875	0.3	1.0	2	215644	n/a
105.30322265625	0.3	0.0	1	215661	n/a
105.3115234375	0.3	1.0	2	215678	n/a
105.31982421875	0.3	1.0	2	215695	n/a
105.328125	0.3	0.0	1	215712	n/a
105.33642578125	0.3	0.0	1	215729	n/a
105.3447265625	0.3	1.0	2	215746	n/a
105.35302734375	0.3	0.0	1	215763	n/a
105.361328125	0.3	1.0	2	215780	n/a
105.36962890625	0.3	0.0	1	215797	n/a
105.3779296875	0.3	1.0	2	215814	n/a
105.38623046875	0.3	1.0	2	215831	n/a
105.39453125	0.3	0.0	1	215848	n/a
105.4033203125	0.3	0.0	1	215866	n/a
105.41162109375	0.3	1.0	2	215883	n/a
105.419921875	0.3	0.0	1	215900	n/a
105.42822265625	0.3	1.0	2	215917	n/a
105.4365234375	0.3	1.0	2	215934	n/a
105.44482421875	0.3	0.0	1	215951	n/a
105.453125	0.3	1.0	2	215968	n/a
105.46142578125	0.3	0.0	1	215985	n/a
105.4697265625	0.3	0.0	1	216002	n/a
105.47802734375	0.3	1.0	2	216019	n/a
105.486328125	0.3	0.0	1	216036	n/a
105.49462890625	0.3	1.0	2	216053	n/a
105.5029296875	0.3	1.0	2	216070	n/a
105.51123046875	0.3	0.0	1	216087	n/a
105.51953125	0.3	0.0	1	216104	n/a
105.5283203125	0.3	1.0	2	216122	n/a
105.53662109375	0.3	1.0	2	216139	n/a
105.544921875	0.3	0.0	1	216156	n/a
105.55322265625	0.3	0.0	1	216173	n/a
105.5615234375	0.3	1.0	2	216190	n/a
105.56982421875	0.3	1.0	2	216207	n/a
105.578125	0.3	0.0	1	216224	n/a
105.58642578125	0.3	0.0	1	216241	n/a
105.5947265625	0.3	1.0	2	216258	n/a
105.60302734375	0.3	0.0	1	216275	n/a
105.611328125	0.3	1.0	2	216292	n/a
105.61962890625	0.3	0.0	1	216309	n/a
105.6279296875	0.3	1.0	2	216326	n/a
105.63623046875	0.3	0.0	1	216343	n/a
105.64453125	0.3	1.0	2	216360	n/a
105.6533203125	0.3	0.0	1	216378	n/a
105.66162109375	0.3	1.0	2	216395	n/a
105.669921875	0.3	0.0	1	216412	n/a
105.67822265625	0.3	1.0	2	216429	n/a
105.6865234375	0.3	1.0	2	216446	n/a
105.69482421875	0.3	0.0	1	216463	n/a
105.703125	0.3	1.0	2	216480	n/a
105.71142578125	0.3	0.0	1	216497	n/a
105.7197265625	0.3	1.0	2	216514	n/a
105.72802734375	0.3	0.0	1	216531	n/a
105.736328125	0.3	1.0	2	216548	n/a
105.74462890625	0.3	0.0	1	216565	n/a
105.7529296875	0.3	1.0	2	216582	n/a
105.76123046875	0.3	0.0	1	216599	n/a
105.76953125	0.3	0.0	1	216616	n/a
105.7783203125	0.3	1.0	2	216634	n/a
105.78662109375	0.3	1.0	2	216651	n/a
105.794921875	0.3	0.0	1	216668	n/a
105.80322265625	0.3	1.0	2	216685	n/a
105.8115234375	0.3	0.0	1	216702	n/a
105.81982421875	0.3	1.0	2	216719	n/a
105.828125	0.3	0.0	1	216736	n/a
105.83642578125	0.3	1.0	2	216753	n/a
105.8447265625	0.3	0.0	1	216770	n/a
105.85302734375	0.3	0.0	1	216787	n/a
105.861328125	0.3	1.0	2	216804	n/a
105.86962890625	0.3	0.0	1	216821	n/a
105.8779296875	0.3	1.0	2	216838	n/a
105.88623046875	0.3	1.0	2	216855	n/a
105.89453125	0.3	0.0	1	216872	n/a
105.9033203125	0.3	1.0	2	216890	n/a
105.91162109375	0.3	0.0	1	216907	n/a
105.919921875	0.3	1.0	2	216924	n/a
105.92822265625	0.3	0.0	1	216941	n/a
105.9365234375	0.3	0.0	1	216958	n/a
105.94482421875	0.3	1.0	2	216975	n/a
105.953125	0.3	1.0	2	216992	n/a
105.96142578125	0.3	0.0	1	217009	n/a
105.9697265625	0.3	0.0	1	217026	n/a
105.97802734375	0.3	1.0	2	217043	n/a
105.986328125	0.3	1.0	2	217060	n/a
105.99462890625	0.3	0.0	1	217077	n/a
106.0029296875	0.3	1.0	2	217094	n/a
106.01123046875	0.3	0.0	1	217111	n/a
106.01953125	0.3	0.0	1	217128	n/a
106.0283203125	0.3	1.0	2	217146	n/a
106.03662109375	0.3	0.0	1	217163	n/a
106.044921875	0.3	1.0	2	217180	n/a
106.05322265625	0.3	0.0	1	217197	n/a
106.0615234375	0.3	1.0	2	217214	n/a
106.06982421875	0.3	0.0	1	217231	n/a
106.078125	0.3	1.0	2	217248	n/a
106.08642578125	0.3	1.0	2	217265	n/a
106.0947265625	0.3	0.0	1	217282	n/a
106.10302734375	0.3	0.0	1	217299	n/a
106.111328125	0.3	1.0	2	217316	n/a
106.11962890625	0.3	1.0	2	217333	n/a
106.1279296875	0.3	0.0	1	217350	n/a
106.13623046875	0.3	1.0	2	217367	n/a
106.14453125	0.3	0.0	1	217384	n/a
106.1533203125	0.3	1.0	2	217402	n/a
106.16162109375	0.3	0.0	1	217419	n/a
106.169921875	0.3	0.0	1	217436	n/a
106.17822265625	0.3	1.0	2	217453	n/a
106.1865234375	0.3	0.0	1	217470	n/a
106.19482421875	0.3	1.0	2	217487	n/a
106.203125	0.3	0.0	1	217504	n/a
106.21142578125	0.3	1.0	2	217521	n/a
106.2197265625	0.3	1.0	2	217538	n/a
106.22802734375	0.3	0.0	1	217555	n/a
106.236328125	0.3	1.0	2	217572	n/a
106.24462890625	0.3	0.0	1	217589	n/a
106.2529296875	0.3	0.0	1	217606	n/a
106.26123046875	0.3	1.0	2	217623	n/a
106.26953125	0.3	1.0	2	217640	n/a
106.2783203125	0.3	0.0	1	217658	n/a
106.28662109375	0.3	1.0	2	217675	n/a
106.294921875	0.3	0.0	1	217692	n/a
106.30322265625	0.3	0.0	1	217709	n/a
106.3115234375	0.3	1.0	2	217726	n/a
106.31982421875	0.3	1.0	2	217743	n/a
106.328125	0.3	0.0	1	217760	n/a
106.33642578125	0.3	0.0	1	217777	n/a
106.3447265625	0.3	1.0	2	217794	n/a
106.35302734375	0.3	0.0	1	217811	n/a
106.361328125	0.3	1.0	2	217828	n/a
106.36962890625	0.3	1.0	2	217845	n/a
106.3779296875	0.3	0.0	1	217862	n/a
106.38623046875	0.3	0.0	1	217879	n/a
106.39453125	0.3	1.0	2	217896	n/a
106.4033203125	0.3	0.0	1	217914	n/a
106.41162109375	0.3	1.0	2	217931	n/a
106.419921875	0.3	0.0	1	217948	n/a
106.42822265625	0.3	1.0	2	217965	n/a
106.4365234375	0.3	1.0	2	217982	n/a
106.44482421875	0.3	0.0	1	217999	n/a
106.453125	0.3	0.0	1	218016	n/a
106.46142578125	0.3	1.0	2	218033	n/a
106.4697265625	0.3	0.0	1	218050	n/a
106.47802734375	0.3	1.0	2	218067	n/a
106.486328125	0.3	1.0	2	218084	n/a
106.49462890625	0.3	0.0	1	218101	n/a
106.5029296875	0.3	1.0	2	218118	n/a
106.51123046875	0.3	0.0	1	218135	n/a
106.51953125	0.3	0.0	1	218152	n/a
106.5283203125	0.3	1.0	2	218170	n/a
106.53662109375	0.3	0.0	1	218187	n/a
106.544921875	0.3	1.0	2	218204	n/a
106.55322265625	0.3	1.0	2	218221	n/a
106.5615234375	0.3	0.0	1	218238	n/a
106.56982421875	0.3	0.0	1	218255	n/a
106.578125	0.3	1.0	2	218272	n/a
106.58642578125	0.3	1.0	2	218289	n/a
106.5947265625	0.3	0.0	1	218306	n/a
106.60302734375	0.3	0.0	1	218323	n/a
106.611328125	0.3	1.0	2	218340	n/a
106.61962890625	0.3	1.0	2	218357	n/a
106.6279296875	0.3	0.0	1	218374	n/a
106.63623046875	0.3	0.0	1	218391	n/a
106.64453125	0.3	1.0	2	218408	n/a
106.6533203125	0.3	0.0	1	218426	n/a
106.66162109375	0.3	1.0	2	218443	n/a
106.669921875	0.3	0.0	1	218460	n/a
106.67822265625	0.3	1.0	2	218477	n/a
106.6865234375	0.3	0.0	1	218494	n/a
106.69482421875	0.3	1.0	2	218511	n/a
106.703125	0.3	0.0	1	218528	n/a
106.71142578125	0.3	1.0	2	218545	n/a
106.7197265625	0.3	0.0	1	218562	n/a
106.72802734375	0.3	1.0	2	218579	n/a
106.736328125	0.3	1.0	2	218596	n/a
106.74462890625	0.3	0.0	1	218613	n/a
106.7529296875	0.3	1.0	2	218630	n/a
106.76123046875	0.3	0.0	1	218647	n/a
106.76953125	0.3	1.0	2	218664	n/a
106.7783203125	0.3	0.0	1	218682	n/a
106.78662109375	0.3	1.0	2	218699	n/a
106.794921875	0.3	0.0	1	218716	n/a
106.80322265625	0.3	1.0	2	218733	n/a
106.8115234375	0.3	0.0	1	218750	n/a
106.81982421875	0.3	0.0	1	218767	n/a
106.828125	0.3	1.0	2	218784	n/a
106.83642578125	0.3	1.0	2	218801	n/a
106.8447265625	0.3	0.0	1	218818	n/a
106.85302734375	0.3	1.0	2	218835	n/a
106.861328125	0.3	0.0	1	218852	n/a
106.86962890625	0.3	1.0	2	218869	n/a
106.8779296875	0.3	0.0	1	218886	n/a
106.88623046875	0.3	1.0	2	218903	n/a
106.89453125	0.3	0.0	1	218920	n/a
106.9033203125	0.3	0.0	1	218938	n/a
106.91162109375	0.3	1.0	2	218955	n/a
106.919921875	0.3	0.0	1	218972	n/a
106.92822265625	0.3	1.0	2	218989	n/a
106.9365234375	0.3	1.0	2	219006	n/a
106.94482421875	0.3	0.0	1	219023	n/a
106.953125	0.3	1.0	2	219040	n/a
106.96142578125	0.3	0.0	1	219057	n/a
106.9697265625	0.3	1.0	2	219074	n/a
106.97802734375	0.3	0.0	1	219091	n/a
106.986328125	0.3	0.0	1	219108	n/a
106.99462890625	0.3	1.0	2	219125	n/a
107.0029296875	0.3	1.0	2	219142	n/a
107.01123046875	0.3	0.0	1	219159	n/a
107.01953125	0.3	0.0	1	219176	n/a
107.0283203125	0.3	1.0	2	219194	n/a
107.03662109375	0.3	1.0	2	219211	n/a
107.044921875	0.3	0.0	1	219228	n/a
107.05322265625	0.3	1.0	2	219245	n/a
107.0615234375	0.3	0.0	1	219262	n/a
107.06982421875	0.3	0.0	1	219279	n/a
107.078125	0.3	1.0	2	219296	n/a
107.08642578125	0.3	0.0	1	219313	n/a
107.0947265625	0.3	1.0	2	219330	n/a
107.10302734375	0.3	0.0	1	219347	n/a
107.111328125	0.3	1.0	2	219364	n/a
107.11962890625	0.3	0.0	1	219381	n/a
107.1279296875	0.3	1.0	2	219398	n/a
107.13623046875	0.3	1.0	2	219415	n/a
107.14453125	0.3	0.0	1	219432	n/a
107.1533203125	0.3	0.0	1	219450	n/a
107.16162109375	0.3	1.0	2	219467	n/a
107.169921875	0.3	1.0	2	219484	n/a
107.17822265625	0.3	0.0	1	219501	n/a
107.1865234375	0.3	1.0	2	219518	n/a
107.19482421875	0.3	0.0	1	219535	n/a
107.203125	0.3	1.0	2	219552	n/a
107.21142578125	0.3	0.0	1	219569	n/a
107.2197265625	0.3	0.0	1	219586	n/a
107.22802734375	0.3	1.0	2	219603	n/a
107.236328125	0.3	0.0	1	219620	n/a
107.24462890625	0.3	1.0	2	219637	n/a
107.2529296875	0.3	0.0	1	219654	n/a
107.26123046875	0.3	1.0	2	219671	n/a
107.26953125	0.3	1.0	2	219688	n/a
107.2783203125	0.3	0.0	1	219706	n/a
107.28662109375	0.3	1.0	2	219723	n/a
107.294921875	0.3	0.0	1	219740	n/a
107.30322265625	0.3	0.0	1	219757	n/a
107.3115234375	0.3	1.0	2	219774	n/a
107.31982421875	0.3	1.0	2	219791	n/a
107.328125	0.3	0.0	1	219808	n/a
107.33642578125	0.3	1.0	2	219825	n/a
107.3447265625	0.3	0.0	1	219842	n/a
107.35302734375	0.3	0.0	1	219859	n/a
107.361328125	0.3	1.0	2	219876	n/a
107.36962890625	0.3	1.0	2	219893	n/a
107.3779296875	0.3	0.0	1	219910	n/a
107.38623046875	0.3	0.0	1	219927	n/a
107.39453125	0.3	1.0	2	219944	n/a
107.4033203125	0.3	0.0	1	219962	n/a
107.41162109375	0.3	1.0	2	219979	n/a
107.419921875	0.3	1.0	2	219996	n/a
107.42822265625	0.3	0.0	1	220013	n/a
107.4365234375	0.3	0.0	1	220030	n/a
107.44482421875	0.3	1.0	2	220047	n/a
107.453125	0.3	0.0	1	220064	n/a
107.46142578125	0.3	1.0	2	220081	n/a
107.4697265625	0.3	0.0	1	220098	n/a
107.47802734375	0.3	1.0	2	220115	n/a
107.486328125	0.3	1.0	2	220132	n/a
107.49462890625	0.3	0.0	1	220149	n/a
107.5029296875	0.3	0.0	1	220166	n/a
107.51123046875	0.3	1.0	2	220183	n/a
107.51953125	0.3	0.0	1	220200	n/a
107.5283203125	0.3	1.0	2	220218	n/a
107.53662109375	0.3	1.0	2	220235	n/a
107.544921875	0.3	0.0	1	220252	n/a
107.55322265625	0.3	1.0	2	220269	n/a
107.5615234375	0.3	0.0	1	220286	n/a
107.56982421875	0.3	0.0	1	220303	n/a
107.578125	0.3	1.0	2	220320	n/a
107.58642578125	0.3	0.0	1	220337	n/a
107.5947265625	0.3	1.0	2	220354	n/a
107.60302734375	0.3	1.0	2	220371	n/a
107.611328125	0.3	0.0	1	220388	n/a
107.61962890625	0.3	0.0	1	220405	n/a
107.6279296875	0.3	1.0	2	220422	n/a
107.63623046875	0.3	1.0	2	220439	n/a
107.64453125	0.3	0.0	1	220456	n/a
107.6533203125	0.3	0.0	1	220474	n/a
107.66162109375	0.3	1.0	2	220491	n/a
107.669921875	0.3	1.0	2	220508	n/a
107.67822265625	0.3	0.0	1	220525	n/a
107.6865234375	0.3	0.0	1	220542	n/a
107.69482421875	0.3	1.0	2	220559	n/a
107.703125	0.3	0.0	1	220576	n/a
107.71142578125	0.3	1.0	2	220593	n/a
107.7197265625	0.3	0.0	1	220610	n/a
107.72802734375	0.3	1.0	2	220627	n/a
107.736328125	0.3	0.0	1	220644	n/a
107.74462890625	0.3	1.0	2	220661	n/a
107.7529296875	0.3	0.0	1	220678	n/a
107.76123046875	0.3	1.0	2	220695	n/a
107.76953125	0.3	0.0	1	220712	n/a
107.7783203125	0.3	1.0	2	220730	n/a
110.16162109375	0.3	0.0	1	225611	23.0
110.169921875	0.3	1.0	2	225628	n/a
110.17822265625	0.3	0.0	1	225645	n/a
110.1865234375	0.3	1.0	2	225662	n/a
110.19482421875	0.3	0.0	1	225679	n/a
110.203125	0.3	1.0	2	225696	n/a
110.21142578125	0.3	1.0	2	225713	n/a
110.2197265625	0.3	0.0	1	225730	n/a
110.228515625	0.3	1.0	2	225748	n/a
110.23681640625	0.3	0.0	1	225765	n/a
110.2451171875	0.3	0.0	1	225782	n/a
110.25341796875	0.3	1.0	2	225799	n/a
110.26171875	0.3	1.0	2	225816	n/a
110.27001953125	0.3	0.0	1	225833	n/a
110.2783203125	0.3	1.0	2	225850	n/a
110.28662109375	0.3	0.0	1	225867	n/a
110.294921875	0.3	0.0	1	225884	n/a
110.30322265625	0.3	1.0	2	225901	n/a
110.3115234375	0.3	1.0	2	225918	n/a
110.31982421875	0.3	0.0	1	225935	n/a
110.328125	0.3	1.0	2	225952	n/a
110.33642578125	0.3	0.0	1	225969	n/a
110.3447265625	0.3	1.0	2	225986	n/a
110.353515625	0.3	0.0	1	226004	n/a
110.36181640625	0.3	0.0	1	226021	n/a
110.3701171875	0.3	1.0	2	226038	n/a
110.37841796875	0.3	0.0	1	226055	n/a
110.38671875	0.3	1.0	2	226072	n/a
110.39501953125	0.3	0.0	1	226089	n/a
110.4033203125	0.3	1.0	2	226106	n/a
110.41162109375	0.3	1.0	2	226123	n/a
110.419921875	0.3	0.0	1	226140	n/a
110.42822265625	0.3	1.0	2	226157	n/a
110.4365234375	0.3	0.0	1	226174	n/a
110.44482421875	0.3	0.0	1	226191	n/a
110.453125	0.3	1.0	2	226208	n/a
110.46142578125	0.3	0.0	1	226225	n/a
110.4697265625	0.3	1.0	2	226242	n/a
110.478515625	0.3	1.0	2	226260	n/a
110.48681640625	0.3	0.0	1	226277	n/a
110.4951171875	0.3	1.0	2	226294	n/a
110.50341796875	0.3	0.0	1	226311	n/a
110.51171875	0.3	0.0	1	226328	n/a
110.52001953125	0.3	1.0	2	226345	n/a
110.5283203125	0.3	1.0	2	226362	n/a
110.53662109375	0.3	0.0	1	226379	n/a
110.544921875	0.3	0.0	1	226396	n/a
110.55322265625	0.3	1.0	2	226413	n/a
110.5615234375	0.3	1.0	2	226430	n/a
110.56982421875	0.3	0.0	1	226447	n/a
110.578125	0.3	0.0	1	226464	n/a
110.58642578125	0.3	1.0	2	226481	n/a
110.5947265625	0.3	0.0	1	226498	n/a
110.603515625	0.3	1.0	2	226516	n/a
110.61181640625	0.3	0.0	1	226533	n/a
110.6201171875	0.3	1.0	2	226550	n/a
110.62841796875	0.3	1.0	2	226567	n/a
110.63671875	0.3	0.0	1	226584	n/a
110.64501953125	0.3	0.0	1	226601	n/a
110.6533203125	0.3	1.0	2	226618	n/a
110.66162109375	0.3	1.0	2	226635	n/a
110.669921875	0.3	0.0	1	226652	n/a
110.67822265625	0.3	1.0	2	226669	n/a
110.6865234375	0.3	0.0	1	226686	n/a
110.69482421875	0.3	0.0	1	226703	n/a
110.703125	0.3	1.0	2	226720	n/a
110.71142578125	0.3	0.0	1	226737	n/a
110.7197265625	0.3	1.0	2	226754	n/a
110.728515625	0.3	0.0	1	226772	n/a
110.73681640625	0.3	1.0	2	226789	n/a
110.7451171875	0.3	0.0	1	226806	n/a
110.75341796875	0.3	1.0	2	226823	n/a
110.76171875	0.3	0.0	1	226840	n/a
110.77001953125	0.3	1.0	2	226857	n/a
110.7783203125	0.3	1.0	2	226874	n/a
110.78662109375	0.3	0.0	1	226891	n/a
110.794921875	0.3	1.0	2	226908	n/a
110.80322265625	0.3	0.0	1	226925	n/a
110.8115234375	0.3	1.0	2	226942	n/a
110.81982421875	0.3	0.0	1	226959	n/a
110.828125	0.3	0.0	1	226976	n/a
110.83642578125	0.3	1.0	2	226993	n/a
110.8447265625	0.3	0.0	1	227010	n/a
110.853515625	0.3	1.0	2	227028	n/a
110.86181640625	0.3	1.0	2	227045	n/a
110.8701171875	0.3	0.0	1	227062	n/a
110.87841796875	0.3	0.0	1	227079	n/a
110.88671875	0.3	1.0	2	227096	n/a
110.89501953125	0.3	1.0	2	227113	n/a
110.9033203125	0.3	0.0	1	227130	n/a
110.91162109375	0.3	1.0	2	227147	n/a
110.919921875	0.3	0.0	1	227164	n/a
110.92822265625	0.3	0.0	1	227181	n/a
110.9365234375	0.3	1.0	2	227198	n/a
110.94482421875	0.3	1.0	2	227215	n/a
110.953125	0.3	0.0	1	227232	n/a
110.96142578125	0.3	0.0	1	227249	n/a
110.9697265625	0.3	1.0	2	227266	n/a
110.978515625	0.3	1.0	2	227284	n/a
110.98681640625	0.3	0.0	1	227301	n/a
110.9951171875	0.3	1.0	2	227318	n/a
111.00341796875	0.3	0.0	1	227335	n/a
111.01171875	0.3	1.0	2	227352	n/a
111.02001953125	0.3	0.0	1	227369	n/a
111.0283203125	0.3	1.0	2	227386	n/a
111.03662109375	0.3	0.0	1	227403	n/a
111.044921875	0.3	0.0	1	227420	n/a
111.05322265625	0.3	1.0	2	227437	n/a
111.0615234375	0.3	1.0	2	227454	n/a
111.06982421875	0.3	0.0	1	227471	n/a
111.078125	0.3	1.0	2	227488	n/a
111.08642578125	0.3	0.0	1	227505	n/a
111.0947265625	0.3	1.0	2	227522	n/a
111.103515625	0.3	0.0	1	227540	n/a
111.11181640625	0.3	0.0	1	227557	n/a
111.1201171875	0.3	1.0	2	227574	n/a
111.12841796875	0.3	1.0	2	227591	n/a
111.13671875	0.3	0.0	1	227608	n/a
111.14501953125	0.3	0.0	1	227625	n/a
111.1533203125	0.3	1.0	2	227642	n/a
111.16162109375	0.3	0.0	1	227659	n/a
111.169921875	0.3	1.0	2	227676	n/a
111.17822265625	0.3	0.0	1	227693	n/a
111.1865234375	0.3	1.0	2	227710	n/a
111.19482421875	0.3	0.0	1	227727	n/a
111.203125	0.3	1.0	2	227744	n/a
111.21142578125	0.3	0.0	1	227761	n/a
111.2197265625	0.3	1.0	2	227778	n/a
111.228515625	0.3	0.0	1	227796	n/a
111.23681640625	0.3	1.0	2	227813	n/a
111.2451171875	0.3	0.0	1	227830	n/a
111.25341796875	0.3	1.0	2	227847	n/a
111.26171875	0.3	1.0	2	227864	n/a
111.27001953125	0.3	0.0	1	227881	n/a
111.2783203125	0.3	1.0	2	227898	n/a
111.28662109375	0.3	0.0	1	227915	n/a
111.294921875	0.3	0.0	1	227932	n/a
111.30322265625	0.3	1.0	2	227949	n/a
111.3115234375	0.3	1.0	2	227966	n/a
111.31982421875	0.3	0.0	1	227983	n/a
111.328125	0.3	1.0	2	228000	n/a
111.33642578125	0.3	0.0	1	228017	n/a
111.3447265625	0.3	0.0	1	228034	n/a
111.353515625	0.3	1.0	2	228052	n/a
111.36181640625	0.3	1.0	2	228069	n/a
111.3701171875	0.3	0.0	1	228086	n/a
111.37841796875	0.3	1.0	2	228103	n/a
111.38671875	0.3	0.0	1	228120	n/a
111.39501953125	0.3	1.0	2	228137	n/a
111.4033203125	0.3	0.0	1	228154	n/a
111.41162109375	0.3	0.0	1	228171	n/a
111.419921875	0.3	1.0	2	228188	n/a
111.42822265625	0.3	0.0	1	228205	n/a
111.4365234375	0.3	1.0	2	228222	n/a
111.44482421875	0.3	0.0	1	228239	n/a
111.453125	0.3	1.0	2	228256	n/a
111.46142578125	0.3	1.0	2	228273	n/a
111.4697265625	0.3	0.0	1	228290	n/a
111.478515625	0.3	1.0	2	228308	n/a
111.48681640625	0.3	0.0	1	228325	n/a
111.4951171875	0.3	0.0	1	228342	n/a
111.50341796875	0.3	1.0	2	228359	n/a
111.51171875	0.3	0.0	1	228376	n/a
111.52001953125	0.3	1.0	2	228393	n/a
111.5283203125	0.3	1.0	2	228410	n/a
111.53662109375	0.3	0.0	1	228427	n/a
111.544921875	0.3	1.0	2	228444	n/a
111.55322265625	0.3	0.0	1	228461	n/a
111.5615234375	0.3	0.0	1	228478	n/a
111.56982421875	0.3	1.0	2	228495	n/a
111.578125	0.3	1.0	2	228512	n/a
111.58642578125	0.3	0.0	1	228529	n/a
111.5947265625	0.3	0.0	1	228546	n/a
111.603515625	0.3	1.0	2	228564	n/a
111.61181640625	0.3	1.0	2	228581	n/a
111.6201171875	0.3	0.0	1	228598	n/a
111.62841796875	0.3	0.0	1	228615	n/a
111.63671875	0.3	1.0	2	228632	n/a
111.64501953125	0.3	0.0	1	228649	n/a
111.6533203125	0.3	1.0	2	228666	n/a
111.66162109375	0.3	0.0	1	228683	n/a
111.669921875	0.3	1.0	2	228700	n/a
111.67822265625	0.3	1.0	2	228717	n/a
111.6865234375	0.3	0.0	1	228734	n/a
111.69482421875	0.3	0.0	1	228751	n/a
111.703125	0.3	1.0	2	228768	n/a
111.71142578125	0.3	1.0	2	228785	n/a
111.7197265625	0.3	0.0	1	228802	n/a
111.728515625	0.3	1.0	2	228820	n/a
111.73681640625	0.3	0.0	1	228837	n/a
111.7451171875	0.3	0.0	1	228854	n/a
111.75341796875	0.3	1.0	2	228871	n/a
111.76171875	0.3	0.0	1	228888	n/a
111.77001953125	0.3	1.0	2	228905	n/a
111.7783203125	0.3	0.0	1	228922	n/a
111.78662109375	0.3	1.0	2	228939	n/a
111.794921875	0.3	0.0	1	228956	n/a
111.80322265625	0.3	1.0	2	228973	n/a
111.8115234375	0.3	0.0	1	228990	n/a
111.81982421875	0.3	1.0	2	229007	n/a
111.828125	0.3	1.0	2	229024	n/a
111.83642578125	0.3	0.0	1	229041	n/a
111.8447265625	0.3	1.0	2	229058	n/a
111.853515625	0.3	0.0	1	229076	n/a
111.86181640625	0.3	1.0	2	229093	n/a
111.8701171875	0.3	0.0	1	229110	n/a
111.87841796875	0.3	0.0	1	229127	n/a
111.88671875	0.3	1.0	2	229144	n/a
111.89501953125	0.3	0.0	1	229161	n/a
111.9033203125	0.3	1.0	2	229178	n/a
111.91162109375	0.3	1.0	2	229195	n/a
111.919921875	0.3	0.0	1	229212	n/a
111.92822265625	0.3	0.0	1	229229	n/a
111.9365234375	0.3	1.0	2	229246	n/a
111.94482421875	0.3	1.0	2	229263	n/a
111.953125	0.3	0.0	1	229280	n/a
111.96142578125	0.3	1.0	2	229297	n/a
111.9697265625	0.3	0.0	1	229314	n/a
111.978515625	0.3	0.0	1	229332	n/a
111.98681640625	0.3	1.0	2	229349	n/a
111.9951171875	0.3	1.0	2	229366	n/a
112.00341796875	0.3	0.0	1	229383	n/a
112.01171875	0.3	0.0	1	229400	n/a
112.02001953125	0.3	1.0	2	229417	n/a
112.0283203125	0.3	1.0	2	229434	n/a
112.03662109375	0.3	0.0	1	229451	n/a
112.044921875	0.3	1.0	2	229468	n/a
112.05322265625	0.3	0.0	1	229485	n/a
112.0615234375	0.3	1.0	2	229502	n/a
112.06982421875	0.3	0.0	1	229519	n/a
112.078125	0.3	1.0	2	229536	n/a
112.08642578125	0.3	0.0	1	229553	n/a
112.0947265625	0.3	0.0	1	229570	n/a
112.103515625	0.3	1.0	2	229588	n/a
112.11181640625	0.3	1.0	2	229605	n/a
112.1201171875	0.3	0.0	1	229622	n/a
112.12841796875	0.3	1.0	2	229639	n/a
112.13671875	0.3	0.0	1	229656	n/a
112.14501953125	0.3	1.0	2	229673	n/a
112.1533203125	0.3	0.0	1	229690	n/a
112.16162109375	0.3	0.0	1	229707	n/a
112.169921875	0.3	1.0	2	229724	n/a
112.17822265625	0.3	1.0	2	229741	n/a
112.1865234375	0.3	0.0	1	229758	n/a
112.19482421875	0.3	0.0	1	229775	n/a
112.203125	0.3	1.0	2	229792	n/a
112.21142578125	0.3	0.0	1	229809	n/a
112.2197265625	0.3	1.0	2	229826	n/a
112.228515625	0.3	0.0	1	229844	n/a
112.23681640625	0.3	1.0	2	229861	n/a
112.2451171875	0.3	0.0	1	229878	n/a
112.25341796875	0.3	1.0	2	229895	n/a
112.26171875	0.3	0.0	1	229912	n/a
112.27001953125	0.3	1.0	2	229929	n/a
112.2783203125	0.3	0.0	1	229946	n/a
112.28662109375	0.3	1.0	2	229963	n/a
112.294921875	0.3	0.0	1	229980	n/a
112.30322265625	0.3	1.0	2	229997	n/a
112.3115234375	0.3	1.0	2	230014	n/a
112.31982421875	0.3	0.0	1	230031	n/a
112.328125	0.3	1.0	2	230048	n/a
112.33642578125	0.3	0.0	1	230065	n/a
112.3447265625	0.3	0.0	1	230082	n/a
112.353515625	0.3	1.0	2	230100	n/a
112.36181640625	0.3	1.0	2	230117	n/a
112.3701171875	0.3	0.0	1	230134	n/a
112.37841796875	0.3	1.0	2	230151	n/a
112.38671875	0.3	0.0	1	230168	n/a
112.39501953125	0.3	0.0	1	230185	n/a
112.4033203125	0.3	1.0	2	230202	n/a
112.41162109375	0.3	1.0	2	230219	n/a
112.419921875	0.3	0.0	1	230236	n/a
112.42822265625	0.3	1.0	2	230253	n/a
112.4365234375	0.3	0.0	1	230270	n/a
112.44482421875	0.3	1.0	2	230287	n/a
112.453125	0.3	0.0	1	230304	n/a
112.46142578125	0.3	0.0	1	230321	n/a
112.4697265625	0.3	1.0	2	230338	n/a
112.478515625	0.3	0.0	1	230356	n/a
112.48681640625	0.3	1.0	2	230373	n/a
112.4951171875	0.3	0.0	1	230390	n/a
112.50341796875	0.3	1.0	2	230407	n/a
112.51171875	0.3	1.0	2	230424	n/a
112.52001953125	0.3	0.0	1	230441	n/a
112.5283203125	0.3	1.0	2	230458	n/a
112.53662109375	0.3	0.0	1	230475	n/a
112.544921875	0.3	0.0	1	230492	n/a
112.55322265625	0.3	1.0	2	230509	n/a
112.5615234375	0.3	0.0	1	230526	n/a
112.56982421875	0.3	1.0	2	230543	n/a
112.578125	0.3	1.0	2	230560	n/a
112.58642578125	0.3	0.0	1	230577	n/a
112.5947265625	0.3	1.0	2	230594	n/a
112.603515625	0.3	0.0	1	230612	n/a
112.61181640625	0.3	0.0	1	230629	n/a
112.6201171875	0.3	1.0	2	230646	n/a
112.62841796875	0.3	1.0	2	230663	n/a
112.63671875	0.3	0.0	1	230680	n/a
112.64501953125	0.3	0.0	1	230697	n/a
112.6533203125	0.3	1.0	2	230714	n/a
112.66162109375	0.3	1.0	2	230731	n/a
112.669921875	0.3	0.0	1	230748	n/a
112.67822265625	0.3	0.0	1	230765	n/a
112.6865234375	0.3	1.0	2	230782	n/a
112.69482421875	0.3	0.0	1	230799	n/a
112.703125	0.3	1.0	2	230816	n/a
112.71142578125	0.3	0.0	1	230833	n/a
112.7197265625	0.3	1.0	2	230850	n/a
112.728515625	0.3	1.0	2	230868	n/a
112.73681640625	0.3	0.0	1	230885	n/a
112.7451171875	0.3	0.0	1	230902	n/a
112.75341796875	0.3	1.0	2	230919	n/a
112.76171875	0.3	1.0	2	230936	n/a
112.77001953125	0.3	0.0	1	230953	n/a
112.7783203125	0.3	1.0	2	230970	n/a
112.78662109375	0.3	0.0	1	230987	n/a
112.794921875	0.3	0.0	1	231004	n/a
112.80322265625	0.3	1.0	2	231021	n/a
112.8115234375	0.3	0.0	1	231038	n/a
112.81982421875	0.3	1.0	2	231055	n/a
112.828125	0.3	0.0	1	231072	n/a
112.83642578125	0.3	1.0	2	231089	n/a
112.8447265625	0.3	0.0	1	231106	n/a
112.853515625	0.3	1.0	2	231124	n/a
112.86181640625	0.3	0.0	1	231141	n/a
112.8701171875	0.3	1.0	2	231158	n/a
112.87841796875	0.3	1.0	2	231175	n/a
112.88671875	0.3	0.0	1	231192	n/a
112.89501953125	0.3	1.0	2	231209	n/a
112.9033203125	0.3	0.0	1	231226	n/a
112.91162109375	0.3	1.0	2	231243	n/a
112.919921875	0.3	0.0	1	231260	n/a
112.92822265625	0.3	0.0	1	231277	n/a
112.9365234375	0.3	1.0	2	231294	n/a
112.94482421875	0.3	0.0	1	231311	n/a
112.953125	0.3	1.0	2	231328	n/a
112.96142578125	0.3	1.0	2	231345	n/a
112.9697265625	0.3	0.0	1	231362	n/a
112.978515625	0.3	0.0	1	231380	n/a
112.98681640625	0.3	1.0	2	231397	n/a
112.9951171875	0.3	1.0	2	231414	n/a
113.00341796875	0.3	0.0	1	231431	n/a
113.01171875	0.3	1.0	2	231448	n/a
113.02001953125	0.3	0.0	1	231465	n/a
113.0283203125	0.3	0.0	1	231482	n/a
113.03662109375	0.3	1.0	2	231499	n/a
113.044921875	0.3	1.0	2	231516	n/a
113.05322265625	0.3	0.0	1	231533	n/a
113.0615234375	0.3	0.0	1	231550	n/a
113.06982421875	0.3	1.0	2	231567	n/a
113.078125	0.3	1.0	2	231584	n/a
113.08642578125	0.3	0.0	1	231601	n/a
113.0947265625	0.3	1.0	2	231618	n/a
113.103515625	0.3	0.0	1	231636	n/a
113.11181640625	0.3	1.0	2	231653	n/a
113.1201171875	0.3	0.0	1	231670	n/a
113.12841796875	0.3	1.0	2	231687	n/a
113.13671875	0.3	0.0	1	231704	n/a
113.14501953125	0.3	0.0	1	231721	n/a
113.1533203125	0.3	1.0	2	231738	n/a
113.16162109375	0.3	1.0	2	231755	n/a
113.169921875	0.3	0.0	1	231772	n/a
113.17822265625	0.3	1.0	2	231789	n/a
113.1865234375	0.3	0.0	1	231806	n/a
113.19482421875	0.3	1.0	2	231823	n/a
113.203125	0.3	0.0	1	231840	n/a
113.21142578125	0.3	0.0	1	231857	n/a
113.2197265625	0.3	1.0	2	231874	n/a
113.228515625	0.3	1.0	2	231892	n/a
113.23681640625	0.3	0.0	1	231909	n/a
113.2451171875	0.3	0.0	1	231926	n/a
113.25341796875	0.3	1.0	2	231943	n/a
113.26171875	0.3	0.0	1	231960	n/a
113.27001953125	0.3	1.0	2	231977	n/a
113.2783203125	0.3	0.0	1	231994	n/a
113.28662109375	0.3	1.0	2	232011	n/a
113.294921875	0.3	0.0	1	232028	n/a
113.30322265625	0.3	1.0	2	232045	n/a
113.3115234375	0.3	0.0	1	232062	n/a
113.31982421875	0.3	1.0	2	232079	n/a
113.328125	0.3	0.0	1	232096	n/a
113.33642578125	0.3	1.0	2	232113	n/a
113.3447265625	0.3	0.0	1	232130	n/a
113.353515625	0.3	1.0	2	232148	n/a
113.36181640625	0.3	1.0	2	232165	n/a
113.3701171875	0.3	0.0	1	232182	n/a
113.37841796875	0.3	1.0	2	232199	n/a
113.38671875	0.3	0.0	1	232216	n/a
113.39501953125	0.3	0.0	1	232233	n/a
113.4033203125	0.3	1.0	2	232250	n/a
113.41162109375	0.3	1.0	2	232267	n/a
113.419921875	0.3	0.0	1	232284	n/a
113.42822265625	0.3	1.0	2	232301	n/a
113.4365234375	0.3	0.0	1	232318	n/a
113.44482421875	0.3	0.0	1	232335	n/a
113.453125	0.3	1.0	2	232352	n/a
113.46142578125	0.3	1.0	2	232369	n/a
113.4697265625	0.3	0.0	1	232386	n/a
113.478515625	0.3	1.0	2	232404	n/a
113.48681640625	0.3	0.0	1	232421	n/a
113.4951171875	0.3	1.0	2	232438	n/a
113.50341796875	0.3	0.0	1	232455	n/a
113.51171875	0.3	0.0	1	232472	n/a
113.52001953125	0.3	1.0	2	232489	n/a
113.5283203125	0.3	0.0	1	232506	n/a
113.53662109375	0.3	1.0	2	232523	n/a
113.544921875	0.3	0.0	1	232540	n/a
113.55322265625	0.3	1.0	2	232557	n/a
113.5615234375	0.3	1.0	2	232574	n/a
113.56982421875	0.3	0.0	1	232591	n/a
113.578125	0.3	1.0	2	232608	n/a
113.58642578125	0.3	0.0	1	232625	n/a
113.5947265625	0.3	0.0	1	232642	n/a
113.603515625	0.3	1.0	2	232660	n/a
113.61181640625	0.3	0.0	1	232677	n/a
113.6201171875	0.3	1.0	2	232694	n/a
113.62841796875	0.3	1.0	2	232711	n/a
113.63671875	0.3	0.0	1	232728	n/a
113.64501953125	0.3	1.0	2	232745	n/a
113.6533203125	0.3	0.0	1	232762	n/a
113.66162109375	0.3	0.0	1	232779	n/a
113.669921875	0.3	1.0	2	232796	n/a
113.67822265625	0.3	1.0	2	232813	n/a
113.6865234375	0.3	0.0	1	232830	n/a
113.69482421875	0.3	0.0	1	232847	n/a
113.703125	0.3	1.0	2	232864	n/a
113.71142578125	0.3	1.0	2	232881	n/a
113.7197265625	0.3	0.0	1	232898	n/a
113.728515625	0.3	0.0	1	232916	n/a
113.73681640625	0.3	1.0	2	232933	n/a
113.7451171875	0.3	0.0	1	232950	n/a
113.75341796875	0.3	1.0	2	232967	n/a
113.76171875	0.3	0.0	1	232984	n/a
113.77001953125	0.3	1.0	2	233001	n/a
113.7783203125	0.3	1.0	2	233018	n/a
113.78662109375	0.3	0.0	1	233035	n/a
113.794921875	0.3	0.0	1	233052	n/a
113.80322265625	0.3	1.0	2	233069	n/a
113.8115234375	0.3	1.0	2	233086	n/a
113.81982421875	0.3	0.0	1	233103	n/a
113.828125	0.3	1.0	2	233120	n/a
113.83642578125	0.3	0.0	1	233137	n/a
113.8447265625	0.3	0.0	1	233154	n/a
113.853515625	0.3	1.0	2	233172	n/a
113.86181640625	0.3	0.0	1	233189	n/a
113.8701171875	0.3	1.0	2	233206	n/a
113.87841796875	0.3	0.0	1	233223	n/a
113.88671875	0.3	1.0	2	233240	n/a
113.89501953125	0.3	0.0	1	233257	n/a
113.9033203125	0.3	1.0	2	233274	n/a
113.91162109375	0.3	0.0	1	233291	n/a
113.919921875	0.3	1.0	2	233308	n/a
113.92822265625	0.3	1.0	2	233325	n/a
113.9365234375	0.3	0.0	1	233342	n/a
113.94482421875	0.3	1.0	2	233359	n/a
113.953125	0.3	0.0	1	233376	n/a
113.96142578125	0.3	1.0	2	233393	n/a
113.9697265625	0.3	0.0	1	233410	n/a
113.978515625	0.3	0.0	1	233428	n/a
113.98681640625	0.3	1.0	2	233445	n/a
113.9951171875	0.3	0.0	1	233462	n/a
114.00341796875	0.3	1.0	2	233479	n/a
114.01171875	0.3	1.0	2	233496	n/a
114.02001953125	0.3	0.0	1	233513	n/a
114.0283203125	0.3	0.0	1	233530	n/a
114.03662109375	0.3	1.0	2	233547	n/a
114.044921875	0.3	1.0	2	233564	n/a
114.05322265625	0.3	0.0	1	233581	n/a
114.0615234375	0.3	1.0	2	233598	n/a
114.06982421875	0.3	0.0	1	233615	n/a
114.078125	0.3	0.0	1	233632	n/a
114.08642578125	0.3	1.0	2	233649	n/a
114.0947265625	0.3	1.0	2	233666	n/a
114.103515625	0.3	0.0	1	233684	n/a
114.11181640625	0.3	0.0	1	233701	n/a
114.1201171875	0.3	1.0	2	233718	n/a
114.12841796875	0.3	1.0	2	233735	n/a
114.13671875	0.3	0.0	1	233752	n/a
114.14501953125	0.3	1.0	2	233769	n/a
114.1533203125	0.3	0.0	1	233786	n/a
114.16162109375	0.3	1.0	2	233803	n/a
114.169921875	0.3	0.0	1	233820	n/a
114.17822265625	0.3	1.0	2	233837	n/a
114.1865234375	0.3	0.0	1	233854	n/a
114.19482421875	0.3	0.0	1	233871	n/a
114.203125	0.3	1.0	2	233888	n/a
114.21142578125	0.3	1.0	2	233905	n/a
114.2197265625	0.3	0.0	1	233922	n/a
114.228515625	0.3	1.0	2	233940	n/a
114.23681640625	0.3	0.0	1	233957	n/a
114.2451171875	0.3	1.0	2	233974	n/a
114.25341796875	0.3	0.0	1	233991	n/a
114.26171875	0.3	0.0	1	234008	n/a
114.27001953125	0.3	1.0	2	234025	n/a
114.2783203125	0.3	1.0	2	234042	n/a
114.28662109375	0.3	0.0	1	234059	n/a
114.294921875	0.3	0.0	1	234076	n/a
114.30322265625	0.3	1.0	2	234093	n/a
114.3115234375	0.3	0.0	1	234110	n/a
114.31982421875	0.3	1.0	2	234127	n/a
114.328125	0.3	0.0	1	234144	n/a
114.33642578125	0.3	1.0	2	234161	n/a
114.3447265625	0.3	0.0	1	234178	n/a
114.353515625	0.3	1.0	2	234196	n/a
116.72900390625	0.3	0.0	1	239061	5.0
116.7373046875	0.3	1.0	2	239078	n/a
116.74560546875	0.3	1.0	2	239095	n/a
116.75390625	0.3	0.0	1	239112	n/a
116.76220703125	0.3	0.0	1	239129	n/a
116.7705078125	0.3	1.0	2	239146	n/a
116.77880859375	0.3	0.0	1	239163	n/a
116.787109375	0.3	1.0	2	239180	n/a
116.7958984375	0.3	1.0	2	239198	n/a
116.80419921875	0.3	0.0	1	239215	n/a
116.8125	0.3	1.0	2	239232	n/a
116.82080078125	0.3	0.0	1	239249	n/a
116.8291015625	0.3	1.0	2	239266	n/a
116.83740234375	0.3	0.0	1	239283	n/a
116.845703125	0.3	1.0	2	239300	n/a
116.85400390625	0.3	0.0	1	239317	n/a
116.8623046875	0.3	0.0	1	239334	n/a
116.87060546875	0.3	1.0	2	239351	n/a
116.87890625	0.3	0.0	1	239368	n/a
116.88720703125	0.3	1.0	2	239385	n/a
116.8955078125	0.3	0.0	1	239402	n/a
116.90380859375	0.3	1.0	2	239419	n/a
116.912109375	0.3	1.0	2	239436	n/a
116.9208984375	0.3	0.0	1	239454	n/a
116.92919921875	0.3	0.0	1	239471	n/a
116.9375	0.3	1.0	2	239488	n/a
116.94580078125	0.3	1.0	2	239505	n/a
116.9541015625	0.3	0.0	1	239522	n/a
116.96240234375	0.3	1.0	2	239539	n/a
116.970703125	0.3	0.0	1	239556	n/a
116.97900390625	0.3	0.0	1	239573	n/a
116.9873046875	0.3	1.0	2	239590	n/a
116.99560546875	0.3	0.0	1	239607	n/a
117.00390625	0.3	1.0	2	239624	n/a
117.01220703125	0.3	0.0	1	239641	n/a
117.0205078125	0.3	1.0	2	239658	n/a
117.02880859375	0.3	1.0	2	239675	n/a
117.037109375	0.3	0.0	1	239692	n/a
117.0458984375	0.3	0.0	1	239710	n/a
117.05419921875	0.3	1.0	2	239727	n/a
117.0625	0.3	0.0	1	239744	n/a
117.07080078125	0.3	1.0	2	239761	n/a
117.0791015625	0.3	0.0	1	239778	n/a
117.08740234375	0.3	1.0	2	239795	n/a
117.095703125	0.3	0.0	1	239812	n/a
117.10400390625	0.3	1.0	2	239829	n/a
117.1123046875	0.3	0.0	1	239846	n/a
117.12060546875	0.3	1.0	2	239863	n/a
117.12890625	0.3	0.0	1	239880	n/a
117.13720703125	0.3	1.0	2	239897	n/a
117.1455078125	0.3	1.0	2	239914	n/a
117.15380859375	0.3	0.0	1	239931	n/a
117.162109375	0.3	0.0	1	239948	n/a
117.1708984375	0.3	1.0	2	239966	n/a
117.17919921875	0.3	1.0	2	239983	n/a
117.1875	0.3	0.0	1	240000	n/a
117.19580078125	0.3	1.0	2	240017	n/a
117.2041015625	0.3	0.0	1	240034	n/a
117.21240234375	0.3	0.0	1	240051	n/a
117.220703125	0.3	1.0	2	240068	n/a
117.22900390625	0.3	0.0	1	240085	n/a
117.2373046875	0.3	1.0	2	240102	n/a
117.24560546875	0.3	0.0	1	240119	n/a
117.25390625	0.3	1.0	2	240136	n/a
117.26220703125	0.3	0.0	1	240153	n/a
117.2705078125	0.3	1.0	2	240170	n/a
117.27880859375	0.3	1.0	2	240187	n/a
117.287109375	0.3	0.0	1	240204	n/a
117.2958984375	0.3	1.0	2	240222	n/a
117.30419921875	0.3	0.0	1	240239	n/a
117.3125	0.3	0.0	1	240256	n/a
117.32080078125	0.3	1.0	2	240273	n/a
117.3291015625	0.3	0.0	1	240290	n/a
117.33740234375	0.3	1.0	2	240307	n/a
117.345703125	0.3	1.0	2	240324	n/a
117.35400390625	0.3	0.0	1	240341	n/a
117.3623046875	0.3	0.0	1	240358	n/a
117.37060546875	0.3	1.0	2	240375	n/a
117.37890625	0.3	1.0	2	240392	n/a
117.38720703125	0.3	0.0	1	240409	n/a
117.3955078125	0.3	0.0	1	240426	n/a
117.40380859375	0.3	1.0	2	240443	n/a
117.412109375	0.3	1.0	2	240460	n/a
117.4208984375	0.3	0.0	1	240478	n/a
117.42919921875	0.3	1.0	2	240495	n/a
117.4375	0.3	0.0	1	240512	n/a
117.44580078125	0.3	0.0	1	240529	n/a
117.4541015625	0.3	1.0	2	240546	n/a
117.46240234375	0.3	1.0	2	240563	n/a
117.470703125	0.3	0.0	1	240580	n/a
117.47900390625	0.3	1.0	2	240597	n/a
117.4873046875	0.3	0.0	1	240614	n/a
117.49560546875	0.3	1.0	2	240631	n/a
117.50390625	0.3	0.0	1	240648	n/a
117.51220703125	0.3	0.0	1	240665	n/a
117.5205078125	0.3	1.0	2	240682	n/a
117.52880859375	0.3	1.0	2	240699	n/a
117.537109375	0.3	0.0	1	240716	n/a
117.5458984375	0.3	1.0	2	240734	n/a
117.55419921875	0.3	0.0	1	240751	n/a
117.5625	0.3	1.0	2	240768	n/a
117.57080078125	0.3	0.0	1	240785	n/a
117.5791015625	0.3	1.0	2	240802	n/a
117.58740234375	0.3	0.0	1	240819	n/a
117.595703125	0.3	1.0	2	240836	n/a
117.60400390625	0.3	0.0	1	240853	n/a
117.6123046875	0.3	0.0	1	240870	n/a
117.62060546875	0.3	1.0	2	240887	n/a
117.62890625	0.3	0.0	1	240904	n/a
117.63720703125	0.3	1.0	2	240921	n/a
117.6455078125	0.3	1.0	2	240938	n/a
117.65380859375	0.3	0.0	1	240955	n/a
117.662109375	0.3	0.0	1	240972	n/a
117.6708984375	0.3	1.0	2	240990	n/a
117.67919921875	0.3	1.0	2	241007	n/a
117.6875	0.3	0.0	1	241024	n/a
117.69580078125	0.3	0.0	1	241041	n/a
117.7041015625	0.3	1.0	2	241058	n/a
117.71240234375	0.3	1.0	2	241075	n/a
117.720703125	0.3	0.0	1	241092	n/a
117.72900390625	0.3	1.0	2	241109	n/a
117.7373046875	0.3	0.0	1	241126	n/a
117.74560546875	0.3	1.0	2	241143	n/a
117.75390625	0.3	0.0	1	241160	n/a
117.76220703125	0.3	0.0	1	241177	n/a
117.7705078125	0.3	1.0	2	241194	n/a
117.77880859375	0.3	0.0	1	241211	n/a
117.787109375	0.3	1.0	2	241228	n/a
117.7958984375	0.3	1.0	2	241246	n/a
117.80419921875	0.3	0.0	1	241263	n/a
117.8125	0.3	0.0	1	241280	n/a
117.82080078125	0.3	1.0	2	241297	n/a
117.8291015625	0.3	0.0	1	241314	n/a
117.83740234375	0.3	1.0	2	241331	n/a
117.845703125	0.3	1.0	2	241348	n/a
117.85400390625	0.3	0.0	1	241365	n/a
117.8623046875	0.3	1.0	2	241382	n/a
117.87060546875	0.3	0.0	1	241399	n/a
117.87890625	0.3	1.0	2	241416	n/a
117.88720703125	0.3	0.0	1	241433	n/a
117.8955078125	0.3	1.0	2	241450	n/a
117.90380859375	0.3	0.0	1	241467	n/a
117.912109375	0.3	0.0	1	241484	n/a
117.9208984375	0.3	1.0	2	241502	n/a
117.92919921875	0.3	0.0	1	241519	n/a
117.9375	0.3	1.0	2	241536	n/a
117.94580078125	0.3	0.0	1	241553	n/a
117.9541015625	0.3	1.0	2	241570	n/a
117.96240234375	0.3	1.0	2	241587	n/a
117.970703125	0.3	0.0	1	241604	n/a
117.97900390625	0.3	0.0	1	241621	n/a
117.9873046875	0.3	1.0	2	241638	n/a
117.99560546875	0.3	1.0	2	241655	n/a
118.00390625	0.3	0.0	1	241672	n/a
118.01220703125	0.3	1.0	2	241689	n/a
118.0205078125	0.3	0.0	1	241706	n/a
118.02880859375	0.3	0.0	1	241723	n/a
118.037109375	0.3	1.0	2	241740	n/a
118.0458984375	0.3	0.0	1	241758	n/a
118.05419921875	0.3	1.0	2	241775	n/a
118.0625	0.3	0.0	1	241792	n/a
118.07080078125	0.3	1.0	2	241809	n/a
118.0791015625	0.3	1.0	2	241826	n/a
118.08740234375	0.3	0.0	1	241843	n/a
118.095703125	0.3	0.0	1	241860	n/a
118.10400390625	0.3	1.0	2	241877	n/a
118.1123046875	0.3	0.0	1	241894	n/a
118.12060546875	0.3	1.0	2	241911	n/a
118.12890625	0.3	0.0	1	241928	n/a
118.13720703125	0.3	1.0	2	241945	n/a
118.1455078125	0.3	0.0	1	241962	n/a
118.15380859375	0.3	1.0	2	241979	n/a
118.162109375	0.3	0.0	1	241996	n/a
118.1708984375	0.3	1.0	2	242014	n/a
118.17919921875	0.3	0.0	1	242031	n/a
118.1875	0.3	1.0	2	242048	n/a
118.19580078125	0.3	1.0	2	242065	n/a
118.2041015625	0.3	0.0	1	242082	n/a
118.21240234375	0.3	0.0	1	242099	n/a
118.220703125	0.3	1.0	2	242116	n/a
118.22900390625	0.3	1.0	2	242133	n/a
118.2373046875	0.3	0.0	1	242150	n/a
118.24560546875	0.3	1.0	2	242167	n/a
118.25390625	0.3	0.0	1	242184	n/a
118.26220703125	0.3	0.0	1	242201	n/a
118.2705078125	0.3	1.0	2	242218	n/a
118.27880859375	0.3	0.0	1	242235	n/a
118.287109375	0.3	1.0	2	242252	n/a
118.2958984375	0.3	0.0	1	242270	n/a
118.30419921875	0.3	1.0	2	242287	n/a
118.3125	0.3	0.0	1	242304	n/a
118.32080078125	0.3	1.0	2	242321	n/a
118.3291015625	0.3	1.0	2	242338	n/a
118.33740234375	0.3	0.0	1	242355	n/a
118.345703125	0.3	1.0	2	242372	n/a
118.35400390625	0.3	0.0	1	242389	n/a
118.3623046875	0.3	0.0	1	242406	n/a
118.37060546875	0.3	1.0	2	242423	n/a
118.37890625	0.3	0.0	1	242440	n/a
118.38720703125	0.3	1.0	2	242457	n/a
118.3955078125	0.3	1.0	2	242474	n/a
118.40380859375	0.3	0.0	1	242491	n/a
118.412109375	0.3	0.0	1	242508	n/a
118.4208984375	0.3	1.0	2	242526	n/a
118.42919921875	0.3	1.0	2	242543	n/a
118.4375	0.3	0.0	1	242560	n/a
118.44580078125	0.3	0.0	1	242577	n/a
118.4541015625	0.3	1.0	2	242594	n/a
118.46240234375	0.3	1.0	2	242611	n/a
118.470703125	0.3	0.0	1	242628	n/a
118.47900390625	0.3	1.0	2	242645	n/a
118.4873046875	0.3	0.0	1	242662	n/a
118.49560546875	0.3	0.0	1	242679	n/a
118.50390625	0.3	1.0	2	242696	n/a
118.51220703125	0.3	1.0	2	242713	n/a
118.5205078125	0.3	0.0	1	242730	n/a
118.52880859375	0.3	1.0	2	242747	n/a
118.537109375	0.3	0.0	1	242764	n/a
118.5458984375	0.3	1.0	2	242782	n/a
118.55419921875	0.3	0.0	1	242799	n/a
118.5625	0.3	0.0	1	242816	n/a
118.57080078125	0.3	1.0	2	242833	n/a
118.5791015625	0.3	1.0	2	242850	n/a
118.58740234375	0.3	0.0	1	242867	n/a
118.595703125	0.3	1.0	2	242884	n/a
118.60400390625	0.3	0.0	1	242901	n/a
118.6123046875	0.3	1.0	2	242918	n/a
118.62060546875	0.3	0.0	1	242935	n/a
118.62890625	0.3	1.0	2	242952	n/a
118.63720703125	0.3	0.0	1	242969	n/a
118.6455078125	0.3	1.0	2	242986	n/a
118.65380859375	0.3	0.0	1	243003	n/a
118.662109375	0.3	0.0	1	243020	n/a
118.6708984375	0.3	1.0	2	243038	n/a
118.67919921875	0.3	0.0	1	243055	n/a
118.6875	0.3	1.0	2	243072	n/a
118.69580078125	0.3	1.0	2	243089	n/a
118.7041015625	0.3	0.0	1	243106	n/a
118.71240234375	0.3	0.0	1	243123	n/a
118.720703125	0.3	1.0	2	243140	n/a
118.72900390625	0.3	1.0	2	243157	n/a
118.7373046875	0.3	0.0	1	243174	n/a
118.74560546875	0.3	0.0	1	243191	n/a
118.75390625	0.3	1.0	2	243208	n/a
118.76220703125	0.3	1.0	2	243225	n/a
118.7705078125	0.3	0.0	1	243242	n/a
118.77880859375	0.3	1.0	2	243259	n/a
118.787109375	0.3	0.0	1	243276	n/a
118.7958984375	0.3	1.0	2	243294	n/a
118.80419921875	0.3	0.0	1	243311	n/a
118.8125	0.3	0.0	1	243328	n/a
118.82080078125	0.3	1.0	2	243345	n/a
118.8291015625	0.3	0.0	1	243362	n/a
118.83740234375	0.3	1.0	2	243379	n/a
118.845703125	0.3	1.0	2	243396	n/a
118.85400390625	0.3	0.0	1	243413	n/a
118.8623046875	0.3	0.0	1	243430	n/a
118.87060546875	0.3	1.0	2	243447	n/a
118.87890625	0.3	0.0	1	243464	n/a
118.88720703125	0.3	1.0	2	243481	n/a
118.8955078125	0.3	1.0	2	243498	n/a
118.90380859375	0.3	0.0	1	243515	n/a
118.912109375	0.3	1.0	2	243532	n/a
118.9208984375	0.3	0.0	1	243550	n/a
118.92919921875	0.3	1.0	2	243567	n/a
118.9375	0.3	0.0	1	243584	n/a
118.94580078125	0.3	1.0	2	243601	n/a
118.9541015625	0.3	0.0	1	243618	n/a
118.96240234375	0.3	0.0	1	243635	n/a
118.970703125	0.3	1.0	2	243652	n/a
118.97900390625	0.3	0.0	1	243669	n/a
118.9873046875	0.3	1.0	2	243686	n/a
118.99560546875	0.3	0.0	1	243703	n/a
119.00390625	0.3	1.0	2	243720	n/a
119.01220703125	0.3	1.0	2	243737	n/a
119.0205078125	0.3	0.0	1	243754	n/a
119.02880859375	0.3	0.0	1	243771	n/a
119.037109375	0.3	1.0	2	243788	n/a
119.0458984375	0.3	1.0	2	243806	n/a
119.05419921875	0.3	0.0	1	243823	n/a
119.0625	0.3	1.0	2	243840	n/a
119.07080078125	0.3	0.0	1	243857	n/a
119.0791015625	0.3	0.0	1	243874	n/a
119.08740234375	0.3	1.0	2	243891	n/a
119.095703125	0.3	0.0	1	243908	n/a
119.10400390625	0.3	1.0	2	243925	n/a
119.1123046875	0.3	0.0	1	243942	n/a
119.12060546875	0.3	1.0	2	243959	n/a
119.12890625	0.3	1.0	2	243976	n/a
119.13720703125	0.3	0.0	1	243993	n/a
119.1455078125	0.3	0.0	1	244010	n/a
119.15380859375	0.3	1.0	2	244027	n/a
119.162109375	0.3	0.0	1	244044	n/a
119.1708984375	0.3	1.0	2	244062	n/a
119.17919921875	0.3	0.0	1	244079	n/a
119.1875	0.3	1.0	2	244096	n/a
119.19580078125	0.3	0.0	1	244113	n/a
119.2041015625	0.3	1.0	2	244130	n/a
119.21240234375	0.3	0.0	1	244147	n/a
119.220703125	0.3	1.0	2	244164	n/a
119.22900390625	0.3	0.0	1	244181	n/a
119.2373046875	0.3	1.0	2	244198	n/a
119.24560546875	0.3	1.0	2	244215	n/a
119.25390625	0.3	0.0	1	244232	n/a
119.26220703125	0.3	0.0	1	244249	n/a
119.2705078125	0.3	1.0	2	244266	n/a
119.27880859375	0.3	1.0	2	244283	n/a
119.287109375	0.3	0.0	1	244300	n/a
119.2958984375	0.3	1.0	2	244318	n/a
119.30419921875	0.3	0.0	1	244335	n/a
119.3125	0.3	0.0	1	244352	n/a
119.32080078125	0.3	1.0	2	244369	n/a
119.3291015625	0.3	0.0	1	244386	n/a
119.33740234375	0.3	1.0	2	244403	n/a
119.345703125	0.3	0.0	1	244420	n/a
119.35400390625	0.3	1.0	2	244437	n/a
119.3623046875	0.3	0.0	1	244454	n/a
119.37060546875	0.3	1.0	2	244471	n/a
119.37890625	0.3	1.0	2	244488	n/a
119.38720703125	0.3	0.0	1	244505	n/a
119.3955078125	0.3	1.0	2	244522	n/a
119.40380859375	0.3	0.0	1	244539	n/a
119.412109375	0.3	0.0	1	244556	n/a
119.4208984375	0.3	1.0	2	244574	n/a
119.42919921875	0.3	0.0	1	244591	n/a
119.4375	0.3	1.0	2	244608	n/a
119.44580078125	0.3	1.0	2	244625	n/a
119.4541015625	0.3	0.0	1	244642	n/a
119.46240234375	0.3	0.0	1	244659	n/a
119.470703125	0.3	1.0	2	244676	n/a
119.47900390625	0.3	1.0	2	244693	n/a
119.4873046875	0.3	0.0	1	244710	n/a
119.49560546875	0.3	0.0	1	244727	n/a
119.50390625	0.3	1.0	2	244744	n/a
119.51220703125	0.3	1.0	2	244761	n/a
119.5205078125	0.3	0.0	1	244778	n/a
119.52880859375	0.3	1.0	2	244795	n/a
119.537109375	0.3	0.0	1	244812	n/a
119.5458984375	0.3	0.0	1	244830	n/a
119.55419921875	0.3	1.0	2	244847	n/a
119.5625	0.3	1.0	2	244864	n/a
119.57080078125	0.3	0.0	1	244881	n/a
119.5791015625	0.3	1.0	2	244898	n/a
119.58740234375	0.3	0.0	1	244915	n/a
119.595703125	0.3	1.0	2	244932	n/a
119.60400390625	0.3	0.0	1	244949	n/a
119.6123046875	0.3	0.0	1	244966	n/a
119.62060546875	0.3	1.0	2	244983	n/a
119.62890625	0.3	1.0	2	245000	n/a
119.63720703125	0.3	0.0	1	245017	n/a
119.6455078125	0.3	1.0	2	245034	n/a
119.65380859375	0.3	0.0	1	245051	n/a
119.662109375	0.3	1.0	2	245068	n/a
119.6708984375	0.3	0.0	1	245086	n/a
119.67919921875	0.3	1.0	2	245103	n/a
119.6875	0.3	0.0	1	245120	n/a
119.69580078125	0.3	1.0	2	245137	n/a
119.7041015625	0.3	0.0	1	245154	n/a
119.71240234375	0.3	0.0	1	245171	n/a
119.720703125	0.3	1.0	2	245188	n/a
119.72900390625	0.3	0.0	1	245205	n/a
119.7373046875	0.3	1.0	2	245222	n/a
119.74560546875	0.3	1.0	2	245239	n/a
119.75390625	0.3	0.0	1	245256	n/a
119.76220703125	0.3	0.0	1	245273	n/a
119.7705078125	0.3	1.0	2	245290	n/a
119.77880859375	0.3	1.0	2	245307	n/a
119.787109375	0.3	0.0	1	245324	n/a
119.7958984375	0.3	0.0	1	245342	n/a
119.80419921875	0.3	1.0	2	245359	n/a
119.8125	0.3	1.0	2	245376	n/a
119.82080078125	0.3	0.0	1	245393	n/a
119.8291015625	0.3	1.0	2	245410	n/a
119.83740234375	0.3	0.0	1	245427	n/a
119.845703125	0.3	1.0	2	245444	n/a
119.85400390625	0.3	0.0	1	245461	n/a
119.8623046875	0.3	0.0	1	245478	n/a
119.87060546875	0.3	1.0	2	245495	n/a
119.87890625	0.3	0.0	1	245512	n/a
119.88720703125	0.3	1.0	2	245529	n/a
119.8955078125	0.3	1.0	2	245546	n/a
119.90380859375	0.3	0.0	1	245563	n/a
119.912109375	0.3	0.0	1	245580	n/a
119.9208984375	0.3	1.0	2	245598	n/a
119.92919921875	0.3	0.0	1	245615	n/a
119.9375	0.3	1.0	2	245632	n/a
119.94580078125	0.3	1.0	2	245649	n/a
119.9541015625	0.3	0.0	1	245666	n/a
119.96240234375	0.3	1.0	2	245683	n/a
119.970703125	0.3	0.0	1	245700	n/a
119.97900390625	0.3	1.0	2	245717	n/a
119.9873046875	0.3	0.0	1	245734	n/a
119.99560546875	0.3	1.0	2	245751	n/a
120.00390625	0.3	0.0	1	245768	n/a
120.01220703125	0.3	0.0	1	245785	n/a
120.0205078125	0.3	1.0	2	245802	n/a
120.02880859375	0.3	0.0	1	245819	n/a
120.037109375	0.3	1.0	2	245836	n/a
120.0458984375	0.3	0.0	1	245854	n/a
120.05419921875	0.3	1.0	2	245871	n/a
120.0625	0.3	1.0	2	245888	n/a
120.07080078125	0.3	0.0	1	245905	n/a
120.0791015625	0.3	0.0	1	245922	n/a
120.08740234375	0.3	1.0	2	245939	n/a
120.095703125	0.3	1.0	2	245956	n/a
120.10400390625	0.3	0.0	1	245973	n/a
120.1123046875	0.3	1.0	2	245990	n/a
120.12060546875	0.3	0.0	1	246007	n/a
120.12890625	0.3	0.0	1	246024	n/a
120.13720703125	0.3	1.0	2	246041	n/a
120.1455078125	0.3	0.0	1	246058	n/a
120.15380859375	0.3	1.0	2	246075	n/a
120.162109375	0.3	0.0	1	246092	n/a
120.1708984375	0.3	1.0	2	246110	n/a
120.17919921875	0.3	1.0	2	246127	n/a
120.1875	0.3	0.0	1	246144	n/a
120.19580078125	0.3	0.0	1	246161	n/a
120.2041015625	0.3	1.0	2	246178	n/a
120.21240234375	0.3	0.0	1	246195	n/a
120.220703125	0.3	1.0	2	246212	n/a
120.22900390625	0.3	0.0	1	246229	n/a
120.2373046875	0.3	1.0	2	246246	n/a
120.24560546875	0.3	0.0	1	246263	n/a
120.25390625	0.3	1.0	2	246280	n/a
120.26220703125	0.3	0.0	1	246297	n/a
120.2705078125	0.3	1.0	2	246314	n/a
120.27880859375	0.3	0.0	1	246331	n/a
120.287109375	0.3	1.0	2	246348	n/a
120.2958984375	0.3	1.0	2	246366	n/a
120.30419921875	0.3	0.0	1	246383	n/a
120.3125	0.3	0.0	1	246400	n/a
120.32080078125	0.3	1.0	2	246417	n/a
120.3291015625	0.3	1.0	2	246434	n/a
120.33740234375	0.3	0.0	1	246451	n/a
120.345703125	0.3	1.0	2	246468	n/a
120.35400390625	0.3	0.0	1	246485	n/a
120.3623046875	0.3	0.0	1	246502	n/a
120.37060546875	0.3	1.0	2	246519	n/a
120.37890625	0.3	0.0	1	246536	n/a
120.38720703125	0.3	1.0	2	246553	n/a
120.3955078125	0.3	0.0	1	246570	n/a
120.40380859375	0.3	1.0	2	246587	n/a
120.412109375	0.3	0.0	1	246604	n/a
120.4208984375	0.3	1.0	2	246622	n/a
120.42919921875	0.3	1.0	2	246639	n/a
120.4375	0.3	0.0	1	246656	n/a
120.44580078125	0.3	1.0	2	246673	n/a
120.4541015625	0.3	0.0	1	246690	n/a
120.46240234375	0.3	0.0	1	246707	n/a
120.470703125	0.3	1.0	2	246724	n/a
120.47900390625	0.3	0.0	1	246741	n/a
120.4873046875	0.3	1.0	2	246758	n/a
120.49560546875	0.3	1.0	2	246775	n/a
120.50390625	0.3	0.0	1	246792	n/a
120.51220703125	0.3	0.0	1	246809	n/a
120.5205078125	0.3	1.0	2	246826	n/a
120.52880859375	0.3	1.0	2	246843	n/a
120.537109375	0.3	0.0	1	246860	n/a
120.5458984375	0.3	0.0	1	246878	n/a
120.55419921875	0.3	1.0	2	246895	n/a
120.5625	0.3	1.0	2	246912	n/a
120.57080078125	0.3	0.0	1	246929	n/a
120.5791015625	0.3	1.0	2	246946	n/a
120.58740234375	0.3	0.0	1	246963	n/a
120.595703125	0.3	0.0	1	246980	n/a
120.60400390625	0.3	1.0	2	246997	n/a
120.6123046875	0.3	1.0	2	247014	n/a
120.62060546875	0.3	0.0	1	247031	n/a
120.62890625	0.3	1.0	2	247048	n/a
120.63720703125	0.3	0.0	1	247065	n/a
120.6455078125	0.3	1.0	2	247082	n/a
120.65380859375	0.3	0.0	1	247099	n/a
120.662109375	0.3	0.0	1	247116	n/a
120.6708984375	0.3	1.0	2	247134	n/a
120.67919921875	0.3	1.0	2	247151	n/a
120.6875	0.3	0.0	1	247168	n/a
120.69580078125	0.3	1.0	2	247185	n/a
120.7041015625	0.3	0.0	1	247202	n/a
120.71240234375	0.3	1.0	2	247219	n/a
120.720703125	0.3	0.0	1	247236	n/a
120.72900390625	0.3	1.0	2	247253	n/a
120.7373046875	0.3	0.0	1	247270	n/a
120.74560546875	0.3	1.0	2	247287	n/a
120.75390625	0.3	0.0	1	247304	n/a
120.76220703125	0.3	0.0	1	247321	n/a
120.7705078125	0.3	1.0	2	247338	n/a
120.77880859375	0.3	0.0	1	247355	n/a
120.787109375	0.3	1.0	2	247372	n/a
120.7958984375	0.3	1.0	2	247390	n/a
120.80419921875	0.3	0.0	1	247407	n/a
120.8125	0.3	0.0	1	247424	n/a
120.82080078125	0.3	1.0	2	247441	n/a
120.8291015625	0.3	1.0	2	247458	n/a
120.83740234375	0.3	0.0	1	247475	n/a
120.845703125	0.3	0.0	1	247492	n/a
120.85400390625	0.3	1.0	2	247509	n/a
120.8623046875	0.3	1.0	2	247526	n/a
120.87060546875	0.3	0.0	1	247543	n/a
120.87890625	0.3	1.0	2	247560	n/a
120.88720703125	0.3	0.0	1	247577	n/a
120.8955078125	0.3	1.0	2	247594	n/a
120.90380859375	0.3	0.0	1	247611	n/a
120.912109375	0.3	0.0	1	247628	n/a
120.9208984375	0.3	1.0	2	247646	n/a
123.29638671875	0.3	0.0	1	252511	12.0
123.3046875	0.3	1.0	2	252528	n/a
123.31298828125	0.3	0.0	1	252545	n/a
123.3212890625	0.3	1.0	2	252562	n/a
123.32958984375	0.3	0.0	1	252579	n/a
123.337890625	0.3	1.0	2	252596	n/a
123.34619140625	0.3	0.0	1	252613	n/a
123.3544921875	0.3	1.0	2	252630	n/a
123.36328125	0.3	1.0	2	252648	n/a
123.37158203125	0.3	0.0	1	252665	n/a
123.3798828125	0.3	1.0	2	252682	n/a
123.38818359375	0.3	0.0	1	252699	n/a
123.396484375	0.3	0.0	1	252716	n/a
123.40478515625	0.3	1.0	2	252733	n/a
123.4130859375	0.3	0.0	1	252750	n/a
123.42138671875	0.3	1.0	2	252767	n/a
123.4296875	0.3	1.0	2	252784	n/a
123.43798828125	0.3	0.0	1	252801	n/a
123.4462890625	0.3	0.0	1	252818	n/a
123.45458984375	0.3	1.0	2	252835	n/a
123.462890625	0.3	0.0	1	252852	n/a
123.47119140625	0.3	1.0	2	252869	n/a
123.4794921875	0.3	1.0	2	252886	n/a
123.48828125	0.3	0.0	1	252904	n/a
123.49658203125	0.3	0.0	1	252921	n/a
123.5048828125	0.3	1.0	2	252938	n/a
123.51318359375	0.3	1.0	2	252955	n/a
123.521484375	0.3	0.0	1	252972	n/a
123.52978515625	0.3	0.0	1	252989	n/a
123.5380859375	0.3	1.0	2	253006	n/a
123.54638671875	0.3	0.0	1	253023	n/a
123.5546875	0.3	1.0	2	253040	n/a
123.56298828125	0.3	1.0	2	253057	n/a
123.5712890625	0.3	0.0	1	253074	n/a
123.57958984375	0.3	1.0	2	253091	n/a
123.587890625	0.3	0.0	1	253108	n/a
123.59619140625	0.3	0.0	1	253125	n/a
123.6044921875	0.3	1.0	2	253142	n/a
123.61328125	0.3	1.0	2	253160	n/a
123.62158203125	0.3	0.0	1	253177	n/a
123.6298828125	0.3	1.0	2	253194	n/a
123.63818359375	0.3	0.0	1	253211	n/a
123.646484375	0.3	1.0	2	253228	n/a
123.65478515625	0.3	0.0	1	253245	n/a
123.6630859375	0.3	0.0	1	253262	n/a
123.67138671875	0.3	1.0	2	253279	n/a
123.6796875	0.3	0.0	1	253296	n/a
123.68798828125	0.3	1.0	2	253313	n/a
123.6962890625	0.3	1.0	2	253330	n/a
123.70458984375	0.3	0.0	1	253347	n/a
123.712890625	0.3	1.0	2	253364	n/a
123.72119140625	0.3	0.0	1	253381	n/a
123.7294921875	0.3	1.0	2	253398	n/a
123.73828125	0.3	0.0	1	253416	n/a
123.74658203125	0.3	1.0	2	253433	n/a
123.7548828125	0.3	0.0	1	253450	n/a
123.76318359375	0.3	0.0	1	253467	n/a
123.771484375	0.3	1.0	2	253484	n/a
123.77978515625	0.3	0.0	1	253501	n/a
123.7880859375	0.3	1.0	2	253518	n/a
123.79638671875	0.3	0.0	1	253535	n/a
123.8046875	0.3	1.0	2	253552	n/a
123.81298828125	0.3	0.0	1	253569	n/a
123.8212890625	0.3	1.0	2	253586	n/a
123.82958984375	0.3	1.0	2	253603	n/a
123.837890625	0.3	0.0	1	253620	n/a
123.84619140625	0.3	0.0	1	253637	n/a
123.8544921875	0.3	1.0	2	253654	n/a
123.86328125	0.3	1.0	2	253672	n/a
123.87158203125	0.3	0.0	1	253689	n/a
123.8798828125	0.3	0.0	1	253706	n/a
123.88818359375	0.3	1.0	2	253723	n/a
123.896484375	0.3	1.0	2	253740	n/a
123.90478515625	0.3	0.0	1	253757	n/a
123.9130859375	0.3	0.0	1	253774	n/a
123.92138671875	0.3	1.0	2	253791	n/a
123.9296875	0.3	1.0	2	253808	n/a
123.93798828125	0.3	0.0	1	253825	n/a
123.9462890625	0.3	0.0	1	253842	n/a
123.95458984375	0.3	1.0	2	253859	n/a
123.962890625	0.3	0.0	1	253876	n/a
123.97119140625	0.3	1.0	2	253893	n/a
123.9794921875	0.3	0.0	1	253910	n/a
123.98828125	0.3	1.0	2	253928	n/a
123.99658203125	0.3	0.0	1	253945	n/a
124.0048828125	0.3	1.0	2	253962	n/a
124.01318359375	0.3	1.0	2	253979	n/a
124.021484375	0.3	0.0	1	253996	n/a
124.02978515625	0.3	1.0	2	254013	n/a
124.0380859375	0.3	0.0	1	254030	n/a
124.04638671875	0.3	0.0	1	254047	n/a
124.0546875	0.3	1.0	2	254064	n/a
124.06298828125	0.3	1.0	2	254081	n/a
124.0712890625	0.3	0.0	1	254098	n/a
124.07958984375	0.3	1.0	2	254115	n/a
124.087890625	0.3	0.0	1	254132	n/a
124.09619140625	0.3	0.0	1	254149	n/a
124.1044921875	0.3	1.0	2	254166	n/a
124.11328125	0.3	1.0	2	254184	n/a
124.12158203125	0.3	0.0	1	254201	n/a
124.1298828125	0.3	0.0	1	254218	n/a
124.13818359375	0.3	1.0	2	254235	n/a
124.146484375	0.3	1.0	2	254252	n/a
124.15478515625	0.3	0.0	1	254269	n/a
124.1630859375	0.3	1.0	2	254286	n/a
124.17138671875	0.3	0.0	1	254303	n/a
124.1796875	0.3	1.0	2	254320	n/a
124.18798828125	0.3	0.0	1	254337	n/a
124.1962890625	0.3	1.0	2	254354	n/a
124.20458984375	0.3	0.0	1	254371	n/a
124.212890625	0.3	1.0	2	254388	n/a
124.22119140625	0.3	0.0	1	254405	n/a
124.2294921875	0.3	1.0	2	254422	n/a
124.23828125	0.3	0.0	1	254440	n/a
124.24658203125	0.3	0.0	1	254457	n/a
124.2548828125	0.3	1.0	2	254474	n/a
124.26318359375	0.3	0.0	1	254491	n/a
124.271484375	0.3	1.0	2	254508	n/a
124.27978515625	0.3	1.0	2	254525	n/a
124.2880859375	0.3	0.0	1	254542	n/a
124.29638671875	0.3	1.0	2	254559	n/a
124.3046875	0.3	0.0	1	254576	n/a
124.31298828125	0.3	0.0	1	254593	n/a
124.3212890625	0.3	1.0	2	254610	n/a
124.32958984375	0.3	0.0	1	254627	n/a
124.337890625	0.3	1.0	2	254644	n/a
124.34619140625	0.3	0.0	1	254661	n/a
124.3544921875	0.3	1.0	2	254678	n/a
124.36328125	0.3	0.0	1	254696	n/a
124.37158203125	0.3	1.0	2	254713	n/a
124.3798828125	0.3	0.0	1	254730	n/a
124.38818359375	0.3	1.0	2	254747	n/a
124.396484375	0.3	0.0	1	254764	n/a
124.40478515625	0.3	1.0	2	254781	n/a
124.4130859375	0.3	1.0	2	254798	n/a
124.42138671875	0.3	0.0	1	254815	n/a
124.4296875	0.3	1.0	2	254832	n/a
124.43798828125	0.3	0.0	1	254849	n/a
124.4462890625	0.3	0.0	1	254866	n/a
124.45458984375	0.3	1.0	2	254883	n/a
124.462890625	0.3	0.0	1	254900	n/a
124.47119140625	0.3	1.0	2	254917	n/a
124.4794921875	0.3	1.0	2	254934	n/a
124.48828125	0.3	0.0	1	254952	n/a
124.49658203125	0.3	0.0	1	254969	n/a
124.5048828125	0.3	1.0	2	254986	n/a
124.51318359375	0.3	0.0	1	255003	n/a
124.521484375	0.3	1.0	2	255020	n/a
124.52978515625	0.3	1.0	2	255037	n/a
124.5380859375	0.3	0.0	1	255054	n/a
124.54638671875	0.3	0.0	1	255071	n/a
124.5546875	0.3	1.0	2	255088	n/a
124.56298828125	0.3	1.0	2	255105	n/a
124.5712890625	0.3	0.0	1	255122	n/a
124.57958984375	0.3	0.0	1	255139	n/a
124.587890625	0.3	1.0	2	255156	n/a
124.59619140625	0.3	0.0	1	255173	n/a
124.6044921875	0.3	1.0	2	255190	n/a
124.61328125	0.3	1.0	2	255208	n/a
124.62158203125	0.3	0.0	1	255225	n/a
124.6298828125	0.3	1.0	2	255242	n/a
124.63818359375	0.3	0.0	1	255259	n/a
124.646484375	0.3	0.0	1	255276	n/a
124.65478515625	0.3	1.0	2	255293	n/a
124.6630859375	0.3	1.0	2	255310	n/a
124.67138671875	0.3	0.0	1	255327	n/a
124.6796875	0.3	1.0	2	255344	n/a
124.68798828125	0.3	0.0	1	255361	n/a
124.6962890625	0.3	1.0	2	255378	n/a
124.70458984375	0.3	0.0	1	255395	n/a
124.712890625	0.3	0.0	1	255412	n/a
124.72119140625	0.3	1.0	2	255429	n/a
124.7294921875	0.3	0.0	1	255446	n/a
124.73828125	0.3	1.0	2	255464	n/a
124.74658203125	0.3	1.0	2	255481	n/a
124.7548828125	0.3	0.0	1	255498	n/a
124.76318359375	0.3	1.0	2	255515	n/a
124.771484375	0.3	0.0	1	255532	n/a
124.77978515625	0.3	1.0	2	255549	n/a
124.7880859375	0.3	0.0	1	255566	n/a
124.79638671875	0.3	1.0	2	255583	n/a
124.8046875	0.3	0.0	1	255600	n/a
124.81298828125	0.3	0.0	1	255617	n/a
124.8212890625	0.3	1.0	2	255634	n/a
124.82958984375	0.3	0.0	1	255651	n/a
124.837890625	0.3	1.0	2	255668	n/a
124.84619140625	0.3	0.0	1	255685	n/a
124.8544921875	0.3	1.0	2	255702	n/a
124.86328125	0.3	0.0	1	255720	n/a
124.87158203125	0.3	1.0	2	255737	n/a
124.8798828125	0.3	1.0	2	255754	n/a
124.88818359375	0.3	0.0	1	255771	n/a
124.896484375	0.3	0.0	1	255788	n/a
124.90478515625	0.3	1.0	2	255805	n/a
124.9130859375	0.3	1.0	2	255822	n/a
124.92138671875	0.3	0.0	1	255839	n/a
124.9296875	0.3	0.0	1	255856	n/a
124.93798828125	0.3	1.0	2	255873	n/a
124.9462890625	0.3	1.0	2	255890	n/a
124.95458984375	0.3	0.0	1	255907	n/a
124.962890625	0.3	0.0	1	255924	n/a
124.97119140625	0.3	1.0	2	255941	n/a
124.9794921875	0.3	1.0	2	255958	n/a
124.98828125	0.3	0.0	1	255976	n/a
124.99658203125	0.3	0.0	1	255993	n/a
125.0048828125	0.3	1.0	2	256010	n/a
125.01318359375	0.3	0.0	1	256027	n/a
125.021484375	0.3	1.0	2	256044	n/a
125.02978515625	0.3	0.0	1	256061	n/a
125.0380859375	0.3	1.0	2	256078	n/a
125.04638671875	0.3	0.0	1	256095	n/a
125.0546875	0.3	1.0	2	256112	n/a
125.06298828125	0.3	1.0	2	256129	n/a
125.0712890625	0.3	0.0	1	256146	n/a
125.07958984375	0.3	1.0	2	256163	n/a
125.087890625	0.3	0.0	1	256180	n/a
125.09619140625	0.3	0.0	1	256197	n/a
125.1044921875	0.3	1.0	2	256214	n/a
125.11328125	0.3	1.0	2	256232	n/a
125.12158203125	0.3	0.0	1	256249	n/a
125.1298828125	0.3	1.0	2	256266	n/a
125.13818359375	0.3	0.0	1	256283	n/a
125.146484375	0.3	0.0	1	256300	n/a
125.15478515625	0.3	1.0	2	256317	n/a
125.1630859375	0.3	1.0	2	256334	n/a
125.17138671875	0.3	0.0	1	256351	n/a
125.1796875	0.3	0.0	1	256368	n/a
125.18798828125	0.3	1.0	2	256385	n/a
125.1962890625	0.3	1.0	2	256402	n/a
125.20458984375	0.3	0.0	1	256419	n/a
125.212890625	0.3	1.0	2	256436	n/a
125.22119140625	0.3	0.0	1	256453	n/a
125.2294921875	0.3	1.0	2	256470	n/a
125.23828125	0.3	0.0	1	256488	n/a
125.24658203125	0.3	1.0	2	256505	n/a
125.2548828125	0.3	0.0	1	256522	n/a
125.26318359375	0.3	1.0	2	256539	n/a
125.271484375	0.3	0.0	1	256556	n/a
125.27978515625	0.3	1.0	2	256573	n/a
125.2880859375	0.3	0.0	1	256590	n/a
125.29638671875	0.3	0.0	1	256607	n/a
125.3046875	0.3	1.0	2	256624	n/a
125.31298828125	0.3	0.0	1	256641	n/a
125.3212890625	0.3	1.0	2	256658	n/a
125.32958984375	0.3	1.0	2	256675	n/a
125.337890625	0.3	0.0	1	256692	n/a
125.34619140625	0.3	1.0	2	256709	n/a
125.3544921875	0.3	0.0	1	256726	n/a
125.36328125	0.3	0.0	1	256744	n/a
125.37158203125	0.3	1.0	2	256761	n/a
125.3798828125	0.3	0.0	1	256778	n/a
125.38818359375	0.3	1.0	2	256795	n/a
125.396484375	0.3	0.0	1	256812	n/a
125.40478515625	0.3	1.0	2	256829	n/a
125.4130859375	0.3	0.0	1	256846	n/a
125.42138671875	0.3	1.0	2	256863	n/a
125.4296875	0.3	0.0	1	256880	n/a
125.43798828125	0.3	1.0	2	256897	n/a
125.4462890625	0.3	0.0	1	256914	n/a
125.45458984375	0.3	1.0	2	256931	n/a
125.462890625	0.3	1.0	2	256948	n/a
125.47119140625	0.3	0.0	1	256965	n/a
125.4794921875	0.3	1.0	2	256982	n/a
125.48828125	0.3	0.0	1	257000	n/a
125.49658203125	0.3	0.0	1	257017	n/a
125.5048828125	0.3	1.0	2	257034	n/a
125.51318359375	0.3	0.0	1	257051	n/a
125.521484375	0.3	1.0	2	257068	n/a
125.52978515625	0.3	1.0	2	257085	n/a
125.5380859375	0.3	0.0	1	257102	n/a
125.54638671875	0.3	0.0	1	257119	n/a
125.5546875	0.3	1.0	2	257136	n/a
125.56298828125	0.3	0.0	1	257153	n/a
125.5712890625	0.3	1.0	2	257170	n/a
125.57958984375	0.3	1.0	2	257187	n/a
125.587890625	0.3	0.0	1	257204	n/a
125.59619140625	0.3	0.0	1	257221	n/a
125.6044921875	0.3	1.0	2	257238	n/a
125.61328125	0.3	1.0	2	257256	n/a
125.62158203125	0.3	0.0	1	257273	n/a
125.6298828125	0.3	0.0	1	257290	n/a
125.63818359375	0.3	1.0	2	257307	n/a
125.646484375	0.3	0.0	1	257324	n/a
125.65478515625	0.3	1.0	2	257341	n/a
125.6630859375	0.3	1.0	2	257358	n/a
125.67138671875	0.3	0.0	1	257375	n/a
125.6796875	0.3	1.0	2	257392	n/a
125.68798828125	0.3	0.0	1	257409	n/a
125.6962890625	0.3	0.0	1	257426	n/a
125.70458984375	0.3	1.0	2	257443	n/a
125.712890625	0.3	1.0	2	257460	n/a
125.72119140625	0.3	0.0	1	257477	n/a
125.7294921875	0.3	1.0	2	257494	n/a
125.73828125	0.3	0.0	1	257512	n/a
125.74658203125	0.3	1.0	2	257529	n/a
125.7548828125	0.3	0.0	1	257546	n/a
125.76318359375	0.3	0.0	1	257563	n/a
125.771484375	0.3	1.0	2	257580	n/a
125.77978515625	0.3	0.0	1	257597	n/a
125.7880859375	0.3	1.0	2	257614	n/a
125.79638671875	0.3	1.0	2	257631	n/a
125.8046875	0.3	0.0	1	257648	n/a
125.81298828125	0.3	1.0	2	257665	n/a
125.8212890625	0.3	0.0	1	257682	n/a
125.82958984375	0.3	1.0	2	257699	n/a
125.837890625	0.3	0.0	1	257716	n/a
125.84619140625	0.3	1.0	2	257733	n/a
125.8544921875	0.3	0.0	1	257750	n/a
125.86328125	0.3	0.0	1	257768	n/a
125.87158203125	0.3	1.0	2	257785	n/a
125.8798828125	0.3	0.0	1	257802	n/a
125.88818359375	0.3	1.0	2	257819	n/a
125.896484375	0.3	0.0	1	257836	n/a
125.90478515625	0.3	1.0	2	257853	n/a
125.9130859375	0.3	0.0	1	257870	n/a
125.92138671875	0.3	1.0	2	257887	n/a
125.9296875	0.3	1.0	2	257904	n/a
125.93798828125	0.3	0.0	1	257921	n/a
125.9462890625	0.3	0.0	1	257938	n/a
125.95458984375	0.3	1.0	2	257955	n/a
125.962890625	0.3	1.0	2	257972	n/a
125.97119140625	0.3	0.0	1	257989	n/a
125.9794921875	0.3	0.0	1	258006	n/a
125.98828125	0.3	1.0	2	258024	n/a
125.99658203125	0.3	1.0	2	258041	n/a
126.0048828125	0.3	0.0	1	258058	n/a
126.01318359375	0.3	0.0	1	258075	n/a
126.021484375	0.3	1.0	2	258092	n/a
126.02978515625	0.3	1.0	2	258109	n/a
126.0380859375	0.3	0.0	1	258126	n/a
126.04638671875	0.3	0.0	1	258143	n/a
126.0546875	0.3	1.0	2	258160	n/a
126.06298828125	0.3	0.0	1	258177	n/a
126.0712890625	0.3	1.0	2	258194	n/a
126.07958984375	0.3	0.0	1	258211	n/a
126.087890625	0.3	1.0	2	258228	n/a
126.09619140625	0.3	0.0	1	258245	n/a
126.1044921875	0.3	1.0	2	258262	n/a
126.11328125	0.3	1.0	2	258280	n/a
126.12158203125	0.3	0.0	1	258297	n/a
126.1298828125	0.3	1.0	2	258314	n/a
126.13818359375	0.3	0.0	1	258331	n/a
126.146484375	0.3	0.0	1	258348	n/a
126.15478515625	0.3	1.0	2	258365	n/a
126.1630859375	0.3	1.0	2	258382	n/a
126.17138671875	0.3	0.0	1	258399	n/a
126.1796875	0.3	1.0	2	258416	n/a
126.18798828125	0.3	0.0	1	258433	n/a
126.1962890625	0.3	0.0	1	258450	n/a
126.20458984375	0.3	1.0	2	258467	n/a
126.212890625	0.3	1.0	2	258484	n/a
126.22119140625	0.3	0.0	1	258501	n/a
126.2294921875	0.3	0.0	1	258518	n/a
126.23828125	0.3	1.0	2	258536	n/a
126.24658203125	0.3	1.0	2	258553	n/a
126.2548828125	0.3	0.0	1	258570	n/a
126.26318359375	0.3	1.0	2	258587	n/a
126.271484375	0.3	0.0	1	258604	n/a
126.27978515625	0.3	1.0	2	258621	n/a
126.2880859375	0.3	0.0	1	258638	n/a
126.29638671875	0.3	1.0	2	258655	n/a
126.3046875	0.3	0.0	1	258672	n/a
126.31298828125	0.3	1.0	2	258689	n/a
126.3212890625	0.3	0.0	1	258706	n/a
126.32958984375	0.3	1.0	2	258723	n/a
126.337890625	0.3	0.0	1	258740	n/a
126.34619140625	0.3	0.0	1	258757	n/a
126.3544921875	0.3	1.0	2	258774	n/a
126.36328125	0.3	0.0	1	258792	n/a
126.37158203125	0.3	1.0	2	258809	n/a
126.3798828125	0.3	1.0	2	258826	n/a
126.38818359375	0.3	0.0	1	258843	n/a
126.396484375	0.3	1.0	2	258860	n/a
126.40478515625	0.3	0.0	1	258877	n/a
126.4130859375	0.3	0.0	1	258894	n/a
126.42138671875	0.3	1.0	2	258911	n/a
126.4296875	0.3	0.0	1	258928	n/a
126.43798828125	0.3	1.0	2	258945	n/a
126.4462890625	0.3	0.0	1	258962	n/a
126.45458984375	0.3	1.0	2	258979	n/a
126.462890625	0.3	0.0	1	258996	n/a
126.47119140625	0.3	1.0	2	259013	n/a
126.4794921875	0.3	0.0	1	259030	n/a
126.48828125	0.3	1.0	2	259048	n/a
126.49658203125	0.3	0.0	1	259065	n/a
126.5048828125	0.3	1.0	2	259082	n/a
126.51318359375	0.3	1.0	2	259099	n/a
126.521484375	0.3	0.0	1	259116	n/a
126.52978515625	0.3	1.0	2	259133	n/a
126.5380859375	0.3	0.0	1	259150	n/a
126.54638671875	0.3	0.0	1	259167	n/a
126.5546875	0.3	1.0	2	259184	n/a
126.56298828125	0.3	0.0	1	259201	n/a
126.5712890625	0.3	1.0	2	259218	n/a
126.57958984375	0.3	1.0	2	259235	n/a
126.587890625	0.3	0.0	1	259252	n/a
126.59619140625	0.3	0.0	1	259269	n/a
126.6044921875	0.3	1.0	2	259286	n/a
126.61328125	0.3	0.0	1	259304	n/a
126.62158203125	0.3	1.0	2	259321	n/a
126.6298828125	0.3	1.0	2	259338	n/a
126.63818359375	0.3	0.0	1	259355	n/a
126.646484375	0.3	0.0	1	259372	n/a
126.65478515625	0.3	1.0	2	259389	n/a
126.6630859375	0.3	1.0	2	259406	n/a
126.67138671875	0.3	0.0	1	259423	n/a
126.6796875	0.3	0.0	1	259440	n/a
126.68798828125	0.3	1.0	2	259457	n/a
126.6962890625	0.3	0.0	1	259474	n/a
126.70458984375	0.3	1.0	2	259491	n/a
126.712890625	0.3	1.0	2	259508	n/a
126.72119140625	0.3	0.0	1	259525	n/a
126.7294921875	0.3	1.0	2	259542	n/a
126.73828125	0.3	0.0	1	259560	n/a
126.74658203125	0.3	0.0	1	259577	n/a
126.7548828125	0.3	1.0	2	259594	n/a
126.76318359375	0.3	1.0	2	259611	n/a
126.771484375	0.3	0.0	1	259628	n/a
126.77978515625	0.3	1.0	2	259645	n/a
126.7880859375	0.3	0.0	1	259662	n/a
126.79638671875	0.3	1.0	2	259679	n/a
126.8046875	0.3	0.0	1	259696	n/a
126.81298828125	0.3	0.0	1	259713	n/a
126.8212890625	0.3	1.0	2	259730	n/a
126.82958984375	0.3	0.0	1	259747	n/a
126.837890625	0.3	1.0	2	259764	n/a
126.84619140625	0.3	1.0	2	259781	n/a
126.8544921875	0.3	0.0	1	259798	n/a
126.86328125	0.3	1.0	2	259816	n/a
126.87158203125	0.3	0.0	1	259833	n/a
126.8798828125	0.3	1.0	2	259850	n/a
126.88818359375	0.3	0.0	1	259867	n/a
126.896484375	0.3	1.0	2	259884	n/a
126.90478515625	0.3	0.0	1	259901	n/a
126.9130859375	0.3	0.0	1	259918	n/a
126.92138671875	0.3	1.0	2	259935	n/a
126.9296875	0.3	0.0	1	259952	n/a
126.93798828125	0.3	1.0	2	259969	n/a
126.9462890625	0.3	0.0	1	259986	n/a
126.95458984375	0.3	1.0	2	260003	n/a
126.962890625	0.3	0.0	1	260020	n/a
126.97119140625	0.3	1.0	2	260037	n/a
126.9794921875	0.3	1.0	2	260054	n/a
126.98828125	0.3	0.0	1	260072	n/a
126.99658203125	0.3	0.0	1	260089	n/a
127.0048828125	0.3	1.0	2	260106	n/a
127.01318359375	0.3	1.0	2	260123	n/a
127.021484375	0.3	0.0	1	260140	n/a
127.02978515625	0.3	0.0	1	260157	n/a
127.0380859375	0.3	1.0	2	260174	n/a
127.04638671875	0.3	1.0	2	260191	n/a
127.0546875	0.3	0.0	1	260208	n/a
127.06298828125	0.3	0.0	1	260225	n/a
127.0712890625	0.3	1.0	2	260242	n/a
127.07958984375	0.3	1.0	2	260259	n/a
127.087890625	0.3	0.0	1	260276	n/a
127.09619140625	0.3	0.0	1	260293	n/a
127.1044921875	0.3	1.0	2	260310	n/a
127.11328125	0.3	0.0	1	260328	n/a
127.12158203125	0.3	1.0	2	260345	n/a
127.1298828125	0.3	0.0	1	260362	n/a
127.13818359375	0.3	1.0	2	260379	n/a
127.146484375	0.3	0.0	1	260396	n/a
127.15478515625	0.3	1.0	2	260413	n/a
127.1630859375	0.3	1.0	2	260430	n/a
127.17138671875	0.3	0.0	1	260447	n/a
127.1796875	0.3	1.0	2	260464	n/a
127.18798828125	0.3	0.0	1	260481	n/a
127.1962890625	0.3	0.0	1	260498	n/a
127.20458984375	0.3	1.0	2	260515	n/a
127.212890625	0.3	1.0	2	260532	n/a
127.22119140625	0.3	0.0	1	260549	n/a
127.2294921875	0.3	1.0	2	260566	n/a
127.23828125	0.3	0.0	1	260584	n/a
127.24658203125	0.3	0.0	1	260601	n/a
127.2548828125	0.3	1.0	2	260618	n/a
127.26318359375	0.3	1.0	2	260635	n/a
127.271484375	0.3	0.0	1	260652	n/a
127.27978515625	0.3	0.0	1	260669	n/a
127.2880859375	0.3	1.0	2	260686	n/a
127.29638671875	0.3	1.0	2	260703	n/a
127.3046875	0.3	0.0	1	260720	n/a
127.31298828125	0.3	1.0	2	260737	n/a
127.3212890625	0.3	0.0	1	260754	n/a
127.32958984375	0.3	1.0	2	260771	n/a
127.337890625	0.3	0.0	1	260788	n/a
127.34619140625	0.3	1.0	2	260805	n/a
127.3544921875	0.3	0.0	1	260822	n/a
127.36328125	0.3	1.0	2	260840	n/a
127.37158203125	0.3	0.0	1	260857	n/a
127.3798828125	0.3	1.0	2	260874	n/a
127.38818359375	0.3	0.0	1	260891	n/a
127.396484375	0.3	0.0	1	260908	n/a
127.40478515625	0.3	1.0	2	260925	n/a
127.4130859375	0.3	0.0	1	260942	n/a
127.42138671875	0.3	1.0	2	260959	n/a
127.4296875	0.3	1.0	2	260976	n/a
127.43798828125	0.3	0.0	1	260993	n/a
127.4462890625	0.3	1.0	2	261010	n/a
127.45458984375	0.3	0.0	1	261027	n/a
127.462890625	0.3	0.0	1	261044	n/a
127.47119140625	0.3	1.0	2	261061	n/a
127.4794921875	0.3	0.0	1	261078	n/a
127.48828125	0.3	1.0	2	261096	n/a
129.87158203125	0.3	1.0	2	265977	11.0
129.8798828125	0.3	0.0	1	265994	n/a
129.88818359375	0.3	0.0	1	266011	n/a
129.896484375	0.3	1.0	2	266028	n/a
129.90478515625	0.3	1.0	2	266045	n/a
129.9130859375	0.3	0.0	1	266062	n/a
129.92138671875	0.3	0.0	1	266079	n/a
129.9296875	0.3	1.0	2	266096	n/a
129.9384765625	0.3	1.0	2	266114	n/a
129.94677734375	0.3	0.0	1	266131	n/a
129.955078125	0.3	0.0	1	266148	n/a
129.96337890625	0.3	1.0	2	266165	n/a
129.9716796875	0.3	1.0	2	266182	n/a
129.97998046875	0.3	0.0	1	266199	n/a
129.98828125	0.3	0.0	1	266216	n/a
129.99658203125	0.3	1.0	2	266233	n/a
130.0048828125	0.3	0.0	1	266250	n/a
130.01318359375	0.3	1.0	2	266267	n/a
130.021484375	0.3	1.0	2	266284	n/a
130.02978515625	0.3	0.0	1	266301	n/a
130.0380859375	0.3	0.0	1	266318	n/a
130.04638671875	0.3	1.0	2	266335	n/a
130.0546875	0.3	1.0	2	266352	n/a
130.0634765625	0.3	0.0	1	266370	n/a
130.07177734375	0.3	0.0	1	266387	n/a
130.080078125	0.3	1.0	2	266404	n/a
130.08837890625	0.3	0.0	1	266421	n/a
130.0966796875	0.3	1.0	2	266438	n/a
130.10498046875	0.3	0.0	1	266455	n/a
130.11328125	0.3	1.0	2	266472	n/a
130.12158203125	0.3	0.0	1	266489	n/a
130.1298828125	0.3	1.0	2	266506	n/a
130.13818359375	0.3	0.0	1	266523	n/a
130.146484375	0.3	1.0	2	266540	n/a
130.15478515625	0.3	1.0	2	266557	n/a
130.1630859375	0.3	0.0	1	266574	n/a
130.17138671875	0.3	0.0	1	266591	n/a
130.1796875	0.3	1.0	2	266608	n/a
130.1884765625	0.3	1.0	2	266626	n/a
130.19677734375	0.3	0.0	1	266643	n/a
130.205078125	0.3	1.0	2	266660	n/a
130.21337890625	0.3	0.0	1	266677	n/a
130.2216796875	0.3	0.0	1	266694	n/a
130.22998046875	0.3	1.0	2	266711	n/a
130.23828125	0.3	1.0	2	266728	n/a
130.24658203125	0.3	0.0	1	266745	n/a
130.2548828125	0.3	1.0	2	266762	n/a
130.26318359375	0.3	0.0	1	266779	n/a
130.271484375	0.3	1.0	2	266796	n/a
130.27978515625	0.3	0.0	1	266813	n/a
130.2880859375	0.3	1.0	2	266830	n/a
130.29638671875	0.3	0.0	1	266847	n/a
130.3046875	0.3	1.0	2	266864	n/a
130.3134765625	0.3	0.0	1	266882	n/a
130.32177734375	0.3	1.0	2	266899	n/a
130.330078125	0.3	0.0	1	266916	n/a
130.33837890625	0.3	0.0	1	266933	n/a
130.3466796875	0.3	1.0	2	266950	n/a
130.35498046875	0.3	1.0	2	266967	n/a
130.36328125	0.3	0.0	1	266984	n/a
130.37158203125	0.3	0.0	1	267001	n/a
130.3798828125	0.3	1.0	2	267018	n/a
130.38818359375	0.3	1.0	2	267035	n/a
130.396484375	0.3	0.0	1	267052	n/a
130.40478515625	0.3	0.0	1	267069	n/a
130.4130859375	0.3	1.0	2	267086	n/a
130.42138671875	0.3	1.0	2	267103	n/a
130.4296875	0.3	0.0	1	267120	n/a
130.4384765625	0.3	0.0	1	267138	n/a
130.44677734375	0.3	1.0	2	267155	n/a
130.455078125	0.3	1.0	2	267172	n/a
130.46337890625	0.3	0.0	1	267189	n/a
130.4716796875	0.3	0.0	1	267206	n/a
130.47998046875	0.3	1.0	2	267223	n/a
130.48828125	0.3	0.0	1	267240	n/a
130.49658203125	0.3	1.0	2	267257	n/a
130.5048828125	0.3	1.0	2	267274	n/a
130.51318359375	0.3	0.0	1	267291	n/a
130.521484375	0.3	1.0	2	267308	n/a
130.52978515625	0.3	0.0	1	267325	n/a
130.5380859375	0.3	0.0	1	267342	n/a
130.54638671875	0.3	1.0	2	267359	n/a
130.5546875	0.3	1.0	2	267376	n/a
130.5634765625	0.3	0.0	1	267394	n/a
130.57177734375	0.3	0.0	1	267411	n/a
130.580078125	0.3	1.0	2	267428	n/a
130.58837890625	0.3	0.0	1	267445	n/a
130.5966796875	0.3	1.0	2	267462	n/a
130.60498046875	0.3	1.0	2	267479	n/a
130.61328125	0.3	0.0	1	267496	n/a
130.62158203125	0.3	0.0	1	267513	n/a
130.6298828125	0.3	1.0	2	267530	n/a
130.63818359375	0.3	1.0	2	267547	n/a
130.646484375	0.3	0.0	1	267564	n/a
130.65478515625	0.3	0.0	1	267581	n/a
130.6630859375	0.3	1.0	2	267598	n/a
130.67138671875	0.3	1.0	2	267615	n/a
130.6796875	0.3	0.0	1	267632	n/a
130.6884765625	0.3	1.0	2	267650	n/a
130.69677734375	0.3	0.0	1	267667	n/a
130.705078125	0.3	0.0	1	267684	n/a
130.71337890625	0.3	1.0	2	267701	n/a
130.7216796875	0.3	0.0	1	267718	n/a
130.72998046875	0.3	1.0	2	267735	n/a
130.73828125	0.3	0.0	1	267752	n/a
130.74658203125	0.3	1.0	2	267769	n/a
130.7548828125	0.3	0.0	1	267786	n/a
130.76318359375	0.3	1.0	2	267803	n/a
130.771484375	0.3	0.0	1	267820	n/a
130.77978515625	0.3	1.0	2	267837	n/a
130.7880859375	0.3	1.0	2	267854	n/a
130.79638671875	0.3	0.0	1	267871	n/a
130.8046875	0.3	0.0	1	267888	n/a
130.8134765625	0.3	1.0	2	267906	n/a
130.82177734375	0.3	1.0	2	267923	n/a
130.830078125	0.3	0.0	1	267940	n/a
130.83837890625	0.3	1.0	2	267957	n/a
130.8466796875	0.3	0.0	1	267974	n/a
130.85498046875	0.3	1.0	2	267991	n/a
130.86328125	0.3	0.0	1	268008	n/a
130.87158203125	0.3	0.0	1	268025	n/a
130.8798828125	0.3	1.0	2	268042	n/a
130.88818359375	0.3	0.0	1	268059	n/a
130.896484375	0.3	1.0	2	268076	n/a
130.90478515625	0.3	1.0	2	268093	n/a
130.9130859375	0.3	0.0	1	268110	n/a
130.92138671875	0.3	1.0	2	268127	n/a
130.9296875	0.3	0.0	1	268144	n/a
130.9384765625	0.3	0.0	1	268162	n/a
130.94677734375	0.3	1.0	2	268179	n/a
130.955078125	0.3	1.0	2	268196	n/a
130.96337890625	0.3	0.0	1	268213	n/a
130.9716796875	0.3	0.0	1	268230	n/a
130.97998046875	0.3	1.0	2	268247	n/a
130.98828125	0.3	1.0	2	268264	n/a
130.99658203125	0.3	0.0	1	268281	n/a
131.0048828125	0.3	0.0	1	268298	n/a
131.01318359375	0.3	1.0	2	268315	n/a
131.021484375	0.3	1.0	2	268332	n/a
131.02978515625	0.3	0.0	1	268349	n/a
131.0380859375	0.3	0.0	1	268366	n/a
131.04638671875	0.3	1.0	2	268383	n/a
131.0546875	0.3	0.0	1	268400	n/a
131.0634765625	0.3	1.0	2	268418	n/a
131.07177734375	0.3	1.0	2	268435	n/a
131.080078125	0.3	0.0	1	268452	n/a
131.08837890625	0.3	0.0	1	268469	n/a
131.0966796875	0.3	1.0	2	268486	n/a
131.10498046875	0.3	1.0	2	268503	n/a
131.11328125	0.3	0.0	1	268520	n/a
131.12158203125	0.3	0.0	1	268537	n/a
131.1298828125	0.3	1.0	2	268554	n/a
131.13818359375	0.3	0.0	1	268571	n/a
131.146484375	0.3	1.0	2	268588	n/a
131.15478515625	0.3	0.0	1	268605	n/a
131.1630859375	0.3	1.0	2	268622	n/a
131.17138671875	0.3	0.0	1	268639	n/a
131.1796875	0.3	1.0	2	268656	n/a
131.1884765625	0.3	0.0	1	268674	n/a
131.19677734375	0.3	1.0	2	268691	n/a
131.205078125	0.3	1.0	2	268708	n/a
131.21337890625	0.3	0.0	1	268725	n/a
131.2216796875	0.3	0.0	1	268742	n/a
131.22998046875	0.3	1.0	2	268759	n/a
131.23828125	0.3	1.0	2	268776	n/a
131.24658203125	0.3	0.0	1	268793	n/a
131.2548828125	0.3	1.0	2	268810	n/a
131.26318359375	0.3	0.0	1	268827	n/a
131.271484375	0.3	0.0	1	268844	n/a
131.27978515625	0.3	1.0	2	268861	n/a
131.2880859375	0.3	1.0	2	268878	n/a
131.29638671875	0.3	0.0	1	268895	n/a
131.3046875	0.3	1.0	2	268912	n/a
131.3134765625	0.3	0.0	1	268930	n/a
131.32177734375	0.3	1.0	2	268947	n/a
131.330078125	0.3	0.0	1	268964	n/a
131.33837890625	0.3	1.0	2	268981	n/a
131.3466796875	0.3	0.0	1	268998	n/a
131.35498046875	0.3	1.0	2	269015	n/a
131.36328125	0.3	0.0	1	269032	n/a
131.37158203125	0.3	1.0	2	269049	n/a
131.3798828125	0.3	0.0	1	269066	n/a
131.38818359375	0.3	0.0	1	269083	n/a
131.396484375	0.3	1.0	2	269100	n/a
131.40478515625	0.3	1.0	2	269117	n/a
131.4130859375	0.3	0.0	1	269134	n/a
131.42138671875	0.3	0.0	1	269151	n/a
131.4296875	0.3	1.0	2	269168	n/a
131.4384765625	0.3	1.0	2	269186	n/a
131.44677734375	0.3	0.0	1	269203	n/a
131.455078125	0.3	0.0	1	269220	n/a
131.46337890625	0.3	1.0	2	269237	n/a
131.4716796875	0.3	1.0	2	269254	n/a
131.47998046875	0.3	0.0	1	269271	n/a
131.48828125	0.3	0.0	1	269288	n/a
131.49658203125	0.3	1.0	2	269305	n/a
131.5048828125	0.3	1.0	2	269322	n/a
131.51318359375	0.3	0.0	1	269339	n/a
131.521484375	0.3	0.0	1	269356	n/a
131.52978515625	0.3	1.0	2	269373	n/a
131.5380859375	0.3	0.0	1	269390	n/a
131.54638671875	0.3	1.0	2	269407	n/a
131.5546875	0.3	1.0	2	269424	n/a
131.5634765625	0.3	0.0	1	269442	n/a
131.57177734375	0.3	1.0	2	269459	n/a
131.580078125	0.3	0.0	1	269476	n/a
131.58837890625	0.3	0.0	1	269493	n/a
131.5966796875	0.3	1.0	2	269510	n/a
131.60498046875	0.3	1.0	2	269527	n/a
131.61328125	0.3	0.0	1	269544	n/a
131.62158203125	0.3	0.0	1	269561	n/a
131.6298828125	0.3	1.0	2	269578	n/a
131.63818359375	0.3	0.0	1	269595	n/a
131.646484375	0.3	1.0	2	269612	n/a
131.65478515625	0.3	1.0	2	269629	n/a
131.6630859375	0.3	0.0	1	269646	n/a
131.67138671875	0.3	0.0	1	269663	n/a
131.6796875	0.3	1.0	2	269680	n/a
131.6884765625	0.3	1.0	2	269698	n/a
131.69677734375	0.3	0.0	1	269715	n/a
131.705078125	0.3	0.0	1	269732	n/a
131.71337890625	0.3	1.0	2	269749	n/a
131.7216796875	0.3	1.0	2	269766	n/a
131.72998046875	0.3	0.0	1	269783	n/a
131.73828125	0.3	1.0	2	269800	n/a
131.74658203125	0.3	0.0	1	269817	n/a
131.7548828125	0.3	0.0	1	269834	n/a
131.76318359375	0.3	1.0	2	269851	n/a
131.771484375	0.3	0.0	1	269868	n/a
131.77978515625	0.3	1.0	2	269885	n/a
131.7880859375	0.3	0.0	1	269902	n/a
131.79638671875	0.3	1.0	2	269919	n/a
131.8046875	0.3	0.0	1	269936	n/a
131.8134765625	0.3	1.0	2	269954	n/a
131.82177734375	0.3	0.0	1	269971	n/a
131.830078125	0.3	1.0	2	269988	n/a
131.83837890625	0.3	1.0	2	270005	n/a
131.8466796875	0.3	0.0	1	270022	n/a
131.85498046875	0.3	0.0	1	270039	n/a
131.86328125	0.3	1.0	2	270056	n/a
131.87158203125	0.3	1.0	2	270073	n/a
131.8798828125	0.3	0.0	1	270090	n/a
131.88818359375	0.3	1.0	2	270107	n/a
131.896484375	0.3	0.0	1	270124	n/a
131.90478515625	0.3	1.0	2	270141	n/a
131.9130859375	0.3	0.0	1	270158	n/a
131.92138671875	0.3	0.0	1	270175	n/a
131.9296875	0.3	1.0	2	270192	n/a
131.9384765625	0.3	0.0	1	270210	n/a
131.94677734375	0.3	1.0	2	270227	n/a
131.955078125	0.3	1.0	2	270244	n/a
131.96337890625	0.3	0.0	1	270261	n/a
131.9716796875	0.3	1.0	2	270278	n/a
131.97998046875	0.3	0.0	1	270295	n/a
131.98828125	0.3	0.0	1	270312	n/a
131.99658203125	0.3	1.0	2	270329	n/a
132.0048828125	0.3	1.0	2	270346	n/a
132.01318359375	0.3	0.0	1	270363	n/a
132.021484375	0.3	0.0	1	270380	n/a
132.02978515625	0.3	1.0	2	270397	n/a
132.0380859375	0.3	1.0	2	270414	n/a
132.04638671875	0.3	0.0	1	270431	n/a
132.0546875	0.3	0.0	1	270448	n/a
132.0634765625	0.3	1.0	2	270466	n/a
132.07177734375	0.3	1.0	2	270483	n/a
132.080078125	0.3	0.0	1	270500	n/a
132.08837890625	0.3	0.0	1	270517	n/a
132.0966796875	0.3	1.0	2	270534	n/a
132.10498046875	0.3	0.0	1	270551	n/a
132.11328125	0.3	1.0	2	270568	n/a
132.12158203125	0.3	1.0	2	270585	n/a
132.1298828125	0.3	0.0	1	270602	n/a
132.13818359375	0.3	0.0	1	270619	n/a
132.146484375	0.3	1.0	2	270636	n/a
132.15478515625	0.3	1.0	2	270653	n/a
132.1630859375	0.3	0.0	1	270670	n/a
132.17138671875	0.3	0.0	1	270687	n/a
132.1796875	0.3	1.0	2	270704	n/a
132.1884765625	0.3	0.0	1	270722	n/a
132.19677734375	0.3	1.0	2	270739	n/a
132.205078125	0.3	0.0	1	270756	n/a
132.21337890625	0.3	1.0	2	270773	n/a
132.2216796875	0.3	0.0	1	270790	n/a
132.22998046875	0.3	1.0	2	270807	n/a
132.23828125	0.3	0.0	1	270824	n/a
132.24658203125	0.3	1.0	2	270841	n/a
132.2548828125	0.3	1.0	2	270858	n/a
132.26318359375	0.3	0.0	1	270875	n/a
132.271484375	0.3	0.0	1	270892	n/a
132.27978515625	0.3	1.0	2	270909	n/a
132.2880859375	0.3	1.0	2	270926	n/a
132.29638671875	0.3	0.0	1	270943	n/a
132.3046875	0.3	1.0	2	270960	n/a
132.3134765625	0.3	0.0	1	270978	n/a
132.32177734375	0.3	0.0	1	270995	n/a
132.330078125	0.3	1.0	2	271012	n/a
132.33837890625	0.3	1.0	2	271029	n/a
132.3466796875	0.3	0.0	1	271046	n/a
132.35498046875	0.3	1.0	2	271063	n/a
132.36328125	0.3	0.0	1	271080	n/a
132.37158203125	0.3	1.0	2	271097	n/a
132.3798828125	0.3	0.0	1	271114	n/a
132.38818359375	0.3	1.0	2	271131	n/a
132.396484375	0.3	0.0	1	271148	n/a
132.40478515625	0.3	1.0	2	271165	n/a
132.4130859375	0.3	0.0	1	271182	n/a
132.42138671875	0.3	1.0	2	271199	n/a
132.4296875	0.3	0.0	1	271216	n/a
132.4384765625	0.3	0.0	1	271234	n/a
132.44677734375	0.3	1.0	2	271251	n/a
132.455078125	0.3	1.0	2	271268	n/a
132.46337890625	0.3	0.0	1	271285	n/a
132.4716796875	0.3	0.0	1	271302	n/a
132.47998046875	0.3	1.0	2	271319	n/a
132.48828125	0.3	1.0	2	271336	n/a
132.49658203125	0.3	0.0	1	271353	n/a
132.5048828125	0.3	0.0	1	271370	n/a
132.51318359375	0.3	1.0	2	271387	n/a
132.521484375	0.3	1.0	2	271404	n/a
132.52978515625	0.3	0.0	1	271421	n/a
132.5380859375	0.3	0.0	1	271438	n/a
132.54638671875	0.3	1.0	2	271455	n/a
132.5546875	0.3	1.0	2	271472	n/a
132.5634765625	0.3	0.0	1	271490	n/a
132.57177734375	0.3	0.0	1	271507	n/a
132.580078125	0.3	1.0	2	271524	n/a
132.58837890625	0.3	0.0	1	271541	n/a
132.5966796875	0.3	1.0	2	271558	n/a
132.60498046875	0.3	1.0	2	271575	n/a
132.61328125	0.3	0.0	1	271592	n/a
132.62158203125	0.3	1.0	2	271609	n/a
132.6298828125	0.3	0.0	1	271626	n/a
132.63818359375	0.3	0.0	1	271643	n/a
132.646484375	0.3	1.0	2	271660	n/a
132.65478515625	0.3	1.0	2	271677	n/a
132.6630859375	0.3	0.0	1	271694	n/a
132.67138671875	0.3	0.0	1	271711	n/a
132.6796875	0.3	1.0	2	271728	n/a
132.6884765625	0.3	0.0	1	271746	n/a
132.69677734375	0.3	1.0	2	271763	n/a
132.705078125	0.3	1.0	2	271780	n/a
132.71337890625	0.3	0.0	1	271797	n/a
132.7216796875	0.3	0.0	1	271814	n/a
132.72998046875	0.3	1.0	2	271831	n/a
132.73828125	0.3	1.0	2	271848	n/a
132.74658203125	0.3	0.0	1	271865	n/a
132.7548828125	0.3	0.0	1	271882	n/a
132.76318359375	0.3	1.0	2	271899	n/a
132.771484375	0.3	1.0	2	271916	n/a
132.77978515625	0.3	0.0	1	271933	n/a
132.7880859375	0.3	1.0	2	271950	n/a
132.79638671875	0.3	0.0	1	271967	n/a
132.8046875	0.3	0.0	1	271984	n/a
132.8134765625	0.3	1.0	2	272002	n/a
132.82177734375	0.3	0.0	1	272019	n/a
132.830078125	0.3	1.0	2	272036	n/a
132.83837890625	0.3	0.0	1	272053	n/a
132.8466796875	0.3	1.0	2	272070	n/a
132.85498046875	0.3	0.0	1	272087	n/a
132.86328125	0.3	1.0	2	272104	n/a
132.87158203125	0.3	0.0	1	272121	n/a
132.8798828125	0.3	1.0	2	272138	n/a
132.88818359375	0.3	1.0	2	272155	n/a
132.896484375	0.3	0.0	1	272172	n/a
132.90478515625	0.3	0.0	1	272189	n/a
132.9130859375	0.3	1.0	2	272206	n/a
132.92138671875	0.3	1.0	2	272223	n/a
132.9296875	0.3	0.0	1	272240	n/a
132.9384765625	0.3	1.0	2	272258	n/a
132.94677734375	0.3	0.0	1	272275	n/a
132.955078125	0.3	1.0	2	272292	n/a
132.96337890625	0.3	0.0	1	272309	n/a
132.9716796875	0.3	0.0	1	272326	n/a
132.97998046875	0.3	1.0	2	272343	n/a
132.98828125	0.3	0.0	1	272360	n/a
132.99658203125	0.3	1.0	2	272377	n/a
133.0048828125	0.3	1.0	2	272394	n/a
133.01318359375	0.3	0.0	1	272411	n/a
133.021484375	0.3	1.0	2	272428	n/a
133.02978515625	0.3	0.0	1	272445	n/a
133.0380859375	0.3	0.0	1	272462	n/a
133.04638671875	0.3	1.0	2	272479	n/a
133.0546875	0.3	1.0	2	272496	n/a
133.0634765625	0.3	0.0	1	272514	n/a
133.07177734375	0.3	0.0	1	272531	n/a
133.080078125	0.3	1.0	2	272548	n/a
133.08837890625	0.3	1.0	2	272565	n/a
133.0966796875	0.3	0.0	1	272582	n/a
133.10498046875	0.3	0.0	1	272599	n/a
133.11328125	0.3	1.0	2	272616	n/a
133.12158203125	0.3	1.0	2	272633	n/a
133.1298828125	0.3	0.0	1	272650	n/a
133.13818359375	0.3	0.0	1	272667	n/a
133.146484375	0.3	1.0	2	272684	n/a
133.15478515625	0.3	0.0	1	272701	n/a
133.1630859375	0.3	1.0	2	272718	n/a
133.17138671875	0.3	1.0	2	272735	n/a
133.1796875	0.3	0.0	1	272752	n/a
133.1884765625	0.3	0.0	1	272770	n/a
133.19677734375	0.3	1.0	2	272787	n/a
133.205078125	0.3	1.0	2	272804	n/a
133.21337890625	0.3	0.0	1	272821	n/a
133.2216796875	0.3	0.0	1	272838	n/a
133.22998046875	0.3	1.0	2	272855	n/a
133.23828125	0.3	0.0	1	272872	n/a
133.24658203125	0.3	1.0	2	272889	n/a
133.2548828125	0.3	0.0	1	272906	n/a
133.26318359375	0.3	1.0	2	272923	n/a
133.271484375	0.3	0.0	1	272940	n/a
133.27978515625	0.3	1.0	2	272957	n/a
133.2880859375	0.3	0.0	1	272974	n/a
133.29638671875	0.3	1.0	2	272991	n/a
133.3046875	0.3	1.0	2	273008	n/a
133.3134765625	0.3	0.0	1	273026	n/a
133.32177734375	0.3	0.0	1	273043	n/a
133.330078125	0.3	1.0	2	273060	n/a
133.33837890625	0.3	1.0	2	273077	n/a
133.3466796875	0.3	0.0	1	273094	n/a
133.35498046875	0.3	1.0	2	273111	n/a
133.36328125	0.3	0.0	1	273128	n/a
133.37158203125	0.3	0.0	1	273145	n/a
133.3798828125	0.3	1.0	2	273162	n/a
133.38818359375	0.3	1.0	2	273179	n/a
133.396484375	0.3	0.0	1	273196	n/a
133.40478515625	0.3	1.0	2	273213	n/a
133.4130859375	0.3	0.0	1	273230	n/a
133.42138671875	0.3	1.0	2	273247	n/a
133.4296875	0.3	0.0	1	273264	n/a
133.4384765625	0.3	1.0	2	273282	n/a
133.44677734375	0.3	0.0	1	273299	n/a
133.455078125	0.3	1.0	2	273316	n/a
133.46337890625	0.3	0.0	1	273333	n/a
133.4716796875	0.3	1.0	2	273350	n/a
133.47998046875	0.3	0.0	1	273367	n/a
133.48828125	0.3	0.0	1	273384	n/a
133.49658203125	0.3	1.0	2	273401	n/a
133.5048828125	0.3	1.0	2	273418	n/a
133.51318359375	0.3	0.0	1	273435	n/a
133.521484375	0.3	0.0	1	273452	n/a
133.52978515625	0.3	1.0	2	273469	n/a
133.5380859375	0.3	1.0	2	273486	n/a
133.54638671875	0.3	0.0	1	273503	n/a
133.5546875	0.3	0.0	1	273520	n/a
133.5634765625	0.3	1.0	2	273538	n/a
133.57177734375	0.3	1.0	2	273555	n/a
133.580078125	0.3	0.0	1	273572	n/a
133.58837890625	0.3	0.0	1	273589	n/a
133.5966796875	0.3	1.0	2	273606	n/a
133.60498046875	0.3	1.0	2	273623	n/a
133.61328125	0.3	0.0	1	273640	n/a
133.62158203125	0.3	0.0	1	273657	n/a
133.6298828125	0.3	1.0	2	273674	n/a
133.63818359375	0.3	0.0	1	273691	n/a
133.646484375	0.3	1.0	2	273708	n/a
133.65478515625	0.3	1.0	2	273725	n/a
133.6630859375	0.3	0.0	1	273742	n/a
133.67138671875	0.3	1.0	2	273759	n/a
133.6796875	0.3	0.0	1	273776	n/a
133.6884765625	0.3	0.0	1	273794	n/a
133.69677734375	0.3	1.0	2	273811	n/a
133.705078125	0.3	1.0	2	273828	n/a
133.71337890625	0.3	0.0	1	273845	n/a
133.7216796875	0.3	0.0	1	273862	n/a
133.72998046875	0.3	1.0	2	273879	n/a
133.73828125	0.3	0.0	1	273896	n/a
133.74658203125	0.3	1.0	2	273913	n/a
133.7548828125	0.3	1.0	2	273930	n/a
133.76318359375	0.3	0.0	1	273947	n/a
133.771484375	0.3	0.0	1	273964	n/a
133.77978515625	0.3	1.0	2	273981	n/a
133.7880859375	0.3	1.0	2	273998	n/a
133.79638671875	0.3	0.0	1	274015	n/a
133.8046875	0.3	0.0	1	274032	n/a
133.8134765625	0.3	1.0	2	274050	n/a
133.82177734375	0.3	1.0	2	274067	n/a
133.830078125	0.3	0.0	1	274084	n/a
133.83837890625	0.3	1.0	2	274101	n/a
133.8466796875	0.3	0.0	1	274118	n/a
133.85498046875	0.3	0.0	1	274135	n/a
133.86328125	0.3	1.0	2	274152	n/a
133.87158203125	0.3	0.0	1	274169	n/a
133.8798828125	0.3	1.0	2	274186	n/a
133.88818359375	0.3	0.0	1	274203	n/a
133.896484375	0.3	1.0	2	274220	n/a
133.90478515625	0.3	0.0	1	274237	n/a
133.9130859375	0.3	1.0	2	274254	n/a
133.92138671875	0.3	0.0	1	274271	n/a
133.9296875	0.3	1.0	2	274288	n/a
133.9384765625	0.3	1.0	2	274306	n/a
133.94677734375	0.3	0.0	1	274323	n/a
133.955078125	0.3	0.0	1	274340	n/a
133.96337890625	0.3	1.0	2	274357	n/a
133.9716796875	0.3	1.0	2	274374	n/a
133.97998046875	0.3	0.0	1	274391	n/a
133.98828125	0.3	1.0	2	274408	n/a
133.99658203125	0.3	0.0	1	274425	n/a
134.0048828125	0.3	1.0	2	274442	n/a
134.01318359375	0.3	0.0	1	274459	n/a
134.021484375	0.3	0.0	1	274476	n/a
134.02978515625	0.3	1.0	2	274493	n/a
134.0380859375	0.3	0.0	1	274510	n/a
134.04638671875	0.3	1.0	2	274527	n/a
134.0546875	0.3	1.0	2	274544	n/a
134.0634765625	0.3	0.0	1	274562	n/a
136.49755859375	0.3	0.0	1	279547	34.0
136.505859375	0.3	1.0	2	279564	n/a
136.51416015625	0.3	0.0	1	279581	n/a
136.5224609375	0.3	1.0	2	279598	n/a
136.53076171875	0.3	1.0	2	279615	n/a
136.5390625	0.3	0.0	1	279632	n/a
136.54736328125	0.3	0.0	1	279649	n/a
136.5556640625	0.3	1.0	2	279666	n/a
136.564453125	0.3	1.0	2	279684	n/a
136.57275390625	0.3	0.0	1	279701	n/a
136.5810546875	0.3	1.0	2	279718	n/a
136.58935546875	0.3	0.0	1	279735	n/a
136.59765625	0.3	0.0	1	279752	n/a
136.60595703125	0.3	1.0	2	279769	n/a
136.6142578125	0.3	1.0	2	279786	n/a
136.62255859375	0.3	0.0	1	279803	n/a
136.630859375	0.3	0.0	1	279820	n/a
136.63916015625	0.3	1.0	2	279837	n/a
136.6474609375	0.3	1.0	2	279854	n/a
136.65576171875	0.3	0.0	1	279871	n/a
136.6640625	0.3	0.0	1	279888	n/a
136.67236328125	0.3	1.0	2	279905	n/a
136.6806640625	0.3	1.0	2	279922	n/a
136.689453125	0.3	0.0	1	279940	n/a
136.69775390625	0.3	0.0	1	279957	n/a
136.7060546875	0.3	1.0	2	279974	n/a
136.71435546875	0.3	1.0	2	279991	n/a
136.72265625	0.3	0.0	1	280008	n/a
136.73095703125	0.3	0.0	1	280025	n/a
136.7392578125	0.3	1.0	2	280042	n/a
136.74755859375	0.3	1.0	2	280059	n/a
136.755859375	0.3	0.0	1	280076	n/a
136.76416015625	0.3	1.0	2	280093	n/a
136.7724609375	0.3	0.0	1	280110	n/a
136.78076171875	0.3	0.0	1	280127	n/a
136.7890625	0.3	1.0	2	280144	n/a
136.79736328125	0.3	1.0	2	280161	n/a
136.8056640625	0.3	0.0	1	280178	n/a
136.814453125	0.3	0.0	1	280196	n/a
136.82275390625	0.3	1.0	2	280213	n/a
136.8310546875	0.3	0.0	1	280230	n/a
136.83935546875	0.3	1.0	2	280247	n/a
136.84765625	0.3	0.0	1	280264	n/a
136.85595703125	0.3	1.0	2	280281	n/a
136.8642578125	0.3	1.0	2	280298	n/a
136.87255859375	0.3	0.0	1	280315	n/a
136.880859375	0.3	0.0	1	280332	n/a
136.88916015625	0.3	1.0	2	280349	n/a
136.8974609375	0.3	1.0	2	280366	n/a
136.90576171875	0.3	0.0	1	280383	n/a
136.9140625	0.3	0.0	1	280400	n/a
136.92236328125	0.3	1.0	2	280417	n/a
136.9306640625	0.3	1.0	2	280434	n/a
136.939453125	0.3	0.0	1	280452	n/a
136.94775390625	0.3	0.0	1	280469	n/a
136.9560546875	0.3	1.0	2	280486	n/a
136.96435546875	0.3	0.0	1	280503	n/a
136.97265625	0.3	1.0	2	280520	n/a
136.98095703125	0.3	1.0	2	280537	n/a
136.9892578125	0.3	0.0	1	280554	n/a
136.99755859375	0.3	0.0	1	280571	n/a
137.005859375	0.3	1.0	2	280588	n/a
137.01416015625	0.3	0.0	1	280605	n/a
137.0224609375	0.3	1.0	2	280622	n/a
137.03076171875	0.3	1.0	2	280639	n/a
137.0390625	0.3	0.0	1	280656	n/a
137.04736328125	0.3	1.0	2	280673	n/a
137.0556640625	0.3	0.0	1	280690	n/a
137.064453125	0.3	0.0	1	280708	n/a
137.07275390625	0.3	1.0	2	280725	n/a
137.0810546875	0.3	0.0	1	280742	n/a
137.08935546875	0.3	1.0	2	280759	n/a
137.09765625	0.3	1.0	2	280776	n/a
137.10595703125	0.3	0.0	1	280793	n/a
137.1142578125	0.3	1.0	2	280810	n/a
137.12255859375	0.3	0.0	1	280827	n/a
137.130859375	0.3	0.0	1	280844	n/a
137.13916015625	0.3	1.0	2	280861	n/a
137.1474609375	0.3	1.0	2	280878	n/a
137.15576171875	0.3	0.0	1	280895	n/a
137.1640625	0.3	1.0	2	280912	n/a
137.17236328125	0.3	0.0	1	280929	n/a
137.1806640625	0.3	0.0	1	280946	n/a
137.189453125	0.3	1.0	2	280964	n/a
137.19775390625	0.3	1.0	2	280981	n/a
137.2060546875	0.3	0.0	1	280998	n/a
137.21435546875	0.3	0.0	1	281015	n/a
137.22265625	0.3	1.0	2	281032	n/a
137.23095703125	0.3	0.0	1	281049	n/a
137.2392578125	0.3	1.0	2	281066	n/a
137.24755859375	0.3	0.0	1	281083	n/a
137.255859375	0.3	1.0	2	281100	n/a
137.26416015625	0.3	0.0	1	281117	n/a
137.2724609375	0.3	1.0	2	281134	n/a
137.28076171875	0.3	1.0	2	281151	n/a
137.2890625	0.3	0.0	1	281168	n/a
137.29736328125	0.3	1.0	2	281185	n/a
137.3056640625	0.3	0.0	1	281202	n/a
137.314453125	0.3	0.0	1	281220	n/a
137.32275390625	0.3	1.0	2	281237	n/a
137.3310546875	0.3	0.0	1	281254	n/a
137.33935546875	0.3	1.0	2	281271	n/a
137.34765625	0.3	0.0	1	281288	n/a
137.35595703125	0.3	1.0	2	281305	n/a
137.3642578125	0.3	1.0	2	281322	n/a
137.37255859375	0.3	0.0	1	281339	n/a
137.380859375	0.3	1.0	2	281356	n/a
137.38916015625	0.3	0.0	1	281373	n/a
137.3974609375	0.3	0.0	1	281390	n/a
137.40576171875	0.3	1.0	2	281407	n/a
137.4140625	0.3	0.0	1	281424	n/a
137.42236328125	0.3	1.0	2	281441	n/a
137.4306640625	0.3	1.0	2	281458	n/a
137.439453125	0.3	0.0	1	281476	n/a
137.44775390625	0.3	1.0	2	281493	n/a
137.4560546875	0.3	0.0	1	281510	n/a
137.46435546875	0.3	1.0	2	281527	n/a
137.47265625	0.3	0.0	1	281544	n/a
137.48095703125	0.3	1.0	2	281561	n/a
137.4892578125	0.3	0.0	1	281578	n/a
137.49755859375	0.3	1.0	2	281595	n/a
137.505859375	0.3	0.0	1	281612	n/a
137.51416015625	0.3	0.0	1	281629	n/a
137.5224609375	0.3	1.0	2	281646	n/a
137.53076171875	0.3	1.0	2	281663	n/a
137.5390625	0.3	0.0	1	281680	n/a
137.54736328125	0.3	0.0	1	281697	n/a
137.5556640625	0.3	1.0	2	281714	n/a
137.564453125	0.3	0.0	1	281732	n/a
137.57275390625	0.3	1.0	2	281749	n/a
137.5810546875	0.3	1.0	2	281766	n/a
137.58935546875	0.3	0.0	1	281783	n/a
137.59765625	0.3	0.0	1	281800	n/a
137.60595703125	0.3	1.0	2	281817	n/a
137.6142578125	0.3	1.0	2	281834	n/a
137.62255859375	0.3	0.0	1	281851	n/a
137.630859375	0.3	1.0	2	281868	n/a
137.63916015625	0.3	0.0	1	281885	n/a
137.6474609375	0.3	0.0	1	281902	n/a
137.65576171875	0.3	1.0	2	281919	n/a
137.6640625	0.3	1.0	2	281936	n/a
137.67236328125	0.3	0.0	1	281953	n/a
137.6806640625	0.3	0.0	1	281970	n/a
137.689453125	0.3	1.0	2	281988	n/a
137.69775390625	0.3	1.0	2	282005	n/a
137.7060546875	0.3	0.0	1	282022	n/a
137.71435546875	0.3	0.0	1	282039	n/a
137.72265625	0.3	1.0	2	282056	n/a
137.73095703125	0.3	1.0	2	282073	n/a
137.7392578125	0.3	0.0	1	282090	n/a
137.74755859375	0.3	0.0	1	282107	n/a
137.755859375	0.3	1.0	2	282124	n/a
137.76416015625	0.3	1.0	2	282141	n/a
137.7724609375	0.3	0.0	1	282158	n/a
137.78076171875	0.3	0.0	1	282175	n/a
137.7890625	0.3	1.0	2	282192	n/a
137.79736328125	0.3	1.0	2	282209	n/a
137.8056640625	0.3	0.0	1	282226	n/a
137.814453125	0.3	1.0	2	282244	n/a
137.82275390625	0.3	0.0	1	282261	n/a
137.8310546875	0.3	0.0	1	282278	n/a
137.83935546875	0.3	1.0	2	282295	n/a
137.84765625	0.3	1.0	2	282312	n/a
137.85595703125	0.3	0.0	1	282329	n/a
137.8642578125	0.3	0.0	1	282346	n/a
137.87255859375	0.3	1.0	2	282363	n/a
137.880859375	0.3	0.0	1	282380	n/a
137.88916015625	0.3	1.0	2	282397	n/a
137.8974609375	0.3	0.0	1	282414	n/a
137.90576171875	0.3	1.0	2	282431	n/a
137.9140625	0.3	1.0	2	282448	n/a
137.92236328125	0.3	0.0	1	282465	n/a
137.9306640625	0.3	0.0	1	282482	n/a
137.939453125	0.3	1.0	2	282500	n/a
137.94775390625	0.3	1.0	2	282517	n/a
137.9560546875	0.3	0.0	1	282534	n/a
137.96435546875	0.3	0.0	1	282551	n/a
137.97265625	0.3	1.0	2	282568	n/a
137.98095703125	0.3	1.0	2	282585	n/a
137.9892578125	0.3	0.0	1	282602	n/a
137.99755859375	0.3	0.0	1	282619	n/a
138.005859375	0.3	1.0	2	282636	n/a
138.01416015625	0.3	0.0	1	282653	n/a
138.0224609375	0.3	1.0	2	282670	n/a
138.03076171875	0.3	1.0	2	282687	n/a
138.0390625	0.3	0.0	1	282704	n/a
138.04736328125	0.3	0.0	1	282721	n/a
138.0556640625	0.3	1.0	2	282738	n/a
138.064453125	0.3	0.0	1	282756	n/a
138.07275390625	0.3	1.0	2	282773	n/a
138.0810546875	0.3	1.0	2	282790	n/a
138.08935546875	0.3	0.0	1	282807	n/a
138.09765625	0.3	1.0	2	282824	n/a
138.10595703125	0.3	0.0	1	282841	n/a
138.1142578125	0.3	0.0	1	282858	n/a
138.12255859375	0.3	1.0	2	282875	n/a
138.130859375	0.3	0.0	1	282892	n/a
138.13916015625	0.3	1.0	2	282909	n/a
138.1474609375	0.3	1.0	2	282926	n/a
138.15576171875	0.3	0.0	1	282943	n/a
138.1640625	0.3	1.0	2	282960	n/a
138.17236328125	0.3	0.0	1	282977	n/a
138.1806640625	0.3	0.0	1	282994	n/a
138.189453125	0.3	1.0	2	283012	n/a
138.19775390625	0.3	1.0	2	283029	n/a
138.2060546875	0.3	0.0	1	283046	n/a
138.21435546875	0.3	1.0	2	283063	n/a
138.22265625	0.3	0.0	1	283080	n/a
138.23095703125	0.3	0.0	1	283097	n/a
138.2392578125	0.3	1.0	2	283114	n/a
138.24755859375	0.3	1.0	2	283131	n/a
138.255859375	0.3	0.0	1	283148	n/a
138.26416015625	0.3	0.0	1	283165	n/a
138.2724609375	0.3	1.0	2	283182	n/a
138.28076171875	0.3	0.0	1	283199	n/a
138.2890625	0.3	1.0	2	283216	n/a
138.29736328125	0.3	0.0	1	283233	n/a
138.3056640625	0.3	1.0	2	283250	n/a
138.314453125	0.3	0.0	1	283268	n/a
138.32275390625	0.3	1.0	2	283285	n/a
138.3310546875	0.3	1.0	2	283302	n/a
138.33935546875	0.3	0.0	1	283319	n/a
138.34765625	0.3	1.0	2	283336	n/a
138.35595703125	0.3	0.0	1	283353	n/a
138.3642578125	0.3	0.0	1	283370	n/a
138.37255859375	0.3	1.0	2	283387	n/a
138.380859375	0.3	0.0	1	283404	n/a
138.38916015625	0.3	1.0	2	283421	n/a
138.3974609375	0.3	0.0	1	283438	n/a
138.40576171875	0.3	1.0	2	283455	n/a
138.4140625	0.3	1.0	2	283472	n/a
138.42236328125	0.3	0.0	1	283489	n/a
138.4306640625	0.3	1.0	2	283506	n/a
138.439453125	0.3	0.0	1	283524	n/a
138.44775390625	0.3	0.0	1	283541	n/a
138.4560546875	0.3	1.0	2	283558	n/a
138.46435546875	0.3	0.0	1	283575	n/a
138.47265625	0.3	1.0	2	283592	n/a
138.48095703125	0.3	1.0	2	283609	n/a
138.4892578125	0.3	0.0	1	283626	n/a
138.49755859375	0.3	1.0	2	283643	n/a
138.505859375	0.3	0.0	1	283660	n/a
138.51416015625	0.3	1.0	2	283677	n/a
138.5224609375	0.3	0.0	1	283694	n/a
138.53076171875	0.3	1.0	2	283711	n/a
138.5390625	0.3	0.0	1	283728	n/a
138.54736328125	0.3	1.0	2	283745	n/a
138.5556640625	0.3	0.0	1	283762	n/a
138.564453125	0.3	0.0	1	283780	n/a
138.57275390625	0.3	1.0	2	283797	n/a
138.5810546875	0.3	1.0	2	283814	n/a
138.58935546875	0.3	0.0	1	283831	n/a
138.59765625	0.3	0.0	1	283848	n/a
138.60595703125	0.3	1.0	2	283865	n/a
138.6142578125	0.3	0.0	1	283882	n/a
138.62255859375	0.3	1.0	2	283899	n/a
138.630859375	0.3	1.0	2	283916	n/a
138.63916015625	0.3	0.0	1	283933	n/a
138.6474609375	0.3	0.0	1	283950	n/a
138.65576171875	0.3	1.0	2	283967	n/a
138.6640625	0.3	1.0	2	283984	n/a
138.67236328125	0.3	0.0	1	284001	n/a
138.6806640625	0.3	1.0	2	284018	n/a
138.689453125	0.3	0.0	1	284036	n/a
138.69775390625	0.3	0.0	1	284053	n/a
138.7060546875	0.3	1.0	2	284070	n/a
138.71435546875	0.3	1.0	2	284087	n/a
138.72265625	0.3	0.0	1	284104	n/a
138.73095703125	0.3	0.0	1	284121	n/a
138.7392578125	0.3	1.0	2	284138	n/a
138.74755859375	0.3	1.0	2	284155	n/a
138.755859375	0.3	0.0	1	284172	n/a
138.76416015625	0.3	0.0	1	284189	n/a
138.7724609375	0.3	1.0	2	284206	n/a
138.78076171875	0.3	1.0	2	284223	n/a
138.7890625	0.3	0.0	1	284240	n/a
138.79736328125	0.3	0.0	1	284257	n/a
138.8056640625	0.3	1.0	2	284274	n/a
138.814453125	0.3	1.0	2	284292	n/a
138.82275390625	0.3	0.0	1	284309	n/a
138.8310546875	0.3	0.0	1	284326	n/a
138.83935546875	0.3	1.0	2	284343	n/a
138.84765625	0.3	1.0	2	284360	n/a
138.85595703125	0.3	0.0	1	284377	n/a
138.8642578125	0.3	1.0	2	284394	n/a
138.87255859375	0.3	0.0	1	284411	n/a
138.880859375	0.3	0.0	1	284428	n/a
138.88916015625	0.3	1.0	2	284445	n/a
138.8974609375	0.3	1.0	2	284462	n/a
138.90576171875	0.3	0.0	1	284479	n/a
138.9140625	0.3	0.0	1	284496	n/a
138.92236328125	0.3	1.0	2	284513	n/a
138.9306640625	0.3	0.0	1	284530	n/a
138.939453125	0.3	1.0	2	284548	n/a
138.94775390625	0.3	0.0	1	284565	n/a
138.9560546875	0.3	1.0	2	284582	n/a
138.96435546875	0.3	1.0	2	284599	n/a
138.97265625	0.3	0.0	1	284616	n/a
138.98095703125	0.3	0.0	1	284633	n/a
138.9892578125	0.3	1.0	2	284650	n/a
138.99755859375	0.3	1.0	2	284667	n/a
139.005859375	0.3	0.0	1	284684	n/a
139.01416015625	0.3	0.0	1	284701	n/a
139.0224609375	0.3	1.0	2	284718	n/a
139.03076171875	0.3	1.0	2	284735	n/a
139.0390625	0.3	0.0	1	284752	n/a
139.04736328125	0.3	0.0	1	284769	n/a
139.0556640625	0.3	1.0	2	284786	n/a
139.064453125	0.3	0.0	1	284804	n/a
139.07275390625	0.3	1.0	2	284821	n/a
139.0810546875	0.3	1.0	2	284838	n/a
139.08935546875	0.3	0.0	1	284855	n/a
139.09765625	0.3	0.0	1	284872	n/a
139.10595703125	0.3	1.0	2	284889	n/a
139.1142578125	0.3	0.0	1	284906	n/a
139.12255859375	0.3	1.0	2	284923	n/a
139.130859375	0.3	1.0	2	284940	n/a
139.13916015625	0.3	0.0	1	284957	n/a
139.1474609375	0.3	1.0	2	284974	n/a
139.15576171875	0.3	0.0	1	284991	n/a
139.1640625	0.3	0.0	1	285008	n/a
139.17236328125	0.3	1.0	2	285025	n/a
139.1806640625	0.3	0.0	1	285042	n/a
139.189453125	0.3	1.0	2	285060	n/a
139.19775390625	0.3	1.0	2	285077	n/a
139.2060546875	0.3	0.0	1	285094	n/a
139.21435546875	0.3	1.0	2	285111	n/a
139.22265625	0.3	0.0	1	285128	n/a
139.23095703125	0.3	0.0	1	285145	n/a
139.2392578125	0.3	1.0	2	285162	n/a
139.24755859375	0.3	1.0	2	285179	n/a
139.255859375	0.3	0.0	1	285196	n/a
139.26416015625	0.3	1.0	2	285213	n/a
139.2724609375	0.3	0.0	1	285230	n/a
139.28076171875	0.3	0.0	1	285247	n/a
139.2890625	0.3	1.0	2	285264	n/a
139.29736328125	0.3	1.0	2	285281	n/a
139.3056640625	0.3	0.0	1	285298	n/a
139.314453125	0.3	0.0	1	285316	n/a
139.32275390625	0.3	1.0	2	285333	n/a
139.3310546875	0.3	0.0	1	285350	n/a
139.33935546875	0.3	1.0	2	285367	n/a
139.34765625	0.3	0.0	1	285384	n/a
139.35595703125	0.3	1.0	2	285401	n/a
139.3642578125	0.3	0.0	1	285418	n/a
139.37255859375	0.3	1.0	2	285435	n/a
139.380859375	0.3	1.0	2	285452	n/a
139.38916015625	0.3	0.0	1	285469	n/a
139.3974609375	0.3	1.0	2	285486	n/a
139.40576171875	0.3	0.0	1	285503	n/a
139.4140625	0.3	0.0	1	285520	n/a
139.42236328125	0.3	1.0	2	285537	n/a
139.4306640625	0.3	0.0	1	285554	n/a
139.439453125	0.3	1.0	2	285572	n/a
139.44775390625	0.3	0.0	1	285589	n/a
139.4560546875	0.3	1.0	2	285606	n/a
139.46435546875	0.3	1.0	2	285623	n/a
139.47265625	0.3	0.0	1	285640	n/a
139.48095703125	0.3	1.0	2	285657	n/a
139.4892578125	0.3	0.0	1	285674	n/a
139.49755859375	0.3	0.0	1	285691	n/a
139.505859375	0.3	1.0	2	285708	n/a
139.51416015625	0.3	0.0	1	285725	n/a
139.5224609375	0.3	1.0	2	285742	n/a
139.53076171875	0.3	1.0	2	285759	n/a
139.5390625	0.3	0.0	1	285776	n/a
139.54736328125	0.3	1.0	2	285793	n/a
139.5556640625	0.3	0.0	1	285810	n/a
139.564453125	0.3	1.0	2	285828	n/a
139.57275390625	0.3	0.0	1	285845	n/a
139.5810546875	0.3	1.0	2	285862	n/a
139.58935546875	0.3	0.0	1	285879	n/a
139.59765625	0.3	1.0	2	285896	n/a
139.60595703125	0.3	0.0	1	285913	n/a
139.6142578125	0.3	0.0	1	285930	n/a
139.62255859375	0.3	1.0	2	285947	n/a
139.630859375	0.3	1.0	2	285964	n/a
139.63916015625	0.3	0.0	1	285981	n/a
139.6474609375	0.3	0.0	1	285998	n/a
139.65576171875	0.3	1.0	2	286015	n/a
139.6640625	0.3	0.0	1	286032	n/a
139.67236328125	0.3	1.0	2	286049	n/a
139.6806640625	0.3	1.0	2	286066	n/a
139.689453125	0.3	0.0	1	286084	n/a
139.69775390625	0.3	0.0	1	286101	n/a
139.7060546875	0.3	1.0	2	286118	n/a
139.71435546875	0.3	1.0	2	286135	n/a
139.72265625	0.3	0.0	1	286152	n/a
139.73095703125	0.3	1.0	2	286169	n/a
139.7392578125	0.3	0.0	1	286186	n/a
139.74755859375	0.3	0.0	1	286203	n/a
139.755859375	0.3	1.0	2	286220	n/a
139.76416015625	0.3	1.0	2	286237	n/a
139.7724609375	0.3	0.0	1	286254	n/a
139.78076171875	0.3	0.0	1	286271	n/a
139.7890625	0.3	1.0	2	286288	n/a
139.79736328125	0.3	1.0	2	286305	n/a
139.8056640625	0.3	0.0	1	286322	n/a
139.814453125	0.3	0.0	1	286340	n/a
139.82275390625	0.3	1.0	2	286357	n/a
139.8310546875	0.3	1.0	2	286374	n/a
139.83935546875	0.3	0.0	1	286391	n/a
139.84765625	0.3	0.0	1	286408	n/a
139.85595703125	0.3	1.0	2	286425	n/a
139.8642578125	0.3	1.0	2	286442	n/a
139.87255859375	0.3	0.0	1	286459	n/a
139.880859375	0.3	0.0	1	286476	n/a
139.88916015625	0.3	1.0	2	286493	n/a
139.8974609375	0.3	1.0	2	286510	n/a
139.90576171875	0.3	0.0	1	286527	n/a
139.9140625	0.3	1.0	2	286544	n/a
139.92236328125	0.3	0.0	1	286561	n/a
139.9306640625	0.3	0.0	1	286578	n/a
139.939453125	0.3	1.0	2	286596	n/a
139.94775390625	0.3	1.0	2	286613	n/a
139.9560546875	0.3	0.0	1	286630	n/a
139.96435546875	0.3	0.0	1	286647	n/a
139.97265625	0.3	1.0	2	286664	n/a
139.98095703125	0.3	0.0	1	286681	n/a
139.9892578125	0.3	1.0	2	286698	n/a
139.99755859375	0.3	0.0	1	286715	n/a
140.005859375	0.3	1.0	2	286732	n/a
140.01416015625	0.3	1.0	2	286749	n/a
140.0224609375	0.3	0.0	1	286766	n/a
140.03076171875	0.3	0.0	1	286783	n/a
140.0390625	0.3	1.0	2	286800	n/a
140.04736328125	0.3	1.0	2	286817	n/a
140.0556640625	0.3	0.0	1	286834	n/a
140.064453125	0.3	0.0	1	286852	n/a
140.07275390625	0.3	1.0	2	286869	n/a
140.0810546875	0.3	1.0	2	286886	n/a
140.08935546875	0.3	0.0	1	286903	n/a
140.09765625	0.3	0.0	1	286920	n/a
140.10595703125	0.3	1.0	2	286937	n/a
140.1142578125	0.3	0.0	1	286954	n/a
140.12255859375	0.3	1.0	2	286971	n/a
140.130859375	0.3	1.0	2	286988	n/a
140.13916015625	0.3	0.0	1	287005	n/a
140.1474609375	0.3	0.0	1	287022	n/a
140.15576171875	0.3	1.0	2	287039	n/a
140.1640625	0.3	0.0	1	287056	n/a
140.17236328125	0.3	1.0	2	287073	n/a
140.1806640625	0.3	1.0	2	287090	n/a
140.189453125	0.3	0.0	1	287108	n/a
140.19775390625	0.3	1.0	2	287125	n/a
140.2060546875	0.3	0.0	1	287142	n/a
140.21435546875	0.3	0.0	1	287159	n/a
140.22265625	0.3	1.0	2	287176	n/a
140.23095703125	0.3	0.0	1	287193	n/a
140.2392578125	0.3	1.0	2	287210	n/a
140.24755859375	0.3	1.0	2	287227	n/a
140.255859375	0.3	0.0	1	287244	n/a
140.26416015625	0.3	1.0	2	287261	n/a
140.2724609375	0.3	0.0	1	287278	n/a
140.28076171875	0.3	0.0	1	287295	n/a
140.2890625	0.3	1.0	2	287312	n/a
140.29736328125	0.3	1.0	2	287329	n/a
140.3056640625	0.3	0.0	1	287346	n/a
140.314453125	0.3	1.0	2	287364	n/a
140.32275390625	0.3	0.0	1	287381	n/a
140.3310546875	0.3	0.0	1	287398	n/a
140.33935546875	0.3	1.0	2	287415	n/a
140.34765625	0.3	1.0	2	287432	n/a
140.35595703125	0.3	0.0	1	287449	n/a
140.3642578125	0.3	0.0	1	287466	n/a
140.37255859375	0.3	1.0	2	287483	n/a
140.380859375	0.3	0.0	1	287500	n/a
140.38916015625	0.3	1.0	2	287517	n/a
140.3974609375	0.3	0.0	1	287534	n/a
140.40576171875	0.3	1.0	2	287551	n/a
140.4140625	0.3	0.0	1	287568	n/a
140.42236328125	0.3	1.0	2	287585	n/a
140.4306640625	0.3	1.0	2	287602	n/a
140.439453125	0.3	0.0	1	287620	n/a
140.44775390625	0.3	1.0	2	287637	n/a
140.4560546875	0.3	0.0	1	287654	n/a
140.46435546875	0.3	0.0	1	287671	n/a
140.47265625	0.3	1.0	2	287688	n/a
140.48095703125	0.3	0.0	1	287705	n/a
140.4892578125	0.3	1.0	2	287722	n/a
140.49755859375	0.3	0.0	1	287739	n/a
140.505859375	0.3	1.0	2	287756	n/a
140.51416015625	0.3	1.0	2	287773	n/a
140.5224609375	0.3	0.0	1	287790	n/a
140.53076171875	0.3	1.0	2	287807	n/a
140.5390625	0.3	0.0	1	287824	n/a
140.54736328125	0.3	0.0	1	287841	n/a
140.5556640625	0.3	1.0	2	287858	n/a
140.564453125	0.3	0.0	1	287876	n/a
140.57275390625	0.3	1.0	2	287893	n/a
140.5810546875	0.3	1.0	2	287910	n/a
140.58935546875	0.3	0.0	1	287927	n/a
140.59765625	0.3	1.0	2	287944	n/a
140.60595703125	0.3	0.0	1	287961	n/a
140.6142578125	0.3	1.0	2	287978	n/a
140.62255859375	0.3	0.0	1	287995	n/a
140.630859375	0.3	1.0	2	288012	n/a
140.63916015625	0.3	0.0	1	288029	n/a
140.6474609375	0.3	1.0	2	288046	n/a
140.65576171875	0.3	0.0	1	288063	n/a
140.6640625	0.3	0.0	1	288080	n/a
140.67236328125	0.3	1.0	2	288097	n/a
140.6806640625	0.3	1.0	2	288114	n/a
140.689453125	0.3	0.0	1	288132	n/a
143.08154296875	0.3	0.0	1	293031	3.0
143.08984375	0.3	1.0	2	293048	n/a
143.09814453125	0.3	1.0	2	293065	n/a
143.1064453125	0.3	0.0	1	293082	n/a
143.11474609375	0.3	1.0	2	293099	n/a
143.123046875	0.3	0.0	1	293116	n/a
143.13134765625	0.3	0.0	1	293133	n/a
143.1396484375	0.3	1.0	2	293150	n/a
143.1484375	0.3	1.0	2	293168	n/a
143.15673828125	0.3	0.0	1	293185	n/a
143.1650390625	0.3	0.0	1	293202	n/a
143.17333984375	0.3	1.0	2	293219	n/a
143.181640625	0.3	1.0	2	293236	n/a
143.18994140625	0.3	0.0	1	293253	n/a
143.1982421875	0.3	0.0	1	293270	n/a
143.20654296875	0.3	1.0	2	293287	n/a
143.21484375	0.3	1.0	2	293304	n/a
143.22314453125	0.3	0.0	1	293321	n/a
143.2314453125	0.3	1.0	2	293338	n/a
143.23974609375	0.3	0.0	1	293355	n/a
143.248046875	0.3	1.0	2	293372	n/a
143.25634765625	0.3	0.0	1	293389	n/a
143.2646484375	0.3	0.0	1	293406	n/a
143.2734375	0.3	1.0	2	293424	n/a
143.28173828125	0.3	0.0	1	293441	n/a
143.2900390625	0.3	1.0	2	293458	n/a
143.29833984375	0.3	1.0	2	293475	n/a
143.306640625	0.3	0.0	1	293492	n/a
143.31494140625	0.3	1.0	2	293509	n/a
143.3232421875	0.3	0.0	1	293526	n/a
143.33154296875	0.3	0.0	1	293543	n/a
143.33984375	0.3	1.0	2	293560	n/a
143.34814453125	0.3	0.0	1	293577	n/a
143.3564453125	0.3	1.0	2	293594	n/a
143.36474609375	0.3	0.0	1	293611	n/a
143.373046875	0.3	1.0	2	293628	n/a
143.38134765625	0.3	0.0	1	293645	n/a
143.3896484375	0.3	1.0	2	293662	n/a
143.3984375	0.3	1.0	2	293680	n/a
143.40673828125	0.3	0.0	1	293697	n/a
143.4150390625	0.3	0.0	1	293714	n/a
143.42333984375	0.3	1.0	2	293731	n/a
143.431640625	0.3	0.0	1	293748	n/a
143.43994140625	0.3	1.0	2	293765	n/a
143.4482421875	0.3	0.0	1	293782	n/a
143.45654296875	0.3	1.0	2	293799	n/a
143.46484375	0.3	1.0	2	293816	n/a
143.47314453125	0.3	0.0	1	293833	n/a
143.4814453125	0.3	0.0	1	293850	n/a
143.48974609375	0.3	1.0	2	293867	n/a
143.498046875	0.3	1.0	2	293884	n/a
143.50634765625	0.3	0.0	1	293901	n/a
143.5146484375	0.3	0.0	1	293918	n/a
143.5234375	0.3	1.0	2	293936	n/a
143.53173828125	0.3	0.0	1	293953	n/a
143.5400390625	0.3	1.0	2	293970	n/a
143.54833984375	0.3	1.0	2	293987	n/a
143.556640625	0.3	0.0	1	294004	n/a
143.56494140625	0.3	0.0	1	294021	n/a
143.5732421875	0.3	1.0	2	294038	n/a
143.58154296875	0.3	1.0	2	294055	n/a
143.58984375	0.3	0.0	1	294072	n/a
143.59814453125	0.3	1.0	2	294089	n/a
143.6064453125	0.3	0.0	1	294106	n/a
143.61474609375	0.3	0.0	1	294123	n/a
143.623046875	0.3	1.0	2	294140	n/a
143.63134765625	0.3	0.0	1	294157	n/a
143.6396484375	0.3	1.0	2	294174	n/a
143.6484375	0.3	1.0	2	294192	n/a
143.65673828125	0.3	0.0	1	294209	n/a
143.6650390625	0.3	0.0	1	294226	n/a
143.67333984375	0.3	1.0	2	294243	n/a
143.681640625	0.3	0.0	1	294260	n/a
143.68994140625	0.3	1.0	2	294277	n/a
143.6982421875	0.3	1.0	2	294294	n/a
143.70654296875	0.3	0.0	1	294311	n/a
143.71484375	0.3	1.0	2	294328	n/a
143.72314453125	0.3	0.0	1	294345	n/a
143.7314453125	0.3	1.0	2	294362	n/a
143.73974609375	0.3	0.0	1	294379	n/a
143.748046875	0.3	0.0	1	294396	n/a
143.75634765625	0.3	1.0	2	294413	n/a
143.7646484375	0.3	1.0	2	294430	n/a
143.7734375	0.3	0.0	1	294448	n/a
143.78173828125	0.3	1.0	2	294465	n/a
143.7900390625	0.3	0.0	1	294482	n/a
143.79833984375	0.3	0.0	1	294499	n/a
143.806640625	0.3	1.0	2	294516	n/a
143.81494140625	0.3	1.0	2	294533	n/a
143.8232421875	0.3	0.0	1	294550	n/a
143.83154296875	0.3	1.0	2	294567	n/a
143.83984375	0.3	0.0	1	294584	n/a
143.84814453125	0.3	1.0	2	294601	n/a
143.8564453125	0.3	0.0	1	294618	n/a
143.86474609375	0.3	1.0	2	294635	n/a
143.873046875	0.3	0.0	1	294652	n/a
143.88134765625	0.3	0.0	1	294669	n/a
143.8896484375	0.3	1.0	2	294686	n/a
143.8984375	0.3	0.0	1	294704	n/a
143.90673828125	0.3	1.0	2	294721	n/a
143.9150390625	0.3	0.0	1	294738	n/a
143.92333984375	0.3	1.0	2	294755	n/a
143.931640625	0.3	1.0	2	294772	n/a
143.93994140625	0.3	0.0	1	294789	n/a
143.9482421875	0.3	1.0	2	294806	n/a
143.95654296875	0.3	0.0	1	294823	n/a
143.96484375	0.3	1.0	2	294840	n/a
143.97314453125	0.3	0.0	1	294857	n/a
143.9814453125	0.3	1.0	2	294874	n/a
143.98974609375	0.3	0.0	1	294891	n/a
143.998046875	0.3	1.0	2	294908	n/a
144.00634765625	0.3	0.0	1	294925	n/a
144.0146484375	0.3	0.0	1	294942	n/a
144.0234375	0.3	1.0	2	294960	n/a
144.03173828125	0.3	1.0	2	294977	n/a
144.0400390625	0.3	0.0	1	294994	n/a
144.04833984375	0.3	0.0	1	295011	n/a
144.056640625	0.3	1.0	2	295028	n/a
144.06494140625	0.3	0.0	1	295045	n/a
144.0732421875	0.3	1.0	2	295062	n/a
144.08154296875	0.3	0.0	1	295079	n/a
144.08984375	0.3	1.0	2	295096	n/a
144.09814453125	0.3	0.0	1	295113	n/a
144.1064453125	0.3	1.0	2	295130	n/a
144.11474609375	0.3	0.0	1	295147	n/a
144.123046875	0.3	1.0	2	295164	n/a
144.13134765625	0.3	0.0	1	295181	n/a
144.1396484375	0.3	1.0	2	295198	n/a
144.1484375	0.3	1.0	2	295216	n/a
144.15673828125	0.3	0.0	1	295233	n/a
144.1650390625	0.3	1.0	2	295250	n/a
144.17333984375	0.3	0.0	1	295267	n/a
144.181640625	0.3	0.0	1	295284	n/a
144.18994140625	0.3	1.0	2	295301	n/a
144.1982421875	0.3	1.0	2	295318	n/a
144.20654296875	0.3	0.0	1	295335	n/a
144.21484375	0.3	0.0	1	295352	n/a
144.22314453125	0.3	1.0	2	295369	n/a
144.2314453125	0.3	1.0	2	295386	n/a
144.23974609375	0.3	0.0	1	295403	n/a
144.248046875	0.3	0.0	1	295420	n/a
144.25634765625	0.3	1.0	2	295437	n/a
144.2646484375	0.3	1.0	2	295454	n/a
144.2734375	0.3	0.0	1	295472	n/a
144.28173828125	0.3	1.0	2	295489	n/a
144.2900390625	0.3	0.0	1	295506	n/a
144.29833984375	0.3	1.0	2	295523	n/a
144.306640625	0.3	0.0	1	295540	n/a
144.31494140625	0.3	0.0	1	295557	n/a
144.3232421875	0.3	1.0	2	295574	n/a
144.33154296875	0.3	0.0	1	295591	n/a
144.33984375	0.3	1.0	2	295608	n/a
144.34814453125	0.3	1.0	2	295625	n/a
144.3564453125	0.3	0.0	1	295642	n/a
144.36474609375	0.3	1.0	2	295659	n/a
144.373046875	0.3	0.0	1	295676	n/a
144.38134765625	0.3	0.0	1	295693	n/a
144.3896484375	0.3	1.0	2	295710	n/a
144.3984375	0.3	0.0	1	295728	n/a
144.40673828125	0.3	1.0	2	295745	n/a
144.4150390625	0.3	0.0	1	295762	n/a
144.42333984375	0.3	1.0	2	295779	n/a
144.431640625	0.3	0.0	1	295796	n/a
144.43994140625	0.3	1.0	2	295813	n/a
144.4482421875	0.3	1.0	2	295830	n/a
144.45654296875	0.3	0.0	1	295847	n/a
144.46484375	0.3	0.0	1	295864	n/a
144.47314453125	0.3	1.0	2	295881	n/a
144.4814453125	0.3	0.0	1	295898	n/a
144.48974609375	0.3	1.0	2	295915	n/a
144.498046875	0.3	0.0	1	295932	n/a
144.50634765625	0.3	1.0	2	295949	n/a
144.5146484375	0.3	1.0	2	295966	n/a
144.5234375	0.3	0.0	1	295984	n/a
144.53173828125	0.3	0.0	1	296001	n/a
144.5400390625	0.3	1.0	2	296018	n/a
144.54833984375	0.3	1.0	2	296035	n/a
144.556640625	0.3	0.0	1	296052	n/a
144.56494140625	0.3	0.0	1	296069	n/a
144.5732421875	0.3	1.0	2	296086	n/a
144.58154296875	0.3	0.0	1	296103	n/a
144.58984375	0.3	1.0	2	296120	n/a
144.59814453125	0.3	1.0	2	296137	n/a
144.6064453125	0.3	0.0	1	296154	n/a
144.61474609375	0.3	0.0	1	296171	n/a
144.623046875	0.3	1.0	2	296188	n/a
144.63134765625	0.3	1.0	2	296205	n/a
144.6396484375	0.3	0.0	1	296222	n/a
144.6484375	0.3	1.0	2	296240	n/a
144.65673828125	0.3	0.0	1	296257	n/a
144.6650390625	0.3	0.0	1	296274	n/a
144.67333984375	0.3	1.0	2	296291	n/a
144.681640625	0.3	0.0	1	296308	n/a
144.68994140625	0.3	1.0	2	296325	n/a
144.6982421875	0.3	1.0	2	296342	n/a
144.70654296875	0.3	0.0	1	296359	n/a
144.71484375	0.3	0.0	1	296376	n/a
144.72314453125	0.3	1.0	2	296393	n/a
144.7314453125	0.3	0.0	1	296410	n/a
144.73974609375	0.3	1.0	2	296427	n/a
144.748046875	0.3	1.0	2	296444	n/a
144.75634765625	0.3	0.0	1	296461	n/a
144.7646484375	0.3	1.0	2	296478	n/a
144.7734375	0.3	0.0	1	296496	n/a
144.78173828125	0.3	1.0	2	296513	n/a
144.7900390625	0.3	0.0	1	296530	n/a
144.79833984375	0.3	0.0	1	296547	n/a
144.806640625	0.3	1.0	2	296564	n/a
144.81494140625	0.3	1.0	2	296581	n/a
144.8232421875	0.3	0.0	1	296598	n/a
144.83154296875	0.3	1.0	2	296615	n/a
144.83984375	0.3	0.0	1	296632	n/a
144.84814453125	0.3	0.0	1	296649	n/a
144.8564453125	0.3	1.0	2	296666	n/a
144.86474609375	0.3	1.0	2	296683	n/a
144.873046875	0.3	0.0	1	296700	n/a
144.88134765625	0.3	1.0	2	296717	n/a
144.8896484375	0.3	0.0	1	296734	n/a
144.8984375	0.3	1.0	2	296752	n/a
144.90673828125	0.3	0.0	1	296769	n/a
144.9150390625	0.3	1.0	2	296786	n/a
144.92333984375	0.3	0.0	1	296803	n/a
144.931640625	0.3	0.0	1	296820	n/a
144.93994140625	0.3	1.0	2	296837	n/a
144.9482421875	0.3	0.0	1	296854	n/a
144.95654296875	0.3	1.0	2	296871	n/a
144.96484375	0.3	0.0	1	296888	n/a
144.97314453125	0.3	1.0	2	296905	n/a
144.9814453125	0.3	1.0	2	296922	n/a
144.98974609375	0.3	0.0	1	296939	n/a
144.998046875	0.3	1.0	2	296956	n/a
145.00634765625	0.3	0.0	1	296973	n/a
145.0146484375	0.3	1.0	2	296990	n/a
145.0234375	0.3	0.0	1	297008	n/a
145.03173828125	0.3	1.0	2	297025	n/a
145.0400390625	0.3	0.0	1	297042	n/a
145.04833984375	0.3	1.0	2	297059	n/a
145.056640625	0.3	0.0	1	297076	n/a
145.06494140625	0.3	0.0	1	297093	n/a
145.0732421875	0.3	1.0	2	297110	n/a
145.08154296875	0.3	1.0	2	297127	n/a
145.08984375	0.3	0.0	1	297144	n/a
145.09814453125	0.3	0.0	1	297161	n/a
145.1064453125	0.3	1.0	2	297178	n/a
145.11474609375	0.3	0.0	1	297195	n/a
145.123046875	0.3	1.0	2	297212	n/a
145.13134765625	0.3	0.0	1	297229	n/a
145.1396484375	0.3	1.0	2	297246	n/a
145.1484375	0.3	0.0	1	297264	n/a
145.15673828125	0.3	1.0	2	297281	n/a
145.1650390625	0.3	0.0	1	297298	n/a
145.17333984375	0.3	1.0	2	297315	n/a
145.181640625	0.3	0.0	1	297332	n/a
145.18994140625	0.3	1.0	2	297349	n/a
145.1982421875	0.3	1.0	2	297366	n/a
145.20654296875	0.3	0.0	1	297383	n/a
145.21484375	0.3	1.0	2	297400	n/a
145.22314453125	0.3	0.0	1	297417	n/a
145.2314453125	0.3	0.0	1	297434	n/a
145.23974609375	0.3	1.0	2	297451	n/a
145.248046875	0.3	1.0	2	297468	n/a
145.25634765625	0.3	0.0	1	297485	n/a
145.2646484375	0.3	0.0	1	297502	n/a
145.2734375	0.3	1.0	2	297520	n/a
145.28173828125	0.3	1.0	2	297537	n/a
145.2900390625	0.3	0.0	1	297554	n/a
145.29833984375	0.3	0.0	1	297571	n/a
145.306640625	0.3	1.0	2	297588	n/a
145.31494140625	0.3	1.0	2	297605	n/a
145.3232421875	0.3	0.0	1	297622	n/a
145.33154296875	0.3	1.0	2	297639	n/a
145.33984375	0.3	0.0	1	297656	n/a
145.34814453125	0.3	1.0	2	297673	n/a
145.3564453125	0.3	0.0	1	297690	n/a
145.36474609375	0.3	0.0	1	297707	n/a
145.373046875	0.3	1.0	2	297724	n/a
145.38134765625	0.3	0.0	1	297741	n/a
145.3896484375	0.3	1.0	2	297758	n/a
145.3984375	0.3	1.0	2	297776	n/a
145.40673828125	0.3	0.0	1	297793	n/a
145.4150390625	0.3	1.0	2	297810	n/a
145.42333984375	0.3	0.0	1	297827	n/a
145.431640625	0.3	0.0	1	297844	n/a
145.43994140625	0.3	1.0	2	297861	n/a
145.4482421875	0.3	0.0	1	297878	n/a
145.45654296875	0.3	1.0	2	297895	n/a
145.46484375	0.3	0.0	1	297912	n/a
145.47314453125	0.3	1.0	2	297929	n/a
145.4814453125	0.3	0.0	1	297946	n/a
145.48974609375	0.3	1.0	2	297963	n/a
145.498046875	0.3	1.0	2	297980	n/a
145.50634765625	0.3	0.0	1	297997	n/a
145.5146484375	0.3	0.0	1	298014	n/a
145.5234375	0.3	1.0	2	298032	n/a
145.53173828125	0.3	0.0	1	298049	n/a
145.5400390625	0.3	1.0	2	298066	n/a
145.54833984375	0.3	0.0	1	298083	n/a
145.556640625	0.3	1.0	2	298100	n/a
145.56494140625	0.3	1.0	2	298117	n/a
145.5732421875	0.3	0.0	1	298134	n/a
145.58154296875	0.3	0.0	1	298151	n/a
145.58984375	0.3	1.0	2	298168	n/a
145.59814453125	0.3	1.0	2	298185	n/a
145.6064453125	0.3	0.0	1	298202	n/a
145.61474609375	0.3	0.0	1	298219	n/a
145.623046875	0.3	1.0	2	298236	n/a
145.63134765625	0.3	0.0	1	298253	n/a
145.6396484375	0.3	1.0	2	298270	n/a
145.6484375	0.3	1.0	2	298288	n/a
145.65673828125	0.3	0.0	1	298305	n/a
145.6650390625	0.3	0.0	1	298322	n/a
145.67333984375	0.3	1.0	2	298339	n/a
145.681640625	0.3	1.0	2	298356	n/a
145.68994140625	0.3	0.0	1	298373	n/a
145.6982421875	0.3	1.0	2	298390	n/a
145.70654296875	0.3	0.0	1	298407	n/a
145.71484375	0.3	0.0	1	298424	n/a
145.72314453125	0.3	1.0	2	298441	n/a
145.7314453125	0.3	0.0	1	298458	n/a
145.73974609375	0.3	1.0	2	298475	n/a
145.748046875	0.3	1.0	2	298492	n/a
145.75634765625	0.3	0.0	1	298509	n/a
145.7646484375	0.3	0.0	1	298526	n/a
145.7734375	0.3	1.0	2	298544	n/a
145.78173828125	0.3	0.0	1	298561	n/a
145.7900390625	0.3	1.0	2	298578	n/a
145.79833984375	0.3	1.0	2	298595	n/a
145.806640625	0.3	0.0	1	298612	n/a
145.81494140625	0.3	1.0	2	298629	n/a
145.8232421875	0.3	0.0	1	298646	n/a
145.83154296875	0.3	1.0	2	298663	n/a
145.83984375	0.3	0.0	1	298680	n/a
145.84814453125	0.3	0.0	1	298697	n/a
145.8564453125	0.3	1.0	2	298714	n/a
145.86474609375	0.3	1.0	2	298731	n/a
145.873046875	0.3	0.0	1	298748	n/a
145.88134765625	0.3	1.0	2	298765	n/a
145.8896484375	0.3	0.0	1	298782	n/a
145.8984375	0.3	0.0	1	298800	n/a
145.90673828125	0.3	1.0	2	298817	n/a
145.9150390625	0.3	1.0	2	298834	n/a
145.92333984375	0.3	0.0	1	298851	n/a
145.931640625	0.3	1.0	2	298868	n/a
145.93994140625	0.3	0.0	1	298885	n/a
145.9482421875	0.3	1.0	2	298902	n/a
145.95654296875	0.3	0.0	1	298919	n/a
145.96484375	0.3	1.0	2	298936	n/a
145.97314453125	0.3	0.0	1	298953	n/a
145.9814453125	0.3	0.0	1	298970	n/a
145.98974609375	0.3	1.0	2	298987	n/a
145.998046875	0.3	0.0	1	299004	n/a
146.00634765625	0.3	1.0	2	299021	n/a
146.0146484375	0.3	0.0	1	299038	n/a
146.0234375	0.3	1.0	2	299056	n/a
146.03173828125	0.3	1.0	2	299073	n/a
146.0400390625	0.3	0.0	1	299090	n/a
146.04833984375	0.3	1.0	2	299107	n/a
146.056640625	0.3	0.0	1	299124	n/a
146.06494140625	0.3	1.0	2	299141	n/a
146.0732421875	0.3	0.0	1	299158	n/a
146.08154296875	0.3	1.0	2	299175	n/a
146.08984375	0.3	0.0	1	299192	n/a
146.09814453125	0.3	1.0	2	299209	n/a
146.1064453125	0.3	0.0	1	299226	n/a
146.11474609375	0.3	0.0	1	299243	n/a
146.123046875	0.3	1.0	2	299260	n/a
146.13134765625	0.3	1.0	2	299277	n/a
146.1396484375	0.3	0.0	1	299294	n/a
146.1484375	0.3	0.0	1	299312	n/a
146.15673828125	0.3	1.0	2	299329	n/a
146.1650390625	0.3	0.0	1	299346	n/a
146.17333984375	0.3	1.0	2	299363	n/a
146.181640625	0.3	0.0	1	299380	n/a
146.18994140625	0.3	1.0	2	299397	n/a
146.1982421875	0.3	0.0	1	299414	n/a
146.20654296875	0.3	1.0	2	299431	n/a
146.21484375	0.3	0.0	1	299448	n/a
146.22314453125	0.3	1.0	2	299465	n/a
146.2314453125	0.3	0.0	1	299482	n/a
146.23974609375	0.3	1.0	2	299499	n/a
146.248046875	0.3	1.0	2	299516	n/a
146.25634765625	0.3	0.0	1	299533	n/a
146.2646484375	0.3	1.0	2	299550	n/a
146.2734375	0.3	0.0	1	299568	n/a
146.28173828125	0.3	0.0	1	299585	n/a
146.2900390625	0.3	1.0	2	299602	n/a
146.29833984375	0.3	1.0	2	299619	n/a
146.306640625	0.3	0.0	1	299636	n/a
146.31494140625	0.3	0.0	1	299653	n/a
146.3232421875	0.3	1.0	2	299670	n/a
146.33154296875	0.3	1.0	2	299687	n/a
146.33984375	0.3	0.0	1	299704	n/a
146.34814453125	0.3	0.0	1	299721	n/a
146.3564453125	0.3	1.0	2	299738	n/a
146.36474609375	0.3	1.0	2	299755	n/a
146.373046875	0.3	0.0	1	299772	n/a
146.38134765625	0.3	1.0	2	299789	n/a
146.3896484375	0.3	0.0	1	299806	n/a
146.3984375	0.3	1.0	2	299824	n/a
146.40673828125	0.3	0.0	1	299841	n/a
146.4150390625	0.3	0.0	1	299858	n/a
146.42333984375	0.3	1.0	2	299875	n/a
146.431640625	0.3	0.0	1	299892	n/a
146.43994140625	0.3	1.0	2	299909	n/a
146.4482421875	0.3	1.0	2	299926	n/a
146.45654296875	0.3	0.0	1	299943	n/a
146.46484375	0.3	1.0	2	299960	n/a
146.47314453125	0.3	0.0	1	299977	n/a
146.4814453125	0.3	0.0	1	299994	n/a
146.48974609375	0.3	1.0	2	300011	n/a
146.498046875	0.3	0.0	1	300028	n/a
146.50634765625	0.3	1.0	2	300045	n/a
146.5146484375	0.3	0.0	1	300062	n/a
146.5234375	0.3	1.0	2	300080	n/a
146.53173828125	0.3	0.0	1	300097	n/a
146.5400390625	0.3	1.0	2	300114	n/a
146.54833984375	0.3	1.0	2	300131	n/a
146.556640625	0.3	0.0	1	300148	n/a
146.56494140625	0.3	0.0	1	300165	n/a
146.5732421875	0.3	1.0	2	300182	n/a
146.58154296875	0.3	0.0	1	300199	n/a
146.58984375	0.3	1.0	2	300216	n/a
146.59814453125	0.3	0.0	1	300233	n/a
146.6064453125	0.3	1.0	2	300250	n/a
146.61474609375	0.3	1.0	2	300267	n/a
146.623046875	0.3	0.0	1	300284	n/a
146.63134765625	0.3	0.0	1	300301	n/a
146.6396484375	0.3	1.0	2	300318	n/a
146.6484375	0.3	1.0	2	300336	n/a
146.65673828125	0.3	0.0	1	300353	n/a
146.6650390625	0.3	0.0	1	300370	n/a
146.67333984375	0.3	1.0	2	300387	n/a
146.681640625	0.3	0.0	1	300404	n/a
146.68994140625	0.3	1.0	2	300421	n/a
146.6982421875	0.3	1.0	2	300438	n/a
146.70654296875	0.3	0.0	1	300455	n/a
146.71484375	0.3	0.0	1	300472	n/a
146.72314453125	0.3	1.0	2	300489	n/a
146.7314453125	0.3	1.0	2	300506	n/a
146.73974609375	0.3	0.0	1	300523	n/a
146.748046875	0.3	1.0	2	300540	n/a
146.75634765625	0.3	0.0	1	300557	n/a
146.7646484375	0.3	0.0	1	300574	n/a
146.7734375	0.3	1.0	2	300592	n/a
146.78173828125	0.3	0.0	1	300609	n/a
146.7900390625	0.3	1.0	2	300626	n/a
146.79833984375	0.3	1.0	2	300643	n/a
146.806640625	0.3	0.0	1	300660	n/a
146.81494140625	0.3	0.0	1	300677	n/a
146.8232421875	0.3	1.0	2	300694	n/a
146.83154296875	0.3	0.0	1	300711	n/a
146.83984375	0.3	1.0	2	300728	n/a
146.84814453125	0.3	1.0	2	300745	n/a
146.8564453125	0.3	0.0	1	300762	n/a
146.86474609375	0.3	1.0	2	300779	n/a
146.873046875	0.3	0.0	1	300796	n/a
146.88134765625	0.3	1.0	2	300813	n/a
146.8896484375	0.3	0.0	1	300830	n/a
146.8984375	0.3	0.0	1	300848	n/a
146.90673828125	0.3	1.0	2	300865	n/a
146.9150390625	0.3	1.0	2	300882	n/a
146.92333984375	0.3	0.0	1	300899	n/a
146.931640625	0.3	1.0	2	300916	n/a
146.93994140625	0.3	0.0	1	300933	n/a
146.9482421875	0.3	0.0	1	300950	n/a
146.95654296875	0.3	1.0	2	300967	n/a
146.96484375	0.3	1.0	2	300984	n/a
146.97314453125	0.3	0.0	1	301001	n/a
146.9814453125	0.3	1.0	2	301018	n/a
146.98974609375	0.3	0.0	1	301035	n/a
146.998046875	0.3	1.0	2	301052	n/a
147.00634765625	0.3	0.0	1	301069	n/a
147.0146484375	0.3	1.0	2	301086	n/a
147.0234375	0.3	0.0	1	301104	n/a
147.03173828125	0.3	0.0	1	301121	n/a
147.0400390625	0.3	1.0	2	301138	n/a
147.04833984375	0.3	0.0	1	301155	n/a
147.056640625	0.3	1.0	2	301172	n/a
147.06494140625	0.3	0.0	1	301189	n/a
147.0732421875	0.3	1.0	2	301206	n/a
147.08154296875	0.3	1.0	2	301223	n/a
147.08984375	0.3	0.0	1	301240	n/a
147.09814453125	0.3	1.0	2	301257	n/a
147.1064453125	0.3	0.0	1	301274	n/a
147.11474609375	0.3	1.0	2	301291	n/a
147.123046875	0.3	0.0	1	301308	n/a
147.13134765625	0.3	1.0	2	301325	n/a
147.1396484375	0.3	0.0	1	301342	n/a
147.1484375	0.3	1.0	2	301360	n/a
147.15673828125	0.3	0.0	1	301377	n/a
147.1650390625	0.3	0.0	1	301394	n/a
147.17333984375	0.3	1.0	2	301411	n/a
147.181640625	0.3	1.0	2	301428	n/a
147.18994140625	0.3	0.0	1	301445	n/a
147.1982421875	0.3	0.0	1	301462	n/a
147.20654296875	0.3	1.0	2	301479	n/a
147.21484375	0.3	0.0	1	301496	n/a
147.22314453125	0.3	1.0	2	301513	n/a
147.2314453125	0.3	0.0	1	301530	n/a
147.23974609375	0.3	1.0	2	301547	n/a
147.248046875	0.3	0.0	1	301564	n/a
147.25634765625	0.3	1.0	2	301581	n/a
147.2646484375	0.3	0.0	1	301598	n/a
147.2734375	0.3	1.0	2	301616	n/a
149.65673828125	0.3	1.0	2	306497	17.0
149.6650390625	0.3	0.0	1	306514	n/a
149.67333984375	0.3	1.0	2	306531	n/a
149.681640625	0.3	0.0	1	306548	n/a
149.68994140625	0.3	1.0	2	306565	n/a
149.6982421875	0.3	0.0	1	306582	n/a
149.70654296875	0.3	1.0	2	306599	n/a
149.71484375	0.3	0.0	1	306616	n/a
149.7236328125	0.3	0.0	1	306634	n/a
149.73193359375	0.3	1.0	2	306651	n/a
149.740234375	0.3	0.0	1	306668	n/a
149.74853515625	0.3	1.0	2	306685	n/a
149.7568359375	0.3	0.0	1	306702	n/a
149.76513671875	0.3	1.0	2	306719	n/a
149.7734375	0.3	0.0	1	306736	n/a
149.78173828125	0.3	1.0	2	306753	n/a
149.7900390625	0.3	0.0	1	306770	n/a
149.79833984375	0.3	1.0	2	306787	n/a
149.806640625	0.3	0.0	1	306804	n/a
149.81494140625	0.3	1.0	2	306821	n/a
149.8232421875	0.3	1.0	2	306838	n/a
149.83154296875	0.3	0.0	1	306855	n/a
149.83984375	0.3	1.0	2	306872	n/a
149.8486328125	0.3	0.0	1	306890	n/a
149.85693359375	0.3	1.0	2	306907	n/a
149.865234375	0.3	0.0	1	306924	n/a
149.87353515625	0.3	1.0	2	306941	n/a
149.8818359375	0.3	0.0	1	306958	n/a
149.89013671875	0.3	0.0	1	306975	n/a
149.8984375	0.3	1.0	2	306992	n/a
149.90673828125	0.3	0.0	1	307009	n/a
149.9150390625	0.3	1.0	2	307026	n/a
149.92333984375	0.3	0.0	1	307043	n/a
149.931640625	0.3	1.0	2	307060	n/a
149.93994140625	0.3	0.0	1	307077	n/a
149.9482421875	0.3	1.0	2	307094	n/a
149.95654296875	0.3	0.0	1	307111	n/a
149.96484375	0.3	1.0	2	307128	n/a
149.9736328125	0.3	1.0	2	307146	n/a
149.98193359375	0.3	0.0	1	307163	n/a
149.990234375	0.3	0.0	1	307180	n/a
149.99853515625	0.3	1.0	2	307197	n/a
150.0068359375	0.3	0.0	1	307214	n/a
150.01513671875	0.3	1.0	2	307231	n/a
150.0234375	0.3	1.0	2	307248	n/a
150.03173828125	0.3	0.0	1	307265	n/a
150.0400390625	0.3	1.0	2	307282	n/a
150.04833984375	0.3	0.0	1	307299	n/a
150.056640625	0.3	1.0	2	307316	n/a
150.06494140625	0.3	0.0	1	307333	n/a
150.0732421875	0.3	0.0	1	307350	n/a
150.08154296875	0.3	1.0	2	307367	n/a
150.08984375	0.3	0.0	1	307384	n/a
150.0986328125	0.3	1.0	2	307402	n/a
150.10693359375	0.3	0.0	1	307419	n/a
150.115234375	0.3	1.0	2	307436	n/a
150.12353515625	0.3	0.0	1	307453	n/a
150.1318359375	0.3	1.0	2	307470	n/a
150.14013671875	0.3	1.0	2	307487	n/a
150.1484375	0.3	0.0	1	307504	n/a
150.15673828125	0.3	0.0	1	307521	n/a
150.1650390625	0.3	1.0	2	307538	n/a
150.17333984375	0.3	1.0	2	307555	n/a
150.181640625	0.3	0.0	1	307572	n/a
150.18994140625	0.3	0.0	1	307589	n/a
150.1982421875	0.3	1.0	2	307606	n/a
150.20654296875	0.3	0.0	1	307623	n/a
150.21484375	0.3	1.0	2	307640	n/a
150.2236328125	0.3	0.0	1	307658	n/a
150.23193359375	0.3	1.0	2	307675	n/a
150.240234375	0.3	0.0	1	307692	n/a
150.24853515625	0.3	1.0	2	307709	n/a
150.2568359375	0.3	1.0	2	307726	n/a
150.26513671875	0.3	0.0	1	307743	n/a
150.2734375	0.3	1.0	2	307760	n/a
150.28173828125	0.3	0.0	1	307777	n/a
150.2900390625	0.3	0.0	1	307794	n/a
150.29833984375	0.3	1.0	2	307811	n/a
150.306640625	0.3	0.0	1	307828	n/a
150.31494140625	0.3	1.0	2	307845	n/a
150.3232421875	0.3	1.0	2	307862	n/a
150.33154296875	0.3	0.0	1	307879	n/a
150.33984375	0.3	1.0	2	307896	n/a
150.3486328125	0.3	0.0	1	307914	n/a
150.35693359375	0.3	0.0	1	307931	n/a
150.365234375	0.3	1.0	2	307948	n/a
150.37353515625	0.3	1.0	2	307965	n/a
150.3818359375	0.3	0.0	1	307982	n/a
150.39013671875	0.3	1.0	2	307999	n/a
150.3984375	0.3	0.0	1	308016	n/a
150.40673828125	0.3	1.0	2	308033	n/a
150.4150390625	0.3	0.0	1	308050	n/a
150.42333984375	0.3	1.0	2	308067	n/a
150.431640625	0.3	0.0	1	308084	n/a
150.43994140625	0.3	1.0	2	308101	n/a
150.4482421875	0.3	0.0	1	308118	n/a
150.45654296875	0.3	1.0	2	308135	n/a
150.46484375	0.3	0.0	1	308152	n/a
150.4736328125	0.3	1.0	2	308170	n/a
150.48193359375	0.3	0.0	1	308187	n/a
150.490234375	0.3	0.0	1	308204	n/a
150.49853515625	0.3	1.0	2	308221	n/a
150.5068359375	0.3	1.0	2	308238	n/a
150.51513671875	0.3	0.0	1	308255	n/a
150.5234375	0.3	1.0	2	308272	n/a
150.53173828125	0.3	0.0	1	308289	n/a
150.5400390625	0.3	0.0	1	308306	n/a
150.54833984375	0.3	1.0	2	308323	n/a
150.556640625	0.3	0.0	1	308340	n/a
150.56494140625	0.3	1.0	2	308357	n/a
150.5732421875	0.3	0.0	1	308374	n/a
150.58154296875	0.3	1.0	2	308391	n/a
150.58984375	0.3	1.0	2	308408	n/a
150.5986328125	0.3	0.0	1	308426	n/a
150.60693359375	0.3	0.0	1	308443	n/a
150.615234375	0.3	1.0	2	308460	n/a
150.62353515625	0.3	0.0	1	308477	n/a
150.6318359375	0.3	1.0	2	308494	n/a
150.64013671875	0.3	1.0	2	308511	n/a
150.6484375	0.3	0.0	1	308528	n/a
150.65673828125	0.3	1.0	2	308545	n/a
150.6650390625	0.3	0.0	1	308562	n/a
150.67333984375	0.3	1.0	2	308579	n/a
150.681640625	0.3	0.0	1	308596	n/a
150.68994140625	0.3	0.0	1	308613	n/a
150.6982421875	0.3	1.0	2	308630	n/a
150.70654296875	0.3	1.0	2	308647	n/a
150.71484375	0.3	0.0	1	308664	n/a
150.7236328125	0.3	1.0	2	308682	n/a
150.73193359375	0.3	0.0	1	308699	n/a
150.740234375	0.3	1.0	2	308716	n/a
150.74853515625	0.3	0.0	1	308733	n/a
150.7568359375	0.3	1.0	2	308750	n/a
150.76513671875	0.3	0.0	1	308767	n/a
150.7734375	0.3	0.0	1	308784	n/a
150.78173828125	0.3	1.0	2	308801	n/a
150.7900390625	0.3	0.0	1	308818	n/a
150.79833984375	0.3	1.0	2	308835	n/a
150.806640625	0.3	0.0	1	308852	n/a
150.81494140625	0.3	1.0	2	308869	n/a
150.8232421875	0.3	0.0	1	308886	n/a
150.83154296875	0.3	1.0	2	308903	n/a
150.83984375	0.3	0.0	1	308920	n/a
150.8486328125	0.3	1.0	2	308938	n/a
150.85693359375	0.3	0.0	1	308955	n/a
150.865234375	0.3	1.0	2	308972	n/a
150.87353515625	0.3	1.0	2	308989	n/a
150.8818359375	0.3	0.0	1	309006	n/a
150.89013671875	0.3	1.0	2	309023	n/a
150.8984375	0.3	0.0	1	309040	n/a
150.90673828125	0.3	1.0	2	309057	n/a
150.9150390625	0.3	0.0	1	309074	n/a
150.92333984375	0.3	1.0	2	309091	n/a
150.931640625	0.3	0.0	1	309108	n/a
150.93994140625	0.3	0.0	1	309125	n/a
150.9482421875	0.3	1.0	2	309142	n/a
150.95654296875	0.3	0.0	1	309159	n/a
150.96484375	0.3	1.0	2	309176	n/a
150.9736328125	0.3	0.0	1	309194	n/a
150.98193359375	0.3	1.0	2	309211	n/a
150.990234375	0.3	0.0	1	309228	n/a
150.99853515625	0.3	1.0	2	309245	n/a
151.0068359375	0.3	0.0	1	309262	n/a
151.01513671875	0.3	1.0	2	309279	n/a
151.0234375	0.3	1.0	2	309296	n/a
151.03173828125	0.3	0.0	1	309313	n/a
151.0400390625	0.3	0.0	1	309330	n/a
151.04833984375	0.3	1.0	2	309347	n/a
151.056640625	0.3	0.0	1	309364	n/a
151.06494140625	0.3	1.0	2	309381	n/a
151.0732421875	0.3	1.0	2	309398	n/a
151.08154296875	0.3	0.0	1	309415	n/a
151.08984375	0.3	1.0	2	309432	n/a
151.0986328125	0.3	0.0	1	309450	n/a
151.10693359375	0.3	1.0	2	309467	n/a
151.115234375	0.3	0.0	1	309484	n/a
151.12353515625	0.3	0.0	1	309501	n/a
151.1318359375	0.3	1.0	2	309518	n/a
151.14013671875	0.3	0.0	1	309535	n/a
151.1484375	0.3	1.0	2	309552	n/a
151.15673828125	0.3	0.0	1	309569	n/a
151.1650390625	0.3	1.0	2	309586	n/a
151.17333984375	0.3	0.0	1	309603	n/a
151.181640625	0.3	1.0	2	309620	n/a
151.18994140625	0.3	1.0	2	309637	n/a
151.1982421875	0.3	0.0	1	309654	n/a
151.20654296875	0.3	0.0	1	309671	n/a
151.21484375	0.3	1.0	2	309688	n/a
151.2236328125	0.3	1.0	2	309706	n/a
151.23193359375	0.3	0.0	1	309723	n/a
151.240234375	0.3	0.0	1	309740	n/a
151.24853515625	0.3	1.0	2	309757	n/a
151.2568359375	0.3	0.0	1	309774	n/a
151.26513671875	0.3	1.0	2	309791	n/a
151.2734375	0.3	0.0	1	309808	n/a
151.28173828125	0.3	1.0	2	309825	n/a
151.2900390625	0.3	0.0	1	309842	n/a
151.29833984375	0.3	1.0	2	309859	n/a
151.306640625	0.3	1.0	2	309876	n/a
151.31494140625	0.3	0.0	1	309893	n/a
151.3232421875	0.3	1.0	2	309910	n/a
151.33154296875	0.3	0.0	1	309927	n/a
151.33984375	0.3	0.0	1	309944	n/a
151.3486328125	0.3	1.0	2	309962	n/a
151.35693359375	0.3	0.0	1	309979	n/a
151.365234375	0.3	1.0	2	309996	n/a
151.37353515625	0.3	1.0	2	310013	n/a
151.3818359375	0.3	0.0	1	310030	n/a
151.39013671875	0.3	1.0	2	310047	n/a
151.3984375	0.3	0.0	1	310064	n/a
151.40673828125	0.3	0.0	1	310081	n/a
151.4150390625	0.3	1.0	2	310098	n/a
151.42333984375	0.3	1.0	2	310115	n/a
151.431640625	0.3	0.0	1	310132	n/a
151.43994140625	0.3	1.0	2	310149	n/a
151.4482421875	0.3	0.0	1	310166	n/a
151.45654296875	0.3	1.0	2	310183	n/a
151.46484375	0.3	0.0	1	310200	n/a
151.4736328125	0.3	1.0	2	310218	n/a
151.48193359375	0.3	0.0	1	310235	n/a
151.490234375	0.3	1.0	2	310252	n/a
151.49853515625	0.3	0.0	1	310269	n/a
151.5068359375	0.3	1.0	2	310286	n/a
151.51513671875	0.3	0.0	1	310303	n/a
151.5234375	0.3	1.0	2	310320	n/a
151.53173828125	0.3	0.0	1	310337	n/a
151.5400390625	0.3	0.0	1	310354	n/a
151.54833984375	0.3	1.0	2	310371	n/a
151.556640625	0.3	1.0	2	310388	n/a
151.56494140625	0.3	0.0	1	310405	n/a
151.5732421875	0.3	1.0	2	310422	n/a
151.58154296875	0.3	0.0	1	310439	n/a
151.58984375	0.3	0.0	1	310456	n/a
151.5986328125	0.3	1.0	2	310474	n/a
151.60693359375	0.3	0.0	1	310491	n/a
151.615234375	0.3	1.0	2	310508	n/a
151.62353515625	0.3	0.0	1	310525	n/a
151.6318359375	0.3	1.0	2	310542	n/a
151.64013671875	0.3	1.0	2	310559	n/a
151.6484375	0.3	0.0	1	310576	n/a
151.65673828125	0.3	0.0	1	310593	n/a
151.6650390625	0.3	1.0	2	310610	n/a
151.67333984375	0.3	0.0	1	310627	n/a
151.681640625	0.3	1.0	2	310644	n/a
151.68994140625	0.3	1.0	2	310661	n/a
151.6982421875	0.3	0.0	1	310678	n/a
151.70654296875	0.3	1.0	2	310695	n/a
151.71484375	0.3	0.0	1	310712	n/a
151.7236328125	0.3	1.0	2	310730	n/a
151.73193359375	0.3	0.0	1	310747	n/a
151.740234375	0.3	0.0	1	310764	n/a
151.74853515625	0.3	1.0	2	310781	n/a
151.7568359375	0.3	1.0	2	310798	n/a
151.76513671875	0.3	0.0	1	310815	n/a
151.7734375	0.3	1.0	2	310832	n/a
151.78173828125	0.3	0.0	1	310849	n/a
151.7900390625	0.3	1.0	2	310866	n/a
151.79833984375	0.3	0.0	1	310883	n/a
151.806640625	0.3	1.0	2	310900	n/a
151.81494140625	0.3	0.0	1	310917	n/a
151.8232421875	0.3	0.0	1	310934	n/a
151.83154296875	0.3	1.0	2	310951	n/a
151.83984375	0.3	0.0	1	310968	n/a
151.8486328125	0.3	1.0	2	310986	n/a
151.85693359375	0.3	0.0	1	311003	n/a
151.865234375	0.3	1.0	2	311020	n/a
151.87353515625	0.3	0.0	1	311037	n/a
151.8818359375	0.3	1.0	2	311054	n/a
151.89013671875	0.3	0.0	1	311071	n/a
151.8984375	0.3	1.0	2	311088	n/a
151.90673828125	0.3	0.0	1	311105	n/a
151.9150390625	0.3	1.0	2	311122	n/a
151.92333984375	0.3	1.0	2	311139	n/a
151.931640625	0.3	0.0	1	311156	n/a
151.93994140625	0.3	1.0	2	311173	n/a
151.9482421875	0.3	0.0	1	311190	n/a
151.95654296875	0.3	1.0	2	311207	n/a
151.96484375	0.3	0.0	1	311224	n/a
151.9736328125	0.3	1.0	2	311242	n/a
151.98193359375	0.3	0.0	1	311259	n/a
151.990234375	0.3	0.0	1	311276	n/a
151.99853515625	0.3	1.0	2	311293	n/a
152.0068359375	0.3	0.0	1	311310	n/a
152.01513671875	0.3	1.0	2	311327	n/a
152.0234375	0.3	0.0	1	311344	n/a
152.03173828125	0.3	1.0	2	311361	n/a
152.0400390625	0.3	0.0	1	311378	n/a
152.04833984375	0.3	1.0	2	311395	n/a
152.056640625	0.3	0.0	1	311412	n/a
152.06494140625	0.3	1.0	2	311429	n/a
152.0732421875	0.3	1.0	2	311446	n/a
152.08154296875	0.3	0.0	1	311463	n/a
152.08984375	0.3	0.0	1	311480	n/a
152.0986328125	0.3	1.0	2	311498	n/a
152.10693359375	0.3	0.0	1	311515	n/a
152.115234375	0.3	1.0	2	311532	n/a
152.12353515625	0.3	1.0	2	311549	n/a
152.1318359375	0.3	0.0	1	311566	n/a
152.14013671875	0.3	1.0	2	311583	n/a
152.1484375	0.3	0.0	1	311600	n/a
152.15673828125	0.3	1.0	2	311617	n/a
152.1650390625	0.3	0.0	1	311634	n/a
152.17333984375	0.3	0.0	1	311651	n/a
152.181640625	0.3	1.0	2	311668	n/a
152.18994140625	0.3	0.0	1	311685	n/a
152.1982421875	0.3	1.0	2	311702	n/a
152.20654296875	0.3	0.0	1	311719	n/a
152.21484375	0.3	1.0	2	311736	n/a
152.2236328125	0.3	0.0	1	311754	n/a
152.23193359375	0.3	1.0	2	311771	n/a
152.240234375	0.3	1.0	2	311788	n/a
152.24853515625	0.3	0.0	1	311805	n/a
152.2568359375	0.3	0.0	1	311822	n/a
152.26513671875	0.3	1.0	2	311839	n/a
152.2734375	0.3	1.0	2	311856	n/a
152.28173828125	0.3	0.0	1	311873	n/a
152.2900390625	0.3	0.0	1	311890	n/a
152.29833984375	0.3	1.0	2	311907	n/a
152.306640625	0.3	0.0	1	311924	n/a
152.31494140625	0.3	1.0	2	311941	n/a
152.3232421875	0.3	0.0	1	311958	n/a
152.33154296875	0.3	1.0	2	311975	n/a
152.33984375	0.3	0.0	1	311992	n/a
152.3486328125	0.3	1.0	2	312010	n/a
152.35693359375	0.3	1.0	2	312027	n/a
152.365234375	0.3	0.0	1	312044	n/a
152.37353515625	0.3	1.0	2	312061	n/a
152.3818359375	0.3	0.0	1	312078	n/a
152.39013671875	0.3	0.0	1	312095	n/a
152.3984375	0.3	1.0	2	312112	n/a
152.40673828125	0.3	0.0	1	312129	n/a
152.4150390625	0.3	1.0	2	312146	n/a
152.42333984375	0.3	1.0	2	312163	n/a
152.431640625	0.3	0.0	1	312180	n/a
152.43994140625	0.3	1.0	2	312197	n/a
152.4482421875	0.3	0.0	1	312214	n/a
152.45654296875	0.3	0.0	1	312231	n/a
152.46484375	0.3	1.0	2	312248	n/a
152.4736328125	0.3	1.0	2	312266	n/a
152.48193359375	0.3	0.0	1	312283	n/a
152.490234375	0.3	1.0	2	312300	n/a
152.49853515625	0.3	0.0	1	312317	n/a
152.5068359375	0.3	1.0	2	312334	n/a
152.51513671875	0.3	0.0	1	312351	n/a
152.5234375	0.3	1.0	2	312368	n/a
152.53173828125	0.3	0.0	1	312385	n/a
152.5400390625	0.3	1.0	2	312402	n/a
152.54833984375	0.3	0.0	1	312419	n/a
152.556640625	0.3	1.0	2	312436	n/a
152.56494140625	0.3	0.0	1	312453	n/a
152.5732421875	0.3	1.0	2	312470	n/a
152.58154296875	0.3	0.0	1	312487	n/a
152.58984375	0.3	0.0	1	312504	n/a
152.5986328125	0.3	1.0	2	312522	n/a
152.60693359375	0.3	1.0	2	312539	n/a
152.615234375	0.3	0.0	1	312556	n/a
152.62353515625	0.3	1.0	2	312573	n/a
152.6318359375	0.3	0.0	1	312590	n/a
152.64013671875	0.3	0.0	1	312607	n/a
152.6484375	0.3	1.0	2	312624	n/a
152.65673828125	0.3	0.0	1	312641	n/a
152.6650390625	0.3	1.0	2	312658	n/a
152.67333984375	0.3	0.0	1	312675	n/a
152.681640625	0.3	1.0	2	312692	n/a
152.68994140625	0.3	1.0	2	312709	n/a
152.6982421875	0.3	0.0	1	312726	n/a
152.70654296875	0.3	0.0	1	312743	n/a
152.71484375	0.3	1.0	2	312760	n/a
152.7236328125	0.3	0.0	1	312778	n/a
152.73193359375	0.3	1.0	2	312795	n/a
152.740234375	0.3	1.0	2	312812	n/a
152.74853515625	0.3	0.0	1	312829	n/a
152.7568359375	0.3	1.0	2	312846	n/a
152.76513671875	0.3	0.0	1	312863	n/a
152.7734375	0.3	1.0	2	312880	n/a
152.78173828125	0.3	0.0	1	312897	n/a
152.7900390625	0.3	0.0	1	312914	n/a
152.79833984375	0.3	1.0	2	312931	n/a
152.806640625	0.3	1.0	2	312948	n/a
152.81494140625	0.3	0.0	1	312965	n/a
152.8232421875	0.3	1.0	2	312982	n/a
152.83154296875	0.3	0.0	1	312999	n/a
152.83984375	0.3	1.0	2	313016	n/a
152.8486328125	0.3	0.0	1	313034	n/a
152.85693359375	0.3	1.0	2	313051	n/a
152.865234375	0.3	0.0	1	313068	n/a
152.87353515625	0.3	0.0	1	313085	n/a
152.8818359375	0.3	1.0	2	313102	n/a
152.89013671875	0.3	0.0	1	313119	n/a
152.8984375	0.3	1.0	2	313136	n/a
152.90673828125	0.3	0.0	1	313153	n/a
152.9150390625	0.3	1.0	2	313170	n/a
152.92333984375	0.3	0.0	1	313187	n/a
152.931640625	0.3	1.0	2	313204	n/a
152.93994140625	0.3	0.0	1	313221	n/a
152.9482421875	0.3	1.0	2	313238	n/a
152.95654296875	0.3	0.0	1	313255	n/a
152.96484375	0.3	1.0	2	313272	n/a
152.9736328125	0.3	1.0	2	313290	n/a
152.98193359375	0.3	0.0	1	313307	n/a
152.990234375	0.3	1.0	2	313324	n/a
152.99853515625	0.3	0.0	1	313341	n/a
153.0068359375	0.3	1.0	2	313358	n/a
153.01513671875	0.3	0.0	1	313375	n/a
153.0234375	0.3	1.0	2	313392	n/a
153.03173828125	0.3	0.0	1	313409	n/a
153.0400390625	0.3	0.0	1	313426	n/a
153.04833984375	0.3	1.0	2	313443	n/a
153.056640625	0.3	0.0	1	313460	n/a
153.06494140625	0.3	1.0	2	313477	n/a
153.0732421875	0.3	0.0	1	313494	n/a
153.08154296875	0.3	1.0	2	313511	n/a
153.08984375	0.3	0.0	1	313528	n/a
153.0986328125	0.3	1.0	2	313546	n/a
153.10693359375	0.3	0.0	1	313563	n/a
153.115234375	0.3	1.0	2	313580	n/a
153.12353515625	0.3	1.0	2	313597	n/a
153.1318359375	0.3	0.0	1	313614	n/a
153.14013671875	0.3	0.0	1	313631	n/a
153.1484375	0.3	1.0	2	313648	n/a
153.15673828125	0.3	0.0	1	313665	n/a
153.1650390625	0.3	1.0	2	313682	n/a
153.17333984375	0.3	1.0	2	313699	n/a
153.181640625	0.3	0.0	1	313716	n/a
153.18994140625	0.3	1.0	2	313733	n/a
153.1982421875	0.3	0.0	1	313750	n/a
153.20654296875	0.3	1.0	2	313767	n/a
153.21484375	0.3	0.0	1	313784	n/a
153.2236328125	0.3	0.0	1	313802	n/a
153.23193359375	0.3	1.0	2	313819	n/a
153.240234375	0.3	0.0	1	313836	n/a
153.24853515625	0.3	1.0	2	313853	n/a
153.2568359375	0.3	0.0	1	313870	n/a
153.26513671875	0.3	1.0	2	313887	n/a
153.2734375	0.3	0.0	1	313904	n/a
153.28173828125	0.3	1.0	2	313921	n/a
153.2900390625	0.3	1.0	2	313938	n/a
153.29833984375	0.3	0.0	1	313955	n/a
153.306640625	0.3	0.0	1	313972	n/a
153.31494140625	0.3	1.0	2	313989	n/a
153.3232421875	0.3	1.0	2	314006	n/a
153.33154296875	0.3	0.0	1	314023	n/a
153.33984375	0.3	0.0	1	314040	n/a
153.3486328125	0.3	1.0	2	314058	n/a
153.35693359375	0.3	0.0	1	314075	n/a
153.365234375	0.3	1.0	2	314092	n/a
153.37353515625	0.3	0.0	1	314109	n/a
153.3818359375	0.3	1.0	2	314126	n/a
153.39013671875	0.3	0.0	1	314143	n/a
153.3984375	0.3	1.0	2	314160	n/a
153.40673828125	0.3	1.0	2	314177	n/a
153.4150390625	0.3	0.0	1	314194	n/a
153.42333984375	0.3	1.0	2	314211	n/a
153.431640625	0.3	0.0	1	314228	n/a
153.43994140625	0.3	0.0	1	314245	n/a
153.4482421875	0.3	1.0	2	314262	n/a
153.45654296875	0.3	0.0	1	314279	n/a
153.46484375	0.3	1.0	2	314296	n/a
153.4736328125	0.3	1.0	2	314314	n/a
153.48193359375	0.3	0.0	1	314331	n/a
153.490234375	0.3	1.0	2	314348	n/a
153.49853515625	0.3	0.0	1	314365	n/a
153.5068359375	0.3	0.0	1	314382	n/a
153.51513671875	0.3	1.0	2	314399	n/a
153.5234375	0.3	1.0	2	314416	n/a
153.53173828125	0.3	0.0	1	314433	n/a
153.5400390625	0.3	1.0	2	314450	n/a
153.54833984375	0.3	0.0	1	314467	n/a
153.556640625	0.3	1.0	2	314484	n/a
153.56494140625	0.3	0.0	1	314501	n/a
153.5732421875	0.3	1.0	2	314518	n/a
153.58154296875	0.3	0.0	1	314535	n/a
153.58984375	0.3	1.0	2	314552	n/a
153.5986328125	0.3	0.0	1	314570	n/a
153.60693359375	0.3	1.0	2	314587	n/a
153.615234375	0.3	0.0	1	314604	n/a
153.62353515625	0.3	1.0	2	314621	n/a
153.6318359375	0.3	0.0	1	314638	n/a
153.64013671875	0.3	0.0	1	314655	n/a
153.6484375	0.3	1.0	2	314672	n/a
153.65673828125	0.3	1.0	2	314689	n/a
153.6650390625	0.3	0.0	1	314706	n/a
153.67333984375	0.3	1.0	2	314723	n/a
153.681640625	0.3	0.0	1	314740	n/a
153.68994140625	0.3	0.0	1	314757	n/a
153.6982421875	0.3	1.0	2	314774	n/a
153.70654296875	0.3	0.0	1	314791	n/a
153.71484375	0.3	1.0	2	314808	n/a
153.7236328125	0.3	0.0	1	314826	n/a
153.73193359375	0.3	1.0	2	314843	n/a
153.740234375	0.3	1.0	2	314860	n/a
153.74853515625	0.3	0.0	1	314877	n/a
153.7568359375	0.3	0.0	1	314894	n/a
153.76513671875	0.3	1.0	2	314911	n/a
153.7734375	0.3	0.0	1	314928	n/a
153.78173828125	0.3	1.0	2	314945	n/a
153.7900390625	0.3	1.0	2	314962	n/a
153.79833984375	0.3	0.0	1	314979	n/a
153.806640625	0.3	1.0	2	314996	n/a
153.81494140625	0.3	0.0	1	315013	n/a
153.8232421875	0.3	1.0	2	315030	n/a
153.83154296875	0.3	0.0	1	315047	n/a
153.83984375	0.3	0.0	1	315064	n/a
153.8486328125	0.3	1.0	2	315082	n/a
156.21630859375	0.3	0.0	1	319931	4.0
156.224609375	0.3	1.0	2	319948	n/a
156.23291015625	0.3	0.0	1	319965	n/a
156.2412109375	0.3	1.0	2	319982	n/a
156.24951171875	0.3	1.0	2	319999	n/a
156.2578125	0.3	0.0	1	320016	n/a
156.26611328125	0.3	1.0	2	320033	n/a
156.2744140625	0.3	0.0	1	320050	n/a
156.283203125	0.3	1.0	2	320068	n/a
156.29150390625	0.3	0.0	1	320085	n/a
156.2998046875	0.3	1.0	2	320102	n/a
156.30810546875	0.3	0.0	1	320119	n/a
156.31640625	0.3	1.0	2	320136	n/a
156.32470703125	0.3	0.0	1	320153	n/a
156.3330078125	0.3	1.0	2	320170	n/a
156.34130859375	0.3	0.0	1	320187	n/a
156.349609375	0.3	0.0	1	320204	n/a
156.35791015625	0.3	1.0	2	320221	n/a
156.3662109375	0.3	1.0	2	320238	n/a
156.37451171875	0.3	0.0	1	320255	n/a
156.3828125	0.3	0.0	1	320272	n/a
156.39111328125	0.3	1.0	2	320289	n/a
156.3994140625	0.3	0.0	1	320306	n/a
156.408203125	0.3	1.0	2	320324	n/a
156.41650390625	0.3	1.0	2	320341	n/a
156.4248046875	0.3	0.0	1	320358	n/a
156.43310546875	0.3	0.0	1	320375	n/a
156.44140625	0.3	1.0	2	320392	n/a
156.44970703125	0.3	0.0	1	320409	n/a
156.4580078125	0.3	1.0	2	320426	n/a
156.46630859375	0.3	1.0	2	320443	n/a
156.474609375	0.3	0.0	1	320460	n/a
156.48291015625	0.3	1.0	2	320477	n/a
156.4912109375	0.3	0.0	1	320494	n/a
156.49951171875	0.3	0.0	1	320511	n/a
156.5078125	0.3	1.0	2	320528	n/a
156.51611328125	0.3	1.0	2	320545	n/a
156.5244140625	0.3	0.0	1	320562	n/a
156.533203125	0.3	1.0	2	320580	n/a
156.54150390625	0.3	0.0	1	320597	n/a
156.5498046875	0.3	0.0	1	320614	n/a
156.55810546875	0.3	1.0	2	320631	n/a
156.56640625	0.3	1.0	2	320648	n/a
156.57470703125	0.3	0.0	1	320665	n/a
156.5830078125	0.3	0.0	1	320682	n/a
156.59130859375	0.3	1.0	2	320699	n/a
156.599609375	0.3	1.0	2	320716	n/a
156.60791015625	0.3	0.0	1	320733	n/a
156.6162109375	0.3	0.0	1	320750	n/a
156.62451171875	0.3	1.0	2	320767	n/a
156.6328125	0.3	1.0	2	320784	n/a
156.64111328125	0.3	0.0	1	320801	n/a
156.6494140625	0.3	0.0	1	320818	n/a
156.658203125	0.3	1.0	2	320836	n/a
156.66650390625	0.3	0.0	1	320853	n/a
156.6748046875	0.3	1.0	2	320870	n/a
156.68310546875	0.3	0.0	1	320887	n/a
156.69140625	0.3	1.0	2	320904	n/a
156.69970703125	0.3	0.0	1	320921	n/a
156.7080078125	0.3	1.0	2	320938	n/a
156.71630859375	0.3	0.0	1	320955	n/a
156.724609375	0.3	1.0	2	320972	n/a
156.73291015625	0.3	1.0	2	320989	n/a
156.7412109375	0.3	0.0	1	321006	n/a
156.74951171875	0.3	1.0	2	321023	n/a
156.7578125	0.3	0.0	1	321040	n/a
156.76611328125	0.3	0.0	1	321057	n/a
156.7744140625	0.3	1.0	2	321074	n/a
156.783203125	0.3	0.0	1	321092	n/a
156.79150390625	0.3	1.0	2	321109	n/a
156.7998046875	0.3	0.0	1	321126	n/a
156.80810546875	0.3	1.0	2	321143	n/a
156.81640625	0.3	1.0	2	321160	n/a
156.82470703125	0.3	0.0	1	321177	n/a
156.8330078125	0.3	0.0	1	321194	n/a
156.84130859375	0.3	1.0	2	321211	n/a
156.849609375	0.3	1.0	2	321228	n/a
156.85791015625	0.3	0.0	1	321245	n/a
156.8662109375	0.3	1.0	2	321262	n/a
156.87451171875	0.3	0.0	1	321279	n/a
156.8828125	0.3	1.0	2	321296	n/a
156.89111328125	0.3	0.0	1	321313	n/a
156.8994140625	0.3	1.0	2	321330	n/a
156.908203125	0.3	0.0	1	321348	n/a
156.91650390625	0.3	0.0	1	321365	n/a
156.9248046875	0.3	1.0	2	321382	n/a
156.93310546875	0.3	1.0	2	321399	n/a
156.94140625	0.3	0.0	1	321416	n/a
156.94970703125	0.3	1.0	2	321433	n/a
156.9580078125	0.3	0.0	1	321450	n/a
156.96630859375	0.3	0.0	1	321467	n/a
156.974609375	0.3	1.0	2	321484	n/a
156.98291015625	0.3	1.0	2	321501	n/a
156.9912109375	0.3	0.0	1	321518	n/a
156.99951171875	0.3	0.0	1	321535	n/a
157.0078125	0.3	1.0	2	321552	n/a
157.01611328125	0.3	0.0	1	321569	n/a
157.0244140625	0.3	1.0	2	321586	n/a
157.033203125	0.3	0.0	1	321604	n/a
157.04150390625	0.3	1.0	2	321621	n/a
157.0498046875	0.3	1.0	2	321638	n/a
157.05810546875	0.3	0.0	1	321655	n/a
157.06640625	0.3	0.0	1	321672	n/a
157.07470703125	0.3	1.0	2	321689	n/a
157.0830078125	0.3	0.0	1	321706	n/a
157.09130859375	0.3	1.0	2	321723	n/a
157.099609375	0.3	0.0	1	321740	n/a
157.10791015625	0.3	1.0	2	321757	n/a
157.1162109375	0.3	0.0	1	321774	n/a
157.12451171875	0.3	1.0	2	321791	n/a
157.1328125	0.3	1.0	2	321808	n/a
157.14111328125	0.3	0.0	1	321825	n/a
157.1494140625	0.3	1.0	2	321842	n/a
157.158203125	0.3	0.0	1	321860	n/a
157.16650390625	0.3	1.0	2	321877	n/a
157.1748046875	0.3	0.0	1	321894	n/a
157.18310546875	0.3	0.0	1	321911	n/a
157.19140625	0.3	1.0	2	321928	n/a
157.19970703125	0.3	0.0	1	321945	n/a
157.2080078125	0.3	1.0	2	321962	n/a
157.21630859375	0.3	1.0	2	321979	n/a
157.224609375	0.3	0.0	1	321996	n/a
157.23291015625	0.3	1.0	2	322013	n/a
157.2412109375	0.3	0.0	1	322030	n/a
157.24951171875	0.3	0.0	1	322047	n/a
157.2578125	0.3	1.0	2	322064	n/a
157.26611328125	0.3	0.0	1	322081	n/a
157.2744140625	0.3	1.0	2	322098	n/a
157.283203125	0.3	0.0	1	322116	n/a
157.29150390625	0.3	1.0	2	322133	n/a
157.2998046875	0.3	1.0	2	322150	n/a
157.30810546875	0.3	0.0	1	322167	n/a
157.31640625	0.3	1.0	2	322184	n/a
157.32470703125	0.3	0.0	1	322201	n/a
157.3330078125	0.3	1.0	2	322218	n/a
157.34130859375	0.3	0.0	1	322235	n/a
157.349609375	0.3	1.0	2	322252	n/a
157.35791015625	0.3	0.0	1	322269	n/a
157.3662109375	0.3	1.0	2	322286	n/a
157.37451171875	0.3	0.0	1	322303	n/a
157.3828125	0.3	1.0	2	322320	n/a
157.39111328125	0.3	0.0	1	322337	n/a
157.3994140625	0.3	0.0	1	322354	n/a
157.408203125	0.3	1.0	2	322372	n/a
157.41650390625	0.3	1.0	2	322389	n/a
157.4248046875	0.3	0.0	1	322406	n/a
157.43310546875	0.3	0.0	1	322423	n/a
157.44140625	0.3	1.0	2	322440	n/a
157.44970703125	0.3	0.0	1	322457	n/a
157.4580078125	0.3	1.0	2	322474	n/a
157.46630859375	0.3	1.0	2	322491	n/a
157.474609375	0.3	0.0	1	322508	n/a
157.48291015625	0.3	0.0	1	322525	n/a
157.4912109375	0.3	1.0	2	322542	n/a
157.49951171875	0.3	0.0	1	322559	n/a
157.5078125	0.3	1.0	2	322576	n/a
157.51611328125	0.3	1.0	2	322593	n/a
157.5244140625	0.3	0.0	1	322610	n/a
157.533203125	0.3	1.0	2	322628	n/a
157.54150390625	0.3	0.0	1	322645	n/a
157.5498046875	0.3	0.0	1	322662	n/a
157.55810546875	0.3	1.0	2	322679	n/a
157.56640625	0.3	1.0	2	322696	n/a
157.57470703125	0.3	0.0	1	322713	n/a
157.5830078125	0.3	1.0	2	322730	n/a
157.59130859375	0.3	0.0	1	322747	n/a
157.599609375	0.3	0.0	1	322764	n/a
157.60791015625	0.3	1.0	2	322781	n/a
157.6162109375	0.3	1.0	2	322798	n/a
157.62451171875	0.3	0.0	1	322815	n/a
157.6328125	0.3	0.0	1	322832	n/a
157.64111328125	0.3	1.0	2	322849	n/a
157.6494140625	0.3	1.0	2	322866	n/a
157.658203125	0.3	0.0	1	322884	n/a
157.66650390625	0.3	0.0	1	322901	n/a
157.6748046875	0.3	1.0	2	322918	n/a
157.68310546875	0.3	1.0	2	322935	n/a
157.69140625	0.3	0.0	1	322952	n/a
157.69970703125	0.3	0.0	1	322969	n/a
157.7080078125	0.3	1.0	2	322986	n/a
157.71630859375	0.3	0.0	1	323003	n/a
157.724609375	0.3	1.0	2	323020	n/a
157.73291015625	0.3	0.0	1	323037	n/a
157.7412109375	0.3	1.0	2	323054	n/a
157.74951171875	0.3	0.0	1	323071	n/a
157.7578125	0.3	1.0	2	323088	n/a
157.76611328125	0.3	0.0	1	323105	n/a
157.7744140625	0.3	1.0	2	323122	n/a
157.783203125	0.3	1.0	2	323140	n/a
157.79150390625	0.3	0.0	1	323157	n/a
157.7998046875	0.3	1.0	2	323174	n/a
157.80810546875	0.3	0.0	1	323191	n/a
157.81640625	0.3	0.0	1	323208	n/a
157.82470703125	0.3	1.0	2	323225	n/a
157.8330078125	0.3	0.0	1	323242	n/a
157.84130859375	0.3	1.0	2	323259	n/a
157.849609375	0.3	0.0	1	323276	n/a
157.85791015625	0.3	1.0	2	323293	n/a
157.8662109375	0.3	1.0	2	323310	n/a
157.87451171875	0.3	0.0	1	323327	n/a
157.8828125	0.3	0.0	1	323344	n/a
157.89111328125	0.3	1.0	2	323361	n/a
157.8994140625	0.3	1.0	2	323378	n/a
157.908203125	0.3	0.0	1	323396	n/a
157.91650390625	0.3	1.0	2	323413	n/a
157.9248046875	0.3	0.0	1	323430	n/a
157.93310546875	0.3	1.0	2	323447	n/a
157.94140625	0.3	0.0	1	323464	n/a
157.94970703125	0.3	1.0	2	323481	n/a
157.9580078125	0.3	0.0	1	323498	n/a
157.96630859375	0.3	0.0	1	323515	n/a
157.974609375	0.3	1.0	2	323532	n/a
157.98291015625	0.3	1.0	2	323549	n/a
157.9912109375	0.3	0.0	1	323566	n/a
157.99951171875	0.3	1.0	2	323583	n/a
158.0078125	0.3	0.0	1	323600	n/a
158.01611328125	0.3	0.0	1	323617	n/a
158.0244140625	0.3	1.0	2	323634	n/a
158.033203125	0.3	1.0	2	323652	n/a
158.04150390625	0.3	0.0	1	323669	n/a
158.0498046875	0.3	0.0	1	323686	n/a
158.05810546875	0.3	1.0	2	323703	n/a
158.06640625	0.3	0.0	1	323720	n/a
158.07470703125	0.3	1.0	2	323737	n/a
158.0830078125	0.3	0.0	1	323754	n/a
158.09130859375	0.3	1.0	2	323771	n/a
158.099609375	0.3	1.0	2	323788	n/a
158.10791015625	0.3	0.0	1	323805	n/a
158.1162109375	0.3	0.0	1	323822	n/a
158.12451171875	0.3	1.0	2	323839	n/a
158.1328125	0.3	0.0	1	323856	n/a
158.14111328125	0.3	1.0	2	323873	n/a
158.1494140625	0.3	0.0	1	323890	n/a
158.158203125	0.3	1.0	2	323908	n/a
158.16650390625	0.3	0.0	1	323925	n/a
158.1748046875	0.3	1.0	2	323942	n/a
158.18310546875	0.3	1.0	2	323959	n/a
158.19140625	0.3	0.0	1	323976	n/a
158.19970703125	0.3	1.0	2	323993	n/a
158.2080078125	0.3	0.0	1	324010	n/a
158.21630859375	0.3	1.0	2	324027	n/a
158.224609375	0.3	0.0	1	324044	n/a
158.23291015625	0.3	0.0	1	324061	n/a
158.2412109375	0.3	1.0	2	324078	n/a
158.24951171875	0.3	0.0	1	324095	n/a
158.2578125	0.3	1.0	2	324112	n/a
158.26611328125	0.3	1.0	2	324129	n/a
158.2744140625	0.3	0.0	1	324146	n/a
158.283203125	0.3	1.0	2	324164	n/a
158.29150390625	0.3	0.0	1	324181	n/a
158.2998046875	0.3	0.0	1	324198	n/a
158.30810546875	0.3	1.0	2	324215	n/a
158.31640625	0.3	0.0	1	324232	n/a
158.32470703125	0.3	1.0	2	324249	n/a
158.3330078125	0.3	0.0	1	324266	n/a
158.34130859375	0.3	1.0	2	324283	n/a
158.349609375	0.3	1.0	2	324300	n/a
158.35791015625	0.3	0.0	1	324317	n/a
158.3662109375	0.3	1.0	2	324334	n/a
158.37451171875	0.3	0.0	1	324351	n/a
158.3828125	0.3	1.0	2	324368	n/a
158.39111328125	0.3	0.0	1	324385	n/a
158.3994140625	0.3	1.0	2	324402	n/a
158.408203125	0.3	0.0	1	324420	n/a
158.41650390625	0.3	1.0	2	324437	n/a
158.4248046875	0.3	0.0	1	324454	n/a
158.43310546875	0.3	1.0	2	324471	n/a
158.44140625	0.3	0.0	1	324488	n/a
158.44970703125	0.3	0.0	1	324505	n/a
158.4580078125	0.3	1.0	2	324522	n/a
158.46630859375	0.3	1.0	2	324539	n/a
158.474609375	0.3	0.0	1	324556	n/a
158.48291015625	0.3	0.0	1	324573	n/a
158.4912109375	0.3	1.0	2	324590	n/a
158.49951171875	0.3	0.0	1	324607	n/a
158.5078125	0.3	1.0	2	324624	n/a
158.51611328125	0.3	1.0	2	324641	n/a
158.5244140625	0.3	0.0	1	324658	n/a
158.533203125	0.3	0.0	1	324676	n/a
158.54150390625	0.3	1.0	2	324693	n/a
158.5498046875	0.3	0.0	1	324710	n/a
158.55810546875	0.3	1.0	2	324727	n/a
158.56640625	0.3	1.0	2	324744	n/a
158.57470703125	0.3	0.0	1	324761	n/a
158.5830078125	0.3	1.0	2	324778	n/a
158.59130859375	0.3	0.0	1	324795	n/a
158.599609375	0.3	0.0	1	324812	n/a
158.60791015625	0.3	1.0	2	324829	n/a
158.6162109375	0.3	1.0	2	324846	n/a
158.62451171875	0.3	0.0	1	324863	n/a
158.6328125	0.3	1.0	2	324880	n/a
158.64111328125	0.3	0.0	1	324897	n/a
158.6494140625	0.3	0.0	1	324914	n/a
158.658203125	0.3	1.0	2	324932	n/a
158.66650390625	0.3	1.0	2	324949	n/a
158.6748046875	0.3	0.0	1	324966	n/a
158.68310546875	0.3	0.0	1	324983	n/a
158.69140625	0.3	1.0	2	325000	n/a
158.69970703125	0.3	1.0	2	325017	n/a
158.7080078125	0.3	0.0	1	325034	n/a
158.71630859375	0.3	0.0	1	325051	n/a
158.724609375	0.3	1.0	2	325068	n/a
158.73291015625	0.3	1.0	2	325085	n/a
158.7412109375	0.3	0.0	1	325102	n/a
158.74951171875	0.3	0.0	1	325119	n/a
158.7578125	0.3	1.0	2	325136	n/a
158.76611328125	0.3	0.0	1	325153	n/a
158.7744140625	0.3	1.0	2	325170	n/a
158.783203125	0.3	0.0	1	325188	n/a
158.79150390625	0.3	1.0	2	325205	n/a
158.7998046875	0.3	0.0	1	325222	n/a
158.80810546875	0.3	1.0	2	325239	n/a
158.81640625	0.3	0.0	1	325256	n/a
158.82470703125	0.3	1.0	2	325273	n/a
158.8330078125	0.3	1.0	2	325290	n/a
158.84130859375	0.3	0.0	1	325307	n/a
158.849609375	0.3	1.0	2	325324	n/a
158.85791015625	0.3	0.0	1	325341	n/a
158.8662109375	0.3	0.0	1	325358	n/a
158.87451171875	0.3	1.0	2	325375	n/a
158.8828125	0.3	0.0	1	325392	n/a
158.89111328125	0.3	1.0	2	325409	n/a
158.8994140625	0.3	0.0	1	325426	n/a
158.908203125	0.3	1.0	2	325444	n/a
158.91650390625	0.3	1.0	2	325461	n/a
158.9248046875	0.3	0.0	1	325478	n/a
158.93310546875	0.3	0.0	1	325495	n/a
158.94140625	0.3	1.0	2	325512	n/a
158.94970703125	0.3	1.0	2	325529	n/a
158.9580078125	0.3	0.0	1	325546	n/a
158.96630859375	0.3	1.0	2	325563	n/a
158.974609375	0.3	0.0	1	325580	n/a
158.98291015625	0.3	1.0	2	325597	n/a
158.9912109375	0.3	0.0	1	325614	n/a
158.99951171875	0.3	1.0	2	325631	n/a
159.0078125	0.3	0.0	1	325648	n/a
159.01611328125	0.3	0.0	1	325665	n/a
159.0244140625	0.3	1.0	2	325682	n/a
159.033203125	0.3	1.0	2	325700	n/a
159.04150390625	0.3	0.0	1	325717	n/a
159.0498046875	0.3	1.0	2	325734	n/a
159.05810546875	0.3	0.0	1	325751	n/a
159.06640625	0.3	0.0	1	325768	n/a
159.07470703125	0.3	1.0	2	325785	n/a
159.0830078125	0.3	1.0	2	325802	n/a
159.09130859375	0.3	0.0	1	325819	n/a
159.099609375	0.3	0.0	1	325836	n/a
159.10791015625	0.3	1.0	2	325853	n/a
159.1162109375	0.3	0.0	1	325870	n/a
159.12451171875	0.3	1.0	2	325887	n/a
159.1328125	0.3	0.0	1	325904	n/a
159.14111328125	0.3	1.0	2	325921	n/a
159.1494140625	0.3	1.0	2	325938	n/a
159.158203125	0.3	0.0	1	325956	n/a
159.16650390625	0.3	0.0	1	325973	n/a
159.1748046875	0.3	1.0	2	325990	n/a
159.18310546875	0.3	0.0	1	326007	n/a
159.19140625	0.3	1.0	2	326024	n/a
159.19970703125	0.3	0.0	1	326041	n/a
159.2080078125	0.3	1.0	2	326058	n/a
159.21630859375	0.3	0.0	1	326075	n/a
159.224609375	0.3	1.0	2	326092	n/a
159.23291015625	0.3	1.0	2	326109	n/a
159.2412109375	0.3	0.0	1	326126	n/a
159.24951171875	0.3	1.0	2	326143	n/a
159.2578125	0.3	0.0	1	326160	n/a
159.26611328125	0.3	1.0	2	326177	n/a
159.2744140625	0.3	0.0	1	326194	n/a
159.283203125	0.3	0.0	1	326212	n/a
159.29150390625	0.3	1.0	2	326229	n/a
159.2998046875	0.3	0.0	1	326246	n/a
159.30810546875	0.3	1.0	2	326263	n/a
159.31640625	0.3	1.0	2	326280	n/a
159.32470703125	0.3	0.0	1	326297	n/a
159.3330078125	0.3	1.0	2	326314	n/a
159.34130859375	0.3	0.0	1	326331	n/a
159.349609375	0.3	0.0	1	326348	n/a
159.35791015625	0.3	1.0	2	326365	n/a
159.3662109375	0.3	0.0	1	326382	n/a
159.37451171875	0.3	1.0	2	326399	n/a
159.3828125	0.3	0.0	1	326416	n/a
159.39111328125	0.3	1.0	2	326433	n/a
159.3994140625	0.3	1.0	2	326450	n/a
159.408203125	0.3	0.0	1	326468	n/a
159.41650390625	0.3	1.0	2	326485	n/a
159.4248046875	0.3	0.0	1	326502	n/a
159.43310546875	0.3	1.0	2	326519	n/a
159.44140625	0.3	0.0	1	326536	n/a
159.44970703125	0.3	1.0	2	326553	n/a
159.4580078125	0.3	0.0	1	326570	n/a
159.46630859375	0.3	1.0	2	326587	n/a
159.474609375	0.3	0.0	1	326604	n/a
159.48291015625	0.3	1.0	2	326621	n/a
159.4912109375	0.3	0.0	1	326638	n/a
159.49951171875	0.3	0.0	1	326655	n/a
159.5078125	0.3	1.0	2	326672	n/a
159.51611328125	0.3	1.0	2	326689	n/a
159.5244140625	0.3	0.0	1	326706	n/a
159.533203125	0.3	0.0	1	326724	n/a
159.54150390625	0.3	1.0	2	326741	n/a
159.5498046875	0.3	0.0	1	326758	n/a
159.55810546875	0.3	1.0	2	326775	n/a
159.56640625	0.3	1.0	2	326792	n/a
159.57470703125	0.3	0.0	1	326809	n/a
159.5830078125	0.3	0.0	1	326826	n/a
159.59130859375	0.3	1.0	2	326843	n/a
159.599609375	0.3	0.0	1	326860	n/a
159.60791015625	0.3	1.0	2	326877	n/a
159.6162109375	0.3	1.0	2	326894	n/a
159.62451171875	0.3	0.0	1	326911	n/a
159.6328125	0.3	1.0	2	326928	n/a
159.64111328125	0.3	0.0	1	326945	n/a
159.6494140625	0.3	0.0	1	326962	n/a
159.658203125	0.3	1.0	2	326980	n/a
159.66650390625	0.3	1.0	2	326997	n/a
159.6748046875	0.3	0.0	1	327014	n/a
159.68310546875	0.3	1.0	2	327031	n/a
159.69140625	0.3	0.0	1	327048	n/a
159.69970703125	0.3	0.0	1	327065	n/a
159.7080078125	0.3	1.0	2	327082	n/a
159.71630859375	0.3	1.0	2	327099	n/a
159.724609375	0.3	0.0	1	327116	n/a
159.73291015625	0.3	0.0	1	327133	n/a
159.7412109375	0.3	1.0	2	327150	n/a
159.74951171875	0.3	1.0	2	327167	n/a
159.7578125	0.3	0.0	1	327184	n/a
159.76611328125	0.3	0.0	1	327201	n/a
159.7744140625	0.3	1.0	2	327218	n/a
159.783203125	0.3	1.0	2	327236	n/a
159.79150390625	0.3	0.0	1	327253	n/a
159.7998046875	0.3	0.0	1	327270	n/a
159.80810546875	0.3	1.0	2	327287	n/a
159.81640625	0.3	0.0	1	327304	n/a
159.82470703125	0.3	1.0	2	327321	n/a
159.8330078125	0.3	0.0	1	327338	n/a
159.84130859375	0.3	1.0	2	327355	n/a
159.849609375	0.3	0.0	1	327372	n/a
159.85791015625	0.3	1.0	2	327389	n/a
159.8662109375	0.3	0.0	1	327406	n/a
159.87451171875	0.3	1.0	2	327423	n/a
159.8828125	0.3	1.0	2	327440	n/a
159.89111328125	0.3	0.0	1	327457	n/a
159.8994140625	0.3	1.0	2	327474	n/a
159.908203125	0.3	0.0	1	327492	n/a
159.91650390625	0.3	0.0	1	327509	n/a
159.9248046875	0.3	1.0	2	327526	n/a
159.93310546875	0.3	0.0	1	327543	n/a
159.94140625	0.3	1.0	2	327560	n/a
159.94970703125	0.3	0.0	1	327577	n/a
159.9580078125	0.3	1.0	2	327594	n/a
159.96630859375	0.3	1.0	2	327611	n/a
159.974609375	0.3	0.0	1	327628	n/a
159.98291015625	0.3	0.0	1	327645	n/a
159.9912109375	0.3	1.0	2	327662	n/a
159.99951171875	0.3	1.0	2	327679	n/a
160.0078125	0.3	0.0	1	327696	n/a
160.01611328125	0.3	1.0	2	327713	n/a
160.0244140625	0.3	0.0	1	327730	n/a
160.033203125	0.3	1.0	2	327748	n/a
160.04150390625	0.3	0.0	1	327765	n/a
160.0498046875	0.3	1.0	2	327782	n/a
160.05810546875	0.3	0.0	1	327799	n/a
160.06640625	0.3	0.0	1	327816	n/a
160.07470703125	0.3	1.0	2	327833	n/a
160.0830078125	0.3	1.0	2	327850	n/a
160.09130859375	0.3	0.0	1	327867	n/a
160.099609375	0.3	1.0	2	327884	n/a
160.10791015625	0.3	0.0	1	327901	n/a
160.1162109375	0.3	0.0	1	327918	n/a
160.12451171875	0.3	1.0	2	327935	n/a
160.1328125	0.3	1.0	2	327952	n/a
160.14111328125	0.3	0.0	1	327969	n/a
160.1494140625	0.3	0.0	1	327986	n/a
160.158203125	0.3	1.0	2	328004	n/a
160.16650390625	0.3	0.0	1	328021	n/a
160.1748046875	0.3	1.0	2	328038	n/a
160.18310546875	0.3	0.0	1	328055	n/a
160.19140625	0.3	1.0	2	328072	n/a
160.19970703125	0.3	1.0	2	328089	n/a
160.2080078125	0.3	0.0	1	328106	n/a
160.21630859375	0.3	0.0	1	328123	n/a
160.224609375	0.3	1.0	2	328140	n/a
160.23291015625	0.3	0.0	1	328157	n/a
160.2412109375	0.3	1.0	2	328174	n/a
160.24951171875	0.3	0.0	1	328191	n/a
160.2578125	0.3	1.0	2	328208	n/a
160.26611328125	0.3	0.0	1	328225	n/a
160.2744140625	0.3	1.0	2	328242	n/a
160.283203125	0.3	1.0	2	328260	n/a
160.29150390625	0.3	0.0	1	328277	n/a
160.2998046875	0.3	1.0	2	328294	n/a
160.30810546875	0.3	0.0	1	328311	n/a
160.31640625	0.3	1.0	2	328328	n/a
160.32470703125	0.3	0.0	1	328345	n/a
160.3330078125	0.3	0.0	1	328362	n/a
160.34130859375	0.3	1.0	2	328379	n/a
160.349609375	0.3	0.0	1	328396	n/a
160.35791015625	0.3	1.0	2	328413	n/a
160.3662109375	0.3	1.0	2	328430	n/a
160.37451171875	0.3	0.0	1	328447	n/a
160.3828125	0.3	1.0	2	328464	n/a
160.39111328125	0.3	0.0	1	328481	n/a
160.3994140625	0.3	0.0	1	328498	n/a
160.408203125	0.3	1.0	2	328516	n/a
162.78369140625	0.3	0.0	1	333381	33.0
162.7919921875	0.3	1.0	2	333398	n/a
162.80029296875	0.3	1.0	2	333415	n/a
162.80859375	0.3	0.0	1	333432	n/a
162.81689453125	0.3	0.0	1	333449	n/a
162.8251953125	0.3	1.0	2	333466	n/a
162.83349609375	0.3	1.0	2	333483	n/a
162.841796875	0.3	0.0	1	333500	n/a
162.8505859375	0.3	0.0	1	333518	n/a
162.85888671875	0.3	1.0	2	333535	n/a
162.8671875	0.3	0.0	1	333552	n/a
162.87548828125	0.3	1.0	2	333569	n/a
162.8837890625	0.3	1.0	2	333586	n/a
162.89208984375	0.3	0.0	1	333603	n/a
162.900390625	0.3	1.0	2	333620	n/a
162.90869140625	0.3	0.0	1	333637	n/a
162.9169921875	0.3	0.0	1	333654	n/a
162.92529296875	0.3	1.0	2	333671	n/a
162.93359375	0.3	0.0	1	333688	n/a
162.94189453125	0.3	1.0	2	333705	n/a
162.9501953125	0.3	0.0	1	333722	n/a
162.95849609375	0.3	1.0	2	333739	n/a
162.966796875	0.3	0.0	1	333756	n/a
162.9755859375	0.3	1.0	2	333774	n/a
162.98388671875	0.3	0.0	1	333791	n/a
162.9921875	0.3	1.0	2	333808	n/a
163.00048828125	0.3	0.0	1	333825	n/a
163.0087890625	0.3	1.0	2	333842	n/a
163.01708984375	0.3	0.0	1	333859	n/a
163.025390625	0.3	1.0	2	333876	n/a
163.03369140625	0.3	1.0	2	333893	n/a
163.0419921875	0.3	0.0	1	333910	n/a
163.05029296875	0.3	1.0	2	333927	n/a
163.05859375	0.3	0.0	1	333944	n/a
163.06689453125	0.3	1.0	2	333961	n/a
163.0751953125	0.3	0.0	1	333978	n/a
163.08349609375	0.3	0.0	1	333995	n/a
163.091796875	0.3	1.0	2	334012	n/a
163.1005859375	0.3	0.0	1	334030	n/a
163.10888671875	0.3	1.0	2	334047	n/a
163.1171875	0.3	0.0	1	334064	n/a
163.12548828125	0.3	1.0	2	334081	n/a
163.1337890625	0.3	1.0	2	334098	n/a
163.14208984375	0.3	0.0	1	334115	n/a
163.150390625	0.3	0.0	1	334132	n/a
163.15869140625	0.3	1.0	2	334149	n/a
163.1669921875	0.3	1.0	2	334166	n/a
163.17529296875	0.3	0.0	1	334183	n/a
163.18359375	0.3	0.0	1	334200	n/a
163.19189453125	0.3	1.0	2	334217	n/a
163.2001953125	0.3	0.0	1	334234	n/a
163.20849609375	0.3	1.0	2	334251	n/a
163.216796875	0.3	0.0	1	334268	n/a
163.2255859375	0.3	1.0	2	334286	n/a
163.23388671875	0.3	1.0	2	334303	n/a
163.2421875	0.3	0.0	1	334320	n/a
163.25048828125	0.3	1.0	2	334337	n/a
163.2587890625	0.3	0.0	1	334354	n/a
163.26708984375	0.3	1.0	2	334371	n/a
163.275390625	0.3	0.0	1	334388	n/a
163.28369140625	0.3	1.0	2	334405	n/a
163.2919921875	0.3	0.0	1	334422	n/a
163.30029296875	0.3	0.0	1	334439	n/a
163.30859375	0.3	1.0	2	334456	n/a
163.31689453125	0.3	0.0	1	334473	n/a
163.3251953125	0.3	1.0	2	334490	n/a
163.33349609375	0.3	0.0	1	334507	n/a
163.341796875	0.3	1.0	2	334524	n/a
163.3505859375	0.3	0.0	1	334542	n/a
163.35888671875	0.3	1.0	2	334559	n/a
163.3671875	0.3	1.0	2	334576	n/a
163.37548828125	0.3	0.0	1	334593	n/a
163.3837890625	0.3	1.0	2	334610	n/a
163.39208984375	0.3	0.0	1	334627	n/a
163.400390625	0.3	1.0	2	334644	n/a
163.40869140625	0.3	0.0	1	334661	n/a
163.4169921875	0.3	1.0	2	334678	n/a
163.42529296875	0.3	0.0	1	334695	n/a
163.43359375	0.3	0.0	1	334712	n/a
163.44189453125	0.3	1.0	2	334729	n/a
163.4501953125	0.3	1.0	2	334746	n/a
163.45849609375	0.3	0.0	1	334763	n/a
163.466796875	0.3	1.0	2	334780	n/a
163.4755859375	0.3	0.0	1	334798	n/a
163.48388671875	0.3	0.0	1	334815	n/a
163.4921875	0.3	1.0	2	334832	n/a
163.50048828125	0.3	0.0	1	334849	n/a
163.5087890625	0.3	1.0	2	334866	n/a
163.51708984375	0.3	0.0	1	334883	n/a
163.525390625	0.3	1.0	2	334900	n/a
163.53369140625	0.3	0.0	1	334917	n/a
163.5419921875	0.3	1.0	2	334934	n/a
163.55029296875	0.3	1.0	2	334951	n/a
163.55859375	0.3	0.0	1	334968	n/a
163.56689453125	0.3	1.0	2	334985	n/a
163.5751953125	0.3	0.0	1	335002	n/a
163.58349609375	0.3	1.0	2	335019	n/a
163.591796875	0.3	0.0	1	335036	n/a
163.6005859375	0.3	1.0	2	335054	n/a
163.60888671875	0.3	0.0	1	335071	n/a
163.6171875	0.3	0.0	1	335088	n/a
163.62548828125	0.3	1.0	2	335105	n/a
163.6337890625	0.3	0.0	1	335122	n/a
163.64208984375	0.3	1.0	2	335139	n/a
163.650390625	0.3	1.0	2	335156	n/a
163.65869140625	0.3	0.0	1	335173	n/a
163.6669921875	0.3	1.0	2	335190	n/a
163.67529296875	0.3	0.0	1	335207	n/a
163.68359375	0.3	1.0	2	335224	n/a
163.69189453125	0.3	0.0	1	335241	n/a
163.7001953125	0.3	1.0	2	335258	n/a
163.70849609375	0.3	0.0	1	335275	n/a
163.716796875	0.3	0.0	1	335292	n/a
163.7255859375	0.3	1.0	2	335310	n/a
163.73388671875	0.3	1.0	2	335327	n/a
163.7421875	0.3	0.0	1	335344	n/a
163.75048828125	0.3	1.0	2	335361	n/a
163.7587890625	0.3	0.0	1	335378	n/a
163.76708984375	0.3	1.0	2	335395	n/a
163.775390625	0.3	0.0	1	335412	n/a
163.78369140625	0.3	1.0	2	335429	n/a
163.7919921875	0.3	0.0	1	335446	n/a
163.80029296875	0.3	0.0	1	335463	n/a
163.80859375	0.3	1.0	2	335480	n/a
163.81689453125	0.3	0.0	1	335497	n/a
163.8251953125	0.3	1.0	2	335514	n/a
163.83349609375	0.3	0.0	1	335531	n/a
163.841796875	0.3	1.0	2	335548	n/a
163.8505859375	0.3	1.0	2	335566	n/a
163.85888671875	0.3	0.0	1	335583	n/a
163.8671875	0.3	0.0	1	335600	n/a
163.87548828125	0.3	1.0	2	335617	n/a
163.8837890625	0.3	1.0	2	335634	n/a
163.89208984375	0.3	0.0	1	335651	n/a
163.900390625	0.3	0.0	1	335668	n/a
163.90869140625	0.3	1.0	2	335685	n/a
163.9169921875	0.3	0.0	1	335702	n/a
163.92529296875	0.3	1.0	2	335719	n/a
163.93359375	0.3	1.0	2	335736	n/a
163.94189453125	0.3	0.0	1	335753	n/a
163.9501953125	0.3	1.0	2	335770	n/a
163.95849609375	0.3	0.0	1	335787	n/a
163.966796875	0.3	0.0	1	335804	n/a
163.9755859375	0.3	1.0	2	335822	n/a
163.98388671875	0.3	0.0	1	335839	n/a
163.9921875	0.3	1.0	2	335856	n/a
164.00048828125	0.3	0.0	1	335873	n/a
164.0087890625	0.3	1.0	2	335890	n/a
164.01708984375	0.3	0.0	1	335907	n/a
164.025390625	0.3	1.0	2	335924	n/a
164.03369140625	0.3	0.0	1	335941	n/a
164.0419921875	0.3	1.0	2	335958	n/a
164.05029296875	0.3	0.0	1	335975	n/a
164.05859375	0.3	1.0	2	335992	n/a
164.06689453125	0.3	0.0	1	336009	n/a
164.0751953125	0.3	1.0	2	336026	n/a
164.08349609375	0.3	1.0	2	336043	n/a
164.091796875	0.3	0.0	1	336060	n/a
164.1005859375	0.3	1.0	2	336078	n/a
164.10888671875	0.3	0.0	1	336095	n/a
164.1171875	0.3	1.0	2	336112	n/a
164.12548828125	0.3	0.0	1	336129	n/a
164.1337890625	0.3	0.0	1	336146	n/a
164.14208984375	0.3	1.0	2	336163	n/a
164.150390625	0.3	0.0	1	336180	n/a
164.15869140625	0.3	1.0	2	336197	n/a
164.1669921875	0.3	0.0	1	336214	n/a
164.17529296875	0.3	1.0	2	336231	n/a
164.18359375	0.3	1.0	2	336248	n/a
164.19189453125	0.3	0.0	1	336265	n/a
164.2001953125	0.3	0.0	1	336282	n/a
164.20849609375	0.3	1.0	2	336299	n/a
164.216796875	0.3	1.0	2	336316	n/a
164.2255859375	0.3	0.0	1	336334	n/a
164.23388671875	0.3	0.0	1	336351	n/a
164.2421875	0.3	1.0	2	336368	n/a
164.25048828125	0.3	0.0	1	336385	n/a
164.2587890625	0.3	1.0	2	336402	n/a
164.26708984375	0.3	0.0	1	336419	n/a
164.275390625	0.3	1.0	2	336436	n/a
164.28369140625	0.3	1.0	2	336453	n/a
164.2919921875	0.3	0.0	1	336470	n/a
164.30029296875	0.3	1.0	2	336487	n/a
164.30859375	0.3	0.0	1	336504	n/a
164.31689453125	0.3	1.0	2	336521	n/a
164.3251953125	0.3	0.0	1	336538	n/a
164.33349609375	0.3	1.0	2	336555	n/a
164.341796875	0.3	0.0	1	336572	n/a
164.3505859375	0.3	0.0	1	336590	n/a
164.35888671875	0.3	1.0	2	336607	n/a
164.3671875	0.3	0.0	1	336624	n/a
164.37548828125	0.3	1.0	2	336641	n/a
164.3837890625	0.3	0.0	1	336658	n/a
164.39208984375	0.3	1.0	2	336675	n/a
164.400390625	0.3	0.0	1	336692	n/a
164.40869140625	0.3	1.0	2	336709	n/a
164.4169921875	0.3	1.0	2	336726	n/a
164.42529296875	0.3	0.0	1	336743	n/a
164.43359375	0.3	1.0	2	336760	n/a
164.44189453125	0.3	0.0	1	336777	n/a
164.4501953125	0.3	1.0	2	336794	n/a
164.45849609375	0.3	0.0	1	336811	n/a
164.466796875	0.3	1.0	2	336828	n/a
164.4755859375	0.3	0.0	1	336846	n/a
164.48388671875	0.3	0.0	1	336863	n/a
164.4921875	0.3	1.0	2	336880	n/a
164.50048828125	0.3	1.0	2	336897	n/a
164.5087890625	0.3	0.0	1	336914	n/a
164.51708984375	0.3	1.0	2	336931	n/a
164.525390625	0.3	0.0	1	336948	n/a
164.53369140625	0.3	0.0	1	336965	n/a
164.5419921875	0.3	1.0	2	336982	n/a
164.55029296875	0.3	0.0	1	336999	n/a
164.55859375	0.3	1.0	2	337016	n/a
164.56689453125	0.3	0.0	1	337033	n/a
164.5751953125	0.3	1.0	2	337050	n/a
164.58349609375	0.3	0.0	1	337067	n/a
164.591796875	0.3	1.0	2	337084	n/a
164.6005859375	0.3	1.0	2	337102	n/a
164.60888671875	0.3	0.0	1	337119	n/a
164.6171875	0.3	1.0	2	337136	n/a
164.62548828125	0.3	0.0	1	337153	n/a
164.6337890625	0.3	1.0	2	337170	n/a
164.64208984375	0.3	0.0	1	337187	n/a
164.650390625	0.3	1.0	2	337204	n/a
164.65869140625	0.3	0.0	1	337221	n/a
164.6669921875	0.3	0.0	1	337238	n/a
164.67529296875	0.3	1.0	2	337255	n/a
164.68359375	0.3	0.0	1	337272	n/a
164.69189453125	0.3	1.0	2	337289	n/a
164.7001953125	0.3	1.0	2	337306	n/a
164.70849609375	0.3	0.0	1	337323	n/a
164.716796875	0.3	1.0	2	337340	n/a
164.7255859375	0.3	0.0	1	337358	n/a
164.73388671875	0.3	1.0	2	337375	n/a
164.7421875	0.3	0.0	1	337392	n/a
164.75048828125	0.3	1.0	2	337409	n/a
164.7587890625	0.3	0.0	1	337426	n/a
164.76708984375	0.3	0.0	1	337443	n/a
164.775390625	0.3	1.0	2	337460	n/a
164.78369140625	0.3	1.0	2	337477	n/a
164.7919921875	0.3	0.0	1	337494	n/a
164.80029296875	0.3	1.0	2	337511	n/a
164.80859375	0.3	0.0	1	337528	n/a
164.81689453125	0.3	1.0	2	337545	n/a
164.8251953125	0.3	0.0	1	337562	n/a
164.83349609375	0.3	1.0	2	337579	n/a
164.841796875	0.3	0.0	1	337596	n/a
164.8505859375	0.3	0.0	1	337614	n/a
164.85888671875	0.3	1.0	2	337631	n/a
164.8671875	0.3	0.0	1	337648	n/a
164.87548828125	0.3	1.0	2	337665	n/a
164.8837890625	0.3	0.0	1	337682	n/a
164.89208984375	0.3	1.0	2	337699	n/a
164.900390625	0.3	1.0	2	337716	n/a
164.90869140625	0.3	0.0	1	337733	n/a
164.9169921875	0.3	0.0	1	337750	n/a
164.92529296875	0.3	1.0	2	337767	n/a
164.93359375	0.3	1.0	2	337784	n/a
164.94189453125	0.3	0.0	1	337801	n/a
164.9501953125	0.3	0.0	1	337818	n/a
164.95849609375	0.3	1.0	2	337835	n/a
164.966796875	0.3	0.0	1	337852	n/a
164.9755859375	0.3	1.0	2	337870	n/a
164.98388671875	0.3	1.0	2	337887	n/a
164.9921875	0.3	0.0	1	337904	n/a
165.00048828125	0.3	1.0	2	337921	n/a
165.0087890625	0.3	0.0	1	337938	n/a
165.01708984375	0.3	0.0	1	337955	n/a
165.025390625	0.3	1.0	2	337972	n/a
165.03369140625	0.3	0.0	1	337989	n/a
165.0419921875	0.3	1.0	2	338006	n/a
165.05029296875	0.3	0.0	1	338023	n/a
165.05859375	0.3	1.0	2	338040	n/a
165.06689453125	0.3	0.0	1	338057	n/a
165.0751953125	0.3	1.0	2	338074	n/a
165.08349609375	0.3	0.0	1	338091	n/a
165.091796875	0.3	1.0	2	338108	n/a
165.1005859375	0.3	0.0	1	338126	n/a
165.10888671875	0.3	1.0	2	338143	n/a
165.1171875	0.3	0.0	1	338160	n/a
165.12548828125	0.3	1.0	2	338177	n/a
165.1337890625	0.3	1.0	2	338194	n/a
165.14208984375	0.3	0.0	1	338211	n/a
165.150390625	0.3	1.0	2	338228	n/a
165.15869140625	0.3	0.0	1	338245	n/a
165.1669921875	0.3	1.0	2	338262	n/a
165.17529296875	0.3	0.0	1	338279	n/a
165.18359375	0.3	0.0	1	338296	n/a
165.19189453125	0.3	1.0	2	338313	n/a
165.2001953125	0.3	0.0	1	338330	n/a
165.20849609375	0.3	1.0	2	338347	n/a
165.216796875	0.3	0.0	1	338364	n/a
165.2255859375	0.3	1.0	2	338382	n/a
165.23388671875	0.3	1.0	2	338399	n/a
165.2421875	0.3	0.0	1	338416	n/a
165.25048828125	0.3	0.0	1	338433	n/a
165.2587890625	0.3	1.0	2	338450	n/a
165.26708984375	0.3	1.0	2	338467	n/a
165.275390625	0.3	0.0	1	338484	n/a
165.28369140625	0.3	0.0	1	338501	n/a
165.2919921875	0.3	1.0	2	338518	n/a
165.30029296875	0.3	0.0	1	338535	n/a
165.30859375	0.3	1.0	2	338552	n/a
165.31689453125	0.3	0.0	1	338569	n/a
165.3251953125	0.3	1.0	2	338586	n/a
165.33349609375	0.3	1.0	2	338603	n/a
165.341796875	0.3	0.0	1	338620	n/a
165.3505859375	0.3	1.0	2	338638	n/a
165.35888671875	0.3	0.0	1	338655	n/a
165.3671875	0.3	1.0	2	338672	n/a
165.37548828125	0.3	0.0	1	338689	n/a
165.3837890625	0.3	1.0	2	338706	n/a
165.39208984375	0.3	0.0	1	338723	n/a
165.400390625	0.3	0.0	1	338740	n/a
165.40869140625	0.3	1.0	2	338757	n/a
165.4169921875	0.3	0.0	1	338774	n/a
165.42529296875	0.3	1.0	2	338791	n/a
165.43359375	0.3	0.0	1	338808	n/a
165.44189453125	0.3	1.0	2	338825	n/a
165.4501953125	0.3	0.0	1	338842	n/a
165.45849609375	0.3	1.0	2	338859	n/a
165.466796875	0.3	1.0	2	338876	n/a
165.4755859375	0.3	0.0	1	338894	n/a
165.48388671875	0.3	1.0	2	338911	n/a
165.4921875	0.3	0.0	1	338928	n/a
165.50048828125	0.3	1.0	2	338945	n/a
165.5087890625	0.3	0.0	1	338962	n/a
165.51708984375	0.3	1.0	2	338979	n/a
165.525390625	0.3	0.0	1	338996	n/a
165.53369140625	0.3	0.0	1	339013	n/a
165.5419921875	0.3	1.0	2	339030	n/a
165.55029296875	0.3	1.0	2	339047	n/a
165.55859375	0.3	0.0	1	339064	n/a
165.56689453125	0.3	1.0	2	339081	n/a
165.5751953125	0.3	0.0	1	339098	n/a
165.58349609375	0.3	0.0	1	339115	n/a
165.591796875	0.3	1.0	2	339132	n/a
165.6005859375	0.3	0.0	1	339150	n/a
165.60888671875	0.3	1.0	2	339167	n/a
165.6171875	0.3	0.0	1	339184	n/a
165.62548828125	0.3	1.0	2	339201	n/a
165.6337890625	0.3	0.0	1	339218	n/a
165.64208984375	0.3	1.0	2	339235	n/a
165.650390625	0.3	1.0	2	339252	n/a
165.65869140625	0.3	0.0	1	339269	n/a
165.6669921875	0.3	1.0	2	339286	n/a
165.67529296875	0.3	0.0	1	339303	n/a
165.68359375	0.3	1.0	2	339320	n/a
165.69189453125	0.3	0.0	1	339337	n/a
165.7001953125	0.3	1.0	2	339354	n/a
165.70849609375	0.3	0.0	1	339371	n/a
165.716796875	0.3	0.0	1	339388	n/a
165.7255859375	0.3	1.0	2	339406	n/a
165.73388671875	0.3	0.0	1	339423	n/a
165.7421875	0.3	1.0	2	339440	n/a
165.75048828125	0.3	1.0	2	339457	n/a
165.7587890625	0.3	0.0	1	339474	n/a
165.76708984375	0.3	1.0	2	339491	n/a
165.775390625	0.3	0.0	1	339508	n/a
165.78369140625	0.3	1.0	2	339525	n/a
165.7919921875	0.3	0.0	1	339542	n/a
165.80029296875	0.3	1.0	2	339559	n/a
165.80859375	0.3	0.0	1	339576	n/a
165.81689453125	0.3	0.0	1	339593	n/a
165.8251953125	0.3	1.0	2	339610	n/a
165.83349609375	0.3	1.0	2	339627	n/a
165.841796875	0.3	0.0	1	339644	n/a
165.8505859375	0.3	1.0	2	339662	n/a
165.85888671875	0.3	0.0	1	339679	n/a
165.8671875	0.3	1.0	2	339696	n/a
165.87548828125	0.3	0.0	1	339713	n/a
165.8837890625	0.3	1.0	2	339730	n/a
165.89208984375	0.3	0.0	1	339747	n/a
165.900390625	0.3	0.0	1	339764	n/a
165.90869140625	0.3	1.0	2	339781	n/a
165.9169921875	0.3	0.0	1	339798	n/a
165.92529296875	0.3	1.0	2	339815	n/a
165.93359375	0.3	0.0	1	339832	n/a
165.94189453125	0.3	1.0	2	339849	n/a
165.9501953125	0.3	1.0	2	339866	n/a
165.95849609375	0.3	0.0	1	339883	n/a
165.966796875	0.3	0.0	1	339900	n/a
165.9755859375	0.3	1.0	2	339918	n/a
165.98388671875	0.3	1.0	2	339935	n/a
165.9921875	0.3	0.0	1	339952	n/a
166.00048828125	0.3	0.0	1	339969	n/a
166.0087890625	0.3	1.0	2	339986	n/a
166.01708984375	0.3	0.0	1	340003	n/a
166.025390625	0.3	1.0	2	340020	n/a
166.03369140625	0.3	1.0	2	340037	n/a
166.0419921875	0.3	0.0	1	340054	n/a
166.05029296875	0.3	1.0	2	340071	n/a
166.05859375	0.3	0.0	1	340088	n/a
166.06689453125	0.3	0.0	1	340105	n/a
166.0751953125	0.3	1.0	2	340122	n/a
166.08349609375	0.3	0.0	1	340139	n/a
166.091796875	0.3	1.0	2	340156	n/a
166.1005859375	0.3	0.0	1	340174	n/a
166.10888671875	0.3	1.0	2	340191	n/a
166.1171875	0.3	0.0	1	340208	n/a
166.12548828125	0.3	1.0	2	340225	n/a
166.1337890625	0.3	0.0	1	340242	n/a
166.14208984375	0.3	1.0	2	340259	n/a
166.150390625	0.3	0.0	1	340276	n/a
166.15869140625	0.3	1.0	2	340293	n/a
166.1669921875	0.3	0.0	1	340310	n/a
166.17529296875	0.3	1.0	2	340327	n/a
166.18359375	0.3	1.0	2	340344	n/a
166.19189453125	0.3	0.0	1	340361	n/a
166.2001953125	0.3	1.0	2	340378	n/a
166.20849609375	0.3	0.0	1	340395	n/a
166.216796875	0.3	1.0	2	340412	n/a
166.2255859375	0.3	0.0	1	340430	n/a
166.23388671875	0.3	0.0	1	340447	n/a
166.2421875	0.3	1.0	2	340464	n/a
166.25048828125	0.3	0.0	1	340481	n/a
166.2587890625	0.3	1.0	2	340498	n/a
166.26708984375	0.3	0.0	1	340515	n/a
166.275390625	0.3	1.0	2	340532	n/a
166.28369140625	0.3	1.0	2	340549	n/a
166.2919921875	0.3	0.0	1	340566	n/a
166.30029296875	0.3	0.0	1	340583	n/a
166.30859375	0.3	1.0	2	340600	n/a
166.31689453125	0.3	1.0	2	340617	n/a
166.3251953125	0.3	0.0	1	340634	n/a
166.33349609375	0.3	0.0	1	340651	n/a
166.341796875	0.3	1.0	2	340668	n/a
166.3505859375	0.3	0.0	1	340686	n/a
166.35888671875	0.3	1.0	2	340703	n/a
166.3671875	0.3	0.0	1	340720	n/a
166.37548828125	0.3	1.0	2	340737	n/a
166.3837890625	0.3	1.0	2	340754	n/a
166.39208984375	0.3	0.0	1	340771	n/a
166.400390625	0.3	1.0	2	340788	n/a
166.40869140625	0.3	0.0	1	340805	n/a
166.4169921875	0.3	1.0	2	340822	n/a
166.42529296875	0.3	0.0	1	340839	n/a
166.43359375	0.3	1.0	2	340856	n/a
166.44189453125	0.3	0.0	1	340873	n/a
166.4501953125	0.3	0.0	1	340890	n/a
166.45849609375	0.3	1.0	2	340907	n/a
166.466796875	0.3	0.0	1	340924	n/a
166.4755859375	0.3	1.0	2	340942	n/a
166.48388671875	0.3	0.0	1	340959	n/a
166.4921875	0.3	1.0	2	340976	n/a
166.50048828125	0.3	0.0	1	340993	n/a
166.5087890625	0.3	1.0	2	341010	n/a
166.51708984375	0.3	1.0	2	341027	n/a
166.525390625	0.3	0.0	1	341044	n/a
166.53369140625	0.3	1.0	2	341061	n/a
166.5419921875	0.3	0.0	1	341078	n/a
166.55029296875	0.3	1.0	2	341095	n/a
166.55859375	0.3	0.0	1	341112	n/a
166.56689453125	0.3	1.0	2	341129	n/a
166.5751953125	0.3	0.0	1	341146	n/a
166.58349609375	0.3	0.0	1	341163	n/a
166.591796875	0.3	1.0	2	341180	n/a
166.6005859375	0.3	1.0	2	341198	n/a
166.60888671875	0.3	0.0	1	341215	n/a
166.6171875	0.3	1.0	2	341232	n/a
166.62548828125	0.3	0.0	1	341249	n/a
166.6337890625	0.3	0.0	1	341266	n/a
166.64208984375	0.3	1.0	2	341283	n/a
166.650390625	0.3	0.0	1	341300	n/a
166.65869140625	0.3	1.0	2	341317	n/a
166.6669921875	0.3	0.0	1	341334	n/a
166.67529296875	0.3	1.0	2	341351	n/a
166.68359375	0.3	0.0	1	341368	n/a
166.69189453125	0.3	1.0	2	341385	n/a
166.7001953125	0.3	1.0	2	341402	n/a
166.70849609375	0.3	0.0	1	341419	n/a
166.716796875	0.3	1.0	2	341436	n/a
166.7255859375	0.3	0.0	1	341454	n/a
166.73388671875	0.3	1.0	2	341471	n/a
166.7421875	0.3	0.0	1	341488	n/a
166.75048828125	0.3	1.0	2	341505	n/a
166.7587890625	0.3	0.0	1	341522	n/a
166.76708984375	0.3	0.0	1	341539	n/a
166.775390625	0.3	1.0	2	341556	n/a
166.78369140625	0.3	0.0	1	341573	n/a
166.7919921875	0.3	1.0	2	341590	n/a
166.80029296875	0.3	1.0	2	341607	n/a
166.80859375	0.3	0.0	1	341624	n/a
166.81689453125	0.3	1.0	2	341641	n/a
166.8251953125	0.3	0.0	1	341658	n/a
166.83349609375	0.3	1.0	2	341675	n/a
166.841796875	0.3	0.0	1	341692	n/a
166.8505859375	0.3	1.0	2	341710	n/a
166.85888671875	0.3	0.0	1	341727	n/a
166.8671875	0.3	0.0	1	341744	n/a
166.87548828125	0.3	1.0	2	341761	n/a
166.8837890625	0.3	1.0	2	341778	n/a
166.89208984375	0.3	0.0	1	341795	n/a
166.900390625	0.3	1.0	2	341812	n/a
166.90869140625	0.3	0.0	1	341829	n/a
166.9169921875	0.3	1.0	2	341846	n/a
166.92529296875	0.3	0.0	1	341863	n/a
166.93359375	0.3	1.0	2	341880	n/a
166.94189453125	0.3	0.0	1	341897	n/a
166.9501953125	0.3	0.0	1	341914	n/a
166.95849609375	0.3	1.0	2	341931	n/a
166.966796875	0.3	0.0	1	341948	n/a
166.9755859375	0.3	1.0	2	341966	n/a
169.37548828125	0.3	0.0	1	346881	20.0
169.3837890625	0.3	1.0	2	346898	n/a
169.39208984375	0.3	1.0	2	346915	n/a
169.400390625	0.3	0.0	1	346932	n/a
169.40869140625	0.3	0.0	1	346949	n/a
169.4169921875	0.3	1.0	2	346966	n/a
169.42529296875	0.3	0.0	1	346983	n/a
169.43359375	0.3	1.0	2	347000	n/a
169.4423828125	0.3	1.0	2	347018	n/a
169.45068359375	0.3	0.0	1	347035	n/a
169.458984375	0.3	0.0	1	347052	n/a
169.46728515625	0.3	1.0	2	347069	n/a
169.4755859375	0.3	1.0	2	347086	n/a
169.48388671875	0.3	0.0	1	347103	n/a
169.4921875	0.3	0.0	1	347120	n/a
169.50048828125	0.3	1.0	2	347137	n/a
169.5087890625	0.3	1.0	2	347154	n/a
169.51708984375	0.3	0.0	1	347171	n/a
169.525390625	0.3	1.0	2	347188	n/a
169.53369140625	0.3	0.0	1	347205	n/a
169.5419921875	0.3	1.0	2	347222	n/a
169.55029296875	0.3	0.0	1	347239	n/a
169.55859375	0.3	0.0	1	347256	n/a
169.5673828125	0.3	1.0	2	347274	n/a
169.57568359375	0.3	1.0	2	347291	n/a
169.583984375	0.3	0.0	1	347308	n/a
169.59228515625	0.3	1.0	2	347325	n/a
169.6005859375	0.3	0.0	1	347342	n/a
169.60888671875	0.3	1.0	2	347359	n/a
169.6171875	0.3	0.0	1	347376	n/a
169.62548828125	0.3	1.0	2	347393	n/a
169.6337890625	0.3	0.0	1	347410	n/a
169.64208984375	0.3	0.0	1	347427	n/a
169.650390625	0.3	1.0	2	347444	n/a
169.65869140625	0.3	1.0	2	347461	n/a
169.6669921875	0.3	0.0	1	347478	n/a
169.67529296875	0.3	1.0	2	347495	n/a
169.68359375	0.3	0.0	1	347512	n/a
169.6923828125	0.3	1.0	2	347530	n/a
169.70068359375	0.3	0.0	1	347547	n/a
169.708984375	0.3	0.0	1	347564	n/a
169.71728515625	0.3	1.0	2	347581	n/a
169.7255859375	0.3	0.0	1	347598	n/a
169.73388671875	0.3	1.0	2	347615	n/a
169.7421875	0.3	0.0	1	347632	n/a
169.75048828125	0.3	1.0	2	347649	n/a
169.7587890625	0.3	1.0	2	347666	n/a
169.76708984375	0.3	0.0	1	347683	n/a
169.775390625	0.3	1.0	2	347700	n/a
169.78369140625	0.3	0.0	1	347717	n/a
169.7919921875	0.3	1.0	2	347734	n/a
169.80029296875	0.3	0.0	1	347751	n/a
169.80859375	0.3	0.0	1	347768	n/a
169.8173828125	0.3	1.0	2	347786	n/a
169.82568359375	0.3	0.0	1	347803	n/a
169.833984375	0.3	1.0	2	347820	n/a
169.84228515625	0.3	0.0	1	347837	n/a
169.8505859375	0.3	1.0	2	347854	n/a
169.85888671875	0.3	1.0	2	347871	n/a
169.8671875	0.3	0.0	1	347888	n/a
169.87548828125	0.3	1.0	2	347905	n/a
169.8837890625	0.3	0.0	1	347922	n/a
169.89208984375	0.3	0.0	1	347939	n/a
169.900390625	0.3	1.0	2	347956	n/a
169.90869140625	0.3	1.0	2	347973	n/a
169.9169921875	0.3	0.0	1	347990	n/a
169.92529296875	0.3	0.0	1	348007	n/a
169.93359375	0.3	1.0	2	348024	n/a
169.9423828125	0.3	0.0	1	348042	n/a
169.95068359375	0.3	1.0	2	348059	n/a
169.958984375	0.3	0.0	1	348076	n/a
169.96728515625	0.3	1.0	2	348093	n/a
169.9755859375	0.3	1.0	2	348110	n/a
169.98388671875	0.3	0.0	1	348127	n/a
169.9921875	0.3	1.0	2	348144	n/a
170.00048828125	0.3	0.0	1	348161	n/a
170.0087890625	0.3	1.0	2	348178	n/a
170.01708984375	0.3	0.0	1	348195	n/a
170.025390625	0.3	0.0	1	348212	n/a
170.03369140625	0.3	1.0	2	348229	n/a
170.0419921875	0.3	0.0	1	348246	n/a
170.05029296875	0.3	1.0	2	348263	n/a
170.05859375	0.3	0.0	1	348280	n/a
170.0673828125	0.3	1.0	2	348298	n/a
170.07568359375	0.3	1.0	2	348315	n/a
170.083984375	0.3	0.0	1	348332	n/a
170.09228515625	0.3	0.0	1	348349	n/a
170.1005859375	0.3	1.0	2	348366	n/a
170.10888671875	0.3	0.0	1	348383	n/a
170.1171875	0.3	1.0	2	348400	n/a
170.12548828125	0.3	0.0	1	348417	n/a
170.1337890625	0.3	1.0	2	348434	n/a
170.14208984375	0.3	1.0	2	348451	n/a
170.150390625	0.3	0.0	1	348468	n/a
170.15869140625	0.3	1.0	2	348485	n/a
170.1669921875	0.3	0.0	1	348502	n/a
170.17529296875	0.3	0.0	1	348519	n/a
170.18359375	0.3	1.0	2	348536	n/a
170.1923828125	0.3	1.0	2	348554	n/a
170.20068359375	0.3	0.0	1	348571	n/a
170.208984375	0.3	1.0	2	348588	n/a
170.21728515625	0.3	0.0	1	348605	n/a
170.2255859375	0.3	1.0	2	348622	n/a
170.23388671875	0.3	0.0	1	348639	n/a
170.2421875	0.3	0.0	1	348656	n/a
170.25048828125	0.3	1.0	2	348673	n/a
170.2587890625	0.3	0.0	1	348690	n/a
170.26708984375	0.3	1.0	2	348707	n/a
170.275390625	0.3	0.0	1	348724	n/a
170.28369140625	0.3	1.0	2	348741	n/a
170.2919921875	0.3	0.0	1	348758	n/a
170.30029296875	0.3	1.0	2	348775	n/a
170.30859375	0.3	0.0	1	348792	n/a
170.3173828125	0.3	1.0	2	348810	n/a
170.32568359375	0.3	1.0	2	348827	n/a
170.333984375	0.3	0.0	1	348844	n/a
170.34228515625	0.3	0.0	1	348861	n/a
170.3505859375	0.3	1.0	2	348878	n/a
170.35888671875	0.3	1.0	2	348895	n/a
170.3671875	0.3	0.0	1	348912	n/a
170.37548828125	0.3	0.0	1	348929	n/a
170.3837890625	0.3	1.0	2	348946	n/a
170.39208984375	0.3	0.0	1	348963	n/a
170.400390625	0.3	1.0	2	348980	n/a
170.40869140625	0.3	1.0	2	348997	n/a
170.4169921875	0.3	0.0	1	349014	n/a
170.42529296875	0.3	0.0	1	349031	n/a
170.43359375	0.3	1.0	2	349048	n/a
170.4423828125	0.3	1.0	2	349066	n/a
170.45068359375	0.3	0.0	1	349083	n/a
170.458984375	0.3	0.0	1	349100	n/a
170.46728515625	0.3	1.0	2	349117	n/a
170.4755859375	0.3	0.0	1	349134	n/a
170.48388671875	0.3	1.0	2	349151	n/a
170.4921875	0.3	1.0	2	349168	n/a
170.50048828125	0.3	0.0	1	349185	n/a
170.5087890625	0.3	0.0	1	349202	n/a
170.51708984375	0.3	1.0	2	349219	n/a
170.525390625	0.3	1.0	2	349236	n/a
170.53369140625	0.3	0.0	1	349253	n/a
170.5419921875	0.3	0.0	1	349270	n/a
170.55029296875	0.3	1.0	2	349287	n/a
170.55859375	0.3	1.0	2	349304	n/a
170.5673828125	0.3	0.0	1	349322	n/a
170.57568359375	0.3	1.0	2	349339	n/a
170.583984375	0.3	0.0	1	349356	n/a
170.59228515625	0.3	1.0	2	349373	n/a
170.6005859375	0.3	0.0	1	349390	n/a
170.60888671875	0.3	0.0	1	349407	n/a
170.6171875	0.3	1.0	2	349424	n/a
170.62548828125	0.3	1.0	2	349441	n/a
170.6337890625	0.3	0.0	1	349458	n/a
170.64208984375	0.3	1.0	2	349475	n/a
170.650390625	0.3	0.0	1	349492	n/a
170.65869140625	0.3	1.0	2	349509	n/a
170.6669921875	0.3	0.0	1	349526	n/a
170.67529296875	0.3	1.0	2	349543	n/a
170.68359375	0.3	0.0	1	349560	n/a
170.6923828125	0.3	0.0	1	349578	n/a
170.70068359375	0.3	1.0	2	349595	n/a
170.708984375	0.3	1.0	2	349612	n/a
170.71728515625	0.3	0.0	1	349629	n/a
170.7255859375	0.3	1.0	2	349646	n/a
170.73388671875	0.3	0.0	1	349663	n/a
170.7421875	0.3	1.0	2	349680	n/a
170.75048828125	0.3	0.0	1	349697	n/a
170.7587890625	0.3	0.0	1	349714	n/a
170.76708984375	0.3	1.0	2	349731	n/a
170.775390625	0.3	0.0	1	349748	n/a
170.78369140625	0.3	1.0	2	349765	n/a
170.7919921875	0.3	0.0	1	349782	n/a
170.80029296875	0.3	1.0	2	349799	n/a
170.80859375	0.3	1.0	2	349816	n/a
170.8173828125	0.3	0.0	1	349834	n/a
170.82568359375	0.3	1.0	2	349851	n/a
170.833984375	0.3	0.0	1	349868	n/a
170.84228515625	0.3	1.0	2	349885	n/a
170.8505859375	0.3	0.0	1	349902	n/a
170.85888671875	0.3	0.0	1	349919	n/a
170.8671875	0.3	1.0	2	349936	n/a
170.87548828125	0.3	0.0	1	349953	n/a
170.8837890625	0.3	1.0	2	349970	n/a
170.89208984375	0.3	0.0	1	349987	n/a
170.900390625	0.3	1.0	2	350004	n/a
170.90869140625	0.3	1.0	2	350021	n/a
170.9169921875	0.3	0.0	1	350038	n/a
170.92529296875	0.3	1.0	2	350055	n/a
170.93359375	0.3	0.0	1	350072	n/a
170.9423828125	0.3	0.0	1	350090	n/a
170.95068359375	0.3	1.0	2	350107	n/a
170.958984375	0.3	1.0	2	350124	n/a
170.96728515625	0.3	0.0	1	350141	n/a
170.9755859375	0.3	0.0	1	350158	n/a
170.98388671875	0.3	1.0	2	350175	n/a
170.9921875	0.3	0.0	1	350192	n/a
171.00048828125	0.3	1.0	2	350209	n/a
171.0087890625	0.3	0.0	1	350226	n/a
171.01708984375	0.3	1.0	2	350243	n/a
171.025390625	0.3	1.0	2	350260	n/a
171.03369140625	0.3	0.0	1	350277	n/a
171.0419921875	0.3	1.0	2	350294	n/a
171.05029296875	0.3	0.0	1	350311	n/a
171.05859375	0.3	1.0	2	350328	n/a
171.0673828125	0.3	0.0	1	350346	n/a
171.07568359375	0.3	0.0	1	350363	n/a
171.083984375	0.3	1.0	2	350380	n/a
171.09228515625	0.3	0.0	1	350397	n/a
171.1005859375	0.3	1.0	2	350414	n/a
171.10888671875	0.3	0.0	1	350431	n/a
171.1171875	0.3	1.0	2	350448	n/a
171.12548828125	0.3	1.0	2	350465	n/a
171.1337890625	0.3	0.0	1	350482	n/a
171.14208984375	0.3	0.0	1	350499	n/a
171.150390625	0.3	1.0	2	350516	n/a
171.15869140625	0.3	0.0	1	350533	n/a
171.1669921875	0.3	1.0	2	350550	n/a
171.17529296875	0.3	0.0	1	350567	n/a
171.18359375	0.3	1.0	2	350584	n/a
171.1923828125	0.3	1.0	2	350602	n/a
171.20068359375	0.3	0.0	1	350619	n/a
171.208984375	0.3	1.0	2	350636	n/a
171.21728515625	0.3	0.0	1	350653	n/a
171.2255859375	0.3	0.0	1	350670	n/a
171.23388671875	0.3	1.0	2	350687	n/a
171.2421875	0.3	1.0	2	350704	n/a
171.25048828125	0.3	0.0	1	350721	n/a
171.2587890625	0.3	1.0	2	350738	n/a
171.26708984375	0.3	0.0	1	350755	n/a
171.275390625	0.3	1.0	2	350772	n/a
171.28369140625	0.3	0.0	1	350789	n/a
171.2919921875	0.3	0.0	1	350806	n/a
171.30029296875	0.3	1.0	2	350823	n/a
171.30859375	0.3	0.0	1	350840	n/a
171.3173828125	0.3	1.0	2	350858	n/a
171.32568359375	0.3	0.0	1	350875	n/a
171.333984375	0.3	1.0	2	350892	n/a
171.34228515625	0.3	0.0	1	350909	n/a
171.3505859375	0.3	1.0	2	350926	n/a
171.35888671875	0.3	0.0	1	350943	n/a
171.3671875	0.3	1.0	2	350960	n/a
171.37548828125	0.3	1.0	2	350977	n/a
171.3837890625	0.3	0.0	1	350994	n/a
171.39208984375	0.3	0.0	1	351011	n/a
171.400390625	0.3	1.0	2	351028	n/a
171.40869140625	0.3	1.0	2	351045	n/a
171.4169921875	0.3	0.0	1	351062	n/a
171.42529296875	0.3	0.0	1	351079	n/a
171.43359375	0.3	1.0	2	351096	n/a
171.4423828125	0.3	0.0	1	351114	n/a
171.45068359375	0.3	1.0	2	351131	n/a
171.458984375	0.3	1.0	2	351148	n/a
171.46728515625	0.3	0.0	1	351165	n/a
171.4755859375	0.3	0.0	1	351182	n/a
171.48388671875	0.3	1.0	2	351199	n/a
171.4921875	0.3	1.0	2	351216	n/a
171.50048828125	0.3	0.0	1	351233	n/a
171.5087890625	0.3	0.0	1	351250	n/a
171.51708984375	0.3	1.0	2	351267	n/a
171.525390625	0.3	0.0	1	351284	n/a
171.53369140625	0.3	1.0	2	351301	n/a
171.5419921875	0.3	1.0	2	351318	n/a
171.55029296875	0.3	0.0	1	351335	n/a
171.55859375	0.3	0.0	1	351352	n/a
171.5673828125	0.3	1.0	2	351370	n/a
171.57568359375	0.3	1.0	2	351387	n/a
171.583984375	0.3	0.0	1	351404	n/a
171.59228515625	0.3	0.0	1	351421	n/a
171.6005859375	0.3	1.0	2	351438	n/a
171.60888671875	0.3	1.0	2	351455	n/a
171.6171875	0.3	0.0	1	351472	n/a
171.62548828125	0.3	1.0	2	351489	n/a
171.6337890625	0.3	0.0	1	351506	n/a
171.64208984375	0.3	1.0	2	351523	n/a
171.650390625	0.3	0.0	1	351540	n/a
171.65869140625	0.3	0.0	1	351557	n/a
171.6669921875	0.3	1.0	2	351574	n/a
171.67529296875	0.3	1.0	2	351591	n/a
171.68359375	0.3	0.0	1	351608	n/a
171.6923828125	0.3	1.0	2	351626	n/a
171.70068359375	0.3	0.0	1	351643	n/a
171.708984375	0.3	1.0	2	351660	n/a
171.71728515625	0.3	0.0	1	351677	n/a
171.7255859375	0.3	1.0	2	351694	n/a
171.73388671875	0.3	0.0	1	351711	n/a
171.7421875	0.3	0.0	1	351728	n/a
171.75048828125	0.3	1.0	2	351745	n/a
171.7587890625	0.3	1.0	2	351762	n/a
171.76708984375	0.3	0.0	1	351779	n/a
171.775390625	0.3	1.0	2	351796	n/a
171.78369140625	0.3	0.0	1	351813	n/a
171.7919921875	0.3	1.0	2	351830	n/a
171.80029296875	0.3	0.0	1	351847	n/a
171.80859375	0.3	0.0	1	351864	n/a
171.8173828125	0.3	1.0	2	351882	n/a
171.82568359375	0.3	0.0	1	351899	n/a
171.833984375	0.3	1.0	2	351916	n/a
171.84228515625	0.3	0.0	1	351933	n/a
171.8505859375	0.3	1.0	2	351950	n/a
171.85888671875	0.3	1.0	2	351967	n/a
171.8671875	0.3	0.0	1	351984	n/a
171.87548828125	0.3	1.0	2	352001	n/a
171.8837890625	0.3	0.0	1	352018	n/a
171.89208984375	0.3	1.0	2	352035	n/a
171.900390625	0.3	0.0	1	352052	n/a
171.90869140625	0.3	0.0	1	352069	n/a
171.9169921875	0.3	1.0	2	352086	n/a
171.92529296875	0.3	0.0	1	352103	n/a
171.93359375	0.3	1.0	2	352120	n/a
171.9423828125	0.3	0.0	1	352138	n/a
171.95068359375	0.3	1.0	2	352155	n/a
171.958984375	0.3	1.0	2	352172	n/a
171.96728515625	0.3	0.0	1	352189	n/a
171.9755859375	0.3	1.0	2	352206	n/a
171.98388671875	0.3	0.0	1	352223	n/a
171.9921875	0.3	0.0	1	352240	n/a
172.00048828125	0.3	1.0	2	352257	n/a
172.0087890625	0.3	1.0	2	352274	n/a
172.01708984375	0.3	0.0	1	352291	n/a
172.025390625	0.3	0.0	1	352308	n/a
172.03369140625	0.3	1.0	2	352325	n/a
172.0419921875	0.3	0.0	1	352342	n/a
172.05029296875	0.3	1.0	2	352359	n/a
172.05859375	0.3	0.0	1	352376	n/a
172.0673828125	0.3	1.0	2	352394	n/a
172.07568359375	0.3	1.0	2	352411	n/a
172.083984375	0.3	0.0	1	352428	n/a
172.09228515625	0.3	1.0	2	352445	n/a
172.1005859375	0.3	0.0	1	352462	n/a
172.10888671875	0.3	1.0	2	352479	n/a
172.1171875	0.3	0.0	1	352496	n/a
172.12548828125	0.3	0.0	1	352513	n/a
172.1337890625	0.3	1.0	2	352530	n/a
172.14208984375	0.3	0.0	1	352547	n/a
172.150390625	0.3	1.0	2	352564	n/a
172.15869140625	0.3	0.0	1	352581	n/a
172.1669921875	0.3	1.0	2	352598	n/a
172.17529296875	0.3	1.0	2	352615	n/a
172.18359375	0.3	0.0	1	352632	n/a
172.1923828125	0.3	0.0	1	352650	n/a
172.20068359375	0.3	1.0	2	352667	n/a
172.208984375	0.3	0.0	1	352684	n/a
172.21728515625	0.3	1.0	2	352701	n/a
172.2255859375	0.3	0.0	1	352718	n/a
172.23388671875	0.3	1.0	2	352735	n/a
172.2421875	0.3	1.0	2	352752	n/a
172.25048828125	0.3	0.0	1	352769	n/a
172.2587890625	0.3	1.0	2	352786	n/a
172.26708984375	0.3	0.0	1	352803	n/a
172.275390625	0.3	0.0	1	352820	n/a
172.28369140625	0.3	1.0	2	352837	n/a
172.2919921875	0.3	1.0	2	352854	n/a
172.30029296875	0.3	0.0	1	352871	n/a
172.30859375	0.3	1.0	2	352888	n/a
172.3173828125	0.3	0.0	1	352906	n/a
172.32568359375	0.3	1.0	2	352923	n/a
172.333984375	0.3	0.0	1	352940	n/a
172.34228515625	0.3	0.0	1	352957	n/a
172.3505859375	0.3	1.0	2	352974	n/a
172.35888671875	0.3	0.0	1	352991	n/a
172.3671875	0.3	1.0	2	353008	n/a
172.37548828125	0.3	0.0	1	353025	n/a
172.3837890625	0.3	1.0	2	353042	n/a
172.39208984375	0.3	0.0	1	353059	n/a
172.400390625	0.3	1.0	2	353076	n/a
172.40869140625	0.3	0.0	1	353093	n/a
172.4169921875	0.3	1.0	2	353110	n/a
172.42529296875	0.3	1.0	2	353127	n/a
172.43359375	0.3	0.0	1	353144	n/a
172.4423828125	0.3	0.0	1	353162	n/a
172.45068359375	0.3	1.0	2	353179	n/a
172.458984375	0.3	1.0	2	353196	n/a
172.46728515625	0.3	0.0	1	353213	n/a
172.4755859375	0.3	0.0	1	353230	n/a
172.48388671875	0.3	1.0	2	353247	n/a
172.4921875	0.3	0.0	1	353264	n/a
172.50048828125	0.3	1.0	2	353281	n/a
172.5087890625	0.3	1.0	2	353298	n/a
172.51708984375	0.3	0.0	1	353315	n/a
172.525390625	0.3	0.0	1	353332	n/a
172.53369140625	0.3	1.0	2	353349	n/a
172.5419921875	0.3	1.0	2	353366	n/a
172.55029296875	0.3	0.0	1	353383	n/a
172.55859375	0.3	0.0	1	353400	n/a
172.5673828125	0.3	1.0	2	353418	n/a
172.57568359375	0.3	0.0	1	353435	n/a
172.583984375	0.3	1.0	2	353452	n/a
172.59228515625	0.3	1.0	2	353469	n/a
172.6005859375	0.3	0.0	1	353486	n/a
172.60888671875	0.3	0.0	1	353503	n/a
172.6171875	0.3	1.0	2	353520	n/a
172.62548828125	0.3	1.0	2	353537	n/a
172.6337890625	0.3	0.0	1	353554	n/a
172.64208984375	0.3	0.0	1	353571	n/a
172.650390625	0.3	1.0	2	353588	n/a
172.65869140625	0.3	1.0	2	353605	n/a
172.6669921875	0.3	0.0	1	353622	n/a
172.67529296875	0.3	1.0	2	353639	n/a
172.68359375	0.3	0.0	1	353656	n/a
172.6923828125	0.3	1.0	2	353674	n/a
172.70068359375	0.3	0.0	1	353691	n/a
172.708984375	0.3	0.0	1	353708	n/a
172.71728515625	0.3	1.0	2	353725	n/a
172.7255859375	0.3	1.0	2	353742	n/a
172.73388671875	0.3	0.0	1	353759	n/a
172.7421875	0.3	1.0	2	353776	n/a
172.75048828125	0.3	0.0	1	353793	n/a
172.7587890625	0.3	1.0	2	353810	n/a
172.76708984375	0.3	0.0	1	353827	n/a
172.775390625	0.3	1.0	2	353844	n/a
172.78369140625	0.3	0.0	1	353861	n/a
172.7919921875	0.3	0.0	1	353878	n/a
172.80029296875	0.3	1.0	2	353895	n/a
172.80859375	0.3	1.0	2	353912	n/a
172.8173828125	0.3	0.0	1	353930	n/a
172.82568359375	0.3	1.0	2	353947	n/a
172.833984375	0.3	0.0	1	353964	n/a
172.84228515625	0.3	1.0	2	353981	n/a
172.8505859375	0.3	0.0	1	353998	n/a
172.85888671875	0.3	0.0	1	354015	n/a
172.8671875	0.3	1.0	2	354032	n/a
172.87548828125	0.3	0.0	1	354049	n/a
172.8837890625	0.3	1.0	2	354066	n/a
172.89208984375	0.3	0.0	1	354083	n/a
172.900390625	0.3	1.0	2	354100	n/a
172.90869140625	0.3	1.0	2	354117	n/a
172.9169921875	0.3	0.0	1	354134	n/a
172.92529296875	0.3	1.0	2	354151	n/a
172.93359375	0.3	0.0	1	354168	n/a
172.9423828125	0.3	1.0	2	354186	n/a
172.95068359375	0.3	0.0	1	354203	n/a
172.958984375	0.3	0.0	1	354220	n/a
172.96728515625	0.3	1.0	2	354237	n/a
172.9755859375	0.3	0.0	1	354254	n/a
172.98388671875	0.3	1.0	2	354271	n/a
172.9921875	0.3	0.0	1	354288	n/a
173.00048828125	0.3	1.0	2	354305	n/a
173.0087890625	0.3	1.0	2	354322	n/a
173.01708984375	0.3	0.0	1	354339	n/a
173.025390625	0.3	1.0	2	354356	n/a
173.03369140625	0.3	0.0	1	354373	n/a
173.0419921875	0.3	0.0	1	354390	n/a
173.05029296875	0.3	1.0	2	354407	n/a
173.05859375	0.3	1.0	2	354424	n/a
173.0673828125	0.3	0.0	1	354442	n/a
173.07568359375	0.3	0.0	1	354459	n/a
173.083984375	0.3	1.0	2	354476	n/a
173.09228515625	0.3	0.0	1	354493	n/a
173.1005859375	0.3	1.0	2	354510	n/a
173.10888671875	0.3	0.0	1	354527	n/a
173.1171875	0.3	1.0	2	354544	n/a
173.12548828125	0.3	1.0	2	354561	n/a
173.1337890625	0.3	0.0	1	354578	n/a
173.14208984375	0.3	1.0	2	354595	n/a
173.150390625	0.3	0.0	1	354612	n/a
173.15869140625	0.3	1.0	2	354629	n/a
173.1669921875	0.3	0.0	1	354646	n/a
173.17529296875	0.3	0.0	1	354663	n/a
173.18359375	0.3	1.0	2	354680	n/a
173.1923828125	0.3	0.0	1	354698	n/a
173.20068359375	0.3	1.0	2	354715	n/a
173.208984375	0.3	0.0	1	354732	n/a
173.21728515625	0.3	1.0	2	354749	n/a
173.2255859375	0.3	1.0	2	354766	n/a
173.23388671875	0.3	0.0	1	354783	n/a
173.2421875	0.3	0.0	1	354800	n/a
173.25048828125	0.3	1.0	2	354817	n/a
173.2587890625	0.3	0.0	1	354834	n/a
173.26708984375	0.3	1.0	2	354851	n/a
173.275390625	0.3	0.0	1	354868	n/a
173.28369140625	0.3	1.0	2	354885	n/a
173.2919921875	0.3	1.0	2	354902	n/a
173.30029296875	0.3	0.0	1	354919	n/a
173.30859375	0.3	1.0	2	354936	n/a
173.3173828125	0.3	0.0	1	354954	n/a
173.32568359375	0.3	0.0	1	354971	n/a
173.333984375	0.3	1.0	2	354988	n/a
173.34228515625	0.3	1.0	2	355005	n/a
173.3505859375	0.3	0.0	1	355022	n/a
173.35888671875	0.3	1.0	2	355039	n/a
173.3671875	0.3	0.0	1	355056	n/a
173.37548828125	0.3	1.0	2	355073	n/a
173.3837890625	0.3	0.0	1	355090	n/a
173.39208984375	0.3	0.0	1	355107	n/a
173.400390625	0.3	1.0	2	355124	n/a
173.40869140625	0.3	0.0	1	355141	n/a
173.4169921875	0.3	1.0	2	355158	n/a
173.42529296875	0.3	0.0	1	355175	n/a
173.43359375	0.3	1.0	2	355192	n/a
173.4423828125	0.3	0.0	1	355210	n/a
173.45068359375	0.3	1.0	2	355227	n/a
173.458984375	0.3	0.0	1	355244	n/a
173.46728515625	0.3	1.0	2	355261	n/a
173.4755859375	0.3	1.0	2	355278	n/a
173.48388671875	0.3	0.0	1	355295	n/a
173.4921875	0.3	0.0	1	355312	n/a
173.50048828125	0.3	1.0	2	355329	n/a
173.5087890625	0.3	1.0	2	355346	n/a
173.51708984375	0.3	0.0	1	355363	n/a
173.525390625	0.3	0.0	1	355380	n/a
173.53369140625	0.3	1.0	2	355397	n/a
173.5419921875	0.3	0.0	1	355414	n/a
173.55029296875	0.3	1.0	2	355431	n/a
173.55859375	0.3	1.0	2	355448	n/a
173.5673828125	0.3	0.0	1	355466	n/a
175.94287109375	0.3	0.0	1	360331	16.0
175.951171875	0.3	1.0	2	360348	n/a
175.95947265625	0.3	0.0	1	360365	n/a
175.9677734375	0.3	1.0	2	360382	n/a
175.97607421875	0.3	0.0	1	360399	n/a
175.984375	0.3	1.0	2	360416	n/a
175.99267578125	0.3	0.0	1	360433	n/a
176.0009765625	0.3	1.0	2	360450	n/a
176.009765625	0.3	1.0	2	360468	n/a
176.01806640625	0.3	0.0	1	360485	n/a
176.0263671875	0.3	0.0	1	360502	n/a
176.03466796875	0.3	1.0	2	360519	n/a
176.04296875	0.3	0.0	1	360536	n/a
176.05126953125	0.3	1.0	2	360553	n/a
176.0595703125	0.3	1.0	2	360570	n/a
176.06787109375	0.3	0.0	1	360587	n/a
176.076171875	0.3	0.0	1	360604	n/a
176.08447265625	0.3	1.0	2	360621	n/a
176.0927734375	0.3	1.0	2	360638	n/a
176.10107421875	0.3	0.0	1	360655	n/a
176.109375	0.3	1.0	2	360672	n/a
176.11767578125	0.3	0.0	1	360689	n/a
176.1259765625	0.3	0.0	1	360706	n/a
176.134765625	0.3	1.0	2	360724	n/a
176.14306640625	0.3	1.0	2	360741	n/a
176.1513671875	0.3	0.0	1	360758	n/a
176.15966796875	0.3	1.0	2	360775	n/a
176.16796875	0.3	0.0	1	360792	n/a
176.17626953125	0.3	0.0	1	360809	n/a
176.1845703125	0.3	1.0	2	360826	n/a
176.19287109375	0.3	1.0	2	360843	n/a
176.201171875	0.3	0.0	1	360860	n/a
176.20947265625	0.3	1.0	2	360877	n/a
176.2177734375	0.3	0.0	1	360894	n/a
176.22607421875	0.3	0.0	1	360911	n/a
176.234375	0.3	1.0	2	360928	n/a
176.24267578125	0.3	0.0	1	360945	n/a
176.2509765625	0.3	1.0	2	360962	n/a
176.259765625	0.3	0.0	1	360980	n/a
176.26806640625	0.3	1.0	2	360997	n/a
176.2763671875	0.3	1.0	2	361014	n/a
176.28466796875	0.3	0.0	1	361031	n/a
176.29296875	0.3	1.0	2	361048	n/a
176.30126953125	0.3	0.0	1	361065	n/a
176.3095703125	0.3	0.0	1	361082	n/a
176.31787109375	0.3	1.0	2	361099	n/a
176.326171875	0.3	1.0	2	361116	n/a
176.33447265625	0.3	0.0	1	361133	n/a
176.3427734375	0.3	0.0	1	361150	n/a
176.35107421875	0.3	1.0	2	361167	n/a
176.359375	0.3	1.0	2	361184	n/a
176.36767578125	0.3	0.0	1	361201	n/a
176.3759765625	0.3	1.0	2	361218	n/a
176.384765625	0.3	0.0	1	361236	n/a
176.39306640625	0.3	0.0	1	361253	n/a
176.4013671875	0.3	1.0	2	361270	n/a
176.40966796875	0.3	1.0	2	361287	n/a
176.41796875	0.3	0.0	1	361304	n/a
176.42626953125	0.3	1.0	2	361321	n/a
176.4345703125	0.3	0.0	1	361338	n/a
176.44287109375	0.3	1.0	2	361355	n/a
176.451171875	0.3	0.0	1	361372	n/a
176.45947265625	0.3	0.0	1	361389	n/a
176.4677734375	0.3	1.0	2	361406	n/a
176.47607421875	0.3	0.0	1	361423	n/a
176.484375	0.3	1.0	2	361440	n/a
176.49267578125	0.3	1.0	2	361457	n/a
176.5009765625	0.3	0.0	1	361474	n/a
176.509765625	0.3	0.0	1	361492	n/a
176.51806640625	0.3	1.0	2	361509	n/a
176.5263671875	0.3	0.0	1	361526	n/a
176.53466796875	0.3	1.0	2	361543	n/a
176.54296875	0.3	0.0	1	361560	n/a
176.55126953125	0.3	1.0	2	361577	n/a
176.5595703125	0.3	0.0	1	361594	n/a
176.56787109375	0.3	1.0	2	361611	n/a
176.576171875	0.3	0.0	1	361628	n/a
176.58447265625	0.3	1.0	2	361645	n/a
176.5927734375	0.3	1.0	2	361662	n/a
176.60107421875	0.3	0.0	1	361679	n/a
176.609375	0.3	0.0	1	361696	n/a
176.61767578125	0.3	1.0	2	361713	n/a
176.6259765625	0.3	1.0	2	361730	n/a
176.634765625	0.3	0.0	1	361748	n/a
176.64306640625	0.3	0.0	1	361765	n/a
176.6513671875	0.3	1.0	2	361782	n/a
176.65966796875	0.3	1.0	2	361799	n/a
176.66796875	0.3	0.0	1	361816	n/a
176.67626953125	0.3	0.0	1	361833	n/a
176.6845703125	0.3	1.0	2	361850	n/a
176.69287109375	0.3	1.0	2	361867	n/a
176.701171875	0.3	0.0	1	361884	n/a
176.70947265625	0.3	1.0	2	361901	n/a
176.7177734375	0.3	0.0	1	361918	n/a
176.72607421875	0.3	0.0	1	361935	n/a
176.734375	0.3	1.0	2	361952	n/a
176.74267578125	0.3	1.0	2	361969	n/a
176.7509765625	0.3	0.0	1	361986	n/a
176.759765625	0.3	1.0	2	362004	n/a
176.76806640625	0.3	0.0	1	362021	n/a
176.7763671875	0.3	0.0	1	362038	n/a
176.78466796875	0.3	1.0	2	362055	n/a
176.79296875	0.3	1.0	2	362072	n/a
176.80126953125	0.3	0.0	1	362089	n/a
176.8095703125	0.3	0.0	1	362106	n/a
176.81787109375	0.3	1.0	2	362123	n/a
176.826171875	0.3	1.0	2	362140	n/a
176.83447265625	0.3	0.0	1	362157	n/a
176.8427734375	0.3	1.0	2	362174	n/a
176.85107421875	0.3	0.0	1	362191	n/a
176.859375	0.3	0.0	1	362208	n/a
176.86767578125	0.3	1.0	2	362225	n/a
176.8759765625	0.3	1.0	2	362242	n/a
176.884765625	0.3	0.0	1	362260	n/a
176.89306640625	0.3	0.0	1	362277	n/a
176.9013671875	0.3	1.0	2	362294	n/a
176.90966796875	0.3	0.0	1	362311	n/a
176.91796875	0.3	1.0	2	362328	n/a
176.92626953125	0.3	1.0	2	362345	n/a
176.9345703125	0.3	0.0	1	362362	n/a
176.94287109375	0.3	0.0	1	362379	n/a
176.951171875	0.3	1.0	2	362396	n/a
176.95947265625	0.3	1.0	2	362413	n/a
176.9677734375	0.3	0.0	1	362430	n/a
176.97607421875	0.3	1.0	2	362447	n/a
176.984375	0.3	0.0	1	362464	n/a
176.99267578125	0.3	0.0	1	362481	n/a
177.0009765625	0.3	1.0	2	362498	n/a
177.009765625	0.3	0.0	1	362516	n/a
177.01806640625	0.3	1.0	2	362533	n/a
177.0263671875	0.3	0.0	1	362550	n/a
177.03466796875	0.3	1.0	2	362567	n/a
177.04296875	0.3	0.0	1	362584	n/a
177.05126953125	0.3	1.0	2	362601	n/a
177.0595703125	0.3	1.0	2	362618	n/a
177.06787109375	0.3	0.0	1	362635	n/a
177.076171875	0.3	0.0	1	362652	n/a
177.08447265625	0.3	1.0	2	362669	n/a
177.0927734375	0.3	0.0	1	362686	n/a
177.10107421875	0.3	1.0	2	362703	n/a
177.109375	0.3	1.0	2	362720	n/a
177.11767578125	0.3	0.0	1	362737	n/a
177.1259765625	0.3	0.0	1	362754	n/a
177.134765625	0.3	1.0	2	362772	n/a
177.14306640625	0.3	1.0	2	362789	n/a
177.1513671875	0.3	0.0	1	362806	n/a
177.15966796875	0.3	1.0	2	362823	n/a
177.16796875	0.3	0.0	1	362840	n/a
177.17626953125	0.3	0.0	1	362857	n/a
177.1845703125	0.3	1.0	2	362874	n/a
177.19287109375	0.3	1.0	2	362891	n/a
177.201171875	0.3	0.0	1	362908	n/a
177.20947265625	0.3	1.0	2	362925	n/a
177.2177734375	0.3	0.0	1	362942	n/a
177.22607421875	0.3	0.0	1	362959	n/a
177.234375	0.3	1.0	2	362976	n/a
177.24267578125	0.3	1.0	2	362993	n/a
177.2509765625	0.3	0.0	1	363010	n/a
177.259765625	0.3	1.0	2	363028	n/a
177.26806640625	0.3	0.0	1	363045	n/a
177.2763671875	0.3	0.0	1	363062	n/a
177.28466796875	0.3	1.0	2	363079	n/a
177.29296875	0.3	0.0	1	363096	n/a
177.30126953125	0.3	1.0	2	363113	n/a
177.3095703125	0.3	0.0	1	363130	n/a
177.31787109375	0.3	1.0	2	363147	n/a
177.326171875	0.3	1.0	2	363164	n/a
177.33447265625	0.3	0.0	1	363181	n/a
177.3427734375	0.3	1.0	2	363198	n/a
177.35107421875	0.3	0.0	1	363215	n/a
177.359375	0.3	0.0	1	363232	n/a
177.36767578125	0.3	1.0	2	363249	n/a
177.3759765625	0.3	1.0	2	363266	n/a
177.384765625	0.3	0.0	1	363284	n/a
177.39306640625	0.3	0.0	1	363301	n/a
177.4013671875	0.3	1.0	2	363318	n/a
177.40966796875	0.3	1.0	2	363335	n/a
177.41796875	0.3	0.0	1	363352	n/a
177.42626953125	0.3	1.0	2	363369	n/a
177.4345703125	0.3	0.0	1	363386	n/a
177.44287109375	0.3	0.0	1	363403	n/a
177.451171875	0.3	1.0	2	363420	n/a
177.45947265625	0.3	1.0	2	363437	n/a
177.4677734375	0.3	0.0	1	363454	n/a
177.47607421875	0.3	1.0	2	363471	n/a
177.484375	0.3	0.0	1	363488	n/a
177.49267578125	0.3	1.0	2	363505	n/a
177.5009765625	0.3	0.0	1	363522	n/a
177.509765625	0.3	0.0	1	363540	n/a
177.51806640625	0.3	1.0	2	363557	n/a
177.5263671875	0.3	0.0	1	363574	n/a
177.53466796875	0.3	1.0	2	363591	n/a
177.54296875	0.3	1.0	2	363608	n/a
177.55126953125	0.3	0.0	1	363625	n/a
177.5595703125	0.3	0.0	1	363642	n/a
177.56787109375	0.3	1.0	2	363659	n/a
177.576171875	0.3	0.0	1	363676	n/a
177.58447265625	0.3	1.0	2	363693	n/a
177.5927734375	0.3	0.0	1	363710	n/a
177.60107421875	0.3	1.0	2	363727	n/a
177.609375	0.3	0.0	1	363744	n/a
177.61767578125	0.3	1.0	2	363761	n/a
177.6259765625	0.3	0.0	1	363778	n/a
177.634765625	0.3	1.0	2	363796	n/a
177.64306640625	0.3	1.0	2	363813	n/a
177.6513671875	0.3	0.0	1	363830	n/a
177.65966796875	0.3	0.0	1	363847	n/a
177.66796875	0.3	1.0	2	363864	n/a
177.67626953125	0.3	1.0	2	363881	n/a
177.6845703125	0.3	0.0	1	363898	n/a
177.69287109375	0.3	0.0	1	363915	n/a
177.701171875	0.3	1.0	2	363932	n/a
177.70947265625	0.3	1.0	2	363949	n/a
177.7177734375	0.3	0.0	1	363966	n/a
177.72607421875	0.3	0.0	1	363983	n/a
177.734375	0.3	1.0	2	364000	n/a
177.74267578125	0.3	1.0	2	364017	n/a
177.7509765625	0.3	0.0	1	364034	n/a
177.759765625	0.3	1.0	2	364052	n/a
177.76806640625	0.3	0.0	1	364069	n/a
177.7763671875	0.3	0.0	1	364086	n/a
177.78466796875	0.3	1.0	2	364103	n/a
177.79296875	0.3	1.0	2	364120	n/a
177.80126953125	0.3	0.0	1	364137	n/a
177.8095703125	0.3	1.0	2	364154	n/a
177.81787109375	0.3	0.0	1	364171	n/a
177.826171875	0.3	0.0	1	364188	n/a
177.83447265625	0.3	1.0	2	364205	n/a
177.8427734375	0.3	1.0	2	364222	n/a
177.85107421875	0.3	0.0	1	364239	n/a
177.859375	0.3	0.0	1	364256	n/a
177.86767578125	0.3	1.0	2	364273	n/a
177.8759765625	0.3	1.0	2	364290	n/a
177.884765625	0.3	0.0	1	364308	n/a
177.89306640625	0.3	1.0	2	364325	n/a
177.9013671875	0.3	0.0	1	364342	n/a
177.90966796875	0.3	0.0	1	364359	n/a
177.91796875	0.3	1.0	2	364376	n/a
177.92626953125	0.3	1.0	2	364393	n/a
177.9345703125	0.3	0.0	1	364410	n/a
177.94287109375	0.3	0.0	1	364427	n/a
177.951171875	0.3	1.0	2	364444	n/a
177.95947265625	0.3	0.0	1	364461	n/a
177.9677734375	0.3	1.0	2	364478	n/a
177.97607421875	0.3	1.0	2	364495	n/a
177.984375	0.3	0.0	1	364512	n/a
177.99267578125	0.3	0.0	1	364529	n/a
178.0009765625	0.3	1.0	2	364546	n/a
178.009765625	0.3	1.0	2	364564	n/a
178.01806640625	0.3	0.0	1	364581	n/a
178.0263671875	0.3	1.0	2	364598	n/a
178.03466796875	0.3	0.0	1	364615	n/a
178.04296875	0.3	0.0	1	364632	n/a
178.05126953125	0.3	1.0	2	364649	n/a
178.0595703125	0.3	0.0	1	364666	n/a
178.06787109375	0.3	1.0	2	364683	n/a
178.076171875	0.3	0.0	1	364700	n/a
178.08447265625	0.3	1.0	2	364717	n/a
178.0927734375	0.3	0.0	1	364734	n/a
178.10107421875	0.3	1.0	2	364751	n/a
178.109375	0.3	1.0	2	364768	n/a
178.11767578125	0.3	0.0	1	364785	n/a
178.1259765625	0.3	0.0	1	364802	n/a
178.134765625	0.3	1.0	2	364820	n/a
178.14306640625	0.3	0.0	1	364837	n/a
178.1513671875	0.3	1.0	2	364854	n/a
178.15966796875	0.3	1.0	2	364871	n/a
178.16796875	0.3	0.0	1	364888	n/a
178.17626953125	0.3	0.0	1	364905	n/a
178.1845703125	0.3	1.0	2	364922	n/a
178.19287109375	0.3	1.0	2	364939	n/a
178.201171875	0.3	0.0	1	364956	n/a
178.20947265625	0.3	1.0	2	364973	n/a
178.2177734375	0.3	0.0	1	364990	n/a
178.22607421875	0.3	0.0	1	365007	n/a
178.234375	0.3	1.0	2	365024	n/a
178.24267578125	0.3	1.0	2	365041	n/a
178.2509765625	0.3	0.0	1	365058	n/a
178.259765625	0.3	1.0	2	365076	n/a
178.26806640625	0.3	0.0	1	365093	n/a
178.2763671875	0.3	0.0	1	365110	n/a
178.28466796875	0.3	1.0	2	365127	n/a
178.29296875	0.3	1.0	2	365144	n/a
178.30126953125	0.3	0.0	1	365161	n/a
178.3095703125	0.3	1.0	2	365178	n/a
178.31787109375	0.3	0.0	1	365195	n/a
178.326171875	0.3	0.0	1	365212	n/a
178.33447265625	0.3	1.0	2	365229	n/a
178.3427734375	0.3	0.0	1	365246	n/a
178.35107421875	0.3	1.0	2	365263	n/a
178.359375	0.3	0.0	1	365280	n/a
178.36767578125	0.3	1.0	2	365297	n/a
178.3759765625	0.3	1.0	2	365314	n/a
178.384765625	0.3	0.0	1	365332	n/a
178.39306640625	0.3	1.0	2	365349	n/a
178.4013671875	0.3	0.0	1	365366	n/a
178.40966796875	0.3	0.0	1	365383	n/a
178.41796875	0.3	1.0	2	365400	n/a
178.42626953125	0.3	1.0	2	365417	n/a
178.4345703125	0.3	0.0	1	365434	n/a
178.44287109375	0.3	0.0	1	365451	n/a
178.451171875	0.3	1.0	2	365468	n/a
178.45947265625	0.3	1.0	2	365485	n/a
178.4677734375	0.3	0.0	1	365502	n/a
178.47607421875	0.3	1.0	2	365519	n/a
178.484375	0.3	0.0	1	365536	n/a
178.49267578125	0.3	0.0	1	365553	n/a
178.5009765625	0.3	1.0	2	365570	n/a
178.509765625	0.3	1.0	2	365588	n/a
178.51806640625	0.3	0.0	1	365605	n/a
178.5263671875	0.3	1.0	2	365622	n/a
178.53466796875	0.3	0.0	1	365639	n/a
178.54296875	0.3	1.0	2	365656	n/a
178.55126953125	0.3	0.0	1	365673	n/a
178.5595703125	0.3	0.0	1	365690	n/a
178.56787109375	0.3	1.0	2	365707	n/a
178.576171875	0.3	0.0	1	365724	n/a
178.58447265625	0.3	1.0	2	365741	n/a
178.5927734375	0.3	1.0	2	365758	n/a
178.60107421875	0.3	0.0	1	365775	n/a
178.609375	0.3	0.0	1	365792	n/a
178.61767578125	0.3	1.0	2	365809	n/a
178.6259765625	0.3	0.0	1	365826	n/a
178.634765625	0.3	1.0	2	365844	n/a
178.64306640625	0.3	0.0	1	365861	n/a
178.6513671875	0.3	1.0	2	365878	n/a
178.65966796875	0.3	0.0	1	365895	n/a
178.66796875	0.3	1.0	2	365912	n/a
178.67626953125	0.3	0.0	1	365929	n/a
178.6845703125	0.3	1.0	2	365946	n/a
178.69287109375	0.3	1.0	2	365963	n/a
178.701171875	0.3	0.0	1	365980	n/a
178.70947265625	0.3	0.0	1	365997	n/a
178.7177734375	0.3	1.0	2	366014	n/a
178.72607421875	0.3	1.0	2	366031	n/a
178.734375	0.3	0.0	1	366048	n/a
178.74267578125	0.3	0.0	1	366065	n/a
178.7509765625	0.3	1.0	2	366082	n/a
178.759765625	0.3	1.0	2	366100	n/a
178.76806640625	0.3	0.0	1	366117	n/a
178.7763671875	0.3	0.0	1	366134	n/a
178.78466796875	0.3	1.0	2	366151	n/a
178.79296875	0.3	1.0	2	366168	n/a
178.80126953125	0.3	0.0	1	366185	n/a
178.8095703125	0.3	1.0	2	366202	n/a
178.81787109375	0.3	0.0	1	366219	n/a
178.826171875	0.3	0.0	1	366236	n/a
178.83447265625	0.3	1.0	2	366253	n/a
178.8427734375	0.3	1.0	2	366270	n/a
178.85107421875	0.3	0.0	1	366287	n/a
178.859375	0.3	1.0	2	366304	n/a
178.86767578125	0.3	0.0	1	366321	n/a
178.8759765625	0.3	0.0	1	366338	n/a
178.884765625	0.3	1.0	2	366356	n/a
178.89306640625	0.3	1.0	2	366373	n/a
178.9013671875	0.3	0.0	1	366390	n/a
178.90966796875	0.3	0.0	1	366407	n/a
178.91796875	0.3	1.0	2	366424	n/a
178.92626953125	0.3	1.0	2	366441	n/a
178.9345703125	0.3	0.0	1	366458	n/a
178.94287109375	0.3	1.0	2	366475	n/a
178.951171875	0.3	0.0	1	366492	n/a
178.95947265625	0.3	0.0	1	366509	n/a
178.9677734375	0.3	1.0	2	366526	n/a
178.97607421875	0.3	1.0	2	366543	n/a
178.984375	0.3	0.0	1	366560	n/a
178.99267578125	0.3	0.0	1	366577	n/a
179.0009765625	0.3	1.0	2	366594	n/a
179.009765625	0.3	0.0	1	366612	n/a
179.01806640625	0.3	1.0	2	366629	n/a
179.0263671875	0.3	1.0	2	366646	n/a
179.03466796875	0.3	0.0	1	366663	n/a
179.04296875	0.3	0.0	1	366680	n/a
179.05126953125	0.3	1.0	2	366697	n/a
179.0595703125	0.3	1.0	2	366714	n/a
179.06787109375	0.3	0.0	1	366731	n/a
179.076171875	0.3	1.0	2	366748	n/a
179.08447265625	0.3	0.0	1	366765	n/a
179.0927734375	0.3	0.0	1	366782	n/a
179.10107421875	0.3	1.0	2	366799	n/a
179.109375	0.3	0.0	1	366816	n/a
179.11767578125	0.3	1.0	2	366833	n/a
179.1259765625	0.3	0.0	1	366850	n/a
179.134765625	0.3	1.0	2	366868	n/a
179.14306640625	0.3	0.0	1	366885	n/a
179.1513671875	0.3	1.0	2	366902	n/a
179.15966796875	0.3	1.0	2	366919	n/a
179.16796875	0.3	0.0	1	366936	n/a
179.17626953125	0.3	0.0	1	366953	n/a
179.1845703125	0.3	1.0	2	366970	n/a
179.19287109375	0.3	0.0	1	366987	n/a
179.201171875	0.3	1.0	2	367004	n/a
179.20947265625	0.3	1.0	2	367021	n/a
179.2177734375	0.3	0.0	1	367038	n/a
179.22607421875	0.3	0.0	1	367055	n/a
179.234375	0.3	1.0	2	367072	n/a
179.24267578125	0.3	1.0	2	367089	n/a
179.2509765625	0.3	0.0	1	367106	n/a
179.259765625	0.3	1.0	2	367124	n/a
179.26806640625	0.3	0.0	1	367141	n/a
179.2763671875	0.3	0.0	1	367158	n/a
179.28466796875	0.3	1.0	2	367175	n/a
179.29296875	0.3	1.0	2	367192	n/a
179.30126953125	0.3	0.0	1	367209	n/a
179.3095703125	0.3	1.0	2	367226	n/a
179.31787109375	0.3	0.0	1	367243	n/a
179.326171875	0.3	0.0	1	367260	n/a
179.33447265625	0.3	1.0	2	367277	n/a
179.3427734375	0.3	1.0	2	367294	n/a
179.35107421875	0.3	0.0	1	367311	n/a
179.359375	0.3	1.0	2	367328	n/a
179.36767578125	0.3	0.0	1	367345	n/a
179.3759765625	0.3	0.0	1	367362	n/a
179.384765625	0.3	1.0	2	367380	n/a
179.39306640625	0.3	0.0	1	367397	n/a
179.4013671875	0.3	1.0	2	367414	n/a
179.40966796875	0.3	0.0	1	367431	n/a
179.41796875	0.3	1.0	2	367448	n/a
179.42626953125	0.3	1.0	2	367465	n/a
179.4345703125	0.3	0.0	1	367482	n/a
179.44287109375	0.3	1.0	2	367499	n/a
179.451171875	0.3	0.0	1	367516	n/a
179.45947265625	0.3	0.0	1	367533	n/a
179.4677734375	0.3	1.0	2	367550	n/a
179.47607421875	0.3	1.0	2	367567	n/a
179.484375	0.3	0.0	1	367584	n/a
179.49267578125	0.3	0.0	1	367601	n/a
179.5009765625	0.3	1.0	2	367618	n/a
179.509765625	0.3	1.0	2	367636	n/a
179.51806640625	0.3	0.0	1	367653	n/a
179.5263671875	0.3	1.0	2	367670	n/a
179.53466796875	0.3	0.0	1	367687	n/a
179.54296875	0.3	0.0	1	367704	n/a
179.55126953125	0.3	1.0	2	367721	n/a
179.5595703125	0.3	1.0	2	367738	n/a
179.56787109375	0.3	0.0	1	367755	n/a
179.576171875	0.3	1.0	2	367772	n/a
179.58447265625	0.3	0.0	1	367789	n/a
179.5927734375	0.3	1.0	2	367806	n/a
179.60107421875	0.3	0.0	1	367823	n/a
179.609375	0.3	0.0	1	367840	n/a
179.61767578125	0.3	1.0	2	367857	n/a
179.6259765625	0.3	0.0	1	367874	n/a
179.634765625	0.3	1.0	2	367892	n/a
179.64306640625	0.3	1.0	2	367909	n/a
179.6513671875	0.3	0.0	1	367926	n/a
179.65966796875	0.3	0.0	1	367943	n/a
179.66796875	0.3	1.0	2	367960	n/a
179.67626953125	0.3	0.0	1	367977	n/a
179.6845703125	0.3	1.0	2	367994	n/a
179.69287109375	0.3	0.0	1	368011	n/a
179.701171875	0.3	1.0	2	368028	n/a
179.70947265625	0.3	0.0	1	368045	n/a
179.7177734375	0.3	1.0	2	368062	n/a
179.72607421875	0.3	0.0	1	368079	n/a
179.734375	0.3	1.0	2	368096	n/a
179.74267578125	0.3	1.0	2	368113	n/a
179.7509765625	0.3	0.0	1	368130	n/a
179.759765625	0.3	0.0	1	368148	n/a
179.76806640625	0.3	1.0	2	368165	n/a
179.7763671875	0.3	1.0	2	368182	n/a
179.78466796875	0.3	0.0	1	368199	n/a
179.79296875	0.3	0.0	1	368216	n/a
179.80126953125	0.3	1.0	2	368233	n/a
179.8095703125	0.3	1.0	2	368250	n/a
179.81787109375	0.3	0.0	1	368267	n/a
179.826171875	0.3	0.0	1	368284	n/a
179.83447265625	0.3	1.0	2	368301	n/a
179.8427734375	0.3	1.0	2	368318	n/a
179.85107421875	0.3	0.0	1	368335	n/a
179.859375	0.3	1.0	2	368352	n/a
179.86767578125	0.3	0.0	1	368369	n/a
179.8759765625	0.3	0.0	1	368386	n/a
179.884765625	0.3	1.0	2	368404	n/a
179.89306640625	0.3	1.0	2	368421	n/a
179.9013671875	0.3	0.0	1	368438	n/a
179.90966796875	0.3	1.0	2	368455	n/a
179.91796875	0.3	0.0	1	368472	n/a
179.92626953125	0.3	0.0	1	368489	n/a
179.9345703125	0.3	1.0	2	368506	n/a
179.94287109375	0.3	1.0	2	368523	n/a
179.951171875	0.3	0.0	1	368540	n/a
179.95947265625	0.3	0.0	1	368557	n/a
179.9677734375	0.3	1.0	2	368574	n/a
179.97607421875	0.3	1.0	2	368591	n/a
179.984375	0.3	0.0	1	368608	n/a
179.99267578125	0.3	1.0	2	368625	n/a
180.0009765625	0.3	0.0	1	368642	n/a
180.009765625	0.3	0.0	1	368660	n/a
180.01806640625	0.3	1.0	2	368677	n/a
180.0263671875	0.3	1.0	2	368694	n/a
180.03466796875	0.3	0.0	1	368711	n/a
180.04296875	0.3	0.0	1	368728	n/a
180.05126953125	0.3	1.0	2	368745	n/a
180.0595703125	0.3	0.0	1	368762	n/a
180.06787109375	0.3	1.0	2	368779	n/a
180.076171875	0.3	1.0	2	368796	n/a
180.08447265625	0.3	0.0	1	368813	n/a
180.0927734375	0.3	0.0	1	368830	n/a
180.10107421875	0.3	1.0	2	368847	n/a
180.109375	0.3	1.0	2	368864	n/a
180.11767578125	0.3	0.0	1	368881	n/a
180.1259765625	0.3	1.0	2	368898	n/a
180.134765625	0.3	0.0	1	368916	n/a
182.51806640625	0.3	0.0	1	373797	28.0
182.5263671875	0.3	1.0	2	373814	n/a
182.53466796875	0.3	0.0	1	373831	n/a
182.54296875	0.3	1.0	2	373848	n/a
182.55126953125	0.3	0.0	1	373865	n/a
182.5595703125	0.3	1.0	2	373882	n/a
182.56787109375	0.3	1.0	2	373899	n/a
182.576171875	0.3	0.0	1	373916	n/a
182.5849609375	0.3	0.0	1	373934	n/a
182.59326171875	0.3	1.0	2	373951	n/a
182.6015625	0.3	1.0	2	373968	n/a
182.60986328125	0.3	0.0	1	373985	n/a
182.6181640625	0.3	0.0	1	374002	n/a
182.62646484375	0.3	1.0	2	374019	n/a
182.634765625	0.3	1.0	2	374036	n/a
182.64306640625	0.3	0.0	1	374053	n/a
182.6513671875	0.3	0.0	1	374070	n/a
182.65966796875	0.3	1.0	2	374087	n/a
182.66796875	0.3	1.0	2	374104	n/a
182.67626953125	0.3	0.0	1	374121	n/a
182.6845703125	0.3	1.0	2	374138	n/a
182.69287109375	0.3	0.0	1	374155	n/a
182.701171875	0.3	1.0	2	374172	n/a
182.7099609375	0.3	0.0	1	374190	n/a
182.71826171875	0.3	1.0	2	374207	n/a
182.7265625	0.3	0.0	1	374224	n/a
182.73486328125	0.3	0.0	1	374241	n/a
182.7431640625	0.3	1.0	2	374258	n/a
182.75146484375	0.3	1.0	2	374275	n/a
182.759765625	0.3	0.0	1	374292	n/a
182.76806640625	0.3	0.0	1	374309	n/a
182.7763671875	0.3	1.0	2	374326	n/a
182.78466796875	0.3	0.0	1	374343	n/a
182.79296875	0.3	1.0	2	374360	n/a
182.80126953125	0.3	1.0	2	374377	n/a
182.8095703125	0.3	0.0	1	374394	n/a
182.81787109375	0.3	1.0	2	374411	n/a
182.826171875	0.3	0.0	1	374428	n/a
182.8349609375	0.3	0.0	1	374446	n/a
182.84326171875	0.3	1.0	2	374463	n/a
182.8515625	0.3	1.0	2	374480	n/a
182.85986328125	0.3	0.0	1	374497	n/a
182.8681640625	0.3	0.0	1	374514	n/a
182.87646484375	0.3	1.0	2	374531	n/a
182.884765625	0.3	0.0	1	374548	n/a
182.89306640625	0.3	1.0	2	374565	n/a
182.9013671875	0.3	0.0	1	374582	n/a
182.90966796875	0.3	1.0	2	374599	n/a
182.91796875	0.3	0.0	1	374616	n/a
182.92626953125	0.3	1.0	2	374633	n/a
182.9345703125	0.3	0.0	1	374650	n/a
182.94287109375	0.3	1.0	2	374667	n/a
182.951171875	0.3	1.0	2	374684	n/a
182.9599609375	0.3	0.0	1	374702	n/a
182.96826171875	0.3	0.0	1	374719	n/a
182.9765625	0.3	1.0	2	374736	n/a
182.98486328125	0.3	1.0	2	374753	n/a
182.9931640625	0.3	0.0	1	374770	n/a
183.00146484375	0.3	0.0	1	374787	n/a
183.009765625	0.3	1.0	2	374804	n/a
183.01806640625	0.3	0.0	1	374821	n/a
183.0263671875	0.3	1.0	2	374838	n/a
183.03466796875	0.3	0.0	1	374855	n/a
183.04296875	0.3	1.0	2	374872	n/a
183.05126953125	0.3	0.0	1	374889	n/a
183.0595703125	0.3	1.0	2	374906	n/a
183.06787109375	0.3	0.0	1	374923	n/a
183.076171875	0.3	1.0	2	374940	n/a
183.0849609375	0.3	1.0	2	374958	n/a
183.09326171875	0.3	0.0	1	374975	n/a
183.1015625	0.3	1.0	2	374992	n/a
183.10986328125	0.3	0.0	1	375009	n/a
183.1181640625	0.3	1.0	2	375026	n/a
183.12646484375	0.3	0.0	1	375043	n/a
183.134765625	0.3	0.0	1	375060	n/a
183.14306640625	0.3	1.0	2	375077	n/a
183.1513671875	0.3	1.0	2	375094	n/a
183.15966796875	0.3	0.0	1	375111	n/a
183.16796875	0.3	0.0	1	375128	n/a
183.17626953125	0.3	1.0	2	375145	n/a
183.1845703125	0.3	1.0	2	375162	n/a
183.19287109375	0.3	0.0	1	375179	n/a
183.201171875	0.3	1.0	2	375196	n/a
183.2099609375	0.3	0.0	1	375214	n/a
183.21826171875	0.3	1.0	2	375231	n/a
183.2265625	0.3	0.0	1	375248	n/a
183.23486328125	0.3	1.0	2	375265	n/a
183.2431640625	0.3	0.0	1	375282	n/a
183.25146484375	0.3	1.0	2	375299	n/a
183.259765625	0.3	0.0	1	375316	n/a
183.26806640625	0.3	0.0	1	375333	n/a
183.2763671875	0.3	1.0	2	375350	n/a
183.28466796875	0.3	1.0	2	375367	n/a
183.29296875	0.3	0.0	1	375384	n/a
183.30126953125	0.3	1.0	2	375401	n/a
183.3095703125	0.3	0.0	1	375418	n/a
183.31787109375	0.3	1.0	2	375435	n/a
183.326171875	0.3	0.0	1	375452	n/a
183.3349609375	0.3	1.0	2	375470	n/a
183.34326171875	0.3	0.0	1	375487	n/a
183.3515625	0.3	1.0	2	375504	n/a
183.35986328125	0.3	0.0	1	375521	n/a
183.3681640625	0.3	0.0	1	375538	n/a
183.37646484375	0.3	1.0	2	375555	n/a
183.384765625	0.3	0.0	1	375572	n/a
183.39306640625	0.3	1.0	2	375589	n/a
183.4013671875	0.3	0.0	1	375606	n/a
183.40966796875	0.3	1.0	2	375623	n/a
183.41796875	0.3	0.0	1	375640	n/a
183.42626953125	0.3	1.0	2	375657	n/a
183.4345703125	0.3	0.0	1	375674	n/a
183.44287109375	0.3	1.0	2	375691	n/a
183.451171875	0.3	1.0	2	375708	n/a
183.4599609375	0.3	0.0	1	375726	n/a
183.46826171875	0.3	0.0	1	375743	n/a
183.4765625	0.3	1.0	2	375760	n/a
183.48486328125	0.3	1.0	2	375777	n/a
183.4931640625	0.3	0.0	1	375794	n/a
183.50146484375	0.3	1.0	2	375811	n/a
183.509765625	0.3	0.0	1	375828	n/a
183.51806640625	0.3	0.0	1	375845	n/a
183.5263671875	0.3	1.0	2	375862	n/a
183.53466796875	0.3	0.0	1	375879	n/a
183.54296875	0.3	1.0	2	375896	n/a
183.55126953125	0.3	1.0	2	375913	n/a
183.5595703125	0.3	0.0	1	375930	n/a
183.56787109375	0.3	0.0	1	375947	n/a
183.576171875	0.3	1.0	2	375964	n/a
183.5849609375	0.3	0.0	1	375982	n/a
183.59326171875	0.3	1.0	2	375999	n/a
183.6015625	0.3	0.0	1	376016	n/a
183.60986328125	0.3	1.0	2	376033	n/a
183.6181640625	0.3	1.0	2	376050	n/a
183.62646484375	0.3	0.0	1	376067	n/a
183.634765625	0.3	0.0	1	376084	n/a
183.64306640625	0.3	1.0	2	376101	n/a
183.6513671875	0.3	1.0	2	376118	n/a
183.65966796875	0.3	0.0	1	376135	n/a
183.66796875	0.3	0.0	1	376152	n/a
183.67626953125	0.3	1.0	2	376169	n/a
183.6845703125	0.3	1.0	2	376186	n/a
183.69287109375	0.3	0.0	1	376203	n/a
183.701171875	0.3	0.0	1	376220	n/a
183.7099609375	0.3	1.0	2	376238	n/a
183.71826171875	0.3	1.0	2	376255	n/a
183.7265625	0.3	0.0	1	376272	n/a
183.73486328125	0.3	1.0	2	376289	n/a
183.7431640625	0.3	0.0	1	376306	n/a
183.75146484375	0.3	1.0	2	376323	n/a
183.759765625	0.3	0.0	1	376340	n/a
183.76806640625	0.3	1.0	2	376357	n/a
183.7763671875	0.3	0.0	1	376374	n/a
183.78466796875	0.3	0.0	1	376391	n/a
183.79296875	0.3	1.0	2	376408	n/a
183.80126953125	0.3	1.0	2	376425	n/a
183.8095703125	0.3	0.0	1	376442	n/a
183.81787109375	0.3	0.0	1	376459	n/a
183.826171875	0.3	1.0	2	376476	n/a
183.8349609375	0.3	0.0	1	376494	n/a
183.84326171875	0.3	1.0	2	376511	n/a
183.8515625	0.3	1.0	2	376528	n/a
183.85986328125	0.3	0.0	1	376545	n/a
183.8681640625	0.3	1.0	2	376562	n/a
183.87646484375	0.3	0.0	1	376579	n/a
183.884765625	0.3	0.0	1	376596	n/a
183.89306640625	0.3	1.0	2	376613	n/a
183.9013671875	0.3	1.0	2	376630	n/a
183.90966796875	0.3	0.0	1	376647	n/a
183.91796875	0.3	0.0	1	376664	n/a
183.92626953125	0.3	1.0	2	376681	n/a
183.9345703125	0.3	0.0	1	376698	n/a
183.94287109375	0.3	1.0	2	376715	n/a
183.951171875	0.3	0.0	1	376732	n/a
183.9599609375	0.3	1.0	2	376750	n/a
183.96826171875	0.3	0.0	1	376767	n/a
183.9765625	0.3	1.0	2	376784	n/a
183.98486328125	0.3	0.0	1	376801	n/a
183.9931640625	0.3	1.0	2	376818	n/a
184.00146484375	0.3	1.0	2	376835	n/a
184.009765625	0.3	0.0	1	376852	n/a
184.01806640625	0.3	0.0	1	376869	n/a
184.0263671875	0.3	1.0	2	376886	n/a
184.03466796875	0.3	1.0	2	376903	n/a
184.04296875	0.3	0.0	1	376920	n/a
184.05126953125	0.3	0.0	1	376937	n/a
184.0595703125	0.3	1.0	2	376954	n/a
184.06787109375	0.3	0.0	1	376971	n/a
184.076171875	0.3	1.0	2	376988	n/a
184.0849609375	0.3	0.0	1	377006	n/a
184.09326171875	0.3	1.0	2	377023	n/a
184.1015625	0.3	0.0	1	377040	n/a
184.10986328125	0.3	1.0	2	377057	n/a
184.1181640625	0.3	0.0	1	377074	n/a
184.12646484375	0.3	1.0	2	377091	n/a
184.134765625	0.3	1.0	2	377108	n/a
184.14306640625	0.3	0.0	1	377125	n/a
184.1513671875	0.3	1.0	2	377142	n/a
184.15966796875	0.3	0.0	1	377159	n/a
184.16796875	0.3	1.0	2	377176	n/a
184.17626953125	0.3	0.0	1	377193	n/a
184.1845703125	0.3	0.0	1	377210	n/a
184.19287109375	0.3	1.0	2	377227	n/a
184.201171875	0.3	1.0	2	377244	n/a
184.2099609375	0.3	0.0	1	377262	n/a
184.21826171875	0.3	0.0	1	377279	n/a
184.2265625	0.3	1.0	2	377296	n/a
184.23486328125	0.3	1.0	2	377313	n/a
184.2431640625	0.3	0.0	1	377330	n/a
184.25146484375	0.3	1.0	2	377347	n/a
184.259765625	0.3	0.0	1	377364	n/a
184.26806640625	0.3	1.0	2	377381	n/a
184.2763671875	0.3	0.0	1	377398	n/a
184.28466796875	0.3	1.0	2	377415	n/a
184.29296875	0.3	0.0	1	377432	n/a
184.30126953125	0.3	1.0	2	377449	n/a
184.3095703125	0.3	0.0	1	377466	n/a
184.31787109375	0.3	0.0	1	377483	n/a
184.326171875	0.3	1.0	2	377500	n/a
184.3349609375	0.3	1.0	2	377518	n/a
184.34326171875	0.3	0.0	1	377535	n/a
184.3515625	0.3	1.0	2	377552	n/a
184.35986328125	0.3	0.0	1	377569	n/a
184.3681640625	0.3	1.0	2	377586	n/a
184.37646484375	0.3	0.0	1	377603	n/a
184.384765625	0.3	1.0	2	377620	n/a
184.39306640625	0.3	0.0	1	377637	n/a
184.4013671875	0.3	1.0	2	377654	n/a
184.40966796875	0.3	0.0	1	377671	n/a
184.41796875	0.3	0.0	1	377688	n/a
184.42626953125	0.3	1.0	2	377705	n/a
184.4345703125	0.3	0.0	1	377722	n/a
184.44287109375	0.3	1.0	2	377739	n/a
184.451171875	0.3	0.0	1	377756	n/a
184.4599609375	0.3	1.0	2	377774	n/a
184.46826171875	0.3	0.0	1	377791	n/a
184.4765625	0.3	1.0	2	377808	n/a
184.48486328125	0.3	0.0	1	377825	n/a
184.4931640625	0.3	1.0	2	377842	n/a
184.50146484375	0.3	1.0	2	377859	n/a
184.509765625	0.3	0.0	1	377876	n/a
184.51806640625	0.3	0.0	1	377893	n/a
184.5263671875	0.3	1.0	2	377910	n/a
184.53466796875	0.3	1.0	2	377927	n/a
184.54296875	0.3	0.0	1	377944	n/a
184.55126953125	0.3	1.0	2	377961	n/a
184.5595703125	0.3	0.0	1	377978	n/a
184.56787109375	0.3	0.0	1	377995	n/a
184.576171875	0.3	1.0	2	378012	n/a
184.5849609375	0.3	0.0	1	378030	n/a
184.59326171875	0.3	1.0	2	378047	n/a
184.6015625	0.3	1.0	2	378064	n/a
184.60986328125	0.3	0.0	1	378081	n/a
184.6181640625	0.3	0.0	1	378098	n/a
184.62646484375	0.3	1.0	2	378115	n/a
184.634765625	0.3	0.0	1	378132	n/a
184.64306640625	0.3	1.0	2	378149	n/a
184.6513671875	0.3	0.0	1	378166	n/a
184.65966796875	0.3	1.0	2	378183	n/a
184.66796875	0.3	1.0	2	378200	n/a
184.67626953125	0.3	0.0	1	378217	n/a
184.6845703125	0.3	0.0	1	378234	n/a
184.69287109375	0.3	1.0	2	378251	n/a
184.701171875	0.3	1.0	2	378268	n/a
184.7099609375	0.3	0.0	1	378286	n/a
184.71826171875	0.3	0.0	1	378303	n/a
184.7265625	0.3	1.0	2	378320	n/a
184.73486328125	0.3	1.0	2	378337	n/a
184.7431640625	0.3	0.0	1	378354	n/a
184.75146484375	0.3	0.0	1	378371	n/a
184.759765625	0.3	1.0	2	378388	n/a
184.76806640625	0.3	1.0	2	378405	n/a
184.7763671875	0.3	0.0	1	378422	n/a
184.78466796875	0.3	1.0	2	378439	n/a
184.79296875	0.3	0.0	1	378456	n/a
184.80126953125	0.3	1.0	2	378473	n/a
184.8095703125	0.3	0.0	1	378490	n/a
184.81787109375	0.3	1.0	2	378507	n/a
184.826171875	0.3	0.0	1	378524	n/a
184.8349609375	0.3	0.0	1	378542	n/a
184.84326171875	0.3	1.0	2	378559	n/a
184.8515625	0.3	1.0	2	378576	n/a
184.85986328125	0.3	0.0	1	378593	n/a
184.8681640625	0.3	0.0	1	378610	n/a
184.87646484375	0.3	1.0	2	378627	n/a
184.884765625	0.3	0.0	1	378644	n/a
184.89306640625	0.3	1.0	2	378661	n/a
184.9013671875	0.3	1.0	2	378678	n/a
184.90966796875	0.3	0.0	1	378695	n/a
184.91796875	0.3	1.0	2	378712	n/a
184.92626953125	0.3	0.0	1	378729	n/a
184.9345703125	0.3	0.0	1	378746	n/a
184.94287109375	0.3	1.0	2	378763	n/a
184.951171875	0.3	1.0	2	378780	n/a
184.9599609375	0.3	0.0	1	378798	n/a
184.96826171875	0.3	0.0	1	378815	n/a
184.9765625	0.3	1.0	2	378832	n/a
184.98486328125	0.3	0.0	1	378849	n/a
184.9931640625	0.3	1.0	2	378866	n/a
185.00146484375	0.3	0.0	1	378883	n/a
185.009765625	0.3	1.0	2	378900	n/a
185.01806640625	0.3	0.0	1	378917	n/a
185.0263671875	0.3	1.0	2	378934	n/a
185.03466796875	0.3	0.0	1	378951	n/a
185.04296875	0.3	1.0	2	378968	n/a
185.05126953125	0.3	1.0	2	378985	n/a
185.0595703125	0.3	0.0	1	379002	n/a
185.06787109375	0.3	0.0	1	379019	n/a
185.076171875	0.3	1.0	2	379036	n/a
185.0849609375	0.3	1.0	2	379054	n/a
185.09326171875	0.3	0.0	1	379071	n/a
185.1015625	0.3	0.0	1	379088	n/a
185.10986328125	0.3	1.0	2	379105	n/a
185.1181640625	0.3	0.0	1	379122	n/a
185.12646484375	0.3	1.0	2	379139	n/a
185.134765625	0.3	0.0	1	379156	n/a
185.14306640625	0.3	1.0	2	379173	n/a
185.1513671875	0.3	0.0	1	379190	n/a
185.15966796875	0.3	1.0	2	379207	n/a
185.16796875	0.3	0.0	1	379224	n/a
185.17626953125	0.3	1.0	2	379241	n/a
185.1845703125	0.3	1.0	2	379258	n/a
185.19287109375	0.3	0.0	1	379275	n/a
185.201171875	0.3	1.0	2	379292	n/a
185.2099609375	0.3	0.0	1	379310	n/a
185.21826171875	0.3	1.0	2	379327	n/a
185.2265625	0.3	0.0	1	379344	n/a
185.23486328125	0.3	0.0	1	379361	n/a
185.2431640625	0.3	1.0	2	379378	n/a
185.25146484375	0.3	1.0	2	379395	n/a
185.259765625	0.3	0.0	1	379412	n/a
185.26806640625	0.3	0.0	1	379429	n/a
185.2763671875	0.3	1.0	2	379446	n/a
185.28466796875	0.3	1.0	2	379463	n/a
185.29296875	0.3	0.0	1	379480	n/a
185.30126953125	0.3	1.0	2	379497	n/a
185.3095703125	0.3	0.0	1	379514	n/a
185.31787109375	0.3	1.0	2	379531	n/a
185.326171875	0.3	0.0	1	379548	n/a
185.3349609375	0.3	1.0	2	379566	n/a
185.34326171875	0.3	0.0	1	379583	n/a
185.3515625	0.3	1.0	2	379600	n/a
185.35986328125	0.3	0.0	1	379617	n/a
185.3681640625	0.3	0.0	1	379634	n/a
185.37646484375	0.3	1.0	2	379651	n/a
185.384765625	0.3	1.0	2	379668	n/a
185.39306640625	0.3	0.0	1	379685	n/a
185.4013671875	0.3	1.0	2	379702	n/a
185.40966796875	0.3	0.0	1	379719	n/a
185.41796875	0.3	1.0	2	379736	n/a
185.42626953125	0.3	0.0	1	379753	n/a
185.4345703125	0.3	1.0	2	379770	n/a
185.44287109375	0.3	0.0	1	379787	n/a
185.451171875	0.3	1.0	2	379804	n/a
185.4599609375	0.3	0.0	1	379822	n/a
185.46826171875	0.3	0.0	1	379839	n/a
185.4765625	0.3	1.0	2	379856	n/a
185.48486328125	0.3	0.0	1	379873	n/a
185.4931640625	0.3	1.0	2	379890	n/a
185.50146484375	0.3	0.0	1	379907	n/a
185.509765625	0.3	1.0	2	379924	n/a
185.51806640625	0.3	0.0	1	379941	n/a
185.5263671875	0.3	1.0	2	379958	n/a
185.53466796875	0.3	0.0	1	379975	n/a
185.54296875	0.3	1.0	2	379992	n/a
185.55126953125	0.3	1.0	2	380009	n/a
185.5595703125	0.3	0.0	1	380026	n/a
185.56787109375	0.3	0.0	1	380043	n/a
185.576171875	0.3	1.0	2	380060	n/a
185.5849609375	0.3	1.0	2	380078	n/a
185.59326171875	0.3	0.0	1	380095	n/a
185.6015625	0.3	1.0	2	380112	n/a
185.60986328125	0.3	0.0	1	380129	n/a
185.6181640625	0.3	0.0	1	380146	n/a
185.62646484375	0.3	1.0	2	380163	n/a
185.634765625	0.3	0.0	1	380180	n/a
185.64306640625	0.3	1.0	2	380197	n/a
185.6513671875	0.3	1.0	2	380214	n/a
185.65966796875	0.3	0.0	1	380231	n/a
185.66796875	0.3	0.0	1	380248	n/a
185.67626953125	0.3	1.0	2	380265	n/a
185.6845703125	0.3	0.0	1	380282	n/a
185.69287109375	0.3	1.0	2	380299	n/a
185.701171875	0.3	0.0	1	380316	n/a
185.7099609375	0.3	1.0	2	380334	n/a
185.71826171875	0.3	1.0	2	380351	n/a
185.7265625	0.3	0.0	1	380368	n/a
185.73486328125	0.3	0.0	1	380385	n/a
185.7431640625	0.3	1.0	2	380402	n/a
185.75146484375	0.3	1.0	2	380419	n/a
185.759765625	0.3	0.0	1	380436	n/a
185.76806640625	0.3	0.0	1	380453	n/a
185.7763671875	0.3	1.0	2	380470	n/a
185.78466796875	0.3	1.0	2	380487	n/a
185.79296875	0.3	0.0	1	380504	n/a
185.80126953125	0.3	0.0	1	380521	n/a
185.8095703125	0.3	1.0	2	380538	n/a
185.81787109375	0.3	1.0	2	380555	n/a
185.826171875	0.3	0.0	1	380572	n/a
185.8349609375	0.3	1.0	2	380590	n/a
185.84326171875	0.3	0.0	1	380607	n/a
185.8515625	0.3	1.0	2	380624	n/a
185.85986328125	0.3	0.0	1	380641	n/a
185.8681640625	0.3	1.0	2	380658	n/a
185.87646484375	0.3	0.0	1	380675	n/a
185.884765625	0.3	0.0	1	380692	n/a
185.89306640625	0.3	1.0	2	380709	n/a
185.9013671875	0.3	1.0	2	380726	n/a
185.90966796875	0.3	0.0	1	380743	n/a
185.91796875	0.3	0.0	1	380760	n/a
185.92626953125	0.3	1.0	2	380777	n/a
185.9345703125	0.3	0.0	1	380794	n/a
185.94287109375	0.3	1.0	2	380811	n/a
185.951171875	0.3	1.0	2	380828	n/a
185.9599609375	0.3	0.0	1	380846	n/a
185.96826171875	0.3	1.0	2	380863	n/a
185.9765625	0.3	0.0	1	380880	n/a
185.98486328125	0.3	0.0	1	380897	n/a
185.9931640625	0.3	1.0	2	380914	n/a
186.00146484375	0.3	1.0	2	380931	n/a
186.009765625	0.3	0.0	1	380948	n/a
186.01806640625	0.3	0.0	1	380965	n/a
186.0263671875	0.3	1.0	2	380982	n/a
186.03466796875	0.3	0.0	1	380999	n/a
186.04296875	0.3	1.0	2	381016	n/a
186.05126953125	0.3	0.0	1	381033	n/a
186.0595703125	0.3	1.0	2	381050	n/a
186.06787109375	0.3	0.0	1	381067	n/a
186.076171875	0.3	1.0	2	381084	n/a
186.0849609375	0.3	0.0	1	381102	n/a
186.09326171875	0.3	1.0	2	381119	n/a
186.1015625	0.3	1.0	2	381136	n/a
186.10986328125	0.3	0.0	1	381153	n/a
186.1181640625	0.3	0.0	1	381170	n/a
186.12646484375	0.3	1.0	2	381187	n/a
186.134765625	0.3	1.0	2	381204	n/a
186.14306640625	0.3	0.0	1	381221	n/a
186.1513671875	0.3	0.0	1	381238	n/a
186.15966796875	0.3	1.0	2	381255	n/a
186.16796875	0.3	0.0	1	381272	n/a
186.17626953125	0.3	1.0	2	381289	n/a
186.1845703125	0.3	0.0	1	381306	n/a
186.19287109375	0.3	1.0	2	381323	n/a
186.201171875	0.3	0.0	1	381340	n/a
186.2099609375	0.3	1.0	2	381358	n/a
186.21826171875	0.3	0.0	1	381375	n/a
186.2265625	0.3	1.0	2	381392	n/a
186.23486328125	0.3	1.0	2	381409	n/a
186.2431640625	0.3	0.0	1	381426	n/a
186.25146484375	0.3	1.0	2	381443	n/a
186.259765625	0.3	0.0	1	381460	n/a
186.26806640625	0.3	1.0	2	381477	n/a
186.2763671875	0.3	0.0	1	381494	n/a
186.28466796875	0.3	0.0	1	381511	n/a
186.29296875	0.3	1.0	2	381528	n/a
186.30126953125	0.3	1.0	2	381545	n/a
186.3095703125	0.3	0.0	1	381562	n/a
186.31787109375	0.3	0.0	1	381579	n/a
186.326171875	0.3	1.0	2	381596	n/a
186.3349609375	0.3	1.0	2	381614	n/a
186.34326171875	0.3	0.0	1	381631	n/a
186.3515625	0.3	1.0	2	381648	n/a
186.35986328125	0.3	0.0	1	381665	n/a
186.3681640625	0.3	1.0	2	381682	n/a
186.37646484375	0.3	0.0	1	381699	n/a
186.384765625	0.3	1.0	2	381716	n/a
186.39306640625	0.3	0.0	1	381733	n/a
186.4013671875	0.3	1.0	2	381750	n/a
186.40966796875	0.3	0.0	1	381767	n/a
186.41796875	0.3	0.0	1	381784	n/a
186.42626953125	0.3	1.0	2	381801	n/a
186.4345703125	0.3	1.0	2	381818	n/a
186.44287109375	0.3	0.0	1	381835	n/a
186.451171875	0.3	1.0	2	381852	n/a
186.4599609375	0.3	0.0	1	381870	n/a
186.46826171875	0.3	1.0	2	381887	n/a
186.4765625	0.3	0.0	1	381904	n/a
186.48486328125	0.3	1.0	2	381921	n/a
186.4931640625	0.3	0.0	1	381938	n/a
186.50146484375	0.3	1.0	2	381955	n/a
186.509765625	0.3	0.0	1	381972	n/a
186.51806640625	0.3	0.0	1	381989	n/a
186.5263671875	0.3	1.0	2	382006	n/a
186.53466796875	0.3	0.0	1	382023	n/a
186.54296875	0.3	1.0	2	382040	n/a
186.55126953125	0.3	0.0	1	382057	n/a
186.5595703125	0.3	1.0	2	382074	n/a
186.56787109375	0.3	0.0	1	382091	n/a
186.576171875	0.3	1.0	2	382108	n/a
186.5849609375	0.3	0.0	1	382126	n/a
186.59326171875	0.3	1.0	2	382143	n/a
186.6015625	0.3	1.0	2	382160	n/a
186.60986328125	0.3	0.0	1	382177	n/a
186.6181640625	0.3	0.0	1	382194	n/a
186.62646484375	0.3	1.0	2	382211	n/a
186.634765625	0.3	1.0	2	382228	n/a
186.64306640625	0.3	0.0	1	382245	n/a
186.6513671875	0.3	1.0	2	382262	n/a
186.65966796875	0.3	0.0	1	382279	n/a
186.66796875	0.3	0.0	1	382296	n/a
186.67626953125	0.3	1.0	2	382313	n/a
186.6845703125	0.3	0.0	1	382330	n/a
186.69287109375	0.3	1.0	2	382347	n/a
186.701171875	0.3	1.0	2	382364	n/a
186.7099609375	0.3	0.0	1	382382	n/a
189.11083984375	0.3	1.0	2	387299	21.0
189.119140625	0.3	0.0	1	387316	n/a
189.12744140625	0.3	0.0	1	387333	n/a
189.1357421875	0.3	1.0	2	387350	n/a
189.14404296875	0.3	1.0	2	387367	n/a
189.15234375	0.3	0.0	1	387384	n/a
189.16064453125	0.3	0.0	1	387401	n/a
189.1689453125	0.3	1.0	2	387418	n/a
189.177734375	0.3	0.0	1	387436	n/a
189.18603515625	0.3	1.0	2	387453	n/a
189.1943359375	0.3	1.0	2	387470	n/a
189.20263671875	0.3	0.0	1	387487	n/a
189.2109375	0.3	0.0	1	387504	n/a
189.21923828125	0.3	1.0	2	387521	n/a
189.2275390625	0.3	0.0	1	387538	n/a
189.23583984375	0.3	1.0	2	387555	n/a
189.244140625	0.3	0.0	1	387572	n/a
189.25244140625	0.3	1.0	2	387589	n/a
189.2607421875	0.3	1.0	2	387606	n/a
189.26904296875	0.3	0.0	1	387623	n/a
189.27734375	0.3	0.0	1	387640	n/a
189.28564453125	0.3	1.0	2	387657	n/a
189.2939453125	0.3	1.0	2	387674	n/a
189.302734375	0.3	0.0	1	387692	n/a
189.31103515625	0.3	1.0	2	387709	n/a
189.3193359375	0.3	0.0	1	387726	n/a
189.32763671875	0.3	0.0	1	387743	n/a
189.3359375	0.3	1.0	2	387760	n/a
189.34423828125	0.3	1.0	2	387777	n/a
189.3525390625	0.3	0.0	1	387794	n/a
189.36083984375	0.3	1.0	2	387811	n/a
189.369140625	0.3	0.0	1	387828	n/a
189.37744140625	0.3	1.0	2	387845	n/a
189.3857421875	0.3	0.0	1	387862	n/a
189.39404296875	0.3	0.0	1	387879	n/a
189.40234375	0.3	1.0	2	387896	n/a
189.41064453125	0.3	1.0	2	387913	n/a
189.4189453125	0.3	0.0	1	387930	n/a
189.427734375	0.3	0.0	1	387948	n/a
189.43603515625	0.3	1.0	2	387965	n/a
189.4443359375	0.3	1.0	2	387982	n/a
189.45263671875	0.3	0.0	1	387999	n/a
189.4609375	0.3	0.0	1	388016	n/a
189.46923828125	0.3	1.0	2	388033	n/a
189.4775390625	0.3	0.0	1	388050	n/a
189.48583984375	0.3	1.0	2	388067	n/a
189.494140625	0.3	1.0	2	388084	n/a
189.50244140625	0.3	0.0	1	388101	n/a
189.5107421875	0.3	0.0	1	388118	n/a
189.51904296875	0.3	1.0	2	388135	n/a
189.52734375	0.3	1.0	2	388152	n/a
189.53564453125	0.3	0.0	1	388169	n/a
189.5439453125	0.3	0.0	1	388186	n/a
189.552734375	0.3	1.0	2	388204	n/a
189.56103515625	0.3	1.0	2	388221	n/a
189.5693359375	0.3	0.0	1	388238	n/a
189.57763671875	0.3	0.0	1	388255	n/a
189.5859375	0.3	1.0	2	388272	n/a
189.59423828125	0.3	1.0	2	388289	n/a
189.6025390625	0.3	0.0	1	388306	n/a
189.61083984375	0.3	1.0	2	388323	n/a
189.619140625	0.3	0.0	1	388340	n/a
189.62744140625	0.3	0.0	1	388357	n/a
189.6357421875	0.3	1.0	2	388374	n/a
189.64404296875	0.3	0.0	1	388391	n/a
189.65234375	0.3	1.0	2	388408	n/a
189.66064453125	0.3	1.0	2	388425	n/a
189.6689453125	0.3	0.0	1	388442	n/a
189.677734375	0.3	1.0	2	388460	n/a
189.68603515625	0.3	0.0	1	388477	n/a
189.6943359375	0.3	0.0	1	388494	n/a
189.70263671875	0.3	1.0	2	388511	n/a
189.7109375	0.3	1.0	2	388528	n/a
189.71923828125	0.3	0.0	1	388545	n/a
189.7275390625	0.3	1.0	2	388562	n/a
189.73583984375	0.3	0.0	1	388579	n/a
189.744140625	0.3	1.0	2	388596	n/a
189.75244140625	0.3	0.0	1	388613	n/a
189.7607421875	0.3	0.0	1	388630	n/a
189.76904296875	0.3	1.0	2	388647	n/a
189.77734375	0.3	1.0	2	388664	n/a
189.78564453125	0.3	0.0	1	388681	n/a
189.7939453125	0.3	0.0	1	388698	n/a
189.802734375	0.3	1.0	2	388716	n/a
189.81103515625	0.3	0.0	1	388733	n/a
189.8193359375	0.3	1.0	2	388750	n/a
189.82763671875	0.3	1.0	2	388767	n/a
189.8359375	0.3	0.0	1	388784	n/a
189.84423828125	0.3	1.0	2	388801	n/a
189.8525390625	0.3	0.0	1	388818	n/a
189.86083984375	0.3	1.0	2	388835	n/a
189.869140625	0.3	0.0	1	388852	n/a
189.87744140625	0.3	0.0	1	388869	n/a
189.8857421875	0.3	1.0	2	388886	n/a
189.89404296875	0.3	0.0	1	388903	n/a
189.90234375	0.3	1.0	2	388920	n/a
189.91064453125	0.3	0.0	1	388937	n/a
189.9189453125	0.3	1.0	2	388954	n/a
189.927734375	0.3	1.0	2	388972	n/a
189.93603515625	0.3	0.0	1	388989	n/a
189.9443359375	0.3	0.0	1	389006	n/a
189.95263671875	0.3	1.0	2	389023	n/a
189.9609375	0.3	1.0	2	389040	n/a
189.96923828125	0.3	0.0	1	389057	n/a
189.9775390625	0.3	1.0	2	389074	n/a
189.98583984375	0.3	0.0	1	389091	n/a
189.994140625	0.3	0.0	1	389108	n/a
190.00244140625	0.3	1.0	2	389125	n/a
190.0107421875	0.3	1.0	2	389142	n/a
190.01904296875	0.3	0.0	1	389159	n/a
190.02734375	0.3	0.0	1	389176	n/a
190.03564453125	0.3	1.0	2	389193	n/a
190.0439453125	0.3	0.0	1	389210	n/a
190.052734375	0.3	1.0	2	389228	n/a
190.06103515625	0.3	1.0	2	389245	n/a
190.0693359375	0.3	0.0	1	389262	n/a
190.07763671875	0.3	1.0	2	389279	n/a
190.0859375	0.3	0.0	1	389296	n/a
190.09423828125	0.3	0.0	1	389313	n/a
190.1025390625	0.3	1.0	2	389330	n/a
190.11083984375	0.3	0.0	1	389347	n/a
190.119140625	0.3	1.0	2	389364	n/a
190.12744140625	0.3	0.0	1	389381	n/a
190.1357421875	0.3	1.0	2	389398	n/a
190.14404296875	0.3	0.0	1	389415	n/a
190.15234375	0.3	1.0	2	389432	n/a
190.16064453125	0.3	1.0	2	389449	n/a
190.1689453125	0.3	0.0	1	389466	n/a
190.177734375	0.3	0.0	1	389484	n/a
190.18603515625	0.3	1.0	2	389501	n/a
190.1943359375	0.3	1.0	2	389518	n/a
190.20263671875	0.3	0.0	1	389535	n/a
190.2109375	0.3	0.0	1	389552	n/a
190.21923828125	0.3	1.0	2	389569	n/a
190.2275390625	0.3	0.0	1	389586	n/a
190.23583984375	0.3	1.0	2	389603	n/a
190.244140625	0.3	1.0	2	389620	n/a
190.25244140625	0.3	0.0	1	389637	n/a
190.2607421875	0.3	0.0	1	389654	n/a
190.26904296875	0.3	1.0	2	389671	n/a
190.27734375	0.3	0.0	1	389688	n/a
190.28564453125	0.3	1.0	2	389705	n/a
190.2939453125	0.3	0.0	1	389722	n/a
190.302734375	0.3	1.0	2	389740	n/a
190.31103515625	0.3	1.0	2	389757	n/a
190.3193359375	0.3	0.0	1	389774	n/a
190.32763671875	0.3	0.0	1	389791	n/a
190.3359375	0.3	1.0	2	389808	n/a
190.34423828125	0.3	1.0	2	389825	n/a
190.3525390625	0.3	0.0	1	389842	n/a
190.36083984375	0.3	1.0	2	389859	n/a
190.369140625	0.3	0.0	1	389876	n/a
190.37744140625	0.3	0.0	1	389893	n/a
190.3857421875	0.3	1.0	2	389910	n/a
190.39404296875	0.3	1.0	2	389927	n/a
190.40234375	0.3	0.0	1	389944	n/a
190.41064453125	0.3	1.0	2	389961	n/a
190.4189453125	0.3	0.0	1	389978	n/a
190.427734375	0.3	1.0	2	389996	n/a
190.43603515625	0.3	0.0	1	390013	n/a
190.4443359375	0.3	0.0	1	390030	n/a
190.45263671875	0.3	1.0	2	390047	n/a
190.4609375	0.3	1.0	2	390064	n/a
190.46923828125	0.3	0.0	1	390081	n/a
190.4775390625	0.3	0.0	1	390098	n/a
190.48583984375	0.3	1.0	2	390115	n/a
190.494140625	0.3	1.0	2	390132	n/a
190.50244140625	0.3	0.0	1	390149	n/a
190.5107421875	0.3	0.0	1	390166	n/a
190.51904296875	0.3	1.0	2	390183	n/a
190.52734375	0.3	0.0	1	390200	n/a
190.53564453125	0.3	1.0	2	390217	n/a
190.5439453125	0.3	1.0	2	390234	n/a
190.552734375	0.3	0.0	1	390252	n/a
190.56103515625	0.3	0.0	1	390269	n/a
190.5693359375	0.3	1.0	2	390286	n/a
190.57763671875	0.3	1.0	2	390303	n/a
190.5859375	0.3	0.0	1	390320	n/a
190.59423828125	0.3	0.0	1	390337	n/a
190.6025390625	0.3	1.0	2	390354	n/a
190.61083984375	0.3	1.0	2	390371	n/a
190.619140625	0.3	0.0	1	390388	n/a
190.62744140625	0.3	0.0	1	390405	n/a
190.6357421875	0.3	1.0	2	390422	n/a
190.64404296875	0.3	1.0	2	390439	n/a
190.65234375	0.3	0.0	1	390456	n/a
190.66064453125	0.3	1.0	2	390473	n/a
190.6689453125	0.3	0.0	1	390490	n/a
190.677734375	0.3	0.0	1	390508	n/a
190.68603515625	0.3	1.0	2	390525	n/a
190.6943359375	0.3	0.0	1	390542	n/a
190.70263671875	0.3	1.0	2	390559	n/a
190.7109375	0.3	1.0	2	390576	n/a
190.71923828125	0.3	0.0	1	390593	n/a
190.7275390625	0.3	1.0	2	390610	n/a
190.73583984375	0.3	0.0	1	390627	n/a
190.744140625	0.3	0.0	1	390644	n/a
190.75244140625	0.3	1.0	2	390661	n/a
190.7607421875	0.3	1.0	2	390678	n/a
190.76904296875	0.3	0.0	1	390695	n/a
190.77734375	0.3	1.0	2	390712	n/a
190.78564453125	0.3	0.0	1	390729	n/a
190.7939453125	0.3	1.0	2	390746	n/a
190.802734375	0.3	0.0	1	390764	n/a
190.81103515625	0.3	0.0	1	390781	n/a
190.8193359375	0.3	1.0	2	390798	n/a
190.82763671875	0.3	1.0	2	390815	n/a
190.8359375	0.3	0.0	1	390832	n/a
190.84423828125	0.3	0.0	1	390849	n/a
190.8525390625	0.3	1.0	2	390866	n/a
190.86083984375	0.3	0.0	1	390883	n/a
190.869140625	0.3	1.0	2	390900	n/a
190.87744140625	0.3	1.0	2	390917	n/a
190.8857421875	0.3	0.0	1	390934	n/a
190.89404296875	0.3	1.0	2	390951	n/a
190.90234375	0.3	0.0	1	390968	n/a
190.91064453125	0.3	1.0	2	390985	n/a
190.9189453125	0.3	0.0	1	391002	n/a
190.927734375	0.3	0.0	1	391020	n/a
190.93603515625	0.3	1.0	2	391037	n/a
190.9443359375	0.3	0.0	1	391054	n/a
190.95263671875	0.3	1.0	2	391071	n/a
190.9609375	0.3	0.0	1	391088	n/a
190.96923828125	0.3	1.0	2	391105	n/a
190.9775390625	0.3	1.0	2	391122	n/a
190.98583984375	0.3	0.0	1	391139	n/a
190.994140625	0.3	0.0	1	391156	n/a
191.00244140625	0.3	1.0	2	391173	n/a
191.0107421875	0.3	1.0	2	391190	n/a
191.01904296875	0.3	0.0	1	391207	n/a
191.02734375	0.3	1.0	2	391224	n/a
191.03564453125	0.3	0.0	1	391241	n/a
191.0439453125	0.3	0.0	1	391258	n/a
191.052734375	0.3	1.0	2	391276	n/a
191.06103515625	0.3	1.0	2	391293	n/a
191.0693359375	0.3	0.0	1	391310	n/a
191.07763671875	0.3	0.0	1	391327	n/a
191.0859375	0.3	1.0	2	391344	n/a
191.09423828125	0.3	0.0	1	391361	n/a
191.1025390625	0.3	1.0	2	391378	n/a
191.11083984375	0.3	1.0	2	391395	n/a
191.119140625	0.3	0.0	1	391412	n/a
191.12744140625	0.3	1.0	2	391429	n/a
191.1357421875	0.3	0.0	1	391446	n/a
191.14404296875	0.3	0.0	1	391463	n/a
191.15234375	0.3	1.0	2	391480	n/a
191.16064453125	0.3	0.0	1	391497	n/a
191.1689453125	0.3	1.0	2	391514	n/a
191.177734375	0.3	0.0	1	391532	n/a
191.18603515625	0.3	1.0	2	391549	n/a
191.1943359375	0.3	0.0	1	391566	n/a
191.20263671875	0.3	1.0	2	391583	n/a
191.2109375	0.3	1.0	2	391600	n/a
191.21923828125	0.3	0.0	1	391617	n/a
191.2275390625	0.3	0.0	1	391634	n/a
191.23583984375	0.3	1.0	2	391651	n/a
191.244140625	0.3	1.0	2	391668	n/a
191.25244140625	0.3	0.0	1	391685	n/a
191.2607421875	0.3	0.0	1	391702	n/a
191.26904296875	0.3	1.0	2	391719	n/a
191.27734375	0.3	0.0	1	391736	n/a
191.28564453125	0.3	1.0	2	391753	n/a
191.2939453125	0.3	1.0	2	391770	n/a
191.302734375	0.3	0.0	1	391788	n/a
191.31103515625	0.3	0.0	1	391805	n/a
191.3193359375	0.3	1.0	2	391822	n/a
191.32763671875	0.3	0.0	1	391839	n/a
191.3359375	0.3	1.0	2	391856	n/a
191.34423828125	0.3	0.0	1	391873	n/a
191.3525390625	0.3	1.0	2	391890	n/a
191.36083984375	0.3	1.0	2	391907	n/a
191.369140625	0.3	0.0	1	391924	n/a
191.37744140625	0.3	0.0	1	391941	n/a
191.3857421875	0.3	1.0	2	391958	n/a
191.39404296875	0.3	1.0	2	391975	n/a
191.40234375	0.3	0.0	1	391992	n/a
191.41064453125	0.3	1.0	2	392009	n/a
191.4189453125	0.3	0.0	1	392026	n/a
191.427734375	0.3	0.0	1	392044	n/a
191.43603515625	0.3	1.0	2	392061	n/a
191.4443359375	0.3	1.0	2	392078	n/a
191.45263671875	0.3	0.0	1	392095	n/a
191.4609375	0.3	1.0	2	392112	n/a
191.46923828125	0.3	0.0	1	392129	n/a
191.4775390625	0.3	1.0	2	392146	n/a
191.48583984375	0.3	0.0	1	392163	n/a
191.494140625	0.3	0.0	1	392180	n/a
191.50244140625	0.3	1.0	2	392197	n/a
191.5107421875	0.3	1.0	2	392214	n/a
191.51904296875	0.3	0.0	1	392231	n/a
191.52734375	0.3	0.0	1	392248	n/a
191.53564453125	0.3	1.0	2	392265	n/a
191.5439453125	0.3	1.0	2	392282	n/a
191.552734375	0.3	0.0	1	392300	n/a
191.56103515625	0.3	0.0	1	392317	n/a
191.5693359375	0.3	1.0	2	392334	n/a
191.57763671875	0.3	0.0	1	392351	n/a
191.5859375	0.3	1.0	2	392368	n/a
191.59423828125	0.3	1.0	2	392385	n/a
191.6025390625	0.3	0.0	1	392402	n/a
191.61083984375	0.3	0.0	1	392419	n/a
191.619140625	0.3	1.0	2	392436	n/a
191.62744140625	0.3	1.0	2	392453	n/a
191.6357421875	0.3	0.0	1	392470	n/a
191.64404296875	0.3	0.0	1	392487	n/a
191.65234375	0.3	1.0	2	392504	n/a
191.66064453125	0.3	1.0	2	392521	n/a
191.6689453125	0.3	0.0	1	392538	n/a
191.677734375	0.3	0.0	1	392556	n/a
191.68603515625	0.3	1.0	2	392573	n/a
191.6943359375	0.3	1.0	2	392590	n/a
191.70263671875	0.3	0.0	1	392607	n/a
191.7109375	0.3	1.0	2	392624	n/a
191.71923828125	0.3	0.0	1	392641	n/a
191.7275390625	0.3	0.0	1	392658	n/a
191.73583984375	0.3	1.0	2	392675	n/a
191.744140625	0.3	0.0	1	392692	n/a
191.75244140625	0.3	1.0	2	392709	n/a
191.7607421875	0.3	1.0	2	392726	n/a
191.76904296875	0.3	0.0	1	392743	n/a
191.77734375	0.3	1.0	2	392760	n/a
191.78564453125	0.3	0.0	1	392777	n/a
191.7939453125	0.3	0.0	1	392794	n/a
191.802734375	0.3	1.0	2	392812	n/a
191.81103515625	0.3	1.0	2	392829	n/a
191.8193359375	0.3	0.0	1	392846	n/a
191.82763671875	0.3	1.0	2	392863	n/a
191.8359375	0.3	0.0	1	392880	n/a
191.84423828125	0.3	1.0	2	392897	n/a
191.8525390625	0.3	0.0	1	392914	n/a
191.86083984375	0.3	0.0	1	392931	n/a
191.869140625	0.3	1.0	2	392948	n/a
191.87744140625	0.3	1.0	2	392965	n/a
191.8857421875	0.3	0.0	1	392982	n/a
191.89404296875	0.3	0.0	1	392999	n/a
191.90234375	0.3	1.0	2	393016	n/a
191.91064453125	0.3	0.0	1	393033	n/a
191.9189453125	0.3	1.0	2	393050	n/a
191.927734375	0.3	1.0	2	393068	n/a
191.93603515625	0.3	0.0	1	393085	n/a
191.9443359375	0.3	1.0	2	393102	n/a
191.95263671875	0.3	0.0	1	393119	n/a
191.9609375	0.3	1.0	2	393136	n/a
191.96923828125	0.3	0.0	1	393153	n/a
191.9775390625	0.3	0.0	1	393170	n/a
191.98583984375	0.3	1.0	2	393187	n/a
191.994140625	0.3	0.0	1	393204	n/a
192.00244140625	0.3	1.0	2	393221	n/a
192.0107421875	0.3	0.0	1	393238	n/a
192.01904296875	0.3	1.0	2	393255	n/a
192.02734375	0.3	1.0	2	393272	n/a
192.03564453125	0.3	0.0	1	393289	n/a
192.0439453125	0.3	0.0	1	393306	n/a
192.052734375	0.3	1.0	2	393324	n/a
192.06103515625	0.3	1.0	2	393341	n/a
192.0693359375	0.3	0.0	1	393358	n/a
192.07763671875	0.3	1.0	2	393375	n/a
192.0859375	0.3	0.0	1	393392	n/a
192.09423828125	0.3	0.0	1	393409	n/a
192.1025390625	0.3	1.0	2	393426	n/a
192.11083984375	0.3	1.0	2	393443	n/a
192.119140625	0.3	0.0	1	393460	n/a
192.12744140625	0.3	0.0	1	393477	n/a
192.1357421875	0.3	1.0	2	393494	n/a
192.14404296875	0.3	0.0	1	393511	n/a
192.15234375	0.3	1.0	2	393528	n/a
192.16064453125	0.3	1.0	2	393545	n/a
192.1689453125	0.3	0.0	1	393562	n/a
192.177734375	0.3	1.0	2	393580	n/a
192.18603515625	0.3	0.0	1	393597	n/a
192.1943359375	0.3	0.0	1	393614	n/a
192.20263671875	0.3	1.0	2	393631	n/a
192.2109375	0.3	0.0	1	393648	n/a
192.21923828125	0.3	1.0	2	393665	n/a
192.2275390625	0.3	0.0	1	393682	n/a
192.23583984375	0.3	1.0	2	393699	n/a
192.244140625	0.3	0.0	1	393716	n/a
192.25244140625	0.3	1.0	2	393733	n/a
192.2607421875	0.3	1.0	2	393750	n/a
192.26904296875	0.3	0.0	1	393767	n/a
192.27734375	0.3	0.0	1	393784	n/a
192.28564453125	0.3	1.0	2	393801	n/a
192.2939453125	0.3	1.0	2	393818	n/a
192.302734375	0.3	0.0	1	393836	n/a
192.31103515625	0.3	0.0	1	393853	n/a
192.3193359375	0.3	1.0	2	393870	n/a
192.32763671875	0.3	0.0	1	393887	n/a
192.3359375	0.3	1.0	2	393904	n/a
192.34423828125	0.3	1.0	2	393921	n/a
192.3525390625	0.3	0.0	1	393938	n/a
192.36083984375	0.3	0.0	1	393955	n/a
192.369140625	0.3	1.0	2	393972	n/a
192.37744140625	0.3	0.0	1	393989	n/a
192.3857421875	0.3	1.0	2	394006	n/a
192.39404296875	0.3	0.0	1	394023	n/a
192.40234375	0.3	1.0	2	394040	n/a
192.41064453125	0.3	1.0	2	394057	n/a
192.4189453125	0.3	0.0	1	394074	n/a
192.427734375	0.3	0.0	1	394092	n/a
192.43603515625	0.3	1.0	2	394109	n/a
192.4443359375	0.3	1.0	2	394126	n/a
192.45263671875	0.3	0.0	1	394143	n/a
192.4609375	0.3	1.0	2	394160	n/a
192.46923828125	0.3	0.0	1	394177	n/a
192.4775390625	0.3	0.0	1	394194	n/a
192.48583984375	0.3	1.0	2	394211	n/a
192.494140625	0.3	1.0	2	394228	n/a
192.50244140625	0.3	0.0	1	394245	n/a
192.5107421875	0.3	1.0	2	394262	n/a
192.51904296875	0.3	0.0	1	394279	n/a
192.52734375	0.3	1.0	2	394296	n/a
192.53564453125	0.3	0.0	1	394313	n/a
192.5439453125	0.3	0.0	1	394330	n/a
192.552734375	0.3	1.0	2	394348	n/a
192.56103515625	0.3	1.0	2	394365	n/a
192.5693359375	0.3	0.0	1	394382	n/a
192.57763671875	0.3	0.0	1	394399	n/a
192.5859375	0.3	1.0	2	394416	n/a
192.59423828125	0.3	1.0	2	394433	n/a
192.6025390625	0.3	0.0	1	394450	n/a
192.61083984375	0.3	0.0	1	394467	n/a
192.619140625	0.3	1.0	2	394484	n/a
192.62744140625	0.3	0.0	1	394501	n/a
192.6357421875	0.3	1.0	2	394518	n/a
192.64404296875	0.3	1.0	2	394535	n/a
192.65234375	0.3	0.0	1	394552	n/a
192.66064453125	0.3	0.0	1	394569	n/a
192.6689453125	0.3	1.0	2	394586	n/a
192.677734375	0.3	1.0	2	394604	n/a
192.68603515625	0.3	0.0	1	394621	n/a
192.6943359375	0.3	0.0	1	394638	n/a
192.70263671875	0.3	1.0	2	394655	n/a
192.7109375	0.3	1.0	2	394672	n/a
192.71923828125	0.3	0.0	1	394689	n/a
192.7275390625	0.3	0.0	1	394706	n/a
192.73583984375	0.3	1.0	2	394723	n/a
192.744140625	0.3	1.0	2	394740	n/a
192.75244140625	0.3	0.0	1	394757	n/a
192.7607421875	0.3	1.0	2	394774	n/a
192.76904296875	0.3	0.0	1	394791	n/a
192.77734375	0.3	0.0	1	394808	n/a
192.78564453125	0.3	1.0	2	394825	n/a
192.7939453125	0.3	0.0	1	394842	n/a
192.802734375	0.3	1.0	2	394860	n/a
192.81103515625	0.3	1.0	2	394877	n/a
192.8193359375	0.3	0.0	1	394894	n/a
192.82763671875	0.3	1.0	2	394911	n/a
192.8359375	0.3	0.0	1	394928	n/a
192.84423828125	0.3	0.0	1	394945	n/a
192.8525390625	0.3	1.0	2	394962	n/a
192.86083984375	0.3	1.0	2	394979	n/a
192.869140625	0.3	0.0	1	394996	n/a
192.87744140625	0.3	1.0	2	395013	n/a
192.8857421875	0.3	0.0	1	395030	n/a
192.89404296875	0.3	1.0	2	395047	n/a
192.90234375	0.3	0.0	1	395064	n/a
192.91064453125	0.3	0.0	1	395081	n/a
192.9189453125	0.3	1.0	2	395098	n/a
192.927734375	0.3	1.0	2	395116	n/a
192.93603515625	0.3	0.0	1	395133	n/a
192.9443359375	0.3	0.0	1	395150	n/a
192.95263671875	0.3	1.0	2	395167	n/a
192.9609375	0.3	0.0	1	395184	n/a
192.96923828125	0.3	1.0	2	395201	n/a
192.9775390625	0.3	1.0	2	395218	n/a
192.98583984375	0.3	0.0	1	395235	n/a
192.994140625	0.3	1.0	2	395252	n/a
193.00244140625	0.3	0.0	1	395269	n/a
193.0107421875	0.3	1.0	2	395286	n/a
193.01904296875	0.3	0.0	1	395303	n/a
193.02734375	0.3	0.0	1	395320	n/a
193.03564453125	0.3	1.0	2	395337	n/a
193.0439453125	0.3	0.0	1	395354	n/a
193.052734375	0.3	1.0	2	395372	n/a
193.06103515625	0.3	0.0	1	395389	n/a
193.0693359375	0.3	1.0	2	395406	n/a
193.07763671875	0.3	1.0	2	395423	n/a
193.0859375	0.3	0.0	1	395440	n/a
193.09423828125	0.3	0.0	1	395457	n/a
193.1025390625	0.3	1.0	2	395474	n/a
193.11083984375	0.3	1.0	2	395491	n/a
193.119140625	0.3	0.0	1	395508	n/a
193.12744140625	0.3	1.0	2	395525	n/a
193.1357421875	0.3	0.0	1	395542	n/a
193.14404296875	0.3	0.0	1	395559	n/a
193.15234375	0.3	1.0	2	395576	n/a
193.16064453125	0.3	1.0	2	395593	n/a
193.1689453125	0.3	0.0	1	395610	n/a
193.177734375	0.3	0.0	1	395628	n/a
193.18603515625	0.3	1.0	2	395645	n/a
193.1943359375	0.3	0.0	1	395662	n/a
193.20263671875	0.3	1.0	2	395679	n/a
193.2109375	0.3	1.0	2	395696	n/a
193.21923828125	0.3	0.0	1	395713	n/a
193.2275390625	0.3	1.0	2	395730	n/a
193.23583984375	0.3	0.0	1	395747	n/a
193.244140625	0.3	0.0	1	395764	n/a
193.25244140625	0.3	1.0	2	395781	n/a
193.2607421875	0.3	0.0	1	395798	n/a
193.26904296875	0.3	1.0	2	395815	n/a
193.27734375	0.3	0.0	1	395832	n/a
193.28564453125	0.3	1.0	2	395849	n/a
193.2939453125	0.3	0.0	1	395866	n/a
193.302734375	0.3	1.0	2	395884	n/a
195.67822265625	0.3	0.0	1	400749	25.0
195.6865234375	0.3	1.0	2	400766	n/a
195.69482421875	0.3	1.0	2	400783	n/a
195.703125	0.3	0.0	1	400800	n/a
195.71142578125	0.3	1.0	2	400817	n/a
195.7197265625	0.3	0.0	1	400834	n/a
195.72802734375	0.3	1.0	2	400851	n/a
195.736328125	0.3	0.0	1	400868	n/a
195.7451171875	0.3	1.0	2	400886	n/a
195.75341796875	0.3	0.0	1	400903	n/a
195.76171875	0.3	0.0	1	400920	n/a
195.77001953125	0.3	1.0	2	400937	n/a
195.7783203125	0.3	0.0	1	400954	n/a
195.78662109375	0.3	1.0	2	400971	n/a
195.794921875	0.3	1.0	2	400988	n/a
195.80322265625	0.3	0.0	1	401005	n/a
195.8115234375	0.3	0.0	1	401022	n/a
195.81982421875	0.3	1.0	2	401039	n/a
195.828125	0.3	0.0	1	401056	n/a
195.83642578125	0.3	1.0	2	401073	n/a
195.8447265625	0.3	1.0	2	401090	n/a
195.85302734375	0.3	0.0	1	401107	n/a
195.861328125	0.3	1.0	2	401124	n/a
195.8701171875	0.3	0.0	1	401142	n/a
195.87841796875	0.3	0.0	1	401159	n/a
195.88671875	0.3	1.0	2	401176	n/a
195.89501953125	0.3	0.0	1	401193	n/a
195.9033203125	0.3	1.0	2	401210	n/a
195.91162109375	0.3	1.0	2	401227	n/a
195.919921875	0.3	0.0	1	401244	n/a
195.92822265625	0.3	0.0	1	401261	n/a
195.9365234375	0.3	1.0	2	401278	n/a
195.94482421875	0.3	0.0	1	401295	n/a
195.953125	0.3	1.0	2	401312	n/a
195.96142578125	0.3	0.0	1	401329	n/a
195.9697265625	0.3	1.0	2	401346	n/a
195.97802734375	0.3	0.0	1	401363	n/a
195.986328125	0.3	1.0	2	401380	n/a
195.9951171875	0.3	1.0	2	401398	n/a
196.00341796875	0.3	0.0	1	401415	n/a
196.01171875	0.3	1.0	2	401432	n/a
196.02001953125	0.3	0.0	1	401449	n/a
196.0283203125	0.3	0.0	1	401466	n/a
196.03662109375	0.3	1.0	2	401483	n/a
196.044921875	0.3	0.0	1	401500	n/a
196.05322265625	0.3	1.0	2	401517	n/a
196.0615234375	0.3	0.0	1	401534	n/a
196.06982421875	0.3	1.0	2	401551	n/a
196.078125	0.3	0.0	1	401568	n/a
196.08642578125	0.3	1.0	2	401585	n/a
196.0947265625	0.3	1.0	2	401602	n/a
196.10302734375	0.3	0.0	1	401619	n/a
196.111328125	0.3	1.0	2	401636	n/a
196.1201171875	0.3	0.0	1	401654	n/a
196.12841796875	0.3	1.0	2	401671	n/a
196.13671875	0.3	0.0	1	401688	n/a
196.14501953125	0.3	0.0	1	401705	n/a
196.1533203125	0.3	1.0	2	401722	n/a
196.16162109375	0.3	1.0	2	401739	n/a
196.169921875	0.3	0.0	1	401756	n/a
196.17822265625	0.3	1.0	2	401773	n/a
196.1865234375	0.3	0.0	1	401790	n/a
196.19482421875	0.3	1.0	2	401807	n/a
196.203125	0.3	0.0	1	401824	n/a
196.21142578125	0.3	1.0	2	401841	n/a
196.2197265625	0.3	0.0	1	401858	n/a
196.22802734375	0.3	0.0	1	401875	n/a
196.236328125	0.3	1.0	2	401892	n/a
196.2451171875	0.3	1.0	2	401910	n/a
196.25341796875	0.3	0.0	1	401927	n/a
196.26171875	0.3	0.0	1	401944	n/a
196.27001953125	0.3	1.0	2	401961	n/a
196.2783203125	0.3	1.0	2	401978	n/a
196.28662109375	0.3	0.0	1	401995	n/a
196.294921875	0.3	1.0	2	402012	n/a
196.30322265625	0.3	0.0	1	402029	n/a
196.3115234375	0.3	1.0	2	402046	n/a
196.31982421875	0.3	0.0	1	402063	n/a
196.328125	0.3	1.0	2	402080	n/a
196.33642578125	0.3	0.0	1	402097	n/a
196.3447265625	0.3	1.0	2	402114	n/a
196.35302734375	0.3	0.0	1	402131	n/a
196.361328125	0.3	1.0	2	402148	n/a
196.3701171875	0.3	0.0	1	402166	n/a
196.37841796875	0.3	1.0	2	402183	n/a
196.38671875	0.3	0.0	1	402200	n/a
196.39501953125	0.3	0.0	1	402217	n/a
196.4033203125	0.3	1.0	2	402234	n/a
196.41162109375	0.3	0.0	1	402251	n/a
196.419921875	0.3	1.0	2	402268	n/a
196.42822265625	0.3	0.0	1	402285	n/a
196.4365234375	0.3	1.0	2	402302	n/a
196.44482421875	0.3	1.0	2	402319	n/a
196.453125	0.3	0.0	1	402336	n/a
196.46142578125	0.3	0.0	1	402353	n/a
196.4697265625	0.3	1.0	2	402370	n/a
196.47802734375	0.3	0.0	1	402387	n/a
196.486328125	0.3	1.0	2	402404	n/a
196.4951171875	0.3	0.0	1	402422	n/a
196.50341796875	0.3	1.0	2	402439	n/a
196.51171875	0.3	0.0	1	402456	n/a
196.52001953125	0.3	1.0	2	402473	n/a
196.5283203125	0.3	0.0	1	402490	n/a
196.53662109375	0.3	1.0	2	402507	n/a
196.544921875	0.3	1.0	2	402524	n/a
196.55322265625	0.3	0.0	1	402541	n/a
196.5615234375	0.3	1.0	2	402558	n/a
196.56982421875	0.3	0.0	1	402575	n/a
196.578125	0.3	1.0	2	402592	n/a
196.58642578125	0.3	0.0	1	402609	n/a
196.5947265625	0.3	0.0	1	402626	n/a
196.60302734375	0.3	1.0	2	402643	n/a
196.611328125	0.3	0.0	1	402660	n/a
196.6201171875	0.3	1.0	2	402678	n/a
196.62841796875	0.3	0.0	1	402695	n/a
196.63671875	0.3	1.0	2	402712	n/a
196.64501953125	0.3	0.0	1	402729	n/a
196.6533203125	0.3	1.0	2	402746	n/a
196.66162109375	0.3	0.0	1	402763	n/a
196.669921875	0.3	1.0	2	402780	n/a
196.67822265625	0.3	0.0	1	402797	n/a
196.6865234375	0.3	1.0	2	402814	n/a
196.69482421875	0.3	1.0	2	402831	n/a
196.703125	0.3	0.0	1	402848	n/a
196.71142578125	0.3	1.0	2	402865	n/a
196.7197265625	0.3	0.0	1	402882	n/a
196.72802734375	0.3	0.0	1	402899	n/a
196.736328125	0.3	1.0	2	402916	n/a
196.7451171875	0.3	1.0	2	402934	n/a
196.75341796875	0.3	0.0	1	402951	n/a
196.76171875	0.3	1.0	2	402968	n/a
196.77001953125	0.3	0.0	1	402985	n/a
196.7783203125	0.3	1.0	2	403002	n/a
196.78662109375	0.3	0.0	1	403019	n/a
196.794921875	0.3	1.0	2	403036	n/a
196.80322265625	0.3	0.0	1	403053	n/a
196.8115234375	0.3	0.0	1	403070	n/a
196.81982421875	0.3	1.0	2	403087	n/a
196.828125	0.3	0.0	1	403104	n/a
196.83642578125	0.3	1.0	2	403121	n/a
196.8447265625	0.3	1.0	2	403138	n/a
196.85302734375	0.3	0.0	1	403155	n/a
196.861328125	0.3	0.0	1	403172	n/a
196.8701171875	0.3	1.0	2	403190	n/a
196.87841796875	0.3	0.0	1	403207	n/a
196.88671875	0.3	1.0	2	403224	n/a
196.89501953125	0.3	1.0	2	403241	n/a
196.9033203125	0.3	0.0	1	403258	n/a
196.91162109375	0.3	1.0	2	403275	n/a
196.919921875	0.3	0.0	1	403292	n/a
196.92822265625	0.3	0.0	1	403309	n/a
196.9365234375	0.3	1.0	2	403326	n/a
196.94482421875	0.3	0.0	1	403343	n/a
196.953125	0.3	1.0	2	403360	n/a
196.96142578125	0.3	1.0	2	403377	n/a
196.9697265625	0.3	0.0	1	403394	n/a
196.97802734375	0.3	0.0	1	403411	n/a
196.986328125	0.3	1.0	2	403428	n/a
196.9951171875	0.3	0.0	1	403446	n/a
197.00341796875	0.3	1.0	2	403463	n/a
197.01171875	0.3	0.0	1	403480	n/a
197.02001953125	0.3	1.0	2	403497	n/a
197.0283203125	0.3	0.0	1	403514	n/a
197.03662109375	0.3	1.0	2	403531	n/a
197.044921875	0.3	1.0	2	403548	n/a
197.05322265625	0.3	0.0	1	403565	n/a
197.0615234375	0.3	1.0	2	403582	n/a
197.06982421875	0.3	0.0	1	403599	n/a
197.078125	0.3	0.0	1	403616	n/a
197.08642578125	0.3	1.0	2	403633	n/a
197.0947265625	0.3	0.0	1	403650	n/a
197.10302734375	0.3	1.0	2	403667	n/a
197.111328125	0.3	0.0	1	403684	n/a
197.1201171875	0.3	1.0	2	403702	n/a
197.12841796875	0.3	0.0	1	403719	n/a
197.13671875	0.3	1.0	2	403736	n/a
197.14501953125	0.3	1.0	2	403753	n/a
197.1533203125	0.3	0.0	1	403770	n/a
197.16162109375	0.3	1.0	2	403787	n/a
197.169921875	0.3	0.0	1	403804	n/a
197.17822265625	0.3	1.0	2	403821	n/a
197.1865234375	0.3	0.0	1	403838	n/a
197.19482421875	0.3	0.0	1	403855	n/a
197.203125	0.3	1.0	2	403872	n/a
197.21142578125	0.3	1.0	2	403889	n/a
197.2197265625	0.3	0.0	1	403906	n/a
197.22802734375	0.3	1.0	2	403923	n/a
197.236328125	0.3	0.0	1	403940	n/a
197.2451171875	0.3	1.0	2	403958	n/a
197.25341796875	0.3	0.0	1	403975	n/a
197.26171875	0.3	1.0	2	403992	n/a
197.27001953125	0.3	0.0	1	404009	n/a
197.2783203125	0.3	0.0	1	404026	n/a
197.28662109375	0.3	1.0	2	404043	n/a
197.294921875	0.3	1.0	2	404060	n/a
197.30322265625	0.3	0.0	1	404077	n/a
197.3115234375	0.3	0.0	1	404094	n/a
197.31982421875	0.3	1.0	2	404111	n/a
197.328125	0.3	1.0	2	404128	n/a
197.33642578125	0.3	0.0	1	404145	n/a
197.3447265625	0.3	1.0	2	404162	n/a
197.35302734375	0.3	0.0	1	404179	n/a
197.361328125	0.3	1.0	2	404196	n/a
197.3701171875	0.3	0.0	1	404214	n/a
197.37841796875	0.3	1.0	2	404231	n/a
197.38671875	0.3	0.0	1	404248	n/a
197.39501953125	0.3	1.0	2	404265	n/a
197.4033203125	0.3	0.0	1	404282	n/a
197.41162109375	0.3	1.0	2	404299	n/a
197.419921875	0.3	0.0	1	404316	n/a
197.42822265625	0.3	1.0	2	404333	n/a
197.4365234375	0.3	0.0	1	404350	n/a
197.44482421875	0.3	0.0	1	404367	n/a
197.453125	0.3	1.0	2	404384	n/a
197.46142578125	0.3	0.0	1	404401	n/a
197.4697265625	0.3	1.0	2	404418	n/a
197.47802734375	0.3	0.0	1	404435	n/a
197.486328125	0.3	1.0	2	404452	n/a
197.4951171875	0.3	1.0	2	404470	n/a
197.50341796875	0.3	0.0	1	404487	n/a
197.51171875	0.3	0.0	1	404504	n/a
197.52001953125	0.3	1.0	2	404521	n/a
197.5283203125	0.3	0.0	1	404538	n/a
197.53662109375	0.3	1.0	2	404555	n/a
197.544921875	0.3	0.0	1	404572	n/a
197.55322265625	0.3	1.0	2	404589	n/a
197.5615234375	0.3	0.0	1	404606	n/a
197.56982421875	0.3	1.0	2	404623	n/a
197.578125	0.3	0.0	1	404640	n/a
197.58642578125	0.3	1.0	2	404657	n/a
197.5947265625	0.3	1.0	2	404674	n/a
197.60302734375	0.3	0.0	1	404691	n/a
197.611328125	0.3	1.0	2	404708	n/a
197.6201171875	0.3	0.0	1	404726	n/a
197.62841796875	0.3	1.0	2	404743	n/a
197.63671875	0.3	0.0	1	404760	n/a
197.64501953125	0.3	0.0	1	404777	n/a
197.6533203125	0.3	1.0	2	404794	n/a
197.66162109375	0.3	0.0	1	404811	n/a
197.669921875	0.3	1.0	2	404828	n/a
197.67822265625	0.3	0.0	1	404845	n/a
197.6865234375	0.3	1.0	2	404862	n/a
197.69482421875	0.3	0.0	1	404879	n/a
197.703125	0.3	1.0	2	404896	n/a
197.71142578125	0.3	0.0	1	404913	n/a
197.7197265625	0.3	1.0	2	404930	n/a
197.72802734375	0.3	0.0	1	404947	n/a
197.736328125	0.3	1.0	2	404964	n/a
197.7451171875	0.3	1.0	2	404982	n/a
197.75341796875	0.3	0.0	1	404999	n/a
197.76171875	0.3	1.0	2	405016	n/a
197.77001953125	0.3	0.0	1	405033	n/a
197.7783203125	0.3	0.0	1	405050	n/a
197.78662109375	0.3	1.0	2	405067	n/a
197.794921875	0.3	1.0	2	405084	n/a
197.80322265625	0.3	0.0	1	405101	n/a
197.8115234375	0.3	1.0	2	405118	n/a
197.81982421875	0.3	0.0	1	405135	n/a
197.828125	0.3	1.0	2	405152	n/a
197.83642578125	0.3	0.0	1	405169	n/a
197.8447265625	0.3	1.0	2	405186	n/a
197.85302734375	0.3	0.0	1	405203	n/a
197.861328125	0.3	0.0	1	405220	n/a
197.8701171875	0.3	1.0	2	405238	n/a
197.87841796875	0.3	0.0	1	405255	n/a
197.88671875	0.3	1.0	2	405272	n/a
197.89501953125	0.3	1.0	2	405289	n/a
197.9033203125	0.3	0.0	1	405306	n/a
197.91162109375	0.3	0.0	1	405323	n/a
197.919921875	0.3	1.0	2	405340	n/a
197.92822265625	0.3	0.0	1	405357	n/a
197.9365234375	0.3	1.0	2	405374	n/a
197.94482421875	0.3	1.0	2	405391	n/a
197.953125	0.3	0.0	1	405408	n/a
197.96142578125	0.3	1.0	2	405425	n/a
197.9697265625	0.3	0.0	1	405442	n/a
197.97802734375	0.3	0.0	1	405459	n/a
197.986328125	0.3	1.0	2	405476	n/a
197.9951171875	0.3	0.0	1	405494	n/a
198.00341796875	0.3	1.0	2	405511	n/a
198.01171875	0.3	1.0	2	405528	n/a
198.02001953125	0.3	0.0	1	405545	n/a
198.0283203125	0.3	0.0	1	405562	n/a
198.03662109375	0.3	1.0	2	405579	n/a
198.044921875	0.3	0.0	1	405596	n/a
198.05322265625	0.3	1.0	2	405613	n/a
198.0615234375	0.3	0.0	1	405630	n/a
198.06982421875	0.3	1.0	2	405647	n/a
198.078125	0.3	0.0	1	405664	n/a
198.08642578125	0.3	1.0	2	405681	n/a
198.0947265625	0.3	1.0	2	405698	n/a
198.10302734375	0.3	0.0	1	405715	n/a
198.111328125	0.3	1.0	2	405732	n/a
198.1201171875	0.3	0.0	1	405750	n/a
198.12841796875	0.3	0.0	1	405767	n/a
198.13671875	0.3	1.0	2	405784	n/a
198.14501953125	0.3	0.0	1	405801	n/a
198.1533203125	0.3	1.0	2	405818	n/a
198.16162109375	0.3	0.0	1	405835	n/a
198.169921875	0.3	1.0	2	405852	n/a
198.17822265625	0.3	0.0	1	405869	n/a
198.1865234375	0.3	1.0	2	405886	n/a
198.19482421875	0.3	1.0	2	405903	n/a
198.203125	0.3	0.0	1	405920	n/a
198.21142578125	0.3	1.0	2	405937	n/a
198.2197265625	0.3	0.0	1	405954	n/a
198.22802734375	0.3	1.0	2	405971	n/a
198.236328125	0.3	0.0	1	405988	n/a
198.2451171875	0.3	0.0	1	406006	n/a
198.25341796875	0.3	1.0	2	406023	n/a
198.26171875	0.3	1.0	2	406040	n/a
198.27001953125	0.3	0.0	1	406057	n/a
198.2783203125	0.3	1.0	2	406074	n/a
198.28662109375	0.3	0.0	1	406091	n/a
198.294921875	0.3	1.0	2	406108	n/a
198.30322265625	0.3	0.0	1	406125	n/a
198.3115234375	0.3	1.0	2	406142	n/a
198.31982421875	0.3	0.0	1	406159	n/a
198.328125	0.3	0.0	1	406176	n/a
198.33642578125	0.3	1.0	2	406193	n/a
198.3447265625	0.3	1.0	2	406210	n/a
198.35302734375	0.3	0.0	1	406227	n/a
198.361328125	0.3	0.0	1	406244	n/a
198.3701171875	0.3	1.0	2	406262	n/a
198.37841796875	0.3	1.0	2	406279	n/a
198.38671875	0.3	0.0	1	406296	n/a
198.39501953125	0.3	1.0	2	406313	n/a
198.4033203125	0.3	0.0	1	406330	n/a
198.41162109375	0.3	1.0	2	406347	n/a
198.419921875	0.3	0.0	1	406364	n/a
198.42822265625	0.3	1.0	2	406381	n/a
198.4365234375	0.3	0.0	1	406398	n/a
198.44482421875	0.3	1.0	2	406415	n/a
198.453125	0.3	0.0	1	406432	n/a
198.46142578125	0.3	1.0	2	406449	n/a
198.4697265625	0.3	0.0	1	406466	n/a
198.47802734375	0.3	1.0	2	406483	n/a
198.486328125	0.3	0.0	1	406500	n/a
198.4951171875	0.3	0.0	1	406518	n/a
198.50341796875	0.3	1.0	2	406535	n/a
198.51171875	0.3	0.0	1	406552	n/a
198.52001953125	0.3	1.0	2	406569	n/a
198.5283203125	0.3	0.0	1	406586	n/a
198.53662109375	0.3	1.0	2	406603	n/a
198.544921875	0.3	1.0	2	406620	n/a
198.55322265625	0.3	0.0	1	406637	n/a
198.5615234375	0.3	0.0	1	406654	n/a
198.56982421875	0.3	1.0	2	406671	n/a
198.578125	0.3	0.0	1	406688	n/a
198.58642578125	0.3	1.0	2	406705	n/a
198.5947265625	0.3	0.0	1	406722	n/a
198.60302734375	0.3	1.0	2	406739	n/a
198.611328125	0.3	0.0	1	406756	n/a
198.6201171875	0.3	1.0	2	406774	n/a
198.62841796875	0.3	0.0	1	406791	n/a
198.63671875	0.3	1.0	2	406808	n/a
198.64501953125	0.3	1.0	2	406825	n/a
198.6533203125	0.3	0.0	1	406842	n/a
198.66162109375	0.3	1.0	2	406859	n/a
198.669921875	0.3	0.0	1	406876	n/a
198.67822265625	0.3	1.0	2	406893	n/a
198.6865234375	0.3	0.0	1	406910	n/a
198.69482421875	0.3	0.0	1	406927	n/a
198.703125	0.3	1.0	2	406944	n/a
198.71142578125	0.3	0.0	1	406961	n/a
198.7197265625	0.3	1.0	2	406978	n/a
198.72802734375	0.3	0.0	1	406995	n/a
198.736328125	0.3	1.0	2	407012	n/a
198.7451171875	0.3	0.0	1	407030	n/a
198.75341796875	0.3	1.0	2	407047	n/a
198.76171875	0.3	0.0	1	407064	n/a
198.77001953125	0.3	1.0	2	407081	n/a
198.7783203125	0.3	0.0	1	407098	n/a
198.78662109375	0.3	1.0	2	407115	n/a
198.794921875	0.3	1.0	2	407132	n/a
198.80322265625	0.3	0.0	1	407149	n/a
198.8115234375	0.3	1.0	2	407166	n/a
198.81982421875	0.3	0.0	1	407183	n/a
198.828125	0.3	0.0	1	407200	n/a
198.83642578125	0.3	1.0	2	407217	n/a
198.8447265625	0.3	1.0	2	407234	n/a
198.85302734375	0.3	0.0	1	407251	n/a
198.861328125	0.3	1.0	2	407268	n/a
198.8701171875	0.3	0.0	1	407286	n/a
198.87841796875	0.3	1.0	2	407303	n/a
198.88671875	0.3	0.0	1	407320	n/a
198.89501953125	0.3	1.0	2	407337	n/a
198.9033203125	0.3	0.0	1	407354	n/a
198.91162109375	0.3	0.0	1	407371	n/a
198.919921875	0.3	1.0	2	407388	n/a
198.92822265625	0.3	0.0	1	407405	n/a
198.9365234375	0.3	1.0	2	407422	n/a
198.94482421875	0.3	1.0	2	407439	n/a
198.953125	0.3	0.0	1	407456	n/a
198.96142578125	0.3	0.0	1	407473	n/a
198.9697265625	0.3	1.0	2	407490	n/a
198.97802734375	0.3	0.0	1	407507	n/a
198.986328125	0.3	1.0	2	407524	n/a
198.9951171875	0.3	1.0	2	407542	n/a
199.00341796875	0.3	0.0	1	407559	n/a
199.01171875	0.3	1.0	2	407576	n/a
199.02001953125	0.3	0.0	1	407593	n/a
199.0283203125	0.3	0.0	1	407610	n/a
199.03662109375	0.3	1.0	2	407627	n/a
199.044921875	0.3	0.0	1	407644	n/a
199.05322265625	0.3	1.0	2	407661	n/a
199.0615234375	0.3	1.0	2	407678	n/a
199.06982421875	0.3	0.0	1	407695	n/a
199.078125	0.3	0.0	1	407712	n/a
199.08642578125	0.3	1.0	2	407729	n/a
199.0947265625	0.3	0.0	1	407746	n/a
199.10302734375	0.3	1.0	2	407763	n/a
199.111328125	0.3	0.0	1	407780	n/a
199.1201171875	0.3	1.0	2	407798	n/a
199.12841796875	0.3	0.0	1	407815	n/a
199.13671875	0.3	1.0	2	407832	n/a
199.14501953125	0.3	1.0	2	407849	n/a
199.1533203125	0.3	0.0	1	407866	n/a
199.16162109375	0.3	1.0	2	407883	n/a
199.169921875	0.3	0.0	1	407900	n/a
199.17822265625	0.3	0.0	1	407917	n/a
199.1865234375	0.3	1.0	2	407934	n/a
199.19482421875	0.3	0.0	1	407951	n/a
199.203125	0.3	1.0	2	407968	n/a
199.21142578125	0.3	0.0	1	407985	n/a
199.2197265625	0.3	1.0	2	408002	n/a
199.22802734375	0.3	0.0	1	408019	n/a
199.236328125	0.3	1.0	2	408036	n/a
199.2451171875	0.3	1.0	2	408054	n/a
199.25341796875	0.3	0.0	1	408071	n/a
199.26171875	0.3	1.0	2	408088	n/a
199.27001953125	0.3	0.0	1	408105	n/a
199.2783203125	0.3	1.0	2	408122	n/a
199.28662109375	0.3	0.0	1	408139	n/a
199.294921875	0.3	0.0	1	408156	n/a
199.30322265625	0.3	1.0	2	408173	n/a
199.3115234375	0.3	1.0	2	408190	n/a
199.31982421875	0.3	0.0	1	408207	n/a
199.328125	0.3	1.0	2	408224	n/a
199.33642578125	0.3	0.0	1	408241	n/a
199.3447265625	0.3	1.0	2	408258	n/a
199.35302734375	0.3	0.0	1	408275	n/a
199.361328125	0.3	1.0	2	408292	n/a
199.3701171875	0.3	0.0	1	408310	n/a
199.37841796875	0.3	0.0	1	408327	n/a
199.38671875	0.3	1.0	2	408344	n/a
199.39501953125	0.3	1.0	2	408361	n/a
199.4033203125	0.3	0.0	1	408378	n/a
199.41162109375	0.3	0.0	1	408395	n/a
199.419921875	0.3	1.0	2	408412	n/a
199.42822265625	0.3	1.0	2	408429	n/a
199.4365234375	0.3	0.0	1	408446	n/a
199.44482421875	0.3	1.0	2	408463	n/a
199.453125	0.3	0.0	1	408480	n/a
199.46142578125	0.3	1.0	2	408497	n/a
199.4697265625	0.3	0.0	1	408514	n/a
199.47802734375	0.3	1.0	2	408531	n/a
199.486328125	0.3	0.0	1	408548	n/a
199.4951171875	0.3	1.0	2	408566	n/a
199.50341796875	0.3	0.0	1	408583	n/a
199.51171875	0.3	1.0	2	408600	n/a
199.52001953125	0.3	0.0	1	408617	n/a
199.5283203125	0.3	1.0	2	408634	n/a
199.53662109375	0.3	0.0	1	408651	n/a
199.544921875	0.3	0.0	1	408668	n/a
199.55322265625	0.3	1.0	2	408685	n/a
199.5615234375	0.3	0.0	1	408702	n/a
199.56982421875	0.3	1.0	2	408719	n/a
199.578125	0.3	0.0	1	408736	n/a
199.58642578125	0.3	1.0	2	408753	n/a
199.5947265625	0.3	1.0	2	408770	n/a
199.60302734375	0.3	0.0	1	408787	n/a
199.611328125	0.3	0.0	1	408804	n/a
199.6201171875	0.3	1.0	2	408822	n/a
199.62841796875	0.3	0.0	1	408839	n/a
199.63671875	0.3	1.0	2	408856	n/a
199.64501953125	0.3	0.0	1	408873	n/a
199.6533203125	0.3	1.0	2	408890	n/a
199.66162109375	0.3	0.0	1	408907	n/a
199.669921875	0.3	1.0	2	408924	n/a
199.67822265625	0.3	0.0	1	408941	n/a
199.6865234375	0.3	1.0	2	408958	n/a
199.69482421875	0.3	1.0	2	408975	n/a
199.703125	0.3	0.0	1	408992	n/a
199.71142578125	0.3	1.0	2	409009	n/a
199.7197265625	0.3	0.0	1	409026	n/a
199.72802734375	0.3	1.0	2	409043	n/a
199.736328125	0.3	0.0	1	409060	n/a
199.7451171875	0.3	0.0	1	409078	n/a
199.75341796875	0.3	1.0	2	409095	n/a
199.76171875	0.3	0.0	1	409112	n/a
199.77001953125	0.3	1.0	2	409129	n/a
199.7783203125	0.3	0.0	1	409146	n/a
199.78662109375	0.3	1.0	2	409163	n/a
199.794921875	0.3	0.0	1	409180	n/a
199.80322265625	0.3	1.0	2	409197	n/a
199.8115234375	0.3	0.0	1	409214	n/a
199.81982421875	0.3	1.0	2	409231	n/a
199.828125	0.3	0.0	1	409248	n/a
199.83642578125	0.3	1.0	2	409265	n/a
199.8447265625	0.3	1.0	2	409282	n/a
199.85302734375	0.3	0.0	1	409299	n/a
199.861328125	0.3	1.0	2	409316	n/a
199.8701171875	0.3	0.0	1	409334	n/a
202.27880859375	0.3	1.0	2	414267	6.0
202.287109375	0.3	0.0	1	414284	n/a
202.29541015625	0.3	0.0	1	414301	n/a
202.3037109375	0.3	1.0	2	414318	n/a
202.31201171875	0.3	1.0	2	414335	n/a
202.3203125	0.3	0.0	1	414352	n/a
202.32861328125	0.3	1.0	2	414369	n/a
202.3369140625	0.3	0.0	1	414386	n/a
202.345703125	0.3	0.0	1	414404	n/a
202.35400390625	0.3	1.0	2	414421	n/a
202.3623046875	0.3	1.0	2	414438	n/a
202.37060546875	0.3	0.0	1	414455	n/a
202.37890625	0.3	1.0	2	414472	n/a
202.38720703125	0.3	0.0	1	414489	n/a
202.3955078125	0.3	0.0	1	414506	n/a
202.40380859375	0.3	1.0	2	414523	n/a
202.412109375	0.3	0.0	1	414540	n/a
202.42041015625	0.3	1.0	2	414557	n/a
202.4287109375	0.3	1.0	2	414574	n/a
202.43701171875	0.3	0.0	1	414591	n/a
202.4453125	0.3	0.0	1	414608	n/a
202.45361328125	0.3	1.0	2	414625	n/a
202.4619140625	0.3	0.0	1	414642	n/a
202.470703125	0.3	1.0	2	414660	n/a
202.47900390625	0.3	0.0	1	414677	n/a
202.4873046875	0.3	1.0	2	414694	n/a
202.49560546875	0.3	1.0	2	414711	n/a
202.50390625	0.3	0.0	1	414728	n/a
202.51220703125	0.3	1.0	2	414745	n/a
202.5205078125	0.3	0.0	1	414762	n/a
202.52880859375	0.3	1.0	2	414779	n/a
202.537109375	0.3	0.0	1	414796	n/a
202.54541015625	0.3	1.0	2	414813	n/a
202.5537109375	0.3	0.0	1	414830	n/a
202.56201171875	0.3	0.0	1	414847	n/a
202.5703125	0.3	1.0	2	414864	n/a
202.57861328125	0.3	1.0	2	414881	n/a
202.5869140625	0.3	0.0	1	414898	n/a
202.595703125	0.3	1.0	2	414916	n/a
202.60400390625	0.3	0.0	1	414933	n/a
202.6123046875	0.3	1.0	2	414950	n/a
202.62060546875	0.3	0.0	1	414967	n/a
202.62890625	0.3	1.0	2	414984	n/a
202.63720703125	0.3	0.0	1	415001	n/a
202.6455078125	0.3	1.0	2	415018	n/a
202.65380859375	0.3	0.0	1	415035	n/a
202.662109375	0.3	0.0	1	415052	n/a
202.67041015625	0.3	1.0	2	415069	n/a
202.6787109375	0.3	1.0	2	415086	n/a
202.68701171875	0.3	0.0	1	415103	n/a
202.6953125	0.3	0.0	1	415120	n/a
202.70361328125	0.3	1.0	2	415137	n/a
202.7119140625	0.3	1.0	2	415154	n/a
202.720703125	0.3	0.0	1	415172	n/a
202.72900390625	0.3	1.0	2	415189	n/a
202.7373046875	0.3	0.0	1	415206	n/a
202.74560546875	0.3	0.0	1	415223	n/a
202.75390625	0.3	1.0	2	415240	n/a
202.76220703125	0.3	0.0	1	415257	n/a
202.7705078125	0.3	1.0	2	415274	n/a
202.77880859375	0.3	1.0	2	415291	n/a
202.787109375	0.3	0.0	1	415308	n/a
202.79541015625	0.3	1.0	2	415325	n/a
202.8037109375	0.3	0.0	1	415342	n/a
202.81201171875	0.3	0.0	1	415359	n/a
202.8203125	0.3	1.0	2	415376	n/a
202.82861328125	0.3	0.0	1	415393	n/a
202.8369140625	0.3	1.0	2	415410	n/a
202.845703125	0.3	1.0	2	415428	n/a
202.85400390625	0.3	0.0	1	415445	n/a
202.8623046875	0.3	0.0	1	415462	n/a
202.87060546875	0.3	1.0	2	415479	n/a
202.87890625	0.3	1.0	2	415496	n/a
202.88720703125	0.3	0.0	1	415513	n/a
202.8955078125	0.3	0.0	1	415530	n/a
202.90380859375	0.3	1.0	2	415547	n/a
202.912109375	0.3	0.0	1	415564	n/a
202.92041015625	0.3	1.0	2	415581	n/a
202.9287109375	0.3	0.0	1	415598	n/a
202.93701171875	0.3	1.0	2	415615	n/a
202.9453125	0.3	1.0	2	415632	n/a
202.95361328125	0.3	0.0	1	415649	n/a
202.9619140625	0.3	1.0	2	415666	n/a
202.970703125	0.3	0.0	1	415684	n/a
202.97900390625	0.3	1.0	2	415701	n/a
202.9873046875	0.3	0.0	1	415718	n/a
202.99560546875	0.3	0.0	1	415735	n/a
203.00390625	0.3	1.0	2	415752	n/a
203.01220703125	0.3	0.0	1	415769	n/a
203.0205078125	0.3	1.0	2	415786	n/a
203.02880859375	0.3	1.0	2	415803	n/a
203.037109375	0.3	0.0	1	415820	n/a
203.04541015625	0.3	1.0	2	415837	n/a
203.0537109375	0.3	0.0	1	415854	n/a
203.06201171875	0.3	1.0	2	415871	n/a
203.0703125	0.3	0.0	1	415888	n/a
203.07861328125	0.3	1.0	2	415905	n/a
203.0869140625	0.3	0.0	1	415922	n/a
203.095703125	0.3	1.0	2	415940	n/a
203.10400390625	0.3	0.0	1	415957	n/a
203.1123046875	0.3	1.0	2	415974	n/a
203.12060546875	0.3	0.0	1	415991	n/a
203.12890625	0.3	1.0	2	416008	n/a
203.13720703125	0.3	0.0	1	416025	n/a
203.1455078125	0.3	0.0	1	416042	n/a
203.15380859375	0.3	1.0	2	416059	n/a
203.162109375	0.3	1.0	2	416076	n/a
203.17041015625	0.3	0.0	1	416093	n/a
203.1787109375	0.3	1.0	2	416110	n/a
203.18701171875	0.3	0.0	1	416127	n/a
203.1953125	0.3	1.0	2	416144	n/a
203.20361328125	0.3	0.0	1	416161	n/a
203.2119140625	0.3	0.0	1	416178	n/a
203.220703125	0.3	1.0	2	416196	n/a
203.22900390625	0.3	1.0	2	416213	n/a
203.2373046875	0.3	0.0	1	416230	n/a
203.24560546875	0.3	0.0	1	416247	n/a
203.25390625	0.3	1.0	2	416264	n/a
203.26220703125	0.3	1.0	2	416281	n/a
203.2705078125	0.3	0.0	1	416298	n/a
203.27880859375	0.3	0.0	1	416315	n/a
203.287109375	0.3	1.0	2	416332	n/a
203.29541015625	0.3	1.0	2	416349	n/a
203.3037109375	0.3	0.0	1	416366	n/a
203.31201171875	0.3	1.0	2	416383	n/a
203.3203125	0.3	0.0	1	416400	n/a
203.32861328125	0.3	1.0	2	416417	n/a
203.3369140625	0.3	0.0	1	416434	n/a
203.345703125	0.3	0.0	1	416452	n/a
203.35400390625	0.3	1.0	2	416469	n/a
203.3623046875	0.3	1.0	2	416486	n/a
203.37060546875	0.3	0.0	1	416503	n/a
203.37890625	0.3	1.0	2	416520	n/a
203.38720703125	0.3	0.0	1	416537	n/a
203.3955078125	0.3	0.0	1	416554	n/a
203.40380859375	0.3	1.0	2	416571	n/a
203.412109375	0.3	1.0	2	416588	n/a
203.42041015625	0.3	0.0	1	416605	n/a
203.4287109375	0.3	1.0	2	416622	n/a
203.43701171875	0.3	0.0	1	416639	n/a
203.4453125	0.3	0.0	1	416656	n/a
203.45361328125	0.3	1.0	2	416673	n/a
203.4619140625	0.3	0.0	1	416690	n/a
203.470703125	0.3	1.0	2	416708	n/a
203.47900390625	0.3	1.0	2	416725	n/a
203.4873046875	0.3	0.0	1	416742	n/a
203.49560546875	0.3	0.0	1	416759	n/a
203.50390625	0.3	1.0	2	416776	n/a
203.51220703125	0.3	0.0	1	416793	n/a
203.5205078125	0.3	1.0	2	416810	n/a
203.52880859375	0.3	0.0	1	416827	n/a
203.537109375	0.3	1.0	2	416844	n/a
203.54541015625	0.3	1.0	2	416861	n/a
203.5537109375	0.3	0.0	1	416878	n/a
203.56201171875	0.3	1.0	2	416895	n/a
203.5703125	0.3	0.0	1	416912	n/a
203.57861328125	0.3	1.0	2	416929	n/a
203.5869140625	0.3	0.0	1	416946	n/a
203.595703125	0.3	1.0	2	416964	n/a
203.60400390625	0.3	0.0	1	416981	n/a
203.6123046875	0.3	0.0	1	416998	n/a
203.62060546875	0.3	1.0	2	417015	n/a
203.62890625	0.3	1.0	2	417032	n/a
203.63720703125	0.3	0.0	1	417049	n/a
203.6455078125	0.3	1.0	2	417066	n/a
203.65380859375	0.3	0.0	1	417083	n/a
203.662109375	0.3	1.0	2	417100	n/a
203.67041015625	0.3	0.0	1	417117	n/a
203.6787109375	0.3	1.0	2	417134	n/a
203.68701171875	0.3	0.0	1	417151	n/a
203.6953125	0.3	1.0	2	417168	n/a
203.70361328125	0.3	0.0	1	417185	n/a
203.7119140625	0.3	0.0	1	417202	n/a
203.720703125	0.3	1.0	2	417220	n/a
203.72900390625	0.3	1.0	2	417237	n/a
203.7373046875	0.3	0.0	1	417254	n/a
203.74560546875	0.3	0.0	1	417271	n/a
203.75390625	0.3	1.0	2	417288	n/a
203.76220703125	0.3	1.0	2	417305	n/a
203.7705078125	0.3	0.0	1	417322	n/a
203.77880859375	0.3	1.0	2	417339	n/a
203.787109375	0.3	0.0	1	417356	n/a
203.79541015625	0.3	0.0	1	417373	n/a
203.8037109375	0.3	1.0	2	417390	n/a
203.81201171875	0.3	0.0	1	417407	n/a
203.8203125	0.3	1.0	2	417424	n/a
203.82861328125	0.3	1.0	2	417441	n/a
203.8369140625	0.3	0.0	1	417458	n/a
203.845703125	0.3	1.0	2	417476	n/a
203.85400390625	0.3	0.0	1	417493	n/a
203.8623046875	0.3	0.0	1	417510	n/a
203.87060546875	0.3	1.0	2	417527	n/a
203.87890625	0.3	0.0	1	417544	n/a
203.88720703125	0.3	1.0	2	417561	n/a
203.8955078125	0.3	1.0	2	417578	n/a
203.90380859375	0.3	0.0	1	417595	n/a
203.912109375	0.3	0.0	1	417612	n/a
203.92041015625	0.3	1.0	2	417629	n/a
203.9287109375	0.3	1.0	2	417646	n/a
203.93701171875	0.3	0.0	1	417663	n/a
203.9453125	0.3	0.0	1	417680	n/a
203.95361328125	0.3	1.0	2	417697	n/a
203.9619140625	0.3	0.0	1	417714	n/a
203.970703125	0.3	1.0	2	417732	n/a
203.97900390625	0.3	0.0	1	417749	n/a
203.9873046875	0.3	1.0	2	417766	n/a
203.99560546875	0.3	1.0	2	417783	n/a
204.00390625	0.3	0.0	1	417800	n/a
204.01220703125	0.3	1.0	2	417817	n/a
204.0205078125	0.3	0.0	1	417834	n/a
204.02880859375	0.3	1.0	2	417851	n/a
204.037109375	0.3	0.0	1	417868	n/a
204.04541015625	0.3	0.0	1	417885	n/a
204.0537109375	0.3	1.0	2	417902	n/a
204.06201171875	0.3	0.0	1	417919	n/a
204.0703125	0.3	1.0	2	417936	n/a
204.07861328125	0.3	1.0	2	417953	n/a
204.0869140625	0.3	0.0	1	417970	n/a
204.095703125	0.3	1.0	2	417988	n/a
204.10400390625	0.3	0.0	1	418005	n/a
204.1123046875	0.3	1.0	2	418022	n/a
204.12060546875	0.3	0.0	1	418039	n/a
204.12890625	0.3	1.0	2	418056	n/a
204.13720703125	0.3	0.0	1	418073	n/a
204.1455078125	0.3	1.0	2	418090	n/a
204.15380859375	0.3	0.0	1	418107	n/a
204.162109375	0.3	1.0	2	418124	n/a
204.17041015625	0.3	0.0	1	418141	n/a
204.1787109375	0.3	1.0	2	418158	n/a
204.18701171875	0.3	0.0	1	418175	n/a
204.1953125	0.3	0.0	1	418192	n/a
204.20361328125	0.3	1.0	2	418209	n/a
204.2119140625	0.3	1.0	2	418226	n/a
204.220703125	0.3	0.0	1	418244	n/a
204.22900390625	0.3	1.0	2	418261	n/a
204.2373046875	0.3	0.0	1	418278	n/a
204.24560546875	0.3	1.0	2	418295	n/a
204.25390625	0.3	0.0	1	418312	n/a
204.26220703125	0.3	0.0	1	418329	n/a
204.2705078125	0.3	1.0	2	418346	n/a
204.27880859375	0.3	1.0	2	418363	n/a
204.287109375	0.3	0.0	1	418380	n/a
204.29541015625	0.3	0.0	1	418397	n/a
204.3037109375	0.3	1.0	2	418414	n/a
204.31201171875	0.3	1.0	2	418431	n/a
204.3203125	0.3	0.0	1	418448	n/a
204.32861328125	0.3	0.0	1	418465	n/a
204.3369140625	0.3	1.0	2	418482	n/a
204.345703125	0.3	1.0	2	418500	n/a
204.35400390625	0.3	0.0	1	418517	n/a
204.3623046875	0.3	1.0	2	418534	n/a
204.37060546875	0.3	0.0	1	418551	n/a
204.37890625	0.3	1.0	2	418568	n/a
204.38720703125	0.3	0.0	1	418585	n/a
204.3955078125	0.3	0.0	1	418602	n/a
204.40380859375	0.3	1.0	2	418619	n/a
204.412109375	0.3	1.0	2	418636	n/a
204.42041015625	0.3	0.0	1	418653	n/a
204.4287109375	0.3	1.0	2	418670	n/a
204.43701171875	0.3	0.0	1	418687	n/a
204.4453125	0.3	0.0	1	418704	n/a
204.45361328125	0.3	1.0	2	418721	n/a
204.4619140625	0.3	1.0	2	418738	n/a
204.470703125	0.3	0.0	1	418756	n/a
204.47900390625	0.3	1.0	2	418773	n/a
204.4873046875	0.3	0.0	1	418790	n/a
204.49560546875	0.3	0.0	1	418807	n/a
204.50390625	0.3	1.0	2	418824	n/a
204.51220703125	0.3	0.0	1	418841	n/a
204.5205078125	0.3	1.0	2	418858	n/a
204.52880859375	0.3	1.0	2	418875	n/a
204.537109375	0.3	0.0	1	418892	n/a
204.54541015625	0.3	0.0	1	418909	n/a
204.5537109375	0.3	1.0	2	418926	n/a
204.56201171875	0.3	0.0	1	418943	n/a
204.5703125	0.3	1.0	2	418960	n/a
204.57861328125	0.3	0.0	1	418977	n/a
204.5869140625	0.3	1.0	2	418994	n/a
204.595703125	0.3	1.0	2	419012	n/a
204.60400390625	0.3	0.0	1	419029	n/a
204.6123046875	0.3	1.0	2	419046	n/a
204.62060546875	0.3	0.0	1	419063	n/a
204.62890625	0.3	1.0	2	419080	n/a
204.63720703125	0.3	0.0	1	419097	n/a
204.6455078125	0.3	1.0	2	419114	n/a
204.65380859375	0.3	0.0	1	419131	n/a
204.662109375	0.3	0.0	1	419148	n/a
204.67041015625	0.3	1.0	2	419165	n/a
204.6787109375	0.3	1.0	2	419182	n/a
204.68701171875	0.3	0.0	1	419199	n/a
204.6953125	0.3	1.0	2	419216	n/a
204.70361328125	0.3	0.0	1	419233	n/a
204.7119140625	0.3	1.0	2	419250	n/a
204.720703125	0.3	0.0	1	419268	n/a
204.72900390625	0.3	1.0	2	419285	n/a
204.7373046875	0.3	0.0	1	419302	n/a
204.74560546875	0.3	1.0	2	419319	n/a
204.75390625	0.3	0.0	1	419336	n/a
204.76220703125	0.3	0.0	1	419353	n/a
204.7705078125	0.3	1.0	2	419370	n/a
204.77880859375	0.3	1.0	2	419387	n/a
204.787109375	0.3	0.0	1	419404	n/a
204.79541015625	0.3	0.0	1	419421	n/a
204.8037109375	0.3	1.0	2	419438	n/a
204.81201171875	0.3	1.0	2	419455	n/a
204.8203125	0.3	0.0	1	419472	n/a
204.82861328125	0.3	1.0	2	419489	n/a
204.8369140625	0.3	0.0	1	419506	n/a
204.845703125	0.3	0.0	1	419524	n/a
204.85400390625	0.3	1.0	2	419541	n/a
204.8623046875	0.3	0.0	1	419558	n/a
204.87060546875	0.3	1.0	2	419575	n/a
204.87890625	0.3	1.0	2	419592	n/a
204.88720703125	0.3	0.0	1	419609	n/a
204.8955078125	0.3	1.0	2	419626	n/a
204.90380859375	0.3	0.0	1	419643	n/a
204.912109375	0.3	0.0	1	419660	n/a
204.92041015625	0.3	1.0	2	419677	n/a
204.9287109375	0.3	0.0	1	419694	n/a
204.93701171875	0.3	1.0	2	419711	n/a
204.9453125	0.3	1.0	2	419728	n/a
204.95361328125	0.3	0.0	1	419745	n/a
204.9619140625	0.3	0.0	1	419762	n/a
204.970703125	0.3	1.0	2	419780	n/a
204.97900390625	0.3	1.0	2	419797	n/a
204.9873046875	0.3	0.0	1	419814	n/a
204.99560546875	0.3	0.0	1	419831	n/a
205.00390625	0.3	1.0	2	419848	n/a
205.01220703125	0.3	0.0	1	419865	n/a
205.0205078125	0.3	1.0	2	419882	n/a
205.02880859375	0.3	0.0	1	419899	n/a
205.037109375	0.3	1.0	2	419916	n/a
205.04541015625	0.3	1.0	2	419933	n/a
205.0537109375	0.3	0.0	1	419950	n/a
205.06201171875	0.3	1.0	2	419967	n/a
205.0703125	0.3	0.0	1	419984	n/a
205.07861328125	0.3	1.0	2	420001	n/a
205.0869140625	0.3	0.0	1	420018	n/a
205.095703125	0.3	0.0	1	420036	n/a
205.10400390625	0.3	1.0	2	420053	n/a
205.1123046875	0.3	0.0	1	420070	n/a
205.12060546875	0.3	1.0	2	420087	n/a
205.12890625	0.3	1.0	2	420104	n/a
205.13720703125	0.3	0.0	1	420121	n/a
205.1455078125	0.3	1.0	2	420138	n/a
205.15380859375	0.3	0.0	1	420155	n/a
205.162109375	0.3	1.0	2	420172	n/a
205.17041015625	0.3	0.0	1	420189	n/a
205.1787109375	0.3	1.0	2	420206	n/a
205.18701171875	0.3	0.0	1	420223	n/a
205.1953125	0.3	1.0	2	420240	n/a
205.20361328125	0.3	0.0	1	420257	n/a
205.2119140625	0.3	1.0	2	420274	n/a
205.220703125	0.3	0.0	1	420292	n/a
205.22900390625	0.3	1.0	2	420309	n/a
205.2373046875	0.3	0.0	1	420326	n/a
205.24560546875	0.3	0.0	1	420343	n/a
205.25390625	0.3	1.0	2	420360	n/a
205.26220703125	0.3	1.0	2	420377	n/a
205.2705078125	0.3	0.0	1	420394	n/a
205.27880859375	0.3	1.0	2	420411	n/a
205.287109375	0.3	0.0	1	420428	n/a
205.29541015625	0.3	1.0	2	420445	n/a
205.3037109375	0.3	0.0	1	420462	n/a
205.31201171875	0.3	0.0	1	420479	n/a
205.3203125	0.3	1.0	2	420496	n/a
205.32861328125	0.3	1.0	2	420513	n/a
205.3369140625	0.3	0.0	1	420530	n/a
205.345703125	0.3	0.0	1	420548	n/a
205.35400390625	0.3	1.0	2	420565	n/a
205.3623046875	0.3	1.0	2	420582	n/a
205.37060546875	0.3	0.0	1	420599	n/a
205.37890625	0.3	0.0	1	420616	n/a
205.38720703125	0.3	1.0	2	420633	n/a
205.3955078125	0.3	1.0	2	420650	n/a
205.40380859375	0.3	0.0	1	420667	n/a
205.412109375	0.3	1.0	2	420684	n/a
205.42041015625	0.3	0.0	1	420701	n/a
205.4287109375	0.3	1.0	2	420718	n/a
205.43701171875	0.3	0.0	1	420735	n/a
205.4453125	0.3	0.0	1	420752	n/a
205.45361328125	0.3	1.0	2	420769	n/a
205.4619140625	0.3	1.0	2	420786	n/a
205.470703125	0.3	0.0	1	420804	n/a
205.47900390625	0.3	1.0	2	420821	n/a
205.4873046875	0.3	0.0	1	420838	n/a
205.49560546875	0.3	0.0	1	420855	n/a
205.50390625	0.3	1.0	2	420872	n/a
205.51220703125	0.3	1.0	2	420889	n/a
205.5205078125	0.3	0.0	1	420906	n/a
205.52880859375	0.3	1.0	2	420923	n/a
205.537109375	0.3	0.0	1	420940	n/a
205.54541015625	0.3	0.0	1	420957	n/a
205.5537109375	0.3	1.0	2	420974	n/a
205.56201171875	0.3	0.0	1	420991	n/a
205.5703125	0.3	1.0	2	421008	n/a
205.57861328125	0.3	1.0	2	421025	n/a
205.5869140625	0.3	0.0	1	421042	n/a
205.595703125	0.3	0.0	1	421060	n/a
205.60400390625	0.3	1.0	2	421077	n/a
205.6123046875	0.3	0.0	1	421094	n/a
205.62060546875	0.3	1.0	2	421111	n/a
205.62890625	0.3	0.0	1	421128	n/a
205.63720703125	0.3	1.0	2	421145	n/a
205.6455078125	0.3	1.0	2	421162	n/a
205.65380859375	0.3	0.0	1	421179	n/a
205.662109375	0.3	1.0	2	421196	n/a
205.67041015625	0.3	0.0	1	421213	n/a
205.6787109375	0.3	1.0	2	421230	n/a
205.68701171875	0.3	0.0	1	421247	n/a
205.6953125	0.3	1.0	2	421264	n/a
205.70361328125	0.3	0.0	1	421281	n/a
205.7119140625	0.3	0.0	1	421298	n/a
205.720703125	0.3	1.0	2	421316	n/a
205.72900390625	0.3	1.0	2	421333	n/a
205.7373046875	0.3	0.0	1	421350	n/a
205.74560546875	0.3	1.0	2	421367	n/a
205.75390625	0.3	0.0	1	421384	n/a
205.76220703125	0.3	1.0	2	421401	n/a
205.7705078125	0.3	0.0	1	421418	n/a
205.77880859375	0.3	1.0	2	421435	n/a
205.787109375	0.3	0.0	1	421452	n/a
205.79541015625	0.3	1.0	2	421469	n/a
205.8037109375	0.3	0.0	1	421486	n/a
205.81201171875	0.3	0.0	1	421503	n/a
205.8203125	0.3	1.0	2	421520	n/a
205.82861328125	0.3	1.0	2	421537	n/a
205.8369140625	0.3	0.0	1	421554	n/a
205.845703125	0.3	0.0	1	421572	n/a
205.85400390625	0.3	1.0	2	421589	n/a
205.8623046875	0.3	1.0	2	421606	n/a
205.87060546875	0.3	0.0	1	421623	n/a
205.87890625	0.3	1.0	2	421640	n/a
205.88720703125	0.3	0.0	1	421657	n/a
205.8955078125	0.3	0.0	1	421674	n/a
205.90380859375	0.3	1.0	2	421691	n/a
205.912109375	0.3	0.0	1	421708	n/a
205.92041015625	0.3	1.0	2	421725	n/a
205.9287109375	0.3	1.0	2	421742	n/a
205.93701171875	0.3	0.0	1	421759	n/a
205.9453125	0.3	1.0	2	421776	n/a
205.95361328125	0.3	0.0	1	421793	n/a
205.9619140625	0.3	0.0	1	421810	n/a
205.970703125	0.3	1.0	2	421828	n/a
205.97900390625	0.3	0.0	1	421845	n/a
205.9873046875	0.3	1.0	2	421862	n/a
205.99560546875	0.3	1.0	2	421879	n/a
206.00390625	0.3	0.0	1	421896	n/a
206.01220703125	0.3	0.0	1	421913	n/a
206.0205078125	0.3	1.0	2	421930	n/a
206.02880859375	0.3	1.0	2	421947	n/a
206.037109375	0.3	0.0	1	421964	n/a
206.04541015625	0.3	0.0	1	421981	n/a
206.0537109375	0.3	1.0	2	421998	n/a
206.06201171875	0.3	0.0	1	422015	n/a
206.0703125	0.3	1.0	2	422032	n/a
206.07861328125	0.3	0.0	1	422049	n/a
206.0869140625	0.3	1.0	2	422066	n/a
206.095703125	0.3	1.0	2	422084	n/a
206.10400390625	0.3	0.0	1	422101	n/a
206.1123046875	0.3	1.0	2	422118	n/a
206.12060546875	0.3	0.0	1	422135	n/a
206.12890625	0.3	1.0	2	422152	n/a
206.13720703125	0.3	0.0	1	422169	n/a
206.1455078125	0.3	0.0	1	422186	n/a
206.15380859375	0.3	1.0	2	422203	n/a
206.162109375	0.3	0.0	1	422220	n/a
206.17041015625	0.3	1.0	2	422237	n/a
206.1787109375	0.3	1.0	2	422254	n/a
206.18701171875	0.3	0.0	1	422271	n/a
206.1953125	0.3	1.0	2	422288	n/a
206.20361328125	0.3	0.0	1	422305	n/a
206.2119140625	0.3	1.0	2	422322	n/a
206.220703125	0.3	0.0	1	422340	n/a
206.22900390625	0.3	1.0	2	422357	n/a
206.2373046875	0.3	0.0	1	422374	n/a
206.24560546875	0.3	1.0	2	422391	n/a
206.25390625	0.3	0.0	1	422408	n/a
206.26220703125	0.3	1.0	2	422425	n/a
206.2705078125	0.3	0.0	1	422442	n/a
206.27880859375	0.3	1.0	2	422459	n/a
206.287109375	0.3	0.0	1	422476	n/a
206.29541015625	0.3	0.0	1	422493	n/a
206.3037109375	0.3	1.0	2	422510	n/a
206.31201171875	0.3	1.0	2	422527	n/a
206.3203125	0.3	0.0	1	422544	n/a
206.32861328125	0.3	1.0	2	422561	n/a
206.3369140625	0.3	0.0	1	422578	n/a
206.345703125	0.3	1.0	2	422596	n/a
206.35400390625	0.3	0.0	1	422613	n/a
206.3623046875	0.3	0.0	1	422630	n/a
206.37060546875	0.3	1.0	2	422647	n/a
206.37890625	0.3	1.0	2	422664	n/a
206.38720703125	0.3	0.0	1	422681	n/a
206.3955078125	0.3	0.0	1	422698	n/a
206.40380859375	0.3	1.0	2	422715	n/a
206.412109375	0.3	1.0	2	422732	n/a
206.42041015625	0.3	0.0	1	422749	n/a
206.4287109375	0.3	0.0	1	422766	n/a
206.43701171875	0.3	1.0	2	422783	n/a
206.4453125	0.3	1.0	2	422800	n/a
206.45361328125	0.3	0.0	1	422817	n/a
206.4619140625	0.3	1.0	2	422834	n/a
206.470703125	0.3	0.0	1	422852	n/a
208.84619140625	0.3	1.0	2	427717	22.0
208.8544921875	0.3	0.0	1	427734	n/a
208.86279296875	0.3	0.0	1	427751	n/a
208.87109375	0.3	1.0	2	427768	n/a
208.87939453125	0.3	0.0	1	427785	n/a
208.8876953125	0.3	1.0	2	427802	n/a
208.89599609375	0.3	0.0	1	427819	n/a
208.904296875	0.3	1.0	2	427836	n/a
208.9130859375	0.3	1.0	2	427854	n/a
208.92138671875	0.3	0.0	1	427871	n/a
208.9296875	0.3	1.0	2	427888	n/a
208.93798828125	0.3	0.0	1	427905	n/a
208.9462890625	0.3	1.0	2	427922	n/a
208.95458984375	0.3	0.0	1	427939	n/a
208.962890625	0.3	0.0	1	427956	n/a
208.97119140625	0.3	1.0	2	427973	n/a
208.9794921875	0.3	0.0	1	427990	n/a
208.98779296875	0.3	1.0	2	428007	n/a
208.99609375	0.3	1.0	2	428024	n/a
209.00439453125	0.3	0.0	1	428041	n/a
209.0126953125	0.3	1.0	2	428058	n/a
209.02099609375	0.3	0.0	1	428075	n/a
209.029296875	0.3	0.0	1	428092	n/a
209.0380859375	0.3	1.0	2	428110	n/a
209.04638671875	0.3	1.0	2	428127	n/a
209.0546875	0.3	0.0	1	428144	n/a
209.06298828125	0.3	0.0	1	428161	n/a
209.0712890625	0.3	1.0	2	428178	n/a
209.07958984375	0.3	0.0	1	428195	n/a
209.087890625	0.3	1.0	2	428212	n/a
209.09619140625	0.3	0.0	1	428229	n/a
209.1044921875	0.3	1.0	2	428246	n/a
209.11279296875	0.3	0.0	1	428263	n/a
209.12109375	0.3	1.0	2	428280	n/a
209.12939453125	0.3	1.0	2	428297	n/a
209.1376953125	0.3	0.0	1	428314	n/a
209.14599609375	0.3	1.0	2	428331	n/a
209.154296875	0.3	0.0	1	428348	n/a
209.1630859375	0.3	1.0	2	428366	n/a
209.17138671875	0.3	0.0	1	428383	n/a
209.1796875	0.3	0.0	1	428400	n/a
209.18798828125	0.3	1.0	2	428417	n/a
209.1962890625	0.3	1.0	2	428434	n/a
209.20458984375	0.3	0.0	1	428451	n/a
209.212890625	0.3	0.0	1	428468	n/a
209.22119140625	0.3	1.0	2	428485	n/a
209.2294921875	0.3	0.0	1	428502	n/a
209.23779296875	0.3	1.0	2	428519	n/a
209.24609375	0.3	0.0	1	428536	n/a
209.25439453125	0.3	1.0	2	428553	n/a
209.2626953125	0.3	0.0	1	428570	n/a
209.27099609375	0.3	1.0	2	428587	n/a
209.279296875	0.3	1.0	2	428604	n/a
209.2880859375	0.3	0.0	1	428622	n/a
209.29638671875	0.3	1.0	2	428639	n/a
209.3046875	0.3	0.0	1	428656	n/a
209.31298828125	0.3	1.0	2	428673	n/a
209.3212890625	0.3	0.0	1	428690	n/a
209.32958984375	0.3	1.0	2	428707	n/a
209.337890625	0.3	0.0	1	428724	n/a
209.34619140625	0.3	1.0	2	428741	n/a
209.3544921875	0.3	0.0	1	428758	n/a
209.36279296875	0.3	1.0	2	428775	n/a
209.37109375	0.3	0.0	1	428792	n/a
209.37939453125	0.3	1.0	2	428809	n/a
209.3876953125	0.3	0.0	1	428826	n/a
209.39599609375	0.3	1.0	2	428843	n/a
209.404296875	0.3	0.0	1	428860	n/a
209.4130859375	0.3	0.0	1	428878	n/a
209.42138671875	0.3	1.0	2	428895	n/a
209.4296875	0.3	1.0	2	428912	n/a
209.43798828125	0.3	0.0	1	428929	n/a
209.4462890625	0.3	1.0	2	428946	n/a
209.45458984375	0.3	0.0	1	428963	n/a
209.462890625	0.3	1.0	2	428980	n/a
209.47119140625	0.3	0.0	1	428997	n/a
209.4794921875	0.3	1.0	2	429014	n/a
209.48779296875	0.3	0.0	1	429031	n/a
209.49609375	0.3	1.0	2	429048	n/a
209.50439453125	0.3	0.0	1	429065	n/a
209.5126953125	0.3	1.0	2	429082	n/a
209.52099609375	0.3	0.0	1	429099	n/a
209.529296875	0.3	0.0	1	429116	n/a
209.5380859375	0.3	1.0	2	429134	n/a
209.54638671875	0.3	1.0	2	429151	n/a
209.5546875	0.3	0.0	1	429168	n/a
209.56298828125	0.3	1.0	2	429185	n/a
209.5712890625	0.3	0.0	1	429202	n/a
209.57958984375	0.3	1.0	2	429219	n/a
209.587890625	0.3	0.0	1	429236	n/a
209.59619140625	0.3	1.0	2	429253	n/a
209.6044921875	0.3	0.0	1	429270	n/a
209.61279296875	0.3	0.0	1	429287	n/a
209.62109375	0.3	1.0	2	429304	n/a
209.62939453125	0.3	1.0	2	429321	n/a
209.6376953125	0.3	0.0	1	429338	n/a
209.64599609375	0.3	1.0	2	429355	n/a
209.654296875	0.3	0.0	1	429372	n/a
209.6630859375	0.3	0.0	1	429390	n/a
209.67138671875	0.3	1.0	2	429407	n/a
209.6796875	0.3	0.0	1	429424	n/a
209.68798828125	0.3	1.0	2	429441	n/a
209.6962890625	0.3	1.0	2	429458	n/a
209.70458984375	0.3	0.0	1	429475	n/a
209.712890625	0.3	1.0	2	429492	n/a
209.72119140625	0.3	0.0	1	429509	n/a
209.7294921875	0.3	0.0	1	429526	n/a
209.73779296875	0.3	1.0	2	429543	n/a
209.74609375	0.3	1.0	2	429560	n/a
209.75439453125	0.3	0.0	1	429577	n/a
209.7626953125	0.3	1.0	2	429594	n/a
209.77099609375	0.3	0.0	1	429611	n/a
209.779296875	0.3	0.0	1	429628	n/a
209.7880859375	0.3	1.0	2	429646	n/a
209.79638671875	0.3	0.0	1	429663	n/a
209.8046875	0.3	1.0	2	429680	n/a
209.81298828125	0.3	0.0	1	429697	n/a
209.8212890625	0.3	1.0	2	429714	n/a
209.82958984375	0.3	1.0	2	429731	n/a
209.837890625	0.3	0.0	1	429748	n/a
209.84619140625	0.3	1.0	2	429765	n/a
209.8544921875	0.3	0.0	1	429782	n/a
209.86279296875	0.3	1.0	2	429799	n/a
209.87109375	0.3	0.0	1	429816	n/a
209.87939453125	0.3	1.0	2	429833	n/a
209.8876953125	0.3	0.0	1	429850	n/a
209.89599609375	0.3	1.0	2	429867	n/a
209.904296875	0.3	0.0	1	429884	n/a
209.9130859375	0.3	0.0	1	429902	n/a
209.92138671875	0.3	1.0	2	429919	n/a
209.9296875	0.3	0.0	1	429936	n/a
209.93798828125	0.3	1.0	2	429953	n/a
209.9462890625	0.3	0.0	1	429970	n/a
209.95458984375	0.3	1.0	2	429987	n/a
209.962890625	0.3	1.0	2	430004	n/a
209.97119140625	0.3	0.0	1	430021	n/a
209.9794921875	0.3	1.0	2	430038	n/a
209.98779296875	0.3	0.0	1	430055	n/a
209.99609375	0.3	1.0	2	430072	n/a
210.00439453125	0.3	0.0	1	430089	n/a
210.0126953125	0.3	0.0	1	430106	n/a
210.02099609375	0.3	1.0	2	430123	n/a
210.029296875	0.3	0.0	1	430140	n/a
210.0380859375	0.3	1.0	2	430158	n/a
210.04638671875	0.3	1.0	2	430175	n/a
210.0546875	0.3	0.0	1	430192	n/a
210.06298828125	0.3	1.0	2	430209	n/a
210.0712890625	0.3	0.0	1	430226	n/a
210.07958984375	0.3	0.0	1	430243	n/a
210.087890625	0.3	1.0	2	430260	n/a
210.09619140625	0.3	1.0	2	430277	n/a
210.1044921875	0.3	0.0	1	430294	n/a
210.11279296875	0.3	0.0	1	430311	n/a
210.12109375	0.3	1.0	2	430328	n/a
210.12939453125	0.3	0.0	1	430345	n/a
210.1376953125	0.3	1.0	2	430362	n/a
210.14599609375	0.3	0.0	1	430379	n/a
210.154296875	0.3	1.0	2	430396	n/a
210.1630859375	0.3	0.0	1	430414	n/a
210.17138671875	0.3	1.0	2	430431	n/a
210.1796875	0.3	1.0	2	430448	n/a
210.18798828125	0.3	0.0	1	430465	n/a
210.1962890625	0.3	1.0	2	430482	n/a
210.20458984375	0.3	0.0	1	430499	n/a
210.212890625	0.3	1.0	2	430516	n/a
210.22119140625	0.3	0.0	1	430533	n/a
210.2294921875	0.3	0.0	1	430550	n/a
210.23779296875	0.3	1.0	2	430567	n/a
210.24609375	0.3	1.0	2	430584	n/a
210.25439453125	0.3	0.0	1	430601	n/a
210.2626953125	0.3	0.0	1	430618	n/a
210.27099609375	0.3	1.0	2	430635	n/a
210.279296875	0.3	0.0	1	430652	n/a
210.2880859375	0.3	1.0	2	430670	n/a
210.29638671875	0.3	0.0	1	430687	n/a
210.3046875	0.3	1.0	2	430704	n/a
210.31298828125	0.3	0.0	1	430721	n/a
210.3212890625	0.3	1.0	2	430738	n/a
210.32958984375	0.3	1.0	2	430755	n/a
210.337890625	0.3	0.0	1	430772	n/a
210.34619140625	0.3	1.0	2	430789	n/a
210.3544921875	0.3	0.0	1	430806	n/a
210.36279296875	0.3	1.0	2	430823	n/a
210.37109375	0.3	0.0	1	430840	n/a
210.37939453125	0.3	1.0	2	430857	n/a
210.3876953125	0.3	0.0	1	430874	n/a
210.39599609375	0.3	1.0	2	430891	n/a
210.404296875	0.3	0.0	1	430908	n/a
210.4130859375	0.3	1.0	2	430926	n/a
210.42138671875	0.3	0.0	1	430943	n/a
210.4296875	0.3	1.0	2	430960	n/a
210.43798828125	0.3	0.0	1	430977	n/a
210.4462890625	0.3	1.0	2	430994	n/a
210.45458984375	0.3	0.0	1	431011	n/a
210.462890625	0.3	0.0	1	431028	n/a
210.47119140625	0.3	1.0	2	431045	n/a
210.4794921875	0.3	1.0	2	431062	n/a
210.48779296875	0.3	0.0	1	431079	n/a
210.49609375	0.3	1.0	2	431096	n/a
210.50439453125	0.3	0.0	1	431113	n/a
210.5126953125	0.3	1.0	2	431130	n/a
210.52099609375	0.3	0.0	1	431147	n/a
210.529296875	0.3	1.0	2	431164	n/a
210.5380859375	0.3	0.0	1	431182	n/a
210.54638671875	0.3	1.0	2	431199	n/a
210.5546875	0.3	0.0	1	431216	n/a
210.56298828125	0.3	1.0	2	431233	n/a
210.5712890625	0.3	0.0	1	431250	n/a
210.57958984375	0.3	0.0	1	431267	n/a
210.587890625	0.3	1.0	2	431284	n/a
210.59619140625	0.3	1.0	2	431301	n/a
210.6044921875	0.3	0.0	1	431318	n/a
210.61279296875	0.3	1.0	2	431335	n/a
210.62109375	0.3	0.0	1	431352	n/a
210.62939453125	0.3	1.0	2	431369	n/a
210.6376953125	0.3	0.0	1	431386	n/a
210.64599609375	0.3	1.0	2	431403	n/a
210.654296875	0.3	0.0	1	431420	n/a
210.6630859375	0.3	0.0	1	431438	n/a
210.67138671875	0.3	1.0	2	431455	n/a
210.6796875	0.3	1.0	2	431472	n/a
210.68798828125	0.3	0.0	1	431489	n/a
210.6962890625	0.3	1.0	2	431506	n/a
210.70458984375	0.3	0.0	1	431523	n/a
210.712890625	0.3	0.0	1	431540	n/a
210.72119140625	0.3	1.0	2	431557	n/a
210.7294921875	0.3	0.0	1	431574	n/a
210.73779296875	0.3	1.0	2	431591	n/a
210.74609375	0.3	1.0	2	431608	n/a
210.75439453125	0.3	0.0	1	431625	n/a
210.7626953125	0.3	1.0	2	431642	n/a
210.77099609375	0.3	0.0	1	431659	n/a
210.779296875	0.3	0.0	1	431676	n/a
210.7880859375	0.3	1.0	2	431694	n/a
210.79638671875	0.3	1.0	2	431711	n/a
210.8046875	0.3	0.0	1	431728	n/a
210.81298828125	0.3	1.0	2	431745	n/a
210.8212890625	0.3	0.0	1	431762	n/a
210.82958984375	0.3	0.0	1	431779	n/a
210.837890625	0.3	1.0	2	431796	n/a
210.84619140625	0.3	0.0	1	431813	n/a
210.8544921875	0.3	1.0	2	431830	n/a
210.86279296875	0.3	0.0	1	431847	n/a
210.87109375	0.3	1.0	2	431864	n/a
210.87939453125	0.3	1.0	2	431881	n/a
210.8876953125	0.3	0.0	1	431898	n/a
210.89599609375	0.3	1.0	2	431915	n/a
210.904296875	0.3	0.0	1	431932	n/a
210.9130859375	0.3	1.0	2	431950	n/a
210.92138671875	0.3	0.0	1	431967	n/a
210.9296875	0.3	1.0	2	431984	n/a
210.93798828125	0.3	0.0	1	432001	n/a
210.9462890625	0.3	1.0	2	432018	n/a
210.95458984375	0.3	0.0	1	432035	n/a
210.962890625	0.3	0.0	1	432052	n/a
210.97119140625	0.3	1.0	2	432069	n/a
210.9794921875	0.3	0.0	1	432086	n/a
210.98779296875	0.3	1.0	2	432103	n/a
210.99609375	0.3	0.0	1	432120	n/a
211.00439453125	0.3	1.0	2	432137	n/a
211.0126953125	0.3	1.0	2	432154	n/a
211.02099609375	0.3	0.0	1	432171	n/a
211.029296875	0.3	1.0	2	432188	n/a
211.0380859375	0.3	0.0	1	432206	n/a
211.04638671875	0.3	1.0	2	432223	n/a
211.0546875	0.3	0.0	1	432240	n/a
211.06298828125	0.3	0.0	1	432257	n/a
211.0712890625	0.3	1.0	2	432274	n/a
211.07958984375	0.3	0.0	1	432291	n/a
211.087890625	0.3	1.0	2	432308	n/a
211.09619140625	0.3	1.0	2	432325	n/a
211.1044921875	0.3	0.0	1	432342	n/a
211.11279296875	0.3	1.0	2	432359	n/a
211.12109375	0.3	0.0	1	432376	n/a
211.12939453125	0.3	0.0	1	432393	n/a
211.1376953125	0.3	1.0	2	432410	n/a
211.14599609375	0.3	1.0	2	432427	n/a
211.154296875	0.3	0.0	1	432444	n/a
211.1630859375	0.3	0.0	1	432462	n/a
211.17138671875	0.3	1.0	2	432479	n/a
211.1796875	0.3	0.0	1	432496	n/a
211.18798828125	0.3	1.0	2	432513	n/a
211.1962890625	0.3	0.0	1	432530	n/a
211.20458984375	0.3	1.0	2	432547	n/a
211.212890625	0.3	0.0	1	432564	n/a
211.22119140625	0.3	1.0	2	432581	n/a
211.2294921875	0.3	1.0	2	432598	n/a
211.23779296875	0.3	0.0	1	432615	n/a
211.24609375	0.3	1.0	2	432632	n/a
211.25439453125	0.3	0.0	1	432649	n/a
211.2626953125	0.3	1.0	2	432666	n/a
211.27099609375	0.3	0.0	1	432683	n/a
211.279296875	0.3	0.0	1	432700	n/a
211.2880859375	0.3	1.0	2	432718	n/a
211.29638671875	0.3	1.0	2	432735	n/a
211.3046875	0.3	0.0	1	432752	n/a
211.31298828125	0.3	0.0	1	432769	n/a
211.3212890625	0.3	1.0	2	432786	n/a
211.32958984375	0.3	0.0	1	432803	n/a
211.337890625	0.3	1.0	2	432820	n/a
211.34619140625	0.3	0.0	1	432837	n/a
211.3544921875	0.3	1.0	2	432854	n/a
211.36279296875	0.3	0.0	1	432871	n/a
211.37109375	0.3	1.0	2	432888	n/a
211.37939453125	0.3	1.0	2	432905	n/a
211.3876953125	0.3	0.0	1	432922	n/a
211.39599609375	0.3	1.0	2	432939	n/a
211.404296875	0.3	0.0	1	432956	n/a
211.4130859375	0.3	1.0	2	432974	n/a
211.42138671875	0.3	0.0	1	432991	n/a
211.4296875	0.3	1.0	2	433008	n/a
211.43798828125	0.3	0.0	1	433025	n/a
211.4462890625	0.3	1.0	2	433042	n/a
211.45458984375	0.3	0.0	1	433059	n/a
211.462890625	0.3	1.0	2	433076	n/a
211.47119140625	0.3	0.0	1	433093	n/a
211.4794921875	0.3	1.0	2	433110	n/a
211.48779296875	0.3	0.0	1	433127	n/a
211.49609375	0.3	1.0	2	433144	n/a
211.50439453125	0.3	0.0	1	433161	n/a
211.5126953125	0.3	0.0	1	433178	n/a
211.52099609375	0.3	1.0	2	433195	n/a
211.529296875	0.3	1.0	2	433212	n/a
211.5380859375	0.3	0.0	1	433230	n/a
211.54638671875	0.3	1.0	2	433247	n/a
211.5546875	0.3	0.0	1	433264	n/a
211.56298828125	0.3	1.0	2	433281	n/a
211.5712890625	0.3	0.0	1	433298	n/a
211.57958984375	0.3	1.0	2	433315	n/a
211.587890625	0.3	0.0	1	433332	n/a
211.59619140625	0.3	1.0	2	433349	n/a
211.6044921875	0.3	0.0	1	433366	n/a
211.61279296875	0.3	1.0	2	433383	n/a
211.62109375	0.3	0.0	1	433400	n/a
211.62939453125	0.3	0.0	1	433417	n/a
211.6376953125	0.3	1.0	2	433434	n/a
211.64599609375	0.3	1.0	2	433451	n/a
211.654296875	0.3	0.0	1	433468	n/a
211.6630859375	0.3	1.0	2	433486	n/a
211.67138671875	0.3	0.0	1	433503	n/a
211.6796875	0.3	1.0	2	433520	n/a
211.68798828125	0.3	0.0	1	433537	n/a
211.6962890625	0.3	1.0	2	433554	n/a
211.70458984375	0.3	0.0	1	433571	n/a
211.712890625	0.3	0.0	1	433588	n/a
211.72119140625	0.3	1.0	2	433605	n/a
211.7294921875	0.3	1.0	2	433622	n/a
211.73779296875	0.3	0.0	1	433639	n/a
211.74609375	0.3	1.0	2	433656	n/a
211.75439453125	0.3	0.0	1	433673	n/a
211.7626953125	0.3	0.0	1	433690	n/a
211.77099609375	0.3	1.0	2	433707	n/a
211.779296875	0.3	0.0	1	433724	n/a
211.7880859375	0.3	1.0	2	433742	n/a
211.79638671875	0.3	1.0	2	433759	n/a
211.8046875	0.3	0.0	1	433776	n/a
211.81298828125	0.3	1.0	2	433793	n/a
211.8212890625	0.3	0.0	1	433810	n/a
211.82958984375	0.3	0.0	1	433827	n/a
211.837890625	0.3	1.0	2	433844	n/a
211.84619140625	0.3	1.0	2	433861	n/a
211.8544921875	0.3	0.0	1	433878	n/a
211.86279296875	0.3	1.0	2	433895	n/a
211.87109375	0.3	0.0	1	433912	n/a
211.87939453125	0.3	0.0	1	433929	n/a
211.8876953125	0.3	1.0	2	433946	n/a
211.89599609375	0.3	0.0	1	433963	n/a
211.904296875	0.3	1.0	2	433980	n/a
211.9130859375	0.3	0.0	1	433998	n/a
211.92138671875	0.3	1.0	2	434015	n/a
211.9296875	0.3	1.0	2	434032	n/a
211.93798828125	0.3	0.0	1	434049	n/a
211.9462890625	0.3	1.0	2	434066	n/a
211.95458984375	0.3	0.0	1	434083	n/a
211.962890625	0.3	1.0	2	434100	n/a
211.97119140625	0.3	0.0	1	434117	n/a
211.9794921875	0.3	1.0	2	434134	n/a
211.98779296875	0.3	0.0	1	434151	n/a
211.99609375	0.3	1.0	2	434168	n/a
212.00439453125	0.3	0.0	1	434185	n/a
212.0126953125	0.3	0.0	1	434202	n/a
212.02099609375	0.3	1.0	2	434219	n/a
212.029296875	0.3	0.0	1	434236	n/a
212.0380859375	0.3	1.0	2	434254	n/a
212.04638671875	0.3	0.0	1	434271	n/a
212.0546875	0.3	1.0	2	434288	n/a
212.06298828125	0.3	1.0	2	434305	n/a
212.0712890625	0.3	0.0	1	434322	n/a
212.07958984375	0.3	1.0	2	434339	n/a
212.087890625	0.3	0.0	1	434356	n/a
212.09619140625	0.3	1.0	2	434373	n/a
212.1044921875	0.3	0.0	1	434390	n/a
212.11279296875	0.3	0.0	1	434407	n/a
212.12109375	0.3	1.0	2	434424	n/a
212.12939453125	0.3	0.0	1	434441	n/a
212.1376953125	0.3	1.0	2	434458	n/a
212.14599609375	0.3	1.0	2	434475	n/a
212.154296875	0.3	0.0	1	434492	n/a
212.1630859375	0.3	1.0	2	434510	n/a
212.17138671875	0.3	0.0	1	434527	n/a
212.1796875	0.3	0.0	1	434544	n/a
212.18798828125	0.3	1.0	2	434561	n/a
212.1962890625	0.3	1.0	2	434578	n/a
212.20458984375	0.3	0.0	1	434595	n/a
212.212890625	0.3	0.0	1	434612	n/a
212.22119140625	0.3	1.0	2	434629	n/a
212.2294921875	0.3	0.0	1	434646	n/a
212.23779296875	0.3	1.0	2	434663	n/a
212.24609375	0.3	0.0	1	434680	n/a
212.25439453125	0.3	1.0	2	434697	n/a
212.2626953125	0.3	0.0	1	434714	n/a
212.27099609375	0.3	1.0	2	434731	n/a
212.279296875	0.3	1.0	2	434748	n/a
212.2880859375	0.3	0.0	1	434766	n/a
212.29638671875	0.3	1.0	2	434783	n/a
212.3046875	0.3	0.0	1	434800	n/a
212.31298828125	0.3	1.0	2	434817	n/a
212.3212890625	0.3	0.0	1	434834	n/a
212.32958984375	0.3	0.0	1	434851	n/a
212.337890625	0.3	1.0	2	434868	n/a
212.34619140625	0.3	1.0	2	434885	n/a
212.3544921875	0.3	0.0	1	434902	n/a
212.36279296875	0.3	0.0	1	434919	n/a
212.37109375	0.3	1.0	2	434936	n/a
212.37939453125	0.3	0.0	1	434953	n/a
212.3876953125	0.3	1.0	2	434970	n/a
212.39599609375	0.3	0.0	1	434987	n/a
212.404296875	0.3	1.0	2	435004	n/a
212.4130859375	0.3	0.0	1	435022	n/a
212.42138671875	0.3	1.0	2	435039	n/a
212.4296875	0.3	1.0	2	435056	n/a
212.43798828125	0.3	0.0	1	435073	n/a
212.4462890625	0.3	1.0	2	435090	n/a
212.45458984375	0.3	0.0	1	435107	n/a
212.462890625	0.3	1.0	2	435124	n/a
212.47119140625	0.3	0.0	1	435141	n/a
212.4794921875	0.3	1.0	2	435158	n/a
212.48779296875	0.3	0.0	1	435175	n/a
212.49609375	0.3	1.0	2	435192	n/a
212.50439453125	0.3	0.0	1	435209	n/a
212.5126953125	0.3	1.0	2	435226	n/a
212.52099609375	0.3	0.0	1	435243	n/a
212.529296875	0.3	1.0	2	435260	n/a
212.5380859375	0.3	0.0	1	435278	n/a
212.54638671875	0.3	1.0	2	435295	n/a
212.5546875	0.3	0.0	1	435312	n/a
212.56298828125	0.3	0.0	1	435329	n/a
212.5712890625	0.3	1.0	2	435346	n/a
212.57958984375	0.3	1.0	2	435363	n/a
212.587890625	0.3	0.0	1	435380	n/a
212.59619140625	0.3	1.0	2	435397	n/a
212.6044921875	0.3	0.0	1	435414	n/a
212.61279296875	0.3	1.0	2	435431	n/a
212.62109375	0.3	0.0	1	435448	n/a
212.62939453125	0.3	1.0	2	435465	n/a
212.6376953125	0.3	0.0	1	435482	n/a
212.64599609375	0.3	1.0	2	435499	n/a
212.654296875	0.3	0.0	1	435516	n/a
212.6630859375	0.3	1.0	2	435534	n/a
212.67138671875	0.3	0.0	1	435551	n/a
212.6796875	0.3	0.0	1	435568	n/a
212.68798828125	0.3	1.0	2	435585	n/a
212.6962890625	0.3	1.0	2	435602	n/a
212.70458984375	0.3	0.0	1	435619	n/a
212.712890625	0.3	1.0	2	435636	n/a
212.72119140625	0.3	0.0	1	435653	n/a
212.7294921875	0.3	1.0	2	435670	n/a
212.73779296875	0.3	0.0	1	435687	n/a
212.74609375	0.3	1.0	2	435704	n/a
212.75439453125	0.3	0.0	1	435721	n/a
212.7626953125	0.3	0.0	1	435738	n/a
212.77099609375	0.3	1.0	2	435755	n/a
212.779296875	0.3	1.0	2	435772	n/a
212.7880859375	0.3	0.0	1	435790	n/a
212.79638671875	0.3	1.0	2	435807	n/a
212.8046875	0.3	0.0	1	435824	n/a
212.81298828125	0.3	0.0	1	435841	n/a
212.8212890625	0.3	1.0	2	435858	n/a
212.82958984375	0.3	0.0	1	435875	n/a
212.837890625	0.3	1.0	2	435892	n/a
212.84619140625	0.3	1.0	2	435909	n/a
212.8544921875	0.3	0.0	1	435926	n/a
212.86279296875	0.3	1.0	2	435943	n/a
212.87109375	0.3	0.0	1	435960	n/a
212.87939453125	0.3	0.0	1	435977	n/a
212.8876953125	0.3	1.0	2	435994	n/a
212.89599609375	0.3	1.0	2	436011	n/a
212.904296875	0.3	0.0	1	436028	n/a
212.9130859375	0.3	1.0	2	436046	n/a
212.92138671875	0.3	0.0	1	436063	n/a
212.9296875	0.3	0.0	1	436080	n/a
212.93798828125	0.3	1.0	2	436097	n/a
212.9462890625	0.3	0.0	1	436114	n/a
212.95458984375	0.3	1.0	2	436131	n/a
212.962890625	0.3	0.0	1	436148	n/a
212.97119140625	0.3	1.0	2	436165	n/a
212.9794921875	0.3	1.0	2	436182	n/a
212.98779296875	0.3	0.0	1	436199	n/a
212.99609375	0.3	1.0	2	436216	n/a
213.00439453125	0.3	0.0	1	436233	n/a
213.0126953125	0.3	1.0	2	436250	n/a
213.02099609375	0.3	0.0	1	436267	n/a
213.029296875	0.3	1.0	2	436284	n/a
213.0380859375	0.3	0.0	1	436302	n/a
215.43017578125	0.3	1.0	2	441201	35.0
215.4384765625	0.3	0.0	1	441218	n/a
215.44677734375	0.3	0.0	1	441235	n/a
215.455078125	0.3	1.0	2	441252	n/a
215.46337890625	0.3	0.0	1	441269	n/a
215.4716796875	0.3	1.0	2	441286	n/a
215.47998046875	0.3	1.0	2	441303	n/a
215.48828125	0.3	0.0	1	441320	n/a
215.4970703125	0.3	1.0	2	441338	n/a
215.50537109375	0.3	0.0	1	441355	n/a
215.513671875	0.3	0.0	1	441372	n/a
215.52197265625	0.3	1.0	2	441389	n/a
215.5302734375	0.3	0.0	1	441406	n/a
215.53857421875	0.3	1.0	2	441423	n/a
215.546875	0.3	1.0	2	441440	n/a
215.55517578125	0.3	0.0	1	441457	n/a
215.5634765625	0.3	1.0	2	441474	n/a
215.57177734375	0.3	0.0	1	441491	n/a
215.580078125	0.3	0.0	1	441508	n/a
215.58837890625	0.3	1.0	2	441525	n/a
215.5966796875	0.3	0.0	1	441542	n/a
215.60498046875	0.3	1.0	2	441559	n/a
215.61328125	0.3	0.0	1	441576	n/a
215.6220703125	0.3	1.0	2	441594	n/a
215.63037109375	0.3	1.0	2	441611	n/a
215.638671875	0.3	0.0	1	441628	n/a
215.64697265625	0.3	1.0	2	441645	n/a
215.6552734375	0.3	0.0	1	441662	n/a
215.66357421875	0.3	0.0	1	441679	n/a
215.671875	0.3	1.0	2	441696	n/a
215.68017578125	0.3	1.0	2	441713	n/a
215.6884765625	0.3	0.0	1	441730	n/a
215.69677734375	0.3	0.0	1	441747	n/a
215.705078125	0.3	1.0	2	441764	n/a
215.71337890625	0.3	0.0	1	441781	n/a
215.7216796875	0.3	1.0	2	441798	n/a
215.72998046875	0.3	1.0	2	441815	n/a
215.73828125	0.3	0.0	1	441832	n/a
215.7470703125	0.3	1.0	2	441850	n/a
215.75537109375	0.3	0.0	1	441867	n/a
215.763671875	0.3	0.0	1	441884	n/a
215.77197265625	0.3	1.0	2	441901	n/a
215.7802734375	0.3	0.0	1	441918	n/a
215.78857421875	0.3	1.0	2	441935	n/a
215.796875	0.3	1.0	2	441952	n/a
215.80517578125	0.3	0.0	1	441969	n/a
215.8134765625	0.3	0.0	1	441986	n/a
215.82177734375	0.3	1.0	2	442003	n/a
215.830078125	0.3	0.0	1	442020	n/a
215.83837890625	0.3	1.0	2	442037	n/a
215.8466796875	0.3	1.0	2	442054	n/a
215.85498046875	0.3	0.0	1	442071	n/a
215.86328125	0.3	0.0	1	442088	n/a
215.8720703125	0.3	1.0	2	442106	n/a
215.88037109375	0.3	0.0	1	442123	n/a
215.888671875	0.3	1.0	2	442140	n/a
215.89697265625	0.3	0.0	1	442157	n/a
215.9052734375	0.3	1.0	2	442174	n/a
215.91357421875	0.3	1.0	2	442191	n/a
215.921875	0.3	0.0	1	442208	n/a
215.93017578125	0.3	0.0	1	442225	n/a
215.9384765625	0.3	1.0	2	442242	n/a
215.94677734375	0.3	0.0	1	442259	n/a
215.955078125	0.3	1.0	2	442276	n/a
215.96337890625	0.3	0.0	1	442293	n/a
215.9716796875	0.3	1.0	2	442310	n/a
215.97998046875	0.3	1.0	2	442327	n/a
215.98828125	0.3	0.0	1	442344	n/a
215.9970703125	0.3	1.0	2	442362	n/a
216.00537109375	0.3	0.0	1	442379	n/a
216.013671875	0.3	1.0	2	442396	n/a
216.02197265625	0.3	0.0	1	442413	n/a
216.0302734375	0.3	0.0	1	442430	n/a
216.03857421875	0.3	1.0	2	442447	n/a
216.046875	0.3	0.0	1	442464	n/a
216.05517578125	0.3	1.0	2	442481	n/a
216.0634765625	0.3	1.0	2	442498	n/a
216.07177734375	0.3	0.0	1	442515	n/a
216.080078125	0.3	0.0	1	442532	n/a
216.08837890625	0.3	1.0	2	442549	n/a
216.0966796875	0.3	1.0	2	442566	n/a
216.10498046875	0.3	0.0	1	442583	n/a
216.11328125	0.3	0.0	1	442600	n/a
216.1220703125	0.3	1.0	2	442618	n/a
216.13037109375	0.3	0.0	1	442635	n/a
216.138671875	0.3	1.0	2	442652	n/a
216.14697265625	0.3	0.0	1	442669	n/a
216.1552734375	0.3	1.0	2	442686	n/a
216.16357421875	0.3	1.0	2	442703	n/a
216.171875	0.3	0.0	1	442720	n/a
216.18017578125	0.3	0.0	1	442737	n/a
216.1884765625	0.3	1.0	2	442754	n/a
216.19677734375	0.3	1.0	2	442771	n/a
216.205078125	0.3	0.0	1	442788	n/a
216.21337890625	0.3	1.0	2	442805	n/a
216.2216796875	0.3	0.0	1	442822	n/a
216.22998046875	0.3	1.0	2	442839	n/a
216.23828125	0.3	0.0	1	442856	n/a
216.2470703125	0.3	0.0	1	442874	n/a
216.25537109375	0.3	1.0	2	442891	n/a
216.263671875	0.3	1.0	2	442908	n/a
216.27197265625	0.3	0.0	1	442925	n/a
216.2802734375	0.3	1.0	2	442942	n/a
216.28857421875	0.3	0.0	1	442959	n/a
216.296875	0.3	1.0	2	442976	n/a
216.30517578125	0.3	0.0	1	442993	n/a
216.3134765625	0.3	1.0	2	443010	n/a
216.32177734375	0.3	0.0	1	443027	n/a
216.330078125	0.3	1.0	2	443044	n/a
216.33837890625	0.3	0.0	1	443061	n/a
216.3466796875	0.3	1.0	2	443078	n/a
216.35498046875	0.3	0.0	1	443095	n/a
216.36328125	0.3	0.0	1	443112	n/a
216.3720703125	0.3	1.0	2	443130	n/a
216.38037109375	0.3	0.0	1	443147	n/a
216.388671875	0.3	1.0	2	443164	n/a
216.39697265625	0.3	1.0	2	443181	n/a
216.4052734375	0.3	0.0	1	443198	n/a
216.41357421875	0.3	0.0	1	443215	n/a
216.421875	0.3	1.0	2	443232	n/a
216.43017578125	0.3	0.0	1	443249	n/a
216.4384765625	0.3	1.0	2	443266	n/a
216.44677734375	0.3	1.0	2	443283	n/a
216.455078125	0.3	0.0	1	443300	n/a
216.46337890625	0.3	1.0	2	443317	n/a
216.4716796875	0.3	0.0	1	443334	n/a
216.47998046875	0.3	1.0	2	443351	n/a
216.48828125	0.3	0.0	1	443368	n/a
216.4970703125	0.3	0.0	1	443386	n/a
216.50537109375	0.3	1.0	2	443403	n/a
216.513671875	0.3	0.0	1	443420	n/a
216.52197265625	0.3	1.0	2	443437	n/a
216.5302734375	0.3	1.0	2	443454	n/a
216.53857421875	0.3	0.0	1	443471	n/a
216.546875	0.3	1.0	2	443488	n/a
216.55517578125	0.3	0.0	1	443505	n/a
216.5634765625	0.3	0.0	1	443522	n/a
216.57177734375	0.3	1.0	2	443539	n/a
216.580078125	0.3	0.0	1	443556	n/a
216.58837890625	0.3	1.0	2	443573	n/a
216.5966796875	0.3	1.0	2	443590	n/a
216.60498046875	0.3	0.0	1	443607	n/a
216.61328125	0.3	1.0	2	443624	n/a
216.6220703125	0.3	0.0	1	443642	n/a
216.63037109375	0.3	0.0	1	443659	n/a
216.638671875	0.3	1.0	2	443676	n/a
216.64697265625	0.3	0.0	1	443693	n/a
216.6552734375	0.3	1.0	2	443710	n/a
216.66357421875	0.3	0.0	1	443727	n/a
216.671875	0.3	1.0	2	443744	n/a
216.68017578125	0.3	1.0	2	443761	n/a
216.6884765625	0.3	0.0	1	443778	n/a
216.69677734375	0.3	1.0	2	443795	n/a
216.705078125	0.3	0.0	1	443812	n/a
216.71337890625	0.3	0.0	1	443829	n/a
216.7216796875	0.3	1.0	2	443846	n/a
216.72998046875	0.3	1.0	2	443863	n/a
216.73828125	0.3	0.0	1	443880	n/a
216.7470703125	0.3	0.0	1	443898	n/a
216.75537109375	0.3	1.0	2	443915	n/a
216.763671875	0.3	0.0	1	443932	n/a
216.77197265625	0.3	1.0	2	443949	n/a
216.7802734375	0.3	1.0	2	443966	n/a
216.78857421875	0.3	0.0	1	443983	n/a
216.796875	0.3	1.0	2	444000	n/a
216.80517578125	0.3	0.0	1	444017	n/a
216.8134765625	0.3	0.0	1	444034	n/a
216.82177734375	0.3	1.0	2	444051	n/a
216.830078125	0.3	0.0	1	444068	n/a
216.83837890625	0.3	1.0	2	444085	n/a
216.8466796875	0.3	1.0	2	444102	n/a
216.85498046875	0.3	0.0	1	444119	n/a
216.86328125	0.3	0.0	1	444136	n/a
216.8720703125	0.3	1.0	2	444154	n/a
216.88037109375	0.3	0.0	1	444171	n/a
216.888671875	0.3	1.0	2	444188	n/a
216.89697265625	0.3	1.0	2	444205	n/a
216.9052734375	0.3	0.0	1	444222	n/a
216.91357421875	0.3	0.0	1	444239	n/a
216.921875	0.3	1.0	2	444256	n/a
216.93017578125	0.3	0.0	1	444273	n/a
216.9384765625	0.3	1.0	2	444290	n/a
216.94677734375	0.3	0.0	1	444307	n/a
216.955078125	0.3	1.0	2	444324	n/a
216.96337890625	0.3	1.0	2	444341	n/a
216.9716796875	0.3	0.0	1	444358	n/a
216.97998046875	0.3	0.0	1	444375	n/a
216.98828125	0.3	1.0	2	444392	n/a
216.9970703125	0.3	0.0	1	444410	n/a
217.00537109375	0.3	1.0	2	444427	n/a
217.013671875	0.3	0.0	1	444444	n/a
217.02197265625	0.3	1.0	2	444461	n/a
217.0302734375	0.3	1.0	2	444478	n/a
217.03857421875	0.3	0.0	1	444495	n/a
217.046875	0.3	1.0	2	444512	n/a
217.05517578125	0.3	0.0	1	444529	n/a
217.0634765625	0.3	1.0	2	444546	n/a
217.07177734375	0.3	0.0	1	444563	n/a
217.080078125	0.3	0.0	1	444580	n/a
217.08837890625	0.3	1.0	2	444597	n/a
217.0966796875	0.3	0.0	1	444614	n/a
217.10498046875	0.3	1.0	2	444631	n/a
217.11328125	0.3	1.0	2	444648	n/a
217.1220703125	0.3	0.0	1	444666	n/a
217.13037109375	0.3	0.0	1	444683	n/a
217.138671875	0.3	1.0	2	444700	n/a
217.14697265625	0.3	1.0	2	444717	n/a
217.1552734375	0.3	0.0	1	444734	n/a
217.16357421875	0.3	0.0	1	444751	n/a
217.171875	0.3	1.0	2	444768	n/a
217.18017578125	0.3	0.0	1	444785	n/a
217.1884765625	0.3	1.0	2	444802	n/a
217.19677734375	0.3	0.0	1	444819	n/a
217.205078125	0.3	1.0	2	444836	n/a
217.21337890625	0.3	1.0	2	444853	n/a
217.2216796875	0.3	0.0	1	444870	n/a
217.22998046875	0.3	0.0	1	444887	n/a
217.23828125	0.3	1.0	2	444904	n/a
217.2470703125	0.3	1.0	2	444922	n/a
217.25537109375	0.3	0.0	1	444939	n/a
217.263671875	0.3	1.0	2	444956	n/a
217.27197265625	0.3	0.0	1	444973	n/a
217.2802734375	0.3	1.0	2	444990	n/a
217.28857421875	0.3	0.0	1	445007	n/a
217.296875	0.3	0.0	1	445024	n/a
217.30517578125	0.3	1.0	2	445041	n/a
217.3134765625	0.3	1.0	2	445058	n/a
217.32177734375	0.3	0.0	1	445075	n/a
217.330078125	0.3	1.0	2	445092	n/a
217.33837890625	0.3	0.0	1	445109	n/a
217.3466796875	0.3	1.0	2	445126	n/a
217.35498046875	0.3	0.0	1	445143	n/a
217.36328125	0.3	1.0	2	445160	n/a
217.3720703125	0.3	0.0	1	445178	n/a
217.38037109375	0.3	1.0	2	445195	n/a
217.388671875	0.3	0.0	1	445212	n/a
217.39697265625	0.3	1.0	2	445229	n/a
217.4052734375	0.3	0.0	1	445246	n/a
217.41357421875	0.3	0.0	1	445263	n/a
217.421875	0.3	1.0	2	445280	n/a
217.43017578125	0.3	0.0	1	445297	n/a
217.4384765625	0.3	1.0	2	445314	n/a
217.44677734375	0.3	1.0	2	445331	n/a
217.455078125	0.3	0.0	1	445348	n/a
217.46337890625	0.3	0.0	1	445365	n/a
217.4716796875	0.3	1.0	2	445382	n/a
217.47998046875	0.3	0.0	1	445399	n/a
217.48828125	0.3	1.0	2	445416	n/a
217.4970703125	0.3	1.0	2	445434	n/a
217.50537109375	0.3	0.0	1	445451	n/a
217.513671875	0.3	1.0	2	445468	n/a
217.52197265625	0.3	0.0	1	445485	n/a
217.5302734375	0.3	1.0	2	445502	n/a
217.53857421875	0.3	0.0	1	445519	n/a
217.546875	0.3	0.0	1	445536	n/a
217.55517578125	0.3	1.0	2	445553	n/a
217.5634765625	0.3	0.0	1	445570	n/a
217.57177734375	0.3	1.0	2	445587	n/a
217.580078125	0.3	1.0	2	445604	n/a
217.58837890625	0.3	0.0	1	445621	n/a
217.5966796875	0.3	1.0	2	445638	n/a
217.60498046875	0.3	0.0	1	445655	n/a
217.61328125	0.3	0.0	1	445672	n/a
217.6220703125	0.3	1.0	2	445690	n/a
217.63037109375	0.3	0.0	1	445707	n/a
217.638671875	0.3	1.0	2	445724	n/a
217.64697265625	0.3	1.0	2	445741	n/a
217.6552734375	0.3	0.0	1	445758	n/a
217.66357421875	0.3	1.0	2	445775	n/a
217.671875	0.3	0.0	1	445792	n/a
217.68017578125	0.3	0.0	1	445809	n/a
217.6884765625	0.3	1.0	2	445826	n/a
217.69677734375	0.3	0.0	1	445843	n/a
217.705078125	0.3	1.0	2	445860	n/a
217.71337890625	0.3	0.0	1	445877	n/a
217.7216796875	0.3	1.0	2	445894	n/a
217.72998046875	0.3	1.0	2	445911	n/a
217.73828125	0.3	0.0	1	445928	n/a
217.7470703125	0.3	1.0	2	445946	n/a
217.75537109375	0.3	0.0	1	445963	n/a
217.763671875	0.3	0.0	1	445980	n/a
217.77197265625	0.3	1.0	2	445997	n/a
217.7802734375	0.3	1.0	2	446014	n/a
217.78857421875	0.3	0.0	1	446031	n/a
217.796875	0.3	0.0	1	446048	n/a
217.80517578125	0.3	1.0	2	446065	n/a
217.8134765625	0.3	0.0	1	446082	n/a
217.82177734375	0.3	1.0	2	446099	n/a
217.830078125	0.3	1.0	2	446116	n/a
217.83837890625	0.3	0.0	1	446133	n/a
217.8466796875	0.3	1.0	2	446150	n/a
217.85498046875	0.3	0.0	1	446167	n/a
217.86328125	0.3	0.0	1	446184	n/a
217.8720703125	0.3	1.0	2	446202	n/a
217.88037109375	0.3	0.0	1	446219	n/a
217.888671875	0.3	1.0	2	446236	n/a
217.89697265625	0.3	1.0	2	446253	n/a
217.9052734375	0.3	0.0	1	446270	n/a
217.91357421875	0.3	0.0	1	446287	n/a
217.921875	0.3	1.0	2	446304	n/a
217.93017578125	0.3	0.0	1	446321	n/a
217.9384765625	0.3	1.0	2	446338	n/a
217.94677734375	0.3	1.0	2	446355	n/a
217.955078125	0.3	0.0	1	446372	n/a
217.96337890625	0.3	0.0	1	446389	n/a
217.9716796875	0.3	1.0	2	446406	n/a
217.97998046875	0.3	0.0	1	446423	n/a
217.98828125	0.3	1.0	2	446440	n/a
217.9970703125	0.3	0.0	1	446458	n/a
218.00537109375	0.3	1.0	2	446475	n/a
218.013671875	0.3	1.0	2	446492	n/a
218.02197265625	0.3	0.0	1	446509	n/a
218.0302734375	0.3	0.0	1	446526	n/a
218.03857421875	0.3	1.0	2	446543	n/a
218.046875	0.3	0.0	1	446560	n/a
218.05517578125	0.3	1.0	2	446577	n/a
218.0634765625	0.3	0.0	1	446594	n/a
218.07177734375	0.3	1.0	2	446611	n/a
218.080078125	0.3	1.0	2	446628	n/a
218.08837890625	0.3	0.0	1	446645	n/a
218.0966796875	0.3	1.0	2	446662	n/a
218.10498046875	0.3	0.0	1	446679	n/a
218.11328125	0.3	1.0	2	446696	n/a
218.1220703125	0.3	0.0	1	446714	n/a
218.13037109375	0.3	0.0	1	446731	n/a
218.138671875	0.3	1.0	2	446748	n/a
218.14697265625	0.3	0.0	1	446765	n/a
218.1552734375	0.3	1.0	2	446782	n/a
218.16357421875	0.3	1.0	2	446799	n/a
218.171875	0.3	0.0	1	446816	n/a
218.18017578125	0.3	0.0	1	446833	n/a
218.1884765625	0.3	1.0	2	446850	n/a
218.19677734375	0.3	1.0	2	446867	n/a
218.205078125	0.3	0.0	1	446884	n/a
218.21337890625	0.3	0.0	1	446901	n/a
218.2216796875	0.3	1.0	2	446918	n/a
218.22998046875	0.3	0.0	1	446935	n/a
218.23828125	0.3	1.0	2	446952	n/a
218.2470703125	0.3	0.0	1	446970	n/a
218.25537109375	0.3	1.0	2	446987	n/a
218.263671875	0.3	1.0	2	447004	n/a
218.27197265625	0.3	0.0	1	447021	n/a
218.2802734375	0.3	0.0	1	447038	n/a
218.28857421875	0.3	1.0	2	447055	n/a
218.296875	0.3	1.0	2	447072	n/a
218.30517578125	0.3	0.0	1	447089	n/a
218.3134765625	0.3	1.0	2	447106	n/a
218.32177734375	0.3	0.0	1	447123	n/a
218.330078125	0.3	1.0	2	447140	n/a
218.33837890625	0.3	0.0	1	447157	n/a
218.3466796875	0.3	0.0	1	447174	n/a
218.35498046875	0.3	1.0	2	447191	n/a
218.36328125	0.3	1.0	2	447208	n/a
218.3720703125	0.3	0.0	1	447226	n/a
218.38037109375	0.3	1.0	2	447243	n/a
218.388671875	0.3	0.0	1	447260	n/a
218.39697265625	0.3	1.0	2	447277	n/a
218.4052734375	0.3	0.0	1	447294	n/a
218.41357421875	0.3	1.0	2	447311	n/a
218.421875	0.3	0.0	1	447328	n/a
218.43017578125	0.3	1.0	2	447345	n/a
218.4384765625	0.3	0.0	1	447362	n/a
218.44677734375	0.3	1.0	2	447379	n/a
218.455078125	0.3	0.0	1	447396	n/a
218.46337890625	0.3	0.0	1	447413	n/a
218.4716796875	0.3	1.0	2	447430	n/a
218.47998046875	0.3	0.0	1	447447	n/a
218.48828125	0.3	1.0	2	447464	n/a
218.4970703125	0.3	1.0	2	447482	n/a
218.50537109375	0.3	0.0	1	447499	n/a
218.513671875	0.3	0.0	1	447516	n/a
218.52197265625	0.3	1.0	2	447533	n/a
218.5302734375	0.3	0.0	1	447550	n/a
218.53857421875	0.3	1.0	2	447567	n/a
218.546875	0.3	1.0	2	447584	n/a
218.55517578125	0.3	0.0	1	447601	n/a
218.5634765625	0.3	1.0	2	447618	n/a
218.57177734375	0.3	0.0	1	447635	n/a
218.580078125	0.3	1.0	2	447652	n/a
218.58837890625	0.3	0.0	1	447669	n/a
218.5966796875	0.3	0.0	1	447686	n/a
218.60498046875	0.3	1.0	2	447703	n/a
218.61328125	0.3	0.0	1	447720	n/a
218.6220703125	0.3	1.0	2	447738	n/a
218.63037109375	0.3	1.0	2	447755	n/a
218.638671875	0.3	0.0	1	447772	n/a
218.64697265625	0.3	1.0	2	447789	n/a
218.6552734375	0.3	0.0	1	447806	n/a
218.66357421875	0.3	0.0	1	447823	n/a
218.671875	0.3	1.0	2	447840	n/a
218.68017578125	0.3	0.0	1	447857	n/a
218.6884765625	0.3	1.0	2	447874	n/a
218.69677734375	0.3	1.0	2	447891	n/a
218.705078125	0.3	0.0	1	447908	n/a
218.71337890625	0.3	1.0	2	447925	n/a
218.7216796875	0.3	0.0	1	447942	n/a
218.72998046875	0.3	0.0	1	447959	n/a
218.73828125	0.3	1.0	2	447976	n/a
218.7470703125	0.3	0.0	1	447994	n/a
218.75537109375	0.3	1.0	2	448011	n/a
218.763671875	0.3	0.0	1	448028	n/a
218.77197265625	0.3	1.0	2	448045	n/a
218.7802734375	0.3	1.0	2	448062	n/a
218.78857421875	0.3	0.0	1	448079	n/a
218.796875	0.3	1.0	2	448096	n/a
218.80517578125	0.3	0.0	1	448113	n/a
218.8134765625	0.3	0.0	1	448130	n/a
218.82177734375	0.3	1.0	2	448147	n/a
218.830078125	0.3	1.0	2	448164	n/a
218.83837890625	0.3	0.0	1	448181	n/a
218.8466796875	0.3	0.0	1	448198	n/a
218.85498046875	0.3	1.0	2	448215	n/a
218.86328125	0.3	0.0	1	448232	n/a
218.8720703125	0.3	1.0	2	448250	n/a
218.88037109375	0.3	1.0	2	448267	n/a
218.888671875	0.3	0.0	1	448284	n/a
218.89697265625	0.3	1.0	2	448301	n/a
218.9052734375	0.3	0.0	1	448318	n/a
218.91357421875	0.3	0.0	1	448335	n/a
218.921875	0.3	1.0	2	448352	n/a
218.93017578125	0.3	0.0	1	448369	n/a
218.9384765625	0.3	1.0	2	448386	n/a
218.94677734375	0.3	1.0	2	448403	n/a
218.955078125	0.3	0.0	1	448420	n/a
218.96337890625	0.3	0.0	1	448437	n/a
218.9716796875	0.3	1.0	2	448454	n/a
218.97998046875	0.3	0.0	1	448471	n/a
218.98828125	0.3	1.0	2	448488	n/a
218.9970703125	0.3	1.0	2	448506	n/a
219.00537109375	0.3	0.0	1	448523	n/a
219.013671875	0.3	0.0	1	448540	n/a
219.02197265625	0.3	1.0	2	448557	n/a
219.0302734375	0.3	0.0	1	448574	n/a
219.03857421875	0.3	1.0	2	448591	n/a
219.046875	0.3	0.0	1	448608	n/a
219.05517578125	0.3	1.0	2	448625	n/a
219.0634765625	0.3	1.0	2	448642	n/a
219.07177734375	0.3	0.0	1	448659	n/a
219.080078125	0.3	0.0	1	448676	n/a
219.08837890625	0.3	1.0	2	448693	n/a
219.0966796875	0.3	0.0	1	448710	n/a
219.10498046875	0.3	1.0	2	448727	n/a
219.11328125	0.3	0.0	1	448744	n/a
219.1220703125	0.3	1.0	2	448762	n/a
219.13037109375	0.3	1.0	2	448779	n/a
219.138671875	0.3	0.0	1	448796	n/a
219.14697265625	0.3	1.0	2	448813	n/a
219.1552734375	0.3	0.0	1	448830	n/a
219.16357421875	0.3	1.0	2	448847	n/a
219.171875	0.3	0.0	1	448864	n/a
219.18017578125	0.3	0.0	1	448881	n/a
219.1884765625	0.3	1.0	2	448898	n/a
219.19677734375	0.3	0.0	1	448915	n/a
219.205078125	0.3	1.0	2	448932	n/a
219.21337890625	0.3	1.0	2	448949	n/a
219.2216796875	0.3	0.0	1	448966	n/a
219.22998046875	0.3	0.0	1	448983	n/a
219.23828125	0.3	1.0	2	449000	n/a
219.2470703125	0.3	1.0	2	449018	n/a
219.25537109375	0.3	0.0	1	449035	n/a
219.263671875	0.3	0.0	1	449052	n/a
219.27197265625	0.3	1.0	2	449069	n/a
219.2802734375	0.3	0.0	1	449086	n/a
219.28857421875	0.3	1.0	2	449103	n/a
219.296875	0.3	0.0	1	449120	n/a
219.30517578125	0.3	1.0	2	449137	n/a
219.3134765625	0.3	1.0	2	449154	n/a
219.32177734375	0.3	0.0	1	449171	n/a
219.330078125	0.3	0.0	1	449188	n/a
219.33837890625	0.3	1.0	2	449205	n/a
219.3466796875	0.3	1.0	2	449222	n/a
219.35498046875	0.3	0.0	1	449239	n/a
219.36328125	0.3	1.0	2	449256	n/a
219.3720703125	0.3	0.0	1	449274	n/a
219.38037109375	0.3	1.0	2	449291	n/a
219.388671875	0.3	0.0	1	449308	n/a
219.39697265625	0.3	0.0	1	449325	n/a
219.4052734375	0.3	1.0	2	449342	n/a
219.41357421875	0.3	1.0	2	449359	n/a
219.421875	0.3	0.0	1	449376	n/a
219.43017578125	0.3	1.0	2	449393	n/a
219.4384765625	0.3	0.0	1	449410	n/a
219.44677734375	0.3	1.0	2	449427	n/a
219.455078125	0.3	0.0	1	449444	n/a
219.46337890625	0.3	1.0	2	449461	n/a
219.4716796875	0.3	0.0	1	449478	n/a
219.47998046875	0.3	1.0	2	449495	n/a
219.48828125	0.3	0.0	1	449512	n/a
219.4970703125	0.3	1.0	2	449530	n/a
219.50537109375	0.3	0.0	1	449547	n/a
219.513671875	0.3	0.0	1	449564	n/a
219.52197265625	0.3	1.0	2	449581	n/a
219.5302734375	0.3	0.0	1	449598	n/a
219.53857421875	0.3	1.0	2	449615	n/a
219.546875	0.3	1.0	2	449632	n/a
219.55517578125	0.3	0.0	1	449649	n/a
219.5634765625	0.3	0.0	1	449666	n/a
219.57177734375	0.3	1.0	2	449683	n/a
219.580078125	0.3	0.0	1	449700	n/a
219.58837890625	0.3	1.0	2	449717	n/a
219.5966796875	0.3	1.0	2	449734	n/a
219.60498046875	0.3	0.0	1	449751	n/a
219.61328125	0.3	1.0	2	449768	n/a
219.6220703125	0.3	0.0	1	449786	n/a
222.02197265625	0.3	1.0	2	454701	31.0
222.0302734375	0.3	0.0	1	454718	n/a
222.03857421875	0.3	0.0	1	454735	n/a
222.046875	0.3	1.0	2	454752	n/a
222.05517578125	0.3	1.0	2	454769	n/a
222.0634765625	0.3	0.0	1	454786	n/a
222.07177734375	0.3	0.0	1	454803	n/a
222.080078125	0.3	1.0	2	454820	n/a
222.0888671875	0.3	0.0	1	454838	n/a
222.09716796875	0.3	1.0	2	454855	n/a
222.10546875	0.3	0.0	1	454872	n/a
222.11376953125	0.3	1.0	2	454889	n/a
222.1220703125	0.3	0.0	1	454906	n/a
222.13037109375	0.3	1.0	2	454923	n/a
222.138671875	0.3	1.0	2	454940	n/a
222.14697265625	0.3	0.0	1	454957	n/a
222.1552734375	0.3	1.0	2	454974	n/a
222.16357421875	0.3	0.0	1	454991	n/a
222.171875	0.3	0.0	1	455008	n/a
222.18017578125	0.3	1.0	2	455025	n/a
222.1884765625	0.3	1.0	2	455042	n/a
222.19677734375	0.3	0.0	1	455059	n/a
222.205078125	0.3	0.0	1	455076	n/a
222.2138671875	0.3	1.0	2	455094	n/a
222.22216796875	0.3	0.0	1	455111	n/a
222.23046875	0.3	1.0	2	455128	n/a
222.23876953125	0.3	0.0	1	455145	n/a
222.2470703125	0.3	1.0	2	455162	n/a
222.25537109375	0.3	1.0	2	455179	n/a
222.263671875	0.3	0.0	1	455196	n/a
222.27197265625	0.3	0.0	1	455213	n/a
222.2802734375	0.3	1.0	2	455230	n/a
222.28857421875	0.3	1.0	2	455247	n/a
222.296875	0.3	0.0	1	455264	n/a
222.30517578125	0.3	1.0	2	455281	n/a
222.3134765625	0.3	0.0	1	455298	n/a
222.32177734375	0.3	1.0	2	455315	n/a
222.330078125	0.3	0.0	1	455332	n/a
222.3388671875	0.3	1.0	2	455350	n/a
222.34716796875	0.3	0.0	1	455367	n/a
222.35546875	0.3	1.0	2	455384	n/a
222.36376953125	0.3	0.0	1	455401	n/a
222.3720703125	0.3	0.0	1	455418	n/a
222.38037109375	0.3	1.0	2	455435	n/a
222.388671875	0.3	0.0	1	455452	n/a
222.39697265625	0.3	1.0	2	455469	n/a
222.4052734375	0.3	0.0	1	455486	n/a
222.41357421875	0.3	1.0	2	455503	n/a
222.421875	0.3	1.0	2	455520	n/a
222.43017578125	0.3	0.0	1	455537	n/a
222.4384765625	0.3	1.0	2	455554	n/a
222.44677734375	0.3	0.0	1	455571	n/a
222.455078125	0.3	0.0	1	455588	n/a
222.4638671875	0.3	1.0	2	455606	n/a
222.47216796875	0.3	0.0	1	455623	n/a
222.48046875	0.3	1.0	2	455640	n/a
222.48876953125	0.3	1.0	2	455657	n/a
222.4970703125	0.3	0.0	1	455674	n/a
222.50537109375	0.3	0.0	1	455691	n/a
222.513671875	0.3	1.0	2	455708	n/a
222.52197265625	0.3	0.0	1	455725	n/a
222.5302734375	0.3	1.0	2	455742	n/a
222.53857421875	0.3	0.0	1	455759	n/a
222.546875	0.3	1.0	2	455776	n/a
222.55517578125	0.3	1.0	2	455793	n/a
222.5634765625	0.3	0.0	1	455810	n/a
222.57177734375	0.3	0.0	1	455827	n/a
222.580078125	0.3	1.0	2	455844	n/a
222.5888671875	0.3	0.0	1	455862	n/a
222.59716796875	0.3	1.0	2	455879	n/a
222.60546875	0.3	0.0	1	455896	n/a
222.61376953125	0.3	1.0	2	455913	n/a
222.6220703125	0.3	0.0	1	455930	n/a
222.63037109375	0.3	1.0	2	455947	n/a
222.638671875	0.3	1.0	2	455964	n/a
222.64697265625	0.3	0.0	1	455981	n/a
222.6552734375	0.3	0.0	1	455998	n/a
222.66357421875	0.3	1.0	2	456015	n/a
222.671875	0.3	1.0	2	456032	n/a
222.68017578125	0.3	0.0	1	456049	n/a
222.6884765625	0.3	1.0	2	456066	n/a
222.69677734375	0.3	0.0	1	456083	n/a
222.705078125	0.3	1.0	2	456100	n/a
222.7138671875	0.3	0.0	1	456118	n/a
222.72216796875	0.3	0.0	1	456135	n/a
222.73046875	0.3	1.0	2	456152	n/a
222.73876953125	0.3	1.0	2	456169	n/a
222.7470703125	0.3	0.0	1	456186	n/a
222.75537109375	0.3	0.0	1	456203	n/a
222.763671875	0.3	1.0	2	456220	n/a
222.77197265625	0.3	0.0	1	456237	n/a
222.7802734375	0.3	1.0	2	456254	n/a
222.78857421875	0.3	0.0	1	456271	n/a
222.796875	0.3	1.0	2	456288	n/a
222.80517578125	0.3	1.0	2	456305	n/a
222.8134765625	0.3	0.0	1	456322	n/a
222.82177734375	0.3	1.0	2	456339	n/a
222.830078125	0.3	0.0	1	456356	n/a
222.8388671875	0.3	1.0	2	456374	n/a
222.84716796875	0.3	0.0	1	456391	n/a
222.85546875	0.3	0.0	1	456408	n/a
222.86376953125	0.3	1.0	2	456425	n/a
222.8720703125	0.3	1.0	2	456442	n/a
222.88037109375	0.3	0.0	1	456459	n/a
222.888671875	0.3	0.0	1	456476	n/a
222.89697265625	0.3	1.0	2	456493	n/a
222.9052734375	0.3	0.0	1	456510	n/a
222.91357421875	0.3	1.0	2	456527	n/a
222.921875	0.3	1.0	2	456544	n/a
222.93017578125	0.3	0.0	1	456561	n/a
222.9384765625	0.3	1.0	2	456578	n/a
222.94677734375	0.3	0.0	1	456595	n/a
222.955078125	0.3	0.0	1	456612	n/a
222.9638671875	0.3	1.0	2	456630	n/a
222.97216796875	0.3	1.0	2	456647	n/a
222.98046875	0.3	0.0	1	456664	n/a
222.98876953125	0.3	1.0	2	456681	n/a
222.9970703125	0.3	0.0	1	456698	n/a
223.00537109375	0.3	0.0	1	456715	n/a
223.013671875	0.3	1.0	2	456732	n/a
223.02197265625	0.3	1.0	2	456749	n/a
223.0302734375	0.3	0.0	1	456766	n/a
223.03857421875	0.3	1.0	2	456783	n/a
223.046875	0.3	0.0	1	456800	n/a
223.05517578125	0.3	1.0	2	456817	n/a
223.0634765625	0.3	0.0	1	456834	n/a
223.07177734375	0.3	1.0	2	456851	n/a
223.080078125	0.3	0.0	1	456868	n/a
223.0888671875	0.3	0.0	1	456886	n/a
223.09716796875	0.3	1.0	2	456903	n/a
223.10546875	0.3	1.0	2	456920	n/a
223.11376953125	0.3	0.0	1	456937	n/a
223.1220703125	0.3	0.0	1	456954	n/a
223.13037109375	0.3	1.0	2	456971	n/a
223.138671875	0.3	0.0	1	456988	n/a
223.14697265625	0.3	1.0	2	457005	n/a
223.1552734375	0.3	0.0	1	457022	n/a
223.16357421875	0.3	1.0	2	457039	n/a
223.171875	0.3	0.0	1	457056	n/a
223.18017578125	0.3	1.0	2	457073	n/a
223.1884765625	0.3	1.0	2	457090	n/a
223.19677734375	0.3	0.0	1	457107	n/a
223.205078125	0.3	1.0	2	457124	n/a
223.2138671875	0.3	0.0	1	457142	n/a
223.22216796875	0.3	0.0	1	457159	n/a
223.23046875	0.3	1.0	2	457176	n/a
223.23876953125	0.3	1.0	2	457193	n/a
223.2470703125	0.3	0.0	1	457210	n/a
223.25537109375	0.3	0.0	1	457227	n/a
223.263671875	0.3	1.0	2	457244	n/a
223.27197265625	0.3	0.0	1	457261	n/a
223.2802734375	0.3	1.0	2	457278	n/a
223.28857421875	0.3	0.0	1	457295	n/a
223.296875	0.3	1.0	2	457312	n/a
223.30517578125	0.3	1.0	2	457329	n/a
223.3134765625	0.3	0.0	1	457346	n/a
223.32177734375	0.3	0.0	1	457363	n/a
223.330078125	0.3	1.0	2	457380	n/a
223.3388671875	0.3	1.0	2	457398	n/a
223.34716796875	0.3	0.0	1	457415	n/a
223.35546875	0.3	1.0	2	457432	n/a
223.36376953125	0.3	0.0	1	457449	n/a
223.3720703125	0.3	1.0	2	457466	n/a
223.38037109375	0.3	0.0	1	457483	n/a
223.388671875	0.3	1.0	2	457500	n/a
223.39697265625	0.3	0.0	1	457517	n/a
223.4052734375	0.3	1.0	2	457534	n/a
223.41357421875	0.3	0.0	1	457551	n/a
223.421875	0.3	0.0	1	457568	n/a
223.43017578125	0.3	1.0	2	457585	n/a
223.4384765625	0.3	0.0	1	457602	n/a
223.44677734375	0.3	1.0	2	457619	n/a
223.455078125	0.3	0.0	1	457636	n/a
223.4638671875	0.3	1.0	2	457654	n/a
223.47216796875	0.3	1.0	2	457671	n/a
223.48046875	0.3	0.0	1	457688	n/a
223.48876953125	0.3	1.0	2	457705	n/a
223.4970703125	0.3	0.0	1	457722	n/a
223.50537109375	0.3	0.0	1	457739	n/a
223.513671875	0.3	1.0	2	457756	n/a
223.52197265625	0.3	0.0	1	457773	n/a
223.5302734375	0.3	1.0	2	457790	n/a
223.53857421875	0.3	1.0	2	457807	n/a
223.546875	0.3	0.0	1	457824	n/a
223.55517578125	0.3	0.0	1	457841	n/a
223.5634765625	0.3	1.0	2	457858	n/a
223.57177734375	0.3	0.0	1	457875	n/a
223.580078125	0.3	1.0	2	457892	n/a
223.5888671875	0.3	0.0	1	457910	n/a
223.59716796875	0.3	1.0	2	457927	n/a
223.60546875	0.3	1.0	2	457944	n/a
223.61376953125	0.3	0.0	1	457961	n/a
223.6220703125	0.3	0.0	1	457978	n/a
223.63037109375	0.3	1.0	2	457995	n/a
223.638671875	0.3	0.0	1	458012	n/a
223.64697265625	0.3	1.0	2	458029	n/a
223.6552734375	0.3	0.0	1	458046	n/a
223.66357421875	0.3	1.0	2	458063	n/a
223.671875	0.3	0.0	1	458080	n/a
223.68017578125	0.3	1.0	2	458097	n/a
223.6884765625	0.3	1.0	2	458114	n/a
223.69677734375	0.3	0.0	1	458131	n/a
223.705078125	0.3	0.0	1	458148	n/a
223.7138671875	0.3	1.0	2	458166	n/a
223.72216796875	0.3	1.0	2	458183	n/a
223.73046875	0.3	0.0	1	458200	n/a
223.73876953125	0.3	1.0	2	458217	n/a
223.7470703125	0.3	0.0	1	458234	n/a
223.75537109375	0.3	1.0	2	458251	n/a
223.763671875	0.3	0.0	1	458268	n/a
223.77197265625	0.3	0.0	1	458285	n/a
223.7802734375	0.3	1.0	2	458302	n/a
223.78857421875	0.3	1.0	2	458319	n/a
223.796875	0.3	0.0	1	458336	n/a
223.80517578125	0.3	0.0	1	458353	n/a
223.8134765625	0.3	1.0	2	458370	n/a
223.82177734375	0.3	0.0	1	458387	n/a
223.830078125	0.3	1.0	2	458404	n/a
223.8388671875	0.3	0.0	1	458422	n/a
223.84716796875	0.3	1.0	2	458439	n/a
223.85546875	0.3	1.0	2	458456	n/a
223.86376953125	0.3	0.0	1	458473	n/a
223.8720703125	0.3	1.0	2	458490	n/a
223.88037109375	0.3	0.0	1	458507	n/a
223.888671875	0.3	1.0	2	458524	n/a
223.89697265625	0.3	0.0	1	458541	n/a
223.9052734375	0.3	0.0	1	458558	n/a
223.91357421875	0.3	1.0	2	458575	n/a
223.921875	0.3	1.0	2	458592	n/a
223.93017578125	0.3	0.0	1	458609	n/a
223.9384765625	0.3	0.0	1	458626	n/a
223.94677734375	0.3	1.0	2	458643	n/a
223.955078125	0.3	0.0	1	458660	n/a
223.9638671875	0.3	1.0	2	458678	n/a
223.97216796875	0.3	1.0	2	458695	n/a
223.98046875	0.3	0.0	1	458712	n/a
223.98876953125	0.3	1.0	2	458729	n/a
223.9970703125	0.3	0.0	1	458746	n/a
224.00537109375	0.3	0.0	1	458763	n/a
224.013671875	0.3	1.0	2	458780	n/a
224.02197265625	0.3	1.0	2	458797	n/a
224.0302734375	0.3	0.0	1	458814	n/a
224.03857421875	0.3	1.0	2	458831	n/a
224.046875	0.3	0.0	1	458848	n/a
224.05517578125	0.3	0.0	1	458865	n/a
224.0634765625	0.3	1.0	2	458882	n/a
224.07177734375	0.3	1.0	2	458899	n/a
224.080078125	0.3	0.0	1	458916	n/a
224.0888671875	0.3	1.0	2	458934	n/a
224.09716796875	0.3	0.0	1	458951	n/a
224.10546875	0.3	1.0	2	458968	n/a
224.11376953125	0.3	0.0	1	458985	n/a
224.1220703125	0.3	1.0	2	459002	n/a
224.13037109375	0.3	0.0	1	459019	n/a
224.138671875	0.3	0.0	1	459036	n/a
224.14697265625	0.3	1.0	2	459053	n/a
224.1552734375	0.3	1.0	2	459070	n/a
224.16357421875	0.3	0.0	1	459087	n/a
224.171875	0.3	0.0	1	459104	n/a
224.18017578125	0.3	1.0	2	459121	n/a
224.1884765625	0.3	0.0	1	459138	n/a
224.19677734375	0.3	1.0	2	459155	n/a
224.205078125	0.3	0.0	1	459172	n/a
224.2138671875	0.3	1.0	2	459190	n/a
224.22216796875	0.3	0.0	1	459207	n/a
224.23046875	0.3	1.0	2	459224	n/a
224.23876953125	0.3	1.0	2	459241	n/a
224.2470703125	0.3	0.0	1	459258	n/a
224.25537109375	0.3	1.0	2	459275	n/a
224.263671875	0.3	0.0	1	459292	n/a
224.27197265625	0.3	0.0	1	459309	n/a
224.2802734375	0.3	1.0	2	459326	n/a
224.28857421875	0.3	1.0	2	459343	n/a
224.296875	0.3	0.0	1	459360	n/a
224.30517578125	0.3	0.0	1	459377	n/a
224.3134765625	0.3	1.0	2	459394	n/a
224.32177734375	0.3	0.0	1	459411	n/a
224.330078125	0.3	1.0	2	459428	n/a
224.3388671875	0.3	0.0	1	459446	n/a
224.34716796875	0.3	1.0	2	459463	n/a
224.35546875	0.3	1.0	2	459480	n/a
224.36376953125	0.3	0.0	1	459497	n/a
224.3720703125	0.3	0.0	1	459514	n/a
224.38037109375	0.3	1.0	2	459531	n/a
224.388671875	0.3	1.0	2	459548	n/a
224.39697265625	0.3	0.0	1	459565	n/a
224.4052734375	0.3	1.0	2	459582	n/a
224.41357421875	0.3	0.0	1	459599	n/a
224.421875	0.3	1.0	2	459616	n/a
224.43017578125	0.3	0.0	1	459633	n/a
224.4384765625	0.3	1.0	2	459650	n/a
224.44677734375	0.3	0.0	1	459667	n/a
224.455078125	0.3	1.0	2	459684	n/a
224.4638671875	0.3	0.0	1	459702	n/a
224.47216796875	0.3	0.0	1	459719	n/a
224.48046875	0.3	1.0	2	459736	n/a
224.48876953125	0.3	0.0	1	459753	n/a
224.4970703125	0.3	1.0	2	459770	n/a
224.50537109375	0.3	0.0	1	459787	n/a
224.513671875	0.3	1.0	2	459804	n/a
224.52197265625	0.3	1.0	2	459821	n/a
224.5302734375	0.3	0.0	1	459838	n/a
224.53857421875	0.3	1.0	2	459855	n/a
224.546875	0.3	0.0	1	459872	n/a
224.55517578125	0.3	0.0	1	459889	n/a
224.5634765625	0.3	1.0	2	459906	n/a
224.57177734375	0.3	0.0	1	459923	n/a
224.580078125	0.3	1.0	2	459940	n/a
224.5888671875	0.3	1.0	2	459958	n/a
224.59716796875	0.3	0.0	1	459975	n/a
224.60546875	0.3	0.0	1	459992	n/a
224.61376953125	0.3	1.0	2	460009	n/a
224.6220703125	0.3	0.0	1	460026	n/a
224.63037109375	0.3	1.0	2	460043	n/a
224.638671875	0.3	0.0	1	460060	n/a
224.64697265625	0.3	1.0	2	460077	n/a
224.6552734375	0.3	1.0	2	460094	n/a
224.66357421875	0.3	0.0	1	460111	n/a
224.671875	0.3	0.0	1	460128	n/a
224.68017578125	0.3	1.0	2	460145	n/a
224.6884765625	0.3	0.0	1	460162	n/a
224.69677734375	0.3	1.0	2	460179	n/a
224.705078125	0.3	0.0	1	460196	n/a
224.7138671875	0.3	1.0	2	460214	n/a
224.72216796875	0.3	0.0	1	460231	n/a
224.73046875	0.3	1.0	2	460248	n/a
224.73876953125	0.3	1.0	2	460265	n/a
224.7470703125	0.3	0.0	1	460282	n/a
224.75537109375	0.3	0.0	1	460299	n/a
224.763671875	0.3	1.0	2	460316	n/a
224.77197265625	0.3	1.0	2	460333	n/a
224.7802734375	0.3	0.0	1	460350	n/a
224.78857421875	0.3	1.0	2	460367	n/a
224.796875	0.3	0.0	1	460384	n/a
224.80517578125	0.3	1.0	2	460401	n/a
224.8134765625	0.3	0.0	1	460418	n/a
224.82177734375	0.3	0.0	1	460435	n/a
224.830078125	0.3	1.0	2	460452	n/a
224.8388671875	0.3	1.0	2	460470	n/a
224.84716796875	0.3	0.0	1	460487	n/a
224.85546875	0.3	0.0	1	460504	n/a
224.86376953125	0.3	1.0	2	460521	n/a
224.8720703125	0.3	0.0	1	460538	n/a
224.88037109375	0.3	1.0	2	460555	n/a
224.888671875	0.3	0.0	1	460572	n/a
224.89697265625	0.3	1.0	2	460589	n/a
224.9052734375	0.3	1.0	2	460606	n/a
224.91357421875	0.3	0.0	1	460623	n/a
224.921875	0.3	1.0	2	460640	n/a
224.93017578125	0.3	0.0	1	460657	n/a
224.9384765625	0.3	1.0	2	460674	n/a
224.94677734375	0.3	0.0	1	460691	n/a
224.955078125	0.3	0.0	1	460708	n/a
224.9638671875	0.3	1.0	2	460726	n/a
224.97216796875	0.3	1.0	2	460743	n/a
224.98046875	0.3	0.0	1	460760	n/a
224.98876953125	0.3	0.0	1	460777	n/a
224.9970703125	0.3	1.0	2	460794	n/a
225.00537109375	0.3	0.0	1	460811	n/a
225.013671875	0.3	1.0	2	460828	n/a
225.02197265625	0.3	1.0	2	460845	n/a
225.0302734375	0.3	0.0	1	460862	n/a
225.03857421875	0.3	1.0	2	460879	n/a
225.046875	0.3	0.0	1	460896	n/a
225.05517578125	0.3	0.0	1	460913	n/a
225.0634765625	0.3	1.0	2	460930	n/a
225.07177734375	0.3	1.0	2	460947	n/a
225.080078125	0.3	0.0	1	460964	n/a
225.0888671875	0.3	1.0	2	460982	n/a
225.09716796875	0.3	0.0	1	460999	n/a
225.10546875	0.3	0.0	1	461016	n/a
225.11376953125	0.3	1.0	2	461033	n/a
225.1220703125	0.3	1.0	2	461050	n/a
225.13037109375	0.3	0.0	1	461067	n/a
225.138671875	0.3	1.0	2	461084	n/a
225.14697265625	0.3	0.0	1	461101	n/a
225.1552734375	0.3	1.0	2	461118	n/a
225.16357421875	0.3	0.0	1	461135	n/a
225.171875	0.3	1.0	2	461152	n/a
225.18017578125	0.3	0.0	1	461169	n/a
225.1884765625	0.3	0.0	1	461186	n/a
225.19677734375	0.3	1.0	2	461203	n/a
225.205078125	0.3	1.0	2	461220	n/a
225.2138671875	0.3	0.0	1	461238	n/a
225.22216796875	0.3	0.0	1	461255	n/a
225.23046875	0.3	1.0	2	461272	n/a
225.23876953125	0.3	0.0	1	461289	n/a
225.2470703125	0.3	1.0	2	461306	n/a
225.25537109375	0.3	0.0	1	461323	n/a
225.263671875	0.3	1.0	2	461340	n/a
225.27197265625	0.3	0.0	1	461357	n/a
225.2802734375	0.3	1.0	2	461374	n/a
225.28857421875	0.3	1.0	2	461391	n/a
225.296875	0.3	0.0	1	461408	n/a
225.30517578125	0.3	1.0	2	461425	n/a
225.3134765625	0.3	0.0	1	461442	n/a
225.32177734375	0.3	0.0	1	461459	n/a
225.330078125	0.3	1.0	2	461476	n/a
225.3388671875	0.3	1.0	2	461494	n/a
225.34716796875	0.3	0.0	1	461511	n/a
225.35546875	0.3	0.0	1	461528	n/a
225.36376953125	0.3	1.0	2	461545	n/a
225.3720703125	0.3	0.0	1	461562	n/a
225.38037109375	0.3	1.0	2	461579	n/a
225.388671875	0.3	0.0	1	461596	n/a
225.39697265625	0.3	1.0	2	461613	n/a
225.4052734375	0.3	1.0	2	461630	n/a
225.41357421875	0.3	0.0	1	461647	n/a
225.421875	0.3	0.0	1	461664	n/a
225.43017578125	0.3	1.0	2	461681	n/a
225.4384765625	0.3	1.0	2	461698	n/a
225.44677734375	0.3	0.0	1	461715	n/a
225.455078125	0.3	1.0	2	461732	n/a
225.4638671875	0.3	0.0	1	461750	n/a
225.47216796875	0.3	1.0	2	461767	n/a
225.48046875	0.3	0.0	1	461784	n/a
225.48876953125	0.3	1.0	2	461801	n/a
225.4970703125	0.3	0.0	1	461818	n/a
225.50537109375	0.3	1.0	2	461835	n/a
225.513671875	0.3	0.0	1	461852	n/a
225.52197265625	0.3	0.0	1	461869	n/a
225.5302734375	0.3	1.0	2	461886	n/a
225.53857421875	0.3	0.0	1	461903	n/a
225.546875	0.3	1.0	2	461920	n/a
225.55517578125	0.3	0.0	1	461937	n/a
225.5634765625	0.3	1.0	2	461954	n/a
225.57177734375	0.3	1.0	2	461971	n/a
225.580078125	0.3	0.0	1	461988	n/a
225.5888671875	0.3	1.0	2	462006	n/a
225.59716796875	0.3	0.0	1	462023	n/a
225.60546875	0.3	0.0	1	462040	n/a
225.61376953125	0.3	1.0	2	462057	n/a
225.6220703125	0.3	0.0	1	462074	n/a
225.63037109375	0.3	1.0	2	462091	n/a
225.638671875	0.3	1.0	2	462108	n/a
225.64697265625	0.3	0.0	1	462125	n/a
225.6552734375	0.3	0.0	1	462142	n/a
225.66357421875	0.3	1.0	2	462159	n/a
225.671875	0.3	0.0	1	462176	n/a
225.68017578125	0.3	1.0	2	462193	n/a
225.6884765625	0.3	0.0	1	462210	n/a
225.69677734375	0.3	1.0	2	462227	n/a
225.705078125	0.3	1.0	2	462244	n/a
225.7138671875	0.3	0.0	1	462262	n/a
225.72216796875	0.3	0.0	1	462279	n/a
225.73046875	0.3	1.0	2	462296	n/a
225.73876953125	0.3	0.0	1	462313	n/a
225.7470703125	0.3	1.0	2	462330	n/a
225.75537109375	0.3	0.0	1	462347	n/a
225.763671875	0.3	1.0	2	462364	n/a
225.77197265625	0.3	0.0	1	462381	n/a
225.7802734375	0.3	1.0	2	462398	n/a
225.78857421875	0.3	1.0	2	462415	n/a
225.796875	0.3	0.0	1	462432	n/a
225.80517578125	0.3	0.0	1	462449	n/a
225.8134765625	0.3	1.0	2	462466	n/a
225.82177734375	0.3	1.0	2	462483	n/a
225.830078125	0.3	0.0	1	462500	n/a
225.8388671875	0.3	1.0	2	462518	n/a
225.84716796875	0.3	0.0	1	462535	n/a
225.85546875	0.3	1.0	2	462552	n/a
225.86376953125	0.3	0.0	1	462569	n/a
225.8720703125	0.3	0.0	1	462586	n/a
225.88037109375	0.3	1.0	2	462603	n/a
225.888671875	0.3	1.0	2	462620	n/a
225.89697265625	0.3	0.0	1	462637	n/a
225.9052734375	0.3	0.0	1	462654	n/a
225.91357421875	0.3	1.0	2	462671	n/a
225.921875	0.3	0.0	1	462688	n/a
225.93017578125	0.3	1.0	2	462705	n/a
225.9384765625	0.3	0.0	1	462722	n/a
225.94677734375	0.3	1.0	2	462739	n/a
225.955078125	0.3	1.0	2	462756	n/a
225.9638671875	0.3	0.0	1	462774	n/a
225.97216796875	0.3	1.0	2	462791	n/a
225.98046875	0.3	0.0	1	462808	n/a
225.98876953125	0.3	1.0	2	462825	n/a
225.9970703125	0.3	0.0	1	462842	n/a
226.00537109375	0.3	0.0	1	462859	n/a
226.013671875	0.3	1.0	2	462876	n/a
226.02197265625	0.3	1.0	2	462893	n/a
226.0302734375	0.3	0.0	1	462910	n/a
226.03857421875	0.3	0.0	1	462927	n/a
226.046875	0.3	1.0	2	462944	n/a
226.05517578125	0.3	0.0	1	462961	n/a
226.0634765625	0.3	1.0	2	462978	n/a
226.07177734375	0.3	1.0	2	462995	n/a
226.080078125	0.3	0.0	1	463012	n/a
226.0888671875	0.3	1.0	2	463030	n/a
226.09716796875	0.3	0.0	1	463047	n/a
226.10546875	0.3	0.0	1	463064	n/a
226.11376953125	0.3	1.0	2	463081	n/a
226.1220703125	0.3	1.0	2	463098	n/a
226.13037109375	0.3	0.0	1	463115	n/a
226.138671875	0.3	1.0	2	463132	n/a
226.14697265625	0.3	0.0	1	463149	n/a
226.1552734375	0.3	0.0	1	463166	n/a
226.16357421875	0.3	1.0	2	463183	n/a
226.171875	0.3	1.0	2	463200	n/a
226.18017578125	0.3	0.0	1	463217	n/a
226.1884765625	0.3	1.0	2	463234	n/a
226.19677734375	0.3	0.0	1	463251	n/a
226.205078125	0.3	1.0	2	463268	n/a
226.2138671875	0.3	0.0	1	463286	n/a
228.60595703125	0.3	1.0	2	468185	32.0
228.6142578125	0.3	0.0	1	468202	n/a
228.62255859375	0.3	1.0	2	468219	n/a
228.630859375	0.3	0.0	1	468236	n/a
228.63916015625	0.3	1.0	2	468253	n/a
228.6474609375	0.3	0.0	1	468270	n/a
228.65576171875	0.3	0.0	1	468287	n/a
228.6640625	0.3	1.0	2	468304	n/a
228.6728515625	0.3	0.0	1	468322	n/a
228.68115234375	0.3	1.0	2	468339	n/a
228.689453125	0.3	0.0	1	468356	n/a
228.69775390625	0.3	1.0	2	468373	n/a
228.7060546875	0.3	1.0	2	468390	n/a
228.71435546875	0.3	0.0	1	468407	n/a
228.72265625	0.3	0.0	1	468424	n/a
228.73095703125	0.3	1.0	2	468441	n/a
228.7392578125	0.3	0.0	1	468458	n/a
228.74755859375	0.3	1.0	2	468475	n/a
228.755859375	0.3	0.0	1	468492	n/a
228.76416015625	0.3	1.0	2	468509	n/a
228.7724609375	0.3	1.0	2	468526	n/a
228.78076171875	0.3	0.0	1	468543	n/a
228.7890625	0.3	0.0	1	468560	n/a
228.7978515625	0.3	1.0	2	468578	n/a
228.80615234375	0.3	0.0	1	468595	n/a
228.814453125	0.3	1.0	2	468612	n/a
228.82275390625	0.3	0.0	1	468629	n/a
228.8310546875	0.3	1.0	2	468646	n/a
228.83935546875	0.3	0.0	1	468663	n/a
228.84765625	0.3	1.0	2	468680	n/a
228.85595703125	0.3	0.0	1	468697	n/a
228.8642578125	0.3	1.0	2	468714	n/a
228.87255859375	0.3	0.0	1	468731	n/a
228.880859375	0.3	1.0	2	468748	n/a
228.88916015625	0.3	0.0	1	468765	n/a
228.8974609375	0.3	1.0	2	468782	n/a
228.90576171875	0.3	0.0	1	468799	n/a
228.9140625	0.3	1.0	2	468816	n/a
228.9228515625	0.3	0.0	1	468834	n/a
228.93115234375	0.3	1.0	2	468851	n/a
228.939453125	0.3	0.0	1	468868	n/a
228.94775390625	0.3	1.0	2	468885	n/a
228.9560546875	0.3	1.0	2	468902	n/a
228.96435546875	0.3	0.0	1	468919	n/a
228.97265625	0.3	0.0	1	468936	n/a
228.98095703125	0.3	1.0	2	468953	n/a
228.9892578125	0.3	0.0	1	468970	n/a
228.99755859375	0.3	1.0	2	468987	n/a
229.005859375	0.3	0.0	1	469004	n/a
229.01416015625	0.3	1.0	2	469021	n/a
229.0224609375	0.3	1.0	2	469038	n/a
229.03076171875	0.3	0.0	1	469055	n/a
229.0390625	0.3	1.0	2	469072	n/a
229.0478515625	0.3	0.0	1	469090	n/a
229.05615234375	0.3	0.0	1	469107	n/a
229.064453125	0.3	1.0	2	469124	n/a
229.07275390625	0.3	0.0	1	469141	n/a
229.0810546875	0.3	1.0	2	469158	n/a
229.08935546875	0.3	0.0	1	469175	n/a
229.09765625	0.3	1.0	2	469192	n/a
229.10595703125	0.3	0.0	1	469209	n/a
229.1142578125	0.3	1.0	2	469226	n/a
229.12255859375	0.3	0.0	1	469243	n/a
229.130859375	0.3	1.0	2	469260	n/a
229.13916015625	0.3	0.0	1	469277	n/a
229.1474609375	0.3	1.0	2	469294	n/a
229.15576171875	0.3	1.0	2	469311	n/a
229.1640625	0.3	0.0	1	469328	n/a
229.1728515625	0.3	0.0	1	469346	n/a
229.18115234375	0.3	1.0	2	469363	n/a
229.189453125	0.3	0.0	1	469380	n/a
229.19775390625	0.3	1.0	2	469397	n/a
229.2060546875	0.3	1.0	2	469414	n/a
229.21435546875	0.3	0.0	1	469431	n/a
229.22265625	0.3	0.0	1	469448	n/a
229.23095703125	0.3	1.0	2	469465	n/a
229.2392578125	0.3	1.0	2	469482	n/a
229.24755859375	0.3	0.0	1	469499	n/a
229.255859375	0.3	0.0	1	469516	n/a
229.26416015625	0.3	1.0	2	469533	n/a
229.2724609375	0.3	1.0	2	469550	n/a
229.28076171875	0.3	0.0	1	469567	n/a
229.2890625	0.3	0.0	1	469584	n/a
229.2978515625	0.3	1.0	2	469602	n/a
229.30615234375	0.3	1.0	2	469619	n/a
229.314453125	0.3	0.0	1	469636	n/a
229.32275390625	0.3	0.0	1	469653	n/a
229.3310546875	0.3	1.0	2	469670	n/a
229.33935546875	0.3	0.0	1	469687	n/a
229.34765625	0.3	1.0	2	469704	n/a
229.35595703125	0.3	1.0	2	469721	n/a
229.3642578125	0.3	0.0	1	469738	n/a
229.37255859375	0.3	0.0	1	469755	n/a
229.380859375	0.3	1.0	2	469772	n/a
229.38916015625	0.3	0.0	1	469789	n/a
229.3974609375	0.3	1.0	2	469806	n/a
229.40576171875	0.3	0.0	1	469823	n/a
229.4140625	0.3	1.0	2	469840	n/a
229.4228515625	0.3	1.0	2	469858	n/a
229.43115234375	0.3	0.0	1	469875	n/a
229.439453125	0.3	1.0	2	469892	n/a
229.44775390625	0.3	0.0	1	469909	n/a
229.4560546875	0.3	1.0	2	469926	n/a
229.46435546875	0.3	0.0	1	469943	n/a
229.47265625	0.3	0.0	1	469960	n/a
229.48095703125	0.3	1.0	2	469977	n/a
229.4892578125	0.3	1.0	2	469994	n/a
229.49755859375	0.3	0.0	1	470011	n/a
229.505859375	0.3	0.0	1	470028	n/a
229.51416015625	0.3	1.0	2	470045	n/a
229.5224609375	0.3	1.0	2	470062	n/a
229.53076171875	0.3	0.0	1	470079	n/a
229.5390625	0.3	1.0	2	470096	n/a
229.5478515625	0.3	0.0	1	470114	n/a
229.55615234375	0.3	0.0	1	470131	n/a
229.564453125	0.3	1.0	2	470148	n/a
229.57275390625	0.3	1.0	2	470165	n/a
229.5810546875	0.3	0.0	1	470182	n/a
229.58935546875	0.3	0.0	1	470199	n/a
229.59765625	0.3	1.0	2	470216	n/a
229.60595703125	0.3	1.0	2	470233	n/a
229.6142578125	0.3	0.0	1	470250	n/a
229.62255859375	0.3	0.0	1	470267	n/a
229.630859375	0.3	1.0	2	470284	n/a
229.63916015625	0.3	1.0	2	470301	n/a
229.6474609375	0.3	0.0	1	470318	n/a
229.65576171875	0.3	1.0	2	470335	n/a
229.6640625	0.3	0.0	1	470352	n/a
229.6728515625	0.3	1.0	2	470370	n/a
229.68115234375	0.3	0.0	1	470387	n/a
229.689453125	0.3	1.0	2	470404	n/a
229.69775390625	0.3	0.0	1	470421	n/a
229.7060546875	0.3	0.0	1	470438	n/a
229.71435546875	0.3	1.0	2	470455	n/a
229.72265625	0.3	0.0	1	470472	n/a
229.73095703125	0.3	1.0	2	470489	n/a
229.7392578125	0.3	0.0	1	470506	n/a
229.74755859375	0.3	1.0	2	470523	n/a
229.755859375	0.3	1.0	2	470540	n/a
229.76416015625	0.3	0.0	1	470557	n/a
229.7724609375	0.3	0.0	1	470574	n/a
229.78076171875	0.3	1.0	2	470591	n/a
229.7890625	0.3	0.0	1	470608	n/a
229.7978515625	0.3	1.0	2	470626	n/a
229.80615234375	0.3	0.0	1	470643	n/a
229.814453125	0.3	1.0	2	470660	n/a
229.82275390625	0.3	1.0	2	470677	n/a
229.8310546875	0.3	0.0	1	470694	n/a
229.83935546875	0.3	0.0	1	470711	n/a
229.84765625	0.3	1.0	2	470728	n/a
229.85595703125	0.3	0.0	1	470745	n/a
229.8642578125	0.3	1.0	2	470762	n/a
229.87255859375	0.3	0.0	1	470779	n/a
229.880859375	0.3	1.0	2	470796	n/a
229.88916015625	0.3	0.0	1	470813	n/a
229.8974609375	0.3	1.0	2	470830	n/a
229.90576171875	0.3	0.0	1	470847	n/a
229.9140625	0.3	1.0	2	470864	n/a
229.9228515625	0.3	0.0	1	470882	n/a
229.93115234375	0.3	1.0	2	470899	n/a
229.939453125	0.3	0.0	1	470916	n/a
229.94775390625	0.3	1.0	2	470933	n/a
229.9560546875	0.3	0.0	1	470950	n/a
229.96435546875	0.3	1.0	2	470967	n/a
229.97265625	0.3	0.0	1	470984	n/a
229.98095703125	0.3	1.0	2	471001	n/a
229.9892578125	0.3	0.0	1	471018	n/a
229.99755859375	0.3	1.0	2	471035	n/a
230.005859375	0.3	1.0	2	471052	n/a
230.01416015625	0.3	0.0	1	471069	n/a
230.0224609375	0.3	0.0	1	471086	n/a
230.03076171875	0.3	1.0	2	471103	n/a
230.0390625	0.3	0.0	1	471120	n/a
230.0478515625	0.3	1.0	2	471138	n/a
230.05615234375	0.3	0.0	1	471155	n/a
230.064453125	0.3	1.0	2	471172	n/a
230.07275390625	0.3	1.0	2	471189	n/a
230.0810546875	0.3	0.0	1	471206	n/a
230.08935546875	0.3	1.0	2	471223	n/a
230.09765625	0.3	0.0	1	471240	n/a
230.10595703125	0.3	0.0	1	471257	n/a
230.1142578125	0.3	1.0	2	471274	n/a
230.12255859375	0.3	0.0	1	471291	n/a
230.130859375	0.3	1.0	2	471308	n/a
230.13916015625	0.3	0.0	1	471325	n/a
230.1474609375	0.3	1.0	2	471342	n/a
230.15576171875	0.3	0.0	1	471359	n/a
230.1640625	0.3	1.0	2	471376	n/a
230.1728515625	0.3	0.0	1	471394	n/a
230.18115234375	0.3	1.0	2	471411	n/a
230.189453125	0.3	0.0	1	471428	n/a
230.19775390625	0.3	1.0	2	471445	n/a
230.2060546875	0.3	1.0	2	471462	n/a
230.21435546875	0.3	0.0	1	471479	n/a
230.22265625	0.3	0.0	1	471496	n/a
230.23095703125	0.3	1.0	2	471513	n/a
230.2392578125	0.3	0.0	1	471530	n/a
230.24755859375	0.3	1.0	2	471547	n/a
230.255859375	0.3	1.0	2	471564	n/a
230.26416015625	0.3	0.0	1	471581	n/a
230.2724609375	0.3	0.0	1	471598	n/a
230.28076171875	0.3	1.0	2	471615	n/a
230.2890625	0.3	1.0	2	471632	n/a
230.2978515625	0.3	0.0	1	471650	n/a
230.30615234375	0.3	0.0	1	471667	n/a
230.314453125	0.3	1.0	2	471684	n/a
230.32275390625	0.3	1.0	2	471701	n/a
230.3310546875	0.3	0.0	1	471718	n/a
230.33935546875	0.3	0.0	1	471735	n/a
230.34765625	0.3	1.0	2	471752	n/a
230.35595703125	0.3	1.0	2	471769	n/a
230.3642578125	0.3	0.0	1	471786	n/a
230.37255859375	0.3	0.0	1	471803	n/a
230.380859375	0.3	1.0	2	471820	n/a
230.38916015625	0.3	0.0	1	471837	n/a
230.3974609375	0.3	1.0	2	471854	n/a
230.40576171875	0.3	1.0	2	471871	n/a
230.4140625	0.3	0.0	1	471888	n/a
230.4228515625	0.3	0.0	1	471906	n/a
230.43115234375	0.3	1.0	2	471923	n/a
230.439453125	0.3	0.0	1	471940	n/a
230.44775390625	0.3	1.0	2	471957	n/a
230.4560546875	0.3	0.0	1	471974	n/a
230.46435546875	0.3	1.0	2	471991	n/a
230.47265625	0.3	1.0	2	472008	n/a
230.48095703125	0.3	0.0	1	472025	n/a
230.4892578125	0.3	1.0	2	472042	n/a
230.49755859375	0.3	0.0	1	472059	n/a
230.505859375	0.3	1.0	2	472076	n/a
230.51416015625	0.3	0.0	1	472093	n/a
230.5224609375	0.3	0.0	1	472110	n/a
230.53076171875	0.3	1.0	2	472127	n/a
230.5390625	0.3	1.0	2	472144	n/a
230.5478515625	0.3	0.0	1	472162	n/a
230.55615234375	0.3	0.0	1	472179	n/a
230.564453125	0.3	1.0	2	472196	n/a
230.57275390625	0.3	1.0	2	472213	n/a
230.5810546875	0.3	0.0	1	472230	n/a
230.58935546875	0.3	1.0	2	472247	n/a
230.59765625	0.3	0.0	1	472264	n/a
230.60595703125	0.3	0.0	1	472281	n/a
230.6142578125	0.3	1.0	2	472298	n/a
230.62255859375	0.3	1.0	2	472315	n/a
230.630859375	0.3	0.0	1	472332	n/a
230.63916015625	0.3	0.0	1	472349	n/a
230.6474609375	0.3	1.0	2	472366	n/a
230.65576171875	0.3	1.0	2	472383	n/a
230.6640625	0.3	0.0	1	472400	n/a
230.6728515625	0.3	0.0	1	472418	n/a
230.68115234375	0.3	1.0	2	472435	n/a
230.689453125	0.3	1.0	2	472452	n/a
230.69775390625	0.3	0.0	1	472469	n/a
230.7060546875	0.3	1.0	2	472486	n/a
230.71435546875	0.3	0.0	1	472503	n/a
230.72265625	0.3	1.0	2	472520	n/a
230.73095703125	0.3	0.0	1	472537	n/a
230.7392578125	0.3	1.0	2	472554	n/a
230.74755859375	0.3	0.0	1	472571	n/a
230.755859375	0.3	0.0	1	472588	n/a
230.76416015625	0.3	1.0	2	472605	n/a
230.7724609375	0.3	0.0	1	472622	n/a
230.78076171875	0.3	1.0	2	472639	n/a
230.7890625	0.3	0.0	1	472656	n/a
230.7978515625	0.3	1.0	2	472674	n/a
230.80615234375	0.3	1.0	2	472691	n/a
230.814453125	0.3	0.0	1	472708	n/a
230.82275390625	0.3	0.0	1	472725	n/a
230.8310546875	0.3	1.0	2	472742	n/a
230.83935546875	0.3	0.0	1	472759	n/a
230.84765625	0.3	1.0	2	472776	n/a
230.85595703125	0.3	0.0	1	472793	n/a
230.8642578125	0.3	1.0	2	472810	n/a
230.87255859375	0.3	1.0	2	472827	n/a
230.880859375	0.3	0.0	1	472844	n/a
230.88916015625	0.3	0.0	1	472861	n/a
230.8974609375	0.3	1.0	2	472878	n/a
230.90576171875	0.3	0.0	1	472895	n/a
230.9140625	0.3	1.0	2	472912	n/a
230.9228515625	0.3	0.0	1	472930	n/a
230.93115234375	0.3	1.0	2	472947	n/a
230.939453125	0.3	0.0	1	472964	n/a
230.94775390625	0.3	1.0	2	472981	n/a
230.9560546875	0.3	0.0	1	472998	n/a
230.96435546875	0.3	1.0	2	473015	n/a
230.97265625	0.3	0.0	1	473032	n/a
230.98095703125	0.3	1.0	2	473049	n/a
230.9892578125	0.3	0.0	1	473066	n/a
230.99755859375	0.3	1.0	2	473083	n/a
231.005859375	0.3	0.0	1	473100	n/a
231.01416015625	0.3	1.0	2	473117	n/a
231.0224609375	0.3	0.0	1	473134	n/a
231.03076171875	0.3	1.0	2	473151	n/a
231.0390625	0.3	0.0	1	473168	n/a
231.0478515625	0.3	1.0	2	473186	n/a
231.05615234375	0.3	1.0	2	473203	n/a
231.064453125	0.3	0.0	1	473220	n/a
231.07275390625	0.3	0.0	1	473237	n/a
231.0810546875	0.3	1.0	2	473254	n/a
231.08935546875	0.3	0.0	1	473271	n/a
231.09765625	0.3	1.0	2	473288	n/a
231.10595703125	0.3	0.0	1	473305	n/a
231.1142578125	0.3	1.0	2	473322	n/a
231.12255859375	0.3	1.0	2	473339	n/a
231.130859375	0.3	0.0	1	473356	n/a
231.13916015625	0.3	1.0	2	473373	n/a
231.1474609375	0.3	0.0	1	473390	n/a
231.15576171875	0.3	0.0	1	473407	n/a
231.1640625	0.3	1.0	2	473424	n/a
231.1728515625	0.3	0.0	1	473442	n/a
231.18115234375	0.3	1.0	2	473459	n/a
231.189453125	0.3	0.0	1	473476	n/a
231.19775390625	0.3	1.0	2	473493	n/a
231.2060546875	0.3	0.0	1	473510	n/a
231.21435546875	0.3	1.0	2	473527	n/a
231.22265625	0.3	0.0	1	473544	n/a
231.23095703125	0.3	1.0	2	473561	n/a
231.2392578125	0.3	0.0	1	473578	n/a
231.24755859375	0.3	1.0	2	473595	n/a
231.255859375	0.3	1.0	2	473612	n/a
231.26416015625	0.3	0.0	1	473629	n/a
231.2724609375	0.3	0.0	1	473646	n/a
231.28076171875	0.3	1.0	2	473663	n/a
231.2890625	0.3	0.0	1	473680	n/a
231.2978515625	0.3	1.0	2	473698	n/a
231.30615234375	0.3	1.0	2	473715	n/a
231.314453125	0.3	0.0	1	473732	n/a
231.32275390625	0.3	0.0	1	473749	n/a
231.3310546875	0.3	1.0	2	473766	n/a
231.33935546875	0.3	1.0	2	473783	n/a
231.34765625	0.3	0.0	1	473800	n/a
231.35595703125	0.3	0.0	1	473817	n/a
231.3642578125	0.3	1.0	2	473834	n/a
231.37255859375	0.3	1.0	2	473851	n/a
231.380859375	0.3	0.0	1	473868	n/a
231.38916015625	0.3	0.0	1	473885	n/a
231.3974609375	0.3	1.0	2	473902	n/a
231.40576171875	0.3	1.0	2	473919	n/a
231.4140625	0.3	0.0	1	473936	n/a
231.4228515625	0.3	0.0	1	473954	n/a
231.43115234375	0.3	1.0	2	473971	n/a
231.439453125	0.3	0.0	1	473988	n/a
231.44775390625	0.3	1.0	2	474005	n/a
231.4560546875	0.3	1.0	2	474022	n/a
231.46435546875	0.3	0.0	1	474039	n/a
231.47265625	0.3	0.0	1	474056	n/a
231.48095703125	0.3	1.0	2	474073	n/a
231.4892578125	0.3	0.0	1	474090	n/a
231.49755859375	0.3	1.0	2	474107	n/a
231.505859375	0.3	0.0	1	474124	n/a
231.51416015625	0.3	1.0	2	474141	n/a
231.5224609375	0.3	1.0	2	474158	n/a
231.53076171875	0.3	0.0	1	474175	n/a
231.5390625	0.3	1.0	2	474192	n/a
231.5478515625	0.3	0.0	1	474210	n/a
231.55615234375	0.3	1.0	2	474227	n/a
231.564453125	0.3	0.0	1	474244	n/a
231.57275390625	0.3	0.0	1	474261	n/a
231.5810546875	0.3	1.0	2	474278	n/a
231.58935546875	0.3	1.0	2	474295	n/a
231.59765625	0.3	0.0	1	474312	n/a
231.60595703125	0.3	0.0	1	474329	n/a
231.6142578125	0.3	1.0	2	474346	n/a
231.62255859375	0.3	1.0	2	474363	n/a
231.630859375	0.3	0.0	1	474380	n/a
231.63916015625	0.3	1.0	2	474397	n/a
231.6474609375	0.3	0.0	1	474414	n/a
231.65576171875	0.3	0.0	1	474431	n/a
231.6640625	0.3	1.0	2	474448	n/a
231.6728515625	0.3	1.0	2	474466	n/a
231.68115234375	0.3	0.0	1	474483	n/a
231.689453125	0.3	0.0	1	474500	n/a
231.69775390625	0.3	1.0	2	474517	n/a
231.7060546875	0.3	1.0	2	474534	n/a
231.71435546875	0.3	0.0	1	474551	n/a
231.72265625	0.3	0.0	1	474568	n/a
231.73095703125	0.3	1.0	2	474585	n/a
231.7392578125	0.3	1.0	2	474602	n/a
231.74755859375	0.3	0.0	1	474619	n/a
231.755859375	0.3	1.0	2	474636	n/a
231.76416015625	0.3	0.0	1	474653	n/a
231.7724609375	0.3	1.0	2	474670	n/a
231.78076171875	0.3	0.0	1	474687	n/a
231.7890625	0.3	1.0	2	474704	n/a
231.7978515625	0.3	0.0	1	474722	n/a
231.80615234375	0.3	0.0	1	474739	n/a
231.814453125	0.3	1.0	2	474756	n/a
231.82275390625	0.3	0.0	1	474773	n/a
231.8310546875	0.3	1.0	2	474790	n/a
231.83935546875	0.3	0.0	1	474807	n/a
231.84765625	0.3	1.0	2	474824	n/a
231.85595703125	0.3	1.0	2	474841	n/a
231.8642578125	0.3	0.0	1	474858	n/a
231.87255859375	0.3	0.0	1	474875	n/a
231.880859375	0.3	1.0	2	474892	n/a
231.88916015625	0.3	0.0	1	474909	n/a
231.8974609375	0.3	1.0	2	474926	n/a
231.90576171875	0.3	0.0	1	474943	n/a
231.9140625	0.3	1.0	2	474960	n/a
231.9228515625	0.3	1.0	2	474978	n/a
231.93115234375	0.3	0.0	1	474995	n/a
231.939453125	0.3	0.0	1	475012	n/a
231.94775390625	0.3	1.0	2	475029	n/a
231.9560546875	0.3	0.0	1	475046	n/a
231.96435546875	0.3	1.0	2	475063	n/a
231.97265625	0.3	0.0	1	475080	n/a
231.98095703125	0.3	1.0	2	475097	n/a
231.9892578125	0.3	0.0	1	475114	n/a
231.99755859375	0.3	1.0	2	475131	n/a
232.005859375	0.3	0.0	1	475148	n/a
232.01416015625	0.3	1.0	2	475165	n/a
232.0224609375	0.3	0.0	1	475182	n/a
232.03076171875	0.3	1.0	2	475199	n/a
232.0390625	0.3	0.0	1	475216	n/a
232.0478515625	0.3	1.0	2	475234	n/a
232.05615234375	0.3	0.0	1	475251	n/a
232.064453125	0.3	1.0	2	475268	n/a
232.07275390625	0.3	0.0	1	475285	n/a
232.0810546875	0.3	1.0	2	475302	n/a
232.08935546875	0.3	0.0	1	475319	n/a
232.09765625	0.3	1.0	2	475336	n/a
232.10595703125	0.3	1.0	2	475353	n/a
232.1142578125	0.3	0.0	1	475370	n/a
232.12255859375	0.3	0.0	1	475387	n/a
232.130859375	0.3	1.0	2	475404	n/a
232.13916015625	0.3	0.0	1	475421	n/a
232.1474609375	0.3	1.0	2	475438	n/a
232.15576171875	0.3	0.0	1	475455	n/a
232.1640625	0.3	1.0	2	475472	n/a
232.1728515625	0.3	1.0	2	475490	n/a
232.18115234375	0.3	0.0	1	475507	n/a
232.189453125	0.3	1.0	2	475524	n/a
232.19775390625	0.3	0.0	1	475541	n/a
232.2060546875	0.3	0.0	1	475558	n/a
232.21435546875	0.3	1.0	2	475575	n/a
232.22265625	0.3	0.0	1	475592	n/a
232.23095703125	0.3	1.0	2	475609	n/a
232.2392578125	0.3	0.0	1	475626	n/a
232.24755859375	0.3	1.0	2	475643	n/a
232.255859375	0.3	0.0	1	475660	n/a
232.26416015625	0.3	1.0	2	475677	n/a
232.2724609375	0.3	0.0	1	475694	n/a
232.28076171875	0.3	1.0	2	475711	n/a
232.2890625	0.3	0.0	1	475728	n/a
232.2978515625	0.3	1.0	2	475746	n/a
232.30615234375	0.3	1.0	2	475763	n/a
232.314453125	0.3	0.0	1	475780	n/a
232.32275390625	0.3	0.0	1	475797	n/a
232.3310546875	0.3	1.0	2	475814	n/a
232.33935546875	0.3	0.0	1	475831	n/a
232.34765625	0.3	1.0	2	475848	n/a
232.35595703125	0.3	1.0	2	475865	n/a
232.3642578125	0.3	0.0	1	475882	n/a
232.37255859375	0.3	0.0	1	475899	n/a
232.380859375	0.3	1.0	2	475916	n/a
232.38916015625	0.3	1.0	2	475933	n/a
232.3974609375	0.3	0.0	1	475950	n/a
232.40576171875	0.3	0.0	1	475967	n/a
232.4140625	0.3	1.0	2	475984	n/a
232.4228515625	0.3	1.0	2	476002	n/a
232.43115234375	0.3	0.0	1	476019	n/a
232.439453125	0.3	0.0	1	476036	n/a
232.44775390625	0.3	1.0	2	476053	n/a
232.4560546875	0.3	1.0	2	476070	n/a
232.46435546875	0.3	0.0	1	476087	n/a
232.47265625	0.3	0.0	1	476104	n/a
232.48095703125	0.3	1.0	2	476121	n/a
232.4892578125	0.3	0.0	1	476138	n/a
232.49755859375	0.3	1.0	2	476155	n/a
232.505859375	0.3	1.0	2	476172	n/a
232.51416015625	0.3	0.0	1	476189	n/a
232.5224609375	0.3	0.0	1	476206	n/a
232.53076171875	0.3	1.0	2	476223	n/a
232.5390625	0.3	0.0	1	476240	n/a
232.5478515625	0.3	1.0	2	476258	n/a
232.55615234375	0.3	0.0	1	476275	n/a
232.564453125	0.3	1.0	2	476292	n/a
232.57275390625	0.3	1.0	2	476309	n/a
232.5810546875	0.3	0.0	1	476326	n/a
232.58935546875	0.3	1.0	2	476343	n/a
232.59765625	0.3	0.0	1	476360	n/a
232.60595703125	0.3	1.0	2	476377	n/a
232.6142578125	0.3	0.0	1	476394	n/a
232.62255859375	0.3	0.0	1	476411	n/a
232.630859375	0.3	1.0	2	476428	n/a
232.63916015625	0.3	1.0	2	476445	n/a
232.6474609375	0.3	0.0	1	476462	n/a
232.65576171875	0.3	0.0	1	476479	n/a
232.6640625	0.3	1.0	2	476496	n/a
232.6728515625	0.3	1.0	2	476514	n/a
232.68115234375	0.3	0.0	1	476531	n/a
232.689453125	0.3	1.0	2	476548	n/a
232.69775390625	0.3	0.0	1	476565	n/a
232.7060546875	0.3	0.0	1	476582	n/a
232.71435546875	0.3	1.0	2	476599	n/a
232.72265625	0.3	1.0	2	476616	n/a
232.73095703125	0.3	0.0	1	476633	n/a
232.7392578125	0.3	0.0	1	476650	n/a
232.74755859375	0.3	1.0	2	476667	n/a
232.755859375	0.3	1.0	2	476684	n/a
232.76416015625	0.3	0.0	1	476701	n/a
232.7724609375	0.3	0.0	1	476718	n/a
232.78076171875	0.3	1.0	2	476735	n/a
232.7890625	0.3	1.0	2	476752	n/a
232.7978515625	0.3	0.0	1	476770	n/a
235.16455078125	0.3	0.0	1	481617	24.0
235.1728515625	0.3	1.0	2	481634	n/a
235.18115234375	0.3	1.0	2	481651	n/a
235.189453125	0.3	0.0	1	481668	n/a
235.19775390625	0.3	1.0	2	481685	n/a
235.2060546875	0.3	0.0	1	481702	n/a
235.21435546875	0.3	1.0	2	481719	n/a
235.22265625	0.3	0.0	1	481736	n/a
235.2314453125	0.3	0.0	1	481754	n/a
235.23974609375	0.3	1.0	2	481771	n/a
235.248046875	0.3	0.0	1	481788	n/a
235.25634765625	0.3	1.0	2	481805	n/a
235.2646484375	0.3	1.0	2	481822	n/a
235.27294921875	0.3	0.0	1	481839	n/a
235.28125	0.3	0.0	1	481856	n/a
235.28955078125	0.3	1.0	2	481873	n/a
235.2978515625	0.3	1.0	2	481890	n/a
235.30615234375	0.3	0.0	1	481907	n/a
235.314453125	0.3	1.0	2	481924	n/a
235.32275390625	0.3	0.0	1	481941	n/a
235.3310546875	0.3	0.0	1	481958	n/a
235.33935546875	0.3	1.0	2	481975	n/a
235.34765625	0.3	0.0	1	481992	n/a
235.3564453125	0.3	1.0	2	482010	n/a
235.36474609375	0.3	0.0	1	482027	n/a
235.373046875	0.3	1.0	2	482044	n/a
235.38134765625	0.3	0.0	1	482061	n/a
235.3896484375	0.3	1.0	2	482078	n/a
235.39794921875	0.3	0.0	1	482095	n/a
235.40625	0.3	1.0	2	482112	n/a
235.41455078125	0.3	0.0	1	482129	n/a
235.4228515625	0.3	1.0	2	482146	n/a
235.43115234375	0.3	1.0	2	482163	n/a
235.439453125	0.3	0.0	1	482180	n/a
235.44775390625	0.3	0.0	1	482197	n/a
235.4560546875	0.3	1.0	2	482214	n/a
235.46435546875	0.3	1.0	2	482231	n/a
235.47265625	0.3	0.0	1	482248	n/a
235.4814453125	0.3	1.0	2	482266	n/a
235.48974609375	0.3	0.0	1	482283	n/a
235.498046875	0.3	1.0	2	482300	n/a
235.50634765625	0.3	0.0	1	482317	n/a
235.5146484375	0.3	0.0	1	482334	n/a
235.52294921875	0.3	1.0	2	482351	n/a
235.53125	0.3	1.0	2	482368	n/a
235.53955078125	0.3	0.0	1	482385	n/a
235.5478515625	0.3	1.0	2	482402	n/a
235.55615234375	0.3	0.0	1	482419	n/a
235.564453125	0.3	0.0	1	482436	n/a
235.57275390625	0.3	1.0	2	482453	n/a
235.5810546875	0.3	1.0	2	482470	n/a
235.58935546875	0.3	0.0	1	482487	n/a
235.59765625	0.3	0.0	1	482504	n/a
235.6064453125	0.3	1.0	2	482522	n/a
235.61474609375	0.3	0.0	1	482539	n/a
235.623046875	0.3	1.0	2	482556	n/a
235.63134765625	0.3	1.0	2	482573	n/a
235.6396484375	0.3	0.0	1	482590	n/a
235.64794921875	0.3	0.0	1	482607	n/a
235.65625	0.3	1.0	2	482624	n/a
235.66455078125	0.3	1.0	2	482641	n/a
235.6728515625	0.3	0.0	1	482658	n/a
235.68115234375	0.3	0.0	1	482675	n/a
235.689453125	0.3	1.0	2	482692	n/a
235.69775390625	0.3	0.0	1	482709	n/a
235.7060546875	0.3	1.0	2	482726	n/a
235.71435546875	0.3	1.0	2	482743	n/a
235.72265625	0.3	0.0	1	482760	n/a
235.7314453125	0.3	1.0	2	482778	n/a
235.73974609375	0.3	0.0	1	482795	n/a
235.748046875	0.3	1.0	2	482812	n/a
235.75634765625	0.3	0.0	1	482829	n/a
235.7646484375	0.3	1.0	2	482846	n/a
235.77294921875	0.3	0.0	1	482863	n/a
235.78125	0.3	0.0	1	482880	n/a
235.78955078125	0.3	1.0	2	482897	n/a
235.7978515625	0.3	0.0	1	482914	n/a
235.80615234375	0.3	1.0	2	482931	n/a
235.814453125	0.3	1.0	2	482948	n/a
235.82275390625	0.3	0.0	1	482965	n/a
235.8310546875	0.3	0.0	1	482982	n/a
235.83935546875	0.3	1.0	2	482999	n/a
235.84765625	0.3	1.0	2	483016	n/a
235.8564453125	0.3	0.0	1	483034	n/a
235.86474609375	0.3	1.0	2	483051	n/a
235.873046875	0.3	0.0	1	483068	n/a
235.88134765625	0.3	1.0	2	483085	n/a
235.8896484375	0.3	0.0	1	483102	n/a
235.89794921875	0.3	1.0	2	483119	n/a
235.90625	0.3	0.0	1	483136	n/a
235.91455078125	0.3	0.0	1	483153	n/a
235.9228515625	0.3	1.0	2	483170	n/a
235.93115234375	0.3	0.0	1	483187	n/a
235.939453125	0.3	1.0	2	483204	n/a
235.94775390625	0.3	1.0	2	483221	n/a
235.9560546875	0.3	0.0	1	483238	n/a
235.96435546875	0.3	0.0	1	483255	n/a
235.97265625	0.3	1.0	2	483272	n/a
235.9814453125	0.3	0.0	1	483290	n/a
235.98974609375	0.3	1.0	2	483307	n/a
235.998046875	0.3	0.0	1	483324	n/a
236.00634765625	0.3	1.0	2	483341	n/a
236.0146484375	0.3	1.0	2	483358	n/a
236.02294921875	0.3	0.0	1	483375	n/a
236.03125	0.3	1.0	2	483392	n/a
236.03955078125	0.3	0.0	1	483409	n/a
236.0478515625	0.3	1.0	2	483426	n/a
236.05615234375	0.3	0.0	1	483443	n/a
236.064453125	0.3	0.0	1	483460	n/a
236.07275390625	0.3	1.0	2	483477	n/a
236.0810546875	0.3	0.0	1	483494	n/a
236.08935546875	0.3	1.0	2	483511	n/a
236.09765625	0.3	0.0	1	483528	n/a
236.1064453125	0.3	1.0	2	483546	n/a
236.11474609375	0.3	0.0	1	483563	n/a
236.123046875	0.3	1.0	2	483580	n/a
236.13134765625	0.3	0.0	1	483597	n/a
236.1396484375	0.3	1.0	2	483614	n/a
236.14794921875	0.3	1.0	2	483631	n/a
236.15625	0.3	0.0	1	483648	n/a
236.16455078125	0.3	1.0	2	483665	n/a
236.1728515625	0.3	0.0	1	483682	n/a
236.18115234375	0.3	0.0	1	483699	n/a
236.189453125	0.3	1.0	2	483716	n/a
236.19775390625	0.3	1.0	2	483733	n/a
236.2060546875	0.3	0.0	1	483750	n/a
236.21435546875	0.3	0.0	1	483767	n/a
236.22265625	0.3	1.0	2	483784	n/a
236.2314453125	0.3	1.0	2	483802	n/a
236.23974609375	0.3	0.0	1	483819	n/a
236.248046875	0.3	1.0	2	483836	n/a
236.25634765625	0.3	0.0	1	483853	n/a
236.2646484375	0.3	1.0	2	483870	n/a
236.27294921875	0.3	0.0	1	483887	n/a
236.28125	0.3	0.0	1	483904	n/a
236.28955078125	0.3	1.0	2	483921	n/a
236.2978515625	0.3	0.0	1	483938	n/a
236.30615234375	0.3	1.0	2	483955	n/a
236.314453125	0.3	1.0	2	483972	n/a
236.32275390625	0.3	0.0	1	483989	n/a
236.3310546875	0.3	0.0	1	484006	n/a
236.33935546875	0.3	1.0	2	484023	n/a
236.34765625	0.3	1.0	2	484040	n/a
236.3564453125	0.3	0.0	1	484058	n/a
236.36474609375	0.3	1.0	2	484075	n/a
236.373046875	0.3	0.0	1	484092	n/a
236.38134765625	0.3	0.0	1	484109	n/a
236.3896484375	0.3	1.0	2	484126	n/a
236.39794921875	0.3	0.0	1	484143	n/a
236.40625	0.3	1.0	2	484160	n/a
236.41455078125	0.3	0.0	1	484177	n/a
236.4228515625	0.3	1.0	2	484194	n/a
236.43115234375	0.3	0.0	1	484211	n/a
236.439453125	0.3	1.0	2	484228	n/a
236.44775390625	0.3	0.0	1	484245	n/a
236.4560546875	0.3	1.0	2	484262	n/a
236.46435546875	0.3	0.0	1	484279	n/a
236.47265625	0.3	1.0	2	484296	n/a
236.4814453125	0.3	1.0	2	484314	n/a
236.48974609375	0.3	0.0	1	484331	n/a
236.498046875	0.3	0.0	1	484348	n/a
236.50634765625	0.3	1.0	2	484365	n/a
236.5146484375	0.3	1.0	2	484382	n/a
236.52294921875	0.3	0.0	1	484399	n/a
236.53125	0.3	1.0	2	484416	n/a
236.53955078125	0.3	0.0	1	484433	n/a
236.5478515625	0.3	1.0	2	484450	n/a
236.55615234375	0.3	0.0	1	484467	n/a
236.564453125	0.3	0.0	1	484484	n/a
236.57275390625	0.3	1.0	2	484501	n/a
236.5810546875	0.3	1.0	2	484518	n/a
236.58935546875	0.3	0.0	1	484535	n/a
236.59765625	0.3	1.0	2	484552	n/a
236.6064453125	0.3	0.0	1	484570	n/a
236.61474609375	0.3	0.0	1	484587	n/a
236.623046875	0.3	1.0	2	484604	n/a
236.63134765625	0.3	1.0	2	484621	n/a
236.6396484375	0.3	0.0	1	484638	n/a
236.64794921875	0.3	0.0	1	484655	n/a
236.65625	0.3	1.0	2	484672	n/a
236.66455078125	0.3	0.0	1	484689	n/a
236.6728515625	0.3	1.0	2	484706	n/a
236.68115234375	0.3	1.0	2	484723	n/a
236.689453125	0.3	0.0	1	484740	n/a
236.69775390625	0.3	0.0	1	484757	n/a
236.7060546875	0.3	1.0	2	484774	n/a
236.71435546875	0.3	1.0	2	484791	n/a
236.72265625	0.3	0.0	1	484808	n/a
236.7314453125	0.3	0.0	1	484826	n/a
236.73974609375	0.3	1.0	2	484843	n/a
236.748046875	0.3	0.0	1	484860	n/a
236.75634765625	0.3	1.0	2	484877	n/a
236.7646484375	0.3	1.0	2	484894	n/a
236.77294921875	0.3	0.0	1	484911	n/a
236.78125	0.3	1.0	2	484928	n/a
236.78955078125	0.3	0.0	1	484945	n/a
236.7978515625	0.3	1.0	2	484962	n/a
236.80615234375	0.3	0.0	1	484979	n/a
236.814453125	0.3	1.0	2	484996	n/a
236.82275390625	0.3	0.0	1	485013	n/a
236.8310546875	0.3	0.0	1	485030	n/a
236.83935546875	0.3	1.0	2	485047	n/a
236.84765625	0.3	0.0	1	485064	n/a
236.8564453125	0.3	1.0	2	485082	n/a
236.86474609375	0.3	1.0	2	485099	n/a
236.873046875	0.3	0.0	1	485116	n/a
236.88134765625	0.3	0.0	1	485133	n/a
236.8896484375	0.3	1.0	2	485150	n/a
236.89794921875	0.3	1.0	2	485167	n/a
236.90625	0.3	0.0	1	485184	n/a
236.91455078125	0.3	1.0	2	485201	n/a
236.9228515625	0.3	0.0	1	485218	n/a
236.93115234375	0.3	1.0	2	485235	n/a
236.939453125	0.3	0.0	1	485252	n/a
236.94775390625	0.3	1.0	2	485269	n/a
236.9560546875	0.3	0.0	1	485286	n/a
236.96435546875	0.3	0.0	1	485303	n/a
236.97265625	0.3	1.0	2	485320	n/a
236.9814453125	0.3	0.0	1	485338	n/a
236.98974609375	0.3	1.0	2	485355	n/a
236.998046875	0.3	1.0	2	485372	n/a
237.00634765625	0.3	0.0	1	485389	n/a
237.0146484375	0.3	0.0	1	485406	n/a
237.02294921875	0.3	1.0	2	485423	n/a
237.03125	0.3	0.0	1	485440	n/a
237.03955078125	0.3	1.0	2	485457	n/a
237.0478515625	0.3	0.0	1	485474	n/a
237.05615234375	0.3	1.0	2	485491	n/a
237.064453125	0.3	1.0	2	485508	n/a
237.07275390625	0.3	0.0	1	485525	n/a
237.0810546875	0.3	1.0	2	485542	n/a
237.08935546875	0.3	0.0	1	485559	n/a
237.09765625	0.3	1.0	2	485576	n/a
237.1064453125	0.3	0.0	1	485594	n/a
237.11474609375	0.3	0.0	1	485611	n/a
237.123046875	0.3	1.0	2	485628	n/a
237.13134765625	0.3	0.0	1	485645	n/a
237.1396484375	0.3	1.0	2	485662	n/a
237.14794921875	0.3	0.0	1	485679	n/a
237.15625	0.3	1.0	2	485696	n/a
237.16455078125	0.3	0.0	1	485713	n/a
237.1728515625	0.3	1.0	2	485730	n/a
237.18115234375	0.3	0.0	1	485747	n/a
237.189453125	0.3	1.0	2	485764	n/a
237.19775390625	0.3	1.0	2	485781	n/a
237.2060546875	0.3	0.0	1	485798	n/a
237.21435546875	0.3	1.0	2	485815	n/a
237.22265625	0.3	0.0	1	485832	n/a
237.2314453125	0.3	0.0	1	485850	n/a
237.23974609375	0.3	1.0	2	485867	n/a
237.248046875	0.3	1.0	2	485884	n/a
237.25634765625	0.3	0.0	1	485901	n/a
237.2646484375	0.3	0.0	1	485918	n/a
237.27294921875	0.3	1.0	2	485935	n/a
237.28125	0.3	1.0	2	485952	n/a
237.28955078125	0.3	0.0	1	485969	n/a
237.2978515625	0.3	1.0	2	485986	n/a
237.30615234375	0.3	0.0	1	486003	n/a
237.314453125	0.3	1.0	2	486020	n/a
237.32275390625	0.3	0.0	1	486037	n/a
237.3310546875	0.3	0.0	1	486054	n/a
237.33935546875	0.3	1.0	2	486071	n/a
237.34765625	0.3	0.0	1	486088	n/a
237.3564453125	0.3	1.0	2	486106	n/a
237.36474609375	0.3	1.0	2	486123	n/a
237.373046875	0.3	0.0	1	486140	n/a
237.38134765625	0.3	0.0	1	486157	n/a
237.3896484375	0.3	1.0	2	486174	n/a
237.39794921875	0.3	1.0	2	486191	n/a
237.40625	0.3	0.0	1	486208	n/a
237.41455078125	0.3	1.0	2	486225	n/a
237.4228515625	0.3	0.0	1	486242	n/a
237.43115234375	0.3	0.0	1	486259	n/a
237.439453125	0.3	1.0	2	486276	n/a
237.44775390625	0.3	0.0	1	486293	n/a
237.4560546875	0.3	1.0	2	486310	n/a
237.46435546875	0.3	0.0	1	486327	n/a
237.47265625	0.3	1.0	2	486344	n/a
237.4814453125	0.3	0.0	1	486362	n/a
237.48974609375	0.3	1.0	2	486379	n/a
237.498046875	0.3	0.0	1	486396	n/a
237.50634765625	0.3	1.0	2	486413	n/a
237.5146484375	0.3	0.0	1	486430	n/a
237.52294921875	0.3	1.0	2	486447	n/a
237.53125	0.3	1.0	2	486464	n/a
237.53955078125	0.3	0.0	1	486481	n/a
237.5478515625	0.3	0.0	1	486498	n/a
237.55615234375	0.3	1.0	2	486515	n/a
237.564453125	0.3	1.0	2	486532	n/a
237.57275390625	0.3	0.0	1	486549	n/a
237.5810546875	0.3	1.0	2	486566	n/a
237.58935546875	0.3	0.0	1	486583	n/a
237.59765625	0.3	1.0	2	486600	n/a
237.6064453125	0.3	0.0	1	486618	n/a
237.61474609375	0.3	0.0	1	486635	n/a
237.623046875	0.3	1.0	2	486652	n/a
237.63134765625	0.3	1.0	2	486669	n/a
237.6396484375	0.3	0.0	1	486686	n/a
237.64794921875	0.3	1.0	2	486703	n/a
237.65625	0.3	0.0	1	486720	n/a
237.66455078125	0.3	0.0	1	486737	n/a
237.6728515625	0.3	1.0	2	486754	n/a
237.68115234375	0.3	1.0	2	486771	n/a
237.689453125	0.3	0.0	1	486788	n/a
237.69775390625	0.3	0.0	1	486805	n/a
237.7060546875	0.3	1.0	2	486822	n/a
237.71435546875	0.3	0.0	1	486839	n/a
237.72265625	0.3	1.0	2	486856	n/a
237.7314453125	0.3	1.0	2	486874	n/a
237.73974609375	0.3	0.0	1	486891	n/a
237.748046875	0.3	0.0	1	486908	n/a
237.75634765625	0.3	1.0	2	486925	n/a
237.7646484375	0.3	1.0	2	486942	n/a
237.77294921875	0.3	0.0	1	486959	n/a
237.78125	0.3	0.0	1	486976	n/a
237.78955078125	0.3	1.0	2	486993	n/a
237.7978515625	0.3	0.0	1	487010	n/a
237.80615234375	0.3	1.0	2	487027	n/a
237.814453125	0.3	1.0	2	487044	n/a
237.82275390625	0.3	0.0	1	487061	n/a
237.8310546875	0.3	1.0	2	487078	n/a
237.83935546875	0.3	0.0	1	487095	n/a
237.84765625	0.3	1.0	2	487112	n/a
237.8564453125	0.3	0.0	1	487130	n/a
237.86474609375	0.3	1.0	2	487147	n/a
237.873046875	0.3	0.0	1	487164	n/a
237.88134765625	0.3	0.0	1	487181	n/a
237.8896484375	0.3	1.0	2	487198	n/a
237.89794921875	0.3	0.0	1	487215	n/a
237.90625	0.3	1.0	2	487232	n/a
237.91455078125	0.3	1.0	2	487249	n/a
237.9228515625	0.3	0.0	1	487266	n/a
237.93115234375	0.3	0.0	1	487283	n/a
237.939453125	0.3	1.0	2	487300	n/a
237.94775390625	0.3	1.0	2	487317	n/a
237.9560546875	0.3	0.0	1	487334	n/a
237.96435546875	0.3	1.0	2	487351	n/a
237.97265625	0.3	0.0	1	487368	n/a
237.9814453125	0.3	1.0	2	487386	n/a
237.98974609375	0.3	0.0	1	487403	n/a
237.998046875	0.3	1.0	2	487420	n/a
238.00634765625	0.3	0.0	1	487437	n/a
238.0146484375	0.3	0.0	1	487454	n/a
238.02294921875	0.3	1.0	2	487471	n/a
238.03125	0.3	0.0	1	487488	n/a
238.03955078125	0.3	1.0	2	487505	n/a
238.0478515625	0.3	1.0	2	487522	n/a
238.05615234375	0.3	0.0	1	487539	n/a
238.064453125	0.3	0.0	1	487556	n/a
238.07275390625	0.3	1.0	2	487573	n/a
238.0810546875	0.3	0.0	1	487590	n/a
238.08935546875	0.3	1.0	2	487607	n/a
238.09765625	0.3	0.0	1	487624	n/a
238.1064453125	0.3	1.0	2	487642	n/a
238.11474609375	0.3	1.0	2	487659	n/a
238.123046875	0.3	0.0	1	487676	n/a
238.13134765625	0.3	1.0	2	487693	n/a
238.1396484375	0.3	0.0	1	487710	n/a
238.14794921875	0.3	1.0	2	487727	n/a
238.15625	0.3	0.0	1	487744	n/a
238.16455078125	0.3	0.0	1	487761	n/a
238.1728515625	0.3	1.0	2	487778	n/a
238.18115234375	0.3	0.0	1	487795	n/a
238.189453125	0.3	1.0	2	487812	n/a
238.19775390625	0.3	0.0	1	487829	n/a
238.2060546875	0.3	1.0	2	487846	n/a
238.21435546875	0.3	0.0	1	487863	n/a
238.22265625	0.3	1.0	2	487880	n/a
238.2314453125	0.3	0.0	1	487898	n/a
238.23974609375	0.3	1.0	2	487915	n/a
238.248046875	0.3	1.0	2	487932	n/a
238.25634765625	0.3	0.0	1	487949	n/a
238.2646484375	0.3	1.0	2	487966	n/a
238.27294921875	0.3	0.0	1	487983	n/a
238.28125	0.3	0.0	1	488000	n/a
238.28955078125	0.3	1.0	2	488017	n/a
238.2978515625	0.3	1.0	2	488034	n/a
238.30615234375	0.3	0.0	1	488051	n/a
238.314453125	0.3	0.0	1	488068	n/a
238.32275390625	0.3	1.0	2	488085	n/a
238.3310546875	0.3	1.0	2	488102	n/a
238.33935546875	0.3	0.0	1	488119	n/a
238.34765625	0.3	1.0	2	488136	n/a
238.3564453125	0.3	0.0	1	488154	n/a
238.36474609375	0.3	1.0	2	488171	n/a
238.373046875	0.3	0.0	1	488188	n/a
238.38134765625	0.3	0.0	1	488205	n/a
238.3896484375	0.3	1.0	2	488222	n/a
238.39794921875	0.3	0.0	1	488239	n/a
238.40625	0.3	1.0	2	488256	n/a
238.41455078125	0.3	1.0	2	488273	n/a
238.4228515625	0.3	0.0	1	488290	n/a
238.43115234375	0.3	0.0	1	488307	n/a
238.439453125	0.3	1.0	2	488324	n/a
238.44775390625	0.3	1.0	2	488341	n/a
238.4560546875	0.3	0.0	1	488358	n/a
238.46435546875	0.3	1.0	2	488375	n/a
238.47265625	0.3	0.0	1	488392	n/a
238.4814453125	0.3	0.0	1	488410	n/a
238.48974609375	0.3	1.0	2	488427	n/a
238.498046875	0.3	0.0	1	488444	n/a
238.50634765625	0.3	1.0	2	488461	n/a
238.5146484375	0.3	0.0	1	488478	n/a
238.52294921875	0.3	1.0	2	488495	n/a
238.53125	0.3	0.0	1	488512	n/a
238.53955078125	0.3	1.0	2	488529	n/a
238.5478515625	0.3	0.0	1	488546	n/a
238.55615234375	0.3	1.0	2	488563	n/a
238.564453125	0.3	0.0	1	488580	n/a
238.57275390625	0.3	1.0	2	488597	n/a
238.5810546875	0.3	1.0	2	488614	n/a
238.58935546875	0.3	0.0	1	488631	n/a
238.59765625	0.3	0.0	1	488648	n/a
238.6064453125	0.3	1.0	2	488666	n/a
238.61474609375	0.3	1.0	2	488683	n/a
238.623046875	0.3	0.0	1	488700	n/a
238.63134765625	0.3	1.0	2	488717	n/a
238.6396484375	0.3	0.0	1	488734	n/a
238.64794921875	0.3	1.0	2	488751	n/a
238.65625	0.3	0.0	1	488768	n/a
238.66455078125	0.3	0.0	1	488785	n/a
238.6728515625	0.3	1.0	2	488802	n/a
238.68115234375	0.3	1.0	2	488819	n/a
238.689453125	0.3	0.0	1	488836	n/a
238.69775390625	0.3	1.0	2	488853	n/a
238.7060546875	0.3	0.0	1	488870	n/a
238.71435546875	0.3	0.0	1	488887	n/a
238.72265625	0.3	1.0	2	488904	n/a
238.7314453125	0.3	1.0	2	488922	n/a
238.73974609375	0.3	0.0	1	488939	n/a
238.748046875	0.3	0.0	1	488956	n/a
238.75634765625	0.3	1.0	2	488973	n/a
238.7646484375	0.3	0.0	1	488990	n/a
238.77294921875	0.3	1.0	2	489007	n/a
238.78125	0.3	1.0	2	489024	n/a
238.78955078125	0.3	0.0	1	489041	n/a
238.7978515625	0.3	0.0	1	489058	n/a
238.80615234375	0.3	1.0	2	489075	n/a
238.814453125	0.3	1.0	2	489092	n/a
238.82275390625	0.3	0.0	1	489109	n/a
238.8310546875	0.3	0.0	1	489126	n/a
238.83935546875	0.3	1.0	2	489143	n/a
238.84765625	0.3	0.0	1	489160	n/a
238.8564453125	0.3	1.0	2	489178	n/a
238.86474609375	0.3	1.0	2	489195	n/a
238.873046875	0.3	0.0	1	489212	n/a
238.88134765625	0.3	1.0	2	489229	n/a
238.8896484375	0.3	0.0	1	489246	n/a
238.89794921875	0.3	1.0	2	489263	n/a
238.90625	0.3	0.0	1	489280	n/a
238.91455078125	0.3	1.0	2	489297	n/a
238.9228515625	0.3	0.0	1	489314	n/a
238.93115234375	0.3	0.0	1	489331	n/a
238.939453125	0.3	1.0	2	489348	n/a
238.94775390625	0.3	0.0	1	489365	n/a
238.9560546875	0.3	1.0	2	489382	n/a
238.96435546875	0.3	1.0	2	489399	n/a
238.97265625	0.3	0.0	1	489416	n/a
238.9814453125	0.3	0.0	1	489434	n/a
238.98974609375	0.3	1.0	2	489451	n/a
238.998046875	0.3	1.0	2	489468	n/a
239.00634765625	0.3	0.0	1	489485	n/a
239.0146484375	0.3	1.0	2	489502	n/a
239.02294921875	0.3	0.0	1	489519	n/a
239.03125	0.3	1.0	2	489536	n/a
239.03955078125	0.3	0.0	1	489553	n/a
239.0478515625	0.3	1.0	2	489570	n/a
239.05615234375	0.3	0.0	1	489587	n/a
239.064453125	0.3	0.0	1	489604	n/a
239.07275390625	0.3	1.0	2	489621	n/a
239.0810546875	0.3	0.0	1	489638	n/a
239.08935546875	0.3	1.0	2	489655	n/a
239.09765625	0.3	1.0	2	489672	n/a
239.1064453125	0.3	0.0	1	489690	n/a
239.11474609375	0.3	0.0	1	489707	n/a
239.123046875	0.3	1.0	2	489724	n/a
239.13134765625	0.3	0.0	1	489741	n/a
239.1396484375	0.3	1.0	2	489758	n/a
239.14794921875	0.3	0.0	1	489775	n/a
239.15625	0.3	1.0	2	489792	n/a
239.16455078125	0.3	1.0	2	489809	n/a
239.1728515625	0.3	0.0	1	489826	n/a
239.18115234375	0.3	1.0	2	489843	n/a
239.189453125	0.3	0.0	1	489860	n/a
239.19775390625	0.3	1.0	2	489877	n/a
239.2060546875	0.3	0.0	1	489894	n/a
239.21435546875	0.3	0.0	1	489911	n/a
239.22265625	0.3	1.0	2	489928	n/a
239.2314453125	0.3	0.0	1	489946	n/a
239.23974609375	0.3	1.0	2	489963	n/a
239.248046875	0.3	0.0	1	489980	n/a
239.25634765625	0.3	1.0	2	489997	n/a
239.2646484375	0.3	0.0	1	490014	n/a
239.27294921875	0.3	1.0	2	490031	n/a
239.28125	0.3	0.0	1	490048	n/a
239.28955078125	0.3	1.0	2	490065	n/a
239.2978515625	0.3	1.0	2	490082	n/a
239.30615234375	0.3	0.0	1	490099	n/a
239.314453125	0.3	1.0	2	490116	n/a
239.32275390625	0.3	0.0	1	490133	n/a
239.3310546875	0.3	0.0	1	490150	n/a
239.33935546875	0.3	1.0	2	490167	n/a
239.34765625	0.3	1.0	2	490184	n/a
239.3564453125	0.3	0.0	1	490202	n/a
241.74072265625	0.3	0.0	1	495085	1.0
241.7490234375	0.3	1.0	2	495102	n/a
241.75732421875	0.3	1.0	2	495119	n/a
241.765625	0.3	0.0	1	495136	n/a
241.77392578125	0.3	1.0	2	495153	n/a
241.7822265625	0.3	0.0	1	495170	n/a
241.79052734375	0.3	1.0	2	495187	n/a
241.798828125	0.3	0.0	1	495204	n/a
241.8076171875	0.3	0.0	1	495222	n/a
241.81591796875	0.3	1.0	2	495239	n/a
241.82421875	0.3	1.0	2	495256	n/a
241.83251953125	0.3	0.0	1	495273	n/a
241.8408203125	0.3	1.0	2	495290	n/a
241.84912109375	0.3	0.0	1	495307	n/a
241.857421875	0.3	1.0	2	495324	n/a
241.86572265625	0.3	0.0	1	495341	n/a
241.8740234375	0.3	0.0	1	495358	n/a
241.88232421875	0.3	1.0	2	495375	n/a
241.890625	0.3	0.0	1	495392	n/a
241.89892578125	0.3	1.0	2	495409	n/a
241.9072265625	0.3	1.0	2	495426	n/a
241.91552734375	0.3	0.0	1	495443	n/a
241.923828125	0.3	1.0	2	495460	n/a
241.9326171875	0.3	0.0	1	495478	n/a
241.94091796875	0.3	1.0	2	495495	n/a
241.94921875	0.3	0.0	1	495512	n/a
241.95751953125	0.3	0.0	1	495529	n/a
241.9658203125	0.3	1.0	2	495546	n/a
241.97412109375	0.3	0.0	1	495563	n/a
241.982421875	0.3	1.0	2	495580	n/a
241.99072265625	0.3	1.0	2	495597	n/a
241.9990234375	0.3	0.0	1	495614	n/a
242.00732421875	0.3	1.0	2	495631	n/a
242.015625	0.3	0.0	1	495648	n/a
242.02392578125	0.3	1.0	2	495665	n/a
242.0322265625	0.3	0.0	1	495682	n/a
242.04052734375	0.3	1.0	2	495699	n/a
242.048828125	0.3	0.0	1	495716	n/a
242.0576171875	0.3	0.0	1	495734	n/a
242.06591796875	0.3	1.0	2	495751	n/a
242.07421875	0.3	1.0	2	495768	n/a
242.08251953125	0.3	0.0	1	495785	n/a
242.0908203125	0.3	0.0	1	495802	n/a
242.09912109375	0.3	1.0	2	495819	n/a
242.107421875	0.3	1.0	2	495836	n/a
242.11572265625	0.3	0.0	1	495853	n/a
242.1240234375	0.3	0.0	1	495870	n/a
242.13232421875	0.3	1.0	2	495887	n/a
242.140625	0.3	1.0	2	495904	n/a
242.14892578125	0.3	0.0	1	495921	n/a
242.1572265625	0.3	1.0	2	495938	n/a
242.16552734375	0.3	0.0	1	495955	n/a
242.173828125	0.3	0.0	1	495972	n/a
242.1826171875	0.3	1.0	2	495990	n/a
242.19091796875	0.3	1.0	2	496007	n/a
242.19921875	0.3	0.0	1	496024	n/a
242.20751953125	0.3	0.0	1	496041	n/a
242.2158203125	0.3	1.0	2	496058	n/a
242.22412109375	0.3	1.0	2	496075	n/a
242.232421875	0.3	0.0	1	496092	n/a
242.24072265625	0.3	0.0	1	496109	n/a
242.2490234375	0.3	1.0	2	496126	n/a
242.25732421875	0.3	0.0	1	496143	n/a
242.265625	0.3	1.0	2	496160	n/a
242.27392578125	0.3	1.0	2	496177	n/a
242.2822265625	0.3	0.0	1	496194	n/a
242.29052734375	0.3	0.0	1	496211	n/a
242.298828125	0.3	1.0	2	496228	n/a
242.3076171875	0.3	0.0	1	496246	n/a
242.31591796875	0.3	1.0	2	496263	n/a
242.32421875	0.3	1.0	2	496280	n/a
242.33251953125	0.3	0.0	1	496297	n/a
242.3408203125	0.3	0.0	1	496314	n/a
242.34912109375	0.3	1.0	2	496331	n/a
242.357421875	0.3	0.0	1	496348	n/a
242.36572265625	0.3	1.0	2	496365	n/a
242.3740234375	0.3	1.0	2	496382	n/a
242.38232421875	0.3	0.0	1	496399	n/a
242.390625	0.3	0.0	1	496416	n/a
242.39892578125	0.3	1.0	2	496433	n/a
242.4072265625	0.3	0.0	1	496450	n/a
242.41552734375	0.3	1.0	2	496467	n/a
242.423828125	0.3	0.0	1	496484	n/a
242.4326171875	0.3	1.0	2	496502	n/a
242.44091796875	0.3	1.0	2	496519	n/a
242.44921875	0.3	0.0	1	496536	n/a
242.45751953125	0.3	1.0	2	496553	n/a
242.4658203125	0.3	0.0	1	496570	n/a
242.47412109375	0.3	0.0	1	496587	n/a
242.482421875	0.3	1.0	2	496604	n/a
242.49072265625	0.3	1.0	2	496621	n/a
242.4990234375	0.3	0.0	1	496638	n/a
242.50732421875	0.3	0.0	1	496655	n/a
242.515625	0.3	1.0	2	496672	n/a
242.52392578125	0.3	0.0	1	496689	n/a
242.5322265625	0.3	1.0	2	496706	n/a
242.54052734375	0.3	1.0	2	496723	n/a
242.548828125	0.3	0.0	1	496740	n/a
242.5576171875	0.3	0.0	1	496758	n/a
242.56591796875	0.3	1.0	2	496775	n/a
242.57421875	0.3	0.0	1	496792	n/a
242.58251953125	0.3	1.0	2	496809	n/a
242.5908203125	0.3	1.0	2	496826	n/a
242.59912109375	0.3	0.0	1	496843	n/a
242.607421875	0.3	0.0	1	496860	n/a
242.61572265625	0.3	1.0	2	496877	n/a
242.6240234375	0.3	1.0	2	496894	n/a
242.63232421875	0.3	0.0	1	496911	n/a
242.640625	0.3	0.0	1	496928	n/a
242.64892578125	0.3	1.0	2	496945	n/a
242.6572265625	0.3	1.0	2	496962	n/a
242.66552734375	0.3	0.0	1	496979	n/a
242.673828125	0.3	0.0	1	496996	n/a
242.6826171875	0.3	1.0	2	497014	n/a
242.69091796875	0.3	0.0	1	497031	n/a
242.69921875	0.3	1.0	2	497048	n/a
242.70751953125	0.3	0.0	1	497065	n/a
242.7158203125	0.3	1.0	2	497082	n/a
242.72412109375	0.3	1.0	2	497099	n/a
242.732421875	0.3	0.0	1	497116	n/a
242.74072265625	0.3	0.0	1	497133	n/a
242.7490234375	0.3	1.0	2	497150	n/a
242.75732421875	0.3	1.0	2	497167	n/a
242.765625	0.3	0.0	1	497184	n/a
242.77392578125	0.3	0.0	1	497201	n/a
242.7822265625	0.3	1.0	2	497218	n/a
242.79052734375	0.3	0.0	1	497235	n/a
242.798828125	0.3	1.0	2	497252	n/a
242.8076171875	0.3	1.0	2	497270	n/a
242.81591796875	0.3	0.0	1	497287	n/a
242.82421875	0.3	1.0	2	497304	n/a
242.83251953125	0.3	0.0	1	497321	n/a
242.8408203125	0.3	1.0	2	497338	n/a
242.84912109375	0.3	0.0	1	497355	n/a
242.857421875	0.3	0.0	1	497372	n/a
242.86572265625	0.3	1.0	2	497389	n/a
242.8740234375	0.3	1.0	2	497406	n/a
242.88232421875	0.3	0.0	1	497423	n/a
242.890625	0.3	1.0	2	497440	n/a
242.89892578125	0.3	0.0	1	497457	n/a
242.9072265625	0.3	1.0	2	497474	n/a
242.91552734375	0.3	0.0	1	497491	n/a
242.923828125	0.3	0.0	1	497508	n/a
242.9326171875	0.3	1.0	2	497526	n/a
242.94091796875	0.3	0.0	1	497543	n/a
242.94921875	0.3	1.0	2	497560	n/a
242.95751953125	0.3	1.0	2	497577	n/a
242.9658203125	0.3	0.0	1	497594	n/a
242.97412109375	0.3	1.0	2	497611	n/a
242.982421875	0.3	0.0	1	497628	n/a
242.99072265625	0.3	1.0	2	497645	n/a
242.9990234375	0.3	0.0	1	497662	n/a
243.00732421875	0.3	0.0	1	497679	n/a
243.015625	0.3	1.0	2	497696	n/a
243.02392578125	0.3	0.0	1	497713	n/a
243.0322265625	0.3	1.0	2	497730	n/a
243.04052734375	0.3	1.0	2	497747	n/a
243.048828125	0.3	0.0	1	497764	n/a
243.0576171875	0.3	1.0	2	497782	n/a
243.06591796875	0.3	0.0	1	497799	n/a
243.07421875	0.3	1.0	2	497816	n/a
243.08251953125	0.3	0.0	1	497833	n/a
243.0908203125	0.3	1.0	2	497850	n/a
243.09912109375	0.3	0.0	1	497867	n/a
243.107421875	0.3	0.0	1	497884	n/a
243.11572265625	0.3	1.0	2	497901	n/a
243.1240234375	0.3	1.0	2	497918	n/a
243.13232421875	0.3	0.0	1	497935	n/a
243.140625	0.3	0.0	1	497952	n/a
243.14892578125	0.3	1.0	2	497969	n/a
243.1572265625	0.3	1.0	2	497986	n/a
243.16552734375	0.3	0.0	1	498003	n/a
243.173828125	0.3	0.0	1	498020	n/a
243.1826171875	0.3	1.0	2	498038	n/a
243.19091796875	0.3	1.0	2	498055	n/a
243.19921875	0.3	0.0	1	498072	n/a
243.20751953125	0.3	1.0	2	498089	n/a
243.2158203125	0.3	0.0	1	498106	n/a
243.22412109375	0.3	0.0	1	498123	n/a
243.232421875	0.3	1.0	2	498140	n/a
243.24072265625	0.3	1.0	2	498157	n/a
243.2490234375	0.3	0.0	1	498174	n/a
243.25732421875	0.3	0.0	1	498191	n/a
243.265625	0.3	1.0	2	498208	n/a
243.27392578125	0.3	1.0	2	498225	n/a
243.2822265625	0.3	0.0	1	498242	n/a
243.29052734375	0.3	0.0	1	498259	n/a
243.298828125	0.3	1.0	2	498276	n/a
243.3076171875	0.3	0.0	1	498294	n/a
243.31591796875	0.3	1.0	2	498311	n/a
243.32421875	0.3	1.0	2	498328	n/a
243.33251953125	0.3	0.0	1	498345	n/a
243.3408203125	0.3	0.0	1	498362	n/a
243.34912109375	0.3	1.0	2	498379	n/a
243.357421875	0.3	0.0	1	498396	n/a
243.36572265625	0.3	1.0	2	498413	n/a
243.3740234375	0.3	1.0	2	498430	n/a
243.38232421875	0.3	0.0	1	498447	n/a
243.390625	0.3	0.0	1	498464	n/a
243.39892578125	0.3	1.0	2	498481	n/a
243.4072265625	0.3	0.0	1	498498	n/a
243.41552734375	0.3	1.0	2	498515	n/a
243.423828125	0.3	1.0	2	498532	n/a
243.4326171875	0.3	0.0	1	498550	n/a
243.44091796875	0.3	0.0	1	498567	n/a
243.44921875	0.3	1.0	2	498584	n/a
243.45751953125	0.3	0.0	1	498601	n/a
243.4658203125	0.3	1.0	2	498618	n/a
243.47412109375	0.3	0.0	1	498635	n/a
243.482421875	0.3	1.0	2	498652	n/a
243.49072265625	0.3	1.0	2	498669	n/a
243.4990234375	0.3	0.0	1	498686	n/a
243.50732421875	0.3	1.0	2	498703	n/a
243.515625	0.3	0.0	1	498720	n/a
243.52392578125	0.3	0.0	1	498737	n/a
243.5322265625	0.3	1.0	2	498754	n/a
243.54052734375	0.3	1.0	2	498771	n/a
243.548828125	0.3	0.0	1	498788	n/a
243.5576171875	0.3	0.0	1	498806	n/a
243.56591796875	0.3	1.0	2	498823	n/a
243.57421875	0.3	0.0	1	498840	n/a
243.58251953125	0.3	1.0	2	498857	n/a
243.5908203125	0.3	1.0	2	498874	n/a
243.59912109375	0.3	0.0	1	498891	n/a
243.607421875	0.3	0.0	1	498908	n/a
243.61572265625	0.3	1.0	2	498925	n/a
243.6240234375	0.3	0.0	1	498942	n/a
243.63232421875	0.3	1.0	2	498959	n/a
243.640625	0.3	1.0	2	498976	n/a
243.64892578125	0.3	0.0	1	498993	n/a
243.6572265625	0.3	0.0	1	499010	n/a
243.66552734375	0.3	1.0	2	499027	n/a
243.673828125	0.3	1.0	2	499044	n/a
243.6826171875	0.3	0.0	1	499062	n/a
243.69091796875	0.3	0.0	1	499079	n/a
243.69921875	0.3	1.0	2	499096	n/a
243.70751953125	0.3	1.0	2	499113	n/a
243.7158203125	0.3	0.0	1	499130	n/a
243.72412109375	0.3	0.0	1	499147	n/a
243.732421875	0.3	1.0	2	499164	n/a
243.74072265625	0.3	0.0	1	499181	n/a
243.7490234375	0.3	1.0	2	499198	n/a
243.75732421875	0.3	0.0	1	499215	n/a
243.765625	0.3	1.0	2	499232	n/a
243.77392578125	0.3	1.0	2	499249	n/a
243.7822265625	0.3	0.0	1	499266	n/a
243.79052734375	0.3	0.0	1	499283	n/a
243.798828125	0.3	1.0	2	499300	n/a
243.8076171875	0.3	1.0	2	499318	n/a
243.81591796875	0.3	0.0	1	499335	n/a
243.82421875	0.3	0.0	1	499352	n/a
243.83251953125	0.3	1.0	2	499369	n/a
243.8408203125	0.3	0.0	1	499386	n/a
243.84912109375	0.3	1.0	2	499403	n/a
243.857421875	0.3	1.0	2	499420	n/a
243.86572265625	0.3	0.0	1	499437	n/a
243.8740234375	0.3	1.0	2	499454	n/a
243.88232421875	0.3	0.0	1	499471	n/a
243.890625	0.3	1.0	2	499488	n/a
243.89892578125	0.3	0.0	1	499505	n/a
243.9072265625	0.3	0.0	1	499522	n/a
243.91552734375	0.3	1.0	2	499539	n/a
243.923828125	0.3	1.0	2	499556	n/a
243.9326171875	0.3	0.0	1	499574	n/a
243.94091796875	0.3	1.0	2	499591	n/a
243.94921875	0.3	0.0	1	499608	n/a
243.95751953125	0.3	1.0	2	499625	n/a
243.9658203125	0.3	0.0	1	499642	n/a
243.97412109375	0.3	0.0	1	499659	n/a
243.982421875	0.3	1.0	2	499676	n/a
243.99072265625	0.3	0.0	1	499693	n/a
243.9990234375	0.3	1.0	2	499710	n/a
244.00732421875	0.3	1.0	2	499727	n/a
244.015625	0.3	0.0	1	499744	n/a
244.02392578125	0.3	1.0	2	499761	n/a
244.0322265625	0.3	0.0	1	499778	n/a
244.04052734375	0.3	1.0	2	499795	n/a
244.048828125	0.3	0.0	1	499812	n/a
244.0576171875	0.3	0.0	1	499830	n/a
244.06591796875	0.3	1.0	2	499847	n/a
244.07421875	0.3	0.0	1	499864	n/a
244.08251953125	0.3	1.0	2	499881	n/a
244.0908203125	0.3	1.0	2	499898	n/a
244.09912109375	0.3	0.0	1	499915	n/a
244.107421875	0.3	1.0	2	499932	n/a
244.11572265625	0.3	0.0	1	499949	n/a
244.1240234375	0.3	1.0	2	499966	n/a
244.13232421875	0.3	0.0	1	499983	n/a
244.140625	0.3	1.0	2	500000	n/a
244.14892578125	0.3	0.0	1	500017	n/a
244.1572265625	0.3	0.0	1	500034	n/a
244.16552734375	0.3	1.0	2	500051	n/a
244.173828125	0.3	1.0	2	500068	n/a
244.1826171875	0.3	0.0	1	500086	n/a
244.19091796875	0.3	0.0	1	500103	n/a
244.19921875	0.3	1.0	2	500120	n/a
244.20751953125	0.3	1.0	2	500137	n/a
244.2158203125	0.3	0.0	1	500154	n/a
244.22412109375	0.3	0.0	1	500171	n/a
244.232421875	0.3	1.0	2	500188	n/a
244.24072265625	0.3	1.0	2	500205	n/a
244.2490234375	0.3	0.0	1	500222	n/a
244.25732421875	0.3	1.0	2	500239	n/a
244.265625	0.3	0.0	1	500256	n/a
244.27392578125	0.3	0.0	1	500273	n/a
244.2822265625	0.3	1.0	2	500290	n/a
244.29052734375	0.3	1.0	2	500307	n/a
244.298828125	0.3	0.0	1	500324	n/a
244.3076171875	0.3	0.0	1	500342	n/a
244.31591796875	0.3	1.0	2	500359	n/a
244.32421875	0.3	1.0	2	500376	n/a
244.33251953125	0.3	0.0	1	500393	n/a
244.3408203125	0.3	0.0	1	500410	n/a
244.34912109375	0.3	1.0	2	500427	n/a
244.357421875	0.3	0.0	1	500444	n/a
244.36572265625	0.3	1.0	2	500461	n/a
244.3740234375	0.3	1.0	2	500478	n/a
244.38232421875	0.3	0.0	1	500495	n/a
244.390625	0.3	0.0	1	500512	n/a
244.39892578125	0.3	1.0	2	500529	n/a
244.4072265625	0.3	0.0	1	500546	n/a
244.41552734375	0.3	1.0	2	500563	n/a
244.423828125	0.3	1.0	2	500580	n/a
244.4326171875	0.3	0.0	1	500598	n/a
244.44091796875	0.3	0.0	1	500615	n/a
244.44921875	0.3	1.0	2	500632	n/a
244.45751953125	0.3	0.0	1	500649	n/a
244.4658203125	0.3	1.0	2	500666	n/a
244.47412109375	0.3	1.0	2	500683	n/a
244.482421875	0.3	0.0	1	500700	n/a
244.49072265625	0.3	0.0	1	500717	n/a
244.4990234375	0.3	1.0	2	500734	n/a
244.50732421875	0.3	0.0	1	500751	n/a
244.515625	0.3	1.0	2	500768	n/a
244.52392578125	0.3	0.0	1	500785	n/a
244.5322265625	0.3	1.0	2	500802	n/a
244.54052734375	0.3	1.0	2	500819	n/a
244.548828125	0.3	0.0	1	500836	n/a
244.5576171875	0.3	1.0	2	500854	n/a
244.56591796875	0.3	0.0	1	500871	n/a
244.57421875	0.3	0.0	1	500888	n/a
244.58251953125	0.3	1.0	2	500905	n/a
244.5908203125	0.3	1.0	2	500922	n/a
244.59912109375	0.3	0.0	1	500939	n/a
244.607421875	0.3	0.0	1	500956	n/a
244.61572265625	0.3	1.0	2	500973	n/a
244.6240234375	0.3	0.0	1	500990	n/a
244.63232421875	0.3	1.0	2	501007	n/a
244.640625	0.3	1.0	2	501024	n/a
244.64892578125	0.3	0.0	1	501041	n/a
244.6572265625	0.3	0.0	1	501058	n/a
244.66552734375	0.3	1.0	2	501075	n/a
244.673828125	0.3	0.0	1	501092	n/a
244.6826171875	0.3	1.0	2	501110	n/a
244.69091796875	0.3	1.0	2	501127	n/a
244.69921875	0.3	0.0	1	501144	n/a
244.70751953125	0.3	0.0	1	501161	n/a
244.7158203125	0.3	1.0	2	501178	n/a
244.72412109375	0.3	1.0	2	501195	n/a
244.732421875	0.3	0.0	1	501212	n/a
244.74072265625	0.3	0.0	1	501229	n/a
244.7490234375	0.3	1.0	2	501246	n/a
244.75732421875	0.3	1.0	2	501263	n/a
244.765625	0.3	0.0	1	501280	n/a
244.77392578125	0.3	0.0	1	501297	n/a
244.7822265625	0.3	1.0	2	501314	n/a
244.79052734375	0.3	0.0	1	501331	n/a
244.798828125	0.3	1.0	2	501348	n/a
244.8076171875	0.3	0.0	1	501366	n/a
244.81591796875	0.3	1.0	2	501383	n/a
244.82421875	0.3	1.0	2	501400	n/a
244.83251953125	0.3	0.0	1	501417	n/a
244.8408203125	0.3	0.0	1	501434	n/a
244.84912109375	0.3	1.0	2	501451	n/a
244.857421875	0.3	1.0	2	501468	n/a
244.86572265625	0.3	0.0	1	501485	n/a
244.8740234375	0.3	0.0	1	501502	n/a
244.88232421875	0.3	1.0	2	501519	n/a
244.890625	0.3	0.0	1	501536	n/a
244.89892578125	0.3	1.0	2	501553	n/a
244.9072265625	0.3	1.0	2	501570	n/a
244.91552734375	0.3	0.0	1	501587	n/a
244.923828125	0.3	1.0	2	501604	n/a
244.9326171875	0.3	0.0	1	501622	n/a
244.94091796875	0.3	1.0	2	501639	n/a
244.94921875	0.3	0.0	1	501656	n/a
244.95751953125	0.3	0.0	1	501673	n/a
244.9658203125	0.3	1.0	2	501690	n/a
244.97412109375	0.3	1.0	2	501707	n/a
244.982421875	0.3	0.0	1	501724	n/a
244.99072265625	0.3	1.0	2	501741	n/a
244.9990234375	0.3	0.0	1	501758	n/a
245.00732421875	0.3	1.0	2	501775	n/a
245.015625	0.3	0.0	1	501792	n/a
245.02392578125	0.3	0.0	1	501809	n/a
245.0322265625	0.3	1.0	2	501826	n/a
245.04052734375	0.3	0.0	1	501843	n/a
245.048828125	0.3	1.0	2	501860	n/a
245.0576171875	0.3	1.0	2	501878	n/a
245.06591796875	0.3	0.0	1	501895	n/a
245.07421875	0.3	1.0	2	501912	n/a
245.08251953125	0.3	0.0	1	501929	n/a
245.0908203125	0.3	1.0	2	501946	n/a
245.09912109375	0.3	0.0	1	501963	n/a
245.107421875	0.3	0.0	1	501980	n/a
245.11572265625	0.3	1.0	2	501997	n/a
245.1240234375	0.3	0.0	1	502014	n/a
245.13232421875	0.3	1.0	2	502031	n/a
245.140625	0.3	1.0	2	502048	n/a
245.14892578125	0.3	0.0	1	502065	n/a
245.1572265625	0.3	1.0	2	502082	n/a
245.16552734375	0.3	0.0	1	502099	n/a
245.173828125	0.3	1.0	2	502116	n/a
245.1826171875	0.3	0.0	1	502134	n/a
245.19091796875	0.3	1.0	2	502151	n/a
245.19921875	0.3	0.0	1	502168	n/a
245.20751953125	0.3	0.0	1	502185	n/a
245.2158203125	0.3	1.0	2	502202	n/a
245.22412109375	0.3	1.0	2	502219	n/a
245.232421875	0.3	0.0	1	502236	n/a
245.24072265625	0.3	0.0	1	502253	n/a
245.2490234375	0.3	1.0	2	502270	n/a
245.25732421875	0.3	1.0	2	502287	n/a
245.265625	0.3	0.0	1	502304	n/a
245.27392578125	0.3	0.0	1	502321	n/a
245.2822265625	0.3	1.0	2	502338	n/a
245.29052734375	0.3	1.0	2	502355	n/a
245.298828125	0.3	0.0	1	502372	n/a
245.3076171875	0.3	1.0	2	502390	n/a
245.31591796875	0.3	0.0	1	502407	n/a
245.32421875	0.3	0.0	1	502424	n/a
245.33251953125	0.3	1.0	2	502441	n/a
245.3408203125	0.3	1.0	2	502458	n/a
245.34912109375	0.3	0.0	1	502475	n/a
245.357421875	0.3	0.0	1	502492	n/a
245.36572265625	0.3	1.0	2	502509	n/a
245.3740234375	0.3	1.0	2	502526	n/a
245.38232421875	0.3	0.0	1	502543	n/a
245.390625	0.3	0.0	1	502560	n/a
245.39892578125	0.3	1.0	2	502577	n/a
245.4072265625	0.3	0.0	1	502594	n/a
245.41552734375	0.3	1.0	2	502611	n/a
245.423828125	0.3	1.0	2	502628	n/a
245.4326171875	0.3	0.0	1	502646	n/a
245.44091796875	0.3	0.0	1	502663	n/a
245.44921875	0.3	1.0	2	502680	n/a
245.45751953125	0.3	0.0	1	502697	n/a
245.4658203125	0.3	1.0	2	502714	n/a
245.47412109375	0.3	1.0	2	502731	n/a
245.482421875	0.3	0.0	1	502748	n/a
245.49072265625	0.3	0.0	1	502765	n/a
245.4990234375	0.3	1.0	2	502782	n/a
245.50732421875	0.3	0.0	1	502799	n/a
245.515625	0.3	1.0	2	502816	n/a
245.52392578125	0.3	1.0	2	502833	n/a
245.5322265625	0.3	0.0	1	502850	n/a
245.54052734375	0.3	0.0	1	502867	n/a
245.548828125	0.3	1.0	2	502884	n/a
245.5576171875	0.3	0.0	1	502902	n/a
245.56591796875	0.3	1.0	2	502919	n/a
245.57421875	0.3	0.0	1	502936	n/a
245.58251953125	0.3	1.0	2	502953	n/a
245.5908203125	0.3	1.0	2	502970	n/a
245.59912109375	0.3	0.0	1	502987	n/a
245.607421875	0.3	1.0	2	503004	n/a
245.61572265625	0.3	0.0	1	503021	n/a
245.6240234375	0.3	0.0	1	503038	n/a
245.63232421875	0.3	1.0	2	503055	n/a
245.640625	0.3	1.0	2	503072	n/a
245.64892578125	0.3	0.0	1	503089	n/a
245.6572265625	0.3	0.0	1	503106	n/a
245.66552734375	0.3	1.0	2	503123	n/a
245.673828125	0.3	0.0	1	503140	n/a
245.6826171875	0.3	1.0	2	503158	n/a
245.69091796875	0.3	1.0	2	503175	n/a
245.69921875	0.3	0.0	1	503192	n/a
245.70751953125	0.3	0.0	1	503209	n/a
245.7158203125	0.3	1.0	2	503226	n/a
245.72412109375	0.3	0.0	1	503243	n/a
245.732421875	0.3	1.0	2	503260	n/a
245.74072265625	0.3	1.0	2	503277	n/a
245.7490234375	0.3	0.0	1	503294	n/a
245.75732421875	0.3	0.0	1	503311	n/a
245.765625	0.3	1.0	2	503328	n/a
245.77392578125	0.3	1.0	2	503345	n/a
245.7822265625	0.3	0.0	1	503362	n/a
245.79052734375	0.3	0.0	1	503379	n/a
245.798828125	0.3	1.0	2	503396	n/a
245.8076171875	0.3	1.0	2	503414	n/a
245.81591796875	0.3	0.0	1	503431	n/a
245.82421875	0.3	0.0	1	503448	n/a
245.83251953125	0.3	1.0	2	503465	n/a
245.8408203125	0.3	0.0	1	503482	n/a
245.84912109375	0.3	1.0	2	503499	n/a
245.857421875	0.3	0.0	1	503516	n/a
245.86572265625	0.3	1.0	2	503533	n/a
245.8740234375	0.3	1.0	2	503550	n/a
245.88232421875	0.3	0.0	1	503567	n/a
245.890625	0.3	0.0	1	503584	n/a
245.89892578125	0.3	1.0	2	503601	n/a
245.9072265625	0.3	1.0	2	503618	n/a
245.91552734375	0.3	0.0	1	503635	n/a
245.923828125	0.3	0.0	1	503652	n/a
245.9326171875	0.3	1.0	2	503670	n/a
248.33251953125	0.3	1.0	2	508585	0.0
248.3408203125	0.3	0.0	1	508602	n/a
248.34912109375	0.3	1.0	2	508619	n/a
248.357421875	0.3	0.0	1	508636	n/a
248.36572265625	0.3	1.0	2	508653	n/a
248.3740234375	0.3	0.0	1	508670	n/a
248.38232421875	0.3	1.0	2	508687	n/a
248.390625	0.3	0.0	1	508704	n/a
248.3994140625	0.3	0.0	1	508722	n/a
248.40771484375	0.3	1.0	2	508739	n/a
248.416015625	0.3	1.0	2	508756	n/a
248.42431640625	0.3	0.0	1	508773	n/a
248.4326171875	0.3	0.0	1	508790	n/a
248.44091796875	0.3	1.0	2	508807	n/a
248.44921875	0.3	1.0	2	508824	n/a
248.45751953125	0.3	0.0	1	508841	n/a
248.4658203125	0.3	1.0	2	508858	n/a
248.47412109375	0.3	0.0	1	508875	n/a
248.482421875	0.3	1.0	2	508892	n/a
248.49072265625	0.3	0.0	1	508909	n/a
248.4990234375	0.3	0.0	1	508926	n/a
248.50732421875	0.3	1.0	2	508943	n/a
248.515625	0.3	0.0	1	508960	n/a
248.5244140625	0.3	1.0	2	508978	n/a
248.53271484375	0.3	0.0	1	508995	n/a
248.541015625	0.3	1.0	2	509012	n/a
248.54931640625	0.3	1.0	2	509029	n/a
248.5576171875	0.3	0.0	1	509046	n/a
248.56591796875	0.3	0.0	1	509063	n/a
248.57421875	0.3	1.0	2	509080	n/a
248.58251953125	0.3	1.0	2	509097	n/a
248.5908203125	0.3	0.0	1	509114	n/a
248.59912109375	0.3	0.0	1	509131	n/a
248.607421875	0.3	1.0	2	509148	n/a
248.61572265625	0.3	1.0	2	509165	n/a
248.6240234375	0.3	0.0	1	509182	n/a
248.63232421875	0.3	0.0	1	509199	n/a
248.640625	0.3	1.0	2	509216	n/a
248.6494140625	0.3	0.0	1	509234	n/a
248.65771484375	0.3	1.0	2	509251	n/a
248.666015625	0.3	0.0	1	509268	n/a
248.67431640625	0.3	1.0	2	509285	n/a
248.6826171875	0.3	0.0	1	509302	n/a
248.69091796875	0.3	1.0	2	509319	n/a
248.69921875	0.3	1.0	2	509336	n/a
248.70751953125	0.3	0.0	1	509353	n/a
248.7158203125	0.3	0.0	1	509370	n/a
248.72412109375	0.3	1.0	2	509387	n/a
248.732421875	0.3	0.0	1	509404	n/a
248.74072265625	0.3	1.0	2	509421	n/a
248.7490234375	0.3	0.0	1	509438	n/a
248.75732421875	0.3	1.0	2	509455	n/a
248.765625	0.3	0.0	1	509472	n/a
248.7744140625	0.3	1.0	2	509490	n/a
248.78271484375	0.3	1.0	2	509507	n/a
248.791015625	0.3	0.0	1	509524	n/a
248.79931640625	0.3	1.0	2	509541	n/a
248.8076171875	0.3	0.0	1	509558	n/a
248.81591796875	0.3	0.0	1	509575	n/a
248.82421875	0.3	1.0	2	509592	n/a
248.83251953125	0.3	1.0	2	509609	n/a
248.8408203125	0.3	0.0	1	509626	n/a
248.84912109375	0.3	1.0	2	509643	n/a
248.857421875	0.3	0.0	1	509660	n/a
248.86572265625	0.3	1.0	2	509677	n/a
248.8740234375	0.3	0.0	1	509694	n/a
248.88232421875	0.3	1.0	2	509711	n/a
248.890625	0.3	0.0	1	509728	n/a
248.8994140625	0.3	1.0	2	509746	n/a
248.90771484375	0.3	0.0	1	509763	n/a
248.916015625	0.3	0.0	1	509780	n/a
248.92431640625	0.3	1.0	2	509797	n/a
248.9326171875	0.3	0.0	1	509814	n/a
248.94091796875	0.3	1.0	2	509831	n/a
248.94921875	0.3	1.0	2	509848	n/a
248.95751953125	0.3	0.0	1	509865	n/a
248.9658203125	0.3	1.0	2	509882	n/a
248.97412109375	0.3	0.0	1	509899	n/a
248.982421875	0.3	1.0	2	509916	n/a
248.99072265625	0.3	0.0	1	509933	n/a
248.9990234375	0.3	1.0	2	509950	n/a
249.00732421875	0.3	0.0	1	509967	n/a
249.015625	0.3	0.0	1	509984	n/a
249.0244140625	0.3	1.0	2	510002	n/a
249.03271484375	0.3	0.0	1	510019	n/a
249.041015625	0.3	1.0	2	510036	n/a
249.04931640625	0.3	1.0	2	510053	n/a
249.0576171875	0.3	0.0	1	510070	n/a
249.06591796875	0.3	0.0	1	510087	n/a
249.07421875	0.3	1.0	2	510104	n/a
249.08251953125	0.3	0.0	1	510121	n/a
249.0908203125	0.3	1.0	2	510138	n/a
249.09912109375	0.3	1.0	2	510155	n/a
249.107421875	0.3	0.0	1	510172	n/a
249.11572265625	0.3	0.0	1	510189	n/a
249.1240234375	0.3	1.0	2	510206	n/a
249.13232421875	0.3	0.0	1	510223	n/a
249.140625	0.3	1.0	2	510240	n/a
249.1494140625	0.3	1.0	2	510258	n/a
249.15771484375	0.3	0.0	1	510275	n/a
249.166015625	0.3	0.0	1	510292	n/a
249.17431640625	0.3	1.0	2	510309	n/a
249.1826171875	0.3	1.0	2	510326	n/a
249.19091796875	0.3	0.0	1	510343	n/a
249.19921875	0.3	0.0	1	510360	n/a
249.20751953125	0.3	1.0	2	510377	n/a
249.2158203125	0.3	0.0	1	510394	n/a
249.22412109375	0.3	1.0	2	510411	n/a
249.232421875	0.3	0.0	1	510428	n/a
249.24072265625	0.3	1.0	2	510445	n/a
249.2490234375	0.3	1.0	2	510462	n/a
249.25732421875	0.3	0.0	1	510479	n/a
249.265625	0.3	1.0	2	510496	n/a
249.2744140625	0.3	0.0	1	510514	n/a
249.28271484375	0.3	0.0	1	510531	n/a
249.291015625	0.3	1.0	2	510548	n/a
249.29931640625	0.3	0.0	1	510565	n/a
249.3076171875	0.3	1.0	2	510582	n/a
249.31591796875	0.3	1.0	2	510599	n/a
249.32421875	0.3	0.0	1	510616	n/a
249.33251953125	0.3	0.0	1	510633	n/a
249.3408203125	0.3	1.0	2	510650	n/a
249.34912109375	0.3	0.0	1	510667	n/a
249.357421875	0.3	1.0	2	510684	n/a
249.36572265625	0.3	1.0	2	510701	n/a
249.3740234375	0.3	0.0	1	510718	n/a
249.38232421875	0.3	1.0	2	510735	n/a
249.390625	0.3	0.0	1	510752	n/a
249.3994140625	0.3	1.0	2	510770	n/a
249.40771484375	0.3	0.0	1	510787	n/a
249.416015625	0.3	1.0	2	510804	n/a
249.42431640625	0.3	0.0	1	510821	n/a
249.4326171875	0.3	1.0	2	510838	n/a
249.44091796875	0.3	0.0	1	510855	n/a
249.44921875	0.3	0.0	1	510872	n/a
249.45751953125	0.3	1.0	2	510889	n/a
249.4658203125	0.3	1.0	2	510906	n/a
249.47412109375	0.3	0.0	1	510923	n/a
249.482421875	0.3	0.0	1	510940	n/a
249.49072265625	0.3	1.0	2	510957	n/a
249.4990234375	0.3	1.0	2	510974	n/a
249.50732421875	0.3	0.0	1	510991	n/a
249.515625	0.3	1.0	2	511008	n/a
249.5244140625	0.3	0.0	1	511026	n/a
249.53271484375	0.3	1.0	2	511043	n/a
249.541015625	0.3	0.0	1	511060	n/a
249.54931640625	0.3	0.0	1	511077	n/a
249.5576171875	0.3	1.0	2	511094	n/a
249.56591796875	0.3	0.0	1	511111	n/a
249.57421875	0.3	1.0	2	511128	n/a
249.58251953125	0.3	0.0	1	511145	n/a
249.5908203125	0.3	1.0	2	511162	n/a
249.59912109375	0.3	1.0	2	511179	n/a
249.607421875	0.3	0.0	1	511196	n/a
249.61572265625	0.3	0.0	1	511213	n/a
249.6240234375	0.3	1.0	2	511230	n/a
249.63232421875	0.3	1.0	2	511247	n/a
249.640625	0.3	0.0	1	511264	n/a
249.6494140625	0.3	0.0	1	511282	n/a
249.65771484375	0.3	1.0	2	511299	n/a
249.666015625	0.3	1.0	2	511316	n/a
249.67431640625	0.3	0.0	1	511333	n/a
249.6826171875	0.3	0.0	1	511350	n/a
249.69091796875	0.3	1.0	2	511367	n/a
249.69921875	0.3	0.0	1	511384	n/a
249.70751953125	0.3	1.0	2	511401	n/a
249.7158203125	0.3	0.0	1	511418	n/a
249.72412109375	0.3	1.0	2	511435	n/a
249.732421875	0.3	0.0	1	511452	n/a
249.74072265625	0.3	1.0	2	511469	n/a
249.7490234375	0.3	1.0	2	511486	n/a
249.75732421875	0.3	0.0	1	511503	n/a
249.765625	0.3	0.0	1	511520	n/a
249.7744140625	0.3	1.0	2	511538	n/a
249.78271484375	0.3	0.0	1	511555	n/a
249.791015625	0.3	1.0	2	511572	n/a
249.79931640625	0.3	0.0	1	511589	n/a
249.8076171875	0.3	1.0	2	511606	n/a
249.81591796875	0.3	0.0	1	511623	n/a
249.82421875	0.3	1.0	2	511640	n/a
249.83251953125	0.3	1.0	2	511657	n/a
249.8408203125	0.3	0.0	1	511674	n/a
249.84912109375	0.3	1.0	2	511691	n/a
249.857421875	0.3	0.0	1	511708	n/a
249.86572265625	0.3	0.0	1	511725	n/a
249.8740234375	0.3	1.0	2	511742	n/a
249.88232421875	0.3	1.0	2	511759	n/a
249.890625	0.3	0.0	1	511776	n/a
249.8994140625	0.3	1.0	2	511794	n/a
249.90771484375	0.3	0.0	1	511811	n/a
249.916015625	0.3	1.0	2	511828	n/a
249.92431640625	0.3	0.0	1	511845	n/a
249.9326171875	0.3	1.0	2	511862	n/a
249.94091796875	0.3	0.0	1	511879	n/a
249.94921875	0.3	1.0	2	511896	n/a
249.95751953125	0.3	0.0	1	511913	n/a
249.9658203125	0.3	0.0	1	511930	n/a
249.97412109375	0.3	1.0	2	511947	n/a
249.982421875	0.3	0.0	1	511964	n/a
249.99072265625	0.3	1.0	2	511981	n/a
249.9990234375	0.3	1.0	2	511998	n/a
250.00732421875	0.3	0.0	1	512015	n/a
250.015625	0.3	1.0	2	512032	n/a
250.0244140625	0.3	0.0	1	512050	n/a
250.03271484375	0.3	1.0	2	512067	n/a
250.041015625	0.3	0.0	1	512084	n/a
250.04931640625	0.3	1.0	2	512101	n/a
250.0576171875	0.3	0.0	1	512118	n/a
250.06591796875	0.3	0.0	1	512135	n/a
250.07421875	0.3	1.0	2	512152	n/a
250.08251953125	0.3	0.0	1	512169	n/a
250.0908203125	0.3	1.0	2	512186	n/a
250.09912109375	0.3	1.0	2	512203	n/a
250.107421875	0.3	0.0	1	512220	n/a
250.11572265625	0.3	0.0	1	512237	n/a
250.1240234375	0.3	1.0	2	512254	n/a
250.13232421875	0.3	0.0	1	512271	n/a
250.140625	0.3	1.0	2	512288	n/a
250.1494140625	0.3	1.0	2	512306	n/a
250.15771484375	0.3	0.0	1	512323	n/a
250.166015625	0.3	0.0	1	512340	n/a
250.17431640625	0.3	1.0	2	512357	n/a
250.1826171875	0.3	0.0	1	512374	n/a
250.19091796875	0.3	1.0	2	512391	n/a
250.19921875	0.3	1.0	2	512408	n/a
250.20751953125	0.3	0.0	1	512425	n/a
250.2158203125	0.3	0.0	1	512442	n/a
250.22412109375	0.3	1.0	2	512459	n/a
250.232421875	0.3	1.0	2	512476	n/a
250.24072265625	0.3	0.0	1	512493	n/a
250.2490234375	0.3	0.0	1	512510	n/a
250.25732421875	0.3	1.0	2	512527	n/a
250.265625	0.3	0.0	1	512544	n/a
250.2744140625	0.3	1.0	2	512562	n/a
250.28271484375	0.3	0.0	1	512579	n/a
250.291015625	0.3	1.0	2	512596	n/a
250.29931640625	0.3	1.0	2	512613	n/a
250.3076171875	0.3	0.0	1	512630	n/a
250.31591796875	0.3	1.0	2	512647	n/a
250.32421875	0.3	0.0	1	512664	n/a
250.33251953125	0.3	0.0	1	512681	n/a
250.3408203125	0.3	1.0	2	512698	n/a
250.34912109375	0.3	0.0	1	512715	n/a
250.357421875	0.3	1.0	2	512732	n/a
250.36572265625	0.3	1.0	2	512749	n/a
250.3740234375	0.3	0.0	1	512766	n/a
250.38232421875	0.3	0.0	1	512783	n/a
250.390625	0.3	1.0	2	512800	n/a
250.3994140625	0.3	0.0	1	512818	n/a
250.40771484375	0.3	1.0	2	512835	n/a
250.416015625	0.3	1.0	2	512852	n/a
250.42431640625	0.3	0.0	1	512869	n/a
250.4326171875	0.3	1.0	2	512886	n/a
250.44091796875	0.3	0.0	1	512903	n/a
250.44921875	0.3	1.0	2	512920	n/a
250.45751953125	0.3	0.0	1	512937	n/a
250.4658203125	0.3	1.0	2	512954	n/a
250.47412109375	0.3	0.0	1	512971	n/a
250.482421875	0.3	1.0	2	512988	n/a
250.49072265625	0.3	0.0	1	513005	n/a
250.4990234375	0.3	0.0	1	513022	n/a
250.50732421875	0.3	1.0	2	513039	n/a
250.515625	0.3	1.0	2	513056	n/a
250.5244140625	0.3	0.0	1	513074	n/a
250.53271484375	0.3	0.0	1	513091	n/a
250.541015625	0.3	1.0	2	513108	n/a
250.54931640625	0.3	1.0	2	513125	n/a
250.5576171875	0.3	0.0	1	513142	n/a
250.56591796875	0.3	1.0	2	513159	n/a
250.57421875	0.3	0.0	1	513176	n/a
250.58251953125	0.3	1.0	2	513193	n/a
250.5908203125	0.3	0.0	1	513210	n/a
250.59912109375	0.3	0.0	1	513227	n/a
250.607421875	0.3	1.0	2	513244	n/a
250.61572265625	0.3	0.0	1	513261	n/a
250.6240234375	0.3	1.0	2	513278	n/a
250.63232421875	0.3	0.0	1	513295	n/a
250.640625	0.3	1.0	2	513312	n/a
250.6494140625	0.3	1.0	2	513330	n/a
250.65771484375	0.3	0.0	1	513347	n/a
250.666015625	0.3	0.0	1	513364	n/a
250.67431640625	0.3	1.0	2	513381	n/a
250.6826171875	0.3	1.0	2	513398	n/a
250.69091796875	0.3	0.0	1	513415	n/a
250.69921875	0.3	0.0	1	513432	n/a
250.70751953125	0.3	1.0	2	513449	n/a
250.7158203125	0.3	1.0	2	513466	n/a
250.72412109375	0.3	0.0	1	513483	n/a
250.732421875	0.3	0.0	1	513500	n/a
250.74072265625	0.3	1.0	2	513517	n/a
250.7490234375	0.3	0.0	1	513534	n/a
250.75732421875	0.3	1.0	2	513551	n/a
250.765625	0.3	0.0	1	513568	n/a
250.7744140625	0.3	1.0	2	513586	n/a
250.78271484375	0.3	0.0	1	513603	n/a
250.791015625	0.3	1.0	2	513620	n/a
250.79931640625	0.3	1.0	2	513637	n/a
250.8076171875	0.3	0.0	1	513654	n/a
250.81591796875	0.3	0.0	1	513671	n/a
250.82421875	0.3	1.0	2	513688	n/a
250.83251953125	0.3	0.0	1	513705	n/a
250.8408203125	0.3	1.0	2	513722	n/a
250.84912109375	0.3	0.0	1	513739	n/a
250.857421875	0.3	1.0	2	513756	n/a
250.86572265625	0.3	0.0	1	513773	n/a
250.8740234375	0.3	1.0	2	513790	n/a
250.88232421875	0.3	1.0	2	513807	n/a
250.890625	0.3	0.0	1	513824	n/a
250.8994140625	0.3	1.0	2	513842	n/a
250.90771484375	0.3	0.0	1	513859	n/a
250.916015625	0.3	0.0	1	513876	n/a
250.92431640625	0.3	1.0	2	513893	n/a
250.9326171875	0.3	1.0	2	513910	n/a
250.94091796875	0.3	0.0	1	513927	n/a
250.94921875	0.3	1.0	2	513944	n/a
250.95751953125	0.3	0.0	1	513961	n/a
250.9658203125	0.3	1.0	2	513978	n/a
250.97412109375	0.3	0.0	1	513995	n/a
250.982421875	0.3	1.0	2	514012	n/a
250.99072265625	0.3	0.0	1	514029	n/a
250.9990234375	0.3	1.0	2	514046	n/a
251.00732421875	0.3	0.0	1	514063	n/a
251.015625	0.3	0.0	1	514080	n/a
251.0244140625	0.3	1.0	2	514098	n/a
251.03271484375	0.3	0.0	1	514115	n/a
251.041015625	0.3	1.0	2	514132	n/a
251.04931640625	0.3	1.0	2	514149	n/a
251.0576171875	0.3	0.0	1	514166	n/a
251.06591796875	0.3	1.0	2	514183	n/a
251.07421875	0.3	0.0	1	514200	n/a
251.08251953125	0.3	1.0	2	514217	n/a
251.0908203125	0.3	0.0	1	514234	n/a
251.09912109375	0.3	1.0	2	514251	n/a
251.107421875	0.3	0.0	1	514268	n/a
251.11572265625	0.3	0.0	1	514285	n/a
251.1240234375	0.3	1.0	2	514302	n/a
251.13232421875	0.3	0.0	1	514319	n/a
251.140625	0.3	1.0	2	514336	n/a
251.1494140625	0.3	1.0	2	514354	n/a
251.15771484375	0.3	0.0	1	514371	n/a
251.166015625	0.3	0.0	1	514388	n/a
251.17431640625	0.3	1.0	2	514405	n/a
251.1826171875	0.3	0.0	1	514422	n/a
251.19091796875	0.3	1.0	2	514439	n/a
251.19921875	0.3	1.0	2	514456	n/a
251.20751953125	0.3	0.0	1	514473	n/a
251.2158203125	0.3	0.0	1	514490	n/a
251.22412109375	0.3	1.0	2	514507	n/a
251.232421875	0.3	0.0	1	514524	n/a
251.24072265625	0.3	1.0	2	514541	n/a
251.2490234375	0.3	1.0	2	514558	n/a
251.25732421875	0.3	0.0	1	514575	n/a
251.265625	0.3	0.0	1	514592	n/a
251.2744140625	0.3	1.0	2	514610	n/a
251.28271484375	0.3	1.0	2	514627	n/a
251.291015625	0.3	0.0	1	514644	n/a
251.29931640625	0.3	0.0	1	514661	n/a
251.3076171875	0.3	1.0	2	514678	n/a
251.31591796875	0.3	0.0	1	514695	n/a
251.32421875	0.3	1.0	2	514712	n/a
251.33251953125	0.3	0.0	1	514729	n/a
251.3408203125	0.3	1.0	2	514746	n/a
251.34912109375	0.3	1.0	2	514763	n/a
251.357421875	0.3	0.0	1	514780	n/a
251.36572265625	0.3	1.0	2	514797	n/a
251.3740234375	0.3	0.0	1	514814	n/a
251.38232421875	0.3	0.0	1	514831	n/a
251.390625	0.3	1.0	2	514848	n/a
251.3994140625	0.3	0.0	1	514866	n/a
251.40771484375	0.3	1.0	2	514883	n/a
251.416015625	0.3	1.0	2	514900	n/a
251.42431640625	0.3	0.0	1	514917	n/a
251.4326171875	0.3	0.0	1	514934	n/a
251.44091796875	0.3	1.0	2	514951	n/a
251.44921875	0.3	0.0	1	514968	n/a
251.45751953125	0.3	1.0	2	514985	n/a
251.4658203125	0.3	1.0	2	515002	n/a
251.47412109375	0.3	0.0	1	515019	n/a
251.482421875	0.3	1.0	2	515036	n/a
251.49072265625	0.3	0.0	1	515053	n/a
251.4990234375	0.3	1.0	2	515070	n/a
251.50732421875	0.3	0.0	1	515087	n/a
251.515625	0.3	1.0	2	515104	n/a
251.5244140625	0.3	0.0	1	515122	n/a
251.53271484375	0.3	1.0	2	515139	n/a
251.541015625	0.3	0.0	1	515156	n/a
251.54931640625	0.3	0.0	1	515173	n/a
251.5576171875	0.3	1.0	2	515190	n/a
251.56591796875	0.3	1.0	2	515207	n/a
251.57421875	0.3	0.0	1	515224	n/a
251.58251953125	0.3	0.0	1	515241	n/a
251.5908203125	0.3	1.0	2	515258	n/a
251.59912109375	0.3	1.0	2	515275	n/a
251.607421875	0.3	0.0	1	515292	n/a
251.61572265625	0.3	1.0	2	515309	n/a
251.6240234375	0.3	0.0	1	515326	n/a
251.63232421875	0.3	1.0	2	515343	n/a
251.640625	0.3	0.0	1	515360	n/a
251.6494140625	0.3	0.0	1	515378	n/a
251.65771484375	0.3	1.0	2	515395	n/a
251.666015625	0.3	0.0	1	515412	n/a
251.67431640625	0.3	1.0	2	515429	n/a
251.6826171875	0.3	0.0	1	515446	n/a
251.69091796875	0.3	1.0	2	515463	n/a
251.69921875	0.3	1.0	2	515480	n/a
251.70751953125	0.3	0.0	1	515497	n/a
251.7158203125	0.3	0.0	1	515514	n/a
251.72412109375	0.3	1.0	2	515531	n/a
251.732421875	0.3	1.0	2	515548	n/a
251.74072265625	0.3	0.0	1	515565	n/a
251.7490234375	0.3	0.0	1	515582	n/a
251.75732421875	0.3	1.0	2	515599	n/a
251.765625	0.3	1.0	2	515616	n/a
251.7744140625	0.3	0.0	1	515634	n/a
251.78271484375	0.3	0.0	1	515651	n/a
251.791015625	0.3	1.0	2	515668	n/a
251.79931640625	0.3	0.0	1	515685	n/a
251.8076171875	0.3	1.0	2	515702	n/a
251.81591796875	0.3	0.0	1	515719	n/a
251.82421875	0.3	1.0	2	515736	n/a
251.83251953125	0.3	0.0	1	515753	n/a
251.8408203125	0.3	1.0	2	515770	n/a
251.84912109375	0.3	1.0	2	515787	n/a
251.857421875	0.3	0.0	1	515804	n/a
251.86572265625	0.3	0.0	1	515821	n/a
251.8740234375	0.3	1.0	2	515838	n/a
251.88232421875	0.3	0.0	1	515855	n/a
251.890625	0.3	1.0	2	515872	n/a
251.8994140625	0.3	0.0	1	515890	n/a
251.90771484375	0.3	1.0	2	515907	n/a
251.916015625	0.3	0.0	1	515924	n/a
251.92431640625	0.3	1.0	2	515941	n/a
251.9326171875	0.3	1.0	2	515958	n/a
251.94091796875	0.3	0.0	1	515975	n/a
251.94921875	0.3	1.0	2	515992	n/a
251.95751953125	0.3	0.0	1	516009	n/a
251.9658203125	0.3	0.0	1	516026	n/a
251.97412109375	0.3	1.0	2	516043	n/a
251.982421875	0.3	1.0	2	516060	n/a
251.99072265625	0.3	0.0	1	516077	n/a
251.9990234375	0.3	1.0	2	516094	n/a
252.00732421875	0.3	0.0	1	516111	n/a
252.015625	0.3	1.0	2	516128	n/a
252.0244140625	0.3	0.0	1	516146	n/a
252.03271484375	0.3	1.0	2	516163	n/a
252.041015625	0.3	0.0	1	516180	n/a
252.04931640625	0.3	1.0	2	516197	n/a
252.0576171875	0.3	0.0	1	516214	n/a
252.06591796875	0.3	0.0	1	516231	n/a
252.07421875	0.3	1.0	2	516248	n/a
252.08251953125	0.3	0.0	1	516265	n/a
252.0908203125	0.3	1.0	2	516282	n/a
252.09912109375	0.3	1.0	2	516299	n/a
252.107421875	0.3	0.0	1	516316	n/a
252.11572265625	0.3	1.0	2	516333	n/a
252.1240234375	0.3	0.0	1	516350	n/a
252.13232421875	0.3	1.0	2	516367	n/a
252.140625	0.3	0.0	1	516384	n/a
252.1494140625	0.3	1.0	2	516402	n/a
252.15771484375	0.3	0.0	1	516419	n/a
252.166015625	0.3	0.0	1	516436	n/a
252.17431640625	0.3	1.0	2	516453	n/a
252.1826171875	0.3	0.0	1	516470	n/a
252.19091796875	0.3	1.0	2	516487	n/a
252.19921875	0.3	1.0	2	516504	n/a
252.20751953125	0.3	0.0	1	516521	n/a
252.2158203125	0.3	0.0	1	516538	n/a
252.22412109375	0.3	1.0	2	516555	n/a
252.232421875	0.3	0.0	1	516572	n/a
252.24072265625	0.3	1.0	2	516589	n/a
252.2490234375	0.3	1.0	2	516606	n/a
252.25732421875	0.3	0.0	1	516623	n/a
252.265625	0.3	0.0	1	516640	n/a
252.2744140625	0.3	1.0	2	516658	n/a
252.28271484375	0.3	0.0	1	516675	n/a
252.291015625	0.3	1.0	2	516692	n/a
252.29931640625	0.3	1.0	2	516709	n/a
252.3076171875	0.3	0.0	1	516726	n/a
252.31591796875	0.3	0.0	1	516743	n/a
252.32421875	0.3	1.0	2	516760	n/a
252.33251953125	0.3	1.0	2	516777	n/a
252.3408203125	0.3	0.0	1	516794	n/a
252.34912109375	0.3	0.0	1	516811	n/a
252.357421875	0.3	1.0	2	516828	n/a
252.36572265625	0.3	0.0	1	516845	n/a
252.3740234375	0.3	1.0	2	516862	n/a
252.38232421875	0.3	0.0	1	516879	n/a
252.390625	0.3	1.0	2	516896	n/a
252.3994140625	0.3	1.0	2	516914	n/a
252.40771484375	0.3	0.0	1	516931	n/a
252.416015625	0.3	1.0	2	516948	n/a
252.42431640625	0.3	0.0	1	516965	n/a
252.4326171875	0.3	0.0	1	516982	n/a
252.44091796875	0.3	1.0	2	516999	n/a
252.44921875	0.3	0.0	1	517016	n/a
252.45751953125	0.3	1.0	2	517033	n/a
252.4658203125	0.3	1.0	2	517050	n/a
252.47412109375	0.3	0.0	1	517067	n/a
252.482421875	0.3	0.0	1	517084	n/a
252.49072265625	0.3	1.0	2	517101	n/a
252.4990234375	0.3	0.0	1	517118	n/a
252.50732421875	0.3	1.0	2	517135	n/a
252.515625	0.3	1.0	2	517152	n/a
252.5244140625	0.3	0.0	1	517170	n/a
