onset	duration	trial_type	value	sample	trial_id
19.26123046875	0.3	0.0	1	39447	25.0
19.26953125	0.3	1.0	2	39464	n/a
19.27783203125	0.3	1.0	2	39481	n/a
19.2861328125	0.3	0.0	1	39498	n/a
19.29443359375	0.3	1.0	2	39515	n/a
19.302734375	0.3	0.0	1	39532	n/a
19.31103515625	0.3	0.0	1	39549	n/a
19.3193359375	0.3	1.0	2	39566	n/a
19.328125	0.3	1.0	2	39584	n/a
19.33642578125	0.3	0.0	1	39601	n/a
19.3447265625	0.3	0.0	1	39618	n/a
19.35302734375	0.3	1.0	2	39635	n/a
19.361328125	0.3	1.0	2	39652	n/a
19.36962890625	0.3	0.0	1	39669	n/a
19.3779296875	0.3	0.0	1	39686	n/a
19.38623046875	0.3	1.0	2	39703	n/a
19.39453125	0.3	1.0	2	39720	n/a
19.40283203125	0.3	0.0	1	39737	n/a
19.4111328125	0.3	1.0	2	39754	n/a
19.41943359375	0.3	0.0	1	39771	n/a
19.427734375	0.3	1.0	2	39788	n/a
19.43603515625	0.3	0.0	1	39805	n/a
19.4443359375	0.3	0.0	1	39822	n/a
19.453125	0.3	1.0	2	39840	n/a
19.46142578125	0.3	0.0	1	39857	n/a
19.4697265625	0.3	1.0	2	39874	n/a
19.47802734375	0.3	1.0	2	39891	n/a
19.486328125	0.3	0.0	1	39908	n/a
19.49462890625	0.3	1.0	2	39925	n/a
19.5029296875	0.3	0.0	1	39942	n/a
19.51123046875	0.3	0.0	1	39959	n/a
19.51953125	0.3	1.0	2	39976	n/a
19.52783203125	0.3	0.0	1	39993	n/a
19.5361328125	0.3	1.0	2	40010	n/a
19.54443359375	0.3	0.0	1	40027	n/a
19.552734375	0.3	1.0	2	40044	n/a
19.56103515625	0.3	0.0	1	40061	n/a
19.5693359375	0.3	1.0	2	40078	n/a
19.578125	0.3	1.0	2	40096	n/a
19.58642578125	0.3	0.0	1	40113	n/a
19.5947265625	0.3	0.0	1	40130	n/a
19.60302734375	0.3	1.0	2	40147	n/a
19.611328125	0.3	0.0	1	40164	n/a
19.61962890625	0.3	1.0	2	40181	n/a
19.6279296875	0.3	0.0	1	40198	n/a
19.63623046875	0.3	1.0	2	40215	n/a
19.64453125	0.3	1.0	2	40232	n/a
19.65283203125	0.3	0.0	1	40249	n/a
19.6611328125	0.3	0.0	1	40266	n/a
19.66943359375	0.3	1.0	2	40283	n/a
19.677734375	0.3	1.0	2	40300	n/a
19.68603515625	0.3	0.0	1	40317	n/a
19.6943359375	0.3	0.0	1	40334	n/a
19.703125	0.3	1.0	2	40352	n/a
19.71142578125	0.3	0.0	1	40369	n/a
19.7197265625	0.3	1.0	2	40386	n/a
19.72802734375	0.3	1.0	2	40403	n/a
19.736328125	0.3	0.0	1	40420	n/a
19.74462890625	0.3	0.0	1	40437	n/a
19.7529296875	0.3	1.0	2	40454	n/a
19.76123046875	0.3	1.0	2	40471	n/a
19.76953125	0.3	0.0	1	40488	n/a
19.77783203125	0.3	1.0	2	40505	n/a
19.7861328125	0.3	0.0	1	40522	n/a
19.79443359375	0.3	0.0	1	40539	n/a
19.802734375	0.3	1.0	2	40556	n/a
19.81103515625	0.3	0.0	1	40573	n/a
19.8193359375	0.3	1.0	2	40590	n/a
19.828125	0.3	1.0	2	40608	n/a
19.83642578125	0.3	0.0	1	40625	n/a
19.8447265625	0.3	0.0	1	40642	n/a
19.85302734375	0.3	1.0	2	40659	n/a
19.861328125	0.3	0.0	1	40676	n/a
19.86962890625	0.3	1.0	2	40693	n/a
19.8779296875	0.3	1.0	2	40710	n/a
19.88623046875	0.3	0.0	1	40727	n/a
19.89453125	0.3	1.0	2	40744	n/a
19.90283203125	0.3	0.0	1	40761	n/a
19.9111328125	0.3	1.0	2	40778	n/a
19.91943359375	0.3	0.0	1	40795	n/a
19.927734375	0.3	0.0	1	40812	n/a
19.93603515625	0.3	1.0	2	40829	n/a
19.9443359375	0.3	1.0	2	40846	n/a
19.953125	0.3	0.0	1	40864	n/a
19.96142578125	0.3	1.0	2	40881	n/a
19.9697265625	0.3	0.0	1	40898	n/a
19.97802734375	0.3	0.0	1	40915	n/a
19.986328125	0.3	1.0	2	40932	n/a
19.99462890625	0.3	1.0	2	40949	n/a
20.0029296875	0.3	0.0	1	40966	n/a
20.01123046875	0.3	1.0	2	40983	n/a
20.01953125	0.3	0.0	1	41000	n/a
20.02783203125	0.3	1.0	2	41017	n/a
20.0361328125	0.3	0.0	1	41034	n/a
20.04443359375	0.3	1.0	2	41051	n/a
20.052734375	0.3	0.0	1	41068	n/a
20.06103515625	0.3	0.0	1	41085	n/a
20.0693359375	0.3	1.0	2	41102	n/a
20.078125	0.3	0.0	1	41120	n/a
20.08642578125	0.3	1.0	2	41137	n/a
20.0947265625	0.3	0.0	1	41154	n/a
20.10302734375	0.3	1.0	2	41171	n/a
20.111328125	0.3	1.0	2	41188	n/a
20.11962890625	0.3	0.0	1	41205	n/a
20.1279296875	0.3	1.0	2	41222	n/a
20.13623046875	0.3	0.0	1	41239	n/a
20.14453125	0.3	1.0	2	41256	n/a
20.15283203125	0.3	0.0	1	41273	n/a
20.1611328125	0.3	1.0	2	41290	n/a
20.16943359375	0.3	0.0	1	41307	n/a
20.177734375	0.3	1.0	2	41324	n/a
20.18603515625	0.3	0.0	1	41341	n/a
20.1943359375	0.3	0.0	1	41358	n/a
20.203125	0.3	1.0	2	41376	n/a
20.21142578125	0.3	1.0	2	41393	n/a
20.2197265625	0.3	0.0	1	41410	n/a
20.22802734375	0.3	0.0	1	41427	n/a
20.236328125	0.3	1.0	2	41444	n/a
20.24462890625	0.3	0.0	1	41461	n/a
20.2529296875	0.3	1.0	2	41478	n/a
20.26123046875	0.3	0.0	1	41495	n/a
20.26953125	0.3	1.0	2	41512	n/a
20.27783203125	0.3	0.0	1	41529	n/a
20.2861328125	0.3	1.0	2	41546	n/a
20.29443359375	0.3	0.0	1	41563	n/a
20.302734375	0.3	1.0	2	41580	n/a
20.31103515625	0.3	0.0	1	41597	n/a
20.3193359375	0.3	1.0	2	41614	n/a
20.328125	0.3	1.0	2	41632	n/a
20.33642578125	0.3	0.0	1	41649	n/a
20.3447265625	0.3	1.0	2	41666	n/a
20.35302734375	0.3	0.0	1	41683	n/a
20.361328125	0.3	0.0	1	41700	n/a
20.36962890625	0.3	1.0	2	41717	n/a
20.3779296875	0.3	1.0	2	41734	n/a
20.38623046875	0.3	0.0	1	41751	n/a
20.39453125	0.3	0.0	1	41768	n/a
20.40283203125	0.3	1.0	2	41785	n/a
20.4111328125	0.3	1.0	2	41802	n/a
20.41943359375	0.3	0.0	1	41819	n/a
20.427734375	0.3	0.0	1	41836	n/a
20.43603515625	0.3	1.0	2	41853	n/a
20.4443359375	0.3	1.0	2	41870	n/a
20.453125	0.3	0.0	1	41888	n/a
20.46142578125	0.3	1.0	2	41905	n/a
20.4697265625	0.3	0.0	1	41922	n/a
20.47802734375	0.3	1.0	2	41939	n/a
20.486328125	0.3	0.0	1	41956	n/a
20.49462890625	0.3	0.0	1	41973	n/a
20.5029296875	0.3	1.0	2	41990	n/a
20.51123046875	0.3	0.0	1	42007	n/a
20.51953125	0.3	1.0	2	42024	n/a
20.52783203125	0.3	1.0	2	42041	n/a
20.5361328125	0.3	0.0	1	42058	n/a
20.54443359375	0.3	1.0	2	42075	n/a
20.552734375	0.3	0.0	1	42092	n/a
20.56103515625	0.3	0.0	1	42109	n/a
20.5693359375	0.3	1.0	2	42126	n/a
20.578125	0.3	0.0	1	42144	n/a
20.58642578125	0.3	1.0	2	42161	n/a
20.5947265625	0.3	0.0	1	42178	n/a
20.60302734375	0.3	1.0	2	42195	n/a
20.611328125	0.3	0.0	1	42212	n/a
20.61962890625	0.3	1.0	2	42229	n/a
20.6279296875	0.3	1.0	2	42246	n/a
20.63623046875	0.3	0.0	1	42263	n/a
20.64453125	0.3	0.0	1	42280	n/a
20.65283203125	0.3	1.0	2	42297	n/a
20.6611328125	0.3	0.0	1	42314	n/a
20.66943359375	0.3	1.0	2	42331	n/a
20.677734375	0.3	0.0	1	42348	n/a
20.68603515625	0.3	1.0	2	42365	n/a
20.6943359375	0.3	1.0	2	42382	n/a
20.703125	0.3	0.0	1	42400	n/a
20.71142578125	0.3	0.0	1	42417	n/a
20.7197265625	0.3	1.0	2	42434	n/a
20.72802734375	0.3	1.0	2	42451	n/a
20.736328125	0.3	0.0	1	42468	n/a
20.74462890625	0.3	0.0	1	42485	n/a
20.7529296875	0.3	1.0	2	42502	n/a
20.76123046875	0.3	0.0	1	42519	n/a
20.76953125	0.3	1.0	2	42536	n/a
20.77783203125	0.3	1.0	2	42553	n/a
20.7861328125	0.3	0.0	1	42570	n/a
20.79443359375	0.3	0.0	1	42587	n/a
20.802734375	0.3	1.0	2	42604	n/a
20.81103515625	0.3	1.0	2	42621	n/a
20.8193359375	0.3	0.0	1	42638	n/a
20.828125	0.3	1.0	2	42656	n/a
20.83642578125	0.3	0.0	1	42673	n/a
20.8447265625	0.3	0.0	1	42690	n/a
20.85302734375	0.3	1.0	2	42707	n/a
20.861328125	0.3	0.0	1	42724	n/a
20.86962890625	0.3	1.0	2	42741	n/a
20.8779296875	0.3	1.0	2	42758	n/a
20.88623046875	0.3	0.0	1	42775	n/a
20.89453125	0.3	0.0	1	42792	n/a
20.90283203125	0.3	1.0	2	42809	n/a
20.9111328125	0.3	0.0	1	42826	n/a
20.91943359375	0.3	1.0	2	42843	n/a
20.927734375	0.3	1.0	2	42860	n/a
20.93603515625	0.3	0.0	1	42877	n/a
20.9443359375	0.3	1.0	2	42894	n/a
20.953125	0.3	0.0	1	42912	n/a
20.96142578125	0.3	1.0	2	42929	n/a
20.9697265625	0.3	0.0	1	42946	n/a
20.97802734375	0.3	0.0	1	42963	n/a
20.986328125	0.3	1.0	2	42980	n/a
20.99462890625	0.3	1.0	2	42997	n/a
21.0029296875	0.3	0.0	1	43014	n/a
21.01123046875	0.3	1.0	2	43031	n/a
21.01953125	0.3	0.0	1	43048	n/a
21.02783203125	0.3	0.0	1	43065	n/a
21.0361328125	0.3	1.0	2	43082	n/a
21.04443359375	0.3	1.0	2	43099	n/a
21.052734375	0.3	0.0	1	43116	n/a
21.06103515625	0.3	1.0	2	43133	n/a
21.0693359375	0.3	0.0	1	43150	n/a
21.078125	0.3	1.0	2	43168	n/a
21.08642578125	0.3	0.0	1	43185	n/a
21.0947265625	0.3	1.0	2	43202	n/a
21.10302734375	0.3	0.0	1	43219	n/a
21.111328125	0.3	0.0	1	43236	n/a
21.11962890625	0.3	1.0	2	43253	n/a
21.1279296875	0.3	0.0	1	43270	n/a
21.13623046875	0.3	1.0	2	43287	n/a
21.14453125	0.3	0.0	1	43304	n/a
21.15283203125	0.3	1.0	2	43321	n/a
21.1611328125	0.3	1.0	2	43338	n/a
21.16943359375	0.3	0.0	1	43355	n/a
21.177734375	0.3	1.0	2	43372	n/a
21.18603515625	0.3	0.0	1	43389	n/a
21.1943359375	0.3	1.0	2	43406	n/a
21.203125	0.3	0.0	1	43424	n/a
21.21142578125	0.3	1.0	2	43441	n/a
21.2197265625	0.3	0.0	1	43458	n/a
21.22802734375	0.3	1.0	2	43475	n/a
21.236328125	0.3	0.0	1	43492	n/a
21.24462890625	0.3	0.0	1	43509	n/a
21.2529296875	0.3	1.0	2	43526	n/a
21.26123046875	0.3	1.0	2	43543	n/a
21.26953125	0.3	0.0	1	43560	n/a
21.27783203125	0.3	0.0	1	43577	n/a
21.2861328125	0.3	1.0	2	43594	n/a
21.29443359375	0.3	0.0	1	43611	n/a
21.302734375	0.3	1.0	2	43628	n/a
21.31103515625	0.3	0.0	1	43645	n/a
21.3193359375	0.3	1.0	2	43662	n/a
21.328125	0.3	0.0	1	43680	n/a
21.33642578125	0.3	1.0	2	43697	n/a
21.3447265625	0.3	0.0	1	43714	n/a
21.35302734375	0.3	1.0	2	43731	n/a
21.361328125	0.3	0.0	1	43748	n/a
21.36962890625	0.3	1.0	2	43765	n/a
21.3779296875	0.3	1.0	2	43782	n/a
21.38623046875	0.3	0.0	1	43799	n/a
21.39453125	0.3	1.0	2	43816	n/a
21.40283203125	0.3	0.0	1	43833	n/a
21.4111328125	0.3	0.0	1	43850	n/a
21.41943359375	0.3	1.0	2	43867	n/a
21.427734375	0.3	1.0	2	43884	n/a
21.43603515625	0.3	0.0	1	43901	n/a
21.4443359375	0.3	0.0	1	43918	n/a
21.453125	0.3	1.0	2	43936	n/a
21.46142578125	0.3	1.0	2	43953	n/a
21.4697265625	0.3	0.0	1	43970	n/a
21.47802734375	0.3	0.0	1	43987	n/a
21.486328125	0.3	1.0	2	44004	n/a
21.49462890625	0.3	1.0	2	44021	n/a
21.5029296875	0.3	0.0	1	44038	n/a
21.51123046875	0.3	1.0	2	44055	n/a
21.51953125	0.3	0.0	1	44072	n/a
21.52783203125	0.3	1.0	2	44089	n/a
21.5361328125	0.3	0.0	1	44106	n/a
21.54443359375	0.3	0.0	1	44123	n/a
21.552734375	0.3	1.0	2	44140	n/a
21.56103515625	0.3	0.0	1	44157	n/a
21.5693359375	0.3	1.0	2	44174	n/a
21.578125	0.3	1.0	2	44192	n/a
21.58642578125	0.3	0.0	1	44209	n/a
21.5947265625	0.3	1.0	2	44226	n/a
21.60302734375	0.3	0.0	1	44243	n/a
21.611328125	0.3	0.0	1	44260	n/a
21.61962890625	0.3	1.0	2	44277	n/a
21.6279296875	0.3	0.0	1	44294	n/a
21.63623046875	0.3	1.0	2	44311	n/a
21.64453125	0.3	0.0	1	44328	n/a
21.65283203125	0.3	1.0	2	44345	n/a
21.6611328125	0.3	0.0	1	44362	n/a
21.66943359375	0.3	1.0	2	44379	n/a
21.677734375	0.3	1.0	2	44396	n/a
21.68603515625	0.3	0.0	1	44413	n/a
21.6943359375	0.3	0.0	1	44430	n/a
21.703125	0.3	1.0	2	44448	n/a
21.71142578125	0.3	0.0	1	44465	n/a
21.7197265625	0.3	1.0	2	44482	n/a
21.72802734375	0.3	0.0	1	44499	n/a
21.736328125	0.3	1.0	2	44516	n/a
21.74462890625	0.3	1.0	2	44533	n/a
21.7529296875	0.3	0.0	1	44550	n/a
21.76123046875	0.3	0.0	1	44567	n/a
21.76953125	0.3	1.0	2	44584	n/a
21.77783203125	0.3	1.0	2	44601	n/a
21.7861328125	0.3	0.0	1	44618	n/a
21.79443359375	0.3	0.0	1	44635	n/a
21.802734375	0.3	1.0	2	44652	n/a
21.81103515625	0.3	0.0	1	44669	n/a
21.8193359375	0.3	1.0	2	44686	n/a
21.828125	0.3	1.0	2	44704	n/a
21.83642578125	0.3	0.0	1	44721	n/a
21.8447265625	0.3	0.0	1	44738	n/a
21.85302734375	0.3	1.0	2	44755	n/a
21.861328125	0.3	1.0	2	44772	n/a
21.86962890625	0.3	0.0	1	44789	n/a
21.8779296875	0.3	1.0	2	44806	n/a
21.88623046875	0.3	0.0	1	44823	n/a
21.89453125	0.3	0.0	1	44840	n/a
21.90283203125	0.3	1.0	2	44857	n/a
21.9111328125	0.3	0.0	1	44874	n/a
21.91943359375	0.3	1.0	2	44891	n/a
21.927734375	0.3	1.0	2	44908	n/a
21.93603515625	0.3	0.0	1	44925	n/a
21.9443359375	0.3	0.0	1	44942	n/a
21.953125	0.3	1.0	2	44960	n/a
21.96142578125	0.3	0.0	1	44977	n/a
21.9697265625	0.3	1.0	2	44994	n/a
21.97802734375	0.3	1.0	2	45011	n/a
21.986328125	0.3	0.0	1	45028	n/a
21.99462890625	0.3	1.0	2	45045	n/a
22.0029296875	0.3	0.0	1	45062	n/a
22.01123046875	0.3	1.0	2	45079	n/a
22.01953125	0.3	0.0	1	45096	n/a
22.02783203125	0.3	0.0	1	45113	n/a
22.0361328125	0.3	1.0	2	45130	n/a
22.04443359375	0.3	1.0	2	45147	n/a
22.052734375	0.3	0.0	1	45164	n/a
22.06103515625	0.3	1.0	2	45181	n/a
22.0693359375	0.3	0.0	1	45198	n/a
22.078125	0.3	0.0	1	45216	n/a
22.08642578125	0.3	1.0	2	45233	n/a
22.0947265625	0.3	1.0	2	45250	n/a
22.10302734375	0.3	0.0	1	45267	n/a
22.111328125	0.3	1.0	2	45284	n/a
22.11962890625	0.3	0.0	1	45301	n/a
22.1279296875	0.3	1.0	2	45318	n/a
22.13623046875	0.3	0.0	1	45335	n/a
22.14453125	0.3	1.0	2	45352	n/a
22.15283203125	0.3	0.0	1	45369	n/a
22.1611328125	0.3	0.0	1	45386	n/a
22.16943359375	0.3	1.0	2	45403	n/a
22.177734375	0.3	0.0	1	45420	n/a
22.18603515625	0.3	1.0	2	45437	n/a
22.1943359375	0.3	0.0	1	45454	n/a
22.203125	0.3	1.0	2	45472	n/a
22.21142578125	0.3	1.0	2	45489	n/a
22.2197265625	0.3	0.0	1	45506	n/a
22.22802734375	0.3	1.0	2	45523	n/a
22.236328125	0.3	0.0	1	45540	n/a
22.24462890625	0.3	1.0	2	45557	n/a
22.2529296875	0.3	0.0	1	45574	n/a
22.26123046875	0.3	1.0	2	45591	n/a
22.26953125	0.3	0.0	1	45608	n/a
22.27783203125	0.3	1.0	2	45625	n/a
22.2861328125	0.3	0.0	1	45642	n/a
22.29443359375	0.3	0.0	1	45659	n/a
22.302734375	0.3	1.0	2	45676	n/a
22.31103515625	0.3	1.0	2	45693	n/a
22.3193359375	0.3	0.0	1	45710	n/a
22.328125	0.3	0.0	1	45728	n/a
22.33642578125	0.3	1.0	2	45745	n/a
22.3447265625	0.3	0.0	1	45762	n/a
22.35302734375	0.3	1.0	2	45779	n/a
22.361328125	0.3	0.0	1	45796	n/a
22.36962890625	0.3	1.0	2	45813	n/a
22.3779296875	0.3	0.0	1	45830	n/a
22.38623046875	0.3	1.0	2	45847	n/a
22.39453125	0.3	0.0	1	45864	n/a
22.40283203125	0.3	1.0	2	45881	n/a
22.4111328125	0.3	0.0	1	45898	n/a
22.41943359375	0.3	1.0	2	45915	n/a
22.427734375	0.3	1.0	2	45932	n/a
22.43603515625	0.3	0.0	1	45949	n/a
22.4443359375	0.3	1.0	2	45966	n/a
22.453125	0.3	0.0	1	45984	n/a
22.46142578125	0.3	0.0	1	46001	n/a
22.4697265625	0.3	1.0	2	46018	n/a
22.47802734375	0.3	1.0	2	46035	n/a
22.486328125	0.3	0.0	1	46052	n/a
22.49462890625	0.3	0.0	1	46069	n/a
22.5029296875	0.3	1.0	2	46086	n/a
22.51123046875	0.3	1.0	2	46103	n/a
22.51953125	0.3	0.0	1	46120	n/a
22.52783203125	0.3	0.0	1	46137	n/a
22.5361328125	0.3	1.0	2	46154	n/a
22.54443359375	0.3	1.0	2	46171	n/a
22.552734375	0.3	0.0	1	46188	n/a
22.56103515625	0.3	1.0	2	46205	n/a
22.5693359375	0.3	0.0	1	46222	n/a
22.578125	0.3	1.0	2	46240	n/a
22.58642578125	0.3	0.0	1	46257	n/a
22.5947265625	0.3	0.0	1	46274	n/a
22.60302734375	0.3	1.0	2	46291	n/a
22.611328125	0.3	0.0	1	46308	n/a
22.61962890625	0.3	1.0	2	46325	n/a
22.6279296875	0.3	1.0	2	46342	n/a
22.63623046875	0.3	0.0	1	46359	n/a
22.64453125	0.3	1.0	2	46376	n/a
22.65283203125	0.3	0.0	1	46393	n/a
22.6611328125	0.3	0.0	1	46410	n/a
22.66943359375	0.3	1.0	2	46427	n/a
22.677734375	0.3	0.0	1	46444	n/a
22.68603515625	0.3	1.0	2	46461	n/a
22.6943359375	0.3	0.0	1	46478	n/a
22.703125	0.3	1.0	2	46496	n/a
22.71142578125	0.3	0.0	1	46513	n/a
22.7197265625	0.3	1.0	2	46530	n/a
22.72802734375	0.3	1.0	2	46547	n/a
22.736328125	0.3	0.0	1	46564	n/a
22.74462890625	0.3	0.0	1	46581	n/a
22.7529296875	0.3	1.0	2	46598	n/a
22.76123046875	0.3	0.0	1	46615	n/a
22.76953125	0.3	1.0	2	46632	n/a
22.77783203125	0.3	0.0	1	46649	n/a
22.7861328125	0.3	1.0	2	46666	n/a
22.79443359375	0.3	1.0	2	46683	n/a
22.802734375	0.3	0.0	1	46700	n/a
22.81103515625	0.3	0.0	1	46717	n/a
22.8193359375	0.3	1.0	2	46734	n/a
22.828125	0.3	1.0	2	46752	n/a
22.83642578125	0.3	0.0	1	46769	n/a
22.8447265625	0.3	0.0	1	46786	n/a
22.85302734375	0.3	1.0	2	46803	n/a
22.861328125	0.3	0.0	1	46820	n/a
22.86962890625	0.3	1.0	2	46837	n/a
22.8779296875	0.3	1.0	2	46854	n/a
22.88623046875	0.3	0.0	1	46871	n/a
22.89453125	0.3	0.0	1	46888	n/a
22.90283203125	0.3	1.0	2	46905	n/a
22.9111328125	0.3	1.0	2	46922	n/a
22.91943359375	0.3	0.0	1	46939	n/a
22.927734375	0.3	1.0	2	46956	n/a
22.93603515625	0.3	0.0	1	46973	n/a
22.9443359375	0.3	0.0	1	46990	n/a
22.953125	0.3	1.0	2	47008	n/a
22.96142578125	0.3	0.0	1	47025	n/a
22.9697265625	0.3	1.0	2	47042	n/a
22.97802734375	0.3	1.0	2	47059	n/a
22.986328125	0.3	0.0	1	47076	n/a
22.99462890625	0.3	0.0	1	47093	n/a
23.0029296875	0.3	1.0	2	47110	n/a
23.01123046875	0.3	0.0	1	47127	n/a
23.01953125	0.3	1.0	2	47144	n/a
23.02783203125	0.3	1.0	2	47161	n/a
23.0361328125	0.3	0.0	1	47178	n/a
23.04443359375	0.3	1.0	2	47195	n/a
23.052734375	0.3	0.0	1	47212	n/a
23.06103515625	0.3	1.0	2	47229	n/a
23.0693359375	0.3	0.0	1	47246	n/a
23.078125	0.3	0.0	1	47264	n/a
23.08642578125	0.3	1.0	2	47281	n/a
23.0947265625	0.3	1.0	2	47298	n/a
23.10302734375	0.3	0.0	1	47315	n/a
23.111328125	0.3	1.0	2	47332	n/a
23.11962890625	0.3	0.0	1	47349	n/a
23.1279296875	0.3	0.0	1	47366	n/a
23.13623046875	0.3	1.0	2	47383	n/a
23.14453125	0.3	1.0	2	47400	n/a
23.15283203125	0.3	0.0	1	47417	n/a
23.1611328125	0.3	1.0	2	47434	n/a
23.16943359375	0.3	0.0	1	47451	n/a
23.177734375	0.3	1.0	2	47468	n/a
23.18603515625	0.3	0.0	1	47485	n/a
23.1943359375	0.3	1.0	2	47502	n/a
23.203125	0.3	0.0	1	47520	n/a
23.21142578125	0.3	0.0	1	47537	n/a
23.2197265625	0.3	1.0	2	47554	n/a
23.22802734375	0.3	0.0	1	47571	n/a
23.236328125	0.3	1.0	2	47588	n/a
23.24462890625	0.3	0.0	1	47605	n/a
23.2529296875	0.3	1.0	2	47622	n/a
23.26123046875	0.3	1.0	2	47639	n/a
23.26953125	0.3	0.0	1	47656	n/a
23.27783203125	0.3	1.0	2	47673	n/a
23.2861328125	0.3	0.0	1	47690	n/a
23.29443359375	0.3	1.0	2	47707	n/a
23.302734375	0.3	0.0	1	47724	n/a
23.31103515625	0.3	1.0	2	47741	n/a
23.3193359375	0.3	0.0	1	47758	n/a
23.328125	0.3	1.0	2	47776	n/a
23.33642578125	0.3	0.0	1	47793	n/a
23.3447265625	0.3	0.0	1	47810	n/a
23.35302734375	0.3	1.0	2	47827	n/a
23.361328125	0.3	1.0	2	47844	n/a
23.36962890625	0.3	0.0	1	47861	n/a
23.3779296875	0.3	0.0	1	47878	n/a
23.38623046875	0.3	1.0	2	47895	n/a
23.39453125	0.3	0.0	1	47912	n/a
23.40283203125	0.3	1.0	2	47929	n/a
23.4111328125	0.3	0.0	1	47946	n/a
23.41943359375	0.3	1.0	2	47963	n/a
23.427734375	0.3	0.0	1	47980	n/a
23.43603515625	0.3	1.0	2	47997	n/a
23.4443359375	0.3	0.0	1	48014	n/a
23.453125	0.3	1.0	2	48032	n/a
25.83349609375	0.3	1.0	2	52907	19.0
25.841796875	0.3	0.0	1	52924	n/a
25.85009765625	0.3	0.0	1	52941	n/a
25.8583984375	0.3	1.0	2	52958	n/a
25.86669921875	0.3	0.0	1	52975	n/a
25.875	0.3	1.0	2	52992	n/a
25.88330078125	0.3	0.0	1	53009	n/a
25.8916015625	0.3	1.0	2	53026	n/a
25.900390625	0.3	0.0	1	53044	n/a
25.90869140625	0.3	1.0	2	53061	n/a
25.9169921875	0.3	1.0	2	53078	n/a
25.92529296875	0.3	0.0	1	53095	n/a
25.93359375	0.3	0.0	1	53112	n/a
25.94189453125	0.3	1.0	2	53129	n/a
25.9501953125	0.3	1.0	2	53146	n/a
25.95849609375	0.3	0.0	1	53163	n/a
25.966796875	0.3	1.0	2	53180	n/a
25.97509765625	0.3	0.0	1	53197	n/a
25.9833984375	0.3	0.0	1	53214	n/a
25.99169921875	0.3	1.0	2	53231	n/a
26.0	0.3	0.0	1	53248	n/a
26.00830078125	0.3	1.0	2	53265	n/a
26.0166015625	0.3	1.0	2	53282	n/a
26.025390625	0.3	0.0	1	53300	n/a
26.03369140625	0.3	1.0	2	53317	n/a
26.0419921875	0.3	0.0	1	53334	n/a
26.05029296875	0.3	0.0	1	53351	n/a
26.05859375	0.3	1.0	2	53368	n/a
26.06689453125	0.3	1.0	2	53385	n/a
26.0751953125	0.3	0.0	1	53402	n/a
26.08349609375	0.3	0.0	1	53419	n/a
26.091796875	0.3	1.0	2	53436	n/a
26.10009765625	0.3	1.0	2	53453	n/a
26.1083984375	0.3	0.0	1	53470	n/a
26.11669921875	0.3	1.0	2	53487	n/a
26.125	0.3	0.0	1	53504	n/a
26.13330078125	0.3	0.0	1	53521	n/a
26.1416015625	0.3	1.0	2	53538	n/a
26.150390625	0.3	1.0	2	53556	n/a
26.15869140625	0.3	0.0	1	53573	n/a
26.1669921875	0.3	0.0	1	53590	n/a
26.17529296875	0.3	1.0	2	53607	n/a
26.18359375	0.3	1.0	2	53624	n/a
26.19189453125	0.3	0.0	1	53641	n/a
26.2001953125	0.3	1.0	2	53658	n/a
26.20849609375	0.3	0.0	1	53675	n/a
26.216796875	0.3	1.0	2	53692	n/a
26.22509765625	0.3	0.0	1	53709	n/a
26.2333984375	0.3	0.0	1	53726	n/a
26.24169921875	0.3	1.0	2	53743	n/a
26.25	0.3	0.0	1	53760	n/a
26.25830078125	0.3	1.0	2	53777	n/a
26.2666015625	0.3	0.0	1	53794	n/a
26.275390625	0.3	1.0	2	53812	n/a
26.28369140625	0.3	0.0	1	53829	n/a
26.2919921875	0.3	1.0	2	53846	n/a
26.30029296875	0.3	0.0	1	53863	n/a
26.30859375	0.3	1.0	2	53880	n/a
26.31689453125	0.3	0.0	1	53897	n/a
26.3251953125	0.3	1.0	2	53914	n/a
26.33349609375	0.3	1.0	2	53931	n/a
26.341796875	0.3	0.0	1	53948	n/a
26.35009765625	0.3	0.0	1	53965	n/a
26.3583984375	0.3	1.0	2	53982	n/a
26.36669921875	0.3	0.0	1	53999	n/a
26.375	0.3	1.0	2	54016	n/a
26.38330078125	0.3	0.0	1	54033	n/a
26.3916015625	0.3	1.0	2	54050	n/a
26.400390625	0.3	0.0	1	54068	n/a
26.40869140625	0.3	1.0	2	54085	n/a
26.4169921875	0.3	0.0	1	54102	n/a
26.42529296875	0.3	1.0	2	54119	n/a
26.43359375	0.3	1.0	2	54136	n/a
26.44189453125	0.3	0.0	1	54153	n/a
26.4501953125	0.3	0.0	1	54170	n/a
26.45849609375	0.3	1.0	2	54187	n/a
26.466796875	0.3	0.0	1	54204	n/a
26.47509765625	0.3	1.0	2	54221	n/a
26.4833984375	0.3	1.0	2	54238	n/a
26.49169921875	0.3	0.0	1	54255	n/a
26.5	0.3	0.0	1	54272	n/a
26.50830078125	0.3	1.0	2	54289	n/a
26.5166015625	0.3	0.0	1	54306	n/a
26.525390625	0.3	1.0	2	54324	n/a
26.53369140625	0.3	1.0	2	54341	n/a
26.5419921875	0.3	0.0	1	54358	n/a
26.55029296875	0.3	0.0	1	54375	n/a
26.55859375	0.3	1.0	2	54392	n/a
26.56689453125	0.3	0.0	1	54409	n/a
26.5751953125	0.3	1.0	2	54426	n/a
26.58349609375	0.3	1.0	2	54443	n/a
26.591796875	0.3	0.0	1	54460	n/a
26.60009765625	0.3	1.0	2	54477	n/a
26.6083984375	0.3	0.0	1	54494	n/a
26.61669921875	0.3	0.0	1	54511	n/a
26.625	0.3	1.0	2	54528	n/a
26.63330078125	0.3	1.0	2	54545	n/a
26.6416015625	0.3	0.0	1	54562	n/a
26.650390625	0.3	0.0	1	54580	n/a
26.65869140625	0.3	1.0	2	54597	n/a
26.6669921875	0.3	0.0	1	54614	n/a
26.67529296875	0.3	1.0	2	54631	n/a
26.68359375	0.3	0.0	1	54648	n/a
26.69189453125	0.3	1.0	2	54665	n/a
26.7001953125	0.3	1.0	2	54682	n/a
26.70849609375	0.3	0.0	1	54699	n/a
26.716796875	0.3	0.0	1	54716	n/a
26.72509765625	0.3	1.0	2	54733	n/a
26.7333984375	0.3	0.0	1	54750	n/a
26.74169921875	0.3	1.0	2	54767	n/a
26.75	0.3	1.0	2	54784	n/a
26.75830078125	0.3	0.0	1	54801	n/a
26.7666015625	0.3	0.0	1	54818	n/a
26.775390625	0.3	1.0	2	54836	n/a
26.78369140625	0.3	0.0	1	54853	n/a
26.7919921875	0.3	1.0	2	54870	n/a
26.80029296875	0.3	0.0	1	54887	n/a
26.80859375	0.3	1.0	2	54904	n/a
26.81689453125	0.3	0.0	1	54921	n/a
26.8251953125	0.3	1.0	2	54938	n/a
26.83349609375	0.3	0.0	1	54955	n/a
26.841796875	0.3	1.0	2	54972	n/a
26.85009765625	0.3	0.0	1	54989	n/a
26.8583984375	0.3	1.0	2	55006	n/a
26.86669921875	0.3	1.0	2	55023	n/a
26.875	0.3	0.0	1	55040	n/a
26.88330078125	0.3	1.0	2	55057	n/a
26.8916015625	0.3	0.0	1	55074	n/a
26.900390625	0.3	0.0	1	55092	n/a
26.90869140625	0.3	1.0	2	55109	n/a
26.9169921875	0.3	0.0	1	55126	n/a
26.92529296875	0.3	1.0	2	55143	n/a
26.93359375	0.3	0.0	1	55160	n/a
26.94189453125	0.3	1.0	2	55177	n/a
26.9501953125	0.3	0.0	1	55194	n/a
26.95849609375	0.3	1.0	2	55211	n/a
26.966796875	0.3	1.0	2	55228	n/a
26.97509765625	0.3	0.0	1	55245	n/a
26.9833984375	0.3	0.0	1	55262	n/a
26.99169921875	0.3	1.0	2	55279	n/a
27.0	0.3	1.0	2	55296	n/a
27.00830078125	0.3	0.0	1	55313	n/a
27.0166015625	0.3	1.0	2	55330	n/a
27.025390625	0.3	0.0	1	55348	n/a
27.03369140625	0.3	0.0	1	55365	n/a
27.0419921875	0.3	1.0	2	55382	n/a
27.05029296875	0.3	0.0	1	55399	n/a
27.05859375	0.3	1.0	2	55416	n/a
27.06689453125	0.3	1.0	2	55433	n/a
27.0751953125	0.3	0.0	1	55450	n/a
27.08349609375	0.3	1.0	2	55467	n/a
27.091796875	0.3	0.0	1	55484	n/a
27.10009765625	0.3	0.0	1	55501	n/a
27.1083984375	0.3	1.0	2	55518	n/a
27.11669921875	0.3	1.0	2	55535	n/a
27.125	0.3	0.0	1	55552	n/a
27.13330078125	0.3	0.0	1	55569	n/a
27.1416015625	0.3	1.0	2	55586	n/a
27.150390625	0.3	1.0	2	55604	n/a
27.15869140625	0.3	0.0	1	55621	n/a
27.1669921875	0.3	1.0	2	55638	n/a
27.17529296875	0.3	0.0	1	55655	n/a
27.18359375	0.3	0.0	1	55672	n/a
27.19189453125	0.3	1.0	2	55689	n/a
27.2001953125	0.3	1.0	2	55706	n/a
27.20849609375	0.3	0.0	1	55723	n/a
27.216796875	0.3	0.0	1	55740	n/a
27.22509765625	0.3	1.0	2	55757	n/a
27.2333984375	0.3	1.0	2	55774	n/a
27.24169921875	0.3	0.0	1	55791	n/a
27.25	0.3	1.0	2	55808	n/a
27.25830078125	0.3	0.0	1	55825	n/a
27.2666015625	0.3	1.0	2	55842	n/a
27.275390625	0.3	0.0	1	55860	n/a
27.28369140625	0.3	0.0	1	55877	n/a
27.2919921875	0.3	1.0	2	55894	n/a
27.30029296875	0.3	0.0	1	55911	n/a
27.30859375	0.3	1.0	2	55928	n/a
27.31689453125	0.3	0.0	1	55945	n/a
27.3251953125	0.3	1.0	2	55962	n/a
27.33349609375	0.3	0.0	1	55979	n/a
27.341796875	0.3	1.0	2	55996	n/a
27.35009765625	0.3	0.0	1	56013	n/a
27.3583984375	0.3	1.0	2	56030	n/a
27.36669921875	0.3	0.0	1	56047	n/a
27.375	0.3	1.0	2	56064	n/a
27.38330078125	0.3	1.0	2	56081	n/a
27.3916015625	0.3	0.0	1	56098	n/a
27.400390625	0.3	0.0	1	56116	n/a
27.40869140625	0.3	1.0	2	56133	n/a
27.4169921875	0.3	0.0	1	56150	n/a
27.42529296875	0.3	1.0	2	56167	n/a
27.43359375	0.3	0.0	1	56184	n/a
27.44189453125	0.3	1.0	2	56201	n/a
27.4501953125	0.3	0.0	1	56218	n/a
27.45849609375	0.3	1.0	2	56235	n/a
27.466796875	0.3	0.0	1	56252	n/a
27.47509765625	0.3	1.0	2	56269	n/a
27.4833984375	0.3	1.0	2	56286	n/a
27.49169921875	0.3	0.0	1	56303	n/a
27.5	0.3	0.0	1	56320	n/a
27.50830078125	0.3	1.0	2	56337	n/a
27.5166015625	0.3	0.0	1	56354	n/a
27.525390625	0.3	1.0	2	56372	n/a
27.53369140625	0.3	1.0	2	56389	n/a
27.5419921875	0.3	0.0	1	56406	n/a
27.55029296875	0.3	0.0	1	56423	n/a
27.55859375	0.3	1.0	2	56440	n/a
27.56689453125	0.3	0.0	1	56457	n/a
27.5751953125	0.3	1.0	2	56474	n/a
27.58349609375	0.3	1.0	2	56491	n/a
27.591796875	0.3	0.0	1	56508	n/a
27.60009765625	0.3	0.0	1	56525	n/a
27.6083984375	0.3	1.0	2	56542	n/a
27.61669921875	0.3	0.0	1	56559	n/a
27.625	0.3	1.0	2	56576	n/a
27.63330078125	0.3	1.0	2	56593	n/a
27.6416015625	0.3	0.0	1	56610	n/a
27.650390625	0.3	1.0	2	56628	n/a
27.65869140625	0.3	0.0	1	56645	n/a
27.6669921875	0.3	0.0	1	56662	n/a
27.67529296875	0.3	1.0	2	56679	n/a
27.68359375	0.3	1.0	2	56696	n/a
27.69189453125	0.3	0.0	1	56713	n/a
27.7001953125	0.3	0.0	1	56730	n/a
27.70849609375	0.3	1.0	2	56747	n/a
27.716796875	0.3	0.0	1	56764	n/a
27.72509765625	0.3	1.0	2	56781	n/a
27.7333984375	0.3	0.0	1	56798	n/a
27.74169921875	0.3	1.0	2	56815	n/a
27.75	0.3	1.0	2	56832	n/a
27.75830078125	0.3	0.0	1	56849	n/a
27.7666015625	0.3	0.0	1	56866	n/a
27.775390625	0.3	1.0	2	56884	n/a
27.78369140625	0.3	0.0	1	56901	n/a
27.7919921875	0.3	1.0	2	56918	n/a
27.80029296875	0.3	1.0	2	56935	n/a
27.80859375	0.3	0.0	1	56952	n/a
27.81689453125	0.3	0.0	1	56969	n/a
27.8251953125	0.3	1.0	2	56986	n/a
27.83349609375	0.3	0.0	1	57003	n/a
27.841796875	0.3	1.0	2	57020	n/a
27.85009765625	0.3	0.0	1	57037	n/a
27.8583984375	0.3	1.0	2	57054	n/a
27.86669921875	0.3	0.0	1	57071	n/a
27.875	0.3	1.0	2	57088	n/a
27.88330078125	0.3	0.0	1	57105	n/a
27.8916015625	0.3	1.0	2	57122	n/a
27.900390625	0.3	0.0	1	57140	n/a
27.90869140625	0.3	1.0	2	57157	n/a
27.9169921875	0.3	1.0	2	57174	n/a
27.92529296875	0.3	0.0	1	57191	n/a
27.93359375	0.3	1.0	2	57208	n/a
27.94189453125	0.3	0.0	1	57225	n/a
27.9501953125	0.3	0.0	1	57242	n/a
27.95849609375	0.3	1.0	2	57259	n/a
27.966796875	0.3	0.0	1	57276	n/a
27.97509765625	0.3	1.0	2	57293	n/a
27.9833984375	0.3	0.0	1	57310	n/a
27.99169921875	0.3	1.0	2	57327	n/a
28.0	0.3	0.0	1	57344	n/a
28.00830078125	0.3	1.0	2	57361	n/a
28.0166015625	0.3	1.0	2	57378	n/a
28.025390625	0.3	0.0	1	57396	n/a
28.03369140625	0.3	0.0	1	57413	n/a
28.0419921875	0.3	1.0	2	57430	n/a
28.05029296875	0.3	1.0	2	57447	n/a
28.05859375	0.3	0.0	1	57464	n/a
28.06689453125	0.3	1.0	2	57481	n/a
28.0751953125	0.3	0.0	1	57498	n/a
28.08349609375	0.3	0.0	1	57515	n/a
28.091796875	0.3	1.0	2	57532	n/a
28.10009765625	0.3	0.0	1	57549	n/a
28.1083984375	0.3	1.0	2	57566	n/a
28.11669921875	0.3	1.0	2	57583	n/a
28.125	0.3	0.0	1	57600	n/a
28.13330078125	0.3	1.0	2	57617	n/a
28.1416015625	0.3	0.0	1	57634	n/a
28.150390625	0.3	0.0	1	57652	n/a
28.15869140625	0.3	1.0	2	57669	n/a
28.1669921875	0.3	1.0	2	57686	n/a
28.17529296875	0.3	0.0	1	57703	n/a
28.18359375	0.3	0.0	1	57720	n/a
28.19189453125	0.3	1.0	2	57737	n/a
28.2001953125	0.3	1.0	2	57754	n/a
28.20849609375	0.3	0.0	1	57771	n/a
28.216796875	0.3	1.0	2	57788	n/a
28.22509765625	0.3	0.0	1	57805	n/a
28.2333984375	0.3	0.0	1	57822	n/a
28.24169921875	0.3	1.0	2	57839	n/a
28.25	0.3	1.0	2	57856	n/a
28.25830078125	0.3	0.0	1	57873	n/a
28.2666015625	0.3	0.0	1	57890	n/a
28.275390625	0.3	1.0	2	57908	n/a
28.28369140625	0.3	1.0	2	57925	n/a
28.2919921875	0.3	0.0	1	57942	n/a
28.30029296875	0.3	1.0	2	57959	n/a
28.30859375	0.3	0.0	1	57976	n/a
28.31689453125	0.3	1.0	2	57993	n/a
28.3251953125	0.3	0.0	1	58010	n/a
28.33349609375	0.3	0.0	1	58027	n/a
28.341796875	0.3	1.0	2	58044	n/a
28.35009765625	0.3	0.0	1	58061	n/a
28.3583984375	0.3	1.0	2	58078	n/a
28.36669921875	0.3	0.0	1	58095	n/a
28.375	0.3	1.0	2	58112	n/a
28.38330078125	0.3	0.0	1	58129	n/a
28.3916015625	0.3	1.0	2	58146	n/a
28.400390625	0.3	0.0	1	58164	n/a
28.40869140625	0.3	1.0	2	58181	n/a
28.4169921875	0.3	0.0	1	58198	n/a
28.42529296875	0.3	1.0	2	58215	n/a
28.43359375	0.3	1.0	2	58232	n/a
28.44189453125	0.3	0.0	1	58249	n/a
28.4501953125	0.3	0.0	1	58266	n/a
28.45849609375	0.3	1.0	2	58283	n/a
28.466796875	0.3	0.0	1	58300	n/a
28.47509765625	0.3	1.0	2	58317	n/a
28.4833984375	0.3	0.0	1	58334	n/a
28.49169921875	0.3	1.0	2	58351	n/a
28.5	0.3	0.0	1	58368	n/a
28.50830078125	0.3	1.0	2	58385	n/a
28.5166015625	0.3	0.0	1	58402	n/a
28.525390625	0.3	1.0	2	58420	n/a
28.53369140625	0.3	1.0	2	58437	n/a
28.5419921875	0.3	0.0	1	58454	n/a
28.55029296875	0.3	0.0	1	58471	n/a
28.55859375	0.3	1.0	2	58488	n/a
28.56689453125	0.3	0.0	1	58505	n/a
28.5751953125	0.3	1.0	2	58522	n/a
28.58349609375	0.3	1.0	2	58539	n/a
28.591796875	0.3	0.0	1	58556	n/a
28.60009765625	0.3	0.0	1	58573	n/a
28.6083984375	0.3	1.0	2	58590	n/a
28.61669921875	0.3	0.0	1	58607	n/a
28.625	0.3	1.0	2	58624	n/a
28.63330078125	0.3	1.0	2	58641	n/a
28.6416015625	0.3	0.0	1	58658	n/a
28.650390625	0.3	0.0	1	58676	n/a
28.65869140625	0.3	1.0	2	58693	n/a
28.6669921875	0.3	0.0	1	58710	n/a
28.67529296875	0.3	1.0	2	58727	n/a
28.68359375	0.3	1.0	2	58744	n/a
28.69189453125	0.3	0.0	1	58761	n/a
28.7001953125	0.3	1.0	2	58778	n/a
28.70849609375	0.3	0.0	1	58795	n/a
28.716796875	0.3	0.0	1	58812	n/a
28.72509765625	0.3	1.0	2	58829	n/a
28.7333984375	0.3	1.0	2	58846	n/a
28.74169921875	0.3	0.0	1	58863	n/a
28.75	0.3	0.0	1	58880	n/a
28.75830078125	0.3	1.0	2	58897	n/a
28.7666015625	0.3	0.0	1	58914	n/a
28.775390625	0.3	1.0	2	58932	n/a
28.78369140625	0.3	0.0	1	58949	n/a
28.7919921875	0.3	1.0	2	58966	n/a
28.80029296875	0.3	1.0	2	58983	n/a
28.80859375	0.3	0.0	1	59000	n/a
28.81689453125	0.3	0.0	1	59017	n/a
28.8251953125	0.3	1.0	2	59034	n/a
28.83349609375	0.3	0.0	1	59051	n/a
28.841796875	0.3	1.0	2	59068	n/a
28.85009765625	0.3	1.0	2	59085	n/a
28.8583984375	0.3	0.0	1	59102	n/a
28.86669921875	0.3	0.0	1	59119	n/a
28.875	0.3	1.0	2	59136	n/a
28.88330078125	0.3	0.0	1	59153	n/a
28.8916015625	0.3	1.0	2	59170	n/a
28.900390625	0.3	0.0	1	59188	n/a
28.90869140625	0.3	1.0	2	59205	n/a
28.9169921875	0.3	0.0	1	59222	n/a
28.92529296875	0.3	1.0	2	59239	n/a
28.93359375	0.3	0.0	1	59256	n/a
28.94189453125	0.3	1.0	2	59273	n/a
28.9501953125	0.3	0.0	1	59290	n/a
28.95849609375	0.3	1.0	2	59307	n/a
28.966796875	0.3	1.0	2	59324	n/a
28.97509765625	0.3	0.0	1	59341	n/a
28.9833984375	0.3	1.0	2	59358	n/a
28.99169921875	0.3	0.0	1	59375	n/a
29.0	0.3	0.0	1	59392	n/a
29.00830078125	0.3	1.0	2	59409	n/a
29.0166015625	0.3	0.0	1	59426	n/a
29.025390625	0.3	1.0	2	59444	n/a
29.03369140625	0.3	0.0	1	59461	n/a
29.0419921875	0.3	1.0	2	59478	n/a
29.05029296875	0.3	0.0	1	59495	n/a
29.05859375	0.3	1.0	2	59512	n/a
29.06689453125	0.3	1.0	2	59529	n/a
29.0751953125	0.3	0.0	1	59546	n/a
29.08349609375	0.3	0.0	1	59563	n/a
29.091796875	0.3	1.0	2	59580	n/a
29.10009765625	0.3	1.0	2	59597	n/a
29.1083984375	0.3	0.0	1	59614	n/a
29.11669921875	0.3	1.0	2	59631	n/a
29.125	0.3	0.0	1	59648	n/a
29.13330078125	0.3	0.0	1	59665	n/a
29.1416015625	0.3	1.0	2	59682	n/a
29.150390625	0.3	0.0	1	59700	n/a
29.15869140625	0.3	1.0	2	59717	n/a
29.1669921875	0.3	1.0	2	59734	n/a
29.17529296875	0.3	0.0	1	59751	n/a
29.18359375	0.3	1.0	2	59768	n/a
29.19189453125	0.3	0.0	1	59785	n/a
29.2001953125	0.3	0.0	1	59802	n/a
29.20849609375	0.3	1.0	2	59819	n/a
29.216796875	0.3	1.0	2	59836	n/a
29.22509765625	0.3	0.0	1	59853	n/a
29.2333984375	0.3	0.0	1	59870	n/a
29.24169921875	0.3	1.0	2	59887	n/a
29.25	0.3	1.0	2	59904	n/a
29.25830078125	0.3	0.0	1	59921	n/a
29.2666015625	0.3	1.0	2	59938	n/a
29.275390625	0.3	0.0	1	59956	n/a
29.28369140625	0.3	0.0	1	59973	n/a
29.2919921875	0.3	1.0	2	59990	n/a
29.30029296875	0.3	1.0	2	60007	n/a
29.30859375	0.3	0.0	1	60024	n/a
29.31689453125	0.3	0.0	1	60041	n/a
29.3251953125	0.3	1.0	2	60058	n/a
29.33349609375	0.3	1.0	2	60075	n/a
29.341796875	0.3	0.0	1	60092	n/a
29.35009765625	0.3	1.0	2	60109	n/a
29.3583984375	0.3	0.0	1	60126	n/a
29.36669921875	0.3	1.0	2	60143	n/a
29.375	0.3	0.0	1	60160	n/a
29.38330078125	0.3	0.0	1	60177	n/a
29.3916015625	0.3	1.0	2	60194	n/a
29.400390625	0.3	0.0	1	60212	n/a
29.40869140625	0.3	1.0	2	60229	n/a
29.4169921875	0.3	0.0	1	60246	n/a
29.42529296875	0.3	1.0	2	60263	n/a
29.43359375	0.3	0.0	1	60280	n/a
29.44189453125	0.3	1.0	2	60297	n/a
29.4501953125	0.3	0.0	1	60314	n/a
29.45849609375	0.3	1.0	2	60331	n/a
29.466796875	0.3	0.0	1	60348	n/a
29.47509765625	0.3	1.0	2	60365	n/a
29.4833984375	0.3	1.0	2	60382	n/a
29.49169921875	0.3	0.0	1	60399	n/a
29.5	0.3	0.0	1	60416	n/a
29.50830078125	0.3	1.0	2	60433	n/a
29.5166015625	0.3	0.0	1	60450	n/a
29.525390625	0.3	1.0	2	60468	n/a
29.53369140625	0.3	0.0	1	60485	n/a
29.5419921875	0.3	1.0	2	60502	n/a
29.55029296875	0.3	0.0	1	60519	n/a
29.55859375	0.3	1.0	2	60536	n/a
29.56689453125	0.3	0.0	1	60553	n/a
29.5751953125	0.3	1.0	2	60570	n/a
29.58349609375	0.3	1.0	2	60587	n/a
29.591796875	0.3	0.0	1	60604	n/a
29.60009765625	0.3	0.0	1	60621	n/a
29.6083984375	0.3	1.0	2	60638	n/a
29.61669921875	0.3	0.0	1	60655	n/a
29.625	0.3	1.0	2	60672	n/a
29.63330078125	0.3	1.0	2	60689	n/a
29.6416015625	0.3	0.0	1	60706	n/a
29.650390625	0.3	0.0	1	60724	n/a
29.65869140625	0.3	1.0	2	60741	n/a
29.6669921875	0.3	0.0	1	60758	n/a
29.67529296875	0.3	1.0	2	60775	n/a
29.68359375	0.3	1.0	2	60792	n/a
29.69189453125	0.3	0.0	1	60809	n/a
29.7001953125	0.3	0.0	1	60826	n/a
29.70849609375	0.3	1.0	2	60843	n/a
29.716796875	0.3	0.0	1	60860	n/a
29.72509765625	0.3	1.0	2	60877	n/a
29.7333984375	0.3	1.0	2	60894	n/a
29.74169921875	0.3	0.0	1	60911	n/a
29.75	0.3	1.0	2	60928	n/a
29.75830078125	0.3	0.0	1	60945	n/a
29.7666015625	0.3	0.0	1	60962	n/a
29.775390625	0.3	1.0	2	60980	n/a
29.78369140625	0.3	1.0	2	60997	n/a
29.7919921875	0.3	0.0	1	61014	n/a
29.80029296875	0.3	0.0	1	61031	n/a
29.80859375	0.3	1.0	2	61048	n/a
29.81689453125	0.3	0.0	1	61065	n/a
29.8251953125	0.3	1.0	2	61082	n/a
29.83349609375	0.3	0.0	1	61099	n/a
29.841796875	0.3	1.0	2	61116	n/a
29.85009765625	0.3	1.0	2	61133	n/a
29.8583984375	0.3	0.0	1	61150	n/a
29.86669921875	0.3	0.0	1	61167	n/a
29.875	0.3	1.0	2	61184	n/a
29.88330078125	0.3	0.0	1	61201	n/a
29.8916015625	0.3	1.0	2	61218	n/a
29.900390625	0.3	1.0	2	61236	n/a
29.90869140625	0.3	0.0	1	61253	n/a
29.9169921875	0.3	0.0	1	61270	n/a
29.92529296875	0.3	1.0	2	61287	n/a
29.93359375	0.3	0.0	1	61304	n/a
29.94189453125	0.3	1.0	2	61321	n/a
29.9501953125	0.3	0.0	1	61338	n/a
29.95849609375	0.3	1.0	2	61355	n/a
29.966796875	0.3	0.0	1	61372	n/a
29.97509765625	0.3	1.0	2	61389	n/a
29.9833984375	0.3	0.0	1	61406	n/a
29.99169921875	0.3	1.0	2	61423	n/a
30.0	0.3	0.0	1	61440	n/a
30.00830078125	0.3	1.0	2	61457	n/a
30.0166015625	0.3	1.0	2	61474	n/a
30.025390625	0.3	0.0	1	61492	n/a
32.40771484375	0.3	1.0	2	66371	18.0
32.416015625	0.3	0.0	1	66388	n/a
32.42431640625	0.3	1.0	2	66405	n/a
32.4326171875	0.3	0.0	1	66422	n/a
32.44091796875	0.3	0.0	1	66439	n/a
32.44921875	0.3	1.0	2	66456	n/a
32.45751953125	0.3	1.0	2	66473	n/a
32.4658203125	0.3	0.0	1	66490	n/a
32.474609375	0.3	0.0	1	66508	n/a
32.48291015625	0.3	1.0	2	66525	n/a
32.4912109375	0.3	1.0	2	66542	n/a
32.49951171875	0.3	0.0	1	66559	n/a
32.5078125	0.3	0.0	1	66576	n/a
32.51611328125	0.3	1.0	2	66593	n/a
32.5244140625	0.3	0.0	1	66610	n/a
32.53271484375	0.3	1.0	2	66627	n/a
32.541015625	0.3	0.0	1	66644	n/a
32.54931640625	0.3	1.0	2	66661	n/a
32.5576171875	0.3	0.0	1	66678	n/a
32.56591796875	0.3	1.0	2	66695	n/a
32.57421875	0.3	0.0	1	66712	n/a
32.58251953125	0.3	1.0	2	66729	n/a
32.5908203125	0.3	0.0	1	66746	n/a
32.599609375	0.3	1.0	2	66764	n/a
32.60791015625	0.3	0.0	1	66781	n/a
32.6162109375	0.3	1.0	2	66798	n/a
32.62451171875	0.3	1.0	2	66815	n/a
32.6328125	0.3	0.0	1	66832	n/a
32.64111328125	0.3	0.0	1	66849	n/a
32.6494140625	0.3	1.0	2	66866	n/a
32.65771484375	0.3	0.0	1	66883	n/a
32.666015625	0.3	1.0	2	66900	n/a
32.67431640625	0.3	0.0	1	66917	n/a
32.6826171875	0.3	1.0	2	66934	n/a
32.69091796875	0.3	0.0	1	66951	n/a
32.69921875	0.3	1.0	2	66968	n/a
32.70751953125	0.3	1.0	2	66985	n/a
32.7158203125	0.3	0.0	1	67002	n/a
32.724609375	0.3	1.0	2	67020	n/a
32.73291015625	0.3	0.0	1	67037	n/a
32.7412109375	0.3	1.0	2	67054	n/a
32.74951171875	0.3	0.0	1	67071	n/a
32.7578125	0.3	1.0	2	67088	n/a
32.76611328125	0.3	0.0	1	67105	n/a
32.7744140625	0.3	0.0	1	67122	n/a
32.78271484375	0.3	1.0	2	67139	n/a
32.791015625	0.3	0.0	1	67156	n/a
32.79931640625	0.3	1.0	2	67173	n/a
32.8076171875	0.3	0.0	1	67190	n/a
32.81591796875	0.3	1.0	2	67207	n/a
32.82421875	0.3	1.0	2	67224	n/a
32.83251953125	0.3	0.0	1	67241	n/a
32.8408203125	0.3	0.0	1	67258	n/a
32.849609375	0.3	1.0	2	67276	n/a
32.85791015625	0.3	0.0	1	67293	n/a
32.8662109375	0.3	1.0	2	67310	n/a
32.87451171875	0.3	1.0	2	67327	n/a
32.8828125	0.3	0.0	1	67344	n/a
32.89111328125	0.3	1.0	2	67361	n/a
32.8994140625	0.3	0.0	1	67378	n/a
32.90771484375	0.3	1.0	2	67395	n/a
32.916015625	0.3	0.0	1	67412	n/a
32.92431640625	0.3	1.0	2	67429	n/a
32.9326171875	0.3	0.0	1	67446	n/a
32.94091796875	0.3	1.0	2	67463	n/a
32.94921875	0.3	0.0	1	67480	n/a
32.95751953125	0.3	0.0	1	67497	n/a
32.9658203125	0.3	1.0	2	67514	n/a
32.974609375	0.3	0.0	1	67532	n/a
32.98291015625	0.3	1.0	2	67549	n/a
32.9912109375	0.3	0.0	1	67566	n/a
32.99951171875	0.3	1.0	2	67583	n/a
33.0078125	0.3	0.0	1	67600	n/a
33.01611328125	0.3	1.0	2	67617	n/a
33.0244140625	0.3	0.0	1	67634	n/a
33.03271484375	0.3	1.0	2	67651	n/a
33.041015625	0.3	0.0	1	67668	n/a
33.04931640625	0.3	1.0	2	67685	n/a
33.0576171875	0.3	0.0	1	67702	n/a
33.06591796875	0.3	1.0	2	67719	n/a
33.07421875	0.3	0.0	1	67736	n/a
33.08251953125	0.3	1.0	2	67753	n/a
33.0908203125	0.3	0.0	1	67770	n/a
33.099609375	0.3	1.0	2	67788	n/a
33.10791015625	0.3	1.0	2	67805	n/a
33.1162109375	0.3	0.0	1	67822	n/a
33.12451171875	0.3	0.0	1	67839	n/a
33.1328125	0.3	1.0	2	67856	n/a
33.14111328125	0.3	1.0	2	67873	n/a
33.1494140625	0.3	0.0	1	67890	n/a
33.15771484375	0.3	0.0	1	67907	n/a
33.166015625	0.3	1.0	2	67924	n/a
33.17431640625	0.3	0.0	1	67941	n/a
33.1826171875	0.3	1.0	2	67958	n/a
33.19091796875	0.3	0.0	1	67975	n/a
33.19921875	0.3	1.0	2	67992	n/a
33.20751953125	0.3	1.0	2	68009	n/a
33.2158203125	0.3	0.0	1	68026	n/a
33.224609375	0.3	0.0	1	68044	n/a
33.23291015625	0.3	1.0	2	68061	n/a
33.2412109375	0.3	0.0	1	68078	n/a
33.24951171875	0.3	1.0	2	68095	n/a
33.2578125	0.3	0.0	1	68112	n/a
33.26611328125	0.3	1.0	2	68129	n/a
33.2744140625	0.3	0.0	1	68146	n/a
33.28271484375	0.3	1.0	2	68163	n/a
33.291015625	0.3	0.0	1	68180	n/a
33.29931640625	0.3	1.0	2	68197	n/a
33.3076171875	0.3	1.0	2	68214	n/a
33.31591796875	0.3	0.0	1	68231	n/a
33.32421875	0.3	0.0	1	68248	n/a
33.33251953125	0.3	1.0	2	68265	n/a
33.3408203125	0.3	1.0	2	68282	n/a
33.349609375	0.3	0.0	1	68300	n/a
33.35791015625	0.3	1.0	2	68317	n/a
33.3662109375	0.3	0.0	1	68334	n/a
33.37451171875	0.3	1.0	2	68351	n/a
33.3828125	0.3	0.0	1	68368	n/a
33.39111328125	0.3	1.0	2	68385	n/a
33.3994140625	0.3	0.0	1	68402	n/a
33.40771484375	0.3	0.0	1	68419	n/a
33.416015625	0.3	1.0	2	68436	n/a
33.42431640625	0.3	0.0	1	68453	n/a
33.4326171875	0.3	1.0	2	68470	n/a
33.44091796875	0.3	0.0	1	68487	n/a
33.44921875	0.3	1.0	2	68504	n/a
33.45751953125	0.3	1.0	2	68521	n/a
33.4658203125	0.3	0.0	1	68538	n/a
33.474609375	0.3	1.0	2	68556	n/a
33.48291015625	0.3	0.0	1	68573	n/a
33.4912109375	0.3	0.0	1	68590	n/a
33.49951171875	0.3	1.0	2	68607	n/a
33.5078125	0.3	1.0	2	68624	n/a
33.51611328125	0.3	0.0	1	68641	n/a
33.5244140625	0.3	0.0	1	68658	n/a
33.53271484375	0.3	1.0	2	68675	n/a
33.541015625	0.3	1.0	2	68692	n/a
33.54931640625	0.3	0.0	1	68709	n/a
33.5576171875	0.3	0.0	1	68726	n/a
33.56591796875	0.3	1.0	2	68743	n/a
33.57421875	0.3	0.0	1	68760	n/a
33.58251953125	0.3	1.0	2	68777	n/a
33.5908203125	0.3	0.0	1	68794	n/a
33.599609375	0.3	1.0	2	68812	n/a
33.60791015625	0.3	0.0	1	68829	n/a
33.6162109375	0.3	1.0	2	68846	n/a
33.62451171875	0.3	0.0	1	68863	n/a
33.6328125	0.3	1.0	2	68880	n/a
33.64111328125	0.3	0.0	1	68897	n/a
33.6494140625	0.3	1.0	2	68914	n/a
33.65771484375	0.3	0.0	1	68931	n/a
33.666015625	0.3	1.0	2	68948	n/a
33.67431640625	0.3	1.0	2	68965	n/a
33.6826171875	0.3	0.0	1	68982	n/a
33.69091796875	0.3	0.0	1	68999	n/a
33.69921875	0.3	1.0	2	69016	n/a
33.70751953125	0.3	0.0	1	69033	n/a
33.7158203125	0.3	1.0	2	69050	n/a
33.724609375	0.3	0.0	1	69068	n/a
33.73291015625	0.3	1.0	2	69085	n/a
33.7412109375	0.3	0.0	1	69102	n/a
33.74951171875	0.3	1.0	2	69119	n/a
33.7578125	0.3	1.0	2	69136	n/a
33.76611328125	0.3	0.0	1	69153	n/a
33.7744140625	0.3	1.0	2	69170	n/a
33.78271484375	0.3	0.0	1	69187	n/a
33.791015625	0.3	1.0	2	69204	n/a
33.79931640625	0.3	0.0	1	69221	n/a
33.8076171875	0.3	1.0	2	69238	n/a
33.81591796875	0.3	0.0	1	69255	n/a
33.82421875	0.3	0.0	1	69272	n/a
33.83251953125	0.3	1.0	2	69289	n/a
33.8408203125	0.3	0.0	1	69306	n/a
33.849609375	0.3	1.0	2	69324	n/a
33.85791015625	0.3	0.0	1	69341	n/a
33.8662109375	0.3	1.0	2	69358	n/a
33.87451171875	0.3	1.0	2	69375	n/a
33.8828125	0.3	0.0	1	69392	n/a
33.89111328125	0.3	0.0	1	69409	n/a
33.8994140625	0.3	1.0	2	69426	n/a
33.90771484375	0.3	0.0	1	69443	n/a
33.916015625	0.3	1.0	2	69460	n/a
33.92431640625	0.3	1.0	2	69477	n/a
33.9326171875	0.3	0.0	1	69494	n/a
33.94091796875	0.3	1.0	2	69511	n/a
33.94921875	0.3	0.0	1	69528	n/a
33.95751953125	0.3	1.0	2	69545	n/a
33.9658203125	0.3	0.0	1	69562	n/a
33.974609375	0.3	1.0	2	69580	n/a
33.98291015625	0.3	0.0	1	69597	n/a
33.9912109375	0.3	1.0	2	69614	n/a
33.99951171875	0.3	0.0	1	69631	n/a
34.0078125	0.3	0.0	1	69648	n/a
34.01611328125	0.3	1.0	2	69665	n/a
34.0244140625	0.3	0.0	1	69682	n/a
34.03271484375	0.3	1.0	2	69699	n/a
34.041015625	0.3	0.0	1	69716	n/a
34.04931640625	0.3	1.0	2	69733	n/a
34.0576171875	0.3	0.0	1	69750	n/a
34.06591796875	0.3	1.0	2	69767	n/a
34.07421875	0.3	0.0	1	69784	n/a
34.08251953125	0.3	1.0	2	69801	n/a
34.0908203125	0.3	0.0	1	69818	n/a
34.099609375	0.3	1.0	2	69836	n/a
34.10791015625	0.3	0.0	1	69853	n/a
34.1162109375	0.3	1.0	2	69870	n/a
34.12451171875	0.3	0.0	1	69887	n/a
34.1328125	0.3	1.0	2	69904	n/a
34.14111328125	0.3	0.0	1	69921	n/a
34.1494140625	0.3	1.0	2	69938	n/a
34.15771484375	0.3	1.0	2	69955	n/a
34.166015625	0.3	0.0	1	69972	n/a
34.17431640625	0.3	0.0	1	69989	n/a
34.1826171875	0.3	1.0	2	70006	n/a
34.19091796875	0.3	1.0	2	70023	n/a
34.19921875	0.3	0.0	1	70040	n/a
34.20751953125	0.3	0.0	1	70057	n/a
34.2158203125	0.3	1.0	2	70074	n/a
34.224609375	0.3	0.0	1	70092	n/a
34.23291015625	0.3	1.0	2	70109	n/a
34.2412109375	0.3	0.0	1	70126	n/a
34.24951171875	0.3	1.0	2	70143	n/a
34.2578125	0.3	1.0	2	70160	n/a
34.26611328125	0.3	0.0	1	70177	n/a
34.2744140625	0.3	0.0	1	70194	n/a
34.28271484375	0.3	1.0	2	70211	n/a
34.291015625	0.3	0.0	1	70228	n/a
34.29931640625	0.3	1.0	2	70245	n/a
34.3076171875	0.3	0.0	1	70262	n/a
34.31591796875	0.3	1.0	2	70279	n/a
34.32421875	0.3	0.0	1	70296	n/a
34.33251953125	0.3	1.0	2	70313	n/a
34.3408203125	0.3	0.0	1	70330	n/a
34.349609375	0.3	1.0	2	70348	n/a
34.35791015625	0.3	1.0	2	70365	n/a
34.3662109375	0.3	0.0	1	70382	n/a
34.37451171875	0.3	0.0	1	70399	n/a
34.3828125	0.3	1.0	2	70416	n/a
34.39111328125	0.3	1.0	2	70433	n/a
34.3994140625	0.3	0.0	1	70450	n/a
34.40771484375	0.3	1.0	2	70467	n/a
34.416015625	0.3	0.0	1	70484	n/a
34.42431640625	0.3	1.0	2	70501	n/a
34.4326171875	0.3	0.0	1	70518	n/a
34.44091796875	0.3	1.0	2	70535	n/a
34.44921875	0.3	0.0	1	70552	n/a
34.45751953125	0.3	0.0	1	70569	n/a
34.4658203125	0.3	1.0	2	70586	n/a
34.474609375	0.3	0.0	1	70604	n/a
34.48291015625	0.3	1.0	2	70621	n/a
34.4912109375	0.3	0.0	1	70638	n/a
34.49951171875	0.3	1.0	2	70655	n/a
34.5078125	0.3	1.0	2	70672	n/a
34.51611328125	0.3	0.0	1	70689	n/a
34.5244140625	0.3	1.0	2	70706	n/a
34.53271484375	0.3	0.0	1	70723	n/a
34.541015625	0.3	0.0	1	70740	n/a
34.54931640625	0.3	1.0	2	70757	n/a
34.5576171875	0.3	1.0	2	70774	n/a
34.56591796875	0.3	0.0	1	70791	n/a
34.57421875	0.3	0.0	1	70808	n/a
34.58251953125	0.3	1.0	2	70825	n/a
34.5908203125	0.3	1.0	2	70842	n/a
34.599609375	0.3	0.0	1	70860	n/a
34.60791015625	0.3	0.0	1	70877	n/a
34.6162109375	0.3	1.0	2	70894	n/a
34.62451171875	0.3	0.0	1	70911	n/a
34.6328125	0.3	1.0	2	70928	n/a
34.64111328125	0.3	0.0	1	70945	n/a
34.6494140625	0.3	1.0	2	70962	n/a
34.65771484375	0.3	0.0	1	70979	n/a
34.666015625	0.3	1.0	2	70996	n/a
34.67431640625	0.3	0.0	1	71013	n/a
34.6826171875	0.3	1.0	2	71030	n/a
34.69091796875	0.3	0.0	1	71047	n/a
34.69921875	0.3	1.0	2	71064	n/a
34.70751953125	0.3	0.0	1	71081	n/a
34.7158203125	0.3	1.0	2	71098	n/a
34.724609375	0.3	1.0	2	71116	n/a
34.73291015625	0.3	0.0	1	71133	n/a
34.7412109375	0.3	0.0	1	71150	n/a
34.74951171875	0.3	1.0	2	71167	n/a
34.7578125	0.3	0.0	1	71184	n/a
34.76611328125	0.3	1.0	2	71201	n/a
34.7744140625	0.3	0.0	1	71218	n/a
34.78271484375	0.3	1.0	2	71235	n/a
34.791015625	0.3	0.0	1	71252	n/a
34.79931640625	0.3	1.0	2	71269	n/a
34.8076171875	0.3	1.0	2	71286	n/a
34.81591796875	0.3	0.0	1	71303	n/a
34.82421875	0.3	1.0	2	71320	n/a
34.83251953125	0.3	0.0	1	71337	n/a
34.8408203125	0.3	1.0	2	71354	n/a
34.849609375	0.3	0.0	1	71372	n/a
34.85791015625	0.3	1.0	2	71389	n/a
34.8662109375	0.3	0.0	1	71406	n/a
34.87451171875	0.3	0.0	1	71423	n/a
34.8828125	0.3	1.0	2	71440	n/a
34.89111328125	0.3	0.0	1	71457	n/a
34.8994140625	0.3	1.0	2	71474	n/a
34.90771484375	0.3	0.0	1	71491	n/a
34.916015625	0.3	1.0	2	71508	n/a
34.92431640625	0.3	1.0	2	71525	n/a
34.9326171875	0.3	0.0	1	71542	n/a
34.94091796875	0.3	0.0	1	71559	n/a
34.94921875	0.3	1.0	2	71576	n/a
34.95751953125	0.3	0.0	1	71593	n/a
34.9658203125	0.3	1.0	2	71610	n/a
34.974609375	0.3	1.0	2	71628	n/a
34.98291015625	0.3	0.0	1	71645	n/a
34.9912109375	0.3	1.0	2	71662	n/a
34.99951171875	0.3	0.0	1	71679	n/a
35.0078125	0.3	1.0	2	71696	n/a
35.01611328125	0.3	0.0	1	71713	n/a
35.0244140625	0.3	1.0	2	71730	n/a
35.03271484375	0.3	0.0	1	71747	n/a
35.041015625	0.3	1.0	2	71764	n/a
35.04931640625	0.3	0.0	1	71781	n/a
35.0576171875	0.3	0.0	1	71798	n/a
35.06591796875	0.3	1.0	2	71815	n/a
35.07421875	0.3	0.0	1	71832	n/a
35.08251953125	0.3	1.0	2	71849	n/a
35.0908203125	0.3	0.0	1	71866	n/a
35.099609375	0.3	1.0	2	71884	n/a
35.10791015625	0.3	0.0	1	71901	n/a
35.1162109375	0.3	1.0	2	71918	n/a
35.12451171875	0.3	0.0	1	71935	n/a
35.1328125	0.3	1.0	2	71952	n/a
35.14111328125	0.3	0.0	1	71969	n/a
35.1494140625	0.3	1.0	2	71986	n/a
35.15771484375	0.3	0.0	1	72003	n/a
35.166015625	0.3	1.0	2	72020	n/a
35.17431640625	0.3	0.0	1	72037	n/a
35.1826171875	0.3	1.0	2	72054	n/a
35.19091796875	0.3	0.0	1	72071	n/a
35.19921875	0.3	1.0	2	72088	n/a
35.20751953125	0.3	1.0	2	72105	n/a
35.2158203125	0.3	0.0	1	72122	n/a
35.224609375	0.3	0.0	1	72140	n/a
35.23291015625	0.3	1.0	2	72157	n/a
35.2412109375	0.3	1.0	2	72174	n/a
35.24951171875	0.3	0.0	1	72191	n/a
35.2578125	0.3	0.0	1	72208	n/a
35.26611328125	0.3	1.0	2	72225	n/a
35.2744140625	0.3	0.0	1	72242	n/a
35.28271484375	0.3	1.0	2	72259	n/a
35.291015625	0.3	0.0	1	72276	n/a
35.29931640625	0.3	1.0	2	72293	n/a
35.3076171875	0.3	1.0	2	72310	n/a
35.31591796875	0.3	0.0	1	72327	n/a
35.32421875	0.3	0.0	1	72344	n/a
35.33251953125	0.3	1.0	2	72361	n/a
35.3408203125	0.3	0.0	1	72378	n/a
35.349609375	0.3	1.0	2	72396	n/a
35.35791015625	0.3	0.0	1	72413	n/a
35.3662109375	0.3	1.0	2	72430	n/a
35.37451171875	0.3	0.0	1	72447	n/a
35.3828125	0.3	1.0	2	72464	n/a
35.39111328125	0.3	0.0	1	72481	n/a
35.3994140625	0.3	1.0	2	72498	n/a
35.40771484375	0.3	1.0	2	72515	n/a
35.416015625	0.3	0.0	1	72532	n/a
35.42431640625	0.3	0.0	1	72549	n/a
35.4326171875	0.3	1.0	2	72566	n/a
35.44091796875	0.3	1.0	2	72583	n/a
35.44921875	0.3	0.0	1	72600	n/a
35.45751953125	0.3	1.0	2	72617	n/a
35.4658203125	0.3	0.0	1	72634	n/a
35.474609375	0.3	1.0	2	72652	n/a
35.48291015625	0.3	0.0	1	72669	n/a
35.4912109375	0.3	1.0	2	72686	n/a
35.49951171875	0.3	0.0	1	72703	n/a
35.5078125	0.3	0.0	1	72720	n/a
35.51611328125	0.3	1.0	2	72737	n/a
35.5244140625	0.3	0.0	1	72754	n/a
35.53271484375	0.3	1.0	2	72771	n/a
35.541015625	0.3	0.0	1	72788	n/a
35.54931640625	0.3	1.0	2	72805	n/a
35.5576171875	0.3	1.0	2	72822	n/a
35.56591796875	0.3	0.0	1	72839	n/a
35.57421875	0.3	1.0	2	72856	n/a
35.58251953125	0.3	0.0	1	72873	n/a
35.5908203125	0.3	0.0	1	72890	n/a
35.599609375	0.3	1.0	2	72908	n/a
35.60791015625	0.3	1.0	2	72925	n/a
35.6162109375	0.3	0.0	1	72942	n/a
35.62451171875	0.3	0.0	1	72959	n/a
35.6328125	0.3	1.0	2	72976	n/a
35.64111328125	0.3	1.0	2	72993	n/a
35.6494140625	0.3	0.0	1	73010	n/a
35.65771484375	0.3	0.0	1	73027	n/a
35.666015625	0.3	1.0	2	73044	n/a
35.67431640625	0.3	0.0	1	73061	n/a
35.6826171875	0.3	1.0	2	73078	n/a
35.69091796875	0.3	0.0	1	73095	n/a
35.69921875	0.3	1.0	2	73112	n/a
35.70751953125	0.3	0.0	1	73129	n/a
35.7158203125	0.3	1.0	2	73146	n/a
35.724609375	0.3	0.0	1	73164	n/a
35.73291015625	0.3	1.0	2	73181	n/a
35.7412109375	0.3	0.0	1	73198	n/a
35.74951171875	0.3	1.0	2	73215	n/a
35.7578125	0.3	0.0	1	73232	n/a
35.76611328125	0.3	1.0	2	73249	n/a
35.7744140625	0.3	1.0	2	73266	n/a
35.78271484375	0.3	0.0	1	73283	n/a
35.791015625	0.3	0.0	1	73300	n/a
35.79931640625	0.3	1.0	2	73317	n/a
35.8076171875	0.3	0.0	1	73334	n/a
35.81591796875	0.3	1.0	2	73351	n/a
35.82421875	0.3	0.0	1	73368	n/a
35.83251953125	0.3	1.0	2	73385	n/a
35.8408203125	0.3	0.0	1	73402	n/a
35.849609375	0.3	1.0	2	73420	n/a
35.85791015625	0.3	1.0	2	73437	n/a
35.8662109375	0.3	0.0	1	73454	n/a
35.87451171875	0.3	1.0	2	73471	n/a
35.8828125	0.3	0.0	1	73488	n/a
35.89111328125	0.3	1.0	2	73505	n/a
35.8994140625	0.3	0.0	1	73522	n/a
35.90771484375	0.3	1.0	2	73539	n/a
35.916015625	0.3	0.0	1	73556	n/a
35.92431640625	0.3	0.0	1	73573	n/a
35.9326171875	0.3	1.0	2	73590	n/a
35.94091796875	0.3	0.0	1	73607	n/a
35.94921875	0.3	1.0	2	73624	n/a
35.95751953125	0.3	0.0	1	73641	n/a
35.9658203125	0.3	1.0	2	73658	n/a
35.974609375	0.3	1.0	2	73676	n/a
35.98291015625	0.3	0.0	1	73693	n/a
35.9912109375	0.3	0.0	1	73710	n/a
35.99951171875	0.3	1.0	2	73727	n/a
36.0078125	0.3	0.0	1	73744	n/a
36.01611328125	0.3	1.0	2	73761	n/a
36.0244140625	0.3	1.0	2	73778	n/a
36.03271484375	0.3	0.0	1	73795	n/a
36.041015625	0.3	1.0	2	73812	n/a
36.04931640625	0.3	0.0	1	73829	n/a
36.0576171875	0.3	1.0	2	73846	n/a
36.06591796875	0.3	0.0	1	73863	n/a
36.07421875	0.3	1.0	2	73880	n/a
36.08251953125	0.3	0.0	1	73897	n/a
36.0908203125	0.3	1.0	2	73914	n/a
36.099609375	0.3	0.0	1	73932	n/a
36.10791015625	0.3	0.0	1	73949	n/a
36.1162109375	0.3	1.0	2	73966	n/a
36.12451171875	0.3	0.0	1	73983	n/a
36.1328125	0.3	1.0	2	74000	n/a
36.14111328125	0.3	0.0	1	74017	n/a
36.1494140625	0.3	1.0	2	74034	n/a
36.15771484375	0.3	0.0	1	74051	n/a
36.166015625	0.3	1.0	2	74068	n/a
36.17431640625	0.3	0.0	1	74085	n/a
36.1826171875	0.3	1.0	2	74102	n/a
36.19091796875	0.3	0.0	1	74119	n/a
36.19921875	0.3	1.0	2	74136	n/a
36.20751953125	0.3	0.0	1	74153	n/a
36.2158203125	0.3	1.0	2	74170	n/a
36.224609375	0.3	0.0	1	74188	n/a
36.23291015625	0.3	1.0	2	74205	n/a
36.2412109375	0.3	0.0	1	74222	n/a
36.24951171875	0.3	1.0	2	74239	n/a
36.2578125	0.3	1.0	2	74256	n/a
36.26611328125	0.3	0.0	1	74273	n/a
36.2744140625	0.3	0.0	1	74290	n/a
36.28271484375	0.3	1.0	2	74307	n/a
36.291015625	0.3	1.0	2	74324	n/a
36.29931640625	0.3	0.0	1	74341	n/a
36.3076171875	0.3	0.0	1	74358	n/a
36.31591796875	0.3	1.0	2	74375	n/a
36.32421875	0.3	0.0	1	74392	n/a
36.33251953125	0.3	1.0	2	74409	n/a
36.3408203125	0.3	0.0	1	74426	n/a
36.349609375	0.3	1.0	2	74444	n/a
36.35791015625	0.3	1.0	2	74461	n/a
36.3662109375	0.3	0.0	1	74478	n/a
36.37451171875	0.3	0.0	1	74495	n/a
36.3828125	0.3	1.0	2	74512	n/a
36.39111328125	0.3	0.0	1	74529	n/a
36.3994140625	0.3	1.0	2	74546	n/a
36.40771484375	0.3	0.0	1	74563	n/a
36.416015625	0.3	1.0	2	74580	n/a
36.42431640625	0.3	0.0	1	74597	n/a
36.4326171875	0.3	1.0	2	74614	n/a
36.44091796875	0.3	0.0	1	74631	n/a
36.44921875	0.3	1.0	2	74648	n/a
36.45751953125	0.3	1.0	2	74665	n/a
36.4658203125	0.3	0.0	1	74682	n/a
36.474609375	0.3	0.0	1	74700	n/a
36.48291015625	0.3	1.0	2	74717	n/a
36.4912109375	0.3	1.0	2	74734	n/a
36.49951171875	0.3	0.0	1	74751	n/a
36.5078125	0.3	1.0	2	74768	n/a
36.51611328125	0.3	0.0	1	74785	n/a
36.5244140625	0.3	1.0	2	74802	n/a
36.53271484375	0.3	0.0	1	74819	n/a
36.541015625	0.3	1.0	2	74836	n/a
36.54931640625	0.3	0.0	1	74853	n/a
36.5576171875	0.3	0.0	1	74870	n/a
36.56591796875	0.3	1.0	2	74887	n/a
36.57421875	0.3	0.0	1	74904	n/a
36.58251953125	0.3	1.0	2	74921	n/a
36.5908203125	0.3	0.0	1	74938	n/a
36.599609375	0.3	1.0	2	74956	n/a
38.97509765625	0.3	1.0	2	79821	30.0
38.9833984375	0.3	0.0	1	79838	n/a
38.99169921875	0.3	1.0	2	79855	n/a
39.0	0.3	0.0	1	79872	n/a
39.00830078125	0.3	1.0	2	79889	n/a
39.0166015625	0.3	0.0	1	79906	n/a
39.02490234375	0.3	0.0	1	79923	n/a
39.033203125	0.3	1.0	2	79940	n/a
39.0419921875	0.3	0.0	1	79958	n/a
39.05029296875	0.3	1.0	2	79975	n/a
39.05859375	0.3	1.0	2	79992	n/a
39.06689453125	0.3	0.0	1	80009	n/a
39.0751953125	0.3	1.0	2	80026	n/a
39.08349609375	0.3	0.0	1	80043	n/a
39.091796875	0.3	1.0	2	80060	n/a
39.10009765625	0.3	0.0	1	80077	n/a
39.1083984375	0.3	1.0	2	80094	n/a
39.11669921875	0.3	0.0	1	80111	n/a
39.125	0.3	1.0	2	80128	n/a
39.13330078125	0.3	0.0	1	80145	n/a
39.1416015625	0.3	0.0	1	80162	n/a
39.14990234375	0.3	1.0	2	80179	n/a
39.158203125	0.3	1.0	2	80196	n/a
39.1669921875	0.3	0.0	1	80214	n/a
39.17529296875	0.3	1.0	2	80231	n/a
39.18359375	0.3	0.0	1	80248	n/a
39.19189453125	0.3	0.0	1	80265	n/a
39.2001953125	0.3	1.0	2	80282	n/a
39.20849609375	0.3	0.0	1	80299	n/a
39.216796875	0.3	1.0	2	80316	n/a
39.22509765625	0.3	1.0	2	80333	n/a
39.2333984375	0.3	0.0	1	80350	n/a
39.24169921875	0.3	0.0	1	80367	n/a
39.25	0.3	1.0	2	80384	n/a
39.25830078125	0.3	1.0	2	80401	n/a
39.2666015625	0.3	0.0	1	80418	n/a
39.27490234375	0.3	0.0	1	80435	n/a
39.283203125	0.3	1.0	2	80452	n/a
39.2919921875	0.3	1.0	2	80470	n/a
39.30029296875	0.3	0.0	1	80487	n/a
39.30859375	0.3	0.0	1	80504	n/a
39.31689453125	0.3	1.0	2	80521	n/a
39.3251953125	0.3	1.0	2	80538	n/a
39.33349609375	0.3	0.0	1	80555	n/a
39.341796875	0.3	0.0	1	80572	n/a
39.35009765625	0.3	1.0	2	80589	n/a
39.3583984375	0.3	1.0	2	80606	n/a
39.36669921875	0.3	0.0	1	80623	n/a
39.375	0.3	1.0	2	80640	n/a
39.38330078125	0.3	0.0	1	80657	n/a
39.3916015625	0.3	1.0	2	80674	n/a
39.39990234375	0.3	0.0	1	80691	n/a
39.408203125	0.3	1.0	2	80708	n/a
39.4169921875	0.3	0.0	1	80726	n/a
39.42529296875	0.3	1.0	2	80743	n/a
39.43359375	0.3	0.0	1	80760	n/a
39.44189453125	0.3	1.0	2	80777	n/a
39.4501953125	0.3	0.0	1	80794	n/a
39.45849609375	0.3	1.0	2	80811	n/a
39.466796875	0.3	0.0	1	80828	n/a
39.47509765625	0.3	1.0	2	80845	n/a
39.4833984375	0.3	0.0	1	80862	n/a
39.49169921875	0.3	0.0	1	80879	n/a
39.5	0.3	1.0	2	80896	n/a
39.50830078125	0.3	1.0	2	80913	n/a
39.5166015625	0.3	0.0	1	80930	n/a
39.52490234375	0.3	0.0	1	80947	n/a
39.533203125	0.3	1.0	2	80964	n/a
39.5419921875	0.3	1.0	2	80982	n/a
39.55029296875	0.3	0.0	1	80999	n/a
39.55859375	0.3	0.0	1	81016	n/a
39.56689453125	0.3	1.0	2	81033	n/a
39.5751953125	0.3	0.0	1	81050	n/a
39.58349609375	0.3	1.0	2	81067	n/a
39.591796875	0.3	0.0	1	81084	n/a
39.60009765625	0.3	1.0	2	81101	n/a
39.6083984375	0.3	0.0	1	81118	n/a
39.61669921875	0.3	1.0	2	81135	n/a
39.625	0.3	1.0	2	81152	n/a
39.63330078125	0.3	0.0	1	81169	n/a
39.6416015625	0.3	1.0	2	81186	n/a
39.64990234375	0.3	0.0	1	81203	n/a
39.658203125	0.3	1.0	2	81220	n/a
39.6669921875	0.3	0.0	1	81238	n/a
39.67529296875	0.3	1.0	2	81255	n/a
39.68359375	0.3	0.0	1	81272	n/a
39.69189453125	0.3	0.0	1	81289	n/a
39.7001953125	0.3	1.0	2	81306	n/a
39.70849609375	0.3	1.0	2	81323	n/a
39.716796875	0.3	0.0	1	81340	n/a
39.72509765625	0.3	0.0	1	81357	n/a
39.7333984375	0.3	1.0	2	81374	n/a
39.74169921875	0.3	0.0	1	81391	n/a
39.75	0.3	1.0	2	81408	n/a
39.75830078125	0.3	1.0	2	81425	n/a
39.7666015625	0.3	0.0	1	81442	n/a
39.77490234375	0.3	1.0	2	81459	n/a
39.783203125	0.3	0.0	1	81476	n/a
39.7919921875	0.3	1.0	2	81494	n/a
39.80029296875	0.3	0.0	1	81511	n/a
39.80859375	0.3	1.0	2	81528	n/a
39.81689453125	0.3	0.0	1	81545	n/a
39.8251953125	0.3	1.0	2	81562	n/a
39.83349609375	0.3	0.0	1	81579	n/a
39.841796875	0.3	1.0	2	81596	n/a
39.85009765625	0.3	0.0	1	81613	n/a
39.8583984375	0.3	1.0	2	81630	n/a
39.86669921875	0.3	0.0	1	81647	n/a
39.875	0.3	0.0	1	81664	n/a
39.88330078125	0.3	1.0	2	81681	n/a
39.8916015625	0.3	0.0	1	81698	n/a
39.89990234375	0.3	1.0	2	81715	n/a
39.908203125	0.3	1.0	2	81732	n/a
39.9169921875	0.3	0.0	1	81750	n/a
39.92529296875	0.3	0.0	1	81767	n/a
39.93359375	0.3	1.0	2	81784	n/a
39.94189453125	0.3	1.0	2	81801	n/a
39.9501953125	0.3	0.0	1	81818	n/a
39.95849609375	0.3	0.0	1	81835	n/a
39.966796875	0.3	1.0	2	81852	n/a
39.97509765625	0.3	0.0	1	81869	n/a
39.9833984375	0.3	1.0	2	81886	n/a
39.99169921875	0.3	1.0	2	81903	n/a
40.0	0.3	0.0	1	81920	n/a
40.00830078125	0.3	0.0	1	81937	n/a
40.0166015625	0.3	1.0	2	81954	n/a
40.02490234375	0.3	1.0	2	81971	n/a
40.033203125	0.3	0.0	1	81988	n/a
40.0419921875	0.3	1.0	2	82006	n/a
40.05029296875	0.3	0.0	1	82023	n/a
40.05859375	0.3	1.0	2	82040	n/a
40.06689453125	0.3	0.0	1	82057	n/a
40.0751953125	0.3	0.0	1	82074	n/a
40.08349609375	0.3	1.0	2	82091	n/a
40.091796875	0.3	0.0	1	82108	n/a
40.10009765625	0.3	1.0	2	82125	n/a
40.1083984375	0.3	1.0	2	82142	n/a
40.11669921875	0.3	0.0	1	82159	n/a
40.125	0.3	1.0	2	82176	n/a
40.13330078125	0.3	0.0	1	82193	n/a
40.1416015625	0.3	1.0	2	82210	n/a
40.14990234375	0.3	0.0	1	82227	n/a
40.158203125	0.3	1.0	2	82244	n/a
40.1669921875	0.3	0.0	1	82262	n/a
40.17529296875	0.3	1.0	2	82279	n/a
40.18359375	0.3	0.0	1	82296	n/a
40.19189453125	0.3	0.0	1	82313	n/a
40.2001953125	0.3	1.0	2	82330	n/a
40.20849609375	0.3	1.0	2	82347	n/a
40.216796875	0.3	0.0	1	82364	n/a
40.22509765625	0.3	1.0	2	82381	n/a
40.2333984375	0.3	0.0	1	82398	n/a
40.24169921875	0.3	0.0	1	82415	n/a
40.25	0.3	1.0	2	82432	n/a
40.25830078125	0.3	0.0	1	82449	n/a
40.2666015625	0.3	1.0	2	82466	n/a
40.27490234375	0.3	1.0	2	82483	n/a
40.283203125	0.3	0.0	1	82500	n/a
40.2919921875	0.3	0.0	1	82518	n/a
40.30029296875	0.3	1.0	2	82535	n/a
40.30859375	0.3	1.0	2	82552	n/a
40.31689453125	0.3	0.0	1	82569	n/a
40.3251953125	0.3	0.0	1	82586	n/a
40.33349609375	0.3	1.0	2	82603	n/a
40.341796875	0.3	1.0	2	82620	n/a
40.35009765625	0.3	0.0	1	82637	n/a
40.3583984375	0.3	0.0	1	82654	n/a
40.36669921875	0.3	1.0	2	82671	n/a
40.375	0.3	1.0	2	82688	n/a
40.38330078125	0.3	0.0	1	82705	n/a
40.3916015625	0.3	0.0	1	82722	n/a
40.39990234375	0.3	1.0	2	82739	n/a
40.408203125	0.3	1.0	2	82756	n/a
40.4169921875	0.3	0.0	1	82774	n/a
40.42529296875	0.3	1.0	2	82791	n/a
40.43359375	0.3	0.0	1	82808	n/a
40.44189453125	0.3	1.0	2	82825	n/a
40.4501953125	0.3	0.0	1	82842	n/a
40.45849609375	0.3	1.0	2	82859	n/a
40.466796875	0.3	0.0	1	82876	n/a
40.47509765625	0.3	1.0	2	82893	n/a
40.4833984375	0.3	0.0	1	82910	n/a
40.49169921875	0.3	1.0	2	82927	n/a
40.5	0.3	0.0	1	82944	n/a
40.50830078125	0.3	1.0	2	82961	n/a
40.5166015625	0.3	0.0	1	82978	n/a
40.52490234375	0.3	1.0	2	82995	n/a
40.533203125	0.3	0.0	1	83012	n/a
40.5419921875	0.3	0.0	1	83030	n/a
40.55029296875	0.3	1.0	2	83047	n/a
40.55859375	0.3	1.0	2	83064	n/a
40.56689453125	0.3	0.0	1	83081	n/a
40.5751953125	0.3	0.0	1	83098	n/a
40.58349609375	0.3	1.0	2	83115	n/a
40.591796875	0.3	1.0	2	83132	n/a
40.60009765625	0.3	0.0	1	83149	n/a
40.6083984375	0.3	0.0	1	83166	n/a
40.61669921875	0.3	1.0	2	83183	n/a
40.625	0.3	0.0	1	83200	n/a
40.63330078125	0.3	1.0	2	83217	n/a
40.6416015625	0.3	0.0	1	83234	n/a
40.64990234375	0.3	1.0	2	83251	n/a
40.658203125	0.3	0.0	1	83268	n/a
40.6669921875	0.3	1.0	2	83286	n/a
40.67529296875	0.3	1.0	2	83303	n/a
40.68359375	0.3	0.0	1	83320	n/a
40.69189453125	0.3	1.0	2	83337	n/a
40.7001953125	0.3	0.0	1	83354	n/a
40.70849609375	0.3	1.0	2	83371	n/a
40.716796875	0.3	0.0	1	83388	n/a
40.72509765625	0.3	1.0	2	83405	n/a
40.7333984375	0.3	0.0	1	83422	n/a
40.74169921875	0.3	0.0	1	83439	n/a
40.75	0.3	1.0	2	83456	n/a
40.75830078125	0.3	1.0	2	83473	n/a
40.7666015625	0.3	0.0	1	83490	n/a
40.77490234375	0.3	0.0	1	83507	n/a
40.783203125	0.3	1.0	2	83524	n/a
40.7919921875	0.3	0.0	1	83542	n/a
40.80029296875	0.3	1.0	2	83559	n/a
40.80859375	0.3	1.0	2	83576	n/a
40.81689453125	0.3	0.0	1	83593	n/a
40.8251953125	0.3	1.0	2	83610	n/a
40.83349609375	0.3	0.0	1	83627	n/a
40.841796875	0.3	1.0	2	83644	n/a
40.85009765625	0.3	0.0	1	83661	n/a
40.8583984375	0.3	1.0	2	83678	n/a
40.86669921875	0.3	0.0	1	83695	n/a
40.875	0.3	1.0	2	83712	n/a
40.88330078125	0.3	0.0	1	83729	n/a
40.8916015625	0.3	1.0	2	83746	n/a
40.89990234375	0.3	0.0	1	83763	n/a
40.908203125	0.3	1.0	2	83780	n/a
40.9169921875	0.3	0.0	1	83798	n/a
40.92529296875	0.3	0.0	1	83815	n/a
40.93359375	0.3	1.0	2	83832	n/a
40.94189453125	0.3	0.0	1	83849	n/a
40.9501953125	0.3	1.0	2	83866	n/a
40.95849609375	0.3	1.0	2	83883	n/a
40.966796875	0.3	0.0	1	83900	n/a
40.97509765625	0.3	0.0	1	83917	n/a
40.9833984375	0.3	1.0	2	83934	n/a
40.99169921875	0.3	1.0	2	83951	n/a
41.0	0.3	0.0	1	83968	n/a
41.00830078125	0.3	0.0	1	83985	n/a
41.0166015625	0.3	1.0	2	84002	n/a
41.02490234375	0.3	0.0	1	84019	n/a
41.033203125	0.3	1.0	2	84036	n/a
41.0419921875	0.3	1.0	2	84054	n/a
41.05029296875	0.3	0.0	1	84071	n/a
41.05859375	0.3	0.0	1	84088	n/a
41.06689453125	0.3	1.0	2	84105	n/a
41.0751953125	0.3	1.0	2	84122	n/a
41.08349609375	0.3	0.0	1	84139	n/a
41.091796875	0.3	1.0	2	84156	n/a
41.10009765625	0.3	0.0	1	84173	n/a
41.1083984375	0.3	1.0	2	84190	n/a
41.11669921875	0.3	0.0	1	84207	n/a
41.125	0.3	0.0	1	84224	n/a
41.13330078125	0.3	1.0	2	84241	n/a
41.1416015625	0.3	0.0	1	84258	n/a
41.14990234375	0.3	1.0	2	84275	n/a
41.158203125	0.3	1.0	2	84292	n/a
41.1669921875	0.3	0.0	1	84310	n/a
41.17529296875	0.3	1.0	2	84327	n/a
41.18359375	0.3	0.0	1	84344	n/a
41.19189453125	0.3	1.0	2	84361	n/a
41.2001953125	0.3	0.0	1	84378	n/a
41.20849609375	0.3	1.0	2	84395	n/a
41.216796875	0.3	0.0	1	84412	n/a
41.22509765625	0.3	1.0	2	84429	n/a
41.2333984375	0.3	0.0	1	84446	n/a
41.24169921875	0.3	0.0	1	84463	n/a
41.25	0.3	1.0	2	84480	n/a
41.25830078125	0.3	1.0	2	84497	n/a
41.2666015625	0.3	0.0	1	84514	n/a
41.27490234375	0.3	1.0	2	84531	n/a
41.283203125	0.3	0.0	1	84548	n/a
41.2919921875	0.3	0.0	1	84566	n/a
41.30029296875	0.3	1.0	2	84583	n/a
41.30859375	0.3	0.0	1	84600	n/a
41.31689453125	0.3	1.0	2	84617	n/a
41.3251953125	0.3	1.0	2	84634	n/a
41.33349609375	0.3	0.0	1	84651	n/a
41.341796875	0.3	0.0	1	84668	n/a
41.35009765625	0.3	1.0	2	84685	n/a
41.3583984375	0.3	1.0	2	84702	n/a
41.36669921875	0.3	0.0	1	84719	n/a
41.375	0.3	0.0	1	84736	n/a
41.38330078125	0.3	1.0	2	84753	n/a
41.3916015625	0.3	1.0	2	84770	n/a
41.39990234375	0.3	0.0	1	84787	n/a
41.408203125	0.3	0.0	1	84804	n/a
41.4169921875	0.3	1.0	2	84822	n/a
41.42529296875	0.3	1.0	2	84839	n/a
41.43359375	0.3	0.0	1	84856	n/a
41.44189453125	0.3	0.0	1	84873	n/a
41.4501953125	0.3	1.0	2	84890	n/a
41.45849609375	0.3	1.0	2	84907	n/a
41.466796875	0.3	0.0	1	84924	n/a
41.47509765625	0.3	1.0	2	84941	n/a
41.4833984375	0.3	0.0	1	84958	n/a
41.49169921875	0.3	1.0	2	84975	n/a
41.5	0.3	0.0	1	84992	n/a
41.50830078125	0.3	1.0	2	85009	n/a
41.5166015625	0.3	0.0	1	85026	n/a
41.52490234375	0.3	1.0	2	85043	n/a
41.533203125	0.3	0.0	1	85060	n/a
41.5419921875	0.3	1.0	2	85078	n/a
41.55029296875	0.3	0.0	1	85095	n/a
41.55859375	0.3	1.0	2	85112	n/a
41.56689453125	0.3	0.0	1	85129	n/a
41.5751953125	0.3	1.0	2	85146	n/a
41.58349609375	0.3	0.0	1	85163	n/a
41.591796875	0.3	0.0	1	85180	n/a
41.60009765625	0.3	1.0	2	85197	n/a
41.6083984375	0.3	1.0	2	85214	n/a
41.61669921875	0.3	0.0	1	85231	n/a
41.625	0.3	0.0	1	85248	n/a
41.63330078125	0.3	1.0	2	85265	n/a
41.6416015625	0.3	1.0	2	85282	n/a
41.64990234375	0.3	0.0	1	85299	n/a
41.658203125	0.3	0.0	1	85316	n/a
41.6669921875	0.3	1.0	2	85334	n/a
41.67529296875	0.3	0.0	1	85351	n/a
41.68359375	0.3	1.0	2	85368	n/a
41.69189453125	0.3	0.0	1	85385	n/a
41.7001953125	0.3	1.0	2	85402	n/a
41.70849609375	0.3	0.0	1	85419	n/a
41.716796875	0.3	1.0	2	85436	n/a
41.72509765625	0.3	1.0	2	85453	n/a
41.7333984375	0.3	0.0	1	85470	n/a
41.74169921875	0.3	1.0	2	85487	n/a
41.75	0.3	0.0	1	85504	n/a
41.75830078125	0.3	1.0	2	85521	n/a
41.7666015625	0.3	0.0	1	85538	n/a
41.77490234375	0.3	1.0	2	85555	n/a
41.783203125	0.3	0.0	1	85572	n/a
41.7919921875	0.3	0.0	1	85590	n/a
41.80029296875	0.3	1.0	2	85607	n/a
41.80859375	0.3	1.0	2	85624	n/a
41.81689453125	0.3	0.0	1	85641	n/a
41.8251953125	0.3	0.0	1	85658	n/a
41.83349609375	0.3	1.0	2	85675	n/a
41.841796875	0.3	0.0	1	85692	n/a
41.85009765625	0.3	1.0	2	85709	n/a
41.8583984375	0.3	1.0	2	85726	n/a
41.86669921875	0.3	0.0	1	85743	n/a
41.875	0.3	1.0	2	85760	n/a
41.88330078125	0.3	0.0	1	85777	n/a
41.8916015625	0.3	1.0	2	85794	n/a
41.89990234375	0.3	0.0	1	85811	n/a
41.908203125	0.3	1.0	2	85828	n/a
41.9169921875	0.3	0.0	1	85846	n/a
41.92529296875	0.3	1.0	2	85863	n/a
41.93359375	0.3	0.0	1	85880	n/a
41.94189453125	0.3	1.0	2	85897	n/a
41.9501953125	0.3	0.0	1	85914	n/a
41.95849609375	0.3	1.0	2	85931	n/a
41.966796875	0.3	0.0	1	85948	n/a
41.97509765625	0.3	0.0	1	85965	n/a
41.9833984375	0.3	1.0	2	85982	n/a
41.99169921875	0.3	0.0	1	85999	n/a
42.0	0.3	1.0	2	86016	n/a
42.00830078125	0.3	1.0	2	86033	n/a
42.0166015625	0.3	0.0	1	86050	n/a
42.02490234375	0.3	0.0	1	86067	n/a
42.033203125	0.3	1.0	2	86084	n/a
42.0419921875	0.3	1.0	2	86102	n/a
42.05029296875	0.3	0.0	1	86119	n/a
42.05859375	0.3	0.0	1	86136	n/a
42.06689453125	0.3	1.0	2	86153	n/a
42.0751953125	0.3	0.0	1	86170	n/a
42.08349609375	0.3	1.0	2	86187	n/a
42.091796875	0.3	1.0	2	86204	n/a
42.10009765625	0.3	0.0	1	86221	n/a
42.1083984375	0.3	0.0	1	86238	n/a
42.11669921875	0.3	1.0	2	86255	n/a
42.125	0.3	1.0	2	86272	n/a
42.13330078125	0.3	0.0	1	86289	n/a
42.1416015625	0.3	1.0	2	86306	n/a
42.14990234375	0.3	0.0	1	86323	n/a
42.158203125	0.3	1.0	2	86340	n/a
42.1669921875	0.3	0.0	1	86358	n/a
42.17529296875	0.3	0.0	1	86375	n/a
42.18359375	0.3	1.0	2	86392	n/a
42.19189453125	0.3	0.0	1	86409	n/a
42.2001953125	0.3	1.0	2	86426	n/a
42.20849609375	0.3	1.0	2	86443	n/a
42.216796875	0.3	0.0	1	86460	n/a
42.22509765625	0.3	1.0	2	86477	n/a
42.2333984375	0.3	0.0	1	86494	n/a
42.24169921875	0.3	1.0	2	86511	n/a
42.25	0.3	0.0	1	86528	n/a
42.25830078125	0.3	1.0	2	86545	n/a
42.2666015625	0.3	0.0	1	86562	n/a
42.27490234375	0.3	1.0	2	86579	n/a
42.283203125	0.3	0.0	1	86596	n/a
42.2919921875	0.3	0.0	1	86614	n/a
42.30029296875	0.3	1.0	2	86631	n/a
42.30859375	0.3	1.0	2	86648	n/a
42.31689453125	0.3	0.0	1	86665	n/a
42.3251953125	0.3	1.0	2	86682	n/a
42.33349609375	0.3	0.0	1	86699	n/a
42.341796875	0.3	0.0	1	86716	n/a
42.35009765625	0.3	1.0	2	86733	n/a
42.3583984375	0.3	0.0	1	86750	n/a
42.36669921875	0.3	1.0	2	86767	n/a
42.375	0.3	1.0	2	86784	n/a
42.38330078125	0.3	0.0	1	86801	n/a
42.3916015625	0.3	0.0	1	86818	n/a
42.39990234375	0.3	1.0	2	86835	n/a
42.408203125	0.3	1.0	2	86852	n/a
42.4169921875	0.3	0.0	1	86870	n/a
42.42529296875	0.3	0.0	1	86887	n/a
42.43359375	0.3	1.0	2	86904	n/a
42.44189453125	0.3	1.0	2	86921	n/a
42.4501953125	0.3	0.0	1	86938	n/a
42.45849609375	0.3	0.0	1	86955	n/a
42.466796875	0.3	1.0	2	86972	n/a
42.47509765625	0.3	1.0	2	86989	n/a
42.4833984375	0.3	0.0	1	87006	n/a
42.49169921875	0.3	0.0	1	87023	n/a
42.5	0.3	1.0	2	87040	n/a
42.50830078125	0.3	1.0	2	87057	n/a
42.5166015625	0.3	0.0	1	87074	n/a
42.52490234375	0.3	1.0	2	87091	n/a
42.533203125	0.3	0.0	1	87108	n/a
42.5419921875	0.3	1.0	2	87126	n/a
42.55029296875	0.3	0.0	1	87143	n/a
42.55859375	0.3	1.0	2	87160	n/a
42.56689453125	0.3	0.0	1	87177	n/a
42.5751953125	0.3	1.0	2	87194	n/a
42.58349609375	0.3	0.0	1	87211	n/a
42.591796875	0.3	1.0	2	87228	n/a
42.60009765625	0.3	0.0	1	87245	n/a
42.6083984375	0.3	1.0	2	87262	n/a
42.61669921875	0.3	0.0	1	87279	n/a
42.625	0.3	1.0	2	87296	n/a
42.63330078125	0.3	0.0	1	87313	n/a
42.6416015625	0.3	0.0	1	87330	n/a
42.64990234375	0.3	1.0	2	87347	n/a
42.658203125	0.3	1.0	2	87364	n/a
42.6669921875	0.3	0.0	1	87382	n/a
42.67529296875	0.3	0.0	1	87399	n/a
42.68359375	0.3	1.0	2	87416	n/a
42.69189453125	0.3	1.0	2	87433	n/a
42.7001953125	0.3	0.0	1	87450	n/a
42.70849609375	0.3	0.0	1	87467	n/a
42.716796875	0.3	1.0	2	87484	n/a
42.72509765625	0.3	0.0	1	87501	n/a
42.7333984375	0.3	1.0	2	87518	n/a
42.74169921875	0.3	0.0	1	87535	n/a
42.75	0.3	1.0	2	87552	n/a
42.75830078125	0.3	0.0	1	87569	n/a
42.7666015625	0.3	1.0	2	87586	n/a
42.77490234375	0.3	1.0	2	87603	n/a
42.783203125	0.3	0.0	1	87620	n/a
42.7919921875	0.3	1.0	2	87638	n/a
42.80029296875	0.3	0.0	1	87655	n/a
42.80859375	0.3	1.0	2	87672	n/a
42.81689453125	0.3	0.0	1	87689	n/a
42.8251953125	0.3	1.0	2	87706	n/a
42.83349609375	0.3	0.0	1	87723	n/a
42.841796875	0.3	0.0	1	87740	n/a
42.85009765625	0.3	1.0	2	87757	n/a
42.8583984375	0.3	1.0	2	87774	n/a
42.86669921875	0.3	0.0	1	87791	n/a
42.875	0.3	0.0	1	87808	n/a
42.88330078125	0.3	1.0	2	87825	n/a
42.8916015625	0.3	0.0	1	87842	n/a
42.89990234375	0.3	1.0	2	87859	n/a
42.908203125	0.3	1.0	2	87876	n/a
42.9169921875	0.3	0.0	1	87894	n/a
42.92529296875	0.3	1.0	2	87911	n/a
42.93359375	0.3	0.0	1	87928	n/a
42.94189453125	0.3	1.0	2	87945	n/a
42.9501953125	0.3	0.0	1	87962	n/a
42.95849609375	0.3	1.0	2	87979	n/a
42.966796875	0.3	0.0	1	87996	n/a
42.97509765625	0.3	1.0	2	88013	n/a
42.9833984375	0.3	0.0	1	88030	n/a
42.99169921875	0.3	1.0	2	88047	n/a
43.0	0.3	0.0	1	88064	n/a
43.00830078125	0.3	1.0	2	88081	n/a
43.0166015625	0.3	0.0	1	88098	n/a
43.02490234375	0.3	0.0	1	88115	n/a
43.033203125	0.3	1.0	2	88132	n/a
43.0419921875	0.3	0.0	1	88150	n/a
43.05029296875	0.3	1.0	2	88167	n/a
43.05859375	0.3	1.0	2	88184	n/a
43.06689453125	0.3	0.0	1	88201	n/a
43.0751953125	0.3	0.0	1	88218	n/a
43.08349609375	0.3	1.0	2	88235	n/a
43.091796875	0.3	1.0	2	88252	n/a
43.10009765625	0.3	0.0	1	88269	n/a
43.1083984375	0.3	0.0	1	88286	n/a
43.11669921875	0.3	1.0	2	88303	n/a
43.125	0.3	0.0	1	88320	n/a
43.13330078125	0.3	1.0	2	88337	n/a
43.1416015625	0.3	1.0	2	88354	n/a
43.14990234375	0.3	0.0	1	88371	n/a
43.158203125	0.3	0.0	1	88388	n/a
43.1669921875	0.3	1.0	2	88406	n/a
45.56689453125	0.3	0.0	1	93321	2.0
45.5751953125	0.3	1.0	2	93338	n/a
45.58349609375	0.3	0.0	1	93355	n/a
45.591796875	0.3	1.0	2	93372	n/a
45.60009765625	0.3	1.0	2	93389	n/a
45.6083984375	0.3	0.0	1	93406	n/a
45.61669921875	0.3	1.0	2	93423	n/a
45.625	0.3	0.0	1	93440	n/a
45.6337890625	0.3	0.0	1	93458	n/a
45.64208984375	0.3	1.0	2	93475	n/a
45.650390625	0.3	0.0	1	93492	n/a
45.65869140625	0.3	1.0	2	93509	n/a
45.6669921875	0.3	0.0	1	93526	n/a
45.67529296875	0.3	1.0	2	93543	n/a
45.68359375	0.3	1.0	2	93560	n/a
45.69189453125	0.3	0.0	1	93577	n/a
45.7001953125	0.3	0.0	1	93594	n/a
45.70849609375	0.3	1.0	2	93611	n/a
45.716796875	0.3	1.0	2	93628	n/a
45.72509765625	0.3	0.0	1	93645	n/a
45.7333984375	0.3	0.0	1	93662	n/a
45.74169921875	0.3	1.0	2	93679	n/a
45.75	0.3	0.0	1	93696	n/a
45.7587890625	0.3	1.0	2	93714	n/a
45.76708984375	0.3	0.0	1	93731	n/a
45.775390625	0.3	1.0	2	93748	n/a
45.78369140625	0.3	0.0	1	93765	n/a
45.7919921875	0.3	1.0	2	93782	n/a
45.80029296875	0.3	1.0	2	93799	n/a
45.80859375	0.3	0.0	1	93816	n/a
45.81689453125	0.3	0.0	1	93833	n/a
45.8251953125	0.3	1.0	2	93850	n/a
45.83349609375	0.3	0.0	1	93867	n/a
45.841796875	0.3	1.0	2	93884	n/a
45.85009765625	0.3	1.0	2	93901	n/a
45.8583984375	0.3	0.0	1	93918	n/a
45.86669921875	0.3	0.0	1	93935	n/a
45.875	0.3	1.0	2	93952	n/a
45.8837890625	0.3	0.0	1	93970	n/a
45.89208984375	0.3	1.0	2	93987	n/a
45.900390625	0.3	0.0	1	94004	n/a
45.90869140625	0.3	1.0	2	94021	n/a
45.9169921875	0.3	1.0	2	94038	n/a
45.92529296875	0.3	0.0	1	94055	n/a
45.93359375	0.3	1.0	2	94072	n/a
45.94189453125	0.3	0.0	1	94089	n/a
45.9501953125	0.3	1.0	2	94106	n/a
45.95849609375	0.3	0.0	1	94123	n/a
45.966796875	0.3	1.0	2	94140	n/a
45.97509765625	0.3	0.0	1	94157	n/a
45.9833984375	0.3	1.0	2	94174	n/a
45.99169921875	0.3	0.0	1	94191	n/a
46.0	0.3	1.0	2	94208	n/a
46.0087890625	0.3	0.0	1	94226	n/a
46.01708984375	0.3	0.0	1	94243	n/a
46.025390625	0.3	1.0	2	94260	n/a
46.03369140625	0.3	0.0	1	94277	n/a
46.0419921875	0.3	1.0	2	94294	n/a
46.05029296875	0.3	0.0	1	94311	n/a
46.05859375	0.3	1.0	2	94328	n/a
46.06689453125	0.3	1.0	2	94345	n/a
46.0751953125	0.3	0.0	1	94362	n/a
46.08349609375	0.3	0.0	1	94379	n/a
46.091796875	0.3	1.0	2	94396	n/a
46.10009765625	0.3	1.0	2	94413	n/a
46.1083984375	0.3	0.0	1	94430	n/a
46.11669921875	0.3	0.0	1	94447	n/a
46.125	0.3	1.0	2	94464	n/a
46.1337890625	0.3	1.0	2	94482	n/a
46.14208984375	0.3	0.0	1	94499	n/a
46.150390625	0.3	1.0	2	94516	n/a
46.15869140625	0.3	0.0	1	94533	n/a
46.1669921875	0.3	0.0	1	94550	n/a
46.17529296875	0.3	1.0	2	94567	n/a
46.18359375	0.3	1.0	2	94584	n/a
46.19189453125	0.3	0.0	1	94601	n/a
46.2001953125	0.3	1.0	2	94618	n/a
46.20849609375	0.3	0.0	1	94635	n/a
46.216796875	0.3	0.0	1	94652	n/a
46.22509765625	0.3	1.0	2	94669	n/a
46.2333984375	0.3	0.0	1	94686	n/a
46.24169921875	0.3	1.0	2	94703	n/a
46.25	0.3	0.0	1	94720	n/a
46.2587890625	0.3	1.0	2	94738	n/a
46.26708984375	0.3	0.0	1	94755	n/a
46.275390625	0.3	1.0	2	94772	n/a
46.28369140625	0.3	0.0	1	94789	n/a
46.2919921875	0.3	1.0	2	94806	n/a
46.30029296875	0.3	1.0	2	94823	n/a
46.30859375	0.3	0.0	1	94840	n/a
46.31689453125	0.3	1.0	2	94857	n/a
46.3251953125	0.3	0.0	1	94874	n/a
46.33349609375	0.3	0.0	1	94891	n/a
46.341796875	0.3	1.0	2	94908	n/a
46.35009765625	0.3	0.0	1	94925	n/a
46.3583984375	0.3	1.0	2	94942	n/a
46.36669921875	0.3	1.0	2	94959	n/a
46.375	0.3	0.0	1	94976	n/a
46.3837890625	0.3	0.0	1	94994	n/a
46.39208984375	0.3	1.0	2	95011	n/a
46.400390625	0.3	1.0	2	95028	n/a
46.40869140625	0.3	0.0	1	95045	n/a
46.4169921875	0.3	1.0	2	95062	n/a
46.42529296875	0.3	0.0	1	95079	n/a
46.43359375	0.3	1.0	2	95096	n/a
46.44189453125	0.3	0.0	1	95113	n/a
46.4501953125	0.3	0.0	1	95130	n/a
46.45849609375	0.3	1.0	2	95147	n/a
46.466796875	0.3	1.0	2	95164	n/a
46.47509765625	0.3	0.0	1	95181	n/a
46.4833984375	0.3	0.0	1	95198	n/a
46.49169921875	0.3	1.0	2	95215	n/a
46.5	0.3	1.0	2	95232	n/a
46.5087890625	0.3	0.0	1	95250	n/a
46.51708984375	0.3	1.0	2	95267	n/a
46.525390625	0.3	0.0	1	95284	n/a
46.53369140625	0.3	0.0	1	95301	n/a
46.5419921875	0.3	1.0	2	95318	n/a
46.55029296875	0.3	1.0	2	95335	n/a
46.55859375	0.3	0.0	1	95352	n/a
46.56689453125	0.3	1.0	2	95369	n/a
46.5751953125	0.3	0.0	1	95386	n/a
46.58349609375	0.3	1.0	2	95403	n/a
46.591796875	0.3	0.0	1	95420	n/a
46.60009765625	0.3	1.0	2	95437	n/a
46.6083984375	0.3	0.0	1	95454	n/a
46.61669921875	0.3	0.0	1	95471	n/a
46.625	0.3	1.0	2	95488	n/a
46.6337890625	0.3	0.0	1	95506	n/a
46.64208984375	0.3	1.0	2	95523	n/a
46.650390625	0.3	1.0	2	95540	n/a
46.65869140625	0.3	0.0	1	95557	n/a
46.6669921875	0.3	1.0	2	95574	n/a
46.67529296875	0.3	0.0	1	95591	n/a
46.68359375	0.3	0.0	1	95608	n/a
46.69189453125	0.3	1.0	2	95625	n/a
46.7001953125	0.3	0.0	1	95642	n/a
46.70849609375	0.3	1.0	2	95659	n/a
46.716796875	0.3	0.0	1	95676	n/a
46.72509765625	0.3	1.0	2	95693	n/a
46.7333984375	0.3	1.0	2	95710	n/a
46.74169921875	0.3	0.0	1	95727	n/a
46.75	0.3	0.0	1	95744	n/a
46.7587890625	0.3	1.0	2	95762	n/a
46.76708984375	0.3	1.0	2	95779	n/a
46.775390625	0.3	0.0	1	95796	n/a
46.78369140625	0.3	0.0	1	95813	n/a
46.7919921875	0.3	1.0	2	95830	n/a
46.80029296875	0.3	0.0	1	95847	n/a
46.80859375	0.3	1.0	2	95864	n/a
46.81689453125	0.3	0.0	1	95881	n/a
46.8251953125	0.3	1.0	2	95898	n/a
46.83349609375	0.3	0.0	1	95915	n/a
46.841796875	0.3	1.0	2	95932	n/a
46.85009765625	0.3	1.0	2	95949	n/a
46.8583984375	0.3	0.0	1	95966	n/a
46.86669921875	0.3	0.0	1	95983	n/a
46.875	0.3	1.0	2	96000	n/a
46.8837890625	0.3	0.0	1	96018	n/a
46.89208984375	0.3	1.0	2	96035	n/a
46.900390625	0.3	1.0	2	96052	n/a
46.90869140625	0.3	0.0	1	96069	n/a
46.9169921875	0.3	0.0	1	96086	n/a
46.92529296875	0.3	1.0	2	96103	n/a
46.93359375	0.3	0.0	1	96120	n/a
46.94189453125	0.3	1.0	2	96137	n/a
46.9501953125	0.3	0.0	1	96154	n/a
46.95849609375	0.3	1.0	2	96171	n/a
46.966796875	0.3	1.0	2	96188	n/a
46.97509765625	0.3	0.0	1	96205	n/a
46.9833984375	0.3	1.0	2	96222	n/a
46.99169921875	0.3	0.0	1	96239	n/a
47.0	0.3	1.0	2	96256	n/a
47.0087890625	0.3	0.0	1	96274	n/a
47.01708984375	0.3	1.0	2	96291	n/a
47.025390625	0.3	0.0	1	96308	n/a
47.03369140625	0.3	1.0	2	96325	n/a
47.0419921875	0.3	0.0	1	96342	n/a
47.05029296875	0.3	1.0	2	96359	n/a
47.05859375	0.3	0.0	1	96376	n/a
47.06689453125	0.3	0.0	1	96393	n/a
47.0751953125	0.3	1.0	2	96410	n/a
47.08349609375	0.3	0.0	1	96427	n/a
47.091796875	0.3	1.0	2	96444	n/a
47.10009765625	0.3	0.0	1	96461	n/a
47.1083984375	0.3	1.0	2	96478	n/a
47.11669921875	0.3	1.0	2	96495	n/a
47.125	0.3	0.0	1	96512	n/a
47.1337890625	0.3	0.0	1	96530	n/a
47.14208984375	0.3	1.0	2	96547	n/a
47.150390625	0.3	1.0	2	96564	n/a
47.15869140625	0.3	0.0	1	96581	n/a
47.1669921875	0.3	0.0	1	96598	n/a
47.17529296875	0.3	1.0	2	96615	n/a
47.18359375	0.3	1.0	2	96632	n/a
47.19189453125	0.3	0.0	1	96649	n/a
47.2001953125	0.3	1.0	2	96666	n/a
47.20849609375	0.3	0.0	1	96683	n/a
47.216796875	0.3	0.0	1	96700	n/a
47.22509765625	0.3	1.0	2	96717	n/a
47.2333984375	0.3	1.0	2	96734	n/a
47.24169921875	0.3	0.0	1	96751	n/a
47.25	0.3	1.0	2	96768	n/a
47.2587890625	0.3	0.0	1	96786	n/a
47.26708984375	0.3	0.0	1	96803	n/a
47.275390625	0.3	1.0	2	96820	n/a
47.28369140625	0.3	0.0	1	96837	n/a
47.2919921875	0.3	1.0	2	96854	n/a
47.30029296875	0.3	0.0	1	96871	n/a
47.30859375	0.3	1.0	2	96888	n/a
47.31689453125	0.3	0.0	1	96905	n/a
47.3251953125	0.3	1.0	2	96922	n/a
47.33349609375	0.3	0.0	1	96939	n/a
47.341796875	0.3	1.0	2	96956	n/a
47.35009765625	0.3	1.0	2	96973	n/a
47.3583984375	0.3	0.0	1	96990	n/a
47.36669921875	0.3	1.0	2	97007	n/a
47.375	0.3	0.0	1	97024	n/a
47.3837890625	0.3	0.0	1	97042	n/a
47.39208984375	0.3	1.0	2	97059	n/a
47.400390625	0.3	0.0	1	97076	n/a
47.40869140625	0.3	1.0	2	97093	n/a
47.4169921875	0.3	1.0	2	97110	n/a
47.42529296875	0.3	0.0	1	97127	n/a
47.43359375	0.3	0.0	1	97144	n/a
47.44189453125	0.3	1.0	2	97161	n/a
47.4501953125	0.3	1.0	2	97178	n/a
47.45849609375	0.3	0.0	1	97195	n/a
47.466796875	0.3	1.0	2	97212	n/a
47.47509765625	0.3	0.0	1	97229	n/a
47.4833984375	0.3	1.0	2	97246	n/a
47.49169921875	0.3	0.0	1	97263	n/a
47.5	0.3	0.0	1	97280	n/a
47.5087890625	0.3	1.0	2	97298	n/a
47.51708984375	0.3	1.0	2	97315	n/a
47.525390625	0.3	0.0	1	97332	n/a
47.53369140625	0.3	0.0	1	97349	n/a
47.5419921875	0.3	1.0	2	97366	n/a
47.55029296875	0.3	1.0	2	97383	n/a
47.55859375	0.3	0.0	1	97400	n/a
47.56689453125	0.3	1.0	2	97417	n/a
47.5751953125	0.3	0.0	1	97434	n/a
47.58349609375	0.3	0.0	1	97451	n/a
47.591796875	0.3	1.0	2	97468	n/a
47.60009765625	0.3	1.0	2	97485	n/a
47.6083984375	0.3	0.0	1	97502	n/a
47.61669921875	0.3	1.0	2	97519	n/a
47.625	0.3	0.0	1	97536	n/a
47.6337890625	0.3	1.0	2	97554	n/a
47.64208984375	0.3	0.0	1	97571	n/a
47.650390625	0.3	1.0	2	97588	n/a
47.65869140625	0.3	0.0	1	97605	n/a
47.6669921875	0.3	0.0	1	97622	n/a
47.67529296875	0.3	1.0	2	97639	n/a
47.68359375	0.3	0.0	1	97656	n/a
47.69189453125	0.3	1.0	2	97673	n/a
47.7001953125	0.3	1.0	2	97690	n/a
47.70849609375	0.3	0.0	1	97707	n/a
47.716796875	0.3	1.0	2	97724	n/a
47.72509765625	0.3	0.0	1	97741	n/a
47.7333984375	0.3	0.0	1	97758	n/a
47.74169921875	0.3	1.0	2	97775	n/a
47.75	0.3	0.0	1	97792	n/a
47.7587890625	0.3	1.0	2	97810	n/a
47.76708984375	0.3	0.0	1	97827	n/a
47.775390625	0.3	1.0	2	97844	n/a
47.78369140625	0.3	1.0	2	97861	n/a
47.7919921875	0.3	0.0	1	97878	n/a
47.80029296875	0.3	0.0	1	97895	n/a
47.80859375	0.3	1.0	2	97912	n/a
47.81689453125	0.3	1.0	2	97929	n/a
47.8251953125	0.3	0.0	1	97946	n/a
47.83349609375	0.3	0.0	1	97963	n/a
47.841796875	0.3	1.0	2	97980	n/a
47.85009765625	0.3	0.0	1	97997	n/a
47.8583984375	0.3	1.0	2	98014	n/a
47.86669921875	0.3	0.0	1	98031	n/a
47.875	0.3	1.0	2	98048	n/a
47.8837890625	0.3	0.0	1	98066	n/a
47.89208984375	0.3	1.0	2	98083	n/a
47.900390625	0.3	1.0	2	98100	n/a
47.90869140625	0.3	0.0	1	98117	n/a
47.9169921875	0.3	0.0	1	98134	n/a
47.92529296875	0.3	1.0	2	98151	n/a
47.93359375	0.3	0.0	1	98168	n/a
47.94189453125	0.3	1.0	2	98185	n/a
47.9501953125	0.3	1.0	2	98202	n/a
47.95849609375	0.3	0.0	1	98219	n/a
47.966796875	0.3	0.0	1	98236	n/a
47.97509765625	0.3	1.0	2	98253	n/a
47.9833984375	0.3	0.0	1	98270	n/a
47.99169921875	0.3	1.0	2	98287	n/a
48.0	0.3	0.0	1	98304	n/a
48.0087890625	0.3	1.0	2	98322	n/a
48.01708984375	0.3	1.0	2	98339	n/a
48.025390625	0.3	0.0	1	98356	n/a
48.03369140625	0.3	1.0	2	98373	n/a
48.0419921875	0.3	0.0	1	98390	n/a
48.05029296875	0.3	1.0	2	98407	n/a
48.05859375	0.3	0.0	1	98424	n/a
48.06689453125	0.3	1.0	2	98441	n/a
48.0751953125	0.3	0.0	1	98458	n/a
48.08349609375	0.3	1.0	2	98475	n/a
48.091796875	0.3	0.0	1	98492	n/a
48.10009765625	0.3	1.0	2	98509	n/a
48.1083984375	0.3	0.0	1	98526	n/a
48.11669921875	0.3	0.0	1	98543	n/a
48.125	0.3	1.0	2	98560	n/a
48.1337890625	0.3	0.0	1	98578	n/a
48.14208984375	0.3	1.0	2	98595	n/a
48.150390625	0.3	0.0	1	98612	n/a
48.15869140625	0.3	1.0	2	98629	n/a
48.1669921875	0.3	1.0	2	98646	n/a
48.17529296875	0.3	0.0	1	98663	n/a
48.18359375	0.3	0.0	1	98680	n/a
48.19189453125	0.3	1.0	2	98697	n/a
48.2001953125	0.3	1.0	2	98714	n/a
48.20849609375	0.3	0.0	1	98731	n/a
48.216796875	0.3	0.0	1	98748	n/a
48.22509765625	0.3	1.0	2	98765	n/a
48.2333984375	0.3	1.0	2	98782	n/a
48.24169921875	0.3	0.0	1	98799	n/a
48.25	0.3	1.0	2	98816	n/a
48.2587890625	0.3	0.0	1	98834	n/a
48.26708984375	0.3	0.0	1	98851	n/a
48.275390625	0.3	1.0	2	98868	n/a
48.28369140625	0.3	1.0	2	98885	n/a
48.2919921875	0.3	0.0	1	98902	n/a
48.30029296875	0.3	1.0	2	98919	n/a
48.30859375	0.3	0.0	1	98936	n/a
48.31689453125	0.3	0.0	1	98953	n/a
48.3251953125	0.3	1.0	2	98970	n/a
48.33349609375	0.3	0.0	1	98987	n/a
48.341796875	0.3	1.0	2	99004	n/a
48.35009765625	0.3	0.0	1	99021	n/a
48.3583984375	0.3	1.0	2	99038	n/a
48.36669921875	0.3	0.0	1	99055	n/a
48.375	0.3	1.0	2	99072	n/a
48.3837890625	0.3	0.0	1	99090	n/a
48.39208984375	0.3	1.0	2	99107	n/a
48.400390625	0.3	1.0	2	99124	n/a
48.40869140625	0.3	0.0	1	99141	n/a
48.4169921875	0.3	1.0	2	99158	n/a
48.42529296875	0.3	0.0	1	99175	n/a
48.43359375	0.3	0.0	1	99192	n/a
48.44189453125	0.3	1.0	2	99209	n/a
48.4501953125	0.3	0.0	1	99226	n/a
48.45849609375	0.3	1.0	2	99243	n/a
48.466796875	0.3	1.0	2	99260	n/a
48.47509765625	0.3	0.0	1	99277	n/a
48.4833984375	0.3	0.0	1	99294	n/a
48.49169921875	0.3	1.0	2	99311	n/a
48.5	0.3	1.0	2	99328	n/a
48.5087890625	0.3	0.0	1	99346	n/a
48.51708984375	0.3	1.0	2	99363	n/a
48.525390625	0.3	0.0	1	99380	n/a
48.53369140625	0.3	1.0	2	99397	n/a
48.5419921875	0.3	0.0	1	99414	n/a
48.55029296875	0.3	0.0	1	99431	n/a
48.55859375	0.3	1.0	2	99448	n/a
48.56689453125	0.3	1.0	2	99465	n/a
48.5751953125	0.3	0.0	1	99482	n/a
48.58349609375	0.3	0.0	1	99499	n/a
48.591796875	0.3	1.0	2	99516	n/a
48.60009765625	0.3	1.0	2	99533	n/a
48.6083984375	0.3	0.0	1	99550	n/a
48.61669921875	0.3	1.0	2	99567	n/a
48.625	0.3	0.0	1	99584	n/a
48.6337890625	0.3	0.0	1	99602	n/a
48.64208984375	0.3	1.0	2	99619	n/a
48.650390625	0.3	1.0	2	99636	n/a
48.65869140625	0.3	0.0	1	99653	n/a
48.6669921875	0.3	1.0	2	99670	n/a
48.67529296875	0.3	0.0	1	99687	n/a
48.68359375	0.3	1.0	2	99704	n/a
48.69189453125	0.3	0.0	1	99721	n/a
48.7001953125	0.3	1.0	2	99738	n/a
48.70849609375	0.3	0.0	1	99755	n/a
48.716796875	0.3	0.0	1	99772	n/a
48.72509765625	0.3	1.0	2	99789	n/a
48.7333984375	0.3	0.0	1	99806	n/a
48.74169921875	0.3	1.0	2	99823	n/a
48.75	0.3	1.0	2	99840	n/a
48.7587890625	0.3	0.0	1	99858	n/a
48.76708984375	0.3	1.0	2	99875	n/a
48.775390625	0.3	0.0	1	99892	n/a
48.78369140625	0.3	0.0	1	99909	n/a
48.7919921875	0.3	1.0	2	99926	n/a
48.80029296875	0.3	0.0	1	99943	n/a
48.80859375	0.3	1.0	2	99960	n/a
48.81689453125	0.3	0.0	1	99977	n/a
48.8251953125	0.3	1.0	2	99994	n/a
48.83349609375	0.3	1.0	2	100011	n/a
48.841796875	0.3	0.0	1	100028	n/a
48.85009765625	0.3	0.0	1	100045	n/a
48.8583984375	0.3	1.0	2	100062	n/a
48.86669921875	0.3	1.0	2	100079	n/a
48.875	0.3	0.0	1	100096	n/a
48.8837890625	0.3	0.0	1	100114	n/a
48.89208984375	0.3	1.0	2	100131	n/a
48.900390625	0.3	0.0	1	100148	n/a
48.90869140625	0.3	1.0	2	100165	n/a
48.9169921875	0.3	0.0	1	100182	n/a
48.92529296875	0.3	1.0	2	100199	n/a
48.93359375	0.3	0.0	1	100216	n/a
48.94189453125	0.3	1.0	2	100233	n/a
48.9501953125	0.3	1.0	2	100250	n/a
48.95849609375	0.3	0.0	1	100267	n/a
48.966796875	0.3	0.0	1	100284	n/a
48.97509765625	0.3	1.0	2	100301	n/a
48.9833984375	0.3	0.0	1	100318	n/a
48.99169921875	0.3	1.0	2	100335	n/a
49.0	0.3	1.0	2	100352	n/a
49.0087890625	0.3	0.0	1	100370	n/a
49.01708984375	0.3	0.0	1	100387	n/a
49.025390625	0.3	1.0	2	100404	n/a
49.03369140625	0.3	0.0	1	100421	n/a
49.0419921875	0.3	1.0	2	100438	n/a
49.05029296875	0.3	0.0	1	100455	n/a
49.05859375	0.3	1.0	2	100472	n/a
49.06689453125	0.3	1.0	2	100489	n/a
49.0751953125	0.3	0.0	1	100506	n/a
49.08349609375	0.3	1.0	2	100523	n/a
49.091796875	0.3	0.0	1	100540	n/a
49.10009765625	0.3	1.0	2	100557	n/a
49.1083984375	0.3	0.0	1	100574	n/a
49.11669921875	0.3	1.0	2	100591	n/a
49.125	0.3	0.0	1	100608	n/a
49.1337890625	0.3	1.0	2	100626	n/a
49.14208984375	0.3	0.0	1	100643	n/a
49.150390625	0.3	1.0	2	100660	n/a
49.15869140625	0.3	0.0	1	100677	n/a
49.1669921875	0.3	0.0	1	100694	n/a
49.17529296875	0.3	1.0	2	100711	n/a
49.18359375	0.3	0.0	1	100728	n/a
49.19189453125	0.3	1.0	2	100745	n/a
49.2001953125	0.3	0.0	1	100762	n/a
49.20849609375	0.3	1.0	2	100779	n/a
49.216796875	0.3	1.0	2	100796	n/a
49.22509765625	0.3	0.0	1	100813	n/a
49.2333984375	0.3	0.0	1	100830	n/a
49.24169921875	0.3	1.0	2	100847	n/a
49.25	0.3	1.0	2	100864	n/a
49.2587890625	0.3	0.0	1	100882	n/a
49.26708984375	0.3	0.0	1	100899	n/a
49.275390625	0.3	1.0	2	100916	n/a
49.28369140625	0.3	1.0	2	100933	n/a
49.2919921875	0.3	0.0	1	100950	n/a
49.30029296875	0.3	1.0	2	100967	n/a
49.30859375	0.3	0.0	1	100984	n/a
49.31689453125	0.3	0.0	1	101001	n/a
49.3251953125	0.3	1.0	2	101018	n/a
49.33349609375	0.3	1.0	2	101035	n/a
49.341796875	0.3	0.0	1	101052	n/a
49.35009765625	0.3	1.0	2	101069	n/a
49.3583984375	0.3	0.0	1	101086	n/a
49.36669921875	0.3	0.0	1	101103	n/a
49.375	0.3	1.0	2	101120	n/a
49.3837890625	0.3	0.0	1	101138	n/a
49.39208984375	0.3	1.0	2	101155	n/a
49.400390625	0.3	0.0	1	101172	n/a
49.40869140625	0.3	1.0	2	101189	n/a
49.4169921875	0.3	0.0	1	101206	n/a
49.42529296875	0.3	1.0	2	101223	n/a
49.43359375	0.3	0.0	1	101240	n/a
49.44189453125	0.3	1.0	2	101257	n/a
49.4501953125	0.3	1.0	2	101274	n/a
49.45849609375	0.3	0.0	1	101291	n/a
49.466796875	0.3	1.0	2	101308	n/a
49.47509765625	0.3	0.0	1	101325	n/a
49.4833984375	0.3	0.0	1	101342	n/a
49.49169921875	0.3	1.0	2	101359	n/a
49.5	0.3	0.0	1	101376	n/a
49.5087890625	0.3	1.0	2	101394	n/a
49.51708984375	0.3	1.0	2	101411	n/a
49.525390625	0.3	0.0	1	101428	n/a
49.53369140625	0.3	0.0	1	101445	n/a
49.5419921875	0.3	1.0	2	101462	n/a
49.55029296875	0.3	1.0	2	101479	n/a
49.55859375	0.3	0.0	1	101496	n/a
49.56689453125	0.3	1.0	2	101513	n/a
49.5751953125	0.3	0.0	1	101530	n/a
49.58349609375	0.3	1.0	2	101547	n/a
49.591796875	0.3	0.0	1	101564	n/a
49.60009765625	0.3	0.0	1	101581	n/a
49.6083984375	0.3	1.0	2	101598	n/a
49.61669921875	0.3	1.0	2	101615	n/a
49.625	0.3	0.0	1	101632	n/a
49.6337890625	0.3	0.0	1	101650	n/a
49.64208984375	0.3	1.0	2	101667	n/a
49.650390625	0.3	1.0	2	101684	n/a
49.65869140625	0.3	0.0	1	101701	n/a
49.6669921875	0.3	1.0	2	101718	n/a
49.67529296875	0.3	0.0	1	101735	n/a
49.68359375	0.3	0.0	1	101752	n/a
49.69189453125	0.3	1.0	2	101769	n/a
49.7001953125	0.3	1.0	2	101786	n/a
49.70849609375	0.3	0.0	1	101803	n/a
49.716796875	0.3	1.0	2	101820	n/a
49.72509765625	0.3	0.0	1	101837	n/a
49.7333984375	0.3	1.0	2	101854	n/a
49.74169921875	0.3	0.0	1	101871	n/a
49.75	0.3	1.0	2	101888	n/a
49.7587890625	0.3	0.0	1	101906	n/a
52.11767578125	0.3	0.0	1	106737	12.0
52.1259765625	0.3	1.0	2	106754	n/a
52.13427734375	0.3	1.0	2	106771	n/a
52.142578125	0.3	0.0	1	106788	n/a
52.15087890625	0.3	0.0	1	106805	n/a
52.1591796875	0.3	1.0	2	106822	n/a
52.16748046875	0.3	0.0	1	106839	n/a
52.17578125	0.3	1.0	2	106856	n/a
52.1845703125	0.3	0.0	1	106874	n/a
52.19287109375	0.3	1.0	2	106891	n/a
52.201171875	0.3	0.0	1	106908	n/a
52.20947265625	0.3	1.0	2	106925	n/a
52.2177734375	0.3	0.0	1	106942	n/a
52.22607421875	0.3	1.0	2	106959	n/a
52.234375	0.3	1.0	2	106976	n/a
52.24267578125	0.3	0.0	1	106993	n/a
52.2509765625	0.3	0.0	1	107010	n/a
52.25927734375	0.3	1.0	2	107027	n/a
52.267578125	0.3	0.0	1	107044	n/a
52.27587890625	0.3	1.0	2	107061	n/a
52.2841796875	0.3	0.0	1	107078	n/a
52.29248046875	0.3	1.0	2	107095	n/a
52.30078125	0.3	1.0	2	107112	n/a
52.3095703125	0.3	0.0	1	107130	n/a
52.31787109375	0.3	1.0	2	107147	n/a
52.326171875	0.3	0.0	1	107164	n/a
52.33447265625	0.3	1.0	2	107181	n/a
52.3427734375	0.3	0.0	1	107198	n/a
52.35107421875	0.3	0.0	1	107215	n/a
52.359375	0.3	1.0	2	107232	n/a
52.36767578125	0.3	1.0	2	107249	n/a
52.3759765625	0.3	0.0	1	107266	n/a
52.38427734375	0.3	1.0	2	107283	n/a
52.392578125	0.3	0.0	1	107300	n/a
52.40087890625	0.3	1.0	2	107317	n/a
52.4091796875	0.3	0.0	1	107334	n/a
52.41748046875	0.3	0.0	1	107351	n/a
52.42578125	0.3	1.0	2	107368	n/a
52.4345703125	0.3	1.0	2	107386	n/a
52.44287109375	0.3	0.0	1	107403	n/a
52.451171875	0.3	0.0	1	107420	n/a
52.45947265625	0.3	1.0	2	107437	n/a
52.4677734375	0.3	0.0	1	107454	n/a
52.47607421875	0.3	1.0	2	107471	n/a
52.484375	0.3	1.0	2	107488	n/a
52.49267578125	0.3	0.0	1	107505	n/a
52.5009765625	0.3	0.0	1	107522	n/a
52.50927734375	0.3	1.0	2	107539	n/a
52.517578125	0.3	1.0	2	107556	n/a
52.52587890625	0.3	0.0	1	107573	n/a
52.5341796875	0.3	1.0	2	107590	n/a
52.54248046875	0.3	0.0	1	107607	n/a
52.55078125	0.3	1.0	2	107624	n/a
52.5595703125	0.3	0.0	1	107642	n/a
52.56787109375	0.3	1.0	2	107659	n/a
52.576171875	0.3	0.0	1	107676	n/a
52.58447265625	0.3	1.0	2	107693	n/a
52.5927734375	0.3	0.0	1	107710	n/a
52.60107421875	0.3	0.0	1	107727	n/a
52.609375	0.3	1.0	2	107744	n/a
52.61767578125	0.3	1.0	2	107761	n/a
52.6259765625	0.3	0.0	1	107778	n/a
52.63427734375	0.3	1.0	2	107795	n/a
52.642578125	0.3	0.0	1	107812	n/a
52.65087890625	0.3	0.0	1	107829	n/a
52.6591796875	0.3	1.0	2	107846	n/a
52.66748046875	0.3	1.0	2	107863	n/a
52.67578125	0.3	0.0	1	107880	n/a
52.6845703125	0.3	0.0	1	107898	n/a
52.69287109375	0.3	1.0	2	107915	n/a
52.701171875	0.3	1.0	2	107932	n/a
52.70947265625	0.3	0.0	1	107949	n/a
52.7177734375	0.3	1.0	2	107966	n/a
52.72607421875	0.3	0.0	1	107983	n/a
52.734375	0.3	0.0	1	108000	n/a
52.74267578125	0.3	1.0	2	108017	n/a
52.7509765625	0.3	0.0	1	108034	n/a
52.75927734375	0.3	1.0	2	108051	n/a
52.767578125	0.3	0.0	1	108068	n/a
52.77587890625	0.3	1.0	2	108085	n/a
52.7841796875	0.3	1.0	2	108102	n/a
52.79248046875	0.3	0.0	1	108119	n/a
52.80078125	0.3	0.0	1	108136	n/a
52.8095703125	0.3	1.0	2	108154	n/a
52.81787109375	0.3	1.0	2	108171	n/a
52.826171875	0.3	0.0	1	108188	n/a
52.83447265625	0.3	1.0	2	108205	n/a
52.8427734375	0.3	0.0	1	108222	n/a
52.85107421875	0.3	1.0	2	108239	n/a
52.859375	0.3	0.0	1	108256	n/a
52.86767578125	0.3	0.0	1	108273	n/a
52.8759765625	0.3	1.0	2	108290	n/a
52.88427734375	0.3	0.0	1	108307	n/a
52.892578125	0.3	1.0	2	108324	n/a
52.90087890625	0.3	0.0	1	108341	n/a
52.9091796875	0.3	1.0	2	108358	n/a
52.91748046875	0.3	0.0	1	108375	n/a
52.92578125	0.3	1.0	2	108392	n/a
52.9345703125	0.3	1.0	2	108410	n/a
52.94287109375	0.3	0.0	1	108427	n/a
52.951171875	0.3	1.0	2	108444	n/a
52.95947265625	0.3	0.0	1	108461	n/a
52.9677734375	0.3	0.0	1	108478	n/a
52.97607421875	0.3	1.0	2	108495	n/a
52.984375	0.3	0.0	1	108512	n/a
52.99267578125	0.3	1.0	2	108529	n/a
53.0009765625	0.3	0.0	1	108546	n/a
53.00927734375	0.3	1.0	2	108563	n/a
53.017578125	0.3	1.0	2	108580	n/a
53.02587890625	0.3	0.0	1	108597	n/a
53.0341796875	0.3	0.0	1	108614	n/a
53.04248046875	0.3	1.0	2	108631	n/a
53.05078125	0.3	0.0	1	108648	n/a
53.0595703125	0.3	1.0	2	108666	n/a
53.06787109375	0.3	1.0	2	108683	n/a
53.076171875	0.3	0.0	1	108700	n/a
53.08447265625	0.3	0.0	1	108717	n/a
53.0927734375	0.3	1.0	2	108734	n/a
53.10107421875	0.3	0.0	1	108751	n/a
53.109375	0.3	1.0	2	108768	n/a
53.11767578125	0.3	1.0	2	108785	n/a
53.1259765625	0.3	0.0	1	108802	n/a
53.13427734375	0.3	1.0	2	108819	n/a
53.142578125	0.3	0.0	1	108836	n/a
53.15087890625	0.3	1.0	2	108853	n/a
53.1591796875	0.3	0.0	1	108870	n/a
53.16748046875	0.3	0.0	1	108887	n/a
53.17578125	0.3	1.0	2	108904	n/a
53.1845703125	0.3	1.0	2	108922	n/a
53.19287109375	0.3	0.0	1	108939	n/a
53.201171875	0.3	0.0	1	108956	n/a
53.20947265625	0.3	1.0	2	108973	n/a
53.2177734375	0.3	0.0	1	108990	n/a
53.22607421875	0.3	1.0	2	109007	n/a
53.234375	0.3	0.0	1	109024	n/a
53.24267578125	0.3	1.0	2	109041	n/a
53.2509765625	0.3	0.0	1	109058	n/a
53.25927734375	0.3	1.0	2	109075	n/a
53.267578125	0.3	0.0	1	109092	n/a
53.27587890625	0.3	1.0	2	109109	n/a
53.2841796875	0.3	1.0	2	109126	n/a
53.29248046875	0.3	0.0	1	109143	n/a
53.30078125	0.3	0.0	1	109160	n/a
53.3095703125	0.3	1.0	2	109178	n/a
53.31787109375	0.3	0.0	1	109195	n/a
53.326171875	0.3	1.0	2	109212	n/a
53.33447265625	0.3	0.0	1	109229	n/a
53.3427734375	0.3	1.0	2	109246	n/a
53.35107421875	0.3	1.0	2	109263	n/a
53.359375	0.3	0.0	1	109280	n/a
53.36767578125	0.3	1.0	2	109297	n/a
53.3759765625	0.3	0.0	1	109314	n/a
53.38427734375	0.3	1.0	2	109331	n/a
53.392578125	0.3	0.0	1	109348	n/a
53.40087890625	0.3	0.0	1	109365	n/a
53.4091796875	0.3	1.0	2	109382	n/a
53.41748046875	0.3	1.0	2	109399	n/a
53.42578125	0.3	0.0	1	109416	n/a
53.4345703125	0.3	1.0	2	109434	n/a
53.44287109375	0.3	0.0	1	109451	n/a
53.451171875	0.3	1.0	2	109468	n/a
53.45947265625	0.3	0.0	1	109485	n/a
53.4677734375	0.3	0.0	1	109502	n/a
53.47607421875	0.3	1.0	2	109519	n/a
53.484375	0.3	1.0	2	109536	n/a
53.49267578125	0.3	0.0	1	109553	n/a
53.5009765625	0.3	0.0	1	109570	n/a
53.50927734375	0.3	1.0	2	109587	n/a
53.517578125	0.3	0.0	1	109604	n/a
53.52587890625	0.3	1.0	2	109621	n/a
53.5341796875	0.3	1.0	2	109638	n/a
53.54248046875	0.3	0.0	1	109655	n/a
53.55078125	0.3	0.0	1	109672	n/a
53.5595703125	0.3	1.0	2	109690	n/a
53.56787109375	0.3	1.0	2	109707	n/a
53.576171875	0.3	0.0	1	109724	n/a
53.58447265625	0.3	1.0	2	109741	n/a
53.5927734375	0.3	0.0	1	109758	n/a
53.60107421875	0.3	1.0	2	109775	n/a
53.609375	0.3	0.0	1	109792	n/a
53.61767578125	0.3	1.0	2	109809	n/a
53.6259765625	0.3	0.0	1	109826	n/a
53.63427734375	0.3	1.0	2	109843	n/a
53.642578125	0.3	0.0	1	109860	n/a
53.65087890625	0.3	0.0	1	109877	n/a
53.6591796875	0.3	1.0	2	109894	n/a
53.66748046875	0.3	1.0	2	109911	n/a
53.67578125	0.3	0.0	1	109928	n/a
53.6845703125	0.3	1.0	2	109946	n/a
53.69287109375	0.3	0.0	1	109963	n/a
53.701171875	0.3	0.0	1	109980	n/a
53.70947265625	0.3	1.0	2	109997	n/a
53.7177734375	0.3	1.0	2	110014	n/a
53.72607421875	0.3	0.0	1	110031	n/a
53.734375	0.3	0.0	1	110048	n/a
53.74267578125	0.3	1.0	2	110065	n/a
53.7509765625	0.3	1.0	2	110082	n/a
53.75927734375	0.3	0.0	1	110099	n/a
53.767578125	0.3	1.0	2	110116	n/a
53.77587890625	0.3	0.0	1	110133	n/a
53.7841796875	0.3	0.0	1	110150	n/a
53.79248046875	0.3	1.0	2	110167	n/a
53.80078125	0.3	0.0	1	110184	n/a
53.8095703125	0.3	1.0	2	110202	n/a
53.81787109375	0.3	0.0	1	110219	n/a
53.826171875	0.3	1.0	2	110236	n/a
53.83447265625	0.3	1.0	2	110253	n/a
53.8427734375	0.3	0.0	1	110270	n/a
53.85107421875	0.3	0.0	1	110287	n/a
53.859375	0.3	1.0	2	110304	n/a
53.86767578125	0.3	1.0	2	110321	n/a
53.8759765625	0.3	0.0	1	110338	n/a
53.88427734375	0.3	1.0	2	110355	n/a
53.892578125	0.3	0.0	1	110372	n/a
53.90087890625	0.3	1.0	2	110389	n/a
53.9091796875	0.3	0.0	1	110406	n/a
53.91748046875	0.3	0.0	1	110423	n/a
53.92578125	0.3	1.0	2	110440	n/a
53.9345703125	0.3	0.0	1	110458	n/a
53.94287109375	0.3	1.0	2	110475	n/a
53.951171875	0.3	0.0	1	110492	n/a
53.95947265625	0.3	1.0	2	110509	n/a
53.9677734375	0.3	0.0	1	110526	n/a
53.97607421875	0.3	1.0	2	110543	n/a
53.984375	0.3	1.0	2	110560	n/a
53.99267578125	0.3	0.0	1	110577	n/a
54.0009765625	0.3	1.0	2	110594	n/a
54.00927734375	0.3	0.0	1	110611	n/a
54.017578125	0.3	0.0	1	110628	n/a
54.02587890625	0.3	1.0	2	110645	n/a
54.0341796875	0.3	0.0	1	110662	n/a
54.04248046875	0.3	1.0	2	110679	n/a
54.05078125	0.3	0.0	1	110696	n/a
54.0595703125	0.3	1.0	2	110714	n/a
54.06787109375	0.3	1.0	2	110731	n/a
54.076171875	0.3	0.0	1	110748	n/a
54.08447265625	0.3	0.0	1	110765	n/a
54.0927734375	0.3	1.0	2	110782	n/a
54.10107421875	0.3	0.0	1	110799	n/a
54.109375	0.3	1.0	2	110816	n/a
54.11767578125	0.3	1.0	2	110833	n/a
54.1259765625	0.3	0.0	1	110850	n/a
54.13427734375	0.3	0.0	1	110867	n/a
54.142578125	0.3	1.0	2	110884	n/a
54.15087890625	0.3	0.0	1	110901	n/a
54.1591796875	0.3	1.0	2	110918	n/a
54.16748046875	0.3	1.0	2	110935	n/a
54.17578125	0.3	0.0	1	110952	n/a
54.1845703125	0.3	1.0	2	110970	n/a
54.19287109375	0.3	0.0	1	110987	n/a
54.201171875	0.3	1.0	2	111004	n/a
54.20947265625	0.3	0.0	1	111021	n/a
54.2177734375	0.3	0.0	1	111038	n/a
54.22607421875	0.3	1.0	2	111055	n/a
54.234375	0.3	1.0	2	111072	n/a
54.24267578125	0.3	0.0	1	111089	n/a
54.2509765625	0.3	0.0	1	111106	n/a
54.25927734375	0.3	1.0	2	111123	n/a
54.267578125	0.3	0.0	1	111140	n/a
54.27587890625	0.3	1.0	2	111157	n/a
54.2841796875	0.3	0.0	1	111174	n/a
54.29248046875	0.3	1.0	2	111191	n/a
54.30078125	0.3	0.0	1	111208	n/a
54.3095703125	0.3	1.0	2	111226	n/a
54.31787109375	0.3	0.0	1	111243	n/a
54.326171875	0.3	1.0	2	111260	n/a
54.33447265625	0.3	1.0	2	111277	n/a
54.3427734375	0.3	0.0	1	111294	n/a
54.35107421875	0.3	0.0	1	111311	n/a
54.359375	0.3	1.0	2	111328	n/a
54.36767578125	0.3	0.0	1	111345	n/a
54.3759765625	0.3	1.0	2	111362	n/a
54.38427734375	0.3	0.0	1	111379	n/a
54.392578125	0.3	1.0	2	111396	n/a
54.40087890625	0.3	1.0	2	111413	n/a
54.4091796875	0.3	0.0	1	111430	n/a
54.41748046875	0.3	1.0	2	111447	n/a
54.42578125	0.3	0.0	1	111464	n/a
54.4345703125	0.3	1.0	2	111482	n/a
54.44287109375	0.3	0.0	1	111499	n/a
54.451171875	0.3	0.0	1	111516	n/a
54.45947265625	0.3	1.0	2	111533	n/a
54.4677734375	0.3	1.0	2	111550	n/a
54.47607421875	0.3	0.0	1	111567	n/a
54.484375	0.3	1.0	2	111584	n/a
54.49267578125	0.3	0.0	1	111601	n/a
54.5009765625	0.3	1.0	2	111618	n/a
54.50927734375	0.3	0.0	1	111635	n/a
54.517578125	0.3	0.0	1	111652	n/a
54.52587890625	0.3	1.0	2	111669	n/a
54.5341796875	0.3	1.0	2	111686	n/a
54.54248046875	0.3	0.0	1	111703	n/a
54.55078125	0.3	0.0	1	111720	n/a
54.5595703125	0.3	1.0	2	111738	n/a
54.56787109375	0.3	0.0	1	111755	n/a
54.576171875	0.3	1.0	2	111772	n/a
54.58447265625	0.3	1.0	2	111789	n/a
54.5927734375	0.3	0.0	1	111806	n/a
54.60107421875	0.3	0.0	1	111823	n/a
54.609375	0.3	1.0	2	111840	n/a
54.61767578125	0.3	1.0	2	111857	n/a
54.6259765625	0.3	0.0	1	111874	n/a
54.63427734375	0.3	1.0	2	111891	n/a
54.642578125	0.3	0.0	1	111908	n/a
54.65087890625	0.3	1.0	2	111925	n/a
54.6591796875	0.3	0.0	1	111942	n/a
54.66748046875	0.3	1.0	2	111959	n/a
54.67578125	0.3	0.0	1	111976	n/a
54.6845703125	0.3	1.0	2	111994	n/a
54.69287109375	0.3	0.0	1	112011	n/a
54.701171875	0.3	0.0	1	112028	n/a
54.70947265625	0.3	1.0	2	112045	n/a
54.7177734375	0.3	1.0	2	112062	n/a
54.72607421875	0.3	0.0	1	112079	n/a
54.734375	0.3	1.0	2	112096	n/a
54.74267578125	0.3	0.0	1	112113	n/a
54.7509765625	0.3	0.0	1	112130	n/a
54.75927734375	0.3	1.0	2	112147	n/a
54.767578125	0.3	1.0	2	112164	n/a
54.77587890625	0.3	0.0	1	112181	n/a
54.7841796875	0.3	0.0	1	112198	n/a
54.79248046875	0.3	1.0	2	112215	n/a
54.80078125	0.3	1.0	2	112232	n/a
54.8095703125	0.3	0.0	1	112250	n/a
54.81787109375	0.3	1.0	2	112267	n/a
54.826171875	0.3	0.0	1	112284	n/a
54.83447265625	0.3	0.0	1	112301	n/a
54.8427734375	0.3	1.0	2	112318	n/a
54.85107421875	0.3	0.0	1	112335	n/a
54.859375	0.3	1.0	2	112352	n/a
54.86767578125	0.3	0.0	1	112369	n/a
54.8759765625	0.3	1.0	2	112386	n/a
54.88427734375	0.3	1.0	2	112403	n/a
54.892578125	0.3	0.0	1	112420	n/a
54.90087890625	0.3	0.0	1	112437	n/a
54.9091796875	0.3	1.0	2	112454	n/a
54.91748046875	0.3	1.0	2	112471	n/a
54.92578125	0.3	0.0	1	112488	n/a
54.9345703125	0.3	1.0	2	112506	n/a
54.94287109375	0.3	0.0	1	112523	n/a
54.951171875	0.3	1.0	2	112540	n/a
54.95947265625	0.3	0.0	1	112557	n/a
54.9677734375	0.3	0.0	1	112574	n/a
54.97607421875	0.3	1.0	2	112591	n/a
54.984375	0.3	0.0	1	112608	n/a
54.99267578125	0.3	1.0	2	112625	n/a
55.0009765625	0.3	0.0	1	112642	n/a
55.00927734375	0.3	1.0	2	112659	n/a
55.017578125	0.3	0.0	1	112676	n/a
55.02587890625	0.3	1.0	2	112693	n/a
55.0341796875	0.3	1.0	2	112710	n/a
55.04248046875	0.3	0.0	1	112727	n/a
55.05078125	0.3	1.0	2	112744	n/a
55.0595703125	0.3	0.0	1	112762	n/a
55.06787109375	0.3	0.0	1	112779	n/a
55.076171875	0.3	1.0	2	112796	n/a
55.08447265625	0.3	0.0	1	112813	n/a
55.0927734375	0.3	1.0	2	112830	n/a
55.10107421875	0.3	0.0	1	112847	n/a
55.109375	0.3	1.0	2	112864	n/a
55.11767578125	0.3	1.0	2	112881	n/a
55.1259765625	0.3	0.0	1	112898	n/a
55.13427734375	0.3	0.0	1	112915	n/a
55.142578125	0.3	1.0	2	112932	n/a
55.15087890625	0.3	0.0	1	112949	n/a
55.1591796875	0.3	1.0	2	112966	n/a
55.16748046875	0.3	1.0	2	112983	n/a
55.17578125	0.3	0.0	1	113000	n/a
55.1845703125	0.3	0.0	1	113018	n/a
55.19287109375	0.3	1.0	2	113035	n/a
55.201171875	0.3	0.0	1	113052	n/a
55.20947265625	0.3	1.0	2	113069	n/a
55.2177734375	0.3	1.0	2	113086	n/a
55.22607421875	0.3	0.0	1	113103	n/a
55.234375	0.3	1.0	2	113120	n/a
55.24267578125	0.3	0.0	1	113137	n/a
55.2509765625	0.3	1.0	2	113154	n/a
55.25927734375	0.3	0.0	1	113171	n/a
55.267578125	0.3	0.0	1	113188	n/a
55.27587890625	0.3	1.0	2	113205	n/a
55.2841796875	0.3	1.0	2	113222	n/a
55.29248046875	0.3	0.0	1	113239	n/a
55.30078125	0.3	0.0	1	113256	n/a
55.3095703125	0.3	1.0	2	113274	n/a
55.31787109375	0.3	0.0	1	113291	n/a
55.326171875	0.3	1.0	2	113308	n/a
55.33447265625	0.3	0.0	1	113325	n/a
55.3427734375	0.3	1.0	2	113342	n/a
55.35107421875	0.3	0.0	1	113359	n/a
55.359375	0.3	1.0	2	113376	n/a
55.36767578125	0.3	0.0	1	113393	n/a
55.3759765625	0.3	1.0	2	113410	n/a
55.38427734375	0.3	1.0	2	113427	n/a
55.392578125	0.3	0.0	1	113444	n/a
55.40087890625	0.3	0.0	1	113461	n/a
55.4091796875	0.3	1.0	2	113478	n/a
55.41748046875	0.3	0.0	1	113495	n/a
55.42578125	0.3	1.0	2	113512	n/a
55.4345703125	0.3	0.0	1	113530	n/a
55.44287109375	0.3	1.0	2	113547	n/a
55.451171875	0.3	1.0	2	113564	n/a
55.45947265625	0.3	0.0	1	113581	n/a
55.4677734375	0.3	1.0	2	113598	n/a
55.47607421875	0.3	0.0	1	113615	n/a
55.484375	0.3	1.0	2	113632	n/a
55.49267578125	0.3	0.0	1	113649	n/a
55.5009765625	0.3	0.0	1	113666	n/a
55.50927734375	0.3	1.0	2	113683	n/a
55.517578125	0.3	1.0	2	113700	n/a
55.52587890625	0.3	0.0	1	113717	n/a
55.5341796875	0.3	1.0	2	113734	n/a
55.54248046875	0.3	0.0	1	113751	n/a
55.55078125	0.3	1.0	2	113768	n/a
55.5595703125	0.3	0.0	1	113786	n/a
55.56787109375	0.3	0.0	1	113803	n/a
55.576171875	0.3	1.0	2	113820	n/a
55.58447265625	0.3	1.0	2	113837	n/a
55.5927734375	0.3	0.0	1	113854	n/a
55.60107421875	0.3	0.0	1	113871	n/a
55.609375	0.3	1.0	2	113888	n/a
55.61767578125	0.3	0.0	1	113905	n/a
55.6259765625	0.3	1.0	2	113922	n/a
55.63427734375	0.3	1.0	2	113939	n/a
55.642578125	0.3	0.0	1	113956	n/a
55.65087890625	0.3	0.0	1	113973	n/a
55.6591796875	0.3	1.0	2	113990	n/a
55.66748046875	0.3	1.0	2	114007	n/a
55.67578125	0.3	0.0	1	114024	n/a
55.6845703125	0.3	1.0	2	114042	n/a
55.69287109375	0.3	0.0	1	114059	n/a
55.701171875	0.3	1.0	2	114076	n/a
55.70947265625	0.3	0.0	1	114093	n/a
55.7177734375	0.3	1.0	2	114110	n/a
55.72607421875	0.3	0.0	1	114127	n/a
55.734375	0.3	1.0	2	114144	n/a
55.74267578125	0.3	0.0	1	114161	n/a
55.7509765625	0.3	0.0	1	114178	n/a
55.75927734375	0.3	1.0	2	114195	n/a
55.767578125	0.3	1.0	2	114212	n/a
55.77587890625	0.3	0.0	1	114229	n/a
55.7841796875	0.3	1.0	2	114246	n/a
55.79248046875	0.3	0.0	1	114263	n/a
55.80078125	0.3	0.0	1	114280	n/a
55.8095703125	0.3	1.0	2	114298	n/a
55.81787109375	0.3	1.0	2	114315	n/a
55.826171875	0.3	0.0	1	114332	n/a
55.83447265625	0.3	0.0	1	114349	n/a
55.8427734375	0.3	1.0	2	114366	n/a
55.85107421875	0.3	1.0	2	114383	n/a
55.859375	0.3	0.0	1	114400	n/a
55.86767578125	0.3	1.0	2	114417	n/a
55.8759765625	0.3	0.0	1	114434	n/a
55.88427734375	0.3	0.0	1	114451	n/a
55.892578125	0.3	1.0	2	114468	n/a
55.90087890625	0.3	0.0	1	114485	n/a
55.9091796875	0.3	1.0	2	114502	n/a
55.91748046875	0.3	0.0	1	114519	n/a
55.92578125	0.3	1.0	2	114536	n/a
55.9345703125	0.3	1.0	2	114554	n/a
55.94287109375	0.3	0.0	1	114571	n/a
55.951171875	0.3	0.0	1	114588	n/a
55.95947265625	0.3	1.0	2	114605	n/a
55.9677734375	0.3	1.0	2	114622	n/a
55.97607421875	0.3	0.0	1	114639	n/a
55.984375	0.3	1.0	2	114656	n/a
55.99267578125	0.3	0.0	1	114673	n/a
56.0009765625	0.3	1.0	2	114690	n/a
56.00927734375	0.3	0.0	1	114707	n/a
56.017578125	0.3	0.0	1	114724	n/a
56.02587890625	0.3	1.0	2	114741	n/a
56.0341796875	0.3	0.0	1	114758	n/a
56.04248046875	0.3	1.0	2	114775	n/a
56.05078125	0.3	0.0	1	114792	n/a
56.0595703125	0.3	1.0	2	114810	n/a
56.06787109375	0.3	0.0	1	114827	n/a
56.076171875	0.3	1.0	2	114844	n/a
56.08447265625	0.3	1.0	2	114861	n/a
56.0927734375	0.3	0.0	1	114878	n/a
56.10107421875	0.3	1.0	2	114895	n/a
56.109375	0.3	0.0	1	114912	n/a
56.11767578125	0.3	0.0	1	114929	n/a
56.1259765625	0.3	1.0	2	114946	n/a
56.13427734375	0.3	0.0	1	114963	n/a
56.142578125	0.3	1.0	2	114980	n/a
56.15087890625	0.3	0.0	1	114997	n/a
56.1591796875	0.3	1.0	2	115014	n/a
56.16748046875	0.3	1.0	2	115031	n/a
56.17578125	0.3	0.0	1	115048	n/a
56.1845703125	0.3	0.0	1	115066	n/a
56.19287109375	0.3	1.0	2	115083	n/a
56.201171875	0.3	0.0	1	115100	n/a
56.20947265625	0.3	1.0	2	115117	n/a
56.2177734375	0.3	1.0	2	115134	n/a
56.22607421875	0.3	0.0	1	115151	n/a
56.234375	0.3	0.0	1	115168	n/a
56.24267578125	0.3	1.0	2	115185	n/a
56.2509765625	0.3	0.0	1	115202	n/a
56.25927734375	0.3	1.0	2	115219	n/a
56.267578125	0.3	1.0	2	115236	n/a
56.27587890625	0.3	0.0	1	115253	n/a
56.2841796875	0.3	1.0	2	115270	n/a
56.29248046875	0.3	0.0	1	115287	n/a
56.30078125	0.3	1.0	2	115304	n/a
56.3095703125	0.3	0.0	1	115322	n/a
58.69384765625	0.3	0.0	1	120205	35.0
58.7021484375	0.3	1.0	2	120222	n/a
58.71044921875	0.3	0.0	1	120239	n/a
58.71875	0.3	1.0	2	120256	n/a
58.72705078125	0.3	1.0	2	120273	n/a
58.7353515625	0.3	0.0	1	120290	n/a
58.74365234375	0.3	0.0	1	120307	n/a
58.751953125	0.3	1.0	2	120324	n/a
58.7607421875	0.3	0.0	1	120342	n/a
58.76904296875	0.3	1.0	2	120359	n/a
58.77734375	0.3	0.0	1	120376	n/a
58.78564453125	0.3	1.0	2	120393	n/a
58.7939453125	0.3	1.0	2	120410	n/a
58.80224609375	0.3	0.0	1	120427	n/a
58.810546875	0.3	1.0	2	120444	n/a
58.81884765625	0.3	0.0	1	120461	n/a
58.8271484375	0.3	0.0	1	120478	n/a
58.83544921875	0.3	1.0	2	120495	n/a
58.84375	0.3	1.0	2	120512	n/a
58.85205078125	0.3	0.0	1	120529	n/a
58.8603515625	0.3	0.0	1	120546	n/a
58.86865234375	0.3	1.0	2	120563	n/a
58.876953125	0.3	1.0	2	120580	n/a
58.8857421875	0.3	0.0	1	120598	n/a
58.89404296875	0.3	1.0	2	120615	n/a
58.90234375	0.3	0.0	1	120632	n/a
58.91064453125	0.3	1.0	2	120649	n/a
58.9189453125	0.3	0.0	1	120666	n/a
58.92724609375	0.3	1.0	2	120683	n/a
58.935546875	0.3	0.0	1	120700	n/a
58.94384765625	0.3	0.0	1	120717	n/a
58.9521484375	0.3	1.0	2	120734	n/a
58.96044921875	0.3	0.0	1	120751	n/a
58.96875	0.3	1.0	2	120768	n/a
58.97705078125	0.3	1.0	2	120785	n/a
58.9853515625	0.3	0.0	1	120802	n/a
58.99365234375	0.3	0.0	1	120819	n/a
59.001953125	0.3	1.0	2	120836	n/a
59.0107421875	0.3	1.0	2	120854	n/a
59.01904296875	0.3	0.0	1	120871	n/a
59.02734375	0.3	0.0	1	120888	n/a
59.03564453125	0.3	1.0	2	120905	n/a
59.0439453125	0.3	0.0	1	120922	n/a
59.05224609375	0.3	1.0	2	120939	n/a
59.060546875	0.3	0.0	1	120956	n/a
59.06884765625	0.3	1.0	2	120973	n/a
59.0771484375	0.3	0.0	1	120990	n/a
59.08544921875	0.3	1.0	2	121007	n/a
59.09375	0.3	0.0	1	121024	n/a
59.10205078125	0.3	1.0	2	121041	n/a
59.1103515625	0.3	0.0	1	121058	n/a
59.11865234375	0.3	1.0	2	121075	n/a
59.126953125	0.3	0.0	1	121092	n/a
59.1357421875	0.3	1.0	2	121110	n/a
59.14404296875	0.3	0.0	1	121127	n/a
59.15234375	0.3	1.0	2	121144	n/a
59.16064453125	0.3	0.0	1	121161	n/a
59.1689453125	0.3	1.0	2	121178	n/a
59.17724609375	0.3	1.0	2	121195	n/a
59.185546875	0.3	0.0	1	121212	n/a
59.19384765625	0.3	1.0	2	121229	n/a
59.2021484375	0.3	0.0	1	121246	n/a
59.21044921875	0.3	1.0	2	121263	n/a
59.21875	0.3	0.0	1	121280	n/a
59.22705078125	0.3	1.0	2	121297	n/a
59.2353515625	0.3	0.0	1	121314	n/a
59.24365234375	0.3	1.0	2	121331	n/a
59.251953125	0.3	0.0	1	121348	n/a
59.2607421875	0.3	1.0	2	121366	n/a
59.26904296875	0.3	0.0	1	121383	n/a
59.27734375	0.3	1.0	2	121400	n/a
59.28564453125	0.3	0.0	1	121417	n/a
59.2939453125	0.3	0.0	1	121434	n/a
59.30224609375	0.3	1.0	2	121451	n/a
59.310546875	0.3	0.0	1	121468	n/a
59.31884765625	0.3	1.0	2	121485	n/a
59.3271484375	0.3	0.0	1	121502	n/a
59.33544921875	0.3	1.0	2	121519	n/a
59.34375	0.3	0.0	1	121536	n/a
59.35205078125	0.3	1.0	2	121553	n/a
59.3603515625	0.3	0.0	1	121570	n/a
59.36865234375	0.3	1.0	2	121587	n/a
59.376953125	0.3	1.0	2	121604	n/a
59.3857421875	0.3	0.0	1	121622	n/a
59.39404296875	0.3	1.0	2	121639	n/a
59.40234375	0.3	0.0	1	121656	n/a
59.41064453125	0.3	1.0	2	121673	n/a
59.4189453125	0.3	0.0	1	121690	n/a
59.42724609375	0.3	0.0	1	121707	n/a
59.435546875	0.3	1.0	2	121724	n/a
59.44384765625	0.3	1.0	2	121741	n/a
59.4521484375	0.3	0.0	1	121758	n/a
59.46044921875	0.3	1.0	2	121775	n/a
59.46875	0.3	0.0	1	121792	n/a
59.47705078125	0.3	1.0	2	121809	n/a
59.4853515625	0.3	0.0	1	121826	n/a
59.49365234375	0.3	0.0	1	121843	n/a
59.501953125	0.3	1.0	2	121860	n/a
59.5107421875	0.3	0.0	1	121878	n/a
59.51904296875	0.3	1.0	2	121895	n/a
59.52734375	0.3	0.0	1	121912	n/a
59.53564453125	0.3	1.0	2	121929	n/a
59.5439453125	0.3	1.0	2	121946	n/a
59.55224609375	0.3	0.0	1	121963	n/a
59.560546875	0.3	0.0	1	121980	n/a
59.56884765625	0.3	1.0	2	121997	n/a
59.5771484375	0.3	1.0	2	122014	n/a
59.58544921875	0.3	0.0	1	122031	n/a
59.59375	0.3	1.0	2	122048	n/a
59.60205078125	0.3	0.0	1	122065	n/a
59.6103515625	0.3	1.0	2	122082	n/a
59.61865234375	0.3	0.0	1	122099	n/a
59.626953125	0.3	1.0	2	122116	n/a
59.6357421875	0.3	0.0	1	122134	n/a
59.64404296875	0.3	1.0	2	122151	n/a
59.65234375	0.3	0.0	1	122168	n/a
59.66064453125	0.3	1.0	2	122185	n/a
59.6689453125	0.3	0.0	1	122202	n/a
59.67724609375	0.3	0.0	1	122219	n/a
59.685546875	0.3	1.0	2	122236	n/a
59.69384765625	0.3	1.0	2	122253	n/a
59.7021484375	0.3	0.0	1	122270	n/a
59.71044921875	0.3	0.0	1	122287	n/a
59.71875	0.3	1.0	2	122304	n/a
59.72705078125	0.3	0.0	1	122321	n/a
59.7353515625	0.3	1.0	2	122338	n/a
59.74365234375	0.3	0.0	1	122355	n/a
59.751953125	0.3	1.0	2	122372	n/a
59.7607421875	0.3	0.0	1	122390	n/a
59.76904296875	0.3	1.0	2	122407	n/a
59.77734375	0.3	1.0	2	122424	n/a
59.78564453125	0.3	0.0	1	122441	n/a
59.7939453125	0.3	0.0	1	122458	n/a
59.80224609375	0.3	1.0	2	122475	n/a
59.810546875	0.3	0.0	1	122492	n/a
59.81884765625	0.3	1.0	2	122509	n/a
59.8271484375	0.3	0.0	1	122526	n/a
59.83544921875	0.3	1.0	2	122543	n/a
59.84375	0.3	1.0	2	122560	n/a
59.85205078125	0.3	0.0	1	122577	n/a
59.8603515625	0.3	1.0	2	122594	n/a
59.86865234375	0.3	0.0	1	122611	n/a
59.876953125	0.3	0.0	1	122628	n/a
59.8857421875	0.3	1.0	2	122646	n/a
59.89404296875	0.3	1.0	2	122663	n/a
59.90234375	0.3	0.0	1	122680	n/a
59.91064453125	0.3	0.0	1	122697	n/a
59.9189453125	0.3	1.0	2	122714	n/a
59.92724609375	0.3	1.0	2	122731	n/a
59.935546875	0.3	0.0	1	122748	n/a
59.94384765625	0.3	1.0	2	122765	n/a
59.9521484375	0.3	0.0	1	122782	n/a
59.96044921875	0.3	1.0	2	122799	n/a
59.96875	0.3	0.0	1	122816	n/a
59.97705078125	0.3	1.0	2	122833	n/a
59.9853515625	0.3	0.0	1	122850	n/a
59.99365234375	0.3	0.0	1	122867	n/a
60.001953125	0.3	1.0	2	122884	n/a
60.0107421875	0.3	0.0	1	122902	n/a
60.01904296875	0.3	1.0	2	122919	n/a
60.02734375	0.3	1.0	2	122936	n/a
60.03564453125	0.3	0.0	1	122953	n/a
60.0439453125	0.3	0.0	1	122970	n/a
60.05224609375	0.3	1.0	2	122987	n/a
60.060546875	0.3	1.0	2	123004	n/a
60.06884765625	0.3	0.0	1	123021	n/a
60.0771484375	0.3	0.0	1	123038	n/a
60.08544921875	0.3	1.0	2	123055	n/a
60.09375	0.3	0.0	1	123072	n/a
60.10205078125	0.3	1.0	2	123089	n/a
60.1103515625	0.3	0.0	1	123106	n/a
60.11865234375	0.3	1.0	2	123123	n/a
60.126953125	0.3	0.0	1	123140	n/a
60.1357421875	0.3	1.0	2	123158	n/a
60.14404296875	0.3	0.0	1	123175	n/a
60.15234375	0.3	1.0	2	123192	n/a
60.16064453125	0.3	0.0	1	123209	n/a
60.1689453125	0.3	1.0	2	123226	n/a
60.17724609375	0.3	0.0	1	123243	n/a
60.185546875	0.3	1.0	2	123260	n/a
60.19384765625	0.3	0.0	1	123277	n/a
60.2021484375	0.3	1.0	2	123294	n/a
60.21044921875	0.3	0.0	1	123311	n/a
60.21875	0.3	1.0	2	123328	n/a
60.22705078125	0.3	1.0	2	123345	n/a
60.2353515625	0.3	0.0	1	123362	n/a
60.24365234375	0.3	1.0	2	123379	n/a
60.251953125	0.3	0.0	1	123396	n/a
60.2607421875	0.3	1.0	2	123414	n/a
60.26904296875	0.3	0.0	1	123431	n/a
60.27734375	0.3	1.0	2	123448	n/a
60.28564453125	0.3	0.0	1	123465	n/a
60.2939453125	0.3	1.0	2	123482	n/a
60.30224609375	0.3	0.0	1	123499	n/a
60.310546875	0.3	1.0	2	123516	n/a
60.31884765625	0.3	0.0	1	123533	n/a
60.3271484375	0.3	1.0	2	123550	n/a
60.33544921875	0.3	0.0	1	123567	n/a
60.34375	0.3	0.0	1	123584	n/a
60.35205078125	0.3	1.0	2	123601	n/a
60.3603515625	0.3	0.0	1	123618	n/a
60.36865234375	0.3	1.0	2	123635	n/a
60.376953125	0.3	0.0	1	123652	n/a
60.3857421875	0.3	1.0	2	123670	n/a
60.39404296875	0.3	0.0	1	123687	n/a
60.40234375	0.3	1.0	2	123704	n/a
60.41064453125	0.3	0.0	1	123721	n/a
60.4189453125	0.3	1.0	2	123738	n/a
60.42724609375	0.3	1.0	2	123755	n/a
60.435546875	0.3	0.0	1	123772	n/a
60.44384765625	0.3	1.0	2	123789	n/a
60.4521484375	0.3	0.0	1	123806	n/a
60.46044921875	0.3	1.0	2	123823	n/a
60.46875	0.3	0.0	1	123840	n/a
60.47705078125	0.3	0.0	1	123857	n/a
60.4853515625	0.3	1.0	2	123874	n/a
60.49365234375	0.3	1.0	2	123891	n/a
60.501953125	0.3	0.0	1	123908	n/a
60.5107421875	0.3	1.0	2	123926	n/a
60.51904296875	0.3	0.0	1	123943	n/a
60.52734375	0.3	1.0	2	123960	n/a
60.53564453125	0.3	0.0	1	123977	n/a
60.5439453125	0.3	0.0	1	123994	n/a
60.55224609375	0.3	1.0	2	124011	n/a
60.560546875	0.3	0.0	1	124028	n/a
60.56884765625	0.3	1.0	2	124045	n/a
60.5771484375	0.3	0.0	1	124062	n/a
60.58544921875	0.3	1.0	2	124079	n/a
60.59375	0.3	1.0	2	124096	n/a
60.60205078125	0.3	0.0	1	124113	n/a
60.6103515625	0.3	0.0	1	124130	n/a
60.61865234375	0.3	1.0	2	124147	n/a
60.626953125	0.3	1.0	2	124164	n/a
60.6357421875	0.3	0.0	1	124182	n/a
60.64404296875	0.3	1.0	2	124199	n/a
60.65234375	0.3	0.0	1	124216	n/a
60.66064453125	0.3	1.0	2	124233	n/a
60.6689453125	0.3	0.0	1	124250	n/a
60.67724609375	0.3	1.0	2	124267	n/a
60.685546875	0.3	0.0	1	124284	n/a
60.69384765625	0.3	1.0	2	124301	n/a
60.7021484375	0.3	0.0	1	124318	n/a
60.71044921875	0.3	1.0	2	124335	n/a
60.71875	0.3	0.0	1	124352	n/a
60.72705078125	0.3	0.0	1	124369	n/a
60.7353515625	0.3	1.0	2	124386	n/a
60.74365234375	0.3	1.0	2	124403	n/a
60.751953125	0.3	0.0	1	124420	n/a
60.7607421875	0.3	0.0	1	124438	n/a
60.76904296875	0.3	1.0	2	124455	n/a
60.77734375	0.3	0.0	1	124472	n/a
60.78564453125	0.3	1.0	2	124489	n/a
60.7939453125	0.3	0.0	1	124506	n/a
60.80224609375	0.3	1.0	2	124523	n/a
60.810546875	0.3	0.0	1	124540	n/a
60.81884765625	0.3	1.0	2	124557	n/a
60.8271484375	0.3	1.0	2	124574	n/a
60.83544921875	0.3	0.0	1	124591	n/a
60.84375	0.3	0.0	1	124608	n/a
60.85205078125	0.3	1.0	2	124625	n/a
60.8603515625	0.3	0.0	1	124642	n/a
60.86865234375	0.3	1.0	2	124659	n/a
60.876953125	0.3	0.0	1	124676	n/a
60.8857421875	0.3	1.0	2	124694	n/a
60.89404296875	0.3	1.0	2	124711	n/a
60.90234375	0.3	0.0	1	124728	n/a
60.91064453125	0.3	1.0	2	124745	n/a
60.9189453125	0.3	0.0	1	124762	n/a
60.92724609375	0.3	0.0	1	124779	n/a
60.935546875	0.3	1.0	2	124796	n/a
60.94384765625	0.3	1.0	2	124813	n/a
60.9521484375	0.3	0.0	1	124830	n/a
60.96044921875	0.3	0.0	1	124847	n/a
60.96875	0.3	1.0	2	124864	n/a
60.97705078125	0.3	1.0	2	124881	n/a
60.9853515625	0.3	0.0	1	124898	n/a
60.99365234375	0.3	1.0	2	124915	n/a
61.001953125	0.3	0.0	1	124932	n/a
61.0107421875	0.3	1.0	2	124950	n/a
61.01904296875	0.3	0.0	1	124967	n/a
61.02734375	0.3	1.0	2	124984	n/a
61.03564453125	0.3	0.0	1	125001	n/a
61.0439453125	0.3	0.0	1	125018	n/a
61.05224609375	0.3	1.0	2	125035	n/a
61.060546875	0.3	0.0	1	125052	n/a
61.06884765625	0.3	1.0	2	125069	n/a
61.0771484375	0.3	1.0	2	125086	n/a
61.08544921875	0.3	0.0	1	125103	n/a
61.09375	0.3	0.0	1	125120	n/a
61.10205078125	0.3	1.0	2	125137	n/a
61.1103515625	0.3	1.0	2	125154	n/a
61.11865234375	0.3	0.0	1	125171	n/a
61.126953125	0.3	0.0	1	125188	n/a
61.1357421875	0.3	1.0	2	125206	n/a
61.14404296875	0.3	0.0	1	125223	n/a
61.15234375	0.3	1.0	2	125240	n/a
61.16064453125	0.3	0.0	1	125257	n/a
61.1689453125	0.3	1.0	2	125274	n/a
61.17724609375	0.3	0.0	1	125291	n/a
61.185546875	0.3	1.0	2	125308	n/a
61.19384765625	0.3	0.0	1	125325	n/a
61.2021484375	0.3	1.0	2	125342	n/a
61.21044921875	0.3	0.0	1	125359	n/a
61.21875	0.3	1.0	2	125376	n/a
61.22705078125	0.3	0.0	1	125393	n/a
61.2353515625	0.3	1.0	2	125410	n/a
61.24365234375	0.3	0.0	1	125427	n/a
61.251953125	0.3	1.0	2	125444	n/a
61.2607421875	0.3	0.0	1	125462	n/a
61.26904296875	0.3	1.0	2	125479	n/a
61.27734375	0.3	1.0	2	125496	n/a
61.28564453125	0.3	0.0	1	125513	n/a
61.2939453125	0.3	1.0	2	125530	n/a
61.30224609375	0.3	0.0	1	125547	n/a
61.310546875	0.3	1.0	2	125564	n/a
61.31884765625	0.3	0.0	1	125581	n/a
61.3271484375	0.3	1.0	2	125598	n/a
61.33544921875	0.3	0.0	1	125615	n/a
61.34375	0.3	1.0	2	125632	n/a
61.35205078125	0.3	0.0	1	125649	n/a
61.3603515625	0.3	1.0	2	125666	n/a
61.36865234375	0.3	0.0	1	125683	n/a
61.376953125	0.3	1.0	2	125700	n/a
61.3857421875	0.3	0.0	1	125718	n/a
61.39404296875	0.3	0.0	1	125735	n/a
61.40234375	0.3	1.0	2	125752	n/a
61.41064453125	0.3	0.0	1	125769	n/a
61.4189453125	0.3	1.0	2	125786	n/a
61.42724609375	0.3	0.0	1	125803	n/a
61.435546875	0.3	1.0	2	125820	n/a
61.44384765625	0.3	0.0	1	125837	n/a
61.4521484375	0.3	1.0	2	125854	n/a
61.46044921875	0.3	0.0	1	125871	n/a
61.46875	0.3	1.0	2	125888	n/a
61.47705078125	0.3	1.0	2	125905	n/a
61.4853515625	0.3	0.0	1	125922	n/a
61.49365234375	0.3	1.0	2	125939	n/a
61.501953125	0.3	0.0	1	125956	n/a
61.5107421875	0.3	1.0	2	125974	n/a
61.51904296875	0.3	0.0	1	125991	n/a
61.52734375	0.3	0.0	1	126008	n/a
61.53564453125	0.3	1.0	2	126025	n/a
61.5439453125	0.3	1.0	2	126042	n/a
61.55224609375	0.3	0.0	1	126059	n/a
61.560546875	0.3	1.0	2	126076	n/a
61.56884765625	0.3	0.0	1	126093	n/a
61.5771484375	0.3	1.0	2	126110	n/a
61.58544921875	0.3	0.0	1	126127	n/a
61.59375	0.3	0.0	1	126144	n/a
61.60205078125	0.3	1.0	2	126161	n/a
61.6103515625	0.3	0.0	1	126178	n/a
61.61865234375	0.3	1.0	2	126195	n/a
61.626953125	0.3	0.0	1	126212	n/a
61.6357421875	0.3	1.0	2	126230	n/a
61.64404296875	0.3	1.0	2	126247	n/a
61.65234375	0.3	0.0	1	126264	n/a
61.66064453125	0.3	0.0	1	126281	n/a
61.6689453125	0.3	1.0	2	126298	n/a
61.67724609375	0.3	1.0	2	126315	n/a
61.685546875	0.3	0.0	1	126332	n/a
61.69384765625	0.3	1.0	2	126349	n/a
61.7021484375	0.3	0.0	1	126366	n/a
61.71044921875	0.3	1.0	2	126383	n/a
61.71875	0.3	0.0	1	126400	n/a
61.72705078125	0.3	1.0	2	126417	n/a
61.7353515625	0.3	0.0	1	126434	n/a
61.74365234375	0.3	1.0	2	126451	n/a
61.751953125	0.3	0.0	1	126468	n/a
61.7607421875	0.3	1.0	2	126486	n/a
61.76904296875	0.3	0.0	1	126503	n/a
61.77734375	0.3	0.0	1	126520	n/a
61.78564453125	0.3	1.0	2	126537	n/a
61.7939453125	0.3	1.0	2	126554	n/a
61.80224609375	0.3	0.0	1	126571	n/a
61.810546875	0.3	0.0	1	126588	n/a
61.81884765625	0.3	1.0	2	126605	n/a
61.8271484375	0.3	0.0	1	126622	n/a
61.83544921875	0.3	1.0	2	126639	n/a
61.84375	0.3	0.0	1	126656	n/a
61.85205078125	0.3	1.0	2	126673	n/a
61.8603515625	0.3	0.0	1	126690	n/a
61.86865234375	0.3	1.0	2	126707	n/a
61.876953125	0.3	1.0	2	126724	n/a
61.8857421875	0.3	0.0	1	126742	n/a
61.89404296875	0.3	0.0	1	126759	n/a
61.90234375	0.3	1.0	2	126776	n/a
61.91064453125	0.3	0.0	1	126793	n/a
61.9189453125	0.3	1.0	2	126810	n/a
61.92724609375	0.3	0.0	1	126827	n/a
61.935546875	0.3	1.0	2	126844	n/a
61.94384765625	0.3	1.0	2	126861	n/a
61.9521484375	0.3	0.0	1	126878	n/a
61.96044921875	0.3	1.0	2	126895	n/a
61.96875	0.3	0.0	1	126912	n/a
61.97705078125	0.3	0.0	1	126929	n/a
61.9853515625	0.3	1.0	2	126946	n/a
61.99365234375	0.3	1.0	2	126963	n/a
62.001953125	0.3	0.0	1	126980	n/a
62.0107421875	0.3	0.0	1	126998	n/a
62.01904296875	0.3	1.0	2	127015	n/a
62.02734375	0.3	1.0	2	127032	n/a
62.03564453125	0.3	0.0	1	127049	n/a
62.0439453125	0.3	1.0	2	127066	n/a
62.05224609375	0.3	0.0	1	127083	n/a
62.060546875	0.3	1.0	2	127100	n/a
62.06884765625	0.3	0.0	1	127117	n/a
62.0771484375	0.3	1.0	2	127134	n/a
62.08544921875	0.3	0.0	1	127151	n/a
62.09375	0.3	0.0	1	127168	n/a
62.10205078125	0.3	1.0	2	127185	n/a
62.1103515625	0.3	0.0	1	127202	n/a
62.11865234375	0.3	1.0	2	127219	n/a
62.126953125	0.3	1.0	2	127236	n/a
62.1357421875	0.3	0.0	1	127254	n/a
62.14404296875	0.3	0.0	1	127271	n/a
62.15234375	0.3	1.0	2	127288	n/a
62.16064453125	0.3	1.0	2	127305	n/a
62.1689453125	0.3	0.0	1	127322	n/a
62.17724609375	0.3	0.0	1	127339	n/a
62.185546875	0.3	1.0	2	127356	n/a
62.19384765625	0.3	0.0	1	127373	n/a
62.2021484375	0.3	1.0	2	127390	n/a
62.21044921875	0.3	0.0	1	127407	n/a
62.21875	0.3	1.0	2	127424	n/a
62.22705078125	0.3	0.0	1	127441	n/a
62.2353515625	0.3	1.0	2	127458	n/a
62.24365234375	0.3	0.0	1	127475	n/a
62.251953125	0.3	1.0	2	127492	n/a
62.2607421875	0.3	0.0	1	127510	n/a
62.26904296875	0.3	1.0	2	127527	n/a
62.27734375	0.3	0.0	1	127544	n/a
62.28564453125	0.3	1.0	2	127561	n/a
62.2939453125	0.3	0.0	1	127578	n/a
62.30224609375	0.3	1.0	2	127595	n/a
62.310546875	0.3	0.0	1	127612	n/a
62.31884765625	0.3	1.0	2	127629	n/a
62.3271484375	0.3	1.0	2	127646	n/a
62.33544921875	0.3	0.0	1	127663	n/a
62.34375	0.3	1.0	2	127680	n/a
62.35205078125	0.3	0.0	1	127697	n/a
62.3603515625	0.3	1.0	2	127714	n/a
62.36865234375	0.3	0.0	1	127731	n/a
62.376953125	0.3	1.0	2	127748	n/a
62.3857421875	0.3	0.0	1	127766	n/a
62.39404296875	0.3	1.0	2	127783	n/a
62.40234375	0.3	0.0	1	127800	n/a
62.41064453125	0.3	1.0	2	127817	n/a
62.4189453125	0.3	0.0	1	127834	n/a
62.42724609375	0.3	1.0	2	127851	n/a
62.435546875	0.3	0.0	1	127868	n/a
62.44384765625	0.3	0.0	1	127885	n/a
62.4521484375	0.3	1.0	2	127902	n/a
62.46044921875	0.3	0.0	1	127919	n/a
62.46875	0.3	1.0	2	127936	n/a
62.47705078125	0.3	0.0	1	127953	n/a
62.4853515625	0.3	1.0	2	127970	n/a
62.49365234375	0.3	0.0	1	127987	n/a
62.501953125	0.3	1.0	2	128004	n/a
62.5107421875	0.3	0.0	1	128022	n/a
62.51904296875	0.3	1.0	2	128039	n/a
62.52734375	0.3	1.0	2	128056	n/a
62.53564453125	0.3	0.0	1	128073	n/a
62.5439453125	0.3	1.0	2	128090	n/a
62.55224609375	0.3	0.0	1	128107	n/a
62.560546875	0.3	1.0	2	128124	n/a
62.56884765625	0.3	0.0	1	128141	n/a
62.5771484375	0.3	0.0	1	128158	n/a
62.58544921875	0.3	1.0	2	128175	n/a
62.59375	0.3	1.0	2	128192	n/a
62.60205078125	0.3	0.0	1	128209	n/a
62.6103515625	0.3	1.0	2	128226	n/a
62.61865234375	0.3	0.0	1	128243	n/a
62.626953125	0.3	1.0	2	128260	n/a
62.6357421875	0.3	0.0	1	128278	n/a
62.64404296875	0.3	0.0	1	128295	n/a
62.65234375	0.3	1.0	2	128312	n/a
62.66064453125	0.3	0.0	1	128329	n/a
62.6689453125	0.3	1.0	2	128346	n/a
62.67724609375	0.3	0.0	1	128363	n/a
62.685546875	0.3	1.0	2	128380	n/a
62.69384765625	0.3	1.0	2	128397	n/a
62.7021484375	0.3	0.0	1	128414	n/a
62.71044921875	0.3	0.0	1	128431	n/a
62.71875	0.3	1.0	2	128448	n/a
62.72705078125	0.3	1.0	2	128465	n/a
62.7353515625	0.3	0.0	1	128482	n/a
62.74365234375	0.3	1.0	2	128499	n/a
62.751953125	0.3	0.0	1	128516	n/a
62.7607421875	0.3	1.0	2	128534	n/a
62.76904296875	0.3	0.0	1	128551	n/a
62.77734375	0.3	1.0	2	128568	n/a
62.78564453125	0.3	0.0	1	128585	n/a
62.7939453125	0.3	1.0	2	128602	n/a
62.80224609375	0.3	0.0	1	128619	n/a
62.810546875	0.3	1.0	2	128636	n/a
62.81884765625	0.3	0.0	1	128653	n/a
62.8271484375	0.3	0.0	1	128670	n/a
62.83544921875	0.3	1.0	2	128687	n/a
62.84375	0.3	1.0	2	128704	n/a
62.85205078125	0.3	0.0	1	128721	n/a
62.8603515625	0.3	0.0	1	128738	n/a
62.86865234375	0.3	1.0	2	128755	n/a
62.876953125	0.3	0.0	1	128772	n/a
62.8857421875	0.3	1.0	2	128790	n/a
65.26123046875	0.3	1.0	2	133655	22.0
65.26953125	0.3	0.0	1	133672	n/a
65.27783203125	0.3	0.0	1	133689	n/a
65.2861328125	0.3	1.0	2	133706	n/a
65.29443359375	0.3	1.0	2	133723	n/a
65.302734375	0.3	0.0	1	133740	n/a
65.31103515625	0.3	1.0	2	133757	n/a
65.3193359375	0.3	0.0	1	133774	n/a
65.328125	0.3	0.0	1	133792	n/a
65.33642578125	0.3	1.0	2	133809	n/a
65.3447265625	0.3	0.0	1	133826	n/a
65.35302734375	0.3	1.0	2	133843	n/a
65.361328125	0.3	1.0	2	133860	n/a
65.36962890625	0.3	0.0	1	133877	n/a
65.3779296875	0.3	1.0	2	133894	n/a
65.38623046875	0.3	0.0	1	133911	n/a
65.39453125	0.3	1.0	2	133928	n/a
65.40283203125	0.3	0.0	1	133945	n/a
65.4111328125	0.3	0.0	1	133962	n/a
65.41943359375	0.3	1.0	2	133979	n/a
65.427734375	0.3	1.0	2	133996	n/a
65.43603515625	0.3	0.0	1	134013	n/a
65.4443359375	0.3	1.0	2	134030	n/a
65.453125	0.3	0.0	1	134048	n/a
65.46142578125	0.3	1.0	2	134065	n/a
65.4697265625	0.3	0.0	1	134082	n/a
65.47802734375	0.3	1.0	2	134099	n/a
65.486328125	0.3	0.0	1	134116	n/a
65.49462890625	0.3	1.0	2	134133	n/a
65.5029296875	0.3	0.0	1	134150	n/a
65.51123046875	0.3	0.0	1	134167	n/a
65.51953125	0.3	1.0	2	134184	n/a
65.52783203125	0.3	1.0	2	134201	n/a
65.5361328125	0.3	0.0	1	134218	n/a
65.54443359375	0.3	1.0	2	134235	n/a
65.552734375	0.3	0.0	1	134252	n/a
65.56103515625	0.3	1.0	2	134269	n/a
65.5693359375	0.3	0.0	1	134286	n/a
65.578125	0.3	0.0	1	134304	n/a
65.58642578125	0.3	1.0	2	134321	n/a
65.5947265625	0.3	1.0	2	134338	n/a
65.60302734375	0.3	0.0	1	134355	n/a
65.611328125	0.3	1.0	2	134372	n/a
65.61962890625	0.3	0.0	1	134389	n/a
65.6279296875	0.3	1.0	2	134406	n/a
65.63623046875	0.3	0.0	1	134423	n/a
65.64453125	0.3	1.0	2	134440	n/a
65.65283203125	0.3	0.0	1	134457	n/a
65.6611328125	0.3	0.0	1	134474	n/a
65.66943359375	0.3	1.0	2	134491	n/a
65.677734375	0.3	0.0	1	134508	n/a
65.68603515625	0.3	1.0	2	134525	n/a
65.6943359375	0.3	1.0	2	134542	n/a
65.703125	0.3	0.0	1	134560	n/a
65.71142578125	0.3	0.0	1	134577	n/a
65.7197265625	0.3	1.0	2	134594	n/a
65.72802734375	0.3	1.0	2	134611	n/a
65.736328125	0.3	0.0	1	134628	n/a
65.74462890625	0.3	1.0	2	134645	n/a
65.7529296875	0.3	0.0	1	134662	n/a
65.76123046875	0.3	0.0	1	134679	n/a
65.76953125	0.3	1.0	2	134696	n/a
65.77783203125	0.3	1.0	2	134713	n/a
65.7861328125	0.3	0.0	1	134730	n/a
65.79443359375	0.3	1.0	2	134747	n/a
65.802734375	0.3	0.0	1	134764	n/a
65.81103515625	0.3	1.0	2	134781	n/a
65.8193359375	0.3	0.0	1	134798	n/a
65.828125	0.3	0.0	1	134816	n/a
65.83642578125	0.3	1.0	2	134833	n/a
65.8447265625	0.3	0.0	1	134850	n/a
65.85302734375	0.3	1.0	2	134867	n/a
65.861328125	0.3	0.0	1	134884	n/a
65.86962890625	0.3	1.0	2	134901	n/a
65.8779296875	0.3	0.0	1	134918	n/a
65.88623046875	0.3	1.0	2	134935	n/a
65.89453125	0.3	1.0	2	134952	n/a
65.90283203125	0.3	0.0	1	134969	n/a
65.9111328125	0.3	1.0	2	134986	n/a
65.91943359375	0.3	0.0	1	135003	n/a
65.927734375	0.3	1.0	2	135020	n/a
65.93603515625	0.3	0.0	1	135037	n/a
65.9443359375	0.3	0.0	1	135054	n/a
65.953125	0.3	1.0	2	135072	n/a
65.96142578125	0.3	1.0	2	135089	n/a
65.9697265625	0.3	0.0	1	135106	n/a
65.97802734375	0.3	0.0	1	135123	n/a
65.986328125	0.3	1.0	2	135140	n/a
65.99462890625	0.3	1.0	2	135157	n/a
66.0029296875	0.3	0.0	1	135174	n/a
66.01123046875	0.3	0.0	1	135191	n/a
66.01953125	0.3	1.0	2	135208	n/a
66.02783203125	0.3	1.0	2	135225	n/a
66.0361328125	0.3	0.0	1	135242	n/a
66.04443359375	0.3	0.0	1	135259	n/a
66.052734375	0.3	1.0	2	135276	n/a
66.06103515625	0.3	0.0	1	135293	n/a
66.0693359375	0.3	1.0	2	135310	n/a
66.078125	0.3	1.0	2	135328	n/a
66.08642578125	0.3	0.0	1	135345	n/a
66.0947265625	0.3	1.0	2	135362	n/a
66.10302734375	0.3	0.0	1	135379	n/a
66.111328125	0.3	1.0	2	135396	n/a
66.11962890625	0.3	0.0	1	135413	n/a
66.1279296875	0.3	1.0	2	135430	n/a
66.13623046875	0.3	0.0	1	135447	n/a
66.14453125	0.3	1.0	2	135464	n/a
66.15283203125	0.3	0.0	1	135481	n/a
66.1611328125	0.3	1.0	2	135498	n/a
66.16943359375	0.3	0.0	1	135515	n/a
66.177734375	0.3	0.0	1	135532	n/a
66.18603515625	0.3	1.0	2	135549	n/a
66.1943359375	0.3	0.0	1	135566	n/a
66.203125	0.3	1.0	2	135584	n/a
66.21142578125	0.3	1.0	2	135601	n/a
66.2197265625	0.3	0.0	1	135618	n/a
66.22802734375	0.3	0.0	1	135635	n/a
66.236328125	0.3	1.0	2	135652	n/a
66.24462890625	0.3	1.0	2	135669	n/a
66.2529296875	0.3	0.0	1	135686	n/a
66.26123046875	0.3	1.0	2	135703	n/a
66.26953125	0.3	0.0	1	135720	n/a
66.27783203125	0.3	0.0	1	135737	n/a
66.2861328125	0.3	1.0	2	135754	n/a
66.29443359375	0.3	0.0	1	135771	n/a
66.302734375	0.3	1.0	2	135788	n/a
66.31103515625	0.3	1.0	2	135805	n/a
66.3193359375	0.3	0.0	1	135822	n/a
66.328125	0.3	0.0	1	135840	n/a
66.33642578125	0.3	1.0	2	135857	n/a
66.3447265625	0.3	1.0	2	135874	n/a
66.35302734375	0.3	0.0	1	135891	n/a
66.361328125	0.3	1.0	2	135908	n/a
66.36962890625	0.3	0.0	1	135925	n/a
66.3779296875	0.3	0.0	1	135942	n/a
66.38623046875	0.3	1.0	2	135959	n/a
66.39453125	0.3	0.0	1	135976	n/a
66.40283203125	0.3	1.0	2	135993	n/a
66.4111328125	0.3	1.0	2	136010	n/a
66.41943359375	0.3	0.0	1	136027	n/a
66.427734375	0.3	1.0	2	136044	n/a
66.43603515625	0.3	0.0	1	136061	n/a
66.4443359375	0.3	1.0	2	136078	n/a
66.453125	0.3	0.0	1	136096	n/a
66.46142578125	0.3	0.0	1	136113	n/a
66.4697265625	0.3	1.0	2	136130	n/a
66.47802734375	0.3	1.0	2	136147	n/a
66.486328125	0.3	0.0	1	136164	n/a
66.49462890625	0.3	1.0	2	136181	n/a
66.5029296875	0.3	0.0	1	136198	n/a
66.51123046875	0.3	1.0	2	136215	n/a
66.51953125	0.3	0.0	1	136232	n/a
66.52783203125	0.3	1.0	2	136249	n/a
66.5361328125	0.3	0.0	1	136266	n/a
66.54443359375	0.3	1.0	2	136283	n/a
66.552734375	0.3	0.0	1	136300	n/a
66.56103515625	0.3	0.0	1	136317	n/a
66.5693359375	0.3	1.0	2	136334	n/a
66.578125	0.3	1.0	2	136352	n/a
66.58642578125	0.3	0.0	1	136369	n/a
66.5947265625	0.3	1.0	2	136386	n/a
66.60302734375	0.3	0.0	1	136403	n/a
66.611328125	0.3	1.0	2	136420	n/a
66.61962890625	0.3	0.0	1	136437	n/a
66.6279296875	0.3	0.0	1	136454	n/a
66.63623046875	0.3	1.0	2	136471	n/a
66.64453125	0.3	1.0	2	136488	n/a
66.65283203125	0.3	0.0	1	136505	n/a
66.6611328125	0.3	1.0	2	136522	n/a
66.66943359375	0.3	0.0	1	136539	n/a
66.677734375	0.3	1.0	2	136556	n/a
66.68603515625	0.3	0.0	1	136573	n/a
66.6943359375	0.3	1.0	2	136590	n/a
66.703125	0.3	0.0	1	136608	n/a
66.71142578125	0.3	0.0	1	136625	n/a
66.7197265625	0.3	1.0	2	136642	n/a
66.72802734375	0.3	0.0	1	136659	n/a
66.736328125	0.3	1.0	2	136676	n/a
66.74462890625	0.3	1.0	2	136693	n/a
66.7529296875	0.3	0.0	1	136710	n/a
66.76123046875	0.3	0.0	1	136727	n/a
66.76953125	0.3	1.0	2	136744	n/a
66.77783203125	0.3	1.0	2	136761	n/a
66.7861328125	0.3	0.0	1	136778	n/a
66.79443359375	0.3	1.0	2	136795	n/a
66.802734375	0.3	0.0	1	136812	n/a
66.81103515625	0.3	0.0	1	136829	n/a
66.8193359375	0.3	1.0	2	136846	n/a
66.828125	0.3	1.0	2	136864	n/a
66.83642578125	0.3	0.0	1	136881	n/a
66.8447265625	0.3	1.0	2	136898	n/a
66.85302734375	0.3	0.0	1	136915	n/a
66.861328125	0.3	1.0	2	136932	n/a
66.86962890625	0.3	0.0	1	136949	n/a
66.8779296875	0.3	0.0	1	136966	n/a
66.88623046875	0.3	1.0	2	136983	n/a
66.89453125	0.3	0.0	1	137000	n/a
66.90283203125	0.3	1.0	2	137017	n/a
66.9111328125	0.3	0.0	1	137034	n/a
66.91943359375	0.3	1.0	2	137051	n/a
66.927734375	0.3	0.0	1	137068	n/a
66.93603515625	0.3	1.0	2	137085	n/a
66.9443359375	0.3	1.0	2	137102	n/a
66.953125	0.3	0.0	1	137120	n/a
66.96142578125	0.3	1.0	2	137137	n/a
66.9697265625	0.3	0.0	1	137154	n/a
66.97802734375	0.3	1.0	2	137171	n/a
66.986328125	0.3	0.0	1	137188	n/a
66.99462890625	0.3	0.0	1	137205	n/a
67.0029296875	0.3	1.0	2	137222	n/a
67.01123046875	0.3	1.0	2	137239	n/a
67.01953125	0.3	0.0	1	137256	n/a
67.02783203125	0.3	0.0	1	137273	n/a
67.0361328125	0.3	1.0	2	137290	n/a
67.04443359375	0.3	1.0	2	137307	n/a
67.052734375	0.3	0.0	1	137324	n/a
67.06103515625	0.3	0.0	1	137341	n/a
67.0693359375	0.3	1.0	2	137358	n/a
67.078125	0.3	1.0	2	137376	n/a
67.08642578125	0.3	0.0	1	137393	n/a
67.0947265625	0.3	0.0	1	137410	n/a
67.10302734375	0.3	1.0	2	137427	n/a
67.111328125	0.3	0.0	1	137444	n/a
67.11962890625	0.3	1.0	2	137461	n/a
67.1279296875	0.3	1.0	2	137478	n/a
67.13623046875	0.3	0.0	1	137495	n/a
67.14453125	0.3	1.0	2	137512	n/a
67.15283203125	0.3	0.0	1	137529	n/a
67.1611328125	0.3	1.0	2	137546	n/a
67.16943359375	0.3	0.0	1	137563	n/a
67.177734375	0.3	1.0	2	137580	n/a
67.18603515625	0.3	0.0	1	137597	n/a
67.1943359375	0.3	1.0	2	137614	n/a
67.203125	0.3	0.0	1	137632	n/a
67.21142578125	0.3	1.0	2	137649	n/a
67.2197265625	0.3	0.0	1	137666	n/a
67.22802734375	0.3	0.0	1	137683	n/a
67.236328125	0.3	1.0	2	137700	n/a
67.24462890625	0.3	0.0	1	137717	n/a
67.2529296875	0.3	1.0	2	137734	n/a
67.26123046875	0.3	1.0	2	137751	n/a
67.26953125	0.3	0.0	1	137768	n/a
67.27783203125	0.3	0.0	1	137785	n/a
67.2861328125	0.3	1.0	2	137802	n/a
67.29443359375	0.3	1.0	2	137819	n/a
67.302734375	0.3	0.0	1	137836	n/a
67.31103515625	0.3	1.0	2	137853	n/a
67.3193359375	0.3	0.0	1	137870	n/a
67.328125	0.3	0.0	1	137888	n/a
67.33642578125	0.3	1.0	2	137905	n/a
67.3447265625	0.3	0.0	1	137922	n/a
67.35302734375	0.3	1.0	2	137939	n/a
67.361328125	0.3	1.0	2	137956	n/a
67.36962890625	0.3	0.0	1	137973	n/a
67.3779296875	0.3	0.0	1	137990	n/a
67.38623046875	0.3	1.0	2	138007	n/a
67.39453125	0.3	1.0	2	138024	n/a
67.40283203125	0.3	0.0	1	138041	n/a
67.4111328125	0.3	1.0	2	138058	n/a
67.41943359375	0.3	0.0	1	138075	n/a
67.427734375	0.3	0.0	1	138092	n/a
67.43603515625	0.3	1.0	2	138109	n/a
67.4443359375	0.3	0.0	1	138126	n/a
67.453125	0.3	1.0	2	138144	n/a
67.46142578125	0.3	1.0	2	138161	n/a
67.4697265625	0.3	0.0	1	138178	n/a
67.47802734375	0.3	1.0	2	138195	n/a
67.486328125	0.3	0.0	1	138212	n/a
67.49462890625	0.3	1.0	2	138229	n/a
67.5029296875	0.3	0.0	1	138246	n/a
67.51123046875	0.3	0.0	1	138263	n/a
67.51953125	0.3	1.0	2	138280	n/a
67.52783203125	0.3	1.0	2	138297	n/a
67.5361328125	0.3	0.0	1	138314	n/a
67.54443359375	0.3	1.0	2	138331	n/a
67.552734375	0.3	0.0	1	138348	n/a
67.56103515625	0.3	1.0	2	138365	n/a
67.5693359375	0.3	0.0	1	138382	n/a
67.578125	0.3	1.0	2	138400	n/a
67.58642578125	0.3	0.0	1	138417	n/a
67.5947265625	0.3	1.0	2	138434	n/a
67.60302734375	0.3	0.0	1	138451	n/a
67.611328125	0.3	0.0	1	138468	n/a
67.61962890625	0.3	1.0	2	138485	n/a
67.6279296875	0.3	1.0	2	138502	n/a
67.63623046875	0.3	0.0	1	138519	n/a
67.64453125	0.3	1.0	2	138536	n/a
67.65283203125	0.3	0.0	1	138553	n/a
67.6611328125	0.3	1.0	2	138570	n/a
67.66943359375	0.3	0.0	1	138587	n/a
67.677734375	0.3	0.0	1	138604	n/a
67.68603515625	0.3	1.0	2	138621	n/a
67.6943359375	0.3	1.0	2	138638	n/a
67.703125	0.3	0.0	1	138656	n/a
67.71142578125	0.3	1.0	2	138673	n/a
67.7197265625	0.3	0.0	1	138690	n/a
67.72802734375	0.3	1.0	2	138707	n/a
67.736328125	0.3	0.0	1	138724	n/a
67.74462890625	0.3	1.0	2	138741	n/a
67.7529296875	0.3	0.0	1	138758	n/a
67.76123046875	0.3	0.0	1	138775	n/a
67.76953125	0.3	1.0	2	138792	n/a
67.77783203125	0.3	0.0	1	138809	n/a
67.7861328125	0.3	1.0	2	138826	n/a
67.79443359375	0.3	1.0	2	138843	n/a
67.802734375	0.3	0.0	1	138860	n/a
67.81103515625	0.3	0.0	1	138877	n/a
67.8193359375	0.3	1.0	2	138894	n/a
67.828125	0.3	1.0	2	138912	n/a
67.83642578125	0.3	0.0	1	138929	n/a
67.8447265625	0.3	1.0	2	138946	n/a
67.85302734375	0.3	0.0	1	138963	n/a
67.861328125	0.3	0.0	1	138980	n/a
67.86962890625	0.3	1.0	2	138997	n/a
67.8779296875	0.3	1.0	2	139014	n/a
67.88623046875	0.3	0.0	1	139031	n/a
67.89453125	0.3	1.0	2	139048	n/a
67.90283203125	0.3	0.0	1	139065	n/a
67.9111328125	0.3	1.0	2	139082	n/a
67.91943359375	0.3	0.0	1	139099	n/a
67.927734375	0.3	0.0	1	139116	n/a
67.93603515625	0.3	1.0	2	139133	n/a
67.9443359375	0.3	0.0	1	139150	n/a
67.953125	0.3	1.0	2	139168	n/a
67.96142578125	0.3	0.0	1	139185	n/a
67.9697265625	0.3	1.0	2	139202	n/a
67.97802734375	0.3	0.0	1	139219	n/a
67.986328125	0.3	1.0	2	139236	n/a
67.99462890625	0.3	1.0	2	139253	n/a
68.0029296875	0.3	0.0	1	139270	n/a
68.01123046875	0.3	1.0	2	139287	n/a
68.01953125	0.3	0.0	1	139304	n/a
68.02783203125	0.3	1.0	2	139321	n/a
68.0361328125	0.3	0.0	1	139338	n/a
68.04443359375	0.3	0.0	1	139355	n/a
68.052734375	0.3	1.0	2	139372	n/a
68.06103515625	0.3	1.0	2	139389	n/a
68.0693359375	0.3	0.0	1	139406	n/a
68.078125	0.3	0.0	1	139424	n/a
68.08642578125	0.3	1.0	2	139441	n/a
68.0947265625	0.3	1.0	2	139458	n/a
68.10302734375	0.3	0.0	1	139475	n/a
68.111328125	0.3	0.0	1	139492	n/a
68.11962890625	0.3	1.0	2	139509	n/a
68.1279296875	0.3	1.0	2	139526	n/a
68.13623046875	0.3	0.0	1	139543	n/a
68.14453125	0.3	0.0	1	139560	n/a
68.15283203125	0.3	1.0	2	139577	n/a
68.1611328125	0.3	0.0	1	139594	n/a
68.16943359375	0.3	1.0	2	139611	n/a
68.177734375	0.3	1.0	2	139628	n/a
68.18603515625	0.3	0.0	1	139645	n/a
68.1943359375	0.3	1.0	2	139662	n/a
68.203125	0.3	0.0	1	139680	n/a
68.21142578125	0.3	1.0	2	139697	n/a
68.2197265625	0.3	0.0	1	139714	n/a
68.22802734375	0.3	1.0	2	139731	n/a
68.236328125	0.3	0.0	1	139748	n/a
68.24462890625	0.3	1.0	2	139765	n/a
68.2529296875	0.3	0.0	1	139782	n/a
68.26123046875	0.3	1.0	2	139799	n/a
68.26953125	0.3	0.0	1	139816	n/a
68.27783203125	0.3	0.0	1	139833	n/a
68.2861328125	0.3	1.0	2	139850	n/a
68.29443359375	0.3	0.0	1	139867	n/a
68.302734375	0.3	1.0	2	139884	n/a
68.31103515625	0.3	1.0	2	139901	n/a
68.3193359375	0.3	0.0	1	139918	n/a
68.328125	0.3	0.0	1	139936	n/a
68.33642578125	0.3	1.0	2	139953	n/a
68.3447265625	0.3	1.0	2	139970	n/a
68.35302734375	0.3	0.0	1	139987	n/a
68.361328125	0.3	1.0	2	140004	n/a
68.36962890625	0.3	0.0	1	140021	n/a
68.3779296875	0.3	0.0	1	140038	n/a
68.38623046875	0.3	1.0	2	140055	n/a
68.39453125	0.3	0.0	1	140072	n/a
68.40283203125	0.3	1.0	2	140089	n/a
68.4111328125	0.3	1.0	2	140106	n/a
68.41943359375	0.3	0.0	1	140123	n/a
68.427734375	0.3	0.0	1	140140	n/a
68.43603515625	0.3	1.0	2	140157	n/a
68.4443359375	0.3	1.0	2	140174	n/a
68.453125	0.3	0.0	1	140192	n/a
68.46142578125	0.3	1.0	2	140209	n/a
68.4697265625	0.3	0.0	1	140226	n/a
68.47802734375	0.3	0.0	1	140243	n/a
68.486328125	0.3	1.0	2	140260	n/a
68.49462890625	0.3	0.0	1	140277	n/a
68.5029296875	0.3	1.0	2	140294	n/a
68.51123046875	0.3	1.0	2	140311	n/a
68.51953125	0.3	0.0	1	140328	n/a
68.52783203125	0.3	1.0	2	140345	n/a
68.5361328125	0.3	0.0	1	140362	n/a
68.54443359375	0.3	1.0	2	140379	n/a
68.552734375	0.3	0.0	1	140396	n/a
68.56103515625	0.3	0.0	1	140413	n/a
68.5693359375	0.3	1.0	2	140430	n/a
68.578125	0.3	1.0	2	140448	n/a
68.58642578125	0.3	0.0	1	140465	n/a
68.5947265625	0.3	1.0	2	140482	n/a
68.60302734375	0.3	0.0	1	140499	n/a
68.611328125	0.3	1.0	2	140516	n/a
68.61962890625	0.3	0.0	1	140533	n/a
68.6279296875	0.3	1.0	2	140550	n/a
68.63623046875	0.3	0.0	1	140567	n/a
68.64453125	0.3	1.0	2	140584	n/a
68.65283203125	0.3	0.0	1	140601	n/a
68.6611328125	0.3	0.0	1	140618	n/a
68.66943359375	0.3	1.0	2	140635	n/a
68.677734375	0.3	1.0	2	140652	n/a
68.68603515625	0.3	0.0	1	140669	n/a
68.6943359375	0.3	1.0	2	140686	n/a
68.703125	0.3	0.0	1	140704	n/a
68.71142578125	0.3	1.0	2	140721	n/a
68.7197265625	0.3	0.0	1	140738	n/a
68.72802734375	0.3	0.0	1	140755	n/a
68.736328125	0.3	1.0	2	140772	n/a
68.74462890625	0.3	1.0	2	140789	n/a
68.7529296875	0.3	0.0	1	140806	n/a
68.76123046875	0.3	1.0	2	140823	n/a
68.76953125	0.3	0.0	1	140840	n/a
68.77783203125	0.3	1.0	2	140857	n/a
68.7861328125	0.3	0.0	1	140874	n/a
68.79443359375	0.3	1.0	2	140891	n/a
68.802734375	0.3	0.0	1	140908	n/a
68.81103515625	0.3	0.0	1	140925	n/a
68.8193359375	0.3	1.0	2	140942	n/a
68.828125	0.3	0.0	1	140960	n/a
68.83642578125	0.3	1.0	2	140977	n/a
68.8447265625	0.3	1.0	2	140994	n/a
68.85302734375	0.3	0.0	1	141011	n/a
68.861328125	0.3	0.0	1	141028	n/a
68.86962890625	0.3	1.0	2	141045	n/a
68.8779296875	0.3	1.0	2	141062	n/a
68.88623046875	0.3	0.0	1	141079	n/a
68.89453125	0.3	1.0	2	141096	n/a
68.90283203125	0.3	0.0	1	141113	n/a
68.9111328125	0.3	0.0	1	141130	n/a
68.91943359375	0.3	1.0	2	141147	n/a
68.927734375	0.3	1.0	2	141164	n/a
68.93603515625	0.3	0.0	1	141181	n/a
68.9443359375	0.3	1.0	2	141198	n/a
68.953125	0.3	0.0	1	141216	n/a
68.96142578125	0.3	1.0	2	141233	n/a
68.9697265625	0.3	0.0	1	141250	n/a
68.97802734375	0.3	0.0	1	141267	n/a
68.986328125	0.3	1.0	2	141284	n/a
68.99462890625	0.3	0.0	1	141301	n/a
69.0029296875	0.3	1.0	2	141318	n/a
69.01123046875	0.3	0.0	1	141335	n/a
69.01953125	0.3	1.0	2	141352	n/a
69.02783203125	0.3	0.0	1	141369	n/a
69.0361328125	0.3	1.0	2	141386	n/a
69.04443359375	0.3	1.0	2	141403	n/a
69.052734375	0.3	0.0	1	141420	n/a
69.06103515625	0.3	1.0	2	141437	n/a
69.0693359375	0.3	0.0	1	141454	n/a
69.078125	0.3	1.0	2	141472	n/a
69.08642578125	0.3	0.0	1	141489	n/a
69.0947265625	0.3	0.0	1	141506	n/a
69.10302734375	0.3	1.0	2	141523	n/a
69.111328125	0.3	1.0	2	141540	n/a
69.11962890625	0.3	0.0	1	141557	n/a
69.1279296875	0.3	0.0	1	141574	n/a
69.13623046875	0.3	1.0	2	141591	n/a
69.14453125	0.3	1.0	2	141608	n/a
69.15283203125	0.3	0.0	1	141625	n/a
69.1611328125	0.3	0.0	1	141642	n/a
69.16943359375	0.3	1.0	2	141659	n/a
69.177734375	0.3	1.0	2	141676	n/a
69.18603515625	0.3	0.0	1	141693	n/a
69.1943359375	0.3	0.0	1	141710	n/a
69.203125	0.3	1.0	2	141728	n/a
69.21142578125	0.3	0.0	1	141745	n/a
69.2197265625	0.3	1.0	2	141762	n/a
69.22802734375	0.3	1.0	2	141779	n/a
69.236328125	0.3	0.0	1	141796	n/a
69.24462890625	0.3	1.0	2	141813	n/a
69.2529296875	0.3	0.0	1	141830	n/a
69.26123046875	0.3	1.0	2	141847	n/a
69.26953125	0.3	0.0	1	141864	n/a
69.27783203125	0.3	1.0	2	141881	n/a
69.2861328125	0.3	0.0	1	141898	n/a
69.29443359375	0.3	1.0	2	141915	n/a
69.302734375	0.3	0.0	1	141932	n/a
69.31103515625	0.3	1.0	2	141949	n/a
69.3193359375	0.3	0.0	1	141966	n/a
69.328125	0.3	0.0	1	141984	n/a
69.33642578125	0.3	1.0	2	142001	n/a
69.3447265625	0.3	0.0	1	142018	n/a
69.35302734375	0.3	1.0	2	142035	n/a
69.361328125	0.3	1.0	2	142052	n/a
69.36962890625	0.3	0.0	1	142069	n/a
69.3779296875	0.3	0.0	1	142086	n/a
69.38623046875	0.3	1.0	2	142103	n/a
69.39453125	0.3	1.0	2	142120	n/a
69.40283203125	0.3	0.0	1	142137	n/a
69.4111328125	0.3	1.0	2	142154	n/a
69.41943359375	0.3	0.0	1	142171	n/a
69.427734375	0.3	0.0	1	142188	n/a
69.43603515625	0.3	1.0	2	142205	n/a
69.4443359375	0.3	0.0	1	142222	n/a
69.453125	0.3	1.0	2	142240	n/a
71.82763671875	0.3	0.0	1	147103	13.0
71.8359375	0.3	1.0	2	147120	n/a
71.84423828125	0.3	0.0	1	147137	n/a
71.8525390625	0.3	1.0	2	147154	n/a
71.86083984375	0.3	0.0	1	147171	n/a
71.869140625	0.3	1.0	2	147188	n/a
71.87744140625	0.3	1.0	2	147205	n/a
71.8857421875	0.3	0.0	1	147222	n/a
71.89453125	0.3	0.0	1	147240	n/a
71.90283203125	0.3	1.0	2	147257	n/a
71.9111328125	0.3	0.0	1	147274	n/a
71.91943359375	0.3	1.0	2	147291	n/a
71.927734375	0.3	0.0	1	147308	n/a
71.93603515625	0.3	1.0	2	147325	n/a
71.9443359375	0.3	0.0	1	147342	n/a
71.95263671875	0.3	1.0	2	147359	n/a
71.9609375	0.3	1.0	2	147376	n/a
71.96923828125	0.3	0.0	1	147393	n/a
71.9775390625	0.3	0.0	1	147410	n/a
71.98583984375	0.3	1.0	2	147427	n/a
71.994140625	0.3	0.0	1	147444	n/a
72.00244140625	0.3	1.0	2	147461	n/a
72.0107421875	0.3	0.0	1	147478	n/a
72.01953125	0.3	1.0	2	147496	n/a
72.02783203125	0.3	0.0	1	147513	n/a
72.0361328125	0.3	1.0	2	147530	n/a
72.04443359375	0.3	0.0	1	147547	n/a
72.052734375	0.3	1.0	2	147564	n/a
72.06103515625	0.3	1.0	2	147581	n/a
72.0693359375	0.3	0.0	1	147598	n/a
72.07763671875	0.3	1.0	2	147615	n/a
72.0859375	0.3	0.0	1	147632	n/a
72.09423828125	0.3	0.0	1	147649	n/a
72.1025390625	0.3	1.0	2	147666	n/a
72.11083984375	0.3	0.0	1	147683	n/a
72.119140625	0.3	1.0	2	147700	n/a
72.12744140625	0.3	1.0	2	147717	n/a
72.1357421875	0.3	0.0	1	147734	n/a
72.14453125	0.3	1.0	2	147752	n/a
72.15283203125	0.3	0.0	1	147769	n/a
72.1611328125	0.3	1.0	2	147786	n/a
72.16943359375	0.3	0.0	1	147803	n/a
72.177734375	0.3	0.0	1	147820	n/a
72.18603515625	0.3	1.0	2	147837	n/a
72.1943359375	0.3	0.0	1	147854	n/a
72.20263671875	0.3	1.0	2	147871	n/a
72.2109375	0.3	1.0	2	147888	n/a
72.21923828125	0.3	0.0	1	147905	n/a
72.2275390625	0.3	1.0	2	147922	n/a
72.23583984375	0.3	0.0	1	147939	n/a
72.244140625	0.3	0.0	1	147956	n/a
72.25244140625	0.3	1.0	2	147973	n/a
72.2607421875	0.3	1.0	2	147990	n/a
72.26953125	0.3	0.0	1	148008	n/a
72.27783203125	0.3	1.0	2	148025	n/a
72.2861328125	0.3	0.0	1	148042	n/a
72.29443359375	0.3	0.0	1	148059	n/a
72.302734375	0.3	1.0	2	148076	n/a
72.31103515625	0.3	1.0	2	148093	n/a
72.3193359375	0.3	0.0	1	148110	n/a
72.32763671875	0.3	1.0	2	148127	n/a
72.3359375	0.3	0.0	1	148144	n/a
72.34423828125	0.3	0.0	1	148161	n/a
72.3525390625	0.3	1.0	2	148178	n/a
72.36083984375	0.3	1.0	2	148195	n/a
72.369140625	0.3	0.0	1	148212	n/a
72.37744140625	0.3	1.0	2	148229	n/a
72.3857421875	0.3	0.0	1	148246	n/a
72.39453125	0.3	0.0	1	148264	n/a
72.40283203125	0.3	1.0	2	148281	n/a
72.4111328125	0.3	1.0	2	148298	n/a
72.41943359375	0.3	0.0	1	148315	n/a
72.427734375	0.3	0.0	1	148332	n/a
72.43603515625	0.3	1.0	2	148349	n/a
72.4443359375	0.3	0.0	1	148366	n/a
72.45263671875	0.3	1.0	2	148383	n/a
72.4609375	0.3	0.0	1	148400	n/a
72.46923828125	0.3	1.0	2	148417	n/a
72.4775390625	0.3	1.0	2	148434	n/a
72.48583984375	0.3	0.0	1	148451	n/a
72.494140625	0.3	1.0	2	148468	n/a
72.50244140625	0.3	0.0	1	148485	n/a
72.5107421875	0.3	0.0	1	148502	n/a
72.51953125	0.3	1.0	2	148520	n/a
72.52783203125	0.3	1.0	2	148537	n/a
72.5361328125	0.3	0.0	1	148554	n/a
72.54443359375	0.3	1.0	2	148571	n/a
72.552734375	0.3	0.0	1	148588	n/a
72.56103515625	0.3	0.0	1	148605	n/a
72.5693359375	0.3	1.0	2	148622	n/a
72.57763671875	0.3	1.0	2	148639	n/a
72.5859375	0.3	0.0	1	148656	n/a
72.59423828125	0.3	1.0	2	148673	n/a
72.6025390625	0.3	0.0	1	148690	n/a
72.61083984375	0.3	0.0	1	148707	n/a
72.619140625	0.3	1.0	2	148724	n/a
72.62744140625	0.3	0.0	1	148741	n/a
72.6357421875	0.3	1.0	2	148758	n/a
72.64453125	0.3	1.0	2	148776	n/a
72.65283203125	0.3	0.0	1	148793	n/a
72.6611328125	0.3	1.0	2	148810	n/a
72.66943359375	0.3	0.0	1	148827	n/a
72.677734375	0.3	0.0	1	148844	n/a
72.68603515625	0.3	1.0	2	148861	n/a
72.6943359375	0.3	1.0	2	148878	n/a
72.70263671875	0.3	0.0	1	148895	n/a
72.7109375	0.3	0.0	1	148912	n/a
72.71923828125	0.3	1.0	2	148929	n/a
72.7275390625	0.3	0.0	1	148946	n/a
72.73583984375	0.3	1.0	2	148963	n/a
72.744140625	0.3	1.0	2	148980	n/a
72.75244140625	0.3	0.0	1	148997	n/a
72.7607421875	0.3	1.0	2	149014	n/a
72.76953125	0.3	0.0	1	149032	n/a
72.77783203125	0.3	0.0	1	149049	n/a
72.7861328125	0.3	1.0	2	149066	n/a
72.79443359375	0.3	1.0	2	149083	n/a
72.802734375	0.3	0.0	1	149100	n/a
72.81103515625	0.3	1.0	2	149117	n/a
72.8193359375	0.3	0.0	1	149134	n/a
72.82763671875	0.3	1.0	2	149151	n/a
72.8359375	0.3	0.0	1	149168	n/a
72.84423828125	0.3	1.0	2	149185	n/a
72.8525390625	0.3	0.0	1	149202	n/a
72.86083984375	0.3	0.0	1	149219	n/a
72.869140625	0.3	1.0	2	149236	n/a
72.87744140625	0.3	0.0	1	149253	n/a
72.8857421875	0.3	1.0	2	149270	n/a
72.89453125	0.3	0.0	1	149288	n/a
72.90283203125	0.3	1.0	2	149305	n/a
72.9111328125	0.3	0.0	1	149322	n/a
72.91943359375	0.3	1.0	2	149339	n/a
72.927734375	0.3	1.0	2	149356	n/a
72.93603515625	0.3	0.0	1	149373	n/a
72.9443359375	0.3	0.0	1	149390	n/a
72.95263671875	0.3	1.0	2	149407	n/a
72.9609375	0.3	0.0	1	149424	n/a
72.96923828125	0.3	1.0	2	149441	n/a
72.9775390625	0.3	0.0	1	149458	n/a
72.98583984375	0.3	1.0	2	149475	n/a
72.994140625	0.3	0.0	1	149492	n/a
73.00244140625	0.3	1.0	2	149509	n/a
73.0107421875	0.3	1.0	2	149526	n/a
73.01953125	0.3	0.0	1	149544	n/a
73.02783203125	0.3	0.0	1	149561	n/a
73.0361328125	0.3	1.0	2	149578	n/a
73.04443359375	0.3	0.0	1	149595	n/a
73.052734375	0.3	1.0	2	149612	n/a
73.06103515625	0.3	0.0	1	149629	n/a
73.0693359375	0.3	1.0	2	149646	n/a
73.07763671875	0.3	0.0	1	149663	n/a
73.0859375	0.3	1.0	2	149680	n/a
73.09423828125	0.3	0.0	1	149697	n/a
73.1025390625	0.3	1.0	2	149714	n/a
73.11083984375	0.3	1.0	2	149731	n/a
73.119140625	0.3	0.0	1	149748	n/a
73.12744140625	0.3	1.0	2	149765	n/a
73.1357421875	0.3	0.0	1	149782	n/a
73.14453125	0.3	0.0	1	149800	n/a
73.15283203125	0.3	1.0	2	149817	n/a
73.1611328125	0.3	0.0	1	149834	n/a
73.16943359375	0.3	1.0	2	149851	n/a
73.177734375	0.3	1.0	2	149868	n/a
73.18603515625	0.3	0.0	1	149885	n/a
73.1943359375	0.3	1.0	2	149902	n/a
73.20263671875	0.3	0.0	1	149919	n/a
73.2109375	0.3	1.0	2	149936	n/a
73.21923828125	0.3	0.0	1	149953	n/a
73.2275390625	0.3	0.0	1	149970	n/a
73.23583984375	0.3	1.0	2	149987	n/a
73.244140625	0.3	0.0	1	150004	n/a
73.25244140625	0.3	1.0	2	150021	n/a
73.2607421875	0.3	1.0	2	150038	n/a
73.26953125	0.3	0.0	1	150056	n/a
73.27783203125	0.3	1.0	2	150073	n/a
73.2861328125	0.3	0.0	1	150090	n/a
73.29443359375	0.3	0.0	1	150107	n/a
73.302734375	0.3	1.0	2	150124	n/a
73.31103515625	0.3	1.0	2	150141	n/a
73.3193359375	0.3	0.0	1	150158	n/a
73.32763671875	0.3	1.0	2	150175	n/a
73.3359375	0.3	0.0	1	150192	n/a
73.34423828125	0.3	0.0	1	150209	n/a
73.3525390625	0.3	1.0	2	150226	n/a
73.36083984375	0.3	1.0	2	150243	n/a
73.369140625	0.3	0.0	1	150260	n/a
73.37744140625	0.3	1.0	2	150277	n/a
73.3857421875	0.3	0.0	1	150294	n/a
73.39453125	0.3	0.0	1	150312	n/a
73.40283203125	0.3	1.0	2	150329	n/a
73.4111328125	0.3	1.0	2	150346	n/a
73.41943359375	0.3	0.0	1	150363	n/a
73.427734375	0.3	1.0	2	150380	n/a
73.43603515625	0.3	0.0	1	150397	n/a
73.4443359375	0.3	0.0	1	150414	n/a
73.45263671875	0.3	1.0	2	150431	n/a
73.4609375	0.3	1.0	2	150448	n/a
73.46923828125	0.3	0.0	1	150465	n/a
73.4775390625	0.3	0.0	1	150482	n/a
73.48583984375	0.3	1.0	2	150499	n/a
73.494140625	0.3	0.0	1	150516	n/a
73.50244140625	0.3	1.0	2	150533	n/a
73.5107421875	0.3	0.0	1	150550	n/a
73.51953125	0.3	1.0	2	150568	n/a
73.52783203125	0.3	1.0	2	150585	n/a
73.5361328125	0.3	0.0	1	150602	n/a
73.54443359375	0.3	1.0	2	150619	n/a
73.552734375	0.3	0.0	1	150636	n/a
73.56103515625	0.3	0.0	1	150653	n/a
73.5693359375	0.3	1.0	2	150670	n/a
73.57763671875	0.3	1.0	2	150687	n/a
73.5859375	0.3	0.0	1	150704	n/a
73.59423828125	0.3	1.0	2	150721	n/a
73.6025390625	0.3	0.0	1	150738	n/a
73.61083984375	0.3	0.0	1	150755	n/a
73.619140625	0.3	1.0	2	150772	n/a
73.62744140625	0.3	1.0	2	150789	n/a
73.6357421875	0.3	0.0	1	150806	n/a
73.64453125	0.3	1.0	2	150824	n/a
73.65283203125	0.3	0.0	1	150841	n/a
73.6611328125	0.3	0.0	1	150858	n/a
73.66943359375	0.3	1.0	2	150875	n/a
73.677734375	0.3	0.0	1	150892	n/a
73.68603515625	0.3	1.0	2	150909	n/a
73.6943359375	0.3	1.0	2	150926	n/a
73.70263671875	0.3	0.0	1	150943	n/a
73.7109375	0.3	1.0	2	150960	n/a
73.71923828125	0.3	0.0	1	150977	n/a
73.7275390625	0.3	0.0	1	150994	n/a
73.73583984375	0.3	1.0	2	151011	n/a
73.744140625	0.3	1.0	2	151028	n/a
73.75244140625	0.3	0.0	1	151045	n/a
73.7607421875	0.3	0.0	1	151062	n/a
73.76953125	0.3	1.0	2	151080	n/a
73.77783203125	0.3	0.0	1	151097	n/a
73.7861328125	0.3	1.0	2	151114	n/a
73.79443359375	0.3	1.0	2	151131	n/a
73.802734375	0.3	0.0	1	151148	n/a
73.81103515625	0.3	1.0	2	151165	n/a
73.8193359375	0.3	0.0	1	151182	n/a
73.82763671875	0.3	0.0	1	151199	n/a
73.8359375	0.3	1.0	2	151216	n/a
73.84423828125	0.3	1.0	2	151233	n/a
73.8525390625	0.3	0.0	1	151250	n/a
73.86083984375	0.3	1.0	2	151267	n/a
73.869140625	0.3	0.0	1	151284	n/a
73.87744140625	0.3	1.0	2	151301	n/a
73.8857421875	0.3	0.0	1	151318	n/a
73.89453125	0.3	1.0	2	151336	n/a
73.90283203125	0.3	0.0	1	151353	n/a
73.9111328125	0.3	0.0	1	151370	n/a
73.91943359375	0.3	1.0	2	151387	n/a
73.927734375	0.3	0.0	1	151404	n/a
73.93603515625	0.3	1.0	2	151421	n/a
73.9443359375	0.3	0.0	1	151438	n/a
73.95263671875	0.3	1.0	2	151455	n/a
73.9609375	0.3	0.0	1	151472	n/a
73.96923828125	0.3	1.0	2	151489	n/a
73.9775390625	0.3	1.0	2	151506	n/a
73.98583984375	0.3	0.0	1	151523	n/a
73.994140625	0.3	0.0	1	151540	n/a
74.00244140625	0.3	1.0	2	151557	n/a
74.0107421875	0.3	0.0	1	151574	n/a
74.01953125	0.3	1.0	2	151592	n/a
74.02783203125	0.3	0.0	1	151609	n/a
74.0361328125	0.3	1.0	2	151626	n/a
74.04443359375	0.3	0.0	1	151643	n/a
74.052734375	0.3	1.0	2	151660	n/a
74.06103515625	0.3	1.0	2	151677	n/a
74.0693359375	0.3	0.0	1	151694	n/a
74.07763671875	0.3	0.0	1	151711	n/a
74.0859375	0.3	1.0	2	151728	n/a
74.09423828125	0.3	0.0	1	151745	n/a
74.1025390625	0.3	1.0	2	151762	n/a
74.11083984375	0.3	0.0	1	151779	n/a
74.119140625	0.3	1.0	2	151796	n/a
74.12744140625	0.3	0.0	1	151813	n/a
74.1357421875	0.3	1.0	2	151830	n/a
74.14453125	0.3	0.0	1	151848	n/a
74.15283203125	0.3	1.0	2	151865	n/a
74.1611328125	0.3	1.0	2	151882	n/a
74.16943359375	0.3	0.0	1	151899	n/a
74.177734375	0.3	1.0	2	151916	n/a
74.18603515625	0.3	0.0	1	151933	n/a
74.1943359375	0.3	0.0	1	151950	n/a
74.20263671875	0.3	1.0	2	151967	n/a
74.2109375	0.3	0.0	1	151984	n/a
74.21923828125	0.3	1.0	2	152001	n/a
74.2275390625	0.3	1.0	2	152018	n/a
74.23583984375	0.3	0.0	1	152035	n/a
74.244140625	0.3	1.0	2	152052	n/a
74.25244140625	0.3	0.0	1	152069	n/a
74.2607421875	0.3	1.0	2	152086	n/a
74.26953125	0.3	0.0	1	152104	n/a
74.27783203125	0.3	0.0	1	152121	n/a
74.2861328125	0.3	1.0	2	152138	n/a
74.29443359375	0.3	0.0	1	152155	n/a
74.302734375	0.3	1.0	2	152172	n/a
74.31103515625	0.3	1.0	2	152189	n/a
74.3193359375	0.3	0.0	1	152206	n/a
74.32763671875	0.3	1.0	2	152223	n/a
74.3359375	0.3	0.0	1	152240	n/a
74.34423828125	0.3	0.0	1	152257	n/a
74.3525390625	0.3	1.0	2	152274	n/a
74.36083984375	0.3	1.0	2	152291	n/a
74.369140625	0.3	0.0	1	152308	n/a
74.37744140625	0.3	1.0	2	152325	n/a
74.3857421875	0.3	0.0	1	152342	n/a
74.39453125	0.3	0.0	1	152360	n/a
74.40283203125	0.3	1.0	2	152377	n/a
74.4111328125	0.3	1.0	2	152394	n/a
74.41943359375	0.3	0.0	1	152411	n/a
74.427734375	0.3	1.0	2	152428	n/a
74.43603515625	0.3	0.0	1	152445	n/a
74.4443359375	0.3	0.0	1	152462	n/a
74.45263671875	0.3	1.0	2	152479	n/a
74.4609375	0.3	1.0	2	152496	n/a
74.46923828125	0.3	0.0	1	152513	n/a
74.4775390625	0.3	1.0	2	152530	n/a
74.48583984375	0.3	0.0	1	152547	n/a
74.494140625	0.3	0.0	1	152564	n/a
74.50244140625	0.3	1.0	2	152581	n/a
74.5107421875	0.3	1.0	2	152598	n/a
74.51953125	0.3	0.0	1	152616	n/a
74.52783203125	0.3	0.0	1	152633	n/a
74.5361328125	0.3	1.0	2	152650	n/a
74.54443359375	0.3	0.0	1	152667	n/a
74.552734375	0.3	1.0	2	152684	n/a
74.56103515625	0.3	0.0	1	152701	n/a
74.5693359375	0.3	1.0	2	152718	n/a
74.57763671875	0.3	1.0	2	152735	n/a
74.5859375	0.3	0.0	1	152752	n/a
74.59423828125	0.3	1.0	2	152769	n/a
74.6025390625	0.3	0.0	1	152786	n/a
74.61083984375	0.3	0.0	1	152803	n/a
74.619140625	0.3	1.0	2	152820	n/a
74.62744140625	0.3	1.0	2	152837	n/a
74.6357421875	0.3	0.0	1	152854	n/a
74.64453125	0.3	1.0	2	152872	n/a
74.65283203125	0.3	0.0	1	152889	n/a
74.6611328125	0.3	0.0	1	152906	n/a
74.66943359375	0.3	1.0	2	152923	n/a
74.677734375	0.3	1.0	2	152940	n/a
74.68603515625	0.3	0.0	1	152957	n/a
74.6943359375	0.3	1.0	2	152974	n/a
74.70263671875	0.3	0.0	1	152991	n/a
74.7109375	0.3	0.0	1	153008	n/a
74.71923828125	0.3	1.0	2	153025	n/a
74.7275390625	0.3	0.0	1	153042	n/a
74.73583984375	0.3	1.0	2	153059	n/a
74.744140625	0.3	1.0	2	153076	n/a
74.75244140625	0.3	0.0	1	153093	n/a
74.7607421875	0.3	1.0	2	153110	n/a
74.76953125	0.3	0.0	1	153128	n/a
74.77783203125	0.3	0.0	1	153145	n/a
74.7861328125	0.3	1.0	2	153162	n/a
74.79443359375	0.3	1.0	2	153179	n/a
74.802734375	0.3	0.0	1	153196	n/a
74.81103515625	0.3	0.0	1	153213	n/a
74.8193359375	0.3	1.0	2	153230	n/a
74.82763671875	0.3	0.0	1	153247	n/a
74.8359375	0.3	1.0	2	153264	n/a
74.84423828125	0.3	1.0	2	153281	n/a
74.8525390625	0.3	0.0	1	153298	n/a
74.86083984375	0.3	1.0	2	153315	n/a
74.869140625	0.3	0.0	1	153332	n/a
74.87744140625	0.3	0.0	1	153349	n/a
74.8857421875	0.3	1.0	2	153366	n/a
74.89453125	0.3	1.0	2	153384	n/a
74.90283203125	0.3	0.0	1	153401	n/a
74.9111328125	0.3	1.0	2	153418	n/a
74.91943359375	0.3	0.0	1	153435	n/a
74.927734375	0.3	1.0	2	153452	n/a
74.93603515625	0.3	0.0	1	153469	n/a
74.9443359375	0.3	1.0	2	153486	n/a
74.95263671875	0.3	0.0	1	153503	n/a
74.9609375	0.3	0.0	1	153520	n/a
74.96923828125	0.3	1.0	2	153537	n/a
74.9775390625	0.3	0.0	1	153554	n/a
74.98583984375	0.3	1.0	2	153571	n/a
74.994140625	0.3	0.0	1	153588	n/a
75.00244140625	0.3	1.0	2	153605	n/a
75.0107421875	0.3	0.0	1	153622	n/a
75.01953125	0.3	1.0	2	153640	n/a
75.02783203125	0.3	1.0	2	153657	n/a
75.0361328125	0.3	0.0	1	153674	n/a
75.04443359375	0.3	0.0	1	153691	n/a
75.052734375	0.3	1.0	2	153708	n/a
75.06103515625	0.3	0.0	1	153725	n/a
75.0693359375	0.3	1.0	2	153742	n/a
75.07763671875	0.3	0.0	1	153759	n/a
75.0859375	0.3	1.0	2	153776	n/a
75.09423828125	0.3	0.0	1	153793	n/a
75.1025390625	0.3	1.0	2	153810	n/a
75.11083984375	0.3	1.0	2	153827	n/a
75.119140625	0.3	0.0	1	153844	n/a
75.12744140625	0.3	0.0	1	153861	n/a
75.1357421875	0.3	1.0	2	153878	n/a
75.14453125	0.3	0.0	1	153896	n/a
75.15283203125	0.3	1.0	2	153913	n/a
75.1611328125	0.3	0.0	1	153930	n/a
75.16943359375	0.3	1.0	2	153947	n/a
75.177734375	0.3	0.0	1	153964	n/a
75.18603515625	0.3	1.0	2	153981	n/a
75.1943359375	0.3	0.0	1	153998	n/a
75.20263671875	0.3	1.0	2	154015	n/a
75.2109375	0.3	1.0	2	154032	n/a
75.21923828125	0.3	0.0	1	154049	n/a
75.2275390625	0.3	1.0	2	154066	n/a
75.23583984375	0.3	0.0	1	154083	n/a
75.244140625	0.3	0.0	1	154100	n/a
75.25244140625	0.3	1.0	2	154117	n/a
75.2607421875	0.3	0.0	1	154134	n/a
75.26953125	0.3	1.0	2	154152	n/a
75.27783203125	0.3	1.0	2	154169	n/a
75.2861328125	0.3	0.0	1	154186	n/a
75.29443359375	0.3	1.0	2	154203	n/a
75.302734375	0.3	0.0	1	154220	n/a
75.31103515625	0.3	1.0	2	154237	n/a
75.3193359375	0.3	0.0	1	154254	n/a
75.32763671875	0.3	0.0	1	154271	n/a
75.3359375	0.3	1.0	2	154288	n/a
75.34423828125	0.3	0.0	1	154305	n/a
75.3525390625	0.3	1.0	2	154322	n/a
75.36083984375	0.3	1.0	2	154339	n/a
75.369140625	0.3	0.0	1	154356	n/a
75.37744140625	0.3	1.0	2	154373	n/a
75.3857421875	0.3	0.0	1	154390	n/a
75.39453125	0.3	0.0	1	154408	n/a
75.40283203125	0.3	1.0	2	154425	n/a
75.4111328125	0.3	1.0	2	154442	n/a
75.41943359375	0.3	0.0	1	154459	n/a
75.427734375	0.3	1.0	2	154476	n/a
75.43603515625	0.3	0.0	1	154493	n/a
75.4443359375	0.3	0.0	1	154510	n/a
75.45263671875	0.3	1.0	2	154527	n/a
75.4609375	0.3	1.0	2	154544	n/a
75.46923828125	0.3	0.0	1	154561	n/a
75.4775390625	0.3	1.0	2	154578	n/a
75.48583984375	0.3	0.0	1	154595	n/a
75.494140625	0.3	0.0	1	154612	n/a
75.50244140625	0.3	1.0	2	154629	n/a
75.5107421875	0.3	1.0	2	154646	n/a
75.51953125	0.3	0.0	1	154664	n/a
75.52783203125	0.3	1.0	2	154681	n/a
75.5361328125	0.3	0.0	1	154698	n/a
75.54443359375	0.3	0.0	1	154715	n/a
75.552734375	0.3	1.0	2	154732	n/a
75.56103515625	0.3	1.0	2	154749	n/a
75.5693359375	0.3	0.0	1	154766	n/a
75.57763671875	0.3	0.0	1	154783	n/a
75.5859375	0.3	1.0	2	154800	n/a
75.59423828125	0.3	0.0	1	154817	n/a
75.6025390625	0.3	1.0	2	154834	n/a
75.61083984375	0.3	0.0	1	154851	n/a
75.619140625	0.3	1.0	2	154868	n/a
75.62744140625	0.3	1.0	2	154885	n/a
75.6357421875	0.3	0.0	1	154902	n/a
75.64453125	0.3	1.0	2	154920	n/a
75.65283203125	0.3	0.0	1	154937	n/a
75.6611328125	0.3	0.0	1	154954	n/a
75.66943359375	0.3	1.0	2	154971	n/a
75.677734375	0.3	1.0	2	154988	n/a
75.68603515625	0.3	0.0	1	155005	n/a
75.6943359375	0.3	1.0	2	155022	n/a
75.70263671875	0.3	0.0	1	155039	n/a
75.7109375	0.3	0.0	1	155056	n/a
75.71923828125	0.3	1.0	2	155073	n/a
75.7275390625	0.3	1.0	2	155090	n/a
75.73583984375	0.3	0.0	1	155107	n/a
75.744140625	0.3	1.0	2	155124	n/a
75.75244140625	0.3	0.0	1	155141	n/a
75.7607421875	0.3	0.0	1	155158	n/a
75.76953125	0.3	1.0	2	155176	n/a
75.77783203125	0.3	0.0	1	155193	n/a
75.7861328125	0.3	1.0	2	155210	n/a
75.79443359375	0.3	1.0	2	155227	n/a
75.802734375	0.3	0.0	1	155244	n/a
75.81103515625	0.3	1.0	2	155261	n/a
75.8193359375	0.3	0.0	1	155278	n/a
75.82763671875	0.3	0.0	1	155295	n/a
75.8359375	0.3	1.0	2	155312	n/a
75.84423828125	0.3	1.0	2	155329	n/a
75.8525390625	0.3	0.0	1	155346	n/a
75.86083984375	0.3	0.0	1	155363	n/a
75.869140625	0.3	1.0	2	155380	n/a
75.87744140625	0.3	0.0	1	155397	n/a
75.8857421875	0.3	1.0	2	155414	n/a
75.89453125	0.3	1.0	2	155432	n/a
75.90283203125	0.3	0.0	1	155449	n/a
75.9111328125	0.3	1.0	2	155466	n/a
75.91943359375	0.3	0.0	1	155483	n/a
75.927734375	0.3	0.0	1	155500	n/a
75.93603515625	0.3	1.0	2	155517	n/a
75.9443359375	0.3	1.0	2	155534	n/a
75.95263671875	0.3	0.0	1	155551	n/a
75.9609375	0.3	1.0	2	155568	n/a
75.96923828125	0.3	0.0	1	155585	n/a
75.9775390625	0.3	1.0	2	155602	n/a
75.98583984375	0.3	0.0	1	155619	n/a
75.994140625	0.3	1.0	2	155636	n/a
76.00244140625	0.3	0.0	1	155653	n/a
76.0107421875	0.3	0.0	1	155670	n/a
76.01953125	0.3	1.0	2	155688	n/a
78.44580078125	0.3	0.0	1	160657	34.0
78.4541015625	0.3	1.0	2	160674	n/a
78.46240234375	0.3	0.0	1	160691	n/a
78.470703125	0.3	1.0	2	160708	n/a
78.47900390625	0.3	1.0	2	160725	n/a
78.4873046875	0.3	0.0	1	160742	n/a
78.49560546875	0.3	0.0	1	160759	n/a
78.50390625	0.3	1.0	2	160776	n/a
78.5126953125	0.3	1.0	2	160794	n/a
78.52099609375	0.3	0.0	1	160811	n/a
78.529296875	0.3	1.0	2	160828	n/a
78.53759765625	0.3	0.0	1	160845	n/a
78.5458984375	0.3	0.0	1	160862	n/a
78.55419921875	0.3	1.0	2	160879	n/a
78.5625	0.3	1.0	2	160896	n/a
78.57080078125	0.3	0.0	1	160913	n/a
78.5791015625	0.3	0.0	1	160930	n/a
78.58740234375	0.3	1.0	2	160947	n/a
78.595703125	0.3	1.0	2	160964	n/a
78.60400390625	0.3	0.0	1	160981	n/a
78.6123046875	0.3	0.0	1	160998	n/a
78.62060546875	0.3	1.0	2	161015	n/a
78.62890625	0.3	1.0	2	161032	n/a
78.6376953125	0.3	0.0	1	161050	n/a
78.64599609375	0.3	0.0	1	161067	n/a
78.654296875	0.3	1.0	2	161084	n/a
78.66259765625	0.3	1.0	2	161101	n/a
78.6708984375	0.3	0.0	1	161118	n/a
78.67919921875	0.3	0.0	1	161135	n/a
78.6875	0.3	1.0	2	161152	n/a
78.69580078125	0.3	1.0	2	161169	n/a
78.7041015625	0.3	0.0	1	161186	n/a
78.71240234375	0.3	1.0	2	161203	n/a
78.720703125	0.3	0.0	1	161220	n/a
78.72900390625	0.3	0.0	1	161237	n/a
78.7373046875	0.3	1.0	2	161254	n/a
78.74560546875	0.3	1.0	2	161271	n/a
78.75390625	0.3	0.0	1	161288	n/a
78.7626953125	0.3	0.0	1	161306	n/a
78.77099609375	0.3	1.0	2	161323	n/a
78.779296875	0.3	0.0	1	161340	n/a
78.78759765625	0.3	1.0	2	161357	n/a
78.7958984375	0.3	0.0	1	161374	n/a
78.80419921875	0.3	1.0	2	161391	n/a
78.8125	0.3	1.0	2	161408	n/a
78.82080078125	0.3	0.0	1	161425	n/a
78.8291015625	0.3	0.0	1	161442	n/a
78.83740234375	0.3	1.0	2	161459	n/a
78.845703125	0.3	1.0	2	161476	n/a
78.85400390625	0.3	0.0	1	161493	n/a
78.8623046875	0.3	0.0	1	161510	n/a
78.87060546875	0.3	1.0	2	161527	n/a
78.87890625	0.3	1.0	2	161544	n/a
78.8876953125	0.3	0.0	1	161562	n/a
78.89599609375	0.3	0.0	1	161579	n/a
78.904296875	0.3	1.0	2	161596	n/a
78.91259765625	0.3	0.0	1	161613	n/a
78.9208984375	0.3	1.0	2	161630	n/a
78.92919921875	0.3	1.0	2	161647	n/a
78.9375	0.3	0.0	1	161664	n/a
78.94580078125	0.3	0.0	1	161681	n/a
78.9541015625	0.3	1.0	2	161698	n/a
78.96240234375	0.3	0.0	1	161715	n/a
78.970703125	0.3	1.0	2	161732	n/a
78.97900390625	0.3	1.0	2	161749	n/a
78.9873046875	0.3	0.0	1	161766	n/a
78.99560546875	0.3	1.0	2	161783	n/a
79.00390625	0.3	0.0	1	161800	n/a
79.0126953125	0.3	0.0	1	161818	n/a
79.02099609375	0.3	1.0	2	161835	n/a
79.029296875	0.3	0.0	1	161852	n/a
79.03759765625	0.3	1.0	2	161869	n/a
79.0458984375	0.3	1.0	2	161886	n/a
79.05419921875	0.3	0.0	1	161903	n/a
79.0625	0.3	1.0	2	161920	n/a
79.07080078125	0.3	0.0	1	161937	n/a
79.0791015625	0.3	0.0	1	161954	n/a
79.08740234375	0.3	1.0	2	161971	n/a
79.095703125	0.3	1.0	2	161988	n/a
79.10400390625	0.3	0.0	1	162005	n/a
79.1123046875	0.3	1.0	2	162022	n/a
79.12060546875	0.3	0.0	1	162039	n/a
79.12890625	0.3	0.0	1	162056	n/a
79.1376953125	0.3	1.0	2	162074	n/a
79.14599609375	0.3	1.0	2	162091	n/a
79.154296875	0.3	0.0	1	162108	n/a
79.16259765625	0.3	0.0	1	162125	n/a
79.1708984375	0.3	1.0	2	162142	n/a
79.17919921875	0.3	0.0	1	162159	n/a
79.1875	0.3	1.0	2	162176	n/a
79.19580078125	0.3	0.0	1	162193	n/a
79.2041015625	0.3	1.0	2	162210	n/a
79.21240234375	0.3	0.0	1	162227	n/a
79.220703125	0.3	1.0	2	162244	n/a
79.22900390625	0.3	1.0	2	162261	n/a
79.2373046875	0.3	0.0	1	162278	n/a
79.24560546875	0.3	1.0	2	162295	n/a
79.25390625	0.3	0.0	1	162312	n/a
79.2626953125	0.3	0.0	1	162330	n/a
79.27099609375	0.3	1.0	2	162347	n/a
79.279296875	0.3	0.0	1	162364	n/a
79.28759765625	0.3	1.0	2	162381	n/a
79.2958984375	0.3	0.0	1	162398	n/a
79.30419921875	0.3	1.0	2	162415	n/a
79.3125	0.3	1.0	2	162432	n/a
79.32080078125	0.3	0.0	1	162449	n/a
79.3291015625	0.3	1.0	2	162466	n/a
79.33740234375	0.3	0.0	1	162483	n/a
79.345703125	0.3	0.0	1	162500	n/a
79.35400390625	0.3	1.0	2	162517	n/a
79.3623046875	0.3	0.0	1	162534	n/a
79.37060546875	0.3	1.0	2	162551	n/a
79.37890625	0.3	1.0	2	162568	n/a
79.3876953125	0.3	0.0	1	162586	n/a
79.39599609375	0.3	1.0	2	162603	n/a
79.404296875	0.3	0.0	1	162620	n/a
79.41259765625	0.3	1.0	2	162637	n/a
79.4208984375	0.3	0.0	1	162654	n/a
79.42919921875	0.3	1.0	2	162671	n/a
79.4375	0.3	0.0	1	162688	n/a
79.44580078125	0.3	1.0	2	162705	n/a
79.4541015625	0.3	0.0	1	162722	n/a
79.46240234375	0.3	0.0	1	162739	n/a
79.470703125	0.3	1.0	2	162756	n/a
79.47900390625	0.3	1.0	2	162773	n/a
79.4873046875	0.3	0.0	1	162790	n/a
79.49560546875	0.3	0.0	1	162807	n/a
79.50390625	0.3	1.0	2	162824	n/a
79.5126953125	0.3	0.0	1	162842	n/a
79.52099609375	0.3	1.0	2	162859	n/a
79.529296875	0.3	1.0	2	162876	n/a
79.53759765625	0.3	0.0	1	162893	n/a
79.5458984375	0.3	0.0	1	162910	n/a
79.55419921875	0.3	1.0	2	162927	n/a
79.5625	0.3	1.0	2	162944	n/a
79.57080078125	0.3	0.0	1	162961	n/a
79.5791015625	0.3	1.0	2	162978	n/a
79.58740234375	0.3	0.0	1	162995	n/a
79.595703125	0.3	0.0	1	163012	n/a
79.60400390625	0.3	1.0	2	163029	n/a
79.6123046875	0.3	1.0	2	163046	n/a
79.62060546875	0.3	0.0	1	163063	n/a
79.62890625	0.3	0.0	1	163080	n/a
79.6376953125	0.3	1.0	2	163098	n/a
79.64599609375	0.3	1.0	2	163115	n/a
79.654296875	0.3	0.0	1	163132	n/a
79.66259765625	0.3	0.0	1	163149	n/a
79.6708984375	0.3	1.0	2	163166	n/a
79.67919921875	0.3	1.0	2	163183	n/a
79.6875	0.3	0.0	1	163200	n/a
79.69580078125	0.3	0.0	1	163217	n/a
79.7041015625	0.3	1.0	2	163234	n/a
79.71240234375	0.3	1.0	2	163251	n/a
79.720703125	0.3	0.0	1	163268	n/a
79.72900390625	0.3	0.0	1	163285	n/a
79.7373046875	0.3	1.0	2	163302	n/a
79.74560546875	0.3	1.0	2	163319	n/a
79.75390625	0.3	0.0	1	163336	n/a
79.7626953125	0.3	1.0	2	163354	n/a
79.77099609375	0.3	0.0	1	163371	n/a
79.779296875	0.3	0.0	1	163388	n/a
79.78759765625	0.3	1.0	2	163405	n/a
79.7958984375	0.3	1.0	2	163422	n/a
79.80419921875	0.3	0.0	1	163439	n/a
79.8125	0.3	0.0	1	163456	n/a
79.82080078125	0.3	1.0	2	163473	n/a
79.8291015625	0.3	0.0	1	163490	n/a
79.83740234375	0.3	1.0	2	163507	n/a
79.845703125	0.3	0.0	1	163524	n/a
79.85400390625	0.3	1.0	2	163541	n/a
79.8623046875	0.3	1.0	2	163558	n/a
79.87060546875	0.3	0.0	1	163575	n/a
79.87890625	0.3	0.0	1	163592	n/a
79.8876953125	0.3	1.0	2	163610	n/a
79.89599609375	0.3	1.0	2	163627	n/a
79.904296875	0.3	0.0	1	163644	n/a
79.91259765625	0.3	0.0	1	163661	n/a
79.9208984375	0.3	1.0	2	163678	n/a
79.92919921875	0.3	1.0	2	163695	n/a
79.9375	0.3	0.0	1	163712	n/a
79.94580078125	0.3	0.0	1	163729	n/a
79.9541015625	0.3	1.0	2	163746	n/a
79.96240234375	0.3	0.0	1	163763	n/a
79.970703125	0.3	1.0	2	163780	n/a
79.97900390625	0.3	1.0	2	163797	n/a
79.9873046875	0.3	0.0	1	163814	n/a
79.99560546875	0.3	0.0	1	163831	n/a
80.00390625	0.3	1.0	2	163848	n/a
80.0126953125	0.3	0.0	1	163866	n/a
80.02099609375	0.3	1.0	2	163883	n/a
80.029296875	0.3	1.0	2	163900	n/a
80.03759765625	0.3	0.0	1	163917	n/a
80.0458984375	0.3	1.0	2	163934	n/a
80.05419921875	0.3	0.0	1	163951	n/a
80.0625	0.3	0.0	1	163968	n/a
80.07080078125	0.3	1.0	2	163985	n/a
80.0791015625	0.3	0.0	1	164002	n/a
80.08740234375	0.3	1.0	2	164019	n/a
80.095703125	0.3	1.0	2	164036	n/a
80.10400390625	0.3	0.0	1	164053	n/a
80.1123046875	0.3	1.0	2	164070	n/a
80.12060546875	0.3	0.0	1	164087	n/a
80.12890625	0.3	0.0	1	164104	n/a
80.1376953125	0.3	1.0	2	164122	n/a
80.14599609375	0.3	1.0	2	164139	n/a
80.154296875	0.3	0.0	1	164156	n/a
80.16259765625	0.3	1.0	2	164173	n/a
80.1708984375	0.3	0.0	1	164190	n/a
80.17919921875	0.3	0.0	1	164207	n/a
80.1875	0.3	1.0	2	164224	n/a
80.19580078125	0.3	1.0	2	164241	n/a
80.2041015625	0.3	0.0	1	164258	n/a
80.21240234375	0.3	0.0	1	164275	n/a
80.220703125	0.3	1.0	2	164292	n/a
80.22900390625	0.3	0.0	1	164309	n/a
80.2373046875	0.3	1.0	2	164326	n/a
80.24560546875	0.3	0.0	1	164343	n/a
80.25390625	0.3	1.0	2	164360	n/a
80.2626953125	0.3	0.0	1	164378	n/a
80.27099609375	0.3	1.0	2	164395	n/a
80.279296875	0.3	1.0	2	164412	n/a
80.28759765625	0.3	0.0	1	164429	n/a
80.2958984375	0.3	1.0	2	164446	n/a
80.30419921875	0.3	0.0	1	164463	n/a
80.3125	0.3	0.0	1	164480	n/a
80.32080078125	0.3	1.0	2	164497	n/a
80.3291015625	0.3	0.0	1	164514	n/a
80.33740234375	0.3	1.0	2	164531	n/a
80.345703125	0.3	0.0	1	164548	n/a
80.35400390625	0.3	1.0	2	164565	n/a
80.3623046875	0.3	1.0	2	164582	n/a
80.37060546875	0.3	0.0	1	164599	n/a
80.37890625	0.3	1.0	2	164616	n/a
80.3876953125	0.3	0.0	1	164634	n/a
80.39599609375	0.3	0.0	1	164651	n/a
80.404296875	0.3	1.0	2	164668	n/a
80.41259765625	0.3	0.0	1	164685	n/a
80.4208984375	0.3	1.0	2	164702	n/a
80.42919921875	0.3	1.0	2	164719	n/a
80.4375	0.3	0.0	1	164736	n/a
80.44580078125	0.3	1.0	2	164753	n/a
80.4541015625	0.3	0.0	1	164770	n/a
80.46240234375	0.3	1.0	2	164787	n/a
80.470703125	0.3	0.0	1	164804	n/a
80.47900390625	0.3	1.0	2	164821	n/a
80.4873046875	0.3	0.0	1	164838	n/a
80.49560546875	0.3	1.0	2	164855	n/a
80.50390625	0.3	0.0	1	164872	n/a
80.5126953125	0.3	0.0	1	164890	n/a
80.52099609375	0.3	1.0	2	164907	n/a
80.529296875	0.3	1.0	2	164924	n/a
80.53759765625	0.3	0.0	1	164941	n/a
80.5458984375	0.3	0.0	1	164958	n/a
80.55419921875	0.3	1.0	2	164975	n/a
80.5625	0.3	0.0	1	164992	n/a
80.57080078125	0.3	1.0	2	165009	n/a
80.5791015625	0.3	1.0	2	165026	n/a
80.58740234375	0.3	0.0	1	165043	n/a
80.595703125	0.3	0.0	1	165060	n/a
80.60400390625	0.3	1.0	2	165077	n/a
80.6123046875	0.3	1.0	2	165094	n/a
80.62060546875	0.3	0.0	1	165111	n/a
80.62890625	0.3	1.0	2	165128	n/a
80.6376953125	0.3	0.0	1	165146	n/a
80.64599609375	0.3	0.0	1	165163	n/a
80.654296875	0.3	1.0	2	165180	n/a
80.66259765625	0.3	1.0	2	165197	n/a
80.6708984375	0.3	0.0	1	165214	n/a
80.67919921875	0.3	0.0	1	165231	n/a
80.6875	0.3	1.0	2	165248	n/a
80.69580078125	0.3	1.0	2	165265	n/a
80.7041015625	0.3	0.0	1	165282	n/a
80.71240234375	0.3	0.0	1	165299	n/a
80.720703125	0.3	1.0	2	165316	n/a
80.72900390625	0.3	1.0	2	165333	n/a
80.7373046875	0.3	0.0	1	165350	n/a
80.74560546875	0.3	0.0	1	165367	n/a
80.75390625	0.3	1.0	2	165384	n/a
80.7626953125	0.3	1.0	2	165402	n/a
80.77099609375	0.3	0.0	1	165419	n/a
80.779296875	0.3	0.0	1	165436	n/a
80.78759765625	0.3	1.0	2	165453	n/a
80.7958984375	0.3	1.0	2	165470	n/a
80.80419921875	0.3	0.0	1	165487	n/a
80.8125	0.3	1.0	2	165504	n/a
80.82080078125	0.3	0.0	1	165521	n/a
80.8291015625	0.3	0.0	1	165538	n/a
80.83740234375	0.3	1.0	2	165555	n/a
80.845703125	0.3	1.0	2	165572	n/a
80.85400390625	0.3	0.0	1	165589	n/a
80.8623046875	0.3	0.0	1	165606	n/a
80.87060546875	0.3	1.0	2	165623	n/a
80.87890625	0.3	0.0	1	165640	n/a
80.8876953125	0.3	1.0	2	165658	n/a
80.89599609375	0.3	0.0	1	165675	n/a
80.904296875	0.3	1.0	2	165692	n/a
80.91259765625	0.3	1.0	2	165709	n/a
80.9208984375	0.3	0.0	1	165726	n/a
80.92919921875	0.3	0.0	1	165743	n/a
80.9375	0.3	1.0	2	165760	n/a
80.94580078125	0.3	1.0	2	165777	n/a
80.9541015625	0.3	0.0	1	165794	n/a
80.96240234375	0.3	0.0	1	165811	n/a
80.970703125	0.3	1.0	2	165828	n/a
80.97900390625	0.3	1.0	2	165845	n/a
80.9873046875	0.3	0.0	1	165862	n/a
80.99560546875	0.3	0.0	1	165879	n/a
81.00390625	0.3	1.0	2	165896	n/a
81.0126953125	0.3	0.0	1	165914	n/a
81.02099609375	0.3	1.0	2	165931	n/a
81.029296875	0.3	1.0	2	165948	n/a
81.03759765625	0.3	0.0	1	165965	n/a
81.0458984375	0.3	0.0	1	165982	n/a
81.05419921875	0.3	1.0	2	165999	n/a
81.0625	0.3	0.0	1	166016	n/a
81.07080078125	0.3	1.0	2	166033	n/a
81.0791015625	0.3	1.0	2	166050	n/a
81.08740234375	0.3	0.0	1	166067	n/a
81.095703125	0.3	1.0	2	166084	n/a
81.10400390625	0.3	0.0	1	166101	n/a
81.1123046875	0.3	0.0	1	166118	n/a
81.12060546875	0.3	1.0	2	166135	n/a
81.12890625	0.3	0.0	1	166152	n/a
81.1376953125	0.3	1.0	2	166170	n/a
81.14599609375	0.3	1.0	2	166187	n/a
81.154296875	0.3	0.0	1	166204	n/a
81.16259765625	0.3	1.0	2	166221	n/a
81.1708984375	0.3	0.0	1	166238	n/a
81.17919921875	0.3	0.0	1	166255	n/a
81.1875	0.3	1.0	2	166272	n/a
81.19580078125	0.3	1.0	2	166289	n/a
81.2041015625	0.3	0.0	1	166306	n/a
81.21240234375	0.3	1.0	2	166323	n/a
81.220703125	0.3	0.0	1	166340	n/a
81.22900390625	0.3	0.0	1	166357	n/a
81.2373046875	0.3	1.0	2	166374	n/a
81.24560546875	0.3	1.0	2	166391	n/a
81.25390625	0.3	0.0	1	166408	n/a
81.2626953125	0.3	0.0	1	166426	n/a
81.27099609375	0.3	1.0	2	166443	n/a
81.279296875	0.3	0.0	1	166460	n/a
81.28759765625	0.3	1.0	2	166477	n/a
81.2958984375	0.3	0.0	1	166494	n/a
81.30419921875	0.3	1.0	2	166511	n/a
81.3125	0.3	0.0	1	166528	n/a
81.32080078125	0.3	1.0	2	166545	n/a
81.3291015625	0.3	1.0	2	166562	n/a
81.33740234375	0.3	0.0	1	166579	n/a
81.345703125	0.3	1.0	2	166596	n/a
81.35400390625	0.3	0.0	1	166613	n/a
81.3623046875	0.3	0.0	1	166630	n/a
81.37060546875	0.3	1.0	2	166647	n/a
81.37890625	0.3	0.0	1	166664	n/a
81.3876953125	0.3	1.0	2	166682	n/a
81.39599609375	0.3	0.0	1	166699	n/a
81.404296875	0.3	1.0	2	166716	n/a
81.41259765625	0.3	1.0	2	166733	n/a
81.4208984375	0.3	0.0	1	166750	n/a
81.42919921875	0.3	1.0	2	166767	n/a
81.4375	0.3	0.0	1	166784	n/a
81.44580078125	0.3	0.0	1	166801	n/a
81.4541015625	0.3	1.0	2	166818	n/a
81.46240234375	0.3	0.0	1	166835	n/a
81.470703125	0.3	1.0	2	166852	n/a
81.47900390625	0.3	1.0	2	166869	n/a
81.4873046875	0.3	0.0	1	166886	n/a
81.49560546875	0.3	1.0	2	166903	n/a
81.50390625	0.3	0.0	1	166920	n/a
81.5126953125	0.3	1.0	2	166938	n/a
81.52099609375	0.3	0.0	1	166955	n/a
81.529296875	0.3	1.0	2	166972	n/a
81.53759765625	0.3	0.0	1	166989	n/a
81.5458984375	0.3	1.0	2	167006	n/a
81.55419921875	0.3	0.0	1	167023	n/a
81.5625	0.3	0.0	1	167040	n/a
81.57080078125	0.3	1.0	2	167057	n/a
81.5791015625	0.3	1.0	2	167074	n/a
81.58740234375	0.3	0.0	1	167091	n/a
81.595703125	0.3	0.0	1	167108	n/a
81.60400390625	0.3	1.0	2	167125	n/a
81.6123046875	0.3	0.0	1	167142	n/a
81.62060546875	0.3	1.0	2	167159	n/a
81.62890625	0.3	1.0	2	167176	n/a
81.6376953125	0.3	0.0	1	167194	n/a
81.64599609375	0.3	0.0	1	167211	n/a
81.654296875	0.3	1.0	2	167228	n/a
81.66259765625	0.3	1.0	2	167245	n/a
81.6708984375	0.3	0.0	1	167262	n/a
81.67919921875	0.3	1.0	2	167279	n/a
81.6875	0.3	0.0	1	167296	n/a
81.69580078125	0.3	0.0	1	167313	n/a
81.7041015625	0.3	1.0	2	167330	n/a
81.71240234375	0.3	1.0	2	167347	n/a
81.720703125	0.3	0.0	1	167364	n/a
81.72900390625	0.3	0.0	1	167381	n/a
81.7373046875	0.3	1.0	2	167398	n/a
81.74560546875	0.3	1.0	2	167415	n/a
81.75390625	0.3	0.0	1	167432	n/a
81.7626953125	0.3	0.0	1	167450	n/a
81.77099609375	0.3	1.0	2	167467	n/a
81.779296875	0.3	1.0	2	167484	n/a
81.78759765625	0.3	0.0	1	167501	n/a
81.7958984375	0.3	0.0	1	167518	n/a
81.80419921875	0.3	1.0	2	167535	n/a
81.8125	0.3	1.0	2	167552	n/a
81.82080078125	0.3	0.0	1	167569	n/a
81.8291015625	0.3	0.0	1	167586	n/a
81.83740234375	0.3	1.0	2	167603	n/a
81.845703125	0.3	1.0	2	167620	n/a
81.85400390625	0.3	0.0	1	167637	n/a
81.8623046875	0.3	1.0	2	167654	n/a
81.87060546875	0.3	0.0	1	167671	n/a
81.87890625	0.3	0.0	1	167688	n/a
81.8876953125	0.3	1.0	2	167706	n/a
81.89599609375	0.3	1.0	2	167723	n/a
81.904296875	0.3	0.0	1	167740	n/a
81.91259765625	0.3	0.0	1	167757	n/a
81.9208984375	0.3	1.0	2	167774	n/a
81.92919921875	0.3	0.0	1	167791	n/a
81.9375	0.3	1.0	2	167808	n/a
81.94580078125	0.3	0.0	1	167825	n/a
81.9541015625	0.3	1.0	2	167842	n/a
81.96240234375	0.3	1.0	2	167859	n/a
81.970703125	0.3	0.0	1	167876	n/a
81.97900390625	0.3	0.0	1	167893	n/a
81.9873046875	0.3	1.0	2	167910	n/a
81.99560546875	0.3	1.0	2	167927	n/a
82.00390625	0.3	0.0	1	167944	n/a
82.0126953125	0.3	0.0	1	167962	n/a
82.02099609375	0.3	1.0	2	167979	n/a
82.029296875	0.3	1.0	2	167996	n/a
82.03759765625	0.3	0.0	1	168013	n/a
82.0458984375	0.3	0.0	1	168030	n/a
82.05419921875	0.3	1.0	2	168047	n/a
82.0625	0.3	0.0	1	168064	n/a
82.07080078125	0.3	1.0	2	168081	n/a
82.0791015625	0.3	1.0	2	168098	n/a
82.08740234375	0.3	0.0	1	168115	n/a
82.095703125	0.3	0.0	1	168132	n/a
82.10400390625	0.3	1.0	2	168149	n/a
82.1123046875	0.3	0.0	1	168166	n/a
82.12060546875	0.3	1.0	2	168183	n/a
82.12890625	0.3	1.0	2	168200	n/a
82.1376953125	0.3	0.0	1	168218	n/a
82.14599609375	0.3	1.0	2	168235	n/a
82.154296875	0.3	0.0	1	168252	n/a
82.16259765625	0.3	0.0	1	168269	n/a
82.1708984375	0.3	1.0	2	168286	n/a
82.17919921875	0.3	0.0	1	168303	n/a
82.1875	0.3	1.0	2	168320	n/a
82.19580078125	0.3	1.0	2	168337	n/a
82.2041015625	0.3	0.0	1	168354	n/a
82.21240234375	0.3	1.0	2	168371	n/a
82.220703125	0.3	0.0	1	168388	n/a
82.22900390625	0.3	0.0	1	168405	n/a
82.2373046875	0.3	1.0	2	168422	n/a
82.24560546875	0.3	1.0	2	168439	n/a
82.25390625	0.3	0.0	1	168456	n/a
82.2626953125	0.3	1.0	2	168474	n/a
82.27099609375	0.3	0.0	1	168491	n/a
82.279296875	0.3	0.0	1	168508	n/a
82.28759765625	0.3	1.0	2	168525	n/a
82.2958984375	0.3	1.0	2	168542	n/a
82.30419921875	0.3	0.0	1	168559	n/a
82.3125	0.3	0.0	1	168576	n/a
82.32080078125	0.3	1.0	2	168593	n/a
82.3291015625	0.3	0.0	1	168610	n/a
82.33740234375	0.3	1.0	2	168627	n/a
82.345703125	0.3	0.0	1	168644	n/a
82.35400390625	0.3	1.0	2	168661	n/a
82.3623046875	0.3	0.0	1	168678	n/a
82.37060546875	0.3	1.0	2	168695	n/a
82.37890625	0.3	1.0	2	168712	n/a
82.3876953125	0.3	0.0	1	168730	n/a
82.39599609375	0.3	1.0	2	168747	n/a
82.404296875	0.3	0.0	1	168764	n/a
82.41259765625	0.3	0.0	1	168781	n/a
82.4208984375	0.3	1.0	2	168798	n/a
82.42919921875	0.3	0.0	1	168815	n/a
82.4375	0.3	1.0	2	168832	n/a
82.44580078125	0.3	0.0	1	168849	n/a
82.4541015625	0.3	1.0	2	168866	n/a
82.46240234375	0.3	1.0	2	168883	n/a
82.470703125	0.3	0.0	1	168900	n/a
82.47900390625	0.3	1.0	2	168917	n/a
82.4873046875	0.3	0.0	1	168934	n/a
82.49560546875	0.3	0.0	1	168951	n/a
82.50390625	0.3	1.0	2	168968	n/a
82.5126953125	0.3	0.0	1	168986	n/a
82.52099609375	0.3	1.0	2	169003	n/a
82.529296875	0.3	1.0	2	169020	n/a
82.53759765625	0.3	0.0	1	169037	n/a
82.5458984375	0.3	1.0	2	169054	n/a
82.55419921875	0.3	0.0	1	169071	n/a
82.5625	0.3	1.0	2	169088	n/a
82.57080078125	0.3	0.0	1	169105	n/a
82.5791015625	0.3	1.0	2	169122	n/a
82.58740234375	0.3	0.0	1	169139	n/a
82.595703125	0.3	1.0	2	169156	n/a
82.60400390625	0.3	0.0	1	169173	n/a
82.6123046875	0.3	0.0	1	169190	n/a
82.62060546875	0.3	1.0	2	169207	n/a
82.62890625	0.3	1.0	2	169224	n/a
82.6376953125	0.3	0.0	1	169242	n/a
85.01220703125	0.3	1.0	2	174105	6.0
85.0205078125	0.3	0.0	1	174122	n/a
85.02880859375	0.3	0.0	1	174139	n/a
85.037109375	0.3	1.0	2	174156	n/a
85.04541015625	0.3	1.0	2	174173	n/a
85.0537109375	0.3	0.0	1	174190	n/a
85.06201171875	0.3	0.0	1	174207	n/a
85.0703125	0.3	1.0	2	174224	n/a
85.0791015625	0.3	0.0	1	174242	n/a
85.08740234375	0.3	1.0	2	174259	n/a
85.095703125	0.3	0.0	1	174276	n/a
85.10400390625	0.3	1.0	2	174293	n/a
85.1123046875	0.3	0.0	1	174310	n/a
85.12060546875	0.3	1.0	2	174327	n/a
85.12890625	0.3	1.0	2	174344	n/a
85.13720703125	0.3	0.0	1	174361	n/a
85.1455078125	0.3	1.0	2	174378	n/a
85.15380859375	0.3	0.0	1	174395	n/a
85.162109375	0.3	0.0	1	174412	n/a
85.17041015625	0.3	1.0	2	174429	n/a
85.1787109375	0.3	1.0	2	174446	n/a
85.18701171875	0.3	0.0	1	174463	n/a
85.1953125	0.3	0.0	1	174480	n/a
85.2041015625	0.3	1.0	2	174498	n/a
85.21240234375	0.3	0.0	1	174515	n/a
85.220703125	0.3	1.0	2	174532	n/a
85.22900390625	0.3	0.0	1	174549	n/a
85.2373046875	0.3	1.0	2	174566	n/a
85.24560546875	0.3	1.0	2	174583	n/a
85.25390625	0.3	0.0	1	174600	n/a
85.26220703125	0.3	0.0	1	174617	n/a
85.2705078125	0.3	1.0	2	174634	n/a
85.27880859375	0.3	1.0	2	174651	n/a
85.287109375	0.3	0.0	1	174668	n/a
85.29541015625	0.3	1.0	2	174685	n/a
85.3037109375	0.3	0.0	1	174702	n/a
85.31201171875	0.3	1.0	2	174719	n/a
85.3203125	0.3	0.0	1	174736	n/a
85.3291015625	0.3	1.0	2	174754	n/a
85.33740234375	0.3	0.0	1	174771	n/a
85.345703125	0.3	1.0	2	174788	n/a
85.35400390625	0.3	0.0	1	174805	n/a
85.3623046875	0.3	0.0	1	174822	n/a
85.37060546875	0.3	1.0	2	174839	n/a
85.37890625	0.3	0.0	1	174856	n/a
85.38720703125	0.3	1.0	2	174873	n/a
85.3955078125	0.3	0.0	1	174890	n/a
85.40380859375	0.3	1.0	2	174907	n/a
85.412109375	0.3	1.0	2	174924	n/a
85.42041015625	0.3	0.0	1	174941	n/a
85.4287109375	0.3	1.0	2	174958	n/a
85.43701171875	0.3	0.0	1	174975	n/a
85.4453125	0.3	0.0	1	174992	n/a
85.4541015625	0.3	1.0	2	175010	n/a
85.46240234375	0.3	0.0	1	175027	n/a
85.470703125	0.3	1.0	2	175044	n/a
85.47900390625	0.3	1.0	2	175061	n/a
85.4873046875	0.3	0.0	1	175078	n/a
85.49560546875	0.3	0.0	1	175095	n/a
85.50390625	0.3	1.0	2	175112	n/a
85.51220703125	0.3	0.0	1	175129	n/a
85.5205078125	0.3	1.0	2	175146	n/a
85.52880859375	0.3	0.0	1	175163	n/a
85.537109375	0.3	1.0	2	175180	n/a
85.54541015625	0.3	1.0	2	175197	n/a
85.5537109375	0.3	0.0	1	175214	n/a
85.56201171875	0.3	0.0	1	175231	n/a
85.5703125	0.3	1.0	2	175248	n/a
85.5791015625	0.3	0.0	1	175266	n/a
85.58740234375	0.3	1.0	2	175283	n/a
85.595703125	0.3	0.0	1	175300	n/a
85.60400390625	0.3	1.0	2	175317	n/a
85.6123046875	0.3	0.0	1	175334	n/a
85.62060546875	0.3	1.0	2	175351	n/a
85.62890625	0.3	1.0	2	175368	n/a
85.63720703125	0.3	0.0	1	175385	n/a
85.6455078125	0.3	0.0	1	175402	n/a
85.65380859375	0.3	1.0	2	175419	n/a
85.662109375	0.3	1.0	2	175436	n/a
85.67041015625	0.3	0.0	1	175453	n/a
85.6787109375	0.3	1.0	2	175470	n/a
85.68701171875	0.3	0.0	1	175487	n/a
85.6953125	0.3	1.0	2	175504	n/a
85.7041015625	0.3	0.0	1	175522	n/a
85.71240234375	0.3	0.0	1	175539	n/a
85.720703125	0.3	1.0	2	175556	n/a
85.72900390625	0.3	1.0	2	175573	n/a
85.7373046875	0.3	0.0	1	175590	n/a
85.74560546875	0.3	0.0	1	175607	n/a
85.75390625	0.3	1.0	2	175624	n/a
85.76220703125	0.3	0.0	1	175641	n/a
85.7705078125	0.3	1.0	2	175658	n/a
85.77880859375	0.3	0.0	1	175675	n/a
85.787109375	0.3	1.0	2	175692	n/a
85.79541015625	0.3	1.0	2	175709	n/a
85.8037109375	0.3	0.0	1	175726	n/a
85.81201171875	0.3	1.0	2	175743	n/a
85.8203125	0.3	0.0	1	175760	n/a
85.8291015625	0.3	1.0	2	175778	n/a
85.83740234375	0.3	0.0	1	175795	n/a
85.845703125	0.3	0.0	1	175812	n/a
85.85400390625	0.3	1.0	2	175829	n/a
85.8623046875	0.3	1.0	2	175846	n/a
85.87060546875	0.3	0.0	1	175863	n/a
85.87890625	0.3	0.0	1	175880	n/a
85.88720703125	0.3	1.0	2	175897	n/a
85.8955078125	0.3	0.0	1	175914	n/a
85.90380859375	0.3	1.0	2	175931	n/a
85.912109375	0.3	1.0	2	175948	n/a
85.92041015625	0.3	0.0	1	175965	n/a
85.9287109375	0.3	1.0	2	175982	n/a
85.93701171875	0.3	0.0	1	175999	n/a
85.9453125	0.3	0.0	1	176016	n/a
85.9541015625	0.3	1.0	2	176034	n/a
85.96240234375	0.3	1.0	2	176051	n/a
85.970703125	0.3	0.0	1	176068	n/a
85.97900390625	0.3	1.0	2	176085	n/a
85.9873046875	0.3	0.0	1	176102	n/a
85.99560546875	0.3	0.0	1	176119	n/a
86.00390625	0.3	1.0	2	176136	n/a
86.01220703125	0.3	1.0	2	176153	n/a
86.0205078125	0.3	0.0	1	176170	n/a
86.02880859375	0.3	1.0	2	176187	n/a
86.037109375	0.3	0.0	1	176204	n/a
86.04541015625	0.3	1.0	2	176221	n/a
86.0537109375	0.3	0.0	1	176238	n/a
86.06201171875	0.3	1.0	2	176255	n/a
86.0703125	0.3	0.0	1	176272	n/a
86.0791015625	0.3	0.0	1	176290	n/a
86.08740234375	0.3	1.0	2	176307	n/a
86.095703125	0.3	1.0	2	176324	n/a
86.10400390625	0.3	0.0	1	176341	n/a
86.1123046875	0.3	0.0	1	176358	n/a
86.12060546875	0.3	1.0	2	176375	n/a
86.12890625	0.3	0.0	1	176392	n/a
86.13720703125	0.3	1.0	2	176409	n/a
86.1455078125	0.3	0.0	1	176426	n/a
86.15380859375	0.3	1.0	2	176443	n/a
86.162109375	0.3	0.0	1	176460	n/a
86.17041015625	0.3	1.0	2	176477	n/a
86.1787109375	0.3	1.0	2	176494	n/a
86.18701171875	0.3	0.0	1	176511	n/a
86.1953125	0.3	1.0	2	176528	n/a
86.2041015625	0.3	0.0	1	176546	n/a
86.21240234375	0.3	0.0	1	176563	n/a
86.220703125	0.3	1.0	2	176580	n/a
86.22900390625	0.3	1.0	2	176597	n/a
86.2373046875	0.3	0.0	1	176614	n/a
86.24560546875	0.3	0.0	1	176631	n/a
86.25390625	0.3	1.0	2	176648	n/a
86.26220703125	0.3	0.0	1	176665	n/a
86.2705078125	0.3	1.0	2	176682	n/a
86.27880859375	0.3	0.0	1	176699	n/a
86.287109375	0.3	1.0	2	176716	n/a
86.29541015625	0.3	1.0	2	176733	n/a
86.3037109375	0.3	0.0	1	176750	n/a
86.31201171875	0.3	0.0	1	176767	n/a
86.3203125	0.3	1.0	2	176784	n/a
86.3291015625	0.3	1.0	2	176802	n/a
86.33740234375	0.3	0.0	1	176819	n/a
86.345703125	0.3	1.0	2	176836	n/a
86.35400390625	0.3	0.0	1	176853	n/a
86.3623046875	0.3	1.0	2	176870	n/a
86.37060546875	0.3	0.0	1	176887	n/a
86.37890625	0.3	1.0	2	176904	n/a
86.38720703125	0.3	0.0	1	176921	n/a
86.3955078125	0.3	1.0	2	176938	n/a
86.40380859375	0.3	0.0	1	176955	n/a
86.412109375	0.3	0.0	1	176972	n/a
86.42041015625	0.3	1.0	2	176989	n/a
86.4287109375	0.3	0.0	1	177006	n/a
86.43701171875	0.3	1.0	2	177023	n/a
86.4453125	0.3	0.0	1	177040	n/a
86.4541015625	0.3	1.0	2	177058	n/a
86.46240234375	0.3	1.0	2	177075	n/a
86.470703125	0.3	0.0	1	177092	n/a
86.47900390625	0.3	1.0	2	177109	n/a
86.4873046875	0.3	0.0	1	177126	n/a
86.49560546875	0.3	0.0	1	177143	n/a
86.50390625	0.3	1.0	2	177160	n/a
86.51220703125	0.3	0.0	1	177177	n/a
86.5205078125	0.3	1.0	2	177194	n/a
86.52880859375	0.3	1.0	2	177211	n/a
86.537109375	0.3	0.0	1	177228	n/a
86.54541015625	0.3	0.0	1	177245	n/a
86.5537109375	0.3	1.0	2	177262	n/a
86.56201171875	0.3	0.0	1	177279	n/a
86.5703125	0.3	1.0	2	177296	n/a
86.5791015625	0.3	0.0	1	177314	n/a
86.58740234375	0.3	1.0	2	177331	n/a
86.595703125	0.3	1.0	2	177348	n/a
86.60400390625	0.3	0.0	1	177365	n/a
86.6123046875	0.3	0.0	1	177382	n/a
86.62060546875	0.3	1.0	2	177399	n/a
86.62890625	0.3	0.0	1	177416	n/a
86.63720703125	0.3	1.0	2	177433	n/a
86.6455078125	0.3	0.0	1	177450	n/a
86.65380859375	0.3	1.0	2	177467	n/a
86.662109375	0.3	0.0	1	177484	n/a
86.67041015625	0.3	1.0	2	177501	n/a
86.6787109375	0.3	1.0	2	177518	n/a
86.68701171875	0.3	0.0	1	177535	n/a
86.6953125	0.3	0.0	1	177552	n/a
86.7041015625	0.3	1.0	2	177570	n/a
86.71240234375	0.3	1.0	2	177587	n/a
86.720703125	0.3	0.0	1	177604	n/a
86.72900390625	0.3	1.0	2	177621	n/a
86.7373046875	0.3	0.0	1	177638	n/a
86.74560546875	0.3	1.0	2	177655	n/a
86.75390625	0.3	0.0	1	177672	n/a
86.76220703125	0.3	0.0	1	177689	n/a
86.7705078125	0.3	1.0	2	177706	n/a
86.77880859375	0.3	1.0	2	177723	n/a
86.787109375	0.3	0.0	1	177740	n/a
86.79541015625	0.3	0.0	1	177757	n/a
86.8037109375	0.3	1.0	2	177774	n/a
86.81201171875	0.3	0.0	1	177791	n/a
86.8203125	0.3	1.0	2	177808	n/a
86.8291015625	0.3	0.0	1	177826	n/a
86.83740234375	0.3	1.0	2	177843	n/a
86.845703125	0.3	1.0	2	177860	n/a
86.85400390625	0.3	0.0	1	177877	n/a
86.8623046875	0.3	1.0	2	177894	n/a
86.87060546875	0.3	0.0	1	177911	n/a
86.87890625	0.3	1.0	2	177928	n/a
86.88720703125	0.3	0.0	1	177945	n/a
86.8955078125	0.3	0.0	1	177962	n/a
86.90380859375	0.3	1.0	2	177979	n/a
86.912109375	0.3	1.0	2	177996	n/a
86.92041015625	0.3	0.0	1	178013	n/a
86.9287109375	0.3	0.0	1	178030	n/a
86.93701171875	0.3	1.0	2	178047	n/a
86.9453125	0.3	0.0	1	178064	n/a
86.9541015625	0.3	1.0	2	178082	n/a
86.96240234375	0.3	1.0	2	178099	n/a
86.970703125	0.3	0.0	1	178116	n/a
86.97900390625	0.3	1.0	2	178133	n/a
86.9873046875	0.3	0.0	1	178150	n/a
86.99560546875	0.3	0.0	1	178167	n/a
87.00390625	0.3	1.0	2	178184	n/a
87.01220703125	0.3	1.0	2	178201	n/a
87.0205078125	0.3	0.0	1	178218	n/a
87.02880859375	0.3	1.0	2	178235	n/a
87.037109375	0.3	0.0	1	178252	n/a
87.04541015625	0.3	0.0	1	178269	n/a
87.0537109375	0.3	1.0	2	178286	n/a
87.06201171875	0.3	1.0	2	178303	n/a
87.0703125	0.3	0.0	1	178320	n/a
87.0791015625	0.3	1.0	2	178338	n/a
87.08740234375	0.3	0.0	1	178355	n/a
87.095703125	0.3	1.0	2	178372	n/a
87.10400390625	0.3	0.0	1	178389	n/a
87.1123046875	0.3	1.0	2	178406	n/a
87.12060546875	0.3	0.0	1	178423	n/a
87.12890625	0.3	0.0	1	178440	n/a
87.13720703125	0.3	1.0	2	178457	n/a
87.1455078125	0.3	1.0	2	178474	n/a
87.15380859375	0.3	0.0	1	178491	n/a
87.162109375	0.3	0.0	1	178508	n/a
87.17041015625	0.3	1.0	2	178525	n/a
87.1787109375	0.3	0.0	1	178542	n/a
87.18701171875	0.3	1.0	2	178559	n/a
87.1953125	0.3	0.0	1	178576	n/a
87.2041015625	0.3	1.0	2	178594	n/a
87.21240234375	0.3	0.0	1	178611	n/a
87.220703125	0.3	1.0	2	178628	n/a
87.22900390625	0.3	1.0	2	178645	n/a
87.2373046875	0.3	0.0	1	178662	n/a
87.24560546875	0.3	1.0	2	178679	n/a
87.25390625	0.3	0.0	1	178696	n/a
87.26220703125	0.3	0.0	1	178713	n/a
87.2705078125	0.3	1.0	2	178730	n/a
87.27880859375	0.3	1.0	2	178747	n/a
87.287109375	0.3	0.0	1	178764	n/a
87.29541015625	0.3	0.0	1	178781	n/a
87.3037109375	0.3	1.0	2	178798	n/a
87.31201171875	0.3	0.0	1	178815	n/a
87.3203125	0.3	1.0	2	178832	n/a
87.3291015625	0.3	0.0	1	178850	n/a
87.33740234375	0.3	1.0	2	178867	n/a
87.345703125	0.3	1.0	2	178884	n/a
87.35400390625	0.3	0.0	1	178901	n/a
87.3623046875	0.3	0.0	1	178918	n/a
87.37060546875	0.3	1.0	2	178935	n/a
87.37890625	0.3	1.0	2	178952	n/a
87.38720703125	0.3	0.0	1	178969	n/a
87.3955078125	0.3	1.0	2	178986	n/a
87.40380859375	0.3	0.0	1	179003	n/a
87.412109375	0.3	1.0	2	179020	n/a
87.42041015625	0.3	0.0	1	179037	n/a
87.4287109375	0.3	1.0	2	179054	n/a
87.43701171875	0.3	0.0	1	179071	n/a
87.4453125	0.3	1.0	2	179088	n/a
87.4541015625	0.3	0.0	1	179106	n/a
87.46240234375	0.3	0.0	1	179123	n/a
87.470703125	0.3	1.0	2	179140	n/a
87.47900390625	0.3	0.0	1	179157	n/a
87.4873046875	0.3	1.0	2	179174	n/a
87.49560546875	0.3	0.0	1	179191	n/a
87.50390625	0.3	1.0	2	179208	n/a
87.51220703125	0.3	1.0	2	179225	n/a
87.5205078125	0.3	0.0	1	179242	n/a
87.52880859375	0.3	1.0	2	179259	n/a
87.537109375	0.3	0.0	1	179276	n/a
87.54541015625	0.3	0.0	1	179293	n/a
87.5537109375	0.3	1.0	2	179310	n/a
87.56201171875	0.3	0.0	1	179327	n/a
87.5703125	0.3	1.0	2	179344	n/a
87.5791015625	0.3	1.0	2	179362	n/a
87.58740234375	0.3	0.0	1	179379	n/a
87.595703125	0.3	0.0	1	179396	n/a
87.60400390625	0.3	1.0	2	179413	n/a
87.6123046875	0.3	0.0	1	179430	n/a
87.62060546875	0.3	1.0	2	179447	n/a
87.62890625	0.3	0.0	1	179464	n/a
87.63720703125	0.3	1.0	2	179481	n/a
87.6455078125	0.3	1.0	2	179498	n/a
87.65380859375	0.3	0.0	1	179515	n/a
87.662109375	0.3	0.0	1	179532	n/a
87.67041015625	0.3	1.0	2	179549	n/a
87.6787109375	0.3	0.0	1	179566	n/a
87.68701171875	0.3	1.0	2	179583	n/a
87.6953125	0.3	0.0	1	179600	n/a
87.7041015625	0.3	1.0	2	179618	n/a
87.71240234375	0.3	0.0	1	179635	n/a
87.720703125	0.3	1.0	2	179652	n/a
87.72900390625	0.3	1.0	2	179669	n/a
87.7373046875	0.3	0.0	1	179686	n/a
87.74560546875	0.3	0.0	1	179703	n/a
87.75390625	0.3	1.0	2	179720	n/a
87.76220703125	0.3	1.0	2	179737	n/a
87.7705078125	0.3	0.0	1	179754	n/a
87.77880859375	0.3	1.0	2	179771	n/a
87.787109375	0.3	0.0	1	179788	n/a
87.79541015625	0.3	1.0	2	179805	n/a
87.8037109375	0.3	0.0	1	179822	n/a
87.81201171875	0.3	0.0	1	179839	n/a
87.8203125	0.3	1.0	2	179856	n/a
87.8291015625	0.3	1.0	2	179874	n/a
87.83740234375	0.3	0.0	1	179891	n/a
87.845703125	0.3	0.0	1	179908	n/a
87.85400390625	0.3	1.0	2	179925	n/a
87.8623046875	0.3	0.0	1	179942	n/a
87.87060546875	0.3	1.0	2	179959	n/a
87.87890625	0.3	0.0	1	179976	n/a
87.88720703125	0.3	1.0	2	179993	n/a
87.8955078125	0.3	1.0	2	180010	n/a
87.90380859375	0.3	0.0	1	180027	n/a
87.912109375	0.3	1.0	2	180044	n/a
87.92041015625	0.3	0.0	1	180061	n/a
87.9287109375	0.3	1.0	2	180078	n/a
87.93701171875	0.3	0.0	1	180095	n/a
87.9453125	0.3	0.0	1	180112	n/a
87.9541015625	0.3	1.0	2	180130	n/a
87.96240234375	0.3	1.0	2	180147	n/a
87.970703125	0.3	0.0	1	180164	n/a
87.97900390625	0.3	0.0	1	180181	n/a
87.9873046875	0.3	1.0	2	180198	n/a
87.99560546875	0.3	0.0	1	180215	n/a
88.00390625	0.3	1.0	2	180232	n/a
88.01220703125	0.3	1.0	2	180249	n/a
88.0205078125	0.3	0.0	1	180266	n/a
88.02880859375	0.3	1.0	2	180283	n/a
88.037109375	0.3	0.0	1	180300	n/a
88.04541015625	0.3	0.0	1	180317	n/a
88.0537109375	0.3	1.0	2	180334	n/a
88.06201171875	0.3	1.0	2	180351	n/a
88.0703125	0.3	0.0	1	180368	n/a
88.0791015625	0.3	1.0	2	180386	n/a
88.08740234375	0.3	0.0	1	180403	n/a
88.095703125	0.3	0.0	1	180420	n/a
88.10400390625	0.3	1.0	2	180437	n/a
88.1123046875	0.3	1.0	2	180454	n/a
88.12060546875	0.3	0.0	1	180471	n/a
88.12890625	0.3	1.0	2	180488	n/a
88.13720703125	0.3	0.0	1	180505	n/a
88.1455078125	0.3	1.0	2	180522	n/a
88.15380859375	0.3	0.0	1	180539	n/a
88.162109375	0.3	1.0	2	180556	n/a
88.17041015625	0.3	0.0	1	180573	n/a
88.1787109375	0.3	0.0	1	180590	n/a
88.18701171875	0.3	1.0	2	180607	n/a
88.1953125	0.3	1.0	2	180624	n/a
88.2041015625	0.3	0.0	1	180642	n/a
88.21240234375	0.3	0.0	1	180659	n/a
88.220703125	0.3	1.0	2	180676	n/a
88.22900390625	0.3	0.0	1	180693	n/a
88.2373046875	0.3	1.0	2	180710	n/a
88.24560546875	0.3	0.0	1	180727	n/a
88.25390625	0.3	1.0	2	180744	n/a
88.26220703125	0.3	0.0	1	180761	n/a
88.2705078125	0.3	1.0	2	180778	n/a
88.27880859375	0.3	1.0	2	180795	n/a
88.287109375	0.3	0.0	1	180812	n/a
88.29541015625	0.3	1.0	2	180829	n/a
88.3037109375	0.3	0.0	1	180846	n/a
88.31201171875	0.3	0.0	1	180863	n/a
88.3203125	0.3	1.0	2	180880	n/a
88.3291015625	0.3	1.0	2	180898	n/a
88.33740234375	0.3	0.0	1	180915	n/a
88.345703125	0.3	0.0	1	180932	n/a
88.35400390625	0.3	1.0	2	180949	n/a
88.3623046875	0.3	0.0	1	180966	n/a
88.37060546875	0.3	1.0	2	180983	n/a
88.37890625	0.3	0.0	1	181000	n/a
88.38720703125	0.3	1.0	2	181017	n/a
88.3955078125	0.3	1.0	2	181034	n/a
88.40380859375	0.3	0.0	1	181051	n/a
88.412109375	0.3	0.0	1	181068	n/a
88.42041015625	0.3	1.0	2	181085	n/a
88.4287109375	0.3	1.0	2	181102	n/a
88.43701171875	0.3	0.0	1	181119	n/a
88.4453125	0.3	1.0	2	181136	n/a
88.4541015625	0.3	0.0	1	181154	n/a
88.46240234375	0.3	1.0	2	181171	n/a
88.470703125	0.3	0.0	1	181188	n/a
88.47900390625	0.3	1.0	2	181205	n/a
88.4873046875	0.3	0.0	1	181222	n/a
88.49560546875	0.3	1.0	2	181239	n/a
88.50390625	0.3	0.0	1	181256	n/a
88.51220703125	0.3	0.0	1	181273	n/a
88.5205078125	0.3	1.0	2	181290	n/a
88.52880859375	0.3	0.0	1	181307	n/a
88.537109375	0.3	1.0	2	181324	n/a
88.54541015625	0.3	0.0	1	181341	n/a
88.5537109375	0.3	1.0	2	181358	n/a
88.56201171875	0.3	1.0	2	181375	n/a
88.5703125	0.3	0.0	1	181392	n/a
88.5791015625	0.3	1.0	2	181410	n/a
88.58740234375	0.3	0.0	1	181427	n/a
88.595703125	0.3	0.0	1	181444	n/a
88.60400390625	0.3	1.0	2	181461	n/a
88.6123046875	0.3	0.0	1	181478	n/a
88.62060546875	0.3	1.0	2	181495	n/a
88.62890625	0.3	1.0	2	181512	n/a
88.63720703125	0.3	0.0	1	181529	n/a
88.6455078125	0.3	0.0	1	181546	n/a
88.65380859375	0.3	1.0	2	181563	n/a
88.662109375	0.3	0.0	1	181580	n/a
88.67041015625	0.3	1.0	2	181597	n/a
88.6787109375	0.3	0.0	1	181614	n/a
88.68701171875	0.3	1.0	2	181631	n/a
88.6953125	0.3	1.0	2	181648	n/a
88.7041015625	0.3	0.0	1	181666	n/a
88.71240234375	0.3	0.0	1	181683	n/a
88.720703125	0.3	1.0	2	181700	n/a
88.72900390625	0.3	0.0	1	181717	n/a
88.7373046875	0.3	1.0	2	181734	n/a
88.74560546875	0.3	0.0	1	181751	n/a
88.75390625	0.3	1.0	2	181768	n/a
88.76220703125	0.3	0.0	1	181785	n/a
88.7705078125	0.3	1.0	2	181802	n/a
88.77880859375	0.3	1.0	2	181819	n/a
88.787109375	0.3	0.0	1	181836	n/a
88.79541015625	0.3	0.0	1	181853	n/a
88.8037109375	0.3	1.0	2	181870	n/a
88.81201171875	0.3	1.0	2	181887	n/a
88.8203125	0.3	0.0	1	181904	n/a
88.8291015625	0.3	1.0	2	181922	n/a
88.83740234375	0.3	0.0	1	181939	n/a
88.845703125	0.3	1.0	2	181956	n/a
88.85400390625	0.3	0.0	1	181973	n/a
88.8623046875	0.3	0.0	1	181990	n/a
88.87060546875	0.3	1.0	2	182007	n/a
88.87890625	0.3	1.0	2	182024	n/a
88.88720703125	0.3	0.0	1	182041	n/a
88.8955078125	0.3	0.0	1	182058	n/a
88.90380859375	0.3	1.0	2	182075	n/a
88.912109375	0.3	0.0	1	182092	n/a
88.92041015625	0.3	1.0	2	182109	n/a
88.9287109375	0.3	0.0	1	182126	n/a
88.93701171875	0.3	1.0	2	182143	n/a
88.9453125	0.3	1.0	2	182160	n/a
88.9541015625	0.3	0.0	1	182178	n/a
88.96240234375	0.3	1.0	2	182195	n/a
88.970703125	0.3	0.0	1	182212	n/a
88.97900390625	0.3	1.0	2	182229	n/a
88.9873046875	0.3	0.0	1	182246	n/a
88.99560546875	0.3	0.0	1	182263	n/a
89.00390625	0.3	1.0	2	182280	n/a
89.01220703125	0.3	1.0	2	182297	n/a
89.0205078125	0.3	0.0	1	182314	n/a
89.02880859375	0.3	0.0	1	182331	n/a
89.037109375	0.3	1.0	2	182348	n/a
89.04541015625	0.3	0.0	1	182365	n/a
89.0537109375	0.3	1.0	2	182382	n/a
89.06201171875	0.3	1.0	2	182399	n/a
89.0703125	0.3	0.0	1	182416	n/a
89.0791015625	0.3	1.0	2	182434	n/a
89.08740234375	0.3	0.0	1	182451	n/a
89.095703125	0.3	0.0	1	182468	n/a
89.10400390625	0.3	1.0	2	182485	n/a
89.1123046875	0.3	1.0	2	182502	n/a
89.12060546875	0.3	0.0	1	182519	n/a
89.12890625	0.3	1.0	2	182536	n/a
89.13720703125	0.3	0.0	1	182553	n/a
89.1455078125	0.3	0.0	1	182570	n/a
89.15380859375	0.3	1.0	2	182587	n/a
89.162109375	0.3	1.0	2	182604	n/a
89.17041015625	0.3	0.0	1	182621	n/a
89.1787109375	0.3	1.0	2	182638	n/a
89.18701171875	0.3	0.0	1	182655	n/a
89.1953125	0.3	1.0	2	182672	n/a
89.2041015625	0.3	0.0	1	182690	n/a
91.58837890625	0.3	1.0	2	187573	20.0
91.5966796875	0.3	0.0	1	187590	n/a
91.60498046875	0.3	0.0	1	187607	n/a
91.61328125	0.3	1.0	2	187624	n/a
91.62158203125	0.3	1.0	2	187641	n/a
91.6298828125	0.3	0.0	1	187658	n/a
91.63818359375	0.3	1.0	2	187675	n/a
91.646484375	0.3	0.0	1	187692	n/a
91.6552734375	0.3	0.0	1	187710	n/a
91.66357421875	0.3	1.0	2	187727	n/a
91.671875	0.3	1.0	2	187744	n/a
91.68017578125	0.3	0.0	1	187761	n/a
91.6884765625	0.3	1.0	2	187778	n/a
91.69677734375	0.3	0.0	1	187795	n/a
91.705078125	0.3	0.0	1	187812	n/a
91.71337890625	0.3	1.0	2	187829	n/a
91.7216796875	0.3	0.0	1	187846	n/a
91.72998046875	0.3	1.0	2	187863	n/a
91.73828125	0.3	1.0	2	187880	n/a
91.74658203125	0.3	0.0	1	187897	n/a
91.7548828125	0.3	0.0	1	187914	n/a
91.76318359375	0.3	1.0	2	187931	n/a
91.771484375	0.3	0.0	1	187948	n/a
91.7802734375	0.3	1.0	2	187966	n/a
91.78857421875	0.3	0.0	1	187983	n/a
91.796875	0.3	1.0	2	188000	n/a
91.80517578125	0.3	1.0	2	188017	n/a
91.8134765625	0.3	0.0	1	188034	n/a
91.82177734375	0.3	1.0	2	188051	n/a
91.830078125	0.3	0.0	1	188068	n/a
91.83837890625	0.3	1.0	2	188085	n/a
91.8466796875	0.3	0.0	1	188102	n/a
91.85498046875	0.3	1.0	2	188119	n/a
91.86328125	0.3	0.0	1	188136	n/a
91.87158203125	0.3	0.0	1	188153	n/a
91.8798828125	0.3	1.0	2	188170	n/a
91.88818359375	0.3	1.0	2	188187	n/a
91.896484375	0.3	0.0	1	188204	n/a
91.9052734375	0.3	1.0	2	188222	n/a
91.91357421875	0.3	0.0	1	188239	n/a
91.921875	0.3	1.0	2	188256	n/a
91.93017578125	0.3	0.0	1	188273	n/a
91.9384765625	0.3	1.0	2	188290	n/a
91.94677734375	0.3	0.0	1	188307	n/a
91.955078125	0.3	1.0	2	188324	n/a
91.96337890625	0.3	0.0	1	188341	n/a
91.9716796875	0.3	0.0	1	188358	n/a
91.97998046875	0.3	1.0	2	188375	n/a
91.98828125	0.3	1.0	2	188392	n/a
91.99658203125	0.3	0.0	1	188409	n/a
92.0048828125	0.3	0.0	1	188426	n/a
92.01318359375	0.3	1.0	2	188443	n/a
92.021484375	0.3	1.0	2	188460	n/a
92.0302734375	0.3	0.0	1	188478	n/a
92.03857421875	0.3	1.0	2	188495	n/a
92.046875	0.3	0.0	1	188512	n/a
92.05517578125	0.3	0.0	1	188529	n/a
92.0634765625	0.3	1.0	2	188546	n/a
92.07177734375	0.3	0.0	1	188563	n/a
92.080078125	0.3	1.0	2	188580	n/a
92.08837890625	0.3	1.0	2	188597	n/a
92.0966796875	0.3	0.0	1	188614	n/a
92.10498046875	0.3	1.0	2	188631	n/a
92.11328125	0.3	0.0	1	188648	n/a
92.12158203125	0.3	0.0	1	188665	n/a
92.1298828125	0.3	1.0	2	188682	n/a
92.13818359375	0.3	0.0	1	188699	n/a
92.146484375	0.3	1.0	2	188716	n/a
92.1552734375	0.3	1.0	2	188734	n/a
92.16357421875	0.3	0.0	1	188751	n/a
92.171875	0.3	0.0	1	188768	n/a
92.18017578125	0.3	1.0	2	188785	n/a
92.1884765625	0.3	1.0	2	188802	n/a
92.19677734375	0.3	0.0	1	188819	n/a
92.205078125	0.3	0.0	1	188836	n/a
92.21337890625	0.3	1.0	2	188853	n/a
92.2216796875	0.3	0.0	1	188870	n/a
92.22998046875	0.3	1.0	2	188887	n/a
92.23828125	0.3	0.0	1	188904	n/a
92.24658203125	0.3	1.0	2	188921	n/a
92.2548828125	0.3	1.0	2	188938	n/a
92.26318359375	0.3	0.0	1	188955	n/a
92.271484375	0.3	1.0	2	188972	n/a
92.2802734375	0.3	0.0	1	188990	n/a
92.28857421875	0.3	1.0	2	189007	n/a
92.296875	0.3	0.0	1	189024	n/a
92.30517578125	0.3	0.0	1	189041	n/a
92.3134765625	0.3	1.0	2	189058	n/a
92.32177734375	0.3	0.0	1	189075	n/a
92.330078125	0.3	1.0	2	189092	n/a
92.33837890625	0.3	1.0	2	189109	n/a
92.3466796875	0.3	0.0	1	189126	n/a
92.35498046875	0.3	1.0	2	189143	n/a
92.36328125	0.3	0.0	1	189160	n/a
92.37158203125	0.3	1.0	2	189177	n/a
92.3798828125	0.3	0.0	1	189194	n/a
92.38818359375	0.3	1.0	2	189211	n/a
92.396484375	0.3	0.0	1	189228	n/a
92.4052734375	0.3	1.0	2	189246	n/a
92.41357421875	0.3	0.0	1	189263	n/a
92.421875	0.3	1.0	2	189280	n/a
92.43017578125	0.3	0.0	1	189297	n/a
92.4384765625	0.3	1.0	2	189314	n/a
92.44677734375	0.3	0.0	1	189331	n/a
92.455078125	0.3	0.0	1	189348	n/a
92.46337890625	0.3	1.0	2	189365	n/a
92.4716796875	0.3	1.0	2	189382	n/a
92.47998046875	0.3	0.0	1	189399	n/a
92.48828125	0.3	1.0	2	189416	n/a
92.49658203125	0.3	0.0	1	189433	n/a
92.5048828125	0.3	1.0	2	189450	n/a
92.51318359375	0.3	0.0	1	189467	n/a
92.521484375	0.3	0.0	1	189484	n/a
92.5302734375	0.3	1.0	2	189502	n/a
92.53857421875	0.3	1.0	2	189519	n/a
92.546875	0.3	0.0	1	189536	n/a
92.55517578125	0.3	0.0	1	189553	n/a
92.5634765625	0.3	1.0	2	189570	n/a
92.57177734375	0.3	1.0	2	189587	n/a
92.580078125	0.3	0.0	1	189604	n/a
92.58837890625	0.3	0.0	1	189621	n/a
92.5966796875	0.3	1.0	2	189638	n/a
92.60498046875	0.3	1.0	2	189655	n/a
92.61328125	0.3	0.0	1	189672	n/a
92.62158203125	0.3	1.0	2	189689	n/a
92.6298828125	0.3	0.0	1	189706	n/a
92.63818359375	0.3	1.0	2	189723	n/a
92.646484375	0.3	0.0	1	189740	n/a
92.6552734375	0.3	0.0	1	189758	n/a
92.66357421875	0.3	1.0	2	189775	n/a
92.671875	0.3	1.0	2	189792	n/a
92.68017578125	0.3	0.0	1	189809	n/a
92.6884765625	0.3	1.0	2	189826	n/a
92.69677734375	0.3	0.0	1	189843	n/a
92.705078125	0.3	0.0	1	189860	n/a
92.71337890625	0.3	1.0	2	189877	n/a
92.7216796875	0.3	1.0	2	189894	n/a
92.72998046875	0.3	0.0	1	189911	n/a
92.73828125	0.3	1.0	2	189928	n/a
92.74658203125	0.3	0.0	1	189945	n/a
92.7548828125	0.3	0.0	1	189962	n/a
92.76318359375	0.3	1.0	2	189979	n/a
92.771484375	0.3	0.0	1	189996	n/a
92.7802734375	0.3	1.0	2	190014	n/a
92.78857421875	0.3	1.0	2	190031	n/a
92.796875	0.3	0.0	1	190048	n/a
92.80517578125	0.3	0.0	1	190065	n/a
92.8134765625	0.3	1.0	2	190082	n/a
92.82177734375	0.3	0.0	1	190099	n/a
92.830078125	0.3	1.0	2	190116	n/a
92.83837890625	0.3	0.0	1	190133	n/a
92.8466796875	0.3	1.0	2	190150	n/a
92.85498046875	0.3	1.0	2	190167	n/a
92.86328125	0.3	0.0	1	190184	n/a
92.87158203125	0.3	1.0	2	190201	n/a
92.8798828125	0.3	0.0	1	190218	n/a
92.88818359375	0.3	1.0	2	190235	n/a
92.896484375	0.3	0.0	1	190252	n/a
92.9052734375	0.3	1.0	2	190270	n/a
92.91357421875	0.3	0.0	1	190287	n/a
92.921875	0.3	0.0	1	190304	n/a
92.93017578125	0.3	1.0	2	190321	n/a
92.9384765625	0.3	1.0	2	190338	n/a
92.94677734375	0.3	0.0	1	190355	n/a
92.955078125	0.3	1.0	2	190372	n/a
92.96337890625	0.3	0.0	1	190389	n/a
92.9716796875	0.3	1.0	2	190406	n/a
92.97998046875	0.3	0.0	1	190423	n/a
92.98828125	0.3	1.0	2	190440	n/a
92.99658203125	0.3	0.0	1	190457	n/a
93.0048828125	0.3	1.0	2	190474	n/a
93.01318359375	0.3	0.0	1	190491	n/a
93.021484375	0.3	0.0	1	190508	n/a
93.0302734375	0.3	1.0	2	190526	n/a
93.03857421875	0.3	1.0	2	190543	n/a
93.046875	0.3	0.0	1	190560	n/a
93.05517578125	0.3	0.0	1	190577	n/a
93.0634765625	0.3	1.0	2	190594	n/a
93.07177734375	0.3	1.0	2	190611	n/a
93.080078125	0.3	0.0	1	190628	n/a
93.08837890625	0.3	1.0	2	190645	n/a
93.0966796875	0.3	0.0	1	190662	n/a
93.10498046875	0.3	0.0	1	190679	n/a
93.11328125	0.3	1.0	2	190696	n/a
93.12158203125	0.3	0.0	1	190713	n/a
93.1298828125	0.3	1.0	2	190730	n/a
93.13818359375	0.3	1.0	2	190747	n/a
93.146484375	0.3	0.0	1	190764	n/a
93.1552734375	0.3	1.0	2	190782	n/a
93.16357421875	0.3	0.0	1	190799	n/a
93.171875	0.3	0.0	1	190816	n/a
93.18017578125	0.3	1.0	2	190833	n/a
93.1884765625	0.3	0.0	1	190850	n/a
93.19677734375	0.3	1.0	2	190867	n/a
93.205078125	0.3	1.0	2	190884	n/a
93.21337890625	0.3	0.0	1	190901	n/a
93.2216796875	0.3	0.0	1	190918	n/a
93.22998046875	0.3	1.0	2	190935	n/a
93.23828125	0.3	1.0	2	190952	n/a
93.24658203125	0.3	0.0	1	190969	n/a
93.2548828125	0.3	0.0	1	190986	n/a
93.26318359375	0.3	1.0	2	191003	n/a
93.271484375	0.3	0.0	1	191020	n/a
93.2802734375	0.3	1.0	2	191038	n/a
93.28857421875	0.3	0.0	1	191055	n/a
93.296875	0.3	1.0	2	191072	n/a
93.30517578125	0.3	1.0	2	191089	n/a
93.3134765625	0.3	0.0	1	191106	n/a
93.32177734375	0.3	1.0	2	191123	n/a
93.330078125	0.3	0.0	1	191140	n/a
93.33837890625	0.3	1.0	2	191157	n/a
93.3466796875	0.3	0.0	1	191174	n/a
93.35498046875	0.3	0.0	1	191191	n/a
93.36328125	0.3	1.0	2	191208	n/a
93.37158203125	0.3	0.0	1	191225	n/a
93.3798828125	0.3	1.0	2	191242	n/a
93.38818359375	0.3	1.0	2	191259	n/a
93.396484375	0.3	0.0	1	191276	n/a
93.4052734375	0.3	1.0	2	191294	n/a
93.41357421875	0.3	0.0	1	191311	n/a
93.421875	0.3	1.0	2	191328	n/a
93.43017578125	0.3	0.0	1	191345	n/a
93.4384765625	0.3	1.0	2	191362	n/a
93.44677734375	0.3	0.0	1	191379	n/a
93.455078125	0.3	1.0	2	191396	n/a
93.46337890625	0.3	0.0	1	191413	n/a
93.4716796875	0.3	1.0	2	191430	n/a
93.47998046875	0.3	0.0	1	191447	n/a
93.48828125	0.3	1.0	2	191464	n/a
93.49658203125	0.3	0.0	1	191481	n/a
93.5048828125	0.3	0.0	1	191498	n/a
93.51318359375	0.3	1.0	2	191515	n/a
93.521484375	0.3	1.0	2	191532	n/a
93.5302734375	0.3	0.0	1	191550	n/a
93.53857421875	0.3	1.0	2	191567	n/a
93.546875	0.3	0.0	1	191584	n/a
93.55517578125	0.3	1.0	2	191601	n/a
93.5634765625	0.3	0.0	1	191618	n/a
93.57177734375	0.3	0.0	1	191635	n/a
93.580078125	0.3	1.0	2	191652	n/a
93.58837890625	0.3	1.0	2	191669	n/a
93.5966796875	0.3	0.0	1	191686	n/a
93.60498046875	0.3	0.0	1	191703	n/a
93.61328125	0.3	1.0	2	191720	n/a
93.62158203125	0.3	1.0	2	191737	n/a
93.6298828125	0.3	0.0	1	191754	n/a
93.63818359375	0.3	0.0	1	191771	n/a
93.646484375	0.3	1.0	2	191788	n/a
93.6552734375	0.3	1.0	2	191806	n/a
93.66357421875	0.3	0.0	1	191823	n/a
93.671875	0.3	1.0	2	191840	n/a
93.68017578125	0.3	0.0	1	191857	n/a
93.6884765625	0.3	1.0	2	191874	n/a
93.69677734375	0.3	0.0	1	191891	n/a
93.705078125	0.3	0.0	1	191908	n/a
93.71337890625	0.3	1.0	2	191925	n/a
93.7216796875	0.3	1.0	2	191942	n/a
93.72998046875	0.3	0.0	1	191959	n/a
93.73828125	0.3	1.0	2	191976	n/a
93.74658203125	0.3	0.0	1	191993	n/a
93.7548828125	0.3	0.0	1	192010	n/a
93.76318359375	0.3	1.0	2	192027	n/a
93.771484375	0.3	1.0	2	192044	n/a
93.7802734375	0.3	0.0	1	192062	n/a
93.78857421875	0.3	1.0	2	192079	n/a
93.796875	0.3	0.0	1	192096	n/a
93.80517578125	0.3	0.0	1	192113	n/a
93.8134765625	0.3	1.0	2	192130	n/a
93.82177734375	0.3	0.0	1	192147	n/a
93.830078125	0.3	1.0	2	192164	n/a
93.83837890625	0.3	1.0	2	192181	n/a
93.8466796875	0.3	0.0	1	192198	n/a
93.85498046875	0.3	0.0	1	192215	n/a
93.86328125	0.3	1.0	2	192232	n/a
93.87158203125	0.3	0.0	1	192249	n/a
93.8798828125	0.3	1.0	2	192266	n/a
93.88818359375	0.3	0.0	1	192283	n/a
93.896484375	0.3	1.0	2	192300	n/a
93.9052734375	0.3	1.0	2	192318	n/a
93.91357421875	0.3	0.0	1	192335	n/a
93.921875	0.3	1.0	2	192352	n/a
93.93017578125	0.3	0.0	1	192369	n/a
93.9384765625	0.3	1.0	2	192386	n/a
93.94677734375	0.3	0.0	1	192403	n/a
93.955078125	0.3	1.0	2	192420	n/a
93.96337890625	0.3	0.0	1	192437	n/a
93.9716796875	0.3	0.0	1	192454	n/a
93.97998046875	0.3	1.0	2	192471	n/a
93.98828125	0.3	1.0	2	192488	n/a
93.99658203125	0.3	0.0	1	192505	n/a
94.0048828125	0.3	1.0	2	192522	n/a
94.01318359375	0.3	0.0	1	192539	n/a
94.021484375	0.3	1.0	2	192556	n/a
94.0302734375	0.3	0.0	1	192574	n/a
94.03857421875	0.3	1.0	2	192591	n/a
94.046875	0.3	0.0	1	192608	n/a
94.05517578125	0.3	1.0	2	192625	n/a
94.0634765625	0.3	0.0	1	192642	n/a
94.07177734375	0.3	0.0	1	192659	n/a
94.080078125	0.3	1.0	2	192676	n/a
94.08837890625	0.3	1.0	2	192693	n/a
94.0966796875	0.3	0.0	1	192710	n/a
94.10498046875	0.3	0.0	1	192727	n/a
94.11328125	0.3	1.0	2	192744	n/a
94.12158203125	0.3	1.0	2	192761	n/a
94.1298828125	0.3	0.0	1	192778	n/a
94.13818359375	0.3	1.0	2	192795	n/a
94.146484375	0.3	0.0	1	192812	n/a
94.1552734375	0.3	0.0	1	192830	n/a
94.16357421875	0.3	1.0	2	192847	n/a
94.171875	0.3	0.0	1	192864	n/a
94.18017578125	0.3	1.0	2	192881	n/a
94.1884765625	0.3	1.0	2	192898	n/a
94.19677734375	0.3	0.0	1	192915	n/a
94.205078125	0.3	1.0	2	192932	n/a
94.21337890625	0.3	0.0	1	192949	n/a
94.2216796875	0.3	0.0	1	192966	n/a
94.22998046875	0.3	1.0	2	192983	n/a
94.23828125	0.3	0.0	1	193000	n/a
94.24658203125	0.3	1.0	2	193017	n/a
94.2548828125	0.3	1.0	2	193034	n/a
94.26318359375	0.3	0.0	1	193051	n/a
94.271484375	0.3	0.0	1	193068	n/a
94.2802734375	0.3	1.0	2	193086	n/a
94.28857421875	0.3	1.0	2	193103	n/a
94.296875	0.3	0.0	1	193120	n/a
94.30517578125	0.3	0.0	1	193137	n/a
94.3134765625	0.3	1.0	2	193154	n/a
94.32177734375	0.3	0.0	1	193171	n/a
94.330078125	0.3	1.0	2	193188	n/a
94.33837890625	0.3	0.0	1	193205	n/a
94.3466796875	0.3	1.0	2	193222	n/a
94.35498046875	0.3	1.0	2	193239	n/a
94.36328125	0.3	0.0	1	193256	n/a
94.37158203125	0.3	1.0	2	193273	n/a
94.3798828125	0.3	0.0	1	193290	n/a
94.38818359375	0.3	1.0	2	193307	n/a
94.396484375	0.3	0.0	1	193324	n/a
94.4052734375	0.3	0.0	1	193342	n/a
94.41357421875	0.3	1.0	2	193359	n/a
94.421875	0.3	0.0	1	193376	n/a
94.43017578125	0.3	1.0	2	193393	n/a
94.4384765625	0.3	1.0	2	193410	n/a
94.44677734375	0.3	0.0	1	193427	n/a
94.455078125	0.3	1.0	2	193444	n/a
94.46337890625	0.3	0.0	1	193461	n/a
94.4716796875	0.3	1.0	2	193478	n/a
94.47998046875	0.3	0.0	1	193495	n/a
94.48828125	0.3	1.0	2	193512	n/a
94.49658203125	0.3	0.0	1	193529	n/a
94.5048828125	0.3	1.0	2	193546	n/a
94.51318359375	0.3	0.0	1	193563	n/a
94.521484375	0.3	1.0	2	193580	n/a
94.5302734375	0.3	0.0	1	193598	n/a
94.53857421875	0.3	1.0	2	193615	n/a
94.546875	0.3	0.0	1	193632	n/a
94.55517578125	0.3	0.0	1	193649	n/a
94.5634765625	0.3	1.0	2	193666	n/a
94.57177734375	0.3	1.0	2	193683	n/a
94.580078125	0.3	0.0	1	193700	n/a
94.58837890625	0.3	1.0	2	193717	n/a
94.5966796875	0.3	0.0	1	193734	n/a
94.60498046875	0.3	1.0	2	193751	n/a
94.61328125	0.3	0.0	1	193768	n/a
94.62158203125	0.3	0.0	1	193785	n/a
94.6298828125	0.3	1.0	2	193802	n/a
94.63818359375	0.3	1.0	2	193819	n/a
94.646484375	0.3	0.0	1	193836	n/a
94.6552734375	0.3	0.0	1	193854	n/a
94.66357421875	0.3	1.0	2	193871	n/a
94.671875	0.3	1.0	2	193888	n/a
94.68017578125	0.3	0.0	1	193905	n/a
94.6884765625	0.3	0.0	1	193922	n/a
94.69677734375	0.3	1.0	2	193939	n/a
94.705078125	0.3	1.0	2	193956	n/a
94.71337890625	0.3	0.0	1	193973	n/a
94.7216796875	0.3	1.0	2	193990	n/a
94.72998046875	0.3	0.0	1	194007	n/a
94.73828125	0.3	1.0	2	194024	n/a
94.74658203125	0.3	0.0	1	194041	n/a
94.7548828125	0.3	0.0	1	194058	n/a
94.76318359375	0.3	1.0	2	194075	n/a
94.771484375	0.3	1.0	2	194092	n/a
94.7802734375	0.3	0.0	1	194110	n/a
94.78857421875	0.3	1.0	2	194127	n/a
94.796875	0.3	0.0	1	194144	n/a
94.80517578125	0.3	0.0	1	194161	n/a
94.8134765625	0.3	1.0	2	194178	n/a
94.82177734375	0.3	1.0	2	194195	n/a
94.830078125	0.3	0.0	1	194212	n/a
94.83837890625	0.3	1.0	2	194229	n/a
94.8466796875	0.3	0.0	1	194246	n/a
94.85498046875	0.3	0.0	1	194263	n/a
94.86328125	0.3	1.0	2	194280	n/a
94.87158203125	0.3	0.0	1	194297	n/a
94.8798828125	0.3	1.0	2	194314	n/a
94.88818359375	0.3	1.0	2	194331	n/a
94.896484375	0.3	0.0	1	194348	n/a
94.9052734375	0.3	0.0	1	194366	n/a
94.91357421875	0.3	1.0	2	194383	n/a
94.921875	0.3	0.0	1	194400	n/a
94.93017578125	0.3	1.0	2	194417	n/a
94.9384765625	0.3	0.0	1	194434	n/a
94.94677734375	0.3	1.0	2	194451	n/a
94.955078125	0.3	1.0	2	194468	n/a
94.96337890625	0.3	0.0	1	194485	n/a
94.9716796875	0.3	1.0	2	194502	n/a
94.97998046875	0.3	0.0	1	194519	n/a
94.98828125	0.3	1.0	2	194536	n/a
94.99658203125	0.3	0.0	1	194553	n/a
95.0048828125	0.3	1.0	2	194570	n/a
95.01318359375	0.3	0.0	1	194587	n/a
95.021484375	0.3	0.0	1	194604	n/a
95.0302734375	0.3	1.0	2	194622	n/a
95.03857421875	0.3	1.0	2	194639	n/a
95.046875	0.3	0.0	1	194656	n/a
95.05517578125	0.3	1.0	2	194673	n/a
95.0634765625	0.3	0.0	1	194690	n/a
95.07177734375	0.3	1.0	2	194707	n/a
95.080078125	0.3	0.0	1	194724	n/a
95.08837890625	0.3	1.0	2	194741	n/a
95.0966796875	0.3	0.0	1	194758	n/a
95.10498046875	0.3	1.0	2	194775	n/a
95.11328125	0.3	0.0	1	194792	n/a
95.12158203125	0.3	0.0	1	194809	n/a
95.1298828125	0.3	1.0	2	194826	n/a
95.13818359375	0.3	1.0	2	194843	n/a
95.146484375	0.3	0.0	1	194860	n/a
95.1552734375	0.3	0.0	1	194878	n/a
95.16357421875	0.3	1.0	2	194895	n/a
95.171875	0.3	1.0	2	194912	n/a
95.18017578125	0.3	0.0	1	194929	n/a
95.1884765625	0.3	1.0	2	194946	n/a
95.19677734375	0.3	0.0	1	194963	n/a
95.205078125	0.3	0.0	1	194980	n/a
95.21337890625	0.3	1.0	2	194997	n/a
95.2216796875	0.3	0.0	1	195014	n/a
95.22998046875	0.3	1.0	2	195031	n/a
95.23828125	0.3	1.0	2	195048	n/a
95.24658203125	0.3	0.0	1	195065	n/a
95.2548828125	0.3	1.0	2	195082	n/a
95.26318359375	0.3	0.0	1	195099	n/a
95.271484375	0.3	0.0	1	195116	n/a
95.2802734375	0.3	1.0	2	195134	n/a
95.28857421875	0.3	0.0	1	195151	n/a
95.296875	0.3	1.0	2	195168	n/a
95.30517578125	0.3	1.0	2	195185	n/a
95.3134765625	0.3	0.0	1	195202	n/a
95.32177734375	0.3	0.0	1	195219	n/a
95.330078125	0.3	1.0	2	195236	n/a
95.33837890625	0.3	1.0	2	195253	n/a
95.3466796875	0.3	0.0	1	195270	n/a
95.35498046875	0.3	0.0	1	195287	n/a
95.36328125	0.3	1.0	2	195304	n/a
95.37158203125	0.3	0.0	1	195321	n/a
95.3798828125	0.3	1.0	2	195338	n/a
95.38818359375	0.3	0.0	1	195355	n/a
95.396484375	0.3	1.0	2	195372	n/a
95.4052734375	0.3	1.0	2	195390	n/a
95.41357421875	0.3	0.0	1	195407	n/a
95.421875	0.3	1.0	2	195424	n/a
95.43017578125	0.3	0.0	1	195441	n/a
95.4384765625	0.3	1.0	2	195458	n/a
95.44677734375	0.3	0.0	1	195475	n/a
95.455078125	0.3	0.0	1	195492	n/a
95.46337890625	0.3	1.0	2	195509	n/a
95.4716796875	0.3	0.0	1	195526	n/a
95.47998046875	0.3	1.0	2	195543	n/a
95.48828125	0.3	1.0	2	195560	n/a
95.49658203125	0.3	0.0	1	195577	n/a
95.5048828125	0.3	1.0	2	195594	n/a
95.51318359375	0.3	0.0	1	195611	n/a
95.521484375	0.3	1.0	2	195628	n/a
95.5302734375	0.3	0.0	1	195646	n/a
95.53857421875	0.3	1.0	2	195663	n/a
95.546875	0.3	0.0	1	195680	n/a
95.55517578125	0.3	1.0	2	195697	n/a
95.5634765625	0.3	0.0	1	195714	n/a
95.57177734375	0.3	1.0	2	195731	n/a
95.580078125	0.3	0.0	1	195748	n/a
95.58837890625	0.3	1.0	2	195765	n/a
95.5966796875	0.3	0.0	1	195782	n/a
95.60498046875	0.3	0.0	1	195799	n/a
95.61328125	0.3	1.0	2	195816	n/a
95.62158203125	0.3	1.0	2	195833	n/a
95.6298828125	0.3	0.0	1	195850	n/a
95.63818359375	0.3	1.0	2	195867	n/a
95.646484375	0.3	0.0	1	195884	n/a
95.6552734375	0.3	1.0	2	195902	n/a
95.66357421875	0.3	0.0	1	195919	n/a
95.671875	0.3	0.0	1	195936	n/a
95.68017578125	0.3	1.0	2	195953	n/a
95.6884765625	0.3	1.0	2	195970	n/a
95.69677734375	0.3	0.0	1	195987	n/a
95.705078125	0.3	0.0	1	196004	n/a
95.71337890625	0.3	1.0	2	196021	n/a
95.7216796875	0.3	1.0	2	196038	n/a
95.72998046875	0.3	0.0	1	196055	n/a
95.73828125	0.3	0.0	1	196072	n/a
95.74658203125	0.3	1.0	2	196089	n/a
95.7548828125	0.3	1.0	2	196106	n/a
95.76318359375	0.3	0.0	1	196123	n/a
95.771484375	0.3	1.0	2	196140	n/a
95.7802734375	0.3	0.0	1	196158	n/a
98.15576171875	0.3	1.0	2	201023	5.0
98.1640625	0.3	0.0	1	201040	n/a
98.17236328125	0.3	1.0	2	201057	n/a
98.1806640625	0.3	0.0	1	201074	n/a
98.18896484375	0.3	0.0	1	201091	n/a
98.197265625	0.3	1.0	2	201108	n/a
98.20556640625	0.3	0.0	1	201125	n/a
98.2138671875	0.3	1.0	2	201142	n/a
98.22265625	0.3	0.0	1	201160	n/a
98.23095703125	0.3	1.0	2	201177	n/a
98.2392578125	0.3	0.0	1	201194	n/a
98.24755859375	0.3	1.0	2	201211	n/a
98.255859375	0.3	1.0	2	201228	n/a
98.26416015625	0.3	0.0	1	201245	n/a
98.2724609375	0.3	1.0	2	201262	n/a
98.28076171875	0.3	0.0	1	201279	n/a
98.2890625	0.3	1.0	2	201296	n/a
98.29736328125	0.3	0.0	1	201313	n/a
98.3056640625	0.3	1.0	2	201330	n/a
98.31396484375	0.3	0.0	1	201347	n/a
98.322265625	0.3	1.0	2	201364	n/a
98.33056640625	0.3	0.0	1	201381	n/a
98.3388671875	0.3	0.0	1	201398	n/a
98.34765625	0.3	1.0	2	201416	n/a
98.35595703125	0.3	0.0	1	201433	n/a
98.3642578125	0.3	1.0	2	201450	n/a
98.37255859375	0.3	0.0	1	201467	n/a
98.380859375	0.3	1.0	2	201484	n/a
98.38916015625	0.3	0.0	1	201501	n/a
98.3974609375	0.3	1.0	2	201518	n/a
98.40576171875	0.3	1.0	2	201535	n/a
98.4140625	0.3	0.0	1	201552	n/a
98.42236328125	0.3	0.0	1	201569	n/a
98.4306640625	0.3	1.0	2	201586	n/a
98.43896484375	0.3	1.0	2	201603	n/a
98.447265625	0.3	0.0	1	201620	n/a
98.45556640625	0.3	1.0	2	201637	n/a
98.4638671875	0.3	0.0	1	201654	n/a
98.47265625	0.3	1.0	2	201672	n/a
98.48095703125	0.3	0.0	1	201689	n/a
98.4892578125	0.3	1.0	2	201706	n/a
98.49755859375	0.3	0.0	1	201723	n/a
98.505859375	0.3	0.0	1	201740	n/a
98.51416015625	0.3	1.0	2	201757	n/a
98.5224609375	0.3	1.0	2	201774	n/a
98.53076171875	0.3	0.0	1	201791	n/a
98.5390625	0.3	0.0	1	201808	n/a
98.54736328125	0.3	1.0	2	201825	n/a
98.5556640625	0.3	0.0	1	201842	n/a
98.56396484375	0.3	1.0	2	201859	n/a
98.572265625	0.3	0.0	1	201876	n/a
98.58056640625	0.3	1.0	2	201893	n/a
98.5888671875	0.3	1.0	2	201910	n/a
98.59765625	0.3	0.0	1	201928	n/a
98.60595703125	0.3	1.0	2	201945	n/a
98.6142578125	0.3	0.0	1	201962	n/a
98.62255859375	0.3	0.0	1	201979	n/a
98.630859375	0.3	1.0	2	201996	n/a
98.63916015625	0.3	1.0	2	202013	n/a
98.6474609375	0.3	0.0	1	202030	n/a
98.65576171875	0.3	0.0	1	202047	n/a
98.6640625	0.3	1.0	2	202064	n/a
98.67236328125	0.3	0.0	1	202081	n/a
98.6806640625	0.3	1.0	2	202098	n/a
98.68896484375	0.3	0.0	1	202115	n/a
98.697265625	0.3	1.0	2	202132	n/a
98.70556640625	0.3	0.0	1	202149	n/a
98.7138671875	0.3	1.0	2	202166	n/a
98.72265625	0.3	1.0	2	202184	n/a
98.73095703125	0.3	0.0	1	202201	n/a
98.7392578125	0.3	0.0	1	202218	n/a
98.74755859375	0.3	1.0	2	202235	n/a
98.755859375	0.3	1.0	2	202252	n/a
98.76416015625	0.3	0.0	1	202269	n/a
98.7724609375	0.3	1.0	2	202286	n/a
98.78076171875	0.3	0.0	1	202303	n/a
98.7890625	0.3	0.0	1	202320	n/a
98.79736328125	0.3	1.0	2	202337	n/a
98.8056640625	0.3	1.0	2	202354	n/a
98.81396484375	0.3	0.0	1	202371	n/a
98.822265625	0.3	0.0	1	202388	n/a
98.83056640625	0.3	1.0	2	202405	n/a
98.8388671875	0.3	0.0	1	202422	n/a
98.84765625	0.3	1.0	2	202440	n/a
98.85595703125	0.3	0.0	1	202457	n/a
98.8642578125	0.3	1.0	2	202474	n/a
98.87255859375	0.3	1.0	2	202491	n/a
98.880859375	0.3	0.0	1	202508	n/a
98.88916015625	0.3	1.0	2	202525	n/a
98.8974609375	0.3	0.0	1	202542	n/a
98.90576171875	0.3	1.0	2	202559	n/a
98.9140625	0.3	0.0	1	202576	n/a
98.92236328125	0.3	1.0	2	202593	n/a
98.9306640625	0.3	0.0	1	202610	n/a
98.93896484375	0.3	0.0	1	202627	n/a
98.947265625	0.3	1.0	2	202644	n/a
98.95556640625	0.3	1.0	2	202661	n/a
98.9638671875	0.3	0.0	1	202678	n/a
98.97265625	0.3	0.0	1	202696	n/a
98.98095703125	0.3	1.0	2	202713	n/a
98.9892578125	0.3	1.0	2	202730	n/a
98.99755859375	0.3	0.0	1	202747	n/a
99.005859375	0.3	0.0	1	202764	n/a
99.01416015625	0.3	1.0	2	202781	n/a
99.0224609375	0.3	0.0	1	202798	n/a
99.03076171875	0.3	1.0	2	202815	n/a
99.0390625	0.3	1.0	2	202832	n/a
99.04736328125	0.3	0.0	1	202849	n/a
99.0556640625	0.3	1.0	2	202866	n/a
99.06396484375	0.3	0.0	1	202883	n/a
99.072265625	0.3	0.0	1	202900	n/a
99.08056640625	0.3	1.0	2	202917	n/a
99.0888671875	0.3	1.0	2	202934	n/a
99.09765625	0.3	0.0	1	202952	n/a
99.10595703125	0.3	1.0	2	202969	n/a
99.1142578125	0.3	0.0	1	202986	n/a
99.12255859375	0.3	0.0	1	203003	n/a
99.130859375	0.3	1.0	2	203020	n/a
99.13916015625	0.3	0.0	1	203037	n/a
99.1474609375	0.3	1.0	2	203054	n/a
99.15576171875	0.3	1.0	2	203071	n/a
99.1640625	0.3	0.0	1	203088	n/a
99.17236328125	0.3	0.0	1	203105	n/a
99.1806640625	0.3	1.0	2	203122	n/a
99.18896484375	0.3	0.0	1	203139	n/a
99.197265625	0.3	1.0	2	203156	n/a
99.20556640625	0.3	1.0	2	203173	n/a
99.2138671875	0.3	0.0	1	203190	n/a
99.22265625	0.3	1.0	2	203208	n/a
99.23095703125	0.3	0.0	1	203225	n/a
99.2392578125	0.3	0.0	1	203242	n/a
99.24755859375	0.3	1.0	2	203259	n/a
99.255859375	0.3	0.0	1	203276	n/a
99.26416015625	0.3	1.0	2	203293	n/a
99.2724609375	0.3	0.0	1	203310	n/a
99.28076171875	0.3	1.0	2	203327	n/a
99.2890625	0.3	0.0	1	203344	n/a
99.29736328125	0.3	1.0	2	203361	n/a
99.3056640625	0.3	1.0	2	203378	n/a
99.31396484375	0.3	0.0	1	203395	n/a
99.322265625	0.3	1.0	2	203412	n/a
99.33056640625	0.3	0.0	1	203429	n/a
99.3388671875	0.3	1.0	2	203446	n/a
99.34765625	0.3	0.0	1	203464	n/a
99.35595703125	0.3	1.0	2	203481	n/a
99.3642578125	0.3	0.0	1	203498	n/a
99.37255859375	0.3	1.0	2	203515	n/a
99.380859375	0.3	0.0	1	203532	n/a
99.38916015625	0.3	0.0	1	203549	n/a
99.3974609375	0.3	1.0	2	203566	n/a
99.40576171875	0.3	0.0	1	203583	n/a
99.4140625	0.3	1.0	2	203600	n/a
99.42236328125	0.3	0.0	1	203617	n/a
99.4306640625	0.3	1.0	2	203634	n/a
99.43896484375	0.3	0.0	1	203651	n/a
99.447265625	0.3	1.0	2	203668	n/a
99.45556640625	0.3	1.0	2	203685	n/a
99.4638671875	0.3	0.0	1	203702	n/a
99.47265625	0.3	0.0	1	203720	n/a
99.48095703125	0.3	1.0	2	203737	n/a
99.4892578125	0.3	1.0	2	203754	n/a
99.49755859375	0.3	0.0	1	203771	n/a
99.505859375	0.3	1.0	2	203788	n/a
99.51416015625	0.3	0.0	1	203805	n/a
99.5224609375	0.3	1.0	2	203822	n/a
99.53076171875	0.3	0.0	1	203839	n/a
99.5390625	0.3	1.0	2	203856	n/a
99.54736328125	0.3	0.0	1	203873	n/a
99.5556640625	0.3	0.0	1	203890	n/a
99.56396484375	0.3	1.0	2	203907	n/a
99.572265625	0.3	1.0	2	203924	n/a
99.58056640625	0.3	0.0	1	203941	n/a
99.5888671875	0.3	0.0	1	203958	n/a
99.59765625	0.3	1.0	2	203976	n/a
99.60595703125	0.3	0.0	1	203993	n/a
99.6142578125	0.3	1.0	2	204010	n/a
99.62255859375	0.3	0.0	1	204027	n/a
99.630859375	0.3	1.0	2	204044	n/a
99.63916015625	0.3	1.0	2	204061	n/a
99.6474609375	0.3	0.0	1	204078	n/a
99.65576171875	0.3	1.0	2	204095	n/a
99.6640625	0.3	0.0	1	204112	n/a
99.67236328125	0.3	0.0	1	204129	n/a
99.6806640625	0.3	1.0	2	204146	n/a
99.68896484375	0.3	1.0	2	204163	n/a
99.697265625	0.3	0.0	1	204180	n/a
99.70556640625	0.3	0.0	1	204197	n/a
99.7138671875	0.3	1.0	2	204214	n/a
99.72265625	0.3	0.0	1	204232	n/a
99.73095703125	0.3	1.0	2	204249	n/a
99.7392578125	0.3	0.0	1	204266	n/a
99.74755859375	0.3	1.0	2	204283	n/a
99.755859375	0.3	0.0	1	204300	n/a
99.76416015625	0.3	1.0	2	204317	n/a
99.7724609375	0.3	1.0	2	204334	n/a
99.78076171875	0.3	0.0	1	204351	n/a
99.7890625	0.3	0.0	1	204368	n/a
99.79736328125	0.3	1.0	2	204385	n/a
99.8056640625	0.3	1.0	2	204402	n/a
99.81396484375	0.3	0.0	1	204419	n/a
99.822265625	0.3	1.0	2	204436	n/a
99.83056640625	0.3	0.0	1	204453	n/a
99.8388671875	0.3	0.0	1	204470	n/a
99.84765625	0.3	1.0	2	204488	n/a
99.85595703125	0.3	1.0	2	204505	n/a
99.8642578125	0.3	0.0	1	204522	n/a
99.87255859375	0.3	0.0	1	204539	n/a
99.880859375	0.3	1.0	2	204556	n/a
99.88916015625	0.3	0.0	1	204573	n/a
99.8974609375	0.3	1.0	2	204590	n/a
99.90576171875	0.3	0.0	1	204607	n/a
99.9140625	0.3	1.0	2	204624	n/a
99.92236328125	0.3	1.0	2	204641	n/a
99.9306640625	0.3	0.0	1	204658	n/a
99.93896484375	0.3	1.0	2	204675	n/a
99.947265625	0.3	0.0	1	204692	n/a
99.95556640625	0.3	1.0	2	204709	n/a
99.9638671875	0.3	0.0	1	204726	n/a
99.97265625	0.3	1.0	2	204744	n/a
99.98095703125	0.3	0.0	1	204761	n/a
99.9892578125	0.3	0.0	1	204778	n/a
99.99755859375	0.3	1.0	2	204795	n/a
100.005859375	0.3	1.0	2	204812	n/a
100.01416015625	0.3	0.0	1	204829	n/a
100.0224609375	0.3	0.0	1	204846	n/a
100.03076171875	0.3	1.0	2	204863	n/a
100.0390625	0.3	1.0	2	204880	n/a
100.04736328125	0.3	0.0	1	204897	n/a
100.0556640625	0.3	0.0	1	204914	n/a
100.06396484375	0.3	1.0	2	204931	n/a
100.072265625	0.3	0.0	1	204948	n/a
100.08056640625	0.3	1.0	2	204965	n/a
100.0888671875	0.3	1.0	2	204982	n/a
100.09765625	0.3	0.0	1	205000	n/a
100.10595703125	0.3	1.0	2	205017	n/a
100.1142578125	0.3	0.0	1	205034	n/a
100.12255859375	0.3	0.0	1	205051	n/a
100.130859375	0.3	1.0	2	205068	n/a
100.13916015625	0.3	1.0	2	205085	n/a
100.1474609375	0.3	0.0	1	205102	n/a
100.15576171875	0.3	1.0	2	205119	n/a
100.1640625	0.3	0.0	1	205136	n/a
100.17236328125	0.3	0.0	1	205153	n/a
100.1806640625	0.3	1.0	2	205170	n/a
100.18896484375	0.3	0.0	1	205187	n/a
100.197265625	0.3	1.0	2	205204	n/a
100.20556640625	0.3	1.0	2	205221	n/a
100.2138671875	0.3	0.0	1	205238	n/a
100.22265625	0.3	0.0	1	205256	n/a
100.23095703125	0.3	1.0	2	205273	n/a
100.2392578125	0.3	0.0	1	205290	n/a
100.24755859375	0.3	1.0	2	205307	n/a
100.255859375	0.3	1.0	2	205324	n/a
100.26416015625	0.3	0.0	1	205341	n/a
100.2724609375	0.3	1.0	2	205358	n/a
100.28076171875	0.3	0.0	1	205375	n/a
100.2890625	0.3	0.0	1	205392	n/a
100.29736328125	0.3	1.0	2	205409	n/a
100.3056640625	0.3	0.0	1	205426	n/a
100.31396484375	0.3	1.0	2	205443	n/a
100.322265625	0.3	0.0	1	205460	n/a
100.33056640625	0.3	1.0	2	205477	n/a
100.3388671875	0.3	0.0	1	205494	n/a
100.34765625	0.3	1.0	2	205512	n/a
100.35595703125	0.3	1.0	2	205529	n/a
100.3642578125	0.3	0.0	1	205546	n/a
100.37255859375	0.3	1.0	2	205563	n/a
100.380859375	0.3	0.0	1	205580	n/a
100.38916015625	0.3	1.0	2	205597	n/a
100.3974609375	0.3	0.0	1	205614	n/a
100.40576171875	0.3	1.0	2	205631	n/a
100.4140625	0.3	0.0	1	205648	n/a
100.42236328125	0.3	1.0	2	205665	n/a
100.4306640625	0.3	0.0	1	205682	n/a
100.43896484375	0.3	0.0	1	205699	n/a
100.447265625	0.3	1.0	2	205716	n/a
100.45556640625	0.3	0.0	1	205733	n/a
100.4638671875	0.3	1.0	2	205750	n/a
100.47265625	0.3	0.0	1	205768	n/a
100.48095703125	0.3	1.0	2	205785	n/a
100.4892578125	0.3	0.0	1	205802	n/a
100.49755859375	0.3	1.0	2	205819	n/a
100.505859375	0.3	1.0	2	205836	n/a
100.51416015625	0.3	0.0	1	205853	n/a
100.5224609375	0.3	0.0	1	205870	n/a
100.53076171875	0.3	1.0	2	205887	n/a
100.5390625	0.3	1.0	2	205904	n/a
100.54736328125	0.3	0.0	1	205921	n/a
100.5556640625	0.3	1.0	2	205938	n/a
100.56396484375	0.3	0.0	1	205955	n/a
100.572265625	0.3	1.0	2	205972	n/a
100.58056640625	0.3	0.0	1	205989	n/a
100.5888671875	0.3	1.0	2	206006	n/a
100.59765625	0.3	0.0	1	206024	n/a
100.60595703125	0.3	0.0	1	206041	n/a
100.6142578125	0.3	1.0	2	206058	n/a
100.62255859375	0.3	1.0	2	206075	n/a
100.630859375	0.3	0.0	1	206092	n/a
100.63916015625	0.3	0.0	1	206109	n/a
100.6474609375	0.3	1.0	2	206126	n/a
100.65576171875	0.3	0.0	1	206143	n/a
100.6640625	0.3	1.0	2	206160	n/a
100.67236328125	0.3	0.0	1	206177	n/a
100.6806640625	0.3	1.0	2	206194	n/a
100.68896484375	0.3	1.0	2	206211	n/a
100.697265625	0.3	0.0	1	206228	n/a
100.70556640625	0.3	1.0	2	206245	n/a
100.7138671875	0.3	0.0	1	206262	n/a
100.72265625	0.3	0.0	1	206280	n/a
100.73095703125	0.3	1.0	2	206297	n/a
100.7392578125	0.3	1.0	2	206314	n/a
100.74755859375	0.3	0.0	1	206331	n/a
100.755859375	0.3	0.0	1	206348	n/a
100.76416015625	0.3	1.0	2	206365	n/a
100.7724609375	0.3	0.0	1	206382	n/a
100.78076171875	0.3	1.0	2	206399	n/a
100.7890625	0.3	0.0	1	206416	n/a
100.79736328125	0.3	1.0	2	206433	n/a
100.8056640625	0.3	0.0	1	206450	n/a
100.81396484375	0.3	1.0	2	206467	n/a
100.822265625	0.3	1.0	2	206484	n/a
100.83056640625	0.3	0.0	1	206501	n/a
100.8388671875	0.3	0.0	1	206518	n/a
100.84765625	0.3	1.0	2	206536	n/a
100.85595703125	0.3	1.0	2	206553	n/a
100.8642578125	0.3	0.0	1	206570	n/a
100.87255859375	0.3	1.0	2	206587	n/a
100.880859375	0.3	0.0	1	206604	n/a
100.88916015625	0.3	0.0	1	206621	n/a
100.8974609375	0.3	1.0	2	206638	n/a
100.90576171875	0.3	1.0	2	206655	n/a
100.9140625	0.3	0.0	1	206672	n/a
100.92236328125	0.3	0.0	1	206689	n/a
100.9306640625	0.3	1.0	2	206706	n/a
100.93896484375	0.3	0.0	1	206723	n/a
100.947265625	0.3	1.0	2	206740	n/a
100.95556640625	0.3	0.0	1	206757	n/a
100.9638671875	0.3	1.0	2	206774	n/a
100.97265625	0.3	1.0	2	206792	n/a
100.98095703125	0.3	0.0	1	206809	n/a
100.9892578125	0.3	1.0	2	206826	n/a
100.99755859375	0.3	0.0	1	206843	n/a
101.005859375	0.3	1.0	2	206860	n/a
101.01416015625	0.3	0.0	1	206877	n/a
101.0224609375	0.3	1.0	2	206894	n/a
101.03076171875	0.3	0.0	1	206911	n/a
101.0390625	0.3	0.0	1	206928	n/a
101.04736328125	0.3	1.0	2	206945	n/a
101.0556640625	0.3	1.0	2	206962	n/a
101.06396484375	0.3	0.0	1	206979	n/a
101.072265625	0.3	0.0	1	206996	n/a
101.08056640625	0.3	1.0	2	207013	n/a
101.0888671875	0.3	1.0	2	207030	n/a
101.09765625	0.3	0.0	1	207048	n/a
101.10595703125	0.3	0.0	1	207065	n/a
101.1142578125	0.3	1.0	2	207082	n/a
101.12255859375	0.3	0.0	1	207099	n/a
101.130859375	0.3	1.0	2	207116	n/a
101.13916015625	0.3	1.0	2	207133	n/a
101.1474609375	0.3	0.0	1	207150	n/a
101.15576171875	0.3	1.0	2	207167	n/a
101.1640625	0.3	0.0	1	207184	n/a
101.17236328125	0.3	0.0	1	207201	n/a
101.1806640625	0.3	1.0	2	207218	n/a
101.18896484375	0.3	1.0	2	207235	n/a
101.197265625	0.3	0.0	1	207252	n/a
101.20556640625	0.3	1.0	2	207269	n/a
101.2138671875	0.3	0.0	1	207286	n/a
101.22265625	0.3	0.0	1	207304	n/a
101.23095703125	0.3	1.0	2	207321	n/a
101.2392578125	0.3	0.0	1	207338	n/a
101.24755859375	0.3	1.0	2	207355	n/a
101.255859375	0.3	1.0	2	207372	n/a
101.26416015625	0.3	0.0	1	207389	n/a
101.2724609375	0.3	0.0	1	207406	n/a
101.28076171875	0.3	1.0	2	207423	n/a
101.2890625	0.3	0.0	1	207440	n/a
101.29736328125	0.3	1.0	2	207457	n/a
101.3056640625	0.3	1.0	2	207474	n/a
101.31396484375	0.3	0.0	1	207491	n/a
101.322265625	0.3	1.0	2	207508	n/a
101.33056640625	0.3	0.0	1	207525	n/a
101.3388671875	0.3	0.0	1	207542	n/a
101.34765625	0.3	1.0	2	207560	n/a
101.35595703125	0.3	0.0	1	207577	n/a
101.3642578125	0.3	1.0	2	207594	n/a
101.37255859375	0.3	0.0	1	207611	n/a
101.380859375	0.3	1.0	2	207628	n/a
101.38916015625	0.3	0.0	1	207645	n/a
101.3974609375	0.3	1.0	2	207662	n/a
101.40576171875	0.3	1.0	2	207679	n/a
101.4140625	0.3	0.0	1	207696	n/a
101.42236328125	0.3	1.0	2	207713	n/a
101.4306640625	0.3	0.0	1	207730	n/a
101.43896484375	0.3	1.0	2	207747	n/a
101.447265625	0.3	0.0	1	207764	n/a
101.45556640625	0.3	1.0	2	207781	n/a
101.4638671875	0.3	0.0	1	207798	n/a
101.47265625	0.3	1.0	2	207816	n/a
101.48095703125	0.3	0.0	1	207833	n/a
101.4892578125	0.3	0.0	1	207850	n/a
101.49755859375	0.3	1.0	2	207867	n/a
101.505859375	0.3	0.0	1	207884	n/a
101.51416015625	0.3	1.0	2	207901	n/a
101.5224609375	0.3	0.0	1	207918	n/a
101.53076171875	0.3	1.0	2	207935	n/a
101.5390625	0.3	0.0	1	207952	n/a
101.54736328125	0.3	1.0	2	207969	n/a
101.5556640625	0.3	1.0	2	207986	n/a
101.56396484375	0.3	0.0	1	208003	n/a
101.572265625	0.3	0.0	1	208020	n/a
101.58056640625	0.3	1.0	2	208037	n/a
101.5888671875	0.3	1.0	2	208054	n/a
101.59765625	0.3	0.0	1	208072	n/a
101.60595703125	0.3	1.0	2	208089	n/a
101.6142578125	0.3	0.0	1	208106	n/a
101.62255859375	0.3	1.0	2	208123	n/a
101.630859375	0.3	0.0	1	208140	n/a
101.63916015625	0.3	1.0	2	208157	n/a
101.6474609375	0.3	0.0	1	208174	n/a
101.65576171875	0.3	0.0	1	208191	n/a
101.6640625	0.3	1.0	2	208208	n/a
101.67236328125	0.3	1.0	2	208225	n/a
101.6806640625	0.3	0.0	1	208242	n/a
101.68896484375	0.3	0.0	1	208259	n/a
101.697265625	0.3	1.0	2	208276	n/a
101.70556640625	0.3	0.0	1	208293	n/a
101.7138671875	0.3	1.0	2	208310	n/a
101.72265625	0.3	0.0	1	208328	n/a
101.73095703125	0.3	1.0	2	208345	n/a
101.7392578125	0.3	1.0	2	208362	n/a
101.74755859375	0.3	0.0	1	208379	n/a
101.755859375	0.3	1.0	2	208396	n/a
101.76416015625	0.3	0.0	1	208413	n/a
101.7724609375	0.3	0.0	1	208430	n/a
101.78076171875	0.3	1.0	2	208447	n/a
101.7890625	0.3	1.0	2	208464	n/a
101.79736328125	0.3	0.0	1	208481	n/a
101.8056640625	0.3	0.0	1	208498	n/a
101.81396484375	0.3	1.0	2	208515	n/a
101.822265625	0.3	0.0	1	208532	n/a
101.83056640625	0.3	1.0	2	208549	n/a
101.8388671875	0.3	0.0	1	208566	n/a
101.84765625	0.3	1.0	2	208584	n/a
101.85595703125	0.3	0.0	1	208601	n/a
101.8642578125	0.3	1.0	2	208618	n/a
101.87255859375	0.3	1.0	2	208635	n/a
101.880859375	0.3	0.0	1	208652	n/a
101.88916015625	0.3	0.0	1	208669	n/a
101.8974609375	0.3	1.0	2	208686	n/a
101.90576171875	0.3	1.0	2	208703	n/a
101.9140625	0.3	0.0	1	208720	n/a
101.92236328125	0.3	1.0	2	208737	n/a
101.9306640625	0.3	0.0	1	208754	n/a
101.93896484375	0.3	0.0	1	208771	n/a
101.947265625	0.3	1.0	2	208788	n/a
101.95556640625	0.3	1.0	2	208805	n/a
101.9638671875	0.3	0.0	1	208822	n/a
101.97265625	0.3	0.0	1	208840	n/a
101.98095703125	0.3	1.0	2	208857	n/a
101.9892578125	0.3	0.0	1	208874	n/a
101.99755859375	0.3	1.0	2	208891	n/a
102.005859375	0.3	0.0	1	208908	n/a
102.01416015625	0.3	1.0	2	208925	n/a
102.0224609375	0.3	1.0	2	208942	n/a
102.03076171875	0.3	0.0	1	208959	n/a
102.0390625	0.3	1.0	2	208976	n/a
102.04736328125	0.3	0.0	1	208993	n/a
102.0556640625	0.3	1.0	2	209010	n/a
102.06396484375	0.3	0.0	1	209027	n/a
102.072265625	0.3	1.0	2	209044	n/a
102.08056640625	0.3	0.0	1	209061	n/a
102.0888671875	0.3	0.0	1	209078	n/a
102.09765625	0.3	1.0	2	209096	n/a
102.10595703125	0.3	1.0	2	209113	n/a
102.1142578125	0.3	0.0	1	209130	n/a
102.12255859375	0.3	0.0	1	209147	n/a
102.130859375	0.3	1.0	2	209164	n/a
102.13916015625	0.3	1.0	2	209181	n/a
102.1474609375	0.3	0.0	1	209198	n/a
102.15576171875	0.3	0.0	1	209215	n/a
102.1640625	0.3	1.0	2	209232	n/a
102.17236328125	0.3	0.0	1	209249	n/a
102.1806640625	0.3	1.0	2	209266	n/a
102.18896484375	0.3	1.0	2	209283	n/a
102.197265625	0.3	0.0	1	209300	n/a
102.20556640625	0.3	1.0	2	209317	n/a
102.2138671875	0.3	0.0	1	209334	n/a
102.22265625	0.3	0.0	1	209352	n/a
102.23095703125	0.3	1.0	2	209369	n/a
102.2392578125	0.3	1.0	2	209386	n/a
102.24755859375	0.3	0.0	1	209403	n/a
102.255859375	0.3	1.0	2	209420	n/a
102.26416015625	0.3	0.0	1	209437	n/a
102.2724609375	0.3	0.0	1	209454	n/a
102.28076171875	0.3	1.0	2	209471	n/a
102.2890625	0.3	0.0	1	209488	n/a
102.29736328125	0.3	1.0	2	209505	n/a
102.3056640625	0.3	1.0	2	209522	n/a
102.31396484375	0.3	0.0	1	209539	n/a
102.322265625	0.3	0.0	1	209556	n/a
102.33056640625	0.3	1.0	2	209573	n/a
102.3388671875	0.3	0.0	1	209590	n/a
102.34765625	0.3	1.0	2	209608	n/a
104.72314453125	0.3	0.0	1	214473	4.0
104.7314453125	0.3	1.0	2	214490	n/a
104.73974609375	0.3	1.0	2	214507	n/a
104.748046875	0.3	0.0	1	214524	n/a
104.75634765625	0.3	1.0	2	214541	n/a
104.7646484375	0.3	0.0	1	214558	n/a
104.77294921875	0.3	1.0	2	214575	n/a
104.78125	0.3	0.0	1	214592	n/a
104.7900390625	0.3	0.0	1	214610	n/a
104.79833984375	0.3	1.0	2	214627	n/a
104.806640625	0.3	1.0	2	214644	n/a
104.81494140625	0.3	0.0	1	214661	n/a
104.8232421875	0.3	1.0	2	214678	n/a
104.83154296875	0.3	0.0	1	214695	n/a
104.83984375	0.3	1.0	2	214712	n/a
104.84814453125	0.3	0.0	1	214729	n/a
104.8564453125	0.3	0.0	1	214746	n/a
104.86474609375	0.3	1.0	2	214763	n/a
104.873046875	0.3	0.0	1	214780	n/a
104.88134765625	0.3	1.0	2	214797	n/a
104.8896484375	0.3	1.0	2	214814	n/a
104.89794921875	0.3	0.0	1	214831	n/a
104.90625	0.3	1.0	2	214848	n/a
104.9150390625	0.3	0.0	1	214866	n/a
104.92333984375	0.3	1.0	2	214883	n/a
104.931640625	0.3	0.0	1	214900	n/a
104.93994140625	0.3	0.0	1	214917	n/a
104.9482421875	0.3	1.0	2	214934	n/a
104.95654296875	0.3	0.0	1	214951	n/a
104.96484375	0.3	1.0	2	214968	n/a
104.97314453125	0.3	1.0	2	214985	n/a
104.9814453125	0.3	0.0	1	215002	n/a
104.98974609375	0.3	1.0	2	215019	n/a
104.998046875	0.3	0.0	1	215036	n/a
105.00634765625	0.3	1.0	2	215053	n/a
105.0146484375	0.3	0.0	1	215070	n/a
105.02294921875	0.3	1.0	2	215087	n/a
105.03125	0.3	0.0	1	215104	n/a
105.0400390625	0.3	0.0	1	215122	n/a
105.04833984375	0.3	1.0	2	215139	n/a
105.056640625	0.3	1.0	2	215156	n/a
105.06494140625	0.3	0.0	1	215173	n/a
105.0732421875	0.3	0.0	1	215190	n/a
105.08154296875	0.3	1.0	2	215207	n/a
105.08984375	0.3	1.0	2	215224	n/a
105.09814453125	0.3	0.0	1	215241	n/a
105.1064453125	0.3	0.0	1	215258	n/a
105.11474609375	0.3	1.0	2	215275	n/a
105.123046875	0.3	1.0	2	215292	n/a
105.13134765625	0.3	0.0	1	215309	n/a
105.1396484375	0.3	1.0	2	215326	n/a
105.14794921875	0.3	0.0	1	215343	n/a
105.15625	0.3	0.0	1	215360	n/a
105.1650390625	0.3	1.0	2	215378	n/a
105.17333984375	0.3	1.0	2	215395	n/a
105.181640625	0.3	0.0	1	215412	n/a
105.18994140625	0.3	0.0	1	215429	n/a
105.1982421875	0.3	1.0	2	215446	n/a
105.20654296875	0.3	1.0	2	215463	n/a
105.21484375	0.3	0.0	1	215480	n/a
105.22314453125	0.3	0.0	1	215497	n/a
105.2314453125	0.3	1.0	2	215514	n/a
105.23974609375	0.3	0.0	1	215531	n/a
105.248046875	0.3	1.0	2	215548	n/a
105.25634765625	0.3	1.0	2	215565	n/a
105.2646484375	0.3	0.0	1	215582	n/a
105.27294921875	0.3	0.0	1	215599	n/a
105.28125	0.3	1.0	2	215616	n/a
105.2900390625	0.3	0.0	1	215634	n/a
105.29833984375	0.3	1.0	2	215651	n/a
105.306640625	0.3	1.0	2	215668	n/a
105.31494140625	0.3	0.0	1	215685	n/a
105.3232421875	0.3	0.0	1	215702	n/a
105.33154296875	0.3	1.0	2	215719	n/a
105.33984375	0.3	0.0	1	215736	n/a
105.34814453125	0.3	1.0	2	215753	n/a
105.3564453125	0.3	1.0	2	215770	n/a
105.36474609375	0.3	0.0	1	215787	n/a
105.373046875	0.3	0.0	1	215804	n/a
105.38134765625	0.3	1.0	2	215821	n/a
105.3896484375	0.3	0.0	1	215838	n/a
105.39794921875	0.3	1.0	2	215855	n/a
105.40625	0.3	0.0	1	215872	n/a
105.4150390625	0.3	1.0	2	215890	n/a
105.42333984375	0.3	1.0	2	215907	n/a
105.431640625	0.3	0.0	1	215924	n/a
105.43994140625	0.3	1.0	2	215941	n/a
105.4482421875	0.3	0.0	1	215958	n/a
105.45654296875	0.3	0.0	1	215975	n/a
105.46484375	0.3	1.0	2	215992	n/a
105.47314453125	0.3	1.0	2	216009	n/a
105.4814453125	0.3	0.0	1	216026	n/a
105.48974609375	0.3	0.0	1	216043	n/a
105.498046875	0.3	1.0	2	216060	n/a
105.50634765625	0.3	0.0	1	216077	n/a
105.5146484375	0.3	1.0	2	216094	n/a
105.52294921875	0.3	1.0	2	216111	n/a
105.53125	0.3	0.0	1	216128	n/a
105.5400390625	0.3	0.0	1	216146	n/a
105.54833984375	0.3	1.0	2	216163	n/a
105.556640625	0.3	0.0	1	216180	n/a
105.56494140625	0.3	1.0	2	216197	n/a
105.5732421875	0.3	1.0	2	216214	n/a
105.58154296875	0.3	0.0	1	216231	n/a
105.58984375	0.3	0.0	1	216248	n/a
105.59814453125	0.3	1.0	2	216265	n/a
105.6064453125	0.3	1.0	2	216282	n/a
105.61474609375	0.3	0.0	1	216299	n/a
105.623046875	0.3	0.0	1	216316	n/a
105.63134765625	0.3	1.0	2	216333	n/a
105.6396484375	0.3	1.0	2	216350	n/a
105.64794921875	0.3	0.0	1	216367	n/a
105.65625	0.3	0.0	1	216384	n/a
105.6650390625	0.3	1.0	2	216402	n/a
105.67333984375	0.3	0.0	1	216419	n/a
105.681640625	0.3	1.0	2	216436	n/a
105.68994140625	0.3	0.0	1	216453	n/a
105.6982421875	0.3	1.0	2	216470	n/a
105.70654296875	0.3	1.0	2	216487	n/a
105.71484375	0.3	0.0	1	216504	n/a
105.72314453125	0.3	0.0	1	216521	n/a
105.7314453125	0.3	1.0	2	216538	n/a
105.73974609375	0.3	1.0	2	216555	n/a
105.748046875	0.3	0.0	1	216572	n/a
105.75634765625	0.3	0.0	1	216589	n/a
105.7646484375	0.3	1.0	2	216606	n/a
105.77294921875	0.3	0.0	1	216623	n/a
105.78125	0.3	1.0	2	216640	n/a
105.7900390625	0.3	1.0	2	216658	n/a
105.79833984375	0.3	0.0	1	216675	n/a
105.806640625	0.3	1.0	2	216692	n/a
105.81494140625	0.3	0.0	1	216709	n/a
105.8232421875	0.3	1.0	2	216726	n/a
105.83154296875	0.3	0.0	1	216743	n/a
105.83984375	0.3	0.0	1	216760	n/a
105.84814453125	0.3	1.0	2	216777	n/a
105.8564453125	0.3	1.0	2	216794	n/a
105.86474609375	0.3	0.0	1	216811	n/a
105.873046875	0.3	1.0	2	216828	n/a
105.88134765625	0.3	0.0	1	216845	n/a
105.8896484375	0.3	1.0	2	216862	n/a
105.89794921875	0.3	0.0	1	216879	n/a
105.90625	0.3	0.0	1	216896	n/a
105.9150390625	0.3	1.0	2	216914	n/a
105.92333984375	0.3	0.0	1	216931	n/a
105.931640625	0.3	1.0	2	216948	n/a
105.93994140625	0.3	1.0	2	216965	n/a
105.9482421875	0.3	0.0	1	216982	n/a
105.95654296875	0.3	1.0	2	216999	n/a
105.96484375	0.3	0.0	1	217016	n/a
105.97314453125	0.3	1.0	2	217033	n/a
105.9814453125	0.3	0.0	1	217050	n/a
105.98974609375	0.3	0.0	1	217067	n/a
105.998046875	0.3	1.0	2	217084	n/a
106.00634765625	0.3	0.0	1	217101	n/a
106.0146484375	0.3	1.0	2	217118	n/a
106.02294921875	0.3	1.0	2	217135	n/a
106.03125	0.3	0.0	1	217152	n/a
106.0400390625	0.3	1.0	2	217170	n/a
106.04833984375	0.3	0.0	1	217187	n/a
106.056640625	0.3	1.0	2	217204	n/a
106.06494140625	0.3	0.0	1	217221	n/a
106.0732421875	0.3	1.0	2	217238	n/a
106.08154296875	0.3	0.0	1	217255	n/a
106.08984375	0.3	0.0	1	217272	n/a
106.09814453125	0.3	1.0	2	217289	n/a
106.1064453125	0.3	1.0	2	217306	n/a
106.11474609375	0.3	0.0	1	217323	n/a
106.123046875	0.3	0.0	1	217340	n/a
106.13134765625	0.3	1.0	2	217357	n/a
106.1396484375	0.3	1.0	2	217374	n/a
106.14794921875	0.3	0.0	1	217391	n/a
106.15625	0.3	0.0	1	217408	n/a
106.1650390625	0.3	1.0	2	217426	n/a
106.17333984375	0.3	1.0	2	217443	n/a
106.181640625	0.3	0.0	1	217460	n/a
106.18994140625	0.3	1.0	2	217477	n/a
106.1982421875	0.3	0.0	1	217494	n/a
106.20654296875	0.3	0.0	1	217511	n/a
106.21484375	0.3	1.0	2	217528	n/a
106.22314453125	0.3	1.0	2	217545	n/a
106.2314453125	0.3	0.0	1	217562	n/a
106.23974609375	0.3	0.0	1	217579	n/a
106.248046875	0.3	1.0	2	217596	n/a
106.25634765625	0.3	1.0	2	217613	n/a
106.2646484375	0.3	0.0	1	217630	n/a
106.27294921875	0.3	0.0	1	217647	n/a
106.28125	0.3	1.0	2	217664	n/a
106.2900390625	0.3	0.0	1	217682	n/a
106.29833984375	0.3	1.0	2	217699	n/a
106.306640625	0.3	1.0	2	217716	n/a
106.31494140625	0.3	0.0	1	217733	n/a
106.3232421875	0.3	0.0	1	217750	n/a
106.33154296875	0.3	1.0	2	217767	n/a
106.33984375	0.3	0.0	1	217784	n/a
106.34814453125	0.3	1.0	2	217801	n/a
106.3564453125	0.3	1.0	2	217818	n/a
106.36474609375	0.3	0.0	1	217835	n/a
106.373046875	0.3	0.0	1	217852	n/a
106.38134765625	0.3	1.0	2	217869	n/a
106.3896484375	0.3	0.0	1	217886	n/a
106.39794921875	0.3	1.0	2	217903	n/a
106.40625	0.3	1.0	2	217920	n/a
106.4150390625	0.3	0.0	1	217938	n/a
106.42333984375	0.3	0.0	1	217955	n/a
106.431640625	0.3	1.0	2	217972	n/a
106.43994140625	0.3	0.0	1	217989	n/a
106.4482421875	0.3	1.0	2	218006	n/a
106.45654296875	0.3	0.0	1	218023	n/a
106.46484375	0.3	1.0	2	218040	n/a
106.47314453125	0.3	1.0	2	218057	n/a
106.4814453125	0.3	0.0	1	218074	n/a
106.48974609375	0.3	1.0	2	218091	n/a
106.498046875	0.3	0.0	1	218108	n/a
106.50634765625	0.3	0.0	1	218125	n/a
106.5146484375	0.3	1.0	2	218142	n/a
106.52294921875	0.3	1.0	2	218159	n/a
106.53125	0.3	0.0	1	218176	n/a
106.5400390625	0.3	0.0	1	218194	n/a
106.54833984375	0.3	1.0	2	218211	n/a
106.556640625	0.3	0.0	1	218228	n/a
106.56494140625	0.3	1.0	2	218245	n/a
106.5732421875	0.3	1.0	2	218262	n/a
106.58154296875	0.3	0.0	1	218279	n/a
106.58984375	0.3	0.0	1	218296	n/a
106.59814453125	0.3	1.0	2	218313	n/a
106.6064453125	0.3	0.0	1	218330	n/a
106.61474609375	0.3	1.0	2	218347	n/a
106.623046875	0.3	1.0	2	218364	n/a
106.63134765625	0.3	0.0	1	218381	n/a
106.6396484375	0.3	0.0	1	218398	n/a
106.64794921875	0.3	1.0	2	218415	n/a
106.65625	0.3	1.0	2	218432	n/a
106.6650390625	0.3	0.0	1	218450	n/a
106.67333984375	0.3	0.0	1	218467	n/a
106.681640625	0.3	1.0	2	218484	n/a
106.68994140625	0.3	1.0	2	218501	n/a
106.6982421875	0.3	0.0	1	218518	n/a
106.70654296875	0.3	0.0	1	218535	n/a
106.71484375	0.3	1.0	2	218552	n/a
106.72314453125	0.3	0.0	1	218569	n/a
106.7314453125	0.3	1.0	2	218586	n/a
106.73974609375	0.3	0.0	1	218603	n/a
106.748046875	0.3	1.0	2	218620	n/a
106.75634765625	0.3	1.0	2	218637	n/a
106.7646484375	0.3	0.0	1	218654	n/a
106.77294921875	0.3	0.0	1	218671	n/a
106.78125	0.3	1.0	2	218688	n/a
106.7900390625	0.3	1.0	2	218706	n/a
106.79833984375	0.3	0.0	1	218723	n/a
106.806640625	0.3	0.0	1	218740	n/a
106.81494140625	0.3	1.0	2	218757	n/a
106.8232421875	0.3	0.0	1	218774	n/a
106.83154296875	0.3	1.0	2	218791	n/a
106.83984375	0.3	1.0	2	218808	n/a
106.84814453125	0.3	0.0	1	218825	n/a
106.8564453125	0.3	1.0	2	218842	n/a
106.86474609375	0.3	0.0	1	218859	n/a
106.873046875	0.3	1.0	2	218876	n/a
106.88134765625	0.3	0.0	1	218893	n/a
106.8896484375	0.3	0.0	1	218910	n/a
106.89794921875	0.3	1.0	2	218927	n/a
106.90625	0.3	1.0	2	218944	n/a
106.9150390625	0.3	0.0	1	218962	n/a
106.92333984375	0.3	1.0	2	218979	n/a
106.931640625	0.3	0.0	1	218996	n/a
106.93994140625	0.3	1.0	2	219013	n/a
106.9482421875	0.3	0.0	1	219030	n/a
106.95654296875	0.3	0.0	1	219047	n/a
106.96484375	0.3	1.0	2	219064	n/a
106.97314453125	0.3	0.0	1	219081	n/a
106.9814453125	0.3	1.0	2	219098	n/a
106.98974609375	0.3	1.0	2	219115	n/a
106.998046875	0.3	0.0	1	219132	n/a
107.00634765625	0.3	1.0	2	219149	n/a
107.0146484375	0.3	0.0	1	219166	n/a
107.02294921875	0.3	1.0	2	219183	n/a
107.03125	0.3	0.0	1	219200	n/a
107.0400390625	0.3	0.0	1	219218	n/a
107.04833984375	0.3	1.0	2	219235	n/a
107.056640625	0.3	0.0	1	219252	n/a
107.06494140625	0.3	1.0	2	219269	n/a
107.0732421875	0.3	1.0	2	219286	n/a
107.08154296875	0.3	0.0	1	219303	n/a
107.08984375	0.3	1.0	2	219320	n/a
107.09814453125	0.3	0.0	1	219337	n/a
107.1064453125	0.3	1.0	2	219354	n/a
107.11474609375	0.3	0.0	1	219371	n/a
107.123046875	0.3	1.0	2	219388	n/a
107.13134765625	0.3	0.0	1	219405	n/a
107.1396484375	0.3	0.0	1	219422	n/a
107.14794921875	0.3	1.0	2	219439	n/a
107.15625	0.3	1.0	2	219456	n/a
107.1650390625	0.3	0.0	1	219474	n/a
107.17333984375	0.3	0.0	1	219491	n/a
107.181640625	0.3	1.0	2	219508	n/a
107.18994140625	0.3	1.0	2	219525	n/a
107.1982421875	0.3	0.0	1	219542	n/a
107.20654296875	0.3	0.0	1	219559	n/a
107.21484375	0.3	1.0	2	219576	n/a
107.22314453125	0.3	1.0	2	219593	n/a
107.2314453125	0.3	0.0	1	219610	n/a
107.23974609375	0.3	1.0	2	219627	n/a
107.248046875	0.3	0.0	1	219644	n/a
107.25634765625	0.3	0.0	1	219661	n/a
107.2646484375	0.3	1.0	2	219678	n/a
107.27294921875	0.3	1.0	2	219695	n/a
107.28125	0.3	0.0	1	219712	n/a
107.2900390625	0.3	0.0	1	219730	n/a
107.29833984375	0.3	1.0	2	219747	n/a
107.306640625	0.3	1.0	2	219764	n/a
107.31494140625	0.3	0.0	1	219781	n/a
107.3232421875	0.3	0.0	1	219798	n/a
107.33154296875	0.3	1.0	2	219815	n/a
107.33984375	0.3	0.0	1	219832	n/a
107.34814453125	0.3	1.0	2	219849	n/a
107.3564453125	0.3	1.0	2	219866	n/a
107.36474609375	0.3	0.0	1	219883	n/a
107.373046875	0.3	0.0	1	219900	n/a
107.38134765625	0.3	1.0	2	219917	n/a
107.3896484375	0.3	0.0	1	219934	n/a
107.39794921875	0.3	1.0	2	219951	n/a
107.40625	0.3	1.0	2	219968	n/a
107.4150390625	0.3	0.0	1	219986	n/a
107.42333984375	0.3	0.0	1	220003	n/a
107.431640625	0.3	1.0	2	220020	n/a
107.43994140625	0.3	0.0	1	220037	n/a
107.4482421875	0.3	1.0	2	220054	n/a
107.45654296875	0.3	1.0	2	220071	n/a
107.46484375	0.3	0.0	1	220088	n/a
107.47314453125	0.3	0.0	1	220105	n/a
107.4814453125	0.3	1.0	2	220122	n/a
107.48974609375	0.3	0.0	1	220139	n/a
107.498046875	0.3	1.0	2	220156	n/a
107.50634765625	0.3	0.0	1	220173	n/a
107.5146484375	0.3	1.0	2	220190	n/a
107.52294921875	0.3	1.0	2	220207	n/a
107.53125	0.3	0.0	1	220224	n/a
107.5400390625	0.3	1.0	2	220242	n/a
107.54833984375	0.3	0.0	1	220259	n/a
107.556640625	0.3	0.0	1	220276	n/a
107.56494140625	0.3	1.0	2	220293	n/a
107.5732421875	0.3	1.0	2	220310	n/a
107.58154296875	0.3	0.0	1	220327	n/a
107.58984375	0.3	0.0	1	220344	n/a
107.59814453125	0.3	1.0	2	220361	n/a
107.6064453125	0.3	0.0	1	220378	n/a
107.61474609375	0.3	1.0	2	220395	n/a
107.623046875	0.3	1.0	2	220412	n/a
107.63134765625	0.3	0.0	1	220429	n/a
107.6396484375	0.3	0.0	1	220446	n/a
107.64794921875	0.3	1.0	2	220463	n/a
107.65625	0.3	0.0	1	220480	n/a
107.6650390625	0.3	1.0	2	220498	n/a
107.67333984375	0.3	1.0	2	220515	n/a
107.681640625	0.3	0.0	1	220532	n/a
107.68994140625	0.3	0.0	1	220549	n/a
107.6982421875	0.3	1.0	2	220566	n/a
107.70654296875	0.3	1.0	2	220583	n/a
107.71484375	0.3	0.0	1	220600	n/a
107.72314453125	0.3	0.0	1	220617	n/a
107.7314453125	0.3	1.0	2	220634	n/a
107.73974609375	0.3	1.0	2	220651	n/a
107.748046875	0.3	0.0	1	220668	n/a
107.75634765625	0.3	0.0	1	220685	n/a
107.7646484375	0.3	1.0	2	220702	n/a
107.77294921875	0.3	0.0	1	220719	n/a
107.78125	0.3	1.0	2	220736	n/a
107.7900390625	0.3	0.0	1	220754	n/a
107.79833984375	0.3	1.0	2	220771	n/a
107.806640625	0.3	1.0	2	220788	n/a
107.81494140625	0.3	0.0	1	220805	n/a
107.8232421875	0.3	0.0	1	220822	n/a
107.83154296875	0.3	1.0	2	220839	n/a
107.83984375	0.3	1.0	2	220856	n/a
107.84814453125	0.3	0.0	1	220873	n/a
107.8564453125	0.3	0.0	1	220890	n/a
107.86474609375	0.3	1.0	2	220907	n/a
107.873046875	0.3	0.0	1	220924	n/a
107.88134765625	0.3	1.0	2	220941	n/a
107.8896484375	0.3	1.0	2	220958	n/a
107.89794921875	0.3	0.0	1	220975	n/a
107.90625	0.3	1.0	2	220992	n/a
107.9150390625	0.3	0.0	1	221010	n/a
107.92333984375	0.3	1.0	2	221027	n/a
107.931640625	0.3	0.0	1	221044	n/a
107.93994140625	0.3	0.0	1	221061	n/a
107.9482421875	0.3	1.0	2	221078	n/a
107.95654296875	0.3	1.0	2	221095	n/a
107.96484375	0.3	0.0	1	221112	n/a
107.97314453125	0.3	1.0	2	221129	n/a
107.9814453125	0.3	0.0	1	221146	n/a
107.98974609375	0.3	1.0	2	221163	n/a
107.998046875	0.3	0.0	1	221180	n/a
108.00634765625	0.3	0.0	1	221197	n/a
108.0146484375	0.3	1.0	2	221214	n/a
108.02294921875	0.3	0.0	1	221231	n/a
108.03125	0.3	1.0	2	221248	n/a
108.0400390625	0.3	1.0	2	221266	n/a
108.04833984375	0.3	0.0	1	221283	n/a
108.056640625	0.3	1.0	2	221300	n/a
108.06494140625	0.3	0.0	1	221317	n/a
108.0732421875	0.3	1.0	2	221334	n/a
108.08154296875	0.3	0.0	1	221351	n/a
108.08984375	0.3	0.0	1	221368	n/a
108.09814453125	0.3	1.0	2	221385	n/a
108.1064453125	0.3	0.0	1	221402	n/a
108.11474609375	0.3	1.0	2	221419	n/a
108.123046875	0.3	1.0	2	221436	n/a
108.13134765625	0.3	0.0	1	221453	n/a
108.1396484375	0.3	1.0	2	221470	n/a
108.14794921875	0.3	0.0	1	221487	n/a
108.15625	0.3	1.0	2	221504	n/a
108.1650390625	0.3	0.0	1	221522	n/a
108.17333984375	0.3	1.0	2	221539	n/a
108.181640625	0.3	0.0	1	221556	n/a
108.18994140625	0.3	0.0	1	221573	n/a
108.1982421875	0.3	1.0	2	221590	n/a
108.20654296875	0.3	1.0	2	221607	n/a
108.21484375	0.3	0.0	1	221624	n/a
108.22314453125	0.3	0.0	1	221641	n/a
108.2314453125	0.3	1.0	2	221658	n/a
108.23974609375	0.3	1.0	2	221675	n/a
108.248046875	0.3	0.0	1	221692	n/a
108.25634765625	0.3	0.0	1	221709	n/a
108.2646484375	0.3	1.0	2	221726	n/a
108.27294921875	0.3	1.0	2	221743	n/a
108.28125	0.3	0.0	1	221760	n/a
108.2900390625	0.3	1.0	2	221778	n/a
108.29833984375	0.3	0.0	1	221795	n/a
108.306640625	0.3	0.0	1	221812	n/a
108.31494140625	0.3	1.0	2	221829	n/a
108.3232421875	0.3	1.0	2	221846	n/a
108.33154296875	0.3	0.0	1	221863	n/a
108.33984375	0.3	0.0	1	221880	n/a
108.34814453125	0.3	1.0	2	221897	n/a
108.3564453125	0.3	1.0	2	221914	n/a
108.36474609375	0.3	0.0	1	221931	n/a
108.373046875	0.3	0.0	1	221948	n/a
108.38134765625	0.3	1.0	2	221965	n/a
108.3896484375	0.3	0.0	1	221982	n/a
108.39794921875	0.3	1.0	2	221999	n/a
108.40625	0.3	1.0	2	222016	n/a
108.4150390625	0.3	0.0	1	222034	n/a
108.42333984375	0.3	0.0	1	222051	n/a
108.431640625	0.3	1.0	2	222068	n/a
108.43994140625	0.3	0.0	1	222085	n/a
108.4482421875	0.3	1.0	2	222102	n/a
108.45654296875	0.3	1.0	2	222119	n/a
108.46484375	0.3	0.0	1	222136	n/a
108.47314453125	0.3	0.0	1	222153	n/a
108.4814453125	0.3	1.0	2	222170	n/a
108.48974609375	0.3	0.0	1	222187	n/a
108.498046875	0.3	1.0	2	222204	n/a
108.50634765625	0.3	1.0	2	222221	n/a
108.5146484375	0.3	0.0	1	222238	n/a
108.52294921875	0.3	0.0	1	222255	n/a
108.53125	0.3	1.0	2	222272	n/a
108.5400390625	0.3	0.0	1	222290	n/a
108.54833984375	0.3	1.0	2	222307	n/a
108.556640625	0.3	0.0	1	222324	n/a
108.56494140625	0.3	1.0	2	222341	n/a
108.5732421875	0.3	1.0	2	222358	n/a
108.58154296875	0.3	0.0	1	222375	n/a
108.58984375	0.3	1.0	2	222392	n/a
108.59814453125	0.3	0.0	1	222409	n/a
108.6064453125	0.3	0.0	1	222426	n/a
108.61474609375	0.3	1.0	2	222443	n/a
108.623046875	0.3	1.0	2	222460	n/a
108.63134765625	0.3	0.0	1	222477	n/a
108.6396484375	0.3	0.0	1	222494	n/a
108.64794921875	0.3	1.0	2	222511	n/a
108.65625	0.3	0.0	1	222528	n/a
108.6650390625	0.3	1.0	2	222546	n/a
108.67333984375	0.3	1.0	2	222563	n/a
108.681640625	0.3	0.0	1	222580	n/a
108.68994140625	0.3	0.0	1	222597	n/a
108.6982421875	0.3	1.0	2	222614	n/a
108.70654296875	0.3	0.0	1	222631	n/a
108.71484375	0.3	1.0	2	222648	n/a
108.72314453125	0.3	1.0	2	222665	n/a
108.7314453125	0.3	0.0	1	222682	n/a
108.73974609375	0.3	0.0	1	222699	n/a
108.748046875	0.3	1.0	2	222716	n/a
108.75634765625	0.3	1.0	2	222733	n/a
108.7646484375	0.3	0.0	1	222750	n/a
108.77294921875	0.3	0.0	1	222767	n/a
108.78125	0.3	1.0	2	222784	n/a
108.7900390625	0.3	1.0	2	222802	n/a
108.79833984375	0.3	0.0	1	222819	n/a
108.806640625	0.3	0.0	1	222836	n/a
108.81494140625	0.3	1.0	2	222853	n/a
108.8232421875	0.3	0.0	1	222870	n/a
108.83154296875	0.3	1.0	2	222887	n/a
108.83984375	0.3	0.0	1	222904	n/a
108.84814453125	0.3	1.0	2	222921	n/a
108.8564453125	0.3	1.0	2	222938	n/a
108.86474609375	0.3	0.0	1	222955	n/a
108.873046875	0.3	0.0	1	222972	n/a
108.88134765625	0.3	1.0	2	222989	n/a
108.8896484375	0.3	1.0	2	223006	n/a
108.89794921875	0.3	0.0	1	223023	n/a
108.90625	0.3	0.0	1	223040	n/a
108.9150390625	0.3	1.0	2	223058	n/a
111.29150390625	0.3	0.0	1	227925	17.0
111.2998046875	0.3	1.0	2	227942	n/a
111.30810546875	0.3	1.0	2	227959	n/a
111.31640625	0.3	0.0	1	227976	n/a
111.32470703125	0.3	0.0	1	227993	n/a
111.3330078125	0.3	1.0	2	228010	n/a
111.34130859375	0.3	0.0	1	228027	n/a
111.349609375	0.3	1.0	2	228044	n/a
111.3583984375	0.3	0.0	1	228062	n/a
111.36669921875	0.3	1.0	2	228079	n/a
111.375	0.3	1.0	2	228096	n/a
111.38330078125	0.3	0.0	1	228113	n/a
111.3916015625	0.3	0.0	1	228130	n/a
111.39990234375	0.3	1.0	2	228147	n/a
111.408203125	0.3	0.0	1	228164	n/a
111.41650390625	0.3	1.0	2	228181	n/a
111.4248046875	0.3	1.0	2	228198	n/a
111.43310546875	0.3	0.0	1	228215	n/a
111.44140625	0.3	1.0	2	228232	n/a
111.44970703125	0.3	0.0	1	228249	n/a
111.4580078125	0.3	1.0	2	228266	n/a
111.46630859375	0.3	0.0	1	228283	n/a
111.474609375	0.3	0.0	1	228300	n/a
111.4833984375	0.3	1.0	2	228318	n/a
111.49169921875	0.3	0.0	1	228335	n/a
111.5	0.3	1.0	2	228352	n/a
111.50830078125	0.3	1.0	2	228369	n/a
111.5166015625	0.3	0.0	1	228386	n/a
111.52490234375	0.3	0.0	1	228403	n/a
111.533203125	0.3	1.0	2	228420	n/a
111.54150390625	0.3	0.0	1	228437	n/a
111.5498046875	0.3	1.0	2	228454	n/a
111.55810546875	0.3	1.0	2	228471	n/a
111.56640625	0.3	0.0	1	228488	n/a
111.57470703125	0.3	0.0	1	228505	n/a
111.5830078125	0.3	1.0	2	228522	n/a
111.59130859375	0.3	0.0	1	228539	n/a
111.599609375	0.3	1.0	2	228556	n/a
111.6083984375	0.3	0.0	1	228574	n/a
111.61669921875	0.3	1.0	2	228591	n/a
111.625	0.3	0.0	1	228608	n/a
111.63330078125	0.3	1.0	2	228625	n/a
111.6416015625	0.3	0.0	1	228642	n/a
111.64990234375	0.3	1.0	2	228659	n/a
111.658203125	0.3	1.0	2	228676	n/a
111.66650390625	0.3	0.0	1	228693	n/a
111.6748046875	0.3	1.0	2	228710	n/a
111.68310546875	0.3	0.0	1	228727	n/a
111.69140625	0.3	0.0	1	228744	n/a
111.69970703125	0.3	1.0	2	228761	n/a
111.7080078125	0.3	1.0	2	228778	n/a
111.71630859375	0.3	0.0	1	228795	n/a
111.724609375	0.3	1.0	2	228812	n/a
111.7333984375	0.3	0.0	1	228830	n/a
111.74169921875	0.3	0.0	1	228847	n/a
111.75	0.3	1.0	2	228864	n/a
111.75830078125	0.3	0.0	1	228881	n/a
111.7666015625	0.3	1.0	2	228898	n/a
111.77490234375	0.3	1.0	2	228915	n/a
111.783203125	0.3	0.0	1	228932	n/a
111.79150390625	0.3	0.0	1	228949	n/a
111.7998046875	0.3	1.0	2	228966	n/a
111.80810546875	0.3	1.0	2	228983	n/a
111.81640625	0.3	0.0	1	229000	n/a
111.82470703125	0.3	1.0	2	229017	n/a
111.8330078125	0.3	0.0	1	229034	n/a
111.84130859375	0.3	0.0	1	229051	n/a
111.849609375	0.3	1.0	2	229068	n/a
111.8583984375	0.3	1.0	2	229086	n/a
111.86669921875	0.3	0.0	1	229103	n/a
111.875	0.3	1.0	2	229120	n/a
111.88330078125	0.3	0.0	1	229137	n/a
111.8916015625	0.3	0.0	1	229154	n/a
111.89990234375	0.3	1.0	2	229171	n/a
111.908203125	0.3	0.0	1	229188	n/a
111.91650390625	0.3	1.0	2	229205	n/a
111.9248046875	0.3	1.0	2	229222	n/a
111.93310546875	0.3	0.0	1	229239	n/a
111.94140625	0.3	1.0	2	229256	n/a
111.94970703125	0.3	0.0	1	229273	n/a
111.9580078125	0.3	1.0	2	229290	n/a
111.96630859375	0.3	0.0	1	229307	n/a
111.974609375	0.3	1.0	2	229324	n/a
111.9833984375	0.3	0.0	1	229342	n/a
111.99169921875	0.3	1.0	2	229359	n/a
112.0	0.3	0.0	1	229376	n/a
112.00830078125	0.3	1.0	2	229393	n/a
112.0166015625	0.3	0.0	1	229410	n/a
112.02490234375	0.3	0.0	1	229427	n/a
112.033203125	0.3	1.0	2	229444	n/a
112.04150390625	0.3	1.0	2	229461	n/a
112.0498046875	0.3	0.0	1	229478	n/a
112.05810546875	0.3	0.0	1	229495	n/a
112.06640625	0.3	1.0	2	229512	n/a
112.07470703125	0.3	1.0	2	229529	n/a
112.0830078125	0.3	0.0	1	229546	n/a
112.09130859375	0.3	1.0	2	229563	n/a
112.099609375	0.3	0.0	1	229580	n/a
112.1083984375	0.3	1.0	2	229598	n/a
112.11669921875	0.3	0.0	1	229615	n/a
112.125	0.3	1.0	2	229632	n/a
112.13330078125	0.3	0.0	1	229649	n/a
112.1416015625	0.3	0.0	1	229666	n/a
112.14990234375	0.3	1.0	2	229683	n/a
112.158203125	0.3	1.0	2	229700	n/a
112.16650390625	0.3	0.0	1	229717	n/a
112.1748046875	0.3	0.0	1	229734	n/a
112.18310546875	0.3	1.0	2	229751	n/a
112.19140625	0.3	1.0	2	229768	n/a
112.19970703125	0.3	0.0	1	229785	n/a
112.2080078125	0.3	1.0	2	229802	n/a
112.21630859375	0.3	0.0	1	229819	n/a
112.224609375	0.3	0.0	1	229836	n/a
112.2333984375	0.3	1.0	2	229854	n/a
112.24169921875	0.3	1.0	2	229871	n/a
112.25	0.3	0.0	1	229888	n/a
112.25830078125	0.3	0.0	1	229905	n/a
112.2666015625	0.3	1.0	2	229922	n/a
112.27490234375	0.3	0.0	1	229939	n/a
112.283203125	0.3	1.0	2	229956	n/a
112.29150390625	0.3	0.0	1	229973	n/a
112.2998046875	0.3	1.0	2	229990	n/a
112.30810546875	0.3	0.0	1	230007	n/a
112.31640625	0.3	1.0	2	230024	n/a
112.32470703125	0.3	0.0	1	230041	n/a
112.3330078125	0.3	1.0	2	230058	n/a
112.34130859375	0.3	0.0	1	230075	n/a
112.349609375	0.3	1.0	2	230092	n/a
112.3583984375	0.3	1.0	2	230110	n/a
112.36669921875	0.3	0.0	1	230127	n/a
112.375	0.3	0.0	1	230144	n/a
112.38330078125	0.3	1.0	2	230161	n/a
112.3916015625	0.3	0.0	1	230178	n/a
112.39990234375	0.3	1.0	2	230195	n/a
112.408203125	0.3	0.0	1	230212	n/a
112.41650390625	0.3	1.0	2	230229	n/a
112.4248046875	0.3	1.0	2	230246	n/a
112.43310546875	0.3	0.0	1	230263	n/a
112.44140625	0.3	0.0	1	230280	n/a
112.44970703125	0.3	1.0	2	230297	n/a
112.4580078125	0.3	0.0	1	230314	n/a
112.46630859375	0.3	1.0	2	230331	n/a
112.474609375	0.3	1.0	2	230348	n/a
112.4833984375	0.3	0.0	1	230366	n/a
112.49169921875	0.3	1.0	2	230383	n/a
112.5	0.3	0.0	1	230400	n/a
112.50830078125	0.3	1.0	2	230417	n/a
112.5166015625	0.3	0.0	1	230434	n/a
112.52490234375	0.3	0.0	1	230451	n/a
112.533203125	0.3	1.0	2	230468	n/a
112.54150390625	0.3	0.0	1	230485	n/a
112.5498046875	0.3	1.0	2	230502	n/a
112.55810546875	0.3	1.0	2	230519	n/a
112.56640625	0.3	0.0	1	230536	n/a
112.57470703125	0.3	0.0	1	230553	n/a
112.5830078125	0.3	1.0	2	230570	n/a
112.59130859375	0.3	0.0	1	230587	n/a
112.599609375	0.3	1.0	2	230604	n/a
112.6083984375	0.3	1.0	2	230622	n/a
112.61669921875	0.3	0.0	1	230639	n/a
112.625	0.3	0.0	1	230656	n/a
112.63330078125	0.3	1.0	2	230673	n/a
112.6416015625	0.3	0.0	1	230690	n/a
112.64990234375	0.3	1.0	2	230707	n/a
112.658203125	0.3	0.0	1	230724	n/a
112.66650390625	0.3	1.0	2	230741	n/a
112.6748046875	0.3	0.0	1	230758	n/a
112.68310546875	0.3	1.0	2	230775	n/a
112.69140625	0.3	0.0	1	230792	n/a
112.69970703125	0.3	1.0	2	230809	n/a
112.7080078125	0.3	1.0	2	230826	n/a
112.71630859375	0.3	0.0	1	230843	n/a
112.724609375	0.3	1.0	2	230860	n/a
112.7333984375	0.3	0.0	1	230878	n/a
112.74169921875	0.3	0.0	1	230895	n/a
112.75	0.3	1.0	2	230912	n/a
112.75830078125	0.3	1.0	2	230929	n/a
112.7666015625	0.3	0.0	1	230946	n/a
112.77490234375	0.3	1.0	2	230963	n/a
112.783203125	0.3	0.0	1	230980	n/a
112.79150390625	0.3	0.0	1	230997	n/a
112.7998046875	0.3	1.0	2	231014	n/a
112.80810546875	0.3	0.0	1	231031	n/a
112.81640625	0.3	1.0	2	231048	n/a
112.82470703125	0.3	1.0	2	231065	n/a
112.8330078125	0.3	0.0	1	231082	n/a
112.84130859375	0.3	0.0	1	231099	n/a
112.849609375	0.3	1.0	2	231116	n/a
112.8583984375	0.3	1.0	2	231134	n/a
112.86669921875	0.3	0.0	1	231151	n/a
112.875	0.3	1.0	2	231168	n/a
112.88330078125	0.3	0.0	1	231185	n/a
112.8916015625	0.3	0.0	1	231202	n/a
112.89990234375	0.3	1.0	2	231219	n/a
112.908203125	0.3	1.0	2	231236	n/a
112.91650390625	0.3	0.0	1	231253	n/a
112.9248046875	0.3	1.0	2	231270	n/a
112.93310546875	0.3	0.0	1	231287	n/a
112.94140625	0.3	0.0	1	231304	n/a
112.94970703125	0.3	1.0	2	231321	n/a
112.9580078125	0.3	0.0	1	231338	n/a
112.96630859375	0.3	1.0	2	231355	n/a
112.974609375	0.3	1.0	2	231372	n/a
112.9833984375	0.3	0.0	1	231390	n/a
112.99169921875	0.3	1.0	2	231407	n/a
113.0	0.3	0.0	1	231424	n/a
113.00830078125	0.3	1.0	2	231441	n/a
113.0166015625	0.3	0.0	1	231458	n/a
113.02490234375	0.3	1.0	2	231475	n/a
113.033203125	0.3	0.0	1	231492	n/a
113.04150390625	0.3	1.0	2	231509	n/a
113.0498046875	0.3	0.0	1	231526	n/a
113.05810546875	0.3	1.0	2	231543	n/a
113.06640625	0.3	0.0	1	231560	n/a
113.07470703125	0.3	0.0	1	231577	n/a
113.0830078125	0.3	1.0	2	231594	n/a
113.09130859375	0.3	1.0	2	231611	n/a
113.099609375	0.3	0.0	1	231628	n/a
113.1083984375	0.3	0.0	1	231646	n/a
113.11669921875	0.3	1.0	2	231663	n/a
113.125	0.3	1.0	2	231680	n/a
113.13330078125	0.3	0.0	1	231697	n/a
113.1416015625	0.3	1.0	2	231714	n/a
113.14990234375	0.3	0.0	1	231731	n/a
113.158203125	0.3	1.0	2	231748	n/a
113.16650390625	0.3	0.0	1	231765	n/a
113.1748046875	0.3	1.0	2	231782	n/a
113.18310546875	0.3	0.0	1	231799	n/a
113.19140625	0.3	0.0	1	231816	n/a
113.19970703125	0.3	1.0	2	231833	n/a
113.2080078125	0.3	1.0	2	231850	n/a
113.21630859375	0.3	0.0	1	231867	n/a
113.224609375	0.3	0.0	1	231884	n/a
113.2333984375	0.3	1.0	2	231902	n/a
113.24169921875	0.3	1.0	2	231919	n/a
113.25	0.3	0.0	1	231936	n/a
113.25830078125	0.3	1.0	2	231953	n/a
113.2666015625	0.3	0.0	1	231970	n/a
113.27490234375	0.3	0.0	1	231987	n/a
113.283203125	0.3	1.0	2	232004	n/a
113.29150390625	0.3	1.0	2	232021	n/a
113.2998046875	0.3	0.0	1	232038	n/a
113.30810546875	0.3	0.0	1	232055	n/a
113.31640625	0.3	1.0	2	232072	n/a
113.32470703125	0.3	0.0	1	232089	n/a
113.3330078125	0.3	1.0	2	232106	n/a
113.34130859375	0.3	0.0	1	232123	n/a
113.349609375	0.3	1.0	2	232140	n/a
113.3583984375	0.3	0.0	1	232158	n/a
113.36669921875	0.3	1.0	2	232175	n/a
113.375	0.3	0.0	1	232192	n/a
113.38330078125	0.3	1.0	2	232209	n/a
113.3916015625	0.3	0.0	1	232226	n/a
113.39990234375	0.3	1.0	2	232243	n/a
113.408203125	0.3	1.0	2	232260	n/a
113.41650390625	0.3	0.0	1	232277	n/a
113.4248046875	0.3	0.0	1	232294	n/a
113.43310546875	0.3	1.0	2	232311	n/a
113.44140625	0.3	0.0	1	232328	n/a
113.44970703125	0.3	1.0	2	232345	n/a
113.4580078125	0.3	0.0	1	232362	n/a
113.46630859375	0.3	1.0	2	232379	n/a
113.474609375	0.3	1.0	2	232396	n/a
113.4833984375	0.3	0.0	1	232414	n/a
113.49169921875	0.3	0.0	1	232431	n/a
113.5	0.3	1.0	2	232448	n/a
113.50830078125	0.3	0.0	1	232465	n/a
113.5166015625	0.3	1.0	2	232482	n/a
113.52490234375	0.3	1.0	2	232499	n/a
113.533203125	0.3	0.0	1	232516	n/a
113.54150390625	0.3	1.0	2	232533	n/a
113.5498046875	0.3	0.0	1	232550	n/a
113.55810546875	0.3	1.0	2	232567	n/a
113.56640625	0.3	0.0	1	232584	n/a
113.57470703125	0.3	0.0	1	232601	n/a
113.5830078125	0.3	1.0	2	232618	n/a
113.59130859375	0.3	0.0	1	232635	n/a
113.599609375	0.3	1.0	2	232652	n/a
113.6083984375	0.3	1.0	2	232670	n/a
113.61669921875	0.3	0.0	1	232687	n/a
113.625	0.3	0.0	1	232704	n/a
113.63330078125	0.3	1.0	2	232721	n/a
113.6416015625	0.3	0.0	1	232738	n/a
113.64990234375	0.3	1.0	2	232755	n/a
113.658203125	0.3	1.0	2	232772	n/a
113.66650390625	0.3	0.0	1	232789	n/a
113.6748046875	0.3	0.0	1	232806	n/a
113.68310546875	0.3	1.0	2	232823	n/a
113.69140625	0.3	0.0	1	232840	n/a
113.69970703125	0.3	1.0	2	232857	n/a
113.7080078125	0.3	0.0	1	232874	n/a
113.71630859375	0.3	1.0	2	232891	n/a
113.724609375	0.3	0.0	1	232908	n/a
113.7333984375	0.3	1.0	2	232926	n/a
113.74169921875	0.3	0.0	1	232943	n/a
113.75	0.3	1.0	2	232960	n/a
113.75830078125	0.3	1.0	2	232977	n/a
113.7666015625	0.3	0.0	1	232994	n/a
113.77490234375	0.3	1.0	2	233011	n/a
113.783203125	0.3	0.0	1	233028	n/a
113.79150390625	0.3	0.0	1	233045	n/a
113.7998046875	0.3	1.0	2	233062	n/a
113.80810546875	0.3	1.0	2	233079	n/a
113.81640625	0.3	0.0	1	233096	n/a
113.82470703125	0.3	1.0	2	233113	n/a
113.8330078125	0.3	0.0	1	233130	n/a
113.84130859375	0.3	0.0	1	233147	n/a
113.849609375	0.3	1.0	2	233164	n/a
113.8583984375	0.3	0.0	1	233182	n/a
113.86669921875	0.3	1.0	2	233199	n/a
113.875	0.3	1.0	2	233216	n/a
113.88330078125	0.3	0.0	1	233233	n/a
113.8916015625	0.3	0.0	1	233250	n/a
113.89990234375	0.3	1.0	2	233267	n/a
113.908203125	0.3	1.0	2	233284	n/a
113.91650390625	0.3	0.0	1	233301	n/a
113.9248046875	0.3	1.0	2	233318	n/a
113.93310546875	0.3	0.0	1	233335	n/a
113.94140625	0.3	0.0	1	233352	n/a
113.94970703125	0.3	1.0	2	233369	n/a
113.9580078125	0.3	1.0	2	233386	n/a
113.96630859375	0.3	0.0	1	233403	n/a
113.974609375	0.3	1.0	2	233420	n/a
113.9833984375	0.3	0.0	1	233438	n/a
113.99169921875	0.3	0.0	1	233455	n/a
114.0	0.3	1.0	2	233472	n/a
114.00830078125	0.3	0.0	1	233489	n/a
114.0166015625	0.3	1.0	2	233506	n/a
114.02490234375	0.3	1.0	2	233523	n/a
114.033203125	0.3	0.0	1	233540	n/a
114.04150390625	0.3	1.0	2	233557	n/a
114.0498046875	0.3	0.0	1	233574	n/a
114.05810546875	0.3	1.0	2	233591	n/a
114.06640625	0.3	0.0	1	233608	n/a
114.07470703125	0.3	1.0	2	233625	n/a
114.0830078125	0.3	0.0	1	233642	n/a
114.09130859375	0.3	1.0	2	233659	n/a
114.099609375	0.3	0.0	1	233676	n/a
114.1083984375	0.3	1.0	2	233694	n/a
114.11669921875	0.3	0.0	1	233711	n/a
114.125	0.3	0.0	1	233728	n/a
114.13330078125	0.3	1.0	2	233745	n/a
114.1416015625	0.3	1.0	2	233762	n/a
114.14990234375	0.3	0.0	1	233779	n/a
114.158203125	0.3	0.0	1	233796	n/a
114.16650390625	0.3	1.0	2	233813	n/a
114.1748046875	0.3	1.0	2	233830	n/a
114.18310546875	0.3	0.0	1	233847	n/a
114.19140625	0.3	1.0	2	233864	n/a
114.19970703125	0.3	0.0	1	233881	n/a
114.2080078125	0.3	1.0	2	233898	n/a
114.21630859375	0.3	0.0	1	233915	n/a
114.224609375	0.3	1.0	2	233932	n/a
114.2333984375	0.3	0.0	1	233950	n/a
114.24169921875	0.3	0.0	1	233967	n/a
114.25	0.3	1.0	2	233984	n/a
114.25830078125	0.3	1.0	2	234001	n/a
114.2666015625	0.3	0.0	1	234018	n/a
114.27490234375	0.3	0.0	1	234035	n/a
114.283203125	0.3	1.0	2	234052	n/a
114.29150390625	0.3	1.0	2	234069	n/a
114.2998046875	0.3	0.0	1	234086	n/a
114.30810546875	0.3	1.0	2	234103	n/a
114.31640625	0.3	0.0	1	234120	n/a
114.32470703125	0.3	0.0	1	234137	n/a
114.3330078125	0.3	1.0	2	234154	n/a
114.34130859375	0.3	1.0	2	234171	n/a
114.349609375	0.3	0.0	1	234188	n/a
114.3583984375	0.3	0.0	1	234206	n/a
114.36669921875	0.3	1.0	2	234223	n/a
114.375	0.3	0.0	1	234240	n/a
114.38330078125	0.3	1.0	2	234257	n/a
114.3916015625	0.3	0.0	1	234274	n/a
114.39990234375	0.3	1.0	2	234291	n/a
114.408203125	0.3	0.0	1	234308	n/a
114.41650390625	0.3	1.0	2	234325	n/a
114.4248046875	0.3	0.0	1	234342	n/a
114.43310546875	0.3	1.0	2	234359	n/a
114.44140625	0.3	0.0	1	234376	n/a
114.44970703125	0.3	1.0	2	234393	n/a
114.4580078125	0.3	1.0	2	234410	n/a
114.46630859375	0.3	0.0	1	234427	n/a
114.474609375	0.3	0.0	1	234444	n/a
114.4833984375	0.3	1.0	2	234462	n/a
114.49169921875	0.3	0.0	1	234479	n/a
114.5	0.3	1.0	2	234496	n/a
114.50830078125	0.3	0.0	1	234513	n/a
114.5166015625	0.3	1.0	2	234530	n/a
114.52490234375	0.3	1.0	2	234547	n/a
114.533203125	0.3	0.0	1	234564	n/a
114.54150390625	0.3	0.0	1	234581	n/a
114.5498046875	0.3	1.0	2	234598	n/a
114.55810546875	0.3	0.0	1	234615	n/a
114.56640625	0.3	1.0	2	234632	n/a
114.57470703125	0.3	1.0	2	234649	n/a
114.5830078125	0.3	0.0	1	234666	n/a
114.59130859375	0.3	1.0	2	234683	n/a
114.599609375	0.3	0.0	1	234700	n/a
114.6083984375	0.3	1.0	2	234718	n/a
114.61669921875	0.3	0.0	1	234735	n/a
114.625	0.3	0.0	1	234752	n/a
114.63330078125	0.3	1.0	2	234769	n/a
114.6416015625	0.3	0.0	1	234786	n/a
114.64990234375	0.3	1.0	2	234803	n/a
114.658203125	0.3	1.0	2	234820	n/a
114.66650390625	0.3	0.0	1	234837	n/a
114.6748046875	0.3	0.0	1	234854	n/a
114.68310546875	0.3	1.0	2	234871	n/a
114.69140625	0.3	0.0	1	234888	n/a
114.69970703125	0.3	1.0	2	234905	n/a
114.7080078125	0.3	1.0	2	234922	n/a
114.71630859375	0.3	0.0	1	234939	n/a
114.724609375	0.3	0.0	1	234956	n/a
114.7333984375	0.3	1.0	2	234974	n/a
114.74169921875	0.3	0.0	1	234991	n/a
114.75	0.3	1.0	2	235008	n/a
114.75830078125	0.3	0.0	1	235025	n/a
114.7666015625	0.3	1.0	2	235042	n/a
114.77490234375	0.3	0.0	1	235059	n/a
114.783203125	0.3	1.0	2	235076	n/a
114.79150390625	0.3	0.0	1	235093	n/a
114.7998046875	0.3	1.0	2	235110	n/a
114.80810546875	0.3	1.0	2	235127	n/a
114.81640625	0.3	0.0	1	235144	n/a
114.82470703125	0.3	1.0	2	235161	n/a
114.8330078125	0.3	0.0	1	235178	n/a
114.84130859375	0.3	0.0	1	235195	n/a
114.849609375	0.3	1.0	2	235212	n/a
114.8583984375	0.3	1.0	2	235230	n/a
114.86669921875	0.3	0.0	1	235247	n/a
114.875	0.3	1.0	2	235264	n/a
114.88330078125	0.3	0.0	1	235281	n/a
114.8916015625	0.3	0.0	1	235298	n/a
114.89990234375	0.3	1.0	2	235315	n/a
114.908203125	0.3	0.0	1	235332	n/a
114.91650390625	0.3	1.0	2	235349	n/a
114.9248046875	0.3	1.0	2	235366	n/a
114.93310546875	0.3	0.0	1	235383	n/a
114.94140625	0.3	0.0	1	235400	n/a
114.94970703125	0.3	1.0	2	235417	n/a
114.9580078125	0.3	1.0	2	235434	n/a
114.96630859375	0.3	0.0	1	235451	n/a
114.974609375	0.3	1.0	2	235468	n/a
114.9833984375	0.3	0.0	1	235486	n/a
114.99169921875	0.3	0.0	1	235503	n/a
115.0	0.3	1.0	2	235520	n/a
115.00830078125	0.3	1.0	2	235537	n/a
115.0166015625	0.3	0.0	1	235554	n/a
115.02490234375	0.3	1.0	2	235571	n/a
115.033203125	0.3	0.0	1	235588	n/a
115.04150390625	0.3	0.0	1	235605	n/a
115.0498046875	0.3	1.0	2	235622	n/a
115.05810546875	0.3	0.0	1	235639	n/a
115.06640625	0.3	1.0	2	235656	n/a
115.07470703125	0.3	1.0	2	235673	n/a
115.0830078125	0.3	0.0	1	235690	n/a
115.09130859375	0.3	1.0	2	235707	n/a
115.099609375	0.3	0.0	1	235724	n/a
115.1083984375	0.3	1.0	2	235742	n/a
115.11669921875	0.3	0.0	1	235759	n/a
115.125	0.3	1.0	2	235776	n/a
115.13330078125	0.3	0.0	1	235793	n/a
115.1416015625	0.3	1.0	2	235810	n/a
115.14990234375	0.3	0.0	1	235827	n/a
115.158203125	0.3	1.0	2	235844	n/a
115.16650390625	0.3	0.0	1	235861	n/a
115.1748046875	0.3	0.0	1	235878	n/a
115.18310546875	0.3	1.0	2	235895	n/a
115.19140625	0.3	1.0	2	235912	n/a
115.19970703125	0.3	0.0	1	235929	n/a
115.2080078125	0.3	0.0	1	235946	n/a
115.21630859375	0.3	1.0	2	235963	n/a
115.224609375	0.3	1.0	2	235980	n/a
115.2333984375	0.3	0.0	1	235998	n/a
115.24169921875	0.3	1.0	2	236015	n/a
115.25	0.3	0.0	1	236032	n/a
115.25830078125	0.3	1.0	2	236049	n/a
115.2666015625	0.3	0.0	1	236066	n/a
115.27490234375	0.3	1.0	2	236083	n/a
115.283203125	0.3	0.0	1	236100	n/a
115.29150390625	0.3	0.0	1	236117	n/a
115.2998046875	0.3	1.0	2	236134	n/a
115.30810546875	0.3	1.0	2	236151	n/a
115.31640625	0.3	0.0	1	236168	n/a
115.32470703125	0.3	0.0	1	236185	n/a
115.3330078125	0.3	1.0	2	236202	n/a
115.34130859375	0.3	1.0	2	236219	n/a
115.349609375	0.3	0.0	1	236236	n/a
115.3583984375	0.3	1.0	2	236254	n/a
115.36669921875	0.3	0.0	1	236271	n/a
115.375	0.3	0.0	1	236288	n/a
115.38330078125	0.3	1.0	2	236305	n/a
115.3916015625	0.3	1.0	2	236322	n/a
115.39990234375	0.3	0.0	1	236339	n/a
115.408203125	0.3	0.0	1	236356	n/a
115.41650390625	0.3	1.0	2	236373	n/a
115.4248046875	0.3	0.0	1	236390	n/a
115.43310546875	0.3	1.0	2	236407	n/a
115.44140625	0.3	0.0	1	236424	n/a
115.44970703125	0.3	1.0	2	236441	n/a
115.4580078125	0.3	0.0	1	236458	n/a
115.46630859375	0.3	1.0	2	236475	n/a
115.474609375	0.3	0.0	1	236492	n/a
115.4833984375	0.3	1.0	2	236510	n/a
117.87451171875	0.3	0.0	1	241407	9.0
117.8828125	0.3	1.0	2	241424	n/a
117.89111328125	0.3	1.0	2	241441	n/a
117.8994140625	0.3	0.0	1	241458	n/a
117.90771484375	0.3	1.0	2	241475	n/a
117.916015625	0.3	0.0	1	241492	n/a
117.92431640625	0.3	0.0	1	241509	n/a
117.9326171875	0.3	1.0	2	241526	n/a
117.94140625	0.3	1.0	2	241544	n/a
117.94970703125	0.3	0.0	1	241561	n/a
117.9580078125	0.3	0.0	1	241578	n/a
117.96630859375	0.3	1.0	2	241595	n/a
117.974609375	0.3	1.0	2	241612	n/a
117.98291015625	0.3	0.0	1	241629	n/a
117.9912109375	0.3	1.0	2	241646	n/a
117.99951171875	0.3	0.0	1	241663	n/a
118.0078125	0.3	0.0	1	241680	n/a
118.01611328125	0.3	1.0	2	241697	n/a
118.0244140625	0.3	0.0	1	241714	n/a
118.03271484375	0.3	1.0	2	241731	n/a
118.041015625	0.3	1.0	2	241748	n/a
118.04931640625	0.3	0.0	1	241765	n/a
118.0576171875	0.3	0.0	1	241782	n/a
118.06640625	0.3	1.0	2	241800	n/a
118.07470703125	0.3	1.0	2	241817	n/a
118.0830078125	0.3	0.0	1	241834	n/a
118.09130859375	0.3	1.0	2	241851	n/a
118.099609375	0.3	0.0	1	241868	n/a
118.10791015625	0.3	1.0	2	241885	n/a
118.1162109375	0.3	0.0	1	241902	n/a
118.12451171875	0.3	0.0	1	241919	n/a
118.1328125	0.3	1.0	2	241936	n/a
118.14111328125	0.3	0.0	1	241953	n/a
118.1494140625	0.3	1.0	2	241970	n/a
118.15771484375	0.3	0.0	1	241987	n/a
118.166015625	0.3	1.0	2	242004	n/a
118.17431640625	0.3	0.0	1	242021	n/a
118.1826171875	0.3	1.0	2	242038	n/a
118.19140625	0.3	0.0	1	242056	n/a
118.19970703125	0.3	1.0	2	242073	n/a
118.2080078125	0.3	1.0	2	242090	n/a
118.21630859375	0.3	0.0	1	242107	n/a
118.224609375	0.3	1.0	2	242124	n/a
118.23291015625	0.3	0.0	1	242141	n/a
118.2412109375	0.3	1.0	2	242158	n/a
118.24951171875	0.3	0.0	1	242175	n/a
118.2578125	0.3	1.0	2	242192	n/a
118.26611328125	0.3	0.0	1	242209	n/a
118.2744140625	0.3	1.0	2	242226	n/a
118.28271484375	0.3	0.0	1	242243	n/a
118.291015625	0.3	0.0	1	242260	n/a
118.29931640625	0.3	1.0	2	242277	n/a
118.3076171875	0.3	0.0	1	242294	n/a
118.31640625	0.3	1.0	2	242312	n/a
118.32470703125	0.3	1.0	2	242329	n/a
118.3330078125	0.3	0.0	1	242346	n/a
118.34130859375	0.3	0.0	1	242363	n/a
118.349609375	0.3	1.0	2	242380	n/a
118.35791015625	0.3	0.0	1	242397	n/a
118.3662109375	0.3	1.0	2	242414	n/a
118.37451171875	0.3	1.0	2	242431	n/a
118.3828125	0.3	0.0	1	242448	n/a
118.39111328125	0.3	0.0	1	242465	n/a
118.3994140625	0.3	1.0	2	242482	n/a
118.40771484375	0.3	1.0	2	242499	n/a
118.416015625	0.3	0.0	1	242516	n/a
118.42431640625	0.3	1.0	2	242533	n/a
118.4326171875	0.3	0.0	1	242550	n/a
118.44140625	0.3	1.0	2	242568	n/a
118.44970703125	0.3	0.0	1	242585	n/a
118.4580078125	0.3	0.0	1	242602	n/a
118.46630859375	0.3	1.0	2	242619	n/a
118.474609375	0.3	1.0	2	242636	n/a
118.48291015625	0.3	0.0	1	242653	n/a
118.4912109375	0.3	0.0	1	242670	n/a
118.49951171875	0.3	1.0	2	242687	n/a
118.5078125	0.3	0.0	1	242704	n/a
118.51611328125	0.3	1.0	2	242721	n/a
118.5244140625	0.3	1.0	2	242738	n/a
118.53271484375	0.3	0.0	1	242755	n/a
118.541015625	0.3	1.0	2	242772	n/a
118.54931640625	0.3	0.0	1	242789	n/a
118.5576171875	0.3	0.0	1	242806	n/a
118.56640625	0.3	1.0	2	242824	n/a
118.57470703125	0.3	0.0	1	242841	n/a
118.5830078125	0.3	1.0	2	242858	n/a
118.59130859375	0.3	1.0	2	242875	n/a
118.599609375	0.3	0.0	1	242892	n/a
118.60791015625	0.3	1.0	2	242909	n/a
118.6162109375	0.3	0.0	1	242926	n/a
118.62451171875	0.3	0.0	1	242943	n/a
118.6328125	0.3	1.0	2	242960	n/a
118.64111328125	0.3	0.0	1	242977	n/a
118.6494140625	0.3	1.0	2	242994	n/a
118.65771484375	0.3	1.0	2	243011	n/a
118.666015625	0.3	0.0	1	243028	n/a
118.67431640625	0.3	1.0	2	243045	n/a
118.6826171875	0.3	0.0	1	243062	n/a
118.69140625	0.3	0.0	1	243080	n/a
118.69970703125	0.3	1.0	2	243097	n/a
118.7080078125	0.3	1.0	2	243114	n/a
118.71630859375	0.3	0.0	1	243131	n/a
118.724609375	0.3	0.0	1	243148	n/a
118.73291015625	0.3	1.0	2	243165	n/a
118.7412109375	0.3	0.0	1	243182	n/a
118.74951171875	0.3	1.0	2	243199	n/a
118.7578125	0.3	0.0	1	243216	n/a
118.76611328125	0.3	1.0	2	243233	n/a
118.7744140625	0.3	1.0	2	243250	n/a
118.78271484375	0.3	0.0	1	243267	n/a
118.791015625	0.3	1.0	2	243284	n/a
118.79931640625	0.3	0.0	1	243301	n/a
118.8076171875	0.3	0.0	1	243318	n/a
118.81640625	0.3	1.0	2	243336	n/a
118.82470703125	0.3	0.0	1	243353	n/a
118.8330078125	0.3	1.0	2	243370	n/a
118.84130859375	0.3	1.0	2	243387	n/a
118.849609375	0.3	0.0	1	243404	n/a
118.85791015625	0.3	1.0	2	243421	n/a
118.8662109375	0.3	0.0	1	243438	n/a
118.87451171875	0.3	0.0	1	243455	n/a
118.8828125	0.3	1.0	2	243472	n/a
118.89111328125	0.3	0.0	1	243489	n/a
118.8994140625	0.3	1.0	2	243506	n/a
118.90771484375	0.3	0.0	1	243523	n/a
118.916015625	0.3	1.0	2	243540	n/a
118.92431640625	0.3	0.0	1	243557	n/a
118.9326171875	0.3	1.0	2	243574	n/a
118.94140625	0.3	1.0	2	243592	n/a
118.94970703125	0.3	0.0	1	243609	n/a
118.9580078125	0.3	1.0	2	243626	n/a
118.96630859375	0.3	0.0	1	243643	n/a
118.974609375	0.3	0.0	1	243660	n/a
118.98291015625	0.3	1.0	2	243677	n/a
118.9912109375	0.3	1.0	2	243694	n/a
118.99951171875	0.3	0.0	1	243711	n/a
119.0078125	0.3	0.0	1	243728	n/a
119.01611328125	0.3	1.0	2	243745	n/a
119.0244140625	0.3	1.0	2	243762	n/a
119.03271484375	0.3	0.0	1	243779	n/a
119.041015625	0.3	1.0	2	243796	n/a
119.04931640625	0.3	0.0	1	243813	n/a
119.0576171875	0.3	0.0	1	243830	n/a
119.06640625	0.3	1.0	2	243848	n/a
119.07470703125	0.3	0.0	1	243865	n/a
119.0830078125	0.3	1.0	2	243882	n/a
119.09130859375	0.3	1.0	2	243899	n/a
119.099609375	0.3	0.0	1	243916	n/a
119.10791015625	0.3	0.0	1	243933	n/a
119.1162109375	0.3	1.0	2	243950	n/a
119.12451171875	0.3	1.0	2	243967	n/a
119.1328125	0.3	0.0	1	243984	n/a
119.14111328125	0.3	1.0	2	244001	n/a
119.1494140625	0.3	0.0	1	244018	n/a
119.15771484375	0.3	1.0	2	244035	n/a
119.166015625	0.3	0.0	1	244052	n/a
119.17431640625	0.3	0.0	1	244069	n/a
119.1826171875	0.3	1.0	2	244086	n/a
119.19140625	0.3	0.0	1	244104	n/a
119.19970703125	0.3	1.0	2	244121	n/a
119.2080078125	0.3	0.0	1	244138	n/a
119.21630859375	0.3	1.0	2	244155	n/a
119.224609375	0.3	0.0	1	244172	n/a
119.23291015625	0.3	1.0	2	244189	n/a
119.2412109375	0.3	0.0	1	244206	n/a
119.24951171875	0.3	1.0	2	244223	n/a
119.2578125	0.3	1.0	2	244240	n/a
119.26611328125	0.3	0.0	1	244257	n/a
119.2744140625	0.3	1.0	2	244274	n/a
119.28271484375	0.3	0.0	1	244291	n/a
119.291015625	0.3	1.0	2	244308	n/a
119.29931640625	0.3	0.0	1	244325	n/a
119.3076171875	0.3	1.0	2	244342	n/a
119.31640625	0.3	0.0	1	244360	n/a
119.32470703125	0.3	1.0	2	244377	n/a
119.3330078125	0.3	0.0	1	244394	n/a
119.34130859375	0.3	0.0	1	244411	n/a
119.349609375	0.3	1.0	2	244428	n/a
119.35791015625	0.3	0.0	1	244445	n/a
119.3662109375	0.3	1.0	2	244462	n/a
119.37451171875	0.3	1.0	2	244479	n/a
119.3828125	0.3	0.0	1	244496	n/a
119.39111328125	0.3	0.0	1	244513	n/a
119.3994140625	0.3	1.0	2	244530	n/a
119.40771484375	0.3	0.0	1	244547	n/a
119.416015625	0.3	1.0	2	244564	n/a
119.42431640625	0.3	1.0	2	244581	n/a
119.4326171875	0.3	0.0	1	244598	n/a
119.44140625	0.3	0.0	1	244616	n/a
119.44970703125	0.3	1.0	2	244633	n/a
119.4580078125	0.3	1.0	2	244650	n/a
119.46630859375	0.3	0.0	1	244667	n/a
119.474609375	0.3	1.0	2	244684	n/a
119.48291015625	0.3	0.0	1	244701	n/a
119.4912109375	0.3	1.0	2	244718	n/a
119.49951171875	0.3	0.0	1	244735	n/a
119.5078125	0.3	0.0	1	244752	n/a
119.51611328125	0.3	1.0	2	244769	n/a
119.5244140625	0.3	1.0	2	244786	n/a
119.53271484375	0.3	0.0	1	244803	n/a
119.541015625	0.3	0.0	1	244820	n/a
119.54931640625	0.3	1.0	2	244837	n/a
119.5576171875	0.3	0.0	1	244854	n/a
119.56640625	0.3	1.0	2	244872	n/a
119.57470703125	0.3	1.0	2	244889	n/a
119.5830078125	0.3	0.0	1	244906	n/a
119.59130859375	0.3	1.0	2	244923	n/a
119.599609375	0.3	0.0	1	244940	n/a
119.60791015625	0.3	0.0	1	244957	n/a
119.6162109375	0.3	1.0	2	244974	n/a
119.62451171875	0.3	0.0	1	244991	n/a
119.6328125	0.3	1.0	2	245008	n/a
119.64111328125	0.3	1.0	2	245025	n/a
119.6494140625	0.3	0.0	1	245042	n/a
119.65771484375	0.3	1.0	2	245059	n/a
119.666015625	0.3	0.0	1	245076	n/a
119.67431640625	0.3	0.0	1	245093	n/a
119.6826171875	0.3	1.0	2	245110	n/a
119.69140625	0.3	0.0	1	245128	n/a
119.69970703125	0.3	1.0	2	245145	n/a
119.7080078125	0.3	1.0	2	245162	n/a
119.71630859375	0.3	0.0	1	245179	n/a
119.724609375	0.3	1.0	2	245196	n/a
119.73291015625	0.3	0.0	1	245213	n/a
119.7412109375	0.3	0.0	1	245230	n/a
119.74951171875	0.3	1.0	2	245247	n/a
119.7578125	0.3	1.0	2	245264	n/a
119.76611328125	0.3	0.0	1	245281	n/a
119.7744140625	0.3	0.0	1	245298	n/a
119.78271484375	0.3	1.0	2	245315	n/a
119.791015625	0.3	0.0	1	245332	n/a
119.79931640625	0.3	1.0	2	245349	n/a
119.8076171875	0.3	0.0	1	245366	n/a
119.81640625	0.3	1.0	2	245384	n/a
119.82470703125	0.3	1.0	2	245401	n/a
119.8330078125	0.3	0.0	1	245418	n/a
119.84130859375	0.3	1.0	2	245435	n/a
119.849609375	0.3	0.0	1	245452	n/a
119.85791015625	0.3	0.0	1	245469	n/a
119.8662109375	0.3	1.0	2	245486	n/a
119.87451171875	0.3	0.0	1	245503	n/a
119.8828125	0.3	1.0	2	245520	n/a
119.89111328125	0.3	1.0	2	245537	n/a
119.8994140625	0.3	0.0	1	245554	n/a
119.90771484375	0.3	1.0	2	245571	n/a
119.916015625	0.3	0.0	1	245588	n/a
119.92431640625	0.3	0.0	1	245605	n/a
119.9326171875	0.3	1.0	2	245622	n/a
119.94140625	0.3	0.0	1	245640	n/a
119.94970703125	0.3	1.0	2	245657	n/a
119.9580078125	0.3	0.0	1	245674	n/a
119.96630859375	0.3	1.0	2	245691	n/a
119.974609375	0.3	0.0	1	245708	n/a
119.98291015625	0.3	1.0	2	245725	n/a
119.9912109375	0.3	1.0	2	245742	n/a
119.99951171875	0.3	0.0	1	245759	n/a
120.0078125	0.3	1.0	2	245776	n/a
120.01611328125	0.3	0.0	1	245793	n/a
120.0244140625	0.3	0.0	1	245810	n/a
120.03271484375	0.3	1.0	2	245827	n/a
120.041015625	0.3	1.0	2	245844	n/a
120.04931640625	0.3	0.0	1	245861	n/a
120.0576171875	0.3	0.0	1	245878	n/a
120.06640625	0.3	1.0	2	245896	n/a
120.07470703125	0.3	1.0	2	245913	n/a
120.0830078125	0.3	0.0	1	245930	n/a
120.09130859375	0.3	1.0	2	245947	n/a
120.099609375	0.3	0.0	1	245964	n/a
120.10791015625	0.3	0.0	1	245981	n/a
120.1162109375	0.3	1.0	2	245998	n/a
120.12451171875	0.3	0.0	1	246015	n/a
120.1328125	0.3	1.0	2	246032	n/a
120.14111328125	0.3	1.0	2	246049	n/a
120.1494140625	0.3	0.0	1	246066	n/a
120.15771484375	0.3	0.0	1	246083	n/a
120.166015625	0.3	1.0	2	246100	n/a
120.17431640625	0.3	1.0	2	246117	n/a
120.1826171875	0.3	0.0	1	246134	n/a
120.19140625	0.3	1.0	2	246152	n/a
120.19970703125	0.3	0.0	1	246169	n/a
120.2080078125	0.3	1.0	2	246186	n/a
120.21630859375	0.3	0.0	1	246203	n/a
120.224609375	0.3	0.0	1	246220	n/a
120.23291015625	0.3	1.0	2	246237	n/a
120.2412109375	0.3	0.0	1	246254	n/a
120.24951171875	0.3	1.0	2	246271	n/a
120.2578125	0.3	0.0	1	246288	n/a
120.26611328125	0.3	1.0	2	246305	n/a
120.2744140625	0.3	0.0	1	246322	n/a
120.28271484375	0.3	1.0	2	246339	n/a
120.291015625	0.3	0.0	1	246356	n/a
120.29931640625	0.3	1.0	2	246373	n/a
120.3076171875	0.3	1.0	2	246390	n/a
120.31640625	0.3	0.0	1	246408	n/a
120.32470703125	0.3	1.0	2	246425	n/a
120.3330078125	0.3	0.0	1	246442	n/a
120.34130859375	0.3	1.0	2	246459	n/a
120.349609375	0.3	0.0	1	246476	n/a
120.35791015625	0.3	1.0	2	246493	n/a
120.3662109375	0.3	0.0	1	246510	n/a
120.37451171875	0.3	1.0	2	246527	n/a
120.3828125	0.3	0.0	1	246544	n/a
120.39111328125	0.3	0.0	1	246561	n/a
120.3994140625	0.3	1.0	2	246578	n/a
120.40771484375	0.3	0.0	1	246595	n/a
120.416015625	0.3	1.0	2	246612	n/a
120.42431640625	0.3	1.0	2	246629	n/a
120.4326171875	0.3	0.0	1	246646	n/a
120.44140625	0.3	0.0	1	246664	n/a
120.44970703125	0.3	1.0	2	246681	n/a
120.4580078125	0.3	0.0	1	246698	n/a
120.46630859375	0.3	1.0	2	246715	n/a
120.474609375	0.3	1.0	2	246732	n/a
120.48291015625	0.3	0.0	1	246749	n/a
120.4912109375	0.3	0.0	1	246766	n/a
120.49951171875	0.3	1.0	2	246783	n/a
120.5078125	0.3	1.0	2	246800	n/a
120.51611328125	0.3	0.0	1	246817	n/a
120.5244140625	0.3	1.0	2	246834	n/a
120.53271484375	0.3	0.0	1	246851	n/a
120.541015625	0.3	1.0	2	246868	n/a
120.54931640625	0.3	0.0	1	246885	n/a
120.5576171875	0.3	0.0	1	246902	n/a
120.56640625	0.3	1.0	2	246920	n/a
120.57470703125	0.3	1.0	2	246937	n/a
120.5830078125	0.3	0.0	1	246954	n/a
120.59130859375	0.3	0.0	1	246971	n/a
120.599609375	0.3	1.0	2	246988	n/a
120.60791015625	0.3	0.0	1	247005	n/a
120.6162109375	0.3	1.0	2	247022	n/a
120.62451171875	0.3	1.0	2	247039	n/a
120.6328125	0.3	0.0	1	247056	n/a
120.64111328125	0.3	1.0	2	247073	n/a
120.6494140625	0.3	0.0	1	247090	n/a
120.65771484375	0.3	0.0	1	247107	n/a
120.666015625	0.3	1.0	2	247124	n/a
120.67431640625	0.3	0.0	1	247141	n/a
120.6826171875	0.3	1.0	2	247158	n/a
120.69140625	0.3	1.0	2	247176	n/a
120.69970703125	0.3	0.0	1	247193	n/a
120.7080078125	0.3	1.0	2	247210	n/a
120.71630859375	0.3	0.0	1	247227	n/a
120.724609375	0.3	0.0	1	247244	n/a
120.73291015625	0.3	1.0	2	247261	n/a
120.7412109375	0.3	0.0	1	247278	n/a
120.74951171875	0.3	1.0	2	247295	n/a
120.7578125	0.3	1.0	2	247312	n/a
120.76611328125	0.3	0.0	1	247329	n/a
120.7744140625	0.3	1.0	2	247346	n/a
120.78271484375	0.3	0.0	1	247363	n/a
120.791015625	0.3	0.0	1	247380	n/a
120.79931640625	0.3	1.0	2	247397	n/a
120.8076171875	0.3	1.0	2	247414	n/a
120.81640625	0.3	0.0	1	247432	n/a
120.82470703125	0.3	0.0	1	247449	n/a
120.8330078125	0.3	1.0	2	247466	n/a
120.84130859375	0.3	0.0	1	247483	n/a
120.849609375	0.3	1.0	2	247500	n/a
120.85791015625	0.3	0.0	1	247517	n/a
120.8662109375	0.3	1.0	2	247534	n/a
120.87451171875	0.3	1.0	2	247551	n/a
120.8828125	0.3	0.0	1	247568	n/a
120.89111328125	0.3	1.0	2	247585	n/a
120.8994140625	0.3	0.0	1	247602	n/a
120.90771484375	0.3	0.0	1	247619	n/a
120.916015625	0.3	1.0	2	247636	n/a
120.92431640625	0.3	0.0	1	247653	n/a
120.9326171875	0.3	1.0	2	247670	n/a
120.94140625	0.3	1.0	2	247688	n/a
120.94970703125	0.3	0.0	1	247705	n/a
120.9580078125	0.3	1.0	2	247722	n/a
120.96630859375	0.3	0.0	1	247739	n/a
120.974609375	0.3	0.0	1	247756	n/a
120.98291015625	0.3	1.0	2	247773	n/a
120.9912109375	0.3	0.0	1	247790	n/a
120.99951171875	0.3	1.0	2	247807	n/a
121.0078125	0.3	0.0	1	247824	n/a
121.01611328125	0.3	1.0	2	247841	n/a
121.0244140625	0.3	0.0	1	247858	n/a
121.03271484375	0.3	1.0	2	247875	n/a
121.041015625	0.3	1.0	2	247892	n/a
121.04931640625	0.3	0.0	1	247909	n/a
121.0576171875	0.3	1.0	2	247926	n/a
121.06640625	0.3	0.0	1	247944	n/a
121.07470703125	0.3	0.0	1	247961	n/a
121.0830078125	0.3	1.0	2	247978	n/a
121.09130859375	0.3	1.0	2	247995	n/a
121.099609375	0.3	0.0	1	248012	n/a
121.10791015625	0.3	0.0	1	248029	n/a
121.1162109375	0.3	1.0	2	248046	n/a
121.12451171875	0.3	1.0	2	248063	n/a
121.1328125	0.3	0.0	1	248080	n/a
121.14111328125	0.3	1.0	2	248097	n/a
121.1494140625	0.3	0.0	1	248114	n/a
121.15771484375	0.3	0.0	1	248131	n/a
121.166015625	0.3	1.0	2	248148	n/a
121.17431640625	0.3	0.0	1	248165	n/a
121.1826171875	0.3	1.0	2	248182	n/a
121.19140625	0.3	1.0	2	248200	n/a
121.19970703125	0.3	0.0	1	248217	n/a
121.2080078125	0.3	0.0	1	248234	n/a
121.21630859375	0.3	1.0	2	248251	n/a
121.224609375	0.3	1.0	2	248268	n/a
121.23291015625	0.3	0.0	1	248285	n/a
121.2412109375	0.3	1.0	2	248302	n/a
121.24951171875	0.3	0.0	1	248319	n/a
121.2578125	0.3	1.0	2	248336	n/a
121.26611328125	0.3	0.0	1	248353	n/a
121.2744140625	0.3	0.0	1	248370	n/a
121.28271484375	0.3	1.0	2	248387	n/a
121.291015625	0.3	0.0	1	248404	n/a
121.29931640625	0.3	1.0	2	248421	n/a
121.3076171875	0.3	0.0	1	248438	n/a
121.31640625	0.3	1.0	2	248456	n/a
121.32470703125	0.3	0.0	1	248473	n/a
121.3330078125	0.3	1.0	2	248490	n/a
121.34130859375	0.3	0.0	1	248507	n/a
121.349609375	0.3	1.0	2	248524	n/a
121.35791015625	0.3	1.0	2	248541	n/a
121.3662109375	0.3	0.0	1	248558	n/a
121.37451171875	0.3	1.0	2	248575	n/a
121.3828125	0.3	0.0	1	248592	n/a
121.39111328125	0.3	1.0	2	248609	n/a
121.3994140625	0.3	0.0	1	248626	n/a
121.40771484375	0.3	1.0	2	248643	n/a
121.416015625	0.3	0.0	1	248660	n/a
121.42431640625	0.3	1.0	2	248677	n/a
121.4326171875	0.3	0.0	1	248694	n/a
121.44140625	0.3	0.0	1	248712	n/a
121.44970703125	0.3	1.0	2	248729	n/a
121.4580078125	0.3	0.0	1	248746	n/a
121.46630859375	0.3	1.0	2	248763	n/a
121.474609375	0.3	1.0	2	248780	n/a
121.48291015625	0.3	0.0	1	248797	n/a
121.4912109375	0.3	0.0	1	248814	n/a
121.49951171875	0.3	1.0	2	248831	n/a
121.5078125	0.3	0.0	1	248848	n/a
121.51611328125	0.3	1.0	2	248865	n/a
121.5244140625	0.3	1.0	2	248882	n/a
121.53271484375	0.3	0.0	1	248899	n/a
121.541015625	0.3	0.0	1	248916	n/a
121.54931640625	0.3	1.0	2	248933	n/a
121.5576171875	0.3	1.0	2	248950	n/a
121.56640625	0.3	0.0	1	248968	n/a
121.57470703125	0.3	1.0	2	248985	n/a
121.5830078125	0.3	0.0	1	249002	n/a
121.59130859375	0.3	1.0	2	249019	n/a
121.599609375	0.3	0.0	1	249036	n/a
121.60791015625	0.3	0.0	1	249053	n/a
121.6162109375	0.3	1.0	2	249070	n/a
121.62451171875	0.3	1.0	2	249087	n/a
121.6328125	0.3	0.0	1	249104	n/a
121.64111328125	0.3	0.0	1	249121	n/a
121.6494140625	0.3	1.0	2	249138	n/a
121.65771484375	0.3	0.0	1	249155	n/a
121.666015625	0.3	1.0	2	249172	n/a
121.67431640625	0.3	1.0	2	249189	n/a
121.6826171875	0.3	0.0	1	249206	n/a
121.69140625	0.3	1.0	2	249224	n/a
121.69970703125	0.3	0.0	1	249241	n/a
121.7080078125	0.3	0.0	1	249258	n/a
121.71630859375	0.3	1.0	2	249275	n/a
121.724609375	0.3	0.0	1	249292	n/a
121.73291015625	0.3	1.0	2	249309	n/a
121.7412109375	0.3	1.0	2	249326	n/a
121.74951171875	0.3	0.0	1	249343	n/a
121.7578125	0.3	1.0	2	249360	n/a
121.76611328125	0.3	0.0	1	249377	n/a
121.7744140625	0.3	0.0	1	249394	n/a
121.78271484375	0.3	1.0	2	249411	n/a
121.791015625	0.3	0.0	1	249428	n/a
121.79931640625	0.3	1.0	2	249445	n/a
121.8076171875	0.3	1.0	2	249462	n/a
121.81640625	0.3	0.0	1	249480	n/a
121.82470703125	0.3	1.0	2	249497	n/a
121.8330078125	0.3	0.0	1	249514	n/a
121.84130859375	0.3	0.0	1	249531	n/a
121.849609375	0.3	1.0	2	249548	n/a
121.85791015625	0.3	1.0	2	249565	n/a
121.8662109375	0.3	0.0	1	249582	n/a
121.87451171875	0.3	0.0	1	249599	n/a
121.8828125	0.3	1.0	2	249616	n/a
121.89111328125	0.3	0.0	1	249633	n/a
121.8994140625	0.3	1.0	2	249650	n/a
121.90771484375	0.3	0.0	1	249667	n/a
121.916015625	0.3	1.0	2	249684	n/a
121.92431640625	0.3	1.0	2	249701	n/a
121.9326171875	0.3	0.0	1	249718	n/a
121.94140625	0.3	1.0	2	249736	n/a
121.94970703125	0.3	0.0	1	249753	n/a
121.9580078125	0.3	0.0	1	249770	n/a
121.96630859375	0.3	1.0	2	249787	n/a
121.974609375	0.3	0.0	1	249804	n/a
121.98291015625	0.3	1.0	2	249821	n/a
121.9912109375	0.3	1.0	2	249838	n/a
121.99951171875	0.3	0.0	1	249855	n/a
122.0078125	0.3	1.0	2	249872	n/a
122.01611328125	0.3	0.0	1	249889	n/a
122.0244140625	0.3	0.0	1	249906	n/a
122.03271484375	0.3	1.0	2	249923	n/a
122.041015625	0.3	0.0	1	249940	n/a
122.04931640625	0.3	1.0	2	249957	n/a
122.0576171875	0.3	0.0	1	249974	n/a
122.06640625	0.3	1.0	2	249992	n/a
124.44091796875	0.3	0.0	1	254855	28.0
124.44921875	0.3	1.0	2	254872	n/a
124.45751953125	0.3	1.0	2	254889	n/a
124.4658203125	0.3	0.0	1	254906	n/a
124.47412109375	0.3	0.0	1	254923	n/a
124.482421875	0.3	1.0	2	254940	n/a
124.49072265625	0.3	1.0	2	254957	n/a
124.4990234375	0.3	0.0	1	254974	n/a
124.5078125	0.3	0.0	1	254992	n/a
124.51611328125	0.3	1.0	2	255009	n/a
124.5244140625	0.3	1.0	2	255026	n/a
124.53271484375	0.3	0.0	1	255043	n/a
124.541015625	0.3	1.0	2	255060	n/a
124.54931640625	0.3	0.0	1	255077	n/a
124.5576171875	0.3	0.0	1	255094	n/a
124.56591796875	0.3	1.0	2	255111	n/a
124.57421875	0.3	1.0	2	255128	n/a
124.58251953125	0.3	0.0	1	255145	n/a
124.5908203125	0.3	1.0	2	255162	n/a
124.59912109375	0.3	0.0	1	255179	n/a
124.607421875	0.3	1.0	2	255196	n/a
124.61572265625	0.3	0.0	1	255213	n/a
124.6240234375	0.3	1.0	2	255230	n/a
124.6328125	0.3	0.0	1	255248	n/a
124.64111328125	0.3	1.0	2	255265	n/a
124.6494140625	0.3	0.0	1	255282	n/a
124.65771484375	0.3	0.0	1	255299	n/a
124.666015625	0.3	1.0	2	255316	n/a
124.67431640625	0.3	0.0	1	255333	n/a
124.6826171875	0.3	1.0	2	255350	n/a
124.69091796875	0.3	0.0	1	255367	n/a
124.69921875	0.3	1.0	2	255384	n/a
124.70751953125	0.3	1.0	2	255401	n/a
124.7158203125	0.3	0.0	1	255418	n/a
124.72412109375	0.3	0.0	1	255435	n/a
124.732421875	0.3	1.0	2	255452	n/a
124.74072265625	0.3	0.0	1	255469	n/a
124.7490234375	0.3	1.0	2	255486	n/a
124.7578125	0.3	1.0	2	255504	n/a
124.76611328125	0.3	0.0	1	255521	n/a
124.7744140625	0.3	0.0	1	255538	n/a
124.78271484375	0.3	1.0	2	255555	n/a
124.791015625	0.3	1.0	2	255572	n/a
124.79931640625	0.3	0.0	1	255589	n/a
124.8076171875	0.3	0.0	1	255606	n/a
124.81591796875	0.3	1.0	2	255623	n/a
124.82421875	0.3	0.0	1	255640	n/a
124.83251953125	0.3	1.0	2	255657	n/a
124.8408203125	0.3	1.0	2	255674	n/a
124.84912109375	0.3	0.0	1	255691	n/a
124.857421875	0.3	0.0	1	255708	n/a
124.86572265625	0.3	1.0	2	255725	n/a
124.8740234375	0.3	0.0	1	255742	n/a
124.8828125	0.3	1.0	2	255760	n/a
124.89111328125	0.3	0.0	1	255777	n/a
124.8994140625	0.3	1.0	2	255794	n/a
124.90771484375	0.3	0.0	1	255811	n/a
124.916015625	0.3	1.0	2	255828	n/a
124.92431640625	0.3	0.0	1	255845	n/a
124.9326171875	0.3	1.0	2	255862	n/a
124.94091796875	0.3	0.0	1	255879	n/a
124.94921875	0.3	1.0	2	255896	n/a
124.95751953125	0.3	0.0	1	255913	n/a
124.9658203125	0.3	1.0	2	255930	n/a
124.97412109375	0.3	1.0	2	255947	n/a
124.982421875	0.3	0.0	1	255964	n/a
124.99072265625	0.3	1.0	2	255981	n/a
124.9990234375	0.3	0.0	1	255998	n/a
125.0078125	0.3	1.0	2	256016	n/a
125.01611328125	0.3	0.0	1	256033	n/a
125.0244140625	0.3	1.0	2	256050	n/a
125.03271484375	0.3	0.0	1	256067	n/a
125.041015625	0.3	0.0	1	256084	n/a
125.04931640625	0.3	1.0	2	256101	n/a
125.0576171875	0.3	1.0	2	256118	n/a
125.06591796875	0.3	0.0	1	256135	n/a
125.07421875	0.3	0.0	1	256152	n/a
125.08251953125	0.3	1.0	2	256169	n/a
125.0908203125	0.3	1.0	2	256186	n/a
125.09912109375	0.3	0.0	1	256203	n/a
125.107421875	0.3	1.0	2	256220	n/a
125.11572265625	0.3	0.0	1	256237	n/a
125.1240234375	0.3	0.0	1	256254	n/a
125.1328125	0.3	1.0	2	256272	n/a
125.14111328125	0.3	0.0	1	256289	n/a
125.1494140625	0.3	1.0	2	256306	n/a
125.15771484375	0.3	0.0	1	256323	n/a
125.166015625	0.3	1.0	2	256340	n/a
125.17431640625	0.3	1.0	2	256357	n/a
125.1826171875	0.3	0.0	1	256374	n/a
125.19091796875	0.3	1.0	2	256391	n/a
125.19921875	0.3	0.0	1	256408	n/a
125.20751953125	0.3	1.0	2	256425	n/a
125.2158203125	0.3	0.0	1	256442	n/a
125.22412109375	0.3	0.0	1	256459	n/a
125.232421875	0.3	1.0	2	256476	n/a
125.24072265625	0.3	0.0	1	256493	n/a
125.2490234375	0.3	1.0	2	256510	n/a
125.2578125	0.3	1.0	2	256528	n/a
125.26611328125	0.3	0.0	1	256545	n/a
125.2744140625	0.3	0.0	1	256562	n/a
125.28271484375	0.3	1.0	2	256579	n/a
125.291015625	0.3	0.0	1	256596	n/a
125.29931640625	0.3	1.0	2	256613	n/a
125.3076171875	0.3	0.0	1	256630	n/a
125.31591796875	0.3	1.0	2	256647	n/a
125.32421875	0.3	1.0	2	256664	n/a
125.33251953125	0.3	0.0	1	256681	n/a
125.3408203125	0.3	1.0	2	256698	n/a
125.34912109375	0.3	0.0	1	256715	n/a
125.357421875	0.3	0.0	1	256732	n/a
125.36572265625	0.3	1.0	2	256749	n/a
125.3740234375	0.3	0.0	1	256766	n/a
125.3828125	0.3	1.0	2	256784	n/a
125.39111328125	0.3	1.0	2	256801	n/a
125.3994140625	0.3	0.0	1	256818	n/a
125.40771484375	0.3	1.0	2	256835	n/a
125.416015625	0.3	0.0	1	256852	n/a
125.42431640625	0.3	1.0	2	256869	n/a
125.4326171875	0.3	0.0	1	256886	n/a
125.44091796875	0.3	0.0	1	256903	n/a
125.44921875	0.3	1.0	2	256920	n/a
125.45751953125	0.3	1.0	2	256937	n/a
125.4658203125	0.3	0.0	1	256954	n/a
125.47412109375	0.3	1.0	2	256971	n/a
125.482421875	0.3	0.0	1	256988	n/a
125.49072265625	0.3	0.0	1	257005	n/a
125.4990234375	0.3	1.0	2	257022	n/a
125.5078125	0.3	1.0	2	257040	n/a
125.51611328125	0.3	0.0	1	257057	n/a
125.5244140625	0.3	0.0	1	257074	n/a
125.53271484375	0.3	1.0	2	257091	n/a
125.541015625	0.3	1.0	2	257108	n/a
125.54931640625	0.3	0.0	1	257125	n/a
125.5576171875	0.3	0.0	1	257142	n/a
125.56591796875	0.3	1.0	2	257159	n/a
125.57421875	0.3	1.0	2	257176	n/a
125.58251953125	0.3	0.0	1	257193	n/a
125.5908203125	0.3	1.0	2	257210	n/a
125.59912109375	0.3	0.0	1	257227	n/a
125.607421875	0.3	0.0	1	257244	n/a
125.61572265625	0.3	1.0	2	257261	n/a
125.6240234375	0.3	1.0	2	257278	n/a
125.6328125	0.3	0.0	1	257296	n/a
125.64111328125	0.3	1.0	2	257313	n/a
125.6494140625	0.3	0.0	1	257330	n/a
125.65771484375	0.3	1.0	2	257347	n/a
125.666015625	0.3	0.0	1	257364	n/a
125.67431640625	0.3	1.0	2	257381	n/a
125.6826171875	0.3	0.0	1	257398	n/a
125.69091796875	0.3	1.0	2	257415	n/a
125.69921875	0.3	0.0	1	257432	n/a
125.70751953125	0.3	0.0	1	257449	n/a
125.7158203125	0.3	1.0	2	257466	n/a
125.72412109375	0.3	0.0	1	257483	n/a
125.732421875	0.3	1.0	2	257500	n/a
125.74072265625	0.3	0.0	1	257517	n/a
125.7490234375	0.3	1.0	2	257534	n/a
125.7578125	0.3	1.0	2	257552	n/a
125.76611328125	0.3	0.0	1	257569	n/a
125.7744140625	0.3	0.0	1	257586	n/a
125.78271484375	0.3	1.0	2	257603	n/a
125.791015625	0.3	0.0	1	257620	n/a
125.79931640625	0.3	1.0	2	257637	n/a
125.8076171875	0.3	1.0	2	257654	n/a
125.81591796875	0.3	0.0	1	257671	n/a
125.82421875	0.3	0.0	1	257688	n/a
125.83251953125	0.3	1.0	2	257705	n/a
125.8408203125	0.3	1.0	2	257722	n/a
125.84912109375	0.3	0.0	1	257739	n/a
125.857421875	0.3	0.0	1	257756	n/a
125.86572265625	0.3	1.0	2	257773	n/a
125.8740234375	0.3	0.0	1	257790	n/a
125.8828125	0.3	1.0	2	257808	n/a
125.89111328125	0.3	1.0	2	257825	n/a
125.8994140625	0.3	0.0	1	257842	n/a
125.90771484375	0.3	0.0	1	257859	n/a
125.916015625	0.3	1.0	2	257876	n/a
125.92431640625	0.3	0.0	1	257893	n/a
125.9326171875	0.3	1.0	2	257910	n/a
125.94091796875	0.3	0.0	1	257927	n/a
125.94921875	0.3	1.0	2	257944	n/a
125.95751953125	0.3	0.0	1	257961	n/a
125.9658203125	0.3	1.0	2	257978	n/a
125.97412109375	0.3	0.0	1	257995	n/a
125.982421875	0.3	1.0	2	258012	n/a
125.99072265625	0.3	0.0	1	258029	n/a
125.9990234375	0.3	1.0	2	258046	n/a
126.0078125	0.3	0.0	1	258064	n/a
126.01611328125	0.3	1.0	2	258081	n/a
126.0244140625	0.3	1.0	2	258098	n/a
126.03271484375	0.3	0.0	1	258115	n/a
126.041015625	0.3	1.0	2	258132	n/a
126.04931640625	0.3	0.0	1	258149	n/a
126.0576171875	0.3	1.0	2	258166	n/a
126.06591796875	0.3	0.0	1	258183	n/a
126.07421875	0.3	1.0	2	258200	n/a
126.08251953125	0.3	0.0	1	258217	n/a
126.0908203125	0.3	0.0	1	258234	n/a
126.09912109375	0.3	1.0	2	258251	n/a
126.107421875	0.3	1.0	2	258268	n/a
126.11572265625	0.3	0.0	1	258285	n/a
126.1240234375	0.3	0.0	1	258302	n/a
126.1328125	0.3	1.0	2	258320	n/a
126.14111328125	0.3	1.0	2	258337	n/a
126.1494140625	0.3	0.0	1	258354	n/a
126.15771484375	0.3	1.0	2	258371	n/a
126.166015625	0.3	0.0	1	258388	n/a
126.17431640625	0.3	0.0	1	258405	n/a
126.1826171875	0.3	1.0	2	258422	n/a
126.19091796875	0.3	0.0	1	258439	n/a
126.19921875	0.3	1.0	2	258456	n/a
126.20751953125	0.3	0.0	1	258473	n/a
126.2158203125	0.3	1.0	2	258490	n/a
126.22412109375	0.3	1.0	2	258507	n/a
126.232421875	0.3	0.0	1	258524	n/a
126.24072265625	0.3	1.0	2	258541	n/a
126.2490234375	0.3	0.0	1	258558	n/a
126.2578125	0.3	1.0	2	258576	n/a
126.26611328125	0.3	0.0	1	258593	n/a
126.2744140625	0.3	0.0	1	258610	n/a
126.28271484375	0.3	1.0	2	258627	n/a
126.291015625	0.3	0.0	1	258644	n/a
126.29931640625	0.3	1.0	2	258661	n/a
126.3076171875	0.3	1.0	2	258678	n/a
126.31591796875	0.3	0.0	1	258695	n/a
126.32421875	0.3	0.0	1	258712	n/a
126.33251953125	0.3	1.0	2	258729	n/a
126.3408203125	0.3	0.0	1	258746	n/a
126.34912109375	0.3	1.0	2	258763	n/a
126.357421875	0.3	0.0	1	258780	n/a
126.36572265625	0.3	1.0	2	258797	n/a
126.3740234375	0.3	1.0	2	258814	n/a
126.3828125	0.3	0.0	1	258832	n/a
126.39111328125	0.3	1.0	2	258849	n/a
126.3994140625	0.3	0.0	1	258866	n/a
126.40771484375	0.3	0.0	1	258883	n/a
126.416015625	0.3	1.0	2	258900	n/a
126.42431640625	0.3	0.0	1	258917	n/a
126.4326171875	0.3	1.0	2	258934	n/a
126.44091796875	0.3	1.0	2	258951	n/a
126.44921875	0.3	0.0	1	258968	n/a
126.45751953125	0.3	1.0	2	258985	n/a
126.4658203125	0.3	0.0	1	259002	n/a
126.47412109375	0.3	1.0	2	259019	n/a
126.482421875	0.3	0.0	1	259036	n/a
126.49072265625	0.3	0.0	1	259053	n/a
126.4990234375	0.3	1.0	2	259070	n/a
126.5078125	0.3	1.0	2	259088	n/a
126.51611328125	0.3	0.0	1	259105	n/a
126.5244140625	0.3	1.0	2	259122	n/a
126.53271484375	0.3	0.0	1	259139	n/a
126.541015625	0.3	0.0	1	259156	n/a
126.54931640625	0.3	1.0	2	259173	n/a
126.5576171875	0.3	1.0	2	259190	n/a
126.56591796875	0.3	0.0	1	259207	n/a
126.57421875	0.3	0.0	1	259224	n/a
126.58251953125	0.3	1.0	2	259241	n/a
126.5908203125	0.3	1.0	2	259258	n/a
126.59912109375	0.3	0.0	1	259275	n/a
126.607421875	0.3	0.0	1	259292	n/a
126.61572265625	0.3	1.0	2	259309	n/a
126.6240234375	0.3	1.0	2	259326	n/a
126.6328125	0.3	0.0	1	259344	n/a
126.64111328125	0.3	1.0	2	259361	n/a
126.6494140625	0.3	0.0	1	259378	n/a
126.65771484375	0.3	0.0	1	259395	n/a
126.666015625	0.3	1.0	2	259412	n/a
126.67431640625	0.3	1.0	2	259429	n/a
126.6826171875	0.3	0.0	1	259446	n/a
126.69091796875	0.3	1.0	2	259463	n/a
126.69921875	0.3	0.0	1	259480	n/a
126.70751953125	0.3	1.0	2	259497	n/a
126.7158203125	0.3	0.0	1	259514	n/a
126.72412109375	0.3	1.0	2	259531	n/a
126.732421875	0.3	0.0	1	259548	n/a
126.74072265625	0.3	1.0	2	259565	n/a
126.7490234375	0.3	0.0	1	259582	n/a
126.7578125	0.3	0.0	1	259600	n/a
126.76611328125	0.3	1.0	2	259617	n/a
126.7744140625	0.3	0.0	1	259634	n/a
126.78271484375	0.3	1.0	2	259651	n/a
126.791015625	0.3	0.0	1	259668	n/a
126.79931640625	0.3	1.0	2	259685	n/a
126.8076171875	0.3	1.0	2	259702	n/a
126.81591796875	0.3	0.0	1	259719	n/a
126.82421875	0.3	0.0	1	259736	n/a
126.83251953125	0.3	1.0	2	259753	n/a
126.8408203125	0.3	0.0	1	259770	n/a
126.84912109375	0.3	1.0	2	259787	n/a
126.857421875	0.3	1.0	2	259804	n/a
126.86572265625	0.3	0.0	1	259821	n/a
126.8740234375	0.3	0.0	1	259838	n/a
126.8828125	0.3	1.0	2	259856	n/a
126.89111328125	0.3	1.0	2	259873	n/a
126.8994140625	0.3	0.0	1	259890	n/a
126.90771484375	0.3	0.0	1	259907	n/a
126.916015625	0.3	1.0	2	259924	n/a
126.92431640625	0.3	0.0	1	259941	n/a
126.9326171875	0.3	1.0	2	259958	n/a
126.94091796875	0.3	1.0	2	259975	n/a
126.94921875	0.3	0.0	1	259992	n/a
126.95751953125	0.3	0.0	1	260009	n/a
126.9658203125	0.3	1.0	2	260026	n/a
126.97412109375	0.3	0.0	1	260043	n/a
126.982421875	0.3	1.0	2	260060	n/a
126.99072265625	0.3	0.0	1	260077	n/a
126.9990234375	0.3	1.0	2	260094	n/a
127.0078125	0.3	0.0	1	260112	n/a
127.01611328125	0.3	1.0	2	260129	n/a
127.0244140625	0.3	0.0	1	260146	n/a
127.03271484375	0.3	1.0	2	260163	n/a
127.041015625	0.3	0.0	1	260180	n/a
127.04931640625	0.3	1.0	2	260197	n/a
127.0576171875	0.3	0.0	1	260214	n/a
127.06591796875	0.3	1.0	2	260231	n/a
127.07421875	0.3	1.0	2	260248	n/a
127.08251953125	0.3	0.0	1	260265	n/a
127.0908203125	0.3	1.0	2	260282	n/a
127.09912109375	0.3	0.0	1	260299	n/a
127.107421875	0.3	1.0	2	260316	n/a
127.11572265625	0.3	0.0	1	260333	n/a
127.1240234375	0.3	1.0	2	260350	n/a
127.1328125	0.3	0.0	1	260368	n/a
127.14111328125	0.3	0.0	1	260385	n/a
127.1494140625	0.3	1.0	2	260402	n/a
127.15771484375	0.3	1.0	2	260419	n/a
127.166015625	0.3	0.0	1	260436	n/a
127.17431640625	0.3	0.0	1	260453	n/a
127.1826171875	0.3	1.0	2	260470	n/a
127.19091796875	0.3	1.0	2	260487	n/a
127.19921875	0.3	0.0	1	260504	n/a
127.20751953125	0.3	1.0	2	260521	n/a
127.2158203125	0.3	0.0	1	260538	n/a
127.22412109375	0.3	0.0	1	260555	n/a
127.232421875	0.3	1.0	2	260572	n/a
127.24072265625	0.3	0.0	1	260589	n/a
127.2490234375	0.3	1.0	2	260606	n/a
127.2578125	0.3	0.0	1	260624	n/a
127.26611328125	0.3	1.0	2	260641	n/a
127.2744140625	0.3	1.0	2	260658	n/a
127.28271484375	0.3	0.0	1	260675	n/a
127.291015625	0.3	1.0	2	260692	n/a
127.29931640625	0.3	0.0	1	260709	n/a
127.3076171875	0.3	1.0	2	260726	n/a
127.31591796875	0.3	0.0	1	260743	n/a
127.32421875	0.3	0.0	1	260760	n/a
127.33251953125	0.3	1.0	2	260777	n/a
127.3408203125	0.3	0.0	1	260794	n/a
127.34912109375	0.3	1.0	2	260811	n/a
127.357421875	0.3	1.0	2	260828	n/a
127.36572265625	0.3	0.0	1	260845	n/a
127.3740234375	0.3	0.0	1	260862	n/a
127.3828125	0.3	1.0	2	260880	n/a
127.39111328125	0.3	0.0	1	260897	n/a
127.3994140625	0.3	1.0	2	260914	n/a
127.40771484375	0.3	0.0	1	260931	n/a
127.416015625	0.3	1.0	2	260948	n/a
127.42431640625	0.3	1.0	2	260965	n/a
127.4326171875	0.3	0.0	1	260982	n/a
127.44091796875	0.3	1.0	2	260999	n/a
127.44921875	0.3	0.0	1	261016	n/a
127.45751953125	0.3	0.0	1	261033	n/a
127.4658203125	0.3	1.0	2	261050	n/a
127.47412109375	0.3	0.0	1	261067	n/a
127.482421875	0.3	1.0	2	261084	n/a
127.49072265625	0.3	1.0	2	261101	n/a
127.4990234375	0.3	0.0	1	261118	n/a
127.5078125	0.3	1.0	2	261136	n/a
127.51611328125	0.3	0.0	1	261153	n/a
127.5244140625	0.3	1.0	2	261170	n/a
127.53271484375	0.3	0.0	1	261187	n/a
127.541015625	0.3	0.0	1	261204	n/a
127.54931640625	0.3	1.0	2	261221	n/a
127.5576171875	0.3	1.0	2	261238	n/a
127.56591796875	0.3	0.0	1	261255	n/a
127.57421875	0.3	1.0	2	261272	n/a
127.58251953125	0.3	0.0	1	261289	n/a
127.5908203125	0.3	0.0	1	261306	n/a
127.59912109375	0.3	1.0	2	261323	n/a
127.607421875	0.3	1.0	2	261340	n/a
127.61572265625	0.3	0.0	1	261357	n/a
127.6240234375	0.3	0.0	1	261374	n/a
127.6328125	0.3	1.0	2	261392	n/a
127.64111328125	0.3	1.0	2	261409	n/a
127.6494140625	0.3	0.0	1	261426	n/a
127.65771484375	0.3	0.0	1	261443	n/a
127.666015625	0.3	1.0	2	261460	n/a
127.67431640625	0.3	1.0	2	261477	n/a
127.6826171875	0.3	0.0	1	261494	n/a
127.69091796875	0.3	1.0	2	261511	n/a
127.69921875	0.3	0.0	1	261528	n/a
127.70751953125	0.3	0.0	1	261545	n/a
127.7158203125	0.3	1.0	2	261562	n/a
127.72412109375	0.3	1.0	2	261579	n/a
127.732421875	0.3	0.0	1	261596	n/a
127.74072265625	0.3	1.0	2	261613	n/a
127.7490234375	0.3	0.0	1	261630	n/a
127.7578125	0.3	1.0	2	261648	n/a
127.76611328125	0.3	0.0	1	261665	n/a
127.7744140625	0.3	1.0	2	261682	n/a
127.78271484375	0.3	0.0	1	261699	n/a
127.791015625	0.3	1.0	2	261716	n/a
127.79931640625	0.3	0.0	1	261733	n/a
127.8076171875	0.3	0.0	1	261750	n/a
127.81591796875	0.3	1.0	2	261767	n/a
127.82421875	0.3	0.0	1	261784	n/a
127.83251953125	0.3	1.0	2	261801	n/a
127.8408203125	0.3	0.0	1	261818	n/a
127.84912109375	0.3	1.0	2	261835	n/a
127.857421875	0.3	1.0	2	261852	n/a
127.86572265625	0.3	0.0	1	261869	n/a
127.8740234375	0.3	0.0	1	261886	n/a
127.8828125	0.3	1.0	2	261904	n/a
127.89111328125	0.3	0.0	1	261921	n/a
127.8994140625	0.3	1.0	2	261938	n/a
127.90771484375	0.3	1.0	2	261955	n/a
127.916015625	0.3	0.0	1	261972	n/a
127.92431640625	0.3	0.0	1	261989	n/a
127.9326171875	0.3	1.0	2	262006	n/a
127.94091796875	0.3	1.0	2	262023	n/a
127.94921875	0.3	0.0	1	262040	n/a
127.95751953125	0.3	0.0	1	262057	n/a
127.9658203125	0.3	1.0	2	262074	n/a
127.97412109375	0.3	0.0	1	262091	n/a
127.982421875	0.3	1.0	2	262108	n/a
127.99072265625	0.3	1.0	2	262125	n/a
127.9990234375	0.3	0.0	1	262142	n/a
128.0078125	0.3	0.0	1	262160	n/a
128.01611328125	0.3	1.0	2	262177	n/a
128.0244140625	0.3	0.0	1	262194	n/a
128.03271484375	0.3	1.0	2	262211	n/a
128.041015625	0.3	0.0	1	262228	n/a
128.04931640625	0.3	1.0	2	262245	n/a
128.0576171875	0.3	0.0	1	262262	n/a
128.06591796875	0.3	1.0	2	262279	n/a
128.07421875	0.3	0.0	1	262296	n/a
128.08251953125	0.3	1.0	2	262313	n/a
128.0908203125	0.3	0.0	1	262330	n/a
128.09912109375	0.3	1.0	2	262347	n/a
128.107421875	0.3	0.0	1	262364	n/a
128.11572265625	0.3	1.0	2	262381	n/a
128.1240234375	0.3	1.0	2	262398	n/a
128.1328125	0.3	0.0	1	262416	n/a
128.14111328125	0.3	1.0	2	262433	n/a
128.1494140625	0.3	0.0	1	262450	n/a
128.15771484375	0.3	1.0	2	262467	n/a
128.166015625	0.3	0.0	1	262484	n/a
128.17431640625	0.3	1.0	2	262501	n/a
128.1826171875	0.3	0.0	1	262518	n/a
128.19091796875	0.3	0.0	1	262535	n/a
128.19921875	0.3	1.0	2	262552	n/a
128.20751953125	0.3	1.0	2	262569	n/a
128.2158203125	0.3	0.0	1	262586	n/a
128.22412109375	0.3	0.0	1	262603	n/a
128.232421875	0.3	1.0	2	262620	n/a
128.24072265625	0.3	1.0	2	262637	n/a
128.2490234375	0.3	0.0	1	262654	n/a
128.2578125	0.3	1.0	2	262672	n/a
128.26611328125	0.3	0.0	1	262689	n/a
128.2744140625	0.3	0.0	1	262706	n/a
128.28271484375	0.3	1.0	2	262723	n/a
128.291015625	0.3	0.0	1	262740	n/a
128.29931640625	0.3	1.0	2	262757	n/a
128.3076171875	0.3	0.0	1	262774	n/a
128.31591796875	0.3	1.0	2	262791	n/a
128.32421875	0.3	1.0	2	262808	n/a
128.33251953125	0.3	0.0	1	262825	n/a
128.3408203125	0.3	1.0	2	262842	n/a
128.34912109375	0.3	0.0	1	262859	n/a
128.357421875	0.3	1.0	2	262876	n/a
128.36572265625	0.3	0.0	1	262893	n/a
128.3740234375	0.3	0.0	1	262910	n/a
128.3828125	0.3	1.0	2	262928	n/a
128.39111328125	0.3	0.0	1	262945	n/a
128.3994140625	0.3	1.0	2	262962	n/a
128.40771484375	0.3	1.0	2	262979	n/a
128.416015625	0.3	0.0	1	262996	n/a
128.42431640625	0.3	0.0	1	263013	n/a
128.4326171875	0.3	1.0	2	263030	n/a
128.44091796875	0.3	0.0	1	263047	n/a
128.44921875	0.3	1.0	2	263064	n/a
128.45751953125	0.3	0.0	1	263081	n/a
128.4658203125	0.3	1.0	2	263098	n/a
128.47412109375	0.3	1.0	2	263115	n/a
128.482421875	0.3	0.0	1	263132	n/a
128.49072265625	0.3	1.0	2	263149	n/a
128.4990234375	0.3	0.0	1	263166	n/a
128.5078125	0.3	0.0	1	263184	n/a
128.51611328125	0.3	1.0	2	263201	n/a
128.5244140625	0.3	0.0	1	263218	n/a
128.53271484375	0.3	1.0	2	263235	n/a
128.541015625	0.3	1.0	2	263252	n/a
128.54931640625	0.3	0.0	1	263269	n/a
128.5576171875	0.3	1.0	2	263286	n/a
128.56591796875	0.3	0.0	1	263303	n/a
128.57421875	0.3	1.0	2	263320	n/a
128.58251953125	0.3	0.0	1	263337	n/a
128.5908203125	0.3	0.0	1	263354	n/a
128.59912109375	0.3	1.0	2	263371	n/a
128.607421875	0.3	1.0	2	263388	n/a
128.61572265625	0.3	0.0	1	263405	n/a
128.6240234375	0.3	1.0	2	263422	n/a
128.6328125	0.3	0.0	1	263440	n/a
131.01708984375	0.3	1.0	2	268323	14.0
131.025390625	0.3	0.0	1	268340	n/a
131.03369140625	0.3	1.0	2	268357	n/a
131.0419921875	0.3	0.0	1	268374	n/a
131.05029296875	0.3	1.0	2	268391	n/a
131.05859375	0.3	0.0	1	268408	n/a
131.06689453125	0.3	0.0	1	268425	n/a
131.0751953125	0.3	1.0	2	268442	n/a
131.083984375	0.3	0.0	1	268460	n/a
131.09228515625	0.3	1.0	2	268477	n/a
131.1005859375	0.3	0.0	1	268494	n/a
131.10888671875	0.3	1.0	2	268511	n/a
131.1171875	0.3	1.0	2	268528	n/a
131.12548828125	0.3	0.0	1	268545	n/a
131.1337890625	0.3	0.0	1	268562	n/a
131.14208984375	0.3	1.0	2	268579	n/a
131.150390625	0.3	0.0	1	268596	n/a
131.15869140625	0.3	1.0	2	268613	n/a
131.1669921875	0.3	0.0	1	268630	n/a
131.17529296875	0.3	1.0	2	268647	n/a
131.18359375	0.3	1.0	2	268664	n/a
131.19189453125	0.3	0.0	1	268681	n/a
131.2001953125	0.3	0.0	1	268698	n/a
131.208984375	0.3	1.0	2	268716	n/a
131.21728515625	0.3	0.0	1	268733	n/a
131.2255859375	0.3	1.0	2	268750	n/a
131.23388671875	0.3	0.0	1	268767	n/a
131.2421875	0.3	1.0	2	268784	n/a
131.25048828125	0.3	0.0	1	268801	n/a
131.2587890625	0.3	1.0	2	268818	n/a
131.26708984375	0.3	0.0	1	268835	n/a
131.275390625	0.3	1.0	2	268852	n/a
131.28369140625	0.3	0.0	1	268869	n/a
131.2919921875	0.3	1.0	2	268886	n/a
131.30029296875	0.3	0.0	1	268903	n/a
131.30859375	0.3	1.0	2	268920	n/a
131.31689453125	0.3	0.0	1	268937	n/a
131.3251953125	0.3	1.0	2	268954	n/a
131.333984375	0.3	0.0	1	268972	n/a
131.34228515625	0.3	1.0	2	268989	n/a
131.3505859375	0.3	0.0	1	269006	n/a
131.35888671875	0.3	1.0	2	269023	n/a
131.3671875	0.3	1.0	2	269040	n/a
131.37548828125	0.3	0.0	1	269057	n/a
131.3837890625	0.3	0.0	1	269074	n/a
131.39208984375	0.3	1.0	2	269091	n/a
131.400390625	0.3	0.0	1	269108	n/a
131.40869140625	0.3	1.0	2	269125	n/a
131.4169921875	0.3	0.0	1	269142	n/a
131.42529296875	0.3	1.0	2	269159	n/a
131.43359375	0.3	1.0	2	269176	n/a
131.44189453125	0.3	0.0	1	269193	n/a
131.4501953125	0.3	1.0	2	269210	n/a
131.458984375	0.3	0.0	1	269228	n/a
131.46728515625	0.3	0.0	1	269245	n/a
131.4755859375	0.3	1.0	2	269262	n/a
131.48388671875	0.3	0.0	1	269279	n/a
131.4921875	0.3	1.0	2	269296	n/a
131.50048828125	0.3	0.0	1	269313	n/a
131.5087890625	0.3	1.0	2	269330	n/a
131.51708984375	0.3	0.0	1	269347	n/a
131.525390625	0.3	1.0	2	269364	n/a
131.53369140625	0.3	0.0	1	269381	n/a
131.5419921875	0.3	1.0	2	269398	n/a
131.55029296875	0.3	0.0	1	269415	n/a
131.55859375	0.3	1.0	2	269432	n/a
131.56689453125	0.3	1.0	2	269449	n/a
131.5751953125	0.3	0.0	1	269466	n/a
131.583984375	0.3	0.0	1	269484	n/a
131.59228515625	0.3	1.0	2	269501	n/a
131.6005859375	0.3	0.0	1	269518	n/a
131.60888671875	0.3	1.0	2	269535	n/a
131.6171875	0.3	1.0	2	269552	n/a
131.62548828125	0.3	0.0	1	269569	n/a
131.6337890625	0.3	0.0	1	269586	n/a
131.64208984375	0.3	1.0	2	269603	n/a
131.650390625	0.3	1.0	2	269620	n/a
131.65869140625	0.3	0.0	1	269637	n/a
131.6669921875	0.3	0.0	1	269654	n/a
131.67529296875	0.3	1.0	2	269671	n/a
131.68359375	0.3	1.0	2	269688	n/a
131.69189453125	0.3	0.0	1	269705	n/a
131.7001953125	0.3	0.0	1	269722	n/a
131.708984375	0.3	1.0	2	269740	n/a
131.71728515625	0.3	1.0	2	269757	n/a
131.7255859375	0.3	0.0	1	269774	n/a
131.73388671875	0.3	0.0	1	269791	n/a
131.7421875	0.3	1.0	2	269808	n/a
131.75048828125	0.3	0.0	1	269825	n/a
131.7587890625	0.3	1.0	2	269842	n/a
131.76708984375	0.3	1.0	2	269859	n/a
131.775390625	0.3	0.0	1	269876	n/a
131.78369140625	0.3	0.0	1	269893	n/a
131.7919921875	0.3	1.0	2	269910	n/a
131.80029296875	0.3	0.0	1	269927	n/a
131.80859375	0.3	1.0	2	269944	n/a
131.81689453125	0.3	0.0	1	269961	n/a
131.8251953125	0.3	1.0	2	269978	n/a
131.833984375	0.3	1.0	2	269996	n/a
131.84228515625	0.3	0.0	1	270013	n/a
131.8505859375	0.3	1.0	2	270030	n/a
131.85888671875	0.3	0.0	1	270047	n/a
131.8671875	0.3	1.0	2	270064	n/a
131.87548828125	0.3	0.0	1	270081	n/a
131.8837890625	0.3	0.0	1	270098	n/a
131.89208984375	0.3	1.0	2	270115	n/a
131.900390625	0.3	1.0	2	270132	n/a
131.90869140625	0.3	0.0	1	270149	n/a
131.9169921875	0.3	0.0	1	270166	n/a
131.92529296875	0.3	1.0	2	270183	n/a
131.93359375	0.3	1.0	2	270200	n/a
131.94189453125	0.3	0.0	1	270217	n/a
131.9501953125	0.3	1.0	2	270234	n/a
131.958984375	0.3	0.0	1	270252	n/a
131.96728515625	0.3	0.0	1	270269	n/a
131.9755859375	0.3	1.0	2	270286	n/a
131.98388671875	0.3	1.0	2	270303	n/a
131.9921875	0.3	0.0	1	270320	n/a
132.00048828125	0.3	0.0	1	270337	n/a
132.0087890625	0.3	1.0	2	270354	n/a
132.01708984375	0.3	1.0	2	270371	n/a
132.025390625	0.3	0.0	1	270388	n/a
132.03369140625	0.3	0.0	1	270405	n/a
132.0419921875	0.3	1.0	2	270422	n/a
132.05029296875	0.3	1.0	2	270439	n/a
132.05859375	0.3	0.0	1	270456	n/a
132.06689453125	0.3	1.0	2	270473	n/a
132.0751953125	0.3	0.0	1	270490	n/a
132.083984375	0.3	1.0	2	270508	n/a
132.09228515625	0.3	0.0	1	270525	n/a
132.1005859375	0.3	1.0	2	270542	n/a
132.10888671875	0.3	0.0	1	270559	n/a
132.1171875	0.3	0.0	1	270576	n/a
132.12548828125	0.3	1.0	2	270593	n/a
132.1337890625	0.3	0.0	1	270610	n/a
132.14208984375	0.3	1.0	2	270627	n/a
132.150390625	0.3	0.0	1	270644	n/a
132.15869140625	0.3	1.0	2	270661	n/a
132.1669921875	0.3	1.0	2	270678	n/a
132.17529296875	0.3	0.0	1	270695	n/a
132.18359375	0.3	0.0	1	270712	n/a
132.19189453125	0.3	1.0	2	270729	n/a
132.2001953125	0.3	0.0	1	270746	n/a
132.208984375	0.3	1.0	2	270764	n/a
132.21728515625	0.3	0.0	1	270781	n/a
132.2255859375	0.3	1.0	2	270798	n/a
132.23388671875	0.3	1.0	2	270815	n/a
132.2421875	0.3	0.0	1	270832	n/a
132.25048828125	0.3	0.0	1	270849	n/a
132.2587890625	0.3	1.0	2	270866	n/a
132.26708984375	0.3	0.0	1	270883	n/a
132.275390625	0.3	1.0	2	270900	n/a
132.28369140625	0.3	0.0	1	270917	n/a
132.2919921875	0.3	1.0	2	270934	n/a
132.30029296875	0.3	0.0	1	270951	n/a
132.30859375	0.3	1.0	2	270968	n/a
132.31689453125	0.3	0.0	1	270985	n/a
132.3251953125	0.3	1.0	2	271002	n/a
132.333984375	0.3	0.0	1	271020	n/a
132.34228515625	0.3	1.0	2	271037	n/a
132.3505859375	0.3	0.0	1	271054	n/a
132.35888671875	0.3	1.0	2	271071	n/a
132.3671875	0.3	0.0	1	271088	n/a
132.37548828125	0.3	1.0	2	271105	n/a
132.3837890625	0.3	0.0	1	271122	n/a
132.39208984375	0.3	1.0	2	271139	n/a
132.400390625	0.3	0.0	1	271156	n/a
132.40869140625	0.3	1.0	2	271173	n/a
132.4169921875	0.3	1.0	2	271190	n/a
132.42529296875	0.3	0.0	1	271207	n/a
132.43359375	0.3	0.0	1	271224	n/a
132.44189453125	0.3	1.0	2	271241	n/a
132.4501953125	0.3	0.0	1	271258	n/a
132.458984375	0.3	1.0	2	271276	n/a
132.46728515625	0.3	0.0	1	271293	n/a
132.4755859375	0.3	1.0	2	271310	n/a
132.48388671875	0.3	1.0	2	271327	n/a
132.4921875	0.3	0.0	1	271344	n/a
132.50048828125	0.3	1.0	2	271361	n/a
132.5087890625	0.3	0.0	1	271378	n/a
132.51708984375	0.3	0.0	1	271395	n/a
132.525390625	0.3	1.0	2	271412	n/a
132.53369140625	0.3	0.0	1	271429	n/a
132.5419921875	0.3	1.0	2	271446	n/a
132.55029296875	0.3	0.0	1	271463	n/a
132.55859375	0.3	1.0	2	271480	n/a
132.56689453125	0.3	0.0	1	271497	n/a
132.5751953125	0.3	1.0	2	271514	n/a
132.583984375	0.3	0.0	1	271532	n/a
132.59228515625	0.3	1.0	2	271549	n/a
132.6005859375	0.3	0.0	1	271566	n/a
132.60888671875	0.3	1.0	2	271583	n/a
132.6171875	0.3	1.0	2	271600	n/a
132.62548828125	0.3	0.0	1	271617	n/a
132.6337890625	0.3	0.0	1	271634	n/a
132.64208984375	0.3	1.0	2	271651	n/a
132.650390625	0.3	0.0	1	271668	n/a
132.65869140625	0.3	1.0	2	271685	n/a
132.6669921875	0.3	1.0	2	271702	n/a
132.67529296875	0.3	0.0	1	271719	n/a
132.68359375	0.3	0.0	1	271736	n/a
132.69189453125	0.3	1.0	2	271753	n/a
132.7001953125	0.3	1.0	2	271770	n/a
132.708984375	0.3	0.0	1	271788	n/a
132.71728515625	0.3	0.0	1	271805	n/a
132.7255859375	0.3	1.0	2	271822	n/a
132.73388671875	0.3	1.0	2	271839	n/a
132.7421875	0.3	0.0	1	271856	n/a
132.75048828125	0.3	0.0	1	271873	n/a
132.7587890625	0.3	1.0	2	271890	n/a
132.76708984375	0.3	1.0	2	271907	n/a
132.775390625	0.3	0.0	1	271924	n/a
132.78369140625	0.3	0.0	1	271941	n/a
132.7919921875	0.3	1.0	2	271958	n/a
132.80029296875	0.3	0.0	1	271975	n/a
132.80859375	0.3	1.0	2	271992	n/a
132.81689453125	0.3	1.0	2	272009	n/a
132.8251953125	0.3	0.0	1	272026	n/a
132.833984375	0.3	0.0	1	272044	n/a
132.84228515625	0.3	1.0	2	272061	n/a
132.8505859375	0.3	0.0	1	272078	n/a
132.85888671875	0.3	1.0	2	272095	n/a
132.8671875	0.3	0.0	1	272112	n/a
132.87548828125	0.3	1.0	2	272129	n/a
132.8837890625	0.3	1.0	2	272146	n/a
132.89208984375	0.3	0.0	1	272163	n/a
132.900390625	0.3	1.0	2	272180	n/a
132.90869140625	0.3	0.0	1	272197	n/a
132.9169921875	0.3	1.0	2	272214	n/a
132.92529296875	0.3	0.0	1	272231	n/a
132.93359375	0.3	0.0	1	272248	n/a
132.94189453125	0.3	1.0	2	272265	n/a
132.9501953125	0.3	1.0	2	272282	n/a
132.958984375	0.3	0.0	1	272300	n/a
132.96728515625	0.3	0.0	1	272317	n/a
132.9755859375	0.3	1.0	2	272334	n/a
132.98388671875	0.3	1.0	2	272351	n/a
132.9921875	0.3	0.0	1	272368	n/a
133.00048828125	0.3	1.0	2	272385	n/a
133.0087890625	0.3	0.0	1	272402	n/a
133.01708984375	0.3	0.0	1	272419	n/a
133.025390625	0.3	1.0	2	272436	n/a
133.03369140625	0.3	1.0	2	272453	n/a
133.0419921875	0.3	0.0	1	272470	n/a
133.05029296875	0.3	0.0	1	272487	n/a
133.05859375	0.3	1.0	2	272504	n/a
133.06689453125	0.3	1.0	2	272521	n/a
133.0751953125	0.3	0.0	1	272538	n/a
133.083984375	0.3	0.0	1	272556	n/a
133.09228515625	0.3	1.0	2	272573	n/a
133.1005859375	0.3	1.0	2	272590	n/a
133.10888671875	0.3	0.0	1	272607	n/a
133.1171875	0.3	1.0	2	272624	n/a
133.12548828125	0.3	0.0	1	272641	n/a
133.1337890625	0.3	1.0	2	272658	n/a
133.14208984375	0.3	0.0	1	272675	n/a
133.150390625	0.3	1.0	2	272692	n/a
133.15869140625	0.3	0.0	1	272709	n/a
133.1669921875	0.3	0.0	1	272726	n/a
133.17529296875	0.3	1.0	2	272743	n/a
133.18359375	0.3	0.0	1	272760	n/a
133.19189453125	0.3	1.0	2	272777	n/a
133.2001953125	0.3	0.0	1	272794	n/a
133.208984375	0.3	1.0	2	272812	n/a
133.21728515625	0.3	1.0	2	272829	n/a
133.2255859375	0.3	0.0	1	272846	n/a
133.23388671875	0.3	0.0	1	272863	n/a
133.2421875	0.3	1.0	2	272880	n/a
133.25048828125	0.3	0.0	1	272897	n/a
133.2587890625	0.3	1.0	2	272914	n/a
133.26708984375	0.3	0.0	1	272931	n/a
133.275390625	0.3	1.0	2	272948	n/a
133.28369140625	0.3	1.0	2	272965	n/a
133.2919921875	0.3	0.0	1	272982	n/a
133.30029296875	0.3	0.0	1	272999	n/a
133.30859375	0.3	1.0	2	273016	n/a
133.31689453125	0.3	0.0	1	273033	n/a
133.3251953125	0.3	1.0	2	273050	n/a
133.333984375	0.3	0.0	1	273068	n/a
133.34228515625	0.3	1.0	2	273085	n/a
133.3505859375	0.3	0.0	1	273102	n/a
133.35888671875	0.3	1.0	2	273119	n/a
133.3671875	0.3	0.0	1	273136	n/a
133.37548828125	0.3	1.0	2	273153	n/a
133.3837890625	0.3	0.0	1	273170	n/a
133.39208984375	0.3	1.0	2	273187	n/a
133.400390625	0.3	0.0	1	273204	n/a
133.40869140625	0.3	1.0	2	273221	n/a
133.4169921875	0.3	0.0	1	273238	n/a
133.42529296875	0.3	1.0	2	273255	n/a
133.43359375	0.3	0.0	1	273272	n/a
133.44189453125	0.3	1.0	2	273289	n/a
133.4501953125	0.3	0.0	1	273306	n/a
133.458984375	0.3	1.0	2	273324	n/a
133.46728515625	0.3	1.0	2	273341	n/a
133.4755859375	0.3	0.0	1	273358	n/a
133.48388671875	0.3	0.0	1	273375	n/a
133.4921875	0.3	1.0	2	273392	n/a
133.50048828125	0.3	0.0	1	273409	n/a
133.5087890625	0.3	1.0	2	273426	n/a
133.51708984375	0.3	0.0	1	273443	n/a
133.525390625	0.3	1.0	2	273460	n/a
133.53369140625	0.3	1.0	2	273477	n/a
133.5419921875	0.3	0.0	1	273494	n/a
133.55029296875	0.3	1.0	2	273511	n/a
133.55859375	0.3	0.0	1	273528	n/a
133.56689453125	0.3	0.0	1	273545	n/a
133.5751953125	0.3	1.0	2	273562	n/a
133.583984375	0.3	0.0	1	273580	n/a
133.59228515625	0.3	1.0	2	273597	n/a
133.6005859375	0.3	0.0	1	273614	n/a
133.60888671875	0.3	1.0	2	273631	n/a
133.6171875	0.3	0.0	1	273648	n/a
133.62548828125	0.3	1.0	2	273665	n/a
133.6337890625	0.3	0.0	1	273682	n/a
133.64208984375	0.3	1.0	2	273699	n/a
133.650390625	0.3	0.0	1	273716	n/a
133.65869140625	0.3	1.0	2	273733	n/a
133.6669921875	0.3	1.0	2	273750	n/a
133.67529296875	0.3	0.0	1	273767	n/a
133.68359375	0.3	0.0	1	273784	n/a
133.69189453125	0.3	1.0	2	273801	n/a
133.7001953125	0.3	0.0	1	273818	n/a
133.708984375	0.3	1.0	2	273836	n/a
133.71728515625	0.3	1.0	2	273853	n/a
133.7255859375	0.3	0.0	1	273870	n/a
133.73388671875	0.3	0.0	1	273887	n/a
133.7421875	0.3	1.0	2	273904	n/a
133.75048828125	0.3	1.0	2	273921	n/a
133.7587890625	0.3	0.0	1	273938	n/a
133.76708984375	0.3	0.0	1	273955	n/a
133.775390625	0.3	1.0	2	273972	n/a
133.78369140625	0.3	1.0	2	273989	n/a
133.7919921875	0.3	0.0	1	274006	n/a
133.80029296875	0.3	0.0	1	274023	n/a
133.80859375	0.3	1.0	2	274040	n/a
133.81689453125	0.3	1.0	2	274057	n/a
133.8251953125	0.3	0.0	1	274074	n/a
133.833984375	0.3	0.0	1	274092	n/a
133.84228515625	0.3	1.0	2	274109	n/a
133.8505859375	0.3	0.0	1	274126	n/a
133.85888671875	0.3	1.0	2	274143	n/a
133.8671875	0.3	1.0	2	274160	n/a
133.87548828125	0.3	0.0	1	274177	n/a
133.8837890625	0.3	0.0	1	274194	n/a
133.89208984375	0.3	1.0	2	274211	n/a
133.900390625	0.3	0.0	1	274228	n/a
133.90869140625	0.3	1.0	2	274245	n/a
133.9169921875	0.3	0.0	1	274262	n/a
133.92529296875	0.3	1.0	2	274279	n/a
133.93359375	0.3	1.0	2	274296	n/a
133.94189453125	0.3	0.0	1	274313	n/a
133.9501953125	0.3	1.0	2	274330	n/a
133.958984375	0.3	0.0	1	274348	n/a
133.96728515625	0.3	1.0	2	274365	n/a
133.9755859375	0.3	0.0	1	274382	n/a
133.98388671875	0.3	0.0	1	274399	n/a
133.9921875	0.3	1.0	2	274416	n/a
134.00048828125	0.3	1.0	2	274433	n/a
134.0087890625	0.3	0.0	1	274450	n/a
134.01708984375	0.3	0.0	1	274467	n/a
134.025390625	0.3	1.0	2	274484	n/a
134.03369140625	0.3	1.0	2	274501	n/a
134.0419921875	0.3	0.0	1	274518	n/a
134.05029296875	0.3	1.0	2	274535	n/a
134.05859375	0.3	0.0	1	274552	n/a
134.06689453125	0.3	0.0	1	274569	n/a
134.0751953125	0.3	1.0	2	274586	n/a
134.083984375	0.3	1.0	2	274604	n/a
134.09228515625	0.3	0.0	1	274621	n/a
134.1005859375	0.3	0.0	1	274638	n/a
134.10888671875	0.3	1.0	2	274655	n/a
134.1171875	0.3	1.0	2	274672	n/a
134.12548828125	0.3	0.0	1	274689	n/a
134.1337890625	0.3	0.0	1	274706	n/a
134.14208984375	0.3	1.0	2	274723	n/a
134.150390625	0.3	1.0	2	274740	n/a
134.15869140625	0.3	0.0	1	274757	n/a
134.1669921875	0.3	1.0	2	274774	n/a
134.17529296875	0.3	0.0	1	274791	n/a
134.18359375	0.3	1.0	2	274808	n/a
134.19189453125	0.3	0.0	1	274825	n/a
134.2001953125	0.3	1.0	2	274842	n/a
134.208984375	0.3	0.0	1	274860	n/a
134.21728515625	0.3	0.0	1	274877	n/a
134.2255859375	0.3	1.0	2	274894	n/a
134.23388671875	0.3	0.0	1	274911	n/a
134.2421875	0.3	1.0	2	274928	n/a
134.25048828125	0.3	0.0	1	274945	n/a
134.2587890625	0.3	1.0	2	274962	n/a
134.26708984375	0.3	1.0	2	274979	n/a
134.275390625	0.3	0.0	1	274996	n/a
134.28369140625	0.3	0.0	1	275013	n/a
134.2919921875	0.3	1.0	2	275030	n/a
134.30029296875	0.3	0.0	1	275047	n/a
134.30859375	0.3	1.0	2	275064	n/a
134.31689453125	0.3	0.0	1	275081	n/a
134.3251953125	0.3	1.0	2	275098	n/a
134.333984375	0.3	1.0	2	275116	n/a
134.34228515625	0.3	0.0	1	275133	n/a
134.3505859375	0.3	0.0	1	275150	n/a
134.35888671875	0.3	1.0	2	275167	n/a
134.3671875	0.3	0.0	1	275184	n/a
134.37548828125	0.3	1.0	2	275201	n/a
134.3837890625	0.3	0.0	1	275218	n/a
134.39208984375	0.3	1.0	2	275235	n/a
134.400390625	0.3	0.0	1	275252	n/a
134.40869140625	0.3	1.0	2	275269	n/a
134.4169921875	0.3	0.0	1	275286	n/a
134.42529296875	0.3	1.0	2	275303	n/a
134.43359375	0.3	0.0	1	275320	n/a
134.44189453125	0.3	1.0	2	275337	n/a
134.4501953125	0.3	0.0	1	275354	n/a
134.458984375	0.3	1.0	2	275372	n/a
134.46728515625	0.3	0.0	1	275389	n/a
134.4755859375	0.3	1.0	2	275406	n/a
134.48388671875	0.3	0.0	1	275423	n/a
134.4921875	0.3	1.0	2	275440	n/a
134.50048828125	0.3	0.0	1	275457	n/a
134.5087890625	0.3	1.0	2	275474	n/a
134.51708984375	0.3	1.0	2	275491	n/a
134.525390625	0.3	0.0	1	275508	n/a
134.53369140625	0.3	0.0	1	275525	n/a
134.5419921875	0.3	1.0	2	275542	n/a
134.55029296875	0.3	0.0	1	275559	n/a
134.55859375	0.3	1.0	2	275576	n/a
134.56689453125	0.3	0.0	1	275593	n/a
134.5751953125	0.3	1.0	2	275610	n/a
134.583984375	0.3	1.0	2	275628	n/a
134.59228515625	0.3	0.0	1	275645	n/a
134.6005859375	0.3	1.0	2	275662	n/a
134.60888671875	0.3	0.0	1	275679	n/a
134.6171875	0.3	0.0	1	275696	n/a
134.62548828125	0.3	1.0	2	275713	n/a
134.6337890625	0.3	0.0	1	275730	n/a
134.64208984375	0.3	1.0	2	275747	n/a
134.650390625	0.3	0.0	1	275764	n/a
134.65869140625	0.3	1.0	2	275781	n/a
134.6669921875	0.3	0.0	1	275798	n/a
134.67529296875	0.3	1.0	2	275815	n/a
134.68359375	0.3	0.0	1	275832	n/a
134.69189453125	0.3	1.0	2	275849	n/a
134.7001953125	0.3	0.0	1	275866	n/a
134.708984375	0.3	1.0	2	275884	n/a
134.71728515625	0.3	1.0	2	275901	n/a
134.7255859375	0.3	0.0	1	275918	n/a
134.73388671875	0.3	0.0	1	275935	n/a
134.7421875	0.3	1.0	2	275952	n/a
134.75048828125	0.3	0.0	1	275969	n/a
134.7587890625	0.3	1.0	2	275986	n/a
134.76708984375	0.3	1.0	2	276003	n/a
134.775390625	0.3	0.0	1	276020	n/a
134.78369140625	0.3	0.0	1	276037	n/a
134.7919921875	0.3	1.0	2	276054	n/a
134.80029296875	0.3	1.0	2	276071	n/a
134.80859375	0.3	0.0	1	276088	n/a
134.81689453125	0.3	0.0	1	276105	n/a
134.8251953125	0.3	1.0	2	276122	n/a
134.833984375	0.3	1.0	2	276140	n/a
134.84228515625	0.3	0.0	1	276157	n/a
134.8505859375	0.3	0.0	1	276174	n/a
134.85888671875	0.3	1.0	2	276191	n/a
134.8671875	0.3	1.0	2	276208	n/a
134.87548828125	0.3	0.0	1	276225	n/a
134.8837890625	0.3	0.0	1	276242	n/a
134.89208984375	0.3	1.0	2	276259	n/a
134.900390625	0.3	0.0	1	276276	n/a
134.90869140625	0.3	1.0	2	276293	n/a
134.9169921875	0.3	1.0	2	276310	n/a
134.92529296875	0.3	0.0	1	276327	n/a
134.93359375	0.3	0.0	1	276344	n/a
134.94189453125	0.3	1.0	2	276361	n/a
134.9501953125	0.3	0.0	1	276378	n/a
134.958984375	0.3	1.0	2	276396	n/a
134.96728515625	0.3	0.0	1	276413	n/a
134.9755859375	0.3	1.0	2	276430	n/a
134.98388671875	0.3	1.0	2	276447	n/a
134.9921875	0.3	0.0	1	276464	n/a
135.00048828125	0.3	1.0	2	276481	n/a
135.0087890625	0.3	0.0	1	276498	n/a
135.01708984375	0.3	1.0	2	276515	n/a
135.025390625	0.3	0.0	1	276532	n/a
135.03369140625	0.3	0.0	1	276549	n/a
135.0419921875	0.3	1.0	2	276566	n/a
135.05029296875	0.3	1.0	2	276583	n/a
135.05859375	0.3	0.0	1	276600	n/a
135.06689453125	0.3	0.0	1	276617	n/a
135.0751953125	0.3	1.0	2	276634	n/a
135.083984375	0.3	1.0	2	276652	n/a
135.09228515625	0.3	0.0	1	276669	n/a
135.1005859375	0.3	1.0	2	276686	n/a
135.10888671875	0.3	0.0	1	276703	n/a
135.1171875	0.3	0.0	1	276720	n/a
135.12548828125	0.3	1.0	2	276737	n/a
135.1337890625	0.3	1.0	2	276754	n/a
135.14208984375	0.3	0.0	1	276771	n/a
135.150390625	0.3	0.0	1	276788	n/a
135.15869140625	0.3	1.0	2	276805	n/a
135.1669921875	0.3	1.0	2	276822	n/a
135.17529296875	0.3	0.0	1	276839	n/a
135.18359375	0.3	0.0	1	276856	n/a
135.19189453125	0.3	1.0	2	276873	n/a
135.2001953125	0.3	1.0	2	276890	n/a
135.208984375	0.3	0.0	1	276908	n/a
137.63427734375	0.3	1.0	2	281875	24.0
137.642578125	0.3	0.0	1	281892	n/a
137.65087890625	0.3	0.0	1	281909	n/a
137.6591796875	0.3	1.0	2	281926	n/a
137.66748046875	0.3	0.0	1	281943	n/a
137.67578125	0.3	1.0	2	281960	n/a
137.68408203125	0.3	1.0	2	281977	n/a
137.6923828125	0.3	0.0	1	281994	n/a
137.701171875	0.3	0.0	1	282012	n/a
137.70947265625	0.3	1.0	2	282029	n/a
137.7177734375	0.3	0.0	1	282046	n/a
137.72607421875	0.3	1.0	2	282063	n/a
137.734375	0.3	1.0	2	282080	n/a
137.74267578125	0.3	0.0	1	282097	n/a
137.7509765625	0.3	0.0	1	282114	n/a
137.75927734375	0.3	1.0	2	282131	n/a
137.767578125	0.3	0.0	1	282148	n/a
137.77587890625	0.3	1.0	2	282165	n/a
137.7841796875	0.3	1.0	2	282182	n/a
137.79248046875	0.3	0.0	1	282199	n/a
137.80078125	0.3	1.0	2	282216	n/a
137.80908203125	0.3	0.0	1	282233	n/a
137.8173828125	0.3	1.0	2	282250	n/a
137.826171875	0.3	0.0	1	282268	n/a
137.83447265625	0.3	1.0	2	282285	n/a
137.8427734375	0.3	0.0	1	282302	n/a
137.85107421875	0.3	1.0	2	282319	n/a
137.859375	0.3	0.0	1	282336	n/a
137.86767578125	0.3	1.0	2	282353	n/a
137.8759765625	0.3	0.0	1	282370	n/a
137.88427734375	0.3	1.0	2	282387	n/a
137.892578125	0.3	0.0	1	282404	n/a
137.90087890625	0.3	1.0	2	282421	n/a
137.9091796875	0.3	0.0	1	282438	n/a
137.91748046875	0.3	0.0	1	282455	n/a
137.92578125	0.3	1.0	2	282472	n/a
137.93408203125	0.3	0.0	1	282489	n/a
137.9423828125	0.3	1.0	2	282506	n/a
137.951171875	0.3	1.0	2	282524	n/a
137.95947265625	0.3	0.0	1	282541	n/a
137.9677734375	0.3	0.0	1	282558	n/a
137.97607421875	0.3	1.0	2	282575	n/a
137.984375	0.3	0.0	1	282592	n/a
137.99267578125	0.3	1.0	2	282609	n/a
138.0009765625	0.3	0.0	1	282626	n/a
138.00927734375	0.3	1.0	2	282643	n/a
138.017578125	0.3	1.0	2	282660	n/a
138.02587890625	0.3	0.0	1	282677	n/a
138.0341796875	0.3	0.0	1	282694	n/a
138.04248046875	0.3	1.0	2	282711	n/a
138.05078125	0.3	1.0	2	282728	n/a
138.05908203125	0.3	0.0	1	282745	n/a
138.0673828125	0.3	1.0	2	282762	n/a
138.076171875	0.3	0.0	1	282780	n/a
138.08447265625	0.3	1.0	2	282797	n/a
138.0927734375	0.3	0.0	1	282814	n/a
138.10107421875	0.3	1.0	2	282831	n/a
138.109375	0.3	0.0	1	282848	n/a
138.11767578125	0.3	0.0	1	282865	n/a
138.1259765625	0.3	1.0	2	282882	n/a
138.13427734375	0.3	0.0	1	282899	n/a
138.142578125	0.3	1.0	2	282916	n/a
138.15087890625	0.3	1.0	2	282933	n/a
138.1591796875	0.3	0.0	1	282950	n/a
138.16748046875	0.3	1.0	2	282967	n/a
138.17578125	0.3	0.0	1	282984	n/a
138.18408203125	0.3	0.0	1	283001	n/a
138.1923828125	0.3	1.0	2	283018	n/a
138.201171875	0.3	1.0	2	283036	n/a
138.20947265625	0.3	0.0	1	283053	n/a
138.2177734375	0.3	0.0	1	283070	n/a
138.22607421875	0.3	1.0	2	283087	n/a
138.234375	0.3	0.0	1	283104	n/a
138.24267578125	0.3	1.0	2	283121	n/a
138.2509765625	0.3	1.0	2	283138	n/a
138.25927734375	0.3	0.0	1	283155	n/a
138.267578125	0.3	0.0	1	283172	n/a
138.27587890625	0.3	1.0	2	283189	n/a
138.2841796875	0.3	0.0	1	283206	n/a
138.29248046875	0.3	1.0	2	283223	n/a
138.30078125	0.3	0.0	1	283240	n/a
138.30908203125	0.3	1.0	2	283257	n/a
138.3173828125	0.3	0.0	1	283274	n/a
138.326171875	0.3	1.0	2	283292	n/a
138.33447265625	0.3	0.0	1	283309	n/a
138.3427734375	0.3	1.0	2	283326	n/a
138.35107421875	0.3	1.0	2	283343	n/a
138.359375	0.3	0.0	1	283360	n/a
138.36767578125	0.3	0.0	1	283377	n/a
138.3759765625	0.3	1.0	2	283394	n/a
138.38427734375	0.3	0.0	1	283411	n/a
138.392578125	0.3	1.0	2	283428	n/a
138.40087890625	0.3	0.0	1	283445	n/a
138.4091796875	0.3	1.0	2	283462	n/a
138.41748046875	0.3	0.0	1	283479	n/a
138.42578125	0.3	1.0	2	283496	n/a
138.43408203125	0.3	1.0	2	283513	n/a
138.4423828125	0.3	0.0	1	283530	n/a
138.451171875	0.3	0.0	1	283548	n/a
138.45947265625	0.3	1.0	2	283565	n/a
138.4677734375	0.3	1.0	2	283582	n/a
138.47607421875	0.3	0.0	1	283599	n/a
138.484375	0.3	0.0	1	283616	n/a
138.49267578125	0.3	1.0	2	283633	n/a
138.5009765625	0.3	1.0	2	283650	n/a
138.50927734375	0.3	0.0	1	283667	n/a
138.517578125	0.3	1.0	2	283684	n/a
138.52587890625	0.3	0.0	1	283701	n/a
138.5341796875	0.3	0.0	1	283718	n/a
138.54248046875	0.3	1.0	2	283735	n/a
138.55078125	0.3	1.0	2	283752	n/a
138.55908203125	0.3	0.0	1	283769	n/a
138.5673828125	0.3	0.0	1	283786	n/a
138.576171875	0.3	1.0	2	283804	n/a
138.58447265625	0.3	0.0	1	283821	n/a
138.5927734375	0.3	1.0	2	283838	n/a
138.60107421875	0.3	1.0	2	283855	n/a
138.609375	0.3	0.0	1	283872	n/a
138.61767578125	0.3	1.0	2	283889	n/a
138.6259765625	0.3	0.0	1	283906	n/a
138.63427734375	0.3	1.0	2	283923	n/a
138.642578125	0.3	0.0	1	283940	n/a
138.65087890625	0.3	0.0	1	283957	n/a
138.6591796875	0.3	1.0	2	283974	n/a
138.66748046875	0.3	1.0	2	283991	n/a
138.67578125	0.3	0.0	1	284008	n/a
138.68408203125	0.3	1.0	2	284025	n/a
138.6923828125	0.3	0.0	1	284042	n/a
138.701171875	0.3	0.0	1	284060	n/a
138.70947265625	0.3	1.0	2	284077	n/a
138.7177734375	0.3	0.0	1	284094	n/a
138.72607421875	0.3	1.0	2	284111	n/a
138.734375	0.3	1.0	2	284128	n/a
138.74267578125	0.3	0.0	1	284145	n/a
138.7509765625	0.3	0.0	1	284162	n/a
138.75927734375	0.3	1.0	2	284179	n/a
138.767578125	0.3	0.0	1	284196	n/a
138.77587890625	0.3	1.0	2	284213	n/a
138.7841796875	0.3	1.0	2	284230	n/a
138.79248046875	0.3	0.0	1	284247	n/a
138.80078125	0.3	0.0	1	284264	n/a
138.80908203125	0.3	1.0	2	284281	n/a
138.8173828125	0.3	0.0	1	284298	n/a
138.826171875	0.3	1.0	2	284316	n/a
138.83447265625	0.3	1.0	2	284333	n/a
138.8427734375	0.3	0.0	1	284350	n/a
138.85107421875	0.3	1.0	2	284367	n/a
138.859375	0.3	0.0	1	284384	n/a
138.86767578125	0.3	1.0	2	284401	n/a
138.8759765625	0.3	0.0	1	284418	n/a
138.88427734375	0.3	1.0	2	284435	n/a
138.892578125	0.3	0.0	1	284452	n/a
138.90087890625	0.3	1.0	2	284469	n/a
138.9091796875	0.3	0.0	1	284486	n/a
138.91748046875	0.3	1.0	2	284503	n/a
138.92578125	0.3	0.0	1	284520	n/a
138.93408203125	0.3	1.0	2	284537	n/a
138.9423828125	0.3	0.0	1	284554	n/a
138.951171875	0.3	1.0	2	284572	n/a
138.95947265625	0.3	0.0	1	284589	n/a
138.9677734375	0.3	0.0	1	284606	n/a
138.97607421875	0.3	1.0	2	284623	n/a
138.984375	0.3	0.0	1	284640	n/a
138.99267578125	0.3	1.0	2	284657	n/a
139.0009765625	0.3	1.0	2	284674	n/a
139.00927734375	0.3	0.0	1	284691	n/a
139.017578125	0.3	0.0	1	284708	n/a
139.02587890625	0.3	1.0	2	284725	n/a
139.0341796875	0.3	0.0	1	284742	n/a
139.04248046875	0.3	1.0	2	284759	n/a
139.05078125	0.3	0.0	1	284776	n/a
139.05908203125	0.3	1.0	2	284793	n/a
139.0673828125	0.3	1.0	2	284810	n/a
139.076171875	0.3	0.0	1	284828	n/a
139.08447265625	0.3	0.0	1	284845	n/a
139.0927734375	0.3	1.0	2	284862	n/a
139.10107421875	0.3	1.0	2	284879	n/a
139.109375	0.3	0.0	1	284896	n/a
139.11767578125	0.3	1.0	2	284913	n/a
139.1259765625	0.3	0.0	1	284930	n/a
139.13427734375	0.3	1.0	2	284947	n/a
139.142578125	0.3	0.0	1	284964	n/a
139.15087890625	0.3	1.0	2	284981	n/a
139.1591796875	0.3	0.0	1	284998	n/a
139.16748046875	0.3	0.0	1	285015	n/a
139.17578125	0.3	1.0	2	285032	n/a
139.18408203125	0.3	0.0	1	285049	n/a
139.1923828125	0.3	1.0	2	285066	n/a
139.201171875	0.3	1.0	2	285084	n/a
139.20947265625	0.3	0.0	1	285101	n/a
139.2177734375	0.3	1.0	2	285118	n/a
139.22607421875	0.3	0.0	1	285135	n/a
139.234375	0.3	0.0	1	285152	n/a
139.24267578125	0.3	1.0	2	285169	n/a
139.2509765625	0.3	1.0	2	285186	n/a
139.25927734375	0.3	0.0	1	285203	n/a
139.267578125	0.3	0.0	1	285220	n/a
139.27587890625	0.3	1.0	2	285237	n/a
139.2841796875	0.3	0.0	1	285254	n/a
139.29248046875	0.3	1.0	2	285271	n/a
139.30078125	0.3	1.0	2	285288	n/a
139.30908203125	0.3	0.0	1	285305	n/a
139.3173828125	0.3	0.0	1	285322	n/a
139.326171875	0.3	1.0	2	285340	n/a
139.33447265625	0.3	0.0	1	285357	n/a
139.3427734375	0.3	1.0	2	285374	n/a
139.35107421875	0.3	0.0	1	285391	n/a
139.359375	0.3	1.0	2	285408	n/a
139.36767578125	0.3	0.0	1	285425	n/a
139.3759765625	0.3	1.0	2	285442	n/a
139.38427734375	0.3	0.0	1	285459	n/a
139.392578125	0.3	1.0	2	285476	n/a
139.40087890625	0.3	1.0	2	285493	n/a
139.4091796875	0.3	0.0	1	285510	n/a
139.41748046875	0.3	0.0	1	285527	n/a
139.42578125	0.3	1.0	2	285544	n/a
139.43408203125	0.3	0.0	1	285561	n/a
139.4423828125	0.3	1.0	2	285578	n/a
139.451171875	0.3	0.0	1	285596	n/a
139.45947265625	0.3	1.0	2	285613	n/a
139.4677734375	0.3	0.0	1	285630	n/a
139.47607421875	0.3	1.0	2	285647	n/a
139.484375	0.3	1.0	2	285664	n/a
139.49267578125	0.3	0.0	1	285681	n/a
139.5009765625	0.3	0.0	1	285698	n/a
139.50927734375	0.3	1.0	2	285715	n/a
139.517578125	0.3	1.0	2	285732	n/a
139.52587890625	0.3	0.0	1	285749	n/a
139.5341796875	0.3	0.0	1	285766	n/a
139.54248046875	0.3	1.0	2	285783	n/a
139.55078125	0.3	1.0	2	285800	n/a
139.55908203125	0.3	0.0	1	285817	n/a
139.5673828125	0.3	1.0	2	285834	n/a
139.576171875	0.3	0.0	1	285852	n/a
139.58447265625	0.3	0.0	1	285869	n/a
139.5927734375	0.3	1.0	2	285886	n/a
139.60107421875	0.3	1.0	2	285903	n/a
139.609375	0.3	0.0	1	285920	n/a
139.61767578125	0.3	0.0	1	285937	n/a
139.6259765625	0.3	1.0	2	285954	n/a
139.63427734375	0.3	0.0	1	285971	n/a
139.642578125	0.3	1.0	2	285988	n/a
139.65087890625	0.3	1.0	2	286005	n/a
139.6591796875	0.3	0.0	1	286022	n/a
139.66748046875	0.3	1.0	2	286039	n/a
139.67578125	0.3	0.0	1	286056	n/a
139.68408203125	0.3	1.0	2	286073	n/a
139.6923828125	0.3	0.0	1	286090	n/a
139.701171875	0.3	0.0	1	286108	n/a
139.70947265625	0.3	1.0	2	286125	n/a
139.7177734375	0.3	1.0	2	286142	n/a
139.72607421875	0.3	0.0	1	286159	n/a
139.734375	0.3	1.0	2	286176	n/a
139.74267578125	0.3	0.0	1	286193	n/a
139.7509765625	0.3	0.0	1	286210	n/a
139.75927734375	0.3	1.0	2	286227	n/a
139.767578125	0.3	0.0	1	286244	n/a
139.77587890625	0.3	1.0	2	286261	n/a
139.7841796875	0.3	1.0	2	286278	n/a
139.79248046875	0.3	0.0	1	286295	n/a
139.80078125	0.3	0.0	1	286312	n/a
139.80908203125	0.3	1.0	2	286329	n/a
139.8173828125	0.3	0.0	1	286346	n/a
139.826171875	0.3	1.0	2	286364	n/a
139.83447265625	0.3	1.0	2	286381	n/a
139.8427734375	0.3	0.0	1	286398	n/a
139.85107421875	0.3	0.0	1	286415	n/a
139.859375	0.3	1.0	2	286432	n/a
139.86767578125	0.3	0.0	1	286449	n/a
139.8759765625	0.3	1.0	2	286466	n/a
139.88427734375	0.3	1.0	2	286483	n/a
139.892578125	0.3	0.0	1	286500	n/a
139.90087890625	0.3	1.0	2	286517	n/a
139.9091796875	0.3	0.0	1	286534	n/a
139.91748046875	0.3	1.0	2	286551	n/a
139.92578125	0.3	0.0	1	286568	n/a
139.93408203125	0.3	1.0	2	286585	n/a
139.9423828125	0.3	0.0	1	286602	n/a
139.951171875	0.3	1.0	2	286620	n/a
139.95947265625	0.3	0.0	1	286637	n/a
139.9677734375	0.3	1.0	2	286654	n/a
139.97607421875	0.3	0.0	1	286671	n/a
139.984375	0.3	1.0	2	286688	n/a
139.99267578125	0.3	0.0	1	286705	n/a
140.0009765625	0.3	1.0	2	286722	n/a
140.00927734375	0.3	0.0	1	286739	n/a
140.017578125	0.3	0.0	1	286756	n/a
140.02587890625	0.3	1.0	2	286773	n/a
140.0341796875	0.3	0.0	1	286790	n/a
140.04248046875	0.3	1.0	2	286807	n/a
140.05078125	0.3	1.0	2	286824	n/a
140.05908203125	0.3	0.0	1	286841	n/a
140.0673828125	0.3	0.0	1	286858	n/a
140.076171875	0.3	1.0	2	286876	n/a
140.08447265625	0.3	0.0	1	286893	n/a
140.0927734375	0.3	1.0	2	286910	n/a
140.10107421875	0.3	0.0	1	286927	n/a
140.109375	0.3	1.0	2	286944	n/a
140.11767578125	0.3	1.0	2	286961	n/a
140.1259765625	0.3	0.0	1	286978	n/a
140.13427734375	0.3	0.0	1	286995	n/a
140.142578125	0.3	1.0	2	287012	n/a
140.15087890625	0.3	1.0	2	287029	n/a
140.1591796875	0.3	0.0	1	287046	n/a
140.16748046875	0.3	1.0	2	287063	n/a
140.17578125	0.3	0.0	1	287080	n/a
140.18408203125	0.3	1.0	2	287097	n/a
140.1923828125	0.3	0.0	1	287114	n/a
140.201171875	0.3	1.0	2	287132	n/a
140.20947265625	0.3	0.0	1	287149	n/a
140.2177734375	0.3	0.0	1	287166	n/a
140.22607421875	0.3	1.0	2	287183	n/a
140.234375	0.3	0.0	1	287200	n/a
140.24267578125	0.3	1.0	2	287217	n/a
140.2509765625	0.3	1.0	2	287234	n/a
140.25927734375	0.3	0.0	1	287251	n/a
140.267578125	0.3	1.0	2	287268	n/a
140.27587890625	0.3	0.0	1	287285	n/a
140.2841796875	0.3	0.0	1	287302	n/a
140.29248046875	0.3	1.0	2	287319	n/a
140.30078125	0.3	1.0	2	287336	n/a
140.30908203125	0.3	0.0	1	287353	n/a
140.3173828125	0.3	0.0	1	287370	n/a
140.326171875	0.3	1.0	2	287388	n/a
140.33447265625	0.3	0.0	1	287405	n/a
140.3427734375	0.3	1.0	2	287422	n/a
140.35107421875	0.3	1.0	2	287439	n/a
140.359375	0.3	0.0	1	287456	n/a
140.36767578125	0.3	0.0	1	287473	n/a
140.3759765625	0.3	1.0	2	287490	n/a
140.38427734375	0.3	0.0	1	287507	n/a
140.392578125	0.3	1.0	2	287524	n/a
140.40087890625	0.3	0.0	1	287541	n/a
140.4091796875	0.3	1.0	2	287558	n/a
140.41748046875	0.3	0.0	1	287575	n/a
140.42578125	0.3	1.0	2	287592	n/a
140.43408203125	0.3	0.0	1	287609	n/a
140.4423828125	0.3	1.0	2	287626	n/a
140.451171875	0.3	1.0	2	287644	n/a
140.45947265625	0.3	0.0	1	287661	n/a
140.4677734375	0.3	0.0	1	287678	n/a
140.47607421875	0.3	1.0	2	287695	n/a
140.484375	0.3	0.0	1	287712	n/a
140.49267578125	0.3	1.0	2	287729	n/a
140.5009765625	0.3	0.0	1	287746	n/a
140.50927734375	0.3	1.0	2	287763	n/a
140.517578125	0.3	0.0	1	287780	n/a
140.52587890625	0.3	1.0	2	287797	n/a
140.5341796875	0.3	1.0	2	287814	n/a
140.54248046875	0.3	0.0	1	287831	n/a
140.55078125	0.3	0.0	1	287848	n/a
140.55908203125	0.3	1.0	2	287865	n/a
140.5673828125	0.3	1.0	2	287882	n/a
140.576171875	0.3	0.0	1	287900	n/a
140.58447265625	0.3	0.0	1	287917	n/a
140.5927734375	0.3	1.0	2	287934	n/a
140.60107421875	0.3	1.0	2	287951	n/a
140.609375	0.3	0.0	1	287968	n/a
140.61767578125	0.3	1.0	2	287985	n/a
140.6259765625	0.3	0.0	1	288002	n/a
140.63427734375	0.3	0.0	1	288019	n/a
140.642578125	0.3	1.0	2	288036	n/a
140.65087890625	0.3	1.0	2	288053	n/a
140.6591796875	0.3	0.0	1	288070	n/a
140.66748046875	0.3	0.0	1	288087	n/a
140.67578125	0.3	1.0	2	288104	n/a
140.68408203125	0.3	0.0	1	288121	n/a
140.6923828125	0.3	1.0	2	288138	n/a
140.701171875	0.3	1.0	2	288156	n/a
140.70947265625	0.3	0.0	1	288173	n/a
140.7177734375	0.3	1.0	2	288190	n/a
140.72607421875	0.3	0.0	1	288207	n/a
140.734375	0.3	1.0	2	288224	n/a
140.74267578125	0.3	0.0	1	288241	n/a
140.7509765625	0.3	0.0	1	288258	n/a
140.75927734375	0.3	1.0	2	288275	n/a
140.767578125	0.3	1.0	2	288292	n/a
140.77587890625	0.3	0.0	1	288309	n/a
140.7841796875	0.3	1.0	2	288326	n/a
140.79248046875	0.3	0.0	1	288343	n/a
140.80078125	0.3	0.0	1	288360	n/a
140.80908203125	0.3	1.0	2	288377	n/a
140.8173828125	0.3	0.0	1	288394	n/a
140.826171875	0.3	1.0	2	288412	n/a
140.83447265625	0.3	1.0	2	288429	n/a
140.8427734375	0.3	0.0	1	288446	n/a
140.85107421875	0.3	0.0	1	288463	n/a
140.859375	0.3	1.0	2	288480	n/a
140.86767578125	0.3	0.0	1	288497	n/a
140.8759765625	0.3	1.0	2	288514	n/a
140.88427734375	0.3	1.0	2	288531	n/a
140.892578125	0.3	0.0	1	288548	n/a
140.90087890625	0.3	0.0	1	288565	n/a
140.9091796875	0.3	1.0	2	288582	n/a
140.91748046875	0.3	0.0	1	288599	n/a
140.92578125	0.3	1.0	2	288616	n/a
140.93408203125	0.3	1.0	2	288633	n/a
140.9423828125	0.3	0.0	1	288650	n/a
140.951171875	0.3	1.0	2	288668	n/a
140.95947265625	0.3	0.0	1	288685	n/a
140.9677734375	0.3	1.0	2	288702	n/a
140.97607421875	0.3	0.0	1	288719	n/a
140.984375	0.3	1.0	2	288736	n/a
140.99267578125	0.3	0.0	1	288753	n/a
141.0009765625	0.3	1.0	2	288770	n/a
141.00927734375	0.3	0.0	1	288787	n/a
141.017578125	0.3	1.0	2	288804	n/a
141.02587890625	0.3	0.0	1	288821	n/a
141.0341796875	0.3	1.0	2	288838	n/a
141.04248046875	0.3	0.0	1	288855	n/a
141.05078125	0.3	1.0	2	288872	n/a
141.05908203125	0.3	0.0	1	288889	n/a
141.0673828125	0.3	0.0	1	288906	n/a
141.076171875	0.3	1.0	2	288924	n/a
141.08447265625	0.3	0.0	1	288941	n/a
141.0927734375	0.3	1.0	2	288958	n/a
141.10107421875	0.3	1.0	2	288975	n/a
141.109375	0.3	0.0	1	288992	n/a
141.11767578125	0.3	0.0	1	289009	n/a
141.1259765625	0.3	1.0	2	289026	n/a
141.13427734375	0.3	0.0	1	289043	n/a
141.142578125	0.3	1.0	2	289060	n/a
141.15087890625	0.3	0.0	1	289077	n/a
141.1591796875	0.3	1.0	2	289094	n/a
141.16748046875	0.3	1.0	2	289111	n/a
141.17578125	0.3	0.0	1	289128	n/a
141.18408203125	0.3	0.0	1	289145	n/a
141.1923828125	0.3	1.0	2	289162	n/a
141.201171875	0.3	1.0	2	289180	n/a
141.20947265625	0.3	0.0	1	289197	n/a
141.2177734375	0.3	1.0	2	289214	n/a
141.22607421875	0.3	0.0	1	289231	n/a
141.234375	0.3	1.0	2	289248	n/a
141.24267578125	0.3	0.0	1	289265	n/a
141.2509765625	0.3	1.0	2	289282	n/a
141.25927734375	0.3	0.0	1	289299	n/a
141.267578125	0.3	0.0	1	289316	n/a
141.27587890625	0.3	1.0	2	289333	n/a
141.2841796875	0.3	0.0	1	289350	n/a
141.29248046875	0.3	1.0	2	289367	n/a
141.30078125	0.3	1.0	2	289384	n/a
141.30908203125	0.3	0.0	1	289401	n/a
141.3173828125	0.3	1.0	2	289418	n/a
141.326171875	0.3	0.0	1	289436	n/a
141.33447265625	0.3	0.0	1	289453	n/a
141.3427734375	0.3	1.0	2	289470	n/a
141.35107421875	0.3	1.0	2	289487	n/a
141.359375	0.3	0.0	1	289504	n/a
141.36767578125	0.3	0.0	1	289521	n/a
141.3759765625	0.3	1.0	2	289538	n/a
141.38427734375	0.3	0.0	1	289555	n/a
141.392578125	0.3	1.0	2	289572	n/a
141.40087890625	0.3	1.0	2	289589	n/a
141.4091796875	0.3	0.0	1	289606	n/a
141.41748046875	0.3	0.0	1	289623	n/a
141.42578125	0.3	1.0	2	289640	n/a
141.43408203125	0.3	0.0	1	289657	n/a
141.4423828125	0.3	1.0	2	289674	n/a
141.451171875	0.3	0.0	1	289692	n/a
141.45947265625	0.3	1.0	2	289709	n/a
141.4677734375	0.3	0.0	1	289726	n/a
141.47607421875	0.3	1.0	2	289743	n/a
141.484375	0.3	0.0	1	289760	n/a
141.49267578125	0.3	1.0	2	289777	n/a
141.5009765625	0.3	1.0	2	289794	n/a
141.50927734375	0.3	0.0	1	289811	n/a
141.517578125	0.3	0.0	1	289828	n/a
141.52587890625	0.3	1.0	2	289845	n/a
141.5341796875	0.3	0.0	1	289862	n/a
141.54248046875	0.3	1.0	2	289879	n/a
141.55078125	0.3	0.0	1	289896	n/a
141.55908203125	0.3	1.0	2	289913	n/a
141.5673828125	0.3	0.0	1	289930	n/a
141.576171875	0.3	1.0	2	289948	n/a
141.58447265625	0.3	1.0	2	289965	n/a
141.5927734375	0.3	0.0	1	289982	n/a
141.60107421875	0.3	0.0	1	289999	n/a
141.609375	0.3	1.0	2	290016	n/a
141.61767578125	0.3	1.0	2	290033	n/a
141.6259765625	0.3	0.0	1	290050	n/a
141.63427734375	0.3	0.0	1	290067	n/a
141.642578125	0.3	1.0	2	290084	n/a
141.65087890625	0.3	1.0	2	290101	n/a
141.6591796875	0.3	0.0	1	290118	n/a
141.66748046875	0.3	1.0	2	290135	n/a
141.67578125	0.3	0.0	1	290152	n/a
141.68408203125	0.3	0.0	1	290169	n/a
141.6923828125	0.3	1.0	2	290186	n/a
141.701171875	0.3	1.0	2	290204	n/a
141.70947265625	0.3	0.0	1	290221	n/a
141.7177734375	0.3	0.0	1	290238	n/a
141.72607421875	0.3	1.0	2	290255	n/a
141.734375	0.3	0.0	1	290272	n/a
141.74267578125	0.3	1.0	2	290289	n/a
141.7509765625	0.3	1.0	2	290306	n/a
141.75927734375	0.3	0.0	1	290323	n/a
141.767578125	0.3	1.0	2	290340	n/a
141.77587890625	0.3	0.0	1	290357	n/a
141.7841796875	0.3	1.0	2	290374	n/a
141.79248046875	0.3	0.0	1	290391	n/a
141.80078125	0.3	0.0	1	290408	n/a
141.80908203125	0.3	1.0	2	290425	n/a
141.8173828125	0.3	1.0	2	290442	n/a
141.826171875	0.3	0.0	1	290460	n/a
144.20947265625	0.3	1.0	2	295341	10.0
144.2177734375	0.3	0.0	1	295358	n/a
144.22607421875	0.3	1.0	2	295375	n/a
144.234375	0.3	0.0	1	295392	n/a
144.24267578125	0.3	1.0	2	295409	n/a
144.2509765625	0.3	0.0	1	295426	n/a
144.25927734375	0.3	1.0	2	295443	n/a
144.267578125	0.3	0.0	1	295460	n/a
144.2763671875	0.3	0.0	1	295478	n/a
144.28466796875	0.3	1.0	2	295495	n/a
144.29296875	0.3	1.0	2	295512	n/a
144.30126953125	0.3	0.0	1	295529	n/a
144.3095703125	0.3	0.0	1	295546	n/a
144.31787109375	0.3	1.0	2	295563	n/a
144.326171875	0.3	1.0	2	295580	n/a
144.33447265625	0.3	0.0	1	295597	n/a
144.3427734375	0.3	1.0	2	295614	n/a
144.35107421875	0.3	0.0	1	295631	n/a
144.359375	0.3	1.0	2	295648	n/a
144.36767578125	0.3	0.0	1	295665	n/a
144.3759765625	0.3	0.0	1	295682	n/a
144.38427734375	0.3	1.0	2	295699	n/a
144.392578125	0.3	0.0	1	295716	n/a
144.4013671875	0.3	1.0	2	295734	n/a
144.40966796875	0.3	0.0	1	295751	n/a
144.41796875	0.3	1.0	2	295768	n/a
144.42626953125	0.3	1.0	2	295785	n/a
144.4345703125	0.3	0.0	1	295802	n/a
144.44287109375	0.3	0.0	1	295819	n/a
144.451171875	0.3	1.0	2	295836	n/a
144.45947265625	0.3	1.0	2	295853	n/a
144.4677734375	0.3	0.0	1	295870	n/a
144.47607421875	0.3	0.0	1	295887	n/a
144.484375	0.3	1.0	2	295904	n/a
144.49267578125	0.3	1.0	2	295921	n/a
144.5009765625	0.3	0.0	1	295938	n/a
144.50927734375	0.3	0.0	1	295955	n/a
144.517578125	0.3	1.0	2	295972	n/a
144.5263671875	0.3	0.0	1	295990	n/a
144.53466796875	0.3	1.0	2	296007	n/a
144.54296875	0.3	0.0	1	296024	n/a
144.55126953125	0.3	1.0	2	296041	n/a
144.5595703125	0.3	0.0	1	296058	n/a
144.56787109375	0.3	1.0	2	296075	n/a
144.576171875	0.3	1.0	2	296092	n/a
144.58447265625	0.3	0.0	1	296109	n/a
144.5927734375	0.3	0.0	1	296126	n/a
144.60107421875	0.3	1.0	2	296143	n/a
144.609375	0.3	0.0	1	296160	n/a
144.61767578125	0.3	1.0	2	296177	n/a
144.6259765625	0.3	0.0	1	296194	n/a
144.63427734375	0.3	1.0	2	296211	n/a
144.642578125	0.3	0.0	1	296228	n/a
144.6513671875	0.3	1.0	2	296246	n/a
144.65966796875	0.3	1.0	2	296263	n/a
144.66796875	0.3	0.0	1	296280	n/a
144.67626953125	0.3	1.0	2	296297	n/a
144.6845703125	0.3	0.0	1	296314	n/a
144.69287109375	0.3	0.0	1	296331	n/a
144.701171875	0.3	1.0	2	296348	n/a
144.70947265625	0.3	1.0	2	296365	n/a
144.7177734375	0.3	0.0	1	296382	n/a
144.72607421875	0.3	1.0	2	296399	n/a
144.734375	0.3	0.0	1	296416	n/a
144.74267578125	0.3	1.0	2	296433	n/a
144.7509765625	0.3	0.0	1	296450	n/a
144.75927734375	0.3	1.0	2	296467	n/a
144.767578125	0.3	0.0	1	296484	n/a
144.7763671875	0.3	1.0	2	296502	n/a
144.78466796875	0.3	0.0	1	296519	n/a
144.79296875	0.3	0.0	1	296536	n/a
144.80126953125	0.3	1.0	2	296553	n/a
144.8095703125	0.3	0.0	1	296570	n/a
144.81787109375	0.3	1.0	2	296587	n/a
144.826171875	0.3	1.0	2	296604	n/a
144.83447265625	0.3	0.0	1	296621	n/a
144.8427734375	0.3	1.0	2	296638	n/a
144.85107421875	0.3	0.0	1	296655	n/a
144.859375	0.3	1.0	2	296672	n/a
144.86767578125	0.3	0.0	1	296689	n/a
144.8759765625	0.3	1.0	2	296706	n/a
144.88427734375	0.3	0.0	1	296723	n/a
144.892578125	0.3	0.0	1	296740	n/a
144.9013671875	0.3	1.0	2	296758	n/a
144.90966796875	0.3	0.0	1	296775	n/a
144.91796875	0.3	1.0	2	296792	n/a
144.92626953125	0.3	1.0	2	296809	n/a
144.9345703125	0.3	0.0	1	296826	n/a
144.94287109375	0.3	0.0	1	296843	n/a
144.951171875	0.3	1.0	2	296860	n/a
144.95947265625	0.3	0.0	1	296877	n/a
144.9677734375	0.3	1.0	2	296894	n/a
144.97607421875	0.3	1.0	2	296911	n/a
144.984375	0.3	0.0	1	296928	n/a
144.99267578125	0.3	0.0	1	296945	n/a
145.0009765625	0.3	1.0	2	296962	n/a
145.00927734375	0.3	0.0	1	296979	n/a
145.017578125	0.3	1.0	2	296996	n/a
145.0263671875	0.3	1.0	2	297014	n/a
145.03466796875	0.3	0.0	1	297031	n/a
145.04296875	0.3	0.0	1	297048	n/a
145.05126953125	0.3	1.0	2	297065	n/a
145.0595703125	0.3	1.0	2	297082	n/a
145.06787109375	0.3	0.0	1	297099	n/a
145.076171875	0.3	0.0	1	297116	n/a
145.08447265625	0.3	1.0	2	297133	n/a
145.0927734375	0.3	0.0	1	297150	n/a
145.10107421875	0.3	1.0	2	297167	n/a
145.109375	0.3	0.0	1	297184	n/a
145.11767578125	0.3	1.0	2	297201	n/a
145.1259765625	0.3	1.0	2	297218	n/a
145.13427734375	0.3	0.0	1	297235	n/a
145.142578125	0.3	1.0	2	297252	n/a
145.1513671875	0.3	0.0	1	297270	n/a
145.15966796875	0.3	0.0	1	297287	n/a
145.16796875	0.3	1.0	2	297304	n/a
145.17626953125	0.3	0.0	1	297321	n/a
145.1845703125	0.3	1.0	2	297338	n/a
145.19287109375	0.3	1.0	2	297355	n/a
145.201171875	0.3	0.0	1	297372	n/a
145.20947265625	0.3	0.0	1	297389	n/a
145.2177734375	0.3	1.0	2	297406	n/a
145.22607421875	0.3	0.0	1	297423	n/a
145.234375	0.3	1.0	2	297440	n/a
145.24267578125	0.3	1.0	2	297457	n/a
145.2509765625	0.3	0.0	1	297474	n/a
145.25927734375	0.3	1.0	2	297491	n/a
145.267578125	0.3	0.0	1	297508	n/a
145.2763671875	0.3	1.0	2	297526	n/a
145.28466796875	0.3	0.0	1	297543	n/a
145.29296875	0.3	1.0	2	297560	n/a
145.30126953125	0.3	0.0	1	297577	n/a
145.3095703125	0.3	1.0	2	297594	n/a
145.31787109375	0.3	0.0	1	297611	n/a
145.326171875	0.3	0.0	1	297628	n/a
145.33447265625	0.3	1.0	2	297645	n/a
145.3427734375	0.3	1.0	2	297662	n/a
145.35107421875	0.3	0.0	1	297679	n/a
145.359375	0.3	0.0	1	297696	n/a
145.36767578125	0.3	1.0	2	297713	n/a
145.3759765625	0.3	1.0	2	297730	n/a
145.38427734375	0.3	0.0	1	297747	n/a
145.392578125	0.3	1.0	2	297764	n/a
145.4013671875	0.3	0.0	1	297782	n/a
145.40966796875	0.3	1.0	2	297799	n/a
145.41796875	0.3	0.0	1	297816	n/a
145.42626953125	0.3	0.0	1	297833	n/a
145.4345703125	0.3	1.0	2	297850	n/a
145.44287109375	0.3	0.0	1	297867	n/a
145.451171875	0.3	1.0	2	297884	n/a
145.45947265625	0.3	0.0	1	297901	n/a
145.4677734375	0.3	1.0	2	297918	n/a
145.47607421875	0.3	1.0	2	297935	n/a
145.484375	0.3	0.0	1	297952	n/a
145.49267578125	0.3	0.0	1	297969	n/a
145.5009765625	0.3	1.0	2	297986	n/a
145.50927734375	0.3	1.0	2	298003	n/a
145.517578125	0.3	0.0	1	298020	n/a
145.5263671875	0.3	0.0	1	298038	n/a
145.53466796875	0.3	1.0	2	298055	n/a
145.54296875	0.3	1.0	2	298072	n/a
145.55126953125	0.3	0.0	1	298089	n/a
145.5595703125	0.3	0.0	1	298106	n/a
145.56787109375	0.3	1.0	2	298123	n/a
145.576171875	0.3	0.0	1	298140	n/a
145.58447265625	0.3	1.0	2	298157	n/a
145.5927734375	0.3	0.0	1	298174	n/a
145.60107421875	0.3	1.0	2	298191	n/a
145.609375	0.3	0.0	1	298208	n/a
145.61767578125	0.3	1.0	2	298225	n/a
145.6259765625	0.3	1.0	2	298242	n/a
145.63427734375	0.3	0.0	1	298259	n/a
145.642578125	0.3	0.0	1	298276	n/a
145.6513671875	0.3	1.0	2	298294	n/a
145.65966796875	0.3	0.0	1	298311	n/a
145.66796875	0.3	1.0	2	298328	n/a
145.67626953125	0.3	0.0	1	298345	n/a
145.6845703125	0.3	1.0	2	298362	n/a
145.69287109375	0.3	0.0	1	298379	n/a
145.701171875	0.3	1.0	2	298396	n/a
145.70947265625	0.3	1.0	2	298413	n/a
145.7177734375	0.3	0.0	1	298430	n/a
145.72607421875	0.3	1.0	2	298447	n/a
145.734375	0.3	0.0	1	298464	n/a
145.74267578125	0.3	0.0	1	298481	n/a
145.7509765625	0.3	1.0	2	298498	n/a
145.75927734375	0.3	1.0	2	298515	n/a
145.767578125	0.3	0.0	1	298532	n/a
145.7763671875	0.3	1.0	2	298550	n/a
145.78466796875	0.3	0.0	1	298567	n/a
145.79296875	0.3	1.0	2	298584	n/a
145.80126953125	0.3	0.0	1	298601	n/a
145.8095703125	0.3	1.0	2	298618	n/a
145.81787109375	0.3	0.0	1	298635	n/a
145.826171875	0.3	1.0	2	298652	n/a
145.83447265625	0.3	0.0	1	298669	n/a
145.8427734375	0.3	0.0	1	298686	n/a
145.85107421875	0.3	1.0	2	298703	n/a
145.859375	0.3	0.0	1	298720	n/a
145.86767578125	0.3	1.0	2	298737	n/a
145.8759765625	0.3	1.0	2	298754	n/a
145.88427734375	0.3	0.0	1	298771	n/a
145.892578125	0.3	1.0	2	298788	n/a
145.9013671875	0.3	0.0	1	298806	n/a
145.90966796875	0.3	1.0	2	298823	n/a
145.91796875	0.3	0.0	1	298840	n/a
145.92626953125	0.3	1.0	2	298857	n/a
145.9345703125	0.3	0.0	1	298874	n/a
145.94287109375	0.3	0.0	1	298891	n/a
145.951171875	0.3	1.0	2	298908	n/a
145.95947265625	0.3	0.0	1	298925	n/a
145.9677734375	0.3	1.0	2	298942	n/a
145.97607421875	0.3	1.0	2	298959	n/a
145.984375	0.3	0.0	1	298976	n/a
145.99267578125	0.3	0.0	1	298993	n/a
146.0009765625	0.3	1.0	2	299010	n/a
146.00927734375	0.3	0.0	1	299027	n/a
146.017578125	0.3	1.0	2	299044	n/a
146.0263671875	0.3	1.0	2	299062	n/a
146.03466796875	0.3	0.0	1	299079	n/a
146.04296875	0.3	0.0	1	299096	n/a
146.05126953125	0.3	1.0	2	299113	n/a
146.0595703125	0.3	0.0	1	299130	n/a
146.06787109375	0.3	1.0	2	299147	n/a
146.076171875	0.3	1.0	2	299164	n/a
146.08447265625	0.3	0.0	1	299181	n/a
146.0927734375	0.3	0.0	1	299198	n/a
146.10107421875	0.3	1.0	2	299215	n/a
146.109375	0.3	1.0	2	299232	n/a
146.11767578125	0.3	0.0	1	299249	n/a
146.1259765625	0.3	0.0	1	299266	n/a
146.13427734375	0.3	1.0	2	299283	n/a
146.142578125	0.3	0.0	1	299300	n/a
146.1513671875	0.3	1.0	2	299318	n/a
146.15966796875	0.3	0.0	1	299335	n/a
146.16796875	0.3	1.0	2	299352	n/a
146.17626953125	0.3	1.0	2	299369	n/a
146.1845703125	0.3	0.0	1	299386	n/a
146.19287109375	0.3	1.0	2	299403	n/a
146.201171875	0.3	0.0	1	299420	n/a
146.20947265625	0.3	0.0	1	299437	n/a
146.2177734375	0.3	1.0	2	299454	n/a
146.22607421875	0.3	0.0	1	299471	n/a
146.234375	0.3	1.0	2	299488	n/a
146.24267578125	0.3	1.0	2	299505	n/a
146.2509765625	0.3	0.0	1	299522	n/a
146.25927734375	0.3	0.0	1	299539	n/a
146.267578125	0.3	1.0	2	299556	n/a
146.2763671875	0.3	0.0	1	299574	n/a
146.28466796875	0.3	1.0	2	299591	n/a
146.29296875	0.3	1.0	2	299608	n/a
146.30126953125	0.3	0.0	1	299625	n/a
146.3095703125	0.3	1.0	2	299642	n/a
146.31787109375	0.3	0.0	1	299659	n/a
146.326171875	0.3	1.0	2	299676	n/a
146.33447265625	0.3	0.0	1	299693	n/a
146.3427734375	0.3	1.0	2	299710	n/a
146.35107421875	0.3	0.0	1	299727	n/a
146.359375	0.3	1.0	2	299744	n/a
146.36767578125	0.3	0.0	1	299761	n/a
146.3759765625	0.3	0.0	1	299778	n/a
146.38427734375	0.3	1.0	2	299795	n/a
146.392578125	0.3	1.0	2	299812	n/a
146.4013671875	0.3	0.0	1	299830	n/a
146.40966796875	0.3	0.0	1	299847	n/a
146.41796875	0.3	1.0	2	299864	n/a
146.42626953125	0.3	1.0	2	299881	n/a
146.4345703125	0.3	0.0	1	299898	n/a
146.44287109375	0.3	1.0	2	299915	n/a
146.451171875	0.3	0.0	1	299932	n/a
146.45947265625	0.3	1.0	2	299949	n/a
146.4677734375	0.3	0.0	1	299966	n/a
146.47607421875	0.3	0.0	1	299983	n/a
146.484375	0.3	1.0	2	300000	n/a
146.49267578125	0.3	0.0	1	300017	n/a
146.5009765625	0.3	1.0	2	300034	n/a
146.50927734375	0.3	0.0	1	300051	n/a
146.517578125	0.3	1.0	2	300068	n/a
146.5263671875	0.3	1.0	2	300086	n/a
146.53466796875	0.3	0.0	1	300103	n/a
146.54296875	0.3	0.0	1	300120	n/a
146.55126953125	0.3	1.0	2	300137	n/a
146.5595703125	0.3	1.0	2	300154	n/a
146.56787109375	0.3	0.0	1	300171	n/a
146.576171875	0.3	0.0	1	300188	n/a
146.58447265625	0.3	1.0	2	300205	n/a
146.5927734375	0.3	1.0	2	300222	n/a
146.60107421875	0.3	0.0	1	300239	n/a
146.609375	0.3	0.0	1	300256	n/a
146.61767578125	0.3	1.0	2	300273	n/a
146.6259765625	0.3	0.0	1	300290	n/a
146.63427734375	0.3	1.0	2	300307	n/a
146.642578125	0.3	0.0	1	300324	n/a
146.6513671875	0.3	1.0	2	300342	n/a
146.65966796875	0.3	0.0	1	300359	n/a
146.66796875	0.3	1.0	2	300376	n/a
146.67626953125	0.3	1.0	2	300393	n/a
146.6845703125	0.3	0.0	1	300410	n/a
146.69287109375	0.3	0.0	1	300427	n/a
146.701171875	0.3	1.0	2	300444	n/a
146.70947265625	0.3	0.0	1	300461	n/a
146.7177734375	0.3	1.0	2	300478	n/a
146.72607421875	0.3	0.0	1	300495	n/a
146.734375	0.3	1.0	2	300512	n/a
146.74267578125	0.3	0.0	1	300529	n/a
146.7509765625	0.3	1.0	2	300546	n/a
146.75927734375	0.3	1.0	2	300563	n/a
146.767578125	0.3	0.0	1	300580	n/a
146.7763671875	0.3	1.0	2	300598	n/a
146.78466796875	0.3	0.0	1	300615	n/a
146.79296875	0.3	0.0	1	300632	n/a
146.80126953125	0.3	1.0	2	300649	n/a
146.8095703125	0.3	1.0	2	300666	n/a
146.81787109375	0.3	0.0	1	300683	n/a
146.826171875	0.3	1.0	2	300700	n/a
146.83447265625	0.3	0.0	1	300717	n/a
146.8427734375	0.3	1.0	2	300734	n/a
146.85107421875	0.3	0.0	1	300751	n/a
146.859375	0.3	1.0	2	300768	n/a
146.86767578125	0.3	0.0	1	300785	n/a
146.8759765625	0.3	1.0	2	300802	n/a
146.88427734375	0.3	0.0	1	300819	n/a
146.892578125	0.3	0.0	1	300836	n/a
146.9013671875	0.3	1.0	2	300854	n/a
146.90966796875	0.3	0.0	1	300871	n/a
146.91796875	0.3	1.0	2	300888	n/a
146.92626953125	0.3	1.0	2	300905	n/a
146.9345703125	0.3	0.0	1	300922	n/a
146.94287109375	0.3	1.0	2	300939	n/a
146.951171875	0.3	0.0	1	300956	n/a
146.95947265625	0.3	1.0	2	300973	n/a
146.9677734375	0.3	0.0	1	300990	n/a
146.97607421875	0.3	1.0	2	301007	n/a
146.984375	0.3	0.0	1	301024	n/a
146.99267578125	0.3	0.0	1	301041	n/a
147.0009765625	0.3	1.0	2	301058	n/a
147.00927734375	0.3	0.0	1	301075	n/a
147.017578125	0.3	1.0	2	301092	n/a
147.0263671875	0.3	1.0	2	301110	n/a
147.03466796875	0.3	0.0	1	301127	n/a
147.04296875	0.3	0.0	1	301144	n/a
147.05126953125	0.3	1.0	2	301161	n/a
147.0595703125	0.3	0.0	1	301178	n/a
147.06787109375	0.3	1.0	2	301195	n/a
147.076171875	0.3	1.0	2	301212	n/a
147.08447265625	0.3	0.0	1	301229	n/a
147.0927734375	0.3	0.0	1	301246	n/a
147.10107421875	0.3	1.0	2	301263	n/a
147.109375	0.3	0.0	1	301280	n/a
147.11767578125	0.3	1.0	2	301297	n/a
147.1259765625	0.3	1.0	2	301314	n/a
147.13427734375	0.3	0.0	1	301331	n/a
147.142578125	0.3	0.0	1	301348	n/a
147.1513671875	0.3	1.0	2	301366	n/a
147.15966796875	0.3	1.0	2	301383	n/a
147.16796875	0.3	0.0	1	301400	n/a
147.17626953125	0.3	0.0	1	301417	n/a
147.1845703125	0.3	1.0	2	301434	n/a
147.19287109375	0.3	0.0	1	301451	n/a
147.201171875	0.3	1.0	2	301468	n/a
147.20947265625	0.3	0.0	1	301485	n/a
147.2177734375	0.3	1.0	2	301502	n/a
147.22607421875	0.3	1.0	2	301519	n/a
147.234375	0.3	0.0	1	301536	n/a
147.24267578125	0.3	1.0	2	301553	n/a
147.2509765625	0.3	0.0	1	301570	n/a
147.25927734375	0.3	0.0	1	301587	n/a
147.267578125	0.3	1.0	2	301604	n/a
147.2763671875	0.3	0.0	1	301622	n/a
147.28466796875	0.3	1.0	2	301639	n/a
147.29296875	0.3	1.0	2	301656	n/a
147.30126953125	0.3	0.0	1	301673	n/a
147.3095703125	0.3	0.0	1	301690	n/a
147.31787109375	0.3	1.0	2	301707	n/a
147.326171875	0.3	0.0	1	301724	n/a
147.33447265625	0.3	1.0	2	301741	n/a
147.3427734375	0.3	1.0	2	301758	n/a
147.35107421875	0.3	0.0	1	301775	n/a
147.359375	0.3	1.0	2	301792	n/a
147.36767578125	0.3	0.0	1	301809	n/a
147.3759765625	0.3	1.0	2	301826	n/a
147.38427734375	0.3	0.0	1	301843	n/a
147.392578125	0.3	1.0	2	301860	n/a
147.4013671875	0.3	0.0	1	301878	n/a
147.40966796875	0.3	1.0	2	301895	n/a
147.41796875	0.3	0.0	1	301912	n/a
147.42626953125	0.3	0.0	1	301929	n/a
147.4345703125	0.3	1.0	2	301946	n/a
147.44287109375	0.3	1.0	2	301963	n/a
147.451171875	0.3	0.0	1	301980	n/a
147.45947265625	0.3	0.0	1	301997	n/a
147.4677734375	0.3	1.0	2	302014	n/a
147.47607421875	0.3	1.0	2	302031	n/a
147.484375	0.3	0.0	1	302048	n/a
147.49267578125	0.3	1.0	2	302065	n/a
147.5009765625	0.3	0.0	1	302082	n/a
147.50927734375	0.3	1.0	2	302099	n/a
147.517578125	0.3	0.0	1	302116	n/a
147.5263671875	0.3	0.0	1	302134	n/a
147.53466796875	0.3	1.0	2	302151	n/a
147.54296875	0.3	0.0	1	302168	n/a
147.55126953125	0.3	1.0	2	302185	n/a
147.5595703125	0.3	0.0	1	302202	n/a
147.56787109375	0.3	1.0	2	302219	n/a
147.576171875	0.3	1.0	2	302236	n/a
147.58447265625	0.3	0.0	1	302253	n/a
147.5927734375	0.3	0.0	1	302270	n/a
147.60107421875	0.3	1.0	2	302287	n/a
147.609375	0.3	1.0	2	302304	n/a
147.61767578125	0.3	0.0	1	302321	n/a
147.6259765625	0.3	0.0	1	302338	n/a
147.63427734375	0.3	1.0	2	302355	n/a
147.642578125	0.3	1.0	2	302372	n/a
147.6513671875	0.3	0.0	1	302390	n/a
147.65966796875	0.3	0.0	1	302407	n/a
147.66796875	0.3	1.0	2	302424	n/a
147.67626953125	0.3	0.0	1	302441	n/a
147.6845703125	0.3	1.0	2	302458	n/a
147.69287109375	0.3	0.0	1	302475	n/a
147.701171875	0.3	1.0	2	302492	n/a
147.70947265625	0.3	0.0	1	302509	n/a
147.7177734375	0.3	1.0	2	302526	n/a
147.72607421875	0.3	1.0	2	302543	n/a
147.734375	0.3	0.0	1	302560	n/a
147.74267578125	0.3	0.0	1	302577	n/a
147.7509765625	0.3	1.0	2	302594	n/a
147.75927734375	0.3	0.0	1	302611	n/a
147.767578125	0.3	1.0	2	302628	n/a
147.7763671875	0.3	0.0	1	302646	n/a
147.78466796875	0.3	1.0	2	302663	n/a
147.79296875	0.3	0.0	1	302680	n/a
147.80126953125	0.3	1.0	2	302697	n/a
147.8095703125	0.3	1.0	2	302714	n/a
147.81787109375	0.3	0.0	1	302731	n/a
147.826171875	0.3	1.0	2	302748	n/a
147.83447265625	0.3	0.0	1	302765	n/a
147.8427734375	0.3	0.0	1	302782	n/a
147.85107421875	0.3	1.0	2	302799	n/a
147.859375	0.3	1.0	2	302816	n/a
147.86767578125	0.3	0.0	1	302833	n/a
147.8759765625	0.3	1.0	2	302850	n/a
147.88427734375	0.3	0.0	1	302867	n/a
147.892578125	0.3	1.0	2	302884	n/a
147.9013671875	0.3	0.0	1	302902	n/a
147.90966796875	0.3	1.0	2	302919	n/a
147.91796875	0.3	0.0	1	302936	n/a
147.92626953125	0.3	1.0	2	302953	n/a
147.9345703125	0.3	0.0	1	302970	n/a
147.94287109375	0.3	0.0	1	302987	n/a
147.951171875	0.3	1.0	2	303004	n/a
147.95947265625	0.3	0.0	1	303021	n/a
147.9677734375	0.3	1.0	2	303038	n/a
147.97607421875	0.3	1.0	2	303055	n/a
147.984375	0.3	0.0	1	303072	n/a
147.99267578125	0.3	1.0	2	303089	n/a
148.0009765625	0.3	0.0	1	303106	n/a
148.00927734375	0.3	1.0	2	303123	n/a
148.017578125	0.3	0.0	1	303140	n/a
148.0263671875	0.3	1.0	2	303158	n/a
148.03466796875	0.3	0.0	1	303175	n/a
148.04296875	0.3	0.0	1	303192	n/a
148.05126953125	0.3	1.0	2	303209	n/a
148.0595703125	0.3	0.0	1	303226	n/a
148.06787109375	0.3	1.0	2	303243	n/a
148.076171875	0.3	1.0	2	303260	n/a
148.08447265625	0.3	0.0	1	303277	n/a
148.0927734375	0.3	0.0	1	303294	n/a
148.10107421875	0.3	1.0	2	303311	n/a
148.109375	0.3	0.0	1	303328	n/a
148.11767578125	0.3	1.0	2	303345	n/a
148.1259765625	0.3	1.0	2	303362	n/a
148.13427734375	0.3	0.0	1	303379	n/a
148.142578125	0.3	0.0	1	303396	n/a
148.1513671875	0.3	1.0	2	303414	n/a
148.15966796875	0.3	0.0	1	303431	n/a
148.16796875	0.3	1.0	2	303448	n/a
148.17626953125	0.3	1.0	2	303465	n/a
148.1845703125	0.3	0.0	1	303482	n/a
148.19287109375	0.3	0.0	1	303499	n/a
148.201171875	0.3	1.0	2	303516	n/a
148.20947265625	0.3	1.0	2	303533	n/a
148.2177734375	0.3	0.0	1	303550	n/a
148.22607421875	0.3	0.0	1	303567	n/a
148.234375	0.3	1.0	2	303584	n/a
148.24267578125	0.3	0.0	1	303601	n/a
148.2509765625	0.3	1.0	2	303618	n/a
148.25927734375	0.3	0.0	1	303635	n/a
148.267578125	0.3	1.0	2	303652	n/a
148.2763671875	0.3	1.0	2	303670	n/a
148.28466796875	0.3	0.0	1	303687	n/a
148.29296875	0.3	1.0	2	303704	n/a
148.30126953125	0.3	0.0	1	303721	n/a
148.3095703125	0.3	0.0	1	303738	n/a
148.31787109375	0.3	1.0	2	303755	n/a
148.326171875	0.3	0.0	1	303772	n/a
148.33447265625	0.3	1.0	2	303789	n/a
148.3427734375	0.3	1.0	2	303806	n/a
148.35107421875	0.3	0.0	1	303823	n/a
148.359375	0.3	0.0	1	303840	n/a
148.36767578125	0.3	1.0	2	303857	n/a
148.3759765625	0.3	0.0	1	303874	n/a
148.38427734375	0.3	1.0	2	303891	n/a
148.392578125	0.3	1.0	2	303908	n/a
148.4013671875	0.3	0.0	1	303926	n/a
150.77685546875	0.3	0.0	1	308791	8.0
150.78515625	0.3	1.0	2	308808	n/a
150.79345703125	0.3	1.0	2	308825	n/a
150.8017578125	0.3	0.0	1	308842	n/a
150.81005859375	0.3	0.0	1	308859	n/a
150.818359375	0.3	1.0	2	308876	n/a
150.82666015625	0.3	1.0	2	308893	n/a
150.8349609375	0.3	0.0	1	308910	n/a
150.84375	0.3	1.0	2	308928	n/a
150.85205078125	0.3	0.0	1	308945	n/a
150.8603515625	0.3	0.0	1	308962	n/a
150.86865234375	0.3	1.0	2	308979	n/a
150.876953125	0.3	0.0	1	308996	n/a
150.88525390625	0.3	1.0	2	309013	n/a
150.8935546875	0.3	0.0	1	309030	n/a
150.90185546875	0.3	1.0	2	309047	n/a
150.91015625	0.3	1.0	2	309064	n/a
150.91845703125	0.3	0.0	1	309081	n/a
150.9267578125	0.3	1.0	2	309098	n/a
150.93505859375	0.3	0.0	1	309115	n/a
150.943359375	0.3	1.0	2	309132	n/a
150.95166015625	0.3	0.0	1	309149	n/a
150.9599609375	0.3	1.0	2	309166	n/a
150.96875	0.3	0.0	1	309184	n/a
150.97705078125	0.3	0.0	1	309201	n/a
150.9853515625	0.3	1.0	2	309218	n/a
150.99365234375	0.3	0.0	1	309235	n/a
151.001953125	0.3	1.0	2	309252	n/a
151.01025390625	0.3	1.0	2	309269	n/a
151.0185546875	0.3	0.0	1	309286	n/a
151.02685546875	0.3	1.0	2	309303	n/a
151.03515625	0.3	0.0	1	309320	n/a
151.04345703125	0.3	0.0	1	309337	n/a
151.0517578125	0.3	1.0	2	309354	n/a
151.06005859375	0.3	1.0	2	309371	n/a
151.068359375	0.3	0.0	1	309388	n/a
151.07666015625	0.3	1.0	2	309405	n/a
151.0849609375	0.3	0.0	1	309422	n/a
151.09375	0.3	0.0	1	309440	n/a
151.10205078125	0.3	1.0	2	309457	n/a
151.1103515625	0.3	0.0	1	309474	n/a
151.11865234375	0.3	1.0	2	309491	n/a
151.126953125	0.3	1.0	2	309508	n/a
151.13525390625	0.3	0.0	1	309525	n/a
151.1435546875	0.3	1.0	2	309542	n/a
151.15185546875	0.3	0.0	1	309559	n/a
151.16015625	0.3	0.0	1	309576	n/a
151.16845703125	0.3	1.0	2	309593	n/a
151.1767578125	0.3	0.0	1	309610	n/a
151.18505859375	0.3	1.0	2	309627	n/a
151.193359375	0.3	0.0	1	309644	n/a
151.20166015625	0.3	1.0	2	309661	n/a
151.2099609375	0.3	1.0	2	309678	n/a
151.21875	0.3	0.0	1	309696	n/a
151.22705078125	0.3	0.0	1	309713	n/a
151.2353515625	0.3	1.0	2	309730	n/a
151.24365234375	0.3	0.0	1	309747	n/a
151.251953125	0.3	1.0	2	309764	n/a
151.26025390625	0.3	0.0	1	309781	n/a
151.2685546875	0.3	1.0	2	309798	n/a
151.27685546875	0.3	1.0	2	309815	n/a
151.28515625	0.3	0.0	1	309832	n/a
151.29345703125	0.3	1.0	2	309849	n/a
151.3017578125	0.3	0.0	1	309866	n/a
151.31005859375	0.3	1.0	2	309883	n/a
151.318359375	0.3	0.0	1	309900	n/a
151.32666015625	0.3	1.0	2	309917	n/a
151.3349609375	0.3	0.0	1	309934	n/a
151.34375	0.3	0.0	1	309952	n/a
151.35205078125	0.3	1.0	2	309969	n/a
151.3603515625	0.3	0.0	1	309986	n/a
151.36865234375	0.3	1.0	2	310003	n/a
151.376953125	0.3	1.0	2	310020	n/a
151.38525390625	0.3	0.0	1	310037	n/a
151.3935546875	0.3	0.0	1	310054	n/a
151.40185546875	0.3	1.0	2	310071	n/a
151.41015625	0.3	0.0	1	310088	n/a
151.41845703125	0.3	1.0	2	310105	n/a
151.4267578125	0.3	0.0	1	310122	n/a
151.43505859375	0.3	1.0	2	310139	n/a
151.443359375	0.3	0.0	1	310156	n/a
151.45166015625	0.3	1.0	2	310173	n/a
151.4599609375	0.3	1.0	2	310190	n/a
151.46875	0.3	0.0	1	310208	n/a
151.47705078125	0.3	0.0	1	310225	n/a
151.4853515625	0.3	1.0	2	310242	n/a
151.49365234375	0.3	1.0	2	310259	n/a
151.501953125	0.3	0.0	1	310276	n/a
151.51025390625	0.3	1.0	2	310293	n/a
151.5185546875	0.3	0.0	1	310310	n/a
151.52685546875	0.3	0.0	1	310327	n/a
151.53515625	0.3	1.0	2	310344	n/a
151.54345703125	0.3	0.0	1	310361	n/a
151.5517578125	0.3	1.0	2	310378	n/a
151.56005859375	0.3	0.0	1	310395	n/a
151.568359375	0.3	1.0	2	310412	n/a
151.57666015625	0.3	1.0	2	310429	n/a
151.5849609375	0.3	0.0	1	310446	n/a
151.59375	0.3	1.0	2	310464	n/a
151.60205078125	0.3	0.0	1	310481	n/a
151.6103515625	0.3	0.0	1	310498	n/a
151.61865234375	0.3	1.0	2	310515	n/a
151.626953125	0.3	1.0	2	310532	n/a
151.63525390625	0.3	0.0	1	310549	n/a
151.6435546875	0.3	1.0	2	310566	n/a
151.65185546875	0.3	0.0	1	310583	n/a
151.66015625	0.3	1.0	2	310600	n/a
151.66845703125	0.3	0.0	1	310617	n/a
151.6767578125	0.3	0.0	1	310634	n/a
151.68505859375	0.3	1.0	2	310651	n/a
151.693359375	0.3	1.0	2	310668	n/a
151.70166015625	0.3	0.0	1	310685	n/a
151.7099609375	0.3	0.0	1	310702	n/a
151.71875	0.3	1.0	2	310720	n/a
151.72705078125	0.3	1.0	2	310737	n/a
151.7353515625	0.3	0.0	1	310754	n/a
151.74365234375	0.3	1.0	2	310771	n/a
151.751953125	0.3	0.0	1	310788	n/a
151.76025390625	0.3	0.0	1	310805	n/a
151.7685546875	0.3	1.0	2	310822	n/a
151.77685546875	0.3	0.0	1	310839	n/a
151.78515625	0.3	1.0	2	310856	n/a
151.79345703125	0.3	1.0	2	310873	n/a
151.8017578125	0.3	0.0	1	310890	n/a
151.81005859375	0.3	0.0	1	310907	n/a
151.818359375	0.3	1.0	2	310924	n/a
151.82666015625	0.3	0.0	1	310941	n/a
151.8349609375	0.3	1.0	2	310958	n/a
151.84375	0.3	1.0	2	310976	n/a
151.85205078125	0.3	0.0	1	310993	n/a
151.8603515625	0.3	0.0	1	311010	n/a
151.86865234375	0.3	1.0	2	311027	n/a
151.876953125	0.3	1.0	2	311044	n/a
151.88525390625	0.3	0.0	1	311061	n/a
151.8935546875	0.3	1.0	2	311078	n/a
151.90185546875	0.3	0.0	1	311095	n/a
151.91015625	0.3	0.0	1	311112	n/a
151.91845703125	0.3	1.0	2	311129	n/a
151.9267578125	0.3	0.0	1	311146	n/a
151.93505859375	0.3	1.0	2	311163	n/a
151.943359375	0.3	0.0	1	311180	n/a
151.95166015625	0.3	1.0	2	311197	n/a
151.9599609375	0.3	1.0	2	311214	n/a
151.96875	0.3	0.0	1	311232	n/a
151.97705078125	0.3	1.0	2	311249	n/a
151.9853515625	0.3	0.0	1	311266	n/a
151.99365234375	0.3	1.0	2	311283	n/a
152.001953125	0.3	0.0	1	311300	n/a
152.01025390625	0.3	1.0	2	311317	n/a
152.0185546875	0.3	0.0	1	311334	n/a
152.02685546875	0.3	0.0	1	311351	n/a
152.03515625	0.3	1.0	2	311368	n/a
152.04345703125	0.3	0.0	1	311385	n/a
152.0517578125	0.3	1.0	2	311402	n/a
152.06005859375	0.3	1.0	2	311419	n/a
152.068359375	0.3	0.0	1	311436	n/a
152.07666015625	0.3	1.0	2	311453	n/a
152.0849609375	0.3	0.0	1	311470	n/a
152.09375	0.3	0.0	1	311488	n/a
152.10205078125	0.3	1.0	2	311505	n/a
152.1103515625	0.3	1.0	2	311522	n/a
152.11865234375	0.3	0.0	1	311539	n/a
152.126953125	0.3	1.0	2	311556	n/a
152.13525390625	0.3	0.0	1	311573	n/a
152.1435546875	0.3	0.0	1	311590	n/a
152.15185546875	0.3	1.0	2	311607	n/a
152.16015625	0.3	0.0	1	311624	n/a
152.16845703125	0.3	1.0	2	311641	n/a
152.1767578125	0.3	1.0	2	311658	n/a
152.18505859375	0.3	0.0	1	311675	n/a
152.193359375	0.3	1.0	2	311692	n/a
152.20166015625	0.3	0.0	1	311709	n/a
152.2099609375	0.3	0.0	1	311726	n/a
152.21875	0.3	1.0	2	311744	n/a
152.22705078125	0.3	0.0	1	311761	n/a
152.2353515625	0.3	1.0	2	311778	n/a
152.24365234375	0.3	0.0	1	311795	n/a
152.251953125	0.3	1.0	2	311812	n/a
152.26025390625	0.3	1.0	2	311829	n/a
152.2685546875	0.3	0.0	1	311846	n/a
152.27685546875	0.3	0.0	1	311863	n/a
152.28515625	0.3	1.0	2	311880	n/a
152.29345703125	0.3	0.0	1	311897	n/a
152.3017578125	0.3	1.0	2	311914	n/a
152.31005859375	0.3	0.0	1	311931	n/a
152.318359375	0.3	1.0	2	311948	n/a
152.32666015625	0.3	1.0	2	311965	n/a
152.3349609375	0.3	0.0	1	311982	n/a
152.34375	0.3	1.0	2	312000	n/a
152.35205078125	0.3	0.0	1	312017	n/a
152.3603515625	0.3	1.0	2	312034	n/a
152.36865234375	0.3	0.0	1	312051	n/a
152.376953125	0.3	1.0	2	312068	n/a
152.38525390625	0.3	0.0	1	312085	n/a
152.3935546875	0.3	0.0	1	312102	n/a
152.40185546875	0.3	1.0	2	312119	n/a
152.41015625	0.3	0.0	1	312136	n/a
152.41845703125	0.3	1.0	2	312153	n/a
152.4267578125	0.3	1.0	2	312170	n/a
152.43505859375	0.3	0.0	1	312187	n/a
152.443359375	0.3	0.0	1	312204	n/a
152.45166015625	0.3	1.0	2	312221	n/a
152.4599609375	0.3	0.0	1	312238	n/a
152.46875	0.3	1.0	2	312256	n/a
152.47705078125	0.3	0.0	1	312273	n/a
152.4853515625	0.3	1.0	2	312290	n/a
152.49365234375	0.3	0.0	1	312307	n/a
152.501953125	0.3	1.0	2	312324	n/a
152.51025390625	0.3	1.0	2	312341	n/a
152.5185546875	0.3	0.0	1	312358	n/a
152.52685546875	0.3	0.0	1	312375	n/a
152.53515625	0.3	1.0	2	312392	n/a
152.54345703125	0.3	1.0	2	312409	n/a
152.5517578125	0.3	0.0	1	312426	n/a
152.56005859375	0.3	1.0	2	312443	n/a
152.568359375	0.3	0.0	1	312460	n/a
152.57666015625	0.3	0.0	1	312477	n/a
152.5849609375	0.3	1.0	2	312494	n/a
152.59375	0.3	0.0	1	312512	n/a
152.60205078125	0.3	1.0	2	312529	n/a
152.6103515625	0.3	0.0	1	312546	n/a
152.61865234375	0.3	1.0	2	312563	n/a
152.626953125	0.3	1.0	2	312580	n/a
152.63525390625	0.3	0.0	1	312597	n/a
152.6435546875	0.3	1.0	2	312614	n/a
152.65185546875	0.3	0.0	1	312631	n/a
152.66015625	0.3	0.0	1	312648	n/a
152.66845703125	0.3	1.0	2	312665	n/a
152.6767578125	0.3	1.0	2	312682	n/a
152.68505859375	0.3	0.0	1	312699	n/a
152.693359375	0.3	1.0	2	312716	n/a
152.70166015625	0.3	0.0	1	312733	n/a
152.7099609375	0.3	1.0	2	312750	n/a
152.71875	0.3	0.0	1	312768	n/a
152.72705078125	0.3	0.0	1	312785	n/a
152.7353515625	0.3	1.0	2	312802	n/a
152.74365234375	0.3	1.0	2	312819	n/a
152.751953125	0.3	0.0	1	312836	n/a
152.76025390625	0.3	0.0	1	312853	n/a
152.7685546875	0.3	1.0	2	312870	n/a
152.77685546875	0.3	1.0	2	312887	n/a
152.78515625	0.3	0.0	1	312904	n/a
152.79345703125	0.3	1.0	2	312921	n/a
152.8017578125	0.3	0.0	1	312938	n/a
152.81005859375	0.3	0.0	1	312955	n/a
152.818359375	0.3	1.0	2	312972	n/a
152.82666015625	0.3	0.0	1	312989	n/a
152.8349609375	0.3	1.0	2	313006	n/a
152.84375	0.3	1.0	2	313024	n/a
152.85205078125	0.3	0.0	1	313041	n/a
152.8603515625	0.3	0.0	1	313058	n/a
152.86865234375	0.3	1.0	2	313075	n/a
152.876953125	0.3	0.0	1	313092	n/a
152.88525390625	0.3	1.0	2	313109	n/a
152.8935546875	0.3	1.0	2	313126	n/a
152.90185546875	0.3	0.0	1	313143	n/a
152.91015625	0.3	0.0	1	313160	n/a
152.91845703125	0.3	1.0	2	313177	n/a
152.9267578125	0.3	1.0	2	313194	n/a
152.93505859375	0.3	0.0	1	313211	n/a
152.943359375	0.3	1.0	2	313228	n/a
152.95166015625	0.3	0.0	1	313245	n/a
152.9599609375	0.3	0.0	1	313262	n/a
152.96875	0.3	1.0	2	313280	n/a
152.97705078125	0.3	0.0	1	313297	n/a
152.9853515625	0.3	1.0	2	313314	n/a
152.99365234375	0.3	0.0	1	313331	n/a
153.001953125	0.3	1.0	2	313348	n/a
153.01025390625	0.3	1.0	2	313365	n/a
153.0185546875	0.3	0.0	1	313382	n/a
153.02685546875	0.3	1.0	2	313399	n/a
153.03515625	0.3	0.0	1	313416	n/a
153.04345703125	0.3	1.0	2	313433	n/a
153.0517578125	0.3	0.0	1	313450	n/a
153.06005859375	0.3	1.0	2	313467	n/a
153.068359375	0.3	0.0	1	313484	n/a
153.07666015625	0.3	0.0	1	313501	n/a
153.0849609375	0.3	1.0	2	313518	n/a
153.09375	0.3	0.0	1	313536	n/a
153.10205078125	0.3	1.0	2	313553	n/a
153.1103515625	0.3	1.0	2	313570	n/a
153.11865234375	0.3	0.0	1	313587	n/a
153.126953125	0.3	1.0	2	313604	n/a
153.13525390625	0.3	0.0	1	313621	n/a
153.1435546875	0.3	0.0	1	313638	n/a
153.15185546875	0.3	1.0	2	313655	n/a
153.16015625	0.3	1.0	2	313672	n/a
153.16845703125	0.3	0.0	1	313689	n/a
153.1767578125	0.3	1.0	2	313706	n/a
153.18505859375	0.3	0.0	1	313723	n/a
153.193359375	0.3	0.0	1	313740	n/a
153.20166015625	0.3	1.0	2	313757	n/a
153.2099609375	0.3	0.0	1	313774	n/a
153.21875	0.3	1.0	2	313792	n/a
153.22705078125	0.3	1.0	2	313809	n/a
153.2353515625	0.3	0.0	1	313826	n/a
153.24365234375	0.3	1.0	2	313843	n/a
153.251953125	0.3	0.0	1	313860	n/a
153.26025390625	0.3	0.0	1	313877	n/a
153.2685546875	0.3	1.0	2	313894	n/a
153.27685546875	0.3	0.0	1	313911	n/a
153.28515625	0.3	1.0	2	313928	n/a
153.29345703125	0.3	0.0	1	313945	n/a
153.3017578125	0.3	1.0	2	313962	n/a
153.31005859375	0.3	1.0	2	313979	n/a
153.318359375	0.3	0.0	1	313996	n/a
153.32666015625	0.3	0.0	1	314013	n/a
153.3349609375	0.3	1.0	2	314030	n/a
153.34375	0.3	0.0	1	314048	n/a
153.35205078125	0.3	1.0	2	314065	n/a
153.3603515625	0.3	0.0	1	314082	n/a
153.36865234375	0.3	1.0	2	314099	n/a
153.376953125	0.3	1.0	2	314116	n/a
153.38525390625	0.3	0.0	1	314133	n/a
153.3935546875	0.3	1.0	2	314150	n/a
153.40185546875	0.3	0.0	1	314167	n/a
153.41015625	0.3	1.0	2	314184	n/a
153.41845703125	0.3	0.0	1	314201	n/a
153.4267578125	0.3	1.0	2	314218	n/a
153.43505859375	0.3	0.0	1	314235	n/a
153.443359375	0.3	0.0	1	314252	n/a
153.45166015625	0.3	1.0	2	314269	n/a
153.4599609375	0.3	0.0	1	314286	n/a
153.46875	0.3	1.0	2	314304	n/a
153.47705078125	0.3	1.0	2	314321	n/a
153.4853515625	0.3	0.0	1	314338	n/a
153.49365234375	0.3	0.0	1	314355	n/a
153.501953125	0.3	1.0	2	314372	n/a
153.51025390625	0.3	0.0	1	314389	n/a
153.5185546875	0.3	1.0	2	314406	n/a
153.52685546875	0.3	0.0	1	314423	n/a
153.53515625	0.3	1.0	2	314440	n/a
153.54345703125	0.3	0.0	1	314457	n/a
153.5517578125	0.3	1.0	2	314474	n/a
153.56005859375	0.3	1.0	2	314491	n/a
153.568359375	0.3	0.0	1	314508	n/a
153.57666015625	0.3	0.0	1	314525	n/a
153.5849609375	0.3	1.0	2	314542	n/a
153.59375	0.3	1.0	2	314560	n/a
153.60205078125	0.3	0.0	1	314577	n/a
153.6103515625	0.3	1.0	2	314594	n/a
153.61865234375	0.3	0.0	1	314611	n/a
153.626953125	0.3	0.0	1	314628	n/a
153.63525390625	0.3	1.0	2	314645	n/a
153.6435546875	0.3	0.0	1	314662	n/a
153.65185546875	0.3	1.0	2	314679	n/a
153.66015625	0.3	0.0	1	314696	n/a
153.66845703125	0.3	1.0	2	314713	n/a
153.6767578125	0.3	1.0	2	314730	n/a
153.68505859375	0.3	0.0	1	314747	n/a
153.693359375	0.3	1.0	2	314764	n/a
153.70166015625	0.3	0.0	1	314781	n/a
153.7099609375	0.3	0.0	1	314798	n/a
153.71875	0.3	1.0	2	314816	n/a
153.72705078125	0.3	1.0	2	314833	n/a
153.7353515625	0.3	0.0	1	314850	n/a
153.74365234375	0.3	1.0	2	314867	n/a
153.751953125	0.3	0.0	1	314884	n/a
153.76025390625	0.3	1.0	2	314901	n/a
153.7685546875	0.3	0.0	1	314918	n/a
153.77685546875	0.3	0.0	1	314935	n/a
153.78515625	0.3	1.0	2	314952	n/a
153.79345703125	0.3	1.0	2	314969	n/a
153.8017578125	0.3	0.0	1	314986	n/a
153.81005859375	0.3	0.0	1	315003	n/a
153.818359375	0.3	1.0	2	315020	n/a
153.82666015625	0.3	1.0	2	315037	n/a
153.8349609375	0.3	0.0	1	315054	n/a
153.84375	0.3	1.0	2	315072	n/a
153.85205078125	0.3	0.0	1	315089	n/a
153.8603515625	0.3	0.0	1	315106	n/a
153.86865234375	0.3	1.0	2	315123	n/a
153.876953125	0.3	0.0	1	315140	n/a
153.88525390625	0.3	1.0	2	315157	n/a
153.8935546875	0.3	1.0	2	315174	n/a
153.90185546875	0.3	0.0	1	315191	n/a
153.91015625	0.3	0.0	1	315208	n/a
153.91845703125	0.3	1.0	2	315225	n/a
153.9267578125	0.3	0.0	1	315242	n/a
153.93505859375	0.3	1.0	2	315259	n/a
153.943359375	0.3	1.0	2	315276	n/a
153.95166015625	0.3	0.0	1	315293	n/a
153.9599609375	0.3	0.0	1	315310	n/a
153.96875	0.3	1.0	2	315328	n/a
153.97705078125	0.3	1.0	2	315345	n/a
153.9853515625	0.3	0.0	1	315362	n/a
153.99365234375	0.3	1.0	2	315379	n/a
154.001953125	0.3	0.0	1	315396	n/a
154.01025390625	0.3	0.0	1	315413	n/a
154.0185546875	0.3	1.0	2	315430	n/a
154.02685546875	0.3	0.0	1	315447	n/a
154.03515625	0.3	1.0	2	315464	n/a
154.04345703125	0.3	0.0	1	315481	n/a
154.0517578125	0.3	1.0	2	315498	n/a
154.06005859375	0.3	1.0	2	315515	n/a
154.068359375	0.3	0.0	1	315532	n/a
154.07666015625	0.3	1.0	2	315549	n/a
154.0849609375	0.3	0.0	1	315566	n/a
154.09375	0.3	1.0	2	315584	n/a
154.10205078125	0.3	0.0	1	315601	n/a
154.1103515625	0.3	1.0	2	315618	n/a
154.11865234375	0.3	0.0	1	315635	n/a
154.126953125	0.3	0.0	1	315652	n/a
154.13525390625	0.3	1.0	2	315669	n/a
154.1435546875	0.3	0.0	1	315686	n/a
154.15185546875	0.3	1.0	2	315703	n/a
154.16015625	0.3	1.0	2	315720	n/a
154.16845703125	0.3	0.0	1	315737	n/a
154.1767578125	0.3	1.0	2	315754	n/a
154.18505859375	0.3	0.0	1	315771	n/a
154.193359375	0.3	0.0	1	315788	n/a
154.20166015625	0.3	1.0	2	315805	n/a
154.2099609375	0.3	1.0	2	315822	n/a
154.21875	0.3	0.0	1	315840	n/a
154.22705078125	0.3	1.0	2	315857	n/a
154.2353515625	0.3	0.0	1	315874	n/a
154.24365234375	0.3	0.0	1	315891	n/a
154.251953125	0.3	1.0	2	315908	n/a
154.26025390625	0.3	0.0	1	315925	n/a
154.2685546875	0.3	1.0	2	315942	n/a
154.27685546875	0.3	1.0	2	315959	n/a
154.28515625	0.3	0.0	1	315976	n/a
154.29345703125	0.3	1.0	2	315993	n/a
154.3017578125	0.3	0.0	1	316010	n/a
154.31005859375	0.3	0.0	1	316027	n/a
154.318359375	0.3	1.0	2	316044	n/a
154.32666015625	0.3	0.0	1	316061	n/a
154.3349609375	0.3	1.0	2	316078	n/a
154.34375	0.3	0.0	1	316096	n/a
154.35205078125	0.3	1.0	2	316113	n/a
154.3603515625	0.3	1.0	2	316130	n/a
154.36865234375	0.3	0.0	1	316147	n/a
154.376953125	0.3	0.0	1	316164	n/a
154.38525390625	0.3	1.0	2	316181	n/a
154.3935546875	0.3	0.0	1	316198	n/a
154.40185546875	0.3	1.0	2	316215	n/a
154.41015625	0.3	0.0	1	316232	n/a
154.41845703125	0.3	1.0	2	316249	n/a
154.4267578125	0.3	1.0	2	316266	n/a
154.43505859375	0.3	0.0	1	316283	n/a
154.443359375	0.3	1.0	2	316300	n/a
154.45166015625	0.3	0.0	1	316317	n/a
154.4599609375	0.3	1.0	2	316334	n/a
154.46875	0.3	0.0	1	316352	n/a
154.47705078125	0.3	1.0	2	316369	n/a
154.4853515625	0.3	0.0	1	316386	n/a
154.49365234375	0.3	0.0	1	316403	n/a
154.501953125	0.3	1.0	2	316420	n/a
154.51025390625	0.3	0.0	1	316437	n/a
154.5185546875	0.3	1.0	2	316454	n/a
154.52685546875	0.3	1.0	2	316471	n/a
154.53515625	0.3	0.0	1	316488	n/a
154.54345703125	0.3	0.0	1	316505	n/a
154.5517578125	0.3	1.0	2	316522	n/a
154.56005859375	0.3	0.0	1	316539	n/a
154.568359375	0.3	1.0	2	316556	n/a
154.57666015625	0.3	0.0	1	316573	n/a
154.5849609375	0.3	1.0	2	316590	n/a
154.59375	0.3	0.0	1	316608	n/a
154.60205078125	0.3	1.0	2	316625	n/a
154.6103515625	0.3	1.0	2	316642	n/a
154.61865234375	0.3	0.0	1	316659	n/a
154.626953125	0.3	0.0	1	316676	n/a
154.63525390625	0.3	1.0	2	316693	n/a
154.6435546875	0.3	1.0	2	316710	n/a
154.65185546875	0.3	0.0	1	316727	n/a
154.66015625	0.3	1.0	2	316744	n/a
154.66845703125	0.3	0.0	1	316761	n/a
154.6767578125	0.3	0.0	1	316778	n/a
154.68505859375	0.3	1.0	2	316795	n/a
154.693359375	0.3	0.0	1	316812	n/a
154.70166015625	0.3	1.0	2	316829	n/a
154.7099609375	0.3	0.0	1	316846	n/a
154.71875	0.3	1.0	2	316864	n/a
154.72705078125	0.3	1.0	2	316881	n/a
154.7353515625	0.3	0.0	1	316898	n/a
154.74365234375	0.3	1.0	2	316915	n/a
154.751953125	0.3	0.0	1	316932	n/a
154.76025390625	0.3	0.0	1	316949	n/a
154.7685546875	0.3	1.0	2	316966	n/a
154.77685546875	0.3	1.0	2	316983	n/a
154.78515625	0.3	0.0	1	317000	n/a
154.79345703125	0.3	1.0	2	317017	n/a
154.8017578125	0.3	0.0	1	317034	n/a
154.81005859375	0.3	1.0	2	317051	n/a
154.818359375	0.3	0.0	1	317068	n/a
154.82666015625	0.3	0.0	1	317085	n/a
154.8349609375	0.3	1.0	2	317102	n/a
154.84375	0.3	1.0	2	317120	n/a
154.85205078125	0.3	0.0	1	317137	n/a
154.8603515625	0.3	0.0	1	317154	n/a
154.86865234375	0.3	1.0	2	317171	n/a
154.876953125	0.3	1.0	2	317188	n/a
154.88525390625	0.3	0.0	1	317205	n/a
154.8935546875	0.3	1.0	2	317222	n/a
154.90185546875	0.3	0.0	1	317239	n/a
154.91015625	0.3	0.0	1	317256	n/a
154.91845703125	0.3	1.0	2	317273	n/a
154.9267578125	0.3	0.0	1	317290	n/a
154.93505859375	0.3	1.0	2	317307	n/a
154.943359375	0.3	1.0	2	317324	n/a
154.95166015625	0.3	0.0	1	317341	n/a
154.9599609375	0.3	0.0	1	317358	n/a
154.96875	0.3	1.0	2	317376	n/a
157.35302734375	0.3	1.0	2	322259	31.0
157.361328125	0.3	0.0	1	322276	n/a
157.36962890625	0.3	0.0	1	322293	n/a
157.3779296875	0.3	1.0	2	322310	n/a
157.38623046875	0.3	0.0	1	322327	n/a
157.39453125	0.3	1.0	2	322344	n/a
157.40283203125	0.3	0.0	1	322361	n/a
157.4111328125	0.3	1.0	2	322378	n/a
157.419921875	0.3	1.0	2	322396	n/a
157.42822265625	0.3	0.0	1	322413	n/a
157.4365234375	0.3	0.0	1	322430	n/a
157.44482421875	0.3	1.0	2	322447	n/a
157.453125	0.3	1.0	2	322464	n/a
157.46142578125	0.3	0.0	1	322481	n/a
157.4697265625	0.3	1.0	2	322498	n/a
157.47802734375	0.3	0.0	1	322515	n/a
157.486328125	0.3	1.0	2	322532	n/a
157.49462890625	0.3	0.0	1	322549	n/a
157.5029296875	0.3	0.0	1	322566	n/a
157.51123046875	0.3	1.0	2	322583	n/a
157.51953125	0.3	0.0	1	322600	n/a
157.52783203125	0.3	1.0	2	322617	n/a
157.5361328125	0.3	1.0	2	322634	n/a
157.544921875	0.3	0.0	1	322652	n/a
157.55322265625	0.3	0.0	1	322669	n/a
157.5615234375	0.3	1.0	2	322686	n/a
157.56982421875	0.3	0.0	1	322703	n/a
157.578125	0.3	1.0	2	322720	n/a
157.58642578125	0.3	0.0	1	322737	n/a
157.5947265625	0.3	1.0	2	322754	n/a
157.60302734375	0.3	1.0	2	322771	n/a
157.611328125	0.3	0.0	1	322788	n/a
157.61962890625	0.3	0.0	1	322805	n/a
157.6279296875	0.3	1.0	2	322822	n/a
157.63623046875	0.3	0.0	1	322839	n/a
157.64453125	0.3	1.0	2	322856	n/a
157.65283203125	0.3	1.0	2	322873	n/a
157.6611328125	0.3	0.0	1	322890	n/a
157.669921875	0.3	0.0	1	322908	n/a
157.67822265625	0.3	1.0	2	322925	n/a
157.6865234375	0.3	0.0	1	322942	n/a
157.69482421875	0.3	1.0	2	322959	n/a
157.703125	0.3	1.0	2	322976	n/a
157.71142578125	0.3	0.0	1	322993	n/a
157.7197265625	0.3	0.0	1	323010	n/a
157.72802734375	0.3	1.0	2	323027	n/a
157.736328125	0.3	1.0	2	323044	n/a
157.74462890625	0.3	0.0	1	323061	n/a
157.7529296875	0.3	1.0	2	323078	n/a
157.76123046875	0.3	0.0	1	323095	n/a
157.76953125	0.3	0.0	1	323112	n/a
157.77783203125	0.3	1.0	2	323129	n/a
157.7861328125	0.3	1.0	2	323146	n/a
157.794921875	0.3	0.0	1	323164	n/a
157.80322265625	0.3	0.0	1	323181	n/a
157.8115234375	0.3	1.0	2	323198	n/a
157.81982421875	0.3	0.0	1	323215	n/a
157.828125	0.3	1.0	2	323232	n/a
157.83642578125	0.3	0.0	1	323249	n/a
157.8447265625	0.3	1.0	2	323266	n/a
157.85302734375	0.3	0.0	1	323283	n/a
157.861328125	0.3	1.0	2	323300	n/a
157.86962890625	0.3	1.0	2	323317	n/a
157.8779296875	0.3	0.0	1	323334	n/a
157.88623046875	0.3	0.0	1	323351	n/a
157.89453125	0.3	1.0	2	323368	n/a
157.90283203125	0.3	0.0	1	323385	n/a
157.9111328125	0.3	1.0	2	323402	n/a
157.919921875	0.3	1.0	2	323420	n/a
157.92822265625	0.3	0.0	1	323437	n/a
157.9365234375	0.3	1.0	2	323454	n/a
157.94482421875	0.3	0.0	1	323471	n/a
157.953125	0.3	0.0	1	323488	n/a
157.96142578125	0.3	1.0	2	323505	n/a
157.9697265625	0.3	1.0	2	323522	n/a
157.97802734375	0.3	0.0	1	323539	n/a
157.986328125	0.3	0.0	1	323556	n/a
157.99462890625	0.3	1.0	2	323573	n/a
158.0029296875	0.3	0.0	1	323590	n/a
158.01123046875	0.3	1.0	2	323607	n/a
158.01953125	0.3	1.0	2	323624	n/a
158.02783203125	0.3	0.0	1	323641	n/a
158.0361328125	0.3	1.0	2	323658	n/a
158.044921875	0.3	0.0	1	323676	n/a
158.05322265625	0.3	1.0	2	323693	n/a
158.0615234375	0.3	0.0	1	323710	n/a
158.06982421875	0.3	1.0	2	323727	n/a
158.078125	0.3	0.0	1	323744	n/a
158.08642578125	0.3	0.0	1	323761	n/a
158.0947265625	0.3	1.0	2	323778	n/a
158.10302734375	0.3	0.0	1	323795	n/a
158.111328125	0.3	1.0	2	323812	n/a
158.11962890625	0.3	0.0	1	323829	n/a
158.1279296875	0.3	1.0	2	323846	n/a
158.13623046875	0.3	0.0	1	323863	n/a
158.14453125	0.3	1.0	2	323880	n/a
158.15283203125	0.3	0.0	1	323897	n/a
158.1611328125	0.3	1.0	2	323914	n/a
158.169921875	0.3	0.0	1	323932	n/a
158.17822265625	0.3	1.0	2	323949	n/a
158.1865234375	0.3	0.0	1	323966	n/a
158.19482421875	0.3	1.0	2	323983	n/a
158.203125	0.3	1.0	2	324000	n/a
158.21142578125	0.3	0.0	1	324017	n/a
158.2197265625	0.3	0.0	1	324034	n/a
158.22802734375	0.3	1.0	2	324051	n/a
158.236328125	0.3	0.0	1	324068	n/a
158.24462890625	0.3	1.0	2	324085	n/a
158.2529296875	0.3	1.0	2	324102	n/a
158.26123046875	0.3	0.0	1	324119	n/a
158.26953125	0.3	0.0	1	324136	n/a
158.27783203125	0.3	1.0	2	324153	n/a
158.2861328125	0.3	0.0	1	324170	n/a
158.294921875	0.3	1.0	2	324188	n/a
158.30322265625	0.3	0.0	1	324205	n/a
158.3115234375	0.3	1.0	2	324222	n/a
158.31982421875	0.3	0.0	1	324239	n/a
158.328125	0.3	1.0	2	324256	n/a
158.33642578125	0.3	1.0	2	324273	n/a
158.3447265625	0.3	0.0	1	324290	n/a
158.35302734375	0.3	0.0	1	324307	n/a
158.361328125	0.3	1.0	2	324324	n/a
158.36962890625	0.3	0.0	1	324341	n/a
158.3779296875	0.3	1.0	2	324358	n/a
158.38623046875	0.3	0.0	1	324375	n/a
158.39453125	0.3	1.0	2	324392	n/a
158.40283203125	0.3	1.0	2	324409	n/a
158.4111328125	0.3	0.0	1	324426	n/a
158.419921875	0.3	0.0	1	324444	n/a
158.42822265625	0.3	1.0	2	324461	n/a
158.4365234375	0.3	0.0	1	324478	n/a
158.44482421875	0.3	1.0	2	324495	n/a
158.453125	0.3	0.0	1	324512	n/a
158.46142578125	0.3	1.0	2	324529	n/a
158.4697265625	0.3	1.0	2	324546	n/a
158.47802734375	0.3	0.0	1	324563	n/a
158.486328125	0.3	0.0	1	324580	n/a
158.49462890625	0.3	1.0	2	324597	n/a
158.5029296875	0.3	1.0	2	324614	n/a
158.51123046875	0.3	0.0	1	324631	n/a
158.51953125	0.3	1.0	2	324648	n/a
158.52783203125	0.3	0.0	1	324665	n/a
158.5361328125	0.3	1.0	2	324682	n/a
158.544921875	0.3	0.0	1	324700	n/a
158.55322265625	0.3	0.0	1	324717	n/a
158.5615234375	0.3	1.0	2	324734	n/a
158.56982421875	0.3	0.0	1	324751	n/a
158.578125	0.3	1.0	2	324768	n/a
158.58642578125	0.3	1.0	2	324785	n/a
158.5947265625	0.3	0.0	1	324802	n/a
158.60302734375	0.3	0.0	1	324819	n/a
158.611328125	0.3	1.0	2	324836	n/a
158.61962890625	0.3	0.0	1	324853	n/a
158.6279296875	0.3	1.0	2	324870	n/a
158.63623046875	0.3	0.0	1	324887	n/a
158.64453125	0.3	1.0	2	324904	n/a
158.65283203125	0.3	1.0	2	324921	n/a
158.6611328125	0.3	0.0	1	324938	n/a
158.669921875	0.3	0.0	1	324956	n/a
158.67822265625	0.3	1.0	2	324973	n/a
158.6865234375	0.3	0.0	1	324990	n/a
158.69482421875	0.3	1.0	2	325007	n/a
158.703125	0.3	1.0	2	325024	n/a
158.71142578125	0.3	0.0	1	325041	n/a
158.7197265625	0.3	0.0	1	325058	n/a
158.72802734375	0.3	1.0	2	325075	n/a
158.736328125	0.3	0.0	1	325092	n/a
158.74462890625	0.3	1.0	2	325109	n/a
158.7529296875	0.3	1.0	2	325126	n/a
158.76123046875	0.3	0.0	1	325143	n/a
158.76953125	0.3	0.0	1	325160	n/a
158.77783203125	0.3	1.0	2	325177	n/a
158.7861328125	0.3	1.0	2	325194	n/a
158.794921875	0.3	0.0	1	325212	n/a
158.80322265625	0.3	1.0	2	325229	n/a
158.8115234375	0.3	0.0	1	325246	n/a
158.81982421875	0.3	0.0	1	325263	n/a
158.828125	0.3	1.0	2	325280	n/a
158.83642578125	0.3	1.0	2	325297	n/a
158.8447265625	0.3	0.0	1	325314	n/a
158.85302734375	0.3	0.0	1	325331	n/a
158.861328125	0.3	1.0	2	325348	n/a
158.86962890625	0.3	0.0	1	325365	n/a
158.8779296875	0.3	1.0	2	325382	n/a
158.88623046875	0.3	0.0	1	325399	n/a
158.89453125	0.3	1.0	2	325416	n/a
158.90283203125	0.3	0.0	1	325433	n/a
158.9111328125	0.3	1.0	2	325450	n/a
158.919921875	0.3	1.0	2	325468	n/a
158.92822265625	0.3	0.0	1	325485	n/a
158.9365234375	0.3	0.0	1	325502	n/a
158.94482421875	0.3	1.0	2	325519	n/a
158.953125	0.3	0.0	1	325536	n/a
158.96142578125	0.3	1.0	2	325553	n/a
158.9697265625	0.3	1.0	2	325570	n/a
158.97802734375	0.3	0.0	1	325587	n/a
158.986328125	0.3	1.0	2	325604	n/a
158.99462890625	0.3	0.0	1	325621	n/a
159.0029296875	0.3	0.0	1	325638	n/a
159.01123046875	0.3	1.0	2	325655	n/a
159.01953125	0.3	1.0	2	325672	n/a
159.02783203125	0.3	0.0	1	325689	n/a
159.0361328125	0.3	0.0	1	325706	n/a
159.044921875	0.3	1.0	2	325724	n/a
159.05322265625	0.3	0.0	1	325741	n/a
159.0615234375	0.3	1.0	2	325758	n/a
159.06982421875	0.3	1.0	2	325775	n/a
159.078125	0.3	0.0	1	325792	n/a
159.08642578125	0.3	1.0	2	325809	n/a
159.0947265625	0.3	0.0	1	325826	n/a
159.10302734375	0.3	1.0	2	325843	n/a
159.111328125	0.3	0.0	1	325860	n/a
159.11962890625	0.3	1.0	2	325877	n/a
159.1279296875	0.3	0.0	1	325894	n/a
159.13623046875	0.3	0.0	1	325911	n/a
159.14453125	0.3	1.0	2	325928	n/a
159.15283203125	0.3	0.0	1	325945	n/a
159.1611328125	0.3	1.0	2	325962	n/a
159.169921875	0.3	0.0	1	325980	n/a
159.17822265625	0.3	1.0	2	325997	n/a
159.1865234375	0.3	0.0	1	326014	n/a
159.19482421875	0.3	1.0	2	326031	n/a
159.203125	0.3	0.0	1	326048	n/a
159.21142578125	0.3	1.0	2	326065	n/a
159.2197265625	0.3	0.0	1	326082	n/a
159.22802734375	0.3	1.0	2	326099	n/a
159.236328125	0.3	0.0	1	326116	n/a
159.24462890625	0.3	1.0	2	326133	n/a
159.2529296875	0.3	1.0	2	326150	n/a
159.26123046875	0.3	0.0	1	326167	n/a
159.26953125	0.3	0.0	1	326184	n/a
159.27783203125	0.3	1.0	2	326201	n/a
159.2861328125	0.3	0.0	1	326218	n/a
159.294921875	0.3	1.0	2	326236	n/a
159.30322265625	0.3	1.0	2	326253	n/a
159.3115234375	0.3	0.0	1	326270	n/a
159.31982421875	0.3	0.0	1	326287	n/a
159.328125	0.3	1.0	2	326304	n/a
159.33642578125	0.3	0.0	1	326321	n/a
159.3447265625	0.3	1.0	2	326338	n/a
159.35302734375	0.3	0.0	1	326355	n/a
159.361328125	0.3	1.0	2	326372	n/a
159.36962890625	0.3	0.0	1	326389	n/a
159.3779296875	0.3	1.0	2	326406	n/a
159.38623046875	0.3	1.0	2	326423	n/a
159.39453125	0.3	0.0	1	326440	n/a
159.40283203125	0.3	0.0	1	326457	n/a
159.4111328125	0.3	1.0	2	326474	n/a
159.419921875	0.3	0.0	1	326492	n/a
159.42822265625	0.3	1.0	2	326509	n/a
159.4365234375	0.3	0.0	1	326526	n/a
159.44482421875	0.3	1.0	2	326543	n/a
159.453125	0.3	1.0	2	326560	n/a
159.46142578125	0.3	0.0	1	326577	n/a
159.4697265625	0.3	0.0	1	326594	n/a
159.47802734375	0.3	1.0	2	326611	n/a
159.486328125	0.3	0.0	1	326628	n/a
159.49462890625	0.3	1.0	2	326645	n/a
159.5029296875	0.3	0.0	1	326662	n/a
159.51123046875	0.3	1.0	2	326679	n/a
159.51953125	0.3	1.0	2	326696	n/a
159.52783203125	0.3	0.0	1	326713	n/a
159.5361328125	0.3	0.0	1	326730	n/a
159.544921875	0.3	1.0	2	326748	n/a
159.55322265625	0.3	1.0	2	326765	n/a
159.5615234375	0.3	0.0	1	326782	n/a
159.56982421875	0.3	1.0	2	326799	n/a
159.578125	0.3	0.0	1	326816	n/a
159.58642578125	0.3	1.0	2	326833	n/a
159.5947265625	0.3	0.0	1	326850	n/a
159.60302734375	0.3	0.0	1	326867	n/a
159.611328125	0.3	1.0	2	326884	n/a
159.61962890625	0.3	0.0	1	326901	n/a
159.6279296875	0.3	1.0	2	326918	n/a
159.63623046875	0.3	1.0	2	326935	n/a
159.64453125	0.3	0.0	1	326952	n/a
159.65283203125	0.3	0.0	1	326969	n/a
159.6611328125	0.3	1.0	2	326986	n/a
159.669921875	0.3	0.0	1	327004	n/a
159.67822265625	0.3	1.0	2	327021	n/a
159.6865234375	0.3	0.0	1	327038	n/a
159.69482421875	0.3	1.0	2	327055	n/a
159.703125	0.3	1.0	2	327072	n/a
159.71142578125	0.3	0.0	1	327089	n/a
159.7197265625	0.3	0.0	1	327106	n/a
159.72802734375	0.3	1.0	2	327123	n/a
159.736328125	0.3	0.0	1	327140	n/a
159.74462890625	0.3	1.0	2	327157	n/a
159.7529296875	0.3	1.0	2	327174	n/a
159.76123046875	0.3	0.0	1	327191	n/a
159.76953125	0.3	0.0	1	327208	n/a
159.77783203125	0.3	1.0	2	327225	n/a
159.7861328125	0.3	0.0	1	327242	n/a
159.794921875	0.3	1.0	2	327260	n/a
159.80322265625	0.3	1.0	2	327277	n/a
159.8115234375	0.3	0.0	1	327294	n/a
159.81982421875	0.3	0.0	1	327311	n/a
159.828125	0.3	1.0	2	327328	n/a
159.83642578125	0.3	1.0	2	327345	n/a
159.8447265625	0.3	0.0	1	327362	n/a
159.85302734375	0.3	1.0	2	327379	n/a
159.861328125	0.3	0.0	1	327396	n/a
159.86962890625	0.3	0.0	1	327413	n/a
159.8779296875	0.3	1.0	2	327430	n/a
159.88623046875	0.3	1.0	2	327447	n/a
159.89453125	0.3	0.0	1	327464	n/a
159.90283203125	0.3	0.0	1	327481	n/a
159.9111328125	0.3	1.0	2	327498	n/a
159.919921875	0.3	0.0	1	327516	n/a
159.92822265625	0.3	1.0	2	327533	n/a
159.9365234375	0.3	0.0	1	327550	n/a
159.94482421875	0.3	1.0	2	327567	n/a
159.953125	0.3	0.0	1	327584	n/a
159.96142578125	0.3	1.0	2	327601	n/a
159.9697265625	0.3	1.0	2	327618	n/a
159.97802734375	0.3	0.0	1	327635	n/a
159.986328125	0.3	0.0	1	327652	n/a
159.99462890625	0.3	1.0	2	327669	n/a
160.0029296875	0.3	0.0	1	327686	n/a
160.01123046875	0.3	1.0	2	327703	n/a
160.01953125	0.3	1.0	2	327720	n/a
160.02783203125	0.3	0.0	1	327737	n/a
160.0361328125	0.3	1.0	2	327754	n/a
160.044921875	0.3	0.0	1	327772	n/a
160.05322265625	0.3	0.0	1	327789	n/a
160.0615234375	0.3	1.0	2	327806	n/a
160.06982421875	0.3	1.0	2	327823	n/a
160.078125	0.3	0.0	1	327840	n/a
160.08642578125	0.3	0.0	1	327857	n/a
160.0947265625	0.3	1.0	2	327874	n/a
160.10302734375	0.3	0.0	1	327891	n/a
160.111328125	0.3	1.0	2	327908	n/a
160.11962890625	0.3	1.0	2	327925	n/a
160.1279296875	0.3	0.0	1	327942	n/a
160.13623046875	0.3	1.0	2	327959	n/a
160.14453125	0.3	0.0	1	327976	n/a
160.15283203125	0.3	1.0	2	327993	n/a
160.1611328125	0.3	0.0	1	328010	n/a
160.169921875	0.3	1.0	2	328028	n/a
160.17822265625	0.3	0.0	1	328045	n/a
160.1865234375	0.3	0.0	1	328062	n/a
160.19482421875	0.3	1.0	2	328079	n/a
160.203125	0.3	0.0	1	328096	n/a
160.21142578125	0.3	1.0	2	328113	n/a
160.2197265625	0.3	0.0	1	328130	n/a
160.22802734375	0.3	1.0	2	328147	n/a
160.236328125	0.3	0.0	1	328164	n/a
160.24462890625	0.3	1.0	2	328181	n/a
160.2529296875	0.3	0.0	1	328198	n/a
160.26123046875	0.3	1.0	2	328215	n/a
160.26953125	0.3	0.0	1	328232	n/a
160.27783203125	0.3	1.0	2	328249	n/a
160.2861328125	0.3	0.0	1	328266	n/a
160.294921875	0.3	1.0	2	328284	n/a
160.30322265625	0.3	1.0	2	328301	n/a
160.3115234375	0.3	0.0	1	328318	n/a
160.31982421875	0.3	0.0	1	328335	n/a
160.328125	0.3	1.0	2	328352	n/a
160.33642578125	0.3	0.0	1	328369	n/a
160.3447265625	0.3	1.0	2	328386	n/a
160.35302734375	0.3	1.0	2	328403	n/a
160.361328125	0.3	0.0	1	328420	n/a
160.36962890625	0.3	0.0	1	328437	n/a
160.3779296875	0.3	1.0	2	328454	n/a
160.38623046875	0.3	0.0	1	328471	n/a
160.39453125	0.3	1.0	2	328488	n/a
160.40283203125	0.3	0.0	1	328505	n/a
160.4111328125	0.3	1.0	2	328522	n/a
160.419921875	0.3	0.0	1	328540	n/a
160.42822265625	0.3	1.0	2	328557	n/a
160.4365234375	0.3	1.0	2	328574	n/a
160.44482421875	0.3	0.0	1	328591	n/a
160.453125	0.3	0.0	1	328608	n/a
160.46142578125	0.3	1.0	2	328625	n/a
160.4697265625	0.3	0.0	1	328642	n/a
160.47802734375	0.3	1.0	2	328659	n/a
160.486328125	0.3	0.0	1	328676	n/a
160.49462890625	0.3	1.0	2	328693	n/a
160.5029296875	0.3	1.0	2	328710	n/a
160.51123046875	0.3	0.0	1	328727	n/a
160.51953125	0.3	0.0	1	328744	n/a
160.52783203125	0.3	1.0	2	328761	n/a
160.5361328125	0.3	0.0	1	328778	n/a
160.544921875	0.3	1.0	2	328796	n/a
160.55322265625	0.3	0.0	1	328813	n/a
160.5615234375	0.3	1.0	2	328830	n/a
160.56982421875	0.3	1.0	2	328847	n/a
160.578125	0.3	0.0	1	328864	n/a
160.58642578125	0.3	0.0	1	328881	n/a
160.5947265625	0.3	1.0	2	328898	n/a
160.60302734375	0.3	1.0	2	328915	n/a
160.611328125	0.3	0.0	1	328932	n/a
160.61962890625	0.3	1.0	2	328949	n/a
160.6279296875	0.3	0.0	1	328966	n/a
160.63623046875	0.3	1.0	2	328983	n/a
160.64453125	0.3	0.0	1	329000	n/a
160.65283203125	0.3	0.0	1	329017	n/a
160.6611328125	0.3	1.0	2	329034	n/a
160.669921875	0.3	0.0	1	329052	n/a
160.67822265625	0.3	1.0	2	329069	n/a
160.6865234375	0.3	1.0	2	329086	n/a
160.69482421875	0.3	0.0	1	329103	n/a
160.703125	0.3	0.0	1	329120	n/a
160.71142578125	0.3	1.0	2	329137	n/a
160.7197265625	0.3	0.0	1	329154	n/a
160.72802734375	0.3	1.0	2	329171	n/a
160.736328125	0.3	0.0	1	329188	n/a
160.74462890625	0.3	1.0	2	329205	n/a
160.7529296875	0.3	1.0	2	329222	n/a
160.76123046875	0.3	0.0	1	329239	n/a
160.76953125	0.3	0.0	1	329256	n/a
160.77783203125	0.3	1.0	2	329273	n/a
160.7861328125	0.3	0.0	1	329290	n/a
160.794921875	0.3	1.0	2	329308	n/a
160.80322265625	0.3	1.0	2	329325	n/a
160.8115234375	0.3	0.0	1	329342	n/a
160.81982421875	0.3	0.0	1	329359	n/a
160.828125	0.3	1.0	2	329376	n/a
160.83642578125	0.3	0.0	1	329393	n/a
160.8447265625	0.3	1.0	2	329410	n/a
160.85302734375	0.3	1.0	2	329427	n/a
160.861328125	0.3	0.0	1	329444	n/a
160.86962890625	0.3	0.0	1	329461	n/a
160.8779296875	0.3	1.0	2	329478	n/a
160.88623046875	0.3	1.0	2	329495	n/a
160.89453125	0.3	0.0	1	329512	n/a
160.90283203125	0.3	1.0	2	329529	n/a
160.9111328125	0.3	0.0	1	329546	n/a
160.919921875	0.3	0.0	1	329564	n/a
160.92822265625	0.3	1.0	2	329581	n/a
160.9365234375	0.3	1.0	2	329598	n/a
160.94482421875	0.3	0.0	1	329615	n/a
160.953125	0.3	0.0	1	329632	n/a
160.96142578125	0.3	1.0	2	329649	n/a
160.9697265625	0.3	0.0	1	329666	n/a
160.97802734375	0.3	1.0	2	329683	n/a
160.986328125	0.3	0.0	1	329700	n/a
160.99462890625	0.3	1.0	2	329717	n/a
161.0029296875	0.3	0.0	1	329734	n/a
161.01123046875	0.3	1.0	2	329751	n/a
161.01953125	0.3	1.0	2	329768	n/a
161.02783203125	0.3	0.0	1	329785	n/a
161.0361328125	0.3	0.0	1	329802	n/a
161.044921875	0.3	1.0	2	329820	n/a
161.05322265625	0.3	0.0	1	329837	n/a
161.0615234375	0.3	1.0	2	329854	n/a
161.06982421875	0.3	1.0	2	329871	n/a
161.078125	0.3	0.0	1	329888	n/a
161.08642578125	0.3	1.0	2	329905	n/a
161.0947265625	0.3	0.0	1	329922	n/a
161.10302734375	0.3	0.0	1	329939	n/a
161.111328125	0.3	1.0	2	329956	n/a
161.11962890625	0.3	1.0	2	329973	n/a
161.1279296875	0.3	0.0	1	329990	n/a
161.13623046875	0.3	0.0	1	330007	n/a
161.14453125	0.3	1.0	2	330024	n/a
161.15283203125	0.3	0.0	1	330041	n/a
161.1611328125	0.3	1.0	2	330058	n/a
161.169921875	0.3	1.0	2	330076	n/a
161.17822265625	0.3	0.0	1	330093	n/a
161.1865234375	0.3	1.0	2	330110	n/a
161.19482421875	0.3	0.0	1	330127	n/a
161.203125	0.3	1.0	2	330144	n/a
161.21142578125	0.3	0.0	1	330161	n/a
161.2197265625	0.3	1.0	2	330178	n/a
161.22802734375	0.3	0.0	1	330195	n/a
161.236328125	0.3	0.0	1	330212	n/a
161.24462890625	0.3	1.0	2	330229	n/a
161.2529296875	0.3	0.0	1	330246	n/a
161.26123046875	0.3	1.0	2	330263	n/a
161.26953125	0.3	0.0	1	330280	n/a
161.27783203125	0.3	1.0	2	330297	n/a
161.2861328125	0.3	0.0	1	330314	n/a
161.294921875	0.3	1.0	2	330332	n/a
161.30322265625	0.3	0.0	1	330349	n/a
161.3115234375	0.3	1.0	2	330366	n/a
161.31982421875	0.3	0.0	1	330383	n/a
161.328125	0.3	1.0	2	330400	n/a
161.33642578125	0.3	0.0	1	330417	n/a
161.3447265625	0.3	1.0	2	330434	n/a
161.35302734375	0.3	1.0	2	330451	n/a
161.361328125	0.3	0.0	1	330468	n/a
161.36962890625	0.3	0.0	1	330485	n/a
161.3779296875	0.3	1.0	2	330502	n/a
161.38623046875	0.3	0.0	1	330519	n/a
161.39453125	0.3	1.0	2	330536	n/a
161.40283203125	0.3	1.0	2	330553	n/a
161.4111328125	0.3	0.0	1	330570	n/a
161.419921875	0.3	0.0	1	330588	n/a
161.42822265625	0.3	1.0	2	330605	n/a
161.4365234375	0.3	0.0	1	330622	n/a
161.44482421875	0.3	1.0	2	330639	n/a
161.453125	0.3	0.0	1	330656	n/a
161.46142578125	0.3	1.0	2	330673	n/a
161.4697265625	0.3	0.0	1	330690	n/a
161.47802734375	0.3	1.0	2	330707	n/a
161.486328125	0.3	1.0	2	330724	n/a
161.49462890625	0.3	0.0	1	330741	n/a
161.5029296875	0.3	0.0	1	330758	n/a
161.51123046875	0.3	1.0	2	330775	n/a
161.51953125	0.3	0.0	1	330792	n/a
161.52783203125	0.3	1.0	2	330809	n/a
161.5361328125	0.3	0.0	1	330826	n/a
161.544921875	0.3	1.0	2	330844	n/a
163.92041015625	0.3	0.0	1	335709	26.0
163.9287109375	0.3	1.0	2	335726	n/a
163.93701171875	0.3	0.0	1	335743	n/a
163.9453125	0.3	1.0	2	335760	n/a
163.95361328125	0.3	0.0	1	335777	n/a
163.9619140625	0.3	1.0	2	335794	n/a
163.97021484375	0.3	0.0	1	335811	n/a
163.978515625	0.3	1.0	2	335828	n/a
163.9873046875	0.3	1.0	2	335846	n/a
163.99560546875	0.3	0.0	1	335863	n/a
164.00390625	0.3	0.0	1	335880	n/a
164.01220703125	0.3	1.0	2	335897	n/a
164.0205078125	0.3	0.0	1	335914	n/a
164.02880859375	0.3	1.0	2	335931	n/a
164.037109375	0.3	1.0	2	335948	n/a
164.04541015625	0.3	0.0	1	335965	n/a
164.0537109375	0.3	0.0	1	335982	n/a
164.06201171875	0.3	1.0	2	335999	n/a
164.0703125	0.3	1.0	2	336016	n/a
164.07861328125	0.3	0.0	1	336033	n/a
164.0869140625	0.3	1.0	2	336050	n/a
164.09521484375	0.3	0.0	1	336067	n/a
164.103515625	0.3	0.0	1	336084	n/a
164.1123046875	0.3	1.0	2	336102	n/a
164.12060546875	0.3	1.0	2	336119	n/a
164.12890625	0.3	0.0	1	336136	n/a
164.13720703125	0.3	1.0	2	336153	n/a
164.1455078125	0.3	0.0	1	336170	n/a
164.15380859375	0.3	0.0	1	336187	n/a
164.162109375	0.3	1.0	2	336204	n/a
164.17041015625	0.3	1.0	2	336221	n/a
164.1787109375	0.3	0.0	1	336238	n/a
164.18701171875	0.3	1.0	2	336255	n/a
164.1953125	0.3	0.0	1	336272	n/a
164.20361328125	0.3	0.0	1	336289	n/a
164.2119140625	0.3	1.0	2	336306	n/a
164.22021484375	0.3	0.0	1	336323	n/a
164.228515625	0.3	1.0	2	336340	n/a
164.2373046875	0.3	0.0	1	336358	n/a
164.24560546875	0.3	1.0	2	336375	n/a
164.25390625	0.3	1.0	2	336392	n/a
164.26220703125	0.3	0.0	1	336409	n/a
164.2705078125	0.3	1.0	2	336426	n/a
164.27880859375	0.3	0.0	1	336443	n/a
164.287109375	0.3	0.0	1	336460	n/a
164.29541015625	0.3	1.0	2	336477	n/a
164.3037109375	0.3	1.0	2	336494	n/a
164.31201171875	0.3	0.0	1	336511	n/a
164.3203125	0.3	0.0	1	336528	n/a
164.32861328125	0.3	1.0	2	336545	n/a
164.3369140625	0.3	1.0	2	336562	n/a
164.34521484375	0.3	0.0	1	336579	n/a
164.353515625	0.3	1.0	2	336596	n/a
164.3623046875	0.3	0.0	1	336614	n/a
164.37060546875	0.3	0.0	1	336631	n/a
164.37890625	0.3	1.0	2	336648	n/a
164.38720703125	0.3	1.0	2	336665	n/a
164.3955078125	0.3	0.0	1	336682	n/a
164.40380859375	0.3	1.0	2	336699	n/a
164.412109375	0.3	0.0	1	336716	n/a
164.42041015625	0.3	1.0	2	336733	n/a
164.4287109375	0.3	0.0	1	336750	n/a
164.43701171875	0.3	0.0	1	336767	n/a
164.4453125	0.3	1.0	2	336784	n/a
164.45361328125	0.3	0.0	1	336801	n/a
164.4619140625	0.3	1.0	2	336818	n/a
164.47021484375	0.3	1.0	2	336835	n/a
164.478515625	0.3	0.0	1	336852	n/a
164.4873046875	0.3	0.0	1	336870	n/a
164.49560546875	0.3	1.0	2	336887	n/a
164.50390625	0.3	0.0	1	336904	n/a
164.51220703125	0.3	1.0	2	336921	n/a
164.5205078125	0.3	0.0	1	336938	n/a
164.52880859375	0.3	1.0	2	336955	n/a
164.537109375	0.3	0.0	1	336972	n/a
164.54541015625	0.3	1.0	2	336989	n/a
164.5537109375	0.3	0.0	1	337006	n/a
164.56201171875	0.3	1.0	2	337023	n/a
164.5703125	0.3	1.0	2	337040	n/a
164.57861328125	0.3	0.0	1	337057	n/a
164.5869140625	0.3	0.0	1	337074	n/a
164.59521484375	0.3	1.0	2	337091	n/a
164.603515625	0.3	1.0	2	337108	n/a
164.6123046875	0.3	0.0	1	337126	n/a
164.62060546875	0.3	0.0	1	337143	n/a
164.62890625	0.3	1.0	2	337160	n/a
164.63720703125	0.3	1.0	2	337177	n/a
164.6455078125	0.3	0.0	1	337194	n/a
164.65380859375	0.3	0.0	1	337211	n/a
164.662109375	0.3	1.0	2	337228	n/a
164.67041015625	0.3	1.0	2	337245	n/a
164.6787109375	0.3	0.0	1	337262	n/a
164.68701171875	0.3	1.0	2	337279	n/a
164.6953125	0.3	0.0	1	337296	n/a
164.70361328125	0.3	0.0	1	337313	n/a
164.7119140625	0.3	1.0	2	337330	n/a
164.72021484375	0.3	1.0	2	337347	n/a
164.728515625	0.3	0.0	1	337364	n/a
164.7373046875	0.3	1.0	2	337382	n/a
164.74560546875	0.3	0.0	1	337399	n/a
164.75390625	0.3	0.0	1	337416	n/a
164.76220703125	0.3	1.0	2	337433	n/a
164.7705078125	0.3	1.0	2	337450	n/a
164.77880859375	0.3	0.0	1	337467	n/a
164.787109375	0.3	0.0	1	337484	n/a
164.79541015625	0.3	1.0	2	337501	n/a
164.8037109375	0.3	1.0	2	337518	n/a
164.81201171875	0.3	0.0	1	337535	n/a
164.8203125	0.3	1.0	2	337552	n/a
164.82861328125	0.3	0.0	1	337569	n/a
164.8369140625	0.3	0.0	1	337586	n/a
164.84521484375	0.3	1.0	2	337603	n/a
164.853515625	0.3	1.0	2	337620	n/a
164.8623046875	0.3	0.0	1	337638	n/a
164.87060546875	0.3	0.0	1	337655	n/a
164.87890625	0.3	1.0	2	337672	n/a
164.88720703125	0.3	0.0	1	337689	n/a
164.8955078125	0.3	1.0	2	337706	n/a
164.90380859375	0.3	1.0	2	337723	n/a
164.912109375	0.3	0.0	1	337740	n/a
164.92041015625	0.3	0.0	1	337757	n/a
164.9287109375	0.3	1.0	2	337774	n/a
164.93701171875	0.3	1.0	2	337791	n/a
164.9453125	0.3	0.0	1	337808	n/a
164.95361328125	0.3	1.0	2	337825	n/a
164.9619140625	0.3	0.0	1	337842	n/a
164.97021484375	0.3	0.0	1	337859	n/a
164.978515625	0.3	1.0	2	337876	n/a
164.9873046875	0.3	0.0	1	337894	n/a
164.99560546875	0.3	1.0	2	337911	n/a
165.00390625	0.3	0.0	1	337928	n/a
165.01220703125	0.3	1.0	2	337945	n/a
165.0205078125	0.3	0.0	1	337962	n/a
165.02880859375	0.3	1.0	2	337979	n/a
165.037109375	0.3	1.0	2	337996	n/a
165.04541015625	0.3	0.0	1	338013	n/a
165.0537109375	0.3	0.0	1	338030	n/a
165.06201171875	0.3	1.0	2	338047	n/a
165.0703125	0.3	0.0	1	338064	n/a
165.07861328125	0.3	1.0	2	338081	n/a
165.0869140625	0.3	1.0	2	338098	n/a
165.09521484375	0.3	0.0	1	338115	n/a
165.103515625	0.3	0.0	1	338132	n/a
165.1123046875	0.3	1.0	2	338150	n/a
165.12060546875	0.3	1.0	2	338167	n/a
165.12890625	0.3	0.0	1	338184	n/a
165.13720703125	0.3	1.0	2	338201	n/a
165.1455078125	0.3	0.0	1	338218	n/a
165.15380859375	0.3	0.0	1	338235	n/a
165.162109375	0.3	1.0	2	338252	n/a
165.17041015625	0.3	1.0	2	338269	n/a
165.1787109375	0.3	0.0	1	338286	n/a
165.18701171875	0.3	1.0	2	338303	n/a
165.1953125	0.3	0.0	1	338320	n/a
165.20361328125	0.3	0.0	1	338337	n/a
165.2119140625	0.3	1.0	2	338354	n/a
165.22021484375	0.3	1.0	2	338371	n/a
165.228515625	0.3	0.0	1	338388	n/a
165.2373046875	0.3	1.0	2	338406	n/a
165.24560546875	0.3	0.0	1	338423	n/a
165.25390625	0.3	0.0	1	338440	n/a
165.26220703125	0.3	1.0	2	338457	n/a
165.2705078125	0.3	0.0	1	338474	n/a
165.27880859375	0.3	1.0	2	338491	n/a
165.287109375	0.3	0.0	1	338508	n/a
165.29541015625	0.3	1.0	2	338525	n/a
165.3037109375	0.3	1.0	2	338542	n/a
165.31201171875	0.3	0.0	1	338559	n/a
165.3203125	0.3	1.0	2	338576	n/a
165.32861328125	0.3	0.0	1	338593	n/a
165.3369140625	0.3	0.0	1	338610	n/a
165.34521484375	0.3	1.0	2	338627	n/a
165.353515625	0.3	1.0	2	338644	n/a
165.3623046875	0.3	0.0	1	338662	n/a
165.37060546875	0.3	0.0	1	338679	n/a
165.37890625	0.3	1.0	2	338696	n/a
165.38720703125	0.3	1.0	2	338713	n/a
165.3955078125	0.3	0.0	1	338730	n/a
165.40380859375	0.3	1.0	2	338747	n/a
165.412109375	0.3	0.0	1	338764	n/a
165.42041015625	0.3	0.0	1	338781	n/a
165.4287109375	0.3	1.0	2	338798	n/a
165.43701171875	0.3	1.0	2	338815	n/a
165.4453125	0.3	0.0	1	338832	n/a
165.45361328125	0.3	1.0	2	338849	n/a
165.4619140625	0.3	0.0	1	338866	n/a
165.47021484375	0.3	1.0	2	338883	n/a
165.478515625	0.3	0.0	1	338900	n/a
165.4873046875	0.3	0.0	1	338918	n/a
165.49560546875	0.3	1.0	2	338935	n/a
165.50390625	0.3	0.0	1	338952	n/a
165.51220703125	0.3	1.0	2	338969	n/a
165.5205078125	0.3	1.0	2	338986	n/a
165.52880859375	0.3	0.0	1	339003	n/a
165.537109375	0.3	0.0	1	339020	n/a
165.54541015625	0.3	1.0	2	339037	n/a
165.5537109375	0.3	0.0	1	339054	n/a
165.56201171875	0.3	1.0	2	339071	n/a
165.5703125	0.3	0.0	1	339088	n/a
165.57861328125	0.3	1.0	2	339105	n/a
165.5869140625	0.3	0.0	1	339122	n/a
165.59521484375	0.3	1.0	2	339139	n/a
165.603515625	0.3	0.0	1	339156	n/a
165.6123046875	0.3	1.0	2	339174	n/a
165.62060546875	0.3	1.0	2	339191	n/a
165.62890625	0.3	0.0	1	339208	n/a
165.63720703125	0.3	0.0	1	339225	n/a
165.6455078125	0.3	1.0	2	339242	n/a
165.65380859375	0.3	1.0	2	339259	n/a
165.662109375	0.3	0.0	1	339276	n/a
165.67041015625	0.3	0.0	1	339293	n/a
165.6787109375	0.3	1.0	2	339310	n/a
165.68701171875	0.3	1.0	2	339327	n/a
165.6953125	0.3	0.0	1	339344	n/a
165.70361328125	0.3	0.0	1	339361	n/a
165.7119140625	0.3	1.0	2	339378	n/a
165.72021484375	0.3	1.0	2	339395	n/a
165.728515625	0.3	0.0	1	339412	n/a
165.7373046875	0.3	1.0	2	339430	n/a
165.74560546875	0.3	0.0	1	339447	n/a
165.75390625	0.3	0.0	1	339464	n/a
165.76220703125	0.3	1.0	2	339481	n/a
165.7705078125	0.3	1.0	2	339498	n/a
165.77880859375	0.3	0.0	1	339515	n/a
165.787109375	0.3	1.0	2	339532	n/a
165.79541015625	0.3	0.0	1	339549	n/a
165.8037109375	0.3	0.0	1	339566	n/a
165.81201171875	0.3	1.0	2	339583	n/a
165.8203125	0.3	1.0	2	339600	n/a
165.82861328125	0.3	0.0	1	339617	n/a
165.8369140625	0.3	0.0	1	339634	n/a
165.84521484375	0.3	1.0	2	339651	n/a
165.853515625	0.3	1.0	2	339668	n/a
165.8623046875	0.3	0.0	1	339686	n/a
165.87060546875	0.3	1.0	2	339703	n/a
165.87890625	0.3	0.0	1	339720	n/a
165.88720703125	0.3	0.0	1	339737	n/a
165.8955078125	0.3	1.0	2	339754	n/a
165.90380859375	0.3	1.0	2	339771	n/a
165.912109375	0.3	0.0	1	339788	n/a
165.92041015625	0.3	0.0	1	339805	n/a
165.9287109375	0.3	1.0	2	339822	n/a
165.93701171875	0.3	0.0	1	339839	n/a
165.9453125	0.3	1.0	2	339856	n/a
165.95361328125	0.3	1.0	2	339873	n/a
165.9619140625	0.3	0.0	1	339890	n/a
165.97021484375	0.3	0.0	1	339907	n/a
165.978515625	0.3	1.0	2	339924	n/a
165.9873046875	0.3	1.0	2	339942	n/a
165.99560546875	0.3	0.0	1	339959	n/a
166.00390625	0.3	1.0	2	339976	n/a
166.01220703125	0.3	0.0	1	339993	n/a
166.0205078125	0.3	0.0	1	340010	n/a
166.02880859375	0.3	1.0	2	340027	n/a
166.037109375	0.3	0.0	1	340044	n/a
166.04541015625	0.3	1.0	2	340061	n/a
166.0537109375	0.3	0.0	1	340078	n/a
166.06201171875	0.3	1.0	2	340095	n/a
166.0703125	0.3	0.0	1	340112	n/a
166.07861328125	0.3	1.0	2	340129	n/a
166.0869140625	0.3	1.0	2	340146	n/a
166.09521484375	0.3	0.0	1	340163	n/a
166.103515625	0.3	0.0	1	340180	n/a
166.1123046875	0.3	1.0	2	340198	n/a
166.12060546875	0.3	0.0	1	340215	n/a
166.12890625	0.3	1.0	2	340232	n/a
166.13720703125	0.3	1.0	2	340249	n/a
166.1455078125	0.3	0.0	1	340266	n/a
166.15380859375	0.3	0.0	1	340283	n/a
166.162109375	0.3	1.0	2	340300	n/a
166.17041015625	0.3	1.0	2	340317	n/a
166.1787109375	0.3	0.0	1	340334	n/a
166.18701171875	0.3	1.0	2	340351	n/a
166.1953125	0.3	0.0	1	340368	n/a
166.20361328125	0.3	0.0	1	340385	n/a
166.2119140625	0.3	1.0	2	340402	n/a
166.22021484375	0.3	1.0	2	340419	n/a
166.228515625	0.3	0.0	1	340436	n/a
166.2373046875	0.3	1.0	2	340454	n/a
166.24560546875	0.3	0.0	1	340471	n/a
166.25390625	0.3	0.0	1	340488	n/a
166.26220703125	0.3	1.0	2	340505	n/a
166.2705078125	0.3	1.0	2	340522	n/a
166.27880859375	0.3	0.0	1	340539	n/a
166.287109375	0.3	1.0	2	340556	n/a
166.29541015625	0.3	0.0	1	340573	n/a
166.3037109375	0.3	0.0	1	340590	n/a
166.31201171875	0.3	1.0	2	340607	n/a
166.3203125	0.3	0.0	1	340624	n/a
166.32861328125	0.3	1.0	2	340641	n/a
166.3369140625	0.3	0.0	1	340658	n/a
166.34521484375	0.3	1.0	2	340675	n/a
166.353515625	0.3	1.0	2	340692	n/a
166.3623046875	0.3	0.0	1	340710	n/a
166.37060546875	0.3	1.0	2	340727	n/a
166.37890625	0.3	0.0	1	340744	n/a
166.38720703125	0.3	0.0	1	340761	n/a
166.3955078125	0.3	1.0	2	340778	n/a
166.40380859375	0.3	1.0	2	340795	n/a
166.412109375	0.3	0.0	1	340812	n/a
166.42041015625	0.3	0.0	1	340829	n/a
166.4287109375	0.3	1.0	2	340846	n/a
166.43701171875	0.3	1.0	2	340863	n/a
166.4453125	0.3	0.0	1	340880	n/a
166.45361328125	0.3	1.0	2	340897	n/a
166.4619140625	0.3	0.0	1	340914	n/a
166.47021484375	0.3	0.0	1	340931	n/a
166.478515625	0.3	1.0	2	340948	n/a
166.4873046875	0.3	1.0	2	340966	n/a
166.49560546875	0.3	0.0	1	340983	n/a
166.50390625	0.3	1.0	2	341000	n/a
166.51220703125	0.3	0.0	1	341017	n/a
166.5205078125	0.3	1.0	2	341034	n/a
166.52880859375	0.3	0.0	1	341051	n/a
166.537109375	0.3	0.0	1	341068	n/a
166.54541015625	0.3	1.0	2	341085	n/a
166.5537109375	0.3	0.0	1	341102	n/a
166.56201171875	0.3	1.0	2	341119	n/a
166.5703125	0.3	1.0	2	341136	n/a
166.57861328125	0.3	0.0	1	341153	n/a
166.5869140625	0.3	0.0	1	341170	n/a
166.59521484375	0.3	1.0	2	341187	n/a
166.603515625	0.3	0.0	1	341204	n/a
166.6123046875	0.3	1.0	2	341222	n/a
166.62060546875	0.3	0.0	1	341239	n/a
166.62890625	0.3	1.0	2	341256	n/a
166.63720703125	0.3	0.0	1	341273	n/a
166.6455078125	0.3	1.0	2	341290	n/a
166.65380859375	0.3	0.0	1	341307	n/a
166.662109375	0.3	1.0	2	341324	n/a
166.67041015625	0.3	1.0	2	341341	n/a
166.6787109375	0.3	0.0	1	341358	n/a
166.68701171875	0.3	0.0	1	341375	n/a
166.6953125	0.3	1.0	2	341392	n/a
166.70361328125	0.3	1.0	2	341409	n/a
166.7119140625	0.3	0.0	1	341426	n/a
166.72021484375	0.3	0.0	1	341443	n/a
166.728515625	0.3	1.0	2	341460	n/a
166.7373046875	0.3	1.0	2	341478	n/a
166.74560546875	0.3	0.0	1	341495	n/a
166.75390625	0.3	0.0	1	341512	n/a
166.76220703125	0.3	1.0	2	341529	n/a
166.7705078125	0.3	1.0	2	341546	n/a
166.77880859375	0.3	0.0	1	341563	n/a
166.787109375	0.3	1.0	2	341580	n/a
166.79541015625	0.3	0.0	1	341597	n/a
166.8037109375	0.3	0.0	1	341614	n/a
166.81201171875	0.3	1.0	2	341631	n/a
166.8203125	0.3	1.0	2	341648	n/a
166.82861328125	0.3	0.0	1	341665	n/a
166.8369140625	0.3	1.0	2	341682	n/a
166.84521484375	0.3	0.0	1	341699	n/a
166.853515625	0.3	0.0	1	341716	n/a
166.8623046875	0.3	1.0	2	341734	n/a
166.87060546875	0.3	1.0	2	341751	n/a
166.87890625	0.3	0.0	1	341768	n/a
166.88720703125	0.3	0.0	1	341785	n/a
166.8955078125	0.3	1.0	2	341802	n/a
166.90380859375	0.3	1.0	2	341819	n/a
166.912109375	0.3	0.0	1	341836	n/a
166.92041015625	0.3	1.0	2	341853	n/a
166.9287109375	0.3	0.0	1	341870	n/a
166.93701171875	0.3	0.0	1	341887	n/a
166.9453125	0.3	1.0	2	341904	n/a
166.95361328125	0.3	1.0	2	341921	n/a
166.9619140625	0.3	0.0	1	341938	n/a
166.97021484375	0.3	0.0	1	341955	n/a
166.978515625	0.3	1.0	2	341972	n/a
166.9873046875	0.3	0.0	1	341990	n/a
166.99560546875	0.3	1.0	2	342007	n/a
167.00390625	0.3	1.0	2	342024	n/a
167.01220703125	0.3	0.0	1	342041	n/a
167.0205078125	0.3	0.0	1	342058	n/a
167.02880859375	0.3	1.0	2	342075	n/a
167.037109375	0.3	1.0	2	342092	n/a
167.04541015625	0.3	0.0	1	342109	n/a
167.0537109375	0.3	1.0	2	342126	n/a
167.06201171875	0.3	0.0	1	342143	n/a
167.0703125	0.3	0.0	1	342160	n/a
167.07861328125	0.3	1.0	2	342177	n/a
167.0869140625	0.3	0.0	1	342194	n/a
167.09521484375	0.3	1.0	2	342211	n/a
167.103515625	0.3	0.0	1	342228	n/a
167.1123046875	0.3	1.0	2	342246	n/a
167.12060546875	0.3	0.0	1	342263	n/a
167.12890625	0.3	1.0	2	342280	n/a
167.13720703125	0.3	1.0	2	342297	n/a
167.1455078125	0.3	0.0	1	342314	n/a
167.15380859375	0.3	0.0	1	342331	n/a
167.162109375	0.3	1.0	2	342348	n/a
167.17041015625	0.3	0.0	1	342365	n/a
167.1787109375	0.3	1.0	2	342382	n/a
167.18701171875	0.3	1.0	2	342399	n/a
167.1953125	0.3	0.0	1	342416	n/a
167.20361328125	0.3	0.0	1	342433	n/a
167.2119140625	0.3	1.0	2	342450	n/a
167.22021484375	0.3	1.0	2	342467	n/a
167.228515625	0.3	0.0	1	342484	n/a
167.2373046875	0.3	1.0	2	342502	n/a
167.24560546875	0.3	0.0	1	342519	n/a
167.25390625	0.3	0.0	1	342536	n/a
167.26220703125	0.3	1.0	2	342553	n/a
167.2705078125	0.3	1.0	2	342570	n/a
167.27880859375	0.3	0.0	1	342587	n/a
167.287109375	0.3	1.0	2	342604	n/a
167.29541015625	0.3	0.0	1	342621	n/a
167.3037109375	0.3	0.0	1	342638	n/a
167.31201171875	0.3	1.0	2	342655	n/a
167.3203125	0.3	1.0	2	342672	n/a
167.32861328125	0.3	0.0	1	342689	n/a
167.3369140625	0.3	1.0	2	342706	n/a
167.34521484375	0.3	0.0	1	342723	n/a
167.353515625	0.3	0.0	1	342740	n/a
167.3623046875	0.3	1.0	2	342758	n/a
167.37060546875	0.3	0.0	1	342775	n/a
167.37890625	0.3	1.0	2	342792	n/a
167.38720703125	0.3	0.0	1	342809	n/a
167.3955078125	0.3	1.0	2	342826	n/a
167.40380859375	0.3	1.0	2	342843	n/a
167.412109375	0.3	0.0	1	342860	n/a
167.42041015625	0.3	1.0	2	342877	n/a
167.4287109375	0.3	0.0	1	342894	n/a
167.43701171875	0.3	0.0	1	342911	n/a
167.4453125	0.3	1.0	2	342928	n/a
167.45361328125	0.3	1.0	2	342945	n/a
167.4619140625	0.3	0.0	1	342962	n/a
167.47021484375	0.3	0.0	1	342979	n/a
167.478515625	0.3	1.0	2	342996	n/a
167.4873046875	0.3	1.0	2	343014	n/a
167.49560546875	0.3	0.0	1	343031	n/a
167.50390625	0.3	1.0	2	343048	n/a
167.51220703125	0.3	0.0	1	343065	n/a
167.5205078125	0.3	0.0	1	343082	n/a
167.52880859375	0.3	1.0	2	343099	n/a
167.537109375	0.3	1.0	2	343116	n/a
167.54541015625	0.3	0.0	1	343133	n/a
167.5537109375	0.3	1.0	2	343150	n/a
167.56201171875	0.3	0.0	1	343167	n/a
167.5703125	0.3	1.0	2	343184	n/a
167.57861328125	0.3	0.0	1	343201	n/a
167.5869140625	0.3	0.0	1	343218	n/a
167.59521484375	0.3	1.0	2	343235	n/a
167.603515625	0.3	0.0	1	343252	n/a
167.6123046875	0.3	1.0	2	343270	n/a
167.62060546875	0.3	1.0	2	343287	n/a
167.62890625	0.3	0.0	1	343304	n/a
167.63720703125	0.3	0.0	1	343321	n/a
167.6455078125	0.3	1.0	2	343338	n/a
167.65380859375	0.3	0.0	1	343355	n/a
167.662109375	0.3	1.0	2	343372	n/a
167.67041015625	0.3	0.0	1	343389	n/a
167.6787109375	0.3	1.0	2	343406	n/a
167.68701171875	0.3	0.0	1	343423	n/a
167.6953125	0.3	1.0	2	343440	n/a
167.70361328125	0.3	0.0	1	343457	n/a
167.7119140625	0.3	1.0	2	343474	n/a
167.72021484375	0.3	1.0	2	343491	n/a
167.728515625	0.3	0.0	1	343508	n/a
167.7373046875	0.3	0.0	1	343526	n/a
167.74560546875	0.3	1.0	2	343543	n/a
167.75390625	0.3	1.0	2	343560	n/a
167.76220703125	0.3	0.0	1	343577	n/a
167.7705078125	0.3	0.0	1	343594	n/a
167.77880859375	0.3	1.0	2	343611	n/a
167.787109375	0.3	1.0	2	343628	n/a
167.79541015625	0.3	0.0	1	343645	n/a
167.8037109375	0.3	0.0	1	343662	n/a
167.81201171875	0.3	1.0	2	343679	n/a
167.8203125	0.3	1.0	2	343696	n/a
167.82861328125	0.3	0.0	1	343713	n/a
167.8369140625	0.3	1.0	2	343730	n/a
167.84521484375	0.3	0.0	1	343747	n/a
167.853515625	0.3	0.0	1	343764	n/a
167.8623046875	0.3	1.0	2	343782	n/a
167.87060546875	0.3	1.0	2	343799	n/a
167.87890625	0.3	0.0	1	343816	n/a
167.88720703125	0.3	1.0	2	343833	n/a
167.8955078125	0.3	0.0	1	343850	n/a
167.90380859375	0.3	0.0	1	343867	n/a
167.912109375	0.3	1.0	2	343884	n/a
167.92041015625	0.3	1.0	2	343901	n/a
167.9287109375	0.3	0.0	1	343918	n/a
167.93701171875	0.3	0.0	1	343935	n/a
167.9453125	0.3	1.0	2	343952	n/a
167.95361328125	0.3	1.0	2	343969	n/a
167.9619140625	0.3	0.0	1	343986	n/a
167.97021484375	0.3	1.0	2	344003	n/a
167.978515625	0.3	0.0	1	344020	n/a
167.9873046875	0.3	0.0	1	344038	n/a
167.99560546875	0.3	1.0	2	344055	n/a
168.00390625	0.3	1.0	2	344072	n/a
168.01220703125	0.3	0.0	1	344089	n/a
168.0205078125	0.3	0.0	1	344106	n/a
168.02880859375	0.3	1.0	2	344123	n/a
168.037109375	0.3	0.0	1	344140	n/a
168.04541015625	0.3	1.0	2	344157	n/a
168.0537109375	0.3	1.0	2	344174	n/a
168.06201171875	0.3	0.0	1	344191	n/a
168.0703125	0.3	0.0	1	344208	n/a
168.07861328125	0.3	1.0	2	344225	n/a
168.0869140625	0.3	1.0	2	344242	n/a
168.09521484375	0.3	0.0	1	344259	n/a
168.103515625	0.3	1.0	2	344276	n/a
168.1123046875	0.3	0.0	1	344294	n/a
170.48779296875	0.3	0.0	1	349159	23.0
170.49609375	0.3	1.0	2	349176	n/a
170.50439453125	0.3	1.0	2	349193	n/a
170.5126953125	0.3	0.0	1	349210	n/a
170.52099609375	0.3	0.0	1	349227	n/a
170.529296875	0.3	1.0	2	349244	n/a
170.53759765625	0.3	1.0	2	349261	n/a
170.5458984375	0.3	0.0	1	349278	n/a
170.5546875	0.3	1.0	2	349296	n/a
170.56298828125	0.3	0.0	1	349313	n/a
170.5712890625	0.3	1.0	2	349330	n/a
170.57958984375	0.3	0.0	1	349347	n/a
170.587890625	0.3	0.0	1	349364	n/a
170.59619140625	0.3	1.0	2	349381	n/a
170.6044921875	0.3	1.0	2	349398	n/a
170.61279296875	0.3	0.0	1	349415	n/a
170.62109375	0.3	0.0	1	349432	n/a
170.62939453125	0.3	1.0	2	349449	n/a
170.6376953125	0.3	0.0	1	349466	n/a
170.64599609375	0.3	1.0	2	349483	n/a
170.654296875	0.3	0.0	1	349500	n/a
170.66259765625	0.3	1.0	2	349517	n/a
170.6708984375	0.3	0.0	1	349534	n/a
170.6796875	0.3	1.0	2	349552	n/a
170.68798828125	0.3	1.0	2	349569	n/a
170.6962890625	0.3	0.0	1	349586	n/a
170.70458984375	0.3	0.0	1	349603	n/a
170.712890625	0.3	1.0	2	349620	n/a
170.72119140625	0.3	1.0	2	349637	n/a
170.7294921875	0.3	0.0	1	349654	n/a
170.73779296875	0.3	0.0	1	349671	n/a
170.74609375	0.3	1.0	2	349688	n/a
170.75439453125	0.3	0.0	1	349705	n/a
170.7626953125	0.3	1.0	2	349722	n/a
170.77099609375	0.3	0.0	1	349739	n/a
170.779296875	0.3	1.0	2	349756	n/a
170.78759765625	0.3	1.0	2	349773	n/a
170.7958984375	0.3	0.0	1	349790	n/a
170.8046875	0.3	1.0	2	349808	n/a
170.81298828125	0.3	0.0	1	349825	n/a
170.8212890625	0.3	0.0	1	349842	n/a
170.82958984375	0.3	1.0	2	349859	n/a
170.837890625	0.3	1.0	2	349876	n/a
170.84619140625	0.3	0.0	1	349893	n/a
170.8544921875	0.3	1.0	2	349910	n/a
170.86279296875	0.3	0.0	1	349927	n/a
170.87109375	0.3	1.0	2	349944	n/a
170.87939453125	0.3	0.0	1	349961	n/a
170.8876953125	0.3	1.0	2	349978	n/a
170.89599609375	0.3	0.0	1	349995	n/a
170.904296875	0.3	0.0	1	350012	n/a
170.91259765625	0.3	1.0	2	350029	n/a
170.9208984375	0.3	1.0	2	350046	n/a
170.9296875	0.3	0.0	1	350064	n/a
170.93798828125	0.3	1.0	2	350081	n/a
170.9462890625	0.3	0.0	1	350098	n/a
170.95458984375	0.3	1.0	2	350115	n/a
170.962890625	0.3	0.0	1	350132	n/a
170.97119140625	0.3	1.0	2	350149	n/a
170.9794921875	0.3	0.0	1	350166	n/a
170.98779296875	0.3	0.0	1	350183	n/a
170.99609375	0.3	1.0	2	350200	n/a
171.00439453125	0.3	1.0	2	350217	n/a
171.0126953125	0.3	0.0	1	350234	n/a
171.02099609375	0.3	0.0	1	350251	n/a
171.029296875	0.3	1.0	2	350268	n/a
171.03759765625	0.3	0.0	1	350285	n/a
171.0458984375	0.3	1.0	2	350302	n/a
171.0546875	0.3	1.0	2	350320	n/a
171.06298828125	0.3	0.0	1	350337	n/a
171.0712890625	0.3	0.0	1	350354	n/a
171.07958984375	0.3	1.0	2	350371	n/a
171.087890625	0.3	0.0	1	350388	n/a
171.09619140625	0.3	1.0	2	350405	n/a
171.1044921875	0.3	0.0	1	350422	n/a
171.11279296875	0.3	1.0	2	350439	n/a
171.12109375	0.3	1.0	2	350456	n/a
171.12939453125	0.3	0.0	1	350473	n/a
171.1376953125	0.3	1.0	2	350490	n/a
171.14599609375	0.3	0.0	1	350507	n/a
171.154296875	0.3	0.0	1	350524	n/a
171.16259765625	0.3	1.0	2	350541	n/a
171.1708984375	0.3	0.0	1	350558	n/a
171.1796875	0.3	1.0	2	350576	n/a
171.18798828125	0.3	0.0	1	350593	n/a
171.1962890625	0.3	1.0	2	350610	n/a
171.20458984375	0.3	1.0	2	350627	n/a
171.212890625	0.3	0.0	1	350644	n/a
171.22119140625	0.3	0.0	1	350661	n/a
171.2294921875	0.3	1.0	2	350678	n/a
171.23779296875	0.3	1.0	2	350695	n/a
171.24609375	0.3	0.0	1	350712	n/a
171.25439453125	0.3	0.0	1	350729	n/a
171.2626953125	0.3	1.0	2	350746	n/a
171.27099609375	0.3	1.0	2	350763	n/a
171.279296875	0.3	0.0	1	350780	n/a
171.28759765625	0.3	0.0	1	350797	n/a
171.2958984375	0.3	1.0	2	350814	n/a
171.3046875	0.3	1.0	2	350832	n/a
171.31298828125	0.3	0.0	1	350849	n/a
171.3212890625	0.3	0.0	1	350866	n/a
171.32958984375	0.3	1.0	2	350883	n/a
171.337890625	0.3	1.0	2	350900	n/a
171.34619140625	0.3	0.0	1	350917	n/a
171.3544921875	0.3	0.0	1	350934	n/a
171.36279296875	0.3	1.0	2	350951	n/a
171.37109375	0.3	1.0	2	350968	n/a
171.37939453125	0.3	0.0	1	350985	n/a
171.3876953125	0.3	0.0	1	351002	n/a
171.39599609375	0.3	1.0	2	351019	n/a
171.404296875	0.3	0.0	1	351036	n/a
171.41259765625	0.3	1.0	2	351053	n/a
171.4208984375	0.3	0.0	1	351070	n/a
171.4296875	0.3	1.0	2	351088	n/a
171.43798828125	0.3	1.0	2	351105	n/a
171.4462890625	0.3	0.0	1	351122	n/a
171.45458984375	0.3	1.0	2	351139	n/a
171.462890625	0.3	0.0	1	351156	n/a
171.47119140625	0.3	0.0	1	351173	n/a
171.4794921875	0.3	1.0	2	351190	n/a
171.48779296875	0.3	1.0	2	351207	n/a
171.49609375	0.3	0.0	1	351224	n/a
171.50439453125	0.3	0.0	1	351241	n/a
171.5126953125	0.3	1.0	2	351258	n/a
171.52099609375	0.3	1.0	2	351275	n/a
171.529296875	0.3	0.0	1	351292	n/a
171.53759765625	0.3	0.0	1	351309	n/a
171.5458984375	0.3	1.0	2	351326	n/a
171.5546875	0.3	1.0	2	351344	n/a
171.56298828125	0.3	0.0	1	351361	n/a
171.5712890625	0.3	0.0	1	351378	n/a
171.57958984375	0.3	1.0	2	351395	n/a
171.587890625	0.3	1.0	2	351412	n/a
171.59619140625	0.3	0.0	1	351429	n/a
171.6044921875	0.3	1.0	2	351446	n/a
171.61279296875	0.3	0.0	1	351463	n/a
171.62109375	0.3	1.0	2	351480	n/a
171.62939453125	0.3	0.0	1	351497	n/a
171.6376953125	0.3	0.0	1	351514	n/a
171.64599609375	0.3	1.0	2	351531	n/a
171.654296875	0.3	1.0	2	351548	n/a
171.66259765625	0.3	0.0	1	351565	n/a
171.6708984375	0.3	0.0	1	351582	n/a
171.6796875	0.3	1.0	2	351600	n/a
171.68798828125	0.3	0.0	1	351617	n/a
171.6962890625	0.3	1.0	2	351634	n/a
171.70458984375	0.3	0.0	1	351651	n/a
171.712890625	0.3	1.0	2	351668	n/a
171.72119140625	0.3	0.0	1	351685	n/a
171.7294921875	0.3	1.0	2	351702	n/a
171.73779296875	0.3	1.0	2	351719	n/a
171.74609375	0.3	0.0	1	351736	n/a
171.75439453125	0.3	0.0	1	351753	n/a
171.7626953125	0.3	1.0	2	351770	n/a
171.77099609375	0.3	1.0	2	351787	n/a
171.779296875	0.3	0.0	1	351804	n/a
171.78759765625	0.3	0.0	1	351821	n/a
171.7958984375	0.3	1.0	2	351838	n/a
171.8046875	0.3	0.0	1	351856	n/a
171.81298828125	0.3	1.0	2	351873	n/a
171.8212890625	0.3	0.0	1	351890	n/a
171.82958984375	0.3	1.0	2	351907	n/a
171.837890625	0.3	1.0	2	351924	n/a
171.84619140625	0.3	0.0	1	351941	n/a
171.8544921875	0.3	1.0	2	351958	n/a
171.86279296875	0.3	0.0	1	351975	n/a
171.87109375	0.3	0.0	1	351992	n/a
171.87939453125	0.3	1.0	2	352009	n/a
171.8876953125	0.3	1.0	2	352026	n/a
171.89599609375	0.3	0.0	1	352043	n/a
171.904296875	0.3	1.0	2	352060	n/a
171.91259765625	0.3	0.0	1	352077	n/a
171.9208984375	0.3	1.0	2	352094	n/a
171.9296875	0.3	0.0	1	352112	n/a
171.93798828125	0.3	1.0	2	352129	n/a
171.9462890625	0.3	0.0	1	352146	n/a
171.95458984375	0.3	0.0	1	352163	n/a
171.962890625	0.3	1.0	2	352180	n/a
171.97119140625	0.3	1.0	2	352197	n/a
171.9794921875	0.3	0.0	1	352214	n/a
171.98779296875	0.3	1.0	2	352231	n/a
171.99609375	0.3	0.0	1	352248	n/a
172.00439453125	0.3	1.0	2	352265	n/a
172.0126953125	0.3	0.0	1	352282	n/a
172.02099609375	0.3	1.0	2	352299	n/a
172.029296875	0.3	0.0	1	352316	n/a
172.03759765625	0.3	0.0	1	352333	n/a
172.0458984375	0.3	1.0	2	352350	n/a
172.0546875	0.3	1.0	2	352368	n/a
172.06298828125	0.3	0.0	1	352385	n/a
172.0712890625	0.3	0.0	1	352402	n/a
172.07958984375	0.3	1.0	2	352419	n/a
172.087890625	0.3	0.0	1	352436	n/a
172.09619140625	0.3	1.0	2	352453	n/a
172.1044921875	0.3	1.0	2	352470	n/a
172.11279296875	0.3	0.0	1	352487	n/a
172.12109375	0.3	0.0	1	352504	n/a
172.12939453125	0.3	1.0	2	352521	n/a
172.1376953125	0.3	0.0	1	352538	n/a
172.14599609375	0.3	1.0	2	352555	n/a
172.154296875	0.3	0.0	1	352572	n/a
172.16259765625	0.3	1.0	2	352589	n/a
172.1708984375	0.3	1.0	2	352606	n/a
172.1796875	0.3	0.0	1	352624	n/a
172.18798828125	0.3	1.0	2	352641	n/a
172.1962890625	0.3	0.0	1	352658	n/a
172.20458984375	0.3	0.0	1	352675	n/a
172.212890625	0.3	1.0	2	352692	n/a
172.22119140625	0.3	0.0	1	352709	n/a
172.2294921875	0.3	1.0	2	352726	n/a
172.23779296875	0.3	0.0	1	352743	n/a
172.24609375	0.3	1.0	2	352760	n/a
172.25439453125	0.3	1.0	2	352777	n/a
172.2626953125	0.3	0.0	1	352794	n/a
172.27099609375	0.3	0.0	1	352811	n/a
172.279296875	0.3	1.0	2	352828	n/a
172.28759765625	0.3	1.0	2	352845	n/a
172.2958984375	0.3	0.0	1	352862	n/a
172.3046875	0.3	0.0	1	352880	n/a
172.31298828125	0.3	1.0	2	352897	n/a
172.3212890625	0.3	1.0	2	352914	n/a
172.32958984375	0.3	0.0	1	352931	n/a
172.337890625	0.3	0.0	1	352948	n/a
172.34619140625	0.3	1.0	2	352965	n/a
172.3544921875	0.3	1.0	2	352982	n/a
172.36279296875	0.3	0.0	1	352999	n/a
172.37109375	0.3	0.0	1	353016	n/a
172.37939453125	0.3	1.0	2	353033	n/a
172.3876953125	0.3	1.0	2	353050	n/a
172.39599609375	0.3	0.0	1	353067	n/a
172.404296875	0.3	0.0	1	353084	n/a
172.41259765625	0.3	1.0	2	353101	n/a
172.4208984375	0.3	1.0	2	353118	n/a
172.4296875	0.3	0.0	1	353136	n/a
172.43798828125	0.3	0.0	1	353153	n/a
172.4462890625	0.3	1.0	2	353170	n/a
172.45458984375	0.3	0.0	1	353187	n/a
172.462890625	0.3	1.0	2	353204	n/a
172.47119140625	0.3	0.0	1	353221	n/a
172.4794921875	0.3	1.0	2	353238	n/a
172.48779296875	0.3	1.0	2	353255	n/a
172.49609375	0.3	0.0	1	353272	n/a
172.50439453125	0.3	1.0	2	353289	n/a
172.5126953125	0.3	0.0	1	353306	n/a
172.52099609375	0.3	0.0	1	353323	n/a
172.529296875	0.3	1.0	2	353340	n/a
172.53759765625	0.3	1.0	2	353357	n/a
172.5458984375	0.3	0.0	1	353374	n/a
172.5546875	0.3	0.0	1	353392	n/a
172.56298828125	0.3	1.0	2	353409	n/a
172.5712890625	0.3	1.0	2	353426	n/a
172.57958984375	0.3	0.0	1	353443	n/a
172.587890625	0.3	0.0	1	353460	n/a
172.59619140625	0.3	1.0	2	353477	n/a
172.6044921875	0.3	1.0	2	353494	n/a
172.61279296875	0.3	0.0	1	353511	n/a
172.62109375	0.3	0.0	1	353528	n/a
172.62939453125	0.3	1.0	2	353545	n/a
172.6376953125	0.3	1.0	2	353562	n/a
172.64599609375	0.3	0.0	1	353579	n/a
172.654296875	0.3	1.0	2	353596	n/a
172.66259765625	0.3	0.0	1	353613	n/a
172.6708984375	0.3	1.0	2	353630	n/a
172.6796875	0.3	0.0	1	353648	n/a
172.68798828125	0.3	0.0	1	353665	n/a
172.6962890625	0.3	1.0	2	353682	n/a
172.70458984375	0.3	1.0	2	353699	n/a
172.712890625	0.3	0.0	1	353716	n/a
172.72119140625	0.3	0.0	1	353733	n/a
172.7294921875	0.3	1.0	2	353750	n/a
172.73779296875	0.3	0.0	1	353767	n/a
172.74609375	0.3	1.0	2	353784	n/a
172.75439453125	0.3	0.0	1	353801	n/a
172.7626953125	0.3	1.0	2	353818	n/a
172.77099609375	0.3	0.0	1	353835	n/a
172.779296875	0.3	1.0	2	353852	n/a
172.78759765625	0.3	1.0	2	353869	n/a
172.7958984375	0.3	0.0	1	353886	n/a
172.8046875	0.3	0.0	1	353904	n/a
172.81298828125	0.3	1.0	2	353921	n/a
172.8212890625	0.3	1.0	2	353938	n/a
172.82958984375	0.3	0.0	1	353955	n/a
172.837890625	0.3	0.0	1	353972	n/a
172.84619140625	0.3	1.0	2	353989	n/a
172.8544921875	0.3	0.0	1	354006	n/a
172.86279296875	0.3	1.0	2	354023	n/a
172.87109375	0.3	0.0	1	354040	n/a
172.87939453125	0.3	1.0	2	354057	n/a
172.8876953125	0.3	1.0	2	354074	n/a
172.89599609375	0.3	0.0	1	354091	n/a
172.904296875	0.3	1.0	2	354108	n/a
172.91259765625	0.3	0.0	1	354125	n/a
172.9208984375	0.3	0.0	1	354142	n/a
172.9296875	0.3	1.0	2	354160	n/a
172.93798828125	0.3	1.0	2	354177	n/a
172.9462890625	0.3	0.0	1	354194	n/a
172.95458984375	0.3	1.0	2	354211	n/a
172.962890625	0.3	0.0	1	354228	n/a
172.97119140625	0.3	1.0	2	354245	n/a
172.9794921875	0.3	0.0	1	354262	n/a
172.98779296875	0.3	1.0	2	354279	n/a
172.99609375	0.3	0.0	1	354296	n/a
173.00439453125	0.3	0.0	1	354313	n/a
173.0126953125	0.3	1.0	2	354330	n/a
173.02099609375	0.3	1.0	2	354347	n/a
173.029296875	0.3	0.0	1	354364	n/a
173.03759765625	0.3	1.0	2	354381	n/a
173.0458984375	0.3	0.0	1	354398	n/a
173.0546875	0.3	1.0	2	354416	n/a
173.06298828125	0.3	0.0	1	354433	n/a
173.0712890625	0.3	1.0	2	354450	n/a
173.07958984375	0.3	0.0	1	354467	n/a
173.087890625	0.3	0.0	1	354484	n/a
173.09619140625	0.3	1.0	2	354501	n/a
173.1044921875	0.3	1.0	2	354518	n/a
173.11279296875	0.3	0.0	1	354535	n/a
173.12109375	0.3	0.0	1	354552	n/a
173.12939453125	0.3	1.0	2	354569	n/a
173.1376953125	0.3	0.0	1	354586	n/a
173.14599609375	0.3	1.0	2	354603	n/a
173.154296875	0.3	1.0	2	354620	n/a
173.16259765625	0.3	0.0	1	354637	n/a
173.1708984375	0.3	0.0	1	354654	n/a
173.1796875	0.3	1.0	2	354672	n/a
173.18798828125	0.3	0.0	1	354689	n/a
173.1962890625	0.3	1.0	2	354706	n/a
173.20458984375	0.3	0.0	1	354723	n/a
173.212890625	0.3	1.0	2	354740	n/a
173.22119140625	0.3	1.0	2	354757	n/a
173.2294921875	0.3	0.0	1	354774	n/a
173.23779296875	0.3	1.0	2	354791	n/a
173.24609375	0.3	0.0	1	354808	n/a
173.25439453125	0.3	0.0	1	354825	n/a
173.2626953125	0.3	1.0	2	354842	n/a
173.27099609375	0.3	0.0	1	354859	n/a
173.279296875	0.3	1.0	2	354876	n/a
173.28759765625	0.3	0.0	1	354893	n/a
173.2958984375	0.3	1.0	2	354910	n/a
173.3046875	0.3	1.0	2	354928	n/a
173.31298828125	0.3	0.0	1	354945	n/a
173.3212890625	0.3	0.0	1	354962	n/a
173.32958984375	0.3	1.0	2	354979	n/a
173.337890625	0.3	1.0	2	354996	n/a
173.34619140625	0.3	0.0	1	355013	n/a
173.3544921875	0.3	0.0	1	355030	n/a
173.36279296875	0.3	1.0	2	355047	n/a
173.37109375	0.3	1.0	2	355064	n/a
173.37939453125	0.3	0.0	1	355081	n/a
173.3876953125	0.3	0.0	1	355098	n/a
173.39599609375	0.3	1.0	2	355115	n/a
173.404296875	0.3	1.0	2	355132	n/a
173.41259765625	0.3	0.0	1	355149	n/a
173.4208984375	0.3	0.0	1	355166	n/a
173.4296875	0.3	1.0	2	355184	n/a
173.43798828125	0.3	1.0	2	355201	n/a
173.4462890625	0.3	0.0	1	355218	n/a
173.45458984375	0.3	0.0	1	355235	n/a
173.462890625	0.3	1.0	2	355252	n/a
173.47119140625	0.3	1.0	2	355269	n/a
173.4794921875	0.3	0.0	1	355286	n/a
173.48779296875	0.3	0.0	1	355303	n/a
173.49609375	0.3	1.0	2	355320	n/a
173.50439453125	0.3	0.0	1	355337	n/a
173.5126953125	0.3	1.0	2	355354	n/a
173.52099609375	0.3	0.0	1	355371	n/a
173.529296875	0.3	1.0	2	355388	n/a
173.53759765625	0.3	1.0	2	355405	n/a
173.5458984375	0.3	0.0	1	355422	n/a
173.5546875	0.3	1.0	2	355440	n/a
173.56298828125	0.3	0.0	1	355457	n/a
173.5712890625	0.3	0.0	1	355474	n/a
173.57958984375	0.3	1.0	2	355491	n/a
173.587890625	0.3	1.0	2	355508	n/a
173.59619140625	0.3	0.0	1	355525	n/a
173.6044921875	0.3	0.0	1	355542	n/a
173.61279296875	0.3	1.0	2	355559	n/a
173.62109375	0.3	1.0	2	355576	n/a
173.62939453125	0.3	0.0	1	355593	n/a
173.6376953125	0.3	0.0	1	355610	n/a
173.64599609375	0.3	1.0	2	355627	n/a
173.654296875	0.3	1.0	2	355644	n/a
173.66259765625	0.3	0.0	1	355661	n/a
173.6708984375	0.3	0.0	1	355678	n/a
173.6796875	0.3	1.0	2	355696	n/a
173.68798828125	0.3	1.0	2	355713	n/a
173.6962890625	0.3	0.0	1	355730	n/a
173.70458984375	0.3	1.0	2	355747	n/a
173.712890625	0.3	0.0	1	355764	n/a
173.72119140625	0.3	1.0	2	355781	n/a
173.7294921875	0.3	0.0	1	355798	n/a
173.73779296875	0.3	0.0	1	355815	n/a
173.74609375	0.3	1.0	2	355832	n/a
173.75439453125	0.3	1.0	2	355849	n/a
173.7626953125	0.3	0.0	1	355866	n/a
173.77099609375	0.3	0.0	1	355883	n/a
173.779296875	0.3	1.0	2	355900	n/a
173.78759765625	0.3	0.0	1	355917	n/a
173.7958984375	0.3	1.0	2	355934	n/a
173.8046875	0.3	0.0	1	355952	n/a
173.81298828125	0.3	1.0	2	355969	n/a
173.8212890625	0.3	0.0	1	355986	n/a
173.82958984375	0.3	1.0	2	356003	n/a
173.837890625	0.3	1.0	2	356020	n/a
173.84619140625	0.3	0.0	1	356037	n/a
173.8544921875	0.3	0.0	1	356054	n/a
173.86279296875	0.3	1.0	2	356071	n/a
173.87109375	0.3	1.0	2	356088	n/a
173.87939453125	0.3	0.0	1	356105	n/a
173.8876953125	0.3	0.0	1	356122	n/a
173.89599609375	0.3	1.0	2	356139	n/a
173.904296875	0.3	0.0	1	356156	n/a
173.91259765625	0.3	1.0	2	356173	n/a
173.9208984375	0.3	0.0	1	356190	n/a
173.9296875	0.3	1.0	2	356208	n/a
173.93798828125	0.3	1.0	2	356225	n/a
173.9462890625	0.3	0.0	1	356242	n/a
173.95458984375	0.3	1.0	2	356259	n/a
173.962890625	0.3	0.0	1	356276	n/a
173.97119140625	0.3	0.0	1	356293	n/a
173.9794921875	0.3	1.0	2	356310	n/a
173.98779296875	0.3	1.0	2	356327	n/a
173.99609375	0.3	0.0	1	356344	n/a
174.00439453125	0.3	1.0	2	356361	n/a
174.0126953125	0.3	0.0	1	356378	n/a
174.02099609375	0.3	1.0	2	356395	n/a
174.029296875	0.3	0.0	1	356412	n/a
174.03759765625	0.3	1.0	2	356429	n/a
174.0458984375	0.3	0.0	1	356446	n/a
174.0546875	0.3	0.0	1	356464	n/a
174.06298828125	0.3	1.0	2	356481	n/a
174.0712890625	0.3	1.0	2	356498	n/a
174.07958984375	0.3	0.0	1	356515	n/a
174.087890625	0.3	1.0	2	356532	n/a
174.09619140625	0.3	0.0	1	356549	n/a
174.1044921875	0.3	1.0	2	356566	n/a
174.11279296875	0.3	0.0	1	356583	n/a
174.12109375	0.3	1.0	2	356600	n/a
174.12939453125	0.3	0.0	1	356617	n/a
174.1376953125	0.3	0.0	1	356634	n/a
174.14599609375	0.3	1.0	2	356651	n/a
174.154296875	0.3	1.0	2	356668	n/a
174.16259765625	0.3	0.0	1	356685	n/a
174.1708984375	0.3	0.0	1	356702	n/a
174.1796875	0.3	1.0	2	356720	n/a
174.18798828125	0.3	0.0	1	356737	n/a
174.1962890625	0.3	1.0	2	356754	n/a
174.20458984375	0.3	1.0	2	356771	n/a
174.212890625	0.3	0.0	1	356788	n/a
174.22119140625	0.3	0.0	1	356805	n/a
174.2294921875	0.3	1.0	2	356822	n/a
174.23779296875	0.3	0.0	1	356839	n/a
174.24609375	0.3	1.0	2	356856	n/a
174.25439453125	0.3	0.0	1	356873	n/a
174.2626953125	0.3	1.0	2	356890	n/a
174.27099609375	0.3	1.0	2	356907	n/a
174.279296875	0.3	0.0	1	356924	n/a
174.28759765625	0.3	1.0	2	356941	n/a
174.2958984375	0.3	0.0	1	356958	n/a
174.3046875	0.3	0.0	1	356976	n/a
174.31298828125	0.3	1.0	2	356993	n/a
174.3212890625	0.3	0.0	1	357010	n/a
174.32958984375	0.3	1.0	2	357027	n/a
174.337890625	0.3	0.0	1	357044	n/a
174.34619140625	0.3	1.0	2	357061	n/a
174.3544921875	0.3	1.0	2	357078	n/a
174.36279296875	0.3	0.0	1	357095	n/a
174.37109375	0.3	0.0	1	357112	n/a
174.37939453125	0.3	1.0	2	357129	n/a
174.3876953125	0.3	1.0	2	357146	n/a
174.39599609375	0.3	0.0	1	357163	n/a
174.404296875	0.3	0.0	1	357180	n/a
174.41259765625	0.3	1.0	2	357197	n/a
174.4208984375	0.3	1.0	2	357214	n/a
174.4296875	0.3	0.0	1	357232	n/a
174.43798828125	0.3	0.0	1	357249	n/a
174.4462890625	0.3	1.0	2	357266	n/a
174.45458984375	0.3	1.0	2	357283	n/a
174.462890625	0.3	0.0	1	357300	n/a
174.47119140625	0.3	0.0	1	357317	n/a
174.4794921875	0.3	1.0	2	357334	n/a
174.48779296875	0.3	1.0	2	357351	n/a
174.49609375	0.3	0.0	1	357368	n/a
174.50439453125	0.3	0.0	1	357385	n/a
174.5126953125	0.3	1.0	2	357402	n/a
174.52099609375	0.3	1.0	2	357419	n/a
174.529296875	0.3	0.0	1	357436	n/a
174.53759765625	0.3	0.0	1	357453	n/a
174.5458984375	0.3	1.0	2	357470	n/a
174.5546875	0.3	0.0	1	357488	n/a
174.56298828125	0.3	1.0	2	357505	n/a
174.5712890625	0.3	0.0	1	357522	n/a
174.57958984375	0.3	1.0	2	357539	n/a
174.587890625	0.3	1.0	2	357556	n/a
174.59619140625	0.3	0.0	1	357573	n/a
174.6044921875	0.3	1.0	2	357590	n/a
174.61279296875	0.3	0.0	1	357607	n/a
174.62109375	0.3	0.0	1	357624	n/a
174.62939453125	0.3	1.0	2	357641	n/a
174.6376953125	0.3	1.0	2	357658	n/a
174.64599609375	0.3	0.0	1	357675	n/a
174.654296875	0.3	0.0	1	357692	n/a
174.66259765625	0.3	1.0	2	357709	n/a
174.6708984375	0.3	1.0	2	357726	n/a
174.6796875	0.3	0.0	1	357744	n/a
177.08837890625	0.3	1.0	2	362677	15.0
177.0966796875	0.3	0.0	1	362694	n/a
177.10498046875	0.3	1.0	2	362711	n/a
177.11328125	0.3	0.0	1	362728	n/a
177.12158203125	0.3	0.0	1	362745	n/a
177.1298828125	0.3	1.0	2	362762	n/a
177.13818359375	0.3	0.0	1	362779	n/a
177.146484375	0.3	1.0	2	362796	n/a
177.1552734375	0.3	1.0	2	362814	n/a
177.16357421875	0.3	0.0	1	362831	n/a
177.171875	0.3	0.0	1	362848	n/a
177.18017578125	0.3	1.0	2	362865	n/a
177.1884765625	0.3	0.0	1	362882	n/a
177.19677734375	0.3	1.0	2	362899	n/a
177.205078125	0.3	0.0	1	362916	n/a
177.21337890625	0.3	1.0	2	362933	n/a
177.2216796875	0.3	0.0	1	362950	n/a
177.22998046875	0.3	1.0	2	362967	n/a
177.23828125	0.3	0.0	1	362984	n/a
177.24658203125	0.3	1.0	2	363001	n/a
177.2548828125	0.3	0.0	1	363018	n/a
177.26318359375	0.3	1.0	2	363035	n/a
177.271484375	0.3	1.0	2	363052	n/a
177.2802734375	0.3	0.0	1	363070	n/a
177.28857421875	0.3	0.0	1	363087	n/a
177.296875	0.3	1.0	2	363104	n/a
177.30517578125	0.3	0.0	1	363121	n/a
177.3134765625	0.3	1.0	2	363138	n/a
177.32177734375	0.3	1.0	2	363155	n/a
177.330078125	0.3	0.0	1	363172	n/a
177.33837890625	0.3	1.0	2	363189	n/a
177.3466796875	0.3	0.0	1	363206	n/a
177.35498046875	0.3	1.0	2	363223	n/a
177.36328125	0.3	0.0	1	363240	n/a
177.37158203125	0.3	1.0	2	363257	n/a
177.3798828125	0.3	0.0	1	363274	n/a
177.38818359375	0.3	0.0	1	363291	n/a
177.396484375	0.3	1.0	2	363308	n/a
177.4052734375	0.3	1.0	2	363326	n/a
177.41357421875	0.3	0.0	1	363343	n/a
177.421875	0.3	1.0	2	363360	n/a
177.43017578125	0.3	0.0	1	363377	n/a
177.4384765625	0.3	0.0	1	363394	n/a
177.44677734375	0.3	1.0	2	363411	n/a
177.455078125	0.3	0.0	1	363428	n/a
177.46337890625	0.3	1.0	2	363445	n/a
177.4716796875	0.3	1.0	2	363462	n/a
177.47998046875	0.3	0.0	1	363479	n/a
177.48828125	0.3	0.0	1	363496	n/a
177.49658203125	0.3	1.0	2	363513	n/a
177.5048828125	0.3	0.0	1	363530	n/a
177.51318359375	0.3	1.0	2	363547	n/a
177.521484375	0.3	0.0	1	363564	n/a
177.5302734375	0.3	1.0	2	363582	n/a
177.53857421875	0.3	0.0	1	363599	n/a
177.546875	0.3	1.0	2	363616	n/a
177.55517578125	0.3	1.0	2	363633	n/a
177.5634765625	0.3	0.0	1	363650	n/a
177.57177734375	0.3	0.0	1	363667	n/a
177.580078125	0.3	1.0	2	363684	n/a
177.58837890625	0.3	0.0	1	363701	n/a
177.5966796875	0.3	1.0	2	363718	n/a
177.60498046875	0.3	1.0	2	363735	n/a
177.61328125	0.3	0.0	1	363752	n/a
177.62158203125	0.3	1.0	2	363769	n/a
177.6298828125	0.3	0.0	1	363786	n/a
177.63818359375	0.3	1.0	2	363803	n/a
177.646484375	0.3	0.0	1	363820	n/a
177.6552734375	0.3	1.0	2	363838	n/a
177.66357421875	0.3	0.0	1	363855	n/a
177.671875	0.3	1.0	2	363872	n/a
177.68017578125	0.3	0.0	1	363889	n/a
177.6884765625	0.3	1.0	2	363906	n/a
177.69677734375	0.3	0.0	1	363923	n/a
177.705078125	0.3	0.0	1	363940	n/a
177.71337890625	0.3	1.0	2	363957	n/a
177.7216796875	0.3	1.0	2	363974	n/a
177.72998046875	0.3	0.0	1	363991	n/a
177.73828125	0.3	1.0	2	364008	n/a
177.74658203125	0.3	0.0	1	364025	n/a
177.7548828125	0.3	1.0	2	364042	n/a
177.76318359375	0.3	0.0	1	364059	n/a
177.771484375	0.3	0.0	1	364076	n/a
177.7802734375	0.3	1.0	2	364094	n/a
177.78857421875	0.3	0.0	1	364111	n/a
177.796875	0.3	1.0	2	364128	n/a
177.80517578125	0.3	0.0	1	364145	n/a
177.8134765625	0.3	1.0	2	364162	n/a
177.82177734375	0.3	0.0	1	364179	n/a
177.830078125	0.3	1.0	2	364196	n/a
177.83837890625	0.3	1.0	2	364213	n/a
177.8466796875	0.3	0.0	1	364230	n/a
177.85498046875	0.3	0.0	1	364247	n/a
177.86328125	0.3	1.0	2	364264	n/a
177.87158203125	0.3	1.0	2	364281	n/a
177.8798828125	0.3	0.0	1	364298	n/a
177.88818359375	0.3	1.0	2	364315	n/a
177.896484375	0.3	0.0	1	364332	n/a
177.9052734375	0.3	0.0	1	364350	n/a
177.91357421875	0.3	1.0	2	364367	n/a
177.921875	0.3	1.0	2	364384	n/a
177.93017578125	0.3	0.0	1	364401	n/a
177.9384765625	0.3	1.0	2	364418	n/a
177.94677734375	0.3	0.0	1	364435	n/a
177.955078125	0.3	0.0	1	364452	n/a
177.96337890625	0.3	1.0	2	364469	n/a
177.9716796875	0.3	1.0	2	364486	n/a
177.97998046875	0.3	0.0	1	364503	n/a
177.98828125	0.3	0.0	1	364520	n/a
177.99658203125	0.3	1.0	2	364537	n/a
178.0048828125	0.3	0.0	1	364554	n/a
178.01318359375	0.3	1.0	2	364571	n/a
178.021484375	0.3	1.0	2	364588	n/a
178.0302734375	0.3	0.0	1	364606	n/a
178.03857421875	0.3	1.0	2	364623	n/a
178.046875	0.3	0.0	1	364640	n/a
178.05517578125	0.3	0.0	1	364657	n/a
178.0634765625	0.3	1.0	2	364674	n/a
178.07177734375	0.3	1.0	2	364691	n/a
178.080078125	0.3	0.0	1	364708	n/a
178.08837890625	0.3	0.0	1	364725	n/a
178.0966796875	0.3	1.0	2	364742	n/a
178.10498046875	0.3	1.0	2	364759	n/a
178.11328125	0.3	0.0	1	364776	n/a
178.12158203125	0.3	0.0	1	364793	n/a
178.1298828125	0.3	1.0	2	364810	n/a
178.13818359375	0.3	1.0	2	364827	n/a
178.146484375	0.3	0.0	1	364844	n/a
178.1552734375	0.3	1.0	2	364862	n/a
178.16357421875	0.3	0.0	1	364879	n/a
178.171875	0.3	0.0	1	364896	n/a
178.18017578125	0.3	1.0	2	364913	n/a
178.1884765625	0.3	0.0	1	364930	n/a
178.19677734375	0.3	1.0	2	364947	n/a
178.205078125	0.3	1.0	2	364964	n/a
178.21337890625	0.3	0.0	1	364981	n/a
178.2216796875	0.3	0.0	1	364998	n/a
178.22998046875	0.3	1.0	2	365015	n/a
178.23828125	0.3	0.0	1	365032	n/a
178.24658203125	0.3	1.0	2	365049	n/a
178.2548828125	0.3	0.0	1	365066	n/a
178.26318359375	0.3	1.0	2	365083	n/a
178.271484375	0.3	0.0	1	365100	n/a
178.2802734375	0.3	1.0	2	365118	n/a
178.28857421875	0.3	0.0	1	365135	n/a
178.296875	0.3	1.0	2	365152	n/a
178.30517578125	0.3	0.0	1	365169	n/a
178.3134765625	0.3	1.0	2	365186	n/a
178.32177734375	0.3	1.0	2	365203	n/a
178.330078125	0.3	0.0	1	365220	n/a
178.33837890625	0.3	0.0	1	365237	n/a
178.3466796875	0.3	1.0	2	365254	n/a
178.35498046875	0.3	0.0	1	365271	n/a
178.36328125	0.3	1.0	2	365288	n/a
178.37158203125	0.3	1.0	2	365305	n/a
178.3798828125	0.3	0.0	1	365322	n/a
178.38818359375	0.3	1.0	2	365339	n/a
178.396484375	0.3	0.0	1	365356	n/a
178.4052734375	0.3	1.0	2	365374	n/a
178.41357421875	0.3	0.0	1	365391	n/a
178.421875	0.3	1.0	2	365408	n/a
178.43017578125	0.3	0.0	1	365425	n/a
178.4384765625	0.3	0.0	1	365442	n/a
178.44677734375	0.3	1.0	2	365459	n/a
178.455078125	0.3	1.0	2	365476	n/a
178.46337890625	0.3	0.0	1	365493	n/a
178.4716796875	0.3	1.0	2	365510	n/a
178.47998046875	0.3	0.0	1	365527	n/a
178.48828125	0.3	0.0	1	365544	n/a
178.49658203125	0.3	1.0	2	365561	n/a
178.5048828125	0.3	0.0	1	365578	n/a
178.51318359375	0.3	1.0	2	365595	n/a
178.521484375	0.3	1.0	2	365612	n/a
178.5302734375	0.3	0.0	1	365630	n/a
178.53857421875	0.3	0.0	1	365647	n/a
178.546875	0.3	1.0	2	365664	n/a
178.55517578125	0.3	0.0	1	365681	n/a
178.5634765625	0.3	1.0	2	365698	n/a
178.57177734375	0.3	0.0	1	365715	n/a
178.580078125	0.3	1.0	2	365732	n/a
178.58837890625	0.3	0.0	1	365749	n/a
178.5966796875	0.3	1.0	2	365766	n/a
178.60498046875	0.3	1.0	2	365783	n/a
178.61328125	0.3	0.0	1	365800	n/a
178.62158203125	0.3	0.0	1	365817	n/a
178.6298828125	0.3	1.0	2	365834	n/a
178.63818359375	0.3	0.0	1	365851	n/a
178.646484375	0.3	1.0	2	365868	n/a
178.6552734375	0.3	1.0	2	365886	n/a
178.66357421875	0.3	0.0	1	365903	n/a
178.671875	0.3	1.0	2	365920	n/a
178.68017578125	0.3	0.0	1	365937	n/a
178.6884765625	0.3	1.0	2	365954	n/a
178.69677734375	0.3	0.0	1	365971	n/a
178.705078125	0.3	1.0	2	365988	n/a
178.71337890625	0.3	0.0	1	366005	n/a
178.7216796875	0.3	1.0	2	366022	n/a
178.72998046875	0.3	0.0	1	366039	n/a
178.73828125	0.3	1.0	2	366056	n/a
178.74658203125	0.3	0.0	1	366073	n/a
178.7548828125	0.3	0.0	1	366090	n/a
178.76318359375	0.3	1.0	2	366107	n/a
178.771484375	0.3	1.0	2	366124	n/a
178.7802734375	0.3	0.0	1	366142	n/a
178.78857421875	0.3	1.0	2	366159	n/a
178.796875	0.3	0.0	1	366176	n/a
178.80517578125	0.3	1.0	2	366193	n/a
178.8134765625	0.3	0.0	1	366210	n/a
178.82177734375	0.3	0.0	1	366227	n/a
178.830078125	0.3	1.0	2	366244	n/a
178.83837890625	0.3	0.0	1	366261	n/a
178.8466796875	0.3	1.0	2	366278	n/a
178.85498046875	0.3	0.0	1	366295	n/a
178.86328125	0.3	1.0	2	366312	n/a
178.87158203125	0.3	0.0	1	366329	n/a
178.8798828125	0.3	1.0	2	366346	n/a
178.88818359375	0.3	1.0	2	366363	n/a
178.896484375	0.3	0.0	1	366380	n/a
178.9052734375	0.3	0.0	1	366398	n/a
178.91357421875	0.3	1.0	2	366415	n/a
178.921875	0.3	1.0	2	366432	n/a
178.93017578125	0.3	0.0	1	366449	n/a
178.9384765625	0.3	1.0	2	366466	n/a
178.94677734375	0.3	0.0	1	366483	n/a
178.955078125	0.3	0.0	1	366500	n/a
178.96337890625	0.3	1.0	2	366517	n/a
178.9716796875	0.3	1.0	2	366534	n/a
178.97998046875	0.3	0.0	1	366551	n/a
178.98828125	0.3	1.0	2	366568	n/a
178.99658203125	0.3	0.0	1	366585	n/a
179.0048828125	0.3	0.0	1	366602	n/a
179.01318359375	0.3	1.0	2	366619	n/a
179.021484375	0.3	1.0	2	366636	n/a
179.0302734375	0.3	0.0	1	366654	n/a
179.03857421875	0.3	0.0	1	366671	n/a
179.046875	0.3	1.0	2	366688	n/a
179.05517578125	0.3	0.0	1	366705	n/a
179.0634765625	0.3	1.0	2	366722	n/a
179.07177734375	0.3	1.0	2	366739	n/a
179.080078125	0.3	0.0	1	366756	n/a
179.08837890625	0.3	1.0	2	366773	n/a
179.0966796875	0.3	0.0	1	366790	n/a
179.10498046875	0.3	0.0	1	366807	n/a
179.11328125	0.3	1.0	2	366824	n/a
179.12158203125	0.3	1.0	2	366841	n/a
179.1298828125	0.3	0.0	1	366858	n/a
179.13818359375	0.3	0.0	1	366875	n/a
179.146484375	0.3	1.0	2	366892	n/a
179.1552734375	0.3	1.0	2	366910	n/a
179.16357421875	0.3	0.0	1	366927	n/a
179.171875	0.3	0.0	1	366944	n/a
179.18017578125	0.3	1.0	2	366961	n/a
179.1884765625	0.3	1.0	2	366978	n/a
179.19677734375	0.3	0.0	1	366995	n/a
179.205078125	0.3	1.0	2	367012	n/a
179.21337890625	0.3	0.0	1	367029	n/a
179.2216796875	0.3	0.0	1	367046	n/a
179.22998046875	0.3	1.0	2	367063	n/a
179.23828125	0.3	0.0	1	367080	n/a
179.24658203125	0.3	1.0	2	367097	n/a
179.2548828125	0.3	1.0	2	367114	n/a
179.26318359375	0.3	0.0	1	367131	n/a
179.271484375	0.3	0.0	1	367148	n/a
179.2802734375	0.3	1.0	2	367166	n/a
179.28857421875	0.3	0.0	1	367183	n/a
179.296875	0.3	1.0	2	367200	n/a
179.30517578125	0.3	0.0	1	367217	n/a
179.3134765625	0.3	1.0	2	367234	n/a
179.32177734375	0.3	0.0	1	367251	n/a
179.330078125	0.3	1.0	2	367268	n/a
179.33837890625	0.3	0.0	1	367285	n/a
179.3466796875	0.3	1.0	2	367302	n/a
179.35498046875	0.3	0.0	1	367319	n/a
179.36328125	0.3	1.0	2	367336	n/a
179.37158203125	0.3	1.0	2	367353	n/a
179.3798828125	0.3	0.0	1	367370	n/a
179.38818359375	0.3	0.0	1	367387	n/a
179.396484375	0.3	1.0	2	367404	n/a
179.4052734375	0.3	0.0	1	367422	n/a
179.41357421875	0.3	1.0	2	367439	n/a
179.421875	0.3	1.0	2	367456	n/a
179.43017578125	0.3	0.0	1	367473	n/a
179.4384765625	0.3	1.0	2	367490	n/a
179.44677734375	0.3	0.0	1	367507	n/a
179.455078125	0.3	1.0	2	367524	n/a
179.46337890625	0.3	0.0	1	367541	n/a
179.4716796875	0.3	1.0	2	367558	n/a
179.47998046875	0.3	0.0	1	367575	n/a
179.48828125	0.3	0.0	1	367592	n/a
179.49658203125	0.3	1.0	2	367609	n/a
179.5048828125	0.3	1.0	2	367626	n/a
179.51318359375	0.3	0.0	1	367643	n/a
179.521484375	0.3	1.0	2	367660	n/a
179.5302734375	0.3	0.0	1	367678	n/a
179.53857421875	0.3	0.0	1	367695	n/a
179.546875	0.3	1.0	2	367712	n/a
179.55517578125	0.3	0.0	1	367729	n/a
179.5634765625	0.3	1.0	2	367746	n/a
179.57177734375	0.3	1.0	2	367763	n/a
179.580078125	0.3	0.0	1	367780	n/a
179.58837890625	0.3	0.0	1	367797	n/a
179.5966796875	0.3	1.0	2	367814	n/a
179.60498046875	0.3	0.0	1	367831	n/a
179.61328125	0.3	1.0	2	367848	n/a
179.62158203125	0.3	0.0	1	367865	n/a
179.6298828125	0.3	1.0	2	367882	n/a
179.63818359375	0.3	0.0	1	367899	n/a
179.646484375	0.3	1.0	2	367916	n/a
179.6552734375	0.3	1.0	2	367934	n/a
179.66357421875	0.3	0.0	1	367951	n/a
179.671875	0.3	0.0	1	367968	n/a
179.68017578125	0.3	1.0	2	367985	n/a
179.6884765625	0.3	0.0	1	368002	n/a
179.69677734375	0.3	1.0	2	368019	n/a
179.705078125	0.3	1.0	2	368036	n/a
179.71337890625	0.3	0.0	1	368053	n/a
179.7216796875	0.3	1.0	2	368070	n/a
179.72998046875	0.3	0.0	1	368087	n/a
179.73828125	0.3	1.0	2	368104	n/a
179.74658203125	0.3	0.0	1	368121	n/a
179.7548828125	0.3	1.0	2	368138	n/a
179.76318359375	0.3	0.0	1	368155	n/a
179.771484375	0.3	1.0	2	368172	n/a
179.7802734375	0.3	0.0	1	368190	n/a
179.78857421875	0.3	1.0	2	368207	n/a
179.796875	0.3	0.0	1	368224	n/a
179.80517578125	0.3	0.0	1	368241	n/a
179.8134765625	0.3	1.0	2	368258	n/a
179.82177734375	0.3	1.0	2	368275	n/a
179.830078125	0.3	0.0	1	368292	n/a
179.83837890625	0.3	1.0	2	368309	n/a
179.8466796875	0.3	0.0	1	368326	n/a
179.85498046875	0.3	1.0	2	368343	n/a
179.86328125	0.3	0.0	1	368360	n/a
179.87158203125	0.3	0.0	1	368377	n/a
179.8798828125	0.3	1.0	2	368394	n/a
179.88818359375	0.3	0.0	1	368411	n/a
179.896484375	0.3	1.0	2	368428	n/a
179.9052734375	0.3	0.0	1	368446	n/a
179.91357421875	0.3	1.0	2	368463	n/a
179.921875	0.3	0.0	1	368480	n/a
179.93017578125	0.3	1.0	2	368497	n/a
179.9384765625	0.3	1.0	2	368514	n/a
179.94677734375	0.3	0.0	1	368531	n/a
179.955078125	0.3	0.0	1	368548	n/a
179.96337890625	0.3	1.0	2	368565	n/a
179.9716796875	0.3	1.0	2	368582	n/a
179.97998046875	0.3	0.0	1	368599	n/a
179.98828125	0.3	1.0	2	368616	n/a
179.99658203125	0.3	0.0	1	368633	n/a
180.0048828125	0.3	0.0	1	368650	n/a
180.01318359375	0.3	1.0	2	368667	n/a
180.021484375	0.3	1.0	2	368684	n/a
180.0302734375	0.3	0.0	1	368702	n/a
180.03857421875	0.3	1.0	2	368719	n/a
180.046875	0.3	0.0	1	368736	n/a
180.05517578125	0.3	0.0	1	368753	n/a
180.0634765625	0.3	1.0	2	368770	n/a
180.07177734375	0.3	1.0	2	368787	n/a
180.080078125	0.3	0.0	1	368804	n/a
180.08837890625	0.3	0.0	1	368821	n/a
180.0966796875	0.3	1.0	2	368838	n/a
180.10498046875	0.3	0.0	1	368855	n/a
180.11328125	0.3	1.0	2	368872	n/a
180.12158203125	0.3	1.0	2	368889	n/a
180.1298828125	0.3	0.0	1	368906	n/a
180.13818359375	0.3	1.0	2	368923	n/a
180.146484375	0.3	0.0	1	368940	n/a
180.1552734375	0.3	0.0	1	368958	n/a
180.16357421875	0.3	1.0	2	368975	n/a
180.171875	0.3	1.0	2	368992	n/a
180.18017578125	0.3	0.0	1	369009	n/a
180.1884765625	0.3	0.0	1	369026	n/a
180.19677734375	0.3	1.0	2	369043	n/a
180.205078125	0.3	1.0	2	369060	n/a
180.21337890625	0.3	0.0	1	369077	n/a
180.2216796875	0.3	0.0	1	369094	n/a
180.22998046875	0.3	1.0	2	369111	n/a
180.23828125	0.3	1.0	2	369128	n/a
180.24658203125	0.3	0.0	1	369145	n/a
180.2548828125	0.3	1.0	2	369162	n/a
180.26318359375	0.3	0.0	1	369179	n/a
180.271484375	0.3	0.0	1	369196	n/a
180.2802734375	0.3	1.0	2	369214	n/a
180.28857421875	0.3	0.0	1	369231	n/a
180.296875	0.3	1.0	2	369248	n/a
180.30517578125	0.3	1.0	2	369265	n/a
180.3134765625	0.3	0.0	1	369282	n/a
180.32177734375	0.3	0.0	1	369299	n/a
180.330078125	0.3	1.0	2	369316	n/a
180.33837890625	0.3	0.0	1	369333	n/a
180.3466796875	0.3	1.0	2	369350	n/a
180.35498046875	0.3	0.0	1	369367	n/a
180.36328125	0.3	1.0	2	369384	n/a
180.37158203125	0.3	0.0	1	369401	n/a
180.3798828125	0.3	1.0	2	369418	n/a
180.38818359375	0.3	0.0	1	369435	n/a
180.396484375	0.3	1.0	2	369452	n/a
180.4052734375	0.3	0.0	1	369470	n/a
180.41357421875	0.3	1.0	2	369487	n/a
180.421875	0.3	1.0	2	369504	n/a
180.43017578125	0.3	0.0	1	369521	n/a
180.4384765625	0.3	0.0	1	369538	n/a
180.44677734375	0.3	1.0	2	369555	n/a
180.455078125	0.3	0.0	1	369572	n/a
180.46337890625	0.3	1.0	2	369589	n/a
180.4716796875	0.3	1.0	2	369606	n/a
180.47998046875	0.3	0.0	1	369623	n/a
180.48828125	0.3	1.0	2	369640	n/a
180.49658203125	0.3	0.0	1	369657	n/a
180.5048828125	0.3	1.0	2	369674	n/a
180.51318359375	0.3	0.0	1	369691	n/a
180.521484375	0.3	1.0	2	369708	n/a
180.5302734375	0.3	0.0	1	369726	n/a
180.53857421875	0.3	0.0	1	369743	n/a
180.546875	0.3	1.0	2	369760	n/a
180.55517578125	0.3	1.0	2	369777	n/a
180.5634765625	0.3	0.0	1	369794	n/a
180.57177734375	0.3	1.0	2	369811	n/a
180.580078125	0.3	0.0	1	369828	n/a
180.58837890625	0.3	0.0	1	369845	n/a
180.5966796875	0.3	1.0	2	369862	n/a
180.60498046875	0.3	0.0	1	369879	n/a
180.61328125	0.3	1.0	2	369896	n/a
180.62158203125	0.3	1.0	2	369913	n/a
180.6298828125	0.3	0.0	1	369930	n/a
180.63818359375	0.3	0.0	1	369947	n/a
180.646484375	0.3	1.0	2	369964	n/a
180.6552734375	0.3	0.0	1	369982	n/a
180.66357421875	0.3	1.0	2	369999	n/a
180.671875	0.3	0.0	1	370016	n/a
180.68017578125	0.3	1.0	2	370033	n/a
180.6884765625	0.3	0.0	1	370050	n/a
180.69677734375	0.3	1.0	2	370067	n/a
180.705078125	0.3	1.0	2	370084	n/a
180.71337890625	0.3	0.0	1	370101	n/a
180.7216796875	0.3	0.0	1	370118	n/a
180.72998046875	0.3	1.0	2	370135	n/a
180.73828125	0.3	0.0	1	370152	n/a
180.74658203125	0.3	1.0	2	370169	n/a
180.7548828125	0.3	1.0	2	370186	n/a
180.76318359375	0.3	0.0	1	370203	n/a
180.771484375	0.3	1.0	2	370220	n/a
180.7802734375	0.3	0.0	1	370238	n/a
180.78857421875	0.3	1.0	2	370255	n/a
180.796875	0.3	0.0	1	370272	n/a
180.80517578125	0.3	1.0	2	370289	n/a
180.8134765625	0.3	0.0	1	370306	n/a
180.82177734375	0.3	1.0	2	370323	n/a
180.830078125	0.3	0.0	1	370340	n/a
180.83837890625	0.3	1.0	2	370357	n/a
180.8466796875	0.3	0.0	1	370374	n/a
180.85498046875	0.3	0.0	1	370391	n/a
180.86328125	0.3	1.0	2	370408	n/a
180.87158203125	0.3	1.0	2	370425	n/a
180.8798828125	0.3	0.0	1	370442	n/a
180.88818359375	0.3	1.0	2	370459	n/a
180.896484375	0.3	0.0	1	370476	n/a
180.9052734375	0.3	1.0	2	370494	n/a
180.91357421875	0.3	0.0	1	370511	n/a
180.921875	0.3	0.0	1	370528	n/a
180.93017578125	0.3	1.0	2	370545	n/a
180.9384765625	0.3	0.0	1	370562	n/a
180.94677734375	0.3	1.0	2	370579	n/a
180.955078125	0.3	0.0	1	370596	n/a
180.96337890625	0.3	1.0	2	370613	n/a
180.9716796875	0.3	0.0	1	370630	n/a
180.97998046875	0.3	1.0	2	370647	n/a
180.98828125	0.3	1.0	2	370664	n/a
180.99658203125	0.3	0.0	1	370681	n/a
181.0048828125	0.3	0.0	1	370698	n/a
181.01318359375	0.3	1.0	2	370715	n/a
181.021484375	0.3	1.0	2	370732	n/a
181.0302734375	0.3	0.0	1	370750	n/a
181.03857421875	0.3	1.0	2	370767	n/a
181.046875	0.3	0.0	1	370784	n/a
181.05517578125	0.3	0.0	1	370801	n/a
181.0634765625	0.3	1.0	2	370818	n/a
181.07177734375	0.3	1.0	2	370835	n/a
181.080078125	0.3	0.0	1	370852	n/a
181.08837890625	0.3	1.0	2	370869	n/a
181.0966796875	0.3	0.0	1	370886	n/a
181.10498046875	0.3	0.0	1	370903	n/a
181.11328125	0.3	1.0	2	370920	n/a
181.12158203125	0.3	1.0	2	370937	n/a
181.1298828125	0.3	0.0	1	370954	n/a
181.13818359375	0.3	0.0	1	370971	n/a
181.146484375	0.3	1.0	2	370988	n/a
181.1552734375	0.3	0.0	1	371006	n/a
181.16357421875	0.3	1.0	2	371023	n/a
181.171875	0.3	1.0	2	371040	n/a
181.18017578125	0.3	0.0	1	371057	n/a
181.1884765625	0.3	1.0	2	371074	n/a
181.19677734375	0.3	0.0	1	371091	n/a
181.205078125	0.3	0.0	1	371108	n/a
181.21337890625	0.3	1.0	2	371125	n/a
181.2216796875	0.3	1.0	2	371142	n/a
181.22998046875	0.3	0.0	1	371159	n/a
181.23828125	0.3	0.0	1	371176	n/a
181.24658203125	0.3	1.0	2	371193	n/a
181.2548828125	0.3	1.0	2	371210	n/a
181.26318359375	0.3	0.0	1	371227	n/a
181.271484375	0.3	0.0	1	371244	n/a
181.2802734375	0.3	1.0	2	371262	n/a
183.65576171875	0.3	1.0	2	376127	21.0
183.6640625	0.3	0.0	1	376144	n/a
183.67236328125	0.3	0.0	1	376161	n/a
183.6806640625	0.3	1.0	2	376178	n/a
183.68896484375	0.3	0.0	1	376195	n/a
183.697265625	0.3	1.0	2	376212	n/a
183.70556640625	0.3	1.0	2	376229	n/a
183.7138671875	0.3	0.0	1	376246	n/a
183.72265625	0.3	1.0	2	376264	n/a
183.73095703125	0.3	0.0	1	376281	n/a
183.7392578125	0.3	0.0	1	376298	n/a
183.74755859375	0.3	1.0	2	376315	n/a
183.755859375	0.3	0.0	1	376332	n/a
183.76416015625	0.3	1.0	2	376349	n/a
183.7724609375	0.3	1.0	2	376366	n/a
183.78076171875	0.3	0.0	1	376383	n/a
183.7890625	0.3	1.0	2	376400	n/a
183.79736328125	0.3	0.0	1	376417	n/a
183.8056640625	0.3	0.0	1	376434	n/a
183.81396484375	0.3	1.0	2	376451	n/a
183.822265625	0.3	0.0	1	376468	n/a
183.83056640625	0.3	1.0	2	376485	n/a
183.8388671875	0.3	0.0	1	376502	n/a
183.84765625	0.3	1.0	2	376520	n/a
183.85595703125	0.3	1.0	2	376537	n/a
183.8642578125	0.3	0.0	1	376554	n/a
183.87255859375	0.3	1.0	2	376571	n/a
183.880859375	0.3	0.0	1	376588	n/a
183.88916015625	0.3	0.0	1	376605	n/a
183.8974609375	0.3	1.0	2	376622	n/a
183.90576171875	0.3	1.0	2	376639	n/a
183.9140625	0.3	0.0	1	376656	n/a
183.92236328125	0.3	0.0	1	376673	n/a
183.9306640625	0.3	1.0	2	376690	n/a
183.93896484375	0.3	0.0	1	376707	n/a
183.947265625	0.3	1.0	2	376724	n/a
183.95556640625	0.3	1.0	2	376741	n/a
183.9638671875	0.3	0.0	1	376758	n/a
183.97265625	0.3	1.0	2	376776	n/a
183.98095703125	0.3	0.0	1	376793	n/a
183.9892578125	0.3	0.0	1	376810	n/a
183.99755859375	0.3	1.0	2	376827	n/a
184.005859375	0.3	0.0	1	376844	n/a
184.01416015625	0.3	1.0	2	376861	n/a
184.0224609375	0.3	1.0	2	376878	n/a
184.03076171875	0.3	0.0	1	376895	n/a
184.0390625	0.3	0.0	1	376912	n/a
184.04736328125	0.3	1.0	2	376929	n/a
184.0556640625	0.3	0.0	1	376946	n/a
184.06396484375	0.3	1.0	2	376963	n/a
184.072265625	0.3	1.0	2	376980	n/a
184.08056640625	0.3	0.0	1	376997	n/a
184.0888671875	0.3	0.0	1	377014	n/a
184.09765625	0.3	1.0	2	377032	n/a
184.10595703125	0.3	0.0	1	377049	n/a
184.1142578125	0.3	1.0	2	377066	n/a
184.12255859375	0.3	0.0	1	377083	n/a
184.130859375	0.3	1.0	2	377100	n/a
184.13916015625	0.3	1.0	2	377117	n/a
184.1474609375	0.3	0.0	1	377134	n/a
184.15576171875	0.3	0.0	1	377151	n/a
184.1640625	0.3	1.0	2	377168	n/a
184.17236328125	0.3	0.0	1	377185	n/a
184.1806640625	0.3	1.0	2	377202	n/a
184.18896484375	0.3	0.0	1	377219	n/a
184.197265625	0.3	1.0	2	377236	n/a
184.20556640625	0.3	1.0	2	377253	n/a
184.2138671875	0.3	0.0	1	377270	n/a
184.22265625	0.3	1.0	2	377288	n/a
184.23095703125	0.3	0.0	1	377305	n/a
184.2392578125	0.3	1.0	2	377322	n/a
184.24755859375	0.3	0.0	1	377339	n/a
184.255859375	0.3	0.0	1	377356	n/a
184.26416015625	0.3	1.0	2	377373	n/a
184.2724609375	0.3	0.0	1	377390	n/a
184.28076171875	0.3	1.0	2	377407	n/a
184.2890625	0.3	1.0	2	377424	n/a
184.29736328125	0.3	0.0	1	377441	n/a
184.3056640625	0.3	0.0	1	377458	n/a
184.31396484375	0.3	1.0	2	377475	n/a
184.322265625	0.3	1.0	2	377492	n/a
184.33056640625	0.3	0.0	1	377509	n/a
184.3388671875	0.3	0.0	1	377526	n/a
184.34765625	0.3	1.0	2	377544	n/a
184.35595703125	0.3	0.0	1	377561	n/a
184.3642578125	0.3	1.0	2	377578	n/a
184.37255859375	0.3	0.0	1	377595	n/a
184.380859375	0.3	1.0	2	377612	n/a
184.38916015625	0.3	1.0	2	377629	n/a
184.3974609375	0.3	0.0	1	377646	n/a
184.40576171875	0.3	0.0	1	377663	n/a
184.4140625	0.3	1.0	2	377680	n/a
184.42236328125	0.3	1.0	2	377697	n/a
184.4306640625	0.3	0.0	1	377714	n/a
184.43896484375	0.3	1.0	2	377731	n/a
184.447265625	0.3	0.0	1	377748	n/a
184.45556640625	0.3	1.0	2	377765	n/a
184.4638671875	0.3	0.0	1	377782	n/a
184.47265625	0.3	0.0	1	377800	n/a
184.48095703125	0.3	1.0	2	377817	n/a
184.4892578125	0.3	1.0	2	377834	n/a
184.49755859375	0.3	0.0	1	377851	n/a
184.505859375	0.3	1.0	2	377868	n/a
184.51416015625	0.3	0.0	1	377885	n/a
184.5224609375	0.3	1.0	2	377902	n/a
184.53076171875	0.3	0.0	1	377919	n/a
184.5390625	0.3	1.0	2	377936	n/a
184.54736328125	0.3	0.0	1	377953	n/a
184.5556640625	0.3	1.0	2	377970	n/a
184.56396484375	0.3	0.0	1	377987	n/a
184.572265625	0.3	1.0	2	378004	n/a
184.58056640625	0.3	0.0	1	378021	n/a
184.5888671875	0.3	0.0	1	378038	n/a
184.59765625	0.3	1.0	2	378056	n/a
184.60595703125	0.3	0.0	1	378073	n/a
184.6142578125	0.3	1.0	2	378090	n/a
184.62255859375	0.3	1.0	2	378107	n/a
184.630859375	0.3	0.0	1	378124	n/a
184.63916015625	0.3	0.0	1	378141	n/a
184.6474609375	0.3	1.0	2	378158	n/a
184.65576171875	0.3	0.0	1	378175	n/a
184.6640625	0.3	1.0	2	378192	n/a
184.67236328125	0.3	1.0	2	378209	n/a
184.6806640625	0.3	0.0	1	378226	n/a
184.68896484375	0.3	1.0	2	378243	n/a
184.697265625	0.3	0.0	1	378260	n/a
184.70556640625	0.3	1.0	2	378277	n/a
184.7138671875	0.3	0.0	1	378294	n/a
184.72265625	0.3	0.0	1	378312	n/a
184.73095703125	0.3	1.0	2	378329	n/a
184.7392578125	0.3	0.0	1	378346	n/a
184.74755859375	0.3	1.0	2	378363	n/a
184.755859375	0.3	1.0	2	378380	n/a
184.76416015625	0.3	0.0	1	378397	n/a
184.7724609375	0.3	1.0	2	378414	n/a
184.78076171875	0.3	0.0	1	378431	n/a
184.7890625	0.3	0.0	1	378448	n/a
184.79736328125	0.3	1.0	2	378465	n/a
184.8056640625	0.3	0.0	1	378482	n/a
184.81396484375	0.3	1.0	2	378499	n/a
184.822265625	0.3	1.0	2	378516	n/a
184.83056640625	0.3	0.0	1	378533	n/a
184.8388671875	0.3	1.0	2	378550	n/a
184.84765625	0.3	0.0	1	378568	n/a
184.85595703125	0.3	0.0	1	378585	n/a
184.8642578125	0.3	1.0	2	378602	n/a
184.87255859375	0.3	0.0	1	378619	n/a
184.880859375	0.3	1.0	2	378636	n/a
184.88916015625	0.3	0.0	1	378653	n/a
184.8974609375	0.3	1.0	2	378670	n/a
184.90576171875	0.3	1.0	2	378687	n/a
184.9140625	0.3	0.0	1	378704	n/a
184.92236328125	0.3	1.0	2	378721	n/a
184.9306640625	0.3	0.0	1	378738	n/a
184.93896484375	0.3	0.0	1	378755	n/a
184.947265625	0.3	1.0	2	378772	n/a
184.95556640625	0.3	1.0	2	378789	n/a
184.9638671875	0.3	0.0	1	378806	n/a
184.97265625	0.3	0.0	1	378824	n/a
184.98095703125	0.3	1.0	2	378841	n/a
184.9892578125	0.3	0.0	1	378858	n/a
184.99755859375	0.3	1.0	2	378875	n/a
185.005859375	0.3	1.0	2	378892	n/a
185.01416015625	0.3	0.0	1	378909	n/a
185.0224609375	0.3	1.0	2	378926	n/a
185.03076171875	0.3	0.0	1	378943	n/a
185.0390625	0.3	0.0	1	378960	n/a
185.04736328125	0.3	1.0	2	378977	n/a
185.0556640625	0.3	0.0	1	378994	n/a
185.06396484375	0.3	1.0	2	379011	n/a
185.072265625	0.3	1.0	2	379028	n/a
185.08056640625	0.3	0.0	1	379045	n/a
185.0888671875	0.3	0.0	1	379062	n/a
185.09765625	0.3	1.0	2	379080	n/a
185.10595703125	0.3	0.0	1	379097	n/a
185.1142578125	0.3	1.0	2	379114	n/a
185.12255859375	0.3	1.0	2	379131	n/a
185.130859375	0.3	0.0	1	379148	n/a
185.13916015625	0.3	0.0	1	379165	n/a
185.1474609375	0.3	1.0	2	379182	n/a
185.15576171875	0.3	0.0	1	379199	n/a
185.1640625	0.3	1.0	2	379216	n/a
185.17236328125	0.3	0.0	1	379233	n/a
185.1806640625	0.3	1.0	2	379250	n/a
185.18896484375	0.3	1.0	2	379267	n/a
185.197265625	0.3	0.0	1	379284	n/a
185.20556640625	0.3	0.0	1	379301	n/a
185.2138671875	0.3	1.0	2	379318	n/a
185.22265625	0.3	0.0	1	379336	n/a
185.23095703125	0.3	1.0	2	379353	n/a
185.2392578125	0.3	0.0	1	379370	n/a
185.24755859375	0.3	1.0	2	379387	n/a
185.255859375	0.3	1.0	2	379404	n/a
185.26416015625	0.3	0.0	1	379421	n/a
185.2724609375	0.3	1.0	2	379438	n/a
185.28076171875	0.3	0.0	1	379455	n/a
185.2890625	0.3	1.0	2	379472	n/a
185.29736328125	0.3	0.0	1	379489	n/a
185.3056640625	0.3	0.0	1	379506	n/a
185.31396484375	0.3	1.0	2	379523	n/a
185.322265625	0.3	0.0	1	379540	n/a
185.33056640625	0.3	1.0	2	379557	n/a
185.3388671875	0.3	1.0	2	379574	n/a
185.34765625	0.3	0.0	1	379592	n/a
185.35595703125	0.3	0.0	1	379609	n/a
185.3642578125	0.3	1.0	2	379626	n/a
185.37255859375	0.3	1.0	2	379643	n/a
185.380859375	0.3	0.0	1	379660	n/a
185.38916015625	0.3	0.0	1	379677	n/a
185.3974609375	0.3	1.0	2	379694	n/a
185.40576171875	0.3	0.0	1	379711	n/a
185.4140625	0.3	1.0	2	379728	n/a
185.42236328125	0.3	0.0	1	379745	n/a
185.4306640625	0.3	1.0	2	379762	n/a
185.43896484375	0.3	1.0	2	379779	n/a
185.447265625	0.3	0.0	1	379796	n/a
185.45556640625	0.3	0.0	1	379813	n/a
185.4638671875	0.3	1.0	2	379830	n/a
185.47265625	0.3	1.0	2	379848	n/a
185.48095703125	0.3	0.0	1	379865	n/a
185.4892578125	0.3	1.0	2	379882	n/a
185.49755859375	0.3	0.0	1	379899	n/a
185.505859375	0.3	1.0	2	379916	n/a
185.51416015625	0.3	0.0	1	379933	n/a
185.5224609375	0.3	0.0	1	379950	n/a
185.53076171875	0.3	1.0	2	379967	n/a
185.5390625	0.3	1.0	2	379984	n/a
185.54736328125	0.3	0.0	1	380001	n/a
185.5556640625	0.3	1.0	2	380018	n/a
185.56396484375	0.3	0.0	1	380035	n/a
185.572265625	0.3	1.0	2	380052	n/a
185.58056640625	0.3	0.0	1	380069	n/a
185.5888671875	0.3	1.0	2	380086	n/a
185.59765625	0.3	0.0	1	380104	n/a
185.60595703125	0.3	1.0	2	380121	n/a
185.6142578125	0.3	0.0	1	380138	n/a
185.62255859375	0.3	1.0	2	380155	n/a
185.630859375	0.3	0.0	1	380172	n/a
185.63916015625	0.3	0.0	1	380189	n/a
185.6474609375	0.3	1.0	2	380206	n/a
185.65576171875	0.3	0.0	1	380223	n/a
185.6640625	0.3	1.0	2	380240	n/a
185.67236328125	0.3	1.0	2	380257	n/a
185.6806640625	0.3	0.0	1	380274	n/a
185.68896484375	0.3	0.0	1	380291	n/a
185.697265625	0.3	1.0	2	380308	n/a
185.70556640625	0.3	0.0	1	380325	n/a
185.7138671875	0.3	1.0	2	380342	n/a
185.72265625	0.3	1.0	2	380360	n/a
185.73095703125	0.3	0.0	1	380377	n/a
185.7392578125	0.3	1.0	2	380394	n/a
185.74755859375	0.3	0.0	1	380411	n/a
185.755859375	0.3	1.0	2	380428	n/a
185.76416015625	0.3	0.0	1	380445	n/a
185.7724609375	0.3	0.0	1	380462	n/a
185.78076171875	0.3	1.0	2	380479	n/a
185.7890625	0.3	0.0	1	380496	n/a
185.79736328125	0.3	1.0	2	380513	n/a
185.8056640625	0.3	1.0	2	380530	n/a
185.81396484375	0.3	0.0	1	380547	n/a
185.822265625	0.3	1.0	2	380564	n/a
185.83056640625	0.3	0.0	1	380581	n/a
185.8388671875	0.3	0.0	1	380598	n/a
185.84765625	0.3	1.0	2	380616	n/a
185.85595703125	0.3	0.0	1	380633	n/a
185.8642578125	0.3	1.0	2	380650	n/a
185.87255859375	0.3	1.0	2	380667	n/a
185.880859375	0.3	0.0	1	380684	n/a
185.88916015625	0.3	1.0	2	380701	n/a
185.8974609375	0.3	0.0	1	380718	n/a
185.90576171875	0.3	0.0	1	380735	n/a
185.9140625	0.3	1.0	2	380752	n/a
185.92236328125	0.3	0.0	1	380769	n/a
185.9306640625	0.3	1.0	2	380786	n/a
185.93896484375	0.3	0.0	1	380803	n/a
185.947265625	0.3	1.0	2	380820	n/a
185.95556640625	0.3	1.0	2	380837	n/a
185.9638671875	0.3	0.0	1	380854	n/a
185.97265625	0.3	1.0	2	380872	n/a
185.98095703125	0.3	0.0	1	380889	n/a
185.9892578125	0.3	0.0	1	380906	n/a
185.99755859375	0.3	1.0	2	380923	n/a
186.005859375	0.3	1.0	2	380940	n/a
186.01416015625	0.3	0.0	1	380957	n/a
186.0224609375	0.3	0.0	1	380974	n/a
186.03076171875	0.3	1.0	2	380991	n/a
186.0390625	0.3	0.0	1	381008	n/a
186.04736328125	0.3	1.0	2	381025	n/a
186.0556640625	0.3	1.0	2	381042	n/a
186.06396484375	0.3	0.0	1	381059	n/a
186.072265625	0.3	1.0	2	381076	n/a
186.08056640625	0.3	0.0	1	381093	n/a
186.0888671875	0.3	0.0	1	381110	n/a
186.09765625	0.3	1.0	2	381128	n/a
186.10595703125	0.3	0.0	1	381145	n/a
186.1142578125	0.3	1.0	2	381162	n/a
186.12255859375	0.3	1.0	2	381179	n/a
186.130859375	0.3	0.0	1	381196	n/a
186.13916015625	0.3	0.0	1	381213	n/a
186.1474609375	0.3	1.0	2	381230	n/a
186.15576171875	0.3	0.0	1	381247	n/a
186.1640625	0.3	1.0	2	381264	n/a
186.17236328125	0.3	1.0	2	381281	n/a
186.1806640625	0.3	0.0	1	381298	n/a
186.18896484375	0.3	0.0	1	381315	n/a
186.197265625	0.3	1.0	2	381332	n/a
186.20556640625	0.3	0.0	1	381349	n/a
186.2138671875	0.3	1.0	2	381366	n/a
186.22265625	0.3	0.0	1	381384	n/a
186.23095703125	0.3	1.0	2	381401	n/a
186.2392578125	0.3	1.0	2	381418	n/a
186.24755859375	0.3	0.0	1	381435	n/a
186.255859375	0.3	0.0	1	381452	n/a
186.26416015625	0.3	1.0	2	381469	n/a
186.2724609375	0.3	0.0	1	381486	n/a
186.28076171875	0.3	1.0	2	381503	n/a
186.2890625	0.3	0.0	1	381520	n/a
186.29736328125	0.3	1.0	2	381537	n/a
186.3056640625	0.3	1.0	2	381554	n/a
186.31396484375	0.3	0.0	1	381571	n/a
186.322265625	0.3	1.0	2	381588	n/a
186.33056640625	0.3	0.0	1	381605	n/a
186.3388671875	0.3	1.0	2	381622	n/a
186.34765625	0.3	0.0	1	381640	n/a
186.35595703125	0.3	0.0	1	381657	n/a
186.3642578125	0.3	1.0	2	381674	n/a
186.37255859375	0.3	0.0	1	381691	n/a
186.380859375	0.3	1.0	2	381708	n/a
186.38916015625	0.3	1.0	2	381725	n/a
186.3974609375	0.3	0.0	1	381742	n/a
186.40576171875	0.3	0.0	1	381759	n/a
186.4140625	0.3	1.0	2	381776	n/a
186.42236328125	0.3	1.0	2	381793	n/a
186.4306640625	0.3	0.0	1	381810	n/a
186.43896484375	0.3	0.0	1	381827	n/a
186.447265625	0.3	1.0	2	381844	n/a
186.45556640625	0.3	0.0	1	381861	n/a
186.4638671875	0.3	1.0	2	381878	n/a
186.47265625	0.3	0.0	1	381896	n/a
186.48095703125	0.3	1.0	2	381913	n/a
186.4892578125	0.3	1.0	2	381930	n/a
186.49755859375	0.3	0.0	1	381947	n/a
186.505859375	0.3	0.0	1	381964	n/a
186.51416015625	0.3	1.0	2	381981	n/a
186.5224609375	0.3	1.0	2	381998	n/a
186.53076171875	0.3	0.0	1	382015	n/a
186.5390625	0.3	1.0	2	382032	n/a
186.54736328125	0.3	0.0	1	382049	n/a
186.5556640625	0.3	1.0	2	382066	n/a
186.56396484375	0.3	0.0	1	382083	n/a
186.572265625	0.3	0.0	1	382100	n/a
186.58056640625	0.3	1.0	2	382117	n/a
186.5888671875	0.3	1.0	2	382134	n/a
186.59765625	0.3	0.0	1	382152	n/a
186.60595703125	0.3	1.0	2	382169	n/a
186.6142578125	0.3	0.0	1	382186	n/a
186.62255859375	0.3	1.0	2	382203	n/a
186.630859375	0.3	0.0	1	382220	n/a
186.63916015625	0.3	1.0	2	382237	n/a
186.6474609375	0.3	0.0	1	382254	n/a
186.65576171875	0.3	1.0	2	382271	n/a
186.6640625	0.3	0.0	1	382288	n/a
186.67236328125	0.3	1.0	2	382305	n/a
186.6806640625	0.3	0.0	1	382322	n/a
186.68896484375	0.3	0.0	1	382339	n/a
186.697265625	0.3	1.0	2	382356	n/a
186.70556640625	0.3	0.0	1	382373	n/a
186.7138671875	0.3	1.0	2	382390	n/a
186.72265625	0.3	1.0	2	382408	n/a
186.73095703125	0.3	0.0	1	382425	n/a
186.7392578125	0.3	0.0	1	382442	n/a
186.74755859375	0.3	1.0	2	382459	n/a
186.755859375	0.3	0.0	1	382476	n/a
186.76416015625	0.3	1.0	2	382493	n/a
186.7724609375	0.3	1.0	2	382510	n/a
186.78076171875	0.3	0.0	1	382527	n/a
186.7890625	0.3	1.0	2	382544	n/a
186.79736328125	0.3	0.0	1	382561	n/a
186.8056640625	0.3	1.0	2	382578	n/a
186.81396484375	0.3	0.0	1	382595	n/a
186.822265625	0.3	0.0	1	382612	n/a
186.83056640625	0.3	1.0	2	382629	n/a
186.8388671875	0.3	0.0	1	382646	n/a
186.84765625	0.3	1.0	2	382664	n/a
186.85595703125	0.3	1.0	2	382681	n/a
186.8642578125	0.3	0.0	1	382698	n/a
186.87255859375	0.3	1.0	2	382715	n/a
186.880859375	0.3	0.0	1	382732	n/a
186.88916015625	0.3	0.0	1	382749	n/a
186.8974609375	0.3	1.0	2	382766	n/a
186.90576171875	0.3	0.0	1	382783	n/a
186.9140625	0.3	1.0	2	382800	n/a
186.92236328125	0.3	1.0	2	382817	n/a
186.9306640625	0.3	0.0	1	382834	n/a
186.93896484375	0.3	1.0	2	382851	n/a
186.947265625	0.3	0.0	1	382868	n/a
186.95556640625	0.3	0.0	1	382885	n/a
186.9638671875	0.3	1.0	2	382902	n/a
186.97265625	0.3	0.0	1	382920	n/a
186.98095703125	0.3	1.0	2	382937	n/a
186.9892578125	0.3	0.0	1	382954	n/a
186.99755859375	0.3	1.0	2	382971	n/a
187.005859375	0.3	1.0	2	382988	n/a
187.01416015625	0.3	0.0	1	383005	n/a
187.0224609375	0.3	1.0	2	383022	n/a
187.03076171875	0.3	0.0	1	383039	n/a
187.0390625	0.3	0.0	1	383056	n/a
187.04736328125	0.3	1.0	2	383073	n/a
187.0556640625	0.3	1.0	2	383090	n/a
187.06396484375	0.3	0.0	1	383107	n/a
187.072265625	0.3	0.0	1	383124	n/a
187.08056640625	0.3	1.0	2	383141	n/a
187.0888671875	0.3	0.0	1	383158	n/a
187.09765625	0.3	1.0	2	383176	n/a
187.10595703125	0.3	1.0	2	383193	n/a
187.1142578125	0.3	0.0	1	383210	n/a
187.12255859375	0.3	1.0	2	383227	n/a
187.130859375	0.3	0.0	1	383244	n/a
187.13916015625	0.3	0.0	1	383261	n/a
187.1474609375	0.3	1.0	2	383278	n/a
187.15576171875	0.3	0.0	1	383295	n/a
187.1640625	0.3	1.0	2	383312	n/a
187.17236328125	0.3	1.0	2	383329	n/a
187.1806640625	0.3	0.0	1	383346	n/a
187.18896484375	0.3	0.0	1	383363	n/a
187.197265625	0.3	1.0	2	383380	n/a
187.20556640625	0.3	0.0	1	383397	n/a
187.2138671875	0.3	1.0	2	383414	n/a
187.22265625	0.3	1.0	2	383432	n/a
187.23095703125	0.3	0.0	1	383449	n/a
187.2392578125	0.3	0.0	1	383466	n/a
187.24755859375	0.3	1.0	2	383483	n/a
187.255859375	0.3	0.0	1	383500	n/a
187.26416015625	0.3	1.0	2	383517	n/a
187.2724609375	0.3	0.0	1	383534	n/a
187.28076171875	0.3	1.0	2	383551	n/a
187.2890625	0.3	1.0	2	383568	n/a
187.29736328125	0.3	0.0	1	383585	n/a
187.3056640625	0.3	0.0	1	383602	n/a
187.31396484375	0.3	1.0	2	383619	n/a
187.322265625	0.3	0.0	1	383636	n/a
187.33056640625	0.3	1.0	2	383653	n/a
187.3388671875	0.3	0.0	1	383670	n/a
187.34765625	0.3	1.0	2	383688	n/a
187.35595703125	0.3	1.0	2	383705	n/a
187.3642578125	0.3	0.0	1	383722	n/a
187.37255859375	0.3	1.0	2	383739	n/a
187.380859375	0.3	0.0	1	383756	n/a
187.38916015625	0.3	1.0	2	383773	n/a
187.3974609375	0.3	0.0	1	383790	n/a
187.40576171875	0.3	0.0	1	383807	n/a
187.4140625	0.3	1.0	2	383824	n/a
187.42236328125	0.3	0.0	1	383841	n/a
187.4306640625	0.3	1.0	2	383858	n/a
187.43896484375	0.3	1.0	2	383875	n/a
187.447265625	0.3	0.0	1	383892	n/a
187.45556640625	0.3	0.0	1	383909	n/a
187.4638671875	0.3	1.0	2	383926	n/a
187.47265625	0.3	1.0	2	383944	n/a
187.48095703125	0.3	0.0	1	383961	n/a
187.4892578125	0.3	0.0	1	383978	n/a
187.49755859375	0.3	1.0	2	383995	n/a
187.505859375	0.3	0.0	1	384012	n/a
187.51416015625	0.3	1.0	2	384029	n/a
187.5224609375	0.3	0.0	1	384046	n/a
187.53076171875	0.3	1.0	2	384063	n/a
187.5390625	0.3	1.0	2	384080	n/a
187.54736328125	0.3	0.0	1	384097	n/a
187.5556640625	0.3	0.0	1	384114	n/a
187.56396484375	0.3	1.0	2	384131	n/a
187.572265625	0.3	1.0	2	384148	n/a
187.58056640625	0.3	0.0	1	384165	n/a
187.5888671875	0.3	1.0	2	384182	n/a
187.59765625	0.3	0.0	1	384200	n/a
187.60595703125	0.3	1.0	2	384217	n/a
187.6142578125	0.3	0.0	1	384234	n/a
187.62255859375	0.3	0.0	1	384251	n/a
187.630859375	0.3	1.0	2	384268	n/a
187.63916015625	0.3	1.0	2	384285	n/a
187.6474609375	0.3	0.0	1	384302	n/a
187.65576171875	0.3	1.0	2	384319	n/a
187.6640625	0.3	0.0	1	384336	n/a
187.67236328125	0.3	1.0	2	384353	n/a
187.6806640625	0.3	0.0	1	384370	n/a
187.68896484375	0.3	1.0	2	384387	n/a
187.697265625	0.3	0.0	1	384404	n/a
187.70556640625	0.3	1.0	2	384421	n/a
187.7138671875	0.3	0.0	1	384438	n/a
187.72265625	0.3	1.0	2	384456	n/a
187.73095703125	0.3	0.0	1	384473	n/a
187.7392578125	0.3	0.0	1	384490	n/a
187.74755859375	0.3	1.0	2	384507	n/a
187.755859375	0.3	0.0	1	384524	n/a
187.76416015625	0.3	1.0	2	384541	n/a
187.7724609375	0.3	1.0	2	384558	n/a
187.78076171875	0.3	0.0	1	384575	n/a
187.7890625	0.3	0.0	1	384592	n/a
187.79736328125	0.3	1.0	2	384609	n/a
187.8056640625	0.3	0.0	1	384626	n/a
187.81396484375	0.3	1.0	2	384643	n/a
187.822265625	0.3	1.0	2	384660	n/a
187.83056640625	0.3	0.0	1	384677	n/a
187.8388671875	0.3	1.0	2	384694	n/a
187.84765625	0.3	0.0	1	384712	n/a
190.23876953125	0.3	1.0	2	389609	0.0
190.2470703125	0.3	0.0	1	389626	n/a
190.25537109375	0.3	1.0	2	389643	n/a
190.263671875	0.3	0.0	1	389660	n/a
190.27197265625	0.3	0.0	1	389677	n/a
190.2802734375	0.3	1.0	2	389694	n/a
190.28857421875	0.3	1.0	2	389711	n/a
190.296875	0.3	0.0	1	389728	n/a
190.3056640625	0.3	1.0	2	389746	n/a
190.31396484375	0.3	0.0	1	389763	n/a
190.322265625	0.3	1.0	2	389780	n/a
190.33056640625	0.3	0.0	1	389797	n/a
190.3388671875	0.3	1.0	2	389814	n/a
190.34716796875	0.3	0.0	1	389831	n/a
190.35546875	0.3	1.0	2	389848	n/a
190.36376953125	0.3	0.0	1	389865	n/a
190.3720703125	0.3	1.0	2	389882	n/a
190.38037109375	0.3	0.0	1	389899	n/a
190.388671875	0.3	1.0	2	389916	n/a
190.39697265625	0.3	0.0	1	389933	n/a
190.4052734375	0.3	1.0	2	389950	n/a
190.41357421875	0.3	0.0	1	389967	n/a
190.421875	0.3	1.0	2	389984	n/a
190.4306640625	0.3	0.0	1	390002	n/a
190.43896484375	0.3	0.0	1	390019	n/a
190.447265625	0.3	1.0	2	390036	n/a
190.45556640625	0.3	1.0	2	390053	n/a
190.4638671875	0.3	0.0	1	390070	n/a
190.47216796875	0.3	1.0	2	390087	n/a
190.48046875	0.3	0.0	1	390104	n/a
190.48876953125	0.3	0.0	1	390121	n/a
190.4970703125	0.3	1.0	2	390138	n/a
190.50537109375	0.3	1.0	2	390155	n/a
190.513671875	0.3	0.0	1	390172	n/a
190.52197265625	0.3	0.0	1	390189	n/a
190.5302734375	0.3	1.0	2	390206	n/a
190.53857421875	0.3	0.0	1	390223	n/a
190.546875	0.3	1.0	2	390240	n/a
190.5556640625	0.3	1.0	2	390258	n/a
190.56396484375	0.3	0.0	1	390275	n/a
190.572265625	0.3	1.0	2	390292	n/a
190.58056640625	0.3	0.0	1	390309	n/a
190.5888671875	0.3	1.0	2	390326	n/a
190.59716796875	0.3	0.0	1	390343	n/a
190.60546875	0.3	1.0	2	390360	n/a
190.61376953125	0.3	0.0	1	390377	n/a
190.6220703125	0.3	1.0	2	390394	n/a
190.63037109375	0.3	0.0	1	390411	n/a
190.638671875	0.3	0.0	1	390428	n/a
190.64697265625	0.3	1.0	2	390445	n/a
190.6552734375	0.3	1.0	2	390462	n/a
190.66357421875	0.3	0.0	1	390479	n/a
190.671875	0.3	1.0	2	390496	n/a
190.6806640625	0.3	0.0	1	390514	n/a
190.68896484375	0.3	1.0	2	390531	n/a
190.697265625	0.3	0.0	1	390548	n/a
190.70556640625	0.3	0.0	1	390565	n/a
190.7138671875	0.3	1.0	2	390582	n/a
190.72216796875	0.3	0.0	1	390599	n/a
190.73046875	0.3	1.0	2	390616	n/a
190.73876953125	0.3	1.0	2	390633	n/a
190.7470703125	0.3	0.0	1	390650	n/a
190.75537109375	0.3	0.0	1	390667	n/a
190.763671875	0.3	1.0	2	390684	n/a
190.77197265625	0.3	0.0	1	390701	n/a
190.7802734375	0.3	1.0	2	390718	n/a
190.78857421875	0.3	1.0	2	390735	n/a
190.796875	0.3	0.0	1	390752	n/a
190.8056640625	0.3	0.0	1	390770	n/a
190.81396484375	0.3	1.0	2	390787	n/a
190.822265625	0.3	1.0	2	390804	n/a
190.83056640625	0.3	0.0	1	390821	n/a
190.8388671875	0.3	0.0	1	390838	n/a
190.84716796875	0.3	1.0	2	390855	n/a
190.85546875	0.3	1.0	2	390872	n/a
190.86376953125	0.3	0.0	1	390889	n/a
190.8720703125	0.3	1.0	2	390906	n/a
190.88037109375	0.3	0.0	1	390923	n/a
190.888671875	0.3	0.0	1	390940	n/a
190.89697265625	0.3	1.0	2	390957	n/a
190.9052734375	0.3	1.0	2	390974	n/a
190.91357421875	0.3	0.0	1	390991	n/a
190.921875	0.3	0.0	1	391008	n/a
190.9306640625	0.3	1.0	2	391026	n/a
190.93896484375	0.3	1.0	2	391043	n/a
190.947265625	0.3	0.0	1	391060	n/a
190.95556640625	0.3	1.0	2	391077	n/a
190.9638671875	0.3	0.0	1	391094	n/a
190.97216796875	0.3	0.0	1	391111	n/a
190.98046875	0.3	1.0	2	391128	n/a
190.98876953125	0.3	0.0	1	391145	n/a
190.9970703125	0.3	1.0	2	391162	n/a
191.00537109375	0.3	1.0	2	391179	n/a
191.013671875	0.3	0.0	1	391196	n/a
191.02197265625	0.3	1.0	2	391213	n/a
191.0302734375	0.3	0.0	1	391230	n/a
191.03857421875	0.3	1.0	2	391247	n/a
191.046875	0.3	0.0	1	391264	n/a
191.0556640625	0.3	0.0	1	391282	n/a
191.06396484375	0.3	1.0	2	391299	n/a
191.072265625	0.3	0.0	1	391316	n/a
191.08056640625	0.3	1.0	2	391333	n/a
191.0888671875	0.3	1.0	2	391350	n/a
191.09716796875	0.3	0.0	1	391367	n/a
191.10546875	0.3	0.0	1	391384	n/a
191.11376953125	0.3	1.0	2	391401	n/a
191.1220703125	0.3	0.0	1	391418	n/a
191.13037109375	0.3	1.0	2	391435	n/a
191.138671875	0.3	0.0	1	391452	n/a
191.14697265625	0.3	1.0	2	391469	n/a
191.1552734375	0.3	0.0	1	391486	n/a
191.16357421875	0.3	1.0	2	391503	n/a
191.171875	0.3	1.0	2	391520	n/a
191.1806640625	0.3	0.0	1	391538	n/a
191.18896484375	0.3	1.0	2	391555	n/a
191.197265625	0.3	0.0	1	391572	n/a
191.20556640625	0.3	1.0	2	391589	n/a
191.2138671875	0.3	0.0	1	391606	n/a
191.22216796875	0.3	0.0	1	391623	n/a
191.23046875	0.3	1.0	2	391640	n/a
191.23876953125	0.3	1.0	2	391657	n/a
191.2470703125	0.3	0.0	1	391674	n/a
191.25537109375	0.3	1.0	2	391691	n/a
191.263671875	0.3	0.0	1	391708	n/a
191.27197265625	0.3	0.0	1	391725	n/a
191.2802734375	0.3	1.0	2	391742	n/a
191.28857421875	0.3	1.0	2	391759	n/a
191.296875	0.3	0.0	1	391776	n/a
191.3056640625	0.3	1.0	2	391794	n/a
191.31396484375	0.3	0.0	1	391811	n/a
191.322265625	0.3	0.0	1	391828	n/a
191.33056640625	0.3	1.0	2	391845	n/a
191.3388671875	0.3	1.0	2	391862	n/a
191.34716796875	0.3	0.0	1	391879	n/a
191.35546875	0.3	1.0	2	391896	n/a
191.36376953125	0.3	0.0	1	391913	n/a
191.3720703125	0.3	1.0	2	391930	n/a
191.38037109375	0.3	0.0	1	391947	n/a
191.388671875	0.3	1.0	2	391964	n/a
191.39697265625	0.3	0.0	1	391981	n/a
191.4052734375	0.3	1.0	2	391998	n/a
191.41357421875	0.3	0.0	1	392015	n/a
191.421875	0.3	1.0	2	392032	n/a
191.4306640625	0.3	0.0	1	392050	n/a
191.43896484375	0.3	1.0	2	392067	n/a
191.447265625	0.3	0.0	1	392084	n/a
191.45556640625	0.3	1.0	2	392101	n/a
191.4638671875	0.3	0.0	1	392118	n/a
191.47216796875	0.3	1.0	2	392135	n/a
191.48046875	0.3	0.0	1	392152	n/a
191.48876953125	0.3	0.0	1	392169	n/a
191.4970703125	0.3	1.0	2	392186	n/a
191.50537109375	0.3	1.0	2	392203	n/a
191.513671875	0.3	0.0	1	392220	n/a
191.52197265625	0.3	1.0	2	392237	n/a
191.5302734375	0.3	0.0	1	392254	n/a
191.53857421875	0.3	0.0	1	392271	n/a
191.546875	0.3	1.0	2	392288	n/a
191.5556640625	0.3	1.0	2	392306	n/a
191.56396484375	0.3	0.0	1	392323	n/a
191.572265625	0.3	0.0	1	392340	n/a
191.58056640625	0.3	1.0	2	392357	n/a
191.5888671875	0.3	0.0	1	392374	n/a
191.59716796875	0.3	1.0	2	392391	n/a
191.60546875	0.3	1.0	2	392408	n/a
191.61376953125	0.3	0.0	1	392425	n/a
191.6220703125	0.3	1.0	2	392442	n/a
191.63037109375	0.3	0.0	1	392459	n/a
191.638671875	0.3	1.0	2	392476	n/a
191.64697265625	0.3	0.0	1	392493	n/a
191.6552734375	0.3	1.0	2	392510	n/a
191.66357421875	0.3	0.0	1	392527	n/a
191.671875	0.3	1.0	2	392544	n/a
191.6806640625	0.3	0.0	1	392562	n/a
191.68896484375	0.3	0.0	1	392579	n/a
191.697265625	0.3	1.0	2	392596	n/a
191.70556640625	0.3	1.0	2	392613	n/a
191.7138671875	0.3	0.0	1	392630	n/a
191.72216796875	0.3	1.0	2	392647	n/a
191.73046875	0.3	0.0	1	392664	n/a
191.73876953125	0.3	1.0	2	392681	n/a
191.7470703125	0.3	0.0	1	392698	n/a
191.75537109375	0.3	0.0	1	392715	n/a
191.763671875	0.3	1.0	2	392732	n/a
191.77197265625	0.3	0.0	1	392749	n/a
191.7802734375	0.3	1.0	2	392766	n/a
191.78857421875	0.3	1.0	2	392783	n/a
191.796875	0.3	0.0	1	392800	n/a
191.8056640625	0.3	0.0	1	392818	n/a
191.81396484375	0.3	1.0	2	392835	n/a
191.822265625	0.3	0.0	1	392852	n/a
191.83056640625	0.3	1.0	2	392869	n/a
191.8388671875	0.3	1.0	2	392886	n/a
191.84716796875	0.3	0.0	1	392903	n/a
191.85546875	0.3	0.0	1	392920	n/a
191.86376953125	0.3	1.0	2	392937	n/a
191.8720703125	0.3	1.0	2	392954	n/a
191.88037109375	0.3	0.0	1	392971	n/a
191.888671875	0.3	0.0	1	392988	n/a
191.89697265625	0.3	1.0	2	393005	n/a
191.9052734375	0.3	1.0	2	393022	n/a
191.91357421875	0.3	0.0	1	393039	n/a
191.921875	0.3	1.0	2	393056	n/a
191.9306640625	0.3	0.0	1	393074	n/a
191.93896484375	0.3	0.0	1	393091	n/a
191.947265625	0.3	1.0	2	393108	n/a
191.95556640625	0.3	1.0	2	393125	n/a
191.9638671875	0.3	0.0	1	393142	n/a
191.97216796875	0.3	0.0	1	393159	n/a
191.98046875	0.3	1.0	2	393176	n/a
191.98876953125	0.3	1.0	2	393193	n/a
191.9970703125	0.3	0.0	1	393210	n/a
192.00537109375	0.3	1.0	2	393227	n/a
192.013671875	0.3	0.0	1	393244	n/a
192.02197265625	0.3	0.0	1	393261	n/a
192.0302734375	0.3	1.0	2	393278	n/a
192.03857421875	0.3	0.0	1	393295	n/a
192.046875	0.3	1.0	2	393312	n/a
192.0556640625	0.3	1.0	2	393330	n/a
192.06396484375	0.3	0.0	1	393347	n/a
192.072265625	0.3	1.0	2	393364	n/a
192.08056640625	0.3	0.0	1	393381	n/a
192.0888671875	0.3	1.0	2	393398	n/a
192.09716796875	0.3	0.0	1	393415	n/a
192.10546875	0.3	0.0	1	393432	n/a
192.11376953125	0.3	1.0	2	393449	n/a
192.1220703125	0.3	0.0	1	393466	n/a
192.13037109375	0.3	1.0	2	393483	n/a
192.138671875	0.3	1.0	2	393500	n/a
192.14697265625	0.3	0.0	1	393517	n/a
192.1552734375	0.3	0.0	1	393534	n/a
192.16357421875	0.3	1.0	2	393551	n/a
192.171875	0.3	0.0	1	393568	n/a
192.1806640625	0.3	1.0	2	393586	n/a
192.18896484375	0.3	0.0	1	393603	n/a
192.197265625	0.3	1.0	2	393620	n/a
192.20556640625	0.3	0.0	1	393637	n/a
192.2138671875	0.3	1.0	2	393654	n/a
192.22216796875	0.3	1.0	2	393671	n/a
192.23046875	0.3	0.0	1	393688	n/a
192.23876953125	0.3	1.0	2	393705	n/a
192.2470703125	0.3	0.0	1	393722	n/a
192.25537109375	0.3	1.0	2	393739	n/a
192.263671875	0.3	0.0	1	393756	n/a
192.27197265625	0.3	0.0	1	393773	n/a
192.2802734375	0.3	1.0	2	393790	n/a
192.28857421875	0.3	1.0	2	393807	n/a
192.296875	0.3	0.0	1	393824	n/a
192.3056640625	0.3	1.0	2	393842	n/a
192.31396484375	0.3	0.0	1	393859	n/a
192.322265625	0.3	0.0	1	393876	n/a
192.33056640625	0.3	1.0	2	393893	n/a
192.3388671875	0.3	1.0	2	393910	n/a
192.34716796875	0.3	0.0	1	393927	n/a
192.35546875	0.3	1.0	2	393944	n/a
192.36376953125	0.3	0.0	1	393961	n/a
192.3720703125	0.3	0.0	1	393978	n/a
192.38037109375	0.3	1.0	2	393995	n/a
192.388671875	0.3	1.0	2	394012	n/a
192.39697265625	0.3	0.0	1	394029	n/a
192.4052734375	0.3	1.0	2	394046	n/a
192.41357421875	0.3	0.0	1	394063	n/a
192.421875	0.3	1.0	2	394080	n/a
192.4306640625	0.3	0.0	1	394098	n/a
192.43896484375	0.3	1.0	2	394115	n/a
192.447265625	0.3	0.0	1	394132	n/a
192.45556640625	0.3	1.0	2	394149	n/a
192.4638671875	0.3	0.0	1	394166	n/a
192.47216796875	0.3	1.0	2	394183	n/a
192.48046875	0.3	0.0	1	394200	n/a
192.48876953125	0.3	1.0	2	394217	n/a
192.4970703125	0.3	0.0	1	394234	n/a
192.50537109375	0.3	1.0	2	394251	n/a
192.513671875	0.3	0.0	1	394268	n/a
192.52197265625	0.3	1.0	2	394285	n/a
192.5302734375	0.3	0.0	1	394302	n/a
192.53857421875	0.3	0.0	1	394319	n/a
192.546875	0.3	1.0	2	394336	n/a
192.5556640625	0.3	1.0	2	394354	n/a
192.56396484375	0.3	0.0	1	394371	n/a
192.572265625	0.3	1.0	2	394388	n/a
192.58056640625	0.3	0.0	1	394405	n/a
192.5888671875	0.3	0.0	1	394422	n/a
192.59716796875	0.3	1.0	2	394439	n/a
192.60546875	0.3	1.0	2	394456	n/a
192.61376953125	0.3	0.0	1	394473	n/a
192.6220703125	0.3	0.0	1	394490	n/a
192.63037109375	0.3	1.0	2	394507	n/a
192.638671875	0.3	0.0	1	394524	n/a
192.64697265625	0.3	1.0	2	394541	n/a
192.6552734375	0.3	1.0	2	394558	n/a
192.66357421875	0.3	0.0	1	394575	n/a
192.671875	0.3	1.0	2	394592	n/a
192.6806640625	0.3	0.0	1	394610	n/a
192.68896484375	0.3	1.0	2	394627	n/a
192.697265625	0.3	0.0	1	394644	n/a
192.70556640625	0.3	1.0	2	394661	n/a
192.7138671875	0.3	0.0	1	394678	n/a
192.72216796875	0.3	1.0	2	394695	n/a
192.73046875	0.3	0.0	1	394712	n/a
192.73876953125	0.3	0.0	1	394729	n/a
192.7470703125	0.3	1.0	2	394746	n/a
192.75537109375	0.3	1.0	2	394763	n/a
192.763671875	0.3	0.0	1	394780	n/a
192.77197265625	0.3	1.0	2	394797	n/a
192.7802734375	0.3	0.0	1	394814	n/a
192.78857421875	0.3	1.0	2	394831	n/a
192.796875	0.3	0.0	1	394848	n/a
192.8056640625	0.3	0.0	1	394866	n/a
192.81396484375	0.3	1.0	2	394883	n/a
192.822265625	0.3	0.0	1	394900	n/a
192.83056640625	0.3	1.0	2	394917	n/a
192.8388671875	0.3	1.0	2	394934	n/a
192.84716796875	0.3	0.0	1	394951	n/a
192.85546875	0.3	0.0	1	394968	n/a
192.86376953125	0.3	1.0	2	394985	n/a
192.8720703125	0.3	0.0	1	395002	n/a
192.88037109375	0.3	1.0	2	395019	n/a
192.888671875	0.3	1.0	2	395036	n/a
192.89697265625	0.3	0.0	1	395053	n/a
192.9052734375	0.3	0.0	1	395070	n/a
192.91357421875	0.3	1.0	2	395087	n/a
192.921875	0.3	1.0	2	395104	n/a
192.9306640625	0.3	0.0	1	395122	n/a
192.93896484375	0.3	0.0	1	395139	n/a
192.947265625	0.3	1.0	2	395156	n/a
192.95556640625	0.3	1.0	2	395173	n/a
192.9638671875	0.3	0.0	1	395190	n/a
192.97216796875	0.3	1.0	2	395207	n/a
192.98046875	0.3	0.0	1	395224	n/a
192.98876953125	0.3	0.0	1	395241	n/a
192.9970703125	0.3	1.0	2	395258	n/a
193.00537109375	0.3	1.0	2	395275	n/a
193.013671875	0.3	0.0	1	395292	n/a
193.02197265625	0.3	0.0	1	395309	n/a
193.0302734375	0.3	1.0	2	395326	n/a
193.03857421875	0.3	1.0	2	395343	n/a
193.046875	0.3	0.0	1	395360	n/a
193.0556640625	0.3	1.0	2	395378	n/a
193.06396484375	0.3	0.0	1	395395	n/a
193.072265625	0.3	0.0	1	395412	n/a
193.08056640625	0.3	1.0	2	395429	n/a
193.0888671875	0.3	0.0	1	395446	n/a
193.09716796875	0.3	1.0	2	395463	n/a
193.10546875	0.3	1.0	2	395480	n/a
193.11376953125	0.3	0.0	1	395497	n/a
193.1220703125	0.3	1.0	2	395514	n/a
193.13037109375	0.3	0.0	1	395531	n/a
193.138671875	0.3	1.0	2	395548	n/a
193.14697265625	0.3	0.0	1	395565	n/a
193.1552734375	0.3	0.0	1	395582	n/a
193.16357421875	0.3	1.0	2	395599	n/a
193.171875	0.3	0.0	1	395616	n/a
193.1806640625	0.3	1.0	2	395634	n/a
193.18896484375	0.3	1.0	2	395651	n/a
193.197265625	0.3	0.0	1	395668	n/a
193.20556640625	0.3	0.0	1	395685	n/a
193.2138671875	0.3	1.0	2	395702	n/a
193.22216796875	0.3	0.0	1	395719	n/a
193.23046875	0.3	1.0	2	395736	n/a
193.23876953125	0.3	0.0	1	395753	n/a
193.2470703125	0.3	1.0	2	395770	n/a
193.25537109375	0.3	0.0	1	395787	n/a
193.263671875	0.3	1.0	2	395804	n/a
193.27197265625	0.3	1.0	2	395821	n/a
193.2802734375	0.3	0.0	1	395838	n/a
193.28857421875	0.3	1.0	2	395855	n/a
193.296875	0.3	0.0	1	395872	n/a
193.3056640625	0.3	1.0	2	395890	n/a
193.31396484375	0.3	0.0	1	395907	n/a
193.322265625	0.3	0.0	1	395924	n/a
193.33056640625	0.3	1.0	2	395941	n/a
193.3388671875	0.3	1.0	2	395958	n/a
193.34716796875	0.3	0.0	1	395975	n/a
193.35546875	0.3	1.0	2	395992	n/a
193.36376953125	0.3	0.0	1	396009	n/a
193.3720703125	0.3	0.0	1	396026	n/a
193.38037109375	0.3	1.0	2	396043	n/a
193.388671875	0.3	1.0	2	396060	n/a
193.39697265625	0.3	0.0	1	396077	n/a
193.4052734375	0.3	1.0	2	396094	n/a
193.41357421875	0.3	0.0	1	396111	n/a
193.421875	0.3	0.0	1	396128	n/a
193.4306640625	0.3	1.0	2	396146	n/a
193.43896484375	0.3	1.0	2	396163	n/a
193.447265625	0.3	0.0	1	396180	n/a
193.45556640625	0.3	1.0	2	396197	n/a
193.4638671875	0.3	0.0	1	396214	n/a
193.47216796875	0.3	1.0	2	396231	n/a
193.48046875	0.3	0.0	1	396248	n/a
193.48876953125	0.3	1.0	2	396265	n/a
193.4970703125	0.3	0.0	1	396282	n/a
193.50537109375	0.3	1.0	2	396299	n/a
193.513671875	0.3	0.0	1	396316	n/a
193.52197265625	0.3	1.0	2	396333	n/a
193.5302734375	0.3	0.0	1	396350	n/a
193.53857421875	0.3	1.0	2	396367	n/a
193.546875	0.3	0.0	1	396384	n/a
193.5556640625	0.3	1.0	2	396402	n/a
193.56396484375	0.3	0.0	1	396419	n/a
193.572265625	0.3	1.0	2	396436	n/a
193.58056640625	0.3	0.0	1	396453	n/a
193.5888671875	0.3	0.0	1	396470	n/a
193.59716796875	0.3	1.0	2	396487	n/a
193.60546875	0.3	1.0	2	396504	n/a
193.61376953125	0.3	0.0	1	396521	n/a
193.6220703125	0.3	1.0	2	396538	n/a
193.63037109375	0.3	0.0	1	396555	n/a
193.638671875	0.3	0.0	1	396572	n/a
193.64697265625	0.3	1.0	2	396589	n/a
193.6552734375	0.3	1.0	2	396606	n/a
193.66357421875	0.3	0.0	1	396623	n/a
193.671875	0.3	0.0	1	396640	n/a
193.6806640625	0.3	1.0	2	396658	n/a
193.68896484375	0.3	0.0	1	396675	n/a
193.697265625	0.3	1.0	2	396692	n/a
193.70556640625	0.3	1.0	2	396709	n/a
193.7138671875	0.3	0.0	1	396726	n/a
193.72216796875	0.3	1.0	2	396743	n/a
193.73046875	0.3	0.0	1	396760	n/a
193.73876953125	0.3	1.0	2	396777	n/a
193.7470703125	0.3	0.0	1	396794	n/a
193.75537109375	0.3	1.0	2	396811	n/a
193.763671875	0.3	0.0	1	396828	n/a
193.77197265625	0.3	1.0	2	396845	n/a
193.7802734375	0.3	0.0	1	396862	n/a
193.78857421875	0.3	0.0	1	396879	n/a
193.796875	0.3	1.0	2	396896	n/a
193.8056640625	0.3	1.0	2	396914	n/a
193.81396484375	0.3	0.0	1	396931	n/a
193.822265625	0.3	1.0	2	396948	n/a
193.83056640625	0.3	0.0	1	396965	n/a
193.8388671875	0.3	1.0	2	396982	n/a
193.84716796875	0.3	0.0	1	396999	n/a
193.85546875	0.3	0.0	1	397016	n/a
193.86376953125	0.3	1.0	2	397033	n/a
193.8720703125	0.3	0.0	1	397050	n/a
193.88037109375	0.3	1.0	2	397067	n/a
193.888671875	0.3	1.0	2	397084	n/a
193.89697265625	0.3	0.0	1	397101	n/a
193.9052734375	0.3	0.0	1	397118	n/a
193.91357421875	0.3	1.0	2	397135	n/a
193.921875	0.3	0.0	1	397152	n/a
193.9306640625	0.3	1.0	2	397170	n/a
193.93896484375	0.3	1.0	2	397187	n/a
193.947265625	0.3	0.0	1	397204	n/a
193.95556640625	0.3	0.0	1	397221	n/a
193.9638671875	0.3	1.0	2	397238	n/a
193.97216796875	0.3	1.0	2	397255	n/a
193.98046875	0.3	0.0	1	397272	n/a
193.98876953125	0.3	0.0	1	397289	n/a
193.9970703125	0.3	1.0	2	397306	n/a
194.00537109375	0.3	1.0	2	397323	n/a
194.013671875	0.3	0.0	1	397340	n/a
194.02197265625	0.3	1.0	2	397357	n/a
194.0302734375	0.3	0.0	1	397374	n/a
194.03857421875	0.3	0.0	1	397391	n/a
194.046875	0.3	1.0	2	397408	n/a
194.0556640625	0.3	1.0	2	397426	n/a
194.06396484375	0.3	0.0	1	397443	n/a
194.072265625	0.3	0.0	1	397460	n/a
194.08056640625	0.3	1.0	2	397477	n/a
194.0888671875	0.3	1.0	2	397494	n/a
194.09716796875	0.3	0.0	1	397511	n/a
194.10546875	0.3	1.0	2	397528	n/a
194.11376953125	0.3	0.0	1	397545	n/a
194.1220703125	0.3	0.0	1	397562	n/a
194.13037109375	0.3	1.0	2	397579	n/a
194.138671875	0.3	0.0	1	397596	n/a
194.14697265625	0.3	1.0	2	397613	n/a
194.1552734375	0.3	1.0	2	397630	n/a
194.16357421875	0.3	0.0	1	397647	n/a
194.171875	0.3	1.0	2	397664	n/a
194.1806640625	0.3	0.0	1	397682	n/a
194.18896484375	0.3	1.0	2	397699	n/a
194.197265625	0.3	0.0	1	397716	n/a
194.20556640625	0.3	0.0	1	397733	n/a
194.2138671875	0.3	1.0	2	397750	n/a
194.22216796875	0.3	0.0	1	397767	n/a
194.23046875	0.3	1.0	2	397784	n/a
194.23876953125	0.3	1.0	2	397801	n/a
194.2470703125	0.3	0.0	1	397818	n/a
194.25537109375	0.3	0.0	1	397835	n/a
194.263671875	0.3	1.0	2	397852	n/a
194.27197265625	0.3	0.0	1	397869	n/a
194.2802734375	0.3	1.0	2	397886	n/a
194.28857421875	0.3	0.0	1	397903	n/a
194.296875	0.3	1.0	2	397920	n/a
194.3056640625	0.3	0.0	1	397938	n/a
194.31396484375	0.3	1.0	2	397955	n/a
194.322265625	0.3	1.0	2	397972	n/a
194.33056640625	0.3	0.0	1	397989	n/a
194.3388671875	0.3	1.0	2	398006	n/a
194.34716796875	0.3	0.0	1	398023	n/a
194.35546875	0.3	1.0	2	398040	n/a
194.36376953125	0.3	0.0	1	398057	n/a
194.3720703125	0.3	0.0	1	398074	n/a
194.38037109375	0.3	1.0	2	398091	n/a
194.388671875	0.3	1.0	2	398108	n/a
194.39697265625	0.3	0.0	1	398125	n/a
194.4052734375	0.3	1.0	2	398142	n/a
194.41357421875	0.3	0.0	1	398159	n/a
194.421875	0.3	0.0	1	398176	n/a
194.4306640625	0.3	1.0	2	398194	n/a
196.81494140625	0.3	0.0	1	403077	33.0
196.8232421875	0.3	1.0	2	403094	n/a
196.83154296875	0.3	0.0	1	403111	n/a
196.83984375	0.3	1.0	2	403128	n/a
196.84814453125	0.3	0.0	1	403145	n/a
196.8564453125	0.3	1.0	2	403162	n/a
196.86474609375	0.3	1.0	2	403179	n/a
196.873046875	0.3	0.0	1	403196	n/a
196.8818359375	0.3	1.0	2	403214	n/a
196.89013671875	0.3	0.0	1	403231	n/a
196.8984375	0.3	0.0	1	403248	n/a
196.90673828125	0.3	1.0	2	403265	n/a
196.9150390625	0.3	1.0	2	403282	n/a
196.92333984375	0.3	0.0	1	403299	n/a
196.931640625	0.3	1.0	2	403316	n/a
196.93994140625	0.3	0.0	1	403333	n/a
196.9482421875	0.3	0.0	1	403350	n/a
196.95654296875	0.3	1.0	2	403367	n/a
196.96484375	0.3	1.0	2	403384	n/a
196.97314453125	0.3	0.0	1	403401	n/a
196.9814453125	0.3	1.0	2	403418	n/a
196.98974609375	0.3	0.0	1	403435	n/a
196.998046875	0.3	1.0	2	403452	n/a
197.0068359375	0.3	0.0	1	403470	n/a
197.01513671875	0.3	0.0	1	403487	n/a
197.0234375	0.3	1.0	2	403504	n/a
197.03173828125	0.3	0.0	1	403521	n/a
197.0400390625	0.3	1.0	2	403538	n/a
197.04833984375	0.3	0.0	1	403555	n/a
197.056640625	0.3	1.0	2	403572	n/a
197.06494140625	0.3	1.0	2	403589	n/a
197.0732421875	0.3	0.0	1	403606	n/a
197.08154296875	0.3	1.0	2	403623	n/a
197.08984375	0.3	0.0	1	403640	n/a
197.09814453125	0.3	0.0	1	403657	n/a
197.1064453125	0.3	1.0	2	403674	n/a
197.11474609375	0.3	0.0	1	403691	n/a
197.123046875	0.3	1.0	2	403708	n/a
197.1318359375	0.3	1.0	2	403726	n/a
197.14013671875	0.3	0.0	1	403743	n/a
197.1484375	0.3	1.0	2	403760	n/a
197.15673828125	0.3	0.0	1	403777	n/a
197.1650390625	0.3	0.0	1	403794	n/a
197.17333984375	0.3	1.0	2	403811	n/a
197.181640625	0.3	1.0	2	403828	n/a
197.18994140625	0.3	0.0	1	403845	n/a
197.1982421875	0.3	0.0	1	403862	n/a
197.20654296875	0.3	1.0	2	403879	n/a
197.21484375	0.3	1.0	2	403896	n/a
197.22314453125	0.3	0.0	1	403913	n/a
197.2314453125	0.3	0.0	1	403930	n/a
197.23974609375	0.3	1.0	2	403947	n/a
197.248046875	0.3	0.0	1	403964	n/a
197.2568359375	0.3	1.0	2	403982	n/a
197.26513671875	0.3	0.0	1	403999	n/a
197.2734375	0.3	1.0	2	404016	n/a
197.28173828125	0.3	1.0	2	404033	n/a
197.2900390625	0.3	0.0	1	404050	n/a
197.29833984375	0.3	0.0	1	404067	n/a
197.306640625	0.3	1.0	2	404084	n/a
197.31494140625	0.3	1.0	2	404101	n/a
197.3232421875	0.3	0.0	1	404118	n/a
197.33154296875	0.3	1.0	2	404135	n/a
197.33984375	0.3	0.0	1	404152	n/a
197.34814453125	0.3	0.0	1	404169	n/a
197.3564453125	0.3	1.0	2	404186	n/a
197.36474609375	0.3	0.0	1	404203	n/a
197.373046875	0.3	1.0	2	404220	n/a
197.3818359375	0.3	0.0	1	404238	n/a
197.39013671875	0.3	1.0	2	404255	n/a
197.3984375	0.3	0.0	1	404272	n/a
197.40673828125	0.3	1.0	2	404289	n/a
197.4150390625	0.3	0.0	1	404306	n/a
197.42333984375	0.3	1.0	2	404323	n/a
197.431640625	0.3	1.0	2	404340	n/a
197.43994140625	0.3	0.0	1	404357	n/a
197.4482421875	0.3	1.0	2	404374	n/a
197.45654296875	0.3	0.0	1	404391	n/a
197.46484375	0.3	1.0	2	404408	n/a
197.47314453125	0.3	0.0	1	404425	n/a
197.4814453125	0.3	0.0	1	404442	n/a
197.48974609375	0.3	1.0	2	404459	n/a
197.498046875	0.3	0.0	1	404476	n/a
197.5068359375	0.3	1.0	2	404494	n/a
197.51513671875	0.3	1.0	2	404511	n/a
197.5234375	0.3	0.0	1	404528	n/a
197.53173828125	0.3	0.0	1	404545	n/a
197.5400390625	0.3	1.0	2	404562	n/a
197.54833984375	0.3	1.0	2	404579	n/a
197.556640625	0.3	0.0	1	404596	n/a
197.56494140625	0.3	1.0	2	404613	n/a
197.5732421875	0.3	0.0	1	404630	n/a
197.58154296875	0.3	0.0	1	404647	n/a
197.58984375	0.3	1.0	2	404664	n/a
197.59814453125	0.3	1.0	2	404681	n/a
197.6064453125	0.3	0.0	1	404698	n/a
197.61474609375	0.3	0.0	1	404715	n/a
197.623046875	0.3	1.0	2	404732	n/a
197.6318359375	0.3	1.0	2	404750	n/a
197.64013671875	0.3	0.0	1	404767	n/a
197.6484375	0.3	1.0	2	404784	n/a
197.65673828125	0.3	0.0	1	404801	n/a
197.6650390625	0.3	1.0	2	404818	n/a
197.67333984375	0.3	0.0	1	404835	n/a
197.681640625	0.3	1.0	2	404852	n/a
197.68994140625	0.3	0.0	1	404869	n/a
197.6982421875	0.3	0.0	1	404886	n/a
197.70654296875	0.3	1.0	2	404903	n/a
197.71484375	0.3	1.0	2	404920	n/a
197.72314453125	0.3	0.0	1	404937	n/a
197.7314453125	0.3	1.0	2	404954	n/a
197.73974609375	0.3	0.0	1	404971	n/a
197.748046875	0.3	1.0	2	404988	n/a
197.7568359375	0.3	0.0	1	405006	n/a
197.76513671875	0.3	0.0	1	405023	n/a
197.7734375	0.3	1.0	2	405040	n/a
197.78173828125	0.3	1.0	2	405057	n/a
197.7900390625	0.3	0.0	1	405074	n/a
197.79833984375	0.3	0.0	1	405091	n/a
197.806640625	0.3	1.0	2	405108	n/a
197.81494140625	0.3	0.0	1	405125	n/a
197.8232421875	0.3	1.0	2	405142	n/a
197.83154296875	0.3	0.0	1	405159	n/a
197.83984375	0.3	1.0	2	405176	n/a
197.84814453125	0.3	0.0	1	405193	n/a
197.8564453125	0.3	1.0	2	405210	n/a
197.86474609375	0.3	0.0	1	405227	n/a
197.873046875	0.3	1.0	2	405244	n/a
197.8818359375	0.3	0.0	1	405262	n/a
197.89013671875	0.3	1.0	2	405279	n/a
197.8984375	0.3	0.0	1	405296	n/a
197.90673828125	0.3	1.0	2	405313	n/a
197.9150390625	0.3	1.0	2	405330	n/a
197.92333984375	0.3	0.0	1	405347	n/a
197.931640625	0.3	1.0	2	405364	n/a
197.93994140625	0.3	0.0	1	405381	n/a
197.9482421875	0.3	0.0	1	405398	n/a
197.95654296875	0.3	1.0	2	405415	n/a
197.96484375	0.3	1.0	2	405432	n/a
197.97314453125	0.3	0.0	1	405449	n/a
197.9814453125	0.3	1.0	2	405466	n/a
197.98974609375	0.3	0.0	1	405483	n/a
197.998046875	0.3	0.0	1	405500	n/a
198.0068359375	0.3	1.0	2	405518	n/a
198.01513671875	0.3	1.0	2	405535	n/a
198.0234375	0.3	0.0	1	405552	n/a
198.03173828125	0.3	1.0	2	405569	n/a
198.0400390625	0.3	0.0	1	405586	n/a
198.04833984375	0.3	1.0	2	405603	n/a
198.056640625	0.3	0.0	1	405620	n/a
198.06494140625	0.3	0.0	1	405637	n/a
198.0732421875	0.3	1.0	2	405654	n/a
198.08154296875	0.3	0.0	1	405671	n/a
198.08984375	0.3	1.0	2	405688	n/a
198.09814453125	0.3	0.0	1	405705	n/a
198.1064453125	0.3	1.0	2	405722	n/a
198.11474609375	0.3	1.0	2	405739	n/a
198.123046875	0.3	0.0	1	405756	n/a
198.1318359375	0.3	1.0	2	405774	n/a
198.14013671875	0.3	0.0	1	405791	n/a
198.1484375	0.3	0.0	1	405808	n/a
198.15673828125	0.3	1.0	2	405825	n/a
198.1650390625	0.3	0.0	1	405842	n/a
198.17333984375	0.3	1.0	2	405859	n/a
198.181640625	0.3	1.0	2	405876	n/a
198.18994140625	0.3	0.0	1	405893	n/a
198.1982421875	0.3	1.0	2	405910	n/a
198.20654296875	0.3	0.0	1	405927	n/a
198.21484375	0.3	0.0	1	405944	n/a
198.22314453125	0.3	1.0	2	405961	n/a
198.2314453125	0.3	1.0	2	405978	n/a
198.23974609375	0.3	0.0	1	405995	n/a
198.248046875	0.3	0.0	1	406012	n/a
198.2568359375	0.3	1.0	2	406030	n/a
198.26513671875	0.3	1.0	2	406047	n/a
198.2734375	0.3	0.0	1	406064	n/a
198.28173828125	0.3	0.0	1	406081	n/a
198.2900390625	0.3	1.0	2	406098	n/a
198.29833984375	0.3	0.0	1	406115	n/a
198.306640625	0.3	1.0	2	406132	n/a
198.31494140625	0.3	0.0	1	406149	n/a
198.3232421875	0.3	1.0	2	406166	n/a
198.33154296875	0.3	1.0	2	406183	n/a
198.33984375	0.3	0.0	1	406200	n/a
198.34814453125	0.3	0.0	1	406217	n/a
198.3564453125	0.3	1.0	2	406234	n/a
198.36474609375	0.3	1.0	2	406251	n/a
198.373046875	0.3	0.0	1	406268	n/a
198.3818359375	0.3	1.0	2	406286	n/a
198.39013671875	0.3	0.0	1	406303	n/a
198.3984375	0.3	0.0	1	406320	n/a
198.40673828125	0.3	1.0	2	406337	n/a
198.4150390625	0.3	0.0	1	406354	n/a
198.42333984375	0.3	1.0	2	406371	n/a
198.431640625	0.3	0.0	1	406388	n/a
198.43994140625	0.3	1.0	2	406405	n/a
198.4482421875	0.3	0.0	1	406422	n/a
198.45654296875	0.3	1.0	2	406439	n/a
198.46484375	0.3	0.0	1	406456	n/a
198.47314453125	0.3	1.0	2	406473	n/a
198.4814453125	0.3	1.0	2	406490	n/a
198.48974609375	0.3	0.0	1	406507	n/a
198.498046875	0.3	1.0	2	406524	n/a
198.5068359375	0.3	0.0	1	406542	n/a
198.51513671875	0.3	1.0	2	406559	n/a
198.5234375	0.3	0.0	1	406576	n/a
198.53173828125	0.3	0.0	1	406593	n/a
198.5400390625	0.3	1.0	2	406610	n/a
198.54833984375	0.3	0.0	1	406627	n/a
198.556640625	0.3	1.0	2	406644	n/a
198.56494140625	0.3	1.0	2	406661	n/a
198.5732421875	0.3	0.0	1	406678	n/a
198.58154296875	0.3	0.0	1	406695	n/a
198.58984375	0.3	1.0	2	406712	n/a
198.59814453125	0.3	1.0	2	406729	n/a
198.6064453125	0.3	0.0	1	406746	n/a
198.61474609375	0.3	1.0	2	406763	n/a
198.623046875	0.3	0.0	1	406780	n/a
198.6318359375	0.3	0.0	1	406798	n/a
198.64013671875	0.3	1.0	2	406815	n/a
198.6484375	0.3	1.0	2	406832	n/a
198.65673828125	0.3	0.0	1	406849	n/a
198.6650390625	0.3	0.0	1	406866	n/a
198.67333984375	0.3	1.0	2	406883	n/a
198.681640625	0.3	1.0	2	406900	n/a
198.68994140625	0.3	0.0	1	406917	n/a
198.6982421875	0.3	1.0	2	406934	n/a
198.70654296875	0.3	0.0	1	406951	n/a
198.71484375	0.3	1.0	2	406968	n/a
198.72314453125	0.3	0.0	1	406985	n/a
198.7314453125	0.3	1.0	2	407002	n/a
198.73974609375	0.3	0.0	1	407019	n/a
198.748046875	0.3	0.0	1	407036	n/a
198.7568359375	0.3	1.0	2	407054	n/a
198.76513671875	0.3	1.0	2	407071	n/a
198.7734375	0.3	0.0	1	407088	n/a
198.78173828125	0.3	1.0	2	407105	n/a
198.7900390625	0.3	0.0	1	407122	n/a
198.79833984375	0.3	1.0	2	407139	n/a
198.806640625	0.3	0.0	1	407156	n/a
198.81494140625	0.3	0.0	1	407173	n/a
198.8232421875	0.3	1.0	2	407190	n/a
198.83154296875	0.3	1.0	2	407207	n/a
198.83984375	0.3	0.0	1	407224	n/a
198.84814453125	0.3	0.0	1	407241	n/a
198.8564453125	0.3	1.0	2	407258	n/a
198.86474609375	0.3	0.0	1	407275	n/a
198.873046875	0.3	1.0	2	407292	n/a
198.8818359375	0.3	0.0	1	407310	n/a
198.89013671875	0.3	1.0	2	407327	n/a
198.8984375	0.3	0.0	1	407344	n/a
198.90673828125	0.3	1.0	2	407361	n/a
198.9150390625	0.3	0.0	1	407378	n/a
198.92333984375	0.3	1.0	2	407395	n/a
198.931640625	0.3	0.0	1	407412	n/a
198.93994140625	0.3	1.0	2	407429	n/a
198.9482421875	0.3	0.0	1	407446	n/a
198.95654296875	0.3	1.0	2	407463	n/a
198.96484375	0.3	1.0	2	407480	n/a
198.97314453125	0.3	0.0	1	407497	n/a
198.9814453125	0.3	1.0	2	407514	n/a
198.98974609375	0.3	0.0	1	407531	n/a
198.998046875	0.3	0.0	1	407548	n/a
199.0068359375	0.3	1.0	2	407566	n/a
199.01513671875	0.3	1.0	2	407583	n/a
199.0234375	0.3	0.0	1	407600	n/a
199.03173828125	0.3	1.0	2	407617	n/a
199.0400390625	0.3	0.0	1	407634	n/a
199.04833984375	0.3	0.0	1	407651	n/a
199.056640625	0.3	1.0	2	407668	n/a
199.06494140625	0.3	1.0	2	407685	n/a
199.0732421875	0.3	0.0	1	407702	n/a
199.08154296875	0.3	1.0	2	407719	n/a
199.08984375	0.3	0.0	1	407736	n/a
199.09814453125	0.3	1.0	2	407753	n/a
199.1064453125	0.3	0.0	1	407770	n/a
199.11474609375	0.3	0.0	1	407787	n/a
199.123046875	0.3	1.0	2	407804	n/a
199.1318359375	0.3	0.0	1	407822	n/a
199.14013671875	0.3	1.0	2	407839	n/a
199.1484375	0.3	0.0	1	407856	n/a
199.15673828125	0.3	1.0	2	407873	n/a
199.1650390625	0.3	1.0	2	407890	n/a
199.17333984375	0.3	0.0	1	407907	n/a
199.181640625	0.3	1.0	2	407924	n/a
199.18994140625	0.3	0.0	1	407941	n/a
199.1982421875	0.3	0.0	1	407958	n/a
199.20654296875	0.3	1.0	2	407975	n/a
199.21484375	0.3	0.0	1	407992	n/a
199.22314453125	0.3	1.0	2	408009	n/a
199.2314453125	0.3	1.0	2	408026	n/a
199.23974609375	0.3	0.0	1	408043	n/a
199.248046875	0.3	1.0	2	408060	n/a
199.2568359375	0.3	0.0	1	408078	n/a
199.26513671875	0.3	0.0	1	408095	n/a
199.2734375	0.3	1.0	2	408112	n/a
199.28173828125	0.3	1.0	2	408129	n/a
199.2900390625	0.3	0.0	1	408146	n/a
199.29833984375	0.3	0.0	1	408163	n/a
199.306640625	0.3	1.0	2	408180	n/a
199.31494140625	0.3	1.0	2	408197	n/a
199.3232421875	0.3	0.0	1	408214	n/a
199.33154296875	0.3	0.0	1	408231	n/a
199.33984375	0.3	1.0	2	408248	n/a
199.34814453125	0.3	0.0	1	408265	n/a
199.3564453125	0.3	1.0	2	408282	n/a
199.36474609375	0.3	0.0	1	408299	n/a
199.373046875	0.3	1.0	2	408316	n/a
199.3818359375	0.3	1.0	2	408334	n/a
199.39013671875	0.3	0.0	1	408351	n/a
199.3984375	0.3	0.0	1	408368	n/a
199.40673828125	0.3	1.0	2	408385	n/a
199.4150390625	0.3	1.0	2	408402	n/a
199.42333984375	0.3	0.0	1	408419	n/a
199.431640625	0.3	1.0	2	408436	n/a
199.43994140625	0.3	0.0	1	408453	n/a
199.4482421875	0.3	0.0	1	408470	n/a
199.45654296875	0.3	1.0	2	408487	n/a
199.46484375	0.3	0.0	1	408504	n/a
199.47314453125	0.3	1.0	2	408521	n/a
199.4814453125	0.3	0.0	1	408538	n/a
199.48974609375	0.3	1.0	2	408555	n/a
199.498046875	0.3	0.0	1	408572	n/a
199.5068359375	0.3	1.0	2	408590	n/a
199.51513671875	0.3	0.0	1	408607	n/a
199.5234375	0.3	1.0	2	408624	n/a
199.53173828125	0.3	1.0	2	408641	n/a
199.5400390625	0.3	0.0	1	408658	n/a
199.54833984375	0.3	1.0	2	408675	n/a
199.556640625	0.3	0.0	1	408692	n/a
199.56494140625	0.3	1.0	2	408709	n/a
199.5732421875	0.3	0.0	1	408726	n/a
199.58154296875	0.3	0.0	1	408743	n/a
199.58984375	0.3	1.0	2	408760	n/a
199.59814453125	0.3	0.0	1	408777	n/a
199.6064453125	0.3	1.0	2	408794	n/a
199.61474609375	0.3	1.0	2	408811	n/a
199.623046875	0.3	0.0	1	408828	n/a
199.6318359375	0.3	0.0	1	408846	n/a
199.64013671875	0.3	1.0	2	408863	n/a
199.6484375	0.3	1.0	2	408880	n/a
199.65673828125	0.3	0.0	1	408897	n/a
199.6650390625	0.3	1.0	2	408914	n/a
199.67333984375	0.3	0.0	1	408931	n/a
199.681640625	0.3	0.0	1	408948	n/a
199.68994140625	0.3	1.0	2	408965	n/a
199.6982421875	0.3	1.0	2	408982	n/a
199.70654296875	0.3	0.0	1	408999	n/a
199.71484375	0.3	0.0	1	409016	n/a
199.72314453125	0.3	1.0	2	409033	n/a
199.7314453125	0.3	1.0	2	409050	n/a
199.73974609375	0.3	0.0	1	409067	n/a
199.748046875	0.3	1.0	2	409084	n/a
199.7568359375	0.3	0.0	1	409102	n/a
199.76513671875	0.3	1.0	2	409119	n/a
199.7734375	0.3	0.0	1	409136	n/a
199.78173828125	0.3	1.0	2	409153	n/a
199.7900390625	0.3	0.0	1	409170	n/a
199.79833984375	0.3	0.0	1	409187	n/a
199.806640625	0.3	1.0	2	409204	n/a
199.81494140625	0.3	1.0	2	409221	n/a
199.8232421875	0.3	0.0	1	409238	n/a
199.83154296875	0.3	1.0	2	409255	n/a
199.83984375	0.3	0.0	1	409272	n/a
199.84814453125	0.3	1.0	2	409289	n/a
199.8564453125	0.3	0.0	1	409306	n/a
199.86474609375	0.3	0.0	1	409323	n/a
199.873046875	0.3	1.0	2	409340	n/a
199.8818359375	0.3	1.0	2	409358	n/a
199.89013671875	0.3	0.0	1	409375	n/a
199.8984375	0.3	0.0	1	409392	n/a
199.90673828125	0.3	1.0	2	409409	n/a
199.9150390625	0.3	0.0	1	409426	n/a
199.92333984375	0.3	1.0	2	409443	n/a
199.931640625	0.3	0.0	1	409460	n/a
199.93994140625	0.3	1.0	2	409477	n/a
199.9482421875	0.3	0.0	1	409494	n/a
199.95654296875	0.3	1.0	2	409511	n/a
199.96484375	0.3	0.0	1	409528	n/a
199.97314453125	0.3	1.0	2	409545	n/a
199.9814453125	0.3	0.0	1	409562	n/a
199.98974609375	0.3	1.0	2	409579	n/a
199.998046875	0.3	0.0	1	409596	n/a
200.0068359375	0.3	1.0	2	409614	n/a
200.01513671875	0.3	1.0	2	409631	n/a
200.0234375	0.3	0.0	1	409648	n/a
200.03173828125	0.3	1.0	2	409665	n/a
200.0400390625	0.3	0.0	1	409682	n/a
200.04833984375	0.3	0.0	1	409699	n/a
200.056640625	0.3	1.0	2	409716	n/a
200.06494140625	0.3	1.0	2	409733	n/a
200.0732421875	0.3	0.0	1	409750	n/a
200.08154296875	0.3	1.0	2	409767	n/a
200.08984375	0.3	0.0	1	409784	n/a
200.09814453125	0.3	0.0	1	409801	n/a
200.1064453125	0.3	1.0	2	409818	n/a
200.11474609375	0.3	1.0	2	409835	n/a
200.123046875	0.3	0.0	1	409852	n/a
200.1318359375	0.3	1.0	2	409870	n/a
200.14013671875	0.3	0.0	1	409887	n/a
200.1484375	0.3	1.0	2	409904	n/a
200.15673828125	0.3	0.0	1	409921	n/a
200.1650390625	0.3	0.0	1	409938	n/a
200.17333984375	0.3	1.0	2	409955	n/a
200.181640625	0.3	0.0	1	409972	n/a
200.18994140625	0.3	1.0	2	409989	n/a
200.1982421875	0.3	0.0	1	410006	n/a
200.20654296875	0.3	1.0	2	410023	n/a
200.21484375	0.3	1.0	2	410040	n/a
200.22314453125	0.3	0.0	1	410057	n/a
200.2314453125	0.3	1.0	2	410074	n/a
200.23974609375	0.3	0.0	1	410091	n/a
200.248046875	0.3	0.0	1	410108	n/a
200.2568359375	0.3	1.0	2	410126	n/a
200.26513671875	0.3	0.0	1	410143	n/a
200.2734375	0.3	1.0	2	410160	n/a
200.28173828125	0.3	1.0	2	410177	n/a
200.2900390625	0.3	0.0	1	410194	n/a
200.29833984375	0.3	1.0	2	410211	n/a
200.306640625	0.3	0.0	1	410228	n/a
200.31494140625	0.3	0.0	1	410245	n/a
200.3232421875	0.3	1.0	2	410262	n/a
200.33154296875	0.3	1.0	2	410279	n/a
200.33984375	0.3	0.0	1	410296	n/a
200.34814453125	0.3	0.0	1	410313	n/a
200.3564453125	0.3	1.0	2	410330	n/a
200.36474609375	0.3	1.0	2	410347	n/a
200.373046875	0.3	0.0	1	410364	n/a
200.3818359375	0.3	0.0	1	410382	n/a
200.39013671875	0.3	1.0	2	410399	n/a
200.3984375	0.3	0.0	1	410416	n/a
200.40673828125	0.3	1.0	2	410433	n/a
200.4150390625	0.3	0.0	1	410450	n/a
200.42333984375	0.3	1.0	2	410467	n/a
200.431640625	0.3	1.0	2	410484	n/a
200.43994140625	0.3	0.0	1	410501	n/a
200.4482421875	0.3	0.0	1	410518	n/a
200.45654296875	0.3	1.0	2	410535	n/a
200.46484375	0.3	1.0	2	410552	n/a
200.47314453125	0.3	0.0	1	410569	n/a
200.4814453125	0.3	1.0	2	410586	n/a
200.48974609375	0.3	0.0	1	410603	n/a
200.498046875	0.3	0.0	1	410620	n/a
200.5068359375	0.3	1.0	2	410638	n/a
200.51513671875	0.3	0.0	1	410655	n/a
200.5234375	0.3	1.0	2	410672	n/a
200.53173828125	0.3	0.0	1	410689	n/a
200.5400390625	0.3	1.0	2	410706	n/a
200.54833984375	0.3	0.0	1	410723	n/a
200.556640625	0.3	1.0	2	410740	n/a
200.56494140625	0.3	0.0	1	410757	n/a
200.5732421875	0.3	1.0	2	410774	n/a
200.58154296875	0.3	1.0	2	410791	n/a
200.58984375	0.3	0.0	1	410808	n/a
200.59814453125	0.3	1.0	2	410825	n/a
200.6064453125	0.3	0.0	1	410842	n/a
200.61474609375	0.3	1.0	2	410859	n/a
200.623046875	0.3	0.0	1	410876	n/a
200.6318359375	0.3	0.0	1	410894	n/a
200.64013671875	0.3	1.0	2	410911	n/a
200.6484375	0.3	0.0	1	410928	n/a
200.65673828125	0.3	1.0	2	410945	n/a
200.6650390625	0.3	1.0	2	410962	n/a
200.67333984375	0.3	0.0	1	410979	n/a
200.681640625	0.3	0.0	1	410996	n/a
200.68994140625	0.3	1.0	2	411013	n/a
200.6982421875	0.3	1.0	2	411030	n/a
200.70654296875	0.3	0.0	1	411047	n/a
200.71484375	0.3	1.0	2	411064	n/a
200.72314453125	0.3	0.0	1	411081	n/a
200.7314453125	0.3	0.0	1	411098	n/a
200.73974609375	0.3	1.0	2	411115	n/a
200.748046875	0.3	1.0	2	411132	n/a
200.7568359375	0.3	0.0	1	411150	n/a
200.76513671875	0.3	0.0	1	411167	n/a
200.7734375	0.3	1.0	2	411184	n/a
200.78173828125	0.3	1.0	2	411201	n/a
200.7900390625	0.3	0.0	1	411218	n/a
200.79833984375	0.3	1.0	2	411235	n/a
200.806640625	0.3	0.0	1	411252	n/a
200.81494140625	0.3	1.0	2	411269	n/a
200.8232421875	0.3	0.0	1	411286	n/a
200.83154296875	0.3	1.0	2	411303	n/a
200.83984375	0.3	0.0	1	411320	n/a
200.84814453125	0.3	0.0	1	411337	n/a
200.8564453125	0.3	1.0	2	411354	n/a
200.86474609375	0.3	1.0	2	411371	n/a
200.873046875	0.3	0.0	1	411388	n/a
200.8818359375	0.3	1.0	2	411406	n/a
200.89013671875	0.3	0.0	1	411423	n/a
200.8984375	0.3	1.0	2	411440	n/a
200.90673828125	0.3	0.0	1	411457	n/a
200.9150390625	0.3	0.0	1	411474	n/a
200.92333984375	0.3	1.0	2	411491	n/a
200.931640625	0.3	1.0	2	411508	n/a
200.93994140625	0.3	0.0	1	411525	n/a
200.9482421875	0.3	0.0	1	411542	n/a
200.95654296875	0.3	1.0	2	411559	n/a
200.96484375	0.3	0.0	1	411576	n/a
200.97314453125	0.3	1.0	2	411593	n/a
200.9814453125	0.3	0.0	1	411610	n/a
200.98974609375	0.3	1.0	2	411627	n/a
200.998046875	0.3	0.0	1	411644	n/a
201.0068359375	0.3	1.0	2	411662	n/a
203.44091796875	0.3	0.0	1	416647	29.0
203.44921875	0.3	1.0	2	416664	n/a
203.45751953125	0.3	0.0	1	416681	n/a
203.4658203125	0.3	1.0	2	416698	n/a
203.47412109375	0.3	0.0	1	416715	n/a
203.482421875	0.3	1.0	2	416732	n/a
203.49072265625	0.3	0.0	1	416749	n/a
203.4990234375	0.3	1.0	2	416766	n/a
203.5078125	0.3	1.0	2	416784	n/a
203.51611328125	0.3	0.0	1	416801	n/a
203.5244140625	0.3	1.0	2	416818	n/a
203.53271484375	0.3	0.0	1	416835	n/a
203.541015625	0.3	0.0	1	416852	n/a
203.54931640625	0.3	1.0	2	416869	n/a
203.5576171875	0.3	0.0	1	416886	n/a
203.56591796875	0.3	1.0	2	416903	n/a
203.57421875	0.3	1.0	2	416920	n/a
203.58251953125	0.3	0.0	1	416937	n/a
203.5908203125	0.3	0.0	1	416954	n/a
203.59912109375	0.3	1.0	2	416971	n/a
203.607421875	0.3	0.0	1	416988	n/a
203.61572265625	0.3	1.0	2	417005	n/a
203.6240234375	0.3	1.0	2	417022	n/a
203.6328125	0.3	0.0	1	417040	n/a
203.64111328125	0.3	0.0	1	417057	n/a
203.6494140625	0.3	1.0	2	417074	n/a
203.65771484375	0.3	1.0	2	417091	n/a
203.666015625	0.3	0.0	1	417108	n/a
203.67431640625	0.3	0.0	1	417125	n/a
203.6826171875	0.3	1.0	2	417142	n/a
203.69091796875	0.3	0.0	1	417159	n/a
203.69921875	0.3	1.0	2	417176	n/a
203.70751953125	0.3	1.0	2	417193	n/a
203.7158203125	0.3	0.0	1	417210	n/a
203.72412109375	0.3	1.0	2	417227	n/a
203.732421875	0.3	0.0	1	417244	n/a
203.74072265625	0.3	0.0	1	417261	n/a
203.7490234375	0.3	1.0	2	417278	n/a
203.7578125	0.3	1.0	2	417296	n/a
203.76611328125	0.3	0.0	1	417313	n/a
203.7744140625	0.3	1.0	2	417330	n/a
203.78271484375	0.3	0.0	1	417347	n/a
203.791015625	0.3	1.0	2	417364	n/a
203.79931640625	0.3	0.0	1	417381	n/a
203.8076171875	0.3	0.0	1	417398	n/a
203.81591796875	0.3	1.0	2	417415	n/a
203.82421875	0.3	0.0	1	417432	n/a
203.83251953125	0.3	1.0	2	417449	n/a
203.8408203125	0.3	1.0	2	417466	n/a
203.84912109375	0.3	0.0	1	417483	n/a
203.857421875	0.3	1.0	2	417500	n/a
203.86572265625	0.3	0.0	1	417517	n/a
203.8740234375	0.3	1.0	2	417534	n/a
203.8828125	0.3	0.0	1	417552	n/a
203.89111328125	0.3	1.0	2	417569	n/a
203.8994140625	0.3	0.0	1	417586	n/a
203.90771484375	0.3	0.0	1	417603	n/a
203.916015625	0.3	1.0	2	417620	n/a
203.92431640625	0.3	0.0	1	417637	n/a
203.9326171875	0.3	1.0	2	417654	n/a
203.94091796875	0.3	0.0	1	417671	n/a
203.94921875	0.3	1.0	2	417688	n/a
203.95751953125	0.3	0.0	1	417705	n/a
203.9658203125	0.3	1.0	2	417722	n/a
203.97412109375	0.3	1.0	2	417739	n/a
203.982421875	0.3	0.0	1	417756	n/a
203.99072265625	0.3	0.0	1	417773	n/a
203.9990234375	0.3	1.0	2	417790	n/a
204.0078125	0.3	1.0	2	417808	n/a
204.01611328125	0.3	0.0	1	417825	n/a
204.0244140625	0.3	0.0	1	417842	n/a
204.03271484375	0.3	1.0	2	417859	n/a
204.041015625	0.3	1.0	2	417876	n/a
204.04931640625	0.3	0.0	1	417893	n/a
204.0576171875	0.3	0.0	1	417910	n/a
204.06591796875	0.3	1.0	2	417927	n/a
204.07421875	0.3	1.0	2	417944	n/a
204.08251953125	0.3	0.0	1	417961	n/a
204.0908203125	0.3	0.0	1	417978	n/a
204.09912109375	0.3	1.0	2	417995	n/a
204.107421875	0.3	0.0	1	418012	n/a
204.11572265625	0.3	1.0	2	418029	n/a
204.1240234375	0.3	0.0	1	418046	n/a
204.1328125	0.3	1.0	2	418064	n/a
204.14111328125	0.3	0.0	1	418081	n/a
204.1494140625	0.3	1.0	2	418098	n/a
204.15771484375	0.3	1.0	2	418115	n/a
204.166015625	0.3	0.0	1	418132	n/a
204.17431640625	0.3	1.0	2	418149	n/a
204.1826171875	0.3	0.0	1	418166	n/a
204.19091796875	0.3	0.0	1	418183	n/a
204.19921875	0.3	1.0	2	418200	n/a
204.20751953125	0.3	1.0	2	418217	n/a
204.2158203125	0.3	0.0	1	418234	n/a
204.22412109375	0.3	1.0	2	418251	n/a
204.232421875	0.3	0.0	1	418268	n/a
204.24072265625	0.3	0.0	1	418285	n/a
204.2490234375	0.3	1.0	2	418302	n/a
204.2578125	0.3	1.0	2	418320	n/a
204.26611328125	0.3	0.0	1	418337	n/a
204.2744140625	0.3	0.0	1	418354	n/a
204.28271484375	0.3	1.0	2	418371	n/a
204.291015625	0.3	1.0	2	418388	n/a
204.29931640625	0.3	0.0	1	418405	n/a
204.3076171875	0.3	1.0	2	418422	n/a
204.31591796875	0.3	0.0	1	418439	n/a
204.32421875	0.3	1.0	2	418456	n/a
204.33251953125	0.3	0.0	1	418473	n/a
204.3408203125	0.3	1.0	2	418490	n/a
204.34912109375	0.3	0.0	1	418507	n/a
204.357421875	0.3	1.0	2	418524	n/a
204.36572265625	0.3	0.0	1	418541	n/a
204.3740234375	0.3	1.0	2	418558	n/a
204.3828125	0.3	0.0	1	418576	n/a
204.39111328125	0.3	0.0	1	418593	n/a
204.3994140625	0.3	1.0	2	418610	n/a
204.40771484375	0.3	0.0	1	418627	n/a
204.416015625	0.3	1.0	2	418644	n/a
204.42431640625	0.3	1.0	2	418661	n/a
204.4326171875	0.3	0.0	1	418678	n/a
204.44091796875	0.3	1.0	2	418695	n/a
204.44921875	0.3	0.0	1	418712	n/a
204.45751953125	0.3	0.0	1	418729	n/a
204.4658203125	0.3	1.0	2	418746	n/a
204.47412109375	0.3	0.0	1	418763	n/a
204.482421875	0.3	1.0	2	418780	n/a
204.49072265625	0.3	0.0	1	418797	n/a
204.4990234375	0.3	1.0	2	418814	n/a
204.5078125	0.3	0.0	1	418832	n/a
204.51611328125	0.3	1.0	2	418849	n/a
204.5244140625	0.3	0.0	1	418866	n/a
204.53271484375	0.3	1.0	2	418883	n/a
204.541015625	0.3	0.0	1	418900	n/a
204.54931640625	0.3	1.0	2	418917	n/a
204.5576171875	0.3	1.0	2	418934	n/a
204.56591796875	0.3	0.0	1	418951	n/a
204.57421875	0.3	1.0	2	418968	n/a
204.58251953125	0.3	0.0	1	418985	n/a
204.5908203125	0.3	0.0	1	419002	n/a
204.59912109375	0.3	1.0	2	419019	n/a
204.607421875	0.3	0.0	1	419036	n/a
204.61572265625	0.3	1.0	2	419053	n/a
204.6240234375	0.3	1.0	2	419070	n/a
204.6328125	0.3	0.0	1	419088	n/a
204.64111328125	0.3	0.0	1	419105	n/a
204.6494140625	0.3	1.0	2	419122	n/a
204.65771484375	0.3	0.0	1	419139	n/a
204.666015625	0.3	1.0	2	419156	n/a
204.67431640625	0.3	1.0	2	419173	n/a
204.6826171875	0.3	0.0	1	419190	n/a
204.69091796875	0.3	0.0	1	419207	n/a
204.69921875	0.3	1.0	2	419224	n/a
204.70751953125	0.3	1.0	2	419241	n/a
204.7158203125	0.3	0.0	1	419258	n/a
204.72412109375	0.3	0.0	1	419275	n/a
204.732421875	0.3	1.0	2	419292	n/a
204.74072265625	0.3	0.0	1	419309	n/a
204.7490234375	0.3	1.0	2	419326	n/a
204.7578125	0.3	1.0	2	419344	n/a
204.76611328125	0.3	0.0	1	419361	n/a
204.7744140625	0.3	1.0	2	419378	n/a
204.78271484375	0.3	0.0	1	419395	n/a
204.791015625	0.3	0.0	1	419412	n/a
204.79931640625	0.3	1.0	2	419429	n/a
204.8076171875	0.3	1.0	2	419446	n/a
204.81591796875	0.3	0.0	1	419463	n/a
204.82421875	0.3	1.0	2	419480	n/a
204.83251953125	0.3	0.0	1	419497	n/a
204.8408203125	0.3	1.0	2	419514	n/a
204.84912109375	0.3	0.0	1	419531	n/a
204.857421875	0.3	0.0	1	419548	n/a
204.86572265625	0.3	1.0	2	419565	n/a
204.8740234375	0.3	0.0	1	419582	n/a
204.8828125	0.3	1.0	2	419600	n/a
204.89111328125	0.3	1.0	2	419617	n/a
204.8994140625	0.3	0.0	1	419634	n/a
204.90771484375	0.3	1.0	2	419651	n/a
204.916015625	0.3	0.0	1	419668	n/a
204.92431640625	0.3	1.0	2	419685	n/a
204.9326171875	0.3	0.0	1	419702	n/a
204.94091796875	0.3	1.0	2	419719	n/a
204.94921875	0.3	0.0	1	419736	n/a
204.95751953125	0.3	0.0	1	419753	n/a
204.9658203125	0.3	1.0	2	419770	n/a
204.97412109375	0.3	0.0	1	419787	n/a
204.982421875	0.3	1.0	2	419804	n/a
204.99072265625	0.3	0.0	1	419821	n/a
204.9990234375	0.3	1.0	2	419838	n/a
205.0078125	0.3	0.0	1	419856	n/a
205.01611328125	0.3	1.0	2	419873	n/a
205.0244140625	0.3	1.0	2	419890	n/a
205.03271484375	0.3	0.0	1	419907	n/a
205.041015625	0.3	0.0	1	419924	n/a
205.04931640625	0.3	1.0	2	419941	n/a
205.0576171875	0.3	1.0	2	419958	n/a
205.06591796875	0.3	0.0	1	419975	n/a
205.07421875	0.3	0.0	1	419992	n/a
205.08251953125	0.3	1.0	2	420009	n/a
205.0908203125	0.3	1.0	2	420026	n/a
205.09912109375	0.3	0.0	1	420043	n/a
205.107421875	0.3	0.0	1	420060	n/a
205.11572265625	0.3	1.0	2	420077	n/a
205.1240234375	0.3	1.0	2	420094	n/a
205.1328125	0.3	0.0	1	420112	n/a
205.14111328125	0.3	0.0	1	420129	n/a
205.1494140625	0.3	1.0	2	420146	n/a
205.15771484375	0.3	0.0	1	420163	n/a
205.166015625	0.3	1.0	2	420180	n/a
205.17431640625	0.3	0.0	1	420197	n/a
205.1826171875	0.3	1.0	2	420214	n/a
205.19091796875	0.3	0.0	1	420231	n/a
205.19921875	0.3	1.0	2	420248	n/a
205.20751953125	0.3	1.0	2	420265	n/a
205.2158203125	0.3	0.0	1	420282	n/a
205.22412109375	0.3	1.0	2	420299	n/a
205.232421875	0.3	0.0	1	420316	n/a
205.24072265625	0.3	0.0	1	420333	n/a
205.2490234375	0.3	1.0	2	420350	n/a
205.2578125	0.3	1.0	2	420368	n/a
205.26611328125	0.3	0.0	1	420385	n/a
205.2744140625	0.3	1.0	2	420402	n/a
205.28271484375	0.3	0.0	1	420419	n/a
205.291015625	0.3	0.0	1	420436	n/a
205.29931640625	0.3	1.0	2	420453	n/a
205.3076171875	0.3	1.0	2	420470	n/a
205.31591796875	0.3	0.0	1	420487	n/a
205.32421875	0.3	0.0	1	420504	n/a
205.33251953125	0.3	1.0	2	420521	n/a
205.3408203125	0.3	1.0	2	420538	n/a
205.34912109375	0.3	0.0	1	420555	n/a
205.357421875	0.3	1.0	2	420572	n/a
205.36572265625	0.3	0.0	1	420589	n/a
205.3740234375	0.3	1.0	2	420606	n/a
205.3828125	0.3	0.0	1	420624	n/a
205.39111328125	0.3	1.0	2	420641	n/a
205.3994140625	0.3	0.0	1	420658	n/a
205.40771484375	0.3	1.0	2	420675	n/a
205.416015625	0.3	0.0	1	420692	n/a
205.42431640625	0.3	1.0	2	420709	n/a
205.4326171875	0.3	0.0	1	420726	n/a
205.44091796875	0.3	0.0	1	420743	n/a
205.44921875	0.3	1.0	2	420760	n/a
205.45751953125	0.3	0.0	1	420777	n/a
205.4658203125	0.3	1.0	2	420794	n/a
205.47412109375	0.3	1.0	2	420811	n/a
205.482421875	0.3	0.0	1	420828	n/a
205.49072265625	0.3	1.0	2	420845	n/a
205.4990234375	0.3	0.0	1	420862	n/a
205.5078125	0.3	0.0	1	420880	n/a
205.51611328125	0.3	1.0	2	420897	n/a
205.5244140625	0.3	0.0	1	420914	n/a
205.53271484375	0.3	1.0	2	420931	n/a
205.541015625	0.3	0.0	1	420948	n/a
205.54931640625	0.3	1.0	2	420965	n/a
205.5576171875	0.3	0.0	1	420982	n/a
205.56591796875	0.3	1.0	2	420999	n/a
205.57421875	0.3	0.0	1	421016	n/a
205.58251953125	0.3	1.0	2	421033	n/a
205.5908203125	0.3	0.0	1	421050	n/a
205.59912109375	0.3	1.0	2	421067	n/a
205.607421875	0.3	1.0	2	421084	n/a
205.61572265625	0.3	0.0	1	421101	n/a
205.6240234375	0.3	1.0	2	421118	n/a
205.6328125	0.3	0.0	1	421136	n/a
205.64111328125	0.3	0.0	1	421153	n/a
205.6494140625	0.3	1.0	2	421170	n/a
205.65771484375	0.3	0.0	1	421187	n/a
205.666015625	0.3	1.0	2	421204	n/a
205.67431640625	0.3	1.0	2	421221	n/a
205.6826171875	0.3	0.0	1	421238	n/a
205.69091796875	0.3	0.0	1	421255	n/a
205.69921875	0.3	1.0	2	421272	n/a
205.70751953125	0.3	0.0	1	421289	n/a
205.7158203125	0.3	1.0	2	421306	n/a
205.72412109375	0.3	1.0	2	421323	n/a
205.732421875	0.3	0.0	1	421340	n/a
205.74072265625	0.3	0.0	1	421357	n/a
205.7490234375	0.3	1.0	2	421374	n/a
205.7578125	0.3	1.0	2	421392	n/a
205.76611328125	0.3	0.0	1	421409	n/a
205.7744140625	0.3	0.0	1	421426	n/a
205.78271484375	0.3	1.0	2	421443	n/a
205.791015625	0.3	0.0	1	421460	n/a
205.79931640625	0.3	1.0	2	421477	n/a
205.8076171875	0.3	1.0	2	421494	n/a
205.81591796875	0.3	0.0	1	421511	n/a
205.82421875	0.3	1.0	2	421528	n/a
205.83251953125	0.3	0.0	1	421545	n/a
205.8408203125	0.3	0.0	1	421562	n/a
205.84912109375	0.3	1.0	2	421579	n/a
205.857421875	0.3	1.0	2	421596	n/a
205.86572265625	0.3	0.0	1	421613	n/a
205.8740234375	0.3	1.0	2	421630	n/a
205.8828125	0.3	0.0	1	421648	n/a
205.89111328125	0.3	1.0	2	421665	n/a
205.8994140625	0.3	0.0	1	421682	n/a
205.90771484375	0.3	0.0	1	421699	n/a
205.916015625	0.3	1.0	2	421716	n/a
205.92431640625	0.3	0.0	1	421733	n/a
205.9326171875	0.3	1.0	2	421750	n/a
205.94091796875	0.3	1.0	2	421767	n/a
205.94921875	0.3	0.0	1	421784	n/a
205.95751953125	0.3	1.0	2	421801	n/a
205.9658203125	0.3	0.0	1	421818	n/a
205.97412109375	0.3	1.0	2	421835	n/a
205.982421875	0.3	0.0	1	421852	n/a
205.99072265625	0.3	1.0	2	421869	n/a
205.9990234375	0.3	0.0	1	421886	n/a
206.0078125	0.3	0.0	1	421904	n/a
206.01611328125	0.3	1.0	2	421921	n/a
206.0244140625	0.3	0.0	1	421938	n/a
206.03271484375	0.3	1.0	2	421955	n/a
206.041015625	0.3	0.0	1	421972	n/a
206.04931640625	0.3	1.0	2	421989	n/a
206.0576171875	0.3	0.0	1	422006	n/a
206.06591796875	0.3	1.0	2	422023	n/a
206.07421875	0.3	1.0	2	422040	n/a
206.08251953125	0.3	0.0	1	422057	n/a
206.0908203125	0.3	0.0	1	422074	n/a
206.09912109375	0.3	1.0	2	422091	n/a
206.107421875	0.3	1.0	2	422108	n/a
206.11572265625	0.3	0.0	1	422125	n/a
206.1240234375	0.3	0.0	1	422142	n/a
206.1328125	0.3	1.0	2	422160	n/a
206.14111328125	0.3	1.0	2	422177	n/a
206.1494140625	0.3	0.0	1	422194	n/a
206.15771484375	0.3	0.0	1	422211	n/a
206.166015625	0.3	1.0	2	422228	n/a
206.17431640625	0.3	1.0	2	422245	n/a
206.1826171875	0.3	0.0	1	422262	n/a
206.19091796875	0.3	0.0	1	422279	n/a
206.19921875	0.3	1.0	2	422296	n/a
206.20751953125	0.3	0.0	1	422313	n/a
206.2158203125	0.3	1.0	2	422330	n/a
206.22412109375	0.3	0.0	1	422347	n/a
206.232421875	0.3	1.0	2	422364	n/a
206.24072265625	0.3	0.0	1	422381	n/a
206.2490234375	0.3	1.0	2	422398	n/a
206.2578125	0.3	1.0	2	422416	n/a
206.26611328125	0.3	0.0	1	422433	n/a
206.2744140625	0.3	1.0	2	422450	n/a
206.28271484375	0.3	0.0	1	422467	n/a
206.291015625	0.3	0.0	1	422484	n/a
206.29931640625	0.3	1.0	2	422501	n/a
206.3076171875	0.3	1.0	2	422518	n/a
206.31591796875	0.3	0.0	1	422535	n/a
206.32421875	0.3	1.0	2	422552	n/a
206.33251953125	0.3	0.0	1	422569	n/a
206.3408203125	0.3	0.0	1	422586	n/a
206.34912109375	0.3	1.0	2	422603	n/a
206.357421875	0.3	1.0	2	422620	n/a
206.36572265625	0.3	0.0	1	422637	n/a
206.3740234375	0.3	0.0	1	422654	n/a
206.3828125	0.3	1.0	2	422672	n/a
206.39111328125	0.3	1.0	2	422689	n/a
206.3994140625	0.3	0.0	1	422706	n/a
206.40771484375	0.3	1.0	2	422723	n/a
206.416015625	0.3	0.0	1	422740	n/a
206.42431640625	0.3	1.0	2	422757	n/a
206.4326171875	0.3	0.0	1	422774	n/a
206.44091796875	0.3	1.0	2	422791	n/a
206.44921875	0.3	0.0	1	422808	n/a
206.45751953125	0.3	1.0	2	422825	n/a
206.4658203125	0.3	0.0	1	422842	n/a
206.47412109375	0.3	1.0	2	422859	n/a
206.482421875	0.3	0.0	1	422876	n/a
206.49072265625	0.3	0.0	1	422893	n/a
206.4990234375	0.3	1.0	2	422910	n/a
206.5078125	0.3	0.0	1	422928	n/a
206.51611328125	0.3	1.0	2	422945	n/a
206.5244140625	0.3	1.0	2	422962	n/a
206.53271484375	0.3	0.0	1	422979	n/a
206.541015625	0.3	1.0	2	422996	n/a
206.54931640625	0.3	0.0	1	423013	n/a
206.5576171875	0.3	0.0	1	423030	n/a
206.56591796875	0.3	1.0	2	423047	n/a
206.57421875	0.3	0.0	1	423064	n/a
206.58251953125	0.3	1.0	2	423081	n/a
206.5908203125	0.3	0.0	1	423098	n/a
206.59912109375	0.3	1.0	2	423115	n/a
206.607421875	0.3	0.0	1	423132	n/a
206.61572265625	0.3	1.0	2	423149	n/a
206.6240234375	0.3	0.0	1	423166	n/a
206.6328125	0.3	1.0	2	423184	n/a
206.64111328125	0.3	0.0	1	423201	n/a
206.6494140625	0.3	1.0	2	423218	n/a
206.65771484375	0.3	1.0	2	423235	n/a
206.666015625	0.3	0.0	1	423252	n/a
206.67431640625	0.3	1.0	2	423269	n/a
206.6826171875	0.3	0.0	1	423286	n/a
206.69091796875	0.3	0.0	1	423303	n/a
206.69921875	0.3	1.0	2	423320	n/a
206.70751953125	0.3	0.0	1	423337	n/a
206.7158203125	0.3	1.0	2	423354	n/a
206.72412109375	0.3	1.0	2	423371	n/a
206.732421875	0.3	0.0	1	423388	n/a
206.74072265625	0.3	0.0	1	423405	n/a
206.7490234375	0.3	1.0	2	423422	n/a
206.7578125	0.3	0.0	1	423440	n/a
206.76611328125	0.3	1.0	2	423457	n/a
206.7744140625	0.3	1.0	2	423474	n/a
206.78271484375	0.3	0.0	1	423491	n/a
206.791015625	0.3	0.0	1	423508	n/a
206.79931640625	0.3	1.0	2	423525	n/a
206.8076171875	0.3	1.0	2	423542	n/a
206.81591796875	0.3	0.0	1	423559	n/a
206.82421875	0.3	0.0	1	423576	n/a
206.83251953125	0.3	1.0	2	423593	n/a
206.8408203125	0.3	0.0	1	423610	n/a
206.84912109375	0.3	1.0	2	423627	n/a
206.857421875	0.3	1.0	2	423644	n/a
206.86572265625	0.3	0.0	1	423661	n/a
206.8740234375	0.3	1.0	2	423678	n/a
206.8828125	0.3	0.0	1	423696	n/a
206.89111328125	0.3	0.0	1	423713	n/a
206.8994140625	0.3	1.0	2	423730	n/a
206.90771484375	0.3	1.0	2	423747	n/a
206.916015625	0.3	0.0	1	423764	n/a
206.92431640625	0.3	1.0	2	423781	n/a
206.9326171875	0.3	0.0	1	423798	n/a
206.94091796875	0.3	1.0	2	423815	n/a
206.94921875	0.3	0.0	1	423832	n/a
206.95751953125	0.3	0.0	1	423849	n/a
206.9658203125	0.3	1.0	2	423866	n/a
206.97412109375	0.3	0.0	1	423883	n/a
206.982421875	0.3	1.0	2	423900	n/a
206.99072265625	0.3	1.0	2	423917	n/a
206.9990234375	0.3	0.0	1	423934	n/a
207.0078125	0.3	1.0	2	423952	n/a
207.01611328125	0.3	0.0	1	423969	n/a
207.0244140625	0.3	1.0	2	423986	n/a
207.03271484375	0.3	0.0	1	424003	n/a
207.041015625	0.3	1.0	2	424020	n/a
207.04931640625	0.3	0.0	1	424037	n/a
207.0576171875	0.3	0.0	1	424054	n/a
207.06591796875	0.3	1.0	2	424071	n/a
207.07421875	0.3	0.0	1	424088	n/a
207.08251953125	0.3	1.0	2	424105	n/a
207.0908203125	0.3	0.0	1	424122	n/a
207.09912109375	0.3	1.0	2	424139	n/a
207.107421875	0.3	0.0	1	424156	n/a
207.11572265625	0.3	1.0	2	424173	n/a
207.1240234375	0.3	1.0	2	424190	n/a
207.1328125	0.3	0.0	1	424208	n/a
207.14111328125	0.3	0.0	1	424225	n/a
207.1494140625	0.3	1.0	2	424242	n/a
207.15771484375	0.3	1.0	2	424259	n/a
207.166015625	0.3	0.0	1	424276	n/a
207.17431640625	0.3	0.0	1	424293	n/a
207.1826171875	0.3	1.0	2	424310	n/a
207.19091796875	0.3	1.0	2	424327	n/a
207.19921875	0.3	0.0	1	424344	n/a
207.20751953125	0.3	0.0	1	424361	n/a
207.2158203125	0.3	1.0	2	424378	n/a
207.22412109375	0.3	1.0	2	424395	n/a
207.232421875	0.3	0.0	1	424412	n/a
207.24072265625	0.3	0.0	1	424429	n/a
207.2490234375	0.3	1.0	2	424446	n/a
207.2578125	0.3	0.0	1	424464	n/a
207.26611328125	0.3	1.0	2	424481	n/a
207.2744140625	0.3	0.0	1	424498	n/a
207.28271484375	0.3	1.0	2	424515	n/a
207.291015625	0.3	0.0	1	424532	n/a
207.29931640625	0.3	1.0	2	424549	n/a
207.3076171875	0.3	1.0	2	424566	n/a
207.31591796875	0.3	0.0	1	424583	n/a
207.32421875	0.3	1.0	2	424600	n/a
207.33251953125	0.3	0.0	1	424617	n/a
207.3408203125	0.3	0.0	1	424634	n/a
207.34912109375	0.3	1.0	2	424651	n/a
207.357421875	0.3	1.0	2	424668	n/a
207.36572265625	0.3	0.0	1	424685	n/a
207.3740234375	0.3	1.0	2	424702	n/a
207.3828125	0.3	0.0	1	424720	n/a
207.39111328125	0.3	0.0	1	424737	n/a
207.3994140625	0.3	1.0	2	424754	n/a
207.40771484375	0.3	1.0	2	424771	n/a
207.416015625	0.3	0.0	1	424788	n/a
207.42431640625	0.3	0.0	1	424805	n/a
207.4326171875	0.3	1.0	2	424822	n/a
207.44091796875	0.3	1.0	2	424839	n/a
207.44921875	0.3	0.0	1	424856	n/a
207.45751953125	0.3	1.0	2	424873	n/a
207.4658203125	0.3	0.0	1	424890	n/a
207.47412109375	0.3	1.0	2	424907	n/a
207.482421875	0.3	0.0	1	424924	n/a
207.49072265625	0.3	1.0	2	424941	n/a
207.4990234375	0.3	0.0	1	424958	n/a
207.5078125	0.3	1.0	2	424976	n/a
207.51611328125	0.3	0.0	1	424993	n/a
207.5244140625	0.3	1.0	2	425010	n/a
207.53271484375	0.3	0.0	1	425027	n/a
207.541015625	0.3	0.0	1	425044	n/a
207.54931640625	0.3	1.0	2	425061	n/a
207.5576171875	0.3	0.0	1	425078	n/a
207.56591796875	0.3	1.0	2	425095	n/a
207.57421875	0.3	1.0	2	425112	n/a
207.58251953125	0.3	0.0	1	425129	n/a
207.5908203125	0.3	1.0	2	425146	n/a
207.59912109375	0.3	0.0	1	425163	n/a
207.607421875	0.3	0.0	1	425180	n/a
207.61572265625	0.3	1.0	2	425197	n/a
207.6240234375	0.3	0.0	1	425214	n/a
207.6328125	0.3	1.0	2	425232	n/a
210.02490234375	0.3	1.0	2	430131	16.0
210.033203125	0.3	0.0	1	430148	n/a
210.04150390625	0.3	0.0	1	430165	n/a
210.0498046875	0.3	1.0	2	430182	n/a
210.05810546875	0.3	1.0	2	430199	n/a
210.06640625	0.3	0.0	1	430216	n/a
210.07470703125	0.3	1.0	2	430233	n/a
210.0830078125	0.3	0.0	1	430250	n/a
210.091796875	0.3	1.0	2	430268	n/a
210.10009765625	0.3	0.0	1	430285	n/a
210.1083984375	0.3	1.0	2	430302	n/a
210.11669921875	0.3	0.0	1	430319	n/a
210.125	0.3	0.0	1	430336	n/a
210.13330078125	0.3	1.0	2	430353	n/a
210.1416015625	0.3	1.0	2	430370	n/a
210.14990234375	0.3	0.0	1	430387	n/a
210.158203125	0.3	1.0	2	430404	n/a
210.16650390625	0.3	0.0	1	430421	n/a
210.1748046875	0.3	0.0	1	430438	n/a
210.18310546875	0.3	1.0	2	430455	n/a
210.19140625	0.3	1.0	2	430472	n/a
210.19970703125	0.3	0.0	1	430489	n/a
210.2080078125	0.3	1.0	2	430506	n/a
210.216796875	0.3	0.0	1	430524	n/a
210.22509765625	0.3	0.0	1	430541	n/a
210.2333984375	0.3	1.0	2	430558	n/a
210.24169921875	0.3	1.0	2	430575	n/a
210.25	0.3	0.0	1	430592	n/a
210.25830078125	0.3	0.0	1	430609	n/a
210.2666015625	0.3	1.0	2	430626	n/a
210.27490234375	0.3	1.0	2	430643	n/a
210.283203125	0.3	0.0	1	430660	n/a
210.29150390625	0.3	0.0	1	430677	n/a
210.2998046875	0.3	1.0	2	430694	n/a
210.30810546875	0.3	0.0	1	430711	n/a
210.31640625	0.3	1.0	2	430728	n/a
210.32470703125	0.3	0.0	1	430745	n/a
210.3330078125	0.3	1.0	2	430762	n/a
210.341796875	0.3	1.0	2	430780	n/a
210.35009765625	0.3	0.0	1	430797	n/a
210.3583984375	0.3	1.0	2	430814	n/a
210.36669921875	0.3	0.0	1	430831	n/a
210.375	0.3	1.0	2	430848	n/a
210.38330078125	0.3	0.0	1	430865	n/a
210.3916015625	0.3	0.0	1	430882	n/a
210.39990234375	0.3	1.0	2	430899	n/a
210.408203125	0.3	1.0	2	430916	n/a
210.41650390625	0.3	0.0	1	430933	n/a
210.4248046875	0.3	1.0	2	430950	n/a
210.43310546875	0.3	0.0	1	430967	n/a
210.44140625	0.3	0.0	1	430984	n/a
210.44970703125	0.3	1.0	2	431001	n/a
210.4580078125	0.3	0.0	1	431018	n/a
210.466796875	0.3	1.0	2	431036	n/a
210.47509765625	0.3	0.0	1	431053	n/a
210.4833984375	0.3	1.0	2	431070	n/a
210.49169921875	0.3	1.0	2	431087	n/a
210.5	0.3	0.0	1	431104	n/a
210.50830078125	0.3	1.0	2	431121	n/a
210.5166015625	0.3	0.0	1	431138	n/a
210.52490234375	0.3	1.0	2	431155	n/a
210.533203125	0.3	0.0	1	431172	n/a
210.54150390625	0.3	0.0	1	431189	n/a
210.5498046875	0.3	1.0	2	431206	n/a
210.55810546875	0.3	1.0	2	431223	n/a
210.56640625	0.3	0.0	1	431240	n/a
210.57470703125	0.3	1.0	2	431257	n/a
210.5830078125	0.3	0.0	1	431274	n/a
210.591796875	0.3	1.0	2	431292	n/a
210.60009765625	0.3	0.0	1	431309	n/a
210.6083984375	0.3	1.0	2	431326	n/a
210.61669921875	0.3	0.0	1	431343	n/a
210.625	0.3	1.0	2	431360	n/a
210.63330078125	0.3	0.0	1	431377	n/a
210.6416015625	0.3	1.0	2	431394	n/a
210.64990234375	0.3	0.0	1	431411	n/a
210.658203125	0.3	1.0	2	431428	n/a
210.66650390625	0.3	0.0	1	431445	n/a
210.6748046875	0.3	0.0	1	431462	n/a
210.68310546875	0.3	1.0	2	431479	n/a
210.69140625	0.3	0.0	1	431496	n/a
210.69970703125	0.3	1.0	2	431513	n/a
210.7080078125	0.3	1.0	2	431530	n/a
210.716796875	0.3	0.0	1	431548	n/a
210.72509765625	0.3	1.0	2	431565	n/a
210.7333984375	0.3	0.0	1	431582	n/a
210.74169921875	0.3	1.0	2	431599	n/a
210.75	0.3	0.0	1	431616	n/a
210.75830078125	0.3	1.0	2	431633	n/a
210.7666015625	0.3	0.0	1	431650	n/a
210.77490234375	0.3	1.0	2	431667	n/a
210.783203125	0.3	0.0	1	431684	n/a
210.79150390625	0.3	0.0	1	431701	n/a
210.7998046875	0.3	1.0	2	431718	n/a
210.80810546875	0.3	0.0	1	431735	n/a
210.81640625	0.3	1.0	2	431752	n/a
210.82470703125	0.3	1.0	2	431769	n/a
210.8330078125	0.3	0.0	1	431786	n/a
210.841796875	0.3	1.0	2	431804	n/a
210.85009765625	0.3	0.0	1	431821	n/a
210.8583984375	0.3	1.0	2	431838	n/a
210.86669921875	0.3	0.0	1	431855	n/a
210.875	0.3	0.0	1	431872	n/a
210.88330078125	0.3	1.0	2	431889	n/a
210.8916015625	0.3	0.0	1	431906	n/a
210.89990234375	0.3	1.0	2	431923	n/a
210.908203125	0.3	1.0	2	431940	n/a
210.91650390625	0.3	0.0	1	431957	n/a
210.9248046875	0.3	0.0	1	431974	n/a
210.93310546875	0.3	1.0	2	431991	n/a
210.94140625	0.3	1.0	2	432008	n/a
210.94970703125	0.3	0.0	1	432025	n/a
210.9580078125	0.3	0.0	1	432042	n/a
210.966796875	0.3	1.0	2	432060	n/a
210.97509765625	0.3	1.0	2	432077	n/a
210.9833984375	0.3	0.0	1	432094	n/a
210.99169921875	0.3	0.0	1	432111	n/a
211.0	0.3	1.0	2	432128	n/a
211.00830078125	0.3	0.0	1	432145	n/a
211.0166015625	0.3	1.0	2	432162	n/a
211.02490234375	0.3	1.0	2	432179	n/a
211.033203125	0.3	0.0	1	432196	n/a
211.04150390625	0.3	0.0	1	432213	n/a
211.0498046875	0.3	1.0	2	432230	n/a
211.05810546875	0.3	1.0	2	432247	n/a
211.06640625	0.3	0.0	1	432264	n/a
211.07470703125	0.3	1.0	2	432281	n/a
211.0830078125	0.3	0.0	1	432298	n/a
211.091796875	0.3	0.0	1	432316	n/a
211.10009765625	0.3	1.0	2	432333	n/a
211.1083984375	0.3	1.0	2	432350	n/a
211.11669921875	0.3	0.0	1	432367	n/a
211.125	0.3	1.0	2	432384	n/a
211.13330078125	0.3	0.0	1	432401	n/a
211.1416015625	0.3	1.0	2	432418	n/a
211.14990234375	0.3	0.0	1	432435	n/a
211.158203125	0.3	1.0	2	432452	n/a
211.16650390625	0.3	0.0	1	432469	n/a
211.1748046875	0.3	0.0	1	432486	n/a
211.18310546875	0.3	1.0	2	432503	n/a
211.19140625	0.3	1.0	2	432520	n/a
211.19970703125	0.3	0.0	1	432537	n/a
211.2080078125	0.3	1.0	2	432554	n/a
211.216796875	0.3	0.0	1	432572	n/a
211.22509765625	0.3	0.0	1	432589	n/a
211.2333984375	0.3	1.0	2	432606	n/a
211.24169921875	0.3	1.0	2	432623	n/a
211.25	0.3	0.0	1	432640	n/a
211.25830078125	0.3	1.0	2	432657	n/a
211.2666015625	0.3	0.0	1	432674	n/a
211.27490234375	0.3	0.0	1	432691	n/a
211.283203125	0.3	1.0	2	432708	n/a
211.29150390625	0.3	1.0	2	432725	n/a
211.2998046875	0.3	0.0	1	432742	n/a
211.30810546875	0.3	0.0	1	432759	n/a
211.31640625	0.3	1.0	2	432776	n/a
211.32470703125	0.3	1.0	2	432793	n/a
211.3330078125	0.3	0.0	1	432810	n/a
211.341796875	0.3	0.0	1	432828	n/a
211.35009765625	0.3	1.0	2	432845	n/a
211.3583984375	0.3	0.0	1	432862	n/a
211.36669921875	0.3	1.0	2	432879	n/a
211.375	0.3	0.0	1	432896	n/a
211.38330078125	0.3	1.0	2	432913	n/a
211.3916015625	0.3	1.0	2	432930	n/a
211.39990234375	0.3	0.0	1	432947	n/a
211.408203125	0.3	1.0	2	432964	n/a
211.41650390625	0.3	0.0	1	432981	n/a
211.4248046875	0.3	1.0	2	432998	n/a
211.43310546875	0.3	0.0	1	433015	n/a
211.44140625	0.3	0.0	1	433032	n/a
211.44970703125	0.3	1.0	2	433049	n/a
211.4580078125	0.3	1.0	2	433066	n/a
211.466796875	0.3	0.0	1	433084	n/a
211.47509765625	0.3	1.0	2	433101	n/a
211.4833984375	0.3	0.0	1	433118	n/a
211.49169921875	0.3	0.0	1	433135	n/a
211.5	0.3	1.0	2	433152	n/a
211.50830078125	0.3	0.0	1	433169	n/a
211.5166015625	0.3	1.0	2	433186	n/a
211.52490234375	0.3	0.0	1	433203	n/a
211.533203125	0.3	1.0	2	433220	n/a
211.54150390625	0.3	1.0	2	433237	n/a
211.5498046875	0.3	0.0	1	433254	n/a
211.55810546875	0.3	1.0	2	433271	n/a
211.56640625	0.3	0.0	1	433288	n/a
211.57470703125	0.3	1.0	2	433305	n/a
211.5830078125	0.3	0.0	1	433322	n/a
211.591796875	0.3	0.0	1	433340	n/a
211.60009765625	0.3	1.0	2	433357	n/a
211.6083984375	0.3	1.0	2	433374	n/a
211.61669921875	0.3	0.0	1	433391	n/a
211.625	0.3	1.0	2	433408	n/a
211.63330078125	0.3	0.0	1	433425	n/a
211.6416015625	0.3	1.0	2	433442	n/a
211.64990234375	0.3	0.0	1	433459	n/a
211.658203125	0.3	1.0	2	433476	n/a
211.66650390625	0.3	0.0	1	433493	n/a
211.6748046875	0.3	1.0	2	433510	n/a
211.68310546875	0.3	0.0	1	433527	n/a
211.69140625	0.3	1.0	2	433544	n/a
211.69970703125	0.3	0.0	1	433561	n/a
211.7080078125	0.3	1.0	2	433578	n/a
211.716796875	0.3	0.0	1	433596	n/a
211.72509765625	0.3	0.0	1	433613	n/a
211.7333984375	0.3	1.0	2	433630	n/a
211.74169921875	0.3	0.0	1	433647	n/a
211.75	0.3	1.0	2	433664	n/a
211.75830078125	0.3	1.0	2	433681	n/a
211.7666015625	0.3	0.0	1	433698	n/a
211.77490234375	0.3	1.0	2	433715	n/a
211.783203125	0.3	0.0	1	433732	n/a
211.79150390625	0.3	1.0	2	433749	n/a
211.7998046875	0.3	0.0	1	433766	n/a
211.80810546875	0.3	1.0	2	433783	n/a
211.81640625	0.3	0.0	1	433800	n/a
211.82470703125	0.3	1.0	2	433817	n/a
211.8330078125	0.3	0.0	1	433834	n/a
211.841796875	0.3	0.0	1	433852	n/a
211.85009765625	0.3	1.0	2	433869	n/a
211.8583984375	0.3	0.0	1	433886	n/a
211.86669921875	0.3	1.0	2	433903	n/a
211.875	0.3	1.0	2	433920	n/a
211.88330078125	0.3	0.0	1	433937	n/a
211.8916015625	0.3	1.0	2	433954	n/a
211.89990234375	0.3	0.0	1	433971	n/a
211.908203125	0.3	1.0	2	433988	n/a
211.91650390625	0.3	0.0	1	434005	n/a
211.9248046875	0.3	0.0	1	434022	n/a
211.93310546875	0.3	1.0	2	434039	n/a
211.94140625	0.3	0.0	1	434056	n/a
211.94970703125	0.3	1.0	2	434073	n/a
211.9580078125	0.3	1.0	2	434090	n/a
211.966796875	0.3	0.0	1	434108	n/a
211.97509765625	0.3	0.0	1	434125	n/a
211.9833984375	0.3	1.0	2	434142	n/a
211.99169921875	0.3	1.0	2	434159	n/a
212.0	0.3	0.0	1	434176	n/a
212.00830078125	0.3	0.0	1	434193	n/a
212.0166015625	0.3	1.0	2	434210	n/a
212.02490234375	0.3	1.0	2	434227	n/a
212.033203125	0.3	0.0	1	434244	n/a
212.04150390625	0.3	0.0	1	434261	n/a
212.0498046875	0.3	1.0	2	434278	n/a
212.05810546875	0.3	0.0	1	434295	n/a
212.06640625	0.3	1.0	2	434312	n/a
212.07470703125	0.3	1.0	2	434329	n/a
212.0830078125	0.3	0.0	1	434346	n/a
212.091796875	0.3	0.0	1	434364	n/a
212.10009765625	0.3	1.0	2	434381	n/a
212.1083984375	0.3	1.0	2	434398	n/a
212.11669921875	0.3	0.0	1	434415	n/a
212.125	0.3	1.0	2	434432	n/a
212.13330078125	0.3	0.0	1	434449	n/a
212.1416015625	0.3	0.0	1	434466	n/a
212.14990234375	0.3	1.0	2	434483	n/a
212.158203125	0.3	1.0	2	434500	n/a
212.16650390625	0.3	0.0	1	434517	n/a
212.1748046875	0.3	1.0	2	434534	n/a
212.18310546875	0.3	0.0	1	434551	n/a
212.19140625	0.3	1.0	2	434568	n/a
212.19970703125	0.3	0.0	1	434585	n/a
212.2080078125	0.3	1.0	2	434602	n/a
212.216796875	0.3	0.0	1	434620	n/a
212.22509765625	0.3	0.0	1	434637	n/a
212.2333984375	0.3	1.0	2	434654	n/a
212.24169921875	0.3	1.0	2	434671	n/a
212.25	0.3	0.0	1	434688	n/a
212.25830078125	0.3	1.0	2	434705	n/a
212.2666015625	0.3	0.0	1	434722	n/a
212.27490234375	0.3	0.0	1	434739	n/a
212.283203125	0.3	1.0	2	434756	n/a
212.29150390625	0.3	1.0	2	434773	n/a
212.2998046875	0.3	0.0	1	434790	n/a
212.30810546875	0.3	1.0	2	434807	n/a
212.31640625	0.3	0.0	1	434824	n/a
212.32470703125	0.3	0.0	1	434841	n/a
212.3330078125	0.3	1.0	2	434858	n/a
212.341796875	0.3	1.0	2	434876	n/a
212.35009765625	0.3	0.0	1	434893	n/a
212.3583984375	0.3	0.0	1	434910	n/a
212.36669921875	0.3	1.0	2	434927	n/a
212.375	0.3	1.0	2	434944	n/a
212.38330078125	0.3	0.0	1	434961	n/a
212.3916015625	0.3	0.0	1	434978	n/a
212.39990234375	0.3	1.0	2	434995	n/a
212.408203125	0.3	0.0	1	435012	n/a
212.41650390625	0.3	1.0	2	435029	n/a
212.4248046875	0.3	0.0	1	435046	n/a
212.43310546875	0.3	1.0	2	435063	n/a
212.44140625	0.3	1.0	2	435080	n/a
212.44970703125	0.3	0.0	1	435097	n/a
212.4580078125	0.3	1.0	2	435114	n/a
212.466796875	0.3	0.0	1	435132	n/a
212.47509765625	0.3	1.0	2	435149	n/a
212.4833984375	0.3	0.0	1	435166	n/a
212.49169921875	0.3	0.0	1	435183	n/a
212.5	0.3	1.0	2	435200	n/a
212.50830078125	0.3	1.0	2	435217	n/a
212.5166015625	0.3	0.0	1	435234	n/a
212.52490234375	0.3	1.0	2	435251	n/a
212.533203125	0.3	0.0	1	435268	n/a
212.54150390625	0.3	0.0	1	435285	n/a
212.5498046875	0.3	1.0	2	435302	n/a
212.55810546875	0.3	0.0	1	435319	n/a
212.56640625	0.3	1.0	2	435336	n/a
212.57470703125	0.3	0.0	1	435353	n/a
212.5830078125	0.3	1.0	2	435370	n/a
212.591796875	0.3	1.0	2	435388	n/a
212.60009765625	0.3	0.0	1	435405	n/a
212.6083984375	0.3	1.0	2	435422	n/a
212.61669921875	0.3	0.0	1	435439	n/a
212.625	0.3	1.0	2	435456	n/a
212.63330078125	0.3	0.0	1	435473	n/a
212.6416015625	0.3	0.0	1	435490	n/a
212.64990234375	0.3	1.0	2	435507	n/a
212.658203125	0.3	1.0	2	435524	n/a
212.66650390625	0.3	0.0	1	435541	n/a
212.6748046875	0.3	1.0	2	435558	n/a
212.68310546875	0.3	0.0	1	435575	n/a
212.69140625	0.3	1.0	2	435592	n/a
212.69970703125	0.3	0.0	1	435609	n/a
212.7080078125	0.3	1.0	2	435626	n/a
212.716796875	0.3	0.0	1	435644	n/a
212.72509765625	0.3	1.0	2	435661	n/a
212.7333984375	0.3	0.0	1	435678	n/a
212.74169921875	0.3	1.0	2	435695	n/a
212.75	0.3	0.0	1	435712	n/a
212.75830078125	0.3	1.0	2	435729	n/a
212.7666015625	0.3	0.0	1	435746	n/a
212.77490234375	0.3	0.0	1	435763	n/a
212.783203125	0.3	1.0	2	435780	n/a
212.79150390625	0.3	0.0	1	435797	n/a
212.7998046875	0.3	1.0	2	435814	n/a
212.80810546875	0.3	1.0	2	435831	n/a
212.81640625	0.3	0.0	1	435848	n/a
212.82470703125	0.3	1.0	2	435865	n/a
212.8330078125	0.3	0.0	1	435882	n/a
212.841796875	0.3	1.0	2	435900	n/a
212.85009765625	0.3	0.0	1	435917	n/a
212.8583984375	0.3	1.0	2	435934	n/a
212.86669921875	0.3	0.0	1	435951	n/a
212.875	0.3	1.0	2	435968	n/a
212.88330078125	0.3	0.0	1	435985	n/a
212.8916015625	0.3	0.0	1	436002	n/a
212.89990234375	0.3	1.0	2	436019	n/a
212.908203125	0.3	0.0	1	436036	n/a
212.91650390625	0.3	1.0	2	436053	n/a
212.9248046875	0.3	1.0	2	436070	n/a
212.93310546875	0.3	0.0	1	436087	n/a
212.94140625	0.3	1.0	2	436104	n/a
212.94970703125	0.3	0.0	1	436121	n/a
212.9580078125	0.3	1.0	2	436138	n/a
212.966796875	0.3	0.0	1	436156	n/a
212.97509765625	0.3	0.0	1	436173	n/a
212.9833984375	0.3	1.0	2	436190	n/a
212.99169921875	0.3	0.0	1	436207	n/a
213.0	0.3	1.0	2	436224	n/a
213.00830078125	0.3	1.0	2	436241	n/a
213.0166015625	0.3	0.0	1	436258	n/a
213.02490234375	0.3	0.0	1	436275	n/a
213.033203125	0.3	1.0	2	436292	n/a
213.04150390625	0.3	1.0	2	436309	n/a
213.0498046875	0.3	0.0	1	436326	n/a
213.05810546875	0.3	0.0	1	436343	n/a
213.06640625	0.3	1.0	2	436360	n/a
213.07470703125	0.3	1.0	2	436377	n/a
213.0830078125	0.3	0.0	1	436394	n/a
213.091796875	0.3	0.0	1	436412	n/a
213.10009765625	0.3	1.0	2	436429	n/a
213.1083984375	0.3	0.0	1	436446	n/a
213.11669921875	0.3	1.0	2	436463	n/a
213.125	0.3	1.0	2	436480	n/a
213.13330078125	0.3	0.0	1	436497	n/a
213.1416015625	0.3	0.0	1	436514	n/a
213.14990234375	0.3	1.0	2	436531	n/a
213.158203125	0.3	1.0	2	436548	n/a
213.16650390625	0.3	0.0	1	436565	n/a
213.1748046875	0.3	1.0	2	436582	n/a
213.18310546875	0.3	0.0	1	436599	n/a
213.19140625	0.3	0.0	1	436616	n/a
213.19970703125	0.3	1.0	2	436633	n/a
213.2080078125	0.3	1.0	2	436650	n/a
213.216796875	0.3	0.0	1	436668	n/a
213.22509765625	0.3	1.0	2	436685	n/a
213.2333984375	0.3	0.0	1	436702	n/a
213.24169921875	0.3	1.0	2	436719	n/a
213.25	0.3	0.0	1	436736	n/a
213.25830078125	0.3	1.0	2	436753	n/a
213.2666015625	0.3	0.0	1	436770	n/a
213.27490234375	0.3	0.0	1	436787	n/a
213.283203125	0.3	1.0	2	436804	n/a
213.29150390625	0.3	1.0	2	436821	n/a
213.2998046875	0.3	0.0	1	436838	n/a
213.30810546875	0.3	1.0	2	436855	n/a
213.31640625	0.3	0.0	1	436872	n/a
213.32470703125	0.3	0.0	1	436889	n/a
213.3330078125	0.3	1.0	2	436906	n/a
213.341796875	0.3	1.0	2	436924	n/a
213.35009765625	0.3	0.0	1	436941	n/a
213.3583984375	0.3	1.0	2	436958	n/a
213.36669921875	0.3	0.0	1	436975	n/a
213.375	0.3	0.0	1	436992	n/a
213.38330078125	0.3	1.0	2	437009	n/a
213.3916015625	0.3	1.0	2	437026	n/a
213.39990234375	0.3	0.0	1	437043	n/a
213.408203125	0.3	0.0	1	437060	n/a
213.41650390625	0.3	1.0	2	437077	n/a
213.4248046875	0.3	1.0	2	437094	n/a
213.43310546875	0.3	0.0	1	437111	n/a
213.44140625	0.3	0.0	1	437128	n/a
213.44970703125	0.3	1.0	2	437145	n/a
213.4580078125	0.3	0.0	1	437162	n/a
213.466796875	0.3	1.0	2	437180	n/a
213.47509765625	0.3	0.0	1	437197	n/a
213.4833984375	0.3	1.0	2	437214	n/a
213.49169921875	0.3	1.0	2	437231	n/a
213.5	0.3	0.0	1	437248	n/a
213.50830078125	0.3	1.0	2	437265	n/a
213.5166015625	0.3	0.0	1	437282	n/a
213.52490234375	0.3	1.0	2	437299	n/a
213.533203125	0.3	0.0	1	437316	n/a
213.54150390625	0.3	0.0	1	437333	n/a
213.5498046875	0.3	1.0	2	437350	n/a
213.55810546875	0.3	1.0	2	437367	n/a
213.56640625	0.3	0.0	1	437384	n/a
213.57470703125	0.3	1.0	2	437401	n/a
213.5830078125	0.3	0.0	1	437418	n/a
213.591796875	0.3	0.0	1	437436	n/a
213.60009765625	0.3	1.0	2	437453	n/a
213.6083984375	0.3	0.0	1	437470	n/a
213.61669921875	0.3	1.0	2	437487	n/a
213.625	0.3	0.0	1	437504	n/a
213.63330078125	0.3	1.0	2	437521	n/a
213.6416015625	0.3	1.0	2	437538	n/a
213.64990234375	0.3	0.0	1	437555	n/a
213.658203125	0.3	1.0	2	437572	n/a
213.66650390625	0.3	0.0	1	437589	n/a
213.6748046875	0.3	1.0	2	437606	n/a
213.68310546875	0.3	0.0	1	437623	n/a
213.69140625	0.3	0.0	1	437640	n/a
213.69970703125	0.3	1.0	2	437657	n/a
213.7080078125	0.3	1.0	2	437674	n/a
213.716796875	0.3	0.0	1	437692	n/a
213.72509765625	0.3	1.0	2	437709	n/a
213.7333984375	0.3	0.0	1	437726	n/a
213.74169921875	0.3	1.0	2	437743	n/a
213.75	0.3	0.0	1	437760	n/a
213.75830078125	0.3	1.0	2	437777	n/a
213.7666015625	0.3	0.0	1	437794	n/a
213.77490234375	0.3	1.0	2	437811	n/a
213.783203125	0.3	0.0	1	437828	n/a
213.79150390625	0.3	1.0	2	437845	n/a
213.7998046875	0.3	0.0	1	437862	n/a
213.80810546875	0.3	1.0	2	437879	n/a
213.81640625	0.3	0.0	1	437896	n/a
213.82470703125	0.3	0.0	1	437913	n/a
213.8330078125	0.3	1.0	2	437930	n/a
213.841796875	0.3	0.0	1	437948	n/a
213.85009765625	0.3	1.0	2	437965	n/a
213.8583984375	0.3	1.0	2	437982	n/a
213.86669921875	0.3	0.0	1	437999	n/a
213.875	0.3	1.0	2	438016	n/a
213.88330078125	0.3	0.0	1	438033	n/a
213.8916015625	0.3	1.0	2	438050	n/a
213.89990234375	0.3	0.0	1	438067	n/a
213.908203125	0.3	1.0	2	438084	n/a
213.91650390625	0.3	0.0	1	438101	n/a
213.9248046875	0.3	1.0	2	438118	n/a
213.93310546875	0.3	0.0	1	438135	n/a
213.94140625	0.3	0.0	1	438152	n/a
213.94970703125	0.3	1.0	2	438169	n/a
213.9580078125	0.3	0.0	1	438186	n/a
213.966796875	0.3	1.0	2	438204	n/a
213.97509765625	0.3	1.0	2	438221	n/a
213.9833984375	0.3	0.0	1	438238	n/a
213.99169921875	0.3	1.0	2	438255	n/a
214.0	0.3	0.0	1	438272	n/a
214.00830078125	0.3	1.0	2	438289	n/a
214.0166015625	0.3	0.0	1	438306	n/a
214.02490234375	0.3	0.0	1	438323	n/a
214.033203125	0.3	1.0	2	438340	n/a
214.04150390625	0.3	0.0	1	438357	n/a
214.0498046875	0.3	1.0	2	438374	n/a
214.05810546875	0.3	1.0	2	438391	n/a
214.06640625	0.3	0.0	1	438408	n/a
214.07470703125	0.3	0.0	1	438425	n/a
214.0830078125	0.3	1.0	2	438442	n/a
214.091796875	0.3	1.0	2	438460	n/a
214.10009765625	0.3	0.0	1	438477	n/a
214.1083984375	0.3	0.0	1	438494	n/a
214.11669921875	0.3	1.0	2	438511	n/a
214.125	0.3	1.0	2	438528	n/a
214.13330078125	0.3	0.0	1	438545	n/a
214.1416015625	0.3	0.0	1	438562	n/a
214.14990234375	0.3	1.0	2	438579	n/a
214.158203125	0.3	0.0	1	438596	n/a
214.16650390625	0.3	1.0	2	438613	n/a
214.1748046875	0.3	1.0	2	438630	n/a
214.18310546875	0.3	0.0	1	438647	n/a
214.19140625	0.3	0.0	1	438664	n/a
214.19970703125	0.3	1.0	2	438681	n/a
214.2080078125	0.3	1.0	2	438698	n/a
214.216796875	0.3	0.0	1	438716	n/a
216.62548828125	0.3	1.0	2	443649	7.0
216.6337890625	0.3	0.0	1	443666	n/a
216.64208984375	0.3	1.0	2	443683	n/a
216.650390625	0.3	0.0	1	443700	n/a
216.65869140625	0.3	0.0	1	443717	n/a
216.6669921875	0.3	1.0	2	443734	n/a
216.67529296875	0.3	1.0	2	443751	n/a
216.68359375	0.3	0.0	1	443768	n/a
216.6923828125	0.3	0.0	1	443786	n/a
216.70068359375	0.3	1.0	2	443803	n/a
216.708984375	0.3	0.0	1	443820	n/a
216.71728515625	0.3	1.0	2	443837	n/a
216.7255859375	0.3	0.0	1	443854	n/a
216.73388671875	0.3	1.0	2	443871	n/a
216.7421875	0.3	1.0	2	443888	n/a
216.75048828125	0.3	0.0	1	443905	n/a
216.7587890625	0.3	1.0	2	443922	n/a
216.76708984375	0.3	0.0	1	443939	n/a
216.775390625	0.3	1.0	2	443956	n/a
216.78369140625	0.3	0.0	1	443973	n/a
216.7919921875	0.3	1.0	2	443990	n/a
216.80029296875	0.3	0.0	1	444007	n/a
216.80859375	0.3	1.0	2	444024	n/a
216.8173828125	0.3	0.0	1	444042	n/a
216.82568359375	0.3	1.0	2	444059	n/a
216.833984375	0.3	0.0	1	444076	n/a
216.84228515625	0.3	1.0	2	444093	n/a
216.8505859375	0.3	0.0	1	444110	n/a
216.85888671875	0.3	0.0	1	444127	n/a
216.8671875	0.3	1.0	2	444144	n/a
216.87548828125	0.3	1.0	2	444161	n/a
216.8837890625	0.3	0.0	1	444178	n/a
216.89208984375	0.3	0.0	1	444195	n/a
216.900390625	0.3	1.0	2	444212	n/a
216.90869140625	0.3	1.0	2	444229	n/a
216.9169921875	0.3	0.0	1	444246	n/a
216.92529296875	0.3	1.0	2	444263	n/a
216.93359375	0.3	0.0	1	444280	n/a
216.9423828125	0.3	0.0	1	444298	n/a
216.95068359375	0.3	1.0	2	444315	n/a
216.958984375	0.3	1.0	2	444332	n/a
216.96728515625	0.3	0.0	1	444349	n/a
216.9755859375	0.3	1.0	2	444366	n/a
216.98388671875	0.3	0.0	1	444383	n/a
216.9921875	0.3	0.0	1	444400	n/a
217.00048828125	0.3	1.0	2	444417	n/a
217.0087890625	0.3	1.0	2	444434	n/a
217.01708984375	0.3	0.0	1	444451	n/a
217.025390625	0.3	1.0	2	444468	n/a
217.03369140625	0.3	0.0	1	444485	n/a
217.0419921875	0.3	1.0	2	444502	n/a
217.05029296875	0.3	0.0	1	444519	n/a
217.05859375	0.3	0.0	1	444536	n/a
217.0673828125	0.3	1.0	2	444554	n/a
217.07568359375	0.3	1.0	2	444571	n/a
217.083984375	0.3	0.0	1	444588	n/a
217.09228515625	0.3	0.0	1	444605	n/a
217.1005859375	0.3	1.0	2	444622	n/a
217.10888671875	0.3	0.0	1	444639	n/a
217.1171875	0.3	1.0	2	444656	n/a
217.12548828125	0.3	0.0	1	444673	n/a
217.1337890625	0.3	1.0	2	444690	n/a
217.14208984375	0.3	1.0	2	444707	n/a
217.150390625	0.3	0.0	1	444724	n/a
217.15869140625	0.3	0.0	1	444741	n/a
217.1669921875	0.3	1.0	2	444758	n/a
217.17529296875	0.3	1.0	2	444775	n/a
217.18359375	0.3	0.0	1	444792	n/a
217.1923828125	0.3	1.0	2	444810	n/a
217.20068359375	0.3	0.0	1	444827	n/a
217.208984375	0.3	0.0	1	444844	n/a
217.21728515625	0.3	1.0	2	444861	n/a
217.2255859375	0.3	1.0	2	444878	n/a
217.23388671875	0.3	0.0	1	444895	n/a
217.2421875	0.3	0.0	1	444912	n/a
217.25048828125	0.3	1.0	2	444929	n/a
217.2587890625	0.3	1.0	2	444946	n/a
217.26708984375	0.3	0.0	1	444963	n/a
217.275390625	0.3	1.0	2	444980	n/a
217.28369140625	0.3	0.0	1	444997	n/a
217.2919921875	0.3	0.0	1	445014	n/a
217.30029296875	0.3	1.0	2	445031	n/a
217.30859375	0.3	1.0	2	445048	n/a
217.3173828125	0.3	0.0	1	445066	n/a
217.32568359375	0.3	1.0	2	445083	n/a
217.333984375	0.3	0.0	1	445100	n/a
217.34228515625	0.3	0.0	1	445117	n/a
217.3505859375	0.3	1.0	2	445134	n/a
217.35888671875	0.3	0.0	1	445151	n/a
217.3671875	0.3	1.0	2	445168	n/a
217.37548828125	0.3	1.0	2	445185	n/a
217.3837890625	0.3	0.0	1	445202	n/a
217.39208984375	0.3	0.0	1	445219	n/a
217.400390625	0.3	1.0	2	445236	n/a
217.40869140625	0.3	1.0	2	445253	n/a
217.4169921875	0.3	0.0	1	445270	n/a
217.42529296875	0.3	0.0	1	445287	n/a
217.43359375	0.3	1.0	2	445304	n/a
217.4423828125	0.3	0.0	1	445322	n/a
217.45068359375	0.3	1.0	2	445339	n/a
217.458984375	0.3	0.0	1	445356	n/a
217.46728515625	0.3	1.0	2	445373	n/a
217.4755859375	0.3	0.0	1	445390	n/a
217.48388671875	0.3	1.0	2	445407	n/a
217.4921875	0.3	1.0	2	445424	n/a
217.50048828125	0.3	0.0	1	445441	n/a
217.5087890625	0.3	0.0	1	445458	n/a
217.51708984375	0.3	1.0	2	445475	n/a
217.525390625	0.3	1.0	2	445492	n/a
217.53369140625	0.3	0.0	1	445509	n/a
217.5419921875	0.3	1.0	2	445526	n/a
217.55029296875	0.3	0.0	1	445543	n/a
217.55859375	0.3	1.0	2	445560	n/a
217.5673828125	0.3	0.0	1	445578	n/a
217.57568359375	0.3	1.0	2	445595	n/a
217.583984375	0.3	0.0	1	445612	n/a
217.59228515625	0.3	1.0	2	445629	n/a
217.6005859375	0.3	0.0	1	445646	n/a
217.60888671875	0.3	1.0	2	445663	n/a
217.6171875	0.3	0.0	1	445680	n/a
217.62548828125	0.3	1.0	2	445697	n/a
217.6337890625	0.3	0.0	1	445714	n/a
217.64208984375	0.3	1.0	2	445731	n/a
217.650390625	0.3	0.0	1	445748	n/a
217.65869140625	0.3	1.0	2	445765	n/a
217.6669921875	0.3	0.0	1	445782	n/a
217.67529296875	0.3	1.0	2	445799	n/a
217.68359375	0.3	0.0	1	445816	n/a
217.6923828125	0.3	1.0	2	445834	n/a
217.70068359375	0.3	0.0	1	445851	n/a
217.708984375	0.3	0.0	1	445868	n/a
217.71728515625	0.3	1.0	2	445885	n/a
217.7255859375	0.3	1.0	2	445902	n/a
217.73388671875	0.3	0.0	1	445919	n/a
217.7421875	0.3	0.0	1	445936	n/a
217.75048828125	0.3	1.0	2	445953	n/a
217.7587890625	0.3	0.0	1	445970	n/a
217.76708984375	0.3	1.0	2	445987	n/a
217.775390625	0.3	0.0	1	446004	n/a
217.78369140625	0.3	1.0	2	446021	n/a
217.7919921875	0.3	1.0	2	446038	n/a
217.80029296875	0.3	0.0	1	446055	n/a
217.80859375	0.3	1.0	2	446072	n/a
217.8173828125	0.3	0.0	1	446090	n/a
217.82568359375	0.3	1.0	2	446107	n/a
217.833984375	0.3	0.0	1	446124	n/a
217.84228515625	0.3	1.0	2	446141	n/a
217.8505859375	0.3	0.0	1	446158	n/a
217.85888671875	0.3	1.0	2	446175	n/a
217.8671875	0.3	0.0	1	446192	n/a
217.87548828125	0.3	1.0	2	446209	n/a
217.8837890625	0.3	0.0	1	446226	n/a
217.89208984375	0.3	1.0	2	446243	n/a
217.900390625	0.3	0.0	1	446260	n/a
217.90869140625	0.3	0.0	1	446277	n/a
217.9169921875	0.3	1.0	2	446294	n/a
217.92529296875	0.3	1.0	2	446311	n/a
217.93359375	0.3	0.0	1	446328	n/a
217.9423828125	0.3	0.0	1	446346	n/a
217.95068359375	0.3	1.0	2	446363	n/a
217.958984375	0.3	1.0	2	446380	n/a
217.96728515625	0.3	0.0	1	446397	n/a
217.9755859375	0.3	1.0	2	446414	n/a
217.98388671875	0.3	0.0	1	446431	n/a
217.9921875	0.3	0.0	1	446448	n/a
218.00048828125	0.3	1.0	2	446465	n/a
218.0087890625	0.3	1.0	2	446482	n/a
218.01708984375	0.3	0.0	1	446499	n/a
218.025390625	0.3	1.0	2	446516	n/a
218.03369140625	0.3	0.0	1	446533	n/a
218.0419921875	0.3	0.0	1	446550	n/a
218.05029296875	0.3	1.0	2	446567	n/a
218.05859375	0.3	1.0	2	446584	n/a
218.0673828125	0.3	0.0	1	446602	n/a
218.07568359375	0.3	1.0	2	446619	n/a
218.083984375	0.3	0.0	1	446636	n/a
218.09228515625	0.3	1.0	2	446653	n/a
218.1005859375	0.3	0.0	1	446670	n/a
218.10888671875	0.3	0.0	1	446687	n/a
218.1171875	0.3	1.0	2	446704	n/a
218.12548828125	0.3	1.0	2	446721	n/a
218.1337890625	0.3	0.0	1	446738	n/a
218.14208984375	0.3	0.0	1	446755	n/a
218.150390625	0.3	1.0	2	446772	n/a
218.15869140625	0.3	0.0	1	446789	n/a
218.1669921875	0.3	1.0	2	446806	n/a
218.17529296875	0.3	0.0	1	446823	n/a
218.18359375	0.3	1.0	2	446840	n/a
218.1923828125	0.3	1.0	2	446858	n/a
218.20068359375	0.3	0.0	1	446875	n/a
218.208984375	0.3	0.0	1	446892	n/a
218.21728515625	0.3	1.0	2	446909	n/a
218.2255859375	0.3	1.0	2	446926	n/a
218.23388671875	0.3	0.0	1	446943	n/a
218.2421875	0.3	1.0	2	446960	n/a
218.25048828125	0.3	0.0	1	446977	n/a
218.2587890625	0.3	0.0	1	446994	n/a
218.26708984375	0.3	1.0	2	447011	n/a
218.275390625	0.3	1.0	2	447028	n/a
218.28369140625	0.3	0.0	1	447045	n/a
218.2919921875	0.3	0.0	1	447062	n/a
218.30029296875	0.3	1.0	2	447079	n/a
218.30859375	0.3	1.0	2	447096	n/a
218.3173828125	0.3	0.0	1	447114	n/a
218.32568359375	0.3	1.0	2	447131	n/a
218.333984375	0.3	0.0	1	447148	n/a
218.34228515625	0.3	0.0	1	447165	n/a
218.3505859375	0.3	1.0	2	447182	n/a
218.35888671875	0.3	1.0	2	447199	n/a
218.3671875	0.3	0.0	1	447216	n/a
218.37548828125	0.3	1.0	2	447233	n/a
218.3837890625	0.3	0.0	1	447250	n/a
218.39208984375	0.3	0.0	1	447267	n/a
218.400390625	0.3	1.0	2	447284	n/a
218.40869140625	0.3	0.0	1	447301	n/a
218.4169921875	0.3	1.0	2	447318	n/a
218.42529296875	0.3	1.0	2	447335	n/a
218.43359375	0.3	0.0	1	447352	n/a
218.4423828125	0.3	0.0	1	447370	n/a
218.45068359375	0.3	1.0	2	447387	n/a
218.458984375	0.3	1.0	2	447404	n/a
218.46728515625	0.3	0.0	1	447421	n/a
218.4755859375	0.3	0.0	1	447438	n/a
218.48388671875	0.3	1.0	2	447455	n/a
218.4921875	0.3	0.0	1	447472	n/a
218.50048828125	0.3	1.0	2	447489	n/a
218.5087890625	0.3	0.0	1	447506	n/a
218.51708984375	0.3	1.0	2	447523	n/a
218.525390625	0.3	0.0	1	447540	n/a
218.53369140625	0.3	1.0	2	447557	n/a
218.5419921875	0.3	1.0	2	447574	n/a
218.55029296875	0.3	0.0	1	447591	n/a
218.55859375	0.3	0.0	1	447608	n/a
218.5673828125	0.3	1.0	2	447626	n/a
218.57568359375	0.3	1.0	2	447643	n/a
218.583984375	0.3	0.0	1	447660	n/a
218.59228515625	0.3	1.0	2	447677	n/a
218.6005859375	0.3	0.0	1	447694	n/a
218.60888671875	0.3	1.0	2	447711	n/a
218.6171875	0.3	0.0	1	447728	n/a
218.62548828125	0.3	1.0	2	447745	n/a
218.6337890625	0.3	0.0	1	447762	n/a
218.64208984375	0.3	1.0	2	447779	n/a
218.650390625	0.3	0.0	1	447796	n/a
218.65869140625	0.3	1.0	2	447813	n/a
218.6669921875	0.3	0.0	1	447830	n/a
218.67529296875	0.3	1.0	2	447847	n/a
218.68359375	0.3	0.0	1	447864	n/a
218.6923828125	0.3	1.0	2	447882	n/a
218.70068359375	0.3	0.0	1	447899	n/a
218.708984375	0.3	1.0	2	447916	n/a
218.71728515625	0.3	0.0	1	447933	n/a
218.7255859375	0.3	1.0	2	447950	n/a
218.73388671875	0.3	0.0	1	447967	n/a
218.7421875	0.3	1.0	2	447984	n/a
218.75048828125	0.3	0.0	1	448001	n/a
218.7587890625	0.3	0.0	1	448018	n/a
218.76708984375	0.3	1.0	2	448035	n/a
218.775390625	0.3	1.0	2	448052	n/a
218.78369140625	0.3	0.0	1	448069	n/a
218.7919921875	0.3	0.0	1	448086	n/a
218.80029296875	0.3	1.0	2	448103	n/a
218.80859375	0.3	0.0	1	448120	n/a
218.8173828125	0.3	1.0	2	448138	n/a
218.82568359375	0.3	0.0	1	448155	n/a
218.833984375	0.3	1.0	2	448172	n/a
218.84228515625	0.3	1.0	2	448189	n/a
218.8505859375	0.3	0.0	1	448206	n/a
218.85888671875	0.3	1.0	2	448223	n/a
218.8671875	0.3	0.0	1	448240	n/a
218.87548828125	0.3	1.0	2	448257	n/a
218.8837890625	0.3	0.0	1	448274	n/a
218.89208984375	0.3	1.0	2	448291	n/a
218.900390625	0.3	0.0	1	448308	n/a
218.90869140625	0.3	1.0	2	448325	n/a
218.9169921875	0.3	0.0	1	448342	n/a
218.92529296875	0.3	1.0	2	448359	n/a
218.93359375	0.3	0.0	1	448376	n/a
218.9423828125	0.3	1.0	2	448394	n/a
218.95068359375	0.3	0.0	1	448411	n/a
218.958984375	0.3	0.0	1	448428	n/a
218.96728515625	0.3	1.0	2	448445	n/a
218.9755859375	0.3	1.0	2	448462	n/a
218.98388671875	0.3	0.0	1	448479	n/a
218.9921875	0.3	0.0	1	448496	n/a
219.00048828125	0.3	1.0	2	448513	n/a
219.0087890625	0.3	1.0	2	448530	n/a
219.01708984375	0.3	0.0	1	448547	n/a
219.025390625	0.3	1.0	2	448564	n/a
219.03369140625	0.3	0.0	1	448581	n/a
219.0419921875	0.3	0.0	1	448598	n/a
219.05029296875	0.3	1.0	2	448615	n/a
219.05859375	0.3	1.0	2	448632	n/a
219.0673828125	0.3	0.0	1	448650	n/a
219.07568359375	0.3	1.0	2	448667	n/a
219.083984375	0.3	0.0	1	448684	n/a
219.09228515625	0.3	0.0	1	448701	n/a
219.1005859375	0.3	1.0	2	448718	n/a
219.10888671875	0.3	1.0	2	448735	n/a
219.1171875	0.3	0.0	1	448752	n/a
219.12548828125	0.3	1.0	2	448769	n/a
219.1337890625	0.3	0.0	1	448786	n/a
219.14208984375	0.3	1.0	2	448803	n/a
219.150390625	0.3	0.0	1	448820	n/a
219.15869140625	0.3	0.0	1	448837	n/a
219.1669921875	0.3	1.0	2	448854	n/a
219.17529296875	0.3	1.0	2	448871	n/a
219.18359375	0.3	0.0	1	448888	n/a
219.1923828125	0.3	0.0	1	448906	n/a
219.20068359375	0.3	1.0	2	448923	n/a
219.208984375	0.3	0.0	1	448940	n/a
219.21728515625	0.3	1.0	2	448957	n/a
219.2255859375	0.3	0.0	1	448974	n/a
219.23388671875	0.3	1.0	2	448991	n/a
219.2421875	0.3	1.0	2	449008	n/a
219.25048828125	0.3	0.0	1	449025	n/a
219.2587890625	0.3	0.0	1	449042	n/a
219.26708984375	0.3	1.0	2	449059	n/a
219.275390625	0.3	1.0	2	449076	n/a
219.28369140625	0.3	0.0	1	449093	n/a
219.2919921875	0.3	1.0	2	449110	n/a
219.30029296875	0.3	0.0	1	449127	n/a
219.30859375	0.3	0.0	1	449144	n/a
219.3173828125	0.3	1.0	2	449162	n/a
219.32568359375	0.3	1.0	2	449179	n/a
219.333984375	0.3	0.0	1	449196	n/a
219.34228515625	0.3	0.0	1	449213	n/a
219.3505859375	0.3	1.0	2	449230	n/a
219.35888671875	0.3	1.0	2	449247	n/a
219.3671875	0.3	0.0	1	449264	n/a
219.37548828125	0.3	1.0	2	449281	n/a
219.3837890625	0.3	0.0	1	449298	n/a
219.39208984375	0.3	0.0	1	449315	n/a
219.400390625	0.3	1.0	2	449332	n/a
219.40869140625	0.3	1.0	2	449349	n/a
219.4169921875	0.3	0.0	1	449366	n/a
219.42529296875	0.3	1.0	2	449383	n/a
219.43359375	0.3	0.0	1	449400	n/a
219.4423828125	0.3	0.0	1	449418	n/a
219.45068359375	0.3	1.0	2	449435	n/a
219.458984375	0.3	0.0	1	449452	n/a
219.46728515625	0.3	1.0	2	449469	n/a
219.4755859375	0.3	1.0	2	449486	n/a
219.48388671875	0.3	0.0	1	449503	n/a
219.4921875	0.3	0.0	1	449520	n/a
219.50048828125	0.3	1.0	2	449537	n/a
219.5087890625	0.3	1.0	2	449554	n/a
219.51708984375	0.3	0.0	1	449571	n/a
219.525390625	0.3	0.0	1	449588	n/a
219.53369140625	0.3	1.0	2	449605	n/a
219.5419921875	0.3	0.0	1	449622	n/a
219.55029296875	0.3	1.0	2	449639	n/a
219.55859375	0.3	0.0	1	449656	n/a
219.5673828125	0.3	1.0	2	449674	n/a
219.57568359375	0.3	0.0	1	449691	n/a
219.583984375	0.3	1.0	2	449708	n/a
219.59228515625	0.3	1.0	2	449725	n/a
219.6005859375	0.3	0.0	1	449742	n/a
219.60888671875	0.3	0.0	1	449759	n/a
219.6171875	0.3	1.0	2	449776	n/a
219.62548828125	0.3	1.0	2	449793	n/a
219.6337890625	0.3	0.0	1	449810	n/a
219.64208984375	0.3	1.0	2	449827	n/a
219.650390625	0.3	0.0	1	449844	n/a
219.65869140625	0.3	1.0	2	449861	n/a
219.6669921875	0.3	0.0	1	449878	n/a
219.67529296875	0.3	1.0	2	449895	n/a
219.68359375	0.3	0.0	1	449912	n/a
219.6923828125	0.3	1.0	2	449930	n/a
219.70068359375	0.3	0.0	1	449947	n/a
219.708984375	0.3	1.0	2	449964	n/a
219.71728515625	0.3	0.0	1	449981	n/a
219.7255859375	0.3	1.0	2	449998	n/a
219.73388671875	0.3	0.0	1	450015	n/a
219.7421875	0.3	1.0	2	450032	n/a
219.75048828125	0.3	0.0	1	450049	n/a
219.7587890625	0.3	1.0	2	450066	n/a
219.76708984375	0.3	0.0	1	450083	n/a
219.775390625	0.3	1.0	2	450100	n/a
219.78369140625	0.3	0.0	1	450117	n/a
219.7919921875	0.3	1.0	2	450134	n/a
219.80029296875	0.3	0.0	1	450151	n/a
219.80859375	0.3	0.0	1	450168	n/a
219.8173828125	0.3	1.0	2	450186	n/a
219.82568359375	0.3	1.0	2	450203	n/a
219.833984375	0.3	0.0	1	450220	n/a
219.84228515625	0.3	0.0	1	450237	n/a
219.8505859375	0.3	1.0	2	450254	n/a
219.85888671875	0.3	0.0	1	450271	n/a
219.8671875	0.3	1.0	2	450288	n/a
219.87548828125	0.3	0.0	1	450305	n/a
219.8837890625	0.3	1.0	2	450322	n/a
219.89208984375	0.3	1.0	2	450339	n/a
219.900390625	0.3	0.0	1	450356	n/a
219.90869140625	0.3	1.0	2	450373	n/a
219.9169921875	0.3	0.0	1	450390	n/a
219.92529296875	0.3	1.0	2	450407	n/a
219.93359375	0.3	0.0	1	450424	n/a
219.9423828125	0.3	1.0	2	450442	n/a
219.95068359375	0.3	0.0	1	450459	n/a
219.958984375	0.3	1.0	2	450476	n/a
219.96728515625	0.3	0.0	1	450493	n/a
219.9755859375	0.3	1.0	2	450510	n/a
219.98388671875	0.3	0.0	1	450527	n/a
219.9921875	0.3	1.0	2	450544	n/a
220.00048828125	0.3	0.0	1	450561	n/a
220.0087890625	0.3	0.0	1	450578	n/a
220.01708984375	0.3	1.0	2	450595	n/a
220.025390625	0.3	1.0	2	450612	n/a
220.03369140625	0.3	0.0	1	450629	n/a
220.0419921875	0.3	0.0	1	450646	n/a
220.05029296875	0.3	1.0	2	450663	n/a
220.05859375	0.3	1.0	2	450680	n/a
220.0673828125	0.3	0.0	1	450698	n/a
220.07568359375	0.3	1.0	2	450715	n/a
220.083984375	0.3	0.0	1	450732	n/a
220.09228515625	0.3	0.0	1	450749	n/a
220.1005859375	0.3	1.0	2	450766	n/a
220.10888671875	0.3	1.0	2	450783	n/a
220.1171875	0.3	0.0	1	450800	n/a
220.12548828125	0.3	1.0	2	450817	n/a
220.1337890625	0.3	0.0	1	450834	n/a
220.14208984375	0.3	0.0	1	450851	n/a
220.150390625	0.3	1.0	2	450868	n/a
220.15869140625	0.3	1.0	2	450885	n/a
220.1669921875	0.3	0.0	1	450902	n/a
220.17529296875	0.3	1.0	2	450919	n/a
220.18359375	0.3	0.0	1	450936	n/a
220.1923828125	0.3	1.0	2	450954	n/a
220.20068359375	0.3	0.0	1	450971	n/a
220.208984375	0.3	0.0	1	450988	n/a
220.21728515625	0.3	1.0	2	451005	n/a
220.2255859375	0.3	1.0	2	451022	n/a
220.23388671875	0.3	0.0	1	451039	n/a
220.2421875	0.3	0.0	1	451056	n/a
220.25048828125	0.3	1.0	2	451073	n/a
220.2587890625	0.3	0.0	1	451090	n/a
220.26708984375	0.3	1.0	2	451107	n/a
220.275390625	0.3	0.0	1	451124	n/a
220.28369140625	0.3	1.0	2	451141	n/a
220.2919921875	0.3	1.0	2	451158	n/a
220.30029296875	0.3	0.0	1	451175	n/a
220.30859375	0.3	0.0	1	451192	n/a
220.3173828125	0.3	1.0	2	451210	n/a
220.32568359375	0.3	1.0	2	451227	n/a
220.333984375	0.3	0.0	1	451244	n/a
220.34228515625	0.3	1.0	2	451261	n/a
220.3505859375	0.3	0.0	1	451278	n/a
220.35888671875	0.3	0.0	1	451295	n/a
220.3671875	0.3	1.0	2	451312	n/a
220.37548828125	0.3	1.0	2	451329	n/a
220.3837890625	0.3	0.0	1	451346	n/a
220.39208984375	0.3	0.0	1	451363	n/a
220.400390625	0.3	1.0	2	451380	n/a
220.40869140625	0.3	1.0	2	451397	n/a
220.4169921875	0.3	0.0	1	451414	n/a
220.42529296875	0.3	1.0	2	451431	n/a
220.43359375	0.3	0.0	1	451448	n/a
220.4423828125	0.3	0.0	1	451466	n/a
220.45068359375	0.3	1.0	2	451483	n/a
220.458984375	0.3	1.0	2	451500	n/a
220.46728515625	0.3	0.0	1	451517	n/a
220.4755859375	0.3	1.0	2	451534	n/a
220.48388671875	0.3	0.0	1	451551	n/a
220.4921875	0.3	0.0	1	451568	n/a
220.50048828125	0.3	1.0	2	451585	n/a
220.5087890625	0.3	0.0	1	451602	n/a
220.51708984375	0.3	1.0	2	451619	n/a
220.525390625	0.3	1.0	2	451636	n/a
220.53369140625	0.3	0.0	1	451653	n/a
220.5419921875	0.3	0.0	1	451670	n/a
220.55029296875	0.3	1.0	2	451687	n/a
220.55859375	0.3	1.0	2	451704	n/a
220.5673828125	0.3	0.0	1	451722	n/a
220.57568359375	0.3	0.0	1	451739	n/a
220.583984375	0.3	1.0	2	451756	n/a
220.59228515625	0.3	0.0	1	451773	n/a
220.6005859375	0.3	1.0	2	451790	n/a
220.60888671875	0.3	0.0	1	451807	n/a
220.6171875	0.3	1.0	2	451824	n/a
220.62548828125	0.3	0.0	1	451841	n/a
220.6337890625	0.3	1.0	2	451858	n/a
220.64208984375	0.3	1.0	2	451875	n/a
220.650390625	0.3	0.0	1	451892	n/a
220.65869140625	0.3	0.0	1	451909	n/a
220.6669921875	0.3	1.0	2	451926	n/a
220.67529296875	0.3	1.0	2	451943	n/a
220.68359375	0.3	0.0	1	451960	n/a
220.6923828125	0.3	1.0	2	451978	n/a
220.70068359375	0.3	0.0	1	451995	n/a
220.708984375	0.3	1.0	2	452012	n/a
220.71728515625	0.3	0.0	1	452029	n/a
220.7255859375	0.3	1.0	2	452046	n/a
220.73388671875	0.3	0.0	1	452063	n/a
220.7421875	0.3	1.0	2	452080	n/a
220.75048828125	0.3	0.0	1	452097	n/a
220.7587890625	0.3	1.0	2	452114	n/a
220.76708984375	0.3	0.0	1	452131	n/a
220.775390625	0.3	1.0	2	452148	n/a
220.78369140625	0.3	0.0	1	452165	n/a
220.7919921875	0.3	1.0	2	452182	n/a
220.80029296875	0.3	0.0	1	452199	n/a
220.80859375	0.3	1.0	2	452216	n/a
220.8173828125	0.3	0.0	1	452234	n/a
223.21728515625	0.3	1.0	2	457149	3.0
223.2255859375	0.3	0.0	1	457166	n/a
223.23388671875	0.3	0.0	1	457183	n/a
223.2421875	0.3	1.0	2	457200	n/a
223.25048828125	0.3	0.0	1	457217	n/a
223.2587890625	0.3	1.0	2	457234	n/a
223.26708984375	0.3	0.0	1	457251	n/a
223.275390625	0.3	1.0	2	457268	n/a
223.2841796875	0.3	0.0	1	457286	n/a
223.29248046875	0.3	1.0	2	457303	n/a
223.30078125	0.3	0.0	1	457320	n/a
223.30908203125	0.3	1.0	2	457337	n/a
223.3173828125	0.3	0.0	1	457354	n/a
223.32568359375	0.3	1.0	2	457371	n/a
223.333984375	0.3	0.0	1	457388	n/a
223.34228515625	0.3	1.0	2	457405	n/a
223.3505859375	0.3	0.0	1	457422	n/a
223.35888671875	0.3	1.0	2	457439	n/a
223.3671875	0.3	1.0	2	457456	n/a
223.37548828125	0.3	0.0	1	457473	n/a
223.3837890625	0.3	1.0	2	457490	n/a
223.39208984375	0.3	0.0	1	457507	n/a
223.400390625	0.3	0.0	1	457524	n/a
223.4091796875	0.3	1.0	2	457542	n/a
223.41748046875	0.3	0.0	1	457559	n/a
223.42578125	0.3	1.0	2	457576	n/a
223.43408203125	0.3	0.0	1	457593	n/a
223.4423828125	0.3	1.0	2	457610	n/a
223.45068359375	0.3	1.0	2	457627	n/a
223.458984375	0.3	0.0	1	457644	n/a
223.46728515625	0.3	1.0	2	457661	n/a
223.4755859375	0.3	0.0	1	457678	n/a
223.48388671875	0.3	1.0	2	457695	n/a
223.4921875	0.3	0.0	1	457712	n/a
223.50048828125	0.3	0.0	1	457729	n/a
223.5087890625	0.3	1.0	2	457746	n/a
223.51708984375	0.3	0.0	1	457763	n/a
223.525390625	0.3	1.0	2	457780	n/a
223.5341796875	0.3	0.0	1	457798	n/a
223.54248046875	0.3	1.0	2	457815	n/a
223.55078125	0.3	0.0	1	457832	n/a
223.55908203125	0.3	1.0	2	457849	n/a
223.5673828125	0.3	1.0	2	457866	n/a
223.57568359375	0.3	0.0	1	457883	n/a
223.583984375	0.3	1.0	2	457900	n/a
223.59228515625	0.3	0.0	1	457917	n/a
223.6005859375	0.3	0.0	1	457934	n/a
223.60888671875	0.3	1.0	2	457951	n/a
223.6171875	0.3	1.0	2	457968	n/a
223.62548828125	0.3	0.0	1	457985	n/a
223.6337890625	0.3	0.0	1	458002	n/a
223.64208984375	0.3	1.0	2	458019	n/a
223.650390625	0.3	0.0	1	458036	n/a
223.6591796875	0.3	1.0	2	458054	n/a
223.66748046875	0.3	1.0	2	458071	n/a
223.67578125	0.3	0.0	1	458088	n/a
223.68408203125	0.3	1.0	2	458105	n/a
223.6923828125	0.3	0.0	1	458122	n/a
223.70068359375	0.3	1.0	2	458139	n/a
223.708984375	0.3	0.0	1	458156	n/a
223.71728515625	0.3	0.0	1	458173	n/a
223.7255859375	0.3	1.0	2	458190	n/a
223.73388671875	0.3	0.0	1	458207	n/a
223.7421875	0.3	1.0	2	458224	n/a
223.75048828125	0.3	1.0	2	458241	n/a
223.7587890625	0.3	0.0	1	458258	n/a
223.76708984375	0.3	1.0	2	458275	n/a
223.775390625	0.3	0.0	1	458292	n/a
223.7841796875	0.3	1.0	2	458310	n/a
223.79248046875	0.3	0.0	1	458327	n/a
223.80078125	0.3	0.0	1	458344	n/a
223.80908203125	0.3	1.0	2	458361	n/a
223.8173828125	0.3	0.0	1	458378	n/a
223.82568359375	0.3	1.0	2	458395	n/a
223.833984375	0.3	0.0	1	458412	n/a
223.84228515625	0.3	1.0	2	458429	n/a
223.8505859375	0.3	1.0	2	458446	n/a
223.85888671875	0.3	0.0	1	458463	n/a
223.8671875	0.3	0.0	1	458480	n/a
223.87548828125	0.3	1.0	2	458497	n/a
223.8837890625	0.3	0.0	1	458514	n/a
223.89208984375	0.3	1.0	2	458531	n/a
223.900390625	0.3	1.0	2	458548	n/a
223.9091796875	0.3	0.0	1	458566	n/a
223.91748046875	0.3	1.0	2	458583	n/a
223.92578125	0.3	0.0	1	458600	n/a
223.93408203125	0.3	0.0	1	458617	n/a
223.9423828125	0.3	1.0	2	458634	n/a
223.95068359375	0.3	1.0	2	458651	n/a
223.958984375	0.3	0.0	1	458668	n/a
223.96728515625	0.3	0.0	1	458685	n/a
223.9755859375	0.3	1.0	2	458702	n/a
223.98388671875	0.3	1.0	2	458719	n/a
223.9921875	0.3	0.0	1	458736	n/a
224.00048828125	0.3	1.0	2	458753	n/a
224.0087890625	0.3	0.0	1	458770	n/a
224.01708984375	0.3	0.0	1	458787	n/a
224.025390625	0.3	1.0	2	458804	n/a
224.0341796875	0.3	0.0	1	458822	n/a
224.04248046875	0.3	1.0	2	458839	n/a
224.05078125	0.3	0.0	1	458856	n/a
224.05908203125	0.3	1.0	2	458873	n/a
224.0673828125	0.3	0.0	1	458890	n/a
224.07568359375	0.3	1.0	2	458907	n/a
224.083984375	0.3	0.0	1	458924	n/a
224.09228515625	0.3	1.0	2	458941	n/a
224.1005859375	0.3	0.0	1	458958	n/a
224.10888671875	0.3	1.0	2	458975	n/a
224.1171875	0.3	0.0	1	458992	n/a
224.12548828125	0.3	1.0	2	459009	n/a
224.1337890625	0.3	0.0	1	459026	n/a
224.14208984375	0.3	1.0	2	459043	n/a
224.150390625	0.3	0.0	1	459060	n/a
224.1591796875	0.3	1.0	2	459078	n/a
224.16748046875	0.3	0.0	1	459095	n/a
224.17578125	0.3	1.0	2	459112	n/a
224.18408203125	0.3	0.0	1	459129	n/a
224.1923828125	0.3	1.0	2	459146	n/a
224.20068359375	0.3	0.0	1	459163	n/a
224.208984375	0.3	1.0	2	459180	n/a
224.21728515625	0.3	1.0	2	459197	n/a
224.2255859375	0.3	0.0	1	459214	n/a
224.23388671875	0.3	1.0	2	459231	n/a
224.2421875	0.3	0.0	1	459248	n/a
224.25048828125	0.3	0.0	1	459265	n/a
224.2587890625	0.3	1.0	2	459282	n/a
224.26708984375	0.3	1.0	2	459299	n/a
224.275390625	0.3	0.0	1	459316	n/a
224.2841796875	0.3	0.0	1	459334	n/a
224.29248046875	0.3	1.0	2	459351	n/a
224.30078125	0.3	0.0	1	459368	n/a
224.30908203125	0.3	1.0	2	459385	n/a
224.3173828125	0.3	0.0	1	459402	n/a
224.32568359375	0.3	1.0	2	459419	n/a
224.333984375	0.3	0.0	1	459436	n/a
224.34228515625	0.3	1.0	2	459453	n/a
224.3505859375	0.3	0.0	1	459470	n/a
224.35888671875	0.3	1.0	2	459487	n/a
224.3671875	0.3	0.0	1	459504	n/a
224.37548828125	0.3	1.0	2	459521	n/a
224.3837890625	0.3	0.0	1	459538	n/a
224.39208984375	0.3	1.0	2	459555	n/a
224.400390625	0.3	0.0	1	459572	n/a
224.4091796875	0.3	1.0	2	459590	n/a
224.41748046875	0.3	1.0	2	459607	n/a
224.42578125	0.3	0.0	1	459624	n/a
224.43408203125	0.3	1.0	2	459641	n/a
224.4423828125	0.3	0.0	1	459658	n/a
224.45068359375	0.3	0.0	1	459675	n/a
224.458984375	0.3	1.0	2	459692	n/a
224.46728515625	0.3	0.0	1	459709	n/a
224.4755859375	0.3	1.0	2	459726	n/a
224.48388671875	0.3	0.0	1	459743	n/a
224.4921875	0.3	1.0	2	459760	n/a
224.50048828125	0.3	1.0	2	459777	n/a
224.5087890625	0.3	0.0	1	459794	n/a
224.51708984375	0.3	1.0	2	459811	n/a
224.525390625	0.3	0.0	1	459828	n/a
224.5341796875	0.3	1.0	2	459846	n/a
224.54248046875	0.3	0.0	1	459863	n/a
224.55078125	0.3	0.0	1	459880	n/a
224.55908203125	0.3	1.0	2	459897	n/a
224.5673828125	0.3	0.0	1	459914	n/a
224.57568359375	0.3	1.0	2	459931	n/a
224.583984375	0.3	0.0	1	459948	n/a
224.59228515625	0.3	1.0	2	459965	n/a
224.6005859375	0.3	0.0	1	459982	n/a
224.60888671875	0.3	1.0	2	459999	n/a
224.6171875	0.3	1.0	2	460016	n/a
224.62548828125	0.3	0.0	1	460033	n/a
224.6337890625	0.3	1.0	2	460050	n/a
224.64208984375	0.3	0.0	1	460067	n/a
224.650390625	0.3	0.0	1	460084	n/a
224.6591796875	0.3	1.0	2	460102	n/a
224.66748046875	0.3	1.0	2	460119	n/a
224.67578125	0.3	0.0	1	460136	n/a
224.68408203125	0.3	0.0	1	460153	n/a
224.6923828125	0.3	1.0	2	460170	n/a
224.70068359375	0.3	0.0	1	460187	n/a
224.708984375	0.3	1.0	2	460204	n/a
224.71728515625	0.3	1.0	2	460221	n/a
224.7255859375	0.3	0.0	1	460238	n/a
224.73388671875	0.3	1.0	2	460255	n/a
224.7421875	0.3	0.0	1	460272	n/a
224.75048828125	0.3	1.0	2	460289	n/a
224.7587890625	0.3	0.0	1	460306	n/a
224.76708984375	0.3	0.0	1	460323	n/a
224.775390625	0.3	1.0	2	460340	n/a
224.7841796875	0.3	0.0	1	460358	n/a
224.79248046875	0.3	1.0	2	460375	n/a
224.80078125	0.3	1.0	2	460392	n/a
224.80908203125	0.3	0.0	1	460409	n/a
224.8173828125	0.3	1.0	2	460426	n/a
224.82568359375	0.3	0.0	1	460443	n/a
224.833984375	0.3	1.0	2	460460	n/a
224.84228515625	0.3	0.0	1	460477	n/a
224.8505859375	0.3	0.0	1	460494	n/a
224.85888671875	0.3	1.0	2	460511	n/a
224.8671875	0.3	0.0	1	460528	n/a
224.87548828125	0.3	1.0	2	460545	n/a
224.8837890625	0.3	0.0	1	460562	n/a
224.89208984375	0.3	1.0	2	460579	n/a
224.900390625	0.3	1.0	2	460596	n/a
224.9091796875	0.3	0.0	1	460614	n/a
224.91748046875	0.3	0.0	1	460631	n/a
224.92578125	0.3	1.0	2	460648	n/a
224.93408203125	0.3	0.0	1	460665	n/a
224.9423828125	0.3	1.0	2	460682	n/a
224.95068359375	0.3	1.0	2	460699	n/a
224.958984375	0.3	0.0	1	460716	n/a
224.96728515625	0.3	1.0	2	460733	n/a
224.9755859375	0.3	0.0	1	460750	n/a
224.98388671875	0.3	0.0	1	460767	n/a
224.9921875	0.3	1.0	2	460784	n/a
225.00048828125	0.3	1.0	2	460801	n/a
225.0087890625	0.3	0.0	1	460818	n/a
225.01708984375	0.3	0.0	1	460835	n/a
225.025390625	0.3	1.0	2	460852	n/a
225.0341796875	0.3	1.0	2	460870	n/a
225.04248046875	0.3	0.0	1	460887	n/a
225.05078125	0.3	1.0	2	460904	n/a
225.05908203125	0.3	0.0	1	460921	n/a
225.0673828125	0.3	0.0	1	460938	n/a
225.07568359375	0.3	1.0	2	460955	n/a
225.083984375	0.3	0.0	1	460972	n/a
225.09228515625	0.3	1.0	2	460989	n/a
225.1005859375	0.3	0.0	1	461006	n/a
225.10888671875	0.3	1.0	2	461023	n/a
225.1171875	0.3	0.0	1	461040	n/a
225.12548828125	0.3	1.0	2	461057	n/a
225.1337890625	0.3	0.0	1	461074	n/a
225.14208984375	0.3	1.0	2	461091	n/a
225.150390625	0.3	0.0	1	461108	n/a
225.1591796875	0.3	1.0	2	461126	n/a
225.16748046875	0.3	0.0	1	461143	n/a
225.17578125	0.3	1.0	2	461160	n/a
225.18408203125	0.3	0.0	1	461177	n/a
225.1923828125	0.3	1.0	2	461194	n/a
225.20068359375	0.3	0.0	1	461211	n/a
225.208984375	0.3	1.0	2	461228	n/a
225.21728515625	0.3	0.0	1	461245	n/a
225.2255859375	0.3	1.0	2	461262	n/a
225.23388671875	0.3	0.0	1	461279	n/a
225.2421875	0.3	1.0	2	461296	n/a
225.25048828125	0.3	0.0	1	461313	n/a
225.2587890625	0.3	1.0	2	461330	n/a
225.26708984375	0.3	1.0	2	461347	n/a
225.275390625	0.3	0.0	1	461364	n/a
225.2841796875	0.3	1.0	2	461382	n/a
225.29248046875	0.3	0.0	1	461399	n/a
225.30078125	0.3	0.0	1	461416	n/a
225.30908203125	0.3	1.0	2	461433	n/a
225.3173828125	0.3	1.0	2	461450	n/a
225.32568359375	0.3	0.0	1	461467	n/a
225.333984375	0.3	0.0	1	461484	n/a
225.34228515625	0.3	1.0	2	461501	n/a
225.3505859375	0.3	0.0	1	461518	n/a
225.35888671875	0.3	1.0	2	461535	n/a
225.3671875	0.3	0.0	1	461552	n/a
225.37548828125	0.3	1.0	2	461569	n/a
225.3837890625	0.3	0.0	1	461586	n/a
225.39208984375	0.3	1.0	2	461603	n/a
225.400390625	0.3	0.0	1	461620	n/a
225.4091796875	0.3	1.0	2	461638	n/a
225.41748046875	0.3	0.0	1	461655	n/a
225.42578125	0.3	1.0	2	461672	n/a
225.43408203125	0.3	0.0	1	461689	n/a
225.4423828125	0.3	1.0	2	461706	n/a
225.45068359375	0.3	0.0	1	461723	n/a
225.458984375	0.3	1.0	2	461740	n/a
225.46728515625	0.3	1.0	2	461757	n/a
225.4755859375	0.3	0.0	1	461774	n/a
225.48388671875	0.3	1.0	2	461791	n/a
225.4921875	0.3	0.0	1	461808	n/a
225.50048828125	0.3	0.0	1	461825	n/a
225.5087890625	0.3	1.0	2	461842	n/a
225.51708984375	0.3	0.0	1	461859	n/a
225.525390625	0.3	1.0	2	461876	n/a
225.5341796875	0.3	0.0	1	461894	n/a
225.54248046875	0.3	1.0	2	461911	n/a
225.55078125	0.3	1.0	2	461928	n/a
225.55908203125	0.3	0.0	1	461945	n/a
225.5673828125	0.3	1.0	2	461962	n/a
225.57568359375	0.3	0.0	1	461979	n/a
225.583984375	0.3	1.0	2	461996	n/a
225.59228515625	0.3	0.0	1	462013	n/a
225.6005859375	0.3	0.0	1	462030	n/a
225.60888671875	0.3	1.0	2	462047	n/a
225.6171875	0.3	0.0	1	462064	n/a
225.62548828125	0.3	1.0	2	462081	n/a
225.6337890625	0.3	0.0	1	462098	n/a
225.64208984375	0.3	1.0	2	462115	n/a
225.650390625	0.3	0.0	1	462132	n/a
225.6591796875	0.3	1.0	2	462150	n/a
225.66748046875	0.3	1.0	2	462167	n/a
225.67578125	0.3	0.0	1	462184	n/a
225.68408203125	0.3	1.0	2	462201	n/a
225.6923828125	0.3	0.0	1	462218	n/a
225.70068359375	0.3	0.0	1	462235	n/a
225.708984375	0.3	1.0	2	462252	n/a
225.71728515625	0.3	1.0	2	462269	n/a
225.7255859375	0.3	0.0	1	462286	n/a
225.73388671875	0.3	0.0	1	462303	n/a
225.7421875	0.3	1.0	2	462320	n/a
225.75048828125	0.3	0.0	1	462337	n/a
225.7587890625	0.3	1.0	2	462354	n/a
225.76708984375	0.3	1.0	2	462371	n/a
225.775390625	0.3	0.0	1	462388	n/a
225.7841796875	0.3	1.0	2	462406	n/a
225.79248046875	0.3	0.0	1	462423	n/a
225.80078125	0.3	1.0	2	462440	n/a
225.80908203125	0.3	0.0	1	462457	n/a
225.8173828125	0.3	0.0	1	462474	n/a
225.82568359375	0.3	1.0	2	462491	n/a
225.833984375	0.3	0.0	1	462508	n/a
225.84228515625	0.3	1.0	2	462525	n/a
225.8505859375	0.3	1.0	2	462542	n/a
225.85888671875	0.3	0.0	1	462559	n/a
225.8671875	0.3	1.0	2	462576	n/a
225.87548828125	0.3	0.0	1	462593	n/a
225.8837890625	0.3	1.0	2	462610	n/a
225.89208984375	0.3	0.0	1	462627	n/a
225.900390625	0.3	0.0	1	462644	n/a
225.9091796875	0.3	1.0	2	462662	n/a
225.91748046875	0.3	0.0	1	462679	n/a
225.92578125	0.3	1.0	2	462696	n/a
225.93408203125	0.3	0.0	1	462713	n/a
225.9423828125	0.3	1.0	2	462730	n/a
225.95068359375	0.3	1.0	2	462747	n/a
225.958984375	0.3	0.0	1	462764	n/a
225.96728515625	0.3	0.0	1	462781	n/a
225.9755859375	0.3	1.0	2	462798	n/a
225.98388671875	0.3	0.0	1	462815	n/a
225.9921875	0.3	1.0	2	462832	n/a
226.00048828125	0.3	1.0	2	462849	n/a
226.0087890625	0.3	0.0	1	462866	n/a
226.01708984375	0.3	1.0	2	462883	n/a
226.025390625	0.3	0.0	1	462900	n/a
226.0341796875	0.3	0.0	1	462918	n/a
226.04248046875	0.3	1.0	2	462935	n/a
226.05078125	0.3	1.0	2	462952	n/a
226.05908203125	0.3	0.0	1	462969	n/a
226.0673828125	0.3	0.0	1	462986	n/a
226.07568359375	0.3	1.0	2	463003	n/a
226.083984375	0.3	1.0	2	463020	n/a
226.09228515625	0.3	0.0	1	463037	n/a
226.1005859375	0.3	1.0	2	463054	n/a
226.10888671875	0.3	0.0	1	463071	n/a
226.1171875	0.3	0.0	1	463088	n/a
226.12548828125	0.3	1.0	2	463105	n/a
226.1337890625	0.3	0.0	1	463122	n/a
226.14208984375	0.3	1.0	2	463139	n/a
226.150390625	0.3	0.0	1	463156	n/a
226.1591796875	0.3	1.0	2	463174	n/a
226.16748046875	0.3	0.0	1	463191	n/a
226.17578125	0.3	1.0	2	463208	n/a
226.18408203125	0.3	0.0	1	463225	n/a
226.1923828125	0.3	1.0	2	463242	n/a
226.20068359375	0.3	0.0	1	463259	n/a
226.208984375	0.3	1.0	2	463276	n/a
226.21728515625	0.3	0.0	1	463293	n/a
226.2255859375	0.3	1.0	2	463310	n/a
226.23388671875	0.3	0.0	1	463327	n/a
226.2421875	0.3	1.0	2	463344	n/a
226.25048828125	0.3	0.0	1	463361	n/a
226.2587890625	0.3	1.0	2	463378	n/a
226.26708984375	0.3	0.0	1	463395	n/a
226.275390625	0.3	1.0	2	463412	n/a
226.2841796875	0.3	0.0	1	463430	n/a
226.29248046875	0.3	1.0	2	463447	n/a
226.30078125	0.3	0.0	1	463464	n/a
226.30908203125	0.3	1.0	2	463481	n/a
226.3173828125	0.3	1.0	2	463498	n/a
226.32568359375	0.3	0.0	1	463515	n/a
226.333984375	0.3	1.0	2	463532	n/a
226.34228515625	0.3	0.0	1	463549	n/a
226.3505859375	0.3	0.0	1	463566	n/a
226.35888671875	0.3	1.0	2	463583	n/a
226.3671875	0.3	1.0	2	463600	n/a
226.37548828125	0.3	0.0	1	463617	n/a
226.3837890625	0.3	0.0	1	463634	n/a
226.39208984375	0.3	1.0	2	463651	n/a
226.400390625	0.3	0.0	1	463668	n/a
226.4091796875	0.3	1.0	2	463686	n/a
226.41748046875	0.3	0.0	1	463703	n/a
226.42578125	0.3	1.0	2	463720	n/a
226.43408203125	0.3	0.0	1	463737	n/a
226.4423828125	0.3	1.0	2	463754	n/a
226.45068359375	0.3	0.0	1	463771	n/a
226.458984375	0.3	1.0	2	463788	n/a
226.46728515625	0.3	0.0	1	463805	n/a
226.4755859375	0.3	1.0	2	463822	n/a
226.48388671875	0.3	0.0	1	463839	n/a
226.4921875	0.3	1.0	2	463856	n/a
226.50048828125	0.3	0.0	1	463873	n/a
226.5087890625	0.3	1.0	2	463890	n/a
226.51708984375	0.3	1.0	2	463907	n/a
226.525390625	0.3	0.0	1	463924	n/a
226.5341796875	0.3	1.0	2	463942	n/a
226.54248046875	0.3	0.0	1	463959	n/a
226.55078125	0.3	0.0	1	463976	n/a
226.55908203125	0.3	1.0	2	463993	n/a
226.5673828125	0.3	0.0	1	464010	n/a
226.57568359375	0.3	1.0	2	464027	n/a
226.583984375	0.3	0.0	1	464044	n/a
226.59228515625	0.3	1.0	2	464061	n/a
226.6005859375	0.3	1.0	2	464078	n/a
226.60888671875	0.3	0.0	1	464095	n/a
226.6171875	0.3	1.0	2	464112	n/a
226.62548828125	0.3	0.0	1	464129	n/a
226.6337890625	0.3	1.0	2	464146	n/a
226.64208984375	0.3	0.0	1	464163	n/a
226.650390625	0.3	0.0	1	464180	n/a
226.6591796875	0.3	1.0	2	464198	n/a
226.66748046875	0.3	0.0	1	464215	n/a
226.67578125	0.3	1.0	2	464232	n/a
226.68408203125	0.3	0.0	1	464249	n/a
226.6923828125	0.3	1.0	2	464266	n/a
226.70068359375	0.3	0.0	1	464283	n/a
226.708984375	0.3	1.0	2	464300	n/a
226.71728515625	0.3	1.0	2	464317	n/a
226.7255859375	0.3	0.0	1	464334	n/a
226.73388671875	0.3	1.0	2	464351	n/a
226.7421875	0.3	0.0	1	464368	n/a
226.75048828125	0.3	0.0	1	464385	n/a
226.7587890625	0.3	1.0	2	464402	n/a
226.76708984375	0.3	1.0	2	464419	n/a
226.775390625	0.3	0.0	1	464436	n/a
226.7841796875	0.3	0.0	1	464454	n/a
226.79248046875	0.3	1.0	2	464471	n/a
226.80078125	0.3	0.0	1	464488	n/a
226.80908203125	0.3	1.0	2	464505	n/a
226.8173828125	0.3	1.0	2	464522	n/a
226.82568359375	0.3	0.0	1	464539	n/a
226.833984375	0.3	1.0	2	464556	n/a
226.84228515625	0.3	0.0	1	464573	n/a
226.8505859375	0.3	1.0	2	464590	n/a
226.85888671875	0.3	0.0	1	464607	n/a
226.8671875	0.3	0.0	1	464624	n/a
226.87548828125	0.3	1.0	2	464641	n/a
226.8837890625	0.3	0.0	1	464658	n/a
226.89208984375	0.3	1.0	2	464675	n/a
226.900390625	0.3	1.0	2	464692	n/a
226.9091796875	0.3	0.0	1	464710	n/a
226.91748046875	0.3	1.0	2	464727	n/a
226.92578125	0.3	0.0	1	464744	n/a
226.93408203125	0.3	1.0	2	464761	n/a
226.9423828125	0.3	0.0	1	464778	n/a
226.95068359375	0.3	0.0	1	464795	n/a
226.958984375	0.3	1.0	2	464812	n/a
226.96728515625	0.3	0.0	1	464829	n/a
226.9755859375	0.3	1.0	2	464846	n/a
226.98388671875	0.3	0.0	1	464863	n/a
226.9921875	0.3	1.0	2	464880	n/a
227.00048828125	0.3	1.0	2	464897	n/a
227.0087890625	0.3	0.0	1	464914	n/a
227.01708984375	0.3	0.0	1	464931	n/a
227.025390625	0.3	1.0	2	464948	n/a
227.0341796875	0.3	0.0	1	464966	n/a
227.04248046875	0.3	1.0	2	464983	n/a
227.05078125	0.3	1.0	2	465000	n/a
227.05908203125	0.3	0.0	1	465017	n/a
227.0673828125	0.3	1.0	2	465034	n/a
227.07568359375	0.3	0.0	1	465051	n/a
227.083984375	0.3	0.0	1	465068	n/a
227.09228515625	0.3	1.0	2	465085	n/a
227.1005859375	0.3	1.0	2	465102	n/a
227.10888671875	0.3	0.0	1	465119	n/a
227.1171875	0.3	0.0	1	465136	n/a
227.12548828125	0.3	1.0	2	465153	n/a
227.1337890625	0.3	1.0	2	465170	n/a
227.14208984375	0.3	0.0	1	465187	n/a
227.150390625	0.3	1.0	2	465204	n/a
227.1591796875	0.3	0.0	1	465222	n/a
227.16748046875	0.3	0.0	1	465239	n/a
227.17578125	0.3	1.0	2	465256	n/a
227.18408203125	0.3	0.0	1	465273	n/a
227.1923828125	0.3	1.0	2	465290	n/a
227.20068359375	0.3	0.0	1	465307	n/a
227.208984375	0.3	1.0	2	465324	n/a
227.21728515625	0.3	0.0	1	465341	n/a
227.2255859375	0.3	1.0	2	465358	n/a
227.23388671875	0.3	0.0	1	465375	n/a
227.2421875	0.3	1.0	2	465392	n/a
227.25048828125	0.3	0.0	1	465409	n/a
227.2587890625	0.3	1.0	2	465426	n/a
227.26708984375	0.3	0.0	1	465443	n/a
227.275390625	0.3	1.0	2	465460	n/a
227.2841796875	0.3	0.0	1	465478	n/a
227.29248046875	0.3	1.0	2	465495	n/a
227.30078125	0.3	0.0	1	465512	n/a
227.30908203125	0.3	1.0	2	465529	n/a
227.3173828125	0.3	0.0	1	465546	n/a
227.32568359375	0.3	1.0	2	465563	n/a
227.333984375	0.3	0.0	1	465580	n/a
227.34228515625	0.3	1.0	2	465597	n/a
227.3505859375	0.3	0.0	1	465614	n/a
227.35888671875	0.3	1.0	2	465631	n/a
227.3671875	0.3	1.0	2	465648	n/a
227.37548828125	0.3	0.0	1	465665	n/a
227.3837890625	0.3	1.0	2	465682	n/a
227.39208984375	0.3	0.0	1	465699	n/a
227.400390625	0.3	0.0	1	465716	n/a
227.4091796875	0.3	1.0	2	465734	n/a
229.79248046875	0.3	1.0	2	470615	27.0
229.80078125	0.3	0.0	1	470632	n/a
229.80908203125	0.3	1.0	2	470649	n/a
229.8173828125	0.3	0.0	1	470666	n/a
229.82568359375	0.3	1.0	2	470683	n/a
229.833984375	0.3	0.0	1	470700	n/a
229.84228515625	0.3	0.0	1	470717	n/a
229.8505859375	0.3	1.0	2	470734	n/a
229.859375	0.3	1.0	2	470752	n/a
229.86767578125	0.3	0.0	1	470769	n/a
229.8759765625	0.3	1.0	2	470786	n/a
229.88427734375	0.3	0.0	1	470803	n/a
229.892578125	0.3	0.0	1	470820	n/a
229.90087890625	0.3	1.0	2	470837	n/a
229.9091796875	0.3	0.0	1	470854	n/a
229.91748046875	0.3	1.0	2	470871	n/a
229.92578125	0.3	0.0	1	470888	n/a
229.93408203125	0.3	1.0	2	470905	n/a
229.9423828125	0.3	0.0	1	470922	n/a
229.95068359375	0.3	1.0	2	470939	n/a
229.958984375	0.3	1.0	2	470956	n/a
229.96728515625	0.3	0.0	1	470973	n/a
229.9755859375	0.3	0.0	1	470990	n/a
229.984375	0.3	1.0	2	471008	n/a
229.99267578125	0.3	1.0	2	471025	n/a
230.0009765625	0.3	0.0	1	471042	n/a
230.00927734375	0.3	0.0	1	471059	n/a
230.017578125	0.3	1.0	2	471076	n/a
230.02587890625	0.3	1.0	2	471093	n/a
230.0341796875	0.3	0.0	1	471110	n/a
230.04248046875	0.3	1.0	2	471127	n/a
230.05078125	0.3	0.0	1	471144	n/a
230.05908203125	0.3	1.0	2	471161	n/a
230.0673828125	0.3	0.0	1	471178	n/a
230.07568359375	0.3	1.0	2	471195	n/a
230.083984375	0.3	0.0	1	471212	n/a
230.09228515625	0.3	1.0	2	471229	n/a
230.1005859375	0.3	0.0	1	471246	n/a
230.109375	0.3	1.0	2	471264	n/a
230.11767578125	0.3	0.0	1	471281	n/a
230.1259765625	0.3	0.0	1	471298	n/a
230.13427734375	0.3	1.0	2	471315	n/a
230.142578125	0.3	1.0	2	471332	n/a
230.15087890625	0.3	0.0	1	471349	n/a
230.1591796875	0.3	1.0	2	471366	n/a
230.16748046875	0.3	0.0	1	471383	n/a
230.17578125	0.3	0.0	1	471400	n/a
230.18408203125	0.3	1.0	2	471417	n/a
230.1923828125	0.3	1.0	2	471434	n/a
230.20068359375	0.3	0.0	1	471451	n/a
230.208984375	0.3	1.0	2	471468	n/a
230.21728515625	0.3	0.0	1	471485	n/a
230.2255859375	0.3	0.0	1	471502	n/a
230.234375	0.3	1.0	2	471520	n/a
230.24267578125	0.3	0.0	1	471537	n/a
230.2509765625	0.3	1.0	2	471554	n/a
230.25927734375	0.3	0.0	1	471571	n/a
230.267578125	0.3	1.0	2	471588	n/a
230.27587890625	0.3	0.0	1	471605	n/a
230.2841796875	0.3	1.0	2	471622	n/a
230.29248046875	0.3	1.0	2	471639	n/a
230.30078125	0.3	0.0	1	471656	n/a
230.30908203125	0.3	1.0	2	471673	n/a
230.3173828125	0.3	0.0	1	471690	n/a
230.32568359375	0.3	0.0	1	471707	n/a
230.333984375	0.3	1.0	2	471724	n/a
230.34228515625	0.3	1.0	2	471741	n/a
230.3505859375	0.3	0.0	1	471758	n/a
230.359375	0.3	1.0	2	471776	n/a
230.36767578125	0.3	0.0	1	471793	n/a
230.3759765625	0.3	1.0	2	471810	n/a
230.38427734375	0.3	0.0	1	471827	n/a
230.392578125	0.3	0.0	1	471844	n/a
230.40087890625	0.3	1.0	2	471861	n/a
230.4091796875	0.3	1.0	2	471878	n/a
230.41748046875	0.3	0.0	1	471895	n/a
230.42578125	0.3	1.0	2	471912	n/a
230.43408203125	0.3	0.0	1	471929	n/a
230.4423828125	0.3	1.0	2	471946	n/a
230.45068359375	0.3	0.0	1	471963	n/a
230.458984375	0.3	0.0	1	471980	n/a
230.46728515625	0.3	1.0	2	471997	n/a
230.4755859375	0.3	1.0	2	472014	n/a
230.484375	0.3	0.0	1	472032	n/a
230.49267578125	0.3	1.0	2	472049	n/a
230.5009765625	0.3	0.0	1	472066	n/a
230.50927734375	0.3	1.0	2	472083	n/a
230.517578125	0.3	0.0	1	472100	n/a
230.52587890625	0.3	0.0	1	472117	n/a
230.5341796875	0.3	1.0	2	472134	n/a
230.54248046875	0.3	0.0	1	472151	n/a
230.55078125	0.3	1.0	2	472168	n/a
230.55908203125	0.3	1.0	2	472185	n/a
230.5673828125	0.3	0.0	1	472202	n/a
230.57568359375	0.3	0.0	1	472219	n/a
230.583984375	0.3	1.0	2	472236	n/a
230.59228515625	0.3	1.0	2	472253	n/a
230.6005859375	0.3	0.0	1	472270	n/a
230.609375	0.3	1.0	2	472288	n/a
230.61767578125	0.3	0.0	1	472305	n/a
230.6259765625	0.3	1.0	2	472322	n/a
230.63427734375	0.3	0.0	1	472339	n/a
230.642578125	0.3	0.0	1	472356	n/a
230.65087890625	0.3	1.0	2	472373	n/a
230.6591796875	0.3	1.0	2	472390	n/a
230.66748046875	0.3	0.0	1	472407	n/a
230.67578125	0.3	1.0	2	472424	n/a
230.68408203125	0.3	0.0	1	472441	n/a
230.6923828125	0.3	1.0	2	472458	n/a
230.70068359375	0.3	0.0	1	472475	n/a
230.708984375	0.3	0.0	1	472492	n/a
230.71728515625	0.3	1.0	2	472509	n/a
230.7255859375	0.3	1.0	2	472526	n/a
230.734375	0.3	0.0	1	472544	n/a
230.74267578125	0.3	0.0	1	472561	n/a
230.7509765625	0.3	1.0	2	472578	n/a
230.75927734375	0.3	1.0	2	472595	n/a
230.767578125	0.3	0.0	1	472612	n/a
230.77587890625	0.3	1.0	2	472629	n/a
230.7841796875	0.3	0.0	1	472646	n/a
230.79248046875	0.3	1.0	2	472663	n/a
230.80078125	0.3	0.0	1	472680	n/a
230.80908203125	0.3	0.0	1	472697	n/a
230.8173828125	0.3	1.0	2	472714	n/a
230.82568359375	0.3	0.0	1	472731	n/a
230.833984375	0.3	1.0	2	472748	n/a
230.84228515625	0.3	1.0	2	472765	n/a
230.8505859375	0.3	0.0	1	472782	n/a
230.859375	0.3	1.0	2	472800	n/a
230.86767578125	0.3	0.0	1	472817	n/a
230.8759765625	0.3	1.0	2	472834	n/a
230.88427734375	0.3	0.0	1	472851	n/a
230.892578125	0.3	0.0	1	472868	n/a
230.90087890625	0.3	1.0	2	472885	n/a
230.9091796875	0.3	1.0	2	472902	n/a
230.91748046875	0.3	0.0	1	472919	n/a
230.92578125	0.3	1.0	2	472936	n/a
230.93408203125	0.3	0.0	1	472953	n/a
230.9423828125	0.3	0.0	1	472970	n/a
230.95068359375	0.3	1.0	2	472987	n/a
230.958984375	0.3	0.0	1	473004	n/a
230.96728515625	0.3	1.0	2	473021	n/a
230.9755859375	0.3	0.0	1	473038	n/a
230.984375	0.3	1.0	2	473056	n/a
230.99267578125	0.3	0.0	1	473073	n/a
231.0009765625	0.3	1.0	2	473090	n/a
231.00927734375	0.3	1.0	2	473107	n/a
231.017578125	0.3	0.0	1	473124	n/a
231.02587890625	0.3	0.0	1	473141	n/a
231.0341796875	0.3	1.0	2	473158	n/a
231.04248046875	0.3	1.0	2	473175	n/a
231.05078125	0.3	0.0	1	473192	n/a
231.05908203125	0.3	0.0	1	473209	n/a
231.0673828125	0.3	1.0	2	473226	n/a
231.07568359375	0.3	1.0	2	473243	n/a
231.083984375	0.3	0.0	1	473260	n/a
231.09228515625	0.3	1.0	2	473277	n/a
231.1005859375	0.3	0.0	1	473294	n/a
231.109375	0.3	1.0	2	473312	n/a
231.11767578125	0.3	0.0	1	473329	n/a
231.1259765625	0.3	1.0	2	473346	n/a
231.13427734375	0.3	0.0	1	473363	n/a
231.142578125	0.3	1.0	2	473380	n/a
231.15087890625	0.3	0.0	1	473397	n/a
231.1591796875	0.3	1.0	2	473414	n/a
231.16748046875	0.3	0.0	1	473431	n/a
231.17578125	0.3	0.0	1	473448	n/a
231.18408203125	0.3	1.0	2	473465	n/a
231.1923828125	0.3	1.0	2	473482	n/a
231.20068359375	0.3	0.0	1	473499	n/a
231.208984375	0.3	1.0	2	473516	n/a
231.21728515625	0.3	0.0	1	473533	n/a
231.2255859375	0.3	0.0	1	473550	n/a
231.234375	0.3	1.0	2	473568	n/a
231.24267578125	0.3	1.0	2	473585	n/a
231.2509765625	0.3	0.0	1	473602	n/a
231.25927734375	0.3	1.0	2	473619	n/a
231.267578125	0.3	0.0	1	473636	n/a
231.27587890625	0.3	0.0	1	473653	n/a
231.2841796875	0.3	1.0	2	473670	n/a
231.29248046875	0.3	0.0	1	473687	n/a
231.30078125	0.3	1.0	2	473704	n/a
231.30908203125	0.3	0.0	1	473721	n/a
231.3173828125	0.3	1.0	2	473738	n/a
231.32568359375	0.3	0.0	1	473755	n/a
231.333984375	0.3	1.0	2	473772	n/a
231.34228515625	0.3	1.0	2	473789	n/a
231.3505859375	0.3	0.0	1	473806	n/a
231.359375	0.3	1.0	2	473824	n/a
231.36767578125	0.3	0.0	1	473841	n/a
231.3759765625	0.3	0.0	1	473858	n/a
231.38427734375	0.3	1.0	2	473875	n/a
231.392578125	0.3	1.0	2	473892	n/a
231.40087890625	0.3	0.0	1	473909	n/a
231.4091796875	0.3	1.0	2	473926	n/a
231.41748046875	0.3	0.0	1	473943	n/a
231.42578125	0.3	1.0	2	473960	n/a
231.43408203125	0.3	0.0	1	473977	n/a
231.4423828125	0.3	0.0	1	473994	n/a
231.45068359375	0.3	1.0	2	474011	n/a
231.458984375	0.3	1.0	2	474028	n/a
231.46728515625	0.3	0.0	1	474045	n/a
231.4755859375	0.3	1.0	2	474062	n/a
231.484375	0.3	0.0	1	474080	n/a
231.49267578125	0.3	1.0	2	474097	n/a
231.5009765625	0.3	0.0	1	474114	n/a
231.50927734375	0.3	0.0	1	474131	n/a
231.517578125	0.3	1.0	2	474148	n/a
231.52587890625	0.3	1.0	2	474165	n/a
231.5341796875	0.3	0.0	1	474182	n/a
231.54248046875	0.3	1.0	2	474199	n/a
231.55078125	0.3	0.0	1	474216	n/a
231.55908203125	0.3	1.0	2	474233	n/a
231.5673828125	0.3	0.0	1	474250	n/a
231.57568359375	0.3	0.0	1	474267	n/a
231.583984375	0.3	1.0	2	474284	n/a
231.59228515625	0.3	0.0	1	474301	n/a
231.6005859375	0.3	1.0	2	474318	n/a
231.609375	0.3	1.0	2	474336	n/a
231.61767578125	0.3	0.0	1	474353	n/a
231.6259765625	0.3	0.0	1	474370	n/a
231.63427734375	0.3	1.0	2	474387	n/a
231.642578125	0.3	1.0	2	474404	n/a
231.65087890625	0.3	0.0	1	474421	n/a
231.6591796875	0.3	1.0	2	474438	n/a
231.66748046875	0.3	0.0	1	474455	n/a
231.67578125	0.3	1.0	2	474472	n/a
231.68408203125	0.3	0.0	1	474489	n/a
231.6923828125	0.3	0.0	1	474506	n/a
231.70068359375	0.3	1.0	2	474523	n/a
231.708984375	0.3	1.0	2	474540	n/a
231.71728515625	0.3	0.0	1	474557	n/a
231.7255859375	0.3	1.0	2	474574	n/a
231.734375	0.3	0.0	1	474592	n/a
231.74267578125	0.3	1.0	2	474609	n/a
231.7509765625	0.3	0.0	1	474626	n/a
231.75927734375	0.3	0.0	1	474643	n/a
231.767578125	0.3	1.0	2	474660	n/a
231.77587890625	0.3	1.0	2	474677	n/a
231.7841796875	0.3	0.0	1	474694	n/a
231.79248046875	0.3	0.0	1	474711	n/a
231.80078125	0.3	1.0	2	474728	n/a
231.80908203125	0.3	1.0	2	474745	n/a
231.8173828125	0.3	0.0	1	474762	n/a
231.82568359375	0.3	1.0	2	474779	n/a
231.833984375	0.3	0.0	1	474796	n/a
231.84228515625	0.3	1.0	2	474813	n/a
231.8505859375	0.3	0.0	1	474830	n/a
231.859375	0.3	0.0	1	474848	n/a
231.86767578125	0.3	1.0	2	474865	n/a
231.8759765625	0.3	0.0	1	474882	n/a
231.88427734375	0.3	1.0	2	474899	n/a
231.892578125	0.3	1.0	2	474916	n/a
231.90087890625	0.3	0.0	1	474933	n/a
231.9091796875	0.3	1.0	2	474950	n/a
231.91748046875	0.3	0.0	1	474967	n/a
231.92578125	0.3	1.0	2	474984	n/a
231.93408203125	0.3	0.0	1	475001	n/a
231.9423828125	0.3	0.0	1	475018	n/a
231.95068359375	0.3	1.0	2	475035	n/a
231.958984375	0.3	1.0	2	475052	n/a
231.96728515625	0.3	0.0	1	475069	n/a
231.9755859375	0.3	1.0	2	475086	n/a
231.984375	0.3	0.0	1	475104	n/a
231.99267578125	0.3	0.0	1	475121	n/a
232.0009765625	0.3	1.0	2	475138	n/a
232.00927734375	0.3	0.0	1	475155	n/a
232.017578125	0.3	1.0	2	475172	n/a
232.02587890625	0.3	0.0	1	475189	n/a
232.0341796875	0.3	1.0	2	475206	n/a
232.04248046875	0.3	0.0	1	475223	n/a
232.05078125	0.3	1.0	2	475240	n/a
232.05908203125	0.3	1.0	2	475257	n/a
232.0673828125	0.3	0.0	1	475274	n/a
232.07568359375	0.3	0.0	1	475291	n/a
232.083984375	0.3	1.0	2	475308	n/a
232.09228515625	0.3	1.0	2	475325	n/a
232.1005859375	0.3	0.0	1	475342	n/a
232.109375	0.3	0.0	1	475360	n/a
232.11767578125	0.3	1.0	2	475377	n/a
232.1259765625	0.3	1.0	2	475394	n/a
232.13427734375	0.3	0.0	1	475411	n/a
232.142578125	0.3	1.0	2	475428	n/a
232.15087890625	0.3	0.0	1	475445	n/a
232.1591796875	0.3	1.0	2	475462	n/a
232.16748046875	0.3	0.0	1	475479	n/a
232.17578125	0.3	1.0	2	475496	n/a
232.18408203125	0.3	0.0	1	475513	n/a
232.1923828125	0.3	1.0	2	475530	n/a
232.20068359375	0.3	0.0	1	475547	n/a
232.208984375	0.3	1.0	2	475564	n/a
232.21728515625	0.3	0.0	1	475581	n/a
232.2255859375	0.3	0.0	1	475598	n/a
232.234375	0.3	1.0	2	475616	n/a
232.24267578125	0.3	1.0	2	475633	n/a
232.2509765625	0.3	0.0	1	475650	n/a
232.25927734375	0.3	1.0	2	475667	n/a
232.267578125	0.3	0.0	1	475684	n/a
232.27587890625	0.3	0.0	1	475701	n/a
232.2841796875	0.3	1.0	2	475718	n/a
232.29248046875	0.3	1.0	2	475735	n/a
232.30078125	0.3	0.0	1	475752	n/a
232.30908203125	0.3	1.0	2	475769	n/a
232.3173828125	0.3	0.0	1	475786	n/a
232.32568359375	0.3	0.0	1	475803	n/a
232.333984375	0.3	1.0	2	475820	n/a
232.34228515625	0.3	0.0	1	475837	n/a
232.3505859375	0.3	1.0	2	475854	n/a
232.359375	0.3	0.0	1	475872	n/a
232.36767578125	0.3	1.0	2	475889	n/a
232.3759765625	0.3	0.0	1	475906	n/a
232.38427734375	0.3	1.0	2	475923	n/a
232.392578125	0.3	1.0	2	475940	n/a
232.40087890625	0.3	0.0	1	475957	n/a
232.4091796875	0.3	1.0	2	475974	n/a
232.41748046875	0.3	0.0	1	475991	n/a
232.42578125	0.3	0.0	1	476008	n/a
232.43408203125	0.3	1.0	2	476025	n/a
232.4423828125	0.3	1.0	2	476042	n/a
232.45068359375	0.3	0.0	1	476059	n/a
232.458984375	0.3	1.0	2	476076	n/a
232.46728515625	0.3	0.0	1	476093	n/a
232.4755859375	0.3	1.0	2	476110	n/a
232.484375	0.3	0.0	1	476128	n/a
232.49267578125	0.3	0.0	1	476145	n/a
232.5009765625	0.3	1.0	2	476162	n/a
232.50927734375	0.3	1.0	2	476179	n/a
232.517578125	0.3	0.0	1	476196	n/a
232.52587890625	0.3	1.0	2	476213	n/a
232.5341796875	0.3	0.0	1	476230	n/a
232.54248046875	0.3	1.0	2	476247	n/a
232.55078125	0.3	0.0	1	476264	n/a
232.55908203125	0.3	0.0	1	476281	n/a
232.5673828125	0.3	1.0	2	476298	n/a
232.57568359375	0.3	1.0	2	476315	n/a
232.583984375	0.3	0.0	1	476332	n/a
232.59228515625	0.3	1.0	2	476349	n/a
232.6005859375	0.3	0.0	1	476366	n/a
232.609375	0.3	1.0	2	476384	n/a
232.61767578125	0.3	0.0	1	476401	n/a
232.6259765625	0.3	0.0	1	476418	n/a
232.63427734375	0.3	1.0	2	476435	n/a
232.642578125	0.3	0.0	1	476452	n/a
232.65087890625	0.3	1.0	2	476469	n/a
232.6591796875	0.3	1.0	2	476486	n/a
232.66748046875	0.3	0.0	1	476503	n/a
232.67578125	0.3	0.0	1	476520	n/a
232.68408203125	0.3	1.0	2	476537	n/a
232.6923828125	0.3	1.0	2	476554	n/a
232.70068359375	0.3	0.0	1	476571	n/a
232.708984375	0.3	1.0	2	476588	n/a
232.71728515625	0.3	0.0	1	476605	n/a
232.7255859375	0.3	1.0	2	476622	n/a
232.734375	0.3	0.0	1	476640	n/a
232.74267578125	0.3	0.0	1	476657	n/a
232.7509765625	0.3	1.0	2	476674	n/a
232.75927734375	0.3	1.0	2	476691	n/a
232.767578125	0.3	0.0	1	476708	n/a
232.77587890625	0.3	1.0	2	476725	n/a
232.7841796875	0.3	0.0	1	476742	n/a
232.79248046875	0.3	1.0	2	476759	n/a
232.80078125	0.3	0.0	1	476776	n/a
232.80908203125	0.3	0.0	1	476793	n/a
232.8173828125	0.3	1.0	2	476810	n/a
232.82568359375	0.3	1.0	2	476827	n/a
232.833984375	0.3	0.0	1	476844	n/a
232.84228515625	0.3	0.0	1	476861	n/a
232.8505859375	0.3	1.0	2	476878	n/a
232.859375	0.3	1.0	2	476896	n/a
232.86767578125	0.3	0.0	1	476913	n/a
232.8759765625	0.3	1.0	2	476930	n/a
232.88427734375	0.3	0.0	1	476947	n/a
232.892578125	0.3	1.0	2	476964	n/a
232.90087890625	0.3	0.0	1	476981	n/a
232.9091796875	0.3	0.0	1	476998	n/a
232.91748046875	0.3	1.0	2	477015	n/a
232.92578125	0.3	0.0	1	477032	n/a
232.93408203125	0.3	1.0	2	477049	n/a
232.9423828125	0.3	1.0	2	477066	n/a
232.95068359375	0.3	0.0	1	477083	n/a
232.958984375	0.3	1.0	2	477100	n/a
232.96728515625	0.3	0.0	1	477117	n/a
232.9755859375	0.3	1.0	2	477134	n/a
232.984375	0.3	0.0	1	477152	n/a
232.99267578125	0.3	0.0	1	477169	n/a
233.0009765625	0.3	1.0	2	477186	n/a
233.00927734375	0.3	1.0	2	477203	n/a
233.017578125	0.3	0.0	1	477220	n/a
233.02587890625	0.3	1.0	2	477237	n/a
233.0341796875	0.3	0.0	1	477254	n/a
233.04248046875	0.3	0.0	1	477271	n/a
233.05078125	0.3	1.0	2	477288	n/a
233.05908203125	0.3	0.0	1	477305	n/a
233.0673828125	0.3	1.0	2	477322	n/a
233.07568359375	0.3	0.0	1	477339	n/a
233.083984375	0.3	1.0	2	477356	n/a
233.09228515625	0.3	0.0	1	477373	n/a
233.1005859375	0.3	1.0	2	477390	n/a
233.109375	0.3	1.0	2	477408	n/a
233.11767578125	0.3	0.0	1	477425	n/a
233.1259765625	0.3	0.0	1	477442	n/a
233.13427734375	0.3	1.0	2	477459	n/a
233.142578125	0.3	1.0	2	477476	n/a
233.15087890625	0.3	0.0	1	477493	n/a
233.1591796875	0.3	0.0	1	477510	n/a
233.16748046875	0.3	1.0	2	477527	n/a
233.17578125	0.3	1.0	2	477544	n/a
233.18408203125	0.3	0.0	1	477561	n/a
233.1923828125	0.3	1.0	2	477578	n/a
233.20068359375	0.3	0.0	1	477595	n/a
233.208984375	0.3	1.0	2	477612	n/a
233.21728515625	0.3	0.0	1	477629	n/a
233.2255859375	0.3	1.0	2	477646	n/a
233.234375	0.3	0.0	1	477664	n/a
233.24267578125	0.3	1.0	2	477681	n/a
233.2509765625	0.3	0.0	1	477698	n/a
233.25927734375	0.3	1.0	2	477715	n/a
233.267578125	0.3	0.0	1	477732	n/a
233.27587890625	0.3	0.0	1	477749	n/a
233.2841796875	0.3	1.0	2	477766	n/a
233.29248046875	0.3	1.0	2	477783	n/a
233.30078125	0.3	0.0	1	477800	n/a
233.30908203125	0.3	1.0	2	477817	n/a
233.3173828125	0.3	0.0	1	477834	n/a
233.32568359375	0.3	0.0	1	477851	n/a
233.333984375	0.3	1.0	2	477868	n/a
233.34228515625	0.3	1.0	2	477885	n/a
233.3505859375	0.3	0.0	1	477902	n/a
233.359375	0.3	1.0	2	477920	n/a
233.36767578125	0.3	0.0	1	477937	n/a
233.3759765625	0.3	0.0	1	477954	n/a
233.38427734375	0.3	1.0	2	477971	n/a
233.392578125	0.3	0.0	1	477988	n/a
233.40087890625	0.3	1.0	2	478005	n/a
233.4091796875	0.3	0.0	1	478022	n/a
233.41748046875	0.3	1.0	2	478039	n/a
233.42578125	0.3	0.0	1	478056	n/a
233.43408203125	0.3	1.0	2	478073	n/a
233.4423828125	0.3	1.0	2	478090	n/a
233.45068359375	0.3	0.0	1	478107	n/a
233.458984375	0.3	1.0	2	478124	n/a
233.46728515625	0.3	0.0	1	478141	n/a
233.4755859375	0.3	0.0	1	478158	n/a
233.484375	0.3	1.0	2	478176	n/a
233.49267578125	0.3	1.0	2	478193	n/a
233.5009765625	0.3	0.0	1	478210	n/a
233.50927734375	0.3	1.0	2	478227	n/a
233.517578125	0.3	0.0	1	478244	n/a
233.52587890625	0.3	1.0	2	478261	n/a
233.5341796875	0.3	0.0	1	478278	n/a
233.54248046875	0.3	0.0	1	478295	n/a
233.55078125	0.3	1.0	2	478312	n/a
233.55908203125	0.3	1.0	2	478329	n/a
233.5673828125	0.3	0.0	1	478346	n/a
233.57568359375	0.3	1.0	2	478363	n/a
233.583984375	0.3	0.0	1	478380	n/a
233.59228515625	0.3	1.0	2	478397	n/a
233.6005859375	0.3	0.0	1	478414	n/a
233.609375	0.3	0.0	1	478432	n/a
233.61767578125	0.3	1.0	2	478449	n/a
233.6259765625	0.3	1.0	2	478466	n/a
233.63427734375	0.3	0.0	1	478483	n/a
233.642578125	0.3	1.0	2	478500	n/a
233.65087890625	0.3	0.0	1	478517	n/a
233.6591796875	0.3	1.0	2	478534	n/a
233.66748046875	0.3	0.0	1	478551	n/a
233.67578125	0.3	0.0	1	478568	n/a
233.68408203125	0.3	1.0	2	478585	n/a
233.6923828125	0.3	0.0	1	478602	n/a
233.70068359375	0.3	1.0	2	478619	n/a
233.708984375	0.3	1.0	2	478636	n/a
233.71728515625	0.3	0.0	1	478653	n/a
233.7255859375	0.3	0.0	1	478670	n/a
233.734375	0.3	1.0	2	478688	n/a
233.74267578125	0.3	1.0	2	478705	n/a
233.7509765625	0.3	0.0	1	478722	n/a
233.75927734375	0.3	1.0	2	478739	n/a
233.767578125	0.3	0.0	1	478756	n/a
233.77587890625	0.3	1.0	2	478773	n/a
233.7841796875	0.3	0.0	1	478790	n/a
233.79248046875	0.3	0.0	1	478807	n/a
233.80078125	0.3	1.0	2	478824	n/a
233.80908203125	0.3	1.0	2	478841	n/a
233.8173828125	0.3	0.0	1	478858	n/a
233.82568359375	0.3	1.0	2	478875	n/a
233.833984375	0.3	0.0	1	478892	n/a
233.84228515625	0.3	1.0	2	478909	n/a
233.8505859375	0.3	0.0	1	478926	n/a
233.859375	0.3	0.0	1	478944	n/a
233.86767578125	0.3	1.0	2	478961	n/a
233.8759765625	0.3	1.0	2	478978	n/a
233.88427734375	0.3	0.0	1	478995	n/a
233.892578125	0.3	0.0	1	479012	n/a
233.90087890625	0.3	1.0	2	479029	n/a
233.9091796875	0.3	1.0	2	479046	n/a
233.91748046875	0.3	0.0	1	479063	n/a
233.92578125	0.3	1.0	2	479080	n/a
233.93408203125	0.3	0.0	1	479097	n/a
233.9423828125	0.3	1.0	2	479114	n/a
233.95068359375	0.3	0.0	1	479131	n/a
233.958984375	0.3	0.0	1	479148	n/a
233.96728515625	0.3	1.0	2	479165	n/a
233.9755859375	0.3	0.0	1	479182	n/a
233.984375	0.3	1.0	2	479200	n/a
236.39306640625	0.3	1.0	2	484133	32.0
236.4013671875	0.3	0.0	1	484150	n/a
236.40966796875	0.3	0.0	1	484167	n/a
236.41796875	0.3	1.0	2	484184	n/a
236.42626953125	0.3	0.0	1	484201	n/a
236.4345703125	0.3	1.0	2	484218	n/a
236.44287109375	0.3	0.0	1	484235	n/a
236.451171875	0.3	1.0	2	484252	n/a
236.4599609375	0.3	1.0	2	484270	n/a
236.46826171875	0.3	0.0	1	484287	n/a
236.4765625	0.3	1.0	2	484304	n/a
236.48486328125	0.3	0.0	1	484321	n/a
236.4931640625	0.3	1.0	2	484338	n/a
236.50146484375	0.3	0.0	1	484355	n/a
236.509765625	0.3	0.0	1	484372	n/a
236.51806640625	0.3	1.0	2	484389	n/a
236.5263671875	0.3	0.0	1	484406	n/a
236.53466796875	0.3	1.0	2	484423	n/a
236.54296875	0.3	1.0	2	484440	n/a
236.55126953125	0.3	0.0	1	484457	n/a
236.5595703125	0.3	1.0	2	484474	n/a
236.56787109375	0.3	0.0	1	484491	n/a
236.576171875	0.3	0.0	1	484508	n/a
236.5849609375	0.3	1.0	2	484526	n/a
236.59326171875	0.3	1.0	2	484543	n/a
236.6015625	0.3	0.0	1	484560	n/a
236.60986328125	0.3	0.0	1	484577	n/a
236.6181640625	0.3	1.0	2	484594	n/a
236.62646484375	0.3	0.0	1	484611	n/a
236.634765625	0.3	1.0	2	484628	n/a
236.64306640625	0.3	0.0	1	484645	n/a
236.6513671875	0.3	1.0	2	484662	n/a
236.65966796875	0.3	0.0	1	484679	n/a
236.66796875	0.3	1.0	2	484696	n/a
236.67626953125	0.3	1.0	2	484713	n/a
236.6845703125	0.3	0.0	1	484730	n/a
236.69287109375	0.3	1.0	2	484747	n/a
236.701171875	0.3	0.0	1	484764	n/a
236.7099609375	0.3	1.0	2	484782	n/a
236.71826171875	0.3	0.0	1	484799	n/a
236.7265625	0.3	0.0	1	484816	n/a
236.73486328125	0.3	1.0	2	484833	n/a
236.7431640625	0.3	1.0	2	484850	n/a
236.75146484375	0.3	0.0	1	484867	n/a
236.759765625	0.3	0.0	1	484884	n/a
236.76806640625	0.3	1.0	2	484901	n/a
236.7763671875	0.3	0.0	1	484918	n/a
236.78466796875	0.3	1.0	2	484935	n/a
236.79296875	0.3	0.0	1	484952	n/a
236.80126953125	0.3	1.0	2	484969	n/a
236.8095703125	0.3	0.0	1	484986	n/a
236.81787109375	0.3	1.0	2	485003	n/a
236.826171875	0.3	1.0	2	485020	n/a
236.8349609375	0.3	0.0	1	485038	n/a
236.84326171875	0.3	1.0	2	485055	n/a
236.8515625	0.3	0.0	1	485072	n/a
236.85986328125	0.3	1.0	2	485089	n/a
236.8681640625	0.3	0.0	1	485106	n/a
236.87646484375	0.3	1.0	2	485123	n/a
236.884765625	0.3	0.0	1	485140	n/a
236.89306640625	0.3	1.0	2	485157	n/a
236.9013671875	0.3	0.0	1	485174	n/a
236.90966796875	0.3	1.0	2	485191	n/a
236.91796875	0.3	0.0	1	485208	n/a
236.92626953125	0.3	1.0	2	485225	n/a
236.9345703125	0.3	0.0	1	485242	n/a
236.94287109375	0.3	1.0	2	485259	n/a
236.951171875	0.3	0.0	1	485276	n/a
236.9599609375	0.3	0.0	1	485294	n/a
236.96826171875	0.3	1.0	2	485311	n/a
236.9765625	0.3	1.0	2	485328	n/a
236.98486328125	0.3	0.0	1	485345	n/a
236.9931640625	0.3	1.0	2	485362	n/a
237.00146484375	0.3	0.0	1	485379	n/a
237.009765625	0.3	1.0	2	485396	n/a
237.01806640625	0.3	0.0	1	485413	n/a
237.0263671875	0.3	1.0	2	485430	n/a
237.03466796875	0.3	0.0	1	485447	n/a
237.04296875	0.3	1.0	2	485464	n/a
237.05126953125	0.3	0.0	1	485481	n/a
237.0595703125	0.3	1.0	2	485498	n/a
237.06787109375	0.3	0.0	1	485515	n/a
237.076171875	0.3	0.0	1	485532	n/a
237.0849609375	0.3	1.0	2	485550	n/a
237.09326171875	0.3	1.0	2	485567	n/a
237.1015625	0.3	0.0	1	485584	n/a
237.10986328125	0.3	1.0	2	485601	n/a
237.1181640625	0.3	0.0	1	485618	n/a
237.12646484375	0.3	1.0	2	485635	n/a
237.134765625	0.3	0.0	1	485652	n/a
237.14306640625	0.3	1.0	2	485669	n/a
237.1513671875	0.3	0.0	1	485686	n/a
237.15966796875	0.3	0.0	1	485703	n/a
237.16796875	0.3	1.0	2	485720	n/a
237.17626953125	0.3	1.0	2	485737	n/a
237.1845703125	0.3	0.0	1	485754	n/a
237.19287109375	0.3	1.0	2	485771	n/a
237.201171875	0.3	0.0	1	485788	n/a
237.2099609375	0.3	0.0	1	485806	n/a
237.21826171875	0.3	1.0	2	485823	n/a
237.2265625	0.3	0.0	1	485840	n/a
237.23486328125	0.3	1.0	2	485857	n/a
237.2431640625	0.3	1.0	2	485874	n/a
237.25146484375	0.3	0.0	1	485891	n/a
237.259765625	0.3	1.0	2	485908	n/a
237.26806640625	0.3	0.0	1	485925	n/a
237.2763671875	0.3	0.0	1	485942	n/a
237.28466796875	0.3	1.0	2	485959	n/a
237.29296875	0.3	1.0	2	485976	n/a
237.30126953125	0.3	0.0	1	485993	n/a
237.3095703125	0.3	1.0	2	486010	n/a
237.31787109375	0.3	0.0	1	486027	n/a
237.326171875	0.3	0.0	1	486044	n/a
237.3349609375	0.3	1.0	2	486062	n/a
237.34326171875	0.3	0.0	1	486079	n/a
237.3515625	0.3	1.0	2	486096	n/a
237.35986328125	0.3	0.0	1	486113	n/a
237.3681640625	0.3	1.0	2	486130	n/a
237.37646484375	0.3	1.0	2	486147	n/a
237.384765625	0.3	0.0	1	486164	n/a
237.39306640625	0.3	1.0	2	486181	n/a
237.4013671875	0.3	0.0	1	486198	n/a
237.40966796875	0.3	1.0	2	486215	n/a
237.41796875	0.3	0.0	1	486232	n/a
237.42626953125	0.3	1.0	2	486249	n/a
237.4345703125	0.3	0.0	1	486266	n/a
237.44287109375	0.3	1.0	2	486283	n/a
237.451171875	0.3	0.0	1	486300	n/a
237.4599609375	0.3	0.0	1	486318	n/a
237.46826171875	0.3	1.0	2	486335	n/a
237.4765625	0.3	0.0	1	486352	n/a
237.48486328125	0.3	1.0	2	486369	n/a
237.4931640625	0.3	0.0	1	486386	n/a
237.50146484375	0.3	1.0	2	486403	n/a
237.509765625	0.3	1.0	2	486420	n/a
237.51806640625	0.3	0.0	1	486437	n/a
237.5263671875	0.3	1.0	2	486454	n/a
237.53466796875	0.3	0.0	1	486471	n/a
237.54296875	0.3	1.0	2	486488	n/a
237.55126953125	0.3	0.0	1	486505	n/a
237.5595703125	0.3	0.0	1	486522	n/a
237.56787109375	0.3	1.0	2	486539	n/a
237.576171875	0.3	0.0	1	486556	n/a
237.5849609375	0.3	1.0	2	486574	n/a
237.59326171875	0.3	1.0	2	486591	n/a
237.6015625	0.3	0.0	1	486608	n/a
237.60986328125	0.3	1.0	2	486625	n/a
237.6181640625	0.3	0.0	1	486642	n/a
237.62646484375	0.3	0.0	1	486659	n/a
237.634765625	0.3	1.0	2	486676	n/a
237.64306640625	0.3	1.0	2	486693	n/a
237.6513671875	0.3	0.0	1	486710	n/a
237.65966796875	0.3	0.0	1	486727	n/a
237.66796875	0.3	1.0	2	486744	n/a
237.67626953125	0.3	0.0	1	486761	n/a
237.6845703125	0.3	1.0	2	486778	n/a
237.69287109375	0.3	0.0	1	486795	n/a
237.701171875	0.3	1.0	2	486812	n/a
237.7099609375	0.3	0.0	1	486830	n/a
237.71826171875	0.3	1.0	2	486847	n/a
237.7265625	0.3	1.0	2	486864	n/a
237.73486328125	0.3	0.0	1	486881	n/a
237.7431640625	0.3	1.0	2	486898	n/a
237.75146484375	0.3	0.0	1	486915	n/a
237.759765625	0.3	1.0	2	486932	n/a
237.76806640625	0.3	0.0	1	486949	n/a
237.7763671875	0.3	0.0	1	486966	n/a
237.78466796875	0.3	1.0	2	486983	n/a
237.79296875	0.3	1.0	2	487000	n/a
237.80126953125	0.3	0.0	1	487017	n/a
237.8095703125	0.3	0.0	1	487034	n/a
237.81787109375	0.3	1.0	2	487051	n/a
237.826171875	0.3	0.0	1	487068	n/a
237.8349609375	0.3	1.0	2	487086	n/a
237.84326171875	0.3	0.0	1	487103	n/a
237.8515625	0.3	1.0	2	487120	n/a
237.85986328125	0.3	0.0	1	487137	n/a
237.8681640625	0.3	1.0	2	487154	n/a
237.87646484375	0.3	1.0	2	487171	n/a
237.884765625	0.3	0.0	1	487188	n/a
237.89306640625	0.3	1.0	2	487205	n/a
237.9013671875	0.3	0.0	1	487222	n/a
237.90966796875	0.3	1.0	2	487239	n/a
237.91796875	0.3	0.0	1	487256	n/a
237.92626953125	0.3	1.0	2	487273	n/a
237.9345703125	0.3	0.0	1	487290	n/a
237.94287109375	0.3	1.0	2	487307	n/a
237.951171875	0.3	0.0	1	487324	n/a
237.9599609375	0.3	1.0	2	487342	n/a
237.96826171875	0.3	0.0	1	487359	n/a
237.9765625	0.3	1.0	2	487376	n/a
237.98486328125	0.3	0.0	1	487393	n/a
237.9931640625	0.3	1.0	2	487410	n/a
238.00146484375	0.3	0.0	1	487427	n/a
238.009765625	0.3	0.0	1	487444	n/a
238.01806640625	0.3	1.0	2	487461	n/a
238.0263671875	0.3	1.0	2	487478	n/a
238.03466796875	0.3	0.0	1	487495	n/a
238.04296875	0.3	1.0	2	487512	n/a
238.05126953125	0.3	0.0	1	487529	n/a
238.0595703125	0.3	1.0	2	487546	n/a
238.06787109375	0.3	0.0	1	487563	n/a
238.076171875	0.3	1.0	2	487580	n/a
238.0849609375	0.3	0.0	1	487598	n/a
238.09326171875	0.3	1.0	2	487615	n/a
238.1015625	0.3	0.0	1	487632	n/a
238.10986328125	0.3	1.0	2	487649	n/a
238.1181640625	0.3	0.0	1	487666	n/a
238.12646484375	0.3	0.0	1	487683	n/a
238.134765625	0.3	1.0	2	487700	n/a
238.14306640625	0.3	1.0	2	487717	n/a
238.1513671875	0.3	0.0	1	487734	n/a
238.15966796875	0.3	1.0	2	487751	n/a
238.16796875	0.3	0.0	1	487768	n/a
238.17626953125	0.3	1.0	2	487785	n/a
238.1845703125	0.3	0.0	1	487802	n/a
238.19287109375	0.3	1.0	2	487819	n/a
238.201171875	0.3	0.0	1	487836	n/a
238.2099609375	0.3	0.0	1	487854	n/a
238.21826171875	0.3	1.0	2	487871	n/a
238.2265625	0.3	1.0	2	487888	n/a
238.23486328125	0.3	0.0	1	487905	n/a
238.2431640625	0.3	1.0	2	487922	n/a
238.25146484375	0.3	0.0	1	487939	n/a
238.259765625	0.3	0.0	1	487956	n/a
238.26806640625	0.3	1.0	2	487973	n/a
238.2763671875	0.3	0.0	1	487990	n/a
238.28466796875	0.3	1.0	2	488007	n/a
238.29296875	0.3	1.0	2	488024	n/a
238.30126953125	0.3	0.0	1	488041	n/a
238.3095703125	0.3	1.0	2	488058	n/a
238.31787109375	0.3	0.0	1	488075	n/a
238.326171875	0.3	0.0	1	488092	n/a
238.3349609375	0.3	1.0	2	488110	n/a
238.34326171875	0.3	1.0	2	488127	n/a
238.3515625	0.3	0.0	1	488144	n/a
238.35986328125	0.3	1.0	2	488161	n/a
238.3681640625	0.3	0.0	1	488178	n/a
238.37646484375	0.3	0.0	1	488195	n/a
238.384765625	0.3	1.0	2	488212	n/a
238.39306640625	0.3	0.0	1	488229	n/a
238.4013671875	0.3	1.0	2	488246	n/a
238.40966796875	0.3	0.0	1	488263	n/a
238.41796875	0.3	1.0	2	488280	n/a
238.42626953125	0.3	1.0	2	488297	n/a
238.4345703125	0.3	0.0	1	488314	n/a
238.44287109375	0.3	1.0	2	488331	n/a
238.451171875	0.3	0.0	1	488348	n/a
238.4599609375	0.3	1.0	2	488366	n/a
238.46826171875	0.3	0.0	1	488383	n/a
238.4765625	0.3	1.0	2	488400	n/a
238.48486328125	0.3	0.0	1	488417	n/a
238.4931640625	0.3	1.0	2	488434	n/a
238.50146484375	0.3	0.0	1	488451	n/a
238.509765625	0.3	0.0	1	488468	n/a
238.51806640625	0.3	1.0	2	488485	n/a
238.5263671875	0.3	0.0	1	488502	n/a
238.53466796875	0.3	1.0	2	488519	n/a
238.54296875	0.3	0.0	1	488536	n/a
238.55126953125	0.3	1.0	2	488553	n/a
238.5595703125	0.3	1.0	2	488570	n/a
238.56787109375	0.3	0.0	1	488587	n/a
238.576171875	0.3	1.0	2	488604	n/a
238.5849609375	0.3	0.0	1	488622	n/a
238.59326171875	0.3	1.0	2	488639	n/a
238.6015625	0.3	0.0	1	488656	n/a
238.60986328125	0.3	0.0	1	488673	n/a
238.6181640625	0.3	1.0	2	488690	n/a
238.62646484375	0.3	0.0	1	488707	n/a
238.634765625	0.3	1.0	2	488724	n/a
238.64306640625	0.3	1.0	2	488741	n/a
238.6513671875	0.3	0.0	1	488758	n/a
238.65966796875	0.3	1.0	2	488775	n/a
238.66796875	0.3	0.0	1	488792	n/a
238.67626953125	0.3	0.0	1	488809	n/a
238.6845703125	0.3	1.0	2	488826	n/a
238.69287109375	0.3	1.0	2	488843	n/a
238.701171875	0.3	0.0	1	488860	n/a
238.7099609375	0.3	0.0	1	488878	n/a
238.71826171875	0.3	1.0	2	488895	n/a
238.7265625	0.3	0.0	1	488912	n/a
238.73486328125	0.3	1.0	2	488929	n/a
238.7431640625	0.3	0.0	1	488946	n/a
238.75146484375	0.3	1.0	2	488963	n/a
238.759765625	0.3	0.0	1	488980	n/a
238.76806640625	0.3	1.0	2	488997	n/a
238.7763671875	0.3	1.0	2	489014	n/a
238.78466796875	0.3	0.0	1	489031	n/a
238.79296875	0.3	1.0	2	489048	n/a
238.80126953125	0.3	0.0	1	489065	n/a
238.8095703125	0.3	1.0	2	489082	n/a
238.81787109375	0.3	0.0	1	489099	n/a
238.826171875	0.3	0.0	1	489116	n/a
238.8349609375	0.3	1.0	2	489134	n/a
238.84326171875	0.3	1.0	2	489151	n/a
238.8515625	0.3	0.0	1	489168	n/a
238.85986328125	0.3	0.0	1	489185	n/a
238.8681640625	0.3	1.0	2	489202	n/a
238.87646484375	0.3	0.0	1	489219	n/a
238.884765625	0.3	1.0	2	489236	n/a
238.89306640625	0.3	0.0	1	489253	n/a
238.9013671875	0.3	1.0	2	489270	n/a
238.90966796875	0.3	0.0	1	489287	n/a
238.91796875	0.3	1.0	2	489304	n/a
238.92626953125	0.3	1.0	2	489321	n/a
238.9345703125	0.3	0.0	1	489338	n/a
238.94287109375	0.3	1.0	2	489355	n/a
238.951171875	0.3	0.0	1	489372	n/a
238.9599609375	0.3	1.0	2	489390	n/a
238.96826171875	0.3	0.0	1	489407	n/a
238.9765625	0.3	1.0	2	489424	n/a
238.98486328125	0.3	0.0	1	489441	n/a
238.9931640625	0.3	1.0	2	489458	n/a
239.00146484375	0.3	0.0	1	489475	n/a
239.009765625	0.3	1.0	2	489492	n/a
239.01806640625	0.3	0.0	1	489509	n/a
239.0263671875	0.3	1.0	2	489526	n/a
239.03466796875	0.3	0.0	1	489543	n/a
239.04296875	0.3	1.0	2	489560	n/a
239.05126953125	0.3	0.0	1	489577	n/a
239.0595703125	0.3	0.0	1	489594	n/a
239.06787109375	0.3	1.0	2	489611	n/a
239.076171875	0.3	1.0	2	489628	n/a
239.0849609375	0.3	0.0	1	489646	n/a
239.09326171875	0.3	1.0	2	489663	n/a
239.1015625	0.3	0.0	1	489680	n/a
239.10986328125	0.3	1.0	2	489697	n/a
239.1181640625	0.3	0.0	1	489714	n/a
239.12646484375	0.3	1.0	2	489731	n/a
239.134765625	0.3	0.0	1	489748	n/a
239.14306640625	0.3	1.0	2	489765	n/a
239.1513671875	0.3	0.0	1	489782	n/a
239.15966796875	0.3	1.0	2	489799	n/a
239.16796875	0.3	0.0	1	489816	n/a
239.17626953125	0.3	0.0	1	489833	n/a
239.1845703125	0.3	1.0	2	489850	n/a
239.19287109375	0.3	1.0	2	489867	n/a
239.201171875	0.3	0.0	1	489884	n/a
239.2099609375	0.3	1.0	2	489902	n/a
239.21826171875	0.3	0.0	1	489919	n/a
239.2265625	0.3	1.0	2	489936	n/a
239.23486328125	0.3	0.0	1	489953	n/a
239.2431640625	0.3	1.0	2	489970	n/a
239.25146484375	0.3	0.0	1	489987	n/a
239.259765625	0.3	0.0	1	490004	n/a
239.26806640625	0.3	1.0	2	490021	n/a
239.2763671875	0.3	1.0	2	490038	n/a
239.28466796875	0.3	0.0	1	490055	n/a
239.29296875	0.3	1.0	2	490072	n/a
239.30126953125	0.3	0.0	1	490089	n/a
239.3095703125	0.3	0.0	1	490106	n/a
239.31787109375	0.3	1.0	2	490123	n/a
239.326171875	0.3	0.0	1	490140	n/a
239.3349609375	0.3	1.0	2	490158	n/a
239.34326171875	0.3	1.0	2	490175	n/a
239.3515625	0.3	0.0	1	490192	n/a
239.35986328125	0.3	1.0	2	490209	n/a
239.3681640625	0.3	0.0	1	490226	n/a
239.37646484375	0.3	0.0	1	490243	n/a
239.384765625	0.3	1.0	2	490260	n/a
239.39306640625	0.3	1.0	2	490277	n/a
239.4013671875	0.3	0.0	1	490294	n/a
239.40966796875	0.3	1.0	2	490311	n/a
239.41796875	0.3	0.0	1	490328	n/a
239.42626953125	0.3	0.0	1	490345	n/a
239.4345703125	0.3	1.0	2	490362	n/a
239.44287109375	0.3	0.0	1	490379	n/a
239.451171875	0.3	1.0	2	490396	n/a
239.4599609375	0.3	0.0	1	490414	n/a
239.46826171875	0.3	1.0	2	490431	n/a
239.4765625	0.3	1.0	2	490448	n/a
239.48486328125	0.3	0.0	1	490465	n/a
239.4931640625	0.3	1.0	2	490482	n/a
239.50146484375	0.3	0.0	1	490499	n/a
239.509765625	0.3	1.0	2	490516	n/a
239.51806640625	0.3	0.0	1	490533	n/a
239.5263671875	0.3	1.0	2	490550	n/a
239.53466796875	0.3	0.0	1	490567	n/a
239.54296875	0.3	1.0	2	490584	n/a
239.55126953125	0.3	0.0	1	490601	n/a
239.5595703125	0.3	0.0	1	490618	n/a
239.56787109375	0.3	1.0	2	490635	n/a
239.576171875	0.3	0.0	1	490652	n/a
239.5849609375	0.3	1.0	2	490670	n/a
239.59326171875	0.3	0.0	1	490687	n/a
239.6015625	0.3	1.0	2	490704	n/a
239.60986328125	0.3	1.0	2	490721	n/a
239.6181640625	0.3	0.0	1	490738	n/a
239.62646484375	0.3	1.0	2	490755	n/a
239.634765625	0.3	0.0	1	490772	n/a
239.64306640625	0.3	1.0	2	490789	n/a
239.6513671875	0.3	0.0	1	490806	n/a
239.65966796875	0.3	0.0	1	490823	n/a
239.66796875	0.3	1.0	2	490840	n/a
239.67626953125	0.3	0.0	1	490857	n/a
239.6845703125	0.3	1.0	2	490874	n/a
239.69287109375	0.3	1.0	2	490891	n/a
239.701171875	0.3	0.0	1	490908	n/a
239.7099609375	0.3	1.0	2	490926	n/a
239.71826171875	0.3	0.0	1	490943	n/a
239.7265625	0.3	0.0	1	490960	n/a
239.73486328125	0.3	1.0	2	490977	n/a
239.7431640625	0.3	1.0	2	490994	n/a
239.75146484375	0.3	0.0	1	491011	n/a
239.759765625	0.3	0.0	1	491028	n/a
239.76806640625	0.3	1.0	2	491045	n/a
239.7763671875	0.3	0.0	1	491062	n/a
239.78466796875	0.3	1.0	2	491079	n/a
239.79296875	0.3	0.0	1	491096	n/a
239.80126953125	0.3	1.0	2	491113	n/a
239.8095703125	0.3	0.0	1	491130	n/a
239.81787109375	0.3	1.0	2	491147	n/a
239.826171875	0.3	1.0	2	491164	n/a
239.8349609375	0.3	0.0	1	491182	n/a
239.84326171875	0.3	1.0	2	491199	n/a
239.8515625	0.3	0.0	1	491216	n/a
239.85986328125	0.3	1.0	2	491233	n/a
239.8681640625	0.3	0.0	1	491250	n/a
239.87646484375	0.3	0.0	1	491267	n/a
239.884765625	0.3	1.0	2	491284	n/a
239.89306640625	0.3	1.0	2	491301	n/a
239.9013671875	0.3	0.0	1	491318	n/a
239.90966796875	0.3	0.0	1	491335	n/a
239.91796875	0.3	1.0	2	491352	n/a
239.92626953125	0.3	0.0	1	491369	n/a
239.9345703125	0.3	1.0	2	491386	n/a
239.94287109375	0.3	0.0	1	491403	n/a
239.951171875	0.3	1.0	2	491420	n/a
239.9599609375	0.3	0.0	1	491438	n/a
239.96826171875	0.3	1.0	2	491455	n/a
239.9765625	0.3	1.0	2	491472	n/a
239.98486328125	0.3	0.0	1	491489	n/a
239.9931640625	0.3	1.0	2	491506	n/a
240.00146484375	0.3	0.0	1	491523	n/a
240.009765625	0.3	1.0	2	491540	n/a
240.01806640625	0.3	0.0	1	491557	n/a
240.0263671875	0.3	1.0	2	491574	n/a
240.03466796875	0.3	0.0	1	491591	n/a
240.04296875	0.3	1.0	2	491608	n/a
240.05126953125	0.3	0.0	1	491625	n/a
240.0595703125	0.3	1.0	2	491642	n/a
240.06787109375	0.3	0.0	1	491659	n/a
240.076171875	0.3	1.0	2	491676	n/a
240.0849609375	0.3	0.0	1	491694	n/a
240.09326171875	0.3	1.0	2	491711	n/a
240.1015625	0.3	0.0	1	491728	n/a
240.10986328125	0.3	0.0	1	491745	n/a
240.1181640625	0.3	1.0	2	491762	n/a
240.12646484375	0.3	1.0	2	491779	n/a
240.134765625	0.3	0.0	1	491796	n/a
240.14306640625	0.3	1.0	2	491813	n/a
240.1513671875	0.3	0.0	1	491830	n/a
240.15966796875	0.3	1.0	2	491847	n/a
240.16796875	0.3	0.0	1	491864	n/a
240.17626953125	0.3	1.0	2	491881	n/a
240.1845703125	0.3	0.0	1	491898	n/a
240.19287109375	0.3	1.0	2	491915	n/a
240.201171875	0.3	0.0	1	491932	n/a
240.2099609375	0.3	1.0	2	491950	n/a
240.21826171875	0.3	0.0	1	491967	n/a
240.2265625	0.3	0.0	1	491984	n/a
240.23486328125	0.3	1.0	2	492001	n/a
240.2431640625	0.3	1.0	2	492018	n/a
240.25146484375	0.3	0.0	1	492035	n/a
240.259765625	0.3	1.0	2	492052	n/a
240.26806640625	0.3	0.0	1	492069	n/a
240.2763671875	0.3	1.0	2	492086	n/a
240.28466796875	0.3	0.0	1	492103	n/a
240.29296875	0.3	1.0	2	492120	n/a
240.30126953125	0.3	0.0	1	492137	n/a
240.3095703125	0.3	0.0	1	492154	n/a
240.31787109375	0.3	1.0	2	492171	n/a
240.326171875	0.3	1.0	2	492188	n/a
240.3349609375	0.3	0.0	1	492206	n/a
240.34326171875	0.3	1.0	2	492223	n/a
240.3515625	0.3	0.0	1	492240	n/a
240.35986328125	0.3	0.0	1	492257	n/a
240.3681640625	0.3	1.0	2	492274	n/a
240.37646484375	0.3	0.0	1	492291	n/a
240.384765625	0.3	1.0	2	492308	n/a
240.39306640625	0.3	1.0	2	492325	n/a
240.4013671875	0.3	0.0	1	492342	n/a
240.40966796875	0.3	1.0	2	492359	n/a
240.41796875	0.3	0.0	1	492376	n/a
240.42626953125	0.3	0.0	1	492393	n/a
240.4345703125	0.3	1.0	2	492410	n/a
240.44287109375	0.3	1.0	2	492427	n/a
240.451171875	0.3	0.0	1	492444	n/a
240.4599609375	0.3	1.0	2	492462	n/a
240.46826171875	0.3	0.0	1	492479	n/a
240.4765625	0.3	0.0	1	492496	n/a
240.48486328125	0.3	1.0	2	492513	n/a
240.4931640625	0.3	0.0	1	492530	n/a
240.50146484375	0.3	1.0	2	492547	n/a
240.509765625	0.3	0.0	1	492564	n/a
240.51806640625	0.3	1.0	2	492581	n/a
240.5263671875	0.3	1.0	2	492598	n/a
240.53466796875	0.3	0.0	1	492615	n/a
240.54296875	0.3	1.0	2	492632	n/a
240.55126953125	0.3	0.0	1	492649	n/a
240.5595703125	0.3	1.0	2	492666	n/a
240.56787109375	0.3	0.0	1	492683	n/a
240.576171875	0.3	1.0	2	492700	n/a
240.5849609375	0.3	0.0	1	492718	n/a
242.96044921875	0.3	0.0	1	497583	1.0
242.96875	0.3	1.0	2	497600	n/a
242.97705078125	0.3	1.0	2	497617	n/a
242.9853515625	0.3	0.0	1	497634	n/a
242.99365234375	0.3	1.0	2	497651	n/a
243.001953125	0.3	0.0	1	497668	n/a
243.01025390625	0.3	1.0	2	497685	n/a
243.0185546875	0.3	0.0	1	497702	n/a
243.02734375	0.3	0.0	1	497720	n/a
243.03564453125	0.3	1.0	2	497737	n/a
243.0439453125	0.3	0.0	1	497754	n/a
243.05224609375	0.3	1.0	2	497771	n/a
243.060546875	0.3	1.0	2	497788	n/a
243.06884765625	0.3	0.0	1	497805	n/a
243.0771484375	0.3	0.0	1	497822	n/a
243.08544921875	0.3	1.0	2	497839	n/a
243.09375	0.3	1.0	2	497856	n/a
243.10205078125	0.3	0.0	1	497873	n/a
243.1103515625	0.3	1.0	2	497890	n/a
243.11865234375	0.3	0.0	1	497907	n/a
243.126953125	0.3	0.0	1	497924	n/a
243.13525390625	0.3	1.0	2	497941	n/a
243.1435546875	0.3	0.0	1	497958	n/a
243.15234375	0.3	1.0	2	497976	n/a
243.16064453125	0.3	0.0	1	497993	n/a
243.1689453125	0.3	1.0	2	498010	n/a
243.17724609375	0.3	0.0	1	498027	n/a
243.185546875	0.3	1.0	2	498044	n/a
243.19384765625	0.3	0.0	1	498061	n/a
243.2021484375	0.3	1.0	2	498078	n/a
243.21044921875	0.3	0.0	1	498095	n/a
243.21875	0.3	1.0	2	498112	n/a
243.22705078125	0.3	1.0	2	498129	n/a
243.2353515625	0.3	0.0	1	498146	n/a
243.24365234375	0.3	0.0	1	498163	n/a
243.251953125	0.3	1.0	2	498180	n/a
243.26025390625	0.3	1.0	2	498197	n/a
243.2685546875	0.3	0.0	1	498214	n/a
243.27734375	0.3	1.0	2	498232	n/a
243.28564453125	0.3	0.0	1	498249	n/a
243.2939453125	0.3	1.0	2	498266	n/a
243.30224609375	0.3	0.0	1	498283	n/a
243.310546875	0.3	0.0	1	498300	n/a
243.31884765625	0.3	1.0	2	498317	n/a
243.3271484375	0.3	1.0	2	498334	n/a
243.33544921875	0.3	0.0	1	498351	n/a
243.34375	0.3	1.0	2	498368	n/a
243.35205078125	0.3	0.0	1	498385	n/a
243.3603515625	0.3	0.0	1	498402	n/a
243.36865234375	0.3	1.0	2	498419	n/a
243.376953125	0.3	1.0	2	498436	n/a
243.38525390625	0.3	0.0	1	498453	n/a
243.3935546875	0.3	0.0	1	498470	n/a
243.40234375	0.3	1.0	2	498488	n/a
243.41064453125	0.3	0.0	1	498505	n/a
243.4189453125	0.3	1.0	2	498522	n/a
243.42724609375	0.3	1.0	2	498539	n/a
243.435546875	0.3	0.0	1	498556	n/a
243.44384765625	0.3	0.0	1	498573	n/a
243.4521484375	0.3	1.0	2	498590	n/a
243.46044921875	0.3	1.0	2	498607	n/a
243.46875	0.3	0.0	1	498624	n/a
243.47705078125	0.3	0.0	1	498641	n/a
243.4853515625	0.3	1.0	2	498658	n/a
243.49365234375	0.3	0.0	1	498675	n/a
243.501953125	0.3	1.0	2	498692	n/a
243.51025390625	0.3	1.0	2	498709	n/a
243.5185546875	0.3	0.0	1	498726	n/a
243.52734375	0.3	1.0	2	498744	n/a
243.53564453125	0.3	0.0	1	498761	n/a
243.5439453125	0.3	1.0	2	498778	n/a
243.55224609375	0.3	0.0	1	498795	n/a
243.560546875	0.3	1.0	2	498812	n/a
243.56884765625	0.3	0.0	1	498829	n/a
243.5771484375	0.3	0.0	1	498846	n/a
243.58544921875	0.3	1.0	2	498863	n/a
243.59375	0.3	0.0	1	498880	n/a
243.60205078125	0.3	1.0	2	498897	n/a
243.6103515625	0.3	1.0	2	498914	n/a
243.61865234375	0.3	0.0	1	498931	n/a
243.626953125	0.3	0.0	1	498948	n/a
243.63525390625	0.3	1.0	2	498965	n/a
243.6435546875	0.3	1.0	2	498982	n/a
243.65234375	0.3	0.0	1	499000	n/a
243.66064453125	0.3	1.0	2	499017	n/a
243.6689453125	0.3	0.0	1	499034	n/a
243.67724609375	0.3	1.0	2	499051	n/a
243.685546875	0.3	0.0	1	499068	n/a
243.69384765625	0.3	1.0	2	499085	n/a
243.7021484375	0.3	0.0	1	499102	n/a
243.71044921875	0.3	0.0	1	499119	n/a
243.71875	0.3	1.0	2	499136	n/a
243.72705078125	0.3	0.0	1	499153	n/a
243.7353515625	0.3	1.0	2	499170	n/a
243.74365234375	0.3	1.0	2	499187	n/a
243.751953125	0.3	0.0	1	499204	n/a
243.76025390625	0.3	0.0	1	499221	n/a
243.7685546875	0.3	1.0	2	499238	n/a
243.77734375	0.3	0.0	1	499256	n/a
243.78564453125	0.3	1.0	2	499273	n/a
243.7939453125	0.3	0.0	1	499290	n/a
243.80224609375	0.3	1.0	2	499307	n/a
243.810546875	0.3	1.0	2	499324	n/a
243.81884765625	0.3	0.0	1	499341	n/a
243.8271484375	0.3	1.0	2	499358	n/a
243.83544921875	0.3	0.0	1	499375	n/a
243.84375	0.3	1.0	2	499392	n/a
243.85205078125	0.3	0.0	1	499409	n/a
243.8603515625	0.3	0.0	1	499426	n/a
243.86865234375	0.3	1.0	2	499443	n/a
243.876953125	0.3	0.0	1	499460	n/a
243.88525390625	0.3	1.0	2	499477	n/a
243.8935546875	0.3	0.0	1	499494	n/a
243.90234375	0.3	1.0	2	499512	n/a
243.91064453125	0.3	0.0	1	499529	n/a
243.9189453125	0.3	1.0	2	499546	n/a
243.92724609375	0.3	0.0	1	499563	n/a
243.935546875	0.3	1.0	2	499580	n/a
243.94384765625	0.3	1.0	2	499597	n/a
243.9521484375	0.3	0.0	1	499614	n/a
243.96044921875	0.3	1.0	2	499631	n/a
243.96875	0.3	0.0	1	499648	n/a
243.97705078125	0.3	0.0	1	499665	n/a
243.9853515625	0.3	1.0	2	499682	n/a
243.99365234375	0.3	1.0	2	499699	n/a
244.001953125	0.3	0.0	1	499716	n/a
244.01025390625	0.3	0.0	1	499733	n/a
244.0185546875	0.3	1.0	2	499750	n/a
244.02734375	0.3	1.0	2	499768	n/a
244.03564453125	0.3	0.0	1	499785	n/a
244.0439453125	0.3	1.0	2	499802	n/a
244.05224609375	0.3	0.0	1	499819	n/a
244.060546875	0.3	1.0	2	499836	n/a
244.06884765625	0.3	0.0	1	499853	n/a
244.0771484375	0.3	0.0	1	499870	n/a
244.08544921875	0.3	1.0	2	499887	n/a
244.09375	0.3	0.0	1	499904	n/a
244.10205078125	0.3	1.0	2	499921	n/a
244.1103515625	0.3	1.0	2	499938	n/a
244.11865234375	0.3	0.0	1	499955	n/a
244.126953125	0.3	0.0	1	499972	n/a
244.13525390625	0.3	1.0	2	499989	n/a
244.1435546875	0.3	1.0	2	500006	n/a
244.15234375	0.3	0.0	1	500024	n/a
244.16064453125	0.3	1.0	2	500041	n/a
244.1689453125	0.3	0.0	1	500058	n/a
244.17724609375	0.3	0.0	1	500075	n/a
244.185546875	0.3	1.0	2	500092	n/a
244.19384765625	0.3	0.0	1	500109	n/a
244.2021484375	0.3	1.0	2	500126	n/a
244.21044921875	0.3	0.0	1	500143	n/a
244.21875	0.3	1.0	2	500160	n/a
244.22705078125	0.3	0.0	1	500177	n/a
244.2353515625	0.3	1.0	2	500194	n/a
244.24365234375	0.3	0.0	1	500211	n/a
244.251953125	0.3	1.0	2	500228	n/a
244.26025390625	0.3	0.0	1	500245	n/a
244.2685546875	0.3	1.0	2	500262	n/a
244.27734375	0.3	1.0	2	500280	n/a
244.28564453125	0.3	0.0	1	500297	n/a
244.2939453125	0.3	0.0	1	500314	n/a
244.30224609375	0.3	1.0	2	500331	n/a
244.310546875	0.3	1.0	2	500348	n/a
244.31884765625	0.3	0.0	1	500365	n/a
244.3271484375	0.3	1.0	2	500382	n/a
244.33544921875	0.3	0.0	1	500399	n/a
244.34375	0.3	1.0	2	500416	n/a
244.35205078125	0.3	0.0	1	500433	n/a
244.3603515625	0.3	0.0	1	500450	n/a
244.36865234375	0.3	1.0	2	500467	n/a
244.376953125	0.3	1.0	2	500484	n/a
244.38525390625	0.3	0.0	1	500501	n/a
244.3935546875	0.3	1.0	2	500518	n/a
244.40234375	0.3	0.0	1	500536	n/a
244.41064453125	0.3	0.0	1	500553	n/a
244.4189453125	0.3	1.0	2	500570	n/a
244.42724609375	0.3	1.0	2	500587	n/a
244.435546875	0.3	0.0	1	500604	n/a
244.44384765625	0.3	0.0	1	500621	n/a
244.4521484375	0.3	1.0	2	500638	n/a
244.46044921875	0.3	0.0	1	500655	n/a
244.46875	0.3	1.0	2	500672	n/a
244.47705078125	0.3	1.0	2	500689	n/a
244.4853515625	0.3	0.0	1	500706	n/a
244.49365234375	0.3	0.0	1	500723	n/a
244.501953125	0.3	1.0	2	500740	n/a
244.51025390625	0.3	1.0	2	500757	n/a
244.5185546875	0.3	0.0	1	500774	n/a
244.52734375	0.3	0.0	1	500792	n/a
244.53564453125	0.3	1.0	2	500809	n/a
244.5439453125	0.3	0.0	1	500826	n/a
244.55224609375	0.3	1.0	2	500843	n/a
244.560546875	0.3	1.0	2	500860	n/a
244.56884765625	0.3	0.0	1	500877	n/a
244.5771484375	0.3	1.0	2	500894	n/a
244.58544921875	0.3	0.0	1	500911	n/a
244.59375	0.3	1.0	2	500928	n/a
244.60205078125	0.3	0.0	1	500945	n/a
244.6103515625	0.3	1.0	2	500962	n/a
244.61865234375	0.3	0.0	1	500979	n/a
244.626953125	0.3	0.0	1	500996	n/a
244.63525390625	0.3	1.0	2	501013	n/a
244.6435546875	0.3	0.0	1	501030	n/a
244.65234375	0.3	1.0	2	501048	n/a
244.66064453125	0.3	1.0	2	501065	n/a
244.6689453125	0.3	0.0	1	501082	n/a
244.67724609375	0.3	0.0	1	501099	n/a
244.685546875	0.3	1.0	2	501116	n/a
244.69384765625	0.3	1.0	2	501133	n/a
244.7021484375	0.3	0.0	1	501150	n/a
244.71044921875	0.3	1.0	2	501167	n/a
244.71875	0.3	0.0	1	501184	n/a
244.72705078125	0.3	1.0	2	501201	n/a
244.7353515625	0.3	0.0	1	501218	n/a
244.74365234375	0.3	1.0	2	501235	n/a
244.751953125	0.3	0.0	1	501252	n/a
244.76025390625	0.3	0.0	1	501269	n/a
244.7685546875	0.3	1.0	2	501286	n/a
244.77734375	0.3	0.0	1	501304	n/a
244.78564453125	0.3	1.0	2	501321	n/a
244.7939453125	0.3	1.0	2	501338	n/a
244.80224609375	0.3	0.0	1	501355	n/a
244.810546875	0.3	0.0	1	501372	n/a
244.81884765625	0.3	1.0	2	501389	n/a
244.8271484375	0.3	0.0	1	501406	n/a
244.83544921875	0.3	1.0	2	501423	n/a
244.84375	0.3	0.0	1	501440	n/a
244.85205078125	0.3	1.0	2	501457	n/a
244.8603515625	0.3	1.0	2	501474	n/a
244.86865234375	0.3	0.0	1	501491	n/a
244.876953125	0.3	1.0	2	501508	n/a
244.88525390625	0.3	0.0	1	501525	n/a
244.8935546875	0.3	1.0	2	501542	n/a
244.90234375	0.3	0.0	1	501560	n/a
244.91064453125	0.3	0.0	1	501577	n/a
244.9189453125	0.3	1.0	2	501594	n/a
244.92724609375	0.3	0.0	1	501611	n/a
244.935546875	0.3	1.0	2	501628	n/a
244.94384765625	0.3	0.0	1	501645	n/a
244.9521484375	0.3	1.0	2	501662	n/a
244.96044921875	0.3	0.0	1	501679	n/a
244.96875	0.3	1.0	2	501696	n/a
244.97705078125	0.3	0.0	1	501713	n/a
244.9853515625	0.3	1.0	2	501730	n/a
244.99365234375	0.3	1.0	2	501747	n/a
245.001953125	0.3	0.0	1	501764	n/a
245.01025390625	0.3	1.0	2	501781	n/a
245.0185546875	0.3	0.0	1	501798	n/a
245.02734375	0.3	0.0	1	501816	n/a
245.03564453125	0.3	1.0	2	501833	n/a
245.0439453125	0.3	1.0	2	501850	n/a
245.05224609375	0.3	0.0	1	501867	n/a
245.060546875	0.3	0.0	1	501884	n/a
245.06884765625	0.3	1.0	2	501901	n/a
245.0771484375	0.3	1.0	2	501918	n/a
245.08544921875	0.3	0.0	1	501935	n/a
245.09375	0.3	1.0	2	501952	n/a
245.10205078125	0.3	0.0	1	501969	n/a
245.1103515625	0.3	1.0	2	501986	n/a
245.11865234375	0.3	0.0	1	502003	n/a
245.126953125	0.3	0.0	1	502020	n/a
245.13525390625	0.3	1.0	2	502037	n/a
245.1435546875	0.3	0.0	1	502054	n/a
245.15234375	0.3	1.0	2	502072	n/a
245.16064453125	0.3	1.0	2	502089	n/a
245.1689453125	0.3	0.0	1	502106	n/a
245.17724609375	0.3	0.0	1	502123	n/a
245.185546875	0.3	1.0	2	502140	n/a
245.19384765625	0.3	1.0	2	502157	n/a
245.2021484375	0.3	0.0	1	502174	n/a
245.21044921875	0.3	1.0	2	502191	n/a
245.21875	0.3	0.0	1	502208	n/a
245.22705078125	0.3	0.0	1	502225	n/a
245.2353515625	0.3	1.0	2	502242	n/a
245.24365234375	0.3	0.0	1	502259	n/a
245.251953125	0.3	1.0	2	502276	n/a
245.26025390625	0.3	0.0	1	502293	n/a
245.2685546875	0.3	1.0	2	502310	n/a
245.27734375	0.3	0.0	1	502328	n/a
245.28564453125	0.3	1.0	2	502345	n/a
245.2939453125	0.3	0.0	1	502362	n/a
245.30224609375	0.3	1.0	2	502379	n/a
245.310546875	0.3	0.0	1	502396	n/a
245.31884765625	0.3	1.0	2	502413	n/a
245.3271484375	0.3	1.0	2	502430	n/a
245.33544921875	0.3	0.0	1	502447	n/a
245.34375	0.3	0.0	1	502464	n/a
245.35205078125	0.3	1.0	2	502481	n/a
245.3603515625	0.3	1.0	2	502498	n/a
245.36865234375	0.3	0.0	1	502515	n/a
245.376953125	0.3	1.0	2	502532	n/a
245.38525390625	0.3	0.0	1	502549	n/a
245.3935546875	0.3	1.0	2	502566	n/a
245.40234375	0.3	0.0	1	502584	n/a
245.41064453125	0.3	0.0	1	502601	n/a
245.4189453125	0.3	1.0	2	502618	n/a
245.42724609375	0.3	1.0	2	502635	n/a
245.435546875	0.3	0.0	1	502652	n/a
245.44384765625	0.3	1.0	2	502669	n/a
245.4521484375	0.3	0.0	1	502686	n/a
245.46044921875	0.3	0.0	1	502703	n/a
245.46875	0.3	1.0	2	502720	n/a
245.47705078125	0.3	1.0	2	502737	n/a
245.4853515625	0.3	0.0	1	502754	n/a
245.49365234375	0.3	0.0	1	502771	n/a
245.501953125	0.3	1.0	2	502788	n/a
245.51025390625	0.3	0.0	1	502805	n/a
245.5185546875	0.3	1.0	2	502822	n/a
245.52734375	0.3	1.0	2	502840	n/a
245.53564453125	0.3	0.0	1	502857	n/a
245.5439453125	0.3	0.0	1	502874	n/a
245.55224609375	0.3	1.0	2	502891	n/a
245.560546875	0.3	1.0	2	502908	n/a
245.56884765625	0.3	0.0	1	502925	n/a
245.5771484375	0.3	0.0	1	502942	n/a
245.58544921875	0.3	1.0	2	502959	n/a
245.59375	0.3	0.0	1	502976	n/a
245.60205078125	0.3	1.0	2	502993	n/a
245.6103515625	0.3	1.0	2	503010	n/a
245.61865234375	0.3	0.0	1	503027	n/a
245.626953125	0.3	1.0	2	503044	n/a
245.63525390625	0.3	0.0	1	503061	n/a
245.6435546875	0.3	1.0	2	503078	n/a
245.65234375	0.3	0.0	1	503096	n/a
245.66064453125	0.3	1.0	2	503113	n/a
245.6689453125	0.3	0.0	1	503130	n/a
245.67724609375	0.3	0.0	1	503147	n/a
245.685546875	0.3	1.0	2	503164	n/a
245.69384765625	0.3	0.0	1	503181	n/a
245.7021484375	0.3	1.0	2	503198	n/a
245.71044921875	0.3	1.0	2	503215	n/a
245.71875	0.3	0.0	1	503232	n/a
245.72705078125	0.3	0.0	1	503249	n/a
245.7353515625	0.3	1.0	2	503266	n/a
245.74365234375	0.3	1.0	2	503283	n/a
245.751953125	0.3	0.0	1	503300	n/a
245.76025390625	0.3	1.0	2	503317	n/a
245.7685546875	0.3	0.0	1	503334	n/a
245.77734375	0.3	1.0	2	503352	n/a
245.78564453125	0.3	0.0	1	503369	n/a
245.7939453125	0.3	1.0	2	503386	n/a
245.80224609375	0.3	0.0	1	503403	n/a
245.810546875	0.3	0.0	1	503420	n/a
245.81884765625	0.3	1.0	2	503437	n/a
245.8271484375	0.3	0.0	1	503454	n/a
245.83544921875	0.3	1.0	2	503471	n/a
245.84375	0.3	1.0	2	503488	n/a
245.85205078125	0.3	0.0	1	503505	n/a
245.8603515625	0.3	0.0	1	503522	n/a
245.86865234375	0.3	1.0	2	503539	n/a
245.876953125	0.3	0.0	1	503556	n/a
245.88525390625	0.3	1.0	2	503573	n/a
245.8935546875	0.3	0.0	1	503590	n/a
245.90234375	0.3	1.0	2	503608	n/a
245.91064453125	0.3	1.0	2	503625	n/a
245.9189453125	0.3	0.0	1	503642	n/a
245.92724609375	0.3	1.0	2	503659	n/a
245.935546875	0.3	0.0	1	503676	n/a
245.94384765625	0.3	1.0	2	503693	n/a
245.9521484375	0.3	0.0	1	503710	n/a
245.96044921875	0.3	0.0	1	503727	n/a
245.96875	0.3	1.0	2	503744	n/a
245.97705078125	0.3	0.0	1	503761	n/a
245.9853515625	0.3	1.0	2	503778	n/a
245.99365234375	0.3	0.0	1	503795	n/a
246.001953125	0.3	1.0	2	503812	n/a
246.01025390625	0.3	0.0	1	503829	n/a
246.0185546875	0.3	1.0	2	503846	n/a
246.02734375	0.3	0.0	1	503864	n/a
246.03564453125	0.3	1.0	2	503881	n/a
246.0439453125	0.3	1.0	2	503898	n/a
246.05224609375	0.3	0.0	1	503915	n/a
246.060546875	0.3	1.0	2	503932	n/a
246.06884765625	0.3	0.0	1	503949	n/a
246.0771484375	0.3	0.0	1	503966	n/a
246.08544921875	0.3	1.0	2	503983	n/a
246.09375	0.3	1.0	2	504000	n/a
246.10205078125	0.3	0.0	1	504017	n/a
246.1103515625	0.3	0.0	1	504034	n/a
246.11865234375	0.3	1.0	2	504051	n/a
246.126953125	0.3	1.0	2	504068	n/a
246.13525390625	0.3	0.0	1	504085	n/a
246.1435546875	0.3	1.0	2	504102	n/a
246.15234375	0.3	0.0	1	504120	n/a
246.16064453125	0.3	1.0	2	504137	n/a
246.1689453125	0.3	0.0	1	504154	n/a
246.17724609375	0.3	0.0	1	504171	n/a
246.185546875	0.3	1.0	2	504188	n/a
246.19384765625	0.3	0.0	1	504205	n/a
246.2021484375	0.3	1.0	2	504222	n/a
246.21044921875	0.3	1.0	2	504239	n/a
246.21875	0.3	0.0	1	504256	n/a
246.22705078125	0.3	0.0	1	504273	n/a
246.2353515625	0.3	1.0	2	504290	n/a
246.24365234375	0.3	1.0	2	504307	n/a
246.251953125	0.3	0.0	1	504324	n/a
246.26025390625	0.3	1.0	2	504341	n/a
246.2685546875	0.3	0.0	1	504358	n/a
246.27734375	0.3	0.0	1	504376	n/a
246.28564453125	0.3	1.0	2	504393	n/a
246.2939453125	0.3	0.0	1	504410	n/a
246.30224609375	0.3	1.0	2	504427	n/a
246.310546875	0.3	0.0	1	504444	n/a
246.31884765625	0.3	1.0	2	504461	n/a
246.3271484375	0.3	0.0	1	504478	n/a
246.33544921875	0.3	1.0	2	504495	n/a
246.34375	0.3	0.0	1	504512	n/a
246.35205078125	0.3	1.0	2	504529	n/a
246.3603515625	0.3	0.0	1	504546	n/a
246.36865234375	0.3	1.0	2	504563	n/a
246.376953125	0.3	1.0	2	504580	n/a
246.38525390625	0.3	0.0	1	504597	n/a
246.3935546875	0.3	0.0	1	504614	n/a
246.40234375	0.3	1.0	2	504632	n/a
246.41064453125	0.3	1.0	2	504649	n/a
246.4189453125	0.3	0.0	1	504666	n/a
246.42724609375	0.3	1.0	2	504683	n/a
246.435546875	0.3	0.0	1	504700	n/a
246.44384765625	0.3	1.0	2	504717	n/a
246.4521484375	0.3	0.0	1	504734	n/a
246.46044921875	0.3	0.0	1	504751	n/a
246.46875	0.3	1.0	2	504768	n/a
246.47705078125	0.3	1.0	2	504785	n/a
246.4853515625	0.3	0.0	1	504802	n/a
246.49365234375	0.3	1.0	2	504819	n/a
246.501953125	0.3	0.0	1	504836	n/a
246.51025390625	0.3	0.0	1	504853	n/a
246.5185546875	0.3	1.0	2	504870	n/a
246.52734375	0.3	1.0	2	504888	n/a
246.53564453125	0.3	0.0	1	504905	n/a
246.5439453125	0.3	0.0	1	504922	n/a
246.55224609375	0.3	1.0	2	504939	n/a
246.560546875	0.3	0.0	1	504956	n/a
246.56884765625	0.3	1.0	2	504973	n/a
246.5771484375	0.3	1.0	2	504990	n/a
246.58544921875	0.3	0.0	1	505007	n/a
246.59375	0.3	0.0	1	505024	n/a
246.60205078125	0.3	1.0	2	505041	n/a
246.6103515625	0.3	1.0	2	505058	n/a
246.61865234375	0.3	0.0	1	505075	n/a
246.626953125	0.3	0.0	1	505092	n/a
246.63525390625	0.3	1.0	2	505109	n/a
246.6435546875	0.3	0.0	1	505126	n/a
246.65234375	0.3	1.0	2	505144	n/a
246.66064453125	0.3	1.0	2	505161	n/a
246.6689453125	0.3	0.0	1	505178	n/a
246.67724609375	0.3	1.0	2	505195	n/a
246.685546875	0.3	0.0	1	505212	n/a
246.69384765625	0.3	1.0	2	505229	n/a
246.7021484375	0.3	0.0	1	505246	n/a
246.71044921875	0.3	1.0	2	505263	n/a
246.71875	0.3	0.0	1	505280	n/a
246.72705078125	0.3	0.0	1	505297	n/a
246.7353515625	0.3	1.0	2	505314	n/a
246.74365234375	0.3	0.0	1	505331	n/a
246.751953125	0.3	1.0	2	505348	n/a
246.76025390625	0.3	1.0	2	505365	n/a
246.7685546875	0.3	0.0	1	505382	n/a
246.77734375	0.3	0.0	1	505400	n/a
246.78564453125	0.3	1.0	2	505417	n/a
246.7939453125	0.3	1.0	2	505434	n/a
246.80224609375	0.3	0.0	1	505451	n/a
246.810546875	0.3	1.0	2	505468	n/a
246.81884765625	0.3	0.0	1	505485	n/a
246.8271484375	0.3	1.0	2	505502	n/a
246.83544921875	0.3	0.0	1	505519	n/a
246.84375	0.3	1.0	2	505536	n/a
246.85205078125	0.3	0.0	1	505553	n/a
246.8603515625	0.3	0.0	1	505570	n/a
246.86865234375	0.3	1.0	2	505587	n/a
246.876953125	0.3	0.0	1	505604	n/a
246.88525390625	0.3	1.0	2	505621	n/a
246.8935546875	0.3	1.0	2	505638	n/a
246.90234375	0.3	0.0	1	505656	n/a
246.91064453125	0.3	0.0	1	505673	n/a
246.9189453125	0.3	1.0	2	505690	n/a
246.92724609375	0.3	0.0	1	505707	n/a
246.935546875	0.3	1.0	2	505724	n/a
246.94384765625	0.3	0.0	1	505741	n/a
246.9521484375	0.3	1.0	2	505758	n/a
246.96044921875	0.3	1.0	2	505775	n/a
246.96875	0.3	0.0	1	505792	n/a
246.97705078125	0.3	1.0	2	505809	n/a
246.9853515625	0.3	0.0	1	505826	n/a
246.99365234375	0.3	1.0	2	505843	n/a
247.001953125	0.3	0.0	1	505860	n/a
247.01025390625	0.3	0.0	1	505877	n/a
247.0185546875	0.3	1.0	2	505894	n/a
247.02734375	0.3	0.0	1	505912	n/a
247.03564453125	0.3	1.0	2	505929	n/a
247.0439453125	0.3	0.0	1	505946	n/a
247.05224609375	0.3	1.0	2	505963	n/a
247.060546875	0.3	0.0	1	505980	n/a
247.06884765625	0.3	1.0	2	505997	n/a
247.0771484375	0.3	0.0	1	506014	n/a
247.08544921875	0.3	1.0	2	506031	n/a
247.09375	0.3	1.0	2	506048	n/a
247.10205078125	0.3	0.0	1	506065	n/a
247.1103515625	0.3	1.0	2	506082	n/a
247.11865234375	0.3	0.0	1	506099	n/a
247.126953125	0.3	0.0	1	506116	n/a
247.13525390625	0.3	1.0	2	506133	n/a
247.1435546875	0.3	1.0	2	506150	n/a
247.15234375	0.3	0.0	1	506168	n/a
249.54443359375	0.3	0.0	1	511067	11.0
249.552734375	0.3	1.0	2	511084	n/a
249.56103515625	0.3	1.0	2	511101	n/a
249.5693359375	0.3	0.0	1	511118	n/a
249.57763671875	0.3	1.0	2	511135	n/a
249.5859375	0.3	0.0	1	511152	n/a
249.59423828125	0.3	0.0	1	511169	n/a
249.6025390625	0.3	1.0	2	511186	n/a
249.611328125	0.3	0.0	1	511204	n/a
249.61962890625	0.3	1.0	2	511221	n/a
249.6279296875	0.3	1.0	2	511238	n/a
249.63623046875	0.3	0.0	1	511255	n/a
249.64453125	0.3	0.0	1	511272	n/a
249.65283203125	0.3	1.0	2	511289	n/a
249.6611328125	0.3	1.0	2	511306	n/a
249.66943359375	0.3	0.0	1	511323	n/a
249.677734375	0.3	0.0	1	511340	n/a
249.68603515625	0.3	1.0	2	511357	n/a
249.6943359375	0.3	0.0	1	511374	n/a
249.70263671875	0.3	1.0	2	511391	n/a
249.7109375	0.3	1.0	2	511408	n/a
249.71923828125	0.3	0.0	1	511425	n/a
249.7275390625	0.3	0.0	1	511442	n/a
249.736328125	0.3	1.0	2	511460	n/a
249.74462890625	0.3	0.0	1	511477	n/a
249.7529296875	0.3	1.0	2	511494	n/a
249.76123046875	0.3	1.0	2	511511	n/a
249.76953125	0.3	0.0	1	511528	n/a
249.77783203125	0.3	0.0	1	511545	n/a
249.7861328125	0.3	1.0	2	511562	n/a
249.79443359375	0.3	1.0	2	511579	n/a
249.802734375	0.3	0.0	1	511596	n/a
249.81103515625	0.3	1.0	2	511613	n/a
249.8193359375	0.3	0.0	1	511630	n/a
249.82763671875	0.3	1.0	2	511647	n/a
249.8359375	0.3	0.0	1	511664	n/a
249.84423828125	0.3	1.0	2	511681	n/a
249.8525390625	0.3	0.0	1	511698	n/a
249.861328125	0.3	1.0	2	511716	n/a
249.86962890625	0.3	0.0	1	511733	n/a
249.8779296875	0.3	1.0	2	511750	n/a
249.88623046875	0.3	0.0	1	511767	n/a
249.89453125	0.3	1.0	2	511784	n/a
249.90283203125	0.3	0.0	1	511801	n/a
249.9111328125	0.3	0.0	1	511818	n/a
249.91943359375	0.3	1.0	2	511835	n/a
249.927734375	0.3	1.0	2	511852	n/a
249.93603515625	0.3	0.0	1	511869	n/a
249.9443359375	0.3	0.0	1	511886	n/a
249.95263671875	0.3	1.0	2	511903	n/a
249.9609375	0.3	0.0	1	511920	n/a
249.96923828125	0.3	1.0	2	511937	n/a
249.9775390625	0.3	1.0	2	511954	n/a
249.986328125	0.3	0.0	1	511972	n/a
249.99462890625	0.3	1.0	2	511989	n/a
250.0029296875	0.3	0.0	1	512006	n/a
250.01123046875	0.3	0.0	1	512023	n/a
250.01953125	0.3	1.0	2	512040	n/a
250.02783203125	0.3	0.0	1	512057	n/a
250.0361328125	0.3	1.0	2	512074	n/a
250.04443359375	0.3	0.0	1	512091	n/a
250.052734375	0.3	1.0	2	512108	n/a
250.06103515625	0.3	1.0	2	512125	n/a
250.0693359375	0.3	0.0	1	512142	n/a
250.07763671875	0.3	1.0	2	512159	n/a
250.0859375	0.3	0.0	1	512176	n/a
250.09423828125	0.3	1.0	2	512193	n/a
250.1025390625	0.3	0.0	1	512210	n/a
250.111328125	0.3	0.0	1	512228	n/a
250.11962890625	0.3	1.0	2	512245	n/a
250.1279296875	0.3	1.0	2	512262	n/a
250.13623046875	0.3	0.0	1	512279	n/a
250.14453125	0.3	0.0	1	512296	n/a
250.15283203125	0.3	1.0	2	512313	n/a
250.1611328125	0.3	1.0	2	512330	n/a
250.16943359375	0.3	0.0	1	512347	n/a
250.177734375	0.3	0.0	1	512364	n/a
250.18603515625	0.3	1.0	2	512381	n/a
250.1943359375	0.3	0.0	1	512398	n/a
250.20263671875	0.3	1.0	2	512415	n/a
250.2109375	0.3	0.0	1	512432	n/a
250.21923828125	0.3	1.0	2	512449	n/a
250.2275390625	0.3	1.0	2	512466	n/a
250.236328125	0.3	0.0	1	512484	n/a
250.24462890625	0.3	0.0	1	512501	n/a
250.2529296875	0.3	1.0	2	512518	n/a
250.26123046875	0.3	0.0	1	512535	n/a
250.26953125	0.3	1.0	2	512552	n/a
250.27783203125	0.3	1.0	2	512569	n/a
250.2861328125	0.3	0.0	1	512586	n/a
250.29443359375	0.3	1.0	2	512603	n/a
250.302734375	0.3	0.0	1	512620	n/a
250.31103515625	0.3	1.0	2	512637	n/a
250.3193359375	0.3	0.0	1	512654	n/a
250.32763671875	0.3	1.0	2	512671	n/a
250.3359375	0.3	0.0	1	512688	n/a
250.34423828125	0.3	0.0	1	512705	n/a
250.3525390625	0.3	1.0	2	512722	n/a
250.361328125	0.3	0.0	1	512740	n/a
250.36962890625	0.3	1.0	2	512757	n/a
250.3779296875	0.3	1.0	2	512774	n/a
250.38623046875	0.3	0.0	1	512791	n/a
250.39453125	0.3	1.0	2	512808	n/a
250.40283203125	0.3	0.0	1	512825	n/a
250.4111328125	0.3	1.0	2	512842	n/a
250.41943359375	0.3	0.0	1	512859	n/a
250.427734375	0.3	0.0	1	512876	n/a
250.43603515625	0.3	1.0	2	512893	n/a
250.4443359375	0.3	0.0	1	512910	n/a
250.45263671875	0.3	1.0	2	512927	n/a
250.4609375	0.3	0.0	1	512944	n/a
250.46923828125	0.3	1.0	2	512961	n/a
250.4775390625	0.3	0.0	1	512978	n/a
250.486328125	0.3	1.0	2	512996	n/a
250.49462890625	0.3	0.0	1	513013	n/a
250.5029296875	0.3	1.0	2	513030	n/a
250.51123046875	0.3	1.0	2	513047	n/a
250.51953125	0.3	0.0	1	513064	n/a
250.52783203125	0.3	0.0	1	513081	n/a
250.5361328125	0.3	1.0	2	513098	n/a
250.54443359375	0.3	0.0	1	513115	n/a
250.552734375	0.3	1.0	2	513132	n/a
250.56103515625	0.3	0.0	1	513149	n/a
250.5693359375	0.3	1.0	2	513166	n/a
250.57763671875	0.3	1.0	2	513183	n/a
250.5859375	0.3	0.0	1	513200	n/a
250.59423828125	0.3	0.0	1	513217	n/a
250.6025390625	0.3	1.0	2	513234	n/a
250.611328125	0.3	1.0	2	513252	n/a
250.61962890625	0.3	0.0	1	513269	n/a
250.6279296875	0.3	1.0	2	513286	n/a
250.63623046875	0.3	0.0	1	513303	n/a
250.64453125	0.3	0.0	1	513320	n/a
250.65283203125	0.3	1.0	2	513337	n/a
250.6611328125	0.3	0.0	1	513354	n/a
250.66943359375	0.3	1.0	2	513371	n/a
250.677734375	0.3	1.0	2	513388	n/a
250.68603515625	0.3	0.0	1	513405	n/a
250.6943359375	0.3	0.0	1	513422	n/a
250.70263671875	0.3	1.0	2	513439	n/a
250.7109375	0.3	1.0	2	513456	n/a
250.71923828125	0.3	0.0	1	513473	n/a
250.7275390625	0.3	0.0	1	513490	n/a
250.736328125	0.3	1.0	2	513508	n/a
250.74462890625	0.3	0.0	1	513525	n/a
250.7529296875	0.3	1.0	2	513542	n/a
250.76123046875	0.3	1.0	2	513559	n/a
250.76953125	0.3	0.0	1	513576	n/a
250.77783203125	0.3	0.0	1	513593	n/a
250.7861328125	0.3	1.0	2	513610	n/a
250.79443359375	0.3	0.0	1	513627	n/a
250.802734375	0.3	1.0	2	513644	n/a
250.81103515625	0.3	1.0	2	513661	n/a
250.8193359375	0.3	0.0	1	513678	n/a
250.82763671875	0.3	0.0	1	513695	n/a
250.8359375	0.3	1.0	2	513712	n/a
250.84423828125	0.3	1.0	2	513729	n/a
250.8525390625	0.3	0.0	1	513746	n/a
250.861328125	0.3	1.0	2	513764	n/a
250.86962890625	0.3	0.0	1	513781	n/a
250.8779296875	0.3	1.0	2	513798	n/a
250.88623046875	0.3	0.0	1	513815	n/a
250.89453125	0.3	1.0	2	513832	n/a
250.90283203125	0.3	0.0	1	513849	n/a
250.9111328125	0.3	1.0	2	513866	n/a
250.91943359375	0.3	0.0	1	513883	n/a
250.927734375	0.3	1.0	2	513900	n/a
250.93603515625	0.3	0.0	1	513917	n/a
250.9443359375	0.3	1.0	2	513934	n/a
250.95263671875	0.3	0.0	1	513951	n/a
250.9609375	0.3	0.0	1	513968	n/a
250.96923828125	0.3	1.0	2	513985	n/a
250.9775390625	0.3	1.0	2	514002	n/a
250.986328125	0.3	0.0	1	514020	n/a
250.99462890625	0.3	0.0	1	514037	n/a
251.0029296875	0.3	1.0	2	514054	n/a
251.01123046875	0.3	0.0	1	514071	n/a
251.01953125	0.3	1.0	2	514088	n/a
251.02783203125	0.3	1.0	2	514105	n/a
251.0361328125	0.3	0.0	1	514122	n/a
251.04443359375	0.3	1.0	2	514139	n/a
251.052734375	0.3	0.0	1	514156	n/a
251.06103515625	0.3	0.0	1	514173	n/a
251.0693359375	0.3	1.0	2	514190	n/a
251.07763671875	0.3	0.0	1	514207	n/a
251.0859375	0.3	1.0	2	514224	n/a
251.09423828125	0.3	0.0	1	514241	n/a
251.1025390625	0.3	1.0	2	514258	n/a
251.111328125	0.3	1.0	2	514276	n/a
251.11962890625	0.3	0.0	1	514293	n/a
251.1279296875	0.3	1.0	2	514310	n/a
251.13623046875	0.3	0.0	1	514327	n/a
251.14453125	0.3	1.0	2	514344	n/a
251.15283203125	0.3	0.0	1	514361	n/a
251.1611328125	0.3	0.0	1	514378	n/a
251.16943359375	0.3	1.0	2	514395	n/a
251.177734375	0.3	1.0	2	514412	n/a
251.18603515625	0.3	0.0	1	514429	n/a
251.1943359375	0.3	0.0	1	514446	n/a
251.20263671875	0.3	1.0	2	514463	n/a
251.2109375	0.3	1.0	2	514480	n/a
251.21923828125	0.3	0.0	1	514497	n/a
251.2275390625	0.3	0.0	1	514514	n/a
251.236328125	0.3	1.0	2	514532	n/a
251.24462890625	0.3	0.0	1	514549	n/a
251.2529296875	0.3	1.0	2	514566	n/a
251.26123046875	0.3	0.0	1	514583	n/a
251.26953125	0.3	1.0	2	514600	n/a
251.27783203125	0.3	1.0	2	514617	n/a
251.2861328125	0.3	0.0	1	514634	n/a
251.29443359375	0.3	0.0	1	514651	n/a
251.302734375	0.3	1.0	2	514668	n/a
251.31103515625	0.3	0.0	1	514685	n/a
251.3193359375	0.3	1.0	2	514702	n/a
251.32763671875	0.3	1.0	2	514719	n/a
251.3359375	0.3	0.0	1	514736	n/a
251.34423828125	0.3	1.0	2	514753	n/a
251.3525390625	0.3	0.0	1	514770	n/a
251.361328125	0.3	1.0	2	514788	n/a
251.36962890625	0.3	0.0	1	514805	n/a
251.3779296875	0.3	1.0	2	514822	n/a
251.38623046875	0.3	0.0	1	514839	n/a
251.39453125	0.3	0.0	1	514856	n/a
251.40283203125	0.3	1.0	2	514873	n/a
251.4111328125	0.3	0.0	1	514890	n/a
251.41943359375	0.3	1.0	2	514907	n/a
251.427734375	0.3	1.0	2	514924	n/a
251.43603515625	0.3	0.0	1	514941	n/a
251.4443359375	0.3	1.0	2	514958	n/a
251.45263671875	0.3	0.0	1	514975	n/a
251.4609375	0.3	1.0	2	514992	n/a
251.46923828125	0.3	0.0	1	515009	n/a
251.4775390625	0.3	0.0	1	515026	n/a
251.486328125	0.3	1.0	2	515044	n/a
251.49462890625	0.3	0.0	1	515061	n/a
251.5029296875	0.3	1.0	2	515078	n/a
251.51123046875	0.3	0.0	1	515095	n/a
251.51953125	0.3	1.0	2	515112	n/a
251.52783203125	0.3	0.0	1	515129	n/a
251.5361328125	0.3	1.0	2	515146	n/a
251.54443359375	0.3	0.0	1	515163	n/a
251.552734375	0.3	1.0	2	515180	n/a
251.56103515625	0.3	1.0	2	515197	n/a
251.5693359375	0.3	0.0	1	515214	n/a
251.57763671875	0.3	0.0	1	515231	n/a
251.5859375	0.3	1.0	2	515248	n/a
251.59423828125	0.3	0.0	1	515265	n/a
251.6025390625	0.3	1.0	2	515282	n/a
251.611328125	0.3	0.0	1	515300	n/a
251.61962890625	0.3	1.0	2	515317	n/a
251.6279296875	0.3	1.0	2	515334	n/a
251.63623046875	0.3	0.0	1	515351	n/a
251.64453125	0.3	0.0	1	515368	n/a
251.65283203125	0.3	1.0	2	515385	n/a
251.6611328125	0.3	1.0	2	515402	n/a
251.66943359375	0.3	0.0	1	515419	n/a
251.677734375	0.3	1.0	2	515436	n/a
251.68603515625	0.3	0.0	1	515453	n/a
251.6943359375	0.3	0.0	1	515470	n/a
251.70263671875	0.3	1.0	2	515487	n/a
251.7109375	0.3	0.0	1	515504	n/a
251.71923828125	0.3	1.0	2	515521	n/a
251.7275390625	0.3	1.0	2	515538	n/a
251.736328125	0.3	0.0	1	515556	n/a
251.74462890625	0.3	0.0	1	515573	n/a
251.7529296875	0.3	1.0	2	515590	n/a
251.76123046875	0.3	1.0	2	515607	n/a
251.76953125	0.3	0.0	1	515624	n/a
251.77783203125	0.3	0.0	1	515641	n/a
251.7861328125	0.3	1.0	2	515658	n/a
251.79443359375	0.3	0.0	1	515675	n/a
251.802734375	0.3	1.0	2	515692	n/a
251.81103515625	0.3	1.0	2	515709	n/a
251.8193359375	0.3	0.0	1	515726	n/a
251.82763671875	0.3	0.0	1	515743	n/a
251.8359375	0.3	1.0	2	515760	n/a
251.84423828125	0.3	0.0	1	515777	n/a
251.8525390625	0.3	1.0	2	515794	n/a
251.861328125	0.3	1.0	2	515812	n/a
251.86962890625	0.3	0.0	1	515829	n/a
251.8779296875	0.3	0.0	1	515846	n/a
251.88623046875	0.3	1.0	2	515863	n/a
251.89453125	0.3	1.0	2	515880	n/a
251.90283203125	0.3	0.0	1	515897	n/a
251.9111328125	0.3	1.0	2	515914	n/a
251.91943359375	0.3	0.0	1	515931	n/a
251.927734375	0.3	1.0	2	515948	n/a
251.93603515625	0.3	0.0	1	515965	n/a
251.9443359375	0.3	1.0	2	515982	n/a
251.95263671875	0.3	0.0	1	515999	n/a
251.9609375	0.3	1.0	2	516016	n/a
251.96923828125	0.3	0.0	1	516033	n/a
251.9775390625	0.3	1.0	2	516050	n/a
251.986328125	0.3	0.0	1	516068	n/a
251.99462890625	0.3	1.0	2	516085	n/a
252.0029296875	0.3	0.0	1	516102	n/a
252.01123046875	0.3	0.0	1	516119	n/a
252.01953125	0.3	1.0	2	516136	n/a
252.02783203125	0.3	1.0	2	516153	n/a
252.0361328125	0.3	0.0	1	516170	n/a
252.04443359375	0.3	0.0	1	516187	n/a
252.052734375	0.3	1.0	2	516204	n/a
252.06103515625	0.3	0.0	1	516221	n/a
252.0693359375	0.3	1.0	2	516238	n/a
252.07763671875	0.3	1.0	2	516255	n/a
252.0859375	0.3	0.0	1	516272	n/a
252.09423828125	0.3	1.0	2	516289	n/a
252.1025390625	0.3	0.0	1	516306	n/a
252.111328125	0.3	0.0	1	516324	n/a
252.11962890625	0.3	1.0	2	516341	n/a
252.1279296875	0.3	0.0	1	516358	n/a
252.13623046875	0.3	1.0	2	516375	n/a
252.14453125	0.3	0.0	1	516392	n/a
252.15283203125	0.3	1.0	2	516409	n/a
252.1611328125	0.3	1.0	2	516426	n/a
252.16943359375	0.3	0.0	1	516443	n/a
252.177734375	0.3	1.0	2	516460	n/a
252.18603515625	0.3	0.0	1	516477	n/a
252.1943359375	0.3	1.0	2	516494	n/a
252.20263671875	0.3	0.0	1	516511	n/a
252.2109375	0.3	0.0	1	516528	n/a
252.21923828125	0.3	1.0	2	516545	n/a
252.2275390625	0.3	1.0	2	516562	n/a
252.236328125	0.3	0.0	1	516580	n/a
252.24462890625	0.3	0.0	1	516597	n/a
252.2529296875	0.3	1.0	2	516614	n/a
252.26123046875	0.3	1.0	2	516631	n/a
252.26953125	0.3	0.0	1	516648	n/a
252.27783203125	0.3	0.0	1	516665	n/a
252.2861328125	0.3	1.0	2	516682	n/a
252.29443359375	0.3	0.0	1	516699	n/a
252.302734375	0.3	1.0	2	516716	n/a
252.31103515625	0.3	0.0	1	516733	n/a
252.3193359375	0.3	1.0	2	516750	n/a
252.32763671875	0.3	1.0	2	516767	n/a
252.3359375	0.3	0.0	1	516784	n/a
252.34423828125	0.3	0.0	1	516801	n/a
252.3525390625	0.3	1.0	2	516818	n/a
252.361328125	0.3	0.0	1	516836	n/a
252.36962890625	0.3	1.0	2	516853	n/a
252.3779296875	0.3	1.0	2	516870	n/a
252.38623046875	0.3	0.0	1	516887	n/a
252.39453125	0.3	1.0	2	516904	n/a
252.40283203125	0.3	0.0	1	516921	n/a
252.4111328125	0.3	1.0	2	516938	n/a
252.41943359375	0.3	0.0	1	516955	n/a
252.427734375	0.3	1.0	2	516972	n/a
252.43603515625	0.3	0.0	1	516989	n/a
252.4443359375	0.3	0.0	1	517006	n/a
252.45263671875	0.3	1.0	2	517023	n/a
252.4609375	0.3	0.0	1	517040	n/a
252.46923828125	0.3	1.0	2	517057	n/a
252.4775390625	0.3	1.0	2	517074	n/a
252.486328125	0.3	0.0	1	517092	n/a
252.49462890625	0.3	1.0	2	517109	n/a
252.5029296875	0.3	0.0	1	517126	n/a
252.51123046875	0.3	1.0	2	517143	n/a
252.51953125	0.3	0.0	1	517160	n/a
252.52783203125	0.3	0.0	1	517177	n/a
252.5361328125	0.3	1.0	2	517194	n/a
252.54443359375	0.3	0.0	1	517211	n/a
252.552734375	0.3	1.0	2	517228	n/a
252.56103515625	0.3	0.0	1	517245	n/a
252.5693359375	0.3	1.0	2	517262	n/a
252.57763671875	0.3	0.0	1	517279	n/a
252.5859375	0.3	1.0	2	517296	n/a
252.59423828125	0.3	0.0	1	517313	n/a
252.6025390625	0.3	1.0	2	517330	n/a
252.611328125	0.3	1.0	2	517348	n/a
252.61962890625	0.3	0.0	1	517365	n/a
252.6279296875	0.3	0.0	1	517382	n/a
252.63623046875	0.3	1.0	2	517399	n/a
252.64453125	0.3	0.0	1	517416	n/a
252.65283203125	0.3	1.0	2	517433	n/a
252.6611328125	0.3	0.0	1	517450	n/a
252.66943359375	0.3	1.0	2	517467	n/a
252.677734375	0.3	1.0	2	517484	n/a
252.68603515625	0.3	0.0	1	517501	n/a
252.6943359375	0.3	0.0	1	517518	n/a
252.70263671875	0.3	1.0	2	517535	n/a
252.7109375	0.3	1.0	2	517552	n/a
252.71923828125	0.3	0.0	1	517569	n/a
252.7275390625	0.3	1.0	2	517586	n/a
252.736328125	0.3	0.0	1	517604	n/a
252.74462890625	0.3	0.0	1	517621	n/a
252.7529296875	0.3	1.0	2	517638	n/a
252.76123046875	0.3	0.0	1	517655	n/a
252.76953125	0.3	1.0	2	517672	n/a
252.77783203125	0.3	1.0	2	517689	n/a
252.7861328125	0.3	0.0	1	517706	n/a
252.79443359375	0.3	0.0	1	517723	n/a
252.802734375	0.3	1.0	2	517740	n/a
252.81103515625	0.3	1.0	2	517757	n/a
252.8193359375	0.3	0.0	1	517774	n/a
252.82763671875	0.3	0.0	1	517791	n/a
252.8359375	0.3	1.0	2	517808	n/a
252.84423828125	0.3	0.0	1	517825	n/a
252.8525390625	0.3	1.0	2	517842	n/a
252.861328125	0.3	1.0	2	517860	n/a
252.86962890625	0.3	0.0	1	517877	n/a
252.8779296875	0.3	0.0	1	517894	n/a
252.88623046875	0.3	1.0	2	517911	n/a
252.89453125	0.3	0.0	1	517928	n/a
252.90283203125	0.3	1.0	2	517945	n/a
252.9111328125	0.3	1.0	2	517962	n/a
252.91943359375	0.3	0.0	1	517979	n/a
252.927734375	0.3	0.0	1	517996	n/a
252.93603515625	0.3	1.0	2	518013	n/a
252.9443359375	0.3	1.0	2	518030	n/a
252.95263671875	0.3	0.0	1	518047	n/a
252.9609375	0.3	1.0	2	518064	n/a
252.96923828125	0.3	0.0	1	518081	n/a
252.9775390625	0.3	1.0	2	518098	n/a
252.986328125	0.3	0.0	1	518116	n/a
252.99462890625	0.3	1.0	2	518133	n/a
253.0029296875	0.3	0.0	1	518150	n/a
253.01123046875	0.3	1.0	2	518167	n/a
253.01953125	0.3	0.0	1	518184	n/a
253.02783203125	0.3	1.0	2	518201	n/a
253.0361328125	0.3	0.0	1	518218	n/a
253.04443359375	0.3	1.0	2	518235	n/a
253.052734375	0.3	0.0	1	518252	n/a
253.06103515625	0.3	0.0	1	518269	n/a
253.0693359375	0.3	1.0	2	518286	n/a
253.07763671875	0.3	1.0	2	518303	n/a
253.0859375	0.3	0.0	1	518320	n/a
253.09423828125	0.3	0.0	1	518337	n/a
253.1025390625	0.3	1.0	2	518354	n/a
253.111328125	0.3	0.0	1	518372	n/a
253.11962890625	0.3	1.0	2	518389	n/a
253.1279296875	0.3	1.0	2	518406	n/a
253.13623046875	0.3	0.0	1	518423	n/a
253.14453125	0.3	1.0	2	518440	n/a
253.15283203125	0.3	0.0	1	518457	n/a
253.1611328125	0.3	0.0	1	518474	n/a
253.16943359375	0.3	1.0	2	518491	n/a
253.177734375	0.3	0.0	1	518508	n/a
253.18603515625	0.3	1.0	2	518525	n/a
253.1943359375	0.3	0.0	1	518542	n/a
253.20263671875	0.3	1.0	2	518559	n/a
253.2109375	0.3	1.0	2	518576	n/a
253.21923828125	0.3	0.0	1	518593	n/a
253.2275390625	0.3	1.0	2	518610	n/a
253.236328125	0.3	0.0	1	518628	n/a
253.24462890625	0.3	1.0	2	518645	n/a
253.2529296875	0.3	0.0	1	518662	n/a
253.26123046875	0.3	0.0	1	518679	n/a
253.26953125	0.3	1.0	2	518696	n/a
253.27783203125	0.3	1.0	2	518713	n/a
253.2861328125	0.3	0.0	1	518730	n/a
253.29443359375	0.3	0.0	1	518747	n/a
253.302734375	0.3	1.0	2	518764	n/a
253.31103515625	0.3	1.0	2	518781	n/a
253.3193359375	0.3	0.0	1	518798	n/a
253.32763671875	0.3	0.0	1	518815	n/a
253.3359375	0.3	1.0	2	518832	n/a
253.34423828125	0.3	0.0	1	518849	n/a
253.3525390625	0.3	1.0	2	518866	n/a
253.361328125	0.3	0.0	1	518884	n/a
253.36962890625	0.3	1.0	2	518901	n/a
253.3779296875	0.3	1.0	2	518918	n/a
253.38623046875	0.3	0.0	1	518935	n/a
253.39453125	0.3	0.0	1	518952	n/a
253.40283203125	0.3	1.0	2	518969	n/a
253.4111328125	0.3	0.0	1	518986	n/a
253.41943359375	0.3	1.0	2	519003	n/a
253.427734375	0.3	1.0	2	519020	n/a
253.43603515625	0.3	0.0	1	519037	n/a
253.4443359375	0.3	1.0	2	519054	n/a
253.45263671875	0.3	0.0	1	519071	n/a
253.4609375	0.3	1.0	2	519088	n/a
253.46923828125	0.3	0.0	1	519105	n/a
253.4775390625	0.3	1.0	2	519122	n/a
253.486328125	0.3	0.0	1	519140	n/a
253.49462890625	0.3	0.0	1	519157	n/a
253.5029296875	0.3	1.0	2	519174	n/a
253.51123046875	0.3	0.0	1	519191	n/a
253.51953125	0.3	1.0	2	519208	n/a
253.52783203125	0.3	1.0	2	519225	n/a
253.5361328125	0.3	0.0	1	519242	n/a
253.54443359375	0.3	1.0	2	519259	n/a
253.552734375	0.3	0.0	1	519276	n/a
253.56103515625	0.3	1.0	2	519293	n/a
253.5693359375	0.3	0.0	1	519310	n/a
253.57763671875	0.3	0.0	1	519327	n/a
253.5859375	0.3	1.0	2	519344	n/a
253.59423828125	0.3	0.0	1	519361	n/a
253.6025390625	0.3	1.0	2	519378	n/a
253.611328125	0.3	0.0	1	519396	n/a
253.61962890625	0.3	1.0	2	519413	n/a
253.6279296875	0.3	0.0	1	519430	n/a
253.63623046875	0.3	1.0	2	519447	n/a
253.64453125	0.3	0.0	1	519464	n/a
253.65283203125	0.3	1.0	2	519481	n/a
253.6611328125	0.3	1.0	2	519498	n/a
253.66943359375	0.3	0.0	1	519515	n/a
253.677734375	0.3	0.0	1	519532	n/a
253.68603515625	0.3	1.0	2	519549	n/a
253.6943359375	0.3	0.0	1	519566	n/a
253.70263671875	0.3	1.0	2	519583	n/a
253.7109375	0.3	0.0	1	519600	n/a
253.71923828125	0.3	1.0	2	519617	n/a
253.7275390625	0.3	1.0	2	519634	n/a
253.736328125	0.3	0.0	1	519652	n/a
