onset	duration	trial_type	value	sample	trial_id
17.8994140625	0.3	1.0	2	36658	10.0
17.90771484375	0.3	0.0	1	36675	n/a
17.916015625	0.3	1.0	2	36692	n/a
17.92431640625	0.3	0.0	1	36709	n/a
17.9326171875	0.3	1.0	2	36726	n/a
17.94091796875	0.3	0.0	1	36743	n/a
17.94921875	0.3	1.0	2	36760	n/a
17.95751953125	0.3	0.0	1	36777	n/a
17.96630859375	0.3	0.0	1	36795	n/a
17.974609375	0.3	1.0	2	36812	n/a
17.98291015625	0.3	1.0	2	36829	n/a
17.9912109375	0.3	0.0	1	36846	n/a
17.99951171875	0.3	0.0	1	36863	n/a
18.0078125	0.3	1.0	2	36880	n/a
18.01611328125	0.3	1.0	2	36897	n/a
18.0244140625	0.3	0.0	1	36914	n/a
18.03271484375	0.3	1.0	2	36931	n/a
18.041015625	0.3	0.0	1	36948	n/a
18.04931640625	0.3	1.0	2	36965	n/a
18.0576171875	0.3	0.0	1	36982	n/a
18.06591796875	0.3	0.0	1	36999	n/a
18.07421875	0.3	1.0	2	37016	n/a
18.08251953125	0.3	0.0	1	37033	n/a
18.09130859375	0.3	1.0	2	37051	n/a
18.099609375	0.3	0.0	1	37068	n/a
18.10791015625	0.3	1.0	2	37085	n/a
18.1162109375	0.3	1.0	2	37102	n/a
18.12451171875	0.3	0.0	1	37119	n/a
18.1328125	0.3	0.0	1	37136	n/a
18.14111328125	0.3	1.0	2	37153	n/a
18.1494140625	0.3	1.0	2	37170	n/a
18.15771484375	0.3	0.0	1	37187	n/a
18.166015625	0.3	0.0	1	37204	n/a
18.17431640625	0.3	1.0	2	37221	n/a
18.1826171875	0.3	1.0	2	37238	n/a
18.19091796875	0.3	0.0	1	37255	n/a
18.19921875	0.3	0.0	1	37272	n/a
18.20751953125	0.3	1.0	2	37289	n/a
18.21630859375	0.3	0.0	1	37307	n/a
18.224609375	0.3	1.0	2	37324	n/a
18.23291015625	0.3	0.0	1	37341	n/a
18.2412109375	0.3	1.0	2	37358	n/a
18.24951171875	0.3	0.0	1	37375	n/a
18.2578125	0.3	1.0	2	37392	n/a
18.26611328125	0.3	1.0	2	37409	n/a
18.2744140625	0.3	0.0	1	37426	n/a
18.28271484375	0.3	0.0	1	37443	n/a
18.291015625	0.3	1.0	2	37460	n/a
18.29931640625	0.3	0.0	1	37477	n/a
18.3076171875	0.3	1.0	2	37494	n/a
18.31591796875	0.3	0.0	1	37511	n/a
18.32421875	0.3	1.0	2	37528	n/a
18.33251953125	0.3	0.0	1	37545	n/a
18.34130859375	0.3	1.0	2	37563	n/a
18.349609375	0.3	1.0	2	37580	n/a
18.35791015625	0.3	0.0	1	37597	n/a
18.3662109375	0.3	1.0	2	37614	n/a
18.37451171875	0.3	0.0	1	37631	n/a
18.3828125	0.3	0.0	1	37648	n/a
18.39111328125	0.3	1.0	2	37665	n/a
18.3994140625	0.3	1.0	2	37682	n/a
18.40771484375	0.3	0.0	1	37699	n/a
18.416015625	0.3	1.0	2	37716	n/a
18.42431640625	0.3	0.0	1	37733	n/a
18.4326171875	0.3	1.0	2	37750	n/a
18.44091796875	0.3	0.0	1	37767	n/a
18.44921875	0.3	1.0	2	37784	n/a
18.45751953125	0.3	0.0	1	37801	n/a
18.46630859375	0.3	1.0	2	37819	n/a
18.474609375	0.3	0.0	1	37836	n/a
18.48291015625	0.3	0.0	1	37853	n/a
18.4912109375	0.3	1.0	2	37870	n/a
18.49951171875	0.3	0.0	1	37887	n/a
18.5078125	0.3	1.0	2	37904	n/a
18.51611328125	0.3	1.0	2	37921	n/a
18.5244140625	0.3	0.0	1	37938	n/a
18.53271484375	0.3	1.0	2	37955	n/a
18.541015625	0.3	0.0	1	37972	n/a
18.54931640625	0.3	1.0	2	37989	n/a
18.5576171875	0.3	0.0	1	38006	n/a
18.56591796875	0.3	1.0	2	38023	n/a
18.57421875	0.3	0.0	1	38040	n/a
18.58251953125	0.3	0.0	1	38057	n/a
18.59130859375	0.3	1.0	2	38075	n/a
18.599609375	0.3	0.0	1	38092	n/a
18.60791015625	0.3	1.0	2	38109	n/a
18.6162109375	0.3	1.0	2	38126	n/a
18.62451171875	0.3	0.0	1	38143	n/a
18.6328125	0.3	0.0	1	38160	n/a
18.64111328125	0.3	1.0	2	38177	n/a
18.6494140625	0.3	0.0	1	38194	n/a
18.65771484375	0.3	1.0	2	38211	n/a
18.666015625	0.3	1.0	2	38228	n/a
18.67431640625	0.3	0.0	1	38245	n/a
18.6826171875	0.3	0.0	1	38262	n/a
18.69091796875	0.3	1.0	2	38279	n/a
18.69921875	0.3	0.0	1	38296	n/a
18.70751953125	0.3	1.0	2	38313	n/a
18.71630859375	0.3	1.0	2	38331	n/a
18.724609375	0.3	0.0	1	38348	n/a
18.73291015625	0.3	0.0	1	38365	n/a
18.7412109375	0.3	1.0	2	38382	n/a
18.74951171875	0.3	1.0	2	38399	n/a
18.7578125	0.3	0.0	1	38416	n/a
18.76611328125	0.3	0.0	1	38433	n/a
18.7744140625	0.3	1.0	2	38450	n/a
18.78271484375	0.3	0.0	1	38467	n/a
18.791015625	0.3	1.0	2	38484	n/a
18.79931640625	0.3	0.0	1	38501	n/a
18.8076171875	0.3	1.0	2	38518	n/a
18.81591796875	0.3	1.0	2	38535	n/a
18.82421875	0.3	0.0	1	38552	n/a
18.83251953125	0.3	1.0	2	38569	n/a
18.84130859375	0.3	0.0	1	38587	n/a
18.849609375	0.3	0.0	1	38604	n/a
18.85791015625	0.3	1.0	2	38621	n/a
18.8662109375	0.3	0.0	1	38638	n/a
18.87451171875	0.3	1.0	2	38655	n/a
18.8828125	0.3	1.0	2	38672	n/a
18.89111328125	0.3	0.0	1	38689	n/a
18.8994140625	0.3	0.0	1	38706	n/a
18.90771484375	0.3	1.0	2	38723	n/a
18.916015625	0.3	0.0	1	38740	n/a
18.92431640625	0.3	1.0	2	38757	n/a
18.9326171875	0.3	1.0	2	38774	n/a
18.94091796875	0.3	0.0	1	38791	n/a
18.94921875	0.3	1.0	2	38808	n/a
18.95751953125	0.3	0.0	1	38825	n/a
18.96630859375	0.3	1.0	2	38843	n/a
18.974609375	0.3	0.0	1	38860	n/a
18.98291015625	0.3	1.0	2	38877	n/a
18.9912109375	0.3	0.0	1	38894	n/a
18.99951171875	0.3	1.0	2	38911	n/a
19.0078125	0.3	0.0	1	38928	n/a
19.01611328125	0.3	0.0	1	38945	n/a
19.0244140625	0.3	1.0	2	38962	n/a
19.03271484375	0.3	1.0	2	38979	n/a
19.041015625	0.3	0.0	1	38996	n/a
19.04931640625	0.3	0.0	1	39013	n/a
19.0576171875	0.3	1.0	2	39030	n/a
19.06591796875	0.3	1.0	2	39047	n/a
19.07421875	0.3	0.0	1	39064	n/a
19.08251953125	0.3	1.0	2	39081	n/a
19.09130859375	0.3	0.0	1	39099	n/a
19.099609375	0.3	1.0	2	39116	n/a
19.10791015625	0.3	0.0	1	39133	n/a
19.1162109375	0.3	0.0	1	39150	n/a
19.12451171875	0.3	1.0	2	39167	n/a
19.1328125	0.3	0.0	1	39184	n/a
19.14111328125	0.3	1.0	2	39201	n/a
19.1494140625	0.3	0.0	1	39218	n/a
19.15771484375	0.3	1.0	2	39235	n/a
19.166015625	0.3	1.0	2	39252	n/a
19.17431640625	0.3	0.0	1	39269	n/a
19.1826171875	0.3	0.0	1	39286	n/a
19.19091796875	0.3	1.0	2	39303	n/a
19.19921875	0.3	1.0	2	39320	n/a
19.20751953125	0.3	0.0	1	39337	n/a
19.21630859375	0.3	0.0	1	39355	n/a
19.224609375	0.3	1.0	2	39372	n/a
19.23291015625	0.3	1.0	2	39389	n/a
19.2412109375	0.3	0.0	1	39406	n/a
19.24951171875	0.3	0.0	1	39423	n/a
19.2578125	0.3	1.0	2	39440	n/a
19.26611328125	0.3	0.0	1	39457	n/a
19.2744140625	0.3	1.0	2	39474	n/a
19.28271484375	0.3	0.0	1	39491	n/a
19.291015625	0.3	1.0	2	39508	n/a
19.29931640625	0.3	0.0	1	39525	n/a
19.3076171875	0.3	1.0	2	39542	n/a
19.31591796875	0.3	1.0	2	39559	n/a
19.32421875	0.3	0.0	1	39576	n/a
19.33251953125	0.3	0.0	1	39593	n/a
19.34130859375	0.3	1.0	2	39611	n/a
19.349609375	0.3	0.0	1	39628	n/a
19.35791015625	0.3	1.0	2	39645	n/a
19.3662109375	0.3	0.0	1	39662	n/a
19.37451171875	0.3	1.0	2	39679	n/a
19.3828125	0.3	0.0	1	39696	n/a
19.39111328125	0.3	1.0	2	39713	n/a
19.3994140625	0.3	1.0	2	39730	n/a
19.40771484375	0.3	0.0	1	39747	n/a
19.416015625	0.3	1.0	2	39764	n/a
19.42431640625	0.3	0.0	1	39781	n/a
19.4326171875	0.3	0.0	1	39798	n/a
19.44091796875	0.3	1.0	2	39815	n/a
19.44921875	0.3	1.0	2	39832	n/a
19.45751953125	0.3	0.0	1	39849	n/a
19.46630859375	0.3	1.0	2	39867	n/a
19.474609375	0.3	0.0	1	39884	n/a
19.48291015625	0.3	1.0	2	39901	n/a
19.4912109375	0.3	0.0	1	39918	n/a
19.49951171875	0.3	1.0	2	39935	n/a
19.5078125	0.3	0.0	1	39952	n/a
19.51611328125	0.3	1.0	2	39969	n/a
19.5244140625	0.3	0.0	1	39986	n/a
19.53271484375	0.3	0.0	1	40003	n/a
19.541015625	0.3	1.0	2	40020	n/a
19.54931640625	0.3	0.0	1	40037	n/a
19.5576171875	0.3	1.0	2	40054	n/a
19.56591796875	0.3	1.0	2	40071	n/a
19.57421875	0.3	0.0	1	40088	n/a
19.58251953125	0.3	1.0	2	40105	n/a
19.59130859375	0.3	0.0	1	40123	n/a
19.599609375	0.3	1.0	2	40140	n/a
19.60791015625	0.3	0.0	1	40157	n/a
19.6162109375	0.3	1.0	2	40174	n/a
19.62451171875	0.3	0.0	1	40191	n/a
19.6328125	0.3	0.0	1	40208	n/a
19.64111328125	0.3	1.0	2	40225	n/a
19.6494140625	0.3	0.0	1	40242	n/a
19.65771484375	0.3	1.0	2	40259	n/a
19.666015625	0.3	1.0	2	40276	n/a
19.67431640625	0.3	0.0	1	40293	n/a
19.6826171875	0.3	0.0	1	40310	n/a
19.69091796875	0.3	1.0	2	40327	n/a
19.69921875	0.3	0.0	1	40344	n/a
19.70751953125	0.3	1.0	2	40361	n/a
19.71630859375	0.3	1.0	2	40379	n/a
19.724609375	0.3	0.0	1	40396	n/a
19.73291015625	0.3	0.0	1	40413	n/a
19.7412109375	0.3	1.0	2	40430	n/a
19.74951171875	0.3	0.0	1	40447	n/a
19.7578125	0.3	1.0	2	40464	n/a
19.76611328125	0.3	1.0	2	40481	n/a
19.7744140625	0.3	0.0	1	40498	n/a
19.78271484375	0.3	0.0	1	40515	n/a
19.791015625	0.3	1.0	2	40532	n/a
19.79931640625	0.3	1.0	2	40549	n/a
19.8076171875	0.3	0.0	1	40566	n/a
19.81591796875	0.3	0.0	1	40583	n/a
19.82421875	0.3	1.0	2	40600	n/a
19.83251953125	0.3	0.0	1	40617	n/a
19.84130859375	0.3	1.0	2	40635	n/a
19.849609375	0.3	0.0	1	40652	n/a
19.85791015625	0.3	1.0	2	40669	n/a
19.8662109375	0.3	1.0	2	40686	n/a
19.87451171875	0.3	0.0	1	40703	n/a
19.8828125	0.3	1.0	2	40720	n/a
19.89111328125	0.3	0.0	1	40737	n/a
19.8994140625	0.3	0.0	1	40754	n/a
19.90771484375	0.3	1.0	2	40771	n/a
19.916015625	0.3	0.0	1	40788	n/a
19.92431640625	0.3	1.0	2	40805	n/a
19.9326171875	0.3	1.0	2	40822	n/a
19.94091796875	0.3	0.0	1	40839	n/a
19.94921875	0.3	0.0	1	40856	n/a
19.95751953125	0.3	1.0	2	40873	n/a
19.96630859375	0.3	0.0	1	40891	n/a
19.974609375	0.3	1.0	2	40908	n/a
19.98291015625	0.3	1.0	2	40925	n/a
19.9912109375	0.3	0.0	1	40942	n/a
19.99951171875	0.3	1.0	2	40959	n/a
20.0078125	0.3	0.0	1	40976	n/a
20.01611328125	0.3	1.0	2	40993	n/a
20.0244140625	0.3	0.0	1	41010	n/a
20.03271484375	0.3	1.0	2	41027	n/a
20.041015625	0.3	0.0	1	41044	n/a
20.04931640625	0.3	1.0	2	41061	n/a
20.0576171875	0.3	0.0	1	41078	n/a
20.06591796875	0.3	0.0	1	41095	n/a
20.07421875	0.3	1.0	2	41112	n/a
20.08251953125	0.3	1.0	2	41129	n/a
20.09130859375	0.3	0.0	1	41147	n/a
20.099609375	0.3	0.0	1	41164	n/a
20.10791015625	0.3	1.0	2	41181	n/a
20.1162109375	0.3	1.0	2	41198	n/a
20.12451171875	0.3	0.0	1	41215	n/a
20.1328125	0.3	1.0	2	41232	n/a
20.14111328125	0.3	0.0	1	41249	n/a
20.1494140625	0.3	1.0	2	41266	n/a
20.15771484375	0.3	0.0	1	41283	n/a
20.166015625	0.3	0.0	1	41300	n/a
20.17431640625	0.3	1.0	2	41317	n/a
20.1826171875	0.3	0.0	1	41334	n/a
20.19091796875	0.3	1.0	2	41351	n/a
20.19921875	0.3	0.0	1	41368	n/a
20.20751953125	0.3	1.0	2	41385	n/a
20.21630859375	0.3	1.0	2	41403	n/a
20.224609375	0.3	0.0	1	41420	n/a
20.23291015625	0.3	0.0	1	41437	n/a
20.2412109375	0.3	1.0	2	41454	n/a
20.24951171875	0.3	1.0	2	41471	n/a
20.2578125	0.3	0.0	1	41488	n/a
20.26611328125	0.3	0.0	1	41505	n/a
20.2744140625	0.3	1.0	2	41522	n/a
20.28271484375	0.3	1.0	2	41539	n/a
20.291015625	0.3	0.0	1	41556	n/a
20.29931640625	0.3	0.0	1	41573	n/a
20.3076171875	0.3	1.0	2	41590	n/a
20.31591796875	0.3	0.0	1	41607	n/a
20.32421875	0.3	1.0	2	41624	n/a
20.33251953125	0.3	0.0	1	41641	n/a
20.34130859375	0.3	1.0	2	41659	n/a
20.349609375	0.3	0.0	1	41676	n/a
20.35791015625	0.3	1.0	2	41693	n/a
20.3662109375	0.3	1.0	2	41710	n/a
20.37451171875	0.3	0.0	1	41727	n/a
20.3828125	0.3	0.0	1	41744	n/a
20.39111328125	0.3	1.0	2	41761	n/a
20.3994140625	0.3	0.0	1	41778	n/a
20.40771484375	0.3	1.0	2	41795	n/a
20.416015625	0.3	0.0	1	41812	n/a
20.42431640625	0.3	1.0	2	41829	n/a
20.4326171875	0.3	0.0	1	41846	n/a
20.44091796875	0.3	1.0	2	41863	n/a
20.44921875	0.3	1.0	2	41880	n/a
20.45751953125	0.3	0.0	1	41897	n/a
20.46630859375	0.3	1.0	2	41915	n/a
20.474609375	0.3	0.0	1	41932	n/a
20.48291015625	0.3	0.0	1	41949	n/a
20.4912109375	0.3	1.0	2	41966	n/a
20.49951171875	0.3	1.0	2	41983	n/a
20.5078125	0.3	0.0	1	42000	n/a
20.51611328125	0.3	1.0	2	42017	n/a
20.5244140625	0.3	0.0	1	42034	n/a
20.53271484375	0.3	1.0	2	42051	n/a
20.541015625	0.3	0.0	1	42068	n/a
20.54931640625	0.3	1.0	2	42085	n/a
20.5576171875	0.3	0.0	1	42102	n/a
20.56591796875	0.3	1.0	2	42119	n/a
20.57421875	0.3	0.0	1	42136	n/a
20.58251953125	0.3	0.0	1	42153	n/a
20.59130859375	0.3	1.0	2	42171	n/a
20.599609375	0.3	0.0	1	42188	n/a
20.60791015625	0.3	1.0	2	42205	n/a
20.6162109375	0.3	1.0	2	42222	n/a
20.62451171875	0.3	0.0	1	42239	n/a
20.6328125	0.3	1.0	2	42256	n/a
20.64111328125	0.3	0.0	1	42273	n/a
20.6494140625	0.3	1.0	2	42290	n/a
20.65771484375	0.3	0.0	1	42307	n/a
20.666015625	0.3	1.0	2	42324	n/a
20.67431640625	0.3	0.0	1	42341	n/a
20.6826171875	0.3	0.0	1	42358	n/a
20.69091796875	0.3	1.0	2	42375	n/a
20.69921875	0.3	0.0	1	42392	n/a
20.70751953125	0.3	1.0	2	42409	n/a
20.71630859375	0.3	1.0	2	42427	n/a
20.724609375	0.3	0.0	1	42444	n/a
20.73291015625	0.3	0.0	1	42461	n/a
20.7412109375	0.3	1.0	2	42478	n/a
20.74951171875	0.3	0.0	1	42495	n/a
20.7578125	0.3	1.0	2	42512	n/a
20.76611328125	0.3	1.0	2	42529	n/a
20.7744140625	0.3	0.0	1	42546	n/a
20.78271484375	0.3	0.0	1	42563	n/a
20.791015625	0.3	1.0	2	42580	n/a
20.79931640625	0.3	0.0	1	42597	n/a
20.8076171875	0.3	1.0	2	42614	n/a
20.81591796875	0.3	1.0	2	42631	n/a
20.82421875	0.3	0.0	1	42648	n/a
20.83251953125	0.3	0.0	1	42665	n/a
20.84130859375	0.3	1.0	2	42683	n/a
20.849609375	0.3	1.0	2	42700	n/a
20.85791015625	0.3	0.0	1	42717	n/a
20.8662109375	0.3	0.0	1	42734	n/a
20.87451171875	0.3	1.0	2	42751	n/a
20.8828125	0.3	0.0	1	42768	n/a
20.89111328125	0.3	1.0	2	42785	n/a
20.8994140625	0.3	0.0	1	42802	n/a
20.90771484375	0.3	1.0	2	42819	n/a
20.916015625	0.3	1.0	2	42836	n/a
20.92431640625	0.3	0.0	1	42853	n/a
20.9326171875	0.3	1.0	2	42870	n/a
20.94091796875	0.3	0.0	1	42887	n/a
20.94921875	0.3	0.0	1	42904	n/a
20.95751953125	0.3	1.0	2	42921	n/a
20.96630859375	0.3	0.0	1	42939	n/a
20.974609375	0.3	1.0	2	42956	n/a
20.98291015625	0.3	1.0	2	42973	n/a
20.9912109375	0.3	0.0	1	42990	n/a
20.99951171875	0.3	0.0	1	43007	n/a
21.0078125	0.3	1.0	2	43024	n/a
21.01611328125	0.3	0.0	1	43041	n/a
21.0244140625	0.3	1.0	2	43058	n/a
21.03271484375	0.3	1.0	2	43075	n/a
21.041015625	0.3	0.0	1	43092	n/a
21.04931640625	0.3	1.0	2	43109	n/a
21.0576171875	0.3	0.0	1	43126	n/a
21.06591796875	0.3	1.0	2	43143	n/a
21.07421875	0.3	0.0	1	43160	n/a
21.08251953125	0.3	1.0	2	43177	n/a
21.09130859375	0.3	0.0	1	43195	n/a
21.099609375	0.3	1.0	2	43212	n/a
21.10791015625	0.3	0.0	1	43229	n/a
21.1162109375	0.3	0.0	1	43246	n/a
21.12451171875	0.3	1.0	2	43263	n/a
21.1328125	0.3	1.0	2	43280	n/a
21.14111328125	0.3	0.0	1	43297	n/a
21.1494140625	0.3	0.0	1	43314	n/a
21.15771484375	0.3	1.0	2	43331	n/a
21.166015625	0.3	1.0	2	43348	n/a
21.17431640625	0.3	0.0	1	43365	n/a
21.1826171875	0.3	1.0	2	43382	n/a
21.19091796875	0.3	0.0	1	43399	n/a
21.19921875	0.3	1.0	2	43416	n/a
21.20751953125	0.3	0.0	1	43433	n/a
21.21630859375	0.3	0.0	1	43451	n/a
21.224609375	0.3	1.0	2	43468	n/a
21.23291015625	0.3	0.0	1	43485	n/a
21.2412109375	0.3	1.0	2	43502	n/a
21.24951171875	0.3	0.0	1	43519	n/a
21.2578125	0.3	1.0	2	43536	n/a
21.26611328125	0.3	1.0	2	43553	n/a
21.2744140625	0.3	0.0	1	43570	n/a
21.28271484375	0.3	0.0	1	43587	n/a
21.291015625	0.3	1.0	2	43604	n/a
21.29931640625	0.3	1.0	2	43621	n/a
21.3076171875	0.3	0.0	1	43638	n/a
21.31591796875	0.3	0.0	1	43655	n/a
21.32421875	0.3	1.0	2	43672	n/a
21.33251953125	0.3	1.0	2	43689	n/a
21.34130859375	0.3	0.0	1	43707	n/a
21.349609375	0.3	0.0	1	43724	n/a
21.35791015625	0.3	1.0	2	43741	n/a
21.3662109375	0.3	0.0	1	43758	n/a
21.37451171875	0.3	1.0	2	43775	n/a
21.3828125	0.3	0.0	1	43792	n/a
21.39111328125	0.3	1.0	2	43809	n/a
21.3994140625	0.3	0.0	1	43826	n/a
21.40771484375	0.3	1.0	2	43843	n/a
21.416015625	0.3	1.0	2	43860	n/a
21.42431640625	0.3	0.0	1	43877	n/a
21.4326171875	0.3	0.0	1	43894	n/a
21.44091796875	0.3	1.0	2	43911	n/a
21.44921875	0.3	0.0	1	43928	n/a
21.45751953125	0.3	1.0	2	43945	n/a
21.46630859375	0.3	0.0	1	43963	n/a
21.474609375	0.3	1.0	2	43980	n/a
21.48291015625	0.3	0.0	1	43997	n/a
21.4912109375	0.3	1.0	2	44014	n/a
21.49951171875	0.3	1.0	2	44031	n/a
21.5078125	0.3	0.0	1	44048	n/a
21.51611328125	0.3	1.0	2	44065	n/a
21.5244140625	0.3	0.0	1	44082	n/a
21.53271484375	0.3	0.0	1	44099	n/a
21.541015625	0.3	1.0	2	44116	n/a
21.54931640625	0.3	1.0	2	44133	n/a
21.5576171875	0.3	0.0	1	44150	n/a
21.56591796875	0.3	1.0	2	44167	n/a
21.57421875	0.3	0.0	1	44184	n/a
21.58251953125	0.3	1.0	2	44201	n/a
21.59130859375	0.3	0.0	1	44219	n/a
21.599609375	0.3	1.0	2	44236	n/a
21.60791015625	0.3	0.0	1	44253	n/a
21.6162109375	0.3	1.0	2	44270	n/a
21.62451171875	0.3	0.0	1	44287	n/a
21.6328125	0.3	0.0	1	44304	n/a
21.64111328125	0.3	1.0	2	44321	n/a
21.6494140625	0.3	0.0	1	44338	n/a
21.65771484375	0.3	1.0	2	44355	n/a
21.666015625	0.3	1.0	2	44372	n/a
21.67431640625	0.3	0.0	1	44389	n/a
21.6826171875	0.3	1.0	2	44406	n/a
21.69091796875	0.3	0.0	1	44423	n/a
21.69921875	0.3	1.0	2	44440	n/a
21.70751953125	0.3	0.0	1	44457	n/a
21.71630859375	0.3	1.0	2	44475	n/a
21.724609375	0.3	0.0	1	44492	n/a
21.73291015625	0.3	0.0	1	44509	n/a
21.7412109375	0.3	1.0	2	44526	n/a
21.74951171875	0.3	0.0	1	44543	n/a
21.7578125	0.3	1.0	2	44560	n/a
21.76611328125	0.3	1.0	2	44577	n/a
21.7744140625	0.3	0.0	1	44594	n/a
21.78271484375	0.3	0.0	1	44611	n/a
21.791015625	0.3	1.0	2	44628	n/a
21.79931640625	0.3	0.0	1	44645	n/a
21.8076171875	0.3	1.0	2	44662	n/a
21.81591796875	0.3	1.0	2	44679	n/a
21.82421875	0.3	0.0	1	44696	n/a
21.83251953125	0.3	0.0	1	44713	n/a
21.84130859375	0.3	1.0	2	44731	n/a
21.849609375	0.3	0.0	1	44748	n/a
21.85791015625	0.3	1.0	2	44765	n/a
21.8662109375	0.3	1.0	2	44782	n/a
21.87451171875	0.3	0.0	1	44799	n/a
21.8828125	0.3	0.0	1	44816	n/a
21.89111328125	0.3	1.0	2	44833	n/a
21.8994140625	0.3	1.0	2	44850	n/a
21.90771484375	0.3	0.0	1	44867	n/a
21.916015625	0.3	0.0	1	44884	n/a
21.92431640625	0.3	1.0	2	44901	n/a
21.9326171875	0.3	0.0	1	44918	n/a
21.94091796875	0.3	1.0	2	44935	n/a
21.94921875	0.3	0.0	1	44952	n/a
21.95751953125	0.3	1.0	2	44969	n/a
21.96630859375	0.3	1.0	2	44987	n/a
21.974609375	0.3	0.0	1	45004	n/a
21.98291015625	0.3	1.0	2	45021	n/a
21.9912109375	0.3	0.0	1	45038	n/a
21.99951171875	0.3	0.0	1	45055	n/a
22.0078125	0.3	1.0	2	45072	n/a
22.01611328125	0.3	0.0	1	45089	n/a
22.0244140625	0.3	1.0	2	45106	n/a
22.03271484375	0.3	1.0	2	45123	n/a
22.041015625	0.3	0.0	1	45140	n/a
22.04931640625	0.3	0.0	1	45157	n/a
22.0576171875	0.3	1.0	2	45174	n/a
22.06591796875	0.3	0.0	1	45191	n/a
22.07421875	0.3	1.0	2	45208	n/a
22.08251953125	0.3	1.0	2	45225	n/a
22.09130859375	0.3	0.0	1	45243	n/a
24.4716796875	0.3	0.0	1	50118	13.0
24.47998046875	0.3	1.0	2	50135	n/a
24.48828125	0.3	0.0	1	50152	n/a
24.49658203125	0.3	1.0	2	50169	n/a
24.5048828125	0.3	0.0	1	50186	n/a
24.51318359375	0.3	1.0	2	50203	n/a
24.521484375	0.3	1.0	2	50220	n/a
24.52978515625	0.3	0.0	1	50237	n/a
24.53857421875	0.3	0.0	1	50255	n/a
24.546875	0.3	1.0	2	50272	n/a
24.55517578125	0.3	0.0	1	50289	n/a
24.5634765625	0.3	1.0	2	50306	n/a
24.57177734375	0.3	0.0	1	50323	n/a
24.580078125	0.3	1.0	2	50340	n/a
24.58837890625	0.3	0.0	1	50357	n/a
24.5966796875	0.3	1.0	2	50374	n/a
24.60498046875	0.3	1.0	2	50391	n/a
24.61328125	0.3	0.0	1	50408	n/a
24.62158203125	0.3	0.0	1	50425	n/a
24.6298828125	0.3	1.0	2	50442	n/a
24.63818359375	0.3	0.0	1	50459	n/a
24.646484375	0.3	1.0	2	50476	n/a
24.65478515625	0.3	0.0	1	50493	n/a
24.66357421875	0.3	1.0	2	50511	n/a
24.671875	0.3	0.0	1	50528	n/a
24.68017578125	0.3	1.0	2	50545	n/a
24.6884765625	0.3	0.0	1	50562	n/a
24.69677734375	0.3	1.0	2	50579	n/a
24.705078125	0.3	1.0	2	50596	n/a
24.71337890625	0.3	0.0	1	50613	n/a
24.7216796875	0.3	1.0	2	50630	n/a
24.72998046875	0.3	0.0	1	50647	n/a
24.73828125	0.3	0.0	1	50664	n/a
24.74658203125	0.3	1.0	2	50681	n/a
24.7548828125	0.3	0.0	1	50698	n/a
24.76318359375	0.3	1.0	2	50715	n/a
24.771484375	0.3	1.0	2	50732	n/a
24.77978515625	0.3	0.0	1	50749	n/a
24.78857421875	0.3	1.0	2	50767	n/a
24.796875	0.3	0.0	1	50784	n/a
24.80517578125	0.3	1.0	2	50801	n/a
24.8134765625	0.3	0.0	1	50818	n/a
24.82177734375	0.3	0.0	1	50835	n/a
24.830078125	0.3	1.0	2	50852	n/a
24.83837890625	0.3	0.0	1	50869	n/a
24.8466796875	0.3	1.0	2	50886	n/a
24.85498046875	0.3	1.0	2	50903	n/a
24.86328125	0.3	0.0	1	50920	n/a
24.87158203125	0.3	1.0	2	50937	n/a
24.8798828125	0.3	0.0	1	50954	n/a
24.88818359375	0.3	0.0	1	50971	n/a
24.896484375	0.3	1.0	2	50988	n/a
24.90478515625	0.3	1.0	2	51005	n/a
24.91357421875	0.3	0.0	1	51023	n/a
24.921875	0.3	1.0	2	51040	n/a
24.93017578125	0.3	0.0	1	51057	n/a
24.9384765625	0.3	0.0	1	51074	n/a
24.94677734375	0.3	1.0	2	51091	n/a
24.955078125	0.3	1.0	2	51108	n/a
24.96337890625	0.3	0.0	1	51125	n/a
24.9716796875	0.3	1.0	2	51142	n/a
24.97998046875	0.3	0.0	1	51159	n/a
24.98828125	0.3	0.0	1	51176	n/a
24.99658203125	0.3	1.0	2	51193	n/a
25.0048828125	0.3	1.0	2	51210	n/a
25.01318359375	0.3	0.0	1	51227	n/a
25.021484375	0.3	1.0	2	51244	n/a
25.02978515625	0.3	0.0	1	51261	n/a
25.03857421875	0.3	0.0	1	51279	n/a
25.046875	0.3	1.0	2	51296	n/a
25.05517578125	0.3	1.0	2	51313	n/a
25.0634765625	0.3	0.0	1	51330	n/a
25.07177734375	0.3	0.0	1	51347	n/a
25.080078125	0.3	1.0	2	51364	n/a
25.08837890625	0.3	0.0	1	51381	n/a
25.0966796875	0.3	1.0	2	51398	n/a
25.10498046875	0.3	0.0	1	51415	n/a
25.11328125	0.3	1.0	2	51432	n/a
25.12158203125	0.3	1.0	2	51449	n/a
25.1298828125	0.3	0.0	1	51466	n/a
25.13818359375	0.3	1.0	2	51483	n/a
25.146484375	0.3	0.0	1	51500	n/a
25.15478515625	0.3	0.0	1	51517	n/a
25.16357421875	0.3	1.0	2	51535	n/a
25.171875	0.3	1.0	2	51552	n/a
25.18017578125	0.3	0.0	1	51569	n/a
25.1884765625	0.3	1.0	2	51586	n/a
25.19677734375	0.3	0.0	1	51603	n/a
25.205078125	0.3	0.0	1	51620	n/a
25.21337890625	0.3	1.0	2	51637	n/a
25.2216796875	0.3	1.0	2	51654	n/a
25.22998046875	0.3	0.0	1	51671	n/a
25.23828125	0.3	1.0	2	51688	n/a
25.24658203125	0.3	0.0	1	51705	n/a
25.2548828125	0.3	0.0	1	51722	n/a
25.26318359375	0.3	1.0	2	51739	n/a
25.271484375	0.3	0.0	1	51756	n/a
25.27978515625	0.3	1.0	2	51773	n/a
25.28857421875	0.3	1.0	2	51791	n/a
25.296875	0.3	0.0	1	51808	n/a
25.30517578125	0.3	1.0	2	51825	n/a
25.3134765625	0.3	0.0	1	51842	n/a
25.32177734375	0.3	0.0	1	51859	n/a
25.330078125	0.3	1.0	2	51876	n/a
25.33837890625	0.3	1.0	2	51893	n/a
25.3466796875	0.3	0.0	1	51910	n/a
25.35498046875	0.3	0.0	1	51927	n/a
25.36328125	0.3	1.0	2	51944	n/a
25.37158203125	0.3	0.0	1	51961	n/a
25.3798828125	0.3	1.0	2	51978	n/a
25.38818359375	0.3	1.0	2	51995	n/a
25.396484375	0.3	0.0	1	52012	n/a
25.40478515625	0.3	1.0	2	52029	n/a
25.41357421875	0.3	0.0	1	52047	n/a
25.421875	0.3	0.0	1	52064	n/a
25.43017578125	0.3	1.0	2	52081	n/a
25.4384765625	0.3	1.0	2	52098	n/a
25.44677734375	0.3	0.0	1	52115	n/a
25.455078125	0.3	1.0	2	52132	n/a
25.46337890625	0.3	0.0	1	52149	n/a
25.4716796875	0.3	1.0	2	52166	n/a
25.47998046875	0.3	0.0	1	52183	n/a
25.48828125	0.3	1.0	2	52200	n/a
25.49658203125	0.3	0.0	1	52217	n/a
25.5048828125	0.3	0.0	1	52234	n/a
25.51318359375	0.3	1.0	2	52251	n/a
25.521484375	0.3	0.0	1	52268	n/a
25.52978515625	0.3	1.0	2	52285	n/a
25.53857421875	0.3	0.0	1	52303	n/a
25.546875	0.3	1.0	2	52320	n/a
25.55517578125	0.3	0.0	1	52337	n/a
25.5634765625	0.3	1.0	2	52354	n/a
25.57177734375	0.3	1.0	2	52371	n/a
25.580078125	0.3	0.0	1	52388	n/a
25.58837890625	0.3	0.0	1	52405	n/a
25.5966796875	0.3	1.0	2	52422	n/a
25.60498046875	0.3	0.0	1	52439	n/a
25.61328125	0.3	1.0	2	52456	n/a
25.62158203125	0.3	0.0	1	52473	n/a
25.6298828125	0.3	1.0	2	52490	n/a
25.63818359375	0.3	0.0	1	52507	n/a
25.646484375	0.3	1.0	2	52524	n/a
25.65478515625	0.3	1.0	2	52541	n/a
25.66357421875	0.3	0.0	1	52559	n/a
25.671875	0.3	0.0	1	52576	n/a
25.68017578125	0.3	1.0	2	52593	n/a
25.6884765625	0.3	0.0	1	52610	n/a
25.69677734375	0.3	1.0	2	52627	n/a
25.705078125	0.3	0.0	1	52644	n/a
25.71337890625	0.3	1.0	2	52661	n/a
25.7216796875	0.3	0.0	1	52678	n/a
25.72998046875	0.3	1.0	2	52695	n/a
25.73828125	0.3	0.0	1	52712	n/a
25.74658203125	0.3	1.0	2	52729	n/a
25.7548828125	0.3	1.0	2	52746	n/a
25.76318359375	0.3	0.0	1	52763	n/a
25.771484375	0.3	1.0	2	52780	n/a
25.77978515625	0.3	0.0	1	52797	n/a
25.78857421875	0.3	0.0	1	52815	n/a
25.796875	0.3	1.0	2	52832	n/a
25.80517578125	0.3	0.0	1	52849	n/a
25.8134765625	0.3	1.0	2	52866	n/a
25.82177734375	0.3	1.0	2	52883	n/a
25.830078125	0.3	0.0	1	52900	n/a
25.83837890625	0.3	1.0	2	52917	n/a
25.8466796875	0.3	0.0	1	52934	n/a
25.85498046875	0.3	1.0	2	52951	n/a
25.86328125	0.3	0.0	1	52968	n/a
25.87158203125	0.3	0.0	1	52985	n/a
25.8798828125	0.3	1.0	2	53002	n/a
25.88818359375	0.3	0.0	1	53019	n/a
25.896484375	0.3	1.0	2	53036	n/a
25.90478515625	0.3	1.0	2	53053	n/a
25.91357421875	0.3	0.0	1	53071	n/a
25.921875	0.3	1.0	2	53088	n/a
25.93017578125	0.3	0.0	1	53105	n/a
25.9384765625	0.3	0.0	1	53122	n/a
25.94677734375	0.3	1.0	2	53139	n/a
25.955078125	0.3	1.0	2	53156	n/a
25.96337890625	0.3	0.0	1	53173	n/a
25.9716796875	0.3	1.0	2	53190	n/a
25.97998046875	0.3	0.0	1	53207	n/a
25.98828125	0.3	0.0	1	53224	n/a
25.99658203125	0.3	1.0	2	53241	n/a
26.0048828125	0.3	1.0	2	53258	n/a
26.01318359375	0.3	0.0	1	53275	n/a
26.021484375	0.3	1.0	2	53292	n/a
26.02978515625	0.3	0.0	1	53309	n/a
26.03857421875	0.3	0.0	1	53327	n/a
26.046875	0.3	1.0	2	53344	n/a
26.05517578125	0.3	1.0	2	53361	n/a
26.0634765625	0.3	0.0	1	53378	n/a
26.07177734375	0.3	1.0	2	53395	n/a
26.080078125	0.3	0.0	1	53412	n/a
26.08837890625	0.3	0.0	1	53429	n/a
26.0966796875	0.3	1.0	2	53446	n/a
26.10498046875	0.3	1.0	2	53463	n/a
26.11328125	0.3	0.0	1	53480	n/a
26.12158203125	0.3	0.0	1	53497	n/a
26.1298828125	0.3	1.0	2	53514	n/a
26.13818359375	0.3	0.0	1	53531	n/a
26.146484375	0.3	1.0	2	53548	n/a
26.15478515625	0.3	0.0	1	53565	n/a
26.16357421875	0.3	1.0	2	53583	n/a
26.171875	0.3	1.0	2	53600	n/a
26.18017578125	0.3	0.0	1	53617	n/a
26.1884765625	0.3	1.0	2	53634	n/a
26.19677734375	0.3	0.0	1	53651	n/a
26.205078125	0.3	0.0	1	53668	n/a
26.21337890625	0.3	1.0	2	53685	n/a
26.2216796875	0.3	1.0	2	53702	n/a
26.22998046875	0.3	0.0	1	53719	n/a
26.23828125	0.3	1.0	2	53736	n/a
26.24658203125	0.3	0.0	1	53753	n/a
26.2548828125	0.3	0.0	1	53770	n/a
26.26318359375	0.3	1.0	2	53787	n/a
26.271484375	0.3	1.0	2	53804	n/a
26.27978515625	0.3	0.0	1	53821	n/a
26.28857421875	0.3	1.0	2	53839	n/a
26.296875	0.3	0.0	1	53856	n/a
26.30517578125	0.3	0.0	1	53873	n/a
26.3134765625	0.3	1.0	2	53890	n/a
26.32177734375	0.3	0.0	1	53907	n/a
26.330078125	0.3	1.0	2	53924	n/a
26.33837890625	0.3	1.0	2	53941	n/a
26.3466796875	0.3	0.0	1	53958	n/a
26.35498046875	0.3	1.0	2	53975	n/a
26.36328125	0.3	0.0	1	53992	n/a
26.37158203125	0.3	0.0	1	54009	n/a
26.3798828125	0.3	1.0	2	54026	n/a
26.38818359375	0.3	1.0	2	54043	n/a
26.396484375	0.3	0.0	1	54060	n/a
26.40478515625	0.3	0.0	1	54077	n/a
26.41357421875	0.3	1.0	2	54095	n/a
26.421875	0.3	0.0	1	54112	n/a
26.43017578125	0.3	1.0	2	54129	n/a
26.4384765625	0.3	1.0	2	54146	n/a
26.44677734375	0.3	0.0	1	54163	n/a
26.455078125	0.3	1.0	2	54180	n/a
26.46337890625	0.3	0.0	1	54197	n/a
26.4716796875	0.3	0.0	1	54214	n/a
26.47998046875	0.3	1.0	2	54231	n/a
26.48828125	0.3	1.0	2	54248	n/a
26.49658203125	0.3	0.0	1	54265	n/a
26.5048828125	0.3	1.0	2	54282	n/a
26.51318359375	0.3	0.0	1	54299	n/a
26.521484375	0.3	1.0	2	54316	n/a
26.52978515625	0.3	0.0	1	54333	n/a
26.53857421875	0.3	1.0	2	54351	n/a
26.546875	0.3	0.0	1	54368	n/a
26.55517578125	0.3	0.0	1	54385	n/a
26.5634765625	0.3	1.0	2	54402	n/a
26.57177734375	0.3	0.0	1	54419	n/a
26.580078125	0.3	1.0	2	54436	n/a
26.58837890625	0.3	0.0	1	54453	n/a
26.5966796875	0.3	1.0	2	54470	n/a
26.60498046875	0.3	0.0	1	54487	n/a
26.61328125	0.3	1.0	2	54504	n/a
26.62158203125	0.3	1.0	2	54521	n/a
26.6298828125	0.3	0.0	1	54538	n/a
26.63818359375	0.3	0.0	1	54555	n/a
26.646484375	0.3	1.0	2	54572	n/a
26.65478515625	0.3	0.0	1	54589	n/a
26.66357421875	0.3	1.0	2	54607	n/a
26.671875	0.3	0.0	1	54624	n/a
26.68017578125	0.3	1.0	2	54641	n/a
26.6884765625	0.3	0.0	1	54658	n/a
26.69677734375	0.3	1.0	2	54675	n/a
26.705078125	0.3	1.0	2	54692	n/a
26.71337890625	0.3	0.0	1	54709	n/a
26.7216796875	0.3	0.0	1	54726	n/a
26.72998046875	0.3	1.0	2	54743	n/a
26.73828125	0.3	0.0	1	54760	n/a
26.74658203125	0.3	1.0	2	54777	n/a
26.7548828125	0.3	0.0	1	54794	n/a
26.76318359375	0.3	1.0	2	54811	n/a
26.771484375	0.3	0.0	1	54828	n/a
26.77978515625	0.3	1.0	2	54845	n/a
26.78857421875	0.3	0.0	1	54863	n/a
26.796875	0.3	1.0	2	54880	n/a
26.80517578125	0.3	1.0	2	54897	n/a
26.8134765625	0.3	0.0	1	54914	n/a
26.82177734375	0.3	1.0	2	54931	n/a
26.830078125	0.3	0.0	1	54948	n/a
26.83837890625	0.3	0.0	1	54965	n/a
26.8466796875	0.3	1.0	2	54982	n/a
26.85498046875	0.3	0.0	1	54999	n/a
26.86328125	0.3	1.0	2	55016	n/a
26.87158203125	0.3	1.0	2	55033	n/a
26.8798828125	0.3	0.0	1	55050	n/a
26.88818359375	0.3	1.0	2	55067	n/a
26.896484375	0.3	0.0	1	55084	n/a
26.90478515625	0.3	1.0	2	55101	n/a
26.91357421875	0.3	0.0	1	55119	n/a
26.921875	0.3	0.0	1	55136	n/a
26.93017578125	0.3	1.0	2	55153	n/a
26.9384765625	0.3	0.0	1	55170	n/a
26.94677734375	0.3	1.0	2	55187	n/a
26.955078125	0.3	1.0	2	55204	n/a
26.96337890625	0.3	0.0	1	55221	n/a
26.9716796875	0.3	1.0	2	55238	n/a
26.97998046875	0.3	0.0	1	55255	n/a
26.98828125	0.3	0.0	1	55272	n/a
26.99658203125	0.3	1.0	2	55289	n/a
27.0048828125	0.3	1.0	2	55306	n/a
27.01318359375	0.3	0.0	1	55323	n/a
27.021484375	0.3	1.0	2	55340	n/a
27.02978515625	0.3	0.0	1	55357	n/a
27.03857421875	0.3	0.0	1	55375	n/a
27.046875	0.3	1.0	2	55392	n/a
27.05517578125	0.3	1.0	2	55409	n/a
27.0634765625	0.3	0.0	1	55426	n/a
27.07177734375	0.3	1.0	2	55443	n/a
27.080078125	0.3	0.0	1	55460	n/a
27.08837890625	0.3	0.0	1	55477	n/a
27.0966796875	0.3	1.0	2	55494	n/a
27.10498046875	0.3	1.0	2	55511	n/a
27.11328125	0.3	0.0	1	55528	n/a
27.12158203125	0.3	1.0	2	55545	n/a
27.1298828125	0.3	0.0	1	55562	n/a
27.13818359375	0.3	0.0	1	55579	n/a
27.146484375	0.3	1.0	2	55596	n/a
27.15478515625	0.3	1.0	2	55613	n/a
27.16357421875	0.3	0.0	1	55631	n/a
27.171875	0.3	0.0	1	55648	n/a
27.18017578125	0.3	1.0	2	55665	n/a
27.1884765625	0.3	0.0	1	55682	n/a
27.19677734375	0.3	1.0	2	55699	n/a
27.205078125	0.3	0.0	1	55716	n/a
27.21337890625	0.3	1.0	2	55733	n/a
27.2216796875	0.3	1.0	2	55750	n/a
27.22998046875	0.3	0.0	1	55767	n/a
27.23828125	0.3	1.0	2	55784	n/a
27.24658203125	0.3	0.0	1	55801	n/a
27.2548828125	0.3	0.0	1	55818	n/a
27.26318359375	0.3	1.0	2	55835	n/a
27.271484375	0.3	1.0	2	55852	n/a
27.27978515625	0.3	0.0	1	55869	n/a
27.28857421875	0.3	1.0	2	55887	n/a
27.296875	0.3	0.0	1	55904	n/a
27.30517578125	0.3	0.0	1	55921	n/a
27.3134765625	0.3	1.0	2	55938	n/a
27.32177734375	0.3	1.0	2	55955	n/a
27.330078125	0.3	0.0	1	55972	n/a
27.33837890625	0.3	1.0	2	55989	n/a
27.3466796875	0.3	0.0	1	56006	n/a
27.35498046875	0.3	0.0	1	56023	n/a
27.36328125	0.3	1.0	2	56040	n/a
27.37158203125	0.3	0.0	1	56057	n/a
27.3798828125	0.3	1.0	2	56074	n/a
27.38818359375	0.3	1.0	2	56091	n/a
27.396484375	0.3	0.0	1	56108	n/a
27.40478515625	0.3	1.0	2	56125	n/a
27.41357421875	0.3	0.0	1	56143	n/a
27.421875	0.3	0.0	1	56160	n/a
27.43017578125	0.3	1.0	2	56177	n/a
27.4384765625	0.3	1.0	2	56194	n/a
27.44677734375	0.3	0.0	1	56211	n/a
27.455078125	0.3	0.0	1	56228	n/a
27.46337890625	0.3	1.0	2	56245	n/a
27.4716796875	0.3	0.0	1	56262	n/a
27.47998046875	0.3	1.0	2	56279	n/a
27.48828125	0.3	1.0	2	56296	n/a
27.49658203125	0.3	0.0	1	56313	n/a
27.5048828125	0.3	1.0	2	56330	n/a
27.51318359375	0.3	0.0	1	56347	n/a
27.521484375	0.3	0.0	1	56364	n/a
27.52978515625	0.3	1.0	2	56381	n/a
27.53857421875	0.3	1.0	2	56399	n/a
27.546875	0.3	0.0	1	56416	n/a
27.55517578125	0.3	1.0	2	56433	n/a
27.5634765625	0.3	0.0	1	56450	n/a
27.57177734375	0.3	1.0	2	56467	n/a
27.580078125	0.3	0.0	1	56484	n/a
27.58837890625	0.3	1.0	2	56501	n/a
27.5966796875	0.3	0.0	1	56518	n/a
27.60498046875	0.3	0.0	1	56535	n/a
27.61328125	0.3	1.0	2	56552	n/a
27.62158203125	0.3	0.0	1	56569	n/a
27.6298828125	0.3	1.0	2	56586	n/a
27.63818359375	0.3	0.0	1	56603	n/a
27.646484375	0.3	1.0	2	56620	n/a
27.65478515625	0.3	0.0	1	56637	n/a
27.66357421875	0.3	1.0	2	56655	n/a
27.671875	0.3	1.0	2	56672	n/a
27.68017578125	0.3	0.0	1	56689	n/a
27.6884765625	0.3	0.0	1	56706	n/a
27.69677734375	0.3	1.0	2	56723	n/a
27.705078125	0.3	0.0	1	56740	n/a
27.71337890625	0.3	1.0	2	56757	n/a
27.7216796875	0.3	0.0	1	56774	n/a
27.72998046875	0.3	1.0	2	56791	n/a
27.73828125	0.3	0.0	1	56808	n/a
27.74658203125	0.3	1.0	2	56825	n/a
27.7548828125	0.3	1.0	2	56842	n/a
27.76318359375	0.3	0.0	1	56859	n/a
27.771484375	0.3	0.0	1	56876	n/a
27.77978515625	0.3	1.0	2	56893	n/a
27.78857421875	0.3	0.0	1	56911	n/a
27.796875	0.3	1.0	2	56928	n/a
27.80517578125	0.3	0.0	1	56945	n/a
27.8134765625	0.3	1.0	2	56962	n/a
27.82177734375	0.3	0.0	1	56979	n/a
27.830078125	0.3	1.0	2	56996	n/a
27.83837890625	0.3	0.0	1	57013	n/a
27.8466796875	0.3	1.0	2	57030	n/a
27.85498046875	0.3	1.0	2	57047	n/a
27.86328125	0.3	0.0	1	57064	n/a
27.87158203125	0.3	1.0	2	57081	n/a
27.8798828125	0.3	0.0	1	57098	n/a
27.88818359375	0.3	0.0	1	57115	n/a
27.896484375	0.3	1.0	2	57132	n/a
27.90478515625	0.3	0.0	1	57149	n/a
27.91357421875	0.3	1.0	2	57167	n/a
27.921875	0.3	1.0	2	57184	n/a
27.93017578125	0.3	0.0	1	57201	n/a
27.9384765625	0.3	1.0	2	57218	n/a
27.94677734375	0.3	0.0	1	57235	n/a
27.955078125	0.3	1.0	2	57252	n/a
27.96337890625	0.3	0.0	1	57269	n/a
27.9716796875	0.3	0.0	1	57286	n/a
27.97998046875	0.3	1.0	2	57303	n/a
27.98828125	0.3	0.0	1	57320	n/a
27.99658203125	0.3	1.0	2	57337	n/a
28.0048828125	0.3	1.0	2	57354	n/a
28.01318359375	0.3	0.0	1	57371	n/a
28.021484375	0.3	1.0	2	57388	n/a
28.02978515625	0.3	0.0	1	57405	n/a
28.03857421875	0.3	0.0	1	57423	n/a
28.046875	0.3	1.0	2	57440	n/a
28.05517578125	0.3	1.0	2	57457	n/a
28.0634765625	0.3	0.0	1	57474	n/a
28.07177734375	0.3	1.0	2	57491	n/a
28.080078125	0.3	0.0	1	57508	n/a
28.08837890625	0.3	0.0	1	57525	n/a
28.0966796875	0.3	1.0	2	57542	n/a
28.10498046875	0.3	1.0	2	57559	n/a
28.11328125	0.3	0.0	1	57576	n/a
28.12158203125	0.3	1.0	2	57593	n/a
28.1298828125	0.3	0.0	1	57610	n/a
28.13818359375	0.3	0.0	1	57627	n/a
28.146484375	0.3	1.0	2	57644	n/a
28.15478515625	0.3	1.0	2	57661	n/a
28.16357421875	0.3	0.0	1	57679	n/a
28.171875	0.3	1.0	2	57696	n/a
28.18017578125	0.3	0.0	1	57713	n/a
28.1884765625	0.3	0.0	1	57730	n/a
28.19677734375	0.3	1.0	2	57747	n/a
28.205078125	0.3	1.0	2	57764	n/a
28.21337890625	0.3	0.0	1	57781	n/a
28.2216796875	0.3	0.0	1	57798	n/a
28.22998046875	0.3	1.0	2	57815	n/a
28.23828125	0.3	0.0	1	57832	n/a
28.24658203125	0.3	1.0	2	57849	n/a
28.2548828125	0.3	0.0	1	57866	n/a
28.26318359375	0.3	1.0	2	57883	n/a
28.271484375	0.3	1.0	2	57900	n/a
28.27978515625	0.3	0.0	1	57917	n/a
28.28857421875	0.3	1.0	2	57935	n/a
28.296875	0.3	0.0	1	57952	n/a
28.30517578125	0.3	0.0	1	57969	n/a
28.3134765625	0.3	1.0	2	57986	n/a
28.32177734375	0.3	1.0	2	58003	n/a
28.330078125	0.3	0.0	1	58020	n/a
28.33837890625	0.3	1.0	2	58037	n/a
28.3466796875	0.3	0.0	1	58054	n/a
28.35498046875	0.3	0.0	1	58071	n/a
28.36328125	0.3	1.0	2	58088	n/a
28.37158203125	0.3	1.0	2	58105	n/a
28.3798828125	0.3	0.0	1	58122	n/a
28.38818359375	0.3	1.0	2	58139	n/a
28.396484375	0.3	0.0	1	58156	n/a
28.40478515625	0.3	0.0	1	58173	n/a
28.41357421875	0.3	1.0	2	58191	n/a
28.421875	0.3	0.0	1	58208	n/a
28.43017578125	0.3	1.0	2	58225	n/a
28.4384765625	0.3	1.0	2	58242	n/a
28.44677734375	0.3	0.0	1	58259	n/a
28.455078125	0.3	1.0	2	58276	n/a
28.46337890625	0.3	0.0	1	58293	n/a
28.4716796875	0.3	0.0	1	58310	n/a
28.47998046875	0.3	1.0	2	58327	n/a
28.48828125	0.3	1.0	2	58344	n/a
28.49658203125	0.3	0.0	1	58361	n/a
28.5048828125	0.3	0.0	1	58378	n/a
28.51318359375	0.3	1.0	2	58395	n/a
28.521484375	0.3	0.0	1	58412	n/a
28.52978515625	0.3	1.0	2	58429	n/a
28.53857421875	0.3	1.0	2	58447	n/a
28.546875	0.3	0.0	1	58464	n/a
28.55517578125	0.3	1.0	2	58481	n/a
28.5634765625	0.3	0.0	1	58498	n/a
28.57177734375	0.3	0.0	1	58515	n/a
28.580078125	0.3	1.0	2	58532	n/a
28.58837890625	0.3	1.0	2	58549	n/a
28.5966796875	0.3	0.0	1	58566	n/a
28.60498046875	0.3	1.0	2	58583	n/a
28.61328125	0.3	0.0	1	58600	n/a
28.62158203125	0.3	1.0	2	58617	n/a
28.6298828125	0.3	0.0	1	58634	n/a
28.63818359375	0.3	1.0	2	58651	n/a
28.646484375	0.3	0.0	1	58668	n/a
28.65478515625	0.3	0.0	1	58685	n/a
28.66357421875	0.3	1.0	2	58703	n/a
31.037109375	0.3	0.0	1	63564	34.0
31.04541015625	0.3	1.0	2	63581	n/a
31.0537109375	0.3	0.0	1	63598	n/a
31.06201171875	0.3	1.0	2	63615	n/a
31.0703125	0.3	1.0	2	63632	n/a
31.07861328125	0.3	0.0	1	63649	n/a
31.0869140625	0.3	0.0	1	63666	n/a
31.09521484375	0.3	1.0	2	63683	n/a
31.10400390625	0.3	1.0	2	63701	n/a
31.1123046875	0.3	0.0	1	63718	n/a
31.12060546875	0.3	1.0	2	63735	n/a
31.12890625	0.3	0.0	1	63752	n/a
31.13720703125	0.3	0.0	1	63769	n/a
31.1455078125	0.3	1.0	2	63786	n/a
31.15380859375	0.3	1.0	2	63803	n/a
31.162109375	0.3	0.0	1	63820	n/a
31.17041015625	0.3	0.0	1	63837	n/a
31.1787109375	0.3	1.0	2	63854	n/a
31.18701171875	0.3	1.0	2	63871	n/a
31.1953125	0.3	0.0	1	63888	n/a
31.20361328125	0.3	0.0	1	63905	n/a
31.2119140625	0.3	1.0	2	63922	n/a
31.22021484375	0.3	1.0	2	63939	n/a
31.22900390625	0.3	0.0	1	63957	n/a
31.2373046875	0.3	0.0	1	63974	n/a
31.24560546875	0.3	1.0	2	63991	n/a
31.25390625	0.3	1.0	2	64008	n/a
31.26220703125	0.3	0.0	1	64025	n/a
31.2705078125	0.3	0.0	1	64042	n/a
31.27880859375	0.3	1.0	2	64059	n/a
31.287109375	0.3	1.0	2	64076	n/a
31.29541015625	0.3	0.0	1	64093	n/a
31.3037109375	0.3	1.0	2	64110	n/a
31.31201171875	0.3	0.0	1	64127	n/a
31.3203125	0.3	0.0	1	64144	n/a
31.32861328125	0.3	1.0	2	64161	n/a
31.3369140625	0.3	1.0	2	64178	n/a
31.34521484375	0.3	0.0	1	64195	n/a
31.35400390625	0.3	0.0	1	64213	n/a
31.3623046875	0.3	1.0	2	64230	n/a
31.37060546875	0.3	0.0	1	64247	n/a
31.37890625	0.3	1.0	2	64264	n/a
31.38720703125	0.3	0.0	1	64281	n/a
31.3955078125	0.3	1.0	2	64298	n/a
31.40380859375	0.3	1.0	2	64315	n/a
31.412109375	0.3	0.0	1	64332	n/a
31.42041015625	0.3	0.0	1	64349	n/a
31.4287109375	0.3	1.0	2	64366	n/a
31.43701171875	0.3	1.0	2	64383	n/a
31.4453125	0.3	0.0	1	64400	n/a
31.45361328125	0.3	0.0	1	64417	n/a
31.4619140625	0.3	1.0	2	64434	n/a
31.47021484375	0.3	1.0	2	64451	n/a
31.47900390625	0.3	0.0	1	64469	n/a
31.4873046875	0.3	0.0	1	64486	n/a
31.49560546875	0.3	1.0	2	64503	n/a
31.50390625	0.3	0.0	1	64520	n/a
31.51220703125	0.3	1.0	2	64537	n/a
31.5205078125	0.3	1.0	2	64554	n/a
31.52880859375	0.3	0.0	1	64571	n/a
31.537109375	0.3	0.0	1	64588	n/a
31.54541015625	0.3	1.0	2	64605	n/a
31.5537109375	0.3	0.0	1	64622	n/a
31.56201171875	0.3	1.0	2	64639	n/a
31.5703125	0.3	1.0	2	64656	n/a
31.57861328125	0.3	0.0	1	64673	n/a
31.5869140625	0.3	1.0	2	64690	n/a
31.59521484375	0.3	0.0	1	64707	n/a
31.60400390625	0.3	0.0	1	64725	n/a
31.6123046875	0.3	1.0	2	64742	n/a
31.62060546875	0.3	0.0	1	64759	n/a
31.62890625	0.3	1.0	2	64776	n/a
31.63720703125	0.3	1.0	2	64793	n/a
31.6455078125	0.3	0.0	1	64810	n/a
31.65380859375	0.3	1.0	2	64827	n/a
31.662109375	0.3	0.0	1	64844	n/a
31.67041015625	0.3	0.0	1	64861	n/a
31.6787109375	0.3	1.0	2	64878	n/a
31.68701171875	0.3	1.0	2	64895	n/a
31.6953125	0.3	0.0	1	64912	n/a
31.70361328125	0.3	1.0	2	64929	n/a
31.7119140625	0.3	0.0	1	64946	n/a
31.72021484375	0.3	0.0	1	64963	n/a
31.72900390625	0.3	1.0	2	64981	n/a
31.7373046875	0.3	1.0	2	64998	n/a
31.74560546875	0.3	0.0	1	65015	n/a
31.75390625	0.3	0.0	1	65032	n/a
31.76220703125	0.3	1.0	2	65049	n/a
31.7705078125	0.3	0.0	1	65066	n/a
31.77880859375	0.3	1.0	2	65083	n/a
31.787109375	0.3	0.0	1	65100	n/a
31.79541015625	0.3	1.0	2	65117	n/a
31.8037109375	0.3	0.0	1	65134	n/a
31.81201171875	0.3	1.0	2	65151	n/a
31.8203125	0.3	1.0	2	65168	n/a
31.82861328125	0.3	0.0	1	65185	n/a
31.8369140625	0.3	1.0	2	65202	n/a
31.84521484375	0.3	0.0	1	65219	n/a
31.85400390625	0.3	0.0	1	65237	n/a
31.8623046875	0.3	1.0	2	65254	n/a
31.87060546875	0.3	0.0	1	65271	n/a
31.87890625	0.3	1.0	2	65288	n/a
31.88720703125	0.3	0.0	1	65305	n/a
31.8955078125	0.3	1.0	2	65322	n/a
31.90380859375	0.3	1.0	2	65339	n/a
31.912109375	0.3	0.0	1	65356	n/a
31.92041015625	0.3	1.0	2	65373	n/a
31.9287109375	0.3	0.0	1	65390	n/a
31.93701171875	0.3	0.0	1	65407	n/a
31.9453125	0.3	1.0	2	65424	n/a
31.95361328125	0.3	0.0	1	65441	n/a
31.9619140625	0.3	1.0	2	65458	n/a
31.97021484375	0.3	1.0	2	65475	n/a
31.97900390625	0.3	0.0	1	65493	n/a
31.9873046875	0.3	1.0	2	65510	n/a
31.99560546875	0.3	0.0	1	65527	n/a
32.00390625	0.3	1.0	2	65544	n/a
32.01220703125	0.3	0.0	1	65561	n/a
32.0205078125	0.3	1.0	2	65578	n/a
32.02880859375	0.3	0.0	1	65595	n/a
32.037109375	0.3	1.0	2	65612	n/a
32.04541015625	0.3	0.0	1	65629	n/a
32.0537109375	0.3	0.0	1	65646	n/a
32.06201171875	0.3	1.0	2	65663	n/a
32.0703125	0.3	1.0	2	65680	n/a
32.07861328125	0.3	0.0	1	65697	n/a
32.0869140625	0.3	0.0	1	65714	n/a
32.09521484375	0.3	1.0	2	65731	n/a
32.10400390625	0.3	0.0	1	65749	n/a
32.1123046875	0.3	1.0	2	65766	n/a
32.12060546875	0.3	1.0	2	65783	n/a
32.12890625	0.3	0.0	1	65800	n/a
32.13720703125	0.3	0.0	1	65817	n/a
32.1455078125	0.3	1.0	2	65834	n/a
32.15380859375	0.3	1.0	2	65851	n/a
32.162109375	0.3	0.0	1	65868	n/a
32.17041015625	0.3	1.0	2	65885	n/a
32.1787109375	0.3	0.0	1	65902	n/a
32.18701171875	0.3	0.0	1	65919	n/a
32.1953125	0.3	1.0	2	65936	n/a
32.20361328125	0.3	1.0	2	65953	n/a
32.2119140625	0.3	0.0	1	65970	n/a
32.22021484375	0.3	0.0	1	65987	n/a
32.22900390625	0.3	1.0	2	66005	n/a
32.2373046875	0.3	1.0	2	66022	n/a
32.24560546875	0.3	0.0	1	66039	n/a
32.25390625	0.3	0.0	1	66056	n/a
32.26220703125	0.3	1.0	2	66073	n/a
32.2705078125	0.3	1.0	2	66090	n/a
32.27880859375	0.3	0.0	1	66107	n/a
32.287109375	0.3	0.0	1	66124	n/a
32.29541015625	0.3	1.0	2	66141	n/a
32.3037109375	0.3	1.0	2	66158	n/a
32.31201171875	0.3	0.0	1	66175	n/a
32.3203125	0.3	0.0	1	66192	n/a
32.32861328125	0.3	1.0	2	66209	n/a
32.3369140625	0.3	1.0	2	66226	n/a
32.34521484375	0.3	0.0	1	66243	n/a
32.35400390625	0.3	1.0	2	66261	n/a
32.3623046875	0.3	0.0	1	66278	n/a
32.37060546875	0.3	0.0	1	66295	n/a
32.37890625	0.3	1.0	2	66312	n/a
32.38720703125	0.3	1.0	2	66329	n/a
32.3955078125	0.3	0.0	1	66346	n/a
32.40380859375	0.3	0.0	1	66363	n/a
32.412109375	0.3	1.0	2	66380	n/a
32.42041015625	0.3	0.0	1	66397	n/a
32.4287109375	0.3	1.0	2	66414	n/a
32.43701171875	0.3	0.0	1	66431	n/a
32.4453125	0.3	1.0	2	66448	n/a
32.45361328125	0.3	1.0	2	66465	n/a
32.4619140625	0.3	0.0	1	66482	n/a
32.47021484375	0.3	0.0	1	66499	n/a
32.47900390625	0.3	1.0	2	66517	n/a
32.4873046875	0.3	1.0	2	66534	n/a
32.49560546875	0.3	0.0	1	66551	n/a
32.50390625	0.3	0.0	1	66568	n/a
32.51220703125	0.3	1.0	2	66585	n/a
32.5205078125	0.3	1.0	2	66602	n/a
32.52880859375	0.3	0.0	1	66619	n/a
32.537109375	0.3	0.0	1	66636	n/a
32.54541015625	0.3	1.0	2	66653	n/a
32.5537109375	0.3	0.0	1	66670	n/a
32.56201171875	0.3	1.0	2	66687	n/a
32.5703125	0.3	1.0	2	66704	n/a
32.57861328125	0.3	0.0	1	66721	n/a
32.5869140625	0.3	0.0	1	66738	n/a
32.59521484375	0.3	1.0	2	66755	n/a
32.60400390625	0.3	0.0	1	66773	n/a
32.6123046875	0.3	1.0	2	66790	n/a
32.62060546875	0.3	1.0	2	66807	n/a
32.62890625	0.3	0.0	1	66824	n/a
32.63720703125	0.3	1.0	2	66841	n/a
32.6455078125	0.3	0.0	1	66858	n/a
32.65380859375	0.3	0.0	1	66875	n/a
32.662109375	0.3	1.0	2	66892	n/a
32.67041015625	0.3	0.0	1	66909	n/a
32.6787109375	0.3	1.0	2	66926	n/a
32.68701171875	0.3	1.0	2	66943	n/a
32.6953125	0.3	0.0	1	66960	n/a
32.70361328125	0.3	1.0	2	66977	n/a
32.7119140625	0.3	0.0	1	66994	n/a
32.72021484375	0.3	0.0	1	67011	n/a
32.72900390625	0.3	1.0	2	67029	n/a
32.7373046875	0.3	1.0	2	67046	n/a
32.74560546875	0.3	0.0	1	67063	n/a
32.75390625	0.3	1.0	2	67080	n/a
32.76220703125	0.3	0.0	1	67097	n/a
32.7705078125	0.3	0.0	1	67114	n/a
32.77880859375	0.3	1.0	2	67131	n/a
32.787109375	0.3	1.0	2	67148	n/a
32.79541015625	0.3	0.0	1	67165	n/a
32.8037109375	0.3	0.0	1	67182	n/a
32.81201171875	0.3	1.0	2	67199	n/a
32.8203125	0.3	0.0	1	67216	n/a
32.82861328125	0.3	1.0	2	67233	n/a
32.8369140625	0.3	0.0	1	67250	n/a
32.84521484375	0.3	1.0	2	67267	n/a
32.85400390625	0.3	0.0	1	67285	n/a
32.8623046875	0.3	1.0	2	67302	n/a
32.87060546875	0.3	1.0	2	67319	n/a
32.87890625	0.3	0.0	1	67336	n/a
32.88720703125	0.3	1.0	2	67353	n/a
32.8955078125	0.3	0.0	1	67370	n/a
32.90380859375	0.3	0.0	1	67387	n/a
32.912109375	0.3	1.0	2	67404	n/a
32.92041015625	0.3	0.0	1	67421	n/a
32.9287109375	0.3	1.0	2	67438	n/a
32.93701171875	0.3	0.0	1	67455	n/a
32.9453125	0.3	1.0	2	67472	n/a
32.95361328125	0.3	1.0	2	67489	n/a
32.9619140625	0.3	0.0	1	67506	n/a
32.97021484375	0.3	1.0	2	67523	n/a
32.97900390625	0.3	0.0	1	67541	n/a
32.9873046875	0.3	0.0	1	67558	n/a
32.99560546875	0.3	1.0	2	67575	n/a
33.00390625	0.3	0.0	1	67592	n/a
33.01220703125	0.3	1.0	2	67609	n/a
33.0205078125	0.3	1.0	2	67626	n/a
33.02880859375	0.3	0.0	1	67643	n/a
33.037109375	0.3	1.0	2	67660	n/a
33.04541015625	0.3	0.0	1	67677	n/a
33.0537109375	0.3	1.0	2	67694	n/a
33.06201171875	0.3	0.0	1	67711	n/a
33.0703125	0.3	1.0	2	67728	n/a
33.07861328125	0.3	0.0	1	67745	n/a
33.0869140625	0.3	1.0	2	67762	n/a
33.09521484375	0.3	0.0	1	67779	n/a
33.10400390625	0.3	0.0	1	67797	n/a
33.1123046875	0.3	1.0	2	67814	n/a
33.12060546875	0.3	1.0	2	67831	n/a
33.12890625	0.3	0.0	1	67848	n/a
33.13720703125	0.3	0.0	1	67865	n/a
33.1455078125	0.3	1.0	2	67882	n/a
33.15380859375	0.3	0.0	1	67899	n/a
33.162109375	0.3	1.0	2	67916	n/a
33.17041015625	0.3	1.0	2	67933	n/a
33.1787109375	0.3	0.0	1	67950	n/a
33.18701171875	0.3	0.0	1	67967	n/a
33.1953125	0.3	1.0	2	67984	n/a
33.20361328125	0.3	1.0	2	68001	n/a
33.2119140625	0.3	0.0	1	68018	n/a
33.22021484375	0.3	1.0	2	68035	n/a
33.22900390625	0.3	0.0	1	68053	n/a
33.2373046875	0.3	0.0	1	68070	n/a
33.24560546875	0.3	1.0	2	68087	n/a
33.25390625	0.3	1.0	2	68104	n/a
33.26220703125	0.3	0.0	1	68121	n/a
33.2705078125	0.3	0.0	1	68138	n/a
33.27880859375	0.3	1.0	2	68155	n/a
33.287109375	0.3	1.0	2	68172	n/a
33.29541015625	0.3	0.0	1	68189	n/a
33.3037109375	0.3	0.0	1	68206	n/a
33.31201171875	0.3	1.0	2	68223	n/a
33.3203125	0.3	1.0	2	68240	n/a
33.32861328125	0.3	0.0	1	68257	n/a
33.3369140625	0.3	0.0	1	68274	n/a
33.34521484375	0.3	1.0	2	68291	n/a
33.35400390625	0.3	1.0	2	68309	n/a
33.3623046875	0.3	0.0	1	68326	n/a
33.37060546875	0.3	0.0	1	68343	n/a
33.37890625	0.3	1.0	2	68360	n/a
33.38720703125	0.3	1.0	2	68377	n/a
33.3955078125	0.3	0.0	1	68394	n/a
33.40380859375	0.3	1.0	2	68411	n/a
33.412109375	0.3	0.0	1	68428	n/a
33.42041015625	0.3	0.0	1	68445	n/a
33.4287109375	0.3	1.0	2	68462	n/a
33.43701171875	0.3	1.0	2	68479	n/a
33.4453125	0.3	0.0	1	68496	n/a
33.45361328125	0.3	0.0	1	68513	n/a
33.4619140625	0.3	1.0	2	68530	n/a
33.47021484375	0.3	0.0	1	68547	n/a
33.47900390625	0.3	1.0	2	68565	n/a
33.4873046875	0.3	0.0	1	68582	n/a
33.49560546875	0.3	1.0	2	68599	n/a
33.50390625	0.3	1.0	2	68616	n/a
33.51220703125	0.3	0.0	1	68633	n/a
33.5205078125	0.3	0.0	1	68650	n/a
33.52880859375	0.3	1.0	2	68667	n/a
33.537109375	0.3	1.0	2	68684	n/a
33.54541015625	0.3	0.0	1	68701	n/a
33.5537109375	0.3	0.0	1	68718	n/a
33.56201171875	0.3	1.0	2	68735	n/a
33.5703125	0.3	1.0	2	68752	n/a
33.57861328125	0.3	0.0	1	68769	n/a
33.5869140625	0.3	0.0	1	68786	n/a
33.59521484375	0.3	1.0	2	68803	n/a
33.60400390625	0.3	0.0	1	68821	n/a
33.6123046875	0.3	1.0	2	68838	n/a
33.62060546875	0.3	1.0	2	68855	n/a
33.62890625	0.3	0.0	1	68872	n/a
33.63720703125	0.3	0.0	1	68889	n/a
33.6455078125	0.3	1.0	2	68906	n/a
33.65380859375	0.3	0.0	1	68923	n/a
33.662109375	0.3	1.0	2	68940	n/a
33.67041015625	0.3	1.0	2	68957	n/a
33.6787109375	0.3	0.0	1	68974	n/a
33.68701171875	0.3	1.0	2	68991	n/a
33.6953125	0.3	0.0	1	69008	n/a
33.70361328125	0.3	0.0	1	69025	n/a
33.7119140625	0.3	1.0	2	69042	n/a
33.72021484375	0.3	0.0	1	69059	n/a
33.72900390625	0.3	1.0	2	69077	n/a
33.7373046875	0.3	1.0	2	69094	n/a
33.74560546875	0.3	0.0	1	69111	n/a
33.75390625	0.3	1.0	2	69128	n/a
33.76220703125	0.3	0.0	1	69145	n/a
33.7705078125	0.3	0.0	1	69162	n/a
33.77880859375	0.3	1.0	2	69179	n/a
33.787109375	0.3	1.0	2	69196	n/a
33.79541015625	0.3	0.0	1	69213	n/a
33.8037109375	0.3	1.0	2	69230	n/a
33.81201171875	0.3	0.0	1	69247	n/a
33.8203125	0.3	0.0	1	69264	n/a
33.82861328125	0.3	1.0	2	69281	n/a
33.8369140625	0.3	1.0	2	69298	n/a
33.84521484375	0.3	0.0	1	69315	n/a
33.85400390625	0.3	0.0	1	69333	n/a
33.8623046875	0.3	1.0	2	69350	n/a
33.87060546875	0.3	0.0	1	69367	n/a
33.87890625	0.3	1.0	2	69384	n/a
33.88720703125	0.3	0.0	1	69401	n/a
33.8955078125	0.3	1.0	2	69418	n/a
33.90380859375	0.3	0.0	1	69435	n/a
33.912109375	0.3	1.0	2	69452	n/a
33.92041015625	0.3	1.0	2	69469	n/a
33.9287109375	0.3	0.0	1	69486	n/a
33.93701171875	0.3	1.0	2	69503	n/a
33.9453125	0.3	0.0	1	69520	n/a
33.95361328125	0.3	0.0	1	69537	n/a
33.9619140625	0.3	1.0	2	69554	n/a
33.97021484375	0.3	0.0	1	69571	n/a
33.97900390625	0.3	1.0	2	69589	n/a
33.9873046875	0.3	0.0	1	69606	n/a
33.99560546875	0.3	1.0	2	69623	n/a
34.00390625	0.3	1.0	2	69640	n/a
34.01220703125	0.3	0.0	1	69657	n/a
34.0205078125	0.3	1.0	2	69674	n/a
34.02880859375	0.3	0.0	1	69691	n/a
34.037109375	0.3	0.0	1	69708	n/a
34.04541015625	0.3	1.0	2	69725	n/a
34.0537109375	0.3	0.0	1	69742	n/a
34.06201171875	0.3	1.0	2	69759	n/a
34.0703125	0.3	1.0	2	69776	n/a
34.07861328125	0.3	0.0	1	69793	n/a
34.0869140625	0.3	1.0	2	69810	n/a
34.09521484375	0.3	0.0	1	69827	n/a
34.10400390625	0.3	1.0	2	69845	n/a
34.1123046875	0.3	0.0	1	69862	n/a
34.12060546875	0.3	1.0	2	69879	n/a
34.12890625	0.3	0.0	1	69896	n/a
34.13720703125	0.3	1.0	2	69913	n/a
34.1455078125	0.3	0.0	1	69930	n/a
34.15380859375	0.3	0.0	1	69947	n/a
34.162109375	0.3	1.0	2	69964	n/a
34.17041015625	0.3	1.0	2	69981	n/a
34.1787109375	0.3	0.0	1	69998	n/a
34.18701171875	0.3	0.0	1	70015	n/a
34.1953125	0.3	1.0	2	70032	n/a
34.20361328125	0.3	0.0	1	70049	n/a
34.2119140625	0.3	1.0	2	70066	n/a
34.22021484375	0.3	1.0	2	70083	n/a
34.22900390625	0.3	0.0	1	70101	n/a
34.2373046875	0.3	0.0	1	70118	n/a
34.24560546875	0.3	1.0	2	70135	n/a
34.25390625	0.3	1.0	2	70152	n/a
34.26220703125	0.3	0.0	1	70169	n/a
34.2705078125	0.3	1.0	2	70186	n/a
34.27880859375	0.3	0.0	1	70203	n/a
34.287109375	0.3	0.0	1	70220	n/a
34.29541015625	0.3	1.0	2	70237	n/a
34.3037109375	0.3	1.0	2	70254	n/a
34.31201171875	0.3	0.0	1	70271	n/a
34.3203125	0.3	0.0	1	70288	n/a
34.32861328125	0.3	1.0	2	70305	n/a
34.3369140625	0.3	1.0	2	70322	n/a
34.34521484375	0.3	0.0	1	70339	n/a
34.35400390625	0.3	0.0	1	70357	n/a
34.3623046875	0.3	1.0	2	70374	n/a
34.37060546875	0.3	1.0	2	70391	n/a
34.37890625	0.3	0.0	1	70408	n/a
34.38720703125	0.3	0.0	1	70425	n/a
34.3955078125	0.3	1.0	2	70442	n/a
34.40380859375	0.3	1.0	2	70459	n/a
34.412109375	0.3	0.0	1	70476	n/a
34.42041015625	0.3	0.0	1	70493	n/a
34.4287109375	0.3	1.0	2	70510	n/a
34.43701171875	0.3	1.0	2	70527	n/a
34.4453125	0.3	0.0	1	70544	n/a
34.45361328125	0.3	1.0	2	70561	n/a
34.4619140625	0.3	0.0	1	70578	n/a
34.47021484375	0.3	0.0	1	70595	n/a
34.47900390625	0.3	1.0	2	70613	n/a
34.4873046875	0.3	1.0	2	70630	n/a
34.49560546875	0.3	0.0	1	70647	n/a
34.50390625	0.3	0.0	1	70664	n/a
34.51220703125	0.3	1.0	2	70681	n/a
34.5205078125	0.3	0.0	1	70698	n/a
34.52880859375	0.3	1.0	2	70715	n/a
34.537109375	0.3	0.0	1	70732	n/a
34.54541015625	0.3	1.0	2	70749	n/a
34.5537109375	0.3	1.0	2	70766	n/a
34.56201171875	0.3	0.0	1	70783	n/a
34.5703125	0.3	0.0	1	70800	n/a
34.57861328125	0.3	1.0	2	70817	n/a
34.5869140625	0.3	1.0	2	70834	n/a
34.59521484375	0.3	0.0	1	70851	n/a
34.60400390625	0.3	0.0	1	70869	n/a
34.6123046875	0.3	1.0	2	70886	n/a
34.62060546875	0.3	1.0	2	70903	n/a
34.62890625	0.3	0.0	1	70920	n/a
34.63720703125	0.3	0.0	1	70937	n/a
34.6455078125	0.3	1.0	2	70954	n/a
34.65380859375	0.3	0.0	1	70971	n/a
34.662109375	0.3	1.0	2	70988	n/a
34.67041015625	0.3	1.0	2	71005	n/a
34.6787109375	0.3	0.0	1	71022	n/a
34.68701171875	0.3	0.0	1	71039	n/a
34.6953125	0.3	1.0	2	71056	n/a
34.70361328125	0.3	0.0	1	71073	n/a
34.7119140625	0.3	1.0	2	71090	n/a
34.72021484375	0.3	1.0	2	71107	n/a
34.72900390625	0.3	0.0	1	71125	n/a
34.7373046875	0.3	1.0	2	71142	n/a
34.74560546875	0.3	0.0	1	71159	n/a
34.75390625	0.3	0.0	1	71176	n/a
34.76220703125	0.3	1.0	2	71193	n/a
34.7705078125	0.3	0.0	1	71210	n/a
34.77880859375	0.3	1.0	2	71227	n/a
34.787109375	0.3	1.0	2	71244	n/a
34.79541015625	0.3	0.0	1	71261	n/a
34.8037109375	0.3	1.0	2	71278	n/a
34.81201171875	0.3	0.0	1	71295	n/a
34.8203125	0.3	0.0	1	71312	n/a
34.82861328125	0.3	1.0	2	71329	n/a
34.8369140625	0.3	1.0	2	71346	n/a
34.84521484375	0.3	0.0	1	71363	n/a
34.85400390625	0.3	1.0	2	71381	n/a
34.8623046875	0.3	0.0	1	71398	n/a
34.87060546875	0.3	0.0	1	71415	n/a
34.87890625	0.3	1.0	2	71432	n/a
34.88720703125	0.3	1.0	2	71449	n/a
34.8955078125	0.3	0.0	1	71466	n/a
34.90380859375	0.3	0.0	1	71483	n/a
34.912109375	0.3	1.0	2	71500	n/a
34.92041015625	0.3	0.0	1	71517	n/a
34.9287109375	0.3	1.0	2	71534	n/a
34.93701171875	0.3	0.0	1	71551	n/a
34.9453125	0.3	1.0	2	71568	n/a
34.95361328125	0.3	0.0	1	71585	n/a
34.9619140625	0.3	1.0	2	71602	n/a
34.97021484375	0.3	1.0	2	71619	n/a
34.97900390625	0.3	0.0	1	71637	n/a
34.9873046875	0.3	1.0	2	71654	n/a
34.99560546875	0.3	0.0	1	71671	n/a
35.00390625	0.3	0.0	1	71688	n/a
35.01220703125	0.3	1.0	2	71705	n/a
35.0205078125	0.3	0.0	1	71722	n/a
35.02880859375	0.3	1.0	2	71739	n/a
35.037109375	0.3	0.0	1	71756	n/a
35.04541015625	0.3	1.0	2	71773	n/a
35.0537109375	0.3	1.0	2	71790	n/a
35.06201171875	0.3	0.0	1	71807	n/a
35.0703125	0.3	1.0	2	71824	n/a
35.07861328125	0.3	0.0	1	71841	n/a
35.0869140625	0.3	0.0	1	71858	n/a
35.09521484375	0.3	1.0	2	71875	n/a
35.10400390625	0.3	0.0	1	71893	n/a
35.1123046875	0.3	1.0	2	71910	n/a
35.12060546875	0.3	1.0	2	71927	n/a
35.12890625	0.3	0.0	1	71944	n/a
35.13720703125	0.3	1.0	2	71961	n/a
35.1455078125	0.3	0.0	1	71978	n/a
35.15380859375	0.3	1.0	2	71995	n/a
35.162109375	0.3	0.0	1	72012	n/a
35.17041015625	0.3	1.0	2	72029	n/a
35.1787109375	0.3	0.0	1	72046	n/a
35.18701171875	0.3	1.0	2	72063	n/a
35.1953125	0.3	0.0	1	72080	n/a
35.20361328125	0.3	0.0	1	72097	n/a
35.2119140625	0.3	1.0	2	72114	n/a
35.22021484375	0.3	1.0	2	72131	n/a
35.22900390625	0.3	0.0	1	72149	n/a
37.6044921875	0.3	1.0	2	77014	0.0
37.61279296875	0.3	0.0	1	77031	n/a
37.62109375	0.3	1.0	2	77048	n/a
37.62939453125	0.3	0.0	1	77065	n/a
37.6376953125	0.3	0.0	1	77082	n/a
37.64599609375	0.3	1.0	2	77099	n/a
37.654296875	0.3	1.0	2	77116	n/a
37.66259765625	0.3	0.0	1	77133	n/a
37.67138671875	0.3	1.0	2	77151	n/a
37.6796875	0.3	0.0	1	77168	n/a
37.68798828125	0.3	1.0	2	77185	n/a
37.6962890625	0.3	0.0	1	77202	n/a
37.70458984375	0.3	1.0	2	77219	n/a
37.712890625	0.3	0.0	1	77236	n/a
37.72119140625	0.3	1.0	2	77253	n/a
37.7294921875	0.3	0.0	1	77270	n/a
37.73779296875	0.3	1.0	2	77287	n/a
37.74609375	0.3	0.0	1	77304	n/a
37.75439453125	0.3	1.0	2	77321	n/a
37.7626953125	0.3	0.0	1	77338	n/a
37.77099609375	0.3	1.0	2	77355	n/a
37.779296875	0.3	0.0	1	77372	n/a
37.78759765625	0.3	1.0	2	77389	n/a
37.79638671875	0.3	0.0	1	77407	n/a
37.8046875	0.3	0.0	1	77424	n/a
37.81298828125	0.3	1.0	2	77441	n/a
37.8212890625	0.3	1.0	2	77458	n/a
37.82958984375	0.3	0.0	1	77475	n/a
37.837890625	0.3	1.0	2	77492	n/a
37.84619140625	0.3	0.0	1	77509	n/a
37.8544921875	0.3	0.0	1	77526	n/a
37.86279296875	0.3	1.0	2	77543	n/a
37.87109375	0.3	1.0	2	77560	n/a
37.87939453125	0.3	0.0	1	77577	n/a
37.8876953125	0.3	0.0	1	77594	n/a
37.89599609375	0.3	1.0	2	77611	n/a
37.904296875	0.3	0.0	1	77628	n/a
37.91259765625	0.3	1.0	2	77645	n/a
37.92138671875	0.3	1.0	2	77663	n/a
37.9296875	0.3	0.0	1	77680	n/a
37.93798828125	0.3	1.0	2	77697	n/a
37.9462890625	0.3	0.0	1	77714	n/a
37.95458984375	0.3	1.0	2	77731	n/a
37.962890625	0.3	0.0	1	77748	n/a
37.97119140625	0.3	1.0	2	77765	n/a
37.9794921875	0.3	0.0	1	77782	n/a
37.98779296875	0.3	1.0	2	77799	n/a
37.99609375	0.3	0.0	1	77816	n/a
38.00439453125	0.3	0.0	1	77833	n/a
38.0126953125	0.3	1.0	2	77850	n/a
38.02099609375	0.3	1.0	2	77867	n/a
38.029296875	0.3	0.0	1	77884	n/a
38.03759765625	0.3	1.0	2	77901	n/a
38.04638671875	0.3	0.0	1	77919	n/a
38.0546875	0.3	1.0	2	77936	n/a
38.06298828125	0.3	0.0	1	77953	n/a
38.0712890625	0.3	0.0	1	77970	n/a
38.07958984375	0.3	1.0	2	77987	n/a
38.087890625	0.3	0.0	1	78004	n/a
38.09619140625	0.3	1.0	2	78021	n/a
38.1044921875	0.3	1.0	2	78038	n/a
38.11279296875	0.3	0.0	1	78055	n/a
38.12109375	0.3	0.0	1	78072	n/a
38.12939453125	0.3	1.0	2	78089	n/a
38.1376953125	0.3	0.0	1	78106	n/a
38.14599609375	0.3	1.0	2	78123	n/a
38.154296875	0.3	1.0	2	78140	n/a
38.16259765625	0.3	0.0	1	78157	n/a
38.17138671875	0.3	0.0	1	78175	n/a
38.1796875	0.3	1.0	2	78192	n/a
38.18798828125	0.3	1.0	2	78209	n/a
38.1962890625	0.3	0.0	1	78226	n/a
38.20458984375	0.3	0.0	1	78243	n/a
38.212890625	0.3	1.0	2	78260	n/a
38.22119140625	0.3	1.0	2	78277	n/a
38.2294921875	0.3	0.0	1	78294	n/a
38.23779296875	0.3	1.0	2	78311	n/a
38.24609375	0.3	0.0	1	78328	n/a
38.25439453125	0.3	0.0	1	78345	n/a
38.2626953125	0.3	1.0	2	78362	n/a
38.27099609375	0.3	1.0	2	78379	n/a
38.279296875	0.3	0.0	1	78396	n/a
38.28759765625	0.3	0.0	1	78413	n/a
38.29638671875	0.3	1.0	2	78431	n/a
38.3046875	0.3	1.0	2	78448	n/a
38.31298828125	0.3	0.0	1	78465	n/a
38.3212890625	0.3	1.0	2	78482	n/a
38.32958984375	0.3	0.0	1	78499	n/a
38.337890625	0.3	0.0	1	78516	n/a
38.34619140625	0.3	1.0	2	78533	n/a
38.3544921875	0.3	0.0	1	78550	n/a
38.36279296875	0.3	1.0	2	78567	n/a
38.37109375	0.3	1.0	2	78584	n/a
38.37939453125	0.3	0.0	1	78601	n/a
38.3876953125	0.3	1.0	2	78618	n/a
38.39599609375	0.3	0.0	1	78635	n/a
38.404296875	0.3	1.0	2	78652	n/a
38.41259765625	0.3	0.0	1	78669	n/a
38.42138671875	0.3	0.0	1	78687	n/a
38.4296875	0.3	1.0	2	78704	n/a
38.43798828125	0.3	0.0	1	78721	n/a
38.4462890625	0.3	1.0	2	78738	n/a
38.45458984375	0.3	1.0	2	78755	n/a
38.462890625	0.3	0.0	1	78772	n/a
38.47119140625	0.3	0.0	1	78789	n/a
38.4794921875	0.3	1.0	2	78806	n/a
38.48779296875	0.3	0.0	1	78823	n/a
38.49609375	0.3	1.0	2	78840	n/a
38.50439453125	0.3	0.0	1	78857	n/a
38.5126953125	0.3	1.0	2	78874	n/a
38.52099609375	0.3	0.0	1	78891	n/a
38.529296875	0.3	1.0	2	78908	n/a
38.53759765625	0.3	1.0	2	78925	n/a
38.54638671875	0.3	0.0	1	78943	n/a
38.5546875	0.3	1.0	2	78960	n/a
38.56298828125	0.3	0.0	1	78977	n/a
38.5712890625	0.3	1.0	2	78994	n/a
38.57958984375	0.3	0.0	1	79011	n/a
38.587890625	0.3	0.0	1	79028	n/a
38.59619140625	0.3	1.0	2	79045	n/a
38.6044921875	0.3	1.0	2	79062	n/a
38.61279296875	0.3	0.0	1	79079	n/a
38.62109375	0.3	1.0	2	79096	n/a
38.62939453125	0.3	0.0	1	79113	n/a
38.6376953125	0.3	0.0	1	79130	n/a
38.64599609375	0.3	1.0	2	79147	n/a
38.654296875	0.3	1.0	2	79164	n/a
38.66259765625	0.3	0.0	1	79181	n/a
38.67138671875	0.3	1.0	2	79199	n/a
38.6796875	0.3	0.0	1	79216	n/a
38.68798828125	0.3	0.0	1	79233	n/a
38.6962890625	0.3	1.0	2	79250	n/a
38.70458984375	0.3	1.0	2	79267	n/a
38.712890625	0.3	0.0	1	79284	n/a
38.72119140625	0.3	1.0	2	79301	n/a
38.7294921875	0.3	0.0	1	79318	n/a
38.73779296875	0.3	1.0	2	79335	n/a
38.74609375	0.3	0.0	1	79352	n/a
38.75439453125	0.3	1.0	2	79369	n/a
38.7626953125	0.3	0.0	1	79386	n/a
38.77099609375	0.3	1.0	2	79403	n/a
38.779296875	0.3	0.0	1	79420	n/a
38.78759765625	0.3	1.0	2	79437	n/a
38.79638671875	0.3	0.0	1	79455	n/a
38.8046875	0.3	1.0	2	79472	n/a
38.81298828125	0.3	0.0	1	79489	n/a
38.8212890625	0.3	1.0	2	79506	n/a
38.82958984375	0.3	0.0	1	79523	n/a
38.837890625	0.3	1.0	2	79540	n/a
38.84619140625	0.3	0.0	1	79557	n/a
38.8544921875	0.3	0.0	1	79574	n/a
38.86279296875	0.3	1.0	2	79591	n/a
38.87109375	0.3	1.0	2	79608	n/a
38.87939453125	0.3	0.0	1	79625	n/a
38.8876953125	0.3	1.0	2	79642	n/a
38.89599609375	0.3	0.0	1	79659	n/a
38.904296875	0.3	0.0	1	79676	n/a
38.91259765625	0.3	1.0	2	79693	n/a
38.92138671875	0.3	1.0	2	79711	n/a
38.9296875	0.3	0.0	1	79728	n/a
38.93798828125	0.3	0.0	1	79745	n/a
38.9462890625	0.3	1.0	2	79762	n/a
38.95458984375	0.3	0.0	1	79779	n/a
38.962890625	0.3	1.0	2	79796	n/a
38.97119140625	0.3	1.0	2	79813	n/a
38.9794921875	0.3	0.0	1	79830	n/a
38.98779296875	0.3	1.0	2	79847	n/a
38.99609375	0.3	0.0	1	79864	n/a
39.00439453125	0.3	1.0	2	79881	n/a
39.0126953125	0.3	0.0	1	79898	n/a
39.02099609375	0.3	1.0	2	79915	n/a
39.029296875	0.3	0.0	1	79932	n/a
39.03759765625	0.3	1.0	2	79949	n/a
39.04638671875	0.3	0.0	1	79967	n/a
39.0546875	0.3	0.0	1	79984	n/a
39.06298828125	0.3	1.0	2	80001	n/a
39.0712890625	0.3	1.0	2	80018	n/a
39.07958984375	0.3	0.0	1	80035	n/a
39.087890625	0.3	1.0	2	80052	n/a
39.09619140625	0.3	0.0	1	80069	n/a
39.1044921875	0.3	1.0	2	80086	n/a
39.11279296875	0.3	0.0	1	80103	n/a
39.12109375	0.3	0.0	1	80120	n/a
39.12939453125	0.3	1.0	2	80137	n/a
39.1376953125	0.3	0.0	1	80154	n/a
39.14599609375	0.3	1.0	2	80171	n/a
39.154296875	0.3	1.0	2	80188	n/a
39.16259765625	0.3	0.0	1	80205	n/a
39.17138671875	0.3	0.0	1	80223	n/a
39.1796875	0.3	1.0	2	80240	n/a
39.18798828125	0.3	0.0	1	80257	n/a
39.1962890625	0.3	1.0	2	80274	n/a
39.20458984375	0.3	1.0	2	80291	n/a
39.212890625	0.3	0.0	1	80308	n/a
39.22119140625	0.3	0.0	1	80325	n/a
39.2294921875	0.3	1.0	2	80342	n/a
39.23779296875	0.3	1.0	2	80359	n/a
39.24609375	0.3	0.0	1	80376	n/a
39.25439453125	0.3	0.0	1	80393	n/a
39.2626953125	0.3	1.0	2	80410	n/a
39.27099609375	0.3	1.0	2	80427	n/a
39.279296875	0.3	0.0	1	80444	n/a
39.28759765625	0.3	1.0	2	80461	n/a
39.29638671875	0.3	0.0	1	80479	n/a
39.3046875	0.3	0.0	1	80496	n/a
39.31298828125	0.3	1.0	2	80513	n/a
39.3212890625	0.3	1.0	2	80530	n/a
39.32958984375	0.3	0.0	1	80547	n/a
39.337890625	0.3	0.0	1	80564	n/a
39.34619140625	0.3	1.0	2	80581	n/a
39.3544921875	0.3	1.0	2	80598	n/a
39.36279296875	0.3	0.0	1	80615	n/a
39.37109375	0.3	1.0	2	80632	n/a
39.37939453125	0.3	0.0	1	80649	n/a
39.3876953125	0.3	0.0	1	80666	n/a
39.39599609375	0.3	1.0	2	80683	n/a
39.404296875	0.3	0.0	1	80700	n/a
39.41259765625	0.3	1.0	2	80717	n/a
39.42138671875	0.3	1.0	2	80735	n/a
39.4296875	0.3	0.0	1	80752	n/a
39.43798828125	0.3	1.0	2	80769	n/a
39.4462890625	0.3	0.0	1	80786	n/a
39.45458984375	0.3	1.0	2	80803	n/a
39.462890625	0.3	0.0	1	80820	n/a
39.47119140625	0.3	0.0	1	80837	n/a
39.4794921875	0.3	1.0	2	80854	n/a
39.48779296875	0.3	0.0	1	80871	n/a
39.49609375	0.3	1.0	2	80888	n/a
39.50439453125	0.3	1.0	2	80905	n/a
39.5126953125	0.3	0.0	1	80922	n/a
39.52099609375	0.3	0.0	1	80939	n/a
39.529296875	0.3	1.0	2	80956	n/a
39.53759765625	0.3	0.0	1	80973	n/a
39.54638671875	0.3	1.0	2	80991	n/a
39.5546875	0.3	0.0	1	81008	n/a
39.56298828125	0.3	1.0	2	81025	n/a
39.5712890625	0.3	0.0	1	81042	n/a
39.57958984375	0.3	1.0	2	81059	n/a
39.587890625	0.3	1.0	2	81076	n/a
39.59619140625	0.3	0.0	1	81093	n/a
39.6044921875	0.3	1.0	2	81110	n/a
39.61279296875	0.3	0.0	1	81127	n/a
39.62109375	0.3	1.0	2	81144	n/a
39.62939453125	0.3	0.0	1	81161	n/a
39.6376953125	0.3	0.0	1	81178	n/a
39.64599609375	0.3	1.0	2	81195	n/a
39.654296875	0.3	1.0	2	81212	n/a
39.66259765625	0.3	0.0	1	81229	n/a
39.67138671875	0.3	1.0	2	81247	n/a
39.6796875	0.3	0.0	1	81264	n/a
39.68798828125	0.3	0.0	1	81281	n/a
39.6962890625	0.3	1.0	2	81298	n/a
39.70458984375	0.3	1.0	2	81315	n/a
39.712890625	0.3	0.0	1	81332	n/a
39.72119140625	0.3	1.0	2	81349	n/a
39.7294921875	0.3	0.0	1	81366	n/a
39.73779296875	0.3	0.0	1	81383	n/a
39.74609375	0.3	1.0	2	81400	n/a
39.75439453125	0.3	1.0	2	81417	n/a
39.7626953125	0.3	0.0	1	81434	n/a
39.77099609375	0.3	1.0	2	81451	n/a
39.779296875	0.3	0.0	1	81468	n/a
39.78759765625	0.3	1.0	2	81485	n/a
39.79638671875	0.3	0.0	1	81503	n/a
39.8046875	0.3	1.0	2	81520	n/a
39.81298828125	0.3	0.0	1	81537	n/a
39.8212890625	0.3	1.0	2	81554	n/a
39.82958984375	0.3	0.0	1	81571	n/a
39.837890625	0.3	1.0	2	81588	n/a
39.84619140625	0.3	0.0	1	81605	n/a
39.8544921875	0.3	1.0	2	81622	n/a
39.86279296875	0.3	0.0	1	81639	n/a
39.87109375	0.3	1.0	2	81656	n/a
39.87939453125	0.3	0.0	1	81673	n/a
39.8876953125	0.3	1.0	2	81690	n/a
39.89599609375	0.3	0.0	1	81707	n/a
39.904296875	0.3	0.0	1	81724	n/a
39.91259765625	0.3	1.0	2	81741	n/a
39.92138671875	0.3	1.0	2	81759	n/a
39.9296875	0.3	0.0	1	81776	n/a
39.93798828125	0.3	1.0	2	81793	n/a
39.9462890625	0.3	0.0	1	81810	n/a
39.95458984375	0.3	0.0	1	81827	n/a
39.962890625	0.3	1.0	2	81844	n/a
39.97119140625	0.3	1.0	2	81861	n/a
39.9794921875	0.3	0.0	1	81878	n/a
39.98779296875	0.3	0.0	1	81895	n/a
39.99609375	0.3	1.0	2	81912	n/a
40.00439453125	0.3	0.0	1	81929	n/a
40.0126953125	0.3	1.0	2	81946	n/a
40.02099609375	0.3	1.0	2	81963	n/a
40.029296875	0.3	0.0	1	81980	n/a
40.03759765625	0.3	1.0	2	81997	n/a
40.04638671875	0.3	0.0	1	82015	n/a
40.0546875	0.3	1.0	2	82032	n/a
40.06298828125	0.3	0.0	1	82049	n/a
40.0712890625	0.3	1.0	2	82066	n/a
40.07958984375	0.3	0.0	1	82083	n/a
40.087890625	0.3	1.0	2	82100	n/a
40.09619140625	0.3	0.0	1	82117	n/a
40.1044921875	0.3	0.0	1	82134	n/a
40.11279296875	0.3	1.0	2	82151	n/a
40.12109375	0.3	1.0	2	82168	n/a
40.12939453125	0.3	0.0	1	82185	n/a
40.1376953125	0.3	1.0	2	82202	n/a
40.14599609375	0.3	0.0	1	82219	n/a
40.154296875	0.3	1.0	2	82236	n/a
40.16259765625	0.3	0.0	1	82253	n/a
40.17138671875	0.3	0.0	1	82271	n/a
40.1796875	0.3	1.0	2	82288	n/a
40.18798828125	0.3	0.0	1	82305	n/a
40.1962890625	0.3	1.0	2	82322	n/a
40.20458984375	0.3	1.0	2	82339	n/a
40.212890625	0.3	0.0	1	82356	n/a
40.22119140625	0.3	0.0	1	82373	n/a
40.2294921875	0.3	1.0	2	82390	n/a
40.23779296875	0.3	0.0	1	82407	n/a
40.24609375	0.3	1.0	2	82424	n/a
40.25439453125	0.3	1.0	2	82441	n/a
40.2626953125	0.3	0.0	1	82458	n/a
40.27099609375	0.3	0.0	1	82475	n/a
40.279296875	0.3	1.0	2	82492	n/a
40.28759765625	0.3	1.0	2	82509	n/a
40.29638671875	0.3	0.0	1	82527	n/a
40.3046875	0.3	0.0	1	82544	n/a
40.31298828125	0.3	1.0	2	82561	n/a
40.3212890625	0.3	1.0	2	82578	n/a
40.32958984375	0.3	0.0	1	82595	n/a
40.337890625	0.3	1.0	2	82612	n/a
40.34619140625	0.3	0.0	1	82629	n/a
40.3544921875	0.3	0.0	1	82646	n/a
40.36279296875	0.3	1.0	2	82663	n/a
40.37109375	0.3	1.0	2	82680	n/a
40.37939453125	0.3	0.0	1	82697	n/a
40.3876953125	0.3	0.0	1	82714	n/a
40.39599609375	0.3	1.0	2	82731	n/a
40.404296875	0.3	1.0	2	82748	n/a
40.41259765625	0.3	0.0	1	82765	n/a
40.42138671875	0.3	1.0	2	82783	n/a
40.4296875	0.3	0.0	1	82800	n/a
40.43798828125	0.3	0.0	1	82817	n/a
40.4462890625	0.3	1.0	2	82834	n/a
40.45458984375	0.3	0.0	1	82851	n/a
40.462890625	0.3	1.0	2	82868	n/a
40.47119140625	0.3	1.0	2	82885	n/a
40.4794921875	0.3	0.0	1	82902	n/a
40.48779296875	0.3	1.0	2	82919	n/a
40.49609375	0.3	0.0	1	82936	n/a
40.50439453125	0.3	1.0	2	82953	n/a
40.5126953125	0.3	0.0	1	82970	n/a
40.52099609375	0.3	0.0	1	82987	n/a
40.529296875	0.3	1.0	2	83004	n/a
40.53759765625	0.3	0.0	1	83021	n/a
40.54638671875	0.3	1.0	2	83039	n/a
40.5546875	0.3	1.0	2	83056	n/a
40.56298828125	0.3	0.0	1	83073	n/a
40.5712890625	0.3	0.0	1	83090	n/a
40.57958984375	0.3	1.0	2	83107	n/a
40.587890625	0.3	0.0	1	83124	n/a
40.59619140625	0.3	1.0	2	83141	n/a
40.6044921875	0.3	0.0	1	83158	n/a
40.61279296875	0.3	1.0	2	83175	n/a
40.62109375	0.3	0.0	1	83192	n/a
40.62939453125	0.3	1.0	2	83209	n/a
40.6376953125	0.3	1.0	2	83226	n/a
40.64599609375	0.3	0.0	1	83243	n/a
40.654296875	0.3	1.0	2	83260	n/a
40.66259765625	0.3	0.0	1	83277	n/a
40.67138671875	0.3	1.0	2	83295	n/a
40.6796875	0.3	0.0	1	83312	n/a
40.68798828125	0.3	0.0	1	83329	n/a
40.6962890625	0.3	1.0	2	83346	n/a
40.70458984375	0.3	1.0	2	83363	n/a
40.712890625	0.3	0.0	1	83380	n/a
40.72119140625	0.3	1.0	2	83397	n/a
40.7294921875	0.3	0.0	1	83414	n/a
40.73779296875	0.3	0.0	1	83431	n/a
40.74609375	0.3	1.0	2	83448	n/a
40.75439453125	0.3	1.0	2	83465	n/a
40.7626953125	0.3	0.0	1	83482	n/a
40.77099609375	0.3	1.0	2	83499	n/a
40.779296875	0.3	0.0	1	83516	n/a
40.78759765625	0.3	0.0	1	83533	n/a
40.79638671875	0.3	1.0	2	83551	n/a
40.8046875	0.3	1.0	2	83568	n/a
40.81298828125	0.3	0.0	1	83585	n/a
40.8212890625	0.3	1.0	2	83602	n/a
40.82958984375	0.3	0.0	1	83619	n/a
40.837890625	0.3	1.0	2	83636	n/a
40.84619140625	0.3	0.0	1	83653	n/a
40.8544921875	0.3	1.0	2	83670	n/a
40.86279296875	0.3	0.0	1	83687	n/a
40.87109375	0.3	1.0	2	83704	n/a
40.87939453125	0.3	0.0	1	83721	n/a
40.8876953125	0.3	1.0	2	83738	n/a
40.89599609375	0.3	0.0	1	83755	n/a
40.904296875	0.3	1.0	2	83772	n/a
40.91259765625	0.3	0.0	1	83789	n/a
40.92138671875	0.3	1.0	2	83807	n/a
40.9296875	0.3	0.0	1	83824	n/a
40.93798828125	0.3	1.0	2	83841	n/a
40.9462890625	0.3	0.0	1	83858	n/a
40.95458984375	0.3	0.0	1	83875	n/a
40.962890625	0.3	1.0	2	83892	n/a
40.97119140625	0.3	1.0	2	83909	n/a
40.9794921875	0.3	0.0	1	83926	n/a
40.98779296875	0.3	1.0	2	83943	n/a
40.99609375	0.3	0.0	1	83960	n/a
41.00439453125	0.3	0.0	1	83977	n/a
41.0126953125	0.3	1.0	2	83994	n/a
41.02099609375	0.3	1.0	2	84011	n/a
41.029296875	0.3	0.0	1	84028	n/a
41.03759765625	0.3	0.0	1	84045	n/a
41.04638671875	0.3	1.0	2	84063	n/a
41.0546875	0.3	0.0	1	84080	n/a
41.06298828125	0.3	1.0	2	84097	n/a
41.0712890625	0.3	1.0	2	84114	n/a
41.07958984375	0.3	0.0	1	84131	n/a
41.087890625	0.3	1.0	2	84148	n/a
41.09619140625	0.3	0.0	1	84165	n/a
41.1044921875	0.3	1.0	2	84182	n/a
41.11279296875	0.3	0.0	1	84199	n/a
41.12109375	0.3	1.0	2	84216	n/a
41.12939453125	0.3	0.0	1	84233	n/a
41.1376953125	0.3	1.0	2	84250	n/a
41.14599609375	0.3	0.0	1	84267	n/a
41.154296875	0.3	0.0	1	84284	n/a
41.16259765625	0.3	1.0	2	84301	n/a
41.17138671875	0.3	1.0	2	84319	n/a
41.1796875	0.3	0.0	1	84336	n/a
41.18798828125	0.3	1.0	2	84353	n/a
41.1962890625	0.3	0.0	1	84370	n/a
41.20458984375	0.3	1.0	2	84387	n/a
41.212890625	0.3	0.0	1	84404	n/a
41.22119140625	0.3	0.0	1	84421	n/a
41.2294921875	0.3	1.0	2	84438	n/a
41.23779296875	0.3	0.0	1	84455	n/a
41.24609375	0.3	1.0	2	84472	n/a
41.25439453125	0.3	1.0	2	84489	n/a
41.2626953125	0.3	0.0	1	84506	n/a
41.27099609375	0.3	0.0	1	84523	n/a
41.279296875	0.3	1.0	2	84540	n/a
41.28759765625	0.3	0.0	1	84557	n/a
41.29638671875	0.3	1.0	2	84575	n/a
41.3046875	0.3	1.0	2	84592	n/a
41.31298828125	0.3	0.0	1	84609	n/a
41.3212890625	0.3	0.0	1	84626	n/a
41.32958984375	0.3	1.0	2	84643	n/a
41.337890625	0.3	1.0	2	84660	n/a
41.34619140625	0.3	0.0	1	84677	n/a
41.3544921875	0.3	0.0	1	84694	n/a
41.36279296875	0.3	1.0	2	84711	n/a
41.37109375	0.3	1.0	2	84728	n/a
41.37939453125	0.3	0.0	1	84745	n/a
41.3876953125	0.3	1.0	2	84762	n/a
41.39599609375	0.3	0.0	1	84779	n/a
41.404296875	0.3	0.0	1	84796	n/a
41.41259765625	0.3	1.0	2	84813	n/a
41.42138671875	0.3	1.0	2	84831	n/a
41.4296875	0.3	0.0	1	84848	n/a
41.43798828125	0.3	0.0	1	84865	n/a
41.4462890625	0.3	1.0	2	84882	n/a
41.45458984375	0.3	1.0	2	84899	n/a
41.462890625	0.3	0.0	1	84916	n/a
41.47119140625	0.3	1.0	2	84933	n/a
41.4794921875	0.3	0.0	1	84950	n/a
41.48779296875	0.3	0.0	1	84967	n/a
41.49609375	0.3	1.0	2	84984	n/a
41.50439453125	0.3	0.0	1	85001	n/a
41.5126953125	0.3	1.0	2	85018	n/a
41.52099609375	0.3	1.0	2	85035	n/a
41.529296875	0.3	0.0	1	85052	n/a
41.53759765625	0.3	1.0	2	85069	n/a
41.54638671875	0.3	0.0	1	85087	n/a
41.5546875	0.3	1.0	2	85104	n/a
41.56298828125	0.3	0.0	1	85121	n/a
41.5712890625	0.3	0.0	1	85138	n/a
41.57958984375	0.3	1.0	2	85155	n/a
41.587890625	0.3	0.0	1	85172	n/a
41.59619140625	0.3	1.0	2	85189	n/a
41.6044921875	0.3	1.0	2	85206	n/a
41.61279296875	0.3	0.0	1	85223	n/a
41.62109375	0.3	0.0	1	85240	n/a
41.62939453125	0.3	1.0	2	85257	n/a
41.6376953125	0.3	0.0	1	85274	n/a
41.64599609375	0.3	1.0	2	85291	n/a
41.654296875	0.3	0.0	1	85308	n/a
41.66259765625	0.3	1.0	2	85325	n/a
41.67138671875	0.3	0.0	1	85343	n/a
41.6796875	0.3	1.0	2	85360	n/a
41.68798828125	0.3	1.0	2	85377	n/a
41.6962890625	0.3	0.0	1	85394	n/a
41.70458984375	0.3	1.0	2	85411	n/a
41.712890625	0.3	0.0	1	85428	n/a
41.72119140625	0.3	1.0	2	85445	n/a
41.7294921875	0.3	0.0	1	85462	n/a
41.73779296875	0.3	0.0	1	85479	n/a
41.74609375	0.3	1.0	2	85496	n/a
41.75439453125	0.3	1.0	2	85513	n/a
41.7626953125	0.3	0.0	1	85530	n/a
41.77099609375	0.3	1.0	2	85547	n/a
41.779296875	0.3	0.0	1	85564	n/a
41.78759765625	0.3	0.0	1	85581	n/a
41.79638671875	0.3	1.0	2	85599	n/a
44.1796875	0.3	1.0	2	90480	24.0
44.18798828125	0.3	0.0	1	90497	n/a
44.1962890625	0.3	0.0	1	90514	n/a
44.20458984375	0.3	1.0	2	90531	n/a
44.212890625	0.3	0.0	1	90548	n/a
44.22119140625	0.3	1.0	2	90565	n/a
44.2294921875	0.3	1.0	2	90582	n/a
44.23779296875	0.3	0.0	1	90599	n/a
44.24658203125	0.3	0.0	1	90617	n/a
44.2548828125	0.3	1.0	2	90634	n/a
44.26318359375	0.3	0.0	1	90651	n/a
44.271484375	0.3	1.0	2	90668	n/a
44.27978515625	0.3	1.0	2	90685	n/a
44.2880859375	0.3	0.0	1	90702	n/a
44.29638671875	0.3	0.0	1	90719	n/a
44.3046875	0.3	1.0	2	90736	n/a
44.31298828125	0.3	0.0	1	90753	n/a
44.3212890625	0.3	1.0	2	90770	n/a
44.32958984375	0.3	1.0	2	90787	n/a
44.337890625	0.3	0.0	1	90804	n/a
44.34619140625	0.3	1.0	2	90821	n/a
44.3544921875	0.3	0.0	1	90838	n/a
44.36279296875	0.3	1.0	2	90855	n/a
44.37158203125	0.3	0.0	1	90873	n/a
44.3798828125	0.3	1.0	2	90890	n/a
44.38818359375	0.3	0.0	1	90907	n/a
44.396484375	0.3	1.0	2	90924	n/a
44.40478515625	0.3	0.0	1	90941	n/a
44.4130859375	0.3	1.0	2	90958	n/a
44.42138671875	0.3	0.0	1	90975	n/a
44.4296875	0.3	1.0	2	90992	n/a
44.43798828125	0.3	0.0	1	91009	n/a
44.4462890625	0.3	1.0	2	91026	n/a
44.45458984375	0.3	0.0	1	91043	n/a
44.462890625	0.3	0.0	1	91060	n/a
44.47119140625	0.3	1.0	2	91077	n/a
44.4794921875	0.3	0.0	1	91094	n/a
44.48779296875	0.3	1.0	2	91111	n/a
44.49658203125	0.3	1.0	2	91129	n/a
44.5048828125	0.3	0.0	1	91146	n/a
44.51318359375	0.3	0.0	1	91163	n/a
44.521484375	0.3	1.0	2	91180	n/a
44.52978515625	0.3	0.0	1	91197	n/a
44.5380859375	0.3	1.0	2	91214	n/a
44.54638671875	0.3	0.0	1	91231	n/a
44.5546875	0.3	1.0	2	91248	n/a
44.56298828125	0.3	1.0	2	91265	n/a
44.5712890625	0.3	0.0	1	91282	n/a
44.57958984375	0.3	0.0	1	91299	n/a
44.587890625	0.3	1.0	2	91316	n/a
44.59619140625	0.3	1.0	2	91333	n/a
44.6044921875	0.3	0.0	1	91350	n/a
44.61279296875	0.3	1.0	2	91367	n/a
44.62158203125	0.3	0.0	1	91385	n/a
44.6298828125	0.3	1.0	2	91402	n/a
44.63818359375	0.3	0.0	1	91419	n/a
44.646484375	0.3	1.0	2	91436	n/a
44.65478515625	0.3	0.0	1	91453	n/a
44.6630859375	0.3	0.0	1	91470	n/a
44.67138671875	0.3	1.0	2	91487	n/a
44.6796875	0.3	0.0	1	91504	n/a
44.68798828125	0.3	1.0	2	91521	n/a
44.6962890625	0.3	1.0	2	91538	n/a
44.70458984375	0.3	0.0	1	91555	n/a
44.712890625	0.3	1.0	2	91572	n/a
44.72119140625	0.3	0.0	1	91589	n/a
44.7294921875	0.3	0.0	1	91606	n/a
44.73779296875	0.3	1.0	2	91623	n/a
44.74658203125	0.3	1.0	2	91641	n/a
44.7548828125	0.3	0.0	1	91658	n/a
44.76318359375	0.3	0.0	1	91675	n/a
44.771484375	0.3	1.0	2	91692	n/a
44.77978515625	0.3	0.0	1	91709	n/a
44.7880859375	0.3	1.0	2	91726	n/a
44.79638671875	0.3	1.0	2	91743	n/a
44.8046875	0.3	0.0	1	91760	n/a
44.81298828125	0.3	0.0	1	91777	n/a
44.8212890625	0.3	1.0	2	91794	n/a
44.82958984375	0.3	0.0	1	91811	n/a
44.837890625	0.3	1.0	2	91828	n/a
44.84619140625	0.3	0.0	1	91845	n/a
44.8544921875	0.3	1.0	2	91862	n/a
44.86279296875	0.3	0.0	1	91879	n/a
44.87158203125	0.3	1.0	2	91897	n/a
44.8798828125	0.3	0.0	1	91914	n/a
44.88818359375	0.3	1.0	2	91931	n/a
44.896484375	0.3	1.0	2	91948	n/a
44.90478515625	0.3	0.0	1	91965	n/a
44.9130859375	0.3	0.0	1	91982	n/a
44.92138671875	0.3	1.0	2	91999	n/a
44.9296875	0.3	0.0	1	92016	n/a
44.93798828125	0.3	1.0	2	92033	n/a
44.9462890625	0.3	0.0	1	92050	n/a
44.95458984375	0.3	1.0	2	92067	n/a
44.962890625	0.3	0.0	1	92084	n/a
44.97119140625	0.3	1.0	2	92101	n/a
44.9794921875	0.3	1.0	2	92118	n/a
44.98779296875	0.3	0.0	1	92135	n/a
44.99658203125	0.3	0.0	1	92153	n/a
45.0048828125	0.3	1.0	2	92170	n/a
45.01318359375	0.3	1.0	2	92187	n/a
45.021484375	0.3	0.0	1	92204	n/a
45.02978515625	0.3	0.0	1	92221	n/a
45.0380859375	0.3	1.0	2	92238	n/a
45.04638671875	0.3	1.0	2	92255	n/a
45.0546875	0.3	0.0	1	92272	n/a
45.06298828125	0.3	1.0	2	92289	n/a
45.0712890625	0.3	0.0	1	92306	n/a
45.07958984375	0.3	0.0	1	92323	n/a
45.087890625	0.3	1.0	2	92340	n/a
45.09619140625	0.3	1.0	2	92357	n/a
45.1044921875	0.3	0.0	1	92374	n/a
45.11279296875	0.3	0.0	1	92391	n/a
45.12158203125	0.3	1.0	2	92409	n/a
45.1298828125	0.3	0.0	1	92426	n/a
45.13818359375	0.3	1.0	2	92443	n/a
45.146484375	0.3	1.0	2	92460	n/a
45.15478515625	0.3	0.0	1	92477	n/a
45.1630859375	0.3	1.0	2	92494	n/a
45.17138671875	0.3	0.0	1	92511	n/a
45.1796875	0.3	1.0	2	92528	n/a
45.18798828125	0.3	0.0	1	92545	n/a
45.1962890625	0.3	0.0	1	92562	n/a
45.20458984375	0.3	1.0	2	92579	n/a
45.212890625	0.3	1.0	2	92596	n/a
45.22119140625	0.3	0.0	1	92613	n/a
45.2294921875	0.3	1.0	2	92630	n/a
45.23779296875	0.3	0.0	1	92647	n/a
45.24658203125	0.3	0.0	1	92665	n/a
45.2548828125	0.3	1.0	2	92682	n/a
45.26318359375	0.3	0.0	1	92699	n/a
45.271484375	0.3	1.0	2	92716	n/a
45.27978515625	0.3	1.0	2	92733	n/a
45.2880859375	0.3	0.0	1	92750	n/a
45.29638671875	0.3	0.0	1	92767	n/a
45.3046875	0.3	1.0	2	92784	n/a
45.31298828125	0.3	0.0	1	92801	n/a
45.3212890625	0.3	1.0	2	92818	n/a
45.32958984375	0.3	1.0	2	92835	n/a
45.337890625	0.3	0.0	1	92852	n/a
45.34619140625	0.3	0.0	1	92869	n/a
45.3544921875	0.3	1.0	2	92886	n/a
45.36279296875	0.3	0.0	1	92903	n/a
45.37158203125	0.3	1.0	2	92921	n/a
45.3798828125	0.3	1.0	2	92938	n/a
45.38818359375	0.3	0.0	1	92955	n/a
45.396484375	0.3	1.0	2	92972	n/a
45.40478515625	0.3	0.0	1	92989	n/a
45.4130859375	0.3	1.0	2	93006	n/a
45.42138671875	0.3	0.0	1	93023	n/a
45.4296875	0.3	1.0	2	93040	n/a
45.43798828125	0.3	0.0	1	93057	n/a
45.4462890625	0.3	1.0	2	93074	n/a
45.45458984375	0.3	0.0	1	93091	n/a
45.462890625	0.3	1.0	2	93108	n/a
45.47119140625	0.3	0.0	1	93125	n/a
45.4794921875	0.3	1.0	2	93142	n/a
45.48779296875	0.3	0.0	1	93159	n/a
45.49658203125	0.3	1.0	2	93177	n/a
45.5048828125	0.3	0.0	1	93194	n/a
45.51318359375	0.3	0.0	1	93211	n/a
45.521484375	0.3	1.0	2	93228	n/a
45.52978515625	0.3	0.0	1	93245	n/a
45.5380859375	0.3	1.0	2	93262	n/a
45.54638671875	0.3	1.0	2	93279	n/a
45.5546875	0.3	0.0	1	93296	n/a
45.56298828125	0.3	0.0	1	93313	n/a
45.5712890625	0.3	1.0	2	93330	n/a
45.57958984375	0.3	0.0	1	93347	n/a
45.587890625	0.3	1.0	2	93364	n/a
45.59619140625	0.3	0.0	1	93381	n/a
45.6044921875	0.3	1.0	2	93398	n/a
45.61279296875	0.3	1.0	2	93415	n/a
45.62158203125	0.3	0.0	1	93433	n/a
45.6298828125	0.3	0.0	1	93450	n/a
45.63818359375	0.3	1.0	2	93467	n/a
45.646484375	0.3	1.0	2	93484	n/a
45.65478515625	0.3	0.0	1	93501	n/a
45.6630859375	0.3	1.0	2	93518	n/a
45.67138671875	0.3	0.0	1	93535	n/a
45.6796875	0.3	1.0	2	93552	n/a
45.68798828125	0.3	0.0	1	93569	n/a
45.6962890625	0.3	1.0	2	93586	n/a
45.70458984375	0.3	0.0	1	93603	n/a
45.712890625	0.3	0.0	1	93620	n/a
45.72119140625	0.3	1.0	2	93637	n/a
45.7294921875	0.3	0.0	1	93654	n/a
45.73779296875	0.3	1.0	2	93671	n/a
45.74658203125	0.3	1.0	2	93689	n/a
45.7548828125	0.3	0.0	1	93706	n/a
45.76318359375	0.3	1.0	2	93723	n/a
45.771484375	0.3	0.0	1	93740	n/a
45.77978515625	0.3	0.0	1	93757	n/a
45.7880859375	0.3	1.0	2	93774	n/a
45.79638671875	0.3	1.0	2	93791	n/a
45.8046875	0.3	0.0	1	93808	n/a
45.81298828125	0.3	0.0	1	93825	n/a
45.8212890625	0.3	1.0	2	93842	n/a
45.82958984375	0.3	0.0	1	93859	n/a
45.837890625	0.3	1.0	2	93876	n/a
45.84619140625	0.3	1.0	2	93893	n/a
45.8544921875	0.3	0.0	1	93910	n/a
45.86279296875	0.3	0.0	1	93927	n/a
45.87158203125	0.3	1.0	2	93945	n/a
45.8798828125	0.3	0.0	1	93962	n/a
45.88818359375	0.3	1.0	2	93979	n/a
45.896484375	0.3	0.0	1	93996	n/a
45.90478515625	0.3	1.0	2	94013	n/a
45.9130859375	0.3	0.0	1	94030	n/a
45.92138671875	0.3	1.0	2	94047	n/a
45.9296875	0.3	0.0	1	94064	n/a
45.93798828125	0.3	1.0	2	94081	n/a
45.9462890625	0.3	1.0	2	94098	n/a
45.95458984375	0.3	0.0	1	94115	n/a
45.962890625	0.3	0.0	1	94132	n/a
45.97119140625	0.3	1.0	2	94149	n/a
45.9794921875	0.3	0.0	1	94166	n/a
45.98779296875	0.3	1.0	2	94183	n/a
45.99658203125	0.3	0.0	1	94201	n/a
46.0048828125	0.3	1.0	2	94218	n/a
46.01318359375	0.3	0.0	1	94235	n/a
46.021484375	0.3	1.0	2	94252	n/a
46.02978515625	0.3	1.0	2	94269	n/a
46.0380859375	0.3	0.0	1	94286	n/a
46.04638671875	0.3	0.0	1	94303	n/a
46.0546875	0.3	1.0	2	94320	n/a
46.06298828125	0.3	1.0	2	94337	n/a
46.0712890625	0.3	0.0	1	94354	n/a
46.07958984375	0.3	0.0	1	94371	n/a
46.087890625	0.3	1.0	2	94388	n/a
46.09619140625	0.3	1.0	2	94405	n/a
46.1044921875	0.3	0.0	1	94422	n/a
46.11279296875	0.3	1.0	2	94439	n/a
46.12158203125	0.3	0.0	1	94457	n/a
46.1298828125	0.3	0.0	1	94474	n/a
46.13818359375	0.3	1.0	2	94491	n/a
46.146484375	0.3	1.0	2	94508	n/a
46.15478515625	0.3	0.0	1	94525	n/a
46.1630859375	0.3	0.0	1	94542	n/a
46.17138671875	0.3	1.0	2	94559	n/a
46.1796875	0.3	0.0	1	94576	n/a
46.18798828125	0.3	1.0	2	94593	n/a
46.1962890625	0.3	1.0	2	94610	n/a
46.20458984375	0.3	0.0	1	94627	n/a
46.212890625	0.3	1.0	2	94644	n/a
46.22119140625	0.3	0.0	1	94661	n/a
46.2294921875	0.3	1.0	2	94678	n/a
46.23779296875	0.3	0.0	1	94695	n/a
46.24658203125	0.3	0.0	1	94713	n/a
46.2548828125	0.3	1.0	2	94730	n/a
46.26318359375	0.3	1.0	2	94747	n/a
46.271484375	0.3	0.0	1	94764	n/a
46.27978515625	0.3	1.0	2	94781	n/a
46.2880859375	0.3	0.0	1	94798	n/a
46.29638671875	0.3	0.0	1	94815	n/a
46.3046875	0.3	1.0	2	94832	n/a
46.31298828125	0.3	0.0	1	94849	n/a
46.3212890625	0.3	1.0	2	94866	n/a
46.32958984375	0.3	1.0	2	94883	n/a
46.337890625	0.3	0.0	1	94900	n/a
46.34619140625	0.3	0.0	1	94917	n/a
46.3544921875	0.3	1.0	2	94934	n/a
46.36279296875	0.3	0.0	1	94951	n/a
46.37158203125	0.3	1.0	2	94969	n/a
46.3798828125	0.3	1.0	2	94986	n/a
46.38818359375	0.3	0.0	1	95003	n/a
46.396484375	0.3	0.0	1	95020	n/a
46.40478515625	0.3	1.0	2	95037	n/a
46.4130859375	0.3	0.0	1	95054	n/a
46.42138671875	0.3	1.0	2	95071	n/a
46.4296875	0.3	1.0	2	95088	n/a
46.43798828125	0.3	0.0	1	95105	n/a
46.4462890625	0.3	1.0	2	95122	n/a
46.45458984375	0.3	0.0	1	95139	n/a
46.462890625	0.3	1.0	2	95156	n/a
46.47119140625	0.3	0.0	1	95173	n/a
46.4794921875	0.3	1.0	2	95190	n/a
46.48779296875	0.3	0.0	1	95207	n/a
46.49658203125	0.3	1.0	2	95225	n/a
46.5048828125	0.3	0.0	1	95242	n/a
46.51318359375	0.3	1.0	2	95259	n/a
46.521484375	0.3	0.0	1	95276	n/a
46.52978515625	0.3	1.0	2	95293	n/a
46.5380859375	0.3	0.0	1	95310	n/a
46.54638671875	0.3	1.0	2	95327	n/a
46.5546875	0.3	0.0	1	95344	n/a
46.56298828125	0.3	0.0	1	95361	n/a
46.5712890625	0.3	1.0	2	95378	n/a
46.57958984375	0.3	0.0	1	95395	n/a
46.587890625	0.3	1.0	2	95412	n/a
46.59619140625	0.3	1.0	2	95429	n/a
46.6044921875	0.3	0.0	1	95446	n/a
46.61279296875	0.3	0.0	1	95463	n/a
46.62158203125	0.3	1.0	2	95481	n/a
46.6298828125	0.3	0.0	1	95498	n/a
46.63818359375	0.3	1.0	2	95515	n/a
46.646484375	0.3	0.0	1	95532	n/a
46.65478515625	0.3	1.0	2	95549	n/a
46.6630859375	0.3	1.0	2	95566	n/a
46.67138671875	0.3	0.0	1	95583	n/a
46.6796875	0.3	0.0	1	95600	n/a
46.68798828125	0.3	1.0	2	95617	n/a
46.6962890625	0.3	1.0	2	95634	n/a
46.70458984375	0.3	0.0	1	95651	n/a
46.712890625	0.3	1.0	2	95668	n/a
46.72119140625	0.3	0.0	1	95685	n/a
46.7294921875	0.3	1.0	2	95702	n/a
46.73779296875	0.3	0.0	1	95719	n/a
46.74658203125	0.3	1.0	2	95737	n/a
46.7548828125	0.3	0.0	1	95754	n/a
46.76318359375	0.3	0.0	1	95771	n/a
46.771484375	0.3	1.0	2	95788	n/a
46.77978515625	0.3	0.0	1	95805	n/a
46.7880859375	0.3	1.0	2	95822	n/a
46.79638671875	0.3	1.0	2	95839	n/a
46.8046875	0.3	0.0	1	95856	n/a
46.81298828125	0.3	1.0	2	95873	n/a
46.8212890625	0.3	0.0	1	95890	n/a
46.82958984375	0.3	0.0	1	95907	n/a
46.837890625	0.3	1.0	2	95924	n/a
46.84619140625	0.3	1.0	2	95941	n/a
46.8544921875	0.3	0.0	1	95958	n/a
46.86279296875	0.3	0.0	1	95975	n/a
46.87158203125	0.3	1.0	2	95993	n/a
46.8798828125	0.3	0.0	1	96010	n/a
46.88818359375	0.3	1.0	2	96027	n/a
46.896484375	0.3	1.0	2	96044	n/a
46.90478515625	0.3	0.0	1	96061	n/a
46.9130859375	0.3	0.0	1	96078	n/a
46.92138671875	0.3	1.0	2	96095	n/a
46.9296875	0.3	0.0	1	96112	n/a
46.93798828125	0.3	1.0	2	96129	n/a
46.9462890625	0.3	0.0	1	96146	n/a
46.95458984375	0.3	1.0	2	96163	n/a
46.962890625	0.3	0.0	1	96180	n/a
46.97119140625	0.3	1.0	2	96197	n/a
46.9794921875	0.3	0.0	1	96214	n/a
46.98779296875	0.3	1.0	2	96231	n/a
46.99658203125	0.3	1.0	2	96249	n/a
47.0048828125	0.3	0.0	1	96266	n/a
47.01318359375	0.3	0.0	1	96283	n/a
47.021484375	0.3	1.0	2	96300	n/a
47.02978515625	0.3	0.0	1	96317	n/a
47.0380859375	0.3	1.0	2	96334	n/a
47.04638671875	0.3	0.0	1	96351	n/a
47.0546875	0.3	1.0	2	96368	n/a
47.06298828125	0.3	0.0	1	96385	n/a
47.0712890625	0.3	1.0	2	96402	n/a
47.07958984375	0.3	1.0	2	96419	n/a
47.087890625	0.3	0.0	1	96436	n/a
47.09619140625	0.3	0.0	1	96453	n/a
47.1044921875	0.3	1.0	2	96470	n/a
47.11279296875	0.3	1.0	2	96487	n/a
47.12158203125	0.3	0.0	1	96505	n/a
47.1298828125	0.3	0.0	1	96522	n/a
47.13818359375	0.3	1.0	2	96539	n/a
47.146484375	0.3	1.0	2	96556	n/a
47.15478515625	0.3	0.0	1	96573	n/a
47.1630859375	0.3	1.0	2	96590	n/a
47.17138671875	0.3	0.0	1	96607	n/a
47.1796875	0.3	0.0	1	96624	n/a
47.18798828125	0.3	1.0	2	96641	n/a
47.1962890625	0.3	1.0	2	96658	n/a
47.20458984375	0.3	0.0	1	96675	n/a
47.212890625	0.3	0.0	1	96692	n/a
47.22119140625	0.3	1.0	2	96709	n/a
47.2294921875	0.3	0.0	1	96726	n/a
47.23779296875	0.3	1.0	2	96743	n/a
47.24658203125	0.3	1.0	2	96761	n/a
47.2548828125	0.3	0.0	1	96778	n/a
47.26318359375	0.3	1.0	2	96795	n/a
47.271484375	0.3	0.0	1	96812	n/a
47.27978515625	0.3	1.0	2	96829	n/a
47.2880859375	0.3	0.0	1	96846	n/a
47.29638671875	0.3	0.0	1	96863	n/a
47.3046875	0.3	1.0	2	96880	n/a
47.31298828125	0.3	1.0	2	96897	n/a
47.3212890625	0.3	0.0	1	96914	n/a
47.32958984375	0.3	1.0	2	96931	n/a
47.337890625	0.3	0.0	1	96948	n/a
47.34619140625	0.3	0.0	1	96965	n/a
47.3544921875	0.3	1.0	2	96982	n/a
47.36279296875	0.3	0.0	1	96999	n/a
47.37158203125	0.3	1.0	2	97017	n/a
47.3798828125	0.3	1.0	2	97034	n/a
47.38818359375	0.3	0.0	1	97051	n/a
47.396484375	0.3	0.0	1	97068	n/a
47.40478515625	0.3	1.0	2	97085	n/a
47.4130859375	0.3	0.0	1	97102	n/a
47.42138671875	0.3	1.0	2	97119	n/a
47.4296875	0.3	1.0	2	97136	n/a
47.43798828125	0.3	0.0	1	97153	n/a
47.4462890625	0.3	0.0	1	97170	n/a
47.45458984375	0.3	1.0	2	97187	n/a
47.462890625	0.3	0.0	1	97204	n/a
47.47119140625	0.3	1.0	2	97221	n/a
47.4794921875	0.3	1.0	2	97238	n/a
47.48779296875	0.3	0.0	1	97255	n/a
47.49658203125	0.3	1.0	2	97273	n/a
47.5048828125	0.3	0.0	1	97290	n/a
47.51318359375	0.3	1.0	2	97307	n/a
47.521484375	0.3	0.0	1	97324	n/a
47.52978515625	0.3	1.0	2	97341	n/a
47.5380859375	0.3	0.0	1	97358	n/a
47.54638671875	0.3	1.0	2	97375	n/a
47.5546875	0.3	0.0	1	97392	n/a
47.56298828125	0.3	1.0	2	97409	n/a
47.5712890625	0.3	0.0	1	97426	n/a
47.57958984375	0.3	1.0	2	97443	n/a
47.587890625	0.3	0.0	1	97460	n/a
47.59619140625	0.3	1.0	2	97477	n/a
47.6044921875	0.3	0.0	1	97494	n/a
47.61279296875	0.3	0.0	1	97511	n/a
47.62158203125	0.3	1.0	2	97529	n/a
47.6298828125	0.3	0.0	1	97546	n/a
47.63818359375	0.3	1.0	2	97563	n/a
47.646484375	0.3	1.0	2	97580	n/a
47.65478515625	0.3	0.0	1	97597	n/a
47.6630859375	0.3	0.0	1	97614	n/a
47.67138671875	0.3	1.0	2	97631	n/a
47.6796875	0.3	0.0	1	97648	n/a
47.68798828125	0.3	1.0	2	97665	n/a
47.6962890625	0.3	0.0	1	97682	n/a
47.70458984375	0.3	1.0	2	97699	n/a
47.712890625	0.3	1.0	2	97716	n/a
47.72119140625	0.3	0.0	1	97733	n/a
47.7294921875	0.3	0.0	1	97750	n/a
47.73779296875	0.3	1.0	2	97767	n/a
47.74658203125	0.3	1.0	2	97785	n/a
47.7548828125	0.3	0.0	1	97802	n/a
47.76318359375	0.3	1.0	2	97819	n/a
47.771484375	0.3	0.0	1	97836	n/a
47.77978515625	0.3	1.0	2	97853	n/a
47.7880859375	0.3	0.0	1	97870	n/a
47.79638671875	0.3	1.0	2	97887	n/a
47.8046875	0.3	0.0	1	97904	n/a
47.81298828125	0.3	0.0	1	97921	n/a
47.8212890625	0.3	1.0	2	97938	n/a
47.82958984375	0.3	0.0	1	97955	n/a
47.837890625	0.3	1.0	2	97972	n/a
47.84619140625	0.3	1.0	2	97989	n/a
47.8544921875	0.3	0.0	1	98006	n/a
47.86279296875	0.3	1.0	2	98023	n/a
47.87158203125	0.3	0.0	1	98041	n/a
47.8798828125	0.3	0.0	1	98058	n/a
47.88818359375	0.3	1.0	2	98075	n/a
47.896484375	0.3	1.0	2	98092	n/a
47.90478515625	0.3	0.0	1	98109	n/a
47.9130859375	0.3	0.0	1	98126	n/a
47.92138671875	0.3	1.0	2	98143	n/a
47.9296875	0.3	0.0	1	98160	n/a
47.93798828125	0.3	1.0	2	98177	n/a
47.9462890625	0.3	1.0	2	98194	n/a
47.95458984375	0.3	0.0	1	98211	n/a
47.962890625	0.3	0.0	1	98228	n/a
47.97119140625	0.3	1.0	2	98245	n/a
47.9794921875	0.3	0.0	1	98262	n/a
47.98779296875	0.3	1.0	2	98279	n/a
47.99658203125	0.3	0.0	1	98297	n/a
48.0048828125	0.3	1.0	2	98314	n/a
48.01318359375	0.3	0.0	1	98331	n/a
48.021484375	0.3	1.0	2	98348	n/a
48.02978515625	0.3	0.0	1	98365	n/a
48.0380859375	0.3	1.0	2	98382	n/a
48.04638671875	0.3	1.0	2	98399	n/a
48.0546875	0.3	0.0	1	98416	n/a
48.06298828125	0.3	0.0	1	98433	n/a
48.0712890625	0.3	1.0	2	98450	n/a
48.07958984375	0.3	0.0	1	98467	n/a
48.087890625	0.3	1.0	2	98484	n/a
48.09619140625	0.3	0.0	1	98501	n/a
48.1044921875	0.3	1.0	2	98518	n/a
48.11279296875	0.3	0.0	1	98535	n/a
48.12158203125	0.3	1.0	2	98553	n/a
48.1298828125	0.3	1.0	2	98570	n/a
48.13818359375	0.3	0.0	1	98587	n/a
48.146484375	0.3	0.0	1	98604	n/a
48.15478515625	0.3	1.0	2	98621	n/a
48.1630859375	0.3	1.0	2	98638	n/a
48.17138671875	0.3	0.0	1	98655	n/a
48.1796875	0.3	0.0	1	98672	n/a
48.18798828125	0.3	1.0	2	98689	n/a
48.1962890625	0.3	1.0	2	98706	n/a
48.20458984375	0.3	0.0	1	98723	n/a
48.212890625	0.3	1.0	2	98740	n/a
48.22119140625	0.3	0.0	1	98757	n/a
48.2294921875	0.3	0.0	1	98774	n/a
48.23779296875	0.3	1.0	2	98791	n/a
48.24658203125	0.3	1.0	2	98809	n/a
48.2548828125	0.3	0.0	1	98826	n/a
48.26318359375	0.3	0.0	1	98843	n/a
48.271484375	0.3	1.0	2	98860	n/a
48.27978515625	0.3	0.0	1	98877	n/a
48.2880859375	0.3	1.0	2	98894	n/a
48.29638671875	0.3	1.0	2	98911	n/a
48.3046875	0.3	0.0	1	98928	n/a
48.31298828125	0.3	1.0	2	98945	n/a
48.3212890625	0.3	0.0	1	98962	n/a
48.32958984375	0.3	1.0	2	98979	n/a
48.337890625	0.3	0.0	1	98996	n/a
48.34619140625	0.3	0.0	1	99013	n/a
48.3544921875	0.3	1.0	2	99030	n/a
48.36279296875	0.3	1.0	2	99047	n/a
48.37158203125	0.3	0.0	1	99065	n/a
50.7392578125	0.3	1.0	2	103914	20.0
50.74755859375	0.3	0.0	1	103931	n/a
50.755859375	0.3	0.0	1	103948	n/a
50.76416015625	0.3	1.0	2	103965	n/a
50.7724609375	0.3	1.0	2	103982	n/a
50.78076171875	0.3	0.0	1	103999	n/a
50.7890625	0.3	1.0	2	104016	n/a
50.79736328125	0.3	0.0	1	104033	n/a
50.80615234375	0.3	0.0	1	104051	n/a
50.814453125	0.3	1.0	2	104068	n/a
50.82275390625	0.3	1.0	2	104085	n/a
50.8310546875	0.3	0.0	1	104102	n/a
50.83935546875	0.3	1.0	2	104119	n/a
50.84765625	0.3	0.0	1	104136	n/a
50.85595703125	0.3	0.0	1	104153	n/a
50.8642578125	0.3	1.0	2	104170	n/a
50.87255859375	0.3	0.0	1	104187	n/a
50.880859375	0.3	1.0	2	104204	n/a
50.88916015625	0.3	1.0	2	104221	n/a
50.8974609375	0.3	0.0	1	104238	n/a
50.90576171875	0.3	0.0	1	104255	n/a
50.9140625	0.3	1.0	2	104272	n/a
50.92236328125	0.3	0.0	1	104289	n/a
50.93115234375	0.3	1.0	2	104307	n/a
50.939453125	0.3	0.0	1	104324	n/a
50.94775390625	0.3	1.0	2	104341	n/a
50.9560546875	0.3	1.0	2	104358	n/a
50.96435546875	0.3	0.0	1	104375	n/a
50.97265625	0.3	1.0	2	104392	n/a
50.98095703125	0.3	0.0	1	104409	n/a
50.9892578125	0.3	1.0	2	104426	n/a
50.99755859375	0.3	0.0	1	104443	n/a
51.005859375	0.3	1.0	2	104460	n/a
51.01416015625	0.3	0.0	1	104477	n/a
51.0224609375	0.3	0.0	1	104494	n/a
51.03076171875	0.3	1.0	2	104511	n/a
51.0390625	0.3	1.0	2	104528	n/a
51.04736328125	0.3	0.0	1	104545	n/a
51.05615234375	0.3	1.0	2	104563	n/a
51.064453125	0.3	0.0	1	104580	n/a
51.07275390625	0.3	1.0	2	104597	n/a
51.0810546875	0.3	0.0	1	104614	n/a
51.08935546875	0.3	1.0	2	104631	n/a
51.09765625	0.3	0.0	1	104648	n/a
51.10595703125	0.3	1.0	2	104665	n/a
51.1142578125	0.3	0.0	1	104682	n/a
51.12255859375	0.3	0.0	1	104699	n/a
51.130859375	0.3	1.0	2	104716	n/a
51.13916015625	0.3	1.0	2	104733	n/a
51.1474609375	0.3	0.0	1	104750	n/a
51.15576171875	0.3	0.0	1	104767	n/a
51.1640625	0.3	1.0	2	104784	n/a
51.17236328125	0.3	1.0	2	104801	n/a
51.18115234375	0.3	0.0	1	104819	n/a
51.189453125	0.3	1.0	2	104836	n/a
51.19775390625	0.3	0.0	1	104853	n/a
51.2060546875	0.3	0.0	1	104870	n/a
51.21435546875	0.3	1.0	2	104887	n/a
51.22265625	0.3	0.0	1	104904	n/a
51.23095703125	0.3	1.0	2	104921	n/a
51.2392578125	0.3	1.0	2	104938	n/a
51.24755859375	0.3	0.0	1	104955	n/a
51.255859375	0.3	1.0	2	104972	n/a
51.26416015625	0.3	0.0	1	104989	n/a
51.2724609375	0.3	0.0	1	105006	n/a
51.28076171875	0.3	1.0	2	105023	n/a
51.2890625	0.3	0.0	1	105040	n/a
51.29736328125	0.3	1.0	2	105057	n/a
51.30615234375	0.3	1.0	2	105075	n/a
51.314453125	0.3	0.0	1	105092	n/a
51.32275390625	0.3	0.0	1	105109	n/a
51.3310546875	0.3	1.0	2	105126	n/a
51.33935546875	0.3	1.0	2	105143	n/a
51.34765625	0.3	0.0	1	105160	n/a
51.35595703125	0.3	0.0	1	105177	n/a
51.3642578125	0.3	1.0	2	105194	n/a
51.37255859375	0.3	0.0	1	105211	n/a
51.380859375	0.3	1.0	2	105228	n/a
51.38916015625	0.3	0.0	1	105245	n/a
51.3974609375	0.3	1.0	2	105262	n/a
51.40576171875	0.3	1.0	2	105279	n/a
51.4140625	0.3	0.0	1	105296	n/a
51.42236328125	0.3	1.0	2	105313	n/a
51.43115234375	0.3	0.0	1	105331	n/a
51.439453125	0.3	1.0	2	105348	n/a
51.44775390625	0.3	0.0	1	105365	n/a
51.4560546875	0.3	0.0	1	105382	n/a
51.46435546875	0.3	1.0	2	105399	n/a
51.47265625	0.3	0.0	1	105416	n/a
51.48095703125	0.3	1.0	2	105433	n/a
51.4892578125	0.3	1.0	2	105450	n/a
51.49755859375	0.3	0.0	1	105467	n/a
51.505859375	0.3	1.0	2	105484	n/a
51.51416015625	0.3	0.0	1	105501	n/a
51.5224609375	0.3	1.0	2	105518	n/a
51.53076171875	0.3	0.0	1	105535	n/a
51.5390625	0.3	1.0	2	105552	n/a
51.54736328125	0.3	0.0	1	105569	n/a
51.55615234375	0.3	1.0	2	105587	n/a
51.564453125	0.3	0.0	1	105604	n/a
51.57275390625	0.3	1.0	2	105621	n/a
51.5810546875	0.3	0.0	1	105638	n/a
51.58935546875	0.3	1.0	2	105655	n/a
51.59765625	0.3	0.0	1	105672	n/a
51.60595703125	0.3	0.0	1	105689	n/a
51.6142578125	0.3	1.0	2	105706	n/a
51.62255859375	0.3	1.0	2	105723	n/a
51.630859375	0.3	0.0	1	105740	n/a
51.63916015625	0.3	1.0	2	105757	n/a
51.6474609375	0.3	0.0	1	105774	n/a
51.65576171875	0.3	1.0	2	105791	n/a
51.6640625	0.3	0.0	1	105808	n/a
51.67236328125	0.3	0.0	1	105825	n/a
51.68115234375	0.3	1.0	2	105843	n/a
51.689453125	0.3	1.0	2	105860	n/a
51.69775390625	0.3	0.0	1	105877	n/a
51.7060546875	0.3	0.0	1	105894	n/a
51.71435546875	0.3	1.0	2	105911	n/a
51.72265625	0.3	1.0	2	105928	n/a
51.73095703125	0.3	0.0	1	105945	n/a
51.7392578125	0.3	0.0	1	105962	n/a
51.74755859375	0.3	1.0	2	105979	n/a
51.755859375	0.3	1.0	2	105996	n/a
51.76416015625	0.3	0.0	1	106013	n/a
51.7724609375	0.3	1.0	2	106030	n/a
51.78076171875	0.3	0.0	1	106047	n/a
51.7890625	0.3	1.0	2	106064	n/a
51.79736328125	0.3	0.0	1	106081	n/a
51.80615234375	0.3	0.0	1	106099	n/a
51.814453125	0.3	1.0	2	106116	n/a
51.82275390625	0.3	1.0	2	106133	n/a
51.8310546875	0.3	0.0	1	106150	n/a
51.83935546875	0.3	1.0	2	106167	n/a
51.84765625	0.3	0.0	1	106184	n/a
51.85595703125	0.3	0.0	1	106201	n/a
51.8642578125	0.3	1.0	2	106218	n/a
51.87255859375	0.3	1.0	2	106235	n/a
51.880859375	0.3	0.0	1	106252	n/a
51.88916015625	0.3	1.0	2	106269	n/a
51.8974609375	0.3	0.0	1	106286	n/a
51.90576171875	0.3	0.0	1	106303	n/a
51.9140625	0.3	1.0	2	106320	n/a
51.92236328125	0.3	0.0	1	106337	n/a
51.93115234375	0.3	1.0	2	106355	n/a
51.939453125	0.3	1.0	2	106372	n/a
51.94775390625	0.3	0.0	1	106389	n/a
51.9560546875	0.3	0.0	1	106406	n/a
51.96435546875	0.3	1.0	2	106423	n/a
51.97265625	0.3	0.0	1	106440	n/a
51.98095703125	0.3	1.0	2	106457	n/a
51.9892578125	0.3	0.0	1	106474	n/a
51.99755859375	0.3	1.0	2	106491	n/a
52.005859375	0.3	1.0	2	106508	n/a
52.01416015625	0.3	0.0	1	106525	n/a
52.0224609375	0.3	1.0	2	106542	n/a
52.03076171875	0.3	0.0	1	106559	n/a
52.0390625	0.3	1.0	2	106576	n/a
52.04736328125	0.3	0.0	1	106593	n/a
52.05615234375	0.3	1.0	2	106611	n/a
52.064453125	0.3	0.0	1	106628	n/a
52.07275390625	0.3	0.0	1	106645	n/a
52.0810546875	0.3	1.0	2	106662	n/a
52.08935546875	0.3	1.0	2	106679	n/a
52.09765625	0.3	0.0	1	106696	n/a
52.10595703125	0.3	1.0	2	106713	n/a
52.1142578125	0.3	0.0	1	106730	n/a
52.12255859375	0.3	1.0	2	106747	n/a
52.130859375	0.3	0.0	1	106764	n/a
52.13916015625	0.3	1.0	2	106781	n/a
52.1474609375	0.3	0.0	1	106798	n/a
52.15576171875	0.3	1.0	2	106815	n/a
52.1640625	0.3	0.0	1	106832	n/a
52.17236328125	0.3	0.0	1	106849	n/a
52.18115234375	0.3	1.0	2	106867	n/a
52.189453125	0.3	1.0	2	106884	n/a
52.19775390625	0.3	0.0	1	106901	n/a
52.2060546875	0.3	0.0	1	106918	n/a
52.21435546875	0.3	1.0	2	106935	n/a
52.22265625	0.3	1.0	2	106952	n/a
52.23095703125	0.3	0.0	1	106969	n/a
52.2392578125	0.3	1.0	2	106986	n/a
52.24755859375	0.3	0.0	1	107003	n/a
52.255859375	0.3	0.0	1	107020	n/a
52.26416015625	0.3	1.0	2	107037	n/a
52.2724609375	0.3	0.0	1	107054	n/a
52.28076171875	0.3	1.0	2	107071	n/a
52.2890625	0.3	1.0	2	107088	n/a
52.29736328125	0.3	0.0	1	107105	n/a
52.30615234375	0.3	1.0	2	107123	n/a
52.314453125	0.3	0.0	1	107140	n/a
52.32275390625	0.3	0.0	1	107157	n/a
52.3310546875	0.3	1.0	2	107174	n/a
52.33935546875	0.3	0.0	1	107191	n/a
52.34765625	0.3	1.0	2	107208	n/a
52.35595703125	0.3	1.0	2	107225	n/a
52.3642578125	0.3	0.0	1	107242	n/a
52.37255859375	0.3	0.0	1	107259	n/a
52.380859375	0.3	1.0	2	107276	n/a
52.38916015625	0.3	1.0	2	107293	n/a
52.3974609375	0.3	0.0	1	107310	n/a
52.40576171875	0.3	0.0	1	107327	n/a
52.4140625	0.3	1.0	2	107344	n/a
52.42236328125	0.3	0.0	1	107361	n/a
52.43115234375	0.3	1.0	2	107379	n/a
52.439453125	0.3	0.0	1	107396	n/a
52.44775390625	0.3	1.0	2	107413	n/a
52.4560546875	0.3	1.0	2	107430	n/a
52.46435546875	0.3	0.0	1	107447	n/a
52.47265625	0.3	1.0	2	107464	n/a
52.48095703125	0.3	0.0	1	107481	n/a
52.4892578125	0.3	1.0	2	107498	n/a
52.49755859375	0.3	0.0	1	107515	n/a
52.505859375	0.3	0.0	1	107532	n/a
52.51416015625	0.3	1.0	2	107549	n/a
52.5224609375	0.3	0.0	1	107566	n/a
52.53076171875	0.3	1.0	2	107583	n/a
52.5390625	0.3	1.0	2	107600	n/a
52.54736328125	0.3	0.0	1	107617	n/a
52.55615234375	0.3	1.0	2	107635	n/a
52.564453125	0.3	0.0	1	107652	n/a
52.57275390625	0.3	1.0	2	107669	n/a
52.5810546875	0.3	0.0	1	107686	n/a
52.58935546875	0.3	1.0	2	107703	n/a
52.59765625	0.3	0.0	1	107720	n/a
52.60595703125	0.3	1.0	2	107737	n/a
52.6142578125	0.3	0.0	1	107754	n/a
52.62255859375	0.3	1.0	2	107771	n/a
52.630859375	0.3	0.0	1	107788	n/a
52.63916015625	0.3	1.0	2	107805	n/a
52.6474609375	0.3	0.0	1	107822	n/a
52.65576171875	0.3	0.0	1	107839	n/a
52.6640625	0.3	1.0	2	107856	n/a
52.67236328125	0.3	1.0	2	107873	n/a
52.68115234375	0.3	0.0	1	107891	n/a
52.689453125	0.3	1.0	2	107908	n/a
52.69775390625	0.3	0.0	1	107925	n/a
52.7060546875	0.3	1.0	2	107942	n/a
52.71435546875	0.3	0.0	1	107959	n/a
52.72265625	0.3	0.0	1	107976	n/a
52.73095703125	0.3	1.0	2	107993	n/a
52.7392578125	0.3	1.0	2	108010	n/a
52.74755859375	0.3	0.0	1	108027	n/a
52.755859375	0.3	0.0	1	108044	n/a
52.76416015625	0.3	1.0	2	108061	n/a
52.7724609375	0.3	1.0	2	108078	n/a
52.78076171875	0.3	0.0	1	108095	n/a
52.7890625	0.3	0.0	1	108112	n/a
52.79736328125	0.3	1.0	2	108129	n/a
52.80615234375	0.3	1.0	2	108147	n/a
52.814453125	0.3	0.0	1	108164	n/a
52.82275390625	0.3	1.0	2	108181	n/a
52.8310546875	0.3	0.0	1	108198	n/a
52.83935546875	0.3	1.0	2	108215	n/a
52.84765625	0.3	0.0	1	108232	n/a
52.85595703125	0.3	0.0	1	108249	n/a
52.8642578125	0.3	1.0	2	108266	n/a
52.87255859375	0.3	1.0	2	108283	n/a
52.880859375	0.3	0.0	1	108300	n/a
52.88916015625	0.3	1.0	2	108317	n/a
52.8974609375	0.3	0.0	1	108334	n/a
52.90576171875	0.3	0.0	1	108351	n/a
52.9140625	0.3	1.0	2	108368	n/a
52.92236328125	0.3	1.0	2	108385	n/a
52.93115234375	0.3	0.0	1	108403	n/a
52.939453125	0.3	1.0	2	108420	n/a
52.94775390625	0.3	0.0	1	108437	n/a
52.9560546875	0.3	0.0	1	108454	n/a
52.96435546875	0.3	1.0	2	108471	n/a
52.97265625	0.3	0.0	1	108488	n/a
52.98095703125	0.3	1.0	2	108505	n/a
52.9892578125	0.3	1.0	2	108522	n/a
52.99755859375	0.3	0.0	1	108539	n/a
53.005859375	0.3	0.0	1	108556	n/a
53.01416015625	0.3	1.0	2	108573	n/a
53.0224609375	0.3	0.0	1	108590	n/a
53.03076171875	0.3	1.0	2	108607	n/a
53.0390625	0.3	0.0	1	108624	n/a
53.04736328125	0.3	1.0	2	108641	n/a
53.05615234375	0.3	1.0	2	108659	n/a
53.064453125	0.3	0.0	1	108676	n/a
53.07275390625	0.3	1.0	2	108693	n/a
53.0810546875	0.3	0.0	1	108710	n/a
53.08935546875	0.3	1.0	2	108727	n/a
53.09765625	0.3	0.0	1	108744	n/a
53.10595703125	0.3	1.0	2	108761	n/a
53.1142578125	0.3	0.0	1	108778	n/a
53.12255859375	0.3	0.0	1	108795	n/a
53.130859375	0.3	1.0	2	108812	n/a
53.13916015625	0.3	1.0	2	108829	n/a
53.1474609375	0.3	0.0	1	108846	n/a
53.15576171875	0.3	1.0	2	108863	n/a
53.1640625	0.3	0.0	1	108880	n/a
53.17236328125	0.3	1.0	2	108897	n/a
53.18115234375	0.3	0.0	1	108915	n/a
53.189453125	0.3	1.0	2	108932	n/a
53.19775390625	0.3	0.0	1	108949	n/a
53.2060546875	0.3	1.0	2	108966	n/a
53.21435546875	0.3	0.0	1	108983	n/a
53.22265625	0.3	0.0	1	109000	n/a
53.23095703125	0.3	1.0	2	109017	n/a
53.2392578125	0.3	1.0	2	109034	n/a
53.24755859375	0.3	0.0	1	109051	n/a
53.255859375	0.3	0.0	1	109068	n/a
53.26416015625	0.3	1.0	2	109085	n/a
53.2724609375	0.3	1.0	2	109102	n/a
53.28076171875	0.3	0.0	1	109119	n/a
53.2890625	0.3	1.0	2	109136	n/a
53.29736328125	0.3	0.0	1	109153	n/a
53.30615234375	0.3	0.0	1	109171	n/a
53.314453125	0.3	1.0	2	109188	n/a
53.32275390625	0.3	0.0	1	109205	n/a
53.3310546875	0.3	1.0	2	109222	n/a
53.33935546875	0.3	1.0	2	109239	n/a
53.34765625	0.3	0.0	1	109256	n/a
53.35595703125	0.3	1.0	2	109273	n/a
53.3642578125	0.3	0.0	1	109290	n/a
53.37255859375	0.3	0.0	1	109307	n/a
53.380859375	0.3	1.0	2	109324	n/a
53.38916015625	0.3	0.0	1	109341	n/a
53.3974609375	0.3	1.0	2	109358	n/a
53.40576171875	0.3	1.0	2	109375	n/a
53.4140625	0.3	0.0	1	109392	n/a
53.42236328125	0.3	0.0	1	109409	n/a
53.43115234375	0.3	1.0	2	109427	n/a
53.439453125	0.3	1.0	2	109444	n/a
53.44775390625	0.3	0.0	1	109461	n/a
53.4560546875	0.3	0.0	1	109478	n/a
53.46435546875	0.3	1.0	2	109495	n/a
53.47265625	0.3	0.0	1	109512	n/a
53.48095703125	0.3	1.0	2	109529	n/a
53.4892578125	0.3	0.0	1	109546	n/a
53.49755859375	0.3	1.0	2	109563	n/a
53.505859375	0.3	1.0	2	109580	n/a
53.51416015625	0.3	0.0	1	109597	n/a
53.5224609375	0.3	1.0	2	109614	n/a
53.53076171875	0.3	0.0	1	109631	n/a
53.5390625	0.3	1.0	2	109648	n/a
53.54736328125	0.3	0.0	1	109665	n/a
53.55615234375	0.3	0.0	1	109683	n/a
53.564453125	0.3	1.0	2	109700	n/a
53.57275390625	0.3	0.0	1	109717	n/a
53.5810546875	0.3	1.0	2	109734	n/a
53.58935546875	0.3	1.0	2	109751	n/a
53.59765625	0.3	0.0	1	109768	n/a
53.60595703125	0.3	1.0	2	109785	n/a
53.6142578125	0.3	0.0	1	109802	n/a
53.62255859375	0.3	1.0	2	109819	n/a
53.630859375	0.3	0.0	1	109836	n/a
53.63916015625	0.3	1.0	2	109853	n/a
53.6474609375	0.3	0.0	1	109870	n/a
53.65576171875	0.3	1.0	2	109887	n/a
53.6640625	0.3	0.0	1	109904	n/a
53.67236328125	0.3	1.0	2	109921	n/a
53.68115234375	0.3	0.0	1	109939	n/a
53.689453125	0.3	1.0	2	109956	n/a
53.69775390625	0.3	0.0	1	109973	n/a
53.7060546875	0.3	0.0	1	109990	n/a
53.71435546875	0.3	1.0	2	110007	n/a
53.72265625	0.3	1.0	2	110024	n/a
53.73095703125	0.3	0.0	1	110041	n/a
53.7392578125	0.3	1.0	2	110058	n/a
53.74755859375	0.3	0.0	1	110075	n/a
53.755859375	0.3	1.0	2	110092	n/a
53.76416015625	0.3	0.0	1	110109	n/a
53.7724609375	0.3	0.0	1	110126	n/a
53.78076171875	0.3	1.0	2	110143	n/a
53.7890625	0.3	1.0	2	110160	n/a
53.79736328125	0.3	0.0	1	110177	n/a
53.80615234375	0.3	0.0	1	110195	n/a
53.814453125	0.3	1.0	2	110212	n/a
53.82275390625	0.3	1.0	2	110229	n/a
53.8310546875	0.3	0.0	1	110246	n/a
53.83935546875	0.3	0.0	1	110263	n/a
53.84765625	0.3	1.0	2	110280	n/a
53.85595703125	0.3	1.0	2	110297	n/a
53.8642578125	0.3	0.0	1	110314	n/a
53.87255859375	0.3	1.0	2	110331	n/a
53.880859375	0.3	0.0	1	110348	n/a
53.88916015625	0.3	1.0	2	110365	n/a
53.8974609375	0.3	0.0	1	110382	n/a
53.90576171875	0.3	0.0	1	110399	n/a
53.9140625	0.3	1.0	2	110416	n/a
53.92236328125	0.3	1.0	2	110433	n/a
53.93115234375	0.3	0.0	1	110451	n/a
53.939453125	0.3	1.0	2	110468	n/a
53.94775390625	0.3	0.0	1	110485	n/a
53.9560546875	0.3	0.0	1	110502	n/a
53.96435546875	0.3	1.0	2	110519	n/a
53.97265625	0.3	1.0	2	110536	n/a
53.98095703125	0.3	0.0	1	110553	n/a
53.9892578125	0.3	1.0	2	110570	n/a
53.99755859375	0.3	0.0	1	110587	n/a
54.005859375	0.3	0.0	1	110604	n/a
54.01416015625	0.3	1.0	2	110621	n/a
54.0224609375	0.3	0.0	1	110638	n/a
54.03076171875	0.3	1.0	2	110655	n/a
54.0390625	0.3	1.0	2	110672	n/a
54.04736328125	0.3	0.0	1	110689	n/a
54.05615234375	0.3	0.0	1	110707	n/a
54.064453125	0.3	1.0	2	110724	n/a
54.07275390625	0.3	0.0	1	110741	n/a
54.0810546875	0.3	1.0	2	110758	n/a
54.08935546875	0.3	0.0	1	110775	n/a
54.09765625	0.3	1.0	2	110792	n/a
54.10595703125	0.3	1.0	2	110809	n/a
54.1142578125	0.3	0.0	1	110826	n/a
54.12255859375	0.3	1.0	2	110843	n/a
54.130859375	0.3	0.0	1	110860	n/a
54.13916015625	0.3	1.0	2	110877	n/a
54.1474609375	0.3	0.0	1	110894	n/a
54.15576171875	0.3	1.0	2	110911	n/a
54.1640625	0.3	0.0	1	110928	n/a
54.17236328125	0.3	0.0	1	110945	n/a
54.18115234375	0.3	1.0	2	110963	n/a
54.189453125	0.3	1.0	2	110980	n/a
54.19775390625	0.3	0.0	1	110997	n/a
54.2060546875	0.3	1.0	2	111014	n/a
54.21435546875	0.3	0.0	1	111031	n/a
54.22265625	0.3	1.0	2	111048	n/a
54.23095703125	0.3	0.0	1	111065	n/a
54.2392578125	0.3	1.0	2	111082	n/a
54.24755859375	0.3	0.0	1	111099	n/a
54.255859375	0.3	1.0	2	111116	n/a
54.26416015625	0.3	0.0	1	111133	n/a
54.2724609375	0.3	0.0	1	111150	n/a
54.28076171875	0.3	1.0	2	111167	n/a
54.2890625	0.3	1.0	2	111184	n/a
54.29736328125	0.3	0.0	1	111201	n/a
54.30615234375	0.3	0.0	1	111219	n/a
54.314453125	0.3	1.0	2	111236	n/a
54.32275390625	0.3	1.0	2	111253	n/a
54.3310546875	0.3	0.0	1	111270	n/a
54.33935546875	0.3	1.0	2	111287	n/a
54.34765625	0.3	0.0	1	111304	n/a
54.35595703125	0.3	0.0	1	111321	n/a
54.3642578125	0.3	1.0	2	111338	n/a
54.37255859375	0.3	0.0	1	111355	n/a
54.380859375	0.3	1.0	2	111372	n/a
54.38916015625	0.3	1.0	2	111389	n/a
54.3974609375	0.3	0.0	1	111406	n/a
54.40576171875	0.3	1.0	2	111423	n/a
54.4140625	0.3	0.0	1	111440	n/a
54.42236328125	0.3	0.0	1	111457	n/a
54.43115234375	0.3	1.0	2	111475	n/a
54.439453125	0.3	0.0	1	111492	n/a
54.44775390625	0.3	1.0	2	111509	n/a
54.4560546875	0.3	1.0	2	111526	n/a
54.46435546875	0.3	0.0	1	111543	n/a
54.47265625	0.3	0.0	1	111560	n/a
54.48095703125	0.3	1.0	2	111577	n/a
54.4892578125	0.3	1.0	2	111594	n/a
54.49755859375	0.3	0.0	1	111611	n/a
54.505859375	0.3	0.0	1	111628	n/a
54.51416015625	0.3	1.0	2	111645	n/a
54.5224609375	0.3	0.0	1	111662	n/a
54.53076171875	0.3	1.0	2	111679	n/a
54.5390625	0.3	0.0	1	111696	n/a
54.54736328125	0.3	1.0	2	111713	n/a
54.55615234375	0.3	1.0	2	111731	n/a
54.564453125	0.3	0.0	1	111748	n/a
54.57275390625	0.3	1.0	2	111765	n/a
54.5810546875	0.3	0.0	1	111782	n/a
54.58935546875	0.3	1.0	2	111799	n/a
54.59765625	0.3	0.0	1	111816	n/a
54.60595703125	0.3	0.0	1	111833	n/a
54.6142578125	0.3	1.0	2	111850	n/a
54.62255859375	0.3	0.0	1	111867	n/a
54.630859375	0.3	1.0	2	111884	n/a
54.63916015625	0.3	1.0	2	111901	n/a
54.6474609375	0.3	0.0	1	111918	n/a
54.65576171875	0.3	1.0	2	111935	n/a
54.6640625	0.3	0.0	1	111952	n/a
54.67236328125	0.3	1.0	2	111969	n/a
54.68115234375	0.3	0.0	1	111987	n/a
54.689453125	0.3	1.0	2	112004	n/a
54.69775390625	0.3	0.0	1	112021	n/a
54.7060546875	0.3	1.0	2	112038	n/a
54.71435546875	0.3	0.0	1	112055	n/a
54.72265625	0.3	1.0	2	112072	n/a
54.73095703125	0.3	0.0	1	112089	n/a
54.7392578125	0.3	1.0	2	112106	n/a
54.74755859375	0.3	0.0	1	112123	n/a
54.755859375	0.3	0.0	1	112140	n/a
54.76416015625	0.3	1.0	2	112157	n/a
54.7724609375	0.3	1.0	2	112174	n/a
54.78076171875	0.3	0.0	1	112191	n/a
54.7890625	0.3	1.0	2	112208	n/a
54.79736328125	0.3	0.0	1	112225	n/a
54.80615234375	0.3	1.0	2	112243	n/a
54.814453125	0.3	0.0	1	112260	n/a
54.82275390625	0.3	0.0	1	112277	n/a
54.8310546875	0.3	1.0	2	112294	n/a
54.83935546875	0.3	1.0	2	112311	n/a
54.84765625	0.3	0.0	1	112328	n/a
54.85595703125	0.3	0.0	1	112345	n/a
54.8642578125	0.3	1.0	2	112362	n/a
54.87255859375	0.3	1.0	2	112379	n/a
54.880859375	0.3	0.0	1	112396	n/a
54.88916015625	0.3	0.0	1	112413	n/a
54.8974609375	0.3	1.0	2	112430	n/a
54.90576171875	0.3	1.0	2	112447	n/a
54.9140625	0.3	0.0	1	112464	n/a
54.92236328125	0.3	1.0	2	112481	n/a
54.93115234375	0.3	0.0	1	112499	n/a
57.314453125	0.3	0.0	1	117380	2.0
57.32275390625	0.3	1.0	2	117397	n/a
57.3310546875	0.3	0.0	1	117414	n/a
57.33935546875	0.3	1.0	2	117431	n/a
57.34765625	0.3	1.0	2	117448	n/a
57.35595703125	0.3	0.0	1	117465	n/a
57.3642578125	0.3	1.0	2	117482	n/a
57.37255859375	0.3	0.0	1	117499	n/a
57.38134765625	0.3	0.0	1	117517	n/a
57.3896484375	0.3	1.0	2	117534	n/a
57.39794921875	0.3	0.0	1	117551	n/a
57.40625	0.3	1.0	2	117568	n/a
57.41455078125	0.3	0.0	1	117585	n/a
57.4228515625	0.3	1.0	2	117602	n/a
57.43115234375	0.3	1.0	2	117619	n/a
57.439453125	0.3	0.0	1	117636	n/a
57.44775390625	0.3	0.0	1	117653	n/a
57.4560546875	0.3	1.0	2	117670	n/a
57.46435546875	0.3	1.0	2	117687	n/a
57.47265625	0.3	0.0	1	117704	n/a
57.48095703125	0.3	0.0	1	117721	n/a
57.4892578125	0.3	1.0	2	117738	n/a
57.49755859375	0.3	0.0	1	117755	n/a
57.50634765625	0.3	1.0	2	117773	n/a
57.5146484375	0.3	0.0	1	117790	n/a
57.52294921875	0.3	1.0	2	117807	n/a
57.53125	0.3	0.0	1	117824	n/a
57.53955078125	0.3	1.0	2	117841	n/a
57.5478515625	0.3	1.0	2	117858	n/a
57.55615234375	0.3	0.0	1	117875	n/a
57.564453125	0.3	0.0	1	117892	n/a
57.57275390625	0.3	1.0	2	117909	n/a
57.5810546875	0.3	0.0	1	117926	n/a
57.58935546875	0.3	1.0	2	117943	n/a
57.59765625	0.3	1.0	2	117960	n/a
57.60595703125	0.3	0.0	1	117977	n/a
57.6142578125	0.3	0.0	1	117994	n/a
57.62255859375	0.3	1.0	2	118011	n/a
57.63134765625	0.3	0.0	1	118029	n/a
57.6396484375	0.3	1.0	2	118046	n/a
57.64794921875	0.3	0.0	1	118063	n/a
57.65625	0.3	1.0	2	118080	n/a
57.66455078125	0.3	1.0	2	118097	n/a
57.6728515625	0.3	0.0	1	118114	n/a
57.68115234375	0.3	1.0	2	118131	n/a
57.689453125	0.3	0.0	1	118148	n/a
57.69775390625	0.3	1.0	2	118165	n/a
57.7060546875	0.3	0.0	1	118182	n/a
57.71435546875	0.3	1.0	2	118199	n/a
57.72265625	0.3	0.0	1	118216	n/a
57.73095703125	0.3	1.0	2	118233	n/a
57.7392578125	0.3	0.0	1	118250	n/a
57.74755859375	0.3	1.0	2	118267	n/a
57.75634765625	0.3	0.0	1	118285	n/a
57.7646484375	0.3	0.0	1	118302	n/a
57.77294921875	0.3	1.0	2	118319	n/a
57.78125	0.3	0.0	1	118336	n/a
57.78955078125	0.3	1.0	2	118353	n/a
57.7978515625	0.3	0.0	1	118370	n/a
57.80615234375	0.3	1.0	2	118387	n/a
57.814453125	0.3	1.0	2	118404	n/a
57.82275390625	0.3	0.0	1	118421	n/a
57.8310546875	0.3	0.0	1	118438	n/a
57.83935546875	0.3	1.0	2	118455	n/a
57.84765625	0.3	1.0	2	118472	n/a
57.85595703125	0.3	0.0	1	118489	n/a
57.8642578125	0.3	0.0	1	118506	n/a
57.87255859375	0.3	1.0	2	118523	n/a
57.88134765625	0.3	1.0	2	118541	n/a
57.8896484375	0.3	0.0	1	118558	n/a
57.89794921875	0.3	1.0	2	118575	n/a
57.90625	0.3	0.0	1	118592	n/a
57.91455078125	0.3	0.0	1	118609	n/a
57.9228515625	0.3	1.0	2	118626	n/a
57.93115234375	0.3	1.0	2	118643	n/a
57.939453125	0.3	0.0	1	118660	n/a
57.94775390625	0.3	1.0	2	118677	n/a
57.9560546875	0.3	0.0	1	118694	n/a
57.96435546875	0.3	0.0	1	118711	n/a
57.97265625	0.3	1.0	2	118728	n/a
57.98095703125	0.3	0.0	1	118745	n/a
57.9892578125	0.3	1.0	2	118762	n/a
57.99755859375	0.3	0.0	1	118779	n/a
58.00634765625	0.3	1.0	2	118797	n/a
58.0146484375	0.3	0.0	1	118814	n/a
58.02294921875	0.3	1.0	2	118831	n/a
58.03125	0.3	0.0	1	118848	n/a
58.03955078125	0.3	1.0	2	118865	n/a
58.0478515625	0.3	1.0	2	118882	n/a
58.05615234375	0.3	0.0	1	118899	n/a
58.064453125	0.3	1.0	2	118916	n/a
58.07275390625	0.3	0.0	1	118933	n/a
58.0810546875	0.3	0.0	1	118950	n/a
58.08935546875	0.3	1.0	2	118967	n/a
58.09765625	0.3	0.0	1	118984	n/a
58.10595703125	0.3	1.0	2	119001	n/a
58.1142578125	0.3	1.0	2	119018	n/a
58.12255859375	0.3	0.0	1	119035	n/a
58.13134765625	0.3	0.0	1	119053	n/a
58.1396484375	0.3	1.0	2	119070	n/a
58.14794921875	0.3	1.0	2	119087	n/a
58.15625	0.3	0.0	1	119104	n/a
58.16455078125	0.3	1.0	2	119121	n/a
58.1728515625	0.3	0.0	1	119138	n/a
58.18115234375	0.3	1.0	2	119155	n/a
58.189453125	0.3	0.0	1	119172	n/a
58.19775390625	0.3	0.0	1	119189	n/a
58.2060546875	0.3	1.0	2	119206	n/a
58.21435546875	0.3	1.0	2	119223	n/a
58.22265625	0.3	0.0	1	119240	n/a
58.23095703125	0.3	0.0	1	119257	n/a
58.2392578125	0.3	1.0	2	119274	n/a
58.24755859375	0.3	1.0	2	119291	n/a
58.25634765625	0.3	0.0	1	119309	n/a
58.2646484375	0.3	1.0	2	119326	n/a
58.27294921875	0.3	0.0	1	119343	n/a
58.28125	0.3	0.0	1	119360	n/a
58.28955078125	0.3	1.0	2	119377	n/a
58.2978515625	0.3	1.0	2	119394	n/a
58.30615234375	0.3	0.0	1	119411	n/a
58.314453125	0.3	1.0	2	119428	n/a
58.32275390625	0.3	0.0	1	119445	n/a
58.3310546875	0.3	1.0	2	119462	n/a
58.33935546875	0.3	0.0	1	119479	n/a
58.34765625	0.3	1.0	2	119496	n/a
58.35595703125	0.3	0.0	1	119513	n/a
58.3642578125	0.3	0.0	1	119530	n/a
58.37255859375	0.3	1.0	2	119547	n/a
58.38134765625	0.3	0.0	1	119565	n/a
58.3896484375	0.3	1.0	2	119582	n/a
58.39794921875	0.3	1.0	2	119599	n/a
58.40625	0.3	0.0	1	119616	n/a
58.41455078125	0.3	1.0	2	119633	n/a
58.4228515625	0.3	0.0	1	119650	n/a
58.43115234375	0.3	0.0	1	119667	n/a
58.439453125	0.3	1.0	2	119684	n/a
58.44775390625	0.3	0.0	1	119701	n/a
58.4560546875	0.3	1.0	2	119718	n/a
58.46435546875	0.3	0.0	1	119735	n/a
58.47265625	0.3	1.0	2	119752	n/a
58.48095703125	0.3	1.0	2	119769	n/a
58.4892578125	0.3	0.0	1	119786	n/a
58.49755859375	0.3	0.0	1	119803	n/a
58.50634765625	0.3	1.0	2	119821	n/a
58.5146484375	0.3	1.0	2	119838	n/a
58.52294921875	0.3	0.0	1	119855	n/a
58.53125	0.3	0.0	1	119872	n/a
58.53955078125	0.3	1.0	2	119889	n/a
58.5478515625	0.3	0.0	1	119906	n/a
58.55615234375	0.3	1.0	2	119923	n/a
58.564453125	0.3	0.0	1	119940	n/a
58.57275390625	0.3	1.0	2	119957	n/a
58.5810546875	0.3	0.0	1	119974	n/a
58.58935546875	0.3	1.0	2	119991	n/a
58.59765625	0.3	1.0	2	120008	n/a
58.60595703125	0.3	0.0	1	120025	n/a
58.6142578125	0.3	0.0	1	120042	n/a
58.62255859375	0.3	1.0	2	120059	n/a
58.63134765625	0.3	0.0	1	120077	n/a
58.6396484375	0.3	1.0	2	120094	n/a
58.64794921875	0.3	1.0	2	120111	n/a
58.65625	0.3	0.0	1	120128	n/a
58.66455078125	0.3	0.0	1	120145	n/a
58.6728515625	0.3	1.0	2	120162	n/a
58.68115234375	0.3	0.0	1	120179	n/a
58.689453125	0.3	1.0	2	120196	n/a
58.69775390625	0.3	0.0	1	120213	n/a
58.7060546875	0.3	1.0	2	120230	n/a
58.71435546875	0.3	1.0	2	120247	n/a
58.72265625	0.3	0.0	1	120264	n/a
58.73095703125	0.3	1.0	2	120281	n/a
58.7392578125	0.3	0.0	1	120298	n/a
58.74755859375	0.3	1.0	2	120315	n/a
58.75634765625	0.3	0.0	1	120333	n/a
58.7646484375	0.3	1.0	2	120350	n/a
58.77294921875	0.3	0.0	1	120367	n/a
58.78125	0.3	1.0	2	120384	n/a
58.78955078125	0.3	0.0	1	120401	n/a
58.7978515625	0.3	1.0	2	120418	n/a
58.80615234375	0.3	0.0	1	120435	n/a
58.814453125	0.3	0.0	1	120452	n/a
58.82275390625	0.3	1.0	2	120469	n/a
58.8310546875	0.3	0.0	1	120486	n/a
58.83935546875	0.3	1.0	2	120503	n/a
58.84765625	0.3	0.0	1	120520	n/a
58.85595703125	0.3	1.0	2	120537	n/a
58.8642578125	0.3	1.0	2	120554	n/a
58.87255859375	0.3	0.0	1	120571	n/a
58.88134765625	0.3	0.0	1	120589	n/a
58.8896484375	0.3	1.0	2	120606	n/a
58.89794921875	0.3	1.0	2	120623	n/a
58.90625	0.3	0.0	1	120640	n/a
58.91455078125	0.3	0.0	1	120657	n/a
58.9228515625	0.3	1.0	2	120674	n/a
58.93115234375	0.3	1.0	2	120691	n/a
58.939453125	0.3	0.0	1	120708	n/a
58.94775390625	0.3	1.0	2	120725	n/a
58.9560546875	0.3	0.0	1	120742	n/a
58.96435546875	0.3	0.0	1	120759	n/a
58.97265625	0.3	1.0	2	120776	n/a
58.98095703125	0.3	1.0	2	120793	n/a
58.9892578125	0.3	0.0	1	120810	n/a
58.99755859375	0.3	1.0	2	120827	n/a
59.00634765625	0.3	0.0	1	120845	n/a
59.0146484375	0.3	0.0	1	120862	n/a
59.02294921875	0.3	1.0	2	120879	n/a
59.03125	0.3	0.0	1	120896	n/a
59.03955078125	0.3	1.0	2	120913	n/a
59.0478515625	0.3	0.0	1	120930	n/a
59.05615234375	0.3	1.0	2	120947	n/a
59.064453125	0.3	0.0	1	120964	n/a
59.07275390625	0.3	1.0	2	120981	n/a
59.0810546875	0.3	0.0	1	120998	n/a
59.08935546875	0.3	1.0	2	121015	n/a
59.09765625	0.3	1.0	2	121032	n/a
59.10595703125	0.3	0.0	1	121049	n/a
59.1142578125	0.3	1.0	2	121066	n/a
59.12255859375	0.3	0.0	1	121083	n/a
59.13134765625	0.3	0.0	1	121101	n/a
59.1396484375	0.3	1.0	2	121118	n/a
59.14794921875	0.3	0.0	1	121135	n/a
59.15625	0.3	1.0	2	121152	n/a
59.16455078125	0.3	1.0	2	121169	n/a
59.1728515625	0.3	0.0	1	121186	n/a
59.18115234375	0.3	0.0	1	121203	n/a
59.189453125	0.3	1.0	2	121220	n/a
59.19775390625	0.3	1.0	2	121237	n/a
59.2060546875	0.3	0.0	1	121254	n/a
59.21435546875	0.3	1.0	2	121271	n/a
59.22265625	0.3	0.0	1	121288	n/a
59.23095703125	0.3	1.0	2	121305	n/a
59.2392578125	0.3	0.0	1	121322	n/a
59.24755859375	0.3	0.0	1	121339	n/a
59.25634765625	0.3	1.0	2	121357	n/a
59.2646484375	0.3	1.0	2	121374	n/a
59.27294921875	0.3	0.0	1	121391	n/a
59.28125	0.3	0.0	1	121408	n/a
59.28955078125	0.3	1.0	2	121425	n/a
59.2978515625	0.3	1.0	2	121442	n/a
59.30615234375	0.3	0.0	1	121459	n/a
59.314453125	0.3	1.0	2	121476	n/a
59.32275390625	0.3	0.0	1	121493	n/a
59.3310546875	0.3	0.0	1	121510	n/a
59.33935546875	0.3	1.0	2	121527	n/a
59.34765625	0.3	1.0	2	121544	n/a
59.35595703125	0.3	0.0	1	121561	n/a
59.3642578125	0.3	1.0	2	121578	n/a
59.37255859375	0.3	0.0	1	121595	n/a
59.38134765625	0.3	1.0	2	121613	n/a
59.3896484375	0.3	0.0	1	121630	n/a
59.39794921875	0.3	1.0	2	121647	n/a
59.40625	0.3	0.0	1	121664	n/a
59.41455078125	0.3	0.0	1	121681	n/a
59.4228515625	0.3	1.0	2	121698	n/a
59.43115234375	0.3	0.0	1	121715	n/a
59.439453125	0.3	1.0	2	121732	n/a
59.44775390625	0.3	1.0	2	121749	n/a
59.4560546875	0.3	0.0	1	121766	n/a
59.46435546875	0.3	1.0	2	121783	n/a
59.47265625	0.3	0.0	1	121800	n/a
59.48095703125	0.3	0.0	1	121817	n/a
59.4892578125	0.3	1.0	2	121834	n/a
59.49755859375	0.3	0.0	1	121851	n/a
59.50634765625	0.3	1.0	2	121869	n/a
59.5146484375	0.3	0.0	1	121886	n/a
59.52294921875	0.3	1.0	2	121903	n/a
59.53125	0.3	1.0	2	121920	n/a
59.53955078125	0.3	0.0	1	121937	n/a
59.5478515625	0.3	0.0	1	121954	n/a
59.55615234375	0.3	1.0	2	121971	n/a
59.564453125	0.3	1.0	2	121988	n/a
59.57275390625	0.3	0.0	1	122005	n/a
59.5810546875	0.3	0.0	1	122022	n/a
59.58935546875	0.3	1.0	2	122039	n/a
59.59765625	0.3	0.0	1	122056	n/a
59.60595703125	0.3	1.0	2	122073	n/a
59.6142578125	0.3	0.0	1	122090	n/a
59.62255859375	0.3	1.0	2	122107	n/a
59.63134765625	0.3	0.0	1	122125	n/a
59.6396484375	0.3	1.0	2	122142	n/a
59.64794921875	0.3	1.0	2	122159	n/a
59.65625	0.3	0.0	1	122176	n/a
59.66455078125	0.3	0.0	1	122193	n/a
59.6728515625	0.3	1.0	2	122210	n/a
59.68115234375	0.3	0.0	1	122227	n/a
59.689453125	0.3	1.0	2	122244	n/a
59.69775390625	0.3	1.0	2	122261	n/a
59.7060546875	0.3	0.0	1	122278	n/a
59.71435546875	0.3	0.0	1	122295	n/a
59.72265625	0.3	1.0	2	122312	n/a
59.73095703125	0.3	0.0	1	122329	n/a
59.7392578125	0.3	1.0	2	122346	n/a
59.74755859375	0.3	0.0	1	122363	n/a
59.75634765625	0.3	1.0	2	122381	n/a
59.7646484375	0.3	1.0	2	122398	n/a
59.77294921875	0.3	0.0	1	122415	n/a
59.78125	0.3	1.0	2	122432	n/a
59.78955078125	0.3	0.0	1	122449	n/a
59.7978515625	0.3	1.0	2	122466	n/a
59.80615234375	0.3	0.0	1	122483	n/a
59.814453125	0.3	1.0	2	122500	n/a
59.82275390625	0.3	0.0	1	122517	n/a
59.8310546875	0.3	1.0	2	122534	n/a
59.83935546875	0.3	0.0	1	122551	n/a
59.84765625	0.3	1.0	2	122568	n/a
59.85595703125	0.3	0.0	1	122585	n/a
59.8642578125	0.3	0.0	1	122602	n/a
59.87255859375	0.3	1.0	2	122619	n/a
59.88134765625	0.3	0.0	1	122637	n/a
59.8896484375	0.3	1.0	2	122654	n/a
59.89794921875	0.3	0.0	1	122671	n/a
59.90625	0.3	1.0	2	122688	n/a
59.91455078125	0.3	1.0	2	122705	n/a
59.9228515625	0.3	0.0	1	122722	n/a
59.93115234375	0.3	0.0	1	122739	n/a
59.939453125	0.3	1.0	2	122756	n/a
59.94775390625	0.3	1.0	2	122773	n/a
59.9560546875	0.3	0.0	1	122790	n/a
59.96435546875	0.3	0.0	1	122807	n/a
59.97265625	0.3	1.0	2	122824	n/a
59.98095703125	0.3	1.0	2	122841	n/a
59.9892578125	0.3	0.0	1	122858	n/a
59.99755859375	0.3	1.0	2	122875	n/a
60.00634765625	0.3	0.0	1	122893	n/a
60.0146484375	0.3	0.0	1	122910	n/a
60.02294921875	0.3	1.0	2	122927	n/a
60.03125	0.3	1.0	2	122944	n/a
60.03955078125	0.3	0.0	1	122961	n/a
60.0478515625	0.3	1.0	2	122978	n/a
60.05615234375	0.3	0.0	1	122995	n/a
60.064453125	0.3	0.0	1	123012	n/a
60.07275390625	0.3	1.0	2	123029	n/a
60.0810546875	0.3	0.0	1	123046	n/a
60.08935546875	0.3	1.0	2	123063	n/a
60.09765625	0.3	0.0	1	123080	n/a
60.10595703125	0.3	1.0	2	123097	n/a
60.1142578125	0.3	0.0	1	123114	n/a
60.12255859375	0.3	1.0	2	123131	n/a
60.13134765625	0.3	0.0	1	123149	n/a
60.1396484375	0.3	1.0	2	123166	n/a
60.14794921875	0.3	1.0	2	123183	n/a
60.15625	0.3	0.0	1	123200	n/a
60.16455078125	0.3	1.0	2	123217	n/a
60.1728515625	0.3	0.0	1	123234	n/a
60.18115234375	0.3	0.0	1	123251	n/a
60.189453125	0.3	1.0	2	123268	n/a
60.19775390625	0.3	0.0	1	123285	n/a
60.2060546875	0.3	1.0	2	123302	n/a
60.21435546875	0.3	1.0	2	123319	n/a
60.22265625	0.3	0.0	1	123336	n/a
60.23095703125	0.3	0.0	1	123353	n/a
60.2392578125	0.3	1.0	2	123370	n/a
60.24755859375	0.3	1.0	2	123387	n/a
60.25634765625	0.3	0.0	1	123405	n/a
60.2646484375	0.3	1.0	2	123422	n/a
60.27294921875	0.3	0.0	1	123439	n/a
60.28125	0.3	1.0	2	123456	n/a
60.28955078125	0.3	0.0	1	123473	n/a
60.2978515625	0.3	0.0	1	123490	n/a
60.30615234375	0.3	1.0	2	123507	n/a
60.314453125	0.3	1.0	2	123524	n/a
60.32275390625	0.3	0.0	1	123541	n/a
60.3310546875	0.3	0.0	1	123558	n/a
60.33935546875	0.3	1.0	2	123575	n/a
60.34765625	0.3	1.0	2	123592	n/a
60.35595703125	0.3	0.0	1	123609	n/a
60.3642578125	0.3	1.0	2	123626	n/a
60.37255859375	0.3	0.0	1	123643	n/a
60.38134765625	0.3	0.0	1	123661	n/a
60.3896484375	0.3	1.0	2	123678	n/a
60.39794921875	0.3	1.0	2	123695	n/a
60.40625	0.3	0.0	1	123712	n/a
60.41455078125	0.3	1.0	2	123729	n/a
60.4228515625	0.3	0.0	1	123746	n/a
60.43115234375	0.3	1.0	2	123763	n/a
60.439453125	0.3	0.0	1	123780	n/a
60.44775390625	0.3	1.0	2	123797	n/a
60.4560546875	0.3	0.0	1	123814	n/a
60.46435546875	0.3	0.0	1	123831	n/a
60.47265625	0.3	1.0	2	123848	n/a
60.48095703125	0.3	0.0	1	123865	n/a
60.4892578125	0.3	1.0	2	123882	n/a
60.49755859375	0.3	1.0	2	123899	n/a
60.50634765625	0.3	0.0	1	123917	n/a
60.5146484375	0.3	1.0	2	123934	n/a
60.52294921875	0.3	0.0	1	123951	n/a
60.53125	0.3	0.0	1	123968	n/a
60.53955078125	0.3	1.0	2	123985	n/a
60.5478515625	0.3	0.0	1	124002	n/a
60.55615234375	0.3	1.0	2	124019	n/a
60.564453125	0.3	0.0	1	124036	n/a
60.57275390625	0.3	1.0	2	124053	n/a
60.5810546875	0.3	1.0	2	124070	n/a
60.58935546875	0.3	0.0	1	124087	n/a
60.59765625	0.3	0.0	1	124104	n/a
60.60595703125	0.3	1.0	2	124121	n/a
60.6142578125	0.3	1.0	2	124138	n/a
60.62255859375	0.3	0.0	1	124155	n/a
60.63134765625	0.3	0.0	1	124173	n/a
60.6396484375	0.3	1.0	2	124190	n/a
60.64794921875	0.3	0.0	1	124207	n/a
60.65625	0.3	1.0	2	124224	n/a
60.66455078125	0.3	0.0	1	124241	n/a
60.6728515625	0.3	1.0	2	124258	n/a
60.68115234375	0.3	0.0	1	124275	n/a
60.689453125	0.3	1.0	2	124292	n/a
60.69775390625	0.3	1.0	2	124309	n/a
60.7060546875	0.3	0.0	1	124326	n/a
60.71435546875	0.3	0.0	1	124343	n/a
60.72265625	0.3	1.0	2	124360	n/a
60.73095703125	0.3	0.0	1	124377	n/a
60.7392578125	0.3	1.0	2	124394	n/a
60.74755859375	0.3	1.0	2	124411	n/a
60.75634765625	0.3	0.0	1	124429	n/a
60.7646484375	0.3	0.0	1	124446	n/a
60.77294921875	0.3	1.0	2	124463	n/a
60.78125	0.3	0.0	1	124480	n/a
60.78955078125	0.3	1.0	2	124497	n/a
60.7978515625	0.3	0.0	1	124514	n/a
60.80615234375	0.3	1.0	2	124531	n/a
60.814453125	0.3	1.0	2	124548	n/a
60.82275390625	0.3	0.0	1	124565	n/a
60.8310546875	0.3	1.0	2	124582	n/a
60.83935546875	0.3	0.0	1	124599	n/a
60.84765625	0.3	1.0	2	124616	n/a
60.85595703125	0.3	0.0	1	124633	n/a
60.8642578125	0.3	1.0	2	124650	n/a
60.87255859375	0.3	0.0	1	124667	n/a
60.88134765625	0.3	1.0	2	124685	n/a
60.8896484375	0.3	0.0	1	124702	n/a
60.89794921875	0.3	1.0	2	124719	n/a
60.90625	0.3	0.0	1	124736	n/a
60.91455078125	0.3	0.0	1	124753	n/a
60.9228515625	0.3	1.0	2	124770	n/a
60.93115234375	0.3	0.0	1	124787	n/a
60.939453125	0.3	1.0	2	124804	n/a
60.94775390625	0.3	0.0	1	124821	n/a
60.9560546875	0.3	1.0	2	124838	n/a
60.96435546875	0.3	1.0	2	124855	n/a
60.97265625	0.3	0.0	1	124872	n/a
60.98095703125	0.3	0.0	1	124889	n/a
60.9892578125	0.3	1.0	2	124906	n/a
60.99755859375	0.3	1.0	2	124923	n/a
61.00634765625	0.3	0.0	1	124941	n/a
61.0146484375	0.3	0.0	1	124958	n/a
61.02294921875	0.3	1.0	2	124975	n/a
61.03125	0.3	1.0	2	124992	n/a
61.03955078125	0.3	0.0	1	125009	n/a
61.0478515625	0.3	1.0	2	125026	n/a
61.05615234375	0.3	0.0	1	125043	n/a
61.064453125	0.3	0.0	1	125060	n/a
61.07275390625	0.3	1.0	2	125077	n/a
61.0810546875	0.3	1.0	2	125094	n/a
61.08935546875	0.3	0.0	1	125111	n/a
61.09765625	0.3	1.0	2	125128	n/a
61.10595703125	0.3	0.0	1	125145	n/a
61.1142578125	0.3	0.0	1	125162	n/a
61.12255859375	0.3	1.0	2	125179	n/a
61.13134765625	0.3	0.0	1	125197	n/a
61.1396484375	0.3	1.0	2	125214	n/a
61.14794921875	0.3	0.0	1	125231	n/a
61.15625	0.3	1.0	2	125248	n/a
61.16455078125	0.3	0.0	1	125265	n/a
61.1728515625	0.3	1.0	2	125282	n/a
61.18115234375	0.3	0.0	1	125299	n/a
61.189453125	0.3	1.0	2	125316	n/a
61.19775390625	0.3	1.0	2	125333	n/a
61.2060546875	0.3	0.0	1	125350	n/a
61.21435546875	0.3	1.0	2	125367	n/a
61.22265625	0.3	0.0	1	125384	n/a
61.23095703125	0.3	0.0	1	125401	n/a
61.2392578125	0.3	1.0	2	125418	n/a
61.24755859375	0.3	0.0	1	125435	n/a
61.25634765625	0.3	1.0	2	125453	n/a
61.2646484375	0.3	1.0	2	125470	n/a
61.27294921875	0.3	0.0	1	125487	n/a
61.28125	0.3	0.0	1	125504	n/a
61.28955078125	0.3	1.0	2	125521	n/a
61.2978515625	0.3	1.0	2	125538	n/a
61.30615234375	0.3	0.0	1	125555	n/a
61.314453125	0.3	1.0	2	125572	n/a
61.32275390625	0.3	0.0	1	125589	n/a
61.3310546875	0.3	1.0	2	125606	n/a
61.33935546875	0.3	0.0	1	125623	n/a
61.34765625	0.3	0.0	1	125640	n/a
61.35595703125	0.3	1.0	2	125657	n/a
61.3642578125	0.3	1.0	2	125674	n/a
61.37255859375	0.3	0.0	1	125691	n/a
61.38134765625	0.3	0.0	1	125709	n/a
61.3896484375	0.3	1.0	2	125726	n/a
61.39794921875	0.3	1.0	2	125743	n/a
61.40625	0.3	0.0	1	125760	n/a
61.41455078125	0.3	1.0	2	125777	n/a
61.4228515625	0.3	0.0	1	125794	n/a
61.43115234375	0.3	0.0	1	125811	n/a
61.439453125	0.3	1.0	2	125828	n/a
61.44775390625	0.3	1.0	2	125845	n/a
61.4560546875	0.3	0.0	1	125862	n/a
61.46435546875	0.3	1.0	2	125879	n/a
61.47265625	0.3	0.0	1	125896	n/a
61.48095703125	0.3	1.0	2	125913	n/a
61.4892578125	0.3	0.0	1	125930	n/a
61.49755859375	0.3	1.0	2	125947	n/a
61.50634765625	0.3	0.0	1	125965	n/a
63.8818359375	0.3	1.0	2	130830	32.0
63.89013671875	0.3	0.0	1	130847	n/a
63.8984375	0.3	0.0	1	130864	n/a
63.90673828125	0.3	1.0	2	130881	n/a
63.9150390625	0.3	0.0	1	130898	n/a
63.92333984375	0.3	1.0	2	130915	n/a
63.931640625	0.3	0.0	1	130932	n/a
63.93994140625	0.3	1.0	2	130949	n/a
63.94873046875	0.3	1.0	2	130967	n/a
63.95703125	0.3	0.0	1	130984	n/a
63.96533203125	0.3	1.0	2	131001	n/a
63.9736328125	0.3	0.0	1	131018	n/a
63.98193359375	0.3	1.0	2	131035	n/a
63.990234375	0.3	0.0	1	131052	n/a
63.99853515625	0.3	0.0	1	131069	n/a
64.0068359375	0.3	1.0	2	131086	n/a
64.01513671875	0.3	0.0	1	131103	n/a
64.0234375	0.3	1.0	2	131120	n/a
64.03173828125	0.3	1.0	2	131137	n/a
64.0400390625	0.3	0.0	1	131154	n/a
64.04833984375	0.3	1.0	2	131171	n/a
64.056640625	0.3	0.0	1	131188	n/a
64.06494140625	0.3	0.0	1	131205	n/a
64.07373046875	0.3	1.0	2	131223	n/a
64.08203125	0.3	1.0	2	131240	n/a
64.09033203125	0.3	0.0	1	131257	n/a
64.0986328125	0.3	0.0	1	131274	n/a
64.10693359375	0.3	1.0	2	131291	n/a
64.115234375	0.3	0.0	1	131308	n/a
64.12353515625	0.3	1.0	2	131325	n/a
64.1318359375	0.3	0.0	1	131342	n/a
64.14013671875	0.3	1.0	2	131359	n/a
64.1484375	0.3	0.0	1	131376	n/a
64.15673828125	0.3	1.0	2	131393	n/a
64.1650390625	0.3	1.0	2	131410	n/a
64.17333984375	0.3	0.0	1	131427	n/a
64.181640625	0.3	1.0	2	131444	n/a
64.18994140625	0.3	0.0	1	131461	n/a
64.19873046875	0.3	1.0	2	131479	n/a
64.20703125	0.3	0.0	1	131496	n/a
64.21533203125	0.3	0.0	1	131513	n/a
64.2236328125	0.3	1.0	2	131530	n/a
64.23193359375	0.3	1.0	2	131547	n/a
64.240234375	0.3	0.0	1	131564	n/a
64.24853515625	0.3	0.0	1	131581	n/a
64.2568359375	0.3	1.0	2	131598	n/a
64.26513671875	0.3	0.0	1	131615	n/a
64.2734375	0.3	1.0	2	131632	n/a
64.28173828125	0.3	0.0	1	131649	n/a
64.2900390625	0.3	1.0	2	131666	n/a
64.29833984375	0.3	0.0	1	131683	n/a
64.306640625	0.3	1.0	2	131700	n/a
64.31494140625	0.3	1.0	2	131717	n/a
64.32373046875	0.3	0.0	1	131735	n/a
64.33203125	0.3	1.0	2	131752	n/a
64.34033203125	0.3	0.0	1	131769	n/a
64.3486328125	0.3	1.0	2	131786	n/a
64.35693359375	0.3	0.0	1	131803	n/a
64.365234375	0.3	1.0	2	131820	n/a
64.37353515625	0.3	0.0	1	131837	n/a
64.3818359375	0.3	1.0	2	131854	n/a
64.39013671875	0.3	0.0	1	131871	n/a
64.3984375	0.3	1.0	2	131888	n/a
64.40673828125	0.3	0.0	1	131905	n/a
64.4150390625	0.3	1.0	2	131922	n/a
64.42333984375	0.3	0.0	1	131939	n/a
64.431640625	0.3	1.0	2	131956	n/a
64.43994140625	0.3	0.0	1	131973	n/a
64.44873046875	0.3	0.0	1	131991	n/a
64.45703125	0.3	1.0	2	132008	n/a
64.46533203125	0.3	1.0	2	132025	n/a
64.4736328125	0.3	0.0	1	132042	n/a
64.48193359375	0.3	1.0	2	132059	n/a
64.490234375	0.3	0.0	1	132076	n/a
64.49853515625	0.3	1.0	2	132093	n/a
64.5068359375	0.3	0.0	1	132110	n/a
64.51513671875	0.3	1.0	2	132127	n/a
64.5234375	0.3	0.0	1	132144	n/a
64.53173828125	0.3	1.0	2	132161	n/a
64.5400390625	0.3	0.0	1	132178	n/a
64.54833984375	0.3	1.0	2	132195	n/a
64.556640625	0.3	0.0	1	132212	n/a
64.56494140625	0.3	0.0	1	132229	n/a
64.57373046875	0.3	1.0	2	132247	n/a
64.58203125	0.3	1.0	2	132264	n/a
64.59033203125	0.3	0.0	1	132281	n/a
64.5986328125	0.3	1.0	2	132298	n/a
64.60693359375	0.3	0.0	1	132315	n/a
64.615234375	0.3	1.0	2	132332	n/a
64.62353515625	0.3	0.0	1	132349	n/a
64.6318359375	0.3	1.0	2	132366	n/a
64.64013671875	0.3	0.0	1	132383	n/a
64.6484375	0.3	0.0	1	132400	n/a
64.65673828125	0.3	1.0	2	132417	n/a
64.6650390625	0.3	1.0	2	132434	n/a
64.67333984375	0.3	0.0	1	132451	n/a
64.681640625	0.3	1.0	2	132468	n/a
64.68994140625	0.3	0.0	1	132485	n/a
64.69873046875	0.3	0.0	1	132503	n/a
64.70703125	0.3	1.0	2	132520	n/a
64.71533203125	0.3	0.0	1	132537	n/a
64.7236328125	0.3	1.0	2	132554	n/a
64.73193359375	0.3	1.0	2	132571	n/a
64.740234375	0.3	0.0	1	132588	n/a
64.74853515625	0.3	1.0	2	132605	n/a
64.7568359375	0.3	0.0	1	132622	n/a
64.76513671875	0.3	0.0	1	132639	n/a
64.7734375	0.3	1.0	2	132656	n/a
64.78173828125	0.3	1.0	2	132673	n/a
64.7900390625	0.3	0.0	1	132690	n/a
64.79833984375	0.3	1.0	2	132707	n/a
64.806640625	0.3	0.0	1	132724	n/a
64.81494140625	0.3	0.0	1	132741	n/a
64.82373046875	0.3	1.0	2	132759	n/a
64.83203125	0.3	0.0	1	132776	n/a
64.84033203125	0.3	1.0	2	132793	n/a
64.8486328125	0.3	0.0	1	132810	n/a
64.85693359375	0.3	1.0	2	132827	n/a
64.865234375	0.3	1.0	2	132844	n/a
64.87353515625	0.3	0.0	1	132861	n/a
64.8818359375	0.3	1.0	2	132878	n/a
64.89013671875	0.3	0.0	1	132895	n/a
64.8984375	0.3	1.0	2	132912	n/a
64.90673828125	0.3	0.0	1	132929	n/a
64.9150390625	0.3	1.0	2	132946	n/a
64.92333984375	0.3	0.0	1	132963	n/a
64.931640625	0.3	1.0	2	132980	n/a
64.93994140625	0.3	0.0	1	132997	n/a
64.94873046875	0.3	0.0	1	133015	n/a
64.95703125	0.3	1.0	2	133032	n/a
64.96533203125	0.3	0.0	1	133049	n/a
64.9736328125	0.3	1.0	2	133066	n/a
64.98193359375	0.3	0.0	1	133083	n/a
64.990234375	0.3	1.0	2	133100	n/a
64.99853515625	0.3	1.0	2	133117	n/a
65.0068359375	0.3	0.0	1	133134	n/a
65.01513671875	0.3	1.0	2	133151	n/a
65.0234375	0.3	0.0	1	133168	n/a
65.03173828125	0.3	1.0	2	133185	n/a
65.0400390625	0.3	0.0	1	133202	n/a
65.04833984375	0.3	0.0	1	133219	n/a
65.056640625	0.3	1.0	2	133236	n/a
65.06494140625	0.3	0.0	1	133253	n/a
65.07373046875	0.3	1.0	2	133271	n/a
65.08203125	0.3	1.0	2	133288	n/a
65.09033203125	0.3	0.0	1	133305	n/a
65.0986328125	0.3	1.0	2	133322	n/a
65.10693359375	0.3	0.0	1	133339	n/a
65.115234375	0.3	0.0	1	133356	n/a
65.12353515625	0.3	1.0	2	133373	n/a
65.1318359375	0.3	1.0	2	133390	n/a
65.14013671875	0.3	0.0	1	133407	n/a
65.1484375	0.3	0.0	1	133424	n/a
65.15673828125	0.3	1.0	2	133441	n/a
65.1650390625	0.3	0.0	1	133458	n/a
65.17333984375	0.3	1.0	2	133475	n/a
65.181640625	0.3	0.0	1	133492	n/a
65.18994140625	0.3	1.0	2	133509	n/a
65.19873046875	0.3	0.0	1	133527	n/a
65.20703125	0.3	1.0	2	133544	n/a
65.21533203125	0.3	1.0	2	133561	n/a
65.2236328125	0.3	0.0	1	133578	n/a
65.23193359375	0.3	1.0	2	133595	n/a
65.240234375	0.3	0.0	1	133612	n/a
65.24853515625	0.3	1.0	2	133629	n/a
65.2568359375	0.3	0.0	1	133646	n/a
65.26513671875	0.3	0.0	1	133663	n/a
65.2734375	0.3	1.0	2	133680	n/a
65.28173828125	0.3	1.0	2	133697	n/a
65.2900390625	0.3	0.0	1	133714	n/a
65.29833984375	0.3	0.0	1	133731	n/a
65.306640625	0.3	1.0	2	133748	n/a
65.31494140625	0.3	0.0	1	133765	n/a
65.32373046875	0.3	1.0	2	133783	n/a
65.33203125	0.3	0.0	1	133800	n/a
65.34033203125	0.3	1.0	2	133817	n/a
65.3486328125	0.3	0.0	1	133834	n/a
65.35693359375	0.3	1.0	2	133851	n/a
65.365234375	0.3	1.0	2	133868	n/a
65.37353515625	0.3	0.0	1	133885	n/a
65.3818359375	0.3	1.0	2	133902	n/a
65.39013671875	0.3	0.0	1	133919	n/a
65.3984375	0.3	1.0	2	133936	n/a
65.40673828125	0.3	0.0	1	133953	n/a
65.4150390625	0.3	1.0	2	133970	n/a
65.42333984375	0.3	0.0	1	133987	n/a
65.431640625	0.3	1.0	2	134004	n/a
65.43994140625	0.3	0.0	1	134021	n/a
65.44873046875	0.3	1.0	2	134039	n/a
65.45703125	0.3	0.0	1	134056	n/a
65.46533203125	0.3	1.0	2	134073	n/a
65.4736328125	0.3	0.0	1	134090	n/a
65.48193359375	0.3	1.0	2	134107	n/a
65.490234375	0.3	0.0	1	134124	n/a
65.49853515625	0.3	0.0	1	134141	n/a
65.5068359375	0.3	1.0	2	134158	n/a
65.51513671875	0.3	1.0	2	134175	n/a
65.5234375	0.3	0.0	1	134192	n/a
65.53173828125	0.3	1.0	2	134209	n/a
65.5400390625	0.3	0.0	1	134226	n/a
65.54833984375	0.3	1.0	2	134243	n/a
65.556640625	0.3	0.0	1	134260	n/a
65.56494140625	0.3	1.0	2	134277	n/a
65.57373046875	0.3	0.0	1	134295	n/a
65.58203125	0.3	1.0	2	134312	n/a
65.59033203125	0.3	0.0	1	134329	n/a
65.5986328125	0.3	1.0	2	134346	n/a
65.60693359375	0.3	0.0	1	134363	n/a
65.615234375	0.3	0.0	1	134380	n/a
65.62353515625	0.3	1.0	2	134397	n/a
65.6318359375	0.3	1.0	2	134414	n/a
65.64013671875	0.3	0.0	1	134431	n/a
65.6484375	0.3	1.0	2	134448	n/a
65.65673828125	0.3	0.0	1	134465	n/a
65.6650390625	0.3	1.0	2	134482	n/a
65.67333984375	0.3	0.0	1	134499	n/a
65.681640625	0.3	1.0	2	134516	n/a
65.68994140625	0.3	0.0	1	134533	n/a
65.69873046875	0.3	0.0	1	134551	n/a
65.70703125	0.3	1.0	2	134568	n/a
65.71533203125	0.3	1.0	2	134585	n/a
65.7236328125	0.3	0.0	1	134602	n/a
65.73193359375	0.3	1.0	2	134619	n/a
65.740234375	0.3	0.0	1	134636	n/a
65.74853515625	0.3	0.0	1	134653	n/a
65.7568359375	0.3	1.0	2	134670	n/a
65.76513671875	0.3	0.0	1	134687	n/a
65.7734375	0.3	1.0	2	134704	n/a
65.78173828125	0.3	1.0	2	134721	n/a
65.7900390625	0.3	0.0	1	134738	n/a
65.79833984375	0.3	1.0	2	134755	n/a
65.806640625	0.3	0.0	1	134772	n/a
65.81494140625	0.3	0.0	1	134789	n/a
65.82373046875	0.3	1.0	2	134807	n/a
65.83203125	0.3	1.0	2	134824	n/a
65.84033203125	0.3	0.0	1	134841	n/a
65.8486328125	0.3	1.0	2	134858	n/a
65.85693359375	0.3	0.0	1	134875	n/a
65.865234375	0.3	0.0	1	134892	n/a
65.87353515625	0.3	1.0	2	134909	n/a
65.8818359375	0.3	0.0	1	134926	n/a
65.89013671875	0.3	1.0	2	134943	n/a
65.8984375	0.3	0.0	1	134960	n/a
65.90673828125	0.3	1.0	2	134977	n/a
65.9150390625	0.3	1.0	2	134994	n/a
65.92333984375	0.3	0.0	1	135011	n/a
65.931640625	0.3	1.0	2	135028	n/a
65.93994140625	0.3	0.0	1	135045	n/a
65.94873046875	0.3	1.0	2	135063	n/a
65.95703125	0.3	0.0	1	135080	n/a
65.96533203125	0.3	1.0	2	135097	n/a
65.9736328125	0.3	0.0	1	135114	n/a
65.98193359375	0.3	1.0	2	135131	n/a
65.990234375	0.3	0.0	1	135148	n/a
65.99853515625	0.3	0.0	1	135165	n/a
66.0068359375	0.3	1.0	2	135182	n/a
66.01513671875	0.3	0.0	1	135199	n/a
66.0234375	0.3	1.0	2	135216	n/a
66.03173828125	0.3	0.0	1	135233	n/a
66.0400390625	0.3	1.0	2	135250	n/a
66.04833984375	0.3	1.0	2	135267	n/a
66.056640625	0.3	0.0	1	135284	n/a
66.06494140625	0.3	1.0	2	135301	n/a
66.07373046875	0.3	0.0	1	135319	n/a
66.08203125	0.3	1.0	2	135336	n/a
66.09033203125	0.3	0.0	1	135353	n/a
66.0986328125	0.3	0.0	1	135370	n/a
66.10693359375	0.3	1.0	2	135387	n/a
66.115234375	0.3	0.0	1	135404	n/a
66.12353515625	0.3	1.0	2	135421	n/a
66.1318359375	0.3	1.0	2	135438	n/a
66.14013671875	0.3	0.0	1	135455	n/a
66.1484375	0.3	1.0	2	135472	n/a
66.15673828125	0.3	0.0	1	135489	n/a
66.1650390625	0.3	0.0	1	135506	n/a
66.17333984375	0.3	1.0	2	135523	n/a
66.181640625	0.3	1.0	2	135540	n/a
66.18994140625	0.3	0.0	1	135557	n/a
66.19873046875	0.3	0.0	1	135575	n/a
66.20703125	0.3	1.0	2	135592	n/a
66.21533203125	0.3	0.0	1	135609	n/a
66.2236328125	0.3	1.0	2	135626	n/a
66.23193359375	0.3	0.0	1	135643	n/a
66.240234375	0.3	1.0	2	135660	n/a
66.24853515625	0.3	0.0	1	135677	n/a
66.2568359375	0.3	1.0	2	135694	n/a
66.26513671875	0.3	1.0	2	135711	n/a
66.2734375	0.3	0.0	1	135728	n/a
66.28173828125	0.3	1.0	2	135745	n/a
66.2900390625	0.3	0.0	1	135762	n/a
66.29833984375	0.3	1.0	2	135779	n/a
66.306640625	0.3	0.0	1	135796	n/a
66.31494140625	0.3	0.0	1	135813	n/a
66.32373046875	0.3	1.0	2	135831	n/a
66.33203125	0.3	1.0	2	135848	n/a
66.34033203125	0.3	0.0	1	135865	n/a
66.3486328125	0.3	0.0	1	135882	n/a
66.35693359375	0.3	1.0	2	135899	n/a
66.365234375	0.3	0.0	1	135916	n/a
66.37353515625	0.3	1.0	2	135933	n/a
66.3818359375	0.3	0.0	1	135950	n/a
66.39013671875	0.3	1.0	2	135967	n/a
66.3984375	0.3	0.0	1	135984	n/a
66.40673828125	0.3	1.0	2	136001	n/a
66.4150390625	0.3	1.0	2	136018	n/a
66.42333984375	0.3	0.0	1	136035	n/a
66.431640625	0.3	1.0	2	136052	n/a
66.43994140625	0.3	0.0	1	136069	n/a
66.44873046875	0.3	1.0	2	136087	n/a
66.45703125	0.3	0.0	1	136104	n/a
66.46533203125	0.3	1.0	2	136121	n/a
66.4736328125	0.3	0.0	1	136138	n/a
66.48193359375	0.3	1.0	2	136155	n/a
66.490234375	0.3	0.0	1	136172	n/a
66.49853515625	0.3	1.0	2	136189	n/a
66.5068359375	0.3	0.0	1	136206	n/a
66.51513671875	0.3	1.0	2	136223	n/a
66.5234375	0.3	0.0	1	136240	n/a
66.53173828125	0.3	1.0	2	136257	n/a
66.5400390625	0.3	0.0	1	136274	n/a
66.54833984375	0.3	0.0	1	136291	n/a
66.556640625	0.3	1.0	2	136308	n/a
66.56494140625	0.3	1.0	2	136325	n/a
66.57373046875	0.3	0.0	1	136343	n/a
66.58203125	0.3	1.0	2	136360	n/a
66.59033203125	0.3	0.0	1	136377	n/a
66.5986328125	0.3	1.0	2	136394	n/a
66.60693359375	0.3	0.0	1	136411	n/a
66.615234375	0.3	1.0	2	136428	n/a
66.62353515625	0.3	0.0	1	136445	n/a
66.6318359375	0.3	1.0	2	136462	n/a
66.64013671875	0.3	0.0	1	136479	n/a
66.6484375	0.3	1.0	2	136496	n/a
66.65673828125	0.3	0.0	1	136513	n/a
66.6650390625	0.3	0.0	1	136530	n/a
66.67333984375	0.3	1.0	2	136547	n/a
66.681640625	0.3	1.0	2	136564	n/a
66.68994140625	0.3	0.0	1	136581	n/a
66.69873046875	0.3	1.0	2	136599	n/a
66.70703125	0.3	0.0	1	136616	n/a
66.71533203125	0.3	1.0	2	136633	n/a
66.7236328125	0.3	0.0	1	136650	n/a
66.73193359375	0.3	1.0	2	136667	n/a
66.740234375	0.3	0.0	1	136684	n/a
66.74853515625	0.3	0.0	1	136701	n/a
66.7568359375	0.3	1.0	2	136718	n/a
66.76513671875	0.3	1.0	2	136735	n/a
66.7734375	0.3	0.0	1	136752	n/a
66.78173828125	0.3	1.0	2	136769	n/a
66.7900390625	0.3	0.0	1	136786	n/a
66.79833984375	0.3	0.0	1	136803	n/a
66.806640625	0.3	1.0	2	136820	n/a
66.81494140625	0.3	0.0	1	136837	n/a
66.82373046875	0.3	1.0	2	136855	n/a
66.83203125	0.3	1.0	2	136872	n/a
66.84033203125	0.3	0.0	1	136889	n/a
66.8486328125	0.3	1.0	2	136906	n/a
66.85693359375	0.3	0.0	1	136923	n/a
66.865234375	0.3	0.0	1	136940	n/a
66.87353515625	0.3	1.0	2	136957	n/a
66.8818359375	0.3	1.0	2	136974	n/a
66.89013671875	0.3	0.0	1	136991	n/a
66.8984375	0.3	1.0	2	137008	n/a
66.90673828125	0.3	0.0	1	137025	n/a
66.9150390625	0.3	0.0	1	137042	n/a
66.92333984375	0.3	1.0	2	137059	n/a
66.931640625	0.3	0.0	1	137076	n/a
66.93994140625	0.3	1.0	2	137093	n/a
66.94873046875	0.3	0.0	1	137111	n/a
66.95703125	0.3	1.0	2	137128	n/a
66.96533203125	0.3	1.0	2	137145	n/a
66.9736328125	0.3	0.0	1	137162	n/a
66.98193359375	0.3	1.0	2	137179	n/a
66.990234375	0.3	0.0	1	137196	n/a
66.99853515625	0.3	1.0	2	137213	n/a
67.0068359375	0.3	0.0	1	137230	n/a
67.01513671875	0.3	1.0	2	137247	n/a
67.0234375	0.3	0.0	1	137264	n/a
67.03173828125	0.3	1.0	2	137281	n/a
67.0400390625	0.3	0.0	1	137298	n/a
67.04833984375	0.3	0.0	1	137315	n/a
67.056640625	0.3	1.0	2	137332	n/a
67.06494140625	0.3	0.0	1	137349	n/a
67.07373046875	0.3	1.0	2	137367	n/a
67.08203125	0.3	0.0	1	137384	n/a
67.09033203125	0.3	1.0	2	137401	n/a
67.0986328125	0.3	1.0	2	137418	n/a
67.10693359375	0.3	0.0	1	137435	n/a
67.115234375	0.3	1.0	2	137452	n/a
67.12353515625	0.3	0.0	1	137469	n/a
67.1318359375	0.3	1.0	2	137486	n/a
67.14013671875	0.3	0.0	1	137503	n/a
67.1484375	0.3	0.0	1	137520	n/a
67.15673828125	0.3	1.0	2	137537	n/a
67.1650390625	0.3	0.0	1	137554	n/a
67.17333984375	0.3	1.0	2	137571	n/a
67.181640625	0.3	1.0	2	137588	n/a
67.18994140625	0.3	0.0	1	137605	n/a
67.19873046875	0.3	1.0	2	137623	n/a
67.20703125	0.3	0.0	1	137640	n/a
67.21533203125	0.3	0.0	1	137657	n/a
67.2236328125	0.3	1.0	2	137674	n/a
67.23193359375	0.3	1.0	2	137691	n/a
67.240234375	0.3	0.0	1	137708	n/a
67.24853515625	0.3	0.0	1	137725	n/a
67.2568359375	0.3	1.0	2	137742	n/a
67.26513671875	0.3	0.0	1	137759	n/a
67.2734375	0.3	1.0	2	137776	n/a
67.28173828125	0.3	0.0	1	137793	n/a
67.2900390625	0.3	1.0	2	137810	n/a
67.29833984375	0.3	0.0	1	137827	n/a
67.306640625	0.3	1.0	2	137844	n/a
67.31494140625	0.3	1.0	2	137861	n/a
67.32373046875	0.3	0.0	1	137879	n/a
67.33203125	0.3	1.0	2	137896	n/a
67.34033203125	0.3	0.0	1	137913	n/a
67.3486328125	0.3	1.0	2	137930	n/a
67.35693359375	0.3	0.0	1	137947	n/a
67.365234375	0.3	0.0	1	137964	n/a
67.37353515625	0.3	1.0	2	137981	n/a
67.3818359375	0.3	1.0	2	137998	n/a
67.39013671875	0.3	0.0	1	138015	n/a
67.3984375	0.3	0.0	1	138032	n/a
67.40673828125	0.3	1.0	2	138049	n/a
67.4150390625	0.3	0.0	1	138066	n/a
67.42333984375	0.3	1.0	2	138083	n/a
67.431640625	0.3	0.0	1	138100	n/a
67.43994140625	0.3	1.0	2	138117	n/a
67.44873046875	0.3	0.0	1	138135	n/a
67.45703125	0.3	1.0	2	138152	n/a
67.46533203125	0.3	1.0	2	138169	n/a
67.4736328125	0.3	0.0	1	138186	n/a
67.48193359375	0.3	1.0	2	138203	n/a
67.490234375	0.3	0.0	1	138220	n/a
67.49853515625	0.3	1.0	2	138237	n/a
67.5068359375	0.3	0.0	1	138254	n/a
67.51513671875	0.3	1.0	2	138271	n/a
67.5234375	0.3	0.0	1	138288	n/a
67.53173828125	0.3	1.0	2	138305	n/a
67.5400390625	0.3	0.0	1	138322	n/a
67.54833984375	0.3	1.0	2	138339	n/a
67.556640625	0.3	0.0	1	138356	n/a
67.56494140625	0.3	1.0	2	138373	n/a
67.57373046875	0.3	0.0	1	138391	n/a
67.58203125	0.3	1.0	2	138408	n/a
67.59033203125	0.3	0.0	1	138425	n/a
67.5986328125	0.3	0.0	1	138442	n/a
67.60693359375	0.3	1.0	2	138459	n/a
67.615234375	0.3	1.0	2	138476	n/a
67.62353515625	0.3	0.0	1	138493	n/a
67.6318359375	0.3	1.0	2	138510	n/a
67.64013671875	0.3	0.0	1	138527	n/a
67.6484375	0.3	1.0	2	138544	n/a
67.65673828125	0.3	0.0	1	138561	n/a
67.6650390625	0.3	1.0	2	138578	n/a
67.67333984375	0.3	0.0	1	138595	n/a
67.681640625	0.3	1.0	2	138612	n/a
67.68994140625	0.3	0.0	1	138629	n/a
67.69873046875	0.3	1.0	2	138647	n/a
67.70703125	0.3	0.0	1	138664	n/a
67.71533203125	0.3	0.0	1	138681	n/a
67.7236328125	0.3	1.0	2	138698	n/a
67.73193359375	0.3	1.0	2	138715	n/a
67.740234375	0.3	0.0	1	138732	n/a
67.74853515625	0.3	1.0	2	138749	n/a
67.7568359375	0.3	0.0	1	138766	n/a
67.76513671875	0.3	1.0	2	138783	n/a
67.7734375	0.3	0.0	1	138800	n/a
67.78173828125	0.3	1.0	2	138817	n/a
67.7900390625	0.3	0.0	1	138834	n/a
67.79833984375	0.3	0.0	1	138851	n/a
67.806640625	0.3	1.0	2	138868	n/a
67.81494140625	0.3	1.0	2	138885	n/a
67.82373046875	0.3	0.0	1	138903	n/a
67.83203125	0.3	1.0	2	138920	n/a
67.84033203125	0.3	0.0	1	138937	n/a
67.8486328125	0.3	0.0	1	138954	n/a
67.85693359375	0.3	1.0	2	138971	n/a
67.865234375	0.3	0.0	1	138988	n/a
67.87353515625	0.3	1.0	2	139005	n/a
67.8818359375	0.3	1.0	2	139022	n/a
67.89013671875	0.3	0.0	1	139039	n/a
67.8984375	0.3	1.0	2	139056	n/a
67.90673828125	0.3	0.0	1	139073	n/a
67.9150390625	0.3	0.0	1	139090	n/a
67.92333984375	0.3	1.0	2	139107	n/a
67.931640625	0.3	1.0	2	139124	n/a
67.93994140625	0.3	0.0	1	139141	n/a
67.94873046875	0.3	1.0	2	139159	n/a
67.95703125	0.3	0.0	1	139176	n/a
67.96533203125	0.3	0.0	1	139193	n/a
67.9736328125	0.3	1.0	2	139210	n/a
67.98193359375	0.3	0.0	1	139227	n/a
67.990234375	0.3	1.0	2	139244	n/a
67.99853515625	0.3	0.0	1	139261	n/a
68.0068359375	0.3	1.0	2	139278	n/a
68.01513671875	0.3	1.0	2	139295	n/a
68.0234375	0.3	0.0	1	139312	n/a
68.03173828125	0.3	1.0	2	139329	n/a
68.0400390625	0.3	0.0	1	139346	n/a
68.04833984375	0.3	1.0	2	139363	n/a
68.056640625	0.3	0.0	1	139380	n/a
68.06494140625	0.3	1.0	2	139397	n/a
68.07373046875	0.3	0.0	1	139415	n/a
70.45703125	0.3	0.0	1	144296	26.0
70.46533203125	0.3	1.0	2	144313	n/a
70.4736328125	0.3	0.0	1	144330	n/a
70.48193359375	0.3	1.0	2	144347	n/a
70.490234375	0.3	0.0	1	144364	n/a
70.49853515625	0.3	1.0	2	144381	n/a
70.5068359375	0.3	0.0	1	144398	n/a
70.51513671875	0.3	1.0	2	144415	n/a
70.52392578125	0.3	1.0	2	144433	n/a
70.5322265625	0.3	0.0	1	144450	n/a
70.54052734375	0.3	0.0	1	144467	n/a
70.548828125	0.3	1.0	2	144484	n/a
70.55712890625	0.3	0.0	1	144501	n/a
70.5654296875	0.3	1.0	2	144518	n/a
70.57373046875	0.3	1.0	2	144535	n/a
70.58203125	0.3	0.0	1	144552	n/a
70.59033203125	0.3	0.0	1	144569	n/a
70.5986328125	0.3	1.0	2	144586	n/a
70.60693359375	0.3	1.0	2	144603	n/a
70.615234375	0.3	0.0	1	144620	n/a
70.62353515625	0.3	1.0	2	144637	n/a
70.6318359375	0.3	0.0	1	144654	n/a
70.64013671875	0.3	0.0	1	144671	n/a
70.64892578125	0.3	1.0	2	144689	n/a
70.6572265625	0.3	1.0	2	144706	n/a
70.66552734375	0.3	0.0	1	144723	n/a
70.673828125	0.3	1.0	2	144740	n/a
70.68212890625	0.3	0.0	1	144757	n/a
70.6904296875	0.3	0.0	1	144774	n/a
70.69873046875	0.3	1.0	2	144791	n/a
70.70703125	0.3	1.0	2	144808	n/a
70.71533203125	0.3	0.0	1	144825	n/a
70.7236328125	0.3	1.0	2	144842	n/a
70.73193359375	0.3	0.0	1	144859	n/a
70.740234375	0.3	0.0	1	144876	n/a
70.74853515625	0.3	1.0	2	144893	n/a
70.7568359375	0.3	0.0	1	144910	n/a
70.76513671875	0.3	1.0	2	144927	n/a
70.77392578125	0.3	0.0	1	144945	n/a
70.7822265625	0.3	1.0	2	144962	n/a
70.79052734375	0.3	1.0	2	144979	n/a
70.798828125	0.3	0.0	1	144996	n/a
70.80712890625	0.3	1.0	2	145013	n/a
70.8154296875	0.3	0.0	1	145030	n/a
70.82373046875	0.3	0.0	1	145047	n/a
70.83203125	0.3	1.0	2	145064	n/a
70.84033203125	0.3	1.0	2	145081	n/a
70.8486328125	0.3	0.0	1	145098	n/a
70.85693359375	0.3	0.0	1	145115	n/a
70.865234375	0.3	1.0	2	145132	n/a
70.87353515625	0.3	1.0	2	145149	n/a
70.8818359375	0.3	0.0	1	145166	n/a
70.89013671875	0.3	1.0	2	145183	n/a
70.89892578125	0.3	0.0	1	145201	n/a
70.9072265625	0.3	0.0	1	145218	n/a
70.91552734375	0.3	1.0	2	145235	n/a
70.923828125	0.3	1.0	2	145252	n/a
70.93212890625	0.3	0.0	1	145269	n/a
70.9404296875	0.3	1.0	2	145286	n/a
70.94873046875	0.3	0.0	1	145303	n/a
70.95703125	0.3	1.0	2	145320	n/a
70.96533203125	0.3	0.0	1	145337	n/a
70.9736328125	0.3	0.0	1	145354	n/a
70.98193359375	0.3	1.0	2	145371	n/a
70.990234375	0.3	0.0	1	145388	n/a
70.99853515625	0.3	1.0	2	145405	n/a
71.0068359375	0.3	1.0	2	145422	n/a
71.01513671875	0.3	0.0	1	145439	n/a
71.02392578125	0.3	0.0	1	145457	n/a
71.0322265625	0.3	1.0	2	145474	n/a
71.04052734375	0.3	0.0	1	145491	n/a
71.048828125	0.3	1.0	2	145508	n/a
71.05712890625	0.3	0.0	1	145525	n/a
71.0654296875	0.3	1.0	2	145542	n/a
71.07373046875	0.3	0.0	1	145559	n/a
71.08203125	0.3	1.0	2	145576	n/a
71.09033203125	0.3	0.0	1	145593	n/a
71.0986328125	0.3	1.0	2	145610	n/a
71.10693359375	0.3	1.0	2	145627	n/a
71.115234375	0.3	0.0	1	145644	n/a
71.12353515625	0.3	0.0	1	145661	n/a
71.1318359375	0.3	1.0	2	145678	n/a
71.14013671875	0.3	1.0	2	145695	n/a
71.14892578125	0.3	0.0	1	145713	n/a
71.1572265625	0.3	0.0	1	145730	n/a
71.16552734375	0.3	1.0	2	145747	n/a
71.173828125	0.3	1.0	2	145764	n/a
71.18212890625	0.3	0.0	1	145781	n/a
71.1904296875	0.3	0.0	1	145798	n/a
71.19873046875	0.3	1.0	2	145815	n/a
71.20703125	0.3	1.0	2	145832	n/a
71.21533203125	0.3	0.0	1	145849	n/a
71.2236328125	0.3	1.0	2	145866	n/a
71.23193359375	0.3	0.0	1	145883	n/a
71.240234375	0.3	0.0	1	145900	n/a
71.24853515625	0.3	1.0	2	145917	n/a
71.2568359375	0.3	1.0	2	145934	n/a
71.26513671875	0.3	0.0	1	145951	n/a
71.27392578125	0.3	1.0	2	145969	n/a
71.2822265625	0.3	0.0	1	145986	n/a
71.29052734375	0.3	0.0	1	146003	n/a
71.298828125	0.3	1.0	2	146020	n/a
71.30712890625	0.3	1.0	2	146037	n/a
71.3154296875	0.3	0.0	1	146054	n/a
71.32373046875	0.3	0.0	1	146071	n/a
71.33203125	0.3	1.0	2	146088	n/a
71.34033203125	0.3	1.0	2	146105	n/a
71.3486328125	0.3	0.0	1	146122	n/a
71.35693359375	0.3	1.0	2	146139	n/a
71.365234375	0.3	0.0	1	146156	n/a
71.37353515625	0.3	0.0	1	146173	n/a
71.3818359375	0.3	1.0	2	146190	n/a
71.39013671875	0.3	1.0	2	146207	n/a
71.39892578125	0.3	0.0	1	146225	n/a
71.4072265625	0.3	0.0	1	146242	n/a
71.41552734375	0.3	1.0	2	146259	n/a
71.423828125	0.3	0.0	1	146276	n/a
71.43212890625	0.3	1.0	2	146293	n/a
71.4404296875	0.3	1.0	2	146310	n/a
71.44873046875	0.3	0.0	1	146327	n/a
71.45703125	0.3	0.0	1	146344	n/a
71.46533203125	0.3	1.0	2	146361	n/a
71.4736328125	0.3	1.0	2	146378	n/a
71.48193359375	0.3	0.0	1	146395	n/a
71.490234375	0.3	1.0	2	146412	n/a
71.49853515625	0.3	0.0	1	146429	n/a
71.5068359375	0.3	0.0	1	146446	n/a
71.51513671875	0.3	1.0	2	146463	n/a
71.52392578125	0.3	0.0	1	146481	n/a
71.5322265625	0.3	1.0	2	146498	n/a
71.54052734375	0.3	0.0	1	146515	n/a
71.548828125	0.3	1.0	2	146532	n/a
71.55712890625	0.3	0.0	1	146549	n/a
71.5654296875	0.3	1.0	2	146566	n/a
71.57373046875	0.3	1.0	2	146583	n/a
71.58203125	0.3	0.0	1	146600	n/a
71.59033203125	0.3	0.0	1	146617	n/a
71.5986328125	0.3	1.0	2	146634	n/a
71.60693359375	0.3	0.0	1	146651	n/a
71.615234375	0.3	1.0	2	146668	n/a
71.62353515625	0.3	1.0	2	146685	n/a
71.6318359375	0.3	0.0	1	146702	n/a
71.64013671875	0.3	0.0	1	146719	n/a
71.64892578125	0.3	1.0	2	146737	n/a
71.6572265625	0.3	1.0	2	146754	n/a
71.66552734375	0.3	0.0	1	146771	n/a
71.673828125	0.3	1.0	2	146788	n/a
71.68212890625	0.3	0.0	1	146805	n/a
71.6904296875	0.3	0.0	1	146822	n/a
71.69873046875	0.3	1.0	2	146839	n/a
71.70703125	0.3	1.0	2	146856	n/a
71.71533203125	0.3	0.0	1	146873	n/a
71.7236328125	0.3	1.0	2	146890	n/a
71.73193359375	0.3	0.0	1	146907	n/a
71.740234375	0.3	0.0	1	146924	n/a
71.74853515625	0.3	1.0	2	146941	n/a
71.7568359375	0.3	1.0	2	146958	n/a
71.76513671875	0.3	0.0	1	146975	n/a
71.77392578125	0.3	1.0	2	146993	n/a
71.7822265625	0.3	0.0	1	147010	n/a
71.79052734375	0.3	0.0	1	147027	n/a
71.798828125	0.3	1.0	2	147044	n/a
71.80712890625	0.3	0.0	1	147061	n/a
71.8154296875	0.3	1.0	2	147078	n/a
71.82373046875	0.3	0.0	1	147095	n/a
71.83203125	0.3	1.0	2	147112	n/a
71.84033203125	0.3	1.0	2	147129	n/a
71.8486328125	0.3	0.0	1	147146	n/a
71.85693359375	0.3	1.0	2	147163	n/a
71.865234375	0.3	0.0	1	147180	n/a
71.87353515625	0.3	0.0	1	147197	n/a
71.8818359375	0.3	1.0	2	147214	n/a
71.89013671875	0.3	1.0	2	147231	n/a
71.89892578125	0.3	0.0	1	147249	n/a
71.9072265625	0.3	0.0	1	147266	n/a
71.91552734375	0.3	1.0	2	147283	n/a
71.923828125	0.3	1.0	2	147300	n/a
71.93212890625	0.3	0.0	1	147317	n/a
71.9404296875	0.3	1.0	2	147334	n/a
71.94873046875	0.3	0.0	1	147351	n/a
71.95703125	0.3	0.0	1	147368	n/a
71.96533203125	0.3	1.0	2	147385	n/a
71.9736328125	0.3	1.0	2	147402	n/a
71.98193359375	0.3	0.0	1	147419	n/a
71.990234375	0.3	1.0	2	147436	n/a
71.99853515625	0.3	0.0	1	147453	n/a
72.0068359375	0.3	1.0	2	147470	n/a
72.01513671875	0.3	0.0	1	147487	n/a
72.02392578125	0.3	0.0	1	147505	n/a
72.0322265625	0.3	1.0	2	147522	n/a
72.04052734375	0.3	0.0	1	147539	n/a
72.048828125	0.3	1.0	2	147556	n/a
72.05712890625	0.3	1.0	2	147573	n/a
72.0654296875	0.3	0.0	1	147590	n/a
72.07373046875	0.3	0.0	1	147607	n/a
72.08203125	0.3	1.0	2	147624	n/a
72.09033203125	0.3	0.0	1	147641	n/a
72.0986328125	0.3	1.0	2	147658	n/a
72.10693359375	0.3	0.0	1	147675	n/a
72.115234375	0.3	1.0	2	147692	n/a
72.12353515625	0.3	0.0	1	147709	n/a
72.1318359375	0.3	1.0	2	147726	n/a
72.14013671875	0.3	0.0	1	147743	n/a
72.14892578125	0.3	1.0	2	147761	n/a
72.1572265625	0.3	1.0	2	147778	n/a
72.16552734375	0.3	0.0	1	147795	n/a
72.173828125	0.3	0.0	1	147812	n/a
72.18212890625	0.3	1.0	2	147829	n/a
72.1904296875	0.3	1.0	2	147846	n/a
72.19873046875	0.3	0.0	1	147863	n/a
72.20703125	0.3	0.0	1	147880	n/a
72.21533203125	0.3	1.0	2	147897	n/a
72.2236328125	0.3	1.0	2	147914	n/a
72.23193359375	0.3	0.0	1	147931	n/a
72.240234375	0.3	0.0	1	147948	n/a
72.24853515625	0.3	1.0	2	147965	n/a
72.2568359375	0.3	1.0	2	147982	n/a
72.26513671875	0.3	0.0	1	147999	n/a
72.27392578125	0.3	1.0	2	148017	n/a
72.2822265625	0.3	0.0	1	148034	n/a
72.29052734375	0.3	0.0	1	148051	n/a
72.298828125	0.3	1.0	2	148068	n/a
72.30712890625	0.3	1.0	2	148085	n/a
72.3154296875	0.3	0.0	1	148102	n/a
72.32373046875	0.3	1.0	2	148119	n/a
72.33203125	0.3	0.0	1	148136	n/a
72.34033203125	0.3	0.0	1	148153	n/a
72.3486328125	0.3	1.0	2	148170	n/a
72.35693359375	0.3	1.0	2	148187	n/a
72.365234375	0.3	0.0	1	148204	n/a
72.37353515625	0.3	0.0	1	148221	n/a
72.3818359375	0.3	1.0	2	148238	n/a
72.39013671875	0.3	1.0	2	148255	n/a
72.39892578125	0.3	0.0	1	148273	n/a
72.4072265625	0.3	1.0	2	148290	n/a
72.41552734375	0.3	0.0	1	148307	n/a
72.423828125	0.3	0.0	1	148324	n/a
72.43212890625	0.3	1.0	2	148341	n/a
72.4404296875	0.3	1.0	2	148358	n/a
72.44873046875	0.3	0.0	1	148375	n/a
72.45703125	0.3	0.0	1	148392	n/a
72.46533203125	0.3	1.0	2	148409	n/a
72.4736328125	0.3	0.0	1	148426	n/a
72.48193359375	0.3	1.0	2	148443	n/a
72.490234375	0.3	1.0	2	148460	n/a
72.49853515625	0.3	0.0	1	148477	n/a
72.5068359375	0.3	0.0	1	148494	n/a
72.51513671875	0.3	1.0	2	148511	n/a
72.52392578125	0.3	1.0	2	148529	n/a
72.5322265625	0.3	0.0	1	148546	n/a
72.54052734375	0.3	1.0	2	148563	n/a
72.548828125	0.3	0.0	1	148580	n/a
72.55712890625	0.3	0.0	1	148597	n/a
72.5654296875	0.3	1.0	2	148614	n/a
72.57373046875	0.3	0.0	1	148631	n/a
72.58203125	0.3	1.0	2	148648	n/a
72.59033203125	0.3	0.0	1	148665	n/a
72.5986328125	0.3	1.0	2	148682	n/a
72.60693359375	0.3	0.0	1	148699	n/a
72.615234375	0.3	1.0	2	148716	n/a
72.62353515625	0.3	1.0	2	148733	n/a
72.6318359375	0.3	0.0	1	148750	n/a
72.64013671875	0.3	0.0	1	148767	n/a
72.64892578125	0.3	1.0	2	148785	n/a
72.6572265625	0.3	0.0	1	148802	n/a
72.66552734375	0.3	1.0	2	148819	n/a
72.673828125	0.3	1.0	2	148836	n/a
72.68212890625	0.3	0.0	1	148853	n/a
72.6904296875	0.3	0.0	1	148870	n/a
72.69873046875	0.3	1.0	2	148887	n/a
72.70703125	0.3	1.0	2	148904	n/a
72.71533203125	0.3	0.0	1	148921	n/a
72.7236328125	0.3	1.0	2	148938	n/a
72.73193359375	0.3	0.0	1	148955	n/a
72.740234375	0.3	0.0	1	148972	n/a
72.74853515625	0.3	1.0	2	148989	n/a
72.7568359375	0.3	1.0	2	149006	n/a
72.76513671875	0.3	0.0	1	149023	n/a
72.77392578125	0.3	1.0	2	149041	n/a
72.7822265625	0.3	0.0	1	149058	n/a
72.79052734375	0.3	0.0	1	149075	n/a
72.798828125	0.3	1.0	2	149092	n/a
72.80712890625	0.3	1.0	2	149109	n/a
72.8154296875	0.3	0.0	1	149126	n/a
72.82373046875	0.3	1.0	2	149143	n/a
72.83203125	0.3	0.0	1	149160	n/a
72.84033203125	0.3	0.0	1	149177	n/a
72.8486328125	0.3	1.0	2	149194	n/a
72.85693359375	0.3	0.0	1	149211	n/a
72.865234375	0.3	1.0	2	149228	n/a
72.87353515625	0.3	0.0	1	149245	n/a
72.8818359375	0.3	1.0	2	149262	n/a
72.89013671875	0.3	1.0	2	149279	n/a
72.89892578125	0.3	0.0	1	149297	n/a
72.9072265625	0.3	1.0	2	149314	n/a
72.91552734375	0.3	0.0	1	149331	n/a
72.923828125	0.3	0.0	1	149348	n/a
72.93212890625	0.3	1.0	2	149365	n/a
72.9404296875	0.3	1.0	2	149382	n/a
72.94873046875	0.3	0.0	1	149399	n/a
72.95703125	0.3	0.0	1	149416	n/a
72.96533203125	0.3	1.0	2	149433	n/a
72.9736328125	0.3	1.0	2	149450	n/a
72.98193359375	0.3	0.0	1	149467	n/a
72.990234375	0.3	1.0	2	149484	n/a
72.99853515625	0.3	0.0	1	149501	n/a
73.0068359375	0.3	0.0	1	149518	n/a
73.01513671875	0.3	1.0	2	149535	n/a
73.02392578125	0.3	1.0	2	149553	n/a
73.0322265625	0.3	0.0	1	149570	n/a
73.04052734375	0.3	1.0	2	149587	n/a
73.048828125	0.3	0.0	1	149604	n/a
73.05712890625	0.3	1.0	2	149621	n/a
73.0654296875	0.3	0.0	1	149638	n/a
73.07373046875	0.3	0.0	1	149655	n/a
73.08203125	0.3	1.0	2	149672	n/a
73.09033203125	0.3	0.0	1	149689	n/a
73.0986328125	0.3	1.0	2	149706	n/a
73.10693359375	0.3	1.0	2	149723	n/a
73.115234375	0.3	0.0	1	149740	n/a
73.12353515625	0.3	0.0	1	149757	n/a
73.1318359375	0.3	1.0	2	149774	n/a
73.14013671875	0.3	0.0	1	149791	n/a
73.14892578125	0.3	1.0	2	149809	n/a
73.1572265625	0.3	0.0	1	149826	n/a
73.16552734375	0.3	1.0	2	149843	n/a
73.173828125	0.3	0.0	1	149860	n/a
73.18212890625	0.3	1.0	2	149877	n/a
73.1904296875	0.3	0.0	1	149894	n/a
73.19873046875	0.3	1.0	2	149911	n/a
73.20703125	0.3	1.0	2	149928	n/a
73.21533203125	0.3	0.0	1	149945	n/a
73.2236328125	0.3	0.0	1	149962	n/a
73.23193359375	0.3	1.0	2	149979	n/a
73.240234375	0.3	1.0	2	149996	n/a
73.24853515625	0.3	0.0	1	150013	n/a
73.2568359375	0.3	0.0	1	150030	n/a
73.26513671875	0.3	1.0	2	150047	n/a
73.27392578125	0.3	1.0	2	150065	n/a
73.2822265625	0.3	0.0	1	150082	n/a
73.29052734375	0.3	0.0	1	150099	n/a
73.298828125	0.3	1.0	2	150116	n/a
73.30712890625	0.3	1.0	2	150133	n/a
73.3154296875	0.3	0.0	1	150150	n/a
73.32373046875	0.3	1.0	2	150167	n/a
73.33203125	0.3	0.0	1	150184	n/a
73.34033203125	0.3	0.0	1	150201	n/a
73.3486328125	0.3	1.0	2	150218	n/a
73.35693359375	0.3	1.0	2	150235	n/a
73.365234375	0.3	0.0	1	150252	n/a
73.37353515625	0.3	1.0	2	150269	n/a
73.3818359375	0.3	0.0	1	150286	n/a
73.39013671875	0.3	0.0	1	150303	n/a
73.39892578125	0.3	1.0	2	150321	n/a
73.4072265625	0.3	1.0	2	150338	n/a
73.41552734375	0.3	0.0	1	150355	n/a
73.423828125	0.3	0.0	1	150372	n/a
73.43212890625	0.3	1.0	2	150389	n/a
73.4404296875	0.3	1.0	2	150406	n/a
73.44873046875	0.3	0.0	1	150423	n/a
73.45703125	0.3	1.0	2	150440	n/a
73.46533203125	0.3	0.0	1	150457	n/a
73.4736328125	0.3	0.0	1	150474	n/a
73.48193359375	0.3	1.0	2	150491	n/a
73.490234375	0.3	1.0	2	150508	n/a
73.49853515625	0.3	0.0	1	150525	n/a
73.5068359375	0.3	0.0	1	150542	n/a
73.51513671875	0.3	1.0	2	150559	n/a
73.52392578125	0.3	0.0	1	150577	n/a
73.5322265625	0.3	1.0	2	150594	n/a
73.54052734375	0.3	1.0	2	150611	n/a
73.548828125	0.3	0.0	1	150628	n/a
73.55712890625	0.3	0.0	1	150645	n/a
73.5654296875	0.3	1.0	2	150662	n/a
73.57373046875	0.3	1.0	2	150679	n/a
73.58203125	0.3	0.0	1	150696	n/a
73.59033203125	0.3	1.0	2	150713	n/a
73.5986328125	0.3	0.0	1	150730	n/a
73.60693359375	0.3	0.0	1	150747	n/a
73.615234375	0.3	1.0	2	150764	n/a
73.62353515625	0.3	0.0	1	150781	n/a
73.6318359375	0.3	1.0	2	150798	n/a
73.64013671875	0.3	0.0	1	150815	n/a
73.64892578125	0.3	1.0	2	150833	n/a
73.6572265625	0.3	0.0	1	150850	n/a
73.66552734375	0.3	1.0	2	150867	n/a
73.673828125	0.3	1.0	2	150884	n/a
73.68212890625	0.3	0.0	1	150901	n/a
73.6904296875	0.3	0.0	1	150918	n/a
73.69873046875	0.3	1.0	2	150935	n/a
73.70703125	0.3	0.0	1	150952	n/a
73.71533203125	0.3	1.0	2	150969	n/a
73.7236328125	0.3	1.0	2	150986	n/a
73.73193359375	0.3	0.0	1	151003	n/a
73.740234375	0.3	0.0	1	151020	n/a
73.74853515625	0.3	1.0	2	151037	n/a
73.7568359375	0.3	1.0	2	151054	n/a
73.76513671875	0.3	0.0	1	151071	n/a
73.77392578125	0.3	1.0	2	151089	n/a
73.7822265625	0.3	0.0	1	151106	n/a
73.79052734375	0.3	0.0	1	151123	n/a
73.798828125	0.3	1.0	2	151140	n/a
73.80712890625	0.3	1.0	2	151157	n/a
73.8154296875	0.3	0.0	1	151174	n/a
73.82373046875	0.3	1.0	2	151191	n/a
73.83203125	0.3	0.0	1	151208	n/a
73.84033203125	0.3	0.0	1	151225	n/a
73.8486328125	0.3	1.0	2	151242	n/a
73.85693359375	0.3	1.0	2	151259	n/a
73.865234375	0.3	0.0	1	151276	n/a
73.87353515625	0.3	1.0	2	151293	n/a
73.8818359375	0.3	0.0	1	151310	n/a
73.89013671875	0.3	0.0	1	151327	n/a
73.89892578125	0.3	1.0	2	151345	n/a
73.9072265625	0.3	0.0	1	151362	n/a
73.91552734375	0.3	1.0	2	151379	n/a
73.923828125	0.3	0.0	1	151396	n/a
73.93212890625	0.3	1.0	2	151413	n/a
73.9404296875	0.3	1.0	2	151430	n/a
73.94873046875	0.3	0.0	1	151447	n/a
73.95703125	0.3	1.0	2	151464	n/a
73.96533203125	0.3	0.0	1	151481	n/a
73.9736328125	0.3	0.0	1	151498	n/a
73.98193359375	0.3	1.0	2	151515	n/a
73.990234375	0.3	1.0	2	151532	n/a
73.99853515625	0.3	0.0	1	151549	n/a
74.0068359375	0.3	0.0	1	151566	n/a
74.01513671875	0.3	1.0	2	151583	n/a
74.02392578125	0.3	1.0	2	151601	n/a
74.0322265625	0.3	0.0	1	151618	n/a
74.04052734375	0.3	1.0	2	151635	n/a
74.048828125	0.3	0.0	1	151652	n/a
74.05712890625	0.3	0.0	1	151669	n/a
74.0654296875	0.3	1.0	2	151686	n/a
74.07373046875	0.3	1.0	2	151703	n/a
74.08203125	0.3	0.0	1	151720	n/a
74.09033203125	0.3	1.0	2	151737	n/a
74.0986328125	0.3	0.0	1	151754	n/a
74.10693359375	0.3	1.0	2	151771	n/a
74.115234375	0.3	0.0	1	151788	n/a
74.12353515625	0.3	0.0	1	151805	n/a
74.1318359375	0.3	1.0	2	151822	n/a
74.14013671875	0.3	0.0	1	151839	n/a
74.14892578125	0.3	1.0	2	151857	n/a
74.1572265625	0.3	1.0	2	151874	n/a
74.16552734375	0.3	0.0	1	151891	n/a
74.173828125	0.3	0.0	1	151908	n/a
74.18212890625	0.3	1.0	2	151925	n/a
74.1904296875	0.3	0.0	1	151942	n/a
74.19873046875	0.3	1.0	2	151959	n/a
74.20703125	0.3	0.0	1	151976	n/a
74.21533203125	0.3	1.0	2	151993	n/a
74.2236328125	0.3	0.0	1	152010	n/a
74.23193359375	0.3	1.0	2	152027	n/a
74.240234375	0.3	0.0	1	152044	n/a
74.24853515625	0.3	1.0	2	152061	n/a
74.2568359375	0.3	1.0	2	152078	n/a
74.26513671875	0.3	0.0	1	152095	n/a
74.27392578125	0.3	0.0	1	152113	n/a
74.2822265625	0.3	1.0	2	152130	n/a
74.29052734375	0.3	1.0	2	152147	n/a
74.298828125	0.3	0.0	1	152164	n/a
74.30712890625	0.3	0.0	1	152181	n/a
74.3154296875	0.3	1.0	2	152198	n/a
74.32373046875	0.3	1.0	2	152215	n/a
74.33203125	0.3	0.0	1	152232	n/a
74.34033203125	0.3	0.0	1	152249	n/a
74.3486328125	0.3	1.0	2	152266	n/a
74.35693359375	0.3	1.0	2	152283	n/a
74.365234375	0.3	0.0	1	152300	n/a
74.37353515625	0.3	1.0	2	152317	n/a
74.3818359375	0.3	0.0	1	152334	n/a
74.39013671875	0.3	0.0	1	152351	n/a
74.39892578125	0.3	1.0	2	152369	n/a
74.4072265625	0.3	1.0	2	152386	n/a
74.41552734375	0.3	0.0	1	152403	n/a
74.423828125	0.3	1.0	2	152420	n/a
74.43212890625	0.3	0.0	1	152437	n/a
74.4404296875	0.3	0.0	1	152454	n/a
74.44873046875	0.3	1.0	2	152471	n/a
74.45703125	0.3	1.0	2	152488	n/a
74.46533203125	0.3	0.0	1	152505	n/a
74.4736328125	0.3	0.0	1	152522	n/a
74.48193359375	0.3	1.0	2	152539	n/a
74.490234375	0.3	1.0	2	152556	n/a
74.49853515625	0.3	0.0	1	152573	n/a
74.5068359375	0.3	1.0	2	152590	n/a
74.51513671875	0.3	0.0	1	152607	n/a
74.52392578125	0.3	0.0	1	152625	n/a
74.5322265625	0.3	1.0	2	152642	n/a
74.54052734375	0.3	1.0	2	152659	n/a
74.548828125	0.3	0.0	1	152676	n/a
74.55712890625	0.3	0.0	1	152693	n/a
74.5654296875	0.3	1.0	2	152710	n/a
74.57373046875	0.3	0.0	1	152727	n/a
74.58203125	0.3	1.0	2	152744	n/a
74.59033203125	0.3	1.0	2	152761	n/a
74.5986328125	0.3	0.0	1	152778	n/a
74.60693359375	0.3	0.0	1	152795	n/a
74.615234375	0.3	1.0	2	152812	n/a
74.62353515625	0.3	1.0	2	152829	n/a
74.6318359375	0.3	0.0	1	152846	n/a
74.64013671875	0.3	1.0	2	152863	n/a
74.64892578125	0.3	0.0	1	152881	n/a
77.0576171875	0.3	0.0	1	157814	17.0
77.06591796875	0.3	1.0	2	157831	n/a
77.07421875	0.3	1.0	2	157848	n/a
77.08251953125	0.3	0.0	1	157865	n/a
77.0908203125	0.3	0.0	1	157882	n/a
77.09912109375	0.3	1.0	2	157899	n/a
77.107421875	0.3	0.0	1	157916	n/a
77.11572265625	0.3	1.0	2	157933	n/a
77.12451171875	0.3	0.0	1	157951	n/a
77.1328125	0.3	1.0	2	157968	n/a
77.14111328125	0.3	1.0	2	157985	n/a
77.1494140625	0.3	0.0	1	158002	n/a
77.15771484375	0.3	0.0	1	158019	n/a
77.166015625	0.3	1.0	2	158036	n/a
77.17431640625	0.3	0.0	1	158053	n/a
77.1826171875	0.3	1.0	2	158070	n/a
77.19091796875	0.3	1.0	2	158087	n/a
77.19921875	0.3	0.0	1	158104	n/a
77.20751953125	0.3	1.0	2	158121	n/a
77.2158203125	0.3	0.0	1	158138	n/a
77.22412109375	0.3	1.0	2	158155	n/a
77.232421875	0.3	0.0	1	158172	n/a
77.24072265625	0.3	0.0	1	158189	n/a
77.24951171875	0.3	1.0	2	158207	n/a
77.2578125	0.3	0.0	1	158224	n/a
77.26611328125	0.3	1.0	2	158241	n/a
77.2744140625	0.3	1.0	2	158258	n/a
77.28271484375	0.3	0.0	1	158275	n/a
77.291015625	0.3	0.0	1	158292	n/a
77.29931640625	0.3	1.0	2	158309	n/a
77.3076171875	0.3	0.0	1	158326	n/a
77.31591796875	0.3	1.0	2	158343	n/a
77.32421875	0.3	1.0	2	158360	n/a
77.33251953125	0.3	0.0	1	158377	n/a
77.3408203125	0.3	0.0	1	158394	n/a
77.34912109375	0.3	1.0	2	158411	n/a
77.357421875	0.3	0.0	1	158428	n/a
77.36572265625	0.3	1.0	2	158445	n/a
77.37451171875	0.3	0.0	1	158463	n/a
77.3828125	0.3	1.0	2	158480	n/a
77.39111328125	0.3	0.0	1	158497	n/a
77.3994140625	0.3	1.0	2	158514	n/a
77.40771484375	0.3	0.0	1	158531	n/a
77.416015625	0.3	1.0	2	158548	n/a
77.42431640625	0.3	1.0	2	158565	n/a
77.4326171875	0.3	0.0	1	158582	n/a
77.44091796875	0.3	1.0	2	158599	n/a
77.44921875	0.3	0.0	1	158616	n/a
77.45751953125	0.3	0.0	1	158633	n/a
77.4658203125	0.3	1.0	2	158650	n/a
77.47412109375	0.3	1.0	2	158667	n/a
77.482421875	0.3	0.0	1	158684	n/a
77.49072265625	0.3	1.0	2	158701	n/a
77.49951171875	0.3	0.0	1	158719	n/a
77.5078125	0.3	0.0	1	158736	n/a
77.51611328125	0.3	1.0	2	158753	n/a
77.5244140625	0.3	0.0	1	158770	n/a
77.53271484375	0.3	1.0	2	158787	n/a
77.541015625	0.3	1.0	2	158804	n/a
77.54931640625	0.3	0.0	1	158821	n/a
77.5576171875	0.3	0.0	1	158838	n/a
77.56591796875	0.3	1.0	2	158855	n/a
77.57421875	0.3	1.0	2	158872	n/a
77.58251953125	0.3	0.0	1	158889	n/a
77.5908203125	0.3	1.0	2	158906	n/a
77.59912109375	0.3	0.0	1	158923	n/a
77.607421875	0.3	0.0	1	158940	n/a
77.61572265625	0.3	1.0	2	158957	n/a
77.62451171875	0.3	1.0	2	158975	n/a
77.6328125	0.3	0.0	1	158992	n/a
77.64111328125	0.3	1.0	2	159009	n/a
77.6494140625	0.3	0.0	1	159026	n/a
77.65771484375	0.3	0.0	1	159043	n/a
77.666015625	0.3	1.0	2	159060	n/a
77.67431640625	0.3	0.0	1	159077	n/a
77.6826171875	0.3	1.0	2	159094	n/a
77.69091796875	0.3	1.0	2	159111	n/a
77.69921875	0.3	0.0	1	159128	n/a
77.70751953125	0.3	1.0	2	159145	n/a
77.7158203125	0.3	0.0	1	159162	n/a
77.72412109375	0.3	1.0	2	159179	n/a
77.732421875	0.3	0.0	1	159196	n/a
77.74072265625	0.3	1.0	2	159213	n/a
77.74951171875	0.3	0.0	1	159231	n/a
77.7578125	0.3	1.0	2	159248	n/a
77.76611328125	0.3	0.0	1	159265	n/a
77.7744140625	0.3	1.0	2	159282	n/a
77.78271484375	0.3	0.0	1	159299	n/a
77.791015625	0.3	0.0	1	159316	n/a
77.79931640625	0.3	1.0	2	159333	n/a
77.8076171875	0.3	1.0	2	159350	n/a
77.81591796875	0.3	0.0	1	159367	n/a
77.82421875	0.3	0.0	1	159384	n/a
77.83251953125	0.3	1.0	2	159401	n/a
77.8408203125	0.3	1.0	2	159418	n/a
77.84912109375	0.3	0.0	1	159435	n/a
77.857421875	0.3	1.0	2	159452	n/a
77.86572265625	0.3	0.0	1	159469	n/a
77.87451171875	0.3	1.0	2	159487	n/a
77.8828125	0.3	0.0	1	159504	n/a
77.89111328125	0.3	1.0	2	159521	n/a
77.8994140625	0.3	0.0	1	159538	n/a
77.90771484375	0.3	0.0	1	159555	n/a
77.916015625	0.3	1.0	2	159572	n/a
77.92431640625	0.3	1.0	2	159589	n/a
77.9326171875	0.3	0.0	1	159606	n/a
77.94091796875	0.3	0.0	1	159623	n/a
77.94921875	0.3	1.0	2	159640	n/a
77.95751953125	0.3	1.0	2	159657	n/a
77.9658203125	0.3	0.0	1	159674	n/a
77.97412109375	0.3	1.0	2	159691	n/a
77.982421875	0.3	0.0	1	159708	n/a
77.99072265625	0.3	0.0	1	159725	n/a
77.99951171875	0.3	1.0	2	159743	n/a
78.0078125	0.3	1.0	2	159760	n/a
78.01611328125	0.3	0.0	1	159777	n/a
78.0244140625	0.3	0.0	1	159794	n/a
78.03271484375	0.3	1.0	2	159811	n/a
78.041015625	0.3	0.0	1	159828	n/a
78.04931640625	0.3	1.0	2	159845	n/a
78.0576171875	0.3	0.0	1	159862	n/a
78.06591796875	0.3	1.0	2	159879	n/a
78.07421875	0.3	0.0	1	159896	n/a
78.08251953125	0.3	1.0	2	159913	n/a
78.0908203125	0.3	0.0	1	159930	n/a
78.09912109375	0.3	1.0	2	159947	n/a
78.107421875	0.3	0.0	1	159964	n/a
78.11572265625	0.3	1.0	2	159981	n/a
78.12451171875	0.3	1.0	2	159999	n/a
78.1328125	0.3	0.0	1	160016	n/a
78.14111328125	0.3	0.0	1	160033	n/a
78.1494140625	0.3	1.0	2	160050	n/a
78.15771484375	0.3	0.0	1	160067	n/a
78.166015625	0.3	1.0	2	160084	n/a
78.17431640625	0.3	0.0	1	160101	n/a
78.1826171875	0.3	1.0	2	160118	n/a
78.19091796875	0.3	1.0	2	160135	n/a
78.19921875	0.3	0.0	1	160152	n/a
78.20751953125	0.3	0.0	1	160169	n/a
78.2158203125	0.3	1.0	2	160186	n/a
78.22412109375	0.3	0.0	1	160203	n/a
78.232421875	0.3	1.0	2	160220	n/a
78.24072265625	0.3	1.0	2	160237	n/a
78.24951171875	0.3	0.0	1	160255	n/a
78.2578125	0.3	1.0	2	160272	n/a
78.26611328125	0.3	0.0	1	160289	n/a
78.2744140625	0.3	1.0	2	160306	n/a
78.28271484375	0.3	0.0	1	160323	n/a
78.291015625	0.3	0.0	1	160340	n/a
78.29931640625	0.3	1.0	2	160357	n/a
78.3076171875	0.3	0.0	1	160374	n/a
78.31591796875	0.3	1.0	2	160391	n/a
78.32421875	0.3	1.0	2	160408	n/a
78.33251953125	0.3	0.0	1	160425	n/a
78.3408203125	0.3	0.0	1	160442	n/a
78.34912109375	0.3	1.0	2	160459	n/a
78.357421875	0.3	0.0	1	160476	n/a
78.36572265625	0.3	1.0	2	160493	n/a
78.37451171875	0.3	1.0	2	160511	n/a
78.3828125	0.3	0.0	1	160528	n/a
78.39111328125	0.3	0.0	1	160545	n/a
78.3994140625	0.3	1.0	2	160562	n/a
78.40771484375	0.3	0.0	1	160579	n/a
78.416015625	0.3	1.0	2	160596	n/a
78.42431640625	0.3	0.0	1	160613	n/a
78.4326171875	0.3	1.0	2	160630	n/a
78.44091796875	0.3	0.0	1	160647	n/a
78.44921875	0.3	1.0	2	160664	n/a
78.45751953125	0.3	0.0	1	160681	n/a
78.4658203125	0.3	1.0	2	160698	n/a
78.47412109375	0.3	1.0	2	160715	n/a
78.482421875	0.3	0.0	1	160732	n/a
78.49072265625	0.3	1.0	2	160749	n/a
78.49951171875	0.3	0.0	1	160767	n/a
78.5078125	0.3	0.0	1	160784	n/a
78.51611328125	0.3	1.0	2	160801	n/a
78.5244140625	0.3	1.0	2	160818	n/a
78.53271484375	0.3	0.0	1	160835	n/a
78.541015625	0.3	1.0	2	160852	n/a
78.54931640625	0.3	0.0	1	160869	n/a
78.5576171875	0.3	0.0	1	160886	n/a
78.56591796875	0.3	1.0	2	160903	n/a
78.57421875	0.3	0.0	1	160920	n/a
78.58251953125	0.3	1.0	2	160937	n/a
78.5908203125	0.3	1.0	2	160954	n/a
78.59912109375	0.3	0.0	1	160971	n/a
78.607421875	0.3	0.0	1	160988	n/a
78.61572265625	0.3	1.0	2	161005	n/a
78.62451171875	0.3	1.0	2	161023	n/a
78.6328125	0.3	0.0	1	161040	n/a
78.64111328125	0.3	1.0	2	161057	n/a
78.6494140625	0.3	0.0	1	161074	n/a
78.65771484375	0.3	0.0	1	161091	n/a
78.666015625	0.3	1.0	2	161108	n/a
78.67431640625	0.3	1.0	2	161125	n/a
78.6826171875	0.3	0.0	1	161142	n/a
78.69091796875	0.3	1.0	2	161159	n/a
78.69921875	0.3	0.0	1	161176	n/a
78.70751953125	0.3	0.0	1	161193	n/a
78.7158203125	0.3	1.0	2	161210	n/a
78.72412109375	0.3	0.0	1	161227	n/a
78.732421875	0.3	1.0	2	161244	n/a
78.74072265625	0.3	1.0	2	161261	n/a
78.74951171875	0.3	0.0	1	161279	n/a
78.7578125	0.3	1.0	2	161296	n/a
78.76611328125	0.3	0.0	1	161313	n/a
78.7744140625	0.3	1.0	2	161330	n/a
78.78271484375	0.3	0.0	1	161347	n/a
78.791015625	0.3	1.0	2	161364	n/a
78.79931640625	0.3	0.0	1	161381	n/a
78.8076171875	0.3	1.0	2	161398	n/a
78.81591796875	0.3	0.0	1	161415	n/a
78.82421875	0.3	1.0	2	161432	n/a
78.83251953125	0.3	0.0	1	161449	n/a
78.8408203125	0.3	0.0	1	161466	n/a
78.84912109375	0.3	1.0	2	161483	n/a
78.857421875	0.3	1.0	2	161500	n/a
78.86572265625	0.3	0.0	1	161517	n/a
78.87451171875	0.3	0.0	1	161535	n/a
78.8828125	0.3	1.0	2	161552	n/a
78.89111328125	0.3	1.0	2	161569	n/a
78.8994140625	0.3	0.0	1	161586	n/a
78.90771484375	0.3	1.0	2	161603	n/a
78.916015625	0.3	0.0	1	161620	n/a
78.92431640625	0.3	1.0	2	161637	n/a
78.9326171875	0.3	0.0	1	161654	n/a
78.94091796875	0.3	1.0	2	161671	n/a
78.94921875	0.3	0.0	1	161688	n/a
78.95751953125	0.3	0.0	1	161705	n/a
78.9658203125	0.3	1.0	2	161722	n/a
78.97412109375	0.3	1.0	2	161739	n/a
78.982421875	0.3	0.0	1	161756	n/a
78.99072265625	0.3	0.0	1	161773	n/a
78.99951171875	0.3	1.0	2	161791	n/a
79.0078125	0.3	1.0	2	161808	n/a
79.01611328125	0.3	0.0	1	161825	n/a
79.0244140625	0.3	1.0	2	161842	n/a
79.03271484375	0.3	0.0	1	161859	n/a
79.041015625	0.3	0.0	1	161876	n/a
79.04931640625	0.3	1.0	2	161893	n/a
79.0576171875	0.3	1.0	2	161910	n/a
79.06591796875	0.3	0.0	1	161927	n/a
79.07421875	0.3	0.0	1	161944	n/a
79.08251953125	0.3	1.0	2	161961	n/a
79.0908203125	0.3	0.0	1	161978	n/a
79.09912109375	0.3	1.0	2	161995	n/a
79.107421875	0.3	0.0	1	162012	n/a
79.11572265625	0.3	1.0	2	162029	n/a
79.12451171875	0.3	0.0	1	162047	n/a
79.1328125	0.3	1.0	2	162064	n/a
79.14111328125	0.3	0.0	1	162081	n/a
79.1494140625	0.3	1.0	2	162098	n/a
79.15771484375	0.3	0.0	1	162115	n/a
79.166015625	0.3	1.0	2	162132	n/a
79.17431640625	0.3	1.0	2	162149	n/a
79.1826171875	0.3	0.0	1	162166	n/a
79.19091796875	0.3	0.0	1	162183	n/a
79.19921875	0.3	1.0	2	162200	n/a
79.20751953125	0.3	0.0	1	162217	n/a
79.2158203125	0.3	1.0	2	162234	n/a
79.22412109375	0.3	0.0	1	162251	n/a
79.232421875	0.3	1.0	2	162268	n/a
79.24072265625	0.3	1.0	2	162285	n/a
79.24951171875	0.3	0.0	1	162303	n/a
79.2578125	0.3	0.0	1	162320	n/a
79.26611328125	0.3	1.0	2	162337	n/a
79.2744140625	0.3	0.0	1	162354	n/a
79.28271484375	0.3	1.0	2	162371	n/a
79.291015625	0.3	1.0	2	162388	n/a
79.29931640625	0.3	0.0	1	162405	n/a
79.3076171875	0.3	1.0	2	162422	n/a
79.31591796875	0.3	0.0	1	162439	n/a
79.32421875	0.3	1.0	2	162456	n/a
79.33251953125	0.3	0.0	1	162473	n/a
79.3408203125	0.3	0.0	1	162490	n/a
79.34912109375	0.3	1.0	2	162507	n/a
79.357421875	0.3	0.0	1	162524	n/a
79.36572265625	0.3	1.0	2	162541	n/a
79.37451171875	0.3	1.0	2	162559	n/a
79.3828125	0.3	0.0	1	162576	n/a
79.39111328125	0.3	0.0	1	162593	n/a
79.3994140625	0.3	1.0	2	162610	n/a
79.40771484375	0.3	0.0	1	162627	n/a
79.416015625	0.3	1.0	2	162644	n/a
79.42431640625	0.3	1.0	2	162661	n/a
79.4326171875	0.3	0.0	1	162678	n/a
79.44091796875	0.3	0.0	1	162695	n/a
79.44921875	0.3	1.0	2	162712	n/a
79.45751953125	0.3	0.0	1	162729	n/a
79.4658203125	0.3	1.0	2	162746	n/a
79.47412109375	0.3	0.0	1	162763	n/a
79.482421875	0.3	1.0	2	162780	n/a
79.49072265625	0.3	0.0	1	162797	n/a
79.49951171875	0.3	1.0	2	162815	n/a
79.5078125	0.3	0.0	1	162832	n/a
79.51611328125	0.3	1.0	2	162849	n/a
79.5244140625	0.3	1.0	2	162866	n/a
79.53271484375	0.3	0.0	1	162883	n/a
79.541015625	0.3	1.0	2	162900	n/a
79.54931640625	0.3	0.0	1	162917	n/a
79.5576171875	0.3	0.0	1	162934	n/a
79.56591796875	0.3	1.0	2	162951	n/a
79.57421875	0.3	1.0	2	162968	n/a
79.58251953125	0.3	0.0	1	162985	n/a
79.5908203125	0.3	1.0	2	163002	n/a
79.59912109375	0.3	0.0	1	163019	n/a
79.607421875	0.3	0.0	1	163036	n/a
79.61572265625	0.3	1.0	2	163053	n/a
79.62451171875	0.3	0.0	1	163071	n/a
79.6328125	0.3	1.0	2	163088	n/a
79.64111328125	0.3	1.0	2	163105	n/a
79.6494140625	0.3	0.0	1	163122	n/a
79.65771484375	0.3	0.0	1	163139	n/a
79.666015625	0.3	1.0	2	163156	n/a
79.67431640625	0.3	1.0	2	163173	n/a
79.6826171875	0.3	0.0	1	163190	n/a
79.69091796875	0.3	1.0	2	163207	n/a
79.69921875	0.3	0.0	1	163224	n/a
79.70751953125	0.3	0.0	1	163241	n/a
79.7158203125	0.3	1.0	2	163258	n/a
79.72412109375	0.3	1.0	2	163275	n/a
79.732421875	0.3	0.0	1	163292	n/a
79.74072265625	0.3	1.0	2	163309	n/a
79.74951171875	0.3	0.0	1	163327	n/a
79.7578125	0.3	0.0	1	163344	n/a
79.76611328125	0.3	1.0	2	163361	n/a
79.7744140625	0.3	0.0	1	163378	n/a
79.78271484375	0.3	1.0	2	163395	n/a
79.791015625	0.3	1.0	2	163412	n/a
79.79931640625	0.3	0.0	1	163429	n/a
79.8076171875	0.3	1.0	2	163446	n/a
79.81591796875	0.3	0.0	1	163463	n/a
79.82421875	0.3	1.0	2	163480	n/a
79.83251953125	0.3	0.0	1	163497	n/a
79.8408203125	0.3	1.0	2	163514	n/a
79.84912109375	0.3	0.0	1	163531	n/a
79.857421875	0.3	1.0	2	163548	n/a
79.86572265625	0.3	0.0	1	163565	n/a
79.87451171875	0.3	1.0	2	163583	n/a
79.8828125	0.3	0.0	1	163600	n/a
79.89111328125	0.3	0.0	1	163617	n/a
79.8994140625	0.3	1.0	2	163634	n/a
79.90771484375	0.3	1.0	2	163651	n/a
79.916015625	0.3	0.0	1	163668	n/a
79.92431640625	0.3	0.0	1	163685	n/a
79.9326171875	0.3	1.0	2	163702	n/a
79.94091796875	0.3	1.0	2	163719	n/a
79.94921875	0.3	0.0	1	163736	n/a
79.95751953125	0.3	1.0	2	163753	n/a
79.9658203125	0.3	0.0	1	163770	n/a
79.97412109375	0.3	1.0	2	163787	n/a
79.982421875	0.3	0.0	1	163804	n/a
79.99072265625	0.3	1.0	2	163821	n/a
79.99951171875	0.3	0.0	1	163839	n/a
80.0078125	0.3	0.0	1	163856	n/a
80.01611328125	0.3	1.0	2	163873	n/a
80.0244140625	0.3	1.0	2	163890	n/a
80.03271484375	0.3	0.0	1	163907	n/a
80.041015625	0.3	0.0	1	163924	n/a
80.04931640625	0.3	1.0	2	163941	n/a
80.0576171875	0.3	1.0	2	163958	n/a
80.06591796875	0.3	0.0	1	163975	n/a
80.07421875	0.3	1.0	2	163992	n/a
80.08251953125	0.3	0.0	1	164009	n/a
80.0908203125	0.3	0.0	1	164026	n/a
80.09912109375	0.3	1.0	2	164043	n/a
80.107421875	0.3	1.0	2	164060	n/a
80.11572265625	0.3	0.0	1	164077	n/a
80.12451171875	0.3	0.0	1	164095	n/a
80.1328125	0.3	1.0	2	164112	n/a
80.14111328125	0.3	0.0	1	164129	n/a
80.1494140625	0.3	1.0	2	164146	n/a
80.15771484375	0.3	0.0	1	164163	n/a
80.166015625	0.3	1.0	2	164180	n/a
80.17431640625	0.3	0.0	1	164197	n/a
80.1826171875	0.3	1.0	2	164214	n/a
80.19091796875	0.3	0.0	1	164231	n/a
80.19921875	0.3	1.0	2	164248	n/a
80.20751953125	0.3	0.0	1	164265	n/a
80.2158203125	0.3	1.0	2	164282	n/a
80.22412109375	0.3	1.0	2	164299	n/a
80.232421875	0.3	0.0	1	164316	n/a
80.24072265625	0.3	0.0	1	164333	n/a
80.24951171875	0.3	1.0	2	164351	n/a
80.2578125	0.3	0.0	1	164368	n/a
80.26611328125	0.3	1.0	2	164385	n/a
80.2744140625	0.3	0.0	1	164402	n/a
80.28271484375	0.3	1.0	2	164419	n/a
80.291015625	0.3	1.0	2	164436	n/a
80.29931640625	0.3	0.0	1	164453	n/a
80.3076171875	0.3	0.0	1	164470	n/a
80.31591796875	0.3	1.0	2	164487	n/a
80.32421875	0.3	0.0	1	164504	n/a
80.33251953125	0.3	1.0	2	164521	n/a
80.3408203125	0.3	1.0	2	164538	n/a
80.34912109375	0.3	0.0	1	164555	n/a
80.357421875	0.3	1.0	2	164572	n/a
80.36572265625	0.3	0.0	1	164589	n/a
80.37451171875	0.3	1.0	2	164607	n/a
80.3828125	0.3	0.0	1	164624	n/a
80.39111328125	0.3	0.0	1	164641	n/a
80.3994140625	0.3	1.0	2	164658	n/a
80.40771484375	0.3	0.0	1	164675	n/a
80.416015625	0.3	1.0	2	164692	n/a
80.42431640625	0.3	1.0	2	164709	n/a
80.4326171875	0.3	0.0	1	164726	n/a
80.44091796875	0.3	0.0	1	164743	n/a
80.44921875	0.3	1.0	2	164760	n/a
80.45751953125	0.3	0.0	1	164777	n/a
80.4658203125	0.3	1.0	2	164794	n/a
80.47412109375	0.3	1.0	2	164811	n/a
80.482421875	0.3	0.0	1	164828	n/a
80.49072265625	0.3	0.0	1	164845	n/a
80.49951171875	0.3	1.0	2	164863	n/a
80.5078125	0.3	0.0	1	164880	n/a
80.51611328125	0.3	1.0	2	164897	n/a
80.5244140625	0.3	0.0	1	164914	n/a
80.53271484375	0.3	1.0	2	164931	n/a
80.541015625	0.3	0.0	1	164948	n/a
80.54931640625	0.3	1.0	2	164965	n/a
80.5576171875	0.3	0.0	1	164982	n/a
80.56591796875	0.3	1.0	2	164999	n/a
80.57421875	0.3	1.0	2	165016	n/a
80.58251953125	0.3	0.0	1	165033	n/a
80.5908203125	0.3	1.0	2	165050	n/a
80.59912109375	0.3	0.0	1	165067	n/a
80.607421875	0.3	0.0	1	165084	n/a
80.61572265625	0.3	1.0	2	165101	n/a
80.62451171875	0.3	1.0	2	165119	n/a
80.6328125	0.3	0.0	1	165136	n/a
80.64111328125	0.3	1.0	2	165153	n/a
80.6494140625	0.3	0.0	1	165170	n/a
80.65771484375	0.3	0.0	1	165187	n/a
80.666015625	0.3	1.0	2	165204	n/a
80.67431640625	0.3	0.0	1	165221	n/a
80.6826171875	0.3	1.0	2	165238	n/a
80.69091796875	0.3	1.0	2	165255	n/a
80.69921875	0.3	0.0	1	165272	n/a
80.70751953125	0.3	0.0	1	165289	n/a
80.7158203125	0.3	1.0	2	165306	n/a
80.72412109375	0.3	1.0	2	165323	n/a
80.732421875	0.3	0.0	1	165340	n/a
80.74072265625	0.3	1.0	2	165357	n/a
80.74951171875	0.3	0.0	1	165375	n/a
80.7578125	0.3	0.0	1	165392	n/a
80.76611328125	0.3	1.0	2	165409	n/a
80.7744140625	0.3	1.0	2	165426	n/a
80.78271484375	0.3	0.0	1	165443	n/a
80.791015625	0.3	1.0	2	165460	n/a
80.79931640625	0.3	0.0	1	165477	n/a
80.8076171875	0.3	0.0	1	165494	n/a
80.81591796875	0.3	1.0	2	165511	n/a
80.82421875	0.3	0.0	1	165528	n/a
80.83251953125	0.3	1.0	2	165545	n/a
80.8408203125	0.3	1.0	2	165562	n/a
80.84912109375	0.3	0.0	1	165579	n/a
80.857421875	0.3	1.0	2	165596	n/a
80.86572265625	0.3	0.0	1	165613	n/a
80.87451171875	0.3	1.0	2	165631	n/a
80.8828125	0.3	0.0	1	165648	n/a
80.89111328125	0.3	1.0	2	165665	n/a
80.8994140625	0.3	0.0	1	165682	n/a
80.90771484375	0.3	1.0	2	165699	n/a
80.916015625	0.3	0.0	1	165716	n/a
80.92431640625	0.3	1.0	2	165733	n/a
80.9326171875	0.3	0.0	1	165750	n/a
80.94091796875	0.3	0.0	1	165767	n/a
80.94921875	0.3	1.0	2	165784	n/a
80.95751953125	0.3	1.0	2	165801	n/a
80.9658203125	0.3	0.0	1	165818	n/a
80.97412109375	0.3	0.0	1	165835	n/a
80.982421875	0.3	1.0	2	165852	n/a
80.99072265625	0.3	1.0	2	165869	n/a
80.99951171875	0.3	0.0	1	165887	n/a
81.0078125	0.3	1.0	2	165904	n/a
81.01611328125	0.3	0.0	1	165921	n/a
81.0244140625	0.3	1.0	2	165938	n/a
81.03271484375	0.3	0.0	1	165955	n/a
81.041015625	0.3	1.0	2	165972	n/a
81.04931640625	0.3	0.0	1	165989	n/a
81.0576171875	0.3	0.0	1	166006	n/a
81.06591796875	0.3	1.0	2	166023	n/a
81.07421875	0.3	1.0	2	166040	n/a
81.08251953125	0.3	0.0	1	166057	n/a
81.0908203125	0.3	0.0	1	166074	n/a
81.09912109375	0.3	1.0	2	166091	n/a
81.107421875	0.3	1.0	2	166108	n/a
81.11572265625	0.3	0.0	1	166125	n/a
81.12451171875	0.3	1.0	2	166143	n/a
81.1328125	0.3	0.0	1	166160	n/a
81.14111328125	0.3	0.0	1	166177	n/a
81.1494140625	0.3	1.0	2	166194	n/a
81.15771484375	0.3	1.0	2	166211	n/a
81.166015625	0.3	0.0	1	166228	n/a
81.17431640625	0.3	0.0	1	166245	n/a
81.1826171875	0.3	1.0	2	166262	n/a
81.19091796875	0.3	0.0	1	166279	n/a
81.19921875	0.3	1.0	2	166296	n/a
81.20751953125	0.3	0.0	1	166313	n/a
81.2158203125	0.3	1.0	2	166330	n/a
81.22412109375	0.3	0.0	1	166347	n/a
81.232421875	0.3	1.0	2	166364	n/a
81.24072265625	0.3	0.0	1	166381	n/a
81.24951171875	0.3	1.0	2	166399	n/a
83.625	0.3	1.0	2	171264	30.0
83.63330078125	0.3	0.0	1	171281	n/a
83.6416015625	0.3	1.0	2	171298	n/a
83.64990234375	0.3	0.0	1	171315	n/a
83.658203125	0.3	1.0	2	171332	n/a
83.66650390625	0.3	0.0	1	171349	n/a
83.6748046875	0.3	0.0	1	171366	n/a
83.68310546875	0.3	1.0	2	171383	n/a
83.69189453125	0.3	0.0	1	171401	n/a
83.7001953125	0.3	1.0	2	171418	n/a
83.70849609375	0.3	1.0	2	171435	n/a
83.716796875	0.3	0.0	1	171452	n/a
83.72509765625	0.3	1.0	2	171469	n/a
83.7333984375	0.3	0.0	1	171486	n/a
83.74169921875	0.3	1.0	2	171503	n/a
83.75	0.3	0.0	1	171520	n/a
83.75830078125	0.3	1.0	2	171537	n/a
83.7666015625	0.3	0.0	1	171554	n/a
83.77490234375	0.3	1.0	2	171571	n/a
83.783203125	0.3	0.0	1	171588	n/a
83.79150390625	0.3	0.0	1	171605	n/a
83.7998046875	0.3	1.0	2	171622	n/a
83.80810546875	0.3	1.0	2	171639	n/a
83.81689453125	0.3	0.0	1	171657	n/a
83.8251953125	0.3	1.0	2	171674	n/a
83.83349609375	0.3	0.0	1	171691	n/a
83.841796875	0.3	0.0	1	171708	n/a
83.85009765625	0.3	1.0	2	171725	n/a
83.8583984375	0.3	0.0	1	171742	n/a
83.86669921875	0.3	1.0	2	171759	n/a
83.875	0.3	1.0	2	171776	n/a
83.88330078125	0.3	0.0	1	171793	n/a
83.8916015625	0.3	0.0	1	171810	n/a
83.89990234375	0.3	1.0	2	171827	n/a
83.908203125	0.3	1.0	2	171844	n/a
83.91650390625	0.3	0.0	1	171861	n/a
83.9248046875	0.3	0.0	1	171878	n/a
83.93310546875	0.3	1.0	2	171895	n/a
83.94189453125	0.3	1.0	2	171913	n/a
83.9501953125	0.3	0.0	1	171930	n/a
83.95849609375	0.3	0.0	1	171947	n/a
83.966796875	0.3	1.0	2	171964	n/a
83.97509765625	0.3	1.0	2	171981	n/a
83.9833984375	0.3	0.0	1	171998	n/a
83.99169921875	0.3	0.0	1	172015	n/a
84.0	0.3	1.0	2	172032	n/a
84.00830078125	0.3	1.0	2	172049	n/a
84.0166015625	0.3	0.0	1	172066	n/a
84.02490234375	0.3	1.0	2	172083	n/a
84.033203125	0.3	0.0	1	172100	n/a
84.04150390625	0.3	1.0	2	172117	n/a
84.0498046875	0.3	0.0	1	172134	n/a
84.05810546875	0.3	1.0	2	172151	n/a
84.06689453125	0.3	0.0	1	172169	n/a
84.0751953125	0.3	1.0	2	172186	n/a
84.08349609375	0.3	0.0	1	172203	n/a
84.091796875	0.3	1.0	2	172220	n/a
84.10009765625	0.3	0.0	1	172237	n/a
84.1083984375	0.3	1.0	2	172254	n/a
84.11669921875	0.3	0.0	1	172271	n/a
84.125	0.3	1.0	2	172288	n/a
84.13330078125	0.3	0.0	1	172305	n/a
84.1416015625	0.3	0.0	1	172322	n/a
84.14990234375	0.3	1.0	2	172339	n/a
84.158203125	0.3	1.0	2	172356	n/a
84.16650390625	0.3	0.0	1	172373	n/a
84.1748046875	0.3	0.0	1	172390	n/a
84.18310546875	0.3	1.0	2	172407	n/a
84.19189453125	0.3	1.0	2	172425	n/a
84.2001953125	0.3	0.0	1	172442	n/a
84.20849609375	0.3	0.0	1	172459	n/a
84.216796875	0.3	1.0	2	172476	n/a
84.22509765625	0.3	0.0	1	172493	n/a
84.2333984375	0.3	1.0	2	172510	n/a
84.24169921875	0.3	0.0	1	172527	n/a
84.25	0.3	1.0	2	172544	n/a
84.25830078125	0.3	0.0	1	172561	n/a
84.2666015625	0.3	1.0	2	172578	n/a
84.27490234375	0.3	1.0	2	172595	n/a
84.283203125	0.3	0.0	1	172612	n/a
84.29150390625	0.3	1.0	2	172629	n/a
84.2998046875	0.3	0.0	1	172646	n/a
84.30810546875	0.3	1.0	2	172663	n/a
84.31689453125	0.3	0.0	1	172681	n/a
84.3251953125	0.3	1.0	2	172698	n/a
84.33349609375	0.3	0.0	1	172715	n/a
84.341796875	0.3	0.0	1	172732	n/a
84.35009765625	0.3	1.0	2	172749	n/a
84.3583984375	0.3	1.0	2	172766	n/a
84.36669921875	0.3	0.0	1	172783	n/a
84.375	0.3	0.0	1	172800	n/a
84.38330078125	0.3	1.0	2	172817	n/a
84.3916015625	0.3	0.0	1	172834	n/a
84.39990234375	0.3	1.0	2	172851	n/a
84.408203125	0.3	1.0	2	172868	n/a
84.41650390625	0.3	0.0	1	172885	n/a
84.4248046875	0.3	1.0	2	172902	n/a
84.43310546875	0.3	0.0	1	172919	n/a
84.44189453125	0.3	1.0	2	172937	n/a
84.4501953125	0.3	0.0	1	172954	n/a
84.45849609375	0.3	1.0	2	172971	n/a
84.466796875	0.3	0.0	1	172988	n/a
84.47509765625	0.3	1.0	2	173005	n/a
84.4833984375	0.3	0.0	1	173022	n/a
84.49169921875	0.3	1.0	2	173039	n/a
84.5	0.3	0.0	1	173056	n/a
84.50830078125	0.3	1.0	2	173073	n/a
84.5166015625	0.3	0.0	1	173090	n/a
84.52490234375	0.3	0.0	1	173107	n/a
84.533203125	0.3	1.0	2	173124	n/a
84.54150390625	0.3	0.0	1	173141	n/a
84.5498046875	0.3	1.0	2	173158	n/a
84.55810546875	0.3	1.0	2	173175	n/a
84.56689453125	0.3	0.0	1	173193	n/a
84.5751953125	0.3	0.0	1	173210	n/a
84.58349609375	0.3	1.0	2	173227	n/a
84.591796875	0.3	1.0	2	173244	n/a
84.60009765625	0.3	0.0	1	173261	n/a
84.6083984375	0.3	0.0	1	173278	n/a
84.61669921875	0.3	1.0	2	173295	n/a
84.625	0.3	0.0	1	173312	n/a
84.63330078125	0.3	1.0	2	173329	n/a
84.6416015625	0.3	1.0	2	173346	n/a
84.64990234375	0.3	0.0	1	173363	n/a
84.658203125	0.3	0.0	1	173380	n/a
84.66650390625	0.3	1.0	2	173397	n/a
84.6748046875	0.3	1.0	2	173414	n/a
84.68310546875	0.3	0.0	1	173431	n/a
84.69189453125	0.3	1.0	2	173449	n/a
84.7001953125	0.3	0.0	1	173466	n/a
84.70849609375	0.3	1.0	2	173483	n/a
84.716796875	0.3	0.0	1	173500	n/a
84.72509765625	0.3	0.0	1	173517	n/a
84.7333984375	0.3	1.0	2	173534	n/a
84.74169921875	0.3	0.0	1	173551	n/a
84.75	0.3	1.0	2	173568	n/a
84.75830078125	0.3	1.0	2	173585	n/a
84.7666015625	0.3	0.0	1	173602	n/a
84.77490234375	0.3	1.0	2	173619	n/a
84.783203125	0.3	0.0	1	173636	n/a
84.79150390625	0.3	1.0	2	173653	n/a
84.7998046875	0.3	0.0	1	173670	n/a
84.80810546875	0.3	1.0	2	173687	n/a
84.81689453125	0.3	0.0	1	173705	n/a
84.8251953125	0.3	1.0	2	173722	n/a
84.83349609375	0.3	0.0	1	173739	n/a
84.841796875	0.3	0.0	1	173756	n/a
84.85009765625	0.3	1.0	2	173773	n/a
84.8583984375	0.3	1.0	2	173790	n/a
84.86669921875	0.3	0.0	1	173807	n/a
84.875	0.3	1.0	2	173824	n/a
84.88330078125	0.3	0.0	1	173841	n/a
84.8916015625	0.3	0.0	1	173858	n/a
84.89990234375	0.3	1.0	2	173875	n/a
84.908203125	0.3	0.0	1	173892	n/a
84.91650390625	0.3	1.0	2	173909	n/a
84.9248046875	0.3	1.0	2	173926	n/a
84.93310546875	0.3	0.0	1	173943	n/a
84.94189453125	0.3	0.0	1	173961	n/a
84.9501953125	0.3	1.0	2	173978	n/a
84.95849609375	0.3	1.0	2	173995	n/a
84.966796875	0.3	0.0	1	174012	n/a
84.97509765625	0.3	0.0	1	174029	n/a
84.9833984375	0.3	1.0	2	174046	n/a
84.99169921875	0.3	1.0	2	174063	n/a
85.0	0.3	0.0	1	174080	n/a
85.00830078125	0.3	0.0	1	174097	n/a
85.0166015625	0.3	1.0	2	174114	n/a
85.02490234375	0.3	1.0	2	174131	n/a
85.033203125	0.3	0.0	1	174148	n/a
85.04150390625	0.3	0.0	1	174165	n/a
85.0498046875	0.3	1.0	2	174182	n/a
85.05810546875	0.3	1.0	2	174199	n/a
85.06689453125	0.3	0.0	1	174217	n/a
85.0751953125	0.3	1.0	2	174234	n/a
85.08349609375	0.3	0.0	1	174251	n/a
85.091796875	0.3	1.0	2	174268	n/a
85.10009765625	0.3	0.0	1	174285	n/a
85.1083984375	0.3	1.0	2	174302	n/a
85.11669921875	0.3	0.0	1	174319	n/a
85.125	0.3	1.0	2	174336	n/a
85.13330078125	0.3	0.0	1	174353	n/a
85.1416015625	0.3	1.0	2	174370	n/a
85.14990234375	0.3	0.0	1	174387	n/a
85.158203125	0.3	1.0	2	174404	n/a
85.16650390625	0.3	0.0	1	174421	n/a
85.1748046875	0.3	1.0	2	174438	n/a
85.18310546875	0.3	0.0	1	174455	n/a
85.19189453125	0.3	0.0	1	174473	n/a
85.2001953125	0.3	1.0	2	174490	n/a
85.20849609375	0.3	1.0	2	174507	n/a
85.216796875	0.3	0.0	1	174524	n/a
85.22509765625	0.3	0.0	1	174541	n/a
85.2333984375	0.3	1.0	2	174558	n/a
85.24169921875	0.3	1.0	2	174575	n/a
85.25	0.3	0.0	1	174592	n/a
85.25830078125	0.3	0.0	1	174609	n/a
85.2666015625	0.3	1.0	2	174626	n/a
85.27490234375	0.3	0.0	1	174643	n/a
85.283203125	0.3	1.0	2	174660	n/a
85.29150390625	0.3	0.0	1	174677	n/a
85.2998046875	0.3	1.0	2	174694	n/a
85.30810546875	0.3	0.0	1	174711	n/a
85.31689453125	0.3	1.0	2	174729	n/a
85.3251953125	0.3	1.0	2	174746	n/a
85.33349609375	0.3	0.0	1	174763	n/a
85.341796875	0.3	1.0	2	174780	n/a
85.35009765625	0.3	0.0	1	174797	n/a
85.3583984375	0.3	1.0	2	174814	n/a
85.36669921875	0.3	0.0	1	174831	n/a
85.375	0.3	1.0	2	174848	n/a
85.38330078125	0.3	0.0	1	174865	n/a
85.3916015625	0.3	0.0	1	174882	n/a
85.39990234375	0.3	1.0	2	174899	n/a
85.408203125	0.3	1.0	2	174916	n/a
85.41650390625	0.3	0.0	1	174933	n/a
85.4248046875	0.3	0.0	1	174950	n/a
85.43310546875	0.3	1.0	2	174967	n/a
85.44189453125	0.3	0.0	1	174985	n/a
85.4501953125	0.3	1.0	2	175002	n/a
85.45849609375	0.3	1.0	2	175019	n/a
85.466796875	0.3	0.0	1	175036	n/a
85.47509765625	0.3	1.0	2	175053	n/a
85.4833984375	0.3	0.0	1	175070	n/a
85.49169921875	0.3	1.0	2	175087	n/a
85.5	0.3	0.0	1	175104	n/a
85.50830078125	0.3	1.0	2	175121	n/a
85.5166015625	0.3	0.0	1	175138	n/a
85.52490234375	0.3	1.0	2	175155	n/a
85.533203125	0.3	0.0	1	175172	n/a
85.54150390625	0.3	1.0	2	175189	n/a
85.5498046875	0.3	0.0	1	175206	n/a
85.55810546875	0.3	1.0	2	175223	n/a
85.56689453125	0.3	0.0	1	175241	n/a
85.5751953125	0.3	0.0	1	175258	n/a
85.58349609375	0.3	1.0	2	175275	n/a
85.591796875	0.3	0.0	1	175292	n/a
85.60009765625	0.3	1.0	2	175309	n/a
85.6083984375	0.3	1.0	2	175326	n/a
85.61669921875	0.3	0.0	1	175343	n/a
85.625	0.3	0.0	1	175360	n/a
85.63330078125	0.3	1.0	2	175377	n/a
85.6416015625	0.3	1.0	2	175394	n/a
85.64990234375	0.3	0.0	1	175411	n/a
85.658203125	0.3	0.0	1	175428	n/a
85.66650390625	0.3	1.0	2	175445	n/a
85.6748046875	0.3	0.0	1	175462	n/a
85.68310546875	0.3	1.0	2	175479	n/a
85.69189453125	0.3	1.0	2	175497	n/a
85.7001953125	0.3	0.0	1	175514	n/a
85.70849609375	0.3	0.0	1	175531	n/a
85.716796875	0.3	1.0	2	175548	n/a
85.72509765625	0.3	1.0	2	175565	n/a
85.7333984375	0.3	0.0	1	175582	n/a
85.74169921875	0.3	1.0	2	175599	n/a
85.75	0.3	0.0	1	175616	n/a
85.75830078125	0.3	1.0	2	175633	n/a
85.7666015625	0.3	0.0	1	175650	n/a
85.77490234375	0.3	0.0	1	175667	n/a
85.783203125	0.3	1.0	2	175684	n/a
85.79150390625	0.3	0.0	1	175701	n/a
85.7998046875	0.3	1.0	2	175718	n/a
85.80810546875	0.3	1.0	2	175735	n/a
85.81689453125	0.3	0.0	1	175753	n/a
85.8251953125	0.3	1.0	2	175770	n/a
85.83349609375	0.3	0.0	1	175787	n/a
85.841796875	0.3	1.0	2	175804	n/a
85.85009765625	0.3	0.0	1	175821	n/a
85.8583984375	0.3	1.0	2	175838	n/a
85.86669921875	0.3	0.0	1	175855	n/a
85.875	0.3	1.0	2	175872	n/a
85.88330078125	0.3	0.0	1	175889	n/a
85.8916015625	0.3	0.0	1	175906	n/a
85.89990234375	0.3	1.0	2	175923	n/a
85.908203125	0.3	1.0	2	175940	n/a
85.91650390625	0.3	0.0	1	175957	n/a
85.9248046875	0.3	1.0	2	175974	n/a
85.93310546875	0.3	0.0	1	175991	n/a
85.94189453125	0.3	0.0	1	176009	n/a
85.9501953125	0.3	1.0	2	176026	n/a
85.95849609375	0.3	0.0	1	176043	n/a
85.966796875	0.3	1.0	2	176060	n/a
85.97509765625	0.3	1.0	2	176077	n/a
85.9833984375	0.3	0.0	1	176094	n/a
85.99169921875	0.3	0.0	1	176111	n/a
86.0	0.3	1.0	2	176128	n/a
86.00830078125	0.3	1.0	2	176145	n/a
86.0166015625	0.3	0.0	1	176162	n/a
86.02490234375	0.3	0.0	1	176179	n/a
86.033203125	0.3	1.0	2	176196	n/a
86.04150390625	0.3	1.0	2	176213	n/a
86.0498046875	0.3	0.0	1	176230	n/a
86.05810546875	0.3	0.0	1	176247	n/a
86.06689453125	0.3	1.0	2	176265	n/a
86.0751953125	0.3	1.0	2	176282	n/a
86.08349609375	0.3	0.0	1	176299	n/a
86.091796875	0.3	0.0	1	176316	n/a
86.10009765625	0.3	1.0	2	176333	n/a
86.1083984375	0.3	1.0	2	176350	n/a
86.11669921875	0.3	0.0	1	176367	n/a
86.125	0.3	1.0	2	176384	n/a
86.13330078125	0.3	0.0	1	176401	n/a
86.1416015625	0.3	1.0	2	176418	n/a
86.14990234375	0.3	0.0	1	176435	n/a
86.158203125	0.3	1.0	2	176452	n/a
86.16650390625	0.3	0.0	1	176469	n/a
86.1748046875	0.3	1.0	2	176486	n/a
86.18310546875	0.3	0.0	1	176503	n/a
86.19189453125	0.3	1.0	2	176521	n/a
86.2001953125	0.3	0.0	1	176538	n/a
86.20849609375	0.3	1.0	2	176555	n/a
86.216796875	0.3	0.0	1	176572	n/a
86.22509765625	0.3	1.0	2	176589	n/a
86.2333984375	0.3	0.0	1	176606	n/a
86.24169921875	0.3	0.0	1	176623	n/a
86.25	0.3	1.0	2	176640	n/a
86.25830078125	0.3	1.0	2	176657	n/a
86.2666015625	0.3	0.0	1	176674	n/a
86.27490234375	0.3	0.0	1	176691	n/a
86.283203125	0.3	1.0	2	176708	n/a
86.29150390625	0.3	1.0	2	176725	n/a
86.2998046875	0.3	0.0	1	176742	n/a
86.30810546875	0.3	0.0	1	176759	n/a
86.31689453125	0.3	1.0	2	176777	n/a
86.3251953125	0.3	0.0	1	176794	n/a
86.33349609375	0.3	1.0	2	176811	n/a
86.341796875	0.3	0.0	1	176828	n/a
86.35009765625	0.3	1.0	2	176845	n/a
86.3583984375	0.3	0.0	1	176862	n/a
86.36669921875	0.3	1.0	2	176879	n/a
86.375	0.3	1.0	2	176896	n/a
86.38330078125	0.3	0.0	1	176913	n/a
86.3916015625	0.3	1.0	2	176930	n/a
86.39990234375	0.3	0.0	1	176947	n/a
86.408203125	0.3	1.0	2	176964	n/a
86.41650390625	0.3	0.0	1	176981	n/a
86.4248046875	0.3	1.0	2	176998	n/a
86.43310546875	0.3	0.0	1	177015	n/a
86.44189453125	0.3	0.0	1	177033	n/a
86.4501953125	0.3	1.0	2	177050	n/a
86.45849609375	0.3	1.0	2	177067	n/a
86.466796875	0.3	0.0	1	177084	n/a
86.47509765625	0.3	0.0	1	177101	n/a
86.4833984375	0.3	1.0	2	177118	n/a
86.49169921875	0.3	0.0	1	177135	n/a
86.5	0.3	1.0	2	177152	n/a
86.50830078125	0.3	1.0	2	177169	n/a
86.5166015625	0.3	0.0	1	177186	n/a
86.52490234375	0.3	1.0	2	177203	n/a
86.533203125	0.3	0.0	1	177220	n/a
86.54150390625	0.3	1.0	2	177237	n/a
86.5498046875	0.3	0.0	1	177254	n/a
86.55810546875	0.3	1.0	2	177271	n/a
86.56689453125	0.3	0.0	1	177289	n/a
86.5751953125	0.3	1.0	2	177306	n/a
86.58349609375	0.3	0.0	1	177323	n/a
86.591796875	0.3	1.0	2	177340	n/a
86.60009765625	0.3	0.0	1	177357	n/a
86.6083984375	0.3	1.0	2	177374	n/a
86.61669921875	0.3	0.0	1	177391	n/a
86.625	0.3	0.0	1	177408	n/a
86.63330078125	0.3	1.0	2	177425	n/a
86.6416015625	0.3	0.0	1	177442	n/a
86.64990234375	0.3	1.0	2	177459	n/a
86.658203125	0.3	1.0	2	177476	n/a
86.66650390625	0.3	0.0	1	177493	n/a
86.6748046875	0.3	0.0	1	177510	n/a
86.68310546875	0.3	1.0	2	177527	n/a
86.69189453125	0.3	1.0	2	177545	n/a
86.7001953125	0.3	0.0	1	177562	n/a
86.70849609375	0.3	0.0	1	177579	n/a
86.716796875	0.3	1.0	2	177596	n/a
86.72509765625	0.3	0.0	1	177613	n/a
86.7333984375	0.3	1.0	2	177630	n/a
86.74169921875	0.3	1.0	2	177647	n/a
86.75	0.3	0.0	1	177664	n/a
86.75830078125	0.3	0.0	1	177681	n/a
86.7666015625	0.3	1.0	2	177698	n/a
86.77490234375	0.3	1.0	2	177715	n/a
86.783203125	0.3	0.0	1	177732	n/a
86.79150390625	0.3	1.0	2	177749	n/a
86.7998046875	0.3	0.0	1	177766	n/a
86.80810546875	0.3	1.0	2	177783	n/a
86.81689453125	0.3	0.0	1	177801	n/a
86.8251953125	0.3	0.0	1	177818	n/a
86.83349609375	0.3	1.0	2	177835	n/a
86.841796875	0.3	0.0	1	177852	n/a
86.85009765625	0.3	1.0	2	177869	n/a
86.8583984375	0.3	1.0	2	177886	n/a
86.86669921875	0.3	0.0	1	177903	n/a
86.875	0.3	1.0	2	177920	n/a
86.88330078125	0.3	0.0	1	177937	n/a
86.8916015625	0.3	1.0	2	177954	n/a
86.89990234375	0.3	0.0	1	177971	n/a
86.908203125	0.3	1.0	2	177988	n/a
86.91650390625	0.3	0.0	1	178005	n/a
86.9248046875	0.3	1.0	2	178022	n/a
86.93310546875	0.3	0.0	1	178039	n/a
86.94189453125	0.3	0.0	1	178057	n/a
86.9501953125	0.3	1.0	2	178074	n/a
86.95849609375	0.3	1.0	2	178091	n/a
86.966796875	0.3	0.0	1	178108	n/a
86.97509765625	0.3	1.0	2	178125	n/a
86.9833984375	0.3	0.0	1	178142	n/a
86.99169921875	0.3	0.0	1	178159	n/a
87.0	0.3	1.0	2	178176	n/a
87.00830078125	0.3	0.0	1	178193	n/a
87.0166015625	0.3	1.0	2	178210	n/a
87.02490234375	0.3	1.0	2	178227	n/a
87.033203125	0.3	0.0	1	178244	n/a
87.04150390625	0.3	0.0	1	178261	n/a
87.0498046875	0.3	1.0	2	178278	n/a
87.05810546875	0.3	1.0	2	178295	n/a
87.06689453125	0.3	0.0	1	178313	n/a
87.0751953125	0.3	0.0	1	178330	n/a
87.08349609375	0.3	1.0	2	178347	n/a
87.091796875	0.3	1.0	2	178364	n/a
87.10009765625	0.3	0.0	1	178381	n/a
87.1083984375	0.3	0.0	1	178398	n/a
87.11669921875	0.3	1.0	2	178415	n/a
87.125	0.3	1.0	2	178432	n/a
87.13330078125	0.3	0.0	1	178449	n/a
87.1416015625	0.3	0.0	1	178466	n/a
87.14990234375	0.3	1.0	2	178483	n/a
87.158203125	0.3	1.0	2	178500	n/a
87.16650390625	0.3	0.0	1	178517	n/a
87.1748046875	0.3	1.0	2	178534	n/a
87.18310546875	0.3	0.0	1	178551	n/a
87.19189453125	0.3	1.0	2	178569	n/a
87.2001953125	0.3	0.0	1	178586	n/a
87.20849609375	0.3	1.0	2	178603	n/a
87.216796875	0.3	0.0	1	178620	n/a
87.22509765625	0.3	1.0	2	178637	n/a
87.2333984375	0.3	0.0	1	178654	n/a
87.24169921875	0.3	1.0	2	178671	n/a
87.25	0.3	0.0	1	178688	n/a
87.25830078125	0.3	1.0	2	178705	n/a
87.2666015625	0.3	0.0	1	178722	n/a
87.27490234375	0.3	1.0	2	178739	n/a
87.283203125	0.3	0.0	1	178756	n/a
87.29150390625	0.3	0.0	1	178773	n/a
87.2998046875	0.3	1.0	2	178790	n/a
87.30810546875	0.3	1.0	2	178807	n/a
87.31689453125	0.3	0.0	1	178825	n/a
87.3251953125	0.3	0.0	1	178842	n/a
87.33349609375	0.3	1.0	2	178859	n/a
87.341796875	0.3	1.0	2	178876	n/a
87.35009765625	0.3	0.0	1	178893	n/a
87.3583984375	0.3	0.0	1	178910	n/a
87.36669921875	0.3	1.0	2	178927	n/a
87.375	0.3	0.0	1	178944	n/a
87.38330078125	0.3	1.0	2	178961	n/a
87.3916015625	0.3	0.0	1	178978	n/a
87.39990234375	0.3	1.0	2	178995	n/a
87.408203125	0.3	0.0	1	179012	n/a
87.41650390625	0.3	1.0	2	179029	n/a
87.4248046875	0.3	1.0	2	179046	n/a
87.43310546875	0.3	0.0	1	179063	n/a
87.44189453125	0.3	1.0	2	179081	n/a
87.4501953125	0.3	0.0	1	179098	n/a
87.45849609375	0.3	1.0	2	179115	n/a
87.466796875	0.3	0.0	1	179132	n/a
87.47509765625	0.3	1.0	2	179149	n/a
87.4833984375	0.3	0.0	1	179166	n/a
87.49169921875	0.3	0.0	1	179183	n/a
87.5	0.3	1.0	2	179200	n/a
87.50830078125	0.3	1.0	2	179217	n/a
87.5166015625	0.3	0.0	1	179234	n/a
87.52490234375	0.3	0.0	1	179251	n/a
87.533203125	0.3	1.0	2	179268	n/a
87.54150390625	0.3	0.0	1	179285	n/a
87.5498046875	0.3	1.0	2	179302	n/a
87.55810546875	0.3	1.0	2	179319	n/a
87.56689453125	0.3	0.0	1	179337	n/a
87.5751953125	0.3	1.0	2	179354	n/a
87.58349609375	0.3	0.0	1	179371	n/a
87.591796875	0.3	1.0	2	179388	n/a
87.60009765625	0.3	0.0	1	179405	n/a
87.6083984375	0.3	1.0	2	179422	n/a
87.61669921875	0.3	0.0	1	179439	n/a
87.625	0.3	1.0	2	179456	n/a
87.63330078125	0.3	0.0	1	179473	n/a
87.6416015625	0.3	1.0	2	179490	n/a
87.64990234375	0.3	0.0	1	179507	n/a
87.658203125	0.3	1.0	2	179524	n/a
87.66650390625	0.3	0.0	1	179541	n/a
87.6748046875	0.3	0.0	1	179558	n/a
87.68310546875	0.3	1.0	2	179575	n/a
87.69189453125	0.3	0.0	1	179593	n/a
87.7001953125	0.3	1.0	2	179610	n/a
87.70849609375	0.3	1.0	2	179627	n/a
87.716796875	0.3	0.0	1	179644	n/a
87.72509765625	0.3	0.0	1	179661	n/a
87.7333984375	0.3	1.0	2	179678	n/a
87.74169921875	0.3	1.0	2	179695	n/a
87.75	0.3	0.0	1	179712	n/a
87.75830078125	0.3	0.0	1	179729	n/a
87.7666015625	0.3	1.0	2	179746	n/a
87.77490234375	0.3	0.0	1	179763	n/a
87.783203125	0.3	1.0	2	179780	n/a
87.79150390625	0.3	1.0	2	179797	n/a
87.7998046875	0.3	0.0	1	179814	n/a
87.80810546875	0.3	0.0	1	179831	n/a
87.81689453125	0.3	1.0	2	179849	n/a
90.1923828125	0.3	1.0	2	184714	21.0
90.20068359375	0.3	0.0	1	184731	n/a
90.208984375	0.3	0.0	1	184748	n/a
90.21728515625	0.3	1.0	2	184765	n/a
90.2255859375	0.3	0.0	1	184782	n/a
90.23388671875	0.3	1.0	2	184799	n/a
90.2421875	0.3	1.0	2	184816	n/a
90.25048828125	0.3	0.0	1	184833	n/a
90.25927734375	0.3	1.0	2	184851	n/a
90.267578125	0.3	0.0	1	184868	n/a
90.27587890625	0.3	0.0	1	184885	n/a
90.2841796875	0.3	1.0	2	184902	n/a
90.29248046875	0.3	0.0	1	184919	n/a
90.30078125	0.3	1.0	2	184936	n/a
90.30908203125	0.3	1.0	2	184953	n/a
90.3173828125	0.3	0.0	1	184970	n/a
90.32568359375	0.3	1.0	2	184987	n/a
90.333984375	0.3	0.0	1	185004	n/a
90.34228515625	0.3	0.0	1	185021	n/a
90.3505859375	0.3	1.0	2	185038	n/a
90.35888671875	0.3	0.0	1	185055	n/a
90.3671875	0.3	1.0	2	185072	n/a
90.37548828125	0.3	0.0	1	185089	n/a
90.38427734375	0.3	1.0	2	185107	n/a
90.392578125	0.3	1.0	2	185124	n/a
90.40087890625	0.3	0.0	1	185141	n/a
90.4091796875	0.3	1.0	2	185158	n/a
90.41748046875	0.3	0.0	1	185175	n/a
90.42578125	0.3	0.0	1	185192	n/a
90.43408203125	0.3	1.0	2	185209	n/a
90.4423828125	0.3	1.0	2	185226	n/a
90.45068359375	0.3	0.0	1	185243	n/a
90.458984375	0.3	0.0	1	185260	n/a
90.46728515625	0.3	1.0	2	185277	n/a
90.4755859375	0.3	0.0	1	185294	n/a
90.48388671875	0.3	1.0	2	185311	n/a
90.4921875	0.3	1.0	2	185328	n/a
90.50048828125	0.3	0.0	1	185345	n/a
90.50927734375	0.3	1.0	2	185363	n/a
90.517578125	0.3	0.0	1	185380	n/a
90.52587890625	0.3	0.0	1	185397	n/a
90.5341796875	0.3	1.0	2	185414	n/a
90.54248046875	0.3	0.0	1	185431	n/a
90.55078125	0.3	1.0	2	185448	n/a
90.55908203125	0.3	1.0	2	185465	n/a
90.5673828125	0.3	0.0	1	185482	n/a
90.57568359375	0.3	0.0	1	185499	n/a
90.583984375	0.3	1.0	2	185516	n/a
90.59228515625	0.3	0.0	1	185533	n/a
90.6005859375	0.3	1.0	2	185550	n/a
90.60888671875	0.3	1.0	2	185567	n/a
90.6171875	0.3	0.0	1	185584	n/a
90.62548828125	0.3	0.0	1	185601	n/a
90.63427734375	0.3	1.0	2	185619	n/a
90.642578125	0.3	0.0	1	185636	n/a
90.65087890625	0.3	1.0	2	185653	n/a
90.6591796875	0.3	0.0	1	185670	n/a
90.66748046875	0.3	1.0	2	185687	n/a
90.67578125	0.3	1.0	2	185704	n/a
90.68408203125	0.3	0.0	1	185721	n/a
90.6923828125	0.3	0.0	1	185738	n/a
90.70068359375	0.3	1.0	2	185755	n/a
90.708984375	0.3	0.0	1	185772	n/a
90.71728515625	0.3	1.0	2	185789	n/a
90.7255859375	0.3	0.0	1	185806	n/a
90.73388671875	0.3	1.0	2	185823	n/a
90.7421875	0.3	1.0	2	185840	n/a
90.75048828125	0.3	0.0	1	185857	n/a
90.75927734375	0.3	1.0	2	185875	n/a
90.767578125	0.3	0.0	1	185892	n/a
90.77587890625	0.3	1.0	2	185909	n/a
90.7841796875	0.3	0.0	1	185926	n/a
90.79248046875	0.3	0.0	1	185943	n/a
90.80078125	0.3	1.0	2	185960	n/a
90.80908203125	0.3	0.0	1	185977	n/a
90.8173828125	0.3	1.0	2	185994	n/a
90.82568359375	0.3	1.0	2	186011	n/a
90.833984375	0.3	0.0	1	186028	n/a
90.84228515625	0.3	0.0	1	186045	n/a
90.8505859375	0.3	1.0	2	186062	n/a
90.85888671875	0.3	1.0	2	186079	n/a
90.8671875	0.3	0.0	1	186096	n/a
90.87548828125	0.3	0.0	1	186113	n/a
90.88427734375	0.3	1.0	2	186131	n/a
90.892578125	0.3	0.0	1	186148	n/a
90.90087890625	0.3	1.0	2	186165	n/a
90.9091796875	0.3	0.0	1	186182	n/a
90.91748046875	0.3	1.0	2	186199	n/a
90.92578125	0.3	1.0	2	186216	n/a
90.93408203125	0.3	0.0	1	186233	n/a
90.9423828125	0.3	0.0	1	186250	n/a
90.95068359375	0.3	1.0	2	186267	n/a
90.958984375	0.3	1.0	2	186284	n/a
90.96728515625	0.3	0.0	1	186301	n/a
90.9755859375	0.3	1.0	2	186318	n/a
90.98388671875	0.3	0.0	1	186335	n/a
90.9921875	0.3	1.0	2	186352	n/a
91.00048828125	0.3	0.0	1	186369	n/a
91.00927734375	0.3	0.0	1	186387	n/a
91.017578125	0.3	1.0	2	186404	n/a
91.02587890625	0.3	1.0	2	186421	n/a
91.0341796875	0.3	0.0	1	186438	n/a
91.04248046875	0.3	1.0	2	186455	n/a
91.05078125	0.3	0.0	1	186472	n/a
91.05908203125	0.3	1.0	2	186489	n/a
91.0673828125	0.3	0.0	1	186506	n/a
91.07568359375	0.3	1.0	2	186523	n/a
91.083984375	0.3	0.0	1	186540	n/a
91.09228515625	0.3	1.0	2	186557	n/a
91.1005859375	0.3	0.0	1	186574	n/a
91.10888671875	0.3	1.0	2	186591	n/a
91.1171875	0.3	0.0	1	186608	n/a
91.12548828125	0.3	0.0	1	186625	n/a
91.13427734375	0.3	1.0	2	186643	n/a
91.142578125	0.3	0.0	1	186660	n/a
91.15087890625	0.3	1.0	2	186677	n/a
91.1591796875	0.3	1.0	2	186694	n/a
91.16748046875	0.3	0.0	1	186711	n/a
91.17578125	0.3	0.0	1	186728	n/a
91.18408203125	0.3	1.0	2	186745	n/a
91.1923828125	0.3	0.0	1	186762	n/a
91.20068359375	0.3	1.0	2	186779	n/a
91.208984375	0.3	1.0	2	186796	n/a
91.21728515625	0.3	0.0	1	186813	n/a
91.2255859375	0.3	1.0	2	186830	n/a
91.23388671875	0.3	0.0	1	186847	n/a
91.2421875	0.3	1.0	2	186864	n/a
91.25048828125	0.3	0.0	1	186881	n/a
91.25927734375	0.3	0.0	1	186899	n/a
91.267578125	0.3	1.0	2	186916	n/a
91.27587890625	0.3	0.0	1	186933	n/a
91.2841796875	0.3	1.0	2	186950	n/a
91.29248046875	0.3	1.0	2	186967	n/a
91.30078125	0.3	0.0	1	186984	n/a
91.30908203125	0.3	1.0	2	187001	n/a
91.3173828125	0.3	0.0	1	187018	n/a
91.32568359375	0.3	0.0	1	187035	n/a
91.333984375	0.3	1.0	2	187052	n/a
91.34228515625	0.3	0.0	1	187069	n/a
91.3505859375	0.3	1.0	2	187086	n/a
91.35888671875	0.3	1.0	2	187103	n/a
91.3671875	0.3	0.0	1	187120	n/a
91.37548828125	0.3	1.0	2	187137	n/a
91.38427734375	0.3	0.0	1	187155	n/a
91.392578125	0.3	0.0	1	187172	n/a
91.40087890625	0.3	1.0	2	187189	n/a
91.4091796875	0.3	0.0	1	187206	n/a
91.41748046875	0.3	1.0	2	187223	n/a
91.42578125	0.3	0.0	1	187240	n/a
91.43408203125	0.3	1.0	2	187257	n/a
91.4423828125	0.3	1.0	2	187274	n/a
91.45068359375	0.3	0.0	1	187291	n/a
91.458984375	0.3	1.0	2	187308	n/a
91.46728515625	0.3	0.0	1	187325	n/a
91.4755859375	0.3	0.0	1	187342	n/a
91.48388671875	0.3	1.0	2	187359	n/a
91.4921875	0.3	1.0	2	187376	n/a
91.50048828125	0.3	0.0	1	187393	n/a
91.50927734375	0.3	0.0	1	187411	n/a
91.517578125	0.3	1.0	2	187428	n/a
91.52587890625	0.3	0.0	1	187445	n/a
91.5341796875	0.3	1.0	2	187462	n/a
91.54248046875	0.3	1.0	2	187479	n/a
91.55078125	0.3	0.0	1	187496	n/a
91.55908203125	0.3	1.0	2	187513	n/a
91.5673828125	0.3	0.0	1	187530	n/a
91.57568359375	0.3	0.0	1	187547	n/a
91.583984375	0.3	1.0	2	187564	n/a
91.59228515625	0.3	0.0	1	187581	n/a
91.6005859375	0.3	1.0	2	187598	n/a
91.60888671875	0.3	1.0	2	187615	n/a
91.6171875	0.3	0.0	1	187632	n/a
91.62548828125	0.3	0.0	1	187649	n/a
91.63427734375	0.3	1.0	2	187667	n/a
91.642578125	0.3	0.0	1	187684	n/a
91.65087890625	0.3	1.0	2	187701	n/a
91.6591796875	0.3	1.0	2	187718	n/a
91.66748046875	0.3	0.0	1	187735	n/a
91.67578125	0.3	0.0	1	187752	n/a
91.68408203125	0.3	1.0	2	187769	n/a
91.6923828125	0.3	0.0	1	187786	n/a
91.70068359375	0.3	1.0	2	187803	n/a
91.708984375	0.3	0.0	1	187820	n/a
91.71728515625	0.3	1.0	2	187837	n/a
91.7255859375	0.3	1.0	2	187854	n/a
91.73388671875	0.3	0.0	1	187871	n/a
91.7421875	0.3	0.0	1	187888	n/a
91.75048828125	0.3	1.0	2	187905	n/a
91.75927734375	0.3	0.0	1	187923	n/a
91.767578125	0.3	1.0	2	187940	n/a
91.77587890625	0.3	0.0	1	187957	n/a
91.7841796875	0.3	1.0	2	187974	n/a
91.79248046875	0.3	1.0	2	187991	n/a
91.80078125	0.3	0.0	1	188008	n/a
91.80908203125	0.3	1.0	2	188025	n/a
91.8173828125	0.3	0.0	1	188042	n/a
91.82568359375	0.3	1.0	2	188059	n/a
91.833984375	0.3	0.0	1	188076	n/a
91.84228515625	0.3	0.0	1	188093	n/a
91.8505859375	0.3	1.0	2	188110	n/a
91.85888671875	0.3	0.0	1	188127	n/a
91.8671875	0.3	1.0	2	188144	n/a
91.87548828125	0.3	1.0	2	188161	n/a
91.88427734375	0.3	0.0	1	188179	n/a
91.892578125	0.3	0.0	1	188196	n/a
91.90087890625	0.3	1.0	2	188213	n/a
91.9091796875	0.3	1.0	2	188230	n/a
91.91748046875	0.3	0.0	1	188247	n/a
91.92578125	0.3	0.0	1	188264	n/a
91.93408203125	0.3	1.0	2	188281	n/a
91.9423828125	0.3	0.0	1	188298	n/a
91.95068359375	0.3	1.0	2	188315	n/a
91.958984375	0.3	0.0	1	188332	n/a
91.96728515625	0.3	1.0	2	188349	n/a
91.9755859375	0.3	1.0	2	188366	n/a
91.98388671875	0.3	0.0	1	188383	n/a
91.9921875	0.3	0.0	1	188400	n/a
92.00048828125	0.3	1.0	2	188417	n/a
92.00927734375	0.3	1.0	2	188435	n/a
92.017578125	0.3	0.0	1	188452	n/a
92.02587890625	0.3	1.0	2	188469	n/a
92.0341796875	0.3	0.0	1	188486	n/a
92.04248046875	0.3	1.0	2	188503	n/a
92.05078125	0.3	0.0	1	188520	n/a
92.05908203125	0.3	0.0	1	188537	n/a
92.0673828125	0.3	1.0	2	188554	n/a
92.07568359375	0.3	1.0	2	188571	n/a
92.083984375	0.3	0.0	1	188588	n/a
92.09228515625	0.3	1.0	2	188605	n/a
92.1005859375	0.3	0.0	1	188622	n/a
92.10888671875	0.3	1.0	2	188639	n/a
92.1171875	0.3	0.0	1	188656	n/a
92.12548828125	0.3	1.0	2	188673	n/a
92.13427734375	0.3	0.0	1	188691	n/a
92.142578125	0.3	1.0	2	188708	n/a
92.15087890625	0.3	0.0	1	188725	n/a
92.1591796875	0.3	1.0	2	188742	n/a
92.16748046875	0.3	0.0	1	188759	n/a
92.17578125	0.3	0.0	1	188776	n/a
92.18408203125	0.3	1.0	2	188793	n/a
92.1923828125	0.3	0.0	1	188810	n/a
92.20068359375	0.3	1.0	2	188827	n/a
92.208984375	0.3	1.0	2	188844	n/a
92.21728515625	0.3	0.0	1	188861	n/a
92.2255859375	0.3	0.0	1	188878	n/a
92.23388671875	0.3	1.0	2	188895	n/a
92.2421875	0.3	0.0	1	188912	n/a
92.25048828125	0.3	1.0	2	188929	n/a
92.25927734375	0.3	1.0	2	188947	n/a
92.267578125	0.3	0.0	1	188964	n/a
92.27587890625	0.3	1.0	2	188981	n/a
92.2841796875	0.3	0.0	1	188998	n/a
92.29248046875	0.3	1.0	2	189015	n/a
92.30078125	0.3	0.0	1	189032	n/a
92.30908203125	0.3	0.0	1	189049	n/a
92.3173828125	0.3	1.0	2	189066	n/a
92.32568359375	0.3	0.0	1	189083	n/a
92.333984375	0.3	1.0	2	189100	n/a
92.34228515625	0.3	1.0	2	189117	n/a
92.3505859375	0.3	0.0	1	189134	n/a
92.35888671875	0.3	1.0	2	189151	n/a
92.3671875	0.3	0.0	1	189168	n/a
92.37548828125	0.3	0.0	1	189185	n/a
92.38427734375	0.3	1.0	2	189203	n/a
92.392578125	0.3	0.0	1	189220	n/a
92.40087890625	0.3	1.0	2	189237	n/a
92.4091796875	0.3	1.0	2	189254	n/a
92.41748046875	0.3	0.0	1	189271	n/a
92.42578125	0.3	1.0	2	189288	n/a
92.43408203125	0.3	0.0	1	189305	n/a
92.4423828125	0.3	0.0	1	189322	n/a
92.45068359375	0.3	1.0	2	189339	n/a
92.458984375	0.3	0.0	1	189356	n/a
92.46728515625	0.3	1.0	2	189373	n/a
92.4755859375	0.3	0.0	1	189390	n/a
92.48388671875	0.3	1.0	2	189407	n/a
92.4921875	0.3	1.0	2	189424	n/a
92.50048828125	0.3	0.0	1	189441	n/a
92.50927734375	0.3	1.0	2	189459	n/a
92.517578125	0.3	0.0	1	189476	n/a
92.52587890625	0.3	0.0	1	189493	n/a
92.5341796875	0.3	1.0	2	189510	n/a
92.54248046875	0.3	1.0	2	189527	n/a
92.55078125	0.3	0.0	1	189544	n/a
92.55908203125	0.3	0.0	1	189561	n/a
92.5673828125	0.3	1.0	2	189578	n/a
92.57568359375	0.3	0.0	1	189595	n/a
92.583984375	0.3	1.0	2	189612	n/a
92.59228515625	0.3	1.0	2	189629	n/a
92.6005859375	0.3	0.0	1	189646	n/a
92.60888671875	0.3	1.0	2	189663	n/a
92.6171875	0.3	0.0	1	189680	n/a
92.62548828125	0.3	0.0	1	189697	n/a
92.63427734375	0.3	1.0	2	189715	n/a
92.642578125	0.3	0.0	1	189732	n/a
92.65087890625	0.3	1.0	2	189749	n/a
92.6591796875	0.3	1.0	2	189766	n/a
92.66748046875	0.3	0.0	1	189783	n/a
92.67578125	0.3	0.0	1	189800	n/a
92.68408203125	0.3	1.0	2	189817	n/a
92.6923828125	0.3	0.0	1	189834	n/a
92.70068359375	0.3	1.0	2	189851	n/a
92.708984375	0.3	1.0	2	189868	n/a
92.71728515625	0.3	0.0	1	189885	n/a
92.7255859375	0.3	0.0	1	189902	n/a
92.73388671875	0.3	1.0	2	189919	n/a
92.7421875	0.3	0.0	1	189936	n/a
92.75048828125	0.3	1.0	2	189953	n/a
92.75927734375	0.3	0.0	1	189971	n/a
92.767578125	0.3	1.0	2	189988	n/a
92.77587890625	0.3	1.0	2	190005	n/a
92.7841796875	0.3	0.0	1	190022	n/a
92.79248046875	0.3	0.0	1	190039	n/a
92.80078125	0.3	1.0	2	190056	n/a
92.80908203125	0.3	0.0	1	190073	n/a
92.8173828125	0.3	1.0	2	190090	n/a
92.82568359375	0.3	0.0	1	190107	n/a
92.833984375	0.3	1.0	2	190124	n/a
92.84228515625	0.3	1.0	2	190141	n/a
92.8505859375	0.3	0.0	1	190158	n/a
92.85888671875	0.3	1.0	2	190175	n/a
92.8671875	0.3	0.0	1	190192	n/a
92.87548828125	0.3	1.0	2	190209	n/a
92.88427734375	0.3	0.0	1	190227	n/a
92.892578125	0.3	0.0	1	190244	n/a
92.90087890625	0.3	1.0	2	190261	n/a
92.9091796875	0.3	0.0	1	190278	n/a
92.91748046875	0.3	1.0	2	190295	n/a
92.92578125	0.3	1.0	2	190312	n/a
92.93408203125	0.3	0.0	1	190329	n/a
92.9423828125	0.3	0.0	1	190346	n/a
92.95068359375	0.3	1.0	2	190363	n/a
92.958984375	0.3	1.0	2	190380	n/a
92.96728515625	0.3	0.0	1	190397	n/a
92.9755859375	0.3	0.0	1	190414	n/a
92.98388671875	0.3	1.0	2	190431	n/a
92.9921875	0.3	0.0	1	190448	n/a
93.00048828125	0.3	1.0	2	190465	n/a
93.00927734375	0.3	0.0	1	190483	n/a
93.017578125	0.3	1.0	2	190500	n/a
93.02587890625	0.3	1.0	2	190517	n/a
93.0341796875	0.3	0.0	1	190534	n/a
93.04248046875	0.3	0.0	1	190551	n/a
93.05078125	0.3	1.0	2	190568	n/a
93.05908203125	0.3	1.0	2	190585	n/a
93.0673828125	0.3	0.0	1	190602	n/a
93.07568359375	0.3	1.0	2	190619	n/a
93.083984375	0.3	0.0	1	190636	n/a
93.09228515625	0.3	1.0	2	190653	n/a
93.1005859375	0.3	0.0	1	190670	n/a
93.10888671875	0.3	0.0	1	190687	n/a
93.1171875	0.3	1.0	2	190704	n/a
93.12548828125	0.3	1.0	2	190721	n/a
93.13427734375	0.3	0.0	1	190739	n/a
93.142578125	0.3	1.0	2	190756	n/a
93.15087890625	0.3	0.0	1	190773	n/a
93.1591796875	0.3	1.0	2	190790	n/a
93.16748046875	0.3	0.0	1	190807	n/a
93.17578125	0.3	1.0	2	190824	n/a
93.18408203125	0.3	0.0	1	190841	n/a
93.1923828125	0.3	1.0	2	190858	n/a
93.20068359375	0.3	0.0	1	190875	n/a
93.208984375	0.3	1.0	2	190892	n/a
93.21728515625	0.3	0.0	1	190909	n/a
93.2255859375	0.3	0.0	1	190926	n/a
93.23388671875	0.3	1.0	2	190943	n/a
93.2421875	0.3	0.0	1	190960	n/a
93.25048828125	0.3	1.0	2	190977	n/a
93.25927734375	0.3	1.0	2	190995	n/a
93.267578125	0.3	0.0	1	191012	n/a
93.27587890625	0.3	0.0	1	191029	n/a
93.2841796875	0.3	1.0	2	191046	n/a
93.29248046875	0.3	0.0	1	191063	n/a
93.30078125	0.3	1.0	2	191080	n/a
93.30908203125	0.3	1.0	2	191097	n/a
93.3173828125	0.3	0.0	1	191114	n/a
93.32568359375	0.3	1.0	2	191131	n/a
93.333984375	0.3	0.0	1	191148	n/a
93.34228515625	0.3	1.0	2	191165	n/a
93.3505859375	0.3	0.0	1	191182	n/a
93.35888671875	0.3	0.0	1	191199	n/a
93.3671875	0.3	1.0	2	191216	n/a
93.37548828125	0.3	0.0	1	191233	n/a
93.38427734375	0.3	1.0	2	191251	n/a
93.392578125	0.3	1.0	2	191268	n/a
93.40087890625	0.3	0.0	1	191285	n/a
93.4091796875	0.3	1.0	2	191302	n/a
93.41748046875	0.3	0.0	1	191319	n/a
93.42578125	0.3	0.0	1	191336	n/a
93.43408203125	0.3	1.0	2	191353	n/a
93.4423828125	0.3	0.0	1	191370	n/a
93.45068359375	0.3	1.0	2	191387	n/a
93.458984375	0.3	1.0	2	191404	n/a
93.46728515625	0.3	0.0	1	191421	n/a
93.4755859375	0.3	1.0	2	191438	n/a
93.48388671875	0.3	0.0	1	191455	n/a
93.4921875	0.3	0.0	1	191472	n/a
93.50048828125	0.3	1.0	2	191489	n/a
93.50927734375	0.3	0.0	1	191507	n/a
93.517578125	0.3	1.0	2	191524	n/a
93.52587890625	0.3	0.0	1	191541	n/a
93.5341796875	0.3	1.0	2	191558	n/a
93.54248046875	0.3	1.0	2	191575	n/a
93.55078125	0.3	0.0	1	191592	n/a
93.55908203125	0.3	1.0	2	191609	n/a
93.5673828125	0.3	0.0	1	191626	n/a
93.57568359375	0.3	0.0	1	191643	n/a
93.583984375	0.3	1.0	2	191660	n/a
93.59228515625	0.3	1.0	2	191677	n/a
93.6005859375	0.3	0.0	1	191694	n/a
93.60888671875	0.3	0.0	1	191711	n/a
93.6171875	0.3	1.0	2	191728	n/a
93.62548828125	0.3	0.0	1	191745	n/a
93.63427734375	0.3	1.0	2	191763	n/a
93.642578125	0.3	1.0	2	191780	n/a
93.65087890625	0.3	0.0	1	191797	n/a
93.6591796875	0.3	1.0	2	191814	n/a
93.66748046875	0.3	0.0	1	191831	n/a
93.67578125	0.3	0.0	1	191848	n/a
93.68408203125	0.3	1.0	2	191865	n/a
93.6923828125	0.3	0.0	1	191882	n/a
93.70068359375	0.3	1.0	2	191899	n/a
93.708984375	0.3	1.0	2	191916	n/a
93.71728515625	0.3	0.0	1	191933	n/a
93.7255859375	0.3	0.0	1	191950	n/a
93.73388671875	0.3	1.0	2	191967	n/a
93.7421875	0.3	0.0	1	191984	n/a
93.75048828125	0.3	1.0	2	192001	n/a
93.75927734375	0.3	1.0	2	192019	n/a
93.767578125	0.3	0.0	1	192036	n/a
93.77587890625	0.3	0.0	1	192053	n/a
93.7841796875	0.3	1.0	2	192070	n/a
93.79248046875	0.3	0.0	1	192087	n/a
93.80078125	0.3	1.0	2	192104	n/a
93.80908203125	0.3	0.0	1	192121	n/a
93.8173828125	0.3	1.0	2	192138	n/a
93.82568359375	0.3	1.0	2	192155	n/a
93.833984375	0.3	0.0	1	192172	n/a
93.84228515625	0.3	0.0	1	192189	n/a
93.8505859375	0.3	1.0	2	192206	n/a
93.85888671875	0.3	0.0	1	192223	n/a
93.8671875	0.3	1.0	2	192240	n/a
93.87548828125	0.3	0.0	1	192257	n/a
93.88427734375	0.3	1.0	2	192275	n/a
93.892578125	0.3	1.0	2	192292	n/a
93.90087890625	0.3	0.0	1	192309	n/a
93.9091796875	0.3	1.0	2	192326	n/a
93.91748046875	0.3	0.0	1	192343	n/a
93.92578125	0.3	1.0	2	192360	n/a
93.93408203125	0.3	0.0	1	192377	n/a
93.9423828125	0.3	0.0	1	192394	n/a
93.95068359375	0.3	1.0	2	192411	n/a
93.958984375	0.3	0.0	1	192428	n/a
93.96728515625	0.3	1.0	2	192445	n/a
93.9755859375	0.3	1.0	2	192462	n/a
93.98388671875	0.3	0.0	1	192479	n/a
93.9921875	0.3	0.0	1	192496	n/a
94.00048828125	0.3	1.0	2	192513	n/a
94.00927734375	0.3	1.0	2	192531	n/a
94.017578125	0.3	0.0	1	192548	n/a
94.02587890625	0.3	0.0	1	192565	n/a
94.0341796875	0.3	1.0	2	192582	n/a
94.04248046875	0.3	0.0	1	192599	n/a
94.05078125	0.3	1.0	2	192616	n/a
94.05908203125	0.3	0.0	1	192633	n/a
94.0673828125	0.3	1.0	2	192650	n/a
94.07568359375	0.3	1.0	2	192667	n/a
94.083984375	0.3	0.0	1	192684	n/a
94.09228515625	0.3	0.0	1	192701	n/a
94.1005859375	0.3	1.0	2	192718	n/a
94.10888671875	0.3	1.0	2	192735	n/a
94.1171875	0.3	0.0	1	192752	n/a
94.12548828125	0.3	1.0	2	192769	n/a
94.13427734375	0.3	0.0	1	192787	n/a
94.142578125	0.3	1.0	2	192804	n/a
94.15087890625	0.3	0.0	1	192821	n/a
94.1591796875	0.3	0.0	1	192838	n/a
94.16748046875	0.3	1.0	2	192855	n/a
94.17578125	0.3	1.0	2	192872	n/a
94.18408203125	0.3	0.0	1	192889	n/a
94.1923828125	0.3	1.0	2	192906	n/a
94.20068359375	0.3	0.0	1	192923	n/a
94.208984375	0.3	1.0	2	192940	n/a
94.21728515625	0.3	0.0	1	192957	n/a
94.2255859375	0.3	1.0	2	192974	n/a
94.23388671875	0.3	0.0	1	192991	n/a
94.2421875	0.3	1.0	2	193008	n/a
94.25048828125	0.3	0.0	1	193025	n/a
94.25927734375	0.3	1.0	2	193043	n/a
94.267578125	0.3	0.0	1	193060	n/a
94.27587890625	0.3	0.0	1	193077	n/a
94.2841796875	0.3	1.0	2	193094	n/a
94.29248046875	0.3	0.0	1	193111	n/a
94.30078125	0.3	1.0	2	193128	n/a
94.30908203125	0.3	1.0	2	193145	n/a
94.3173828125	0.3	0.0	1	193162	n/a
94.32568359375	0.3	0.0	1	193179	n/a
94.333984375	0.3	1.0	2	193196	n/a
94.34228515625	0.3	0.0	1	193213	n/a
94.3505859375	0.3	1.0	2	193230	n/a
94.35888671875	0.3	1.0	2	193247	n/a
94.3671875	0.3	0.0	1	193264	n/a
94.37548828125	0.3	1.0	2	193281	n/a
94.38427734375	0.3	0.0	1	193299	n/a
96.7763671875	0.3	0.0	1	198198	28.0
96.78466796875	0.3	1.0	2	198215	n/a
96.79296875	0.3	1.0	2	198232	n/a
96.80126953125	0.3	0.0	1	198249	n/a
96.8095703125	0.3	0.0	1	198266	n/a
96.81787109375	0.3	1.0	2	198283	n/a
96.826171875	0.3	1.0	2	198300	n/a
96.83447265625	0.3	0.0	1	198317	n/a
96.84326171875	0.3	0.0	1	198335	n/a
96.8515625	0.3	1.0	2	198352	n/a
96.85986328125	0.3	1.0	2	198369	n/a
96.8681640625	0.3	0.0	1	198386	n/a
96.87646484375	0.3	1.0	2	198403	n/a
96.884765625	0.3	0.0	1	198420	n/a
96.89306640625	0.3	0.0	1	198437	n/a
96.9013671875	0.3	1.0	2	198454	n/a
96.90966796875	0.3	1.0	2	198471	n/a
96.91796875	0.3	0.0	1	198488	n/a
96.92626953125	0.3	1.0	2	198505	n/a
96.9345703125	0.3	0.0	1	198522	n/a
96.94287109375	0.3	1.0	2	198539	n/a
96.951171875	0.3	0.0	1	198556	n/a
96.95947265625	0.3	1.0	2	198573	n/a
96.96826171875	0.3	0.0	1	198591	n/a
96.9765625	0.3	1.0	2	198608	n/a
96.98486328125	0.3	0.0	1	198625	n/a
96.9931640625	0.3	0.0	1	198642	n/a
97.00146484375	0.3	1.0	2	198659	n/a
97.009765625	0.3	0.0	1	198676	n/a
97.01806640625	0.3	1.0	2	198693	n/a
97.0263671875	0.3	0.0	1	198710	n/a
97.03466796875	0.3	1.0	2	198727	n/a
97.04296875	0.3	1.0	2	198744	n/a
97.05126953125	0.3	0.0	1	198761	n/a
97.0595703125	0.3	0.0	1	198778	n/a
97.06787109375	0.3	1.0	2	198795	n/a
97.076171875	0.3	0.0	1	198812	n/a
97.08447265625	0.3	1.0	2	198829	n/a
97.09326171875	0.3	1.0	2	198847	n/a
97.1015625	0.3	0.0	1	198864	n/a
97.10986328125	0.3	0.0	1	198881	n/a
97.1181640625	0.3	1.0	2	198898	n/a
97.12646484375	0.3	1.0	2	198915	n/a
97.134765625	0.3	0.0	1	198932	n/a
97.14306640625	0.3	0.0	1	198949	n/a
97.1513671875	0.3	1.0	2	198966	n/a
97.15966796875	0.3	0.0	1	198983	n/a
97.16796875	0.3	1.0	2	199000	n/a
97.17626953125	0.3	1.0	2	199017	n/a
97.1845703125	0.3	0.0	1	199034	n/a
97.19287109375	0.3	0.0	1	199051	n/a
97.201171875	0.3	1.0	2	199068	n/a
97.20947265625	0.3	0.0	1	199085	n/a
97.21826171875	0.3	1.0	2	199103	n/a
97.2265625	0.3	0.0	1	199120	n/a
97.23486328125	0.3	1.0	2	199137	n/a
97.2431640625	0.3	0.0	1	199154	n/a
97.25146484375	0.3	1.0	2	199171	n/a
97.259765625	0.3	0.0	1	199188	n/a
97.26806640625	0.3	1.0	2	199205	n/a
97.2763671875	0.3	0.0	1	199222	n/a
97.28466796875	0.3	1.0	2	199239	n/a
97.29296875	0.3	0.0	1	199256	n/a
97.30126953125	0.3	1.0	2	199273	n/a
97.3095703125	0.3	1.0	2	199290	n/a
97.31787109375	0.3	0.0	1	199307	n/a
97.326171875	0.3	1.0	2	199324	n/a
97.33447265625	0.3	0.0	1	199341	n/a
97.34326171875	0.3	1.0	2	199359	n/a
97.3515625	0.3	0.0	1	199376	n/a
97.35986328125	0.3	1.0	2	199393	n/a
97.3681640625	0.3	0.0	1	199410	n/a
97.37646484375	0.3	0.0	1	199427	n/a
97.384765625	0.3	1.0	2	199444	n/a
97.39306640625	0.3	1.0	2	199461	n/a
97.4013671875	0.3	0.0	1	199478	n/a
97.40966796875	0.3	0.0	1	199495	n/a
97.41796875	0.3	1.0	2	199512	n/a
97.42626953125	0.3	1.0	2	199529	n/a
97.4345703125	0.3	0.0	1	199546	n/a
97.44287109375	0.3	1.0	2	199563	n/a
97.451171875	0.3	0.0	1	199580	n/a
97.45947265625	0.3	0.0	1	199597	n/a
97.46826171875	0.3	1.0	2	199615	n/a
97.4765625	0.3	0.0	1	199632	n/a
97.48486328125	0.3	1.0	2	199649	n/a
97.4931640625	0.3	0.0	1	199666	n/a
97.50146484375	0.3	1.0	2	199683	n/a
97.509765625	0.3	1.0	2	199700	n/a
97.51806640625	0.3	0.0	1	199717	n/a
97.5263671875	0.3	1.0	2	199734	n/a
97.53466796875	0.3	0.0	1	199751	n/a
97.54296875	0.3	1.0	2	199768	n/a
97.55126953125	0.3	0.0	1	199785	n/a
97.5595703125	0.3	0.0	1	199802	n/a
97.56787109375	0.3	1.0	2	199819	n/a
97.576171875	0.3	0.0	1	199836	n/a
97.58447265625	0.3	1.0	2	199853	n/a
97.59326171875	0.3	1.0	2	199871	n/a
97.6015625	0.3	0.0	1	199888	n/a
97.60986328125	0.3	0.0	1	199905	n/a
97.6181640625	0.3	1.0	2	199922	n/a
97.62646484375	0.3	0.0	1	199939	n/a
97.634765625	0.3	1.0	2	199956	n/a
97.64306640625	0.3	0.0	1	199973	n/a
97.6513671875	0.3	1.0	2	199990	n/a
97.65966796875	0.3	1.0	2	200007	n/a
97.66796875	0.3	0.0	1	200024	n/a
97.67626953125	0.3	1.0	2	200041	n/a
97.6845703125	0.3	0.0	1	200058	n/a
97.69287109375	0.3	0.0	1	200075	n/a
97.701171875	0.3	1.0	2	200092	n/a
97.70947265625	0.3	0.0	1	200109	n/a
97.71826171875	0.3	1.0	2	200127	n/a
97.7265625	0.3	1.0	2	200144	n/a
97.73486328125	0.3	0.0	1	200161	n/a
97.7431640625	0.3	1.0	2	200178	n/a
97.75146484375	0.3	0.0	1	200195	n/a
97.759765625	0.3	1.0	2	200212	n/a
97.76806640625	0.3	0.0	1	200229	n/a
97.7763671875	0.3	0.0	1	200246	n/a
97.78466796875	0.3	1.0	2	200263	n/a
97.79296875	0.3	1.0	2	200280	n/a
97.80126953125	0.3	0.0	1	200297	n/a
97.8095703125	0.3	1.0	2	200314	n/a
97.81787109375	0.3	0.0	1	200331	n/a
97.826171875	0.3	0.0	1	200348	n/a
97.83447265625	0.3	1.0	2	200365	n/a
97.84326171875	0.3	1.0	2	200383	n/a
97.8515625	0.3	0.0	1	200400	n/a
97.85986328125	0.3	0.0	1	200417	n/a
97.8681640625	0.3	1.0	2	200434	n/a
97.87646484375	0.3	1.0	2	200451	n/a
97.884765625	0.3	0.0	1	200468	n/a
97.89306640625	0.3	0.0	1	200485	n/a
97.9013671875	0.3	1.0	2	200502	n/a
97.90966796875	0.3	1.0	2	200519	n/a
97.91796875	0.3	0.0	1	200536	n/a
97.92626953125	0.3	1.0	2	200553	n/a
97.9345703125	0.3	0.0	1	200570	n/a
97.94287109375	0.3	0.0	1	200587	n/a
97.951171875	0.3	1.0	2	200604	n/a
97.95947265625	0.3	1.0	2	200621	n/a
97.96826171875	0.3	0.0	1	200639	n/a
97.9765625	0.3	1.0	2	200656	n/a
97.98486328125	0.3	0.0	1	200673	n/a
97.9931640625	0.3	1.0	2	200690	n/a
98.00146484375	0.3	0.0	1	200707	n/a
98.009765625	0.3	1.0	2	200724	n/a
98.01806640625	0.3	0.0	1	200741	n/a
98.0263671875	0.3	1.0	2	200758	n/a
98.03466796875	0.3	0.0	1	200775	n/a
98.04296875	0.3	0.0	1	200792	n/a
98.05126953125	0.3	1.0	2	200809	n/a
98.0595703125	0.3	0.0	1	200826	n/a
98.06787109375	0.3	1.0	2	200843	n/a
98.076171875	0.3	0.0	1	200860	n/a
98.08447265625	0.3	1.0	2	200877	n/a
98.09326171875	0.3	1.0	2	200895	n/a
98.1015625	0.3	0.0	1	200912	n/a
98.10986328125	0.3	0.0	1	200929	n/a
98.1181640625	0.3	1.0	2	200946	n/a
98.12646484375	0.3	0.0	1	200963	n/a
98.134765625	0.3	1.0	2	200980	n/a
98.14306640625	0.3	1.0	2	200997	n/a
98.1513671875	0.3	0.0	1	201014	n/a
98.15966796875	0.3	0.0	1	201031	n/a
98.16796875	0.3	1.0	2	201048	n/a
98.17626953125	0.3	1.0	2	201065	n/a
98.1845703125	0.3	0.0	1	201082	n/a
98.19287109375	0.3	0.0	1	201099	n/a
98.201171875	0.3	1.0	2	201116	n/a
98.20947265625	0.3	0.0	1	201133	n/a
98.21826171875	0.3	1.0	2	201151	n/a
98.2265625	0.3	1.0	2	201168	n/a
98.23486328125	0.3	0.0	1	201185	n/a
98.2431640625	0.3	0.0	1	201202	n/a
98.25146484375	0.3	1.0	2	201219	n/a
98.259765625	0.3	0.0	1	201236	n/a
98.26806640625	0.3	1.0	2	201253	n/a
98.2763671875	0.3	0.0	1	201270	n/a
98.28466796875	0.3	1.0	2	201287	n/a
98.29296875	0.3	0.0	1	201304	n/a
98.30126953125	0.3	1.0	2	201321	n/a
98.3095703125	0.3	0.0	1	201338	n/a
98.31787109375	0.3	1.0	2	201355	n/a
98.326171875	0.3	0.0	1	201372	n/a
98.33447265625	0.3	1.0	2	201389	n/a
98.34326171875	0.3	0.0	1	201407	n/a
98.3515625	0.3	1.0	2	201424	n/a
98.35986328125	0.3	1.0	2	201441	n/a
98.3681640625	0.3	0.0	1	201458	n/a
98.37646484375	0.3	1.0	2	201475	n/a
98.384765625	0.3	0.0	1	201492	n/a
98.39306640625	0.3	1.0	2	201509	n/a
98.4013671875	0.3	0.0	1	201526	n/a
98.40966796875	0.3	1.0	2	201543	n/a
98.41796875	0.3	0.0	1	201560	n/a
98.42626953125	0.3	0.0	1	201577	n/a
98.4345703125	0.3	1.0	2	201594	n/a
98.44287109375	0.3	1.0	2	201611	n/a
98.451171875	0.3	0.0	1	201628	n/a
98.45947265625	0.3	0.0	1	201645	n/a
98.46826171875	0.3	1.0	2	201663	n/a
98.4765625	0.3	1.0	2	201680	n/a
98.48486328125	0.3	0.0	1	201697	n/a
98.4931640625	0.3	1.0	2	201714	n/a
98.50146484375	0.3	0.0	1	201731	n/a
98.509765625	0.3	0.0	1	201748	n/a
98.51806640625	0.3	1.0	2	201765	n/a
98.5263671875	0.3	0.0	1	201782	n/a
98.53466796875	0.3	1.0	2	201799	n/a
98.54296875	0.3	0.0	1	201816	n/a
98.55126953125	0.3	1.0	2	201833	n/a
98.5595703125	0.3	1.0	2	201850	n/a
98.56787109375	0.3	0.0	1	201867	n/a
98.576171875	0.3	1.0	2	201884	n/a
98.58447265625	0.3	0.0	1	201901	n/a
98.59326171875	0.3	1.0	2	201919	n/a
98.6015625	0.3	0.0	1	201936	n/a
98.60986328125	0.3	0.0	1	201953	n/a
98.6181640625	0.3	1.0	2	201970	n/a
98.62646484375	0.3	0.0	1	201987	n/a
98.634765625	0.3	1.0	2	202004	n/a
98.64306640625	0.3	1.0	2	202021	n/a
98.6513671875	0.3	0.0	1	202038	n/a
98.65966796875	0.3	0.0	1	202055	n/a
98.66796875	0.3	1.0	2	202072	n/a
98.67626953125	0.3	0.0	1	202089	n/a
98.6845703125	0.3	1.0	2	202106	n/a
98.69287109375	0.3	0.0	1	202123	n/a
98.701171875	0.3	1.0	2	202140	n/a
98.70947265625	0.3	1.0	2	202157	n/a
98.71826171875	0.3	0.0	1	202175	n/a
98.7265625	0.3	1.0	2	202192	n/a
98.73486328125	0.3	0.0	1	202209	n/a
98.7431640625	0.3	0.0	1	202226	n/a
98.75146484375	0.3	1.0	2	202243	n/a
98.759765625	0.3	0.0	1	202260	n/a
98.76806640625	0.3	1.0	2	202277	n/a
98.7763671875	0.3	1.0	2	202294	n/a
98.78466796875	0.3	0.0	1	202311	n/a
98.79296875	0.3	1.0	2	202328	n/a
98.80126953125	0.3	0.0	1	202345	n/a
98.8095703125	0.3	1.0	2	202362	n/a
98.81787109375	0.3	0.0	1	202379	n/a
98.826171875	0.3	0.0	1	202396	n/a
98.83447265625	0.3	1.0	2	202413	n/a
98.84326171875	0.3	1.0	2	202431	n/a
98.8515625	0.3	0.0	1	202448	n/a
98.85986328125	0.3	1.0	2	202465	n/a
98.8681640625	0.3	0.0	1	202482	n/a
98.87646484375	0.3	0.0	1	202499	n/a
98.884765625	0.3	1.0	2	202516	n/a
98.89306640625	0.3	1.0	2	202533	n/a
98.9013671875	0.3	0.0	1	202550	n/a
98.90966796875	0.3	0.0	1	202567	n/a
98.91796875	0.3	1.0	2	202584	n/a
98.92626953125	0.3	1.0	2	202601	n/a
98.9345703125	0.3	0.0	1	202618	n/a
98.94287109375	0.3	0.0	1	202635	n/a
98.951171875	0.3	1.0	2	202652	n/a
98.95947265625	0.3	1.0	2	202669	n/a
98.96826171875	0.3	0.0	1	202687	n/a
98.9765625	0.3	1.0	2	202704	n/a
98.98486328125	0.3	0.0	1	202721	n/a
98.9931640625	0.3	0.0	1	202738	n/a
99.00146484375	0.3	1.0	2	202755	n/a
99.009765625	0.3	1.0	2	202772	n/a
99.01806640625	0.3	0.0	1	202789	n/a
99.0263671875	0.3	1.0	2	202806	n/a
99.03466796875	0.3	0.0	1	202823	n/a
99.04296875	0.3	1.0	2	202840	n/a
99.05126953125	0.3	0.0	1	202857	n/a
99.0595703125	0.3	1.0	2	202874	n/a
99.06787109375	0.3	0.0	1	202891	n/a
99.076171875	0.3	1.0	2	202908	n/a
99.08447265625	0.3	0.0	1	202925	n/a
99.09326171875	0.3	0.0	1	202943	n/a
99.1015625	0.3	1.0	2	202960	n/a
99.10986328125	0.3	0.0	1	202977	n/a
99.1181640625	0.3	1.0	2	202994	n/a
99.12646484375	0.3	0.0	1	203011	n/a
99.134765625	0.3	1.0	2	203028	n/a
99.14306640625	0.3	1.0	2	203045	n/a
99.1513671875	0.3	0.0	1	203062	n/a
99.15966796875	0.3	0.0	1	203079	n/a
99.16796875	0.3	1.0	2	203096	n/a
99.17626953125	0.3	0.0	1	203113	n/a
99.1845703125	0.3	1.0	2	203130	n/a
99.19287109375	0.3	1.0	2	203147	n/a
99.201171875	0.3	0.0	1	203164	n/a
99.20947265625	0.3	0.0	1	203181	n/a
99.21826171875	0.3	1.0	2	203199	n/a
99.2265625	0.3	1.0	2	203216	n/a
99.23486328125	0.3	0.0	1	203233	n/a
99.2431640625	0.3	0.0	1	203250	n/a
99.25146484375	0.3	1.0	2	203267	n/a
99.259765625	0.3	0.0	1	203284	n/a
99.26806640625	0.3	1.0	2	203301	n/a
99.2763671875	0.3	1.0	2	203318	n/a
99.28466796875	0.3	0.0	1	203335	n/a
99.29296875	0.3	0.0	1	203352	n/a
99.30126953125	0.3	1.0	2	203369	n/a
99.3095703125	0.3	0.0	1	203386	n/a
99.31787109375	0.3	1.0	2	203403	n/a
99.326171875	0.3	0.0	1	203420	n/a
99.33447265625	0.3	1.0	2	203437	n/a
99.34326171875	0.3	0.0	1	203455	n/a
99.3515625	0.3	1.0	2	203472	n/a
99.35986328125	0.3	0.0	1	203489	n/a
99.3681640625	0.3	1.0	2	203506	n/a
99.37646484375	0.3	0.0	1	203523	n/a
99.384765625	0.3	1.0	2	203540	n/a
99.39306640625	0.3	0.0	1	203557	n/a
99.4013671875	0.3	1.0	2	203574	n/a
99.40966796875	0.3	1.0	2	203591	n/a
99.41796875	0.3	0.0	1	203608	n/a
99.42626953125	0.3	1.0	2	203625	n/a
99.4345703125	0.3	0.0	1	203642	n/a
99.44287109375	0.3	1.0	2	203659	n/a
99.451171875	0.3	0.0	1	203676	n/a
99.45947265625	0.3	1.0	2	203693	n/a
99.46826171875	0.3	0.0	1	203711	n/a
99.4765625	0.3	0.0	1	203728	n/a
99.48486328125	0.3	1.0	2	203745	n/a
99.4931640625	0.3	1.0	2	203762	n/a
99.50146484375	0.3	0.0	1	203779	n/a
99.509765625	0.3	0.0	1	203796	n/a
99.51806640625	0.3	1.0	2	203813	n/a
99.5263671875	0.3	1.0	2	203830	n/a
99.53466796875	0.3	0.0	1	203847	n/a
99.54296875	0.3	1.0	2	203864	n/a
99.55126953125	0.3	0.0	1	203881	n/a
99.5595703125	0.3	0.0	1	203898	n/a
99.56787109375	0.3	1.0	2	203915	n/a
99.576171875	0.3	0.0	1	203932	n/a
99.58447265625	0.3	1.0	2	203949	n/a
99.59326171875	0.3	0.0	1	203967	n/a
99.6015625	0.3	1.0	2	203984	n/a
99.60986328125	0.3	1.0	2	204001	n/a
99.6181640625	0.3	0.0	1	204018	n/a
99.62646484375	0.3	1.0	2	204035	n/a
99.634765625	0.3	0.0	1	204052	n/a
99.64306640625	0.3	1.0	2	204069	n/a
99.6513671875	0.3	0.0	1	204086	n/a
99.65966796875	0.3	0.0	1	204103	n/a
99.66796875	0.3	1.0	2	204120	n/a
99.67626953125	0.3	0.0	1	204137	n/a
99.6845703125	0.3	1.0	2	204154	n/a
99.69287109375	0.3	1.0	2	204171	n/a
99.701171875	0.3	0.0	1	204188	n/a
99.70947265625	0.3	0.0	1	204205	n/a
99.71826171875	0.3	1.0	2	204223	n/a
99.7265625	0.3	0.0	1	204240	n/a
99.73486328125	0.3	1.0	2	204257	n/a
99.7431640625	0.3	0.0	1	204274	n/a
99.75146484375	0.3	1.0	2	204291	n/a
99.759765625	0.3	1.0	2	204308	n/a
99.76806640625	0.3	0.0	1	204325	n/a
99.7763671875	0.3	1.0	2	204342	n/a
99.78466796875	0.3	0.0	1	204359	n/a
99.79296875	0.3	0.0	1	204376	n/a
99.80126953125	0.3	1.0	2	204393	n/a
99.8095703125	0.3	0.0	1	204410	n/a
99.81787109375	0.3	1.0	2	204427	n/a
99.826171875	0.3	1.0	2	204444	n/a
99.83447265625	0.3	0.0	1	204461	n/a
99.84326171875	0.3	1.0	2	204479	n/a
99.8515625	0.3	0.0	1	204496	n/a
99.85986328125	0.3	1.0	2	204513	n/a
99.8681640625	0.3	0.0	1	204530	n/a
99.87646484375	0.3	0.0	1	204547	n/a
99.884765625	0.3	1.0	2	204564	n/a
99.89306640625	0.3	1.0	2	204581	n/a
99.9013671875	0.3	0.0	1	204598	n/a
99.90966796875	0.3	1.0	2	204615	n/a
99.91796875	0.3	0.0	1	204632	n/a
99.92626953125	0.3	0.0	1	204649	n/a
99.9345703125	0.3	1.0	2	204666	n/a
99.94287109375	0.3	1.0	2	204683	n/a
99.951171875	0.3	0.0	1	204700	n/a
99.95947265625	0.3	0.0	1	204717	n/a
99.96826171875	0.3	1.0	2	204735	n/a
99.9765625	0.3	1.0	2	204752	n/a
99.98486328125	0.3	0.0	1	204769	n/a
99.9931640625	0.3	0.0	1	204786	n/a
100.00146484375	0.3	1.0	2	204803	n/a
100.009765625	0.3	1.0	2	204820	n/a
100.01806640625	0.3	0.0	1	204837	n/a
100.0263671875	0.3	1.0	2	204854	n/a
100.03466796875	0.3	0.0	1	204871	n/a
100.04296875	0.3	0.0	1	204888	n/a
100.05126953125	0.3	1.0	2	204905	n/a
100.0595703125	0.3	1.0	2	204922	n/a
100.06787109375	0.3	0.0	1	204939	n/a
100.076171875	0.3	1.0	2	204956	n/a
100.08447265625	0.3	0.0	1	204973	n/a
100.09326171875	0.3	1.0	2	204991	n/a
100.1015625	0.3	0.0	1	205008	n/a
100.10986328125	0.3	1.0	2	205025	n/a
100.1181640625	0.3	0.0	1	205042	n/a
100.12646484375	0.3	1.0	2	205059	n/a
100.134765625	0.3	0.0	1	205076	n/a
100.14306640625	0.3	0.0	1	205093	n/a
100.1513671875	0.3	1.0	2	205110	n/a
100.15966796875	0.3	0.0	1	205127	n/a
100.16796875	0.3	1.0	2	205144	n/a
100.17626953125	0.3	0.0	1	205161	n/a
100.1845703125	0.3	1.0	2	205178	n/a
100.19287109375	0.3	1.0	2	205195	n/a
100.201171875	0.3	0.0	1	205212	n/a
100.20947265625	0.3	0.0	1	205229	n/a
100.21826171875	0.3	1.0	2	205247	n/a
100.2265625	0.3	0.0	1	205264	n/a
100.23486328125	0.3	1.0	2	205281	n/a
100.2431640625	0.3	1.0	2	205298	n/a
100.25146484375	0.3	0.0	1	205315	n/a
100.259765625	0.3	0.0	1	205332	n/a
100.26806640625	0.3	1.0	2	205349	n/a
100.2763671875	0.3	1.0	2	205366	n/a
100.28466796875	0.3	0.0	1	205383	n/a
100.29296875	0.3	0.0	1	205400	n/a
100.30126953125	0.3	1.0	2	205417	n/a
100.3095703125	0.3	0.0	1	205434	n/a
100.31787109375	0.3	1.0	2	205451	n/a
100.326171875	0.3	1.0	2	205468	n/a
100.33447265625	0.3	0.0	1	205485	n/a
100.34326171875	0.3	0.0	1	205503	n/a
100.3515625	0.3	1.0	2	205520	n/a
100.35986328125	0.3	0.0	1	205537	n/a
100.3681640625	0.3	1.0	2	205554	n/a
100.37646484375	0.3	0.0	1	205571	n/a
100.384765625	0.3	1.0	2	205588	n/a
100.39306640625	0.3	0.0	1	205605	n/a
100.4013671875	0.3	1.0	2	205622	n/a
100.40966796875	0.3	0.0	1	205639	n/a
100.41796875	0.3	1.0	2	205656	n/a
100.42626953125	0.3	0.0	1	205673	n/a
100.4345703125	0.3	1.0	2	205690	n/a
100.44287109375	0.3	0.0	1	205707	n/a
100.451171875	0.3	1.0	2	205724	n/a
100.45947265625	0.3	1.0	2	205741	n/a
100.46826171875	0.3	0.0	1	205759	n/a
100.4765625	0.3	1.0	2	205776	n/a
100.48486328125	0.3	0.0	1	205793	n/a
100.4931640625	0.3	1.0	2	205810	n/a
100.50146484375	0.3	0.0	1	205827	n/a
100.509765625	0.3	1.0	2	205844	n/a
100.51806640625	0.3	0.0	1	205861	n/a
100.5263671875	0.3	0.0	1	205878	n/a
100.53466796875	0.3	1.0	2	205895	n/a
100.54296875	0.3	1.0	2	205912	n/a
100.55126953125	0.3	0.0	1	205929	n/a
100.5595703125	0.3	0.0	1	205946	n/a
100.56787109375	0.3	1.0	2	205963	n/a
100.576171875	0.3	1.0	2	205980	n/a
100.58447265625	0.3	0.0	1	205997	n/a
100.59326171875	0.3	1.0	2	206015	n/a
100.6015625	0.3	0.0	1	206032	n/a
100.60986328125	0.3	0.0	1	206049	n/a
100.6181640625	0.3	1.0	2	206066	n/a
100.62646484375	0.3	0.0	1	206083	n/a
100.634765625	0.3	1.0	2	206100	n/a
100.64306640625	0.3	0.0	1	206117	n/a
100.6513671875	0.3	1.0	2	206134	n/a
100.65966796875	0.3	1.0	2	206151	n/a
100.66796875	0.3	0.0	1	206168	n/a
100.67626953125	0.3	1.0	2	206185	n/a
100.6845703125	0.3	0.0	1	206202	n/a
100.69287109375	0.3	1.0	2	206219	n/a
100.701171875	0.3	0.0	1	206236	n/a
100.70947265625	0.3	0.0	1	206253	n/a
100.71826171875	0.3	1.0	2	206271	n/a
100.7265625	0.3	0.0	1	206288	n/a
100.73486328125	0.3	1.0	2	206305	n/a
100.7431640625	0.3	1.0	2	206322	n/a
100.75146484375	0.3	0.0	1	206339	n/a
100.759765625	0.3	0.0	1	206356	n/a
100.76806640625	0.3	1.0	2	206373	n/a
100.7763671875	0.3	0.0	1	206390	n/a
100.78466796875	0.3	1.0	2	206407	n/a
100.79296875	0.3	0.0	1	206424	n/a
100.80126953125	0.3	1.0	2	206441	n/a
100.8095703125	0.3	1.0	2	206458	n/a
100.81787109375	0.3	0.0	1	206475	n/a
100.826171875	0.3	1.0	2	206492	n/a
100.83447265625	0.3	0.0	1	206509	n/a
100.84326171875	0.3	0.0	1	206527	n/a
100.8515625	0.3	1.0	2	206544	n/a
100.85986328125	0.3	0.0	1	206561	n/a
100.8681640625	0.3	1.0	2	206578	n/a
100.87646484375	0.3	1.0	2	206595	n/a
100.884765625	0.3	0.0	1	206612	n/a
100.89306640625	0.3	1.0	2	206629	n/a
100.9013671875	0.3	0.0	1	206646	n/a
100.90966796875	0.3	1.0	2	206663	n/a
100.91796875	0.3	0.0	1	206680	n/a
100.92626953125	0.3	0.0	1	206697	n/a
100.9345703125	0.3	1.0	2	206714	n/a
100.94287109375	0.3	1.0	2	206731	n/a
100.951171875	0.3	0.0	1	206748	n/a
100.95947265625	0.3	1.0	2	206765	n/a
100.96826171875	0.3	0.0	1	206783	n/a
103.34375	0.3	0.0	1	211648	4.0
103.35205078125	0.3	1.0	2	211665	n/a
103.3603515625	0.3	1.0	2	211682	n/a
103.36865234375	0.3	0.0	1	211699	n/a
103.376953125	0.3	1.0	2	211716	n/a
103.38525390625	0.3	0.0	1	211733	n/a
103.3935546875	0.3	1.0	2	211750	n/a
103.40185546875	0.3	0.0	1	211767	n/a
103.41064453125	0.3	0.0	1	211785	n/a
103.4189453125	0.3	1.0	2	211802	n/a
103.42724609375	0.3	1.0	2	211819	n/a
103.435546875	0.3	0.0	1	211836	n/a
103.44384765625	0.3	1.0	2	211853	n/a
103.4521484375	0.3	0.0	1	211870	n/a
103.46044921875	0.3	1.0	2	211887	n/a
103.46875	0.3	0.0	1	211904	n/a
103.47705078125	0.3	0.0	1	211921	n/a
103.4853515625	0.3	1.0	2	211938	n/a
103.49365234375	0.3	0.0	1	211955	n/a
103.501953125	0.3	1.0	2	211972	n/a
103.51025390625	0.3	1.0	2	211989	n/a
103.5185546875	0.3	0.0	1	212006	n/a
103.52685546875	0.3	1.0	2	212023	n/a
103.53564453125	0.3	0.0	1	212041	n/a
103.5439453125	0.3	1.0	2	212058	n/a
103.55224609375	0.3	0.0	1	212075	n/a
103.560546875	0.3	0.0	1	212092	n/a
103.56884765625	0.3	1.0	2	212109	n/a
103.5771484375	0.3	0.0	1	212126	n/a
103.58544921875	0.3	1.0	2	212143	n/a
103.59375	0.3	1.0	2	212160	n/a
103.60205078125	0.3	0.0	1	212177	n/a
103.6103515625	0.3	1.0	2	212194	n/a
103.61865234375	0.3	0.0	1	212211	n/a
103.626953125	0.3	1.0	2	212228	n/a
103.63525390625	0.3	0.0	1	212245	n/a
103.6435546875	0.3	1.0	2	212262	n/a
103.65185546875	0.3	0.0	1	212279	n/a
103.66064453125	0.3	0.0	1	212297	n/a
103.6689453125	0.3	1.0	2	212314	n/a
103.67724609375	0.3	1.0	2	212331	n/a
103.685546875	0.3	0.0	1	212348	n/a
103.69384765625	0.3	0.0	1	212365	n/a
103.7021484375	0.3	1.0	2	212382	n/a
103.71044921875	0.3	1.0	2	212399	n/a
103.71875	0.3	0.0	1	212416	n/a
103.72705078125	0.3	0.0	1	212433	n/a
103.7353515625	0.3	1.0	2	212450	n/a
103.74365234375	0.3	1.0	2	212467	n/a
103.751953125	0.3	0.0	1	212484	n/a
103.76025390625	0.3	1.0	2	212501	n/a
103.7685546875	0.3	0.0	1	212518	n/a
103.77685546875	0.3	0.0	1	212535	n/a
103.78564453125	0.3	1.0	2	212553	n/a
103.7939453125	0.3	1.0	2	212570	n/a
103.80224609375	0.3	0.0	1	212587	n/a
103.810546875	0.3	0.0	1	212604	n/a
103.81884765625	0.3	1.0	2	212621	n/a
103.8271484375	0.3	1.0	2	212638	n/a
103.83544921875	0.3	0.0	1	212655	n/a
103.84375	0.3	0.0	1	212672	n/a
103.85205078125	0.3	1.0	2	212689	n/a
103.8603515625	0.3	0.0	1	212706	n/a
103.86865234375	0.3	1.0	2	212723	n/a
103.876953125	0.3	1.0	2	212740	n/a
103.88525390625	0.3	0.0	1	212757	n/a
103.8935546875	0.3	0.0	1	212774	n/a
103.90185546875	0.3	1.0	2	212791	n/a
103.91064453125	0.3	0.0	1	212809	n/a
103.9189453125	0.3	1.0	2	212826	n/a
103.92724609375	0.3	1.0	2	212843	n/a
103.935546875	0.3	0.0	1	212860	n/a
103.94384765625	0.3	0.0	1	212877	n/a
103.9521484375	0.3	1.0	2	212894	n/a
103.96044921875	0.3	0.0	1	212911	n/a
103.96875	0.3	1.0	2	212928	n/a
103.97705078125	0.3	1.0	2	212945	n/a
103.9853515625	0.3	0.0	1	212962	n/a
103.99365234375	0.3	0.0	1	212979	n/a
104.001953125	0.3	1.0	2	212996	n/a
104.01025390625	0.3	0.0	1	213013	n/a
104.0185546875	0.3	1.0	2	213030	n/a
104.02685546875	0.3	0.0	1	213047	n/a
104.03564453125	0.3	1.0	2	213065	n/a
104.0439453125	0.3	1.0	2	213082	n/a
104.05224609375	0.3	0.0	1	213099	n/a
104.060546875	0.3	1.0	2	213116	n/a
104.06884765625	0.3	0.0	1	213133	n/a
104.0771484375	0.3	0.0	1	213150	n/a
104.08544921875	0.3	1.0	2	213167	n/a
104.09375	0.3	1.0	2	213184	n/a
104.10205078125	0.3	0.0	1	213201	n/a
104.1103515625	0.3	0.0	1	213218	n/a
104.11865234375	0.3	1.0	2	213235	n/a
104.126953125	0.3	0.0	1	213252	n/a
104.13525390625	0.3	1.0	2	213269	n/a
104.1435546875	0.3	1.0	2	213286	n/a
104.15185546875	0.3	0.0	1	213303	n/a
104.16064453125	0.3	0.0	1	213321	n/a
104.1689453125	0.3	1.0	2	213338	n/a
104.17724609375	0.3	0.0	1	213355	n/a
104.185546875	0.3	1.0	2	213372	n/a
104.19384765625	0.3	1.0	2	213389	n/a
104.2021484375	0.3	0.0	1	213406	n/a
104.21044921875	0.3	0.0	1	213423	n/a
104.21875	0.3	1.0	2	213440	n/a
104.22705078125	0.3	1.0	2	213457	n/a
104.2353515625	0.3	0.0	1	213474	n/a
104.24365234375	0.3	0.0	1	213491	n/a
104.251953125	0.3	1.0	2	213508	n/a
104.26025390625	0.3	1.0	2	213525	n/a
104.2685546875	0.3	0.0	1	213542	n/a
104.27685546875	0.3	0.0	1	213559	n/a
104.28564453125	0.3	1.0	2	213577	n/a
104.2939453125	0.3	0.0	1	213594	n/a
104.30224609375	0.3	1.0	2	213611	n/a
104.310546875	0.3	0.0	1	213628	n/a
104.31884765625	0.3	1.0	2	213645	n/a
104.3271484375	0.3	1.0	2	213662	n/a
104.33544921875	0.3	0.0	1	213679	n/a
104.34375	0.3	0.0	1	213696	n/a
104.35205078125	0.3	1.0	2	213713	n/a
104.3603515625	0.3	1.0	2	213730	n/a
104.36865234375	0.3	0.0	1	213747	n/a
104.376953125	0.3	0.0	1	213764	n/a
104.38525390625	0.3	1.0	2	213781	n/a
104.3935546875	0.3	0.0	1	213798	n/a
104.40185546875	0.3	1.0	2	213815	n/a
104.41064453125	0.3	1.0	2	213833	n/a
104.4189453125	0.3	0.0	1	213850	n/a
104.42724609375	0.3	1.0	2	213867	n/a
104.435546875	0.3	0.0	1	213884	n/a
104.44384765625	0.3	1.0	2	213901	n/a
104.4521484375	0.3	0.0	1	213918	n/a
104.46044921875	0.3	0.0	1	213935	n/a
104.46875	0.3	1.0	2	213952	n/a
104.47705078125	0.3	1.0	2	213969	n/a
104.4853515625	0.3	0.0	1	213986	n/a
104.49365234375	0.3	1.0	2	214003	n/a
104.501953125	0.3	0.0	1	214020	n/a
104.51025390625	0.3	1.0	2	214037	n/a
104.5185546875	0.3	0.0	1	214054	n/a
104.52685546875	0.3	0.0	1	214071	n/a
104.53564453125	0.3	1.0	2	214089	n/a
104.5439453125	0.3	0.0	1	214106	n/a
104.55224609375	0.3	1.0	2	214123	n/a
104.560546875	0.3	1.0	2	214140	n/a
104.56884765625	0.3	0.0	1	214157	n/a
104.5771484375	0.3	1.0	2	214174	n/a
104.58544921875	0.3	0.0	1	214191	n/a
104.59375	0.3	1.0	2	214208	n/a
104.60205078125	0.3	0.0	1	214225	n/a
104.6103515625	0.3	0.0	1	214242	n/a
104.61865234375	0.3	1.0	2	214259	n/a
104.626953125	0.3	0.0	1	214276	n/a
104.63525390625	0.3	1.0	2	214293	n/a
104.6435546875	0.3	1.0	2	214310	n/a
104.65185546875	0.3	0.0	1	214327	n/a
104.66064453125	0.3	1.0	2	214345	n/a
104.6689453125	0.3	0.0	1	214362	n/a
104.67724609375	0.3	1.0	2	214379	n/a
104.685546875	0.3	0.0	1	214396	n/a
104.69384765625	0.3	1.0	2	214413	n/a
104.7021484375	0.3	0.0	1	214430	n/a
104.71044921875	0.3	0.0	1	214447	n/a
104.71875	0.3	1.0	2	214464	n/a
104.72705078125	0.3	1.0	2	214481	n/a
104.7353515625	0.3	0.0	1	214498	n/a
104.74365234375	0.3	0.0	1	214515	n/a
104.751953125	0.3	1.0	2	214532	n/a
104.76025390625	0.3	1.0	2	214549	n/a
104.7685546875	0.3	0.0	1	214566	n/a
104.77685546875	0.3	0.0	1	214583	n/a
104.78564453125	0.3	1.0	2	214601	n/a
104.7939453125	0.3	1.0	2	214618	n/a
104.80224609375	0.3	0.0	1	214635	n/a
104.810546875	0.3	1.0	2	214652	n/a
104.81884765625	0.3	0.0	1	214669	n/a
104.8271484375	0.3	0.0	1	214686	n/a
104.83544921875	0.3	1.0	2	214703	n/a
104.84375	0.3	1.0	2	214720	n/a
104.85205078125	0.3	0.0	1	214737	n/a
104.8603515625	0.3	0.0	1	214754	n/a
104.86865234375	0.3	1.0	2	214771	n/a
104.876953125	0.3	1.0	2	214788	n/a
104.88525390625	0.3	0.0	1	214805	n/a
104.8935546875	0.3	0.0	1	214822	n/a
104.90185546875	0.3	1.0	2	214839	n/a
104.91064453125	0.3	0.0	1	214857	n/a
104.9189453125	0.3	1.0	2	214874	n/a
104.92724609375	0.3	1.0	2	214891	n/a
104.935546875	0.3	0.0	1	214908	n/a
104.94384765625	0.3	0.0	1	214925	n/a
104.9521484375	0.3	1.0	2	214942	n/a
104.96044921875	0.3	0.0	1	214959	n/a
104.96875	0.3	1.0	2	214976	n/a
104.97705078125	0.3	1.0	2	214993	n/a
104.9853515625	0.3	0.0	1	215010	n/a
104.99365234375	0.3	0.0	1	215027	n/a
105.001953125	0.3	1.0	2	215044	n/a
105.01025390625	0.3	0.0	1	215061	n/a
105.0185546875	0.3	1.0	2	215078	n/a
105.02685546875	0.3	1.0	2	215095	n/a
105.03564453125	0.3	0.0	1	215113	n/a
105.0439453125	0.3	0.0	1	215130	n/a
105.05224609375	0.3	1.0	2	215147	n/a
105.060546875	0.3	0.0	1	215164	n/a
105.06884765625	0.3	1.0	2	215181	n/a
105.0771484375	0.3	0.0	1	215198	n/a
105.08544921875	0.3	1.0	2	215215	n/a
105.09375	0.3	1.0	2	215232	n/a
105.10205078125	0.3	0.0	1	215249	n/a
105.1103515625	0.3	1.0	2	215266	n/a
105.11865234375	0.3	0.0	1	215283	n/a
105.126953125	0.3	0.0	1	215300	n/a
105.13525390625	0.3	1.0	2	215317	n/a
105.1435546875	0.3	1.0	2	215334	n/a
105.15185546875	0.3	0.0	1	215351	n/a
105.16064453125	0.3	0.0	1	215369	n/a
105.1689453125	0.3	1.0	2	215386	n/a
105.17724609375	0.3	0.0	1	215403	n/a
105.185546875	0.3	1.0	2	215420	n/a
105.19384765625	0.3	1.0	2	215437	n/a
105.2021484375	0.3	0.0	1	215454	n/a
105.21044921875	0.3	0.0	1	215471	n/a
105.21875	0.3	1.0	2	215488	n/a
105.22705078125	0.3	0.0	1	215505	n/a
105.2353515625	0.3	1.0	2	215522	n/a
105.24365234375	0.3	1.0	2	215539	n/a
105.251953125	0.3	0.0	1	215556	n/a
105.26025390625	0.3	0.0	1	215573	n/a
105.2685546875	0.3	1.0	2	215590	n/a
105.27685546875	0.3	1.0	2	215607	n/a
105.28564453125	0.3	0.0	1	215625	n/a
105.2939453125	0.3	0.0	1	215642	n/a
105.30224609375	0.3	1.0	2	215659	n/a
105.310546875	0.3	1.0	2	215676	n/a
105.31884765625	0.3	0.0	1	215693	n/a
105.3271484375	0.3	0.0	1	215710	n/a
105.33544921875	0.3	1.0	2	215727	n/a
105.34375	0.3	0.0	1	215744	n/a
105.35205078125	0.3	1.0	2	215761	n/a
105.3603515625	0.3	0.0	1	215778	n/a
105.36865234375	0.3	1.0	2	215795	n/a
105.376953125	0.3	1.0	2	215812	n/a
105.38525390625	0.3	0.0	1	215829	n/a
105.3935546875	0.3	0.0	1	215846	n/a
105.40185546875	0.3	1.0	2	215863	n/a
105.41064453125	0.3	1.0	2	215881	n/a
105.4189453125	0.3	0.0	1	215898	n/a
105.42724609375	0.3	0.0	1	215915	n/a
105.435546875	0.3	1.0	2	215932	n/a
105.44384765625	0.3	0.0	1	215949	n/a
105.4521484375	0.3	1.0	2	215966	n/a
105.46044921875	0.3	1.0	2	215983	n/a
105.46875	0.3	0.0	1	216000	n/a
105.47705078125	0.3	1.0	2	216017	n/a
105.4853515625	0.3	0.0	1	216034	n/a
105.49365234375	0.3	1.0	2	216051	n/a
105.501953125	0.3	0.0	1	216068	n/a
105.51025390625	0.3	0.0	1	216085	n/a
105.5185546875	0.3	1.0	2	216102	n/a
105.52685546875	0.3	1.0	2	216119	n/a
105.53564453125	0.3	0.0	1	216137	n/a
105.5439453125	0.3	1.0	2	216154	n/a
105.55224609375	0.3	0.0	1	216171	n/a
105.560546875	0.3	1.0	2	216188	n/a
105.56884765625	0.3	0.0	1	216205	n/a
105.5771484375	0.3	0.0	1	216222	n/a
105.58544921875	0.3	1.0	2	216239	n/a
105.59375	0.3	0.0	1	216256	n/a
105.60205078125	0.3	1.0	2	216273	n/a
105.6103515625	0.3	1.0	2	216290	n/a
105.61865234375	0.3	0.0	1	216307	n/a
105.626953125	0.3	1.0	2	216324	n/a
105.63525390625	0.3	0.0	1	216341	n/a
105.6435546875	0.3	1.0	2	216358	n/a
105.65185546875	0.3	0.0	1	216375	n/a
105.66064453125	0.3	0.0	1	216393	n/a
105.6689453125	0.3	1.0	2	216410	n/a
105.67724609375	0.3	0.0	1	216427	n/a
105.685546875	0.3	1.0	2	216444	n/a
105.69384765625	0.3	1.0	2	216461	n/a
105.7021484375	0.3	0.0	1	216478	n/a
105.71044921875	0.3	1.0	2	216495	n/a
105.71875	0.3	0.0	1	216512	n/a
105.72705078125	0.3	1.0	2	216529	n/a
105.7353515625	0.3	0.0	1	216546	n/a
105.74365234375	0.3	1.0	2	216563	n/a
105.751953125	0.3	0.0	1	216580	n/a
105.76025390625	0.3	0.0	1	216597	n/a
105.7685546875	0.3	1.0	2	216614	n/a
105.77685546875	0.3	1.0	2	216631	n/a
105.78564453125	0.3	0.0	1	216649	n/a
105.7939453125	0.3	0.0	1	216666	n/a
105.80224609375	0.3	1.0	2	216683	n/a
105.810546875	0.3	1.0	2	216700	n/a
105.81884765625	0.3	0.0	1	216717	n/a
105.8271484375	0.3	0.0	1	216734	n/a
105.83544921875	0.3	1.0	2	216751	n/a
105.84375	0.3	1.0	2	216768	n/a
105.85205078125	0.3	0.0	1	216785	n/a
105.8603515625	0.3	1.0	2	216802	n/a
105.86865234375	0.3	0.0	1	216819	n/a
105.876953125	0.3	0.0	1	216836	n/a
105.88525390625	0.3	1.0	2	216853	n/a
105.8935546875	0.3	1.0	2	216870	n/a
105.90185546875	0.3	0.0	1	216887	n/a
105.91064453125	0.3	0.0	1	216905	n/a
105.9189453125	0.3	1.0	2	216922	n/a
105.92724609375	0.3	1.0	2	216939	n/a
105.935546875	0.3	0.0	1	216956	n/a
105.94384765625	0.3	0.0	1	216973	n/a
105.9521484375	0.3	1.0	2	216990	n/a
105.96044921875	0.3	0.0	1	217007	n/a
105.96875	0.3	1.0	2	217024	n/a
105.97705078125	0.3	1.0	2	217041	n/a
105.9853515625	0.3	0.0	1	217058	n/a
105.99365234375	0.3	0.0	1	217075	n/a
106.001953125	0.3	1.0	2	217092	n/a
106.01025390625	0.3	0.0	1	217109	n/a
106.0185546875	0.3	1.0	2	217126	n/a
106.02685546875	0.3	1.0	2	217143	n/a
106.03564453125	0.3	0.0	1	217161	n/a
106.0439453125	0.3	0.0	1	217178	n/a
106.05224609375	0.3	1.0	2	217195	n/a
106.060546875	0.3	0.0	1	217212	n/a
106.06884765625	0.3	1.0	2	217229	n/a
106.0771484375	0.3	1.0	2	217246	n/a
106.08544921875	0.3	0.0	1	217263	n/a
106.09375	0.3	0.0	1	217280	n/a
106.10205078125	0.3	1.0	2	217297	n/a
106.1103515625	0.3	0.0	1	217314	n/a
106.11865234375	0.3	1.0	2	217331	n/a
106.126953125	0.3	0.0	1	217348	n/a
106.13525390625	0.3	1.0	2	217365	n/a
106.1435546875	0.3	1.0	2	217382	n/a
106.15185546875	0.3	0.0	1	217399	n/a
106.16064453125	0.3	1.0	2	217417	n/a
106.1689453125	0.3	0.0	1	217434	n/a
106.17724609375	0.3	0.0	1	217451	n/a
106.185546875	0.3	1.0	2	217468	n/a
106.19384765625	0.3	1.0	2	217485	n/a
106.2021484375	0.3	0.0	1	217502	n/a
106.21044921875	0.3	0.0	1	217519	n/a
106.21875	0.3	1.0	2	217536	n/a
106.22705078125	0.3	0.0	1	217553	n/a
106.2353515625	0.3	1.0	2	217570	n/a
106.24365234375	0.3	1.0	2	217587	n/a
106.251953125	0.3	0.0	1	217604	n/a
106.26025390625	0.3	0.0	1	217621	n/a
106.2685546875	0.3	1.0	2	217638	n/a
106.27685546875	0.3	0.0	1	217655	n/a
106.28564453125	0.3	1.0	2	217673	n/a
106.2939453125	0.3	1.0	2	217690	n/a
106.30224609375	0.3	0.0	1	217707	n/a
106.310546875	0.3	0.0	1	217724	n/a
106.31884765625	0.3	1.0	2	217741	n/a
106.3271484375	0.3	1.0	2	217758	n/a
106.33544921875	0.3	0.0	1	217775	n/a
106.34375	0.3	0.0	1	217792	n/a
106.35205078125	0.3	1.0	2	217809	n/a
106.3603515625	0.3	1.0	2	217826	n/a
106.36865234375	0.3	0.0	1	217843	n/a
106.376953125	0.3	0.0	1	217860	n/a
106.38525390625	0.3	1.0	2	217877	n/a
106.3935546875	0.3	0.0	1	217894	n/a
106.40185546875	0.3	1.0	2	217911	n/a
106.41064453125	0.3	0.0	1	217929	n/a
106.4189453125	0.3	1.0	2	217946	n/a
106.42724609375	0.3	1.0	2	217963	n/a
106.435546875	0.3	0.0	1	217980	n/a
106.44384765625	0.3	0.0	1	217997	n/a
106.4521484375	0.3	1.0	2	218014	n/a
106.46044921875	0.3	1.0	2	218031	n/a
106.46875	0.3	0.0	1	218048	n/a
106.47705078125	0.3	0.0	1	218065	n/a
106.4853515625	0.3	1.0	2	218082	n/a
106.49365234375	0.3	0.0	1	218099	n/a
106.501953125	0.3	1.0	2	218116	n/a
106.51025390625	0.3	1.0	2	218133	n/a
106.5185546875	0.3	0.0	1	218150	n/a
106.52685546875	0.3	1.0	2	218167	n/a
106.53564453125	0.3	0.0	1	218185	n/a
106.5439453125	0.3	1.0	2	218202	n/a
106.55224609375	0.3	0.0	1	218219	n/a
106.560546875	0.3	0.0	1	218236	n/a
106.56884765625	0.3	1.0	2	218253	n/a
106.5771484375	0.3	1.0	2	218270	n/a
106.58544921875	0.3	0.0	1	218287	n/a
106.59375	0.3	1.0	2	218304	n/a
106.60205078125	0.3	0.0	1	218321	n/a
106.6103515625	0.3	1.0	2	218338	n/a
106.61865234375	0.3	0.0	1	218355	n/a
106.626953125	0.3	0.0	1	218372	n/a
106.63525390625	0.3	1.0	2	218389	n/a
106.6435546875	0.3	0.0	1	218406	n/a
106.65185546875	0.3	1.0	2	218423	n/a
106.66064453125	0.3	1.0	2	218441	n/a
106.6689453125	0.3	0.0	1	218458	n/a
106.67724609375	0.3	1.0	2	218475	n/a
106.685546875	0.3	0.0	1	218492	n/a
106.69384765625	0.3	1.0	2	218509	n/a
106.7021484375	0.3	0.0	1	218526	n/a
106.71044921875	0.3	0.0	1	218543	n/a
106.71875	0.3	1.0	2	218560	n/a
106.72705078125	0.3	0.0	1	218577	n/a
106.7353515625	0.3	1.0	2	218594	n/a
106.74365234375	0.3	1.0	2	218611	n/a
106.751953125	0.3	0.0	1	218628	n/a
106.76025390625	0.3	1.0	2	218645	n/a
106.7685546875	0.3	0.0	1	218662	n/a
106.77685546875	0.3	1.0	2	218679	n/a
106.78564453125	0.3	0.0	1	218697	n/a
106.7939453125	0.3	1.0	2	218714	n/a
106.80224609375	0.3	0.0	1	218731	n/a
106.810546875	0.3	0.0	1	218748	n/a
106.81884765625	0.3	1.0	2	218765	n/a
106.8271484375	0.3	1.0	2	218782	n/a
106.83544921875	0.3	0.0	1	218799	n/a
106.84375	0.3	0.0	1	218816	n/a
106.85205078125	0.3	1.0	2	218833	n/a
106.8603515625	0.3	1.0	2	218850	n/a
106.86865234375	0.3	0.0	1	218867	n/a
106.876953125	0.3	0.0	1	218884	n/a
106.88525390625	0.3	1.0	2	218901	n/a
106.8935546875	0.3	1.0	2	218918	n/a
106.90185546875	0.3	0.0	1	218935	n/a
106.91064453125	0.3	1.0	2	218953	n/a
106.9189453125	0.3	0.0	1	218970	n/a
106.92724609375	0.3	0.0	1	218987	n/a
106.935546875	0.3	1.0	2	219004	n/a
106.94384765625	0.3	1.0	2	219021	n/a
106.9521484375	0.3	0.0	1	219038	n/a
106.96044921875	0.3	0.0	1	219055	n/a
106.96875	0.3	1.0	2	219072	n/a
106.97705078125	0.3	1.0	2	219089	n/a
106.9853515625	0.3	0.0	1	219106	n/a
106.99365234375	0.3	0.0	1	219123	n/a
107.001953125	0.3	1.0	2	219140	n/a
107.01025390625	0.3	0.0	1	219157	n/a
107.0185546875	0.3	1.0	2	219174	n/a
107.02685546875	0.3	1.0	2	219191	n/a
107.03564453125	0.3	0.0	1	219209	n/a
107.0439453125	0.3	0.0	1	219226	n/a
107.05224609375	0.3	1.0	2	219243	n/a
107.060546875	0.3	0.0	1	219260	n/a
107.06884765625	0.3	1.0	2	219277	n/a
107.0771484375	0.3	1.0	2	219294	n/a
107.08544921875	0.3	0.0	1	219311	n/a
107.09375	0.3	0.0	1	219328	n/a
107.10205078125	0.3	1.0	2	219345	n/a
107.1103515625	0.3	0.0	1	219362	n/a
107.11865234375	0.3	1.0	2	219379	n/a
107.126953125	0.3	1.0	2	219396	n/a
107.13525390625	0.3	0.0	1	219413	n/a
107.1435546875	0.3	0.0	1	219430	n/a
107.15185546875	0.3	1.0	2	219447	n/a
107.16064453125	0.3	0.0	1	219465	n/a
107.1689453125	0.3	1.0	2	219482	n/a
107.17724609375	0.3	0.0	1	219499	n/a
107.185546875	0.3	1.0	2	219516	n/a
107.19384765625	0.3	1.0	2	219533	n/a
107.2021484375	0.3	0.0	1	219550	n/a
107.21044921875	0.3	1.0	2	219567	n/a
107.21875	0.3	0.0	1	219584	n/a
107.22705078125	0.3	0.0	1	219601	n/a
107.2353515625	0.3	1.0	2	219618	n/a
107.24365234375	0.3	1.0	2	219635	n/a
107.251953125	0.3	0.0	1	219652	n/a
107.26025390625	0.3	0.0	1	219669	n/a
107.2685546875	0.3	1.0	2	219686	n/a
107.27685546875	0.3	0.0	1	219703	n/a
107.28564453125	0.3	1.0	2	219721	n/a
107.2939453125	0.3	1.0	2	219738	n/a
107.30224609375	0.3	0.0	1	219755	n/a
107.310546875	0.3	0.0	1	219772	n/a
107.31884765625	0.3	1.0	2	219789	n/a
107.3271484375	0.3	0.0	1	219806	n/a
107.33544921875	0.3	1.0	2	219823	n/a
107.34375	0.3	1.0	2	219840	n/a
107.35205078125	0.3	0.0	1	219857	n/a
107.3603515625	0.3	0.0	1	219874	n/a
107.36865234375	0.3	1.0	2	219891	n/a
107.376953125	0.3	1.0	2	219908	n/a
107.38525390625	0.3	0.0	1	219925	n/a
107.3935546875	0.3	0.0	1	219942	n/a
107.40185546875	0.3	1.0	2	219959	n/a
107.41064453125	0.3	1.0	2	219977	n/a
107.4189453125	0.3	0.0	1	219994	n/a
107.42724609375	0.3	0.0	1	220011	n/a
107.435546875	0.3	1.0	2	220028	n/a
107.44384765625	0.3	0.0	1	220045	n/a
107.4521484375	0.3	1.0	2	220062	n/a
107.46044921875	0.3	0.0	1	220079	n/a
107.46875	0.3	1.0	2	220096	n/a
107.47705078125	0.3	1.0	2	220113	n/a
107.4853515625	0.3	0.0	1	220130	n/a
107.49365234375	0.3	0.0	1	220147	n/a
107.501953125	0.3	1.0	2	220164	n/a
107.51025390625	0.3	1.0	2	220181	n/a
107.5185546875	0.3	0.0	1	220198	n/a
107.52685546875	0.3	0.0	1	220215	n/a
107.53564453125	0.3	1.0	2	220233	n/a
109.9111328125	0.3	0.0	1	225098	1.0
109.91943359375	0.3	1.0	2	225115	n/a
109.927734375	0.3	1.0	2	225132	n/a
109.93603515625	0.3	0.0	1	225149	n/a
109.9443359375	0.3	1.0	2	225166	n/a
109.95263671875	0.3	0.0	1	225183	n/a
109.9609375	0.3	1.0	2	225200	n/a
109.96923828125	0.3	0.0	1	225217	n/a
109.97802734375	0.3	0.0	1	225235	n/a
109.986328125	0.3	1.0	2	225252	n/a
109.99462890625	0.3	0.0	1	225269	n/a
110.0029296875	0.3	1.0	2	225286	n/a
110.01123046875	0.3	1.0	2	225303	n/a
110.01953125	0.3	0.0	1	225320	n/a
110.02783203125	0.3	0.0	1	225337	n/a
110.0361328125	0.3	1.0	2	225354	n/a
110.04443359375	0.3	1.0	2	225371	n/a
110.052734375	0.3	0.0	1	225388	n/a
110.06103515625	0.3	1.0	2	225405	n/a
110.0693359375	0.3	0.0	1	225422	n/a
110.07763671875	0.3	0.0	1	225439	n/a
110.0859375	0.3	1.0	2	225456	n/a
110.09423828125	0.3	0.0	1	225473	n/a
110.10302734375	0.3	1.0	2	225491	n/a
110.111328125	0.3	0.0	1	225508	n/a
110.11962890625	0.3	1.0	2	225525	n/a
110.1279296875	0.3	0.0	1	225542	n/a
110.13623046875	0.3	1.0	2	225559	n/a
110.14453125	0.3	0.0	1	225576	n/a
110.15283203125	0.3	1.0	2	225593	n/a
110.1611328125	0.3	0.0	1	225610	n/a
110.16943359375	0.3	1.0	2	225627	n/a
110.177734375	0.3	1.0	2	225644	n/a
110.18603515625	0.3	0.0	1	225661	n/a
110.1943359375	0.3	0.0	1	225678	n/a
110.20263671875	0.3	1.0	2	225695	n/a
110.2109375	0.3	1.0	2	225712	n/a
110.21923828125	0.3	0.0	1	225729	n/a
110.22802734375	0.3	1.0	2	225747	n/a
110.236328125	0.3	0.0	1	225764	n/a
110.24462890625	0.3	1.0	2	225781	n/a
110.2529296875	0.3	0.0	1	225798	n/a
110.26123046875	0.3	0.0	1	225815	n/a
110.26953125	0.3	1.0	2	225832	n/a
110.27783203125	0.3	1.0	2	225849	n/a
110.2861328125	0.3	0.0	1	225866	n/a
110.29443359375	0.3	1.0	2	225883	n/a
110.302734375	0.3	0.0	1	225900	n/a
110.31103515625	0.3	0.0	1	225917	n/a
110.3193359375	0.3	1.0	2	225934	n/a
110.32763671875	0.3	1.0	2	225951	n/a
110.3359375	0.3	0.0	1	225968	n/a
110.34423828125	0.3	0.0	1	225985	n/a
110.35302734375	0.3	1.0	2	226003	n/a
110.361328125	0.3	0.0	1	226020	n/a
110.36962890625	0.3	1.0	2	226037	n/a
110.3779296875	0.3	1.0	2	226054	n/a
110.38623046875	0.3	0.0	1	226071	n/a
110.39453125	0.3	0.0	1	226088	n/a
110.40283203125	0.3	1.0	2	226105	n/a
110.4111328125	0.3	1.0	2	226122	n/a
110.41943359375	0.3	0.0	1	226139	n/a
110.427734375	0.3	0.0	1	226156	n/a
110.43603515625	0.3	1.0	2	226173	n/a
110.4443359375	0.3	0.0	1	226190	n/a
110.45263671875	0.3	1.0	2	226207	n/a
110.4609375	0.3	1.0	2	226224	n/a
110.46923828125	0.3	0.0	1	226241	n/a
110.47802734375	0.3	1.0	2	226259	n/a
110.486328125	0.3	0.0	1	226276	n/a
110.49462890625	0.3	1.0	2	226293	n/a
110.5029296875	0.3	0.0	1	226310	n/a
110.51123046875	0.3	1.0	2	226327	n/a
110.51953125	0.3	0.0	1	226344	n/a
110.52783203125	0.3	0.0	1	226361	n/a
110.5361328125	0.3	1.0	2	226378	n/a
110.54443359375	0.3	0.0	1	226395	n/a
110.552734375	0.3	1.0	2	226412	n/a
110.56103515625	0.3	1.0	2	226429	n/a
110.5693359375	0.3	0.0	1	226446	n/a
110.57763671875	0.3	0.0	1	226463	n/a
110.5859375	0.3	1.0	2	226480	n/a
110.59423828125	0.3	1.0	2	226497	n/a
110.60302734375	0.3	0.0	1	226515	n/a
110.611328125	0.3	1.0	2	226532	n/a
110.61962890625	0.3	0.0	1	226549	n/a
110.6279296875	0.3	1.0	2	226566	n/a
110.63623046875	0.3	0.0	1	226583	n/a
110.64453125	0.3	1.0	2	226600	n/a
110.65283203125	0.3	0.0	1	226617	n/a
110.6611328125	0.3	0.0	1	226634	n/a
110.66943359375	0.3	1.0	2	226651	n/a
110.677734375	0.3	0.0	1	226668	n/a
110.68603515625	0.3	1.0	2	226685	n/a
110.6943359375	0.3	1.0	2	226702	n/a
110.70263671875	0.3	0.0	1	226719	n/a
110.7109375	0.3	0.0	1	226736	n/a
110.71923828125	0.3	1.0	2	226753	n/a
110.72802734375	0.3	0.0	1	226771	n/a
110.736328125	0.3	1.0	2	226788	n/a
110.74462890625	0.3	0.0	1	226805	n/a
110.7529296875	0.3	1.0	2	226822	n/a
110.76123046875	0.3	1.0	2	226839	n/a
110.76953125	0.3	0.0	1	226856	n/a
110.77783203125	0.3	1.0	2	226873	n/a
110.7861328125	0.3	0.0	1	226890	n/a
110.79443359375	0.3	1.0	2	226907	n/a
110.802734375	0.3	0.0	1	226924	n/a
110.81103515625	0.3	0.0	1	226941	n/a
110.8193359375	0.3	1.0	2	226958	n/a
110.82763671875	0.3	0.0	1	226975	n/a
110.8359375	0.3	1.0	2	226992	n/a
110.84423828125	0.3	0.0	1	227009	n/a
110.85302734375	0.3	1.0	2	227027	n/a
110.861328125	0.3	0.0	1	227044	n/a
110.86962890625	0.3	1.0	2	227061	n/a
110.8779296875	0.3	0.0	1	227078	n/a
110.88623046875	0.3	1.0	2	227095	n/a
110.89453125	0.3	1.0	2	227112	n/a
110.90283203125	0.3	0.0	1	227129	n/a
110.9111328125	0.3	1.0	2	227146	n/a
110.91943359375	0.3	0.0	1	227163	n/a
110.927734375	0.3	0.0	1	227180	n/a
110.93603515625	0.3	1.0	2	227197	n/a
110.9443359375	0.3	1.0	2	227214	n/a
110.95263671875	0.3	0.0	1	227231	n/a
110.9609375	0.3	0.0	1	227248	n/a
110.96923828125	0.3	1.0	2	227265	n/a
110.97802734375	0.3	1.0	2	227283	n/a
110.986328125	0.3	0.0	1	227300	n/a
110.99462890625	0.3	1.0	2	227317	n/a
111.0029296875	0.3	0.0	1	227334	n/a
111.01123046875	0.3	1.0	2	227351	n/a
111.01953125	0.3	0.0	1	227368	n/a
111.02783203125	0.3	0.0	1	227385	n/a
111.0361328125	0.3	1.0	2	227402	n/a
111.04443359375	0.3	0.0	1	227419	n/a
111.052734375	0.3	1.0	2	227436	n/a
111.06103515625	0.3	1.0	2	227453	n/a
111.0693359375	0.3	0.0	1	227470	n/a
111.07763671875	0.3	0.0	1	227487	n/a
111.0859375	0.3	1.0	2	227504	n/a
111.09423828125	0.3	1.0	2	227521	n/a
111.10302734375	0.3	0.0	1	227539	n/a
111.111328125	0.3	1.0	2	227556	n/a
111.11962890625	0.3	0.0	1	227573	n/a
111.1279296875	0.3	0.0	1	227590	n/a
111.13623046875	0.3	1.0	2	227607	n/a
111.14453125	0.3	0.0	1	227624	n/a
111.15283203125	0.3	1.0	2	227641	n/a
111.1611328125	0.3	0.0	1	227658	n/a
111.16943359375	0.3	1.0	2	227675	n/a
111.177734375	0.3	0.0	1	227692	n/a
111.18603515625	0.3	1.0	2	227709	n/a
111.1943359375	0.3	0.0	1	227726	n/a
111.20263671875	0.3	1.0	2	227743	n/a
111.2109375	0.3	0.0	1	227760	n/a
111.21923828125	0.3	1.0	2	227777	n/a
111.22802734375	0.3	1.0	2	227795	n/a
111.236328125	0.3	0.0	1	227812	n/a
111.24462890625	0.3	0.0	1	227829	n/a
111.2529296875	0.3	1.0	2	227846	n/a
111.26123046875	0.3	1.0	2	227863	n/a
111.26953125	0.3	0.0	1	227880	n/a
111.27783203125	0.3	1.0	2	227897	n/a
111.2861328125	0.3	0.0	1	227914	n/a
111.29443359375	0.3	1.0	2	227931	n/a
111.302734375	0.3	0.0	1	227948	n/a
111.31103515625	0.3	0.0	1	227965	n/a
111.3193359375	0.3	1.0	2	227982	n/a
111.32763671875	0.3	1.0	2	227999	n/a
111.3359375	0.3	0.0	1	228016	n/a
111.34423828125	0.3	1.0	2	228033	n/a
111.35302734375	0.3	0.0	1	228051	n/a
111.361328125	0.3	0.0	1	228068	n/a
111.36962890625	0.3	1.0	2	228085	n/a
111.3779296875	0.3	1.0	2	228102	n/a
111.38623046875	0.3	0.0	1	228119	n/a
111.39453125	0.3	0.0	1	228136	n/a
111.40283203125	0.3	1.0	2	228153	n/a
111.4111328125	0.3	0.0	1	228170	n/a
111.41943359375	0.3	1.0	2	228187	n/a
111.427734375	0.3	1.0	2	228204	n/a
111.43603515625	0.3	0.0	1	228221	n/a
111.4443359375	0.3	0.0	1	228238	n/a
111.45263671875	0.3	1.0	2	228255	n/a
111.4609375	0.3	1.0	2	228272	n/a
111.46923828125	0.3	0.0	1	228289	n/a
111.47802734375	0.3	0.0	1	228307	n/a
111.486328125	0.3	1.0	2	228324	n/a
111.49462890625	0.3	0.0	1	228341	n/a
111.5029296875	0.3	1.0	2	228358	n/a
111.51123046875	0.3	1.0	2	228375	n/a
111.51953125	0.3	0.0	1	228392	n/a
111.52783203125	0.3	1.0	2	228409	n/a
111.5361328125	0.3	0.0	1	228426	n/a
111.54443359375	0.3	1.0	2	228443	n/a
111.552734375	0.3	0.0	1	228460	n/a
111.56103515625	0.3	1.0	2	228477	n/a
111.5693359375	0.3	0.0	1	228494	n/a
111.57763671875	0.3	0.0	1	228511	n/a
111.5859375	0.3	1.0	2	228528	n/a
111.59423828125	0.3	0.0	1	228545	n/a
111.60302734375	0.3	1.0	2	228563	n/a
111.611328125	0.3	1.0	2	228580	n/a
111.61962890625	0.3	0.0	1	228597	n/a
111.6279296875	0.3	0.0	1	228614	n/a
111.63623046875	0.3	1.0	2	228631	n/a
111.64453125	0.3	1.0	2	228648	n/a
111.65283203125	0.3	0.0	1	228665	n/a
111.6611328125	0.3	1.0	2	228682	n/a
111.66943359375	0.3	0.0	1	228699	n/a
111.677734375	0.3	1.0	2	228716	n/a
111.68603515625	0.3	0.0	1	228733	n/a
111.6943359375	0.3	1.0	2	228750	n/a
111.70263671875	0.3	0.0	1	228767	n/a
111.7109375	0.3	0.0	1	228784	n/a
111.71923828125	0.3	1.0	2	228801	n/a
111.72802734375	0.3	0.0	1	228819	n/a
111.736328125	0.3	1.0	2	228836	n/a
111.74462890625	0.3	1.0	2	228853	n/a
111.7529296875	0.3	0.0	1	228870	n/a
111.76123046875	0.3	0.0	1	228887	n/a
111.76953125	0.3	1.0	2	228904	n/a
111.77783203125	0.3	0.0	1	228921	n/a
111.7861328125	0.3	1.0	2	228938	n/a
111.79443359375	0.3	0.0	1	228955	n/a
111.802734375	0.3	1.0	2	228972	n/a
111.81103515625	0.3	1.0	2	228989	n/a
111.8193359375	0.3	0.0	1	229006	n/a
111.82763671875	0.3	1.0	2	229023	n/a
111.8359375	0.3	0.0	1	229040	n/a
111.84423828125	0.3	1.0	2	229057	n/a
111.85302734375	0.3	0.0	1	229075	n/a
111.861328125	0.3	0.0	1	229092	n/a
111.86962890625	0.3	1.0	2	229109	n/a
111.8779296875	0.3	0.0	1	229126	n/a
111.88623046875	0.3	1.0	2	229143	n/a
111.89453125	0.3	0.0	1	229160	n/a
111.90283203125	0.3	1.0	2	229177	n/a
111.9111328125	0.3	0.0	1	229194	n/a
111.91943359375	0.3	1.0	2	229211	n/a
111.927734375	0.3	0.0	1	229228	n/a
111.93603515625	0.3	1.0	2	229245	n/a
111.9443359375	0.3	1.0	2	229262	n/a
111.95263671875	0.3	0.0	1	229279	n/a
111.9609375	0.3	1.0	2	229296	n/a
111.96923828125	0.3	0.0	1	229313	n/a
111.97802734375	0.3	0.0	1	229331	n/a
111.986328125	0.3	1.0	2	229348	n/a
111.99462890625	0.3	1.0	2	229365	n/a
112.0029296875	0.3	0.0	1	229382	n/a
112.01123046875	0.3	0.0	1	229399	n/a
112.01953125	0.3	1.0	2	229416	n/a
112.02783203125	0.3	1.0	2	229433	n/a
112.0361328125	0.3	0.0	1	229450	n/a
112.04443359375	0.3	1.0	2	229467	n/a
112.052734375	0.3	0.0	1	229484	n/a
112.06103515625	0.3	1.0	2	229501	n/a
112.0693359375	0.3	0.0	1	229518	n/a
112.07763671875	0.3	0.0	1	229535	n/a
112.0859375	0.3	1.0	2	229552	n/a
112.09423828125	0.3	0.0	1	229569	n/a
112.10302734375	0.3	1.0	2	229587	n/a
112.111328125	0.3	1.0	2	229604	n/a
112.11962890625	0.3	0.0	1	229621	n/a
112.1279296875	0.3	0.0	1	229638	n/a
112.13623046875	0.3	1.0	2	229655	n/a
112.14453125	0.3	1.0	2	229672	n/a
112.15283203125	0.3	0.0	1	229689	n/a
112.1611328125	0.3	1.0	2	229706	n/a
112.16943359375	0.3	0.0	1	229723	n/a
112.177734375	0.3	0.0	1	229740	n/a
112.18603515625	0.3	1.0	2	229757	n/a
112.1943359375	0.3	0.0	1	229774	n/a
112.20263671875	0.3	1.0	2	229791	n/a
112.2109375	0.3	0.0	1	229808	n/a
112.21923828125	0.3	1.0	2	229825	n/a
112.22802734375	0.3	0.0	1	229843	n/a
112.236328125	0.3	1.0	2	229860	n/a
112.24462890625	0.3	0.0	1	229877	n/a
112.2529296875	0.3	1.0	2	229894	n/a
112.26123046875	0.3	0.0	1	229911	n/a
112.26953125	0.3	1.0	2	229928	n/a
112.27783203125	0.3	1.0	2	229945	n/a
112.2861328125	0.3	0.0	1	229962	n/a
112.29443359375	0.3	0.0	1	229979	n/a
112.302734375	0.3	1.0	2	229996	n/a
112.31103515625	0.3	1.0	2	230013	n/a
112.3193359375	0.3	0.0	1	230030	n/a
112.32763671875	0.3	1.0	2	230047	n/a
112.3359375	0.3	0.0	1	230064	n/a
112.34423828125	0.3	1.0	2	230081	n/a
112.35302734375	0.3	0.0	1	230099	n/a
112.361328125	0.3	0.0	1	230116	n/a
112.36962890625	0.3	1.0	2	230133	n/a
112.3779296875	0.3	1.0	2	230150	n/a
112.38623046875	0.3	0.0	1	230167	n/a
112.39453125	0.3	1.0	2	230184	n/a
112.40283203125	0.3	0.0	1	230201	n/a
112.4111328125	0.3	0.0	1	230218	n/a
112.41943359375	0.3	1.0	2	230235	n/a
112.427734375	0.3	1.0	2	230252	n/a
112.43603515625	0.3	0.0	1	230269	n/a
112.4443359375	0.3	0.0	1	230286	n/a
112.45263671875	0.3	1.0	2	230303	n/a
112.4609375	0.3	0.0	1	230320	n/a
112.46923828125	0.3	1.0	2	230337	n/a
112.47802734375	0.3	1.0	2	230355	n/a
112.486328125	0.3	0.0	1	230372	n/a
112.49462890625	0.3	0.0	1	230389	n/a
112.5029296875	0.3	1.0	2	230406	n/a
112.51123046875	0.3	1.0	2	230423	n/a
112.51953125	0.3	0.0	1	230440	n/a
112.52783203125	0.3	0.0	1	230457	n/a
112.5361328125	0.3	1.0	2	230474	n/a
112.54443359375	0.3	0.0	1	230491	n/a
112.552734375	0.3	1.0	2	230508	n/a
112.56103515625	0.3	1.0	2	230525	n/a
112.5693359375	0.3	0.0	1	230542	n/a
112.57763671875	0.3	1.0	2	230559	n/a
112.5859375	0.3	0.0	1	230576	n/a
112.59423828125	0.3	1.0	2	230593	n/a
112.60302734375	0.3	0.0	1	230611	n/a
112.611328125	0.3	1.0	2	230628	n/a
112.61962890625	0.3	0.0	1	230645	n/a
112.6279296875	0.3	0.0	1	230662	n/a
112.63623046875	0.3	1.0	2	230679	n/a
112.64453125	0.3	0.0	1	230696	n/a
112.65283203125	0.3	1.0	2	230713	n/a
112.6611328125	0.3	1.0	2	230730	n/a
112.66943359375	0.3	0.0	1	230747	n/a
112.677734375	0.3	0.0	1	230764	n/a
112.68603515625	0.3	1.0	2	230781	n/a
112.6943359375	0.3	1.0	2	230798	n/a
112.70263671875	0.3	0.0	1	230815	n/a
112.7109375	0.3	1.0	2	230832	n/a
112.71923828125	0.3	0.0	1	230849	n/a
112.72802734375	0.3	1.0	2	230867	n/a
112.736328125	0.3	0.0	1	230884	n/a
112.74462890625	0.3	1.0	2	230901	n/a
112.7529296875	0.3	0.0	1	230918	n/a
112.76123046875	0.3	0.0	1	230935	n/a
112.76953125	0.3	1.0	2	230952	n/a
112.77783203125	0.3	0.0	1	230969	n/a
112.7861328125	0.3	1.0	2	230986	n/a
112.79443359375	0.3	1.0	2	231003	n/a
112.802734375	0.3	0.0	1	231020	n/a
112.81103515625	0.3	0.0	1	231037	n/a
112.8193359375	0.3	1.0	2	231054	n/a
112.82763671875	0.3	0.0	1	231071	n/a
112.8359375	0.3	1.0	2	231088	n/a
112.84423828125	0.3	0.0	1	231105	n/a
112.85302734375	0.3	1.0	2	231123	n/a
112.861328125	0.3	1.0	2	231140	n/a
112.86962890625	0.3	0.0	1	231157	n/a
112.8779296875	0.3	1.0	2	231174	n/a
112.88623046875	0.3	0.0	1	231191	n/a
112.89453125	0.3	1.0	2	231208	n/a
112.90283203125	0.3	0.0	1	231225	n/a
112.9111328125	0.3	0.0	1	231242	n/a
112.91943359375	0.3	1.0	2	231259	n/a
112.927734375	0.3	0.0	1	231276	n/a
112.93603515625	0.3	1.0	2	231293	n/a
112.9443359375	0.3	0.0	1	231310	n/a
112.95263671875	0.3	1.0	2	231327	n/a
112.9609375	0.3	0.0	1	231344	n/a
112.96923828125	0.3	1.0	2	231361	n/a
112.97802734375	0.3	0.0	1	231379	n/a
112.986328125	0.3	1.0	2	231396	n/a
112.99462890625	0.3	1.0	2	231413	n/a
113.0029296875	0.3	0.0	1	231430	n/a
113.01123046875	0.3	1.0	2	231447	n/a
113.01953125	0.3	0.0	1	231464	n/a
113.02783203125	0.3	0.0	1	231481	n/a
113.0361328125	0.3	1.0	2	231498	n/a
113.04443359375	0.3	1.0	2	231515	n/a
113.052734375	0.3	0.0	1	231532	n/a
113.06103515625	0.3	0.0	1	231549	n/a
113.0693359375	0.3	1.0	2	231566	n/a
113.07763671875	0.3	1.0	2	231583	n/a
113.0859375	0.3	0.0	1	231600	n/a
113.09423828125	0.3	1.0	2	231617	n/a
113.10302734375	0.3	0.0	1	231635	n/a
113.111328125	0.3	1.0	2	231652	n/a
113.11962890625	0.3	0.0	1	231669	n/a
113.1279296875	0.3	0.0	1	231686	n/a
113.13623046875	0.3	1.0	2	231703	n/a
113.14453125	0.3	0.0	1	231720	n/a
113.15283203125	0.3	1.0	2	231737	n/a
113.1611328125	0.3	1.0	2	231754	n/a
113.16943359375	0.3	0.0	1	231771	n/a
113.177734375	0.3	0.0	1	231788	n/a
113.18603515625	0.3	1.0	2	231805	n/a
113.1943359375	0.3	1.0	2	231822	n/a
113.20263671875	0.3	0.0	1	231839	n/a
113.2109375	0.3	1.0	2	231856	n/a
113.21923828125	0.3	0.0	1	231873	n/a
113.22802734375	0.3	0.0	1	231891	n/a
113.236328125	0.3	1.0	2	231908	n/a
113.24462890625	0.3	0.0	1	231925	n/a
113.2529296875	0.3	1.0	2	231942	n/a
113.26123046875	0.3	0.0	1	231959	n/a
113.26953125	0.3	1.0	2	231976	n/a
113.27783203125	0.3	0.0	1	231993	n/a
113.2861328125	0.3	1.0	2	232010	n/a
113.29443359375	0.3	0.0	1	232027	n/a
113.302734375	0.3	1.0	2	232044	n/a
113.31103515625	0.3	0.0	1	232061	n/a
113.3193359375	0.3	1.0	2	232078	n/a
113.32763671875	0.3	1.0	2	232095	n/a
113.3359375	0.3	0.0	1	232112	n/a
113.34423828125	0.3	0.0	1	232129	n/a
113.35302734375	0.3	1.0	2	232147	n/a
113.361328125	0.3	1.0	2	232164	n/a
113.36962890625	0.3	0.0	1	232181	n/a
113.3779296875	0.3	1.0	2	232198	n/a
113.38623046875	0.3	0.0	1	232215	n/a
113.39453125	0.3	1.0	2	232232	n/a
113.40283203125	0.3	0.0	1	232249	n/a
113.4111328125	0.3	0.0	1	232266	n/a
113.41943359375	0.3	1.0	2	232283	n/a
113.427734375	0.3	1.0	2	232300	n/a
113.43603515625	0.3	0.0	1	232317	n/a
113.4443359375	0.3	1.0	2	232334	n/a
113.45263671875	0.3	0.0	1	232351	n/a
113.4609375	0.3	0.0	1	232368	n/a
113.46923828125	0.3	1.0	2	232385	n/a
113.47802734375	0.3	1.0	2	232403	n/a
113.486328125	0.3	0.0	1	232420	n/a
113.49462890625	0.3	0.0	1	232437	n/a
113.5029296875	0.3	1.0	2	232454	n/a
113.51123046875	0.3	0.0	1	232471	n/a
113.51953125	0.3	1.0	2	232488	n/a
113.52783203125	0.3	1.0	2	232505	n/a
113.5361328125	0.3	0.0	1	232522	n/a
113.54443359375	0.3	0.0	1	232539	n/a
113.552734375	0.3	1.0	2	232556	n/a
113.56103515625	0.3	1.0	2	232573	n/a
113.5693359375	0.3	0.0	1	232590	n/a
113.57763671875	0.3	0.0	1	232607	n/a
113.5859375	0.3	1.0	2	232624	n/a
113.59423828125	0.3	0.0	1	232641	n/a
113.60302734375	0.3	1.0	2	232659	n/a
113.611328125	0.3	1.0	2	232676	n/a
113.61962890625	0.3	0.0	1	232693	n/a
113.6279296875	0.3	1.0	2	232710	n/a
113.63623046875	0.3	0.0	1	232727	n/a
113.64453125	0.3	1.0	2	232744	n/a
113.65283203125	0.3	0.0	1	232761	n/a
113.6611328125	0.3	1.0	2	232778	n/a
113.66943359375	0.3	0.0	1	232795	n/a
113.677734375	0.3	0.0	1	232812	n/a
113.68603515625	0.3	1.0	2	232829	n/a
113.6943359375	0.3	0.0	1	232846	n/a
113.70263671875	0.3	1.0	2	232863	n/a
113.7109375	0.3	1.0	2	232880	n/a
113.71923828125	0.3	0.0	1	232897	n/a
113.72802734375	0.3	0.0	1	232915	n/a
113.736328125	0.3	1.0	2	232932	n/a
113.74462890625	0.3	1.0	2	232949	n/a
113.7529296875	0.3	0.0	1	232966	n/a
113.76123046875	0.3	1.0	2	232983	n/a
113.76953125	0.3	0.0	1	233000	n/a
113.77783203125	0.3	1.0	2	233017	n/a
113.7861328125	0.3	0.0	1	233034	n/a
113.79443359375	0.3	1.0	2	233051	n/a
113.802734375	0.3	0.0	1	233068	n/a
113.81103515625	0.3	0.0	1	233085	n/a
113.8193359375	0.3	1.0	2	233102	n/a
113.82763671875	0.3	0.0	1	233119	n/a
113.8359375	0.3	1.0	2	233136	n/a
113.84423828125	0.3	1.0	2	233153	n/a
113.85302734375	0.3	0.0	1	233171	n/a
113.861328125	0.3	0.0	1	233188	n/a
113.86962890625	0.3	1.0	2	233205	n/a
113.8779296875	0.3	0.0	1	233222	n/a
113.88623046875	0.3	1.0	2	233239	n/a
113.89453125	0.3	0.0	1	233256	n/a
113.90283203125	0.3	1.0	2	233273	n/a
113.9111328125	0.3	1.0	2	233290	n/a
113.91943359375	0.3	0.0	1	233307	n/a
113.927734375	0.3	1.0	2	233324	n/a
113.93603515625	0.3	0.0	1	233341	n/a
113.9443359375	0.3	1.0	2	233358	n/a
113.95263671875	0.3	0.0	1	233375	n/a
113.9609375	0.3	0.0	1	233392	n/a
113.96923828125	0.3	1.0	2	233409	n/a
113.97802734375	0.3	0.0	1	233427	n/a
113.986328125	0.3	1.0	2	233444	n/a
113.99462890625	0.3	0.0	1	233461	n/a
114.0029296875	0.3	1.0	2	233478	n/a
114.01123046875	0.3	0.0	1	233495	n/a
114.01953125	0.3	1.0	2	233512	n/a
114.02783203125	0.3	0.0	1	233529	n/a
114.0361328125	0.3	1.0	2	233546	n/a
114.04443359375	0.3	1.0	2	233563	n/a
114.052734375	0.3	0.0	1	233580	n/a
114.06103515625	0.3	1.0	2	233597	n/a
114.0693359375	0.3	0.0	1	233614	n/a
114.07763671875	0.3	0.0	1	233631	n/a
114.0859375	0.3	1.0	2	233648	n/a
114.09423828125	0.3	1.0	2	233665	n/a
114.10302734375	0.3	0.0	1	233683	n/a
116.4951171875	0.3	0.0	1	238582	25.0
116.50341796875	0.3	1.0	2	238599	n/a
116.51171875	0.3	1.0	2	238616	n/a
116.52001953125	0.3	0.0	1	238633	n/a
116.5283203125	0.3	1.0	2	238650	n/a
116.53662109375	0.3	0.0	1	238667	n/a
116.544921875	0.3	0.0	1	238684	n/a
116.55322265625	0.3	1.0	2	238701	n/a
116.56201171875	0.3	1.0	2	238719	n/a
116.5703125	0.3	0.0	1	238736	n/a
116.57861328125	0.3	0.0	1	238753	n/a
116.5869140625	0.3	1.0	2	238770	n/a
116.59521484375	0.3	1.0	2	238787	n/a
116.603515625	0.3	0.0	1	238804	n/a
116.61181640625	0.3	0.0	1	238821	n/a
116.6201171875	0.3	1.0	2	238838	n/a
116.62841796875	0.3	1.0	2	238855	n/a
116.63671875	0.3	0.0	1	238872	n/a
116.64501953125	0.3	1.0	2	238889	n/a
116.6533203125	0.3	0.0	1	238906	n/a
116.66162109375	0.3	1.0	2	238923	n/a
116.669921875	0.3	0.0	1	238940	n/a
116.67822265625	0.3	0.0	1	238957	n/a
116.68701171875	0.3	1.0	2	238975	n/a
116.6953125	0.3	0.0	1	238992	n/a
116.70361328125	0.3	1.0	2	239009	n/a
116.7119140625	0.3	1.0	2	239026	n/a
116.72021484375	0.3	0.0	1	239043	n/a
116.728515625	0.3	1.0	2	239060	n/a
116.73681640625	0.3	0.0	1	239077	n/a
116.7451171875	0.3	0.0	1	239094	n/a
116.75341796875	0.3	1.0	2	239111	n/a
116.76171875	0.3	0.0	1	239128	n/a
116.77001953125	0.3	1.0	2	239145	n/a
116.7783203125	0.3	0.0	1	239162	n/a
116.78662109375	0.3	1.0	2	239179	n/a
116.794921875	0.3	0.0	1	239196	n/a
116.80322265625	0.3	1.0	2	239213	n/a
116.81201171875	0.3	1.0	2	239231	n/a
116.8203125	0.3	0.0	1	239248	n/a
116.82861328125	0.3	0.0	1	239265	n/a
116.8369140625	0.3	1.0	2	239282	n/a
116.84521484375	0.3	0.0	1	239299	n/a
116.853515625	0.3	1.0	2	239316	n/a
116.86181640625	0.3	0.0	1	239333	n/a
116.8701171875	0.3	1.0	2	239350	n/a
116.87841796875	0.3	1.0	2	239367	n/a
116.88671875	0.3	0.0	1	239384	n/a
116.89501953125	0.3	0.0	1	239401	n/a
116.9033203125	0.3	1.0	2	239418	n/a
116.91162109375	0.3	1.0	2	239435	n/a
116.919921875	0.3	0.0	1	239452	n/a
116.92822265625	0.3	0.0	1	239469	n/a
116.93701171875	0.3	1.0	2	239487	n/a
116.9453125	0.3	0.0	1	239504	n/a
116.95361328125	0.3	1.0	2	239521	n/a
116.9619140625	0.3	1.0	2	239538	n/a
116.97021484375	0.3	0.0	1	239555	n/a
116.978515625	0.3	0.0	1	239572	n/a
116.98681640625	0.3	1.0	2	239589	n/a
116.9951171875	0.3	1.0	2	239606	n/a
117.00341796875	0.3	0.0	1	239623	n/a
117.01171875	0.3	1.0	2	239640	n/a
117.02001953125	0.3	0.0	1	239657	n/a
117.0283203125	0.3	0.0	1	239674	n/a
117.03662109375	0.3	1.0	2	239691	n/a
117.044921875	0.3	0.0	1	239708	n/a
117.05322265625	0.3	1.0	2	239725	n/a
117.06201171875	0.3	1.0	2	239743	n/a
117.0703125	0.3	0.0	1	239760	n/a
117.07861328125	0.3	0.0	1	239777	n/a
117.0869140625	0.3	1.0	2	239794	n/a
117.09521484375	0.3	0.0	1	239811	n/a
117.103515625	0.3	1.0	2	239828	n/a
117.11181640625	0.3	1.0	2	239845	n/a
117.1201171875	0.3	0.0	1	239862	n/a
117.12841796875	0.3	1.0	2	239879	n/a
117.13671875	0.3	0.0	1	239896	n/a
117.14501953125	0.3	1.0	2	239913	n/a
117.1533203125	0.3	0.0	1	239930	n/a
117.16162109375	0.3	0.0	1	239947	n/a
117.169921875	0.3	1.0	2	239964	n/a
117.17822265625	0.3	1.0	2	239981	n/a
117.18701171875	0.3	0.0	1	239999	n/a
117.1953125	0.3	1.0	2	240016	n/a
117.20361328125	0.3	0.0	1	240033	n/a
117.2119140625	0.3	0.0	1	240050	n/a
117.22021484375	0.3	1.0	2	240067	n/a
117.228515625	0.3	1.0	2	240084	n/a
117.23681640625	0.3	0.0	1	240101	n/a
117.2451171875	0.3	1.0	2	240118	n/a
117.25341796875	0.3	0.0	1	240135	n/a
117.26171875	0.3	1.0	2	240152	n/a
117.27001953125	0.3	0.0	1	240169	n/a
117.2783203125	0.3	1.0	2	240186	n/a
117.28662109375	0.3	0.0	1	240203	n/a
117.294921875	0.3	0.0	1	240220	n/a
117.30322265625	0.3	1.0	2	240237	n/a
117.31201171875	0.3	0.0	1	240255	n/a
117.3203125	0.3	1.0	2	240272	n/a
117.32861328125	0.3	0.0	1	240289	n/a
117.3369140625	0.3	1.0	2	240306	n/a
117.34521484375	0.3	1.0	2	240323	n/a
117.353515625	0.3	0.0	1	240340	n/a
117.36181640625	0.3	1.0	2	240357	n/a
117.3701171875	0.3	0.0	1	240374	n/a
117.37841796875	0.3	1.0	2	240391	n/a
117.38671875	0.3	0.0	1	240408	n/a
117.39501953125	0.3	1.0	2	240425	n/a
117.4033203125	0.3	0.0	1	240442	n/a
117.41162109375	0.3	1.0	2	240459	n/a
117.419921875	0.3	0.0	1	240476	n/a
117.42822265625	0.3	0.0	1	240493	n/a
117.43701171875	0.3	1.0	2	240511	n/a
117.4453125	0.3	1.0	2	240528	n/a
117.45361328125	0.3	0.0	1	240545	n/a
117.4619140625	0.3	0.0	1	240562	n/a
117.47021484375	0.3	1.0	2	240579	n/a
117.478515625	0.3	0.0	1	240596	n/a
117.48681640625	0.3	1.0	2	240613	n/a
117.4951171875	0.3	0.0	1	240630	n/a
117.50341796875	0.3	1.0	2	240647	n/a
117.51171875	0.3	0.0	1	240664	n/a
117.52001953125	0.3	1.0	2	240681	n/a
117.5283203125	0.3	0.0	1	240698	n/a
117.53662109375	0.3	1.0	2	240715	n/a
117.544921875	0.3	0.0	1	240732	n/a
117.55322265625	0.3	1.0	2	240749	n/a
117.56201171875	0.3	1.0	2	240767	n/a
117.5703125	0.3	0.0	1	240784	n/a
117.57861328125	0.3	1.0	2	240801	n/a
117.5869140625	0.3	0.0	1	240818	n/a
117.59521484375	0.3	0.0	1	240835	n/a
117.603515625	0.3	1.0	2	240852	n/a
117.61181640625	0.3	1.0	2	240869	n/a
117.6201171875	0.3	0.0	1	240886	n/a
117.62841796875	0.3	0.0	1	240903	n/a
117.63671875	0.3	1.0	2	240920	n/a
117.64501953125	0.3	1.0	2	240937	n/a
117.6533203125	0.3	0.0	1	240954	n/a
117.66162109375	0.3	0.0	1	240971	n/a
117.669921875	0.3	1.0	2	240988	n/a
117.67822265625	0.3	1.0	2	241005	n/a
117.68701171875	0.3	0.0	1	241023	n/a
117.6953125	0.3	1.0	2	241040	n/a
117.70361328125	0.3	0.0	1	241057	n/a
117.7119140625	0.3	1.0	2	241074	n/a
117.72021484375	0.3	0.0	1	241091	n/a
117.728515625	0.3	0.0	1	241108	n/a
117.73681640625	0.3	1.0	2	241125	n/a
117.7451171875	0.3	0.0	1	241142	n/a
117.75341796875	0.3	1.0	2	241159	n/a
117.76171875	0.3	1.0	2	241176	n/a
117.77001953125	0.3	0.0	1	241193	n/a
117.7783203125	0.3	1.0	2	241210	n/a
117.78662109375	0.3	0.0	1	241227	n/a
117.794921875	0.3	0.0	1	241244	n/a
117.80322265625	0.3	1.0	2	241261	n/a
117.81201171875	0.3	0.0	1	241279	n/a
117.8203125	0.3	1.0	2	241296	n/a
117.82861328125	0.3	0.0	1	241313	n/a
117.8369140625	0.3	1.0	2	241330	n/a
117.84521484375	0.3	0.0	1	241347	n/a
117.853515625	0.3	1.0	2	241364	n/a
117.86181640625	0.3	1.0	2	241381	n/a
117.8701171875	0.3	0.0	1	241398	n/a
117.87841796875	0.3	0.0	1	241415	n/a
117.88671875	0.3	1.0	2	241432	n/a
117.89501953125	0.3	0.0	1	241449	n/a
117.9033203125	0.3	1.0	2	241466	n/a
117.91162109375	0.3	0.0	1	241483	n/a
117.919921875	0.3	1.0	2	241500	n/a
117.92822265625	0.3	1.0	2	241517	n/a
117.93701171875	0.3	0.0	1	241535	n/a
117.9453125	0.3	0.0	1	241552	n/a
117.95361328125	0.3	1.0	2	241569	n/a
117.9619140625	0.3	1.0	2	241586	n/a
117.97021484375	0.3	0.0	1	241603	n/a
117.978515625	0.3	0.0	1	241620	n/a
117.98681640625	0.3	1.0	2	241637	n/a
117.9951171875	0.3	0.0	1	241654	n/a
118.00341796875	0.3	1.0	2	241671	n/a
118.01171875	0.3	1.0	2	241688	n/a
118.02001953125	0.3	0.0	1	241705	n/a
118.0283203125	0.3	0.0	1	241722	n/a
118.03662109375	0.3	1.0	2	241739	n/a
118.044921875	0.3	1.0	2	241756	n/a
118.05322265625	0.3	0.0	1	241773	n/a
118.06201171875	0.3	1.0	2	241791	n/a
118.0703125	0.3	0.0	1	241808	n/a
118.07861328125	0.3	0.0	1	241825	n/a
118.0869140625	0.3	1.0	2	241842	n/a
118.09521484375	0.3	0.0	1	241859	n/a
118.103515625	0.3	1.0	2	241876	n/a
118.11181640625	0.3	1.0	2	241893	n/a
118.1201171875	0.3	0.0	1	241910	n/a
118.12841796875	0.3	0.0	1	241927	n/a
118.13671875	0.3	1.0	2	241944	n/a
118.14501953125	0.3	0.0	1	241961	n/a
118.1533203125	0.3	1.0	2	241978	n/a
118.16162109375	0.3	1.0	2	241995	n/a
118.169921875	0.3	0.0	1	242012	n/a
118.17822265625	0.3	1.0	2	242029	n/a
118.18701171875	0.3	0.0	1	242047	n/a
118.1953125	0.3	1.0	2	242064	n/a
118.20361328125	0.3	0.0	1	242081	n/a
118.2119140625	0.3	0.0	1	242098	n/a
118.22021484375	0.3	1.0	2	242115	n/a
118.228515625	0.3	1.0	2	242132	n/a
118.23681640625	0.3	0.0	1	242149	n/a
118.2451171875	0.3	1.0	2	242166	n/a
118.25341796875	0.3	0.0	1	242183	n/a
118.26171875	0.3	0.0	1	242200	n/a
118.27001953125	0.3	1.0	2	242217	n/a
118.2783203125	0.3	1.0	2	242234	n/a
118.28662109375	0.3	0.0	1	242251	n/a
118.294921875	0.3	1.0	2	242268	n/a
118.30322265625	0.3	0.0	1	242285	n/a
118.31201171875	0.3	1.0	2	242303	n/a
118.3203125	0.3	0.0	1	242320	n/a
118.32861328125	0.3	1.0	2	242337	n/a
118.3369140625	0.3	0.0	1	242354	n/a
118.34521484375	0.3	0.0	1	242371	n/a
118.353515625	0.3	1.0	2	242388	n/a
118.36181640625	0.3	0.0	1	242405	n/a
118.3701171875	0.3	1.0	2	242422	n/a
118.37841796875	0.3	0.0	1	242439	n/a
118.38671875	0.3	1.0	2	242456	n/a
118.39501953125	0.3	1.0	2	242473	n/a
118.4033203125	0.3	0.0	1	242490	n/a
118.41162109375	0.3	1.0	2	242507	n/a
118.419921875	0.3	0.0	1	242524	n/a
118.42822265625	0.3	1.0	2	242541	n/a
118.43701171875	0.3	0.0	1	242559	n/a
118.4453125	0.3	1.0	2	242576	n/a
118.45361328125	0.3	0.0	1	242593	n/a
118.4619140625	0.3	1.0	2	242610	n/a
118.47021484375	0.3	0.0	1	242627	n/a
118.478515625	0.3	0.0	1	242644	n/a
118.48681640625	0.3	1.0	2	242661	n/a
118.4951171875	0.3	1.0	2	242678	n/a
118.50341796875	0.3	0.0	1	242695	n/a
118.51171875	0.3	0.0	1	242712	n/a
118.52001953125	0.3	1.0	2	242729	n/a
118.5283203125	0.3	0.0	1	242746	n/a
118.53662109375	0.3	1.0	2	242763	n/a
118.544921875	0.3	0.0	1	242780	n/a
118.55322265625	0.3	1.0	2	242797	n/a
118.56201171875	0.3	0.0	1	242815	n/a
118.5703125	0.3	1.0	2	242832	n/a
118.57861328125	0.3	0.0	1	242849	n/a
118.5869140625	0.3	1.0	2	242866	n/a
118.59521484375	0.3	0.0	1	242883	n/a
118.603515625	0.3	1.0	2	242900	n/a
118.61181640625	0.3	1.0	2	242917	n/a
118.6201171875	0.3	0.0	1	242934	n/a
118.62841796875	0.3	1.0	2	242951	n/a
118.63671875	0.3	0.0	1	242968	n/a
118.64501953125	0.3	0.0	1	242985	n/a
118.6533203125	0.3	1.0	2	243002	n/a
118.66162109375	0.3	1.0	2	243019	n/a
118.669921875	0.3	0.0	1	243036	n/a
118.67822265625	0.3	0.0	1	243053	n/a
118.68701171875	0.3	1.0	2	243071	n/a
118.6953125	0.3	1.0	2	243088	n/a
118.70361328125	0.3	0.0	1	243105	n/a
118.7119140625	0.3	0.0	1	243122	n/a
118.72021484375	0.3	1.0	2	243139	n/a
118.728515625	0.3	1.0	2	243156	n/a
118.73681640625	0.3	0.0	1	243173	n/a
118.7451171875	0.3	1.0	2	243190	n/a
118.75341796875	0.3	0.0	1	243207	n/a
118.76171875	0.3	1.0	2	243224	n/a
118.77001953125	0.3	0.0	1	243241	n/a
118.7783203125	0.3	0.0	1	243258	n/a
118.78662109375	0.3	1.0	2	243275	n/a
118.794921875	0.3	0.0	1	243292	n/a
118.80322265625	0.3	1.0	2	243309	n/a
118.81201171875	0.3	1.0	2	243327	n/a
118.8203125	0.3	0.0	1	243344	n/a
118.82861328125	0.3	1.0	2	243361	n/a
118.8369140625	0.3	0.0	1	243378	n/a
118.84521484375	0.3	0.0	1	243395	n/a
118.853515625	0.3	1.0	2	243412	n/a
118.86181640625	0.3	0.0	1	243429	n/a
118.8701171875	0.3	1.0	2	243446	n/a
118.87841796875	0.3	0.0	1	243463	n/a
118.88671875	0.3	1.0	2	243480	n/a
118.89501953125	0.3	0.0	1	243497	n/a
118.9033203125	0.3	1.0	2	243514	n/a
118.91162109375	0.3	1.0	2	243531	n/a
118.919921875	0.3	0.0	1	243548	n/a
118.92822265625	0.3	0.0	1	243565	n/a
118.93701171875	0.3	1.0	2	243583	n/a
118.9453125	0.3	0.0	1	243600	n/a
118.95361328125	0.3	1.0	2	243617	n/a
118.9619140625	0.3	0.0	1	243634	n/a
118.97021484375	0.3	1.0	2	243651	n/a
118.978515625	0.3	1.0	2	243668	n/a
118.98681640625	0.3	0.0	1	243685	n/a
118.9951171875	0.3	0.0	1	243702	n/a
119.00341796875	0.3	1.0	2	243719	n/a
119.01171875	0.3	1.0	2	243736	n/a
119.02001953125	0.3	0.0	1	243753	n/a
119.0283203125	0.3	0.0	1	243770	n/a
119.03662109375	0.3	1.0	2	243787	n/a
119.044921875	0.3	0.0	1	243804	n/a
119.05322265625	0.3	1.0	2	243821	n/a
119.06201171875	0.3	1.0	2	243839	n/a
119.0703125	0.3	0.0	1	243856	n/a
119.07861328125	0.3	0.0	1	243873	n/a
119.0869140625	0.3	1.0	2	243890	n/a
119.09521484375	0.3	1.0	2	243907	n/a
119.103515625	0.3	0.0	1	243924	n/a
119.11181640625	0.3	1.0	2	243941	n/a
119.1201171875	0.3	0.0	1	243958	n/a
119.12841796875	0.3	0.0	1	243975	n/a
119.13671875	0.3	1.0	2	243992	n/a
119.14501953125	0.3	0.0	1	244009	n/a
119.1533203125	0.3	1.0	2	244026	n/a
119.16162109375	0.3	1.0	2	244043	n/a
119.169921875	0.3	0.0	1	244060	n/a
119.17822265625	0.3	0.0	1	244077	n/a
119.18701171875	0.3	1.0	2	244095	n/a
119.1953125	0.3	0.0	1	244112	n/a
119.20361328125	0.3	1.0	2	244129	n/a
119.2119140625	0.3	1.0	2	244146	n/a
119.22021484375	0.3	0.0	1	244163	n/a
119.228515625	0.3	1.0	2	244180	n/a
119.23681640625	0.3	0.0	1	244197	n/a
119.2451171875	0.3	1.0	2	244214	n/a
119.25341796875	0.3	0.0	1	244231	n/a
119.26171875	0.3	0.0	1	244248	n/a
119.27001953125	0.3	1.0	2	244265	n/a
119.2783203125	0.3	1.0	2	244282	n/a
119.28662109375	0.3	0.0	1	244299	n/a
119.294921875	0.3	1.0	2	244316	n/a
119.30322265625	0.3	0.0	1	244333	n/a
119.31201171875	0.3	0.0	1	244351	n/a
119.3203125	0.3	1.0	2	244368	n/a
119.32861328125	0.3	1.0	2	244385	n/a
119.3369140625	0.3	0.0	1	244402	n/a
119.34521484375	0.3	1.0	2	244419	n/a
119.353515625	0.3	0.0	1	244436	n/a
119.36181640625	0.3	1.0	2	244453	n/a
119.3701171875	0.3	0.0	1	244470	n/a
119.37841796875	0.3	1.0	2	244487	n/a
119.38671875	0.3	0.0	1	244504	n/a
119.39501953125	0.3	0.0	1	244521	n/a
119.4033203125	0.3	1.0	2	244538	n/a
119.41162109375	0.3	0.0	1	244555	n/a
119.419921875	0.3	1.0	2	244572	n/a
119.42822265625	0.3	0.0	1	244589	n/a
119.43701171875	0.3	1.0	2	244607	n/a
119.4453125	0.3	1.0	2	244624	n/a
119.45361328125	0.3	0.0	1	244641	n/a
119.4619140625	0.3	1.0	2	244658	n/a
119.47021484375	0.3	0.0	1	244675	n/a
119.478515625	0.3	1.0	2	244692	n/a
119.48681640625	0.3	0.0	1	244709	n/a
119.4951171875	0.3	1.0	2	244726	n/a
119.50341796875	0.3	0.0	1	244743	n/a
119.51171875	0.3	1.0	2	244760	n/a
119.52001953125	0.3	0.0	1	244777	n/a
119.5283203125	0.3	0.0	1	244794	n/a
119.53662109375	0.3	1.0	2	244811	n/a
119.544921875	0.3	1.0	2	244828	n/a
119.55322265625	0.3	0.0	1	244845	n/a
119.56201171875	0.3	0.0	1	244863	n/a
119.5703125	0.3	1.0	2	244880	n/a
119.57861328125	0.3	0.0	1	244897	n/a
119.5869140625	0.3	1.0	2	244914	n/a
119.59521484375	0.3	0.0	1	244931	n/a
119.603515625	0.3	1.0	2	244948	n/a
119.61181640625	0.3	0.0	1	244965	n/a
119.6201171875	0.3	1.0	2	244982	n/a
119.62841796875	0.3	0.0	1	244999	n/a
119.63671875	0.3	1.0	2	245016	n/a
119.64501953125	0.3	0.0	1	245033	n/a
119.6533203125	0.3	1.0	2	245050	n/a
119.66162109375	0.3	1.0	2	245067	n/a
119.669921875	0.3	0.0	1	245084	n/a
119.67822265625	0.3	1.0	2	245101	n/a
119.68701171875	0.3	0.0	1	245119	n/a
119.6953125	0.3	0.0	1	245136	n/a
119.70361328125	0.3	1.0	2	245153	n/a
119.7119140625	0.3	1.0	2	245170	n/a
119.72021484375	0.3	0.0	1	245187	n/a
119.728515625	0.3	0.0	1	245204	n/a
119.73681640625	0.3	1.0	2	245221	n/a
119.7451171875	0.3	1.0	2	245238	n/a
119.75341796875	0.3	0.0	1	245255	n/a
119.76171875	0.3	0.0	1	245272	n/a
119.77001953125	0.3	1.0	2	245289	n/a
119.7783203125	0.3	1.0	2	245306	n/a
119.78662109375	0.3	0.0	1	245323	n/a
119.794921875	0.3	1.0	2	245340	n/a
119.80322265625	0.3	0.0	1	245357	n/a
119.81201171875	0.3	1.0	2	245375	n/a
119.8203125	0.3	0.0	1	245392	n/a
119.82861328125	0.3	0.0	1	245409	n/a
119.8369140625	0.3	1.0	2	245426	n/a
119.84521484375	0.3	0.0	1	245443	n/a
119.853515625	0.3	1.0	2	245460	n/a
119.86181640625	0.3	1.0	2	245477	n/a
119.8701171875	0.3	0.0	1	245494	n/a
119.87841796875	0.3	1.0	2	245511	n/a
119.88671875	0.3	0.0	1	245528	n/a
119.89501953125	0.3	0.0	1	245545	n/a
119.9033203125	0.3	1.0	2	245562	n/a
119.91162109375	0.3	0.0	1	245579	n/a
119.919921875	0.3	1.0	2	245596	n/a
119.92822265625	0.3	0.0	1	245613	n/a
119.93701171875	0.3	1.0	2	245631	n/a
119.9453125	0.3	0.0	1	245648	n/a
119.95361328125	0.3	1.0	2	245665	n/a
119.9619140625	0.3	1.0	2	245682	n/a
119.97021484375	0.3	0.0	1	245699	n/a
119.978515625	0.3	0.0	1	245716	n/a
119.98681640625	0.3	1.0	2	245733	n/a
119.9951171875	0.3	0.0	1	245750	n/a
120.00341796875	0.3	1.0	2	245767	n/a
120.01171875	0.3	0.0	1	245784	n/a
120.02001953125	0.3	1.0	2	245801	n/a
120.0283203125	0.3	1.0	2	245818	n/a
120.03662109375	0.3	0.0	1	245835	n/a
120.044921875	0.3	0.0	1	245852	n/a
120.05322265625	0.3	1.0	2	245869	n/a
120.06201171875	0.3	1.0	2	245887	n/a
120.0703125	0.3	0.0	1	245904	n/a
120.07861328125	0.3	0.0	1	245921	n/a
120.0869140625	0.3	1.0	2	245938	n/a
120.09521484375	0.3	0.0	1	245955	n/a
120.103515625	0.3	1.0	2	245972	n/a
120.11181640625	0.3	1.0	2	245989	n/a
120.1201171875	0.3	0.0	1	246006	n/a
120.12841796875	0.3	0.0	1	246023	n/a
120.13671875	0.3	1.0	2	246040	n/a
120.14501953125	0.3	1.0	2	246057	n/a
120.1533203125	0.3	0.0	1	246074	n/a
120.16162109375	0.3	1.0	2	246091	n/a
120.169921875	0.3	0.0	1	246108	n/a
120.17822265625	0.3	0.0	1	246125	n/a
120.18701171875	0.3	1.0	2	246143	n/a
120.1953125	0.3	0.0	1	246160	n/a
120.20361328125	0.3	1.0	2	246177	n/a
120.2119140625	0.3	1.0	2	246194	n/a
120.22021484375	0.3	0.0	1	246211	n/a
120.228515625	0.3	0.0	1	246228	n/a
120.23681640625	0.3	1.0	2	246245	n/a
120.2451171875	0.3	0.0	1	246262	n/a
120.25341796875	0.3	1.0	2	246279	n/a
120.26171875	0.3	1.0	2	246296	n/a
120.27001953125	0.3	0.0	1	246313	n/a
120.2783203125	0.3	1.0	2	246330	n/a
120.28662109375	0.3	0.0	1	246347	n/a
120.294921875	0.3	1.0	2	246364	n/a
120.30322265625	0.3	0.0	1	246381	n/a
120.31201171875	0.3	0.0	1	246399	n/a
120.3203125	0.3	1.0	2	246416	n/a
120.32861328125	0.3	1.0	2	246433	n/a
120.3369140625	0.3	0.0	1	246450	n/a
120.34521484375	0.3	1.0	2	246467	n/a
120.353515625	0.3	0.0	1	246484	n/a
120.36181640625	0.3	0.0	1	246501	n/a
120.3701171875	0.3	1.0	2	246518	n/a
120.37841796875	0.3	1.0	2	246535	n/a
120.38671875	0.3	0.0	1	246552	n/a
120.39501953125	0.3	1.0	2	246569	n/a
120.4033203125	0.3	0.0	1	246586	n/a
120.41162109375	0.3	1.0	2	246603	n/a
120.419921875	0.3	0.0	1	246620	n/a
120.42822265625	0.3	1.0	2	246637	n/a
120.43701171875	0.3	0.0	1	246655	n/a
120.4453125	0.3	0.0	1	246672	n/a
120.45361328125	0.3	1.0	2	246689	n/a
120.4619140625	0.3	0.0	1	246706	n/a
120.47021484375	0.3	1.0	2	246723	n/a
120.478515625	0.3	0.0	1	246740	n/a
120.48681640625	0.3	1.0	2	246757	n/a
120.4951171875	0.3	1.0	2	246774	n/a
120.50341796875	0.3	0.0	1	246791	n/a
120.51171875	0.3	1.0	2	246808	n/a
120.52001953125	0.3	0.0	1	246825	n/a
120.5283203125	0.3	1.0	2	246842	n/a
120.53662109375	0.3	0.0	1	246859	n/a
120.544921875	0.3	1.0	2	246876	n/a
120.55322265625	0.3	0.0	1	246893	n/a
120.56201171875	0.3	1.0	2	246911	n/a
120.5703125	0.3	0.0	1	246928	n/a
120.57861328125	0.3	0.0	1	246945	n/a
120.5869140625	0.3	1.0	2	246962	n/a
120.59521484375	0.3	1.0	2	246979	n/a
120.603515625	0.3	0.0	1	246996	n/a
120.61181640625	0.3	0.0	1	247013	n/a
120.6201171875	0.3	1.0	2	247030	n/a
120.62841796875	0.3	0.0	1	247047	n/a
120.63671875	0.3	1.0	2	247064	n/a
120.64501953125	0.3	0.0	1	247081	n/a
120.6533203125	0.3	1.0	2	247098	n/a
120.66162109375	0.3	0.0	1	247115	n/a
120.669921875	0.3	1.0	2	247132	n/a
120.67822265625	0.3	0.0	1	247149	n/a
120.68701171875	0.3	1.0	2	247167	n/a
123.0703125	0.3	0.0	1	252048	8.0
123.07861328125	0.3	1.0	2	252065	n/a
123.0869140625	0.3	1.0	2	252082	n/a
123.09521484375	0.3	0.0	1	252099	n/a
123.103515625	0.3	0.0	1	252116	n/a
123.11181640625	0.3	1.0	2	252133	n/a
123.1201171875	0.3	1.0	2	252150	n/a
123.12841796875	0.3	0.0	1	252167	n/a
123.13720703125	0.3	1.0	2	252185	n/a
123.1455078125	0.3	0.0	1	252202	n/a
123.15380859375	0.3	0.0	1	252219	n/a
123.162109375	0.3	1.0	2	252236	n/a
123.17041015625	0.3	0.0	1	252253	n/a
123.1787109375	0.3	1.0	2	252270	n/a
123.18701171875	0.3	0.0	1	252287	n/a
123.1953125	0.3	1.0	2	252304	n/a
123.20361328125	0.3	1.0	2	252321	n/a
123.2119140625	0.3	0.0	1	252338	n/a
123.22021484375	0.3	1.0	2	252355	n/a
123.228515625	0.3	0.0	1	252372	n/a
123.23681640625	0.3	1.0	2	252389	n/a
123.2451171875	0.3	0.0	1	252406	n/a
123.25341796875	0.3	1.0	2	252423	n/a
123.26220703125	0.3	0.0	1	252441	n/a
123.2705078125	0.3	0.0	1	252458	n/a
123.27880859375	0.3	1.0	2	252475	n/a
123.287109375	0.3	0.0	1	252492	n/a
123.29541015625	0.3	1.0	2	252509	n/a
123.3037109375	0.3	1.0	2	252526	n/a
123.31201171875	0.3	0.0	1	252543	n/a
123.3203125	0.3	1.0	2	252560	n/a
123.32861328125	0.3	0.0	1	252577	n/a
123.3369140625	0.3	0.0	1	252594	n/a
123.34521484375	0.3	1.0	2	252611	n/a
123.353515625	0.3	1.0	2	252628	n/a
123.36181640625	0.3	0.0	1	252645	n/a
123.3701171875	0.3	1.0	2	252662	n/a
123.37841796875	0.3	0.0	1	252679	n/a
123.38720703125	0.3	0.0	1	252697	n/a
123.3955078125	0.3	1.0	2	252714	n/a
123.40380859375	0.3	0.0	1	252731	n/a
123.412109375	0.3	1.0	2	252748	n/a
123.42041015625	0.3	1.0	2	252765	n/a
123.4287109375	0.3	0.0	1	252782	n/a
123.43701171875	0.3	1.0	2	252799	n/a
123.4453125	0.3	0.0	1	252816	n/a
123.45361328125	0.3	0.0	1	252833	n/a
123.4619140625	0.3	1.0	2	252850	n/a
123.47021484375	0.3	0.0	1	252867	n/a
123.478515625	0.3	1.0	2	252884	n/a
123.48681640625	0.3	0.0	1	252901	n/a
123.4951171875	0.3	1.0	2	252918	n/a
123.50341796875	0.3	1.0	2	252935	n/a
123.51220703125	0.3	0.0	1	252953	n/a
123.5205078125	0.3	0.0	1	252970	n/a
123.52880859375	0.3	1.0	2	252987	n/a
123.537109375	0.3	0.0	1	253004	n/a
123.54541015625	0.3	1.0	2	253021	n/a
123.5537109375	0.3	0.0	1	253038	n/a
123.56201171875	0.3	1.0	2	253055	n/a
123.5703125	0.3	1.0	2	253072	n/a
123.57861328125	0.3	0.0	1	253089	n/a
123.5869140625	0.3	1.0	2	253106	n/a
123.59521484375	0.3	0.0	1	253123	n/a
123.603515625	0.3	1.0	2	253140	n/a
123.61181640625	0.3	0.0	1	253157	n/a
123.6201171875	0.3	1.0	2	253174	n/a
123.62841796875	0.3	0.0	1	253191	n/a
123.63720703125	0.3	0.0	1	253209	n/a
123.6455078125	0.3	1.0	2	253226	n/a
123.65380859375	0.3	0.0	1	253243	n/a
123.662109375	0.3	1.0	2	253260	n/a
123.67041015625	0.3	1.0	2	253277	n/a
123.6787109375	0.3	0.0	1	253294	n/a
123.68701171875	0.3	0.0	1	253311	n/a
123.6953125	0.3	1.0	2	253328	n/a
123.70361328125	0.3	0.0	1	253345	n/a
123.7119140625	0.3	1.0	2	253362	n/a
123.72021484375	0.3	0.0	1	253379	n/a
123.728515625	0.3	1.0	2	253396	n/a
123.73681640625	0.3	0.0	1	253413	n/a
123.7451171875	0.3	1.0	2	253430	n/a
123.75341796875	0.3	1.0	2	253447	n/a
123.76220703125	0.3	0.0	1	253465	n/a
123.7705078125	0.3	0.0	1	253482	n/a
123.77880859375	0.3	1.0	2	253499	n/a
123.787109375	0.3	1.0	2	253516	n/a
123.79541015625	0.3	0.0	1	253533	n/a
123.8037109375	0.3	1.0	2	253550	n/a
123.81201171875	0.3	0.0	1	253567	n/a
123.8203125	0.3	0.0	1	253584	n/a
123.82861328125	0.3	1.0	2	253601	n/a
123.8369140625	0.3	0.0	1	253618	n/a
123.84521484375	0.3	1.0	2	253635	n/a
123.853515625	0.3	0.0	1	253652	n/a
123.86181640625	0.3	1.0	2	253669	n/a
123.8701171875	0.3	1.0	2	253686	n/a
123.87841796875	0.3	0.0	1	253703	n/a
123.88720703125	0.3	1.0	2	253721	n/a
123.8955078125	0.3	0.0	1	253738	n/a
123.90380859375	0.3	0.0	1	253755	n/a
123.912109375	0.3	1.0	2	253772	n/a
123.92041015625	0.3	1.0	2	253789	n/a
123.9287109375	0.3	0.0	1	253806	n/a
123.93701171875	0.3	1.0	2	253823	n/a
123.9453125	0.3	0.0	1	253840	n/a
123.95361328125	0.3	1.0	2	253857	n/a
123.9619140625	0.3	0.0	1	253874	n/a
123.97021484375	0.3	0.0	1	253891	n/a
123.978515625	0.3	1.0	2	253908	n/a
123.98681640625	0.3	1.0	2	253925	n/a
123.9951171875	0.3	0.0	1	253942	n/a
124.00341796875	0.3	0.0	1	253959	n/a
124.01220703125	0.3	1.0	2	253977	n/a
124.0205078125	0.3	1.0	2	253994	n/a
124.02880859375	0.3	0.0	1	254011	n/a
124.037109375	0.3	1.0	2	254028	n/a
124.04541015625	0.3	0.0	1	254045	n/a
124.0537109375	0.3	0.0	1	254062	n/a
124.06201171875	0.3	1.0	2	254079	n/a
124.0703125	0.3	0.0	1	254096	n/a
124.07861328125	0.3	1.0	2	254113	n/a
124.0869140625	0.3	1.0	2	254130	n/a
124.09521484375	0.3	0.0	1	254147	n/a
124.103515625	0.3	0.0	1	254164	n/a
124.11181640625	0.3	1.0	2	254181	n/a
124.1201171875	0.3	0.0	1	254198	n/a
124.12841796875	0.3	1.0	2	254215	n/a
124.13720703125	0.3	1.0	2	254233	n/a
124.1455078125	0.3	0.0	1	254250	n/a
124.15380859375	0.3	0.0	1	254267	n/a
124.162109375	0.3	1.0	2	254284	n/a
124.17041015625	0.3	1.0	2	254301	n/a
124.1787109375	0.3	0.0	1	254318	n/a
124.18701171875	0.3	1.0	2	254335	n/a
124.1953125	0.3	0.0	1	254352	n/a
124.20361328125	0.3	0.0	1	254369	n/a
124.2119140625	0.3	1.0	2	254386	n/a
124.22021484375	0.3	0.0	1	254403	n/a
124.228515625	0.3	1.0	2	254420	n/a
124.23681640625	0.3	0.0	1	254437	n/a
124.2451171875	0.3	1.0	2	254454	n/a
124.25341796875	0.3	1.0	2	254471	n/a
124.26220703125	0.3	0.0	1	254489	n/a
124.2705078125	0.3	1.0	2	254506	n/a
124.27880859375	0.3	0.0	1	254523	n/a
124.287109375	0.3	1.0	2	254540	n/a
124.29541015625	0.3	0.0	1	254557	n/a
124.3037109375	0.3	1.0	2	254574	n/a
124.31201171875	0.3	0.0	1	254591	n/a
124.3203125	0.3	0.0	1	254608	n/a
124.32861328125	0.3	1.0	2	254625	n/a
124.3369140625	0.3	0.0	1	254642	n/a
124.34521484375	0.3	1.0	2	254659	n/a
124.353515625	0.3	1.0	2	254676	n/a
124.36181640625	0.3	0.0	1	254693	n/a
124.3701171875	0.3	1.0	2	254710	n/a
124.37841796875	0.3	0.0	1	254727	n/a
124.38720703125	0.3	0.0	1	254745	n/a
124.3955078125	0.3	1.0	2	254762	n/a
124.40380859375	0.3	1.0	2	254779	n/a
124.412109375	0.3	0.0	1	254796	n/a
124.42041015625	0.3	1.0	2	254813	n/a
124.4287109375	0.3	0.0	1	254830	n/a
124.43701171875	0.3	0.0	1	254847	n/a
124.4453125	0.3	1.0	2	254864	n/a
124.45361328125	0.3	0.0	1	254881	n/a
124.4619140625	0.3	1.0	2	254898	n/a
124.47021484375	0.3	1.0	2	254915	n/a
124.478515625	0.3	0.0	1	254932	n/a
124.48681640625	0.3	1.0	2	254949	n/a
124.4951171875	0.3	0.0	1	254966	n/a
124.50341796875	0.3	0.0	1	254983	n/a
124.51220703125	0.3	1.0	2	255001	n/a
124.5205078125	0.3	0.0	1	255018	n/a
124.52880859375	0.3	1.0	2	255035	n/a
124.537109375	0.3	0.0	1	255052	n/a
124.54541015625	0.3	1.0	2	255069	n/a
124.5537109375	0.3	1.0	2	255086	n/a
124.56201171875	0.3	0.0	1	255103	n/a
124.5703125	0.3	0.0	1	255120	n/a
124.57861328125	0.3	1.0	2	255137	n/a
124.5869140625	0.3	0.0	1	255154	n/a
124.59521484375	0.3	1.0	2	255171	n/a
124.603515625	0.3	0.0	1	255188	n/a
124.61181640625	0.3	1.0	2	255205	n/a
124.6201171875	0.3	1.0	2	255222	n/a
124.62841796875	0.3	0.0	1	255239	n/a
124.63720703125	0.3	1.0	2	255257	n/a
124.6455078125	0.3	0.0	1	255274	n/a
124.65380859375	0.3	1.0	2	255291	n/a
124.662109375	0.3	0.0	1	255308	n/a
124.67041015625	0.3	1.0	2	255325	n/a
124.6787109375	0.3	0.0	1	255342	n/a
124.68701171875	0.3	0.0	1	255359	n/a
124.6953125	0.3	1.0	2	255376	n/a
124.70361328125	0.3	0.0	1	255393	n/a
124.7119140625	0.3	1.0	2	255410	n/a
124.72021484375	0.3	1.0	2	255427	n/a
124.728515625	0.3	0.0	1	255444	n/a
124.73681640625	0.3	0.0	1	255461	n/a
124.7451171875	0.3	1.0	2	255478	n/a
124.75341796875	0.3	0.0	1	255495	n/a
124.76220703125	0.3	1.0	2	255513	n/a
124.7705078125	0.3	0.0	1	255530	n/a
124.77880859375	0.3	1.0	2	255547	n/a
124.787109375	0.3	0.0	1	255564	n/a
124.79541015625	0.3	1.0	2	255581	n/a
124.8037109375	0.3	1.0	2	255598	n/a
124.81201171875	0.3	0.0	1	255615	n/a
124.8203125	0.3	0.0	1	255632	n/a
124.82861328125	0.3	1.0	2	255649	n/a
124.8369140625	0.3	1.0	2	255666	n/a
124.84521484375	0.3	0.0	1	255683	n/a
124.853515625	0.3	1.0	2	255700	n/a
124.86181640625	0.3	0.0	1	255717	n/a
124.8701171875	0.3	0.0	1	255734	n/a
124.87841796875	0.3	1.0	2	255751	n/a
124.88720703125	0.3	0.0	1	255769	n/a
124.8955078125	0.3	1.0	2	255786	n/a
124.90380859375	0.3	0.0	1	255803	n/a
124.912109375	0.3	1.0	2	255820	n/a
124.92041015625	0.3	1.0	2	255837	n/a
124.9287109375	0.3	0.0	1	255854	n/a
124.93701171875	0.3	1.0	2	255871	n/a
124.9453125	0.3	0.0	1	255888	n/a
124.95361328125	0.3	0.0	1	255905	n/a
124.9619140625	0.3	1.0	2	255922	n/a
124.97021484375	0.3	1.0	2	255939	n/a
124.978515625	0.3	0.0	1	255956	n/a
124.98681640625	0.3	1.0	2	255973	n/a
124.9951171875	0.3	0.0	1	255990	n/a
125.00341796875	0.3	1.0	2	256007	n/a
125.01220703125	0.3	0.0	1	256025	n/a
125.0205078125	0.3	0.0	1	256042	n/a
125.02880859375	0.3	1.0	2	256059	n/a
125.037109375	0.3	1.0	2	256076	n/a
125.04541015625	0.3	0.0	1	256093	n/a
125.0537109375	0.3	0.0	1	256110	n/a
125.06201171875	0.3	1.0	2	256127	n/a
125.0703125	0.3	1.0	2	256144	n/a
125.07861328125	0.3	0.0	1	256161	n/a
125.0869140625	0.3	1.0	2	256178	n/a
125.09521484375	0.3	0.0	1	256195	n/a
125.103515625	0.3	0.0	1	256212	n/a
125.11181640625	0.3	1.0	2	256229	n/a
125.1201171875	0.3	0.0	1	256246	n/a
125.12841796875	0.3	1.0	2	256263	n/a
125.13720703125	0.3	1.0	2	256281	n/a
125.1455078125	0.3	0.0	1	256298	n/a
125.15380859375	0.3	0.0	1	256315	n/a
125.162109375	0.3	1.0	2	256332	n/a
125.17041015625	0.3	0.0	1	256349	n/a
125.1787109375	0.3	1.0	2	256366	n/a
125.18701171875	0.3	1.0	2	256383	n/a
125.1953125	0.3	0.0	1	256400	n/a
125.20361328125	0.3	0.0	1	256417	n/a
125.2119140625	0.3	1.0	2	256434	n/a
125.22021484375	0.3	1.0	2	256451	n/a
125.228515625	0.3	0.0	1	256468	n/a
125.23681640625	0.3	1.0	2	256485	n/a
125.2451171875	0.3	0.0	1	256502	n/a
125.25341796875	0.3	0.0	1	256519	n/a
125.26220703125	0.3	1.0	2	256537	n/a
125.2705078125	0.3	0.0	1	256554	n/a
125.27880859375	0.3	1.0	2	256571	n/a
125.287109375	0.3	0.0	1	256588	n/a
125.29541015625	0.3	1.0	2	256605	n/a
125.3037109375	0.3	1.0	2	256622	n/a
125.31201171875	0.3	0.0	1	256639	n/a
125.3203125	0.3	1.0	2	256656	n/a
125.32861328125	0.3	0.0	1	256673	n/a
125.3369140625	0.3	1.0	2	256690	n/a
125.34521484375	0.3	0.0	1	256707	n/a
125.353515625	0.3	1.0	2	256724	n/a
125.36181640625	0.3	0.0	1	256741	n/a
125.3701171875	0.3	0.0	1	256758	n/a
125.37841796875	0.3	1.0	2	256775	n/a
125.38720703125	0.3	0.0	1	256793	n/a
125.3955078125	0.3	1.0	2	256810	n/a
125.40380859375	0.3	1.0	2	256827	n/a
125.412109375	0.3	0.0	1	256844	n/a
125.42041015625	0.3	1.0	2	256861	n/a
125.4287109375	0.3	0.0	1	256878	n/a
125.43701171875	0.3	0.0	1	256895	n/a
125.4453125	0.3	1.0	2	256912	n/a
125.45361328125	0.3	1.0	2	256929	n/a
125.4619140625	0.3	0.0	1	256946	n/a
125.47021484375	0.3	1.0	2	256963	n/a
125.478515625	0.3	0.0	1	256980	n/a
125.48681640625	0.3	0.0	1	256997	n/a
125.4951171875	0.3	1.0	2	257014	n/a
125.50341796875	0.3	0.0	1	257031	n/a
125.51220703125	0.3	1.0	2	257049	n/a
125.5205078125	0.3	1.0	2	257066	n/a
125.52880859375	0.3	0.0	1	257083	n/a
125.537109375	0.3	1.0	2	257100	n/a
125.54541015625	0.3	0.0	1	257117	n/a
125.5537109375	0.3	0.0	1	257134	n/a
125.56201171875	0.3	1.0	2	257151	n/a
125.5703125	0.3	0.0	1	257168	n/a
125.57861328125	0.3	1.0	2	257185	n/a
125.5869140625	0.3	0.0	1	257202	n/a
125.59521484375	0.3	1.0	2	257219	n/a
125.603515625	0.3	1.0	2	257236	n/a
125.61181640625	0.3	0.0	1	257253	n/a
125.6201171875	0.3	0.0	1	257270	n/a
125.62841796875	0.3	1.0	2	257287	n/a
125.63720703125	0.3	0.0	1	257305	n/a
125.6455078125	0.3	1.0	2	257322	n/a
125.65380859375	0.3	0.0	1	257339	n/a
125.662109375	0.3	1.0	2	257356	n/a
125.67041015625	0.3	1.0	2	257373	n/a
125.6787109375	0.3	0.0	1	257390	n/a
125.68701171875	0.3	1.0	2	257407	n/a
125.6953125	0.3	0.0	1	257424	n/a
125.70361328125	0.3	1.0	2	257441	n/a
125.7119140625	0.3	0.0	1	257458	n/a
125.72021484375	0.3	1.0	2	257475	n/a
125.728515625	0.3	0.0	1	257492	n/a
125.73681640625	0.3	0.0	1	257509	n/a
125.7451171875	0.3	1.0	2	257526	n/a
125.75341796875	0.3	0.0	1	257543	n/a
125.76220703125	0.3	1.0	2	257561	n/a
125.7705078125	0.3	1.0	2	257578	n/a
125.77880859375	0.3	0.0	1	257595	n/a
125.787109375	0.3	0.0	1	257612	n/a
125.79541015625	0.3	1.0	2	257629	n/a
125.8037109375	0.3	0.0	1	257646	n/a
125.81201171875	0.3	1.0	2	257663	n/a
125.8203125	0.3	0.0	1	257680	n/a
125.82861328125	0.3	1.0	2	257697	n/a
125.8369140625	0.3	0.0	1	257714	n/a
125.84521484375	0.3	1.0	2	257731	n/a
125.853515625	0.3	1.0	2	257748	n/a
125.86181640625	0.3	0.0	1	257765	n/a
125.8701171875	0.3	0.0	1	257782	n/a
125.87841796875	0.3	1.0	2	257799	n/a
125.88720703125	0.3	1.0	2	257817	n/a
125.8955078125	0.3	0.0	1	257834	n/a
125.90380859375	0.3	1.0	2	257851	n/a
125.912109375	0.3	0.0	1	257868	n/a
125.92041015625	0.3	0.0	1	257885	n/a
125.9287109375	0.3	1.0	2	257902	n/a
125.93701171875	0.3	0.0	1	257919	n/a
125.9453125	0.3	1.0	2	257936	n/a
125.95361328125	0.3	0.0	1	257953	n/a
125.9619140625	0.3	1.0	2	257970	n/a
125.97021484375	0.3	1.0	2	257987	n/a
125.978515625	0.3	0.0	1	258004	n/a
125.98681640625	0.3	1.0	2	258021	n/a
125.9951171875	0.3	0.0	1	258038	n/a
126.00341796875	0.3	0.0	1	258055	n/a
126.01220703125	0.3	1.0	2	258073	n/a
126.0205078125	0.3	1.0	2	258090	n/a
126.02880859375	0.3	0.0	1	258107	n/a
126.037109375	0.3	1.0	2	258124	n/a
126.04541015625	0.3	0.0	1	258141	n/a
126.0537109375	0.3	1.0	2	258158	n/a
126.06201171875	0.3	0.0	1	258175	n/a
126.0703125	0.3	0.0	1	258192	n/a
126.07861328125	0.3	1.0	2	258209	n/a
126.0869140625	0.3	1.0	2	258226	n/a
126.09521484375	0.3	0.0	1	258243	n/a
126.103515625	0.3	0.0	1	258260	n/a
126.11181640625	0.3	1.0	2	258277	n/a
126.1201171875	0.3	1.0	2	258294	n/a
126.12841796875	0.3	0.0	1	258311	n/a
126.13720703125	0.3	1.0	2	258329	n/a
126.1455078125	0.3	0.0	1	258346	n/a
126.15380859375	0.3	0.0	1	258363	n/a
126.162109375	0.3	1.0	2	258380	n/a
126.17041015625	0.3	0.0	1	258397	n/a
126.1787109375	0.3	1.0	2	258414	n/a
126.18701171875	0.3	1.0	2	258431	n/a
126.1953125	0.3	0.0	1	258448	n/a
126.20361328125	0.3	0.0	1	258465	n/a
126.2119140625	0.3	1.0	2	258482	n/a
126.22021484375	0.3	0.0	1	258499	n/a
126.228515625	0.3	1.0	2	258516	n/a
126.23681640625	0.3	1.0	2	258533	n/a
126.2451171875	0.3	0.0	1	258550	n/a
126.25341796875	0.3	0.0	1	258567	n/a
126.26220703125	0.3	1.0	2	258585	n/a
126.2705078125	0.3	1.0	2	258602	n/a
126.27880859375	0.3	0.0	1	258619	n/a
126.287109375	0.3	1.0	2	258636	n/a
126.29541015625	0.3	0.0	1	258653	n/a
126.3037109375	0.3	0.0	1	258670	n/a
126.31201171875	0.3	1.0	2	258687	n/a
126.3203125	0.3	0.0	1	258704	n/a
126.32861328125	0.3	1.0	2	258721	n/a
126.3369140625	0.3	0.0	1	258738	n/a
126.34521484375	0.3	1.0	2	258755	n/a
126.353515625	0.3	1.0	2	258772	n/a
126.36181640625	0.3	0.0	1	258789	n/a
126.3701171875	0.3	1.0	2	258806	n/a
126.37841796875	0.3	0.0	1	258823	n/a
126.38720703125	0.3	1.0	2	258841	n/a
126.3955078125	0.3	0.0	1	258858	n/a
126.40380859375	0.3	1.0	2	258875	n/a
126.412109375	0.3	0.0	1	258892	n/a
126.42041015625	0.3	0.0	1	258909	n/a
126.4287109375	0.3	1.0	2	258926	n/a
126.43701171875	0.3	0.0	1	258943	n/a
126.4453125	0.3	1.0	2	258960	n/a
126.45361328125	0.3	1.0	2	258977	n/a
126.4619140625	0.3	0.0	1	258994	n/a
126.47021484375	0.3	1.0	2	259011	n/a
126.478515625	0.3	0.0	1	259028	n/a
126.48681640625	0.3	0.0	1	259045	n/a
126.4951171875	0.3	1.0	2	259062	n/a
126.50341796875	0.3	1.0	2	259079	n/a
126.51220703125	0.3	0.0	1	259097	n/a
126.5205078125	0.3	1.0	2	259114	n/a
126.52880859375	0.3	0.0	1	259131	n/a
126.537109375	0.3	0.0	1	259148	n/a
126.54541015625	0.3	1.0	2	259165	n/a
126.5537109375	0.3	0.0	1	259182	n/a
126.56201171875	0.3	1.0	2	259199	n/a
126.5703125	0.3	1.0	2	259216	n/a
126.57861328125	0.3	0.0	1	259233	n/a
126.5869140625	0.3	1.0	2	259250	n/a
126.59521484375	0.3	0.0	1	259267	n/a
126.603515625	0.3	0.0	1	259284	n/a
126.61181640625	0.3	1.0	2	259301	n/a
126.6201171875	0.3	0.0	1	259318	n/a
126.62841796875	0.3	1.0	2	259335	n/a
126.63720703125	0.3	0.0	1	259353	n/a
126.6455078125	0.3	1.0	2	259370	n/a
126.65380859375	0.3	1.0	2	259387	n/a
126.662109375	0.3	0.0	1	259404	n/a
126.67041015625	0.3	0.0	1	259421	n/a
126.6787109375	0.3	1.0	2	259438	n/a
126.68701171875	0.3	0.0	1	259455	n/a
126.6953125	0.3	1.0	2	259472	n/a
126.70361328125	0.3	0.0	1	259489	n/a
126.7119140625	0.3	1.0	2	259506	n/a
126.72021484375	0.3	1.0	2	259523	n/a
126.728515625	0.3	0.0	1	259540	n/a
126.73681640625	0.3	1.0	2	259557	n/a
126.7451171875	0.3	0.0	1	259574	n/a
126.75341796875	0.3	1.0	2	259591	n/a
126.76220703125	0.3	0.0	1	259609	n/a
126.7705078125	0.3	1.0	2	259626	n/a
126.77880859375	0.3	0.0	1	259643	n/a
126.787109375	0.3	0.0	1	259660	n/a
126.79541015625	0.3	1.0	2	259677	n/a
126.8037109375	0.3	0.0	1	259694	n/a
126.81201171875	0.3	1.0	2	259711	n/a
126.8203125	0.3	1.0	2	259728	n/a
126.82861328125	0.3	0.0	1	259745	n/a
126.8369140625	0.3	0.0	1	259762	n/a
126.84521484375	0.3	1.0	2	259779	n/a
126.853515625	0.3	0.0	1	259796	n/a
126.86181640625	0.3	1.0	2	259813	n/a
126.8701171875	0.3	0.0	1	259830	n/a
126.87841796875	0.3	1.0	2	259847	n/a
126.88720703125	0.3	0.0	1	259865	n/a
126.8955078125	0.3	1.0	2	259882	n/a
126.90380859375	0.3	1.0	2	259899	n/a
126.912109375	0.3	0.0	1	259916	n/a
126.92041015625	0.3	0.0	1	259933	n/a
126.9287109375	0.3	1.0	2	259950	n/a
126.93701171875	0.3	1.0	2	259967	n/a
126.9453125	0.3	0.0	1	259984	n/a
126.95361328125	0.3	1.0	2	260001	n/a
126.9619140625	0.3	0.0	1	260018	n/a
126.97021484375	0.3	0.0	1	260035	n/a
126.978515625	0.3	1.0	2	260052	n/a
126.98681640625	0.3	0.0	1	260069	n/a
126.9951171875	0.3	1.0	2	260086	n/a
127.00341796875	0.3	0.0	1	260103	n/a
127.01220703125	0.3	1.0	2	260121	n/a
127.0205078125	0.3	1.0	2	260138	n/a
127.02880859375	0.3	0.0	1	260155	n/a
127.037109375	0.3	1.0	2	260172	n/a
127.04541015625	0.3	0.0	1	260189	n/a
127.0537109375	0.3	0.0	1	260206	n/a
127.06201171875	0.3	1.0	2	260223	n/a
127.0703125	0.3	1.0	2	260240	n/a
127.07861328125	0.3	0.0	1	260257	n/a
127.0869140625	0.3	1.0	2	260274	n/a
127.09521484375	0.3	0.0	1	260291	n/a
127.103515625	0.3	1.0	2	260308	n/a
127.11181640625	0.3	0.0	1	260325	n/a
127.1201171875	0.3	0.0	1	260342	n/a
127.12841796875	0.3	1.0	2	260359	n/a
127.13720703125	0.3	1.0	2	260377	n/a
127.1455078125	0.3	0.0	1	260394	n/a
127.15380859375	0.3	0.0	1	260411	n/a
127.162109375	0.3	1.0	2	260428	n/a
127.17041015625	0.3	1.0	2	260445	n/a
127.1787109375	0.3	0.0	1	260462	n/a
127.18701171875	0.3	1.0	2	260479	n/a
127.1953125	0.3	0.0	1	260496	n/a
127.20361328125	0.3	0.0	1	260513	n/a
127.2119140625	0.3	1.0	2	260530	n/a
127.22021484375	0.3	0.0	1	260547	n/a
127.228515625	0.3	1.0	2	260564	n/a
127.23681640625	0.3	1.0	2	260581	n/a
127.2451171875	0.3	0.0	1	260598	n/a
127.25341796875	0.3	0.0	1	260615	n/a
127.26220703125	0.3	1.0	2	260633	n/a
129.6298828125	0.3	1.0	2	265482	7.0
129.63818359375	0.3	0.0	1	265499	n/a
129.646484375	0.3	1.0	2	265516	n/a
129.65478515625	0.3	0.0	1	265533	n/a
129.6630859375	0.3	0.0	1	265550	n/a
129.67138671875	0.3	1.0	2	265567	n/a
129.6796875	0.3	1.0	2	265584	n/a
129.68798828125	0.3	0.0	1	265601	n/a
129.69677734375	0.3	0.0	1	265619	n/a
129.705078125	0.3	1.0	2	265636	n/a
129.71337890625	0.3	0.0	1	265653	n/a
129.7216796875	0.3	1.0	2	265670	n/a
129.72998046875	0.3	0.0	1	265687	n/a
129.73828125	0.3	1.0	2	265704	n/a
129.74658203125	0.3	1.0	2	265721	n/a
129.7548828125	0.3	0.0	1	265738	n/a
129.76318359375	0.3	1.0	2	265755	n/a
129.771484375	0.3	0.0	1	265772	n/a
129.77978515625	0.3	1.0	2	265789	n/a
129.7880859375	0.3	0.0	1	265806	n/a
129.79638671875	0.3	1.0	2	265823	n/a
129.8046875	0.3	0.0	1	265840	n/a
129.81298828125	0.3	1.0	2	265857	n/a
129.82177734375	0.3	0.0	1	265875	n/a
129.830078125	0.3	1.0	2	265892	n/a
129.83837890625	0.3	0.0	1	265909	n/a
129.8466796875	0.3	1.0	2	265926	n/a
129.85498046875	0.3	0.0	1	265943	n/a
129.86328125	0.3	0.0	1	265960	n/a
129.87158203125	0.3	1.0	2	265977	n/a
129.8798828125	0.3	1.0	2	265994	n/a
129.88818359375	0.3	0.0	1	266011	n/a
129.896484375	0.3	0.0	1	266028	n/a
129.90478515625	0.3	1.0	2	266045	n/a
129.9130859375	0.3	1.0	2	266062	n/a
129.92138671875	0.3	0.0	1	266079	n/a
129.9296875	0.3	1.0	2	266096	n/a
129.93798828125	0.3	0.0	1	266113	n/a
129.94677734375	0.3	0.0	1	266131	n/a
129.955078125	0.3	1.0	2	266148	n/a
129.96337890625	0.3	1.0	2	266165	n/a
129.9716796875	0.3	0.0	1	266182	n/a
129.97998046875	0.3	1.0	2	266199	n/a
129.98828125	0.3	0.0	1	266216	n/a
129.99658203125	0.3	0.0	1	266233	n/a
130.0048828125	0.3	1.0	2	266250	n/a
130.01318359375	0.3	1.0	2	266267	n/a
130.021484375	0.3	0.0	1	266284	n/a
130.02978515625	0.3	1.0	2	266301	n/a
130.0380859375	0.3	0.0	1	266318	n/a
130.04638671875	0.3	1.0	2	266335	n/a
130.0546875	0.3	0.0	1	266352	n/a
130.06298828125	0.3	0.0	1	266369	n/a
130.07177734375	0.3	1.0	2	266387	n/a
130.080078125	0.3	1.0	2	266404	n/a
130.08837890625	0.3	0.0	1	266421	n/a
130.0966796875	0.3	0.0	1	266438	n/a
130.10498046875	0.3	1.0	2	266455	n/a
130.11328125	0.3	0.0	1	266472	n/a
130.12158203125	0.3	1.0	2	266489	n/a
130.1298828125	0.3	0.0	1	266506	n/a
130.13818359375	0.3	1.0	2	266523	n/a
130.146484375	0.3	1.0	2	266540	n/a
130.15478515625	0.3	0.0	1	266557	n/a
130.1630859375	0.3	0.0	1	266574	n/a
130.17138671875	0.3	1.0	2	266591	n/a
130.1796875	0.3	1.0	2	266608	n/a
130.18798828125	0.3	0.0	1	266625	n/a
130.19677734375	0.3	1.0	2	266643	n/a
130.205078125	0.3	0.0	1	266660	n/a
130.21337890625	0.3	0.0	1	266677	n/a
130.2216796875	0.3	1.0	2	266694	n/a
130.22998046875	0.3	1.0	2	266711	n/a
130.23828125	0.3	0.0	1	266728	n/a
130.24658203125	0.3	0.0	1	266745	n/a
130.2548828125	0.3	1.0	2	266762	n/a
130.26318359375	0.3	1.0	2	266779	n/a
130.271484375	0.3	0.0	1	266796	n/a
130.27978515625	0.3	1.0	2	266813	n/a
130.2880859375	0.3	0.0	1	266830	n/a
130.29638671875	0.3	0.0	1	266847	n/a
130.3046875	0.3	1.0	2	266864	n/a
130.31298828125	0.3	1.0	2	266881	n/a
130.32177734375	0.3	0.0	1	266899	n/a
130.330078125	0.3	1.0	2	266916	n/a
130.33837890625	0.3	0.0	1	266933	n/a
130.3466796875	0.3	0.0	1	266950	n/a
130.35498046875	0.3	1.0	2	266967	n/a
130.36328125	0.3	0.0	1	266984	n/a
130.37158203125	0.3	1.0	2	267001	n/a
130.3798828125	0.3	1.0	2	267018	n/a
130.38818359375	0.3	0.0	1	267035	n/a
130.396484375	0.3	0.0	1	267052	n/a
130.40478515625	0.3	1.0	2	267069	n/a
130.4130859375	0.3	1.0	2	267086	n/a
130.42138671875	0.3	0.0	1	267103	n/a
130.4296875	0.3	0.0	1	267120	n/a
130.43798828125	0.3	1.0	2	267137	n/a
130.44677734375	0.3	0.0	1	267155	n/a
130.455078125	0.3	1.0	2	267172	n/a
130.46337890625	0.3	0.0	1	267189	n/a
130.4716796875	0.3	1.0	2	267206	n/a
130.47998046875	0.3	0.0	1	267223	n/a
130.48828125	0.3	1.0	2	267240	n/a
130.49658203125	0.3	1.0	2	267257	n/a
130.5048828125	0.3	0.0	1	267274	n/a
130.51318359375	0.3	0.0	1	267291	n/a
130.521484375	0.3	1.0	2	267308	n/a
130.52978515625	0.3	1.0	2	267325	n/a
130.5380859375	0.3	0.0	1	267342	n/a
130.54638671875	0.3	1.0	2	267359	n/a
130.5546875	0.3	0.0	1	267376	n/a
130.56298828125	0.3	1.0	2	267393	n/a
130.57177734375	0.3	0.0	1	267411	n/a
130.580078125	0.3	1.0	2	267428	n/a
130.58837890625	0.3	0.0	1	267445	n/a
130.5966796875	0.3	1.0	2	267462	n/a
130.60498046875	0.3	0.0	1	267479	n/a
130.61328125	0.3	1.0	2	267496	n/a
130.62158203125	0.3	0.0	1	267513	n/a
130.6298828125	0.3	1.0	2	267530	n/a
130.63818359375	0.3	0.0	1	267547	n/a
130.646484375	0.3	1.0	2	267564	n/a
130.65478515625	0.3	0.0	1	267581	n/a
130.6630859375	0.3	1.0	2	267598	n/a
130.67138671875	0.3	0.0	1	267615	n/a
130.6796875	0.3	1.0	2	267632	n/a
130.68798828125	0.3	0.0	1	267649	n/a
130.69677734375	0.3	1.0	2	267667	n/a
130.705078125	0.3	0.0	1	267684	n/a
130.71337890625	0.3	0.0	1	267701	n/a
130.7216796875	0.3	1.0	2	267718	n/a
130.72998046875	0.3	1.0	2	267735	n/a
130.73828125	0.3	0.0	1	267752	n/a
130.74658203125	0.3	0.0	1	267769	n/a
130.7548828125	0.3	1.0	2	267786	n/a
130.76318359375	0.3	0.0	1	267803	n/a
130.771484375	0.3	1.0	2	267820	n/a
130.77978515625	0.3	0.0	1	267837	n/a
130.7880859375	0.3	1.0	2	267854	n/a
130.79638671875	0.3	1.0	2	267871	n/a
130.8046875	0.3	0.0	1	267888	n/a
130.81298828125	0.3	1.0	2	267905	n/a
130.82177734375	0.3	0.0	1	267923	n/a
130.830078125	0.3	1.0	2	267940	n/a
130.83837890625	0.3	0.0	1	267957	n/a
130.8466796875	0.3	1.0	2	267974	n/a
130.85498046875	0.3	0.0	1	267991	n/a
130.86328125	0.3	1.0	2	268008	n/a
130.87158203125	0.3	0.0	1	268025	n/a
130.8798828125	0.3	1.0	2	268042	n/a
130.88818359375	0.3	0.0	1	268059	n/a
130.896484375	0.3	1.0	2	268076	n/a
130.90478515625	0.3	0.0	1	268093	n/a
130.9130859375	0.3	0.0	1	268110	n/a
130.92138671875	0.3	1.0	2	268127	n/a
130.9296875	0.3	1.0	2	268144	n/a
130.93798828125	0.3	0.0	1	268161	n/a
130.94677734375	0.3	0.0	1	268179	n/a
130.955078125	0.3	1.0	2	268196	n/a
130.96337890625	0.3	1.0	2	268213	n/a
130.9716796875	0.3	0.0	1	268230	n/a
130.97998046875	0.3	1.0	2	268247	n/a
130.98828125	0.3	0.0	1	268264	n/a
130.99658203125	0.3	0.0	1	268281	n/a
131.0048828125	0.3	1.0	2	268298	n/a
131.01318359375	0.3	1.0	2	268315	n/a
131.021484375	0.3	0.0	1	268332	n/a
131.02978515625	0.3	1.0	2	268349	n/a
131.0380859375	0.3	0.0	1	268366	n/a
131.04638671875	0.3	0.0	1	268383	n/a
131.0546875	0.3	1.0	2	268400	n/a
131.06298828125	0.3	1.0	2	268417	n/a
131.07177734375	0.3	0.0	1	268435	n/a
131.080078125	0.3	1.0	2	268452	n/a
131.08837890625	0.3	0.0	1	268469	n/a
131.0966796875	0.3	1.0	2	268486	n/a
131.10498046875	0.3	0.0	1	268503	n/a
131.11328125	0.3	0.0	1	268520	n/a
131.12158203125	0.3	1.0	2	268537	n/a
131.1298828125	0.3	1.0	2	268554	n/a
131.13818359375	0.3	0.0	1	268571	n/a
131.146484375	0.3	0.0	1	268588	n/a
131.15478515625	0.3	1.0	2	268605	n/a
131.1630859375	0.3	0.0	1	268622	n/a
131.17138671875	0.3	1.0	2	268639	n/a
131.1796875	0.3	0.0	1	268656	n/a
131.18798828125	0.3	1.0	2	268673	n/a
131.19677734375	0.3	1.0	2	268691	n/a
131.205078125	0.3	0.0	1	268708	n/a
131.21337890625	0.3	0.0	1	268725	n/a
131.2216796875	0.3	1.0	2	268742	n/a
131.22998046875	0.3	1.0	2	268759	n/a
131.23828125	0.3	0.0	1	268776	n/a
131.24658203125	0.3	1.0	2	268793	n/a
131.2548828125	0.3	0.0	1	268810	n/a
131.26318359375	0.3	0.0	1	268827	n/a
131.271484375	0.3	1.0	2	268844	n/a
131.27978515625	0.3	1.0	2	268861	n/a
131.2880859375	0.3	0.0	1	268878	n/a
131.29638671875	0.3	0.0	1	268895	n/a
131.3046875	0.3	1.0	2	268912	n/a
131.31298828125	0.3	1.0	2	268929	n/a
131.32177734375	0.3	0.0	1	268947	n/a
131.330078125	0.3	1.0	2	268964	n/a
131.33837890625	0.3	0.0	1	268981	n/a
131.3466796875	0.3	0.0	1	268998	n/a
131.35498046875	0.3	1.0	2	269015	n/a
131.36328125	0.3	1.0	2	269032	n/a
131.37158203125	0.3	0.0	1	269049	n/a
131.3798828125	0.3	1.0	2	269066	n/a
131.38818359375	0.3	0.0	1	269083	n/a
131.396484375	0.3	0.0	1	269100	n/a
131.40478515625	0.3	1.0	2	269117	n/a
131.4130859375	0.3	0.0	1	269134	n/a
131.42138671875	0.3	1.0	2	269151	n/a
131.4296875	0.3	1.0	2	269168	n/a
131.43798828125	0.3	0.0	1	269185	n/a
131.44677734375	0.3	0.0	1	269203	n/a
131.455078125	0.3	1.0	2	269220	n/a
131.46337890625	0.3	1.0	2	269237	n/a
131.4716796875	0.3	0.0	1	269254	n/a
131.47998046875	0.3	0.0	1	269271	n/a
131.48828125	0.3	1.0	2	269288	n/a
131.49658203125	0.3	0.0	1	269305	n/a
131.5048828125	0.3	1.0	2	269322	n/a
131.51318359375	0.3	0.0	1	269339	n/a
131.521484375	0.3	1.0	2	269356	n/a
131.52978515625	0.3	0.0	1	269373	n/a
131.5380859375	0.3	1.0	2	269390	n/a
131.54638671875	0.3	1.0	2	269407	n/a
131.5546875	0.3	0.0	1	269424	n/a
131.56298828125	0.3	0.0	1	269441	n/a
131.57177734375	0.3	1.0	2	269459	n/a
131.580078125	0.3	1.0	2	269476	n/a
131.58837890625	0.3	0.0	1	269493	n/a
131.5966796875	0.3	1.0	2	269510	n/a
131.60498046875	0.3	0.0	1	269527	n/a
131.61328125	0.3	1.0	2	269544	n/a
131.62158203125	0.3	0.0	1	269561	n/a
131.6298828125	0.3	1.0	2	269578	n/a
131.63818359375	0.3	0.0	1	269595	n/a
131.646484375	0.3	1.0	2	269612	n/a
131.65478515625	0.3	0.0	1	269629	n/a
131.6630859375	0.3	1.0	2	269646	n/a
131.67138671875	0.3	0.0	1	269663	n/a
131.6796875	0.3	1.0	2	269680	n/a
131.68798828125	0.3	0.0	1	269697	n/a
131.69677734375	0.3	1.0	2	269715	n/a
131.705078125	0.3	0.0	1	269732	n/a
131.71337890625	0.3	1.0	2	269749	n/a
131.7216796875	0.3	0.0	1	269766	n/a
131.72998046875	0.3	1.0	2	269783	n/a
131.73828125	0.3	0.0	1	269800	n/a
131.74658203125	0.3	1.0	2	269817	n/a
131.7548828125	0.3	0.0	1	269834	n/a
131.76318359375	0.3	0.0	1	269851	n/a
131.771484375	0.3	1.0	2	269868	n/a
131.77978515625	0.3	1.0	2	269885	n/a
131.7880859375	0.3	0.0	1	269902	n/a
131.79638671875	0.3	0.0	1	269919	n/a
131.8046875	0.3	1.0	2	269936	n/a
131.81298828125	0.3	0.0	1	269953	n/a
131.82177734375	0.3	1.0	2	269971	n/a
131.830078125	0.3	0.0	1	269988	n/a
131.83837890625	0.3	1.0	2	270005	n/a
131.8466796875	0.3	1.0	2	270022	n/a
131.85498046875	0.3	0.0	1	270039	n/a
131.86328125	0.3	1.0	2	270056	n/a
131.87158203125	0.3	0.0	1	270073	n/a
131.8798828125	0.3	1.0	2	270090	n/a
131.88818359375	0.3	0.0	1	270107	n/a
131.896484375	0.3	1.0	2	270124	n/a
131.90478515625	0.3	0.0	1	270141	n/a
131.9130859375	0.3	1.0	2	270158	n/a
131.92138671875	0.3	0.0	1	270175	n/a
131.9296875	0.3	1.0	2	270192	n/a
131.93798828125	0.3	0.0	1	270209	n/a
131.94677734375	0.3	1.0	2	270227	n/a
131.955078125	0.3	0.0	1	270244	n/a
131.96337890625	0.3	0.0	1	270261	n/a
131.9716796875	0.3	1.0	2	270278	n/a
131.97998046875	0.3	1.0	2	270295	n/a
131.98828125	0.3	0.0	1	270312	n/a
131.99658203125	0.3	0.0	1	270329	n/a
132.0048828125	0.3	1.0	2	270346	n/a
132.01318359375	0.3	1.0	2	270363	n/a
132.021484375	0.3	0.0	1	270380	n/a
132.02978515625	0.3	1.0	2	270397	n/a
132.0380859375	0.3	0.0	1	270414	n/a
132.04638671875	0.3	0.0	1	270431	n/a
132.0546875	0.3	1.0	2	270448	n/a
132.06298828125	0.3	1.0	2	270465	n/a
132.07177734375	0.3	0.0	1	270483	n/a
132.080078125	0.3	1.0	2	270500	n/a
132.08837890625	0.3	0.0	1	270517	n/a
132.0966796875	0.3	0.0	1	270534	n/a
132.10498046875	0.3	1.0	2	270551	n/a
132.11328125	0.3	1.0	2	270568	n/a
132.12158203125	0.3	0.0	1	270585	n/a
132.1298828125	0.3	1.0	2	270602	n/a
132.13818359375	0.3	0.0	1	270619	n/a
132.146484375	0.3	1.0	2	270636	n/a
132.15478515625	0.3	0.0	1	270653	n/a
132.1630859375	0.3	0.0	1	270670	n/a
132.17138671875	0.3	1.0	2	270687	n/a
132.1796875	0.3	1.0	2	270704	n/a
132.18798828125	0.3	0.0	1	270721	n/a
132.19677734375	0.3	0.0	1	270739	n/a
132.205078125	0.3	1.0	2	270756	n/a
132.21337890625	0.3	0.0	1	270773	n/a
132.2216796875	0.3	1.0	2	270790	n/a
132.22998046875	0.3	0.0	1	270807	n/a
132.23828125	0.3	1.0	2	270824	n/a
132.24658203125	0.3	1.0	2	270841	n/a
132.2548828125	0.3	0.0	1	270858	n/a
132.26318359375	0.3	0.0	1	270875	n/a
132.271484375	0.3	1.0	2	270892	n/a
132.27978515625	0.3	1.0	2	270909	n/a
132.2880859375	0.3	0.0	1	270926	n/a
132.29638671875	0.3	1.0	2	270943	n/a
132.3046875	0.3	0.0	1	270960	n/a
132.31298828125	0.3	0.0	1	270977	n/a
132.32177734375	0.3	1.0	2	270995	n/a
132.330078125	0.3	1.0	2	271012	n/a
132.33837890625	0.3	0.0	1	271029	n/a
132.3466796875	0.3	0.0	1	271046	n/a
132.35498046875	0.3	1.0	2	271063	n/a
132.36328125	0.3	1.0	2	271080	n/a
132.37158203125	0.3	0.0	1	271097	n/a
132.3798828125	0.3	1.0	2	271114	n/a
132.38818359375	0.3	0.0	1	271131	n/a
132.396484375	0.3	0.0	1	271148	n/a
132.40478515625	0.3	1.0	2	271165	n/a
132.4130859375	0.3	1.0	2	271182	n/a
132.42138671875	0.3	0.0	1	271199	n/a
132.4296875	0.3	1.0	2	271216	n/a
132.43798828125	0.3	0.0	1	271233	n/a
132.44677734375	0.3	0.0	1	271251	n/a
132.455078125	0.3	1.0	2	271268	n/a
132.46337890625	0.3	0.0	1	271285	n/a
132.4716796875	0.3	1.0	2	271302	n/a
132.47998046875	0.3	1.0	2	271319	n/a
132.48828125	0.3	0.0	1	271336	n/a
132.49658203125	0.3	0.0	1	271353	n/a
132.5048828125	0.3	1.0	2	271370	n/a
132.51318359375	0.3	1.0	2	271387	n/a
132.521484375	0.3	0.0	1	271404	n/a
132.52978515625	0.3	0.0	1	271421	n/a
132.5380859375	0.3	1.0	2	271438	n/a
132.54638671875	0.3	0.0	1	271455	n/a
132.5546875	0.3	1.0	2	271472	n/a
132.56298828125	0.3	0.0	1	271489	n/a
132.57177734375	0.3	1.0	2	271507	n/a
132.580078125	0.3	0.0	1	271524	n/a
132.58837890625	0.3	1.0	2	271541	n/a
132.5966796875	0.3	1.0	2	271558	n/a
132.60498046875	0.3	0.0	1	271575	n/a
132.61328125	0.3	0.0	1	271592	n/a
132.62158203125	0.3	1.0	2	271609	n/a
132.6298828125	0.3	1.0	2	271626	n/a
132.63818359375	0.3	0.0	1	271643	n/a
132.646484375	0.3	1.0	2	271660	n/a
132.65478515625	0.3	0.0	1	271677	n/a
132.6630859375	0.3	1.0	2	271694	n/a
132.67138671875	0.3	0.0	1	271711	n/a
132.6796875	0.3	1.0	2	271728	n/a
132.68798828125	0.3	0.0	1	271745	n/a
132.69677734375	0.3	1.0	2	271763	n/a
132.705078125	0.3	0.0	1	271780	n/a
132.71337890625	0.3	1.0	2	271797	n/a
132.7216796875	0.3	0.0	1	271814	n/a
132.72998046875	0.3	1.0	2	271831	n/a
132.73828125	0.3	0.0	1	271848	n/a
132.74658203125	0.3	1.0	2	271865	n/a
132.7548828125	0.3	0.0	1	271882	n/a
132.76318359375	0.3	1.0	2	271899	n/a
132.771484375	0.3	0.0	1	271916	n/a
132.77978515625	0.3	1.0	2	271933	n/a
132.7880859375	0.3	0.0	1	271950	n/a
132.79638671875	0.3	1.0	2	271967	n/a
132.8046875	0.3	0.0	1	271984	n/a
132.81298828125	0.3	0.0	1	272001	n/a
132.82177734375	0.3	1.0	2	272019	n/a
132.830078125	0.3	1.0	2	272036	n/a
132.83837890625	0.3	0.0	1	272053	n/a
132.8466796875	0.3	0.0	1	272070	n/a
132.85498046875	0.3	1.0	2	272087	n/a
132.86328125	0.3	0.0	1	272104	n/a
132.87158203125	0.3	1.0	2	272121	n/a
132.8798828125	0.3	0.0	1	272138	n/a
132.88818359375	0.3	1.0	2	272155	n/a
132.896484375	0.3	1.0	2	272172	n/a
132.90478515625	0.3	0.0	1	272189	n/a
132.9130859375	0.3	1.0	2	272206	n/a
132.92138671875	0.3	0.0	1	272223	n/a
132.9296875	0.3	1.0	2	272240	n/a
132.93798828125	0.3	0.0	1	272257	n/a
132.94677734375	0.3	1.0	2	272275	n/a
132.955078125	0.3	0.0	1	272292	n/a
132.96337890625	0.3	1.0	2	272309	n/a
132.9716796875	0.3	0.0	1	272326	n/a
132.97998046875	0.3	1.0	2	272343	n/a
132.98828125	0.3	0.0	1	272360	n/a
132.99658203125	0.3	1.0	2	272377	n/a
133.0048828125	0.3	0.0	1	272394	n/a
133.01318359375	0.3	0.0	1	272411	n/a
133.021484375	0.3	1.0	2	272428	n/a
133.02978515625	0.3	1.0	2	272445	n/a
133.0380859375	0.3	0.0	1	272462	n/a
133.04638671875	0.3	0.0	1	272479	n/a
133.0546875	0.3	1.0	2	272496	n/a
133.06298828125	0.3	1.0	2	272513	n/a
133.07177734375	0.3	0.0	1	272531	n/a
133.080078125	0.3	1.0	2	272548	n/a
133.08837890625	0.3	0.0	1	272565	n/a
133.0966796875	0.3	0.0	1	272582	n/a
133.10498046875	0.3	1.0	2	272599	n/a
133.11328125	0.3	1.0	2	272616	n/a
133.12158203125	0.3	0.0	1	272633	n/a
133.1298828125	0.3	1.0	2	272650	n/a
133.13818359375	0.3	0.0	1	272667	n/a
133.146484375	0.3	0.0	1	272684	n/a
133.15478515625	0.3	1.0	2	272701	n/a
133.1630859375	0.3	1.0	2	272718	n/a
133.17138671875	0.3	0.0	1	272735	n/a
133.1796875	0.3	1.0	2	272752	n/a
133.18798828125	0.3	0.0	1	272769	n/a
133.19677734375	0.3	1.0	2	272787	n/a
133.205078125	0.3	0.0	1	272804	n/a
133.21337890625	0.3	0.0	1	272821	n/a
133.2216796875	0.3	1.0	2	272838	n/a
133.22998046875	0.3	1.0	2	272855	n/a
133.23828125	0.3	0.0	1	272872	n/a
133.24658203125	0.3	0.0	1	272889	n/a
133.2548828125	0.3	1.0	2	272906	n/a
133.26318359375	0.3	0.0	1	272923	n/a
133.271484375	0.3	1.0	2	272940	n/a
133.27978515625	0.3	0.0	1	272957	n/a
133.2880859375	0.3	1.0	2	272974	n/a
133.29638671875	0.3	1.0	2	272991	n/a
133.3046875	0.3	0.0	1	273008	n/a
133.31298828125	0.3	0.0	1	273025	n/a
133.32177734375	0.3	1.0	2	273043	n/a
133.330078125	0.3	1.0	2	273060	n/a
133.33837890625	0.3	0.0	1	273077	n/a
133.3466796875	0.3	1.0	2	273094	n/a
133.35498046875	0.3	0.0	1	273111	n/a
133.36328125	0.3	0.0	1	273128	n/a
133.37158203125	0.3	1.0	2	273145	n/a
133.3798828125	0.3	1.0	2	273162	n/a
133.38818359375	0.3	0.0	1	273179	n/a
133.396484375	0.3	0.0	1	273196	n/a
133.40478515625	0.3	1.0	2	273213	n/a
133.4130859375	0.3	1.0	2	273230	n/a
133.42138671875	0.3	0.0	1	273247	n/a
133.4296875	0.3	1.0	2	273264	n/a
133.43798828125	0.3	0.0	1	273281	n/a
133.44677734375	0.3	0.0	1	273299	n/a
133.455078125	0.3	1.0	2	273316	n/a
133.46337890625	0.3	1.0	2	273333	n/a
133.4716796875	0.3	0.0	1	273350	n/a
133.47998046875	0.3	1.0	2	273367	n/a
133.48828125	0.3	0.0	1	273384	n/a
133.49658203125	0.3	0.0	1	273401	n/a
133.5048828125	0.3	1.0	2	273418	n/a
133.51318359375	0.3	0.0	1	273435	n/a
133.521484375	0.3	1.0	2	273452	n/a
133.52978515625	0.3	1.0	2	273469	n/a
133.5380859375	0.3	0.0	1	273486	n/a
133.54638671875	0.3	0.0	1	273503	n/a
133.5546875	0.3	1.0	2	273520	n/a
133.56298828125	0.3	1.0	2	273537	n/a
133.57177734375	0.3	0.0	1	273555	n/a
133.580078125	0.3	0.0	1	273572	n/a
133.58837890625	0.3	1.0	2	273589	n/a
133.5966796875	0.3	0.0	1	273606	n/a
133.60498046875	0.3	1.0	2	273623	n/a
133.61328125	0.3	0.0	1	273640	n/a
133.62158203125	0.3	1.0	2	273657	n/a
133.6298828125	0.3	0.0	1	273674	n/a
133.63818359375	0.3	1.0	2	273691	n/a
133.646484375	0.3	1.0	2	273708	n/a
133.65478515625	0.3	0.0	1	273725	n/a
133.6630859375	0.3	0.0	1	273742	n/a
133.67138671875	0.3	1.0	2	273759	n/a
133.6796875	0.3	1.0	2	273776	n/a
133.68798828125	0.3	0.0	1	273793	n/a
133.69677734375	0.3	1.0	2	273811	n/a
133.705078125	0.3	0.0	1	273828	n/a
133.71337890625	0.3	1.0	2	273845	n/a
133.7216796875	0.3	0.0	1	273862	n/a
133.72998046875	0.3	1.0	2	273879	n/a
133.73828125	0.3	0.0	1	273896	n/a
133.74658203125	0.3	1.0	2	273913	n/a
133.7548828125	0.3	0.0	1	273930	n/a
133.76318359375	0.3	1.0	2	273947	n/a
133.771484375	0.3	0.0	1	273964	n/a
133.77978515625	0.3	1.0	2	273981	n/a
133.7880859375	0.3	0.0	1	273998	n/a
133.79638671875	0.3	1.0	2	274015	n/a
133.8046875	0.3	0.0	1	274032	n/a
133.81298828125	0.3	1.0	2	274049	n/a
133.82177734375	0.3	0.0	1	274067	n/a
136.2548828125	0.3	1.0	2	279050	19.0
136.26318359375	0.3	0.0	1	279067	n/a
136.271484375	0.3	0.0	1	279084	n/a
136.27978515625	0.3	1.0	2	279101	n/a
136.2880859375	0.3	0.0	1	279118	n/a
136.29638671875	0.3	1.0	2	279135	n/a
136.3046875	0.3	0.0	1	279152	n/a
136.31298828125	0.3	1.0	2	279169	n/a
136.32177734375	0.3	0.0	1	279187	n/a
136.330078125	0.3	1.0	2	279204	n/a
136.33837890625	0.3	1.0	2	279221	n/a
136.3466796875	0.3	0.0	1	279238	n/a
136.35498046875	0.3	0.0	1	279255	n/a
136.36328125	0.3	1.0	2	279272	n/a
136.37158203125	0.3	1.0	2	279289	n/a
136.3798828125	0.3	0.0	1	279306	n/a
136.38818359375	0.3	1.0	2	279323	n/a
136.396484375	0.3	0.0	1	279340	n/a
136.40478515625	0.3	0.0	1	279357	n/a
136.4130859375	0.3	1.0	2	279374	n/a
136.42138671875	0.3	0.0	1	279391	n/a
136.4296875	0.3	1.0	2	279408	n/a
136.43798828125	0.3	1.0	2	279425	n/a
136.44677734375	0.3	0.0	1	279443	n/a
136.455078125	0.3	1.0	2	279460	n/a
136.46337890625	0.3	0.0	1	279477	n/a
136.4716796875	0.3	0.0	1	279494	n/a
136.47998046875	0.3	1.0	2	279511	n/a
136.48828125	0.3	1.0	2	279528	n/a
136.49658203125	0.3	0.0	1	279545	n/a
136.5048828125	0.3	0.0	1	279562	n/a
136.51318359375	0.3	1.0	2	279579	n/a
136.521484375	0.3	1.0	2	279596	n/a
136.52978515625	0.3	0.0	1	279613	n/a
136.5380859375	0.3	1.0	2	279630	n/a
136.54638671875	0.3	0.0	1	279647	n/a
136.5546875	0.3	0.0	1	279664	n/a
136.56298828125	0.3	1.0	2	279681	n/a
136.57177734375	0.3	1.0	2	279699	n/a
136.580078125	0.3	0.0	1	279716	n/a
136.58837890625	0.3	0.0	1	279733	n/a
136.5966796875	0.3	1.0	2	279750	n/a
136.60498046875	0.3	1.0	2	279767	n/a
136.61328125	0.3	0.0	1	279784	n/a
136.62158203125	0.3	1.0	2	279801	n/a
136.6298828125	0.3	0.0	1	279818	n/a
136.63818359375	0.3	1.0	2	279835	n/a
136.646484375	0.3	0.0	1	279852	n/a
136.65478515625	0.3	0.0	1	279869	n/a
136.6630859375	0.3	1.0	2	279886	n/a
136.67138671875	0.3	0.0	1	279903	n/a
136.6796875	0.3	1.0	2	279920	n/a
136.68798828125	0.3	0.0	1	279937	n/a
136.69677734375	0.3	1.0	2	279955	n/a
136.705078125	0.3	0.0	1	279972	n/a
136.71337890625	0.3	1.0	2	279989	n/a
136.7216796875	0.3	0.0	1	280006	n/a
136.72998046875	0.3	1.0	2	280023	n/a
136.73828125	0.3	0.0	1	280040	n/a
136.74658203125	0.3	1.0	2	280057	n/a
136.7548828125	0.3	1.0	2	280074	n/a
136.76318359375	0.3	0.0	1	280091	n/a
136.771484375	0.3	0.0	1	280108	n/a
136.77978515625	0.3	1.0	2	280125	n/a
136.7880859375	0.3	0.0	1	280142	n/a
136.79638671875	0.3	1.0	2	280159	n/a
136.8046875	0.3	0.0	1	280176	n/a
136.81298828125	0.3	1.0	2	280193	n/a
136.82177734375	0.3	0.0	1	280211	n/a
136.830078125	0.3	1.0	2	280228	n/a
136.83837890625	0.3	0.0	1	280245	n/a
136.8466796875	0.3	1.0	2	280262	n/a
136.85498046875	0.3	1.0	2	280279	n/a
136.86328125	0.3	0.0	1	280296	n/a
136.87158203125	0.3	0.0	1	280313	n/a
136.8798828125	0.3	1.0	2	280330	n/a
136.88818359375	0.3	0.0	1	280347	n/a
136.896484375	0.3	1.0	2	280364	n/a
136.90478515625	0.3	1.0	2	280381	n/a
136.9130859375	0.3	0.0	1	280398	n/a
136.92138671875	0.3	0.0	1	280415	n/a
136.9296875	0.3	1.0	2	280432	n/a
136.93798828125	0.3	0.0	1	280449	n/a
136.94677734375	0.3	1.0	2	280467	n/a
136.955078125	0.3	1.0	2	280484	n/a
136.96337890625	0.3	0.0	1	280501	n/a
136.9716796875	0.3	0.0	1	280518	n/a
136.97998046875	0.3	1.0	2	280535	n/a
136.98828125	0.3	0.0	1	280552	n/a
136.99658203125	0.3	1.0	2	280569	n/a
137.0048828125	0.3	1.0	2	280586	n/a
137.01318359375	0.3	0.0	1	280603	n/a
137.021484375	0.3	1.0	2	280620	n/a
137.02978515625	0.3	0.0	1	280637	n/a
137.0380859375	0.3	0.0	1	280654	n/a
137.04638671875	0.3	1.0	2	280671	n/a
137.0546875	0.3	1.0	2	280688	n/a
137.06298828125	0.3	0.0	1	280705	n/a
137.07177734375	0.3	0.0	1	280723	n/a
137.080078125	0.3	1.0	2	280740	n/a
137.08837890625	0.3	0.0	1	280757	n/a
137.0966796875	0.3	1.0	2	280774	n/a
137.10498046875	0.3	0.0	1	280791	n/a
137.11328125	0.3	1.0	2	280808	n/a
137.12158203125	0.3	1.0	2	280825	n/a
137.1298828125	0.3	0.0	1	280842	n/a
137.13818359375	0.3	0.0	1	280859	n/a
137.146484375	0.3	1.0	2	280876	n/a
137.15478515625	0.3	0.0	1	280893	n/a
137.1630859375	0.3	1.0	2	280910	n/a
137.17138671875	0.3	1.0	2	280927	n/a
137.1796875	0.3	0.0	1	280944	n/a
137.18798828125	0.3	0.0	1	280961	n/a
137.19677734375	0.3	1.0	2	280979	n/a
137.205078125	0.3	0.0	1	280996	n/a
137.21337890625	0.3	1.0	2	281013	n/a
137.2216796875	0.3	0.0	1	281030	n/a
137.22998046875	0.3	1.0	2	281047	n/a
137.23828125	0.3	0.0	1	281064	n/a
137.24658203125	0.3	1.0	2	281081	n/a
137.2548828125	0.3	0.0	1	281098	n/a
137.26318359375	0.3	1.0	2	281115	n/a
137.271484375	0.3	0.0	1	281132	n/a
137.27978515625	0.3	1.0	2	281149	n/a
137.2880859375	0.3	1.0	2	281166	n/a
137.29638671875	0.3	0.0	1	281183	n/a
137.3046875	0.3	1.0	2	281200	n/a
137.31298828125	0.3	0.0	1	281217	n/a
137.32177734375	0.3	0.0	1	281235	n/a
137.330078125	0.3	1.0	2	281252	n/a
137.33837890625	0.3	0.0	1	281269	n/a
137.3466796875	0.3	1.0	2	281286	n/a
137.35498046875	0.3	0.0	1	281303	n/a
137.36328125	0.3	1.0	2	281320	n/a
137.37158203125	0.3	0.0	1	281337	n/a
137.3798828125	0.3	1.0	2	281354	n/a
137.38818359375	0.3	1.0	2	281371	n/a
137.396484375	0.3	0.0	1	281388	n/a
137.40478515625	0.3	0.0	1	281405	n/a
137.4130859375	0.3	1.0	2	281422	n/a
137.42138671875	0.3	1.0	2	281439	n/a
137.4296875	0.3	0.0	1	281456	n/a
137.43798828125	0.3	1.0	2	281473	n/a
137.44677734375	0.3	0.0	1	281491	n/a
137.455078125	0.3	0.0	1	281508	n/a
137.46337890625	0.3	1.0	2	281525	n/a
137.4716796875	0.3	0.0	1	281542	n/a
137.47998046875	0.3	1.0	2	281559	n/a
137.48828125	0.3	1.0	2	281576	n/a
137.49658203125	0.3	0.0	1	281593	n/a
137.5048828125	0.3	1.0	2	281610	n/a
137.51318359375	0.3	0.0	1	281627	n/a
137.521484375	0.3	0.0	1	281644	n/a
137.52978515625	0.3	1.0	2	281661	n/a
137.5380859375	0.3	1.0	2	281678	n/a
137.54638671875	0.3	0.0	1	281695	n/a
137.5546875	0.3	0.0	1	281712	n/a
137.56298828125	0.3	1.0	2	281729	n/a
137.57177734375	0.3	1.0	2	281747	n/a
137.580078125	0.3	0.0	1	281764	n/a
137.58837890625	0.3	1.0	2	281781	n/a
137.5966796875	0.3	0.0	1	281798	n/a
137.60498046875	0.3	0.0	1	281815	n/a
137.61328125	0.3	1.0	2	281832	n/a
137.62158203125	0.3	1.0	2	281849	n/a
137.6298828125	0.3	0.0	1	281866	n/a
137.63818359375	0.3	0.0	1	281883	n/a
137.646484375	0.3	1.0	2	281900	n/a
137.65478515625	0.3	1.0	2	281917	n/a
137.6630859375	0.3	0.0	1	281934	n/a
137.67138671875	0.3	1.0	2	281951	n/a
137.6796875	0.3	0.0	1	281968	n/a
137.68798828125	0.3	1.0	2	281985	n/a
137.69677734375	0.3	0.0	1	282003	n/a
137.705078125	0.3	0.0	1	282020	n/a
137.71337890625	0.3	1.0	2	282037	n/a
137.7216796875	0.3	0.0	1	282054	n/a
137.72998046875	0.3	1.0	2	282071	n/a
137.73828125	0.3	0.0	1	282088	n/a
137.74658203125	0.3	1.0	2	282105	n/a
137.7548828125	0.3	0.0	1	282122	n/a
137.76318359375	0.3	1.0	2	282139	n/a
137.771484375	0.3	0.0	1	282156	n/a
137.77978515625	0.3	1.0	2	282173	n/a
137.7880859375	0.3	0.0	1	282190	n/a
137.79638671875	0.3	1.0	2	282207	n/a
137.8046875	0.3	1.0	2	282224	n/a
137.81298828125	0.3	0.0	1	282241	n/a
137.82177734375	0.3	0.0	1	282259	n/a
137.830078125	0.3	1.0	2	282276	n/a
137.83837890625	0.3	0.0	1	282293	n/a
137.8466796875	0.3	1.0	2	282310	n/a
137.85498046875	0.3	0.0	1	282327	n/a
137.86328125	0.3	1.0	2	282344	n/a
137.87158203125	0.3	0.0	1	282361	n/a
137.8798828125	0.3	1.0	2	282378	n/a
137.88818359375	0.3	0.0	1	282395	n/a
137.896484375	0.3	1.0	2	282412	n/a
137.90478515625	0.3	1.0	2	282429	n/a
137.9130859375	0.3	0.0	1	282446	n/a
137.92138671875	0.3	0.0	1	282463	n/a
137.9296875	0.3	1.0	2	282480	n/a
137.93798828125	0.3	0.0	1	282497	n/a
137.94677734375	0.3	1.0	2	282515	n/a
137.955078125	0.3	1.0	2	282532	n/a
137.96337890625	0.3	0.0	1	282549	n/a
137.9716796875	0.3	0.0	1	282566	n/a
137.97998046875	0.3	1.0	2	282583	n/a
137.98828125	0.3	0.0	1	282600	n/a
137.99658203125	0.3	1.0	2	282617	n/a
138.0048828125	0.3	1.0	2	282634	n/a
138.01318359375	0.3	0.0	1	282651	n/a
138.021484375	0.3	0.0	1	282668	n/a
138.02978515625	0.3	1.0	2	282685	n/a
138.0380859375	0.3	0.0	1	282702	n/a
138.04638671875	0.3	1.0	2	282719	n/a
138.0546875	0.3	1.0	2	282736	n/a
138.06298828125	0.3	0.0	1	282753	n/a
138.07177734375	0.3	1.0	2	282771	n/a
138.080078125	0.3	0.0	1	282788	n/a
138.08837890625	0.3	0.0	1	282805	n/a
138.0966796875	0.3	1.0	2	282822	n/a
138.10498046875	0.3	1.0	2	282839	n/a
138.11328125	0.3	0.0	1	282856	n/a
138.12158203125	0.3	0.0	1	282873	n/a
138.1298828125	0.3	1.0	2	282890	n/a
138.13818359375	0.3	0.0	1	282907	n/a
138.146484375	0.3	1.0	2	282924	n/a
138.15478515625	0.3	0.0	1	282941	n/a
138.1630859375	0.3	1.0	2	282958	n/a
138.17138671875	0.3	1.0	2	282975	n/a
138.1796875	0.3	0.0	1	282992	n/a
138.18798828125	0.3	0.0	1	283009	n/a
138.19677734375	0.3	1.0	2	283027	n/a
138.205078125	0.3	0.0	1	283044	n/a
138.21337890625	0.3	1.0	2	283061	n/a
138.2216796875	0.3	1.0	2	283078	n/a
138.22998046875	0.3	0.0	1	283095	n/a
138.23828125	0.3	0.0	1	283112	n/a
138.24658203125	0.3	1.0	2	283129	n/a
138.2548828125	0.3	0.0	1	283146	n/a
138.26318359375	0.3	1.0	2	283163	n/a
138.271484375	0.3	0.0	1	283180	n/a
138.27978515625	0.3	1.0	2	283197	n/a
138.2880859375	0.3	0.0	1	283214	n/a
138.29638671875	0.3	1.0	2	283231	n/a
138.3046875	0.3	0.0	1	283248	n/a
138.31298828125	0.3	1.0	2	283265	n/a
138.32177734375	0.3	0.0	1	283283	n/a
138.330078125	0.3	1.0	2	283300	n/a
138.33837890625	0.3	1.0	2	283317	n/a
138.3466796875	0.3	0.0	1	283334	n/a
138.35498046875	0.3	1.0	2	283351	n/a
138.36328125	0.3	0.0	1	283368	n/a
138.37158203125	0.3	0.0	1	283385	n/a
138.3798828125	0.3	1.0	2	283402	n/a
138.38818359375	0.3	0.0	1	283419	n/a
138.396484375	0.3	1.0	2	283436	n/a
138.40478515625	0.3	0.0	1	283453	n/a
138.4130859375	0.3	1.0	2	283470	n/a
138.42138671875	0.3	0.0	1	283487	n/a
138.4296875	0.3	1.0	2	283504	n/a
138.43798828125	0.3	1.0	2	283521	n/a
138.44677734375	0.3	0.0	1	283539	n/a
138.455078125	0.3	0.0	1	283556	n/a
138.46337890625	0.3	1.0	2	283573	n/a
138.4716796875	0.3	1.0	2	283590	n/a
138.47998046875	0.3	0.0	1	283607	n/a
138.48828125	0.3	1.0	2	283624	n/a
138.49658203125	0.3	0.0	1	283641	n/a
138.5048828125	0.3	0.0	1	283658	n/a
138.51318359375	0.3	1.0	2	283675	n/a
138.521484375	0.3	0.0	1	283692	n/a
138.52978515625	0.3	1.0	2	283709	n/a
138.5380859375	0.3	1.0	2	283726	n/a
138.54638671875	0.3	0.0	1	283743	n/a
138.5546875	0.3	1.0	2	283760	n/a
138.56298828125	0.3	0.0	1	283777	n/a
138.57177734375	0.3	0.0	1	283795	n/a
138.580078125	0.3	1.0	2	283812	n/a
138.58837890625	0.3	1.0	2	283829	n/a
138.5966796875	0.3	0.0	1	283846	n/a
138.60498046875	0.3	0.0	1	283863	n/a
138.61328125	0.3	1.0	2	283880	n/a
138.62158203125	0.3	1.0	2	283897	n/a
138.6298828125	0.3	0.0	1	283914	n/a
138.63818359375	0.3	1.0	2	283931	n/a
138.646484375	0.3	0.0	1	283948	n/a
138.65478515625	0.3	0.0	1	283965	n/a
138.6630859375	0.3	1.0	2	283982	n/a
138.67138671875	0.3	1.0	2	283999	n/a
138.6796875	0.3	0.0	1	284016	n/a
138.68798828125	0.3	0.0	1	284033	n/a
138.69677734375	0.3	1.0	2	284051	n/a
138.705078125	0.3	1.0	2	284068	n/a
138.71337890625	0.3	0.0	1	284085	n/a
138.7216796875	0.3	1.0	2	284102	n/a
138.72998046875	0.3	0.0	1	284119	n/a
138.73828125	0.3	1.0	2	284136	n/a
138.74658203125	0.3	0.0	1	284153	n/a
138.7548828125	0.3	0.0	1	284170	n/a
138.76318359375	0.3	1.0	2	284187	n/a
138.771484375	0.3	0.0	1	284204	n/a
138.77978515625	0.3	1.0	2	284221	n/a
138.7880859375	0.3	0.0	1	284238	n/a
138.79638671875	0.3	1.0	2	284255	n/a
138.8046875	0.3	0.0	1	284272	n/a
138.81298828125	0.3	1.0	2	284289	n/a
138.82177734375	0.3	0.0	1	284307	n/a
138.830078125	0.3	1.0	2	284324	n/a
138.83837890625	0.3	0.0	1	284341	n/a
138.8466796875	0.3	1.0	2	284358	n/a
138.85498046875	0.3	1.0	2	284375	n/a
138.86328125	0.3	0.0	1	284392	n/a
138.87158203125	0.3	0.0	1	284409	n/a
138.8798828125	0.3	1.0	2	284426	n/a
138.88818359375	0.3	0.0	1	284443	n/a
138.896484375	0.3	1.0	2	284460	n/a
138.90478515625	0.3	0.0	1	284477	n/a
138.9130859375	0.3	1.0	2	284494	n/a
138.92138671875	0.3	0.0	1	284511	n/a
138.9296875	0.3	1.0	2	284528	n/a
138.93798828125	0.3	0.0	1	284545	n/a
138.94677734375	0.3	1.0	2	284563	n/a
138.955078125	0.3	1.0	2	284580	n/a
138.96337890625	0.3	0.0	1	284597	n/a
138.9716796875	0.3	0.0	1	284614	n/a
138.97998046875	0.3	1.0	2	284631	n/a
138.98828125	0.3	0.0	1	284648	n/a
138.99658203125	0.3	1.0	2	284665	n/a
139.0048828125	0.3	1.0	2	284682	n/a
139.01318359375	0.3	0.0	1	284699	n/a
139.021484375	0.3	0.0	1	284716	n/a
139.02978515625	0.3	1.0	2	284733	n/a
139.0380859375	0.3	0.0	1	284750	n/a
139.04638671875	0.3	1.0	2	284767	n/a
139.0546875	0.3	1.0	2	284784	n/a
139.06298828125	0.3	0.0	1	284801	n/a
139.07177734375	0.3	0.0	1	284819	n/a
139.080078125	0.3	1.0	2	284836	n/a
139.08837890625	0.3	0.0	1	284853	n/a
139.0966796875	0.3	1.0	2	284870	n/a
139.10498046875	0.3	1.0	2	284887	n/a
139.11328125	0.3	0.0	1	284904	n/a
139.12158203125	0.3	1.0	2	284921	n/a
139.1298828125	0.3	0.0	1	284938	n/a
139.13818359375	0.3	0.0	1	284955	n/a
139.146484375	0.3	1.0	2	284972	n/a
139.15478515625	0.3	1.0	2	284989	n/a
139.1630859375	0.3	0.0	1	285006	n/a
139.17138671875	0.3	0.0	1	285023	n/a
139.1796875	0.3	1.0	2	285040	n/a
139.18798828125	0.3	0.0	1	285057	n/a
139.19677734375	0.3	1.0	2	285075	n/a
139.205078125	0.3	0.0	1	285092	n/a
139.21337890625	0.3	1.0	2	285109	n/a
139.2216796875	0.3	1.0	2	285126	n/a
139.22998046875	0.3	0.0	1	285143	n/a
139.23828125	0.3	0.0	1	285160	n/a
139.24658203125	0.3	1.0	2	285177	n/a
139.2548828125	0.3	0.0	1	285194	n/a
139.26318359375	0.3	1.0	2	285211	n/a
139.271484375	0.3	1.0	2	285228	n/a
139.27978515625	0.3	0.0	1	285245	n/a
139.2880859375	0.3	0.0	1	285262	n/a
139.29638671875	0.3	1.0	2	285279	n/a
139.3046875	0.3	0.0	1	285296	n/a
139.31298828125	0.3	1.0	2	285313	n/a
139.32177734375	0.3	0.0	1	285331	n/a
139.330078125	0.3	1.0	2	285348	n/a
139.33837890625	0.3	0.0	1	285365	n/a
139.3466796875	0.3	1.0	2	285382	n/a
139.35498046875	0.3	0.0	1	285399	n/a
139.36328125	0.3	1.0	2	285416	n/a
139.37158203125	0.3	0.0	1	285433	n/a
139.3798828125	0.3	1.0	2	285450	n/a
139.38818359375	0.3	1.0	2	285467	n/a
139.396484375	0.3	0.0	1	285484	n/a
139.40478515625	0.3	1.0	2	285501	n/a
139.4130859375	0.3	0.0	1	285518	n/a
139.42138671875	0.3	0.0	1	285535	n/a
139.4296875	0.3	1.0	2	285552	n/a
139.43798828125	0.3	0.0	1	285569	n/a
139.44677734375	0.3	1.0	2	285587	n/a
139.455078125	0.3	0.0	1	285604	n/a
139.46337890625	0.3	1.0	2	285621	n/a
139.4716796875	0.3	0.0	1	285638	n/a
139.47998046875	0.3	1.0	2	285655	n/a
139.48828125	0.3	1.0	2	285672	n/a
139.49658203125	0.3	0.0	1	285689	n/a
139.5048828125	0.3	0.0	1	285706	n/a
139.51318359375	0.3	1.0	2	285723	n/a
139.521484375	0.3	1.0	2	285740	n/a
139.52978515625	0.3	0.0	1	285757	n/a
139.5380859375	0.3	1.0	2	285774	n/a
139.54638671875	0.3	0.0	1	285791	n/a
139.5546875	0.3	0.0	1	285808	n/a
139.56298828125	0.3	1.0	2	285825	n/a
139.57177734375	0.3	0.0	1	285843	n/a
139.580078125	0.3	1.0	2	285860	n/a
139.58837890625	0.3	1.0	2	285877	n/a
139.5966796875	0.3	0.0	1	285894	n/a
139.60498046875	0.3	1.0	2	285911	n/a
139.61328125	0.3	0.0	1	285928	n/a
139.62158203125	0.3	0.0	1	285945	n/a
139.6298828125	0.3	1.0	2	285962	n/a
139.63818359375	0.3	1.0	2	285979	n/a
139.646484375	0.3	0.0	1	285996	n/a
139.65478515625	0.3	0.0	1	286013	n/a
139.6630859375	0.3	1.0	2	286030	n/a
139.67138671875	0.3	1.0	2	286047	n/a
139.6796875	0.3	0.0	1	286064	n/a
139.68798828125	0.3	1.0	2	286081	n/a
139.69677734375	0.3	0.0	1	286099	n/a
139.705078125	0.3	0.0	1	286116	n/a
139.71337890625	0.3	1.0	2	286133	n/a
139.7216796875	0.3	1.0	2	286150	n/a
139.72998046875	0.3	0.0	1	286167	n/a
139.73828125	0.3	0.0	1	286184	n/a
139.74658203125	0.3	1.0	2	286201	n/a
139.7548828125	0.3	1.0	2	286218	n/a
139.76318359375	0.3	0.0	1	286235	n/a
139.771484375	0.3	1.0	2	286252	n/a
139.77978515625	0.3	0.0	1	286269	n/a
139.7880859375	0.3	1.0	2	286286	n/a
139.79638671875	0.3	0.0	1	286303	n/a
139.8046875	0.3	0.0	1	286320	n/a
139.81298828125	0.3	1.0	2	286337	n/a
139.82177734375	0.3	0.0	1	286355	n/a
139.830078125	0.3	1.0	2	286372	n/a
139.83837890625	0.3	0.0	1	286389	n/a
139.8466796875	0.3	1.0	2	286406	n/a
139.85498046875	0.3	0.0	1	286423	n/a
139.86328125	0.3	1.0	2	286440	n/a
139.87158203125	0.3	0.0	1	286457	n/a
139.8798828125	0.3	1.0	2	286474	n/a
139.88818359375	0.3	0.0	1	286491	n/a
139.896484375	0.3	1.0	2	286508	n/a
139.90478515625	0.3	1.0	2	286525	n/a
139.9130859375	0.3	0.0	1	286542	n/a
139.92138671875	0.3	0.0	1	286559	n/a
139.9296875	0.3	1.0	2	286576	n/a
139.93798828125	0.3	0.0	1	286593	n/a
139.94677734375	0.3	1.0	2	286611	n/a
139.955078125	0.3	0.0	1	286628	n/a
139.96337890625	0.3	1.0	2	286645	n/a
139.9716796875	0.3	0.0	1	286662	n/a
139.97998046875	0.3	1.0	2	286679	n/a
139.98828125	0.3	0.0	1	286696	n/a
139.99658203125	0.3	1.0	2	286713	n/a
140.0048828125	0.3	1.0	2	286730	n/a
140.01318359375	0.3	0.0	1	286747	n/a
140.021484375	0.3	0.0	1	286764	n/a
140.02978515625	0.3	1.0	2	286781	n/a
140.0380859375	0.3	0.0	1	286798	n/a
140.04638671875	0.3	1.0	2	286815	n/a
140.0546875	0.3	1.0	2	286832	n/a
140.06298828125	0.3	0.0	1	286849	n/a
140.07177734375	0.3	0.0	1	286867	n/a
140.080078125	0.3	1.0	2	286884	n/a
140.08837890625	0.3	0.0	1	286901	n/a
140.0966796875	0.3	1.0	2	286918	n/a
140.10498046875	0.3	1.0	2	286935	n/a
140.11328125	0.3	0.0	1	286952	n/a
140.12158203125	0.3	0.0	1	286969	n/a
140.1298828125	0.3	1.0	2	286986	n/a
140.13818359375	0.3	0.0	1	287003	n/a
140.146484375	0.3	1.0	2	287020	n/a
140.15478515625	0.3	1.0	2	287037	n/a
140.1630859375	0.3	0.0	1	287054	n/a
140.17138671875	0.3	1.0	2	287071	n/a
140.1796875	0.3	0.0	1	287088	n/a
140.18798828125	0.3	0.0	1	287105	n/a
140.19677734375	0.3	1.0	2	287123	n/a
140.205078125	0.3	1.0	2	287140	n/a
140.21337890625	0.3	0.0	1	287157	n/a
140.2216796875	0.3	0.0	1	287174	n/a
140.22998046875	0.3	1.0	2	287191	n/a
140.23828125	0.3	0.0	1	287208	n/a
140.24658203125	0.3	1.0	2	287225	n/a
140.2548828125	0.3	0.0	1	287242	n/a
140.26318359375	0.3	1.0	2	287259	n/a
140.271484375	0.3	1.0	2	287276	n/a
140.27978515625	0.3	0.0	1	287293	n/a
140.2880859375	0.3	0.0	1	287310	n/a
140.29638671875	0.3	1.0	2	287327	n/a
140.3046875	0.3	0.0	1	287344	n/a
140.31298828125	0.3	1.0	2	287361	n/a
140.32177734375	0.3	1.0	2	287379	n/a
140.330078125	0.3	0.0	1	287396	n/a
140.33837890625	0.3	0.0	1	287413	n/a
140.3466796875	0.3	1.0	2	287430	n/a
140.35498046875	0.3	0.0	1	287447	n/a
140.36328125	0.3	1.0	2	287464	n/a
140.37158203125	0.3	0.0	1	287481	n/a
140.3798828125	0.3	1.0	2	287498	n/a
140.38818359375	0.3	0.0	1	287515	n/a
140.396484375	0.3	1.0	2	287532	n/a
140.40478515625	0.3	0.0	1	287549	n/a
140.4130859375	0.3	1.0	2	287566	n/a
140.42138671875	0.3	0.0	1	287583	n/a
140.4296875	0.3	1.0	2	287600	n/a
140.43798828125	0.3	1.0	2	287617	n/a
140.44677734375	0.3	0.0	1	287635	n/a
142.84765625	0.3	0.0	1	292552	35.0
142.85595703125	0.3	1.0	2	292569	n/a
142.8642578125	0.3	0.0	1	292586	n/a
142.87255859375	0.3	1.0	2	292603	n/a
142.880859375	0.3	1.0	2	292620	n/a
142.88916015625	0.3	0.0	1	292637	n/a
142.8974609375	0.3	0.0	1	292654	n/a
142.90576171875	0.3	1.0	2	292671	n/a
142.91455078125	0.3	0.0	1	292689	n/a
142.9228515625	0.3	1.0	2	292706	n/a
142.93115234375	0.3	0.0	1	292723	n/a
142.939453125	0.3	1.0	2	292740	n/a
142.94775390625	0.3	1.0	2	292757	n/a
142.9560546875	0.3	0.0	1	292774	n/a
142.96435546875	0.3	1.0	2	292791	n/a
142.97265625	0.3	0.0	1	292808	n/a
142.98095703125	0.3	0.0	1	292825	n/a
142.9892578125	0.3	1.0	2	292842	n/a
142.99755859375	0.3	1.0	2	292859	n/a
143.005859375	0.3	0.0	1	292876	n/a
143.01416015625	0.3	0.0	1	292893	n/a
143.0224609375	0.3	1.0	2	292910	n/a
143.03076171875	0.3	1.0	2	292927	n/a
143.03955078125	0.3	0.0	1	292945	n/a
143.0478515625	0.3	1.0	2	292962	n/a
143.05615234375	0.3	0.0	1	292979	n/a
143.064453125	0.3	1.0	2	292996	n/a
143.07275390625	0.3	0.0	1	293013	n/a
143.0810546875	0.3	1.0	2	293030	n/a
143.08935546875	0.3	0.0	1	293047	n/a
143.09765625	0.3	0.0	1	293064	n/a
143.10595703125	0.3	1.0	2	293081	n/a
143.1142578125	0.3	0.0	1	293098	n/a
143.12255859375	0.3	1.0	2	293115	n/a
143.130859375	0.3	1.0	2	293132	n/a
143.13916015625	0.3	0.0	1	293149	n/a
143.1474609375	0.3	0.0	1	293166	n/a
143.15576171875	0.3	1.0	2	293183	n/a
143.16455078125	0.3	1.0	2	293201	n/a
143.1728515625	0.3	0.0	1	293218	n/a
143.18115234375	0.3	0.0	1	293235	n/a
143.189453125	0.3	1.0	2	293252	n/a
143.19775390625	0.3	0.0	1	293269	n/a
143.2060546875	0.3	1.0	2	293286	n/a
143.21435546875	0.3	0.0	1	293303	n/a
143.22265625	0.3	1.0	2	293320	n/a
143.23095703125	0.3	0.0	1	293337	n/a
143.2392578125	0.3	1.0	2	293354	n/a
143.24755859375	0.3	0.0	1	293371	n/a
143.255859375	0.3	1.0	2	293388	n/a
143.26416015625	0.3	0.0	1	293405	n/a
143.2724609375	0.3	1.0	2	293422	n/a
143.28076171875	0.3	0.0	1	293439	n/a
143.28955078125	0.3	1.0	2	293457	n/a
143.2978515625	0.3	0.0	1	293474	n/a
143.30615234375	0.3	1.0	2	293491	n/a
143.314453125	0.3	0.0	1	293508	n/a
143.32275390625	0.3	1.0	2	293525	n/a
143.3310546875	0.3	1.0	2	293542	n/a
143.33935546875	0.3	0.0	1	293559	n/a
143.34765625	0.3	1.0	2	293576	n/a
143.35595703125	0.3	0.0	1	293593	n/a
143.3642578125	0.3	1.0	2	293610	n/a
143.37255859375	0.3	0.0	1	293627	n/a
143.380859375	0.3	1.0	2	293644	n/a
143.38916015625	0.3	0.0	1	293661	n/a
143.3974609375	0.3	1.0	2	293678	n/a
143.40576171875	0.3	0.0	1	293695	n/a
143.41455078125	0.3	1.0	2	293713	n/a
143.4228515625	0.3	0.0	1	293730	n/a
143.43115234375	0.3	1.0	2	293747	n/a
143.439453125	0.3	0.0	1	293764	n/a
143.44775390625	0.3	0.0	1	293781	n/a
143.4560546875	0.3	1.0	2	293798	n/a
143.46435546875	0.3	0.0	1	293815	n/a
143.47265625	0.3	1.0	2	293832	n/a
143.48095703125	0.3	0.0	1	293849	n/a
143.4892578125	0.3	1.0	2	293866	n/a
143.49755859375	0.3	0.0	1	293883	n/a
143.505859375	0.3	1.0	2	293900	n/a
143.51416015625	0.3	0.0	1	293917	n/a
143.5224609375	0.3	1.0	2	293934	n/a
143.53076171875	0.3	1.0	2	293951	n/a
143.53955078125	0.3	0.0	1	293969	n/a
143.5478515625	0.3	1.0	2	293986	n/a
143.55615234375	0.3	0.0	1	294003	n/a
143.564453125	0.3	1.0	2	294020	n/a
143.57275390625	0.3	0.0	1	294037	n/a
143.5810546875	0.3	0.0	1	294054	n/a
143.58935546875	0.3	1.0	2	294071	n/a
143.59765625	0.3	1.0	2	294088	n/a
143.60595703125	0.3	0.0	1	294105	n/a
143.6142578125	0.3	1.0	2	294122	n/a
143.62255859375	0.3	0.0	1	294139	n/a
143.630859375	0.3	1.0	2	294156	n/a
143.63916015625	0.3	0.0	1	294173	n/a
143.6474609375	0.3	0.0	1	294190	n/a
143.65576171875	0.3	1.0	2	294207	n/a
143.66455078125	0.3	0.0	1	294225	n/a
143.6728515625	0.3	1.0	2	294242	n/a
143.68115234375	0.3	0.0	1	294259	n/a
143.689453125	0.3	1.0	2	294276	n/a
143.69775390625	0.3	1.0	2	294293	n/a
143.7060546875	0.3	0.0	1	294310	n/a
143.71435546875	0.3	0.0	1	294327	n/a
143.72265625	0.3	1.0	2	294344	n/a
143.73095703125	0.3	1.0	2	294361	n/a
143.7392578125	0.3	0.0	1	294378	n/a
143.74755859375	0.3	1.0	2	294395	n/a
143.755859375	0.3	0.0	1	294412	n/a
143.76416015625	0.3	1.0	2	294429	n/a
143.7724609375	0.3	0.0	1	294446	n/a
143.78076171875	0.3	1.0	2	294463	n/a
143.78955078125	0.3	0.0	1	294481	n/a
143.7978515625	0.3	1.0	2	294498	n/a
143.80615234375	0.3	0.0	1	294515	n/a
143.814453125	0.3	1.0	2	294532	n/a
143.82275390625	0.3	0.0	1	294549	n/a
143.8310546875	0.3	0.0	1	294566	n/a
143.83935546875	0.3	1.0	2	294583	n/a
143.84765625	0.3	1.0	2	294600	n/a
143.85595703125	0.3	0.0	1	294617	n/a
143.8642578125	0.3	0.0	1	294634	n/a
143.87255859375	0.3	1.0	2	294651	n/a
143.880859375	0.3	0.0	1	294668	n/a
143.88916015625	0.3	1.0	2	294685	n/a
143.8974609375	0.3	0.0	1	294702	n/a
143.90576171875	0.3	1.0	2	294719	n/a
143.91455078125	0.3	0.0	1	294737	n/a
143.9228515625	0.3	1.0	2	294754	n/a
143.93115234375	0.3	1.0	2	294771	n/a
143.939453125	0.3	0.0	1	294788	n/a
143.94775390625	0.3	0.0	1	294805	n/a
143.9560546875	0.3	1.0	2	294822	n/a
143.96435546875	0.3	0.0	1	294839	n/a
143.97265625	0.3	1.0	2	294856	n/a
143.98095703125	0.3	0.0	1	294873	n/a
143.9892578125	0.3	1.0	2	294890	n/a
143.99755859375	0.3	1.0	2	294907	n/a
144.005859375	0.3	0.0	1	294924	n/a
144.01416015625	0.3	1.0	2	294941	n/a
144.0224609375	0.3	0.0	1	294958	n/a
144.03076171875	0.3	0.0	1	294975	n/a
144.03955078125	0.3	1.0	2	294993	n/a
144.0478515625	0.3	1.0	2	295010	n/a
144.05615234375	0.3	0.0	1	295027	n/a
144.064453125	0.3	0.0	1	295044	n/a
144.07275390625	0.3	1.0	2	295061	n/a
144.0810546875	0.3	1.0	2	295078	n/a
144.08935546875	0.3	0.0	1	295095	n/a
144.09765625	0.3	1.0	2	295112	n/a
144.10595703125	0.3	0.0	1	295129	n/a
144.1142578125	0.3	1.0	2	295146	n/a
144.12255859375	0.3	0.0	1	295163	n/a
144.130859375	0.3	1.0	2	295180	n/a
144.13916015625	0.3	0.0	1	295197	n/a
144.1474609375	0.3	0.0	1	295214	n/a
144.15576171875	0.3	1.0	2	295231	n/a
144.16455078125	0.3	0.0	1	295249	n/a
144.1728515625	0.3	1.0	2	295266	n/a
144.18115234375	0.3	1.0	2	295283	n/a
144.189453125	0.3	0.0	1	295300	n/a
144.19775390625	0.3	0.0	1	295317	n/a
144.2060546875	0.3	1.0	2	295334	n/a
144.21435546875	0.3	1.0	2	295351	n/a
144.22265625	0.3	0.0	1	295368	n/a
144.23095703125	0.3	0.0	1	295385	n/a
144.2392578125	0.3	1.0	2	295402	n/a
144.24755859375	0.3	0.0	1	295419	n/a
144.255859375	0.3	1.0	2	295436	n/a
144.26416015625	0.3	0.0	1	295453	n/a
144.2724609375	0.3	1.0	2	295470	n/a
144.28076171875	0.3	0.0	1	295487	n/a
144.28955078125	0.3	1.0	2	295505	n/a
144.2978515625	0.3	0.0	1	295522	n/a
144.30615234375	0.3	1.0	2	295539	n/a
144.314453125	0.3	0.0	1	295556	n/a
144.32275390625	0.3	1.0	2	295573	n/a
144.3310546875	0.3	0.0	1	295590	n/a
144.33935546875	0.3	1.0	2	295607	n/a
144.34765625	0.3	0.0	1	295624	n/a
144.35595703125	0.3	1.0	2	295641	n/a
144.3642578125	0.3	0.0	1	295658	n/a
144.37255859375	0.3	1.0	2	295675	n/a
144.380859375	0.3	1.0	2	295692	n/a
144.38916015625	0.3	0.0	1	295709	n/a
144.3974609375	0.3	1.0	2	295726	n/a
144.40576171875	0.3	0.0	1	295743	n/a
144.41455078125	0.3	1.0	2	295761	n/a
144.4228515625	0.3	0.0	1	295778	n/a
144.43115234375	0.3	1.0	2	295795	n/a
144.439453125	0.3	0.0	1	295812	n/a
144.44775390625	0.3	1.0	2	295829	n/a
144.4560546875	0.3	0.0	1	295846	n/a
144.46435546875	0.3	1.0	2	295863	n/a
144.47265625	0.3	0.0	1	295880	n/a
144.48095703125	0.3	1.0	2	295897	n/a
144.4892578125	0.3	0.0	1	295914	n/a
144.49755859375	0.3	0.0	1	295931	n/a
144.505859375	0.3	1.0	2	295948	n/a
144.51416015625	0.3	0.0	1	295965	n/a
144.5224609375	0.3	1.0	2	295982	n/a
144.53076171875	0.3	0.0	1	295999	n/a
144.53955078125	0.3	1.0	2	296017	n/a
144.5478515625	0.3	0.0	1	296034	n/a
144.55615234375	0.3	1.0	2	296051	n/a
144.564453125	0.3	0.0	1	296068	n/a
144.57275390625	0.3	1.0	2	296085	n/a
144.5810546875	0.3	1.0	2	296102	n/a
144.58935546875	0.3	0.0	1	296119	n/a
144.59765625	0.3	1.0	2	296136	n/a
144.60595703125	0.3	0.0	1	296153	n/a
144.6142578125	0.3	1.0	2	296170	n/a
144.62255859375	0.3	0.0	1	296187	n/a
144.630859375	0.3	0.0	1	296204	n/a
144.63916015625	0.3	1.0	2	296221	n/a
144.6474609375	0.3	1.0	2	296238	n/a
144.65576171875	0.3	0.0	1	296255	n/a
144.66455078125	0.3	1.0	2	296273	n/a
144.6728515625	0.3	0.0	1	296290	n/a
144.68115234375	0.3	1.0	2	296307	n/a
144.689453125	0.3	0.0	1	296324	n/a
144.69775390625	0.3	0.0	1	296341	n/a
144.7060546875	0.3	1.0	2	296358	n/a
144.71435546875	0.3	0.0	1	296375	n/a
144.72265625	0.3	1.0	2	296392	n/a
144.73095703125	0.3	0.0	1	296409	n/a
144.7392578125	0.3	1.0	2	296426	n/a
144.74755859375	0.3	1.0	2	296443	n/a
144.755859375	0.3	0.0	1	296460	n/a
144.76416015625	0.3	0.0	1	296477	n/a
144.7724609375	0.3	1.0	2	296494	n/a
144.78076171875	0.3	1.0	2	296511	n/a
144.78955078125	0.3	0.0	1	296529	n/a
144.7978515625	0.3	1.0	2	296546	n/a
144.80615234375	0.3	0.0	1	296563	n/a
144.814453125	0.3	1.0	2	296580	n/a
144.82275390625	0.3	0.0	1	296597	n/a
144.8310546875	0.3	1.0	2	296614	n/a
144.83935546875	0.3	0.0	1	296631	n/a
144.84765625	0.3	1.0	2	296648	n/a
144.85595703125	0.3	0.0	1	296665	n/a
144.8642578125	0.3	1.0	2	296682	n/a
144.87255859375	0.3	0.0	1	296699	n/a
144.880859375	0.3	0.0	1	296716	n/a
144.88916015625	0.3	1.0	2	296733	n/a
144.8974609375	0.3	1.0	2	296750	n/a
144.90576171875	0.3	0.0	1	296767	n/a
144.91455078125	0.3	0.0	1	296785	n/a
144.9228515625	0.3	1.0	2	296802	n/a
144.93115234375	0.3	0.0	1	296819	n/a
144.939453125	0.3	1.0	2	296836	n/a
144.94775390625	0.3	0.0	1	296853	n/a
144.9560546875	0.3	1.0	2	296870	n/a
144.96435546875	0.3	0.0	1	296887	n/a
144.97265625	0.3	1.0	2	296904	n/a
144.98095703125	0.3	1.0	2	296921	n/a
144.9892578125	0.3	0.0	1	296938	n/a
144.99755859375	0.3	0.0	1	296955	n/a
145.005859375	0.3	1.0	2	296972	n/a
145.01416015625	0.3	0.0	1	296989	n/a
145.0224609375	0.3	1.0	2	297006	n/a
145.03076171875	0.3	0.0	1	297023	n/a
145.03955078125	0.3	1.0	2	297041	n/a
145.0478515625	0.3	1.0	2	297058	n/a
145.05615234375	0.3	0.0	1	297075	n/a
145.064453125	0.3	1.0	2	297092	n/a
145.07275390625	0.3	0.0	1	297109	n/a
145.0810546875	0.3	0.0	1	297126	n/a
145.08935546875	0.3	1.0	2	297143	n/a
145.09765625	0.3	1.0	2	297160	n/a
145.10595703125	0.3	0.0	1	297177	n/a
145.1142578125	0.3	0.0	1	297194	n/a
145.12255859375	0.3	1.0	2	297211	n/a
145.130859375	0.3	1.0	2	297228	n/a
145.13916015625	0.3	0.0	1	297245	n/a
145.1474609375	0.3	1.0	2	297262	n/a
145.15576171875	0.3	0.0	1	297279	n/a
145.16455078125	0.3	1.0	2	297297	n/a
145.1728515625	0.3	0.0	1	297314	n/a
145.18115234375	0.3	1.0	2	297331	n/a
145.189453125	0.3	0.0	1	297348	n/a
145.19775390625	0.3	0.0	1	297365	n/a
145.2060546875	0.3	1.0	2	297382	n/a
145.21435546875	0.3	0.0	1	297399	n/a
145.22265625	0.3	1.0	2	297416	n/a
145.23095703125	0.3	1.0	2	297433	n/a
145.2392578125	0.3	0.0	1	297450	n/a
145.24755859375	0.3	0.0	1	297467	n/a
145.255859375	0.3	1.0	2	297484	n/a
145.26416015625	0.3	1.0	2	297501	n/a
145.2724609375	0.3	0.0	1	297518	n/a
145.28076171875	0.3	0.0	1	297535	n/a
145.28955078125	0.3	1.0	2	297553	n/a
145.2978515625	0.3	0.0	1	297570	n/a
145.30615234375	0.3	1.0	2	297587	n/a
145.314453125	0.3	0.0	1	297604	n/a
145.32275390625	0.3	1.0	2	297621	n/a
145.3310546875	0.3	0.0	1	297638	n/a
145.33935546875	0.3	1.0	2	297655	n/a
145.34765625	0.3	0.0	1	297672	n/a
145.35595703125	0.3	1.0	2	297689	n/a
145.3642578125	0.3	0.0	1	297706	n/a
145.37255859375	0.3	1.0	2	297723	n/a
145.380859375	0.3	0.0	1	297740	n/a
145.38916015625	0.3	1.0	2	297757	n/a
145.3974609375	0.3	0.0	1	297774	n/a
145.40576171875	0.3	1.0	2	297791	n/a
145.41455078125	0.3	0.0	1	297809	n/a
145.4228515625	0.3	1.0	2	297826	n/a
145.43115234375	0.3	1.0	2	297843	n/a
145.439453125	0.3	0.0	1	297860	n/a
145.44775390625	0.3	1.0	2	297877	n/a
145.4560546875	0.3	0.0	1	297894	n/a
145.46435546875	0.3	1.0	2	297911	n/a
145.47265625	0.3	0.0	1	297928	n/a
145.48095703125	0.3	1.0	2	297945	n/a
145.4892578125	0.3	0.0	1	297962	n/a
145.49755859375	0.3	1.0	2	297979	n/a
145.505859375	0.3	0.0	1	297996	n/a
145.51416015625	0.3	1.0	2	298013	n/a
145.5224609375	0.3	0.0	1	298030	n/a
145.53076171875	0.3	1.0	2	298047	n/a
145.53955078125	0.3	0.0	1	298065	n/a
145.5478515625	0.3	0.0	1	298082	n/a
145.55615234375	0.3	1.0	2	298099	n/a
145.564453125	0.3	0.0	1	298116	n/a
145.57275390625	0.3	1.0	2	298133	n/a
145.5810546875	0.3	0.0	1	298150	n/a
145.58935546875	0.3	1.0	2	298167	n/a
145.59765625	0.3	0.0	1	298184	n/a
145.60595703125	0.3	1.0	2	298201	n/a
145.6142578125	0.3	0.0	1	298218	n/a
145.62255859375	0.3	1.0	2	298235	n/a
145.630859375	0.3	1.0	2	298252	n/a
145.63916015625	0.3	0.0	1	298269	n/a
145.6474609375	0.3	1.0	2	298286	n/a
145.65576171875	0.3	0.0	1	298303	n/a
145.66455078125	0.3	1.0	2	298321	n/a
145.6728515625	0.3	0.0	1	298338	n/a
145.68115234375	0.3	0.0	1	298355	n/a
145.689453125	0.3	1.0	2	298372	n/a
145.69775390625	0.3	1.0	2	298389	n/a
145.7060546875	0.3	0.0	1	298406	n/a
145.71435546875	0.3	1.0	2	298423	n/a
145.72265625	0.3	0.0	1	298440	n/a
145.73095703125	0.3	1.0	2	298457	n/a
145.7392578125	0.3	0.0	1	298474	n/a
145.74755859375	0.3	0.0	1	298491	n/a
145.755859375	0.3	1.0	2	298508	n/a
145.76416015625	0.3	0.0	1	298525	n/a
145.7724609375	0.3	1.0	2	298542	n/a
145.78076171875	0.3	0.0	1	298559	n/a
145.78955078125	0.3	1.0	2	298577	n/a
145.7978515625	0.3	1.0	2	298594	n/a
145.80615234375	0.3	0.0	1	298611	n/a
145.814453125	0.3	0.0	1	298628	n/a
145.82275390625	0.3	1.0	2	298645	n/a
145.8310546875	0.3	1.0	2	298662	n/a
145.83935546875	0.3	0.0	1	298679	n/a
145.84765625	0.3	1.0	2	298696	n/a
145.85595703125	0.3	0.0	1	298713	n/a
145.8642578125	0.3	1.0	2	298730	n/a
145.87255859375	0.3	0.0	1	298747	n/a
145.880859375	0.3	1.0	2	298764	n/a
145.88916015625	0.3	0.0	1	298781	n/a
145.8974609375	0.3	1.0	2	298798	n/a
145.90576171875	0.3	0.0	1	298815	n/a
145.91455078125	0.3	1.0	2	298833	n/a
145.9228515625	0.3	0.0	1	298850	n/a
145.93115234375	0.3	0.0	1	298867	n/a
145.939453125	0.3	1.0	2	298884	n/a
145.94775390625	0.3	1.0	2	298901	n/a
145.9560546875	0.3	0.0	1	298918	n/a
145.96435546875	0.3	0.0	1	298935	n/a
145.97265625	0.3	1.0	2	298952	n/a
145.98095703125	0.3	0.0	1	298969	n/a
145.9892578125	0.3	1.0	2	298986	n/a
145.99755859375	0.3	0.0	1	299003	n/a
146.005859375	0.3	1.0	2	299020	n/a
146.01416015625	0.3	0.0	1	299037	n/a
146.0224609375	0.3	1.0	2	299054	n/a
146.03076171875	0.3	1.0	2	299071	n/a
146.03955078125	0.3	0.0	1	299089	n/a
146.0478515625	0.3	0.0	1	299106	n/a
146.05615234375	0.3	1.0	2	299123	n/a
146.064453125	0.3	0.0	1	299140	n/a
146.07275390625	0.3	1.0	2	299157	n/a
146.0810546875	0.3	0.0	1	299174	n/a
146.08935546875	0.3	1.0	2	299191	n/a
146.09765625	0.3	1.0	2	299208	n/a
146.10595703125	0.3	0.0	1	299225	n/a
146.1142578125	0.3	1.0	2	299242	n/a
146.12255859375	0.3	0.0	1	299259	n/a
146.130859375	0.3	0.0	1	299276	n/a
146.13916015625	0.3	1.0	2	299293	n/a
146.1474609375	0.3	1.0	2	299310	n/a
146.15576171875	0.3	0.0	1	299327	n/a
146.16455078125	0.3	0.0	1	299345	n/a
146.1728515625	0.3	1.0	2	299362	n/a
146.18115234375	0.3	1.0	2	299379	n/a
146.189453125	0.3	0.0	1	299396	n/a
146.19775390625	0.3	1.0	2	299413	n/a
146.2060546875	0.3	0.0	1	299430	n/a
146.21435546875	0.3	1.0	2	299447	n/a
146.22265625	0.3	0.0	1	299464	n/a
146.23095703125	0.3	1.0	2	299481	n/a
146.2392578125	0.3	0.0	1	299498	n/a
146.24755859375	0.3	0.0	1	299515	n/a
146.255859375	0.3	1.0	2	299532	n/a
146.26416015625	0.3	0.0	1	299549	n/a
146.2724609375	0.3	1.0	2	299566	n/a
146.28076171875	0.3	1.0	2	299583	n/a
146.28955078125	0.3	0.0	1	299601	n/a
146.2978515625	0.3	0.0	1	299618	n/a
146.30615234375	0.3	1.0	2	299635	n/a
146.314453125	0.3	1.0	2	299652	n/a
146.32275390625	0.3	0.0	1	299669	n/a
146.3310546875	0.3	0.0	1	299686	n/a
146.33935546875	0.3	1.0	2	299703	n/a
146.34765625	0.3	0.0	1	299720	n/a
146.35595703125	0.3	1.0	2	299737	n/a
146.3642578125	0.3	0.0	1	299754	n/a
146.37255859375	0.3	1.0	2	299771	n/a
146.380859375	0.3	0.0	1	299788	n/a
146.38916015625	0.3	1.0	2	299805	n/a
146.3974609375	0.3	0.0	1	299822	n/a
146.40576171875	0.3	1.0	2	299839	n/a
146.41455078125	0.3	0.0	1	299857	n/a
146.4228515625	0.3	1.0	2	299874	n/a
146.43115234375	0.3	0.0	1	299891	n/a
146.439453125	0.3	1.0	2	299908	n/a
146.44775390625	0.3	0.0	1	299925	n/a
146.4560546875	0.3	1.0	2	299942	n/a
146.46435546875	0.3	0.0	1	299959	n/a
146.47265625	0.3	1.0	2	299976	n/a
146.48095703125	0.3	1.0	2	299993	n/a
146.4892578125	0.3	0.0	1	300010	n/a
146.49755859375	0.3	1.0	2	300027	n/a
146.505859375	0.3	0.0	1	300044	n/a
146.51416015625	0.3	1.0	2	300061	n/a
146.5224609375	0.3	0.0	1	300078	n/a
146.53076171875	0.3	1.0	2	300095	n/a
146.53955078125	0.3	0.0	1	300113	n/a
146.5478515625	0.3	1.0	2	300130	n/a
146.55615234375	0.3	0.0	1	300147	n/a
146.564453125	0.3	1.0	2	300164	n/a
146.57275390625	0.3	0.0	1	300181	n/a
146.5810546875	0.3	1.0	2	300198	n/a
146.58935546875	0.3	0.0	1	300215	n/a
146.59765625	0.3	0.0	1	300232	n/a
146.60595703125	0.3	1.0	2	300249	n/a
146.6142578125	0.3	0.0	1	300266	n/a
146.62255859375	0.3	1.0	2	300283	n/a
146.630859375	0.3	0.0	1	300300	n/a
146.63916015625	0.3	1.0	2	300317	n/a
146.6474609375	0.3	0.0	1	300334	n/a
146.65576171875	0.3	1.0	2	300351	n/a
146.66455078125	0.3	0.0	1	300369	n/a
146.6728515625	0.3	1.0	2	300386	n/a
146.68115234375	0.3	1.0	2	300403	n/a
146.689453125	0.3	0.0	1	300420	n/a
146.69775390625	0.3	1.0	2	300437	n/a
146.7060546875	0.3	0.0	1	300454	n/a
146.71435546875	0.3	1.0	2	300471	n/a
146.72265625	0.3	0.0	1	300488	n/a
146.73095703125	0.3	0.0	1	300505	n/a
146.7392578125	0.3	1.0	2	300522	n/a
146.74755859375	0.3	1.0	2	300539	n/a
146.755859375	0.3	0.0	1	300556	n/a
146.76416015625	0.3	1.0	2	300573	n/a
146.7724609375	0.3	0.0	1	300590	n/a
146.78076171875	0.3	1.0	2	300607	n/a
146.78955078125	0.3	0.0	1	300625	n/a
146.7978515625	0.3	0.0	1	300642	n/a
146.80615234375	0.3	1.0	2	300659	n/a
146.814453125	0.3	0.0	1	300676	n/a
146.82275390625	0.3	1.0	2	300693	n/a
146.8310546875	0.3	0.0	1	300710	n/a
146.83935546875	0.3	1.0	2	300727	n/a
146.84765625	0.3	1.0	2	300744	n/a
146.85595703125	0.3	0.0	1	300761	n/a
146.8642578125	0.3	0.0	1	300778	n/a
146.87255859375	0.3	1.0	2	300795	n/a
146.880859375	0.3	1.0	2	300812	n/a
146.88916015625	0.3	0.0	1	300829	n/a
146.8974609375	0.3	1.0	2	300846	n/a
146.90576171875	0.3	0.0	1	300863	n/a
146.91455078125	0.3	1.0	2	300881	n/a
146.9228515625	0.3	0.0	1	300898	n/a
146.93115234375	0.3	1.0	2	300915	n/a
146.939453125	0.3	0.0	1	300932	n/a
146.94775390625	0.3	1.0	2	300949	n/a
146.9560546875	0.3	0.0	1	300966	n/a
146.96435546875	0.3	1.0	2	300983	n/a
146.97265625	0.3	0.0	1	301000	n/a
146.98095703125	0.3	0.0	1	301017	n/a
146.9892578125	0.3	1.0	2	301034	n/a
146.99755859375	0.3	1.0	2	301051	n/a
147.005859375	0.3	0.0	1	301068	n/a
147.01416015625	0.3	0.0	1	301085	n/a
147.0224609375	0.3	1.0	2	301102	n/a
147.03076171875	0.3	0.0	1	301119	n/a
147.03955078125	0.3	1.0	2	301137	n/a
149.4228515625	0.3	0.0	1	306018	9.0
149.43115234375	0.3	1.0	2	306035	n/a
149.439453125	0.3	1.0	2	306052	n/a
149.44775390625	0.3	0.0	1	306069	n/a
149.4560546875	0.3	1.0	2	306086	n/a
149.46435546875	0.3	0.0	1	306103	n/a
149.47265625	0.3	0.0	1	306120	n/a
149.48095703125	0.3	1.0	2	306137	n/a
149.48974609375	0.3	1.0	2	306155	n/a
149.498046875	0.3	0.0	1	306172	n/a
149.50634765625	0.3	0.0	1	306189	n/a
149.5146484375	0.3	1.0	2	306206	n/a
149.52294921875	0.3	1.0	2	306223	n/a
149.53125	0.3	0.0	1	306240	n/a
149.53955078125	0.3	1.0	2	306257	n/a
149.5478515625	0.3	0.0	1	306274	n/a
149.55615234375	0.3	0.0	1	306291	n/a
149.564453125	0.3	1.0	2	306308	n/a
149.57275390625	0.3	0.0	1	306325	n/a
149.5810546875	0.3	1.0	2	306342	n/a
149.58935546875	0.3	1.0	2	306359	n/a
149.59765625	0.3	0.0	1	306376	n/a
149.60595703125	0.3	0.0	1	306393	n/a
149.61474609375	0.3	1.0	2	306411	n/a
149.623046875	0.3	1.0	2	306428	n/a
149.63134765625	0.3	0.0	1	306445	n/a
149.6396484375	0.3	1.0	2	306462	n/a
149.64794921875	0.3	0.0	1	306479	n/a
149.65625	0.3	1.0	2	306496	n/a
149.66455078125	0.3	0.0	1	306513	n/a
149.6728515625	0.3	0.0	1	306530	n/a
149.68115234375	0.3	1.0	2	306547	n/a
149.689453125	0.3	0.0	1	306564	n/a
149.69775390625	0.3	1.0	2	306581	n/a
149.7060546875	0.3	0.0	1	306598	n/a
149.71435546875	0.3	1.0	2	306615	n/a
149.72265625	0.3	0.0	1	306632	n/a
149.73095703125	0.3	1.0	2	306649	n/a
149.73974609375	0.3	0.0	1	306667	n/a
149.748046875	0.3	1.0	2	306684	n/a
149.75634765625	0.3	1.0	2	306701	n/a
149.7646484375	0.3	0.0	1	306718	n/a
149.77294921875	0.3	1.0	2	306735	n/a
149.78125	0.3	0.0	1	306752	n/a
149.78955078125	0.3	1.0	2	306769	n/a
149.7978515625	0.3	0.0	1	306786	n/a
149.80615234375	0.3	1.0	2	306803	n/a
149.814453125	0.3	0.0	1	306820	n/a
149.82275390625	0.3	1.0	2	306837	n/a
149.8310546875	0.3	0.0	1	306854	n/a
149.83935546875	0.3	0.0	1	306871	n/a
149.84765625	0.3	1.0	2	306888	n/a
149.85595703125	0.3	0.0	1	306905	n/a
149.86474609375	0.3	1.0	2	306923	n/a
149.873046875	0.3	1.0	2	306940	n/a
149.88134765625	0.3	0.0	1	306957	n/a
149.8896484375	0.3	0.0	1	306974	n/a
149.89794921875	0.3	1.0	2	306991	n/a
149.90625	0.3	0.0	1	307008	n/a
149.91455078125	0.3	1.0	2	307025	n/a
149.9228515625	0.3	1.0	2	307042	n/a
149.93115234375	0.3	0.0	1	307059	n/a
149.939453125	0.3	0.0	1	307076	n/a
149.94775390625	0.3	1.0	2	307093	n/a
149.9560546875	0.3	1.0	2	307110	n/a
149.96435546875	0.3	0.0	1	307127	n/a
149.97265625	0.3	1.0	2	307144	n/a
149.98095703125	0.3	0.0	1	307161	n/a
149.98974609375	0.3	1.0	2	307179	n/a
149.998046875	0.3	0.0	1	307196	n/a
150.00634765625	0.3	0.0	1	307213	n/a
150.0146484375	0.3	1.0	2	307230	n/a
150.02294921875	0.3	1.0	2	307247	n/a
150.03125	0.3	0.0	1	307264	n/a
150.03955078125	0.3	0.0	1	307281	n/a
150.0478515625	0.3	1.0	2	307298	n/a
150.05615234375	0.3	0.0	1	307315	n/a
150.064453125	0.3	1.0	2	307332	n/a
150.07275390625	0.3	1.0	2	307349	n/a
150.0810546875	0.3	0.0	1	307366	n/a
150.08935546875	0.3	1.0	2	307383	n/a
150.09765625	0.3	0.0	1	307400	n/a
150.10595703125	0.3	0.0	1	307417	n/a
150.11474609375	0.3	1.0	2	307435	n/a
150.123046875	0.3	0.0	1	307452	n/a
150.13134765625	0.3	1.0	2	307469	n/a
150.1396484375	0.3	1.0	2	307486	n/a
150.14794921875	0.3	0.0	1	307503	n/a
150.15625	0.3	1.0	2	307520	n/a
150.16455078125	0.3	0.0	1	307537	n/a
150.1728515625	0.3	0.0	1	307554	n/a
150.18115234375	0.3	1.0	2	307571	n/a
150.189453125	0.3	0.0	1	307588	n/a
150.19775390625	0.3	1.0	2	307605	n/a
150.2060546875	0.3	1.0	2	307622	n/a
150.21435546875	0.3	0.0	1	307639	n/a
150.22265625	0.3	1.0	2	307656	n/a
150.23095703125	0.3	0.0	1	307673	n/a
150.23974609375	0.3	0.0	1	307691	n/a
150.248046875	0.3	1.0	2	307708	n/a
150.25634765625	0.3	1.0	2	307725	n/a
150.2646484375	0.3	0.0	1	307742	n/a
150.27294921875	0.3	0.0	1	307759	n/a
150.28125	0.3	1.0	2	307776	n/a
150.28955078125	0.3	0.0	1	307793	n/a
150.2978515625	0.3	1.0	2	307810	n/a
150.30615234375	0.3	0.0	1	307827	n/a
150.314453125	0.3	1.0	2	307844	n/a
150.32275390625	0.3	1.0	2	307861	n/a
150.3310546875	0.3	0.0	1	307878	n/a
150.33935546875	0.3	1.0	2	307895	n/a
150.34765625	0.3	0.0	1	307912	n/a
150.35595703125	0.3	0.0	1	307929	n/a
150.36474609375	0.3	1.0	2	307947	n/a
150.373046875	0.3	0.0	1	307964	n/a
150.38134765625	0.3	1.0	2	307981	n/a
150.3896484375	0.3	1.0	2	307998	n/a
150.39794921875	0.3	0.0	1	308015	n/a
150.40625	0.3	1.0	2	308032	n/a
150.41455078125	0.3	0.0	1	308049	n/a
150.4228515625	0.3	0.0	1	308066	n/a
150.43115234375	0.3	1.0	2	308083	n/a
150.439453125	0.3	0.0	1	308100	n/a
150.44775390625	0.3	1.0	2	308117	n/a
150.4560546875	0.3	0.0	1	308134	n/a
150.46435546875	0.3	1.0	2	308151	n/a
150.47265625	0.3	0.0	1	308168	n/a
150.48095703125	0.3	1.0	2	308185	n/a
150.48974609375	0.3	1.0	2	308203	n/a
150.498046875	0.3	0.0	1	308220	n/a
150.50634765625	0.3	1.0	2	308237	n/a
150.5146484375	0.3	0.0	1	308254	n/a
150.52294921875	0.3	0.0	1	308271	n/a
150.53125	0.3	1.0	2	308288	n/a
150.53955078125	0.3	1.0	2	308305	n/a
150.5478515625	0.3	0.0	1	308322	n/a
150.55615234375	0.3	0.0	1	308339	n/a
150.564453125	0.3	1.0	2	308356	n/a
150.57275390625	0.3	1.0	2	308373	n/a
150.5810546875	0.3	0.0	1	308390	n/a
150.58935546875	0.3	1.0	2	308407	n/a
150.59765625	0.3	0.0	1	308424	n/a
150.60595703125	0.3	0.0	1	308441	n/a
150.61474609375	0.3	1.0	2	308459	n/a
150.623046875	0.3	0.0	1	308476	n/a
150.63134765625	0.3	1.0	2	308493	n/a
150.6396484375	0.3	1.0	2	308510	n/a
150.64794921875	0.3	0.0	1	308527	n/a
150.65625	0.3	0.0	1	308544	n/a
150.66455078125	0.3	1.0	2	308561	n/a
150.6728515625	0.3	1.0	2	308578	n/a
150.68115234375	0.3	0.0	1	308595	n/a
150.689453125	0.3	1.0	2	308612	n/a
150.69775390625	0.3	0.0	1	308629	n/a
150.7060546875	0.3	1.0	2	308646	n/a
150.71435546875	0.3	0.0	1	308663	n/a
150.72265625	0.3	0.0	1	308680	n/a
150.73095703125	0.3	1.0	2	308697	n/a
150.73974609375	0.3	0.0	1	308715	n/a
150.748046875	0.3	1.0	2	308732	n/a
150.75634765625	0.3	0.0	1	308749	n/a
150.7646484375	0.3	1.0	2	308766	n/a
150.77294921875	0.3	0.0	1	308783	n/a
150.78125	0.3	1.0	2	308800	n/a
150.78955078125	0.3	0.0	1	308817	n/a
150.7978515625	0.3	1.0	2	308834	n/a
150.80615234375	0.3	1.0	2	308851	n/a
150.814453125	0.3	0.0	1	308868	n/a
150.82275390625	0.3	1.0	2	308885	n/a
150.8310546875	0.3	0.0	1	308902	n/a
150.83935546875	0.3	1.0	2	308919	n/a
150.84765625	0.3	0.0	1	308936	n/a
150.85595703125	0.3	1.0	2	308953	n/a
150.86474609375	0.3	0.0	1	308971	n/a
150.873046875	0.3	1.0	2	308988	n/a
150.88134765625	0.3	0.0	1	309005	n/a
150.8896484375	0.3	0.0	1	309022	n/a
150.89794921875	0.3	1.0	2	309039	n/a
150.90625	0.3	0.0	1	309056	n/a
150.91455078125	0.3	1.0	2	309073	n/a
150.9228515625	0.3	1.0	2	309090	n/a
150.93115234375	0.3	0.0	1	309107	n/a
150.939453125	0.3	0.0	1	309124	n/a
150.94775390625	0.3	1.0	2	309141	n/a
150.9560546875	0.3	0.0	1	309158	n/a
150.96435546875	0.3	1.0	2	309175	n/a
150.97265625	0.3	1.0	2	309192	n/a
150.98095703125	0.3	0.0	1	309209	n/a
150.98974609375	0.3	0.0	1	309227	n/a
150.998046875	0.3	1.0	2	309244	n/a
151.00634765625	0.3	1.0	2	309261	n/a
151.0146484375	0.3	0.0	1	309278	n/a
151.02294921875	0.3	1.0	2	309295	n/a
151.03125	0.3	0.0	1	309312	n/a
151.03955078125	0.3	1.0	2	309329	n/a
151.0478515625	0.3	0.0	1	309346	n/a
151.05615234375	0.3	0.0	1	309363	n/a
151.064453125	0.3	1.0	2	309380	n/a
151.07275390625	0.3	1.0	2	309397	n/a
151.0810546875	0.3	0.0	1	309414	n/a
151.08935546875	0.3	0.0	1	309431	n/a
151.09765625	0.3	1.0	2	309448	n/a
151.10595703125	0.3	0.0	1	309465	n/a
151.11474609375	0.3	1.0	2	309483	n/a
151.123046875	0.3	1.0	2	309500	n/a
151.13134765625	0.3	0.0	1	309517	n/a
151.1396484375	0.3	1.0	2	309534	n/a
151.14794921875	0.3	0.0	1	309551	n/a
151.15625	0.3	0.0	1	309568	n/a
151.16455078125	0.3	1.0	2	309585	n/a
151.1728515625	0.3	0.0	1	309602	n/a
151.18115234375	0.3	1.0	2	309619	n/a
151.189453125	0.3	1.0	2	309636	n/a
151.19775390625	0.3	0.0	1	309653	n/a
151.2060546875	0.3	1.0	2	309670	n/a
151.21435546875	0.3	0.0	1	309687	n/a
151.22265625	0.3	0.0	1	309704	n/a
151.23095703125	0.3	1.0	2	309721	n/a
151.23974609375	0.3	0.0	1	309739	n/a
151.248046875	0.3	1.0	2	309756	n/a
151.25634765625	0.3	1.0	2	309773	n/a
151.2646484375	0.3	0.0	1	309790	n/a
151.27294921875	0.3	1.0	2	309807	n/a
151.28125	0.3	0.0	1	309824	n/a
151.28955078125	0.3	0.0	1	309841	n/a
151.2978515625	0.3	1.0	2	309858	n/a
151.30615234375	0.3	1.0	2	309875	n/a
151.314453125	0.3	0.0	1	309892	n/a
151.32275390625	0.3	0.0	1	309909	n/a
151.3310546875	0.3	1.0	2	309926	n/a
151.33935546875	0.3	0.0	1	309943	n/a
151.34765625	0.3	1.0	2	309960	n/a
151.35595703125	0.3	0.0	1	309977	n/a
151.36474609375	0.3	1.0	2	309995	n/a
151.373046875	0.3	1.0	2	310012	n/a
151.38134765625	0.3	0.0	1	310029	n/a
151.3896484375	0.3	1.0	2	310046	n/a
151.39794921875	0.3	0.0	1	310063	n/a
151.40625	0.3	0.0	1	310080	n/a
151.41455078125	0.3	1.0	2	310097	n/a
151.4228515625	0.3	0.0	1	310114	n/a
151.43115234375	0.3	1.0	2	310131	n/a
151.439453125	0.3	1.0	2	310148	n/a
151.44775390625	0.3	0.0	1	310165	n/a
151.4560546875	0.3	1.0	2	310182	n/a
151.46435546875	0.3	0.0	1	310199	n/a
151.47265625	0.3	0.0	1	310216	n/a
151.48095703125	0.3	1.0	2	310233	n/a
151.48974609375	0.3	0.0	1	310251	n/a
151.498046875	0.3	1.0	2	310268	n/a
151.50634765625	0.3	0.0	1	310285	n/a
151.5146484375	0.3	1.0	2	310302	n/a
151.52294921875	0.3	0.0	1	310319	n/a
151.53125	0.3	1.0	2	310336	n/a
151.53955078125	0.3	1.0	2	310353	n/a
151.5478515625	0.3	0.0	1	310370	n/a
151.55615234375	0.3	1.0	2	310387	n/a
151.564453125	0.3	0.0	1	310404	n/a
151.57275390625	0.3	0.0	1	310421	n/a
151.5810546875	0.3	1.0	2	310438	n/a
151.58935546875	0.3	1.0	2	310455	n/a
151.59765625	0.3	0.0	1	310472	n/a
151.60595703125	0.3	0.0	1	310489	n/a
151.61474609375	0.3	1.0	2	310507	n/a
151.623046875	0.3	1.0	2	310524	n/a
151.63134765625	0.3	0.0	1	310541	n/a
151.6396484375	0.3	1.0	2	310558	n/a
151.64794921875	0.3	0.0	1	310575	n/a
151.65625	0.3	0.0	1	310592	n/a
151.66455078125	0.3	1.0	2	310609	n/a
151.6728515625	0.3	0.0	1	310626	n/a
151.68115234375	0.3	1.0	2	310643	n/a
151.689453125	0.3	1.0	2	310660	n/a
151.69775390625	0.3	0.0	1	310677	n/a
151.7060546875	0.3	0.0	1	310694	n/a
151.71435546875	0.3	1.0	2	310711	n/a
151.72265625	0.3	1.0	2	310728	n/a
151.73095703125	0.3	0.0	1	310745	n/a
151.73974609375	0.3	1.0	2	310763	n/a
151.748046875	0.3	0.0	1	310780	n/a
151.75634765625	0.3	1.0	2	310797	n/a
151.7646484375	0.3	0.0	1	310814	n/a
151.77294921875	0.3	0.0	1	310831	n/a
151.78125	0.3	1.0	2	310848	n/a
151.78955078125	0.3	0.0	1	310865	n/a
151.7978515625	0.3	1.0	2	310882	n/a
151.80615234375	0.3	0.0	1	310899	n/a
151.814453125	0.3	1.0	2	310916	n/a
151.82275390625	0.3	0.0	1	310933	n/a
151.8310546875	0.3	1.0	2	310950	n/a
151.83935546875	0.3	0.0	1	310967	n/a
151.84765625	0.3	1.0	2	310984	n/a
151.85595703125	0.3	1.0	2	311001	n/a
151.86474609375	0.3	0.0	1	311019	n/a
151.873046875	0.3	1.0	2	311036	n/a
151.88134765625	0.3	0.0	1	311053	n/a
151.8896484375	0.3	1.0	2	311070	n/a
151.89794921875	0.3	0.0	1	311087	n/a
151.90625	0.3	1.0	2	311104	n/a
151.91455078125	0.3	0.0	1	311121	n/a
151.9228515625	0.3	1.0	2	311138	n/a
151.93115234375	0.3	0.0	1	311155	n/a
151.939453125	0.3	0.0	1	311172	n/a
151.94775390625	0.3	1.0	2	311189	n/a
151.9560546875	0.3	0.0	1	311206	n/a
151.96435546875	0.3	1.0	2	311223	n/a
151.97265625	0.3	1.0	2	311240	n/a
151.98095703125	0.3	0.0	1	311257	n/a
151.98974609375	0.3	0.0	1	311275	n/a
151.998046875	0.3	1.0	2	311292	n/a
152.00634765625	0.3	0.0	1	311309	n/a
152.0146484375	0.3	1.0	2	311326	n/a
152.02294921875	0.3	1.0	2	311343	n/a
152.03125	0.3	0.0	1	311360	n/a
152.03955078125	0.3	0.0	1	311377	n/a
152.0478515625	0.3	1.0	2	311394	n/a
152.05615234375	0.3	1.0	2	311411	n/a
152.064453125	0.3	0.0	1	311428	n/a
152.07275390625	0.3	1.0	2	311445	n/a
152.0810546875	0.3	0.0	1	311462	n/a
152.08935546875	0.3	1.0	2	311479	n/a
152.09765625	0.3	0.0	1	311496	n/a
152.10595703125	0.3	0.0	1	311513	n/a
152.11474609375	0.3	1.0	2	311531	n/a
152.123046875	0.3	1.0	2	311548	n/a
152.13134765625	0.3	0.0	1	311565	n/a
152.1396484375	0.3	0.0	1	311582	n/a
152.14794921875	0.3	1.0	2	311599	n/a
152.15625	0.3	0.0	1	311616	n/a
152.16455078125	0.3	1.0	2	311633	n/a
152.1728515625	0.3	1.0	2	311650	n/a
152.18115234375	0.3	0.0	1	311667	n/a
152.189453125	0.3	1.0	2	311684	n/a
152.19775390625	0.3	0.0	1	311701	n/a
152.2060546875	0.3	0.0	1	311718	n/a
152.21435546875	0.3	1.0	2	311735	n/a
152.22265625	0.3	0.0	1	311752	n/a
152.23095703125	0.3	1.0	2	311769	n/a
152.23974609375	0.3	1.0	2	311787	n/a
152.248046875	0.3	0.0	1	311804	n/a
152.25634765625	0.3	1.0	2	311821	n/a
152.2646484375	0.3	0.0	1	311838	n/a
152.27294921875	0.3	0.0	1	311855	n/a
152.28125	0.3	1.0	2	311872	n/a
152.28955078125	0.3	0.0	1	311889	n/a
152.2978515625	0.3	1.0	2	311906	n/a
152.30615234375	0.3	1.0	2	311923	n/a
152.314453125	0.3	0.0	1	311940	n/a
152.32275390625	0.3	1.0	2	311957	n/a
152.3310546875	0.3	0.0	1	311974	n/a
152.33935546875	0.3	0.0	1	311991	n/a
152.34765625	0.3	1.0	2	312008	n/a
152.35595703125	0.3	1.0	2	312025	n/a
152.36474609375	0.3	0.0	1	312043	n/a
152.373046875	0.3	0.0	1	312060	n/a
152.38134765625	0.3	1.0	2	312077	n/a
152.3896484375	0.3	0.0	1	312094	n/a
152.39794921875	0.3	1.0	2	312111	n/a
152.40625	0.3	0.0	1	312128	n/a
152.41455078125	0.3	1.0	2	312145	n/a
152.4228515625	0.3	1.0	2	312162	n/a
152.43115234375	0.3	0.0	1	312179	n/a
152.439453125	0.3	1.0	2	312196	n/a
152.44775390625	0.3	0.0	1	312213	n/a
152.4560546875	0.3	0.0	1	312230	n/a
152.46435546875	0.3	1.0	2	312247	n/a
152.47265625	0.3	0.0	1	312264	n/a
152.48095703125	0.3	1.0	2	312281	n/a
152.48974609375	0.3	1.0	2	312299	n/a
152.498046875	0.3	0.0	1	312316	n/a
152.50634765625	0.3	1.0	2	312333	n/a
152.5146484375	0.3	0.0	1	312350	n/a
152.52294921875	0.3	0.0	1	312367	n/a
152.53125	0.3	1.0	2	312384	n/a
152.53955078125	0.3	0.0	1	312401	n/a
152.5478515625	0.3	1.0	2	312418	n/a
152.55615234375	0.3	0.0	1	312435	n/a
152.564453125	0.3	1.0	2	312452	n/a
152.57275390625	0.3	0.0	1	312469	n/a
152.5810546875	0.3	1.0	2	312486	n/a
152.58935546875	0.3	1.0	2	312503	n/a
152.59765625	0.3	0.0	1	312520	n/a
152.60595703125	0.3	1.0	2	312537	n/a
152.61474609375	0.3	0.0	1	312555	n/a
152.623046875	0.3	0.0	1	312572	n/a
152.63134765625	0.3	1.0	2	312589	n/a
152.6396484375	0.3	1.0	2	312606	n/a
152.64794921875	0.3	0.0	1	312623	n/a
152.65625	0.3	0.0	1	312640	n/a
152.66455078125	0.3	1.0	2	312657	n/a
152.6728515625	0.3	1.0	2	312674	n/a
152.68115234375	0.3	0.0	1	312691	n/a
152.689453125	0.3	1.0	2	312708	n/a
152.69775390625	0.3	0.0	1	312725	n/a
152.7060546875	0.3	0.0	1	312742	n/a
152.71435546875	0.3	1.0	2	312759	n/a
152.72265625	0.3	0.0	1	312776	n/a
152.73095703125	0.3	1.0	2	312793	n/a
152.73974609375	0.3	1.0	2	312811	n/a
152.748046875	0.3	0.0	1	312828	n/a
152.75634765625	0.3	0.0	1	312845	n/a
152.7646484375	0.3	1.0	2	312862	n/a
152.77294921875	0.3	1.0	2	312879	n/a
152.78125	0.3	0.0	1	312896	n/a
152.78955078125	0.3	1.0	2	312913	n/a
152.7978515625	0.3	0.0	1	312930	n/a
152.80615234375	0.3	1.0	2	312947	n/a
152.814453125	0.3	0.0	1	312964	n/a
152.82275390625	0.3	0.0	1	312981	n/a
152.8310546875	0.3	1.0	2	312998	n/a
152.83935546875	0.3	0.0	1	313015	n/a
152.84765625	0.3	1.0	2	313032	n/a
152.85595703125	0.3	0.0	1	313049	n/a
152.86474609375	0.3	1.0	2	313067	n/a
152.873046875	0.3	0.0	1	313084	n/a
152.88134765625	0.3	1.0	2	313101	n/a
152.8896484375	0.3	0.0	1	313118	n/a
152.89794921875	0.3	1.0	2	313135	n/a
152.90625	0.3	1.0	2	313152	n/a
152.91455078125	0.3	0.0	1	313169	n/a
152.9228515625	0.3	1.0	2	313186	n/a
152.93115234375	0.3	0.0	1	313203	n/a
152.939453125	0.3	1.0	2	313220	n/a
152.94775390625	0.3	0.0	1	313237	n/a
152.9560546875	0.3	1.0	2	313254	n/a
152.96435546875	0.3	0.0	1	313271	n/a
152.97265625	0.3	1.0	2	313288	n/a
152.98095703125	0.3	0.0	1	313305	n/a
152.98974609375	0.3	0.0	1	313323	n/a
152.998046875	0.3	1.0	2	313340	n/a
153.00634765625	0.3	0.0	1	313357	n/a
153.0146484375	0.3	1.0	2	313374	n/a
153.02294921875	0.3	1.0	2	313391	n/a
153.03125	0.3	0.0	1	313408	n/a
153.03955078125	0.3	0.0	1	313425	n/a
153.0478515625	0.3	1.0	2	313442	n/a
153.05615234375	0.3	0.0	1	313459	n/a
153.064453125	0.3	1.0	2	313476	n/a
153.07275390625	0.3	1.0	2	313493	n/a
153.0810546875	0.3	0.0	1	313510	n/a
153.08935546875	0.3	0.0	1	313527	n/a
153.09765625	0.3	1.0	2	313544	n/a
153.10595703125	0.3	1.0	2	313561	n/a
153.11474609375	0.3	0.0	1	313579	n/a
153.123046875	0.3	1.0	2	313596	n/a
153.13134765625	0.3	0.0	1	313613	n/a
153.1396484375	0.3	1.0	2	313630	n/a
153.14794921875	0.3	0.0	1	313647	n/a
153.15625	0.3	0.0	1	313664	n/a
153.16455078125	0.3	1.0	2	313681	n/a
153.1728515625	0.3	1.0	2	313698	n/a
153.18115234375	0.3	0.0	1	313715	n/a
153.189453125	0.3	0.0	1	313732	n/a
153.19775390625	0.3	1.0	2	313749	n/a
153.2060546875	0.3	0.0	1	313766	n/a
153.21435546875	0.3	1.0	2	313783	n/a
153.22265625	0.3	1.0	2	313800	n/a
153.23095703125	0.3	0.0	1	313817	n/a
153.23974609375	0.3	1.0	2	313835	n/a
153.248046875	0.3	0.0	1	313852	n/a
153.25634765625	0.3	0.0	1	313869	n/a
153.2646484375	0.3	1.0	2	313886	n/a
153.27294921875	0.3	0.0	1	313903	n/a
153.28125	0.3	1.0	2	313920	n/a
153.28955078125	0.3	1.0	2	313937	n/a
153.2978515625	0.3	0.0	1	313954	n/a
153.30615234375	0.3	1.0	2	313971	n/a
153.314453125	0.3	0.0	1	313988	n/a
153.32275390625	0.3	0.0	1	314005	n/a
153.3310546875	0.3	1.0	2	314022	n/a
153.33935546875	0.3	0.0	1	314039	n/a
153.34765625	0.3	1.0	2	314056	n/a
153.35595703125	0.3	1.0	2	314073	n/a
153.36474609375	0.3	0.0	1	314091	n/a
153.373046875	0.3	1.0	2	314108	n/a
153.38134765625	0.3	0.0	1	314125	n/a
153.3896484375	0.3	0.0	1	314142	n/a
153.39794921875	0.3	1.0	2	314159	n/a
153.40625	0.3	1.0	2	314176	n/a
153.41455078125	0.3	0.0	1	314193	n/a
153.4228515625	0.3	0.0	1	314210	n/a
153.43115234375	0.3	1.0	2	314227	n/a
153.439453125	0.3	0.0	1	314244	n/a
153.44775390625	0.3	1.0	2	314261	n/a
153.4560546875	0.3	0.0	1	314278	n/a
153.46435546875	0.3	1.0	2	314295	n/a
153.47265625	0.3	1.0	2	314312	n/a
153.48095703125	0.3	0.0	1	314329	n/a
153.48974609375	0.3	1.0	2	314347	n/a
153.498046875	0.3	0.0	1	314364	n/a
153.50634765625	0.3	0.0	1	314381	n/a
153.5146484375	0.3	1.0	2	314398	n/a
153.52294921875	0.3	0.0	1	314415	n/a
153.53125	0.3	1.0	2	314432	n/a
153.53955078125	0.3	1.0	2	314449	n/a
153.5478515625	0.3	0.0	1	314466	n/a
153.55615234375	0.3	1.0	2	314483	n/a
153.564453125	0.3	0.0	1	314500	n/a
153.57275390625	0.3	0.0	1	314517	n/a
153.5810546875	0.3	1.0	2	314534	n/a
153.58935546875	0.3	0.0	1	314551	n/a
153.59765625	0.3	1.0	2	314568	n/a
153.60595703125	0.3	0.0	1	314585	n/a
153.61474609375	0.3	1.0	2	314603	n/a
156.0068359375	0.3	1.0	2	319502	6.0
156.01513671875	0.3	0.0	1	319519	n/a
156.0234375	0.3	0.0	1	319536	n/a
156.03173828125	0.3	1.0	2	319553	n/a
156.0400390625	0.3	1.0	2	319570	n/a
156.04833984375	0.3	0.0	1	319587	n/a
156.056640625	0.3	0.0	1	319604	n/a
156.06494140625	0.3	1.0	2	319621	n/a
156.07373046875	0.3	0.0	1	319639	n/a
156.08203125	0.3	1.0	2	319656	n/a
156.09033203125	0.3	0.0	1	319673	n/a
156.0986328125	0.3	1.0	2	319690	n/a
156.10693359375	0.3	0.0	1	319707	n/a
156.115234375	0.3	1.0	2	319724	n/a
156.12353515625	0.3	1.0	2	319741	n/a
156.1318359375	0.3	0.0	1	319758	n/a
156.14013671875	0.3	1.0	2	319775	n/a
156.1484375	0.3	0.0	1	319792	n/a
156.15673828125	0.3	0.0	1	319809	n/a
156.1650390625	0.3	1.0	2	319826	n/a
156.17333984375	0.3	1.0	2	319843	n/a
156.181640625	0.3	0.0	1	319860	n/a
156.18994140625	0.3	0.0	1	319877	n/a
156.19873046875	0.3	1.0	2	319895	n/a
156.20703125	0.3	0.0	1	319912	n/a
156.21533203125	0.3	1.0	2	319929	n/a
156.2236328125	0.3	0.0	1	319946	n/a
156.23193359375	0.3	1.0	2	319963	n/a
156.240234375	0.3	1.0	2	319980	n/a
156.24853515625	0.3	0.0	1	319997	n/a
156.2568359375	0.3	0.0	1	320014	n/a
156.26513671875	0.3	1.0	2	320031	n/a
156.2734375	0.3	1.0	2	320048	n/a
156.28173828125	0.3	0.0	1	320065	n/a
156.2900390625	0.3	1.0	2	320082	n/a
156.29833984375	0.3	0.0	1	320099	n/a
156.306640625	0.3	1.0	2	320116	n/a
156.31494140625	0.3	0.0	1	320133	n/a
156.32373046875	0.3	1.0	2	320151	n/a
156.33203125	0.3	0.0	1	320168	n/a
156.34033203125	0.3	1.0	2	320185	n/a
156.3486328125	0.3	0.0	1	320202	n/a
156.35693359375	0.3	0.0	1	320219	n/a
156.365234375	0.3	1.0	2	320236	n/a
156.37353515625	0.3	0.0	1	320253	n/a
156.3818359375	0.3	1.0	2	320270	n/a
156.39013671875	0.3	0.0	1	320287	n/a
156.3984375	0.3	1.0	2	320304	n/a
156.40673828125	0.3	1.0	2	320321	n/a
156.4150390625	0.3	0.0	1	320338	n/a
156.42333984375	0.3	1.0	2	320355	n/a
156.431640625	0.3	0.0	1	320372	n/a
156.43994140625	0.3	0.0	1	320389	n/a
156.44873046875	0.3	1.0	2	320407	n/a
156.45703125	0.3	0.0	1	320424	n/a
156.46533203125	0.3	1.0	2	320441	n/a
156.4736328125	0.3	1.0	2	320458	n/a
156.48193359375	0.3	0.0	1	320475	n/a
156.490234375	0.3	0.0	1	320492	n/a
156.49853515625	0.3	1.0	2	320509	n/a
156.5068359375	0.3	0.0	1	320526	n/a
156.51513671875	0.3	1.0	2	320543	n/a
156.5234375	0.3	0.0	1	320560	n/a
156.53173828125	0.3	1.0	2	320577	n/a
156.5400390625	0.3	1.0	2	320594	n/a
156.54833984375	0.3	0.0	1	320611	n/a
156.556640625	0.3	0.0	1	320628	n/a
156.56494140625	0.3	1.0	2	320645	n/a
156.57373046875	0.3	0.0	1	320663	n/a
156.58203125	0.3	1.0	2	320680	n/a
156.59033203125	0.3	0.0	1	320697	n/a
156.5986328125	0.3	1.0	2	320714	n/a
156.60693359375	0.3	0.0	1	320731	n/a
156.615234375	0.3	1.0	2	320748	n/a
156.62353515625	0.3	1.0	2	320765	n/a
156.6318359375	0.3	0.0	1	320782	n/a
156.64013671875	0.3	0.0	1	320799	n/a
156.6484375	0.3	1.0	2	320816	n/a
156.65673828125	0.3	1.0	2	320833	n/a
156.6650390625	0.3	0.0	1	320850	n/a
156.67333984375	0.3	1.0	2	320867	n/a
156.681640625	0.3	0.0	1	320884	n/a
156.68994140625	0.3	1.0	2	320901	n/a
156.69873046875	0.3	0.0	1	320919	n/a
156.70703125	0.3	0.0	1	320936	n/a
156.71533203125	0.3	1.0	2	320953	n/a
156.7236328125	0.3	1.0	2	320970	n/a
156.73193359375	0.3	0.0	1	320987	n/a
156.740234375	0.3	0.0	1	321004	n/a
156.74853515625	0.3	1.0	2	321021	n/a
156.7568359375	0.3	0.0	1	321038	n/a
156.76513671875	0.3	1.0	2	321055	n/a
156.7734375	0.3	0.0	1	321072	n/a
156.78173828125	0.3	1.0	2	321089	n/a
156.7900390625	0.3	1.0	2	321106	n/a
156.79833984375	0.3	0.0	1	321123	n/a
156.806640625	0.3	1.0	2	321140	n/a
156.81494140625	0.3	0.0	1	321157	n/a
156.82373046875	0.3	1.0	2	321175	n/a
156.83203125	0.3	0.0	1	321192	n/a
156.84033203125	0.3	0.0	1	321209	n/a
156.8486328125	0.3	1.0	2	321226	n/a
156.85693359375	0.3	1.0	2	321243	n/a
156.865234375	0.3	0.0	1	321260	n/a
156.87353515625	0.3	0.0	1	321277	n/a
156.8818359375	0.3	1.0	2	321294	n/a
156.89013671875	0.3	0.0	1	321311	n/a
156.8984375	0.3	1.0	2	321328	n/a
156.90673828125	0.3	1.0	2	321345	n/a
156.9150390625	0.3	0.0	1	321362	n/a
156.92333984375	0.3	1.0	2	321379	n/a
156.931640625	0.3	0.0	1	321396	n/a
156.93994140625	0.3	0.0	1	321413	n/a
156.94873046875	0.3	1.0	2	321431	n/a
156.95703125	0.3	1.0	2	321448	n/a
156.96533203125	0.3	0.0	1	321465	n/a
156.9736328125	0.3	1.0	2	321482	n/a
156.98193359375	0.3	0.0	1	321499	n/a
156.990234375	0.3	0.0	1	321516	n/a
156.99853515625	0.3	1.0	2	321533	n/a
157.0068359375	0.3	1.0	2	321550	n/a
157.01513671875	0.3	0.0	1	321567	n/a
157.0234375	0.3	1.0	2	321584	n/a
157.03173828125	0.3	0.0	1	321601	n/a
157.0400390625	0.3	1.0	2	321618	n/a
157.04833984375	0.3	0.0	1	321635	n/a
157.056640625	0.3	1.0	2	321652	n/a
157.06494140625	0.3	0.0	1	321669	n/a
157.07373046875	0.3	0.0	1	321687	n/a
157.08203125	0.3	1.0	2	321704	n/a
157.09033203125	0.3	1.0	2	321721	n/a
157.0986328125	0.3	0.0	1	321738	n/a
157.10693359375	0.3	0.0	1	321755	n/a
157.115234375	0.3	1.0	2	321772	n/a
157.12353515625	0.3	0.0	1	321789	n/a
157.1318359375	0.3	1.0	2	321806	n/a
157.14013671875	0.3	0.0	1	321823	n/a
157.1484375	0.3	1.0	2	321840	n/a
157.15673828125	0.3	0.0	1	321857	n/a
157.1650390625	0.3	1.0	2	321874	n/a
157.17333984375	0.3	1.0	2	321891	n/a
157.181640625	0.3	0.0	1	321908	n/a
157.18994140625	0.3	1.0	2	321925	n/a
157.19873046875	0.3	0.0	1	321943	n/a
157.20703125	0.3	0.0	1	321960	n/a
157.21533203125	0.3	1.0	2	321977	n/a
157.2236328125	0.3	1.0	2	321994	n/a
157.23193359375	0.3	0.0	1	322011	n/a
157.240234375	0.3	0.0	1	322028	n/a
157.24853515625	0.3	1.0	2	322045	n/a
157.2568359375	0.3	0.0	1	322062	n/a
157.26513671875	0.3	1.0	2	322079	n/a
157.2734375	0.3	0.0	1	322096	n/a
157.28173828125	0.3	1.0	2	322113	n/a
157.2900390625	0.3	1.0	2	322130	n/a
157.29833984375	0.3	0.0	1	322147	n/a
157.306640625	0.3	0.0	1	322164	n/a
157.31494140625	0.3	1.0	2	322181	n/a
157.32373046875	0.3	1.0	2	322199	n/a
157.33203125	0.3	0.0	1	322216	n/a
157.34033203125	0.3	1.0	2	322233	n/a
157.3486328125	0.3	0.0	1	322250	n/a
157.35693359375	0.3	1.0	2	322267	n/a
157.365234375	0.3	0.0	1	322284	n/a
157.37353515625	0.3	1.0	2	322301	n/a
157.3818359375	0.3	0.0	1	322318	n/a
157.39013671875	0.3	1.0	2	322335	n/a
157.3984375	0.3	0.0	1	322352	n/a
157.40673828125	0.3	0.0	1	322369	n/a
157.4150390625	0.3	1.0	2	322386	n/a
157.42333984375	0.3	0.0	1	322403	n/a
157.431640625	0.3	1.0	2	322420	n/a
157.43994140625	0.3	0.0	1	322437	n/a
157.44873046875	0.3	1.0	2	322455	n/a
157.45703125	0.3	1.0	2	322472	n/a
157.46533203125	0.3	0.0	1	322489	n/a
157.4736328125	0.3	1.0	2	322506	n/a
157.48193359375	0.3	0.0	1	322523	n/a
157.490234375	0.3	0.0	1	322540	n/a
157.49853515625	0.3	1.0	2	322557	n/a
157.5068359375	0.3	0.0	1	322574	n/a
157.51513671875	0.3	1.0	2	322591	n/a
157.5234375	0.3	1.0	2	322608	n/a
157.53173828125	0.3	0.0	1	322625	n/a
157.5400390625	0.3	0.0	1	322642	n/a
157.54833984375	0.3	1.0	2	322659	n/a
157.556640625	0.3	0.0	1	322676	n/a
157.56494140625	0.3	1.0	2	322693	n/a
157.57373046875	0.3	0.0	1	322711	n/a
157.58203125	0.3	1.0	2	322728	n/a
157.59033203125	0.3	1.0	2	322745	n/a
157.5986328125	0.3	0.0	1	322762	n/a
157.60693359375	0.3	0.0	1	322779	n/a
157.615234375	0.3	1.0	2	322796	n/a
157.62353515625	0.3	0.0	1	322813	n/a
157.6318359375	0.3	1.0	2	322830	n/a
157.64013671875	0.3	0.0	1	322847	n/a
157.6484375	0.3	1.0	2	322864	n/a
157.65673828125	0.3	0.0	1	322881	n/a
157.6650390625	0.3	1.0	2	322898	n/a
157.67333984375	0.3	1.0	2	322915	n/a
157.681640625	0.3	0.0	1	322932	n/a
157.68994140625	0.3	0.0	1	322949	n/a
157.69873046875	0.3	1.0	2	322967	n/a
157.70703125	0.3	1.0	2	322984	n/a
157.71533203125	0.3	0.0	1	323001	n/a
157.7236328125	0.3	1.0	2	323018	n/a
157.73193359375	0.3	0.0	1	323035	n/a
157.740234375	0.3	1.0	2	323052	n/a
157.74853515625	0.3	0.0	1	323069	n/a
157.7568359375	0.3	0.0	1	323086	n/a
157.76513671875	0.3	1.0	2	323103	n/a
157.7734375	0.3	1.0	2	323120	n/a
157.78173828125	0.3	0.0	1	323137	n/a
157.7900390625	0.3	0.0	1	323154	n/a
157.79833984375	0.3	1.0	2	323171	n/a
157.806640625	0.3	0.0	1	323188	n/a
157.81494140625	0.3	1.0	2	323205	n/a
157.82373046875	0.3	0.0	1	323223	n/a
157.83203125	0.3	1.0	2	323240	n/a
157.84033203125	0.3	1.0	2	323257	n/a
157.8486328125	0.3	0.0	1	323274	n/a
157.85693359375	0.3	1.0	2	323291	n/a
157.865234375	0.3	0.0	1	323308	n/a
157.87353515625	0.3	1.0	2	323325	n/a
157.8818359375	0.3	0.0	1	323342	n/a
157.89013671875	0.3	0.0	1	323359	n/a
157.8984375	0.3	1.0	2	323376	n/a
157.90673828125	0.3	1.0	2	323393	n/a
157.9150390625	0.3	0.0	1	323410	n/a
157.92333984375	0.3	0.0	1	323427	n/a
157.931640625	0.3	1.0	2	323444	n/a
157.93994140625	0.3	0.0	1	323461	n/a
157.94873046875	0.3	1.0	2	323479	n/a
157.95703125	0.3	1.0	2	323496	n/a
157.96533203125	0.3	0.0	1	323513	n/a
157.9736328125	0.3	1.0	2	323530	n/a
157.98193359375	0.3	0.0	1	323547	n/a
157.990234375	0.3	0.0	1	323564	n/a
157.99853515625	0.3	1.0	2	323581	n/a
158.0068359375	0.3	1.0	2	323598	n/a
158.01513671875	0.3	0.0	1	323615	n/a
158.0234375	0.3	1.0	2	323632	n/a
158.03173828125	0.3	0.0	1	323649	n/a
158.0400390625	0.3	0.0	1	323666	n/a
158.04833984375	0.3	1.0	2	323683	n/a
158.056640625	0.3	1.0	2	323700	n/a
158.06494140625	0.3	0.0	1	323717	n/a
158.07373046875	0.3	1.0	2	323735	n/a
158.08203125	0.3	0.0	1	323752	n/a
158.09033203125	0.3	1.0	2	323769	n/a
158.0986328125	0.3	0.0	1	323786	n/a
158.10693359375	0.3	1.0	2	323803	n/a
158.115234375	0.3	0.0	1	323820	n/a
158.12353515625	0.3	0.0	1	323837	n/a
158.1318359375	0.3	1.0	2	323854	n/a
158.14013671875	0.3	1.0	2	323871	n/a
158.1484375	0.3	0.0	1	323888	n/a
158.15673828125	0.3	0.0	1	323905	n/a
158.1650390625	0.3	1.0	2	323922	n/a
158.17333984375	0.3	0.0	1	323939	n/a
158.181640625	0.3	1.0	2	323956	n/a
158.18994140625	0.3	0.0	1	323973	n/a
158.19873046875	0.3	1.0	2	323991	n/a
158.20703125	0.3	0.0	1	324008	n/a
158.21533203125	0.3	1.0	2	324025	n/a
158.2236328125	0.3	1.0	2	324042	n/a
158.23193359375	0.3	0.0	1	324059	n/a
158.240234375	0.3	1.0	2	324076	n/a
158.24853515625	0.3	0.0	1	324093	n/a
158.2568359375	0.3	0.0	1	324110	n/a
158.26513671875	0.3	1.0	2	324127	n/a
158.2734375	0.3	1.0	2	324144	n/a
158.28173828125	0.3	0.0	1	324161	n/a
158.2900390625	0.3	0.0	1	324178	n/a
158.29833984375	0.3	1.0	2	324195	n/a
158.306640625	0.3	0.0	1	324212	n/a
158.31494140625	0.3	1.0	2	324229	n/a
158.32373046875	0.3	0.0	1	324247	n/a
158.33203125	0.3	1.0	2	324264	n/a
158.34033203125	0.3	1.0	2	324281	n/a
158.3486328125	0.3	0.0	1	324298	n/a
158.35693359375	0.3	0.0	1	324315	n/a
158.365234375	0.3	1.0	2	324332	n/a
158.37353515625	0.3	1.0	2	324349	n/a
158.3818359375	0.3	0.0	1	324366	n/a
158.39013671875	0.3	1.0	2	324383	n/a
158.3984375	0.3	0.0	1	324400	n/a
158.40673828125	0.3	1.0	2	324417	n/a
158.4150390625	0.3	0.0	1	324434	n/a
158.42333984375	0.3	1.0	2	324451	n/a
158.431640625	0.3	0.0	1	324468	n/a
158.43994140625	0.3	1.0	2	324485	n/a
158.44873046875	0.3	0.0	1	324503	n/a
158.45703125	0.3	0.0	1	324520	n/a
158.46533203125	0.3	1.0	2	324537	n/a
158.4736328125	0.3	0.0	1	324554	n/a
158.48193359375	0.3	1.0	2	324571	n/a
158.490234375	0.3	0.0	1	324588	n/a
158.49853515625	0.3	1.0	2	324605	n/a
158.5068359375	0.3	1.0	2	324622	n/a
158.51513671875	0.3	0.0	1	324639	n/a
158.5234375	0.3	1.0	2	324656	n/a
158.53173828125	0.3	0.0	1	324673	n/a
158.5400390625	0.3	0.0	1	324690	n/a
158.54833984375	0.3	1.0	2	324707	n/a
158.556640625	0.3	0.0	1	324724	n/a
158.56494140625	0.3	1.0	2	324741	n/a
158.57373046875	0.3	1.0	2	324759	n/a
158.58203125	0.3	0.0	1	324776	n/a
158.59033203125	0.3	0.0	1	324793	n/a
158.5986328125	0.3	1.0	2	324810	n/a
158.60693359375	0.3	0.0	1	324827	n/a
158.615234375	0.3	1.0	2	324844	n/a
158.62353515625	0.3	0.0	1	324861	n/a
158.6318359375	0.3	1.0	2	324878	n/a
158.64013671875	0.3	1.0	2	324895	n/a
158.6484375	0.3	0.0	1	324912	n/a
158.65673828125	0.3	0.0	1	324929	n/a
158.6650390625	0.3	1.0	2	324946	n/a
158.67333984375	0.3	0.0	1	324963	n/a
158.681640625	0.3	1.0	2	324980	n/a
158.68994140625	0.3	0.0	1	324997	n/a
158.69873046875	0.3	1.0	2	325015	n/a
158.70703125	0.3	0.0	1	325032	n/a
158.71533203125	0.3	1.0	2	325049	n/a
158.7236328125	0.3	1.0	2	325066	n/a
158.73193359375	0.3	0.0	1	325083	n/a
158.740234375	0.3	0.0	1	325100	n/a
158.74853515625	0.3	1.0	2	325117	n/a
158.7568359375	0.3	1.0	2	325134	n/a
158.76513671875	0.3	0.0	1	325151	n/a
158.7734375	0.3	1.0	2	325168	n/a
158.78173828125	0.3	0.0	1	325185	n/a
158.7900390625	0.3	1.0	2	325202	n/a
158.79833984375	0.3	0.0	1	325219	n/a
158.806640625	0.3	0.0	1	325236	n/a
158.81494140625	0.3	1.0	2	325253	n/a
158.82373046875	0.3	1.0	2	325271	n/a
158.83203125	0.3	0.0	1	325288	n/a
158.84033203125	0.3	0.0	1	325305	n/a
158.8486328125	0.3	1.0	2	325322	n/a
158.85693359375	0.3	0.0	1	325339	n/a
158.865234375	0.3	1.0	2	325356	n/a
158.87353515625	0.3	0.0	1	325373	n/a
158.8818359375	0.3	1.0	2	325390	n/a
158.89013671875	0.3	1.0	2	325407	n/a
158.8984375	0.3	0.0	1	325424	n/a
158.90673828125	0.3	1.0	2	325441	n/a
158.9150390625	0.3	0.0	1	325458	n/a
158.92333984375	0.3	1.0	2	325475	n/a
158.931640625	0.3	0.0	1	325492	n/a
158.93994140625	0.3	0.0	1	325509	n/a
158.94873046875	0.3	1.0	2	325527	n/a
158.95703125	0.3	1.0	2	325544	n/a
158.96533203125	0.3	0.0	1	325561	n/a
158.9736328125	0.3	0.0	1	325578	n/a
158.98193359375	0.3	1.0	2	325595	n/a
158.990234375	0.3	0.0	1	325612	n/a
158.99853515625	0.3	1.0	2	325629	n/a
159.0068359375	0.3	1.0	2	325646	n/a
159.01513671875	0.3	0.0	1	325663	n/a
159.0234375	0.3	1.0	2	325680	n/a
159.03173828125	0.3	0.0	1	325697	n/a
159.0400390625	0.3	0.0	1	325714	n/a
159.04833984375	0.3	1.0	2	325731	n/a
159.056640625	0.3	1.0	2	325748	n/a
159.06494140625	0.3	0.0	1	325765	n/a
159.07373046875	0.3	1.0	2	325783	n/a
159.08203125	0.3	0.0	1	325800	n/a
159.09033203125	0.3	0.0	1	325817	n/a
159.0986328125	0.3	1.0	2	325834	n/a
159.10693359375	0.3	1.0	2	325851	n/a
159.115234375	0.3	0.0	1	325868	n/a
159.12353515625	0.3	1.0	2	325885	n/a
159.1318359375	0.3	0.0	1	325902	n/a
159.14013671875	0.3	1.0	2	325919	n/a
159.1484375	0.3	0.0	1	325936	n/a
159.15673828125	0.3	1.0	2	325953	n/a
159.1650390625	0.3	0.0	1	325970	n/a
159.17333984375	0.3	0.0	1	325987	n/a
159.181640625	0.3	1.0	2	326004	n/a
159.18994140625	0.3	1.0	2	326021	n/a
159.19873046875	0.3	0.0	1	326039	n/a
159.20703125	0.3	0.0	1	326056	n/a
159.21533203125	0.3	1.0	2	326073	n/a
159.2236328125	0.3	0.0	1	326090	n/a
159.23193359375	0.3	1.0	2	326107	n/a
159.240234375	0.3	0.0	1	326124	n/a
159.24853515625	0.3	1.0	2	326141	n/a
159.2568359375	0.3	0.0	1	326158	n/a
159.26513671875	0.3	1.0	2	326175	n/a
159.2734375	0.3	1.0	2	326192	n/a
159.28173828125	0.3	0.0	1	326209	n/a
159.2900390625	0.3	1.0	2	326226	n/a
159.29833984375	0.3	0.0	1	326243	n/a
159.306640625	0.3	0.0	1	326260	n/a
159.31494140625	0.3	1.0	2	326277	n/a
159.32373046875	0.3	1.0	2	326295	n/a
159.33203125	0.3	0.0	1	326312	n/a
159.34033203125	0.3	0.0	1	326329	n/a
159.3486328125	0.3	1.0	2	326346	n/a
159.35693359375	0.3	0.0	1	326363	n/a
159.365234375	0.3	1.0	2	326380	n/a
159.37353515625	0.3	0.0	1	326397	n/a
159.3818359375	0.3	1.0	2	326414	n/a
159.39013671875	0.3	1.0	2	326431	n/a
159.3984375	0.3	0.0	1	326448	n/a
159.40673828125	0.3	0.0	1	326465	n/a
159.4150390625	0.3	1.0	2	326482	n/a
159.42333984375	0.3	1.0	2	326499	n/a
159.431640625	0.3	0.0	1	326516	n/a
159.43994140625	0.3	1.0	2	326533	n/a
159.44873046875	0.3	0.0	1	326551	n/a
159.45703125	0.3	1.0	2	326568	n/a
159.46533203125	0.3	0.0	1	326585	n/a
159.4736328125	0.3	1.0	2	326602	n/a
159.48193359375	0.3	0.0	1	326619	n/a
159.490234375	0.3	1.0	2	326636	n/a
159.49853515625	0.3	0.0	1	326653	n/a
159.5068359375	0.3	0.0	1	326670	n/a
159.51513671875	0.3	1.0	2	326687	n/a
159.5234375	0.3	0.0	1	326704	n/a
159.53173828125	0.3	1.0	2	326721	n/a
159.5400390625	0.3	0.0	1	326738	n/a
159.54833984375	0.3	1.0	2	326755	n/a
159.556640625	0.3	1.0	2	326772	n/a
159.56494140625	0.3	0.0	1	326789	n/a
159.57373046875	0.3	1.0	2	326807	n/a
159.58203125	0.3	0.0	1	326824	n/a
159.59033203125	0.3	0.0	1	326841	n/a
159.5986328125	0.3	1.0	2	326858	n/a
159.60693359375	0.3	0.0	1	326875	n/a
159.615234375	0.3	1.0	2	326892	n/a
159.62353515625	0.3	1.0	2	326909	n/a
159.6318359375	0.3	0.0	1	326926	n/a
159.64013671875	0.3	0.0	1	326943	n/a
159.6484375	0.3	1.0	2	326960	n/a
159.65673828125	0.3	0.0	1	326977	n/a
159.6650390625	0.3	1.0	2	326994	n/a
159.67333984375	0.3	0.0	1	327011	n/a
159.681640625	0.3	1.0	2	327028	n/a
159.68994140625	0.3	1.0	2	327045	n/a
159.69873046875	0.3	0.0	1	327063	n/a
159.70703125	0.3	0.0	1	327080	n/a
159.71533203125	0.3	1.0	2	327097	n/a
159.7236328125	0.3	0.0	1	327114	n/a
159.73193359375	0.3	1.0	2	327131	n/a
159.740234375	0.3	0.0	1	327148	n/a
159.74853515625	0.3	1.0	2	327165	n/a
159.7568359375	0.3	0.0	1	327182	n/a
159.76513671875	0.3	1.0	2	327199	n/a
159.7734375	0.3	1.0	2	327216	n/a
159.78173828125	0.3	0.0	1	327233	n/a
159.7900390625	0.3	0.0	1	327250	n/a
159.79833984375	0.3	1.0	2	327267	n/a
159.806640625	0.3	1.0	2	327284	n/a
159.81494140625	0.3	0.0	1	327301	n/a
159.82373046875	0.3	1.0	2	327319	n/a
159.83203125	0.3	0.0	1	327336	n/a
159.84033203125	0.3	1.0	2	327353	n/a
159.8486328125	0.3	0.0	1	327370	n/a
159.85693359375	0.3	0.0	1	327387	n/a
159.865234375	0.3	1.0	2	327404	n/a
159.87353515625	0.3	1.0	2	327421	n/a
159.8818359375	0.3	0.0	1	327438	n/a
159.89013671875	0.3	0.0	1	327455	n/a
159.8984375	0.3	1.0	2	327472	n/a
159.90673828125	0.3	0.0	1	327489	n/a
159.9150390625	0.3	1.0	2	327506	n/a
159.92333984375	0.3	0.0	1	327523	n/a
159.931640625	0.3	1.0	2	327540	n/a
159.93994140625	0.3	1.0	2	327557	n/a
159.94873046875	0.3	0.0	1	327575	n/a
159.95703125	0.3	1.0	2	327592	n/a
159.96533203125	0.3	0.0	1	327609	n/a
159.9736328125	0.3	1.0	2	327626	n/a
159.98193359375	0.3	0.0	1	327643	n/a
159.990234375	0.3	0.0	1	327660	n/a
159.99853515625	0.3	1.0	2	327677	n/a
160.0068359375	0.3	1.0	2	327694	n/a
160.01513671875	0.3	0.0	1	327711	n/a
160.0234375	0.3	0.0	1	327728	n/a
160.03173828125	0.3	1.0	2	327745	n/a
160.0400390625	0.3	0.0	1	327762	n/a
160.04833984375	0.3	1.0	2	327779	n/a
160.056640625	0.3	1.0	2	327796	n/a
160.06494140625	0.3	0.0	1	327813	n/a
160.07373046875	0.3	1.0	2	327831	n/a
160.08203125	0.3	0.0	1	327848	n/a
160.09033203125	0.3	0.0	1	327865	n/a
160.0986328125	0.3	1.0	2	327882	n/a
160.10693359375	0.3	1.0	2	327899	n/a
160.115234375	0.3	0.0	1	327916	n/a
160.12353515625	0.3	1.0	2	327933	n/a
160.1318359375	0.3	0.0	1	327950	n/a
160.14013671875	0.3	0.0	1	327967	n/a
160.1484375	0.3	1.0	2	327984	n/a
160.15673828125	0.3	1.0	2	328001	n/a
160.1650390625	0.3	0.0	1	328018	n/a
160.17333984375	0.3	1.0	2	328035	n/a
160.181640625	0.3	0.0	1	328052	n/a
160.18994140625	0.3	1.0	2	328069	n/a
160.19873046875	0.3	0.0	1	328087	n/a
162.5908203125	0.3	0.0	1	332986	33.0
162.59912109375	0.3	1.0	2	333003	n/a
162.607421875	0.3	0.0	1	333020	n/a
162.61572265625	0.3	1.0	2	333037	n/a
162.6240234375	0.3	0.0	1	333054	n/a
162.63232421875	0.3	1.0	2	333071	n/a
162.640625	0.3	1.0	2	333088	n/a
162.64892578125	0.3	0.0	1	333105	n/a
162.65771484375	0.3	1.0	2	333123	n/a
162.666015625	0.3	0.0	1	333140	n/a
162.67431640625	0.3	0.0	1	333157	n/a
162.6826171875	0.3	1.0	2	333174	n/a
162.69091796875	0.3	1.0	2	333191	n/a
162.69921875	0.3	0.0	1	333208	n/a
162.70751953125	0.3	1.0	2	333225	n/a
162.7158203125	0.3	0.0	1	333242	n/a
162.72412109375	0.3	0.0	1	333259	n/a
162.732421875	0.3	1.0	2	333276	n/a
162.74072265625	0.3	1.0	2	333293	n/a
162.7490234375	0.3	0.0	1	333310	n/a
162.75732421875	0.3	1.0	2	333327	n/a
162.765625	0.3	0.0	1	333344	n/a
162.77392578125	0.3	1.0	2	333361	n/a
162.78271484375	0.3	0.0	1	333379	n/a
162.791015625	0.3	0.0	1	333396	n/a
162.79931640625	0.3	1.0	2	333413	n/a
162.8076171875	0.3	0.0	1	333430	n/a
162.81591796875	0.3	1.0	2	333447	n/a
162.82421875	0.3	0.0	1	333464	n/a
162.83251953125	0.3	1.0	2	333481	n/a
162.8408203125	0.3	1.0	2	333498	n/a
162.84912109375	0.3	0.0	1	333515	n/a
162.857421875	0.3	1.0	2	333532	n/a
162.86572265625	0.3	0.0	1	333549	n/a
162.8740234375	0.3	0.0	1	333566	n/a
162.88232421875	0.3	1.0	2	333583	n/a
162.890625	0.3	0.0	1	333600	n/a
162.89892578125	0.3	1.0	2	333617	n/a
162.90771484375	0.3	1.0	2	333635	n/a
162.916015625	0.3	0.0	1	333652	n/a
162.92431640625	0.3	1.0	2	333669	n/a
162.9326171875	0.3	0.0	1	333686	n/a
162.94091796875	0.3	0.0	1	333703	n/a
162.94921875	0.3	1.0	2	333720	n/a
162.95751953125	0.3	1.0	2	333737	n/a
162.9658203125	0.3	0.0	1	333754	n/a
162.97412109375	0.3	0.0	1	333771	n/a
162.982421875	0.3	1.0	2	333788	n/a
162.99072265625	0.3	1.0	2	333805	n/a
162.9990234375	0.3	0.0	1	333822	n/a
163.00732421875	0.3	0.0	1	333839	n/a
163.015625	0.3	1.0	2	333856	n/a
163.02392578125	0.3	0.0	1	333873	n/a
163.03271484375	0.3	1.0	2	333891	n/a
163.041015625	0.3	0.0	1	333908	n/a
163.04931640625	0.3	1.0	2	333925	n/a
163.0576171875	0.3	1.0	2	333942	n/a
163.06591796875	0.3	0.0	1	333959	n/a
163.07421875	0.3	0.0	1	333976	n/a
163.08251953125	0.3	1.0	2	333993	n/a
163.0908203125	0.3	1.0	2	334010	n/a
163.09912109375	0.3	0.0	1	334027	n/a
163.107421875	0.3	1.0	2	334044	n/a
163.11572265625	0.3	0.0	1	334061	n/a
163.1240234375	0.3	0.0	1	334078	n/a
163.13232421875	0.3	1.0	2	334095	n/a
163.140625	0.3	0.0	1	334112	n/a
163.14892578125	0.3	1.0	2	334129	n/a
163.15771484375	0.3	0.0	1	334147	n/a
163.166015625	0.3	1.0	2	334164	n/a
163.17431640625	0.3	0.0	1	334181	n/a
163.1826171875	0.3	1.0	2	334198	n/a
163.19091796875	0.3	0.0	1	334215	n/a
163.19921875	0.3	1.0	2	334232	n/a
163.20751953125	0.3	1.0	2	334249	n/a
163.2158203125	0.3	0.0	1	334266	n/a
163.22412109375	0.3	1.0	2	334283	n/a
163.232421875	0.3	0.0	1	334300	n/a
163.24072265625	0.3	1.0	2	334317	n/a
163.2490234375	0.3	0.0	1	334334	n/a
163.25732421875	0.3	0.0	1	334351	n/a
163.265625	0.3	1.0	2	334368	n/a
163.27392578125	0.3	0.0	1	334385	n/a
163.28271484375	0.3	1.0	2	334403	n/a
163.291015625	0.3	1.0	2	334420	n/a
163.29931640625	0.3	0.0	1	334437	n/a
163.3076171875	0.3	0.0	1	334454	n/a
163.31591796875	0.3	1.0	2	334471	n/a
163.32421875	0.3	1.0	2	334488	n/a
163.33251953125	0.3	0.0	1	334505	n/a
163.3408203125	0.3	1.0	2	334522	n/a
163.34912109375	0.3	0.0	1	334539	n/a
163.357421875	0.3	0.0	1	334556	n/a
163.36572265625	0.3	1.0	2	334573	n/a
163.3740234375	0.3	1.0	2	334590	n/a
163.38232421875	0.3	0.0	1	334607	n/a
163.390625	0.3	0.0	1	334624	n/a
163.39892578125	0.3	1.0	2	334641	n/a
163.40771484375	0.3	1.0	2	334659	n/a
163.416015625	0.3	0.0	1	334676	n/a
163.42431640625	0.3	1.0	2	334693	n/a
163.4326171875	0.3	0.0	1	334710	n/a
163.44091796875	0.3	1.0	2	334727	n/a
163.44921875	0.3	0.0	1	334744	n/a
163.45751953125	0.3	1.0	2	334761	n/a
163.4658203125	0.3	0.0	1	334778	n/a
163.47412109375	0.3	0.0	1	334795	n/a
163.482421875	0.3	1.0	2	334812	n/a
163.49072265625	0.3	1.0	2	334829	n/a
163.4990234375	0.3	0.0	1	334846	n/a
163.50732421875	0.3	1.0	2	334863	n/a
163.515625	0.3	0.0	1	334880	n/a
163.52392578125	0.3	1.0	2	334897	n/a
163.53271484375	0.3	0.0	1	334915	n/a
163.541015625	0.3	0.0	1	334932	n/a
163.54931640625	0.3	1.0	2	334949	n/a
163.5576171875	0.3	1.0	2	334966	n/a
163.56591796875	0.3	0.0	1	334983	n/a
163.57421875	0.3	0.0	1	335000	n/a
163.58251953125	0.3	1.0	2	335017	n/a
163.5908203125	0.3	0.0	1	335034	n/a
163.59912109375	0.3	1.0	2	335051	n/a
163.607421875	0.3	0.0	1	335068	n/a
163.61572265625	0.3	1.0	2	335085	n/a
163.6240234375	0.3	0.0	1	335102	n/a
163.63232421875	0.3	1.0	2	335119	n/a
163.640625	0.3	0.0	1	335136	n/a
163.64892578125	0.3	1.0	2	335153	n/a
163.65771484375	0.3	0.0	1	335171	n/a
163.666015625	0.3	1.0	2	335188	n/a
163.67431640625	0.3	0.0	1	335205	n/a
163.6826171875	0.3	1.0	2	335222	n/a
163.69091796875	0.3	1.0	2	335239	n/a
163.69921875	0.3	0.0	1	335256	n/a
163.70751953125	0.3	1.0	2	335273	n/a
163.7158203125	0.3	0.0	1	335290	n/a
163.72412109375	0.3	0.0	1	335307	n/a
163.732421875	0.3	1.0	2	335324	n/a
163.74072265625	0.3	1.0	2	335341	n/a
163.7490234375	0.3	0.0	1	335358	n/a
163.75732421875	0.3	1.0	2	335375	n/a
163.765625	0.3	0.0	1	335392	n/a
163.77392578125	0.3	0.0	1	335409	n/a
163.78271484375	0.3	1.0	2	335427	n/a
163.791015625	0.3	1.0	2	335444	n/a
163.79931640625	0.3	0.0	1	335461	n/a
163.8076171875	0.3	1.0	2	335478	n/a
163.81591796875	0.3	0.0	1	335495	n/a
163.82421875	0.3	1.0	2	335512	n/a
163.83251953125	0.3	0.0	1	335529	n/a
163.8408203125	0.3	0.0	1	335546	n/a
163.84912109375	0.3	1.0	2	335563	n/a
163.857421875	0.3	0.0	1	335580	n/a
163.86572265625	0.3	1.0	2	335597	n/a
163.8740234375	0.3	0.0	1	335614	n/a
163.88232421875	0.3	1.0	2	335631	n/a
163.890625	0.3	1.0	2	335648	n/a
163.89892578125	0.3	0.0	1	335665	n/a
163.90771484375	0.3	1.0	2	335683	n/a
163.916015625	0.3	0.0	1	335700	n/a
163.92431640625	0.3	0.0	1	335717	n/a
163.9326171875	0.3	1.0	2	335734	n/a
163.94091796875	0.3	0.0	1	335751	n/a
163.94921875	0.3	1.0	2	335768	n/a
163.95751953125	0.3	1.0	2	335785	n/a
163.9658203125	0.3	0.0	1	335802	n/a
163.97412109375	0.3	1.0	2	335819	n/a
163.982421875	0.3	0.0	1	335836	n/a
163.99072265625	0.3	0.0	1	335853	n/a
163.9990234375	0.3	1.0	2	335870	n/a
164.00732421875	0.3	1.0	2	335887	n/a
164.015625	0.3	0.0	1	335904	n/a
164.02392578125	0.3	0.0	1	335921	n/a
164.03271484375	0.3	1.0	2	335939	n/a
164.041015625	0.3	1.0	2	335956	n/a
164.04931640625	0.3	0.0	1	335973	n/a
164.0576171875	0.3	0.0	1	335990	n/a
164.06591796875	0.3	1.0	2	336007	n/a
164.07421875	0.3	0.0	1	336024	n/a
164.08251953125	0.3	1.0	2	336041	n/a
164.0908203125	0.3	0.0	1	336058	n/a
164.09912109375	0.3	1.0	2	336075	n/a
164.107421875	0.3	1.0	2	336092	n/a
164.11572265625	0.3	0.0	1	336109	n/a
164.1240234375	0.3	0.0	1	336126	n/a
164.13232421875	0.3	1.0	2	336143	n/a
164.140625	0.3	1.0	2	336160	n/a
164.14892578125	0.3	0.0	1	336177	n/a
164.15771484375	0.3	1.0	2	336195	n/a
164.166015625	0.3	0.0	1	336212	n/a
164.17431640625	0.3	0.0	1	336229	n/a
164.1826171875	0.3	1.0	2	336246	n/a
164.19091796875	0.3	0.0	1	336263	n/a
164.19921875	0.3	1.0	2	336280	n/a
164.20751953125	0.3	0.0	1	336297	n/a
164.2158203125	0.3	1.0	2	336314	n/a
164.22412109375	0.3	0.0	1	336331	n/a
164.232421875	0.3	1.0	2	336348	n/a
164.24072265625	0.3	0.0	1	336365	n/a
164.2490234375	0.3	1.0	2	336382	n/a
164.25732421875	0.3	1.0	2	336399	n/a
164.265625	0.3	0.0	1	336416	n/a
164.27392578125	0.3	1.0	2	336433	n/a
164.28271484375	0.3	0.0	1	336451	n/a
164.291015625	0.3	1.0	2	336468	n/a
164.29931640625	0.3	0.0	1	336485	n/a
164.3076171875	0.3	0.0	1	336502	n/a
164.31591796875	0.3	1.0	2	336519	n/a
164.32421875	0.3	0.0	1	336536	n/a
164.33251953125	0.3	1.0	2	336553	n/a
164.3408203125	0.3	1.0	2	336570	n/a
164.34912109375	0.3	0.0	1	336587	n/a
164.357421875	0.3	0.0	1	336604	n/a
164.36572265625	0.3	1.0	2	336621	n/a
164.3740234375	0.3	1.0	2	336638	n/a
164.38232421875	0.3	0.0	1	336655	n/a
164.390625	0.3	1.0	2	336672	n/a
164.39892578125	0.3	0.0	1	336689	n/a
164.40771484375	0.3	0.0	1	336707	n/a
164.416015625	0.3	1.0	2	336724	n/a
164.42431640625	0.3	1.0	2	336741	n/a
164.4326171875	0.3	0.0	1	336758	n/a
164.44091796875	0.3	0.0	1	336775	n/a
164.44921875	0.3	1.0	2	336792	n/a
164.45751953125	0.3	1.0	2	336809	n/a
164.4658203125	0.3	0.0	1	336826	n/a
164.47412109375	0.3	1.0	2	336843	n/a
164.482421875	0.3	0.0	1	336860	n/a
164.49072265625	0.3	1.0	2	336877	n/a
164.4990234375	0.3	0.0	1	336894	n/a
164.50732421875	0.3	1.0	2	336911	n/a
164.515625	0.3	0.0	1	336928	n/a
164.52392578125	0.3	0.0	1	336945	n/a
164.53271484375	0.3	1.0	2	336963	n/a
164.541015625	0.3	1.0	2	336980	n/a
164.54931640625	0.3	0.0	1	336997	n/a
164.5576171875	0.3	1.0	2	337014	n/a
164.56591796875	0.3	0.0	1	337031	n/a
164.57421875	0.3	1.0	2	337048	n/a
164.58251953125	0.3	0.0	1	337065	n/a
164.5908203125	0.3	0.0	1	337082	n/a
164.59912109375	0.3	1.0	2	337099	n/a
164.607421875	0.3	1.0	2	337116	n/a
164.61572265625	0.3	0.0	1	337133	n/a
164.6240234375	0.3	0.0	1	337150	n/a
164.63232421875	0.3	1.0	2	337167	n/a
164.640625	0.3	0.0	1	337184	n/a
164.64892578125	0.3	1.0	2	337201	n/a
164.65771484375	0.3	0.0	1	337219	n/a
164.666015625	0.3	1.0	2	337236	n/a
164.67431640625	0.3	0.0	1	337253	n/a
164.6826171875	0.3	1.0	2	337270	n/a
164.69091796875	0.3	0.0	1	337287	n/a
164.69921875	0.3	1.0	2	337304	n/a
164.70751953125	0.3	0.0	1	337321	n/a
164.7158203125	0.3	1.0	2	337338	n/a
164.72412109375	0.3	0.0	1	337355	n/a
164.732421875	0.3	1.0	2	337372	n/a
164.74072265625	0.3	1.0	2	337389	n/a
164.7490234375	0.3	0.0	1	337406	n/a
164.75732421875	0.3	1.0	2	337423	n/a
164.765625	0.3	0.0	1	337440	n/a
164.77392578125	0.3	0.0	1	337457	n/a
164.78271484375	0.3	1.0	2	337475	n/a
164.791015625	0.3	1.0	2	337492	n/a
164.79931640625	0.3	0.0	1	337509	n/a
164.8076171875	0.3	1.0	2	337526	n/a
164.81591796875	0.3	0.0	1	337543	n/a
164.82421875	0.3	0.0	1	337560	n/a
164.83251953125	0.3	1.0	2	337577	n/a
164.8408203125	0.3	1.0	2	337594	n/a
164.84912109375	0.3	0.0	1	337611	n/a
164.857421875	0.3	1.0	2	337628	n/a
164.86572265625	0.3	0.0	1	337645	n/a
164.8740234375	0.3	1.0	2	337662	n/a
164.88232421875	0.3	0.0	1	337679	n/a
164.890625	0.3	0.0	1	337696	n/a
164.89892578125	0.3	1.0	2	337713	n/a
164.90771484375	0.3	0.0	1	337731	n/a
164.916015625	0.3	1.0	2	337748	n/a
164.92431640625	0.3	0.0	1	337765	n/a
164.9326171875	0.3	1.0	2	337782	n/a
164.94091796875	0.3	1.0	2	337799	n/a
164.94921875	0.3	0.0	1	337816	n/a
164.95751953125	0.3	1.0	2	337833	n/a
164.9658203125	0.3	0.0	1	337850	n/a
164.97412109375	0.3	0.0	1	337867	n/a
164.982421875	0.3	1.0	2	337884	n/a
164.99072265625	0.3	0.0	1	337901	n/a
164.9990234375	0.3	1.0	2	337918	n/a
165.00732421875	0.3	1.0	2	337935	n/a
165.015625	0.3	0.0	1	337952	n/a
165.02392578125	0.3	1.0	2	337969	n/a
165.03271484375	0.3	0.0	1	337987	n/a
165.041015625	0.3	0.0	1	338004	n/a
165.04931640625	0.3	1.0	2	338021	n/a
165.0576171875	0.3	1.0	2	338038	n/a
165.06591796875	0.3	0.0	1	338055	n/a
165.07421875	0.3	0.0	1	338072	n/a
165.08251953125	0.3	1.0	2	338089	n/a
165.0908203125	0.3	1.0	2	338106	n/a
165.09912109375	0.3	0.0	1	338123	n/a
165.107421875	0.3	0.0	1	338140	n/a
165.11572265625	0.3	1.0	2	338157	n/a
165.1240234375	0.3	0.0	1	338174	n/a
165.13232421875	0.3	1.0	2	338191	n/a
165.140625	0.3	0.0	1	338208	n/a
165.14892578125	0.3	1.0	2	338225	n/a
165.15771484375	0.3	1.0	2	338243	n/a
165.166015625	0.3	0.0	1	338260	n/a
165.17431640625	0.3	0.0	1	338277	n/a
165.1826171875	0.3	1.0	2	338294	n/a
165.19091796875	0.3	1.0	2	338311	n/a
165.19921875	0.3	0.0	1	338328	n/a
165.20751953125	0.3	1.0	2	338345	n/a
165.2158203125	0.3	0.0	1	338362	n/a
165.22412109375	0.3	0.0	1	338379	n/a
165.232421875	0.3	1.0	2	338396	n/a
165.24072265625	0.3	0.0	1	338413	n/a
165.2490234375	0.3	1.0	2	338430	n/a
165.25732421875	0.3	0.0	1	338447	n/a
165.265625	0.3	1.0	2	338464	n/a
165.27392578125	0.3	0.0	1	338481	n/a
165.28271484375	0.3	1.0	2	338499	n/a
165.291015625	0.3	0.0	1	338516	n/a
165.29931640625	0.3	1.0	2	338533	n/a
165.3076171875	0.3	1.0	2	338550	n/a
165.31591796875	0.3	0.0	1	338567	n/a
165.32421875	0.3	1.0	2	338584	n/a
165.33251953125	0.3	0.0	1	338601	n/a
165.3408203125	0.3	1.0	2	338618	n/a
165.34912109375	0.3	0.0	1	338635	n/a
165.357421875	0.3	0.0	1	338652	n/a
165.36572265625	0.3	1.0	2	338669	n/a
165.3740234375	0.3	0.0	1	338686	n/a
165.38232421875	0.3	1.0	2	338703	n/a
165.390625	0.3	1.0	2	338720	n/a
165.39892578125	0.3	0.0	1	338737	n/a
165.40771484375	0.3	0.0	1	338755	n/a
165.416015625	0.3	1.0	2	338772	n/a
165.42431640625	0.3	1.0	2	338789	n/a
165.4326171875	0.3	0.0	1	338806	n/a
165.44091796875	0.3	1.0	2	338823	n/a
165.44921875	0.3	0.0	1	338840	n/a
165.45751953125	0.3	0.0	1	338857	n/a
165.4658203125	0.3	1.0	2	338874	n/a
165.47412109375	0.3	1.0	2	338891	n/a
165.482421875	0.3	0.0	1	338908	n/a
165.49072265625	0.3	0.0	1	338925	n/a
165.4990234375	0.3	1.0	2	338942	n/a
165.50732421875	0.3	1.0	2	338959	n/a
165.515625	0.3	0.0	1	338976	n/a
165.52392578125	0.3	1.0	2	338993	n/a
165.53271484375	0.3	0.0	1	339011	n/a
165.541015625	0.3	1.0	2	339028	n/a
165.54931640625	0.3	0.0	1	339045	n/a
165.5576171875	0.3	1.0	2	339062	n/a
165.56591796875	0.3	0.0	1	339079	n/a
165.57421875	0.3	0.0	1	339096	n/a
165.58251953125	0.3	1.0	2	339113	n/a
165.5908203125	0.3	1.0	2	339130	n/a
165.59912109375	0.3	0.0	1	339147	n/a
165.607421875	0.3	1.0	2	339164	n/a
165.61572265625	0.3	0.0	1	339181	n/a
165.6240234375	0.3	1.0	2	339198	n/a
165.63232421875	0.3	0.0	1	339215	n/a
165.640625	0.3	0.0	1	339232	n/a
165.64892578125	0.3	1.0	2	339249	n/a
165.65771484375	0.3	1.0	2	339267	n/a
165.666015625	0.3	0.0	1	339284	n/a
165.67431640625	0.3	0.0	1	339301	n/a
165.6826171875	0.3	1.0	2	339318	n/a
165.69091796875	0.3	0.0	1	339335	n/a
165.69921875	0.3	1.0	2	339352	n/a
165.70751953125	0.3	0.0	1	339369	n/a
165.7158203125	0.3	1.0	2	339386	n/a
165.72412109375	0.3	0.0	1	339403	n/a
165.732421875	0.3	1.0	2	339420	n/a
165.74072265625	0.3	0.0	1	339437	n/a
165.7490234375	0.3	1.0	2	339454	n/a
165.75732421875	0.3	0.0	1	339471	n/a
165.765625	0.3	1.0	2	339488	n/a
165.77392578125	0.3	0.0	1	339505	n/a
165.78271484375	0.3	1.0	2	339523	n/a
165.791015625	0.3	1.0	2	339540	n/a
165.79931640625	0.3	0.0	1	339557	n/a
165.8076171875	0.3	1.0	2	339574	n/a
165.81591796875	0.3	0.0	1	339591	n/a
165.82421875	0.3	0.0	1	339608	n/a
165.83251953125	0.3	1.0	2	339625	n/a
165.8408203125	0.3	1.0	2	339642	n/a
165.84912109375	0.3	0.0	1	339659	n/a
165.857421875	0.3	1.0	2	339676	n/a
165.86572265625	0.3	0.0	1	339693	n/a
165.8740234375	0.3	0.0	1	339710	n/a
165.88232421875	0.3	1.0	2	339727	n/a
165.890625	0.3	1.0	2	339744	n/a
165.89892578125	0.3	0.0	1	339761	n/a
165.90771484375	0.3	1.0	2	339779	n/a
165.916015625	0.3	0.0	1	339796	n/a
165.92431640625	0.3	1.0	2	339813	n/a
165.9326171875	0.3	0.0	1	339830	n/a
165.94091796875	0.3	0.0	1	339847	n/a
165.94921875	0.3	1.0	2	339864	n/a
165.95751953125	0.3	0.0	1	339881	n/a
165.9658203125	0.3	1.0	2	339898	n/a
165.97412109375	0.3	0.0	1	339915	n/a
165.982421875	0.3	1.0	2	339932	n/a
165.99072265625	0.3	1.0	2	339949	n/a
165.9990234375	0.3	0.0	1	339966	n/a
166.00732421875	0.3	1.0	2	339983	n/a
166.015625	0.3	0.0	1	340000	n/a
166.02392578125	0.3	0.0	1	340017	n/a
166.03271484375	0.3	1.0	2	340035	n/a
166.041015625	0.3	0.0	1	340052	n/a
166.04931640625	0.3	1.0	2	340069	n/a
166.0576171875	0.3	1.0	2	340086	n/a
166.06591796875	0.3	0.0	1	340103	n/a
166.07421875	0.3	1.0	2	340120	n/a
166.08251953125	0.3	0.0	1	340137	n/a
166.0908203125	0.3	0.0	1	340154	n/a
166.09912109375	0.3	1.0	2	340171	n/a
166.107421875	0.3	1.0	2	340188	n/a
166.11572265625	0.3	0.0	1	340205	n/a
166.1240234375	0.3	0.0	1	340222	n/a
166.13232421875	0.3	1.0	2	340239	n/a
166.140625	0.3	1.0	2	340256	n/a
166.14892578125	0.3	0.0	1	340273	n/a
166.15771484375	0.3	0.0	1	340291	n/a
166.166015625	0.3	1.0	2	340308	n/a
166.17431640625	0.3	0.0	1	340325	n/a
166.1826171875	0.3	1.0	2	340342	n/a
166.19091796875	0.3	0.0	1	340359	n/a
166.19921875	0.3	1.0	2	340376	n/a
166.20751953125	0.3	1.0	2	340393	n/a
166.2158203125	0.3	0.0	1	340410	n/a
166.22412109375	0.3	0.0	1	340427	n/a
166.232421875	0.3	1.0	2	340444	n/a
166.24072265625	0.3	1.0	2	340461	n/a
166.2490234375	0.3	0.0	1	340478	n/a
166.25732421875	0.3	1.0	2	340495	n/a
166.265625	0.3	0.0	1	340512	n/a
166.27392578125	0.3	0.0	1	340529	n/a
166.28271484375	0.3	1.0	2	340547	n/a
166.291015625	0.3	0.0	1	340564	n/a
166.29931640625	0.3	1.0	2	340581	n/a
166.3076171875	0.3	0.0	1	340598	n/a
166.31591796875	0.3	1.0	2	340615	n/a
166.32421875	0.3	0.0	1	340632	n/a
166.33251953125	0.3	1.0	2	340649	n/a
166.3408203125	0.3	0.0	1	340666	n/a
166.34912109375	0.3	1.0	2	340683	n/a
166.357421875	0.3	1.0	2	340700	n/a
166.36572265625	0.3	0.0	1	340717	n/a
166.3740234375	0.3	1.0	2	340734	n/a
166.38232421875	0.3	0.0	1	340751	n/a
166.390625	0.3	1.0	2	340768	n/a
166.39892578125	0.3	0.0	1	340785	n/a
166.40771484375	0.3	0.0	1	340803	n/a
166.416015625	0.3	1.0	2	340820	n/a
166.42431640625	0.3	0.0	1	340837	n/a
166.4326171875	0.3	1.0	2	340854	n/a
166.44091796875	0.3	1.0	2	340871	n/a
166.44921875	0.3	0.0	1	340888	n/a
166.45751953125	0.3	0.0	1	340905	n/a
166.4658203125	0.3	1.0	2	340922	n/a
166.47412109375	0.3	1.0	2	340939	n/a
166.482421875	0.3	0.0	1	340956	n/a
166.49072265625	0.3	1.0	2	340973	n/a
166.4990234375	0.3	0.0	1	340990	n/a
166.50732421875	0.3	0.0	1	341007	n/a
166.515625	0.3	1.0	2	341024	n/a
166.52392578125	0.3	1.0	2	341041	n/a
166.53271484375	0.3	0.0	1	341059	n/a
166.541015625	0.3	0.0	1	341076	n/a
166.54931640625	0.3	1.0	2	341093	n/a
166.5576171875	0.3	1.0	2	341110	n/a
166.56591796875	0.3	0.0	1	341127	n/a
166.57421875	0.3	1.0	2	341144	n/a
166.58251953125	0.3	0.0	1	341161	n/a
166.5908203125	0.3	1.0	2	341178	n/a
166.59912109375	0.3	0.0	1	341195	n/a
166.607421875	0.3	1.0	2	341212	n/a
166.61572265625	0.3	0.0	1	341229	n/a
166.6240234375	0.3	0.0	1	341246	n/a
166.63232421875	0.3	1.0	2	341263	n/a
166.640625	0.3	1.0	2	341280	n/a
166.64892578125	0.3	0.0	1	341297	n/a
166.65771484375	0.3	1.0	2	341315	n/a
166.666015625	0.3	0.0	1	341332	n/a
166.67431640625	0.3	1.0	2	341349	n/a
166.6826171875	0.3	0.0	1	341366	n/a
166.69091796875	0.3	0.0	1	341383	n/a
166.69921875	0.3	1.0	2	341400	n/a
166.70751953125	0.3	1.0	2	341417	n/a
166.7158203125	0.3	0.0	1	341434	n/a
166.72412109375	0.3	0.0	1	341451	n/a
166.732421875	0.3	1.0	2	341468	n/a
166.74072265625	0.3	0.0	1	341485	n/a
166.7490234375	0.3	1.0	2	341502	n/a
166.75732421875	0.3	0.0	1	341519	n/a
166.765625	0.3	1.0	2	341536	n/a
166.77392578125	0.3	0.0	1	341553	n/a
166.78271484375	0.3	1.0	2	341571	n/a
169.150390625	0.3	1.0	2	346420	22.0
169.15869140625	0.3	0.0	1	346437	n/a
169.1669921875	0.3	0.0	1	346454	n/a
169.17529296875	0.3	1.0	2	346471	n/a
169.18359375	0.3	1.0	2	346488	n/a
169.19189453125	0.3	0.0	1	346505	n/a
169.2001953125	0.3	1.0	2	346522	n/a
169.20849609375	0.3	0.0	1	346539	n/a
169.21728515625	0.3	0.0	1	346557	n/a
169.2255859375	0.3	1.0	2	346574	n/a
169.23388671875	0.3	0.0	1	346591	n/a
169.2421875	0.3	1.0	2	346608	n/a
169.25048828125	0.3	1.0	2	346625	n/a
169.2587890625	0.3	0.0	1	346642	n/a
169.26708984375	0.3	1.0	2	346659	n/a
169.275390625	0.3	0.0	1	346676	n/a
169.28369140625	0.3	1.0	2	346693	n/a
169.2919921875	0.3	0.0	1	346710	n/a
169.30029296875	0.3	0.0	1	346727	n/a
169.30859375	0.3	1.0	2	346744	n/a
169.31689453125	0.3	1.0	2	346761	n/a
169.3251953125	0.3	0.0	1	346778	n/a
169.33349609375	0.3	1.0	2	346795	n/a
169.34228515625	0.3	0.0	1	346813	n/a
169.3505859375	0.3	1.0	2	346830	n/a
169.35888671875	0.3	0.0	1	346847	n/a
169.3671875	0.3	1.0	2	346864	n/a
169.37548828125	0.3	0.0	1	346881	n/a
169.3837890625	0.3	1.0	2	346898	n/a
169.39208984375	0.3	0.0	1	346915	n/a
169.400390625	0.3	0.0	1	346932	n/a
169.40869140625	0.3	1.0	2	346949	n/a
169.4169921875	0.3	1.0	2	346966	n/a
169.42529296875	0.3	0.0	1	346983	n/a
169.43359375	0.3	1.0	2	347000	n/a
169.44189453125	0.3	0.0	1	347017	n/a
169.4501953125	0.3	1.0	2	347034	n/a
169.45849609375	0.3	0.0	1	347051	n/a
169.46728515625	0.3	0.0	1	347069	n/a
169.4755859375	0.3	1.0	2	347086	n/a
169.48388671875	0.3	1.0	2	347103	n/a
169.4921875	0.3	0.0	1	347120	n/a
169.50048828125	0.3	1.0	2	347137	n/a
169.5087890625	0.3	0.0	1	347154	n/a
169.51708984375	0.3	1.0	2	347171	n/a
169.525390625	0.3	0.0	1	347188	n/a
169.53369140625	0.3	1.0	2	347205	n/a
169.5419921875	0.3	0.0	1	347222	n/a
169.55029296875	0.3	0.0	1	347239	n/a
169.55859375	0.3	1.0	2	347256	n/a
169.56689453125	0.3	0.0	1	347273	n/a
169.5751953125	0.3	1.0	2	347290	n/a
169.58349609375	0.3	1.0	2	347307	n/a
169.59228515625	0.3	0.0	1	347325	n/a
169.6005859375	0.3	0.0	1	347342	n/a
169.60888671875	0.3	1.0	2	347359	n/a
169.6171875	0.3	1.0	2	347376	n/a
169.62548828125	0.3	0.0	1	347393	n/a
169.6337890625	0.3	1.0	2	347410	n/a
169.64208984375	0.3	0.0	1	347427	n/a
169.650390625	0.3	0.0	1	347444	n/a
169.65869140625	0.3	1.0	2	347461	n/a
169.6669921875	0.3	1.0	2	347478	n/a
169.67529296875	0.3	0.0	1	347495	n/a
169.68359375	0.3	1.0	2	347512	n/a
169.69189453125	0.3	0.0	1	347529	n/a
169.7001953125	0.3	1.0	2	347546	n/a
169.70849609375	0.3	0.0	1	347563	n/a
169.71728515625	0.3	0.0	1	347581	n/a
169.7255859375	0.3	1.0	2	347598	n/a
169.73388671875	0.3	0.0	1	347615	n/a
169.7421875	0.3	1.0	2	347632	n/a
169.75048828125	0.3	0.0	1	347649	n/a
169.7587890625	0.3	1.0	2	347666	n/a
169.76708984375	0.3	0.0	1	347683	n/a
169.775390625	0.3	1.0	2	347700	n/a
169.78369140625	0.3	1.0	2	347717	n/a
169.7919921875	0.3	0.0	1	347734	n/a
169.80029296875	0.3	1.0	2	347751	n/a
169.80859375	0.3	0.0	1	347768	n/a
169.81689453125	0.3	1.0	2	347785	n/a
169.8251953125	0.3	0.0	1	347802	n/a
169.83349609375	0.3	0.0	1	347819	n/a
169.84228515625	0.3	1.0	2	347837	n/a
169.8505859375	0.3	1.0	2	347854	n/a
169.85888671875	0.3	0.0	1	347871	n/a
169.8671875	0.3	0.0	1	347888	n/a
169.87548828125	0.3	1.0	2	347905	n/a
169.8837890625	0.3	1.0	2	347922	n/a
169.89208984375	0.3	0.0	1	347939	n/a
169.900390625	0.3	0.0	1	347956	n/a
169.90869140625	0.3	1.0	2	347973	n/a
169.9169921875	0.3	1.0	2	347990	n/a
169.92529296875	0.3	0.0	1	348007	n/a
169.93359375	0.3	0.0	1	348024	n/a
169.94189453125	0.3	1.0	2	348041	n/a
169.9501953125	0.3	0.0	1	348058	n/a
169.95849609375	0.3	1.0	2	348075	n/a
169.96728515625	0.3	1.0	2	348093	n/a
169.9755859375	0.3	0.0	1	348110	n/a
169.98388671875	0.3	1.0	2	348127	n/a
169.9921875	0.3	0.0	1	348144	n/a
170.00048828125	0.3	1.0	2	348161	n/a
170.0087890625	0.3	0.0	1	348178	n/a
170.01708984375	0.3	1.0	2	348195	n/a
170.025390625	0.3	0.0	1	348212	n/a
170.03369140625	0.3	1.0	2	348229	n/a
170.0419921875	0.3	0.0	1	348246	n/a
170.05029296875	0.3	1.0	2	348263	n/a
170.05859375	0.3	0.0	1	348280	n/a
170.06689453125	0.3	0.0	1	348297	n/a
170.0751953125	0.3	1.0	2	348314	n/a
170.08349609375	0.3	0.0	1	348331	n/a
170.09228515625	0.3	1.0	2	348349	n/a
170.1005859375	0.3	1.0	2	348366	n/a
170.10888671875	0.3	0.0	1	348383	n/a
170.1171875	0.3	0.0	1	348400	n/a
170.12548828125	0.3	1.0	2	348417	n/a
170.1337890625	0.3	1.0	2	348434	n/a
170.14208984375	0.3	0.0	1	348451	n/a
170.150390625	0.3	1.0	2	348468	n/a
170.15869140625	0.3	0.0	1	348485	n/a
170.1669921875	0.3	0.0	1	348502	n/a
170.17529296875	0.3	1.0	2	348519	n/a
170.18359375	0.3	0.0	1	348536	n/a
170.19189453125	0.3	1.0	2	348553	n/a
170.2001953125	0.3	1.0	2	348570	n/a
170.20849609375	0.3	0.0	1	348587	n/a
170.21728515625	0.3	0.0	1	348605	n/a
170.2255859375	0.3	1.0	2	348622	n/a
170.23388671875	0.3	1.0	2	348639	n/a
170.2421875	0.3	0.0	1	348656	n/a
170.25048828125	0.3	1.0	2	348673	n/a
170.2587890625	0.3	0.0	1	348690	n/a
170.26708984375	0.3	0.0	1	348707	n/a
170.275390625	0.3	1.0	2	348724	n/a
170.28369140625	0.3	0.0	1	348741	n/a
170.2919921875	0.3	1.0	2	348758	n/a
170.30029296875	0.3	1.0	2	348775	n/a
170.30859375	0.3	0.0	1	348792	n/a
170.31689453125	0.3	1.0	2	348809	n/a
170.3251953125	0.3	0.0	1	348826	n/a
170.33349609375	0.3	1.0	2	348843	n/a
170.34228515625	0.3	0.0	1	348861	n/a
170.3505859375	0.3	0.0	1	348878	n/a
170.35888671875	0.3	1.0	2	348895	n/a
170.3671875	0.3	1.0	2	348912	n/a
170.37548828125	0.3	0.0	1	348929	n/a
170.3837890625	0.3	1.0	2	348946	n/a
170.39208984375	0.3	0.0	1	348963	n/a
170.400390625	0.3	1.0	2	348980	n/a
170.40869140625	0.3	0.0	1	348997	n/a
170.4169921875	0.3	1.0	2	349014	n/a
170.42529296875	0.3	0.0	1	349031	n/a
170.43359375	0.3	1.0	2	349048	n/a
170.44189453125	0.3	0.0	1	349065	n/a
170.4501953125	0.3	0.0	1	349082	n/a
170.45849609375	0.3	1.0	2	349099	n/a
170.46728515625	0.3	1.0	2	349117	n/a
170.4755859375	0.3	0.0	1	349134	n/a
170.48388671875	0.3	1.0	2	349151	n/a
170.4921875	0.3	0.0	1	349168	n/a
170.50048828125	0.3	1.0	2	349185	n/a
170.5087890625	0.3	0.0	1	349202	n/a
170.51708984375	0.3	0.0	1	349219	n/a
170.525390625	0.3	1.0	2	349236	n/a
170.53369140625	0.3	1.0	2	349253	n/a
170.5419921875	0.3	0.0	1	349270	n/a
170.55029296875	0.3	1.0	2	349287	n/a
170.55859375	0.3	0.0	1	349304	n/a
170.56689453125	0.3	1.0	2	349321	n/a
170.5751953125	0.3	0.0	1	349338	n/a
170.58349609375	0.3	1.0	2	349355	n/a
170.59228515625	0.3	0.0	1	349373	n/a
170.6005859375	0.3	0.0	1	349390	n/a
170.60888671875	0.3	1.0	2	349407	n/a
170.6171875	0.3	0.0	1	349424	n/a
170.62548828125	0.3	1.0	2	349441	n/a
170.6337890625	0.3	1.0	2	349458	n/a
170.64208984375	0.3	0.0	1	349475	n/a
170.650390625	0.3	0.0	1	349492	n/a
170.65869140625	0.3	1.0	2	349509	n/a
170.6669921875	0.3	1.0	2	349526	n/a
170.67529296875	0.3	0.0	1	349543	n/a
170.68359375	0.3	1.0	2	349560	n/a
170.69189453125	0.3	0.0	1	349577	n/a
170.7001953125	0.3	0.0	1	349594	n/a
170.70849609375	0.3	1.0	2	349611	n/a
170.71728515625	0.3	1.0	2	349629	n/a
170.7255859375	0.3	0.0	1	349646	n/a
170.73388671875	0.3	1.0	2	349663	n/a
170.7421875	0.3	0.0	1	349680	n/a
170.75048828125	0.3	1.0	2	349697	n/a
170.7587890625	0.3	0.0	1	349714	n/a
170.76708984375	0.3	0.0	1	349731	n/a
170.775390625	0.3	1.0	2	349748	n/a
170.78369140625	0.3	0.0	1	349765	n/a
170.7919921875	0.3	1.0	2	349782	n/a
170.80029296875	0.3	0.0	1	349799	n/a
170.80859375	0.3	1.0	2	349816	n/a
170.81689453125	0.3	0.0	1	349833	n/a
170.8251953125	0.3	1.0	2	349850	n/a
170.83349609375	0.3	1.0	2	349867	n/a
170.84228515625	0.3	0.0	1	349885	n/a
170.8505859375	0.3	1.0	2	349902	n/a
170.85888671875	0.3	0.0	1	349919	n/a
170.8671875	0.3	1.0	2	349936	n/a
170.87548828125	0.3	0.0	1	349953	n/a
170.8837890625	0.3	0.0	1	349970	n/a
170.89208984375	0.3	1.0	2	349987	n/a
170.900390625	0.3	1.0	2	350004	n/a
170.90869140625	0.3	0.0	1	350021	n/a
170.9169921875	0.3	0.0	1	350038	n/a
170.92529296875	0.3	1.0	2	350055	n/a
170.93359375	0.3	1.0	2	350072	n/a
170.94189453125	0.3	0.0	1	350089	n/a
170.9501953125	0.3	0.0	1	350106	n/a
170.95849609375	0.3	1.0	2	350123	n/a
170.96728515625	0.3	1.0	2	350141	n/a
170.9755859375	0.3	0.0	1	350158	n/a
170.98388671875	0.3	0.0	1	350175	n/a
170.9921875	0.3	1.0	2	350192	n/a
171.00048828125	0.3	0.0	1	350209	n/a
171.0087890625	0.3	1.0	2	350226	n/a
171.01708984375	0.3	1.0	2	350243	n/a
171.025390625	0.3	0.0	1	350260	n/a
171.03369140625	0.3	1.0	2	350277	n/a
171.0419921875	0.3	0.0	1	350294	n/a
171.05029296875	0.3	1.0	2	350311	n/a
171.05859375	0.3	0.0	1	350328	n/a
171.06689453125	0.3	1.0	2	350345	n/a
171.0751953125	0.3	0.0	1	350362	n/a
171.08349609375	0.3	1.0	2	350379	n/a
171.09228515625	0.3	0.0	1	350397	n/a
171.1005859375	0.3	1.0	2	350414	n/a
171.10888671875	0.3	0.0	1	350431	n/a
171.1171875	0.3	0.0	1	350448	n/a
171.12548828125	0.3	1.0	2	350465	n/a
171.1337890625	0.3	0.0	1	350482	n/a
171.14208984375	0.3	1.0	2	350499	n/a
171.150390625	0.3	1.0	2	350516	n/a
171.15869140625	0.3	0.0	1	350533	n/a
171.1669921875	0.3	0.0	1	350550	n/a
171.17529296875	0.3	1.0	2	350567	n/a
171.18359375	0.3	1.0	2	350584	n/a
171.19189453125	0.3	0.0	1	350601	n/a
171.2001953125	0.3	1.0	2	350618	n/a
171.20849609375	0.3	0.0	1	350635	n/a
171.21728515625	0.3	0.0	1	350653	n/a
171.2255859375	0.3	1.0	2	350670	n/a
171.23388671875	0.3	0.0	1	350687	n/a
171.2421875	0.3	1.0	2	350704	n/a
171.25048828125	0.3	1.0	2	350721	n/a
171.2587890625	0.3	0.0	1	350738	n/a
171.26708984375	0.3	0.0	1	350755	n/a
171.275390625	0.3	1.0	2	350772	n/a
171.28369140625	0.3	1.0	2	350789	n/a
171.2919921875	0.3	0.0	1	350806	n/a
171.30029296875	0.3	1.0	2	350823	n/a
171.30859375	0.3	0.0	1	350840	n/a
171.31689453125	0.3	0.0	1	350857	n/a
171.3251953125	0.3	1.0	2	350874	n/a
171.33349609375	0.3	0.0	1	350891	n/a
171.34228515625	0.3	1.0	2	350909	n/a
171.3505859375	0.3	1.0	2	350926	n/a
171.35888671875	0.3	0.0	1	350943	n/a
171.3671875	0.3	1.0	2	350960	n/a
171.37548828125	0.3	0.0	1	350977	n/a
171.3837890625	0.3	1.0	2	350994	n/a
171.39208984375	0.3	0.0	1	351011	n/a
171.400390625	0.3	0.0	1	351028	n/a
171.40869140625	0.3	1.0	2	351045	n/a
171.4169921875	0.3	1.0	2	351062	n/a
171.42529296875	0.3	0.0	1	351079	n/a
171.43359375	0.3	1.0	2	351096	n/a
171.44189453125	0.3	0.0	1	351113	n/a
171.4501953125	0.3	1.0	2	351130	n/a
171.45849609375	0.3	0.0	1	351147	n/a
171.46728515625	0.3	1.0	2	351165	n/a
171.4755859375	0.3	0.0	1	351182	n/a
171.48388671875	0.3	1.0	2	351199	n/a
171.4921875	0.3	0.0	1	351216	n/a
171.50048828125	0.3	0.0	1	351233	n/a
171.5087890625	0.3	1.0	2	351250	n/a
171.51708984375	0.3	1.0	2	351267	n/a
171.525390625	0.3	0.0	1	351284	n/a
171.53369140625	0.3	1.0	2	351301	n/a
171.5419921875	0.3	0.0	1	351318	n/a
171.55029296875	0.3	1.0	2	351335	n/a
171.55859375	0.3	0.0	1	351352	n/a
171.56689453125	0.3	0.0	1	351369	n/a
171.5751953125	0.3	1.0	2	351386	n/a
171.58349609375	0.3	1.0	2	351403	n/a
171.59228515625	0.3	0.0	1	351421	n/a
171.6005859375	0.3	1.0	2	351438	n/a
171.60888671875	0.3	0.0	1	351455	n/a
171.6171875	0.3	1.0	2	351472	n/a
171.62548828125	0.3	0.0	1	351489	n/a
171.6337890625	0.3	1.0	2	351506	n/a
171.64208984375	0.3	0.0	1	351523	n/a
171.650390625	0.3	0.0	1	351540	n/a
171.65869140625	0.3	1.0	2	351557	n/a
171.6669921875	0.3	0.0	1	351574	n/a
171.67529296875	0.3	1.0	2	351591	n/a
171.68359375	0.3	1.0	2	351608	n/a
171.69189453125	0.3	0.0	1	351625	n/a
171.7001953125	0.3	0.0	1	351642	n/a
171.70849609375	0.3	1.0	2	351659	n/a
171.71728515625	0.3	1.0	2	351677	n/a
171.7255859375	0.3	0.0	1	351694	n/a
171.73388671875	0.3	1.0	2	351711	n/a
171.7421875	0.3	0.0	1	351728	n/a
171.75048828125	0.3	0.0	1	351745	n/a
171.7587890625	0.3	1.0	2	351762	n/a
171.76708984375	0.3	1.0	2	351779	n/a
171.775390625	0.3	0.0	1	351796	n/a
171.78369140625	0.3	1.0	2	351813	n/a
171.7919921875	0.3	0.0	1	351830	n/a
171.80029296875	0.3	1.0	2	351847	n/a
171.80859375	0.3	0.0	1	351864	n/a
171.81689453125	0.3	0.0	1	351881	n/a
171.8251953125	0.3	1.0	2	351898	n/a
171.83349609375	0.3	0.0	1	351915	n/a
171.84228515625	0.3	1.0	2	351933	n/a
171.8505859375	0.3	0.0	1	351950	n/a
171.85888671875	0.3	1.0	2	351967	n/a
171.8671875	0.3	0.0	1	351984	n/a
171.87548828125	0.3	1.0	2	352001	n/a
171.8837890625	0.3	1.0	2	352018	n/a
171.89208984375	0.3	0.0	1	352035	n/a
171.900390625	0.3	1.0	2	352052	n/a
171.90869140625	0.3	0.0	1	352069	n/a
171.9169921875	0.3	1.0	2	352086	n/a
171.92529296875	0.3	0.0	1	352103	n/a
171.93359375	0.3	0.0	1	352120	n/a
171.94189453125	0.3	1.0	2	352137	n/a
171.9501953125	0.3	1.0	2	352154	n/a
171.95849609375	0.3	0.0	1	352171	n/a
171.96728515625	0.3	0.0	1	352189	n/a
171.9755859375	0.3	1.0	2	352206	n/a
171.98388671875	0.3	1.0	2	352223	n/a
171.9921875	0.3	0.0	1	352240	n/a
172.00048828125	0.3	0.0	1	352257	n/a
172.0087890625	0.3	1.0	2	352274	n/a
172.01708984375	0.3	1.0	2	352291	n/a
172.025390625	0.3	0.0	1	352308	n/a
172.03369140625	0.3	0.0	1	352325	n/a
172.0419921875	0.3	1.0	2	352342	n/a
172.05029296875	0.3	0.0	1	352359	n/a
172.05859375	0.3	1.0	2	352376	n/a
172.06689453125	0.3	1.0	2	352393	n/a
172.0751953125	0.3	0.0	1	352410	n/a
172.08349609375	0.3	1.0	2	352427	n/a
172.09228515625	0.3	0.0	1	352445	n/a
172.1005859375	0.3	1.0	2	352462	n/a
172.10888671875	0.3	0.0	1	352479	n/a
172.1171875	0.3	1.0	2	352496	n/a
172.12548828125	0.3	0.0	1	352513	n/a
172.1337890625	0.3	1.0	2	352530	n/a
172.14208984375	0.3	0.0	1	352547	n/a
172.150390625	0.3	1.0	2	352564	n/a
172.15869140625	0.3	0.0	1	352581	n/a
172.1669921875	0.3	0.0	1	352598	n/a
172.17529296875	0.3	1.0	2	352615	n/a
172.18359375	0.3	0.0	1	352632	n/a
172.19189453125	0.3	1.0	2	352649	n/a
172.2001953125	0.3	1.0	2	352666	n/a
172.20849609375	0.3	0.0	1	352683	n/a
172.21728515625	0.3	0.0	1	352701	n/a
172.2255859375	0.3	1.0	2	352718	n/a
172.23388671875	0.3	1.0	2	352735	n/a
172.2421875	0.3	0.0	1	352752	n/a
172.25048828125	0.3	1.0	2	352769	n/a
172.2587890625	0.3	0.0	1	352786	n/a
172.26708984375	0.3	0.0	1	352803	n/a
172.275390625	0.3	1.0	2	352820	n/a
172.28369140625	0.3	0.0	1	352837	n/a
172.2919921875	0.3	1.0	2	352854	n/a
172.30029296875	0.3	1.0	2	352871	n/a
172.30859375	0.3	0.0	1	352888	n/a
172.31689453125	0.3	0.0	1	352905	n/a
172.3251953125	0.3	1.0	2	352922	n/a
172.33349609375	0.3	1.0	2	352939	n/a
172.34228515625	0.3	0.0	1	352957	n/a
172.3505859375	0.3	1.0	2	352974	n/a
172.35888671875	0.3	0.0	1	352991	n/a
172.3671875	0.3	0.0	1	353008	n/a
172.37548828125	0.3	1.0	2	353025	n/a
172.3837890625	0.3	0.0	1	353042	n/a
172.39208984375	0.3	1.0	2	353059	n/a
172.400390625	0.3	1.0	2	353076	n/a
172.40869140625	0.3	0.0	1	353093	n/a
172.4169921875	0.3	1.0	2	353110	n/a
172.42529296875	0.3	0.0	1	353127	n/a
172.43359375	0.3	1.0	2	353144	n/a
172.44189453125	0.3	0.0	1	353161	n/a
172.4501953125	0.3	0.0	1	353178	n/a
172.45849609375	0.3	1.0	2	353195	n/a
172.46728515625	0.3	1.0	2	353213	n/a
172.4755859375	0.3	0.0	1	353230	n/a
172.48388671875	0.3	1.0	2	353247	n/a
172.4921875	0.3	0.0	1	353264	n/a
172.50048828125	0.3	1.0	2	353281	n/a
172.5087890625	0.3	0.0	1	353298	n/a
172.51708984375	0.3	1.0	2	353315	n/a
172.525390625	0.3	0.0	1	353332	n/a
172.53369140625	0.3	1.0	2	353349	n/a
172.5419921875	0.3	0.0	1	353366	n/a
172.55029296875	0.3	0.0	1	353383	n/a
172.55859375	0.3	1.0	2	353400	n/a
172.56689453125	0.3	1.0	2	353417	n/a
172.5751953125	0.3	0.0	1	353434	n/a
172.58349609375	0.3	1.0	2	353451	n/a
172.59228515625	0.3	0.0	1	353469	n/a
172.6005859375	0.3	1.0	2	353486	n/a
172.60888671875	0.3	0.0	1	353503	n/a
172.6171875	0.3	0.0	1	353520	n/a
172.62548828125	0.3	1.0	2	353537	n/a
172.6337890625	0.3	1.0	2	353554	n/a
172.64208984375	0.3	0.0	1	353571	n/a
172.650390625	0.3	1.0	2	353588	n/a
172.65869140625	0.3	0.0	1	353605	n/a
172.6669921875	0.3	1.0	2	353622	n/a
172.67529296875	0.3	0.0	1	353639	n/a
172.68359375	0.3	1.0	2	353656	n/a
172.69189453125	0.3	0.0	1	353673	n/a
172.7001953125	0.3	0.0	1	353690	n/a
172.70849609375	0.3	1.0	2	353707	n/a
172.71728515625	0.3	0.0	1	353725	n/a
172.7255859375	0.3	1.0	2	353742	n/a
172.73388671875	0.3	1.0	2	353759	n/a
172.7421875	0.3	0.0	1	353776	n/a
172.75048828125	0.3	0.0	1	353793	n/a
172.7587890625	0.3	1.0	2	353810	n/a
172.76708984375	0.3	1.0	2	353827	n/a
172.775390625	0.3	0.0	1	353844	n/a
172.78369140625	0.3	1.0	2	353861	n/a
172.7919921875	0.3	0.0	1	353878	n/a
172.80029296875	0.3	0.0	1	353895	n/a
172.80859375	0.3	1.0	2	353912	n/a
172.81689453125	0.3	1.0	2	353929	n/a
172.8251953125	0.3	0.0	1	353946	n/a
172.83349609375	0.3	1.0	2	353963	n/a
172.84228515625	0.3	0.0	1	353981	n/a
172.8505859375	0.3	1.0	2	353998	n/a
172.85888671875	0.3	0.0	1	354015	n/a
172.8671875	0.3	0.0	1	354032	n/a
172.87548828125	0.3	1.0	2	354049	n/a
172.8837890625	0.3	0.0	1	354066	n/a
172.89208984375	0.3	1.0	2	354083	n/a
172.900390625	0.3	0.0	1	354100	n/a
172.90869140625	0.3	1.0	2	354117	n/a
172.9169921875	0.3	0.0	1	354134	n/a
172.92529296875	0.3	1.0	2	354151	n/a
172.93359375	0.3	1.0	2	354168	n/a
172.94189453125	0.3	0.0	1	354185	n/a
172.9501953125	0.3	1.0	2	354202	n/a
172.95849609375	0.3	0.0	1	354219	n/a
172.96728515625	0.3	1.0	2	354237	n/a
172.9755859375	0.3	0.0	1	354254	n/a
172.98388671875	0.3	0.0	1	354271	n/a
172.9921875	0.3	1.0	2	354288	n/a
173.00048828125	0.3	1.0	2	354305	n/a
173.0087890625	0.3	0.0	1	354322	n/a
173.01708984375	0.3	0.0	1	354339	n/a
173.025390625	0.3	1.0	2	354356	n/a
173.03369140625	0.3	1.0	2	354373	n/a
173.0419921875	0.3	0.0	1	354390	n/a
173.05029296875	0.3	0.0	1	354407	n/a
173.05859375	0.3	1.0	2	354424	n/a
173.06689453125	0.3	1.0	2	354441	n/a
173.0751953125	0.3	0.0	1	354458	n/a
173.08349609375	0.3	0.0	1	354475	n/a
173.09228515625	0.3	1.0	2	354493	n/a
173.1005859375	0.3	0.0	1	354510	n/a
173.10888671875	0.3	1.0	2	354527	n/a
173.1171875	0.3	1.0	2	354544	n/a
173.12548828125	0.3	0.0	1	354561	n/a
173.1337890625	0.3	1.0	2	354578	n/a
173.14208984375	0.3	0.0	1	354595	n/a
173.150390625	0.3	1.0	2	354612	n/a
173.15869140625	0.3	0.0	1	354629	n/a
173.1669921875	0.3	1.0	2	354646	n/a
173.17529296875	0.3	0.0	1	354663	n/a
173.18359375	0.3	1.0	2	354680	n/a
173.19189453125	0.3	0.0	1	354697	n/a
173.2001953125	0.3	1.0	2	354714	n/a
173.20849609375	0.3	0.0	1	354731	n/a
173.21728515625	0.3	0.0	1	354749	n/a
173.2255859375	0.3	1.0	2	354766	n/a
173.23388671875	0.3	0.0	1	354783	n/a
173.2421875	0.3	1.0	2	354800	n/a
173.25048828125	0.3	1.0	2	354817	n/a
173.2587890625	0.3	0.0	1	354834	n/a
173.26708984375	0.3	0.0	1	354851	n/a
173.275390625	0.3	1.0	2	354868	n/a
173.28369140625	0.3	1.0	2	354885	n/a
173.2919921875	0.3	0.0	1	354902	n/a
173.30029296875	0.3	1.0	2	354919	n/a
173.30859375	0.3	0.0	1	354936	n/a
173.31689453125	0.3	0.0	1	354953	n/a
173.3251953125	0.3	1.0	2	354970	n/a
173.33349609375	0.3	0.0	1	354987	n/a
173.34228515625	0.3	1.0	2	355005	n/a
175.7255859375	0.3	1.0	2	359886	15.0
175.73388671875	0.3	0.0	1	359903	n/a
175.7421875	0.3	1.0	2	359920	n/a
175.75048828125	0.3	0.0	1	359937	n/a
175.7587890625	0.3	0.0	1	359954	n/a
175.76708984375	0.3	1.0	2	359971	n/a
175.775390625	0.3	0.0	1	359988	n/a
175.78369140625	0.3	1.0	2	360005	n/a
175.79248046875	0.3	1.0	2	360023	n/a
175.80078125	0.3	0.0	1	360040	n/a
175.80908203125	0.3	0.0	1	360057	n/a
175.8173828125	0.3	1.0	2	360074	n/a
175.82568359375	0.3	0.0	1	360091	n/a
175.833984375	0.3	1.0	2	360108	n/a
175.84228515625	0.3	0.0	1	360125	n/a
175.8505859375	0.3	1.0	2	360142	n/a
175.85888671875	0.3	0.0	1	360159	n/a
175.8671875	0.3	1.0	2	360176	n/a
175.87548828125	0.3	0.0	1	360193	n/a
175.8837890625	0.3	1.0	2	360210	n/a
175.89208984375	0.3	0.0	1	360227	n/a
175.900390625	0.3	1.0	2	360244	n/a
175.90869140625	0.3	1.0	2	360261	n/a
175.91748046875	0.3	0.0	1	360279	n/a
175.92578125	0.3	0.0	1	360296	n/a
175.93408203125	0.3	1.0	2	360313	n/a
175.9423828125	0.3	0.0	1	360330	n/a
175.95068359375	0.3	1.0	2	360347	n/a
175.958984375	0.3	1.0	2	360364	n/a
175.96728515625	0.3	0.0	1	360381	n/a
175.9755859375	0.3	1.0	2	360398	n/a
175.98388671875	0.3	0.0	1	360415	n/a
175.9921875	0.3	1.0	2	360432	n/a
176.00048828125	0.3	0.0	1	360449	n/a
176.0087890625	0.3	1.0	2	360466	n/a
176.01708984375	0.3	0.0	1	360483	n/a
176.025390625	0.3	0.0	1	360500	n/a
176.03369140625	0.3	1.0	2	360517	n/a
176.04248046875	0.3	1.0	2	360535	n/a
176.05078125	0.3	0.0	1	360552	n/a
176.05908203125	0.3	1.0	2	360569	n/a
176.0673828125	0.3	0.0	1	360586	n/a
176.07568359375	0.3	0.0	1	360603	n/a
176.083984375	0.3	1.0	2	360620	n/a
176.09228515625	0.3	0.0	1	360637	n/a
176.1005859375	0.3	1.0	2	360654	n/a
176.10888671875	0.3	1.0	2	360671	n/a
176.1171875	0.3	0.0	1	360688	n/a
176.12548828125	0.3	0.0	1	360705	n/a
176.1337890625	0.3	1.0	2	360722	n/a
176.14208984375	0.3	0.0	1	360739	n/a
176.150390625	0.3	1.0	2	360756	n/a
176.15869140625	0.3	0.0	1	360773	n/a
176.16748046875	0.3	1.0	2	360791	n/a
176.17578125	0.3	0.0	1	360808	n/a
176.18408203125	0.3	1.0	2	360825	n/a
176.1923828125	0.3	1.0	2	360842	n/a
176.20068359375	0.3	0.0	1	360859	n/a
176.208984375	0.3	0.0	1	360876	n/a
176.21728515625	0.3	1.0	2	360893	n/a
176.2255859375	0.3	0.0	1	360910	n/a
176.23388671875	0.3	1.0	2	360927	n/a
176.2421875	0.3	1.0	2	360944	n/a
176.25048828125	0.3	0.0	1	360961	n/a
176.2587890625	0.3	1.0	2	360978	n/a
176.26708984375	0.3	0.0	1	360995	n/a
176.275390625	0.3	1.0	2	361012	n/a
176.28369140625	0.3	0.0	1	361029	n/a
176.29248046875	0.3	1.0	2	361047	n/a
176.30078125	0.3	0.0	1	361064	n/a
176.30908203125	0.3	1.0	2	361081	n/a
176.3173828125	0.3	0.0	1	361098	n/a
176.32568359375	0.3	1.0	2	361115	n/a
176.333984375	0.3	0.0	1	361132	n/a
176.34228515625	0.3	0.0	1	361149	n/a
176.3505859375	0.3	1.0	2	361166	n/a
176.35888671875	0.3	1.0	2	361183	n/a
176.3671875	0.3	0.0	1	361200	n/a
176.37548828125	0.3	1.0	2	361217	n/a
176.3837890625	0.3	0.0	1	361234	n/a
176.39208984375	0.3	1.0	2	361251	n/a
176.400390625	0.3	0.0	1	361268	n/a
176.40869140625	0.3	0.0	1	361285	n/a
176.41748046875	0.3	1.0	2	361303	n/a
176.42578125	0.3	0.0	1	361320	n/a
176.43408203125	0.3	1.0	2	361337	n/a
176.4423828125	0.3	0.0	1	361354	n/a
176.45068359375	0.3	1.0	2	361371	n/a
176.458984375	0.3	0.0	1	361388	n/a
176.46728515625	0.3	1.0	2	361405	n/a
176.4755859375	0.3	1.0	2	361422	n/a
176.48388671875	0.3	0.0	1	361439	n/a
176.4921875	0.3	0.0	1	361456	n/a
176.50048828125	0.3	1.0	2	361473	n/a
176.5087890625	0.3	1.0	2	361490	n/a
176.51708984375	0.3	0.0	1	361507	n/a
176.525390625	0.3	1.0	2	361524	n/a
176.53369140625	0.3	0.0	1	361541	n/a
176.54248046875	0.3	0.0	1	361559	n/a
176.55078125	0.3	1.0	2	361576	n/a
176.55908203125	0.3	1.0	2	361593	n/a
176.5673828125	0.3	0.0	1	361610	n/a
176.57568359375	0.3	1.0	2	361627	n/a
176.583984375	0.3	0.0	1	361644	n/a
176.59228515625	0.3	0.0	1	361661	n/a
176.6005859375	0.3	1.0	2	361678	n/a
176.60888671875	0.3	1.0	2	361695	n/a
176.6171875	0.3	0.0	1	361712	n/a
176.62548828125	0.3	0.0	1	361729	n/a
176.6337890625	0.3	1.0	2	361746	n/a
176.64208984375	0.3	0.0	1	361763	n/a
176.650390625	0.3	1.0	2	361780	n/a
176.65869140625	0.3	1.0	2	361797	n/a
176.66748046875	0.3	0.0	1	361815	n/a
176.67578125	0.3	1.0	2	361832	n/a
176.68408203125	0.3	0.0	1	361849	n/a
176.6923828125	0.3	0.0	1	361866	n/a
176.70068359375	0.3	1.0	2	361883	n/a
176.708984375	0.3	1.0	2	361900	n/a
176.71728515625	0.3	0.0	1	361917	n/a
176.7255859375	0.3	0.0	1	361934	n/a
176.73388671875	0.3	1.0	2	361951	n/a
176.7421875	0.3	1.0	2	361968	n/a
176.75048828125	0.3	0.0	1	361985	n/a
176.7587890625	0.3	0.0	1	362002	n/a
176.76708984375	0.3	1.0	2	362019	n/a
176.775390625	0.3	1.0	2	362036	n/a
176.78369140625	0.3	0.0	1	362053	n/a
176.79248046875	0.3	1.0	2	362071	n/a
176.80078125	0.3	0.0	1	362088	n/a
176.80908203125	0.3	0.0	1	362105	n/a
176.8173828125	0.3	1.0	2	362122	n/a
176.82568359375	0.3	0.0	1	362139	n/a
176.833984375	0.3	1.0	2	362156	n/a
176.84228515625	0.3	1.0	2	362173	n/a
176.8505859375	0.3	0.0	1	362190	n/a
176.85888671875	0.3	0.0	1	362207	n/a
176.8671875	0.3	1.0	2	362224	n/a
176.87548828125	0.3	0.0	1	362241	n/a
176.8837890625	0.3	1.0	2	362258	n/a
176.89208984375	0.3	0.0	1	362275	n/a
176.900390625	0.3	1.0	2	362292	n/a
176.90869140625	0.3	0.0	1	362309	n/a
176.91748046875	0.3	1.0	2	362327	n/a
176.92578125	0.3	0.0	1	362344	n/a
176.93408203125	0.3	1.0	2	362361	n/a
176.9423828125	0.3	0.0	1	362378	n/a
176.95068359375	0.3	1.0	2	362395	n/a
176.958984375	0.3	1.0	2	362412	n/a
176.96728515625	0.3	0.0	1	362429	n/a
176.9755859375	0.3	0.0	1	362446	n/a
176.98388671875	0.3	1.0	2	362463	n/a
176.9921875	0.3	0.0	1	362480	n/a
177.00048828125	0.3	1.0	2	362497	n/a
177.0087890625	0.3	1.0	2	362514	n/a
177.01708984375	0.3	0.0	1	362531	n/a
177.025390625	0.3	1.0	2	362548	n/a
177.03369140625	0.3	0.0	1	362565	n/a
177.04248046875	0.3	1.0	2	362583	n/a
177.05078125	0.3	0.0	1	362600	n/a
177.05908203125	0.3	1.0	2	362617	n/a
177.0673828125	0.3	0.0	1	362634	n/a
177.07568359375	0.3	0.0	1	362651	n/a
177.083984375	0.3	1.0	2	362668	n/a
177.09228515625	0.3	1.0	2	362685	n/a
177.1005859375	0.3	0.0	1	362702	n/a
177.10888671875	0.3	1.0	2	362719	n/a
177.1171875	0.3	0.0	1	362736	n/a
177.12548828125	0.3	0.0	1	362753	n/a
177.1337890625	0.3	1.0	2	362770	n/a
177.14208984375	0.3	0.0	1	362787	n/a
177.150390625	0.3	1.0	2	362804	n/a
177.15869140625	0.3	1.0	2	362821	n/a
177.16748046875	0.3	0.0	1	362839	n/a
177.17578125	0.3	0.0	1	362856	n/a
177.18408203125	0.3	1.0	2	362873	n/a
177.1923828125	0.3	0.0	1	362890	n/a
177.20068359375	0.3	1.0	2	362907	n/a
177.208984375	0.3	0.0	1	362924	n/a
177.21728515625	0.3	1.0	2	362941	n/a
177.2255859375	0.3	0.0	1	362958	n/a
177.23388671875	0.3	1.0	2	362975	n/a
177.2421875	0.3	1.0	2	362992	n/a
177.25048828125	0.3	0.0	1	363009	n/a
177.2587890625	0.3	0.0	1	363026	n/a
177.26708984375	0.3	1.0	2	363043	n/a
177.275390625	0.3	0.0	1	363060	n/a
177.28369140625	0.3	1.0	2	363077	n/a
177.29248046875	0.3	1.0	2	363095	n/a
177.30078125	0.3	0.0	1	363112	n/a
177.30908203125	0.3	1.0	2	363129	n/a
177.3173828125	0.3	0.0	1	363146	n/a
177.32568359375	0.3	1.0	2	363163	n/a
177.333984375	0.3	0.0	1	363180	n/a
177.34228515625	0.3	1.0	2	363197	n/a
177.3505859375	0.3	0.0	1	363214	n/a
177.35888671875	0.3	1.0	2	363231	n/a
177.3671875	0.3	0.0	1	363248	n/a
177.37548828125	0.3	1.0	2	363265	n/a
177.3837890625	0.3	0.0	1	363282	n/a
177.39208984375	0.3	0.0	1	363299	n/a
177.400390625	0.3	1.0	2	363316	n/a
177.40869140625	0.3	1.0	2	363333	n/a
177.41748046875	0.3	0.0	1	363351	n/a
177.42578125	0.3	1.0	2	363368	n/a
177.43408203125	0.3	0.0	1	363385	n/a
177.4423828125	0.3	1.0	2	363402	n/a
177.45068359375	0.3	0.0	1	363419	n/a
177.458984375	0.3	0.0	1	363436	n/a
177.46728515625	0.3	1.0	2	363453	n/a
177.4755859375	0.3	0.0	1	363470	n/a
177.48388671875	0.3	1.0	2	363487	n/a
177.4921875	0.3	0.0	1	363504	n/a
177.50048828125	0.3	1.0	2	363521	n/a
177.5087890625	0.3	0.0	1	363538	n/a
177.51708984375	0.3	1.0	2	363555	n/a
177.525390625	0.3	1.0	2	363572	n/a
177.53369140625	0.3	0.0	1	363589	n/a
177.54248046875	0.3	0.0	1	363607	n/a
177.55078125	0.3	1.0	2	363624	n/a
177.55908203125	0.3	1.0	2	363641	n/a
177.5673828125	0.3	0.0	1	363658	n/a
177.57568359375	0.3	1.0	2	363675	n/a
177.583984375	0.3	0.0	1	363692	n/a
177.59228515625	0.3	0.0	1	363709	n/a
177.6005859375	0.3	1.0	2	363726	n/a
177.60888671875	0.3	1.0	2	363743	n/a
177.6171875	0.3	0.0	1	363760	n/a
177.62548828125	0.3	1.0	2	363777	n/a
177.6337890625	0.3	0.0	1	363794	n/a
177.64208984375	0.3	0.0	1	363811	n/a
177.650390625	0.3	1.0	2	363828	n/a
177.65869140625	0.3	1.0	2	363845	n/a
177.66748046875	0.3	0.0	1	363863	n/a
177.67578125	0.3	0.0	1	363880	n/a
177.68408203125	0.3	1.0	2	363897	n/a
177.6923828125	0.3	0.0	1	363914	n/a
177.70068359375	0.3	1.0	2	363931	n/a
177.708984375	0.3	1.0	2	363948	n/a
177.71728515625	0.3	0.0	1	363965	n/a
177.7255859375	0.3	1.0	2	363982	n/a
177.73388671875	0.3	0.0	1	363999	n/a
177.7421875	0.3	0.0	1	364016	n/a
177.75048828125	0.3	1.0	2	364033	n/a
177.7587890625	0.3	1.0	2	364050	n/a
177.76708984375	0.3	0.0	1	364067	n/a
177.775390625	0.3	0.0	1	364084	n/a
177.78369140625	0.3	1.0	2	364101	n/a
177.79248046875	0.3	1.0	2	364119	n/a
177.80078125	0.3	0.0	1	364136	n/a
177.80908203125	0.3	0.0	1	364153	n/a
177.8173828125	0.3	1.0	2	364170	n/a
177.82568359375	0.3	1.0	2	364187	n/a
177.833984375	0.3	0.0	1	364204	n/a
177.84228515625	0.3	1.0	2	364221	n/a
177.8505859375	0.3	0.0	1	364238	n/a
177.85888671875	0.3	0.0	1	364255	n/a
177.8671875	0.3	1.0	2	364272	n/a
177.87548828125	0.3	0.0	1	364289	n/a
177.8837890625	0.3	1.0	2	364306	n/a
177.89208984375	0.3	1.0	2	364323	n/a
177.900390625	0.3	0.0	1	364340	n/a
177.90869140625	0.3	0.0	1	364357	n/a
177.91748046875	0.3	1.0	2	364375	n/a
177.92578125	0.3	0.0	1	364392	n/a
177.93408203125	0.3	1.0	2	364409	n/a
177.9423828125	0.3	0.0	1	364426	n/a
177.95068359375	0.3	1.0	2	364443	n/a
177.958984375	0.3	0.0	1	364460	n/a
177.96728515625	0.3	1.0	2	364477	n/a
177.9755859375	0.3	0.0	1	364494	n/a
177.98388671875	0.3	1.0	2	364511	n/a
177.9921875	0.3	0.0	1	364528	n/a
178.00048828125	0.3	1.0	2	364545	n/a
178.0087890625	0.3	1.0	2	364562	n/a
178.01708984375	0.3	0.0	1	364579	n/a
178.025390625	0.3	0.0	1	364596	n/a
178.03369140625	0.3	1.0	2	364613	n/a
178.04248046875	0.3	0.0	1	364631	n/a
178.05078125	0.3	1.0	2	364648	n/a
178.05908203125	0.3	1.0	2	364665	n/a
178.0673828125	0.3	0.0	1	364682	n/a
178.07568359375	0.3	1.0	2	364699	n/a
178.083984375	0.3	0.0	1	364716	n/a
178.09228515625	0.3	1.0	2	364733	n/a
178.1005859375	0.3	0.0	1	364750	n/a
178.10888671875	0.3	1.0	2	364767	n/a
178.1171875	0.3	0.0	1	364784	n/a
178.12548828125	0.3	0.0	1	364801	n/a
178.1337890625	0.3	1.0	2	364818	n/a
178.14208984375	0.3	1.0	2	364835	n/a
178.150390625	0.3	0.0	1	364852	n/a
178.15869140625	0.3	1.0	2	364869	n/a
178.16748046875	0.3	0.0	1	364887	n/a
178.17578125	0.3	0.0	1	364904	n/a
178.18408203125	0.3	1.0	2	364921	n/a
178.1923828125	0.3	0.0	1	364938	n/a
178.20068359375	0.3	1.0	2	364955	n/a
178.208984375	0.3	1.0	2	364972	n/a
178.21728515625	0.3	0.0	1	364989	n/a
178.2255859375	0.3	0.0	1	365006	n/a
178.23388671875	0.3	1.0	2	365023	n/a
178.2421875	0.3	0.0	1	365040	n/a
178.25048828125	0.3	1.0	2	365057	n/a
178.2587890625	0.3	0.0	1	365074	n/a
178.26708984375	0.3	1.0	2	365091	n/a
178.275390625	0.3	0.0	1	365108	n/a
178.28369140625	0.3	1.0	2	365125	n/a
178.29248046875	0.3	1.0	2	365143	n/a
178.30078125	0.3	0.0	1	365160	n/a
178.30908203125	0.3	0.0	1	365177	n/a
178.3173828125	0.3	1.0	2	365194	n/a
178.32568359375	0.3	0.0	1	365211	n/a
178.333984375	0.3	1.0	2	365228	n/a
178.34228515625	0.3	1.0	2	365245	n/a
178.3505859375	0.3	0.0	1	365262	n/a
178.35888671875	0.3	1.0	2	365279	n/a
178.3671875	0.3	0.0	1	365296	n/a
178.37548828125	0.3	1.0	2	365313	n/a
178.3837890625	0.3	0.0	1	365330	n/a
178.39208984375	0.3	1.0	2	365347	n/a
178.400390625	0.3	0.0	1	365364	n/a
178.40869140625	0.3	1.0	2	365381	n/a
178.41748046875	0.3	0.0	1	365399	n/a
178.42578125	0.3	1.0	2	365416	n/a
178.43408203125	0.3	0.0	1	365433	n/a
178.4423828125	0.3	0.0	1	365450	n/a
178.45068359375	0.3	1.0	2	365467	n/a
178.458984375	0.3	1.0	2	365484	n/a
178.46728515625	0.3	0.0	1	365501	n/a
178.4755859375	0.3	1.0	2	365518	n/a
178.48388671875	0.3	0.0	1	365535	n/a
178.4921875	0.3	1.0	2	365552	n/a
178.50048828125	0.3	0.0	1	365569	n/a
178.5087890625	0.3	0.0	1	365586	n/a
178.51708984375	0.3	1.0	2	365603	n/a
178.525390625	0.3	0.0	1	365620	n/a
178.53369140625	0.3	1.0	2	365637	n/a
178.54248046875	0.3	0.0	1	365655	n/a
178.55078125	0.3	1.0	2	365672	n/a
178.55908203125	0.3	0.0	1	365689	n/a
178.5673828125	0.3	1.0	2	365706	n/a
178.57568359375	0.3	1.0	2	365723	n/a
178.583984375	0.3	0.0	1	365740	n/a
178.59228515625	0.3	0.0	1	365757	n/a
178.6005859375	0.3	1.0	2	365774	n/a
178.60888671875	0.3	1.0	2	365791	n/a
178.6171875	0.3	0.0	1	365808	n/a
178.62548828125	0.3	1.0	2	365825	n/a
178.6337890625	0.3	0.0	1	365842	n/a
178.64208984375	0.3	0.0	1	365859	n/a
178.650390625	0.3	1.0	2	365876	n/a
178.65869140625	0.3	1.0	2	365893	n/a
178.66748046875	0.3	0.0	1	365911	n/a
178.67578125	0.3	1.0	2	365928	n/a
178.68408203125	0.3	0.0	1	365945	n/a
178.6923828125	0.3	0.0	1	365962	n/a
178.70068359375	0.3	1.0	2	365979	n/a
178.708984375	0.3	1.0	2	365996	n/a
178.71728515625	0.3	0.0	1	366013	n/a
178.7255859375	0.3	0.0	1	366030	n/a
178.73388671875	0.3	1.0	2	366047	n/a
178.7421875	0.3	0.0	1	366064	n/a
178.75048828125	0.3	1.0	2	366081	n/a
178.7587890625	0.3	1.0	2	366098	n/a
178.76708984375	0.3	0.0	1	366115	n/a
178.775390625	0.3	1.0	2	366132	n/a
178.78369140625	0.3	0.0	1	366149	n/a
178.79248046875	0.3	0.0	1	366167	n/a
178.80078125	0.3	1.0	2	366184	n/a
178.80908203125	0.3	1.0	2	366201	n/a
178.8173828125	0.3	0.0	1	366218	n/a
178.82568359375	0.3	0.0	1	366235	n/a
178.833984375	0.3	1.0	2	366252	n/a
178.84228515625	0.3	1.0	2	366269	n/a
178.8505859375	0.3	0.0	1	366286	n/a
178.85888671875	0.3	0.0	1	366303	n/a
178.8671875	0.3	1.0	2	366320	n/a
178.87548828125	0.3	1.0	2	366337	n/a
178.8837890625	0.3	0.0	1	366354	n/a
178.89208984375	0.3	1.0	2	366371	n/a
178.900390625	0.3	0.0	1	366388	n/a
178.90869140625	0.3	0.0	1	366405	n/a
178.91748046875	0.3	1.0	2	366423	n/a
178.92578125	0.3	0.0	1	366440	n/a
178.93408203125	0.3	1.0	2	366457	n/a
178.9423828125	0.3	1.0	2	366474	n/a
178.95068359375	0.3	0.0	1	366491	n/a
178.958984375	0.3	0.0	1	366508	n/a
178.96728515625	0.3	1.0	2	366525	n/a
178.9755859375	0.3	0.0	1	366542	n/a
178.98388671875	0.3	1.0	2	366559	n/a
178.9921875	0.3	0.0	1	366576	n/a
179.00048828125	0.3	1.0	2	366593	n/a
179.0087890625	0.3	0.0	1	366610	n/a
179.01708984375	0.3	1.0	2	366627	n/a
179.025390625	0.3	0.0	1	366644	n/a
179.03369140625	0.3	1.0	2	366661	n/a
179.04248046875	0.3	0.0	1	366679	n/a
179.05078125	0.3	1.0	2	366696	n/a
179.05908203125	0.3	1.0	2	366713	n/a
179.0673828125	0.3	0.0	1	366730	n/a
179.07568359375	0.3	0.0	1	366747	n/a
179.083984375	0.3	1.0	2	366764	n/a
179.09228515625	0.3	0.0	1	366781	n/a
179.1005859375	0.3	1.0	2	366798	n/a
179.10888671875	0.3	1.0	2	366815	n/a
179.1171875	0.3	0.0	1	366832	n/a
179.12548828125	0.3	1.0	2	366849	n/a
179.1337890625	0.3	0.0	1	366866	n/a
179.14208984375	0.3	1.0	2	366883	n/a
179.150390625	0.3	0.0	1	366900	n/a
179.15869140625	0.3	1.0	2	366917	n/a
179.16748046875	0.3	0.0	1	366935	n/a
179.17578125	0.3	0.0	1	366952	n/a
179.18408203125	0.3	1.0	2	366969	n/a
179.1923828125	0.3	1.0	2	366986	n/a
179.20068359375	0.3	0.0	1	367003	n/a
179.208984375	0.3	1.0	2	367020	n/a
179.21728515625	0.3	0.0	1	367037	n/a
179.2255859375	0.3	0.0	1	367054	n/a
179.23388671875	0.3	1.0	2	367071	n/a
179.2421875	0.3	0.0	1	367088	n/a
179.25048828125	0.3	1.0	2	367105	n/a
179.2587890625	0.3	1.0	2	367122	n/a
179.26708984375	0.3	0.0	1	367139	n/a
179.275390625	0.3	0.0	1	367156	n/a
179.28369140625	0.3	1.0	2	367173	n/a
179.29248046875	0.3	0.0	1	367191	n/a
179.30078125	0.3	1.0	2	367208	n/a
179.30908203125	0.3	0.0	1	367225	n/a
179.3173828125	0.3	1.0	2	367242	n/a
179.32568359375	0.3	0.0	1	367259	n/a
179.333984375	0.3	1.0	2	367276	n/a
179.34228515625	0.3	1.0	2	367293	n/a
179.3505859375	0.3	0.0	1	367310	n/a
179.35888671875	0.3	0.0	1	367327	n/a
179.3671875	0.3	1.0	2	367344	n/a
179.37548828125	0.3	0.0	1	367361	n/a
179.3837890625	0.3	1.0	2	367378	n/a
179.39208984375	0.3	1.0	2	367395	n/a
179.400390625	0.3	0.0	1	367412	n/a
179.40869140625	0.3	1.0	2	367429	n/a
179.41748046875	0.3	0.0	1	367447	n/a
179.42578125	0.3	1.0	2	367464	n/a
179.43408203125	0.3	0.0	1	367481	n/a
179.4423828125	0.3	1.0	2	367498	n/a
179.45068359375	0.3	0.0	1	367515	n/a
179.458984375	0.3	1.0	2	367532	n/a
179.46728515625	0.3	0.0	1	367549	n/a
179.4755859375	0.3	1.0	2	367566	n/a
179.48388671875	0.3	0.0	1	367583	n/a
179.4921875	0.3	0.0	1	367600	n/a
179.50048828125	0.3	1.0	2	367617	n/a
179.5087890625	0.3	1.0	2	367634	n/a
179.51708984375	0.3	0.0	1	367651	n/a
179.525390625	0.3	1.0	2	367668	n/a
179.53369140625	0.3	0.0	1	367685	n/a
179.54248046875	0.3	1.0	2	367703	n/a
179.55078125	0.3	0.0	1	367720	n/a
179.55908203125	0.3	0.0	1	367737	n/a
179.5673828125	0.3	1.0	2	367754	n/a
179.57568359375	0.3	0.0	1	367771	n/a
179.583984375	0.3	1.0	2	367788	n/a
179.59228515625	0.3	0.0	1	367805	n/a
179.6005859375	0.3	1.0	2	367822	n/a
179.60888671875	0.3	0.0	1	367839	n/a
179.6171875	0.3	1.0	2	367856	n/a
179.62548828125	0.3	1.0	2	367873	n/a
179.6337890625	0.3	0.0	1	367890	n/a
179.64208984375	0.3	0.0	1	367907	n/a
179.650390625	0.3	1.0	2	367924	n/a
179.65869140625	0.3	1.0	2	367941	n/a
179.66748046875	0.3	0.0	1	367959	n/a
179.67578125	0.3	1.0	2	367976	n/a
179.68408203125	0.3	0.0	1	367993	n/a
179.6923828125	0.3	0.0	1	368010	n/a
179.70068359375	0.3	1.0	2	368027	n/a
179.708984375	0.3	1.0	2	368044	n/a
179.71728515625	0.3	0.0	1	368061	n/a
179.7255859375	0.3	1.0	2	368078	n/a
179.73388671875	0.3	0.0	1	368095	n/a
179.7421875	0.3	0.0	1	368112	n/a
179.75048828125	0.3	1.0	2	368129	n/a
179.7587890625	0.3	1.0	2	368146	n/a
179.76708984375	0.3	0.0	1	368163	n/a
179.775390625	0.3	0.0	1	368180	n/a
179.78369140625	0.3	1.0	2	368197	n/a
179.79248046875	0.3	0.0	1	368215	n/a
179.80078125	0.3	1.0	2	368232	n/a
179.80908203125	0.3	1.0	2	368249	n/a
179.8173828125	0.3	0.0	1	368266	n/a
179.82568359375	0.3	1.0	2	368283	n/a
179.833984375	0.3	0.0	1	368300	n/a
179.84228515625	0.3	0.0	1	368317	n/a
179.8505859375	0.3	1.0	2	368334	n/a
179.85888671875	0.3	1.0	2	368351	n/a
179.8671875	0.3	0.0	1	368368	n/a
179.87548828125	0.3	0.0	1	368385	n/a
179.8837890625	0.3	1.0	2	368402	n/a
179.89208984375	0.3	1.0	2	368419	n/a
179.900390625	0.3	0.0	1	368436	n/a
179.90869140625	0.3	0.0	1	368453	n/a
179.91748046875	0.3	1.0	2	368471	n/a
182.29296875	0.3	0.0	1	373336	11.0
182.30126953125	0.3	1.0	2	373353	n/a
182.3095703125	0.3	1.0	2	373370	n/a
182.31787109375	0.3	0.0	1	373387	n/a
182.326171875	0.3	1.0	2	373404	n/a
182.33447265625	0.3	0.0	1	373421	n/a
182.3427734375	0.3	0.0	1	373438	n/a
182.35107421875	0.3	1.0	2	373455	n/a
182.35986328125	0.3	0.0	1	373473	n/a
182.3681640625	0.3	1.0	2	373490	n/a
182.37646484375	0.3	1.0	2	373507	n/a
182.384765625	0.3	0.0	1	373524	n/a
182.39306640625	0.3	0.0	1	373541	n/a
182.4013671875	0.3	1.0	2	373558	n/a
182.40966796875	0.3	1.0	2	373575	n/a
182.41796875	0.3	0.0	1	373592	n/a
182.42626953125	0.3	0.0	1	373609	n/a
182.4345703125	0.3	1.0	2	373626	n/a
182.44287109375	0.3	0.0	1	373643	n/a
182.451171875	0.3	1.0	2	373660	n/a
182.45947265625	0.3	1.0	2	373677	n/a
182.4677734375	0.3	0.0	1	373694	n/a
182.47607421875	0.3	0.0	1	373711	n/a
182.48486328125	0.3	1.0	2	373729	n/a
182.4931640625	0.3	0.0	1	373746	n/a
182.50146484375	0.3	1.0	2	373763	n/a
182.509765625	0.3	1.0	2	373780	n/a
182.51806640625	0.3	0.0	1	373797	n/a
182.5263671875	0.3	0.0	1	373814	n/a
182.53466796875	0.3	1.0	2	373831	n/a
182.54296875	0.3	1.0	2	373848	n/a
182.55126953125	0.3	0.0	1	373865	n/a
182.5595703125	0.3	1.0	2	373882	n/a
182.56787109375	0.3	0.0	1	373899	n/a
182.576171875	0.3	1.0	2	373916	n/a
182.58447265625	0.3	0.0	1	373933	n/a
182.5927734375	0.3	1.0	2	373950	n/a
182.60107421875	0.3	0.0	1	373967	n/a
182.60986328125	0.3	1.0	2	373985	n/a
182.6181640625	0.3	0.0	1	374002	n/a
182.62646484375	0.3	1.0	2	374019	n/a
182.634765625	0.3	0.0	1	374036	n/a
182.64306640625	0.3	1.0	2	374053	n/a
182.6513671875	0.3	0.0	1	374070	n/a
182.65966796875	0.3	0.0	1	374087	n/a
182.66796875	0.3	1.0	2	374104	n/a
182.67626953125	0.3	1.0	2	374121	n/a
182.6845703125	0.3	0.0	1	374138	n/a
182.69287109375	0.3	0.0	1	374155	n/a
182.701171875	0.3	1.0	2	374172	n/a
182.70947265625	0.3	0.0	1	374189	n/a
182.7177734375	0.3	1.0	2	374206	n/a
182.72607421875	0.3	1.0	2	374223	n/a
182.73486328125	0.3	0.0	1	374241	n/a
182.7431640625	0.3	1.0	2	374258	n/a
182.75146484375	0.3	0.0	1	374275	n/a
182.759765625	0.3	0.0	1	374292	n/a
182.76806640625	0.3	1.0	2	374309	n/a
182.7763671875	0.3	0.0	1	374326	n/a
182.78466796875	0.3	1.0	2	374343	n/a
182.79296875	0.3	0.0	1	374360	n/a
182.80126953125	0.3	1.0	2	374377	n/a
182.8095703125	0.3	1.0	2	374394	n/a
182.81787109375	0.3	0.0	1	374411	n/a
182.826171875	0.3	1.0	2	374428	n/a
182.83447265625	0.3	0.0	1	374445	n/a
182.8427734375	0.3	1.0	2	374462	n/a
182.85107421875	0.3	0.0	1	374479	n/a
182.85986328125	0.3	0.0	1	374497	n/a
182.8681640625	0.3	1.0	2	374514	n/a
182.87646484375	0.3	1.0	2	374531	n/a
182.884765625	0.3	0.0	1	374548	n/a
182.89306640625	0.3	0.0	1	374565	n/a
182.9013671875	0.3	1.0	2	374582	n/a
182.90966796875	0.3	1.0	2	374599	n/a
182.91796875	0.3	0.0	1	374616	n/a
182.92626953125	0.3	0.0	1	374633	n/a
182.9345703125	0.3	1.0	2	374650	n/a
182.94287109375	0.3	0.0	1	374667	n/a
182.951171875	0.3	1.0	2	374684	n/a
182.95947265625	0.3	0.0	1	374701	n/a
182.9677734375	0.3	1.0	2	374718	n/a
182.97607421875	0.3	1.0	2	374735	n/a
182.98486328125	0.3	0.0	1	374753	n/a
182.9931640625	0.3	0.0	1	374770	n/a
183.00146484375	0.3	1.0	2	374787	n/a
183.009765625	0.3	0.0	1	374804	n/a
183.01806640625	0.3	1.0	2	374821	n/a
183.0263671875	0.3	1.0	2	374838	n/a
183.03466796875	0.3	0.0	1	374855	n/a
183.04296875	0.3	1.0	2	374872	n/a
183.05126953125	0.3	0.0	1	374889	n/a
183.0595703125	0.3	1.0	2	374906	n/a
183.06787109375	0.3	0.0	1	374923	n/a
183.076171875	0.3	1.0	2	374940	n/a
183.08447265625	0.3	0.0	1	374957	n/a
183.0927734375	0.3	0.0	1	374974	n/a
183.10107421875	0.3	1.0	2	374991	n/a
183.10986328125	0.3	0.0	1	375009	n/a
183.1181640625	0.3	1.0	2	375026	n/a
183.12646484375	0.3	1.0	2	375043	n/a
183.134765625	0.3	0.0	1	375060	n/a
183.14306640625	0.3	1.0	2	375077	n/a
183.1513671875	0.3	0.0	1	375094	n/a
183.15966796875	0.3	1.0	2	375111	n/a
183.16796875	0.3	0.0	1	375128	n/a
183.17626953125	0.3	0.0	1	375145	n/a
183.1845703125	0.3	1.0	2	375162	n/a
183.19287109375	0.3	0.0	1	375179	n/a
183.201171875	0.3	1.0	2	375196	n/a
183.20947265625	0.3	0.0	1	375213	n/a
183.2177734375	0.3	1.0	2	375230	n/a
183.22607421875	0.3	0.0	1	375247	n/a
183.23486328125	0.3	1.0	2	375265	n/a
183.2431640625	0.3	0.0	1	375282	n/a
183.25146484375	0.3	1.0	2	375299	n/a
183.259765625	0.3	1.0	2	375316	n/a
183.26806640625	0.3	0.0	1	375333	n/a
183.2763671875	0.3	0.0	1	375350	n/a
183.28466796875	0.3	1.0	2	375367	n/a
183.29296875	0.3	0.0	1	375384	n/a
183.30126953125	0.3	1.0	2	375401	n/a
183.3095703125	0.3	0.0	1	375418	n/a
183.31787109375	0.3	1.0	2	375435	n/a
183.326171875	0.3	1.0	2	375452	n/a
183.33447265625	0.3	0.0	1	375469	n/a
183.3427734375	0.3	0.0	1	375486	n/a
183.35107421875	0.3	1.0	2	375503	n/a
183.35986328125	0.3	1.0	2	375521	n/a
183.3681640625	0.3	0.0	1	375538	n/a
183.37646484375	0.3	1.0	2	375555	n/a
183.384765625	0.3	0.0	1	375572	n/a
183.39306640625	0.3	0.0	1	375589	n/a
183.4013671875	0.3	1.0	2	375606	n/a
183.40966796875	0.3	0.0	1	375623	n/a
183.41796875	0.3	1.0	2	375640	n/a
183.42626953125	0.3	1.0	2	375657	n/a
183.4345703125	0.3	0.0	1	375674	n/a
183.44287109375	0.3	0.0	1	375691	n/a
183.451171875	0.3	1.0	2	375708	n/a
183.45947265625	0.3	1.0	2	375725	n/a
183.4677734375	0.3	0.0	1	375742	n/a
183.47607421875	0.3	0.0	1	375759	n/a
183.48486328125	0.3	1.0	2	375777	n/a
183.4931640625	0.3	0.0	1	375794	n/a
183.50146484375	0.3	1.0	2	375811	n/a
183.509765625	0.3	1.0	2	375828	n/a
183.51806640625	0.3	0.0	1	375845	n/a
183.5263671875	0.3	0.0	1	375862	n/a
183.53466796875	0.3	1.0	2	375879	n/a
183.54296875	0.3	0.0	1	375896	n/a
183.55126953125	0.3	1.0	2	375913	n/a
183.5595703125	0.3	1.0	2	375930	n/a
183.56787109375	0.3	0.0	1	375947	n/a
183.576171875	0.3	0.0	1	375964	n/a
183.58447265625	0.3	1.0	2	375981	n/a
183.5927734375	0.3	1.0	2	375998	n/a
183.60107421875	0.3	0.0	1	376015	n/a
183.60986328125	0.3	1.0	2	376033	n/a
183.6181640625	0.3	0.0	1	376050	n/a
183.62646484375	0.3	1.0	2	376067	n/a
183.634765625	0.3	0.0	1	376084	n/a
183.64306640625	0.3	1.0	2	376101	n/a
183.6513671875	0.3	0.0	1	376118	n/a
183.65966796875	0.3	1.0	2	376135	n/a
183.66796875	0.3	0.0	1	376152	n/a
183.67626953125	0.3	1.0	2	376169	n/a
183.6845703125	0.3	0.0	1	376186	n/a
183.69287109375	0.3	1.0	2	376203	n/a
183.701171875	0.3	0.0	1	376220	n/a
183.70947265625	0.3	0.0	1	376237	n/a
183.7177734375	0.3	1.0	2	376254	n/a
183.72607421875	0.3	1.0	2	376271	n/a
183.73486328125	0.3	0.0	1	376289	n/a
183.7431640625	0.3	0.0	1	376306	n/a
183.75146484375	0.3	1.0	2	376323	n/a
183.759765625	0.3	0.0	1	376340	n/a
183.76806640625	0.3	1.0	2	376357	n/a
183.7763671875	0.3	1.0	2	376374	n/a
183.78466796875	0.3	0.0	1	376391	n/a
183.79296875	0.3	1.0	2	376408	n/a
183.80126953125	0.3	0.0	1	376425	n/a
183.8095703125	0.3	0.0	1	376442	n/a
183.81787109375	0.3	1.0	2	376459	n/a
183.826171875	0.3	0.0	1	376476	n/a
183.83447265625	0.3	1.0	2	376493	n/a
183.8427734375	0.3	0.0	1	376510	n/a
183.85107421875	0.3	1.0	2	376527	n/a
183.85986328125	0.3	1.0	2	376545	n/a
183.8681640625	0.3	0.0	1	376562	n/a
183.87646484375	0.3	1.0	2	376579	n/a
183.884765625	0.3	0.0	1	376596	n/a
183.89306640625	0.3	1.0	2	376613	n/a
183.9013671875	0.3	0.0	1	376630	n/a
183.90966796875	0.3	0.0	1	376647	n/a
183.91796875	0.3	1.0	2	376664	n/a
183.92626953125	0.3	1.0	2	376681	n/a
183.9345703125	0.3	0.0	1	376698	n/a
183.94287109375	0.3	0.0	1	376715	n/a
183.951171875	0.3	1.0	2	376732	n/a
183.95947265625	0.3	1.0	2	376749	n/a
183.9677734375	0.3	0.0	1	376766	n/a
183.97607421875	0.3	0.0	1	376783	n/a
183.98486328125	0.3	1.0	2	376801	n/a
183.9931640625	0.3	0.0	1	376818	n/a
184.00146484375	0.3	1.0	2	376835	n/a
184.009765625	0.3	0.0	1	376852	n/a
184.01806640625	0.3	1.0	2	376869	n/a
184.0263671875	0.3	1.0	2	376886	n/a
184.03466796875	0.3	0.0	1	376903	n/a
184.04296875	0.3	0.0	1	376920	n/a
184.05126953125	0.3	1.0	2	376937	n/a
184.0595703125	0.3	0.0	1	376954	n/a
184.06787109375	0.3	1.0	2	376971	n/a
184.076171875	0.3	1.0	2	376988	n/a
184.08447265625	0.3	0.0	1	377005	n/a
184.0927734375	0.3	1.0	2	377022	n/a
184.10107421875	0.3	0.0	1	377039	n/a
184.10986328125	0.3	1.0	2	377057	n/a
184.1181640625	0.3	0.0	1	377074	n/a
184.12646484375	0.3	1.0	2	377091	n/a
184.134765625	0.3	0.0	1	377108	n/a
184.14306640625	0.3	0.0	1	377125	n/a
184.1513671875	0.3	1.0	2	377142	n/a
184.15966796875	0.3	0.0	1	377159	n/a
184.16796875	0.3	1.0	2	377176	n/a
184.17626953125	0.3	1.0	2	377193	n/a
184.1845703125	0.3	0.0	1	377210	n/a
184.19287109375	0.3	1.0	2	377227	n/a
184.201171875	0.3	0.0	1	377244	n/a
184.20947265625	0.3	1.0	2	377261	n/a
184.2177734375	0.3	0.0	1	377278	n/a
184.22607421875	0.3	0.0	1	377295	n/a
184.23486328125	0.3	1.0	2	377313	n/a
184.2431640625	0.3	0.0	1	377330	n/a
184.25146484375	0.3	1.0	2	377347	n/a
184.259765625	0.3	0.0	1	377364	n/a
184.26806640625	0.3	1.0	2	377381	n/a
184.2763671875	0.3	0.0	1	377398	n/a
184.28466796875	0.3	1.0	2	377415	n/a
184.29296875	0.3	0.0	1	377432	n/a
184.30126953125	0.3	1.0	2	377449	n/a
184.3095703125	0.3	1.0	2	377466	n/a
184.31787109375	0.3	0.0	1	377483	n/a
184.326171875	0.3	0.0	1	377500	n/a
184.33447265625	0.3	1.0	2	377517	n/a
184.3427734375	0.3	0.0	1	377534	n/a
184.35107421875	0.3	1.0	2	377551	n/a
184.35986328125	0.3	0.0	1	377569	n/a
184.3681640625	0.3	1.0	2	377586	n/a
184.37646484375	0.3	1.0	2	377603	n/a
184.384765625	0.3	0.0	1	377620	n/a
184.39306640625	0.3	0.0	1	377637	n/a
184.4013671875	0.3	1.0	2	377654	n/a
184.40966796875	0.3	1.0	2	377671	n/a
184.41796875	0.3	0.0	1	377688	n/a
184.42626953125	0.3	1.0	2	377705	n/a
184.4345703125	0.3	0.0	1	377722	n/a
184.44287109375	0.3	0.0	1	377739	n/a
184.451171875	0.3	1.0	2	377756	n/a
184.45947265625	0.3	0.0	1	377773	n/a
184.4677734375	0.3	1.0	2	377790	n/a
184.47607421875	0.3	1.0	2	377807	n/a
184.48486328125	0.3	0.0	1	377825	n/a
184.4931640625	0.3	0.0	1	377842	n/a
184.50146484375	0.3	1.0	2	377859	n/a
184.509765625	0.3	1.0	2	377876	n/a
184.51806640625	0.3	0.0	1	377893	n/a
184.5263671875	0.3	0.0	1	377910	n/a
184.53466796875	0.3	1.0	2	377927	n/a
184.54296875	0.3	0.0	1	377944	n/a
184.55126953125	0.3	1.0	2	377961	n/a
184.5595703125	0.3	1.0	2	377978	n/a
184.56787109375	0.3	0.0	1	377995	n/a
184.576171875	0.3	0.0	1	378012	n/a
184.58447265625	0.3	1.0	2	378029	n/a
184.5927734375	0.3	0.0	1	378046	n/a
184.60107421875	0.3	1.0	2	378063	n/a
184.60986328125	0.3	1.0	2	378081	n/a
184.6181640625	0.3	0.0	1	378098	n/a
184.62646484375	0.3	0.0	1	378115	n/a
184.634765625	0.3	1.0	2	378132	n/a
184.64306640625	0.3	1.0	2	378149	n/a
184.6513671875	0.3	0.0	1	378166	n/a
184.65966796875	0.3	1.0	2	378183	n/a
184.66796875	0.3	0.0	1	378200	n/a
184.67626953125	0.3	1.0	2	378217	n/a
184.6845703125	0.3	0.0	1	378234	n/a
184.69287109375	0.3	1.0	2	378251	n/a
184.701171875	0.3	0.0	1	378268	n/a
184.70947265625	0.3	1.0	2	378285	n/a
184.7177734375	0.3	0.0	1	378302	n/a
184.72607421875	0.3	1.0	2	378319	n/a
184.73486328125	0.3	0.0	1	378337	n/a
184.7431640625	0.3	1.0	2	378354	n/a
184.75146484375	0.3	0.0	1	378371	n/a
184.759765625	0.3	0.0	1	378388	n/a
184.76806640625	0.3	1.0	2	378405	n/a
184.7763671875	0.3	1.0	2	378422	n/a
184.78466796875	0.3	0.0	1	378439	n/a
184.79296875	0.3	0.0	1	378456	n/a
184.80126953125	0.3	1.0	2	378473	n/a
184.8095703125	0.3	0.0	1	378490	n/a
184.81787109375	0.3	1.0	2	378507	n/a
184.826171875	0.3	1.0	2	378524	n/a
184.83447265625	0.3	0.0	1	378541	n/a
184.8427734375	0.3	1.0	2	378558	n/a
184.85107421875	0.3	0.0	1	378575	n/a
184.85986328125	0.3	0.0	1	378593	n/a
184.8681640625	0.3	1.0	2	378610	n/a
184.87646484375	0.3	0.0	1	378627	n/a
184.884765625	0.3	1.0	2	378644	n/a
184.89306640625	0.3	0.0	1	378661	n/a
184.9013671875	0.3	1.0	2	378678	n/a
184.90966796875	0.3	1.0	2	378695	n/a
184.91796875	0.3	0.0	1	378712	n/a
184.92626953125	0.3	1.0	2	378729	n/a
184.9345703125	0.3	0.0	1	378746	n/a
184.94287109375	0.3	1.0	2	378763	n/a
184.951171875	0.3	0.0	1	378780	n/a
184.95947265625	0.3	0.0	1	378797	n/a
184.9677734375	0.3	1.0	2	378814	n/a
184.97607421875	0.3	1.0	2	378831	n/a
184.98486328125	0.3	0.0	1	378849	n/a
184.9931640625	0.3	0.0	1	378866	n/a
185.00146484375	0.3	1.0	2	378883	n/a
185.009765625	0.3	1.0	2	378900	n/a
185.01806640625	0.3	0.0	1	378917	n/a
185.0263671875	0.3	0.0	1	378934	n/a
185.03466796875	0.3	1.0	2	378951	n/a
185.04296875	0.3	0.0	1	378968	n/a
185.05126953125	0.3	1.0	2	378985	n/a
185.0595703125	0.3	0.0	1	379002	n/a
185.06787109375	0.3	1.0	2	379019	n/a
185.076171875	0.3	1.0	2	379036	n/a
185.08447265625	0.3	0.0	1	379053	n/a
185.0927734375	0.3	0.0	1	379070	n/a
185.10107421875	0.3	1.0	2	379087	n/a
185.10986328125	0.3	0.0	1	379105	n/a
185.1181640625	0.3	1.0	2	379122	n/a
185.12646484375	0.3	1.0	2	379139	n/a
185.134765625	0.3	0.0	1	379156	n/a
185.14306640625	0.3	1.0	2	379173	n/a
185.1513671875	0.3	0.0	1	379190	n/a
185.15966796875	0.3	1.0	2	379207	n/a
185.16796875	0.3	0.0	1	379224	n/a
185.17626953125	0.3	1.0	2	379241	n/a
185.1845703125	0.3	0.0	1	379258	n/a
185.19287109375	0.3	0.0	1	379275	n/a
185.201171875	0.3	1.0	2	379292	n/a
185.20947265625	0.3	0.0	1	379309	n/a
185.2177734375	0.3	1.0	2	379326	n/a
185.22607421875	0.3	1.0	2	379343	n/a
185.23486328125	0.3	0.0	1	379361	n/a
185.2431640625	0.3	1.0	2	379378	n/a
185.25146484375	0.3	0.0	1	379395	n/a
185.259765625	0.3	1.0	2	379412	n/a
185.26806640625	0.3	0.0	1	379429	n/a
185.2763671875	0.3	0.0	1	379446	n/a
185.28466796875	0.3	1.0	2	379463	n/a
185.29296875	0.3	0.0	1	379480	n/a
185.30126953125	0.3	1.0	2	379497	n/a
185.3095703125	0.3	0.0	1	379514	n/a
185.31787109375	0.3	1.0	2	379531	n/a
185.326171875	0.3	0.0	1	379548	n/a
185.33447265625	0.3	1.0	2	379565	n/a
185.3427734375	0.3	0.0	1	379582	n/a
185.35107421875	0.3	1.0	2	379599	n/a
185.35986328125	0.3	1.0	2	379617	n/a
185.3681640625	0.3	0.0	1	379634	n/a
185.37646484375	0.3	0.0	1	379651	n/a
185.384765625	0.3	1.0	2	379668	n/a
185.39306640625	0.3	0.0	1	379685	n/a
185.4013671875	0.3	1.0	2	379702	n/a
185.40966796875	0.3	0.0	1	379719	n/a
185.41796875	0.3	1.0	2	379736	n/a
185.42626953125	0.3	1.0	2	379753	n/a
185.4345703125	0.3	0.0	1	379770	n/a
185.44287109375	0.3	0.0	1	379787	n/a
185.451171875	0.3	1.0	2	379804	n/a
185.45947265625	0.3	1.0	2	379821	n/a
185.4677734375	0.3	0.0	1	379838	n/a
185.47607421875	0.3	1.0	2	379855	n/a
185.48486328125	0.3	0.0	1	379873	n/a
185.4931640625	0.3	0.0	1	379890	n/a
185.50146484375	0.3	1.0	2	379907	n/a
185.509765625	0.3	0.0	1	379924	n/a
185.51806640625	0.3	1.0	2	379941	n/a
185.5263671875	0.3	1.0	2	379958	n/a
185.53466796875	0.3	0.0	1	379975	n/a
185.54296875	0.3	0.0	1	379992	n/a
185.55126953125	0.3	1.0	2	380009	n/a
185.5595703125	0.3	1.0	2	380026	n/a
185.56787109375	0.3	0.0	1	380043	n/a
185.576171875	0.3	0.0	1	380060	n/a
185.58447265625	0.3	1.0	2	380077	n/a
185.5927734375	0.3	0.0	1	380094	n/a
185.60107421875	0.3	1.0	2	380111	n/a
185.60986328125	0.3	1.0	2	380129	n/a
185.6181640625	0.3	0.0	1	380146	n/a
185.62646484375	0.3	0.0	1	380163	n/a
185.634765625	0.3	1.0	2	380180	n/a
185.64306640625	0.3	0.0	1	380197	n/a
185.6513671875	0.3	1.0	2	380214	n/a
185.65966796875	0.3	1.0	2	380231	n/a
185.66796875	0.3	0.0	1	380248	n/a
185.67626953125	0.3	0.0	1	380265	n/a
185.6845703125	0.3	1.0	2	380282	n/a
185.69287109375	0.3	1.0	2	380299	n/a
185.701171875	0.3	0.0	1	380316	n/a
185.70947265625	0.3	1.0	2	380333	n/a
185.7177734375	0.3	0.0	1	380350	n/a
185.72607421875	0.3	1.0	2	380367	n/a
185.73486328125	0.3	0.0	1	380385	n/a
185.7431640625	0.3	1.0	2	380402	n/a
185.75146484375	0.3	0.0	1	380419	n/a
185.759765625	0.3	1.0	2	380436	n/a
185.76806640625	0.3	0.0	1	380453	n/a
185.7763671875	0.3	1.0	2	380470	n/a
185.78466796875	0.3	0.0	1	380487	n/a
185.79296875	0.3	1.0	2	380504	n/a
185.80126953125	0.3	0.0	1	380521	n/a
185.8095703125	0.3	0.0	1	380538	n/a
185.81787109375	0.3	1.0	2	380555	n/a
185.826171875	0.3	1.0	2	380572	n/a
185.83447265625	0.3	0.0	1	380589	n/a
185.8427734375	0.3	0.0	1	380606	n/a
185.85107421875	0.3	1.0	2	380623	n/a
185.85986328125	0.3	0.0	1	380641	n/a
185.8681640625	0.3	1.0	2	380658	n/a
185.87646484375	0.3	1.0	2	380675	n/a
185.884765625	0.3	0.0	1	380692	n/a
185.89306640625	0.3	1.0	2	380709	n/a
185.9013671875	0.3	0.0	1	380726	n/a
185.90966796875	0.3	0.0	1	380743	n/a
185.91796875	0.3	1.0	2	380760	n/a
185.92626953125	0.3	0.0	1	380777	n/a
185.9345703125	0.3	1.0	2	380794	n/a
185.94287109375	0.3	0.0	1	380811	n/a
185.951171875	0.3	1.0	2	380828	n/a
185.95947265625	0.3	1.0	2	380845	n/a
185.9677734375	0.3	0.0	1	380862	n/a
185.97607421875	0.3	1.0	2	380879	n/a
185.98486328125	0.3	0.0	1	380897	n/a
185.9931640625	0.3	1.0	2	380914	n/a
186.00146484375	0.3	0.0	1	380931	n/a
186.009765625	0.3	0.0	1	380948	n/a
186.01806640625	0.3	1.0	2	380965	n/a
186.0263671875	0.3	1.0	2	380982	n/a
186.03466796875	0.3	0.0	1	380999	n/a
186.04296875	0.3	0.0	1	381016	n/a
186.05126953125	0.3	1.0	2	381033	n/a
186.0595703125	0.3	1.0	2	381050	n/a
186.06787109375	0.3	0.0	1	381067	n/a
186.076171875	0.3	0.0	1	381084	n/a
186.08447265625	0.3	1.0	2	381101	n/a
186.0927734375	0.3	0.0	1	381118	n/a
186.10107421875	0.3	1.0	2	381135	n/a
186.10986328125	0.3	0.0	1	381153	n/a
186.1181640625	0.3	1.0	2	381170	n/a
186.12646484375	0.3	1.0	2	381187	n/a
186.134765625	0.3	0.0	1	381204	n/a
186.14306640625	0.3	0.0	1	381221	n/a
186.1513671875	0.3	1.0	2	381238	n/a
186.15966796875	0.3	0.0	1	381255	n/a
186.16796875	0.3	1.0	2	381272	n/a
186.17626953125	0.3	1.0	2	381289	n/a
186.1845703125	0.3	0.0	1	381306	n/a
186.19287109375	0.3	1.0	2	381323	n/a
186.201171875	0.3	0.0	1	381340	n/a
186.20947265625	0.3	1.0	2	381357	n/a
186.2177734375	0.3	0.0	1	381374	n/a
186.22607421875	0.3	1.0	2	381391	n/a
186.23486328125	0.3	0.0	1	381409	n/a
186.2431640625	0.3	0.0	1	381426	n/a
186.25146484375	0.3	1.0	2	381443	n/a
186.259765625	0.3	0.0	1	381460	n/a
186.26806640625	0.3	1.0	2	381477	n/a
186.2763671875	0.3	1.0	2	381494	n/a
186.28466796875	0.3	0.0	1	381511	n/a
186.29296875	0.3	1.0	2	381528	n/a
186.30126953125	0.3	0.0	1	381545	n/a
186.3095703125	0.3	1.0	2	381562	n/a
186.31787109375	0.3	0.0	1	381579	n/a
186.326171875	0.3	0.0	1	381596	n/a
186.33447265625	0.3	1.0	2	381613	n/a
186.3427734375	0.3	0.0	1	381630	n/a
186.35107421875	0.3	1.0	2	381647	n/a
186.35986328125	0.3	0.0	1	381665	n/a
186.3681640625	0.3	1.0	2	381682	n/a
186.37646484375	0.3	0.0	1	381699	n/a
186.384765625	0.3	1.0	2	381716	n/a
186.39306640625	0.3	0.0	1	381733	n/a
186.4013671875	0.3	1.0	2	381750	n/a
186.40966796875	0.3	1.0	2	381767	n/a
186.41796875	0.3	0.0	1	381784	n/a
186.42626953125	0.3	0.0	1	381801	n/a
186.4345703125	0.3	1.0	2	381818	n/a
186.44287109375	0.3	0.0	1	381835	n/a
186.451171875	0.3	1.0	2	381852	n/a
186.45947265625	0.3	0.0	1	381869	n/a
186.4677734375	0.3	1.0	2	381886	n/a
186.47607421875	0.3	1.0	2	381903	n/a
186.48486328125	0.3	0.0	1	381921	n/a
188.876953125	0.3	0.0	1	386820	23.0
188.88525390625	0.3	1.0	2	386837	n/a
188.8935546875	0.3	1.0	2	386854	n/a
188.90185546875	0.3	0.0	1	386871	n/a
188.91015625	0.3	0.0	1	386888	n/a
188.91845703125	0.3	1.0	2	386905	n/a
188.9267578125	0.3	1.0	2	386922	n/a
188.93505859375	0.3	0.0	1	386939	n/a
188.94384765625	0.3	1.0	2	386957	n/a
188.9521484375	0.3	0.0	1	386974	n/a
188.96044921875	0.3	1.0	2	386991	n/a
188.96875	0.3	0.0	1	387008	n/a
188.97705078125	0.3	0.0	1	387025	n/a
188.9853515625	0.3	1.0	2	387042	n/a
188.99365234375	0.3	1.0	2	387059	n/a
189.001953125	0.3	0.0	1	387076	n/a
189.01025390625	0.3	0.0	1	387093	n/a
189.0185546875	0.3	1.0	2	387110	n/a
189.02685546875	0.3	0.0	1	387127	n/a
189.03515625	0.3	1.0	2	387144	n/a
189.04345703125	0.3	0.0	1	387161	n/a
189.0517578125	0.3	1.0	2	387178	n/a
189.06005859375	0.3	0.0	1	387195	n/a
189.06884765625	0.3	1.0	2	387213	n/a
189.0771484375	0.3	1.0	2	387230	n/a
189.08544921875	0.3	0.0	1	387247	n/a
189.09375	0.3	0.0	1	387264	n/a
189.10205078125	0.3	1.0	2	387281	n/a
189.1103515625	0.3	1.0	2	387298	n/a
189.11865234375	0.3	0.0	1	387315	n/a
189.126953125	0.3	0.0	1	387332	n/a
189.13525390625	0.3	1.0	2	387349	n/a
189.1435546875	0.3	0.0	1	387366	n/a
189.15185546875	0.3	1.0	2	387383	n/a
189.16015625	0.3	0.0	1	387400	n/a
189.16845703125	0.3	1.0	2	387417	n/a
189.1767578125	0.3	1.0	2	387434	n/a
189.18505859375	0.3	0.0	1	387451	n/a
189.19384765625	0.3	1.0	2	387469	n/a
189.2021484375	0.3	0.0	1	387486	n/a
189.21044921875	0.3	0.0	1	387503	n/a
189.21875	0.3	1.0	2	387520	n/a
189.22705078125	0.3	1.0	2	387537	n/a
189.2353515625	0.3	0.0	1	387554	n/a
189.24365234375	0.3	1.0	2	387571	n/a
189.251953125	0.3	0.0	1	387588	n/a
189.26025390625	0.3	1.0	2	387605	n/a
189.2685546875	0.3	0.0	1	387622	n/a
189.27685546875	0.3	1.0	2	387639	n/a
189.28515625	0.3	0.0	1	387656	n/a
189.29345703125	0.3	0.0	1	387673	n/a
189.3017578125	0.3	1.0	2	387690	n/a
189.31005859375	0.3	1.0	2	387707	n/a
189.31884765625	0.3	0.0	1	387725	n/a
189.3271484375	0.3	1.0	2	387742	n/a
189.33544921875	0.3	0.0	1	387759	n/a
189.34375	0.3	1.0	2	387776	n/a
189.35205078125	0.3	0.0	1	387793	n/a
189.3603515625	0.3	1.0	2	387810	n/a
189.36865234375	0.3	0.0	1	387827	n/a
189.376953125	0.3	0.0	1	387844	n/a
189.38525390625	0.3	1.0	2	387861	n/a
189.3935546875	0.3	1.0	2	387878	n/a
189.40185546875	0.3	0.0	1	387895	n/a
189.41015625	0.3	0.0	1	387912	n/a
189.41845703125	0.3	1.0	2	387929	n/a
189.4267578125	0.3	0.0	1	387946	n/a
189.43505859375	0.3	1.0	2	387963	n/a
189.44384765625	0.3	1.0	2	387981	n/a
189.4521484375	0.3	0.0	1	387998	n/a
189.46044921875	0.3	0.0	1	388015	n/a
189.46875	0.3	1.0	2	388032	n/a
189.47705078125	0.3	0.0	1	388049	n/a
189.4853515625	0.3	1.0	2	388066	n/a
189.49365234375	0.3	0.0	1	388083	n/a
189.501953125	0.3	1.0	2	388100	n/a
189.51025390625	0.3	1.0	2	388117	n/a
189.5185546875	0.3	0.0	1	388134	n/a
189.52685546875	0.3	1.0	2	388151	n/a
189.53515625	0.3	0.0	1	388168	n/a
189.54345703125	0.3	0.0	1	388185	n/a
189.5517578125	0.3	1.0	2	388202	n/a
189.56005859375	0.3	0.0	1	388219	n/a
189.56884765625	0.3	1.0	2	388237	n/a
189.5771484375	0.3	0.0	1	388254	n/a
189.58544921875	0.3	1.0	2	388271	n/a
189.59375	0.3	1.0	2	388288	n/a
189.60205078125	0.3	0.0	1	388305	n/a
189.6103515625	0.3	0.0	1	388322	n/a
189.61865234375	0.3	1.0	2	388339	n/a
189.626953125	0.3	1.0	2	388356	n/a
189.63525390625	0.3	0.0	1	388373	n/a
189.6435546875	0.3	0.0	1	388390	n/a
189.65185546875	0.3	1.0	2	388407	n/a
189.66015625	0.3	1.0	2	388424	n/a
189.66845703125	0.3	0.0	1	388441	n/a
189.6767578125	0.3	0.0	1	388458	n/a
189.68505859375	0.3	1.0	2	388475	n/a
189.69384765625	0.3	1.0	2	388493	n/a
189.7021484375	0.3	0.0	1	388510	n/a
189.71044921875	0.3	0.0	1	388527	n/a
189.71875	0.3	1.0	2	388544	n/a
189.72705078125	0.3	1.0	2	388561	n/a
189.7353515625	0.3	0.0	1	388578	n/a
189.74365234375	0.3	0.0	1	388595	n/a
189.751953125	0.3	1.0	2	388612	n/a
189.76025390625	0.3	1.0	2	388629	n/a
189.7685546875	0.3	0.0	1	388646	n/a
189.77685546875	0.3	0.0	1	388663	n/a
189.78515625	0.3	1.0	2	388680	n/a
189.79345703125	0.3	0.0	1	388697	n/a
189.8017578125	0.3	1.0	2	388714	n/a
189.81005859375	0.3	0.0	1	388731	n/a
189.81884765625	0.3	1.0	2	388749	n/a
189.8271484375	0.3	1.0	2	388766	n/a
189.83544921875	0.3	0.0	1	388783	n/a
189.84375	0.3	1.0	2	388800	n/a
189.85205078125	0.3	0.0	1	388817	n/a
189.8603515625	0.3	0.0	1	388834	n/a
189.86865234375	0.3	1.0	2	388851	n/a
189.876953125	0.3	1.0	2	388868	n/a
189.88525390625	0.3	0.0	1	388885	n/a
189.8935546875	0.3	0.0	1	388902	n/a
189.90185546875	0.3	1.0	2	388919	n/a
189.91015625	0.3	1.0	2	388936	n/a
189.91845703125	0.3	0.0	1	388953	n/a
189.9267578125	0.3	0.0	1	388970	n/a
189.93505859375	0.3	1.0	2	388987	n/a
189.94384765625	0.3	1.0	2	389005	n/a
189.9521484375	0.3	0.0	1	389022	n/a
189.96044921875	0.3	0.0	1	389039	n/a
189.96875	0.3	1.0	2	389056	n/a
189.97705078125	0.3	1.0	2	389073	n/a
189.9853515625	0.3	0.0	1	389090	n/a
189.99365234375	0.3	1.0	2	389107	n/a
190.001953125	0.3	0.0	1	389124	n/a
190.01025390625	0.3	1.0	2	389141	n/a
190.0185546875	0.3	0.0	1	389158	n/a
190.02685546875	0.3	0.0	1	389175	n/a
190.03515625	0.3	1.0	2	389192	n/a
190.04345703125	0.3	1.0	2	389209	n/a
190.0517578125	0.3	0.0	1	389226	n/a
190.06005859375	0.3	0.0	1	389243	n/a
190.06884765625	0.3	1.0	2	389261	n/a
190.0771484375	0.3	0.0	1	389278	n/a
190.08544921875	0.3	1.0	2	389295	n/a
190.09375	0.3	0.0	1	389312	n/a
190.10205078125	0.3	1.0	2	389329	n/a
190.1103515625	0.3	0.0	1	389346	n/a
190.11865234375	0.3	1.0	2	389363	n/a
190.126953125	0.3	1.0	2	389380	n/a
190.13525390625	0.3	0.0	1	389397	n/a
190.1435546875	0.3	0.0	1	389414	n/a
190.15185546875	0.3	1.0	2	389431	n/a
190.16015625	0.3	1.0	2	389448	n/a
190.16845703125	0.3	0.0	1	389465	n/a
190.1767578125	0.3	0.0	1	389482	n/a
190.18505859375	0.3	1.0	2	389499	n/a
190.19384765625	0.3	0.0	1	389517	n/a
190.2021484375	0.3	1.0	2	389534	n/a
190.21044921875	0.3	0.0	1	389551	n/a
190.21875	0.3	1.0	2	389568	n/a
190.22705078125	0.3	1.0	2	389585	n/a
190.2353515625	0.3	0.0	1	389602	n/a
190.24365234375	0.3	1.0	2	389619	n/a
190.251953125	0.3	0.0	1	389636	n/a
190.26025390625	0.3	0.0	1	389653	n/a
190.2685546875	0.3	1.0	2	389670	n/a
190.27685546875	0.3	1.0	2	389687	n/a
190.28515625	0.3	0.0	1	389704	n/a
190.29345703125	0.3	1.0	2	389721	n/a
190.3017578125	0.3	0.0	1	389738	n/a
190.31005859375	0.3	1.0	2	389755	n/a
190.31884765625	0.3	0.0	1	389773	n/a
190.3271484375	0.3	1.0	2	389790	n/a
190.33544921875	0.3	0.0	1	389807	n/a
190.34375	0.3	0.0	1	389824	n/a
190.35205078125	0.3	1.0	2	389841	n/a
190.3603515625	0.3	1.0	2	389858	n/a
190.36865234375	0.3	0.0	1	389875	n/a
190.376953125	0.3	1.0	2	389892	n/a
190.38525390625	0.3	0.0	1	389909	n/a
190.3935546875	0.3	1.0	2	389926	n/a
190.40185546875	0.3	0.0	1	389943	n/a
190.41015625	0.3	1.0	2	389960	n/a
190.41845703125	0.3	0.0	1	389977	n/a
190.4267578125	0.3	0.0	1	389994	n/a
190.43505859375	0.3	1.0	2	390011	n/a
190.44384765625	0.3	1.0	2	390029	n/a
190.4521484375	0.3	0.0	1	390046	n/a
190.46044921875	0.3	0.0	1	390063	n/a
190.46875	0.3	1.0	2	390080	n/a
190.47705078125	0.3	0.0	1	390097	n/a
190.4853515625	0.3	1.0	2	390114	n/a
190.49365234375	0.3	1.0	2	390131	n/a
190.501953125	0.3	0.0	1	390148	n/a
190.51025390625	0.3	0.0	1	390165	n/a
190.5185546875	0.3	1.0	2	390182	n/a
190.52685546875	0.3	0.0	1	390199	n/a
190.53515625	0.3	1.0	2	390216	n/a
190.54345703125	0.3	0.0	1	390233	n/a
190.5517578125	0.3	1.0	2	390250	n/a
190.56005859375	0.3	1.0	2	390267	n/a
190.56884765625	0.3	0.0	1	390285	n/a
190.5771484375	0.3	1.0	2	390302	n/a
190.58544921875	0.3	0.0	1	390319	n/a
190.59375	0.3	0.0	1	390336	n/a
190.60205078125	0.3	1.0	2	390353	n/a
190.6103515625	0.3	0.0	1	390370	n/a
190.61865234375	0.3	1.0	2	390387	n/a
190.626953125	0.3	0.0	1	390404	n/a
190.63525390625	0.3	1.0	2	390421	n/a
190.6435546875	0.3	1.0	2	390438	n/a
190.65185546875	0.3	0.0	1	390455	n/a
190.66015625	0.3	0.0	1	390472	n/a
190.66845703125	0.3	1.0	2	390489	n/a
190.6767578125	0.3	1.0	2	390506	n/a
190.68505859375	0.3	0.0	1	390523	n/a
190.69384765625	0.3	0.0	1	390541	n/a
190.7021484375	0.3	1.0	2	390558	n/a
190.71044921875	0.3	1.0	2	390575	n/a
190.71875	0.3	0.0	1	390592	n/a
190.72705078125	0.3	0.0	1	390609	n/a
190.7353515625	0.3	1.0	2	390626	n/a
190.74365234375	0.3	1.0	2	390643	n/a
190.751953125	0.3	0.0	1	390660	n/a
190.76025390625	0.3	0.0	1	390677	n/a
190.7685546875	0.3	1.0	2	390694	n/a
190.77685546875	0.3	1.0	2	390711	n/a
190.78515625	0.3	0.0	1	390728	n/a
190.79345703125	0.3	0.0	1	390745	n/a
190.8017578125	0.3	1.0	2	390762	n/a
190.81005859375	0.3	1.0	2	390779	n/a
190.81884765625	0.3	0.0	1	390797	n/a
190.8271484375	0.3	0.0	1	390814	n/a
190.83544921875	0.3	1.0	2	390831	n/a
190.84375	0.3	0.0	1	390848	n/a
190.85205078125	0.3	1.0	2	390865	n/a
190.8603515625	0.3	0.0	1	390882	n/a
190.86865234375	0.3	1.0	2	390899	n/a
190.876953125	0.3	1.0	2	390916	n/a
190.88525390625	0.3	0.0	1	390933	n/a
190.8935546875	0.3	1.0	2	390950	n/a
190.90185546875	0.3	0.0	1	390967	n/a
190.91015625	0.3	0.0	1	390984	n/a
190.91845703125	0.3	1.0	2	391001	n/a
190.9267578125	0.3	1.0	2	391018	n/a
190.93505859375	0.3	0.0	1	391035	n/a
190.94384765625	0.3	0.0	1	391053	n/a
190.9521484375	0.3	1.0	2	391070	n/a
190.96044921875	0.3	1.0	2	391087	n/a
190.96875	0.3	0.0	1	391104	n/a
190.97705078125	0.3	0.0	1	391121	n/a
190.9853515625	0.3	1.0	2	391138	n/a
190.99365234375	0.3	1.0	2	391155	n/a
191.001953125	0.3	0.0	1	391172	n/a
191.01025390625	0.3	0.0	1	391189	n/a
191.0185546875	0.3	1.0	2	391206	n/a
191.02685546875	0.3	1.0	2	391223	n/a
191.03515625	0.3	0.0	1	391240	n/a
191.04345703125	0.3	1.0	2	391257	n/a
191.0517578125	0.3	0.0	1	391274	n/a
191.06005859375	0.3	1.0	2	391291	n/a
191.06884765625	0.3	0.0	1	391309	n/a
191.0771484375	0.3	0.0	1	391326	n/a
191.08544921875	0.3	1.0	2	391343	n/a
191.09375	0.3	1.0	2	391360	n/a
191.10205078125	0.3	0.0	1	391377	n/a
191.1103515625	0.3	0.0	1	391394	n/a
191.11865234375	0.3	1.0	2	391411	n/a
191.126953125	0.3	0.0	1	391428	n/a
191.13525390625	0.3	1.0	2	391445	n/a
191.1435546875	0.3	0.0	1	391462	n/a
191.15185546875	0.3	1.0	2	391479	n/a
191.16015625	0.3	0.0	1	391496	n/a
191.16845703125	0.3	1.0	2	391513	n/a
191.1767578125	0.3	1.0	2	391530	n/a
191.18505859375	0.3	0.0	1	391547	n/a
191.19384765625	0.3	0.0	1	391565	n/a
191.2021484375	0.3	1.0	2	391582	n/a
191.21044921875	0.3	1.0	2	391599	n/a
191.21875	0.3	0.0	1	391616	n/a
191.22705078125	0.3	0.0	1	391633	n/a
191.2353515625	0.3	1.0	2	391650	n/a
191.24365234375	0.3	0.0	1	391667	n/a
191.251953125	0.3	1.0	2	391684	n/a
191.26025390625	0.3	0.0	1	391701	n/a
191.2685546875	0.3	1.0	2	391718	n/a
191.27685546875	0.3	1.0	2	391735	n/a
191.28515625	0.3	0.0	1	391752	n/a
191.29345703125	0.3	1.0	2	391769	n/a
191.3017578125	0.3	0.0	1	391786	n/a
191.31005859375	0.3	0.0	1	391803	n/a
191.31884765625	0.3	1.0	2	391821	n/a
191.3271484375	0.3	1.0	2	391838	n/a
191.33544921875	0.3	0.0	1	391855	n/a
191.34375	0.3	1.0	2	391872	n/a
191.35205078125	0.3	0.0	1	391889	n/a
191.3603515625	0.3	1.0	2	391906	n/a
191.36865234375	0.3	0.0	1	391923	n/a
191.376953125	0.3	1.0	2	391940	n/a
191.38525390625	0.3	0.0	1	391957	n/a
191.3935546875	0.3	0.0	1	391974	n/a
191.40185546875	0.3	1.0	2	391991	n/a
191.41015625	0.3	1.0	2	392008	n/a
191.41845703125	0.3	0.0	1	392025	n/a
191.4267578125	0.3	1.0	2	392042	n/a
191.43505859375	0.3	0.0	1	392059	n/a
191.44384765625	0.3	1.0	2	392077	n/a
191.4521484375	0.3	0.0	1	392094	n/a
191.46044921875	0.3	1.0	2	392111	n/a
191.46875	0.3	0.0	1	392128	n/a
191.47705078125	0.3	0.0	1	392145	n/a
191.4853515625	0.3	1.0	2	392162	n/a
191.49365234375	0.3	1.0	2	392179	n/a
191.501953125	0.3	0.0	1	392196	n/a
191.51025390625	0.3	0.0	1	392213	n/a
191.5185546875	0.3	1.0	2	392230	n/a
191.52685546875	0.3	0.0	1	392247	n/a
191.53515625	0.3	1.0	2	392264	n/a
191.54345703125	0.3	1.0	2	392281	n/a
191.5517578125	0.3	0.0	1	392298	n/a
191.56005859375	0.3	0.0	1	392315	n/a
191.56884765625	0.3	1.0	2	392333	n/a
191.5771484375	0.3	0.0	1	392350	n/a
191.58544921875	0.3	1.0	2	392367	n/a
191.59375	0.3	0.0	1	392384	n/a
191.60205078125	0.3	1.0	2	392401	n/a
191.6103515625	0.3	1.0	2	392418	n/a
191.61865234375	0.3	0.0	1	392435	n/a
191.626953125	0.3	1.0	2	392452	n/a
191.63525390625	0.3	0.0	1	392469	n/a
191.6435546875	0.3	0.0	1	392486	n/a
191.65185546875	0.3	1.0	2	392503	n/a
191.66015625	0.3	0.0	1	392520	n/a
191.66845703125	0.3	1.0	2	392537	n/a
191.6767578125	0.3	0.0	1	392554	n/a
191.68505859375	0.3	1.0	2	392571	n/a
191.69384765625	0.3	1.0	2	392589	n/a
191.7021484375	0.3	0.0	1	392606	n/a
191.71044921875	0.3	0.0	1	392623	n/a
191.71875	0.3	1.0	2	392640	n/a
191.72705078125	0.3	1.0	2	392657	n/a
191.7353515625	0.3	0.0	1	392674	n/a
191.74365234375	0.3	0.0	1	392691	n/a
191.751953125	0.3	1.0	2	392708	n/a
191.76025390625	0.3	1.0	2	392725	n/a
191.7685546875	0.3	0.0	1	392742	n/a
191.77685546875	0.3	0.0	1	392759	n/a
191.78515625	0.3	1.0	2	392776	n/a
191.79345703125	0.3	1.0	2	392793	n/a
191.8017578125	0.3	0.0	1	392810	n/a
191.81005859375	0.3	0.0	1	392827	n/a
191.81884765625	0.3	1.0	2	392845	n/a
191.8271484375	0.3	1.0	2	392862	n/a
191.83544921875	0.3	0.0	1	392879	n/a
191.84375	0.3	0.0	1	392896	n/a
191.85205078125	0.3	1.0	2	392913	n/a
191.8603515625	0.3	1.0	2	392930	n/a
191.86865234375	0.3	0.0	1	392947	n/a
191.876953125	0.3	0.0	1	392964	n/a
191.88525390625	0.3	1.0	2	392981	n/a
191.8935546875	0.3	0.0	1	392998	n/a
191.90185546875	0.3	1.0	2	393015	n/a
191.91015625	0.3	0.0	1	393032	n/a
191.91845703125	0.3	1.0	2	393049	n/a
191.9267578125	0.3	1.0	2	393066	n/a
191.93505859375	0.3	0.0	1	393083	n/a
191.94384765625	0.3	1.0	2	393101	n/a
191.9521484375	0.3	0.0	1	393118	n/a
191.96044921875	0.3	0.0	1	393135	n/a
191.96875	0.3	1.0	2	393152	n/a
191.97705078125	0.3	1.0	2	393169	n/a
191.9853515625	0.3	0.0	1	393186	n/a
191.99365234375	0.3	0.0	1	393203	n/a
192.001953125	0.3	1.0	2	393220	n/a
192.01025390625	0.3	1.0	2	393237	n/a
192.0185546875	0.3	0.0	1	393254	n/a
192.02685546875	0.3	0.0	1	393271	n/a
192.03515625	0.3	1.0	2	393288	n/a
192.04345703125	0.3	1.0	2	393305	n/a
192.0517578125	0.3	0.0	1	393322	n/a
192.06005859375	0.3	0.0	1	393339	n/a
192.06884765625	0.3	1.0	2	393357	n/a
192.0771484375	0.3	1.0	2	393374	n/a
192.08544921875	0.3	0.0	1	393391	n/a
192.09375	0.3	1.0	2	393408	n/a
192.10205078125	0.3	0.0	1	393425	n/a
192.1103515625	0.3	1.0	2	393442	n/a
192.11865234375	0.3	0.0	1	393459	n/a
192.126953125	0.3	0.0	1	393476	n/a
192.13525390625	0.3	1.0	2	393493	n/a
192.1435546875	0.3	1.0	2	393510	n/a
192.15185546875	0.3	0.0	1	393527	n/a
192.16015625	0.3	0.0	1	393544	n/a
192.16845703125	0.3	1.0	2	393561	n/a
192.1767578125	0.3	0.0	1	393578	n/a
192.18505859375	0.3	1.0	2	393595	n/a
192.19384765625	0.3	0.0	1	393613	n/a
192.2021484375	0.3	1.0	2	393630	n/a
192.21044921875	0.3	0.0	1	393647	n/a
192.21875	0.3	1.0	2	393664	n/a
192.22705078125	0.3	1.0	2	393681	n/a
192.2353515625	0.3	0.0	1	393698	n/a
192.24365234375	0.3	0.0	1	393715	n/a
192.251953125	0.3	1.0	2	393732	n/a
192.26025390625	0.3	1.0	2	393749	n/a
192.2685546875	0.3	0.0	1	393766	n/a
192.27685546875	0.3	0.0	1	393783	n/a
192.28515625	0.3	1.0	2	393800	n/a
192.29345703125	0.3	0.0	1	393817	n/a
192.3017578125	0.3	1.0	2	393834	n/a
192.31005859375	0.3	0.0	1	393851	n/a
192.31884765625	0.3	1.0	2	393869	n/a
192.3271484375	0.3	1.0	2	393886	n/a
192.33544921875	0.3	0.0	1	393903	n/a
192.34375	0.3	1.0	2	393920	n/a
192.35205078125	0.3	0.0	1	393937	n/a
192.3603515625	0.3	0.0	1	393954	n/a
192.36865234375	0.3	1.0	2	393971	n/a
192.376953125	0.3	1.0	2	393988	n/a
192.38525390625	0.3	0.0	1	394005	n/a
192.3935546875	0.3	1.0	2	394022	n/a
192.40185546875	0.3	0.0	1	394039	n/a
192.41015625	0.3	1.0	2	394056	n/a
192.41845703125	0.3	0.0	1	394073	n/a
192.4267578125	0.3	1.0	2	394090	n/a
192.43505859375	0.3	0.0	1	394107	n/a
192.44384765625	0.3	0.0	1	394125	n/a
192.4521484375	0.3	1.0	2	394142	n/a
192.46044921875	0.3	1.0	2	394159	n/a
192.46875	0.3	0.0	1	394176	n/a
192.47705078125	0.3	1.0	2	394193	n/a
192.4853515625	0.3	0.0	1	394210	n/a
192.49365234375	0.3	1.0	2	394227	n/a
192.501953125	0.3	0.0	1	394244	n/a
192.51025390625	0.3	1.0	2	394261	n/a
192.5185546875	0.3	0.0	1	394278	n/a
192.52685546875	0.3	0.0	1	394295	n/a
192.53515625	0.3	1.0	2	394312	n/a
192.54345703125	0.3	1.0	2	394329	n/a
192.5517578125	0.3	0.0	1	394346	n/a
192.56005859375	0.3	0.0	1	394363	n/a
192.56884765625	0.3	1.0	2	394381	n/a
192.5771484375	0.3	0.0	1	394398	n/a
192.58544921875	0.3	1.0	2	394415	n/a
192.59375	0.3	1.0	2	394432	n/a
192.60205078125	0.3	0.0	1	394449	n/a
192.6103515625	0.3	0.0	1	394466	n/a
192.61865234375	0.3	1.0	2	394483	n/a
192.626953125	0.3	0.0	1	394500	n/a
192.63525390625	0.3	1.0	2	394517	n/a
192.6435546875	0.3	0.0	1	394534	n/a
192.65185546875	0.3	1.0	2	394551	n/a
192.66015625	0.3	1.0	2	394568	n/a
192.66845703125	0.3	0.0	1	394585	n/a
192.6767578125	0.3	1.0	2	394602	n/a
192.68505859375	0.3	0.0	1	394619	n/a
192.69384765625	0.3	0.0	1	394637	n/a
192.7021484375	0.3	1.0	2	394654	n/a
192.71044921875	0.3	0.0	1	394671	n/a
192.71875	0.3	1.0	2	394688	n/a
192.72705078125	0.3	0.0	1	394705	n/a
192.7353515625	0.3	1.0	2	394722	n/a
192.74365234375	0.3	1.0	2	394739	n/a
192.751953125	0.3	0.0	1	394756	n/a
192.76025390625	0.3	0.0	1	394773	n/a
192.7685546875	0.3	1.0	2	394790	n/a
192.77685546875	0.3	1.0	2	394807	n/a
192.78515625	0.3	0.0	1	394824	n/a
192.79345703125	0.3	0.0	1	394841	n/a
192.8017578125	0.3	1.0	2	394858	n/a
192.81005859375	0.3	1.0	2	394875	n/a
192.81884765625	0.3	0.0	1	394893	n/a
192.8271484375	0.3	0.0	1	394910	n/a
192.83544921875	0.3	1.0	2	394927	n/a
192.84375	0.3	1.0	2	394944	n/a
192.85205078125	0.3	0.0	1	394961	n/a
192.8603515625	0.3	0.0	1	394978	n/a
192.86865234375	0.3	1.0	2	394995	n/a
192.876953125	0.3	1.0	2	395012	n/a
192.88525390625	0.3	0.0	1	395029	n/a
192.8935546875	0.3	0.0	1	395046	n/a
192.90185546875	0.3	1.0	2	395063	n/a
192.91015625	0.3	1.0	2	395080	n/a
192.91845703125	0.3	0.0	1	395097	n/a
192.9267578125	0.3	0.0	1	395114	n/a
192.93505859375	0.3	1.0	2	395131	n/a
192.94384765625	0.3	0.0	1	395149	n/a
192.9521484375	0.3	1.0	2	395166	n/a
192.96044921875	0.3	0.0	1	395183	n/a
192.96875	0.3	1.0	2	395200	n/a
192.97705078125	0.3	1.0	2	395217	n/a
192.9853515625	0.3	0.0	1	395234	n/a
192.99365234375	0.3	1.0	2	395251	n/a
193.001953125	0.3	0.0	1	395268	n/a
193.01025390625	0.3	0.0	1	395285	n/a
193.0185546875	0.3	1.0	2	395302	n/a
193.02685546875	0.3	1.0	2	395319	n/a
193.03515625	0.3	0.0	1	395336	n/a
193.04345703125	0.3	0.0	1	395353	n/a
193.0517578125	0.3	1.0	2	395370	n/a
193.06005859375	0.3	1.0	2	395387	n/a
193.06884765625	0.3	0.0	1	395405	n/a
195.4521484375	0.3	1.0	2	400286	14.0
195.46044921875	0.3	0.0	1	400303	n/a
195.46875	0.3	1.0	2	400320	n/a
195.47705078125	0.3	0.0	1	400337	n/a
195.4853515625	0.3	1.0	2	400354	n/a
195.49365234375	0.3	0.0	1	400371	n/a
195.501953125	0.3	0.0	1	400388	n/a
195.51025390625	0.3	1.0	2	400405	n/a
195.51904296875	0.3	0.0	1	400423	n/a
195.52734375	0.3	1.0	2	400440	n/a
195.53564453125	0.3	0.0	1	400457	n/a
195.5439453125	0.3	1.0	2	400474	n/a
195.55224609375	0.3	1.0	2	400491	n/a
195.560546875	0.3	0.0	1	400508	n/a
195.56884765625	0.3	0.0	1	400525	n/a
195.5771484375	0.3	1.0	2	400542	n/a
195.58544921875	0.3	0.0	1	400559	n/a
195.59375	0.3	1.0	2	400576	n/a
195.60205078125	0.3	0.0	1	400593	n/a
195.6103515625	0.3	1.0	2	400610	n/a
195.61865234375	0.3	1.0	2	400627	n/a
195.626953125	0.3	0.0	1	400644	n/a
195.63525390625	0.3	0.0	1	400661	n/a
195.64404296875	0.3	1.0	2	400679	n/a
195.65234375	0.3	0.0	1	400696	n/a
195.66064453125	0.3	1.0	2	400713	n/a
195.6689453125	0.3	0.0	1	400730	n/a
195.67724609375	0.3	1.0	2	400747	n/a
195.685546875	0.3	0.0	1	400764	n/a
195.69384765625	0.3	1.0	2	400781	n/a
195.7021484375	0.3	0.0	1	400798	n/a
195.71044921875	0.3	1.0	2	400815	n/a
195.71875	0.3	0.0	1	400832	n/a
195.72705078125	0.3	1.0	2	400849	n/a
195.7353515625	0.3	0.0	1	400866	n/a
195.74365234375	0.3	1.0	2	400883	n/a
195.751953125	0.3	0.0	1	400900	n/a
195.76025390625	0.3	1.0	2	400917	n/a
195.76904296875	0.3	0.0	1	400935	n/a
195.77734375	0.3	1.0	2	400952	n/a
195.78564453125	0.3	0.0	1	400969	n/a
195.7939453125	0.3	1.0	2	400986	n/a
195.80224609375	0.3	1.0	2	401003	n/a
195.810546875	0.3	0.0	1	401020	n/a
195.81884765625	0.3	0.0	1	401037	n/a
195.8271484375	0.3	1.0	2	401054	n/a
195.83544921875	0.3	0.0	1	401071	n/a
195.84375	0.3	1.0	2	401088	n/a
195.85205078125	0.3	0.0	1	401105	n/a
195.8603515625	0.3	1.0	2	401122	n/a
195.86865234375	0.3	1.0	2	401139	n/a
195.876953125	0.3	0.0	1	401156	n/a
195.88525390625	0.3	1.0	2	401173	n/a
195.89404296875	0.3	0.0	1	401191	n/a
195.90234375	0.3	0.0	1	401208	n/a
195.91064453125	0.3	1.0	2	401225	n/a
195.9189453125	0.3	0.0	1	401242	n/a
195.92724609375	0.3	1.0	2	401259	n/a
195.935546875	0.3	0.0	1	401276	n/a
195.94384765625	0.3	1.0	2	401293	n/a
195.9521484375	0.3	0.0	1	401310	n/a
195.96044921875	0.3	1.0	2	401327	n/a
195.96875	0.3	0.0	1	401344	n/a
195.97705078125	0.3	1.0	2	401361	n/a
195.9853515625	0.3	0.0	1	401378	n/a
195.99365234375	0.3	1.0	2	401395	n/a
196.001953125	0.3	1.0	2	401412	n/a
196.01025390625	0.3	0.0	1	401429	n/a
196.01904296875	0.3	0.0	1	401447	n/a
196.02734375	0.3	1.0	2	401464	n/a
196.03564453125	0.3	0.0	1	401481	n/a
196.0439453125	0.3	1.0	2	401498	n/a
196.05224609375	0.3	1.0	2	401515	n/a
196.060546875	0.3	0.0	1	401532	n/a
196.06884765625	0.3	0.0	1	401549	n/a
196.0771484375	0.3	1.0	2	401566	n/a
196.08544921875	0.3	1.0	2	401583	n/a
196.09375	0.3	0.0	1	401600	n/a
196.10205078125	0.3	0.0	1	401617	n/a
196.1103515625	0.3	1.0	2	401634	n/a
196.11865234375	0.3	1.0	2	401651	n/a
196.126953125	0.3	0.0	1	401668	n/a
196.13525390625	0.3	0.0	1	401685	n/a
196.14404296875	0.3	1.0	2	401703	n/a
196.15234375	0.3	1.0	2	401720	n/a
196.16064453125	0.3	0.0	1	401737	n/a
196.1689453125	0.3	0.0	1	401754	n/a
196.17724609375	0.3	1.0	2	401771	n/a
196.185546875	0.3	0.0	1	401788	n/a
196.19384765625	0.3	1.0	2	401805	n/a
196.2021484375	0.3	1.0	2	401822	n/a
196.21044921875	0.3	0.0	1	401839	n/a
196.21875	0.3	0.0	1	401856	n/a
196.22705078125	0.3	1.0	2	401873	n/a
196.2353515625	0.3	0.0	1	401890	n/a
196.24365234375	0.3	1.0	2	401907	n/a
196.251953125	0.3	0.0	1	401924	n/a
196.26025390625	0.3	1.0	2	401941	n/a
196.26904296875	0.3	1.0	2	401959	n/a
196.27734375	0.3	0.0	1	401976	n/a
196.28564453125	0.3	1.0	2	401993	n/a
196.2939453125	0.3	0.0	1	402010	n/a
196.30224609375	0.3	1.0	2	402027	n/a
196.310546875	0.3	0.0	1	402044	n/a
196.31884765625	0.3	0.0	1	402061	n/a
196.3271484375	0.3	1.0	2	402078	n/a
196.33544921875	0.3	1.0	2	402095	n/a
196.34375	0.3	0.0	1	402112	n/a
196.35205078125	0.3	0.0	1	402129	n/a
196.3603515625	0.3	1.0	2	402146	n/a
196.36865234375	0.3	1.0	2	402163	n/a
196.376953125	0.3	0.0	1	402180	n/a
196.38525390625	0.3	1.0	2	402197	n/a
196.39404296875	0.3	0.0	1	402215	n/a
196.40234375	0.3	0.0	1	402232	n/a
196.41064453125	0.3	1.0	2	402249	n/a
196.4189453125	0.3	1.0	2	402266	n/a
196.42724609375	0.3	0.0	1	402283	n/a
196.435546875	0.3	0.0	1	402300	n/a
196.44384765625	0.3	1.0	2	402317	n/a
196.4521484375	0.3	1.0	2	402334	n/a
196.46044921875	0.3	0.0	1	402351	n/a
196.46875	0.3	0.0	1	402368	n/a
196.47705078125	0.3	1.0	2	402385	n/a
196.4853515625	0.3	1.0	2	402402	n/a
196.49365234375	0.3	0.0	1	402419	n/a
196.501953125	0.3	1.0	2	402436	n/a
196.51025390625	0.3	0.0	1	402453	n/a
196.51904296875	0.3	1.0	2	402471	n/a
196.52734375	0.3	0.0	1	402488	n/a
196.53564453125	0.3	1.0	2	402505	n/a
196.5439453125	0.3	0.0	1	402522	n/a
196.55224609375	0.3	0.0	1	402539	n/a
196.560546875	0.3	1.0	2	402556	n/a
196.56884765625	0.3	0.0	1	402573	n/a
196.5771484375	0.3	1.0	2	402590	n/a
196.58544921875	0.3	0.0	1	402607	n/a
196.59375	0.3	1.0	2	402624	n/a
196.60205078125	0.3	1.0	2	402641	n/a
196.6103515625	0.3	0.0	1	402658	n/a
196.61865234375	0.3	0.0	1	402675	n/a
196.626953125	0.3	1.0	2	402692	n/a
196.63525390625	0.3	0.0	1	402709	n/a
196.64404296875	0.3	1.0	2	402727	n/a
196.65234375	0.3	0.0	1	402744	n/a
196.66064453125	0.3	1.0	2	402761	n/a
196.6689453125	0.3	1.0	2	402778	n/a
196.67724609375	0.3	0.0	1	402795	n/a
196.685546875	0.3	0.0	1	402812	n/a
196.69384765625	0.3	1.0	2	402829	n/a
196.7021484375	0.3	0.0	1	402846	n/a
196.71044921875	0.3	1.0	2	402863	n/a
196.71875	0.3	0.0	1	402880	n/a
196.72705078125	0.3	1.0	2	402897	n/a
196.7353515625	0.3	0.0	1	402914	n/a
196.74365234375	0.3	1.0	2	402931	n/a
196.751953125	0.3	0.0	1	402948	n/a
196.76025390625	0.3	1.0	2	402965	n/a
196.76904296875	0.3	0.0	1	402983	n/a
196.77734375	0.3	1.0	2	403000	n/a
196.78564453125	0.3	0.0	1	403017	n/a
196.7939453125	0.3	1.0	2	403034	n/a
196.80224609375	0.3	0.0	1	403051	n/a
196.810546875	0.3	1.0	2	403068	n/a
196.81884765625	0.3	0.0	1	403085	n/a
196.8271484375	0.3	1.0	2	403102	n/a
196.83544921875	0.3	0.0	1	403119	n/a
196.84375	0.3	1.0	2	403136	n/a
196.85205078125	0.3	1.0	2	403153	n/a
196.8603515625	0.3	0.0	1	403170	n/a
196.86865234375	0.3	0.0	1	403187	n/a
196.876953125	0.3	1.0	2	403204	n/a
196.88525390625	0.3	0.0	1	403221	n/a
196.89404296875	0.3	1.0	2	403239	n/a
196.90234375	0.3	0.0	1	403256	n/a
196.91064453125	0.3	1.0	2	403273	n/a
196.9189453125	0.3	1.0	2	403290	n/a
196.92724609375	0.3	0.0	1	403307	n/a
196.935546875	0.3	1.0	2	403324	n/a
196.94384765625	0.3	0.0	1	403341	n/a
196.9521484375	0.3	0.0	1	403358	n/a
196.96044921875	0.3	1.0	2	403375	n/a
196.96875	0.3	0.0	1	403392	n/a
196.97705078125	0.3	1.0	2	403409	n/a
196.9853515625	0.3	0.0	1	403426	n/a
196.99365234375	0.3	1.0	2	403443	n/a
197.001953125	0.3	0.0	1	403460	n/a
197.01025390625	0.3	1.0	2	403477	n/a
197.01904296875	0.3	0.0	1	403495	n/a
197.02734375	0.3	1.0	2	403512	n/a
197.03564453125	0.3	0.0	1	403529	n/a
197.0439453125	0.3	1.0	2	403546	n/a
197.05224609375	0.3	1.0	2	403563	n/a
197.060546875	0.3	0.0	1	403580	n/a
197.06884765625	0.3	0.0	1	403597	n/a
197.0771484375	0.3	1.0	2	403614	n/a
197.08544921875	0.3	0.0	1	403631	n/a
197.09375	0.3	1.0	2	403648	n/a
197.10205078125	0.3	1.0	2	403665	n/a
197.1103515625	0.3	0.0	1	403682	n/a
197.11865234375	0.3	0.0	1	403699	n/a
197.126953125	0.3	1.0	2	403716	n/a
197.13525390625	0.3	1.0	2	403733	n/a
197.14404296875	0.3	0.0	1	403751	n/a
197.15234375	0.3	0.0	1	403768	n/a
197.16064453125	0.3	1.0	2	403785	n/a
197.1689453125	0.3	1.0	2	403802	n/a
197.17724609375	0.3	0.0	1	403819	n/a
197.185546875	0.3	0.0	1	403836	n/a
197.19384765625	0.3	1.0	2	403853	n/a
197.2021484375	0.3	1.0	2	403870	n/a
197.21044921875	0.3	0.0	1	403887	n/a
197.21875	0.3	0.0	1	403904	n/a
197.22705078125	0.3	1.0	2	403921	n/a
197.2353515625	0.3	0.0	1	403938	n/a
197.24365234375	0.3	1.0	2	403955	n/a
197.251953125	0.3	1.0	2	403972	n/a
197.26025390625	0.3	0.0	1	403989	n/a
197.26904296875	0.3	0.0	1	404007	n/a
197.27734375	0.3	1.0	2	404024	n/a
197.28564453125	0.3	0.0	1	404041	n/a
197.2939453125	0.3	1.0	2	404058	n/a
197.30224609375	0.3	0.0	1	404075	n/a
197.310546875	0.3	1.0	2	404092	n/a
197.31884765625	0.3	1.0	2	404109	n/a
197.3271484375	0.3	0.0	1	404126	n/a
197.33544921875	0.3	1.0	2	404143	n/a
197.34375	0.3	0.0	1	404160	n/a
197.35205078125	0.3	1.0	2	404177	n/a
197.3603515625	0.3	0.0	1	404194	n/a
197.36865234375	0.3	0.0	1	404211	n/a
197.376953125	0.3	1.0	2	404228	n/a
197.38525390625	0.3	1.0	2	404245	n/a
197.39404296875	0.3	0.0	1	404263	n/a
197.40234375	0.3	0.0	1	404280	n/a
197.41064453125	0.3	1.0	2	404297	n/a
197.4189453125	0.3	1.0	2	404314	n/a
197.42724609375	0.3	0.0	1	404331	n/a
197.435546875	0.3	1.0	2	404348	n/a
197.44384765625	0.3	0.0	1	404365	n/a
197.4521484375	0.3	0.0	1	404382	n/a
197.46044921875	0.3	1.0	2	404399	n/a
197.46875	0.3	1.0	2	404416	n/a
197.47705078125	0.3	0.0	1	404433	n/a
197.4853515625	0.3	0.0	1	404450	n/a
197.49365234375	0.3	1.0	2	404467	n/a
197.501953125	0.3	1.0	2	404484	n/a
197.51025390625	0.3	0.0	1	404501	n/a
197.51904296875	0.3	0.0	1	404519	n/a
197.52734375	0.3	1.0	2	404536	n/a
197.53564453125	0.3	1.0	2	404553	n/a
197.5439453125	0.3	0.0	1	404570	n/a
197.55224609375	0.3	1.0	2	404587	n/a
197.560546875	0.3	0.0	1	404604	n/a
197.56884765625	0.3	1.0	2	404621	n/a
197.5771484375	0.3	0.0	1	404638	n/a
197.58544921875	0.3	1.0	2	404655	n/a
197.59375	0.3	0.0	1	404672	n/a
197.60205078125	0.3	0.0	1	404689	n/a
197.6103515625	0.3	1.0	2	404706	n/a
197.61865234375	0.3	0.0	1	404723	n/a
197.626953125	0.3	1.0	2	404740	n/a
197.63525390625	0.3	0.0	1	404757	n/a
197.64404296875	0.3	1.0	2	404775	n/a
197.65234375	0.3	1.0	2	404792	n/a
197.66064453125	0.3	0.0	1	404809	n/a
197.6689453125	0.3	0.0	1	404826	n/a
197.67724609375	0.3	1.0	2	404843	n/a
197.685546875	0.3	0.0	1	404860	n/a
197.69384765625	0.3	1.0	2	404877	n/a
197.7021484375	0.3	0.0	1	404894	n/a
197.71044921875	0.3	1.0	2	404911	n/a
197.71875	0.3	1.0	2	404928	n/a
197.72705078125	0.3	0.0	1	404945	n/a
197.7353515625	0.3	0.0	1	404962	n/a
197.74365234375	0.3	1.0	2	404979	n/a
197.751953125	0.3	0.0	1	404996	n/a
197.76025390625	0.3	1.0	2	405013	n/a
197.76904296875	0.3	0.0	1	405031	n/a
197.77734375	0.3	1.0	2	405048	n/a
197.78564453125	0.3	0.0	1	405065	n/a
197.7939453125	0.3	1.0	2	405082	n/a
197.80224609375	0.3	0.0	1	405099	n/a
197.810546875	0.3	1.0	2	405116	n/a
197.81884765625	0.3	0.0	1	405133	n/a
197.8271484375	0.3	1.0	2	405150	n/a
197.83544921875	0.3	0.0	1	405167	n/a
197.84375	0.3	1.0	2	405184	n/a
197.85205078125	0.3	0.0	1	405201	n/a
197.8603515625	0.3	1.0	2	405218	n/a
197.86865234375	0.3	0.0	1	405235	n/a
197.876953125	0.3	1.0	2	405252	n/a
197.88525390625	0.3	0.0	1	405269	n/a
197.89404296875	0.3	1.0	2	405287	n/a
197.90234375	0.3	1.0	2	405304	n/a
197.91064453125	0.3	0.0	1	405321	n/a
197.9189453125	0.3	0.0	1	405338	n/a
197.92724609375	0.3	1.0	2	405355	n/a
197.935546875	0.3	0.0	1	405372	n/a
197.94384765625	0.3	1.0	2	405389	n/a
197.9521484375	0.3	0.0	1	405406	n/a
197.96044921875	0.3	1.0	2	405423	n/a
197.96875	0.3	1.0	2	405440	n/a
197.97705078125	0.3	0.0	1	405457	n/a
197.9853515625	0.3	1.0	2	405474	n/a
197.99365234375	0.3	0.0	1	405491	n/a
198.001953125	0.3	0.0	1	405508	n/a
198.01025390625	0.3	1.0	2	405525	n/a
198.01904296875	0.3	0.0	1	405543	n/a
198.02734375	0.3	1.0	2	405560	n/a
198.03564453125	0.3	0.0	1	405577	n/a
198.0439453125	0.3	1.0	2	405594	n/a
198.05224609375	0.3	0.0	1	405611	n/a
198.060546875	0.3	1.0	2	405628	n/a
198.06884765625	0.3	0.0	1	405645	n/a
198.0771484375	0.3	1.0	2	405662	n/a
198.08544921875	0.3	0.0	1	405679	n/a
198.09375	0.3	1.0	2	405696	n/a
198.10205078125	0.3	1.0	2	405713	n/a
198.1103515625	0.3	0.0	1	405730	n/a
198.11865234375	0.3	0.0	1	405747	n/a
198.126953125	0.3	1.0	2	405764	n/a
198.13525390625	0.3	0.0	1	405781	n/a
198.14404296875	0.3	1.0	2	405799	n/a
198.15234375	0.3	1.0	2	405816	n/a
198.16064453125	0.3	0.0	1	405833	n/a
198.1689453125	0.3	0.0	1	405850	n/a
198.17724609375	0.3	1.0	2	405867	n/a
198.185546875	0.3	1.0	2	405884	n/a
198.19384765625	0.3	0.0	1	405901	n/a
198.2021484375	0.3	0.0	1	405918	n/a
198.21044921875	0.3	1.0	2	405935	n/a
198.21875	0.3	1.0	2	405952	n/a
198.22705078125	0.3	0.0	1	405969	n/a
198.2353515625	0.3	0.0	1	405986	n/a
198.24365234375	0.3	1.0	2	406003	n/a
198.251953125	0.3	1.0	2	406020	n/a
198.26025390625	0.3	0.0	1	406037	n/a
198.26904296875	0.3	0.0	1	406055	n/a
198.27734375	0.3	1.0	2	406072	n/a
198.28564453125	0.3	0.0	1	406089	n/a
198.2939453125	0.3	1.0	2	406106	n/a
198.30224609375	0.3	1.0	2	406123	n/a
198.310546875	0.3	0.0	1	406140	n/a
198.31884765625	0.3	0.0	1	406157	n/a
198.3271484375	0.3	1.0	2	406174	n/a
198.33544921875	0.3	0.0	1	406191	n/a
198.34375	0.3	1.0	2	406208	n/a
198.35205078125	0.3	0.0	1	406225	n/a
198.3603515625	0.3	1.0	2	406242	n/a
198.36865234375	0.3	1.0	2	406259	n/a
198.376953125	0.3	0.0	1	406276	n/a
198.38525390625	0.3	1.0	2	406293	n/a
198.39404296875	0.3	0.0	1	406311	n/a
198.40234375	0.3	1.0	2	406328	n/a
198.41064453125	0.3	0.0	1	406345	n/a
198.4189453125	0.3	0.0	1	406362	n/a
198.42724609375	0.3	1.0	2	406379	n/a
198.435546875	0.3	1.0	2	406396	n/a
198.44384765625	0.3	0.0	1	406413	n/a
198.4521484375	0.3	0.0	1	406430	n/a
198.46044921875	0.3	1.0	2	406447	n/a
198.46875	0.3	1.0	2	406464	n/a
198.47705078125	0.3	0.0	1	406481	n/a
198.4853515625	0.3	1.0	2	406498	n/a
198.49365234375	0.3	0.0	1	406515	n/a
198.501953125	0.3	0.0	1	406532	n/a
198.51025390625	0.3	1.0	2	406549	n/a
198.51904296875	0.3	1.0	2	406567	n/a
198.52734375	0.3	0.0	1	406584	n/a
198.53564453125	0.3	0.0	1	406601	n/a
198.5439453125	0.3	1.0	2	406618	n/a
198.55224609375	0.3	1.0	2	406635	n/a
198.560546875	0.3	0.0	1	406652	n/a
198.56884765625	0.3	0.0	1	406669	n/a
198.5771484375	0.3	1.0	2	406686	n/a
198.58544921875	0.3	1.0	2	406703	n/a
198.59375	0.3	0.0	1	406720	n/a
198.60205078125	0.3	1.0	2	406737	n/a
198.6103515625	0.3	0.0	1	406754	n/a
198.61865234375	0.3	1.0	2	406771	n/a
198.626953125	0.3	0.0	1	406788	n/a
198.63525390625	0.3	1.0	2	406805	n/a
198.64404296875	0.3	0.0	1	406823	n/a
198.65234375	0.3	0.0	1	406840	n/a
198.66064453125	0.3	1.0	2	406857	n/a
198.6689453125	0.3	0.0	1	406874	n/a
198.67724609375	0.3	1.0	2	406891	n/a
198.685546875	0.3	0.0	1	406908	n/a
198.69384765625	0.3	1.0	2	406925	n/a
198.7021484375	0.3	1.0	2	406942	n/a
198.71044921875	0.3	0.0	1	406959	n/a
198.71875	0.3	0.0	1	406976	n/a
198.72705078125	0.3	1.0	2	406993	n/a
198.7353515625	0.3	0.0	1	407010	n/a
198.74365234375	0.3	1.0	2	407027	n/a
198.751953125	0.3	0.0	1	407044	n/a
198.76025390625	0.3	1.0	2	407061	n/a
198.76904296875	0.3	1.0	2	407079	n/a
198.77734375	0.3	0.0	1	407096	n/a
198.78564453125	0.3	0.0	1	407113	n/a
198.7939453125	0.3	1.0	2	407130	n/a
198.80224609375	0.3	0.0	1	407147	n/a
198.810546875	0.3	1.0	2	407164	n/a
198.81884765625	0.3	0.0	1	407181	n/a
198.8271484375	0.3	1.0	2	407198	n/a
198.83544921875	0.3	0.0	1	407215	n/a
198.84375	0.3	1.0	2	407232	n/a
198.85205078125	0.3	0.0	1	407249	n/a
198.8603515625	0.3	1.0	2	407266	n/a
198.86865234375	0.3	0.0	1	407283	n/a
198.876953125	0.3	1.0	2	407300	n/a
198.88525390625	0.3	0.0	1	407317	n/a
198.89404296875	0.3	1.0	2	407335	n/a
198.90234375	0.3	0.0	1	407352	n/a
198.91064453125	0.3	1.0	2	407369	n/a
198.9189453125	0.3	0.0	1	407386	n/a
198.92724609375	0.3	1.0	2	407403	n/a
198.935546875	0.3	0.0	1	407420	n/a
198.94384765625	0.3	1.0	2	407437	n/a
198.9521484375	0.3	1.0	2	407454	n/a
198.96044921875	0.3	0.0	1	407471	n/a
198.96875	0.3	0.0	1	407488	n/a
198.97705078125	0.3	1.0	2	407505	n/a
198.9853515625	0.3	0.0	1	407522	n/a
198.99365234375	0.3	1.0	2	407539	n/a
199.001953125	0.3	0.0	1	407556	n/a
199.01025390625	0.3	1.0	2	407573	n/a
199.01904296875	0.3	1.0	2	407591	n/a
199.02734375	0.3	0.0	1	407608	n/a
199.03564453125	0.3	1.0	2	407625	n/a
199.0439453125	0.3	0.0	1	407642	n/a
199.05224609375	0.3	0.0	1	407659	n/a
199.060546875	0.3	1.0	2	407676	n/a
199.06884765625	0.3	0.0	1	407693	n/a
199.0771484375	0.3	1.0	2	407710	n/a
199.08544921875	0.3	0.0	1	407727	n/a
199.09375	0.3	1.0	2	407744	n/a
199.10205078125	0.3	0.0	1	407761	n/a
199.1103515625	0.3	1.0	2	407778	n/a
199.11865234375	0.3	0.0	1	407795	n/a
199.126953125	0.3	1.0	2	407812	n/a
199.13525390625	0.3	0.0	1	407829	n/a
199.14404296875	0.3	1.0	2	407847	n/a
199.15234375	0.3	1.0	2	407864	n/a
199.16064453125	0.3	0.0	1	407881	n/a
199.1689453125	0.3	0.0	1	407898	n/a
199.17724609375	0.3	1.0	2	407915	n/a
199.185546875	0.3	0.0	1	407932	n/a
199.19384765625	0.3	1.0	2	407949	n/a
199.2021484375	0.3	1.0	2	407966	n/a
199.21044921875	0.3	0.0	1	407983	n/a
199.21875	0.3	0.0	1	408000	n/a
199.22705078125	0.3	1.0	2	408017	n/a
199.2353515625	0.3	1.0	2	408034	n/a
199.24365234375	0.3	0.0	1	408051	n/a
199.251953125	0.3	0.0	1	408068	n/a
199.26025390625	0.3	1.0	2	408085	n/a
199.26904296875	0.3	1.0	2	408103	n/a
199.27734375	0.3	0.0	1	408120	n/a
199.28564453125	0.3	0.0	1	408137	n/a
199.2939453125	0.3	1.0	2	408154	n/a
199.30224609375	0.3	1.0	2	408171	n/a
199.310546875	0.3	0.0	1	408188	n/a
199.31884765625	0.3	0.0	1	408205	n/a
199.3271484375	0.3	1.0	2	408222	n/a
199.33544921875	0.3	0.0	1	408239	n/a
199.34375	0.3	1.0	2	408256	n/a
199.35205078125	0.3	1.0	2	408273	n/a
199.3603515625	0.3	0.0	1	408290	n/a
199.36865234375	0.3	0.0	1	408307	n/a
199.376953125	0.3	1.0	2	408324	n/a
199.38525390625	0.3	0.0	1	408341	n/a
199.39404296875	0.3	1.0	2	408359	n/a
199.40234375	0.3	0.0	1	408376	n/a
199.41064453125	0.3	1.0	2	408393	n/a
199.4189453125	0.3	1.0	2	408410	n/a
199.42724609375	0.3	0.0	1	408427	n/a
199.435546875	0.3	1.0	2	408444	n/a
199.44384765625	0.3	0.0	1	408461	n/a
199.4521484375	0.3	1.0	2	408478	n/a
199.46044921875	0.3	0.0	1	408495	n/a
199.46875	0.3	0.0	1	408512	n/a
199.47705078125	0.3	1.0	2	408529	n/a
199.4853515625	0.3	1.0	2	408546	n/a
199.49365234375	0.3	0.0	1	408563	n/a
199.501953125	0.3	0.0	1	408580	n/a
199.51025390625	0.3	1.0	2	408597	n/a
199.51904296875	0.3	1.0	2	408615	n/a
199.52734375	0.3	0.0	1	408632	n/a
199.53564453125	0.3	1.0	2	408649	n/a
199.5439453125	0.3	0.0	1	408666	n/a
199.55224609375	0.3	0.0	1	408683	n/a
199.560546875	0.3	1.0	2	408700	n/a
199.56884765625	0.3	1.0	2	408717	n/a
199.5771484375	0.3	0.0	1	408734	n/a
199.58544921875	0.3	0.0	1	408751	n/a
199.59375	0.3	1.0	2	408768	n/a
199.60205078125	0.3	1.0	2	408785	n/a
199.6103515625	0.3	0.0	1	408802	n/a
199.61865234375	0.3	0.0	1	408819	n/a
199.626953125	0.3	1.0	2	408836	n/a
199.63525390625	0.3	1.0	2	408853	n/a
199.64404296875	0.3	0.0	1	408871	n/a
202.111328125	0.3	0.0	1	413924	29.0
202.11962890625	0.3	1.0	2	413941	n/a
202.1279296875	0.3	0.0	1	413958	n/a
202.13623046875	0.3	1.0	2	413975	n/a
202.14453125	0.3	0.0	1	413992	n/a
202.15283203125	0.3	1.0	2	414009	n/a
202.1611328125	0.3	0.0	1	414026	n/a
202.16943359375	0.3	1.0	2	414043	n/a
202.17822265625	0.3	1.0	2	414061	n/a
202.1865234375	0.3	0.0	1	414078	n/a
202.19482421875	0.3	1.0	2	414095	n/a
202.203125	0.3	0.0	1	414112	n/a
202.21142578125	0.3	0.0	1	414129	n/a
202.2197265625	0.3	1.0	2	414146	n/a
202.22802734375	0.3	0.0	1	414163	n/a
202.236328125	0.3	1.0	2	414180	n/a
202.24462890625	0.3	1.0	2	414197	n/a
202.2529296875	0.3	0.0	1	414214	n/a
202.26123046875	0.3	0.0	1	414231	n/a
202.26953125	0.3	1.0	2	414248	n/a
202.27783203125	0.3	0.0	1	414265	n/a
202.2861328125	0.3	1.0	2	414282	n/a
202.29443359375	0.3	1.0	2	414299	n/a
202.30322265625	0.3	0.0	1	414317	n/a
202.3115234375	0.3	0.0	1	414334	n/a
202.31982421875	0.3	1.0	2	414351	n/a
202.328125	0.3	1.0	2	414368	n/a
202.33642578125	0.3	0.0	1	414385	n/a
202.3447265625	0.3	0.0	1	414402	n/a
202.35302734375	0.3	1.0	2	414419	n/a
202.361328125	0.3	0.0	1	414436	n/a
202.36962890625	0.3	1.0	2	414453	n/a
202.3779296875	0.3	1.0	2	414470	n/a
202.38623046875	0.3	0.0	1	414487	n/a
202.39453125	0.3	1.0	2	414504	n/a
202.40283203125	0.3	0.0	1	414521	n/a
202.4111328125	0.3	0.0	1	414538	n/a
202.41943359375	0.3	1.0	2	414555	n/a
202.42822265625	0.3	1.0	2	414573	n/a
202.4365234375	0.3	0.0	1	414590	n/a
202.44482421875	0.3	1.0	2	414607	n/a
202.453125	0.3	0.0	1	414624	n/a
202.46142578125	0.3	1.0	2	414641	n/a
202.4697265625	0.3	0.0	1	414658	n/a
202.47802734375	0.3	0.0	1	414675	n/a
202.486328125	0.3	1.0	2	414692	n/a
202.49462890625	0.3	0.0	1	414709	n/a
202.5029296875	0.3	1.0	2	414726	n/a
202.51123046875	0.3	1.0	2	414743	n/a
202.51953125	0.3	0.0	1	414760	n/a
202.52783203125	0.3	1.0	2	414777	n/a
202.5361328125	0.3	0.0	1	414794	n/a
202.54443359375	0.3	1.0	2	414811	n/a
202.55322265625	0.3	0.0	1	414829	n/a
202.5615234375	0.3	1.0	2	414846	n/a
202.56982421875	0.3	0.0	1	414863	n/a
202.578125	0.3	0.0	1	414880	n/a
202.58642578125	0.3	1.0	2	414897	n/a
202.5947265625	0.3	0.0	1	414914	n/a
202.60302734375	0.3	1.0	2	414931	n/a
202.611328125	0.3	0.0	1	414948	n/a
202.61962890625	0.3	1.0	2	414965	n/a
202.6279296875	0.3	0.0	1	414982	n/a
202.63623046875	0.3	1.0	2	414999	n/a
202.64453125	0.3	1.0	2	415016	n/a
202.65283203125	0.3	0.0	1	415033	n/a
202.6611328125	0.3	0.0	1	415050	n/a
202.66943359375	0.3	1.0	2	415067	n/a
202.67822265625	0.3	1.0	2	415085	n/a
202.6865234375	0.3	0.0	1	415102	n/a
202.69482421875	0.3	0.0	1	415119	n/a
202.703125	0.3	1.0	2	415136	n/a
202.71142578125	0.3	1.0	2	415153	n/a
202.7197265625	0.3	0.0	1	415170	n/a
202.72802734375	0.3	0.0	1	415187	n/a
202.736328125	0.3	1.0	2	415204	n/a
202.74462890625	0.3	1.0	2	415221	n/a
202.7529296875	0.3	0.0	1	415238	n/a
202.76123046875	0.3	0.0	1	415255	n/a
202.76953125	0.3	1.0	2	415272	n/a
202.77783203125	0.3	0.0	1	415289	n/a
202.7861328125	0.3	1.0	2	415306	n/a
202.79443359375	0.3	0.0	1	415323	n/a
202.80322265625	0.3	1.0	2	415341	n/a
202.8115234375	0.3	0.0	1	415358	n/a
202.81982421875	0.3	1.0	2	415375	n/a
202.828125	0.3	1.0	2	415392	n/a
202.83642578125	0.3	0.0	1	415409	n/a
202.8447265625	0.3	1.0	2	415426	n/a
202.85302734375	0.3	0.0	1	415443	n/a
202.861328125	0.3	0.0	1	415460	n/a
202.86962890625	0.3	1.0	2	415477	n/a
202.8779296875	0.3	1.0	2	415494	n/a
202.88623046875	0.3	0.0	1	415511	n/a
202.89453125	0.3	1.0	2	415528	n/a
202.90283203125	0.3	0.0	1	415545	n/a
202.9111328125	0.3	0.0	1	415562	n/a
202.91943359375	0.3	1.0	2	415579	n/a
202.92822265625	0.3	1.0	2	415597	n/a
202.9365234375	0.3	0.0	1	415614	n/a
202.94482421875	0.3	0.0	1	415631	n/a
202.953125	0.3	1.0	2	415648	n/a
202.96142578125	0.3	1.0	2	415665	n/a
202.9697265625	0.3	0.0	1	415682	n/a
202.97802734375	0.3	1.0	2	415699	n/a
202.986328125	0.3	0.0	1	415716	n/a
202.99462890625	0.3	1.0	2	415733	n/a
203.0029296875	0.3	0.0	1	415750	n/a
203.01123046875	0.3	1.0	2	415767	n/a
203.01953125	0.3	0.0	1	415784	n/a
203.02783203125	0.3	1.0	2	415801	n/a
203.0361328125	0.3	0.0	1	415818	n/a
203.04443359375	0.3	1.0	2	415835	n/a
203.05322265625	0.3	0.0	1	415853	n/a
203.0615234375	0.3	0.0	1	415870	n/a
203.06982421875	0.3	1.0	2	415887	n/a
203.078125	0.3	0.0	1	415904	n/a
203.08642578125	0.3	1.0	2	415921	n/a
203.0947265625	0.3	1.0	2	415938	n/a
203.10302734375	0.3	0.0	1	415955	n/a
203.111328125	0.3	1.0	2	415972	n/a
203.11962890625	0.3	0.0	1	415989	n/a
203.1279296875	0.3	0.0	1	416006	n/a
203.13623046875	0.3	1.0	2	416023	n/a
203.14453125	0.3	0.0	1	416040	n/a
203.15283203125	0.3	1.0	2	416057	n/a
203.1611328125	0.3	0.0	1	416074	n/a
203.16943359375	0.3	1.0	2	416091	n/a
203.17822265625	0.3	0.0	1	416109	n/a
203.1865234375	0.3	1.0	2	416126	n/a
203.19482421875	0.3	0.0	1	416143	n/a
203.203125	0.3	1.0	2	416160	n/a
203.21142578125	0.3	0.0	1	416177	n/a
203.2197265625	0.3	1.0	2	416194	n/a
203.22802734375	0.3	1.0	2	416211	n/a
203.236328125	0.3	0.0	1	416228	n/a
203.24462890625	0.3	1.0	2	416245	n/a
203.2529296875	0.3	0.0	1	416262	n/a
203.26123046875	0.3	0.0	1	416279	n/a
203.26953125	0.3	1.0	2	416296	n/a
203.27783203125	0.3	0.0	1	416313	n/a
203.2861328125	0.3	1.0	2	416330	n/a
203.29443359375	0.3	1.0	2	416347	n/a
203.30322265625	0.3	0.0	1	416365	n/a
203.3115234375	0.3	0.0	1	416382	n/a
203.31982421875	0.3	1.0	2	416399	n/a
203.328125	0.3	0.0	1	416416	n/a
203.33642578125	0.3	1.0	2	416433	n/a
203.3447265625	0.3	1.0	2	416450	n/a
203.35302734375	0.3	0.0	1	416467	n/a
203.361328125	0.3	0.0	1	416484	n/a
203.36962890625	0.3	1.0	2	416501	n/a
203.3779296875	0.3	1.0	2	416518	n/a
203.38623046875	0.3	0.0	1	416535	n/a
203.39453125	0.3	0.0	1	416552	n/a
203.40283203125	0.3	1.0	2	416569	n/a
203.4111328125	0.3	0.0	1	416586	n/a
203.41943359375	0.3	1.0	2	416603	n/a
203.42822265625	0.3	1.0	2	416621	n/a
203.4365234375	0.3	0.0	1	416638	n/a
203.44482421875	0.3	1.0	2	416655	n/a
203.453125	0.3	0.0	1	416672	n/a
203.46142578125	0.3	0.0	1	416689	n/a
203.4697265625	0.3	1.0	2	416706	n/a
203.47802734375	0.3	1.0	2	416723	n/a
203.486328125	0.3	0.0	1	416740	n/a
203.49462890625	0.3	1.0	2	416757	n/a
203.5029296875	0.3	0.0	1	416774	n/a
203.51123046875	0.3	1.0	2	416791	n/a
203.51953125	0.3	0.0	1	416808	n/a
203.52783203125	0.3	0.0	1	416825	n/a
203.5361328125	0.3	1.0	2	416842	n/a
203.54443359375	0.3	0.0	1	416859	n/a
203.55322265625	0.3	1.0	2	416877	n/a
203.5615234375	0.3	1.0	2	416894	n/a
203.56982421875	0.3	0.0	1	416911	n/a
203.578125	0.3	1.0	2	416928	n/a
203.58642578125	0.3	0.0	1	416945	n/a
203.5947265625	0.3	1.0	2	416962	n/a
203.60302734375	0.3	0.0	1	416979	n/a
203.611328125	0.3	1.0	2	416996	n/a
203.61962890625	0.3	0.0	1	417013	n/a
203.6279296875	0.3	0.0	1	417030	n/a
203.63623046875	0.3	1.0	2	417047	n/a
203.64453125	0.3	0.0	1	417064	n/a
203.65283203125	0.3	1.0	2	417081	n/a
203.6611328125	0.3	0.0	1	417098	n/a
203.66943359375	0.3	1.0	2	417115	n/a
203.67822265625	0.3	0.0	1	417133	n/a
203.6865234375	0.3	1.0	2	417150	n/a
203.69482421875	0.3	1.0	2	417167	n/a
203.703125	0.3	0.0	1	417184	n/a
203.71142578125	0.3	0.0	1	417201	n/a
203.7197265625	0.3	1.0	2	417218	n/a
203.72802734375	0.3	1.0	2	417235	n/a
203.736328125	0.3	0.0	1	417252	n/a
203.74462890625	0.3	0.0	1	417269	n/a
203.7529296875	0.3	1.0	2	417286	n/a
203.76123046875	0.3	1.0	2	417303	n/a
203.76953125	0.3	0.0	1	417320	n/a
203.77783203125	0.3	0.0	1	417337	n/a
203.7861328125	0.3	1.0	2	417354	n/a
203.79443359375	0.3	1.0	2	417371	n/a
203.80322265625	0.3	0.0	1	417389	n/a
203.8115234375	0.3	0.0	1	417406	n/a
203.81982421875	0.3	1.0	2	417423	n/a
203.828125	0.3	0.0	1	417440	n/a
203.83642578125	0.3	1.0	2	417457	n/a
203.8447265625	0.3	0.0	1	417474	n/a
203.85302734375	0.3	1.0	2	417491	n/a
203.861328125	0.3	0.0	1	417508	n/a
203.86962890625	0.3	1.0	2	417525	n/a
203.8779296875	0.3	1.0	2	417542	n/a
203.88623046875	0.3	0.0	1	417559	n/a
203.89453125	0.3	1.0	2	417576	n/a
203.90283203125	0.3	0.0	1	417593	n/a
203.9111328125	0.3	0.0	1	417610	n/a
203.91943359375	0.3	1.0	2	417627	n/a
203.92822265625	0.3	1.0	2	417645	n/a
203.9365234375	0.3	0.0	1	417662	n/a
203.94482421875	0.3	1.0	2	417679	n/a
203.953125	0.3	0.0	1	417696	n/a
203.96142578125	0.3	0.0	1	417713	n/a
203.9697265625	0.3	1.0	2	417730	n/a
203.97802734375	0.3	1.0	2	417747	n/a
203.986328125	0.3	0.0	1	417764	n/a
203.99462890625	0.3	0.0	1	417781	n/a
204.0029296875	0.3	1.0	2	417798	n/a
204.01123046875	0.3	1.0	2	417815	n/a
204.01953125	0.3	0.0	1	417832	n/a
204.02783203125	0.3	1.0	2	417849	n/a
204.0361328125	0.3	0.0	1	417866	n/a
204.04443359375	0.3	1.0	2	417883	n/a
204.05322265625	0.3	0.0	1	417901	n/a
204.0615234375	0.3	1.0	2	417918	n/a
204.06982421875	0.3	0.0	1	417935	n/a
204.078125	0.3	1.0	2	417952	n/a
204.08642578125	0.3	0.0	1	417969	n/a
204.0947265625	0.3	1.0	2	417986	n/a
204.10302734375	0.3	0.0	1	418003	n/a
204.111328125	0.3	0.0	1	418020	n/a
204.11962890625	0.3	1.0	2	418037	n/a
204.1279296875	0.3	0.0	1	418054	n/a
204.13623046875	0.3	1.0	2	418071	n/a
204.14453125	0.3	1.0	2	418088	n/a
204.15283203125	0.3	0.0	1	418105	n/a
204.1611328125	0.3	1.0	2	418122	n/a
204.16943359375	0.3	0.0	1	418139	n/a
204.17822265625	0.3	0.0	1	418157	n/a
204.1865234375	0.3	1.0	2	418174	n/a
204.19482421875	0.3	0.0	1	418191	n/a
204.203125	0.3	1.0	2	418208	n/a
204.21142578125	0.3	0.0	1	418225	n/a
204.2197265625	0.3	1.0	2	418242	n/a
204.22802734375	0.3	0.0	1	418259	n/a
204.236328125	0.3	1.0	2	418276	n/a
204.24462890625	0.3	0.0	1	418293	n/a
204.2529296875	0.3	1.0	2	418310	n/a
204.26123046875	0.3	0.0	1	418327	n/a
204.26953125	0.3	1.0	2	418344	n/a
204.27783203125	0.3	1.0	2	418361	n/a
204.2861328125	0.3	0.0	1	418378	n/a
204.29443359375	0.3	1.0	2	418395	n/a
204.30322265625	0.3	0.0	1	418413	n/a
204.3115234375	0.3	0.0	1	418430	n/a
204.31982421875	0.3	1.0	2	418447	n/a
204.328125	0.3	0.0	1	418464	n/a
204.33642578125	0.3	1.0	2	418481	n/a
204.3447265625	0.3	1.0	2	418498	n/a
204.35302734375	0.3	0.0	1	418515	n/a
204.361328125	0.3	0.0	1	418532	n/a
204.36962890625	0.3	1.0	2	418549	n/a
204.3779296875	0.3	0.0	1	418566	n/a
204.38623046875	0.3	1.0	2	418583	n/a
204.39453125	0.3	1.0	2	418600	n/a
204.40283203125	0.3	0.0	1	418617	n/a
204.4111328125	0.3	0.0	1	418634	n/a
204.41943359375	0.3	1.0	2	418651	n/a
204.42822265625	0.3	1.0	2	418669	n/a
204.4365234375	0.3	0.0	1	418686	n/a
204.44482421875	0.3	0.0	1	418703	n/a
204.453125	0.3	1.0	2	418720	n/a
204.46142578125	0.3	0.0	1	418737	n/a
204.4697265625	0.3	1.0	2	418754	n/a
204.47802734375	0.3	1.0	2	418771	n/a
204.486328125	0.3	0.0	1	418788	n/a
204.49462890625	0.3	1.0	2	418805	n/a
204.5029296875	0.3	0.0	1	418822	n/a
204.51123046875	0.3	0.0	1	418839	n/a
204.51953125	0.3	1.0	2	418856	n/a
204.52783203125	0.3	1.0	2	418873	n/a
204.5361328125	0.3	0.0	1	418890	n/a
204.54443359375	0.3	1.0	2	418907	n/a
204.55322265625	0.3	0.0	1	418925	n/a
204.5615234375	0.3	1.0	2	418942	n/a
204.56982421875	0.3	0.0	1	418959	n/a
204.578125	0.3	0.0	1	418976	n/a
204.58642578125	0.3	1.0	2	418993	n/a
204.5947265625	0.3	0.0	1	419010	n/a
204.60302734375	0.3	1.0	2	419027	n/a
204.611328125	0.3	1.0	2	419044	n/a
204.61962890625	0.3	0.0	1	419061	n/a
204.6279296875	0.3	1.0	2	419078	n/a
204.63623046875	0.3	0.0	1	419095	n/a
204.64453125	0.3	1.0	2	419112	n/a
204.65283203125	0.3	0.0	1	419129	n/a
204.6611328125	0.3	1.0	2	419146	n/a
204.66943359375	0.3	0.0	1	419163	n/a
204.67822265625	0.3	0.0	1	419181	n/a
204.6865234375	0.3	1.0	2	419198	n/a
204.69482421875	0.3	0.0	1	419215	n/a
204.703125	0.3	1.0	2	419232	n/a
204.71142578125	0.3	0.0	1	419249	n/a
204.7197265625	0.3	1.0	2	419266	n/a
204.72802734375	0.3	0.0	1	419283	n/a
204.736328125	0.3	1.0	2	419300	n/a
204.74462890625	0.3	1.0	2	419317	n/a
204.7529296875	0.3	0.0	1	419334	n/a
204.76123046875	0.3	0.0	1	419351	n/a
204.76953125	0.3	1.0	2	419368	n/a
204.77783203125	0.3	1.0	2	419385	n/a
204.7861328125	0.3	0.0	1	419402	n/a
204.79443359375	0.3	0.0	1	419419	n/a
204.80322265625	0.3	1.0	2	419437	n/a
204.8115234375	0.3	1.0	2	419454	n/a
204.81982421875	0.3	0.0	1	419471	n/a
204.828125	0.3	0.0	1	419488	n/a
204.83642578125	0.3	1.0	2	419505	n/a
204.8447265625	0.3	1.0	2	419522	n/a
204.85302734375	0.3	0.0	1	419539	n/a
204.861328125	0.3	0.0	1	419556	n/a
204.86962890625	0.3	1.0	2	419573	n/a
204.8779296875	0.3	0.0	1	419590	n/a
204.88623046875	0.3	1.0	2	419607	n/a
204.89453125	0.3	0.0	1	419624	n/a
204.90283203125	0.3	1.0	2	419641	n/a
204.9111328125	0.3	0.0	1	419658	n/a
204.91943359375	0.3	1.0	2	419675	n/a
204.92822265625	0.3	1.0	2	419693	n/a
204.9365234375	0.3	0.0	1	419710	n/a
204.94482421875	0.3	1.0	2	419727	n/a
204.953125	0.3	0.0	1	419744	n/a
204.96142578125	0.3	0.0	1	419761	n/a
204.9697265625	0.3	1.0	2	419778	n/a
204.97802734375	0.3	1.0	2	419795	n/a
204.986328125	0.3	0.0	1	419812	n/a
204.99462890625	0.3	1.0	2	419829	n/a
205.0029296875	0.3	0.0	1	419846	n/a
205.01123046875	0.3	0.0	1	419863	n/a
205.01953125	0.3	1.0	2	419880	n/a
205.02783203125	0.3	1.0	2	419897	n/a
205.0361328125	0.3	0.0	1	419914	n/a
205.04443359375	0.3	0.0	1	419931	n/a
205.05322265625	0.3	1.0	2	419949	n/a
205.0615234375	0.3	1.0	2	419966	n/a
205.06982421875	0.3	0.0	1	419983	n/a
205.078125	0.3	1.0	2	420000	n/a
205.08642578125	0.3	0.0	1	420017	n/a
205.0947265625	0.3	1.0	2	420034	n/a
205.10302734375	0.3	0.0	1	420051	n/a
205.111328125	0.3	1.0	2	420068	n/a
205.11962890625	0.3	0.0	1	420085	n/a
205.1279296875	0.3	1.0	2	420102	n/a
205.13623046875	0.3	0.0	1	420119	n/a
205.14453125	0.3	1.0	2	420136	n/a
205.15283203125	0.3	0.0	1	420153	n/a
205.1611328125	0.3	0.0	1	420170	n/a
205.16943359375	0.3	1.0	2	420187	n/a
205.17822265625	0.3	0.0	1	420205	n/a
205.1865234375	0.3	1.0	2	420222	n/a
205.19482421875	0.3	1.0	2	420239	n/a
205.203125	0.3	0.0	1	420256	n/a
205.21142578125	0.3	1.0	2	420273	n/a
205.2197265625	0.3	0.0	1	420290	n/a
205.22802734375	0.3	0.0	1	420307	n/a
205.236328125	0.3	1.0	2	420324	n/a
205.24462890625	0.3	0.0	1	420341	n/a
205.2529296875	0.3	1.0	2	420358	n/a
205.26123046875	0.3	0.0	1	420375	n/a
205.26953125	0.3	1.0	2	420392	n/a
205.27783203125	0.3	0.0	1	420409	n/a
205.2861328125	0.3	1.0	2	420426	n/a
205.29443359375	0.3	0.0	1	420443	n/a
205.30322265625	0.3	1.0	2	420461	n/a
205.3115234375	0.3	0.0	1	420478	n/a
205.31982421875	0.3	1.0	2	420495	n/a
205.328125	0.3	1.0	2	420512	n/a
205.33642578125	0.3	0.0	1	420529	n/a
205.3447265625	0.3	1.0	2	420546	n/a
205.35302734375	0.3	0.0	1	420563	n/a
205.361328125	0.3	0.0	1	420580	n/a
205.36962890625	0.3	1.0	2	420597	n/a
205.3779296875	0.3	0.0	1	420614	n/a
205.38623046875	0.3	1.0	2	420631	n/a
205.39453125	0.3	1.0	2	420648	n/a
205.40283203125	0.3	0.0	1	420665	n/a
205.4111328125	0.3	0.0	1	420682	n/a
205.41943359375	0.3	1.0	2	420699	n/a
205.42822265625	0.3	0.0	1	420717	n/a
205.4365234375	0.3	1.0	2	420734	n/a
205.44482421875	0.3	1.0	2	420751	n/a
205.453125	0.3	0.0	1	420768	n/a
205.46142578125	0.3	0.0	1	420785	n/a
205.4697265625	0.3	1.0	2	420802	n/a
205.47802734375	0.3	1.0	2	420819	n/a
205.486328125	0.3	0.0	1	420836	n/a
205.49462890625	0.3	0.0	1	420853	n/a
205.5029296875	0.3	1.0	2	420870	n/a
205.51123046875	0.3	0.0	1	420887	n/a
205.51953125	0.3	1.0	2	420904	n/a
205.52783203125	0.3	1.0	2	420921	n/a
205.5361328125	0.3	0.0	1	420938	n/a
205.54443359375	0.3	1.0	2	420955	n/a
205.55322265625	0.3	0.0	1	420973	n/a
205.5615234375	0.3	0.0	1	420990	n/a
205.56982421875	0.3	1.0	2	421007	n/a
205.578125	0.3	1.0	2	421024	n/a
205.58642578125	0.3	0.0	1	421041	n/a
205.5947265625	0.3	1.0	2	421058	n/a
205.60302734375	0.3	0.0	1	421075	n/a
205.611328125	0.3	1.0	2	421092	n/a
205.61962890625	0.3	0.0	1	421109	n/a
205.6279296875	0.3	0.0	1	421126	n/a
205.63623046875	0.3	1.0	2	421143	n/a
205.64453125	0.3	0.0	1	421160	n/a
205.65283203125	0.3	1.0	2	421177	n/a
205.6611328125	0.3	1.0	2	421194	n/a
205.66943359375	0.3	0.0	1	421211	n/a
205.67822265625	0.3	1.0	2	421229	n/a
205.6865234375	0.3	0.0	1	421246	n/a
205.69482421875	0.3	1.0	2	421263	n/a
205.703125	0.3	0.0	1	421280	n/a
205.71142578125	0.3	1.0	2	421297	n/a
205.7197265625	0.3	0.0	1	421314	n/a
205.72802734375	0.3	0.0	1	421331	n/a
205.736328125	0.3	1.0	2	421348	n/a
205.74462890625	0.3	0.0	1	421365	n/a
205.7529296875	0.3	1.0	2	421382	n/a
205.76123046875	0.3	0.0	1	421399	n/a
205.76953125	0.3	1.0	2	421416	n/a
205.77783203125	0.3	0.0	1	421433	n/a
205.7861328125	0.3	1.0	2	421450	n/a
205.79443359375	0.3	1.0	2	421467	n/a
205.80322265625	0.3	0.0	1	421485	n/a
205.8115234375	0.3	0.0	1	421502	n/a
205.81982421875	0.3	1.0	2	421519	n/a
205.828125	0.3	1.0	2	421536	n/a
205.83642578125	0.3	0.0	1	421553	n/a
205.8447265625	0.3	0.0	1	421570	n/a
205.85302734375	0.3	1.0	2	421587	n/a
205.861328125	0.3	1.0	2	421604	n/a
205.86962890625	0.3	0.0	1	421621	n/a
205.8779296875	0.3	0.0	1	421638	n/a
205.88623046875	0.3	1.0	2	421655	n/a
205.89453125	0.3	1.0	2	421672	n/a
205.90283203125	0.3	0.0	1	421689	n/a
205.9111328125	0.3	0.0	1	421706	n/a
205.91943359375	0.3	1.0	2	421723	n/a
205.92822265625	0.3	0.0	1	421741	n/a
205.9365234375	0.3	1.0	2	421758	n/a
205.94482421875	0.3	0.0	1	421775	n/a
205.953125	0.3	1.0	2	421792	n/a
205.96142578125	0.3	0.0	1	421809	n/a
205.9697265625	0.3	1.0	2	421826	n/a
205.97802734375	0.3	1.0	2	421843	n/a
205.986328125	0.3	0.0	1	421860	n/a
205.99462890625	0.3	1.0	2	421877	n/a
206.0029296875	0.3	0.0	1	421894	n/a
206.01123046875	0.3	0.0	1	421911	n/a
206.01953125	0.3	1.0	2	421928	n/a
206.02783203125	0.3	1.0	2	421945	n/a
206.0361328125	0.3	0.0	1	421962	n/a
206.04443359375	0.3	1.0	2	421979	n/a
206.05322265625	0.3	0.0	1	421997	n/a
206.0615234375	0.3	0.0	1	422014	n/a
206.06982421875	0.3	1.0	2	422031	n/a
206.078125	0.3	1.0	2	422048	n/a
206.08642578125	0.3	0.0	1	422065	n/a
206.0947265625	0.3	0.0	1	422082	n/a
206.10302734375	0.3	1.0	2	422099	n/a
206.111328125	0.3	1.0	2	422116	n/a
206.11962890625	0.3	0.0	1	422133	n/a
206.1279296875	0.3	1.0	2	422150	n/a
206.13623046875	0.3	0.0	1	422167	n/a
206.14453125	0.3	1.0	2	422184	n/a
206.15283203125	0.3	0.0	1	422201	n/a
206.1611328125	0.3	1.0	2	422218	n/a
206.16943359375	0.3	0.0	1	422235	n/a
206.17822265625	0.3	1.0	2	422253	n/a
206.1865234375	0.3	0.0	1	422270	n/a
206.19482421875	0.3	1.0	2	422287	n/a
206.203125	0.3	0.0	1	422304	n/a
206.21142578125	0.3	0.0	1	422321	n/a
206.2197265625	0.3	1.0	2	422338	n/a
206.22802734375	0.3	0.0	1	422355	n/a
206.236328125	0.3	1.0	2	422372	n/a
206.24462890625	0.3	1.0	2	422389	n/a
206.2529296875	0.3	0.0	1	422406	n/a
206.26123046875	0.3	1.0	2	422423	n/a
206.26953125	0.3	0.0	1	422440	n/a
206.27783203125	0.3	0.0	1	422457	n/a
206.2861328125	0.3	1.0	2	422474	n/a
206.29443359375	0.3	0.0	1	422491	n/a
206.30322265625	0.3	1.0	2	422509	n/a
208.7119140625	0.3	1.0	2	427442	31.0
208.72021484375	0.3	0.0	1	427459	n/a
208.728515625	0.3	0.0	1	427476	n/a
208.73681640625	0.3	1.0	2	427493	n/a
208.7451171875	0.3	0.0	1	427510	n/a
208.75341796875	0.3	1.0	2	427527	n/a
208.76171875	0.3	0.0	1	427544	n/a
208.77001953125	0.3	1.0	2	427561	n/a
208.77880859375	0.3	1.0	2	427579	n/a
208.787109375	0.3	0.0	1	427596	n/a
208.79541015625	0.3	0.0	1	427613	n/a
208.8037109375	0.3	1.0	2	427630	n/a
208.81201171875	0.3	1.0	2	427647	n/a
208.8203125	0.3	0.0	1	427664	n/a
208.82861328125	0.3	1.0	2	427681	n/a
208.8369140625	0.3	0.0	1	427698	n/a
208.84521484375	0.3	1.0	2	427715	n/a
208.853515625	0.3	0.0	1	427732	n/a
208.86181640625	0.3	0.0	1	427749	n/a
208.8701171875	0.3	1.0	2	427766	n/a
208.87841796875	0.3	0.0	1	427783	n/a
208.88671875	0.3	1.0	2	427800	n/a
208.89501953125	0.3	1.0	2	427817	n/a
208.90380859375	0.3	0.0	1	427835	n/a
208.912109375	0.3	0.0	1	427852	n/a
208.92041015625	0.3	1.0	2	427869	n/a
208.9287109375	0.3	0.0	1	427886	n/a
208.93701171875	0.3	1.0	2	427903	n/a
208.9453125	0.3	0.0	1	427920	n/a
208.95361328125	0.3	1.0	2	427937	n/a
208.9619140625	0.3	1.0	2	427954	n/a
208.97021484375	0.3	0.0	1	427971	n/a
208.978515625	0.3	0.0	1	427988	n/a
208.98681640625	0.3	1.0	2	428005	n/a
208.9951171875	0.3	0.0	1	428022	n/a
209.00341796875	0.3	1.0	2	428039	n/a
209.01171875	0.3	1.0	2	428056	n/a
209.02001953125	0.3	0.0	1	428073	n/a
209.02880859375	0.3	0.0	1	428091	n/a
209.037109375	0.3	1.0	2	428108	n/a
209.04541015625	0.3	0.0	1	428125	n/a
209.0537109375	0.3	1.0	2	428142	n/a
209.06201171875	0.3	1.0	2	428159	n/a
209.0703125	0.3	0.0	1	428176	n/a
209.07861328125	0.3	0.0	1	428193	n/a
209.0869140625	0.3	1.0	2	428210	n/a
209.09521484375	0.3	1.0	2	428227	n/a
209.103515625	0.3	0.0	1	428244	n/a
209.11181640625	0.3	1.0	2	428261	n/a
209.1201171875	0.3	0.0	1	428278	n/a
209.12841796875	0.3	0.0	1	428295	n/a
209.13671875	0.3	1.0	2	428312	n/a
209.14501953125	0.3	1.0	2	428329	n/a
209.15380859375	0.3	0.0	1	428347	n/a
209.162109375	0.3	0.0	1	428364	n/a
209.17041015625	0.3	1.0	2	428381	n/a
209.1787109375	0.3	0.0	1	428398	n/a
209.18701171875	0.3	1.0	2	428415	n/a
209.1953125	0.3	0.0	1	428432	n/a
209.20361328125	0.3	1.0	2	428449	n/a
209.2119140625	0.3	0.0	1	428466	n/a
209.22021484375	0.3	1.0	2	428483	n/a
209.228515625	0.3	1.0	2	428500	n/a
209.23681640625	0.3	0.0	1	428517	n/a
209.2451171875	0.3	0.0	1	428534	n/a
209.25341796875	0.3	1.0	2	428551	n/a
209.26171875	0.3	0.0	1	428568	n/a
209.27001953125	0.3	1.0	2	428585	n/a
209.27880859375	0.3	1.0	2	428603	n/a
209.287109375	0.3	0.0	1	428620	n/a
209.29541015625	0.3	1.0	2	428637	n/a
209.3037109375	0.3	0.0	1	428654	n/a
209.31201171875	0.3	0.0	1	428671	n/a
209.3203125	0.3	1.0	2	428688	n/a
209.32861328125	0.3	1.0	2	428705	n/a
209.3369140625	0.3	0.0	1	428722	n/a
209.34521484375	0.3	0.0	1	428739	n/a
209.353515625	0.3	1.0	2	428756	n/a
209.36181640625	0.3	0.0	1	428773	n/a
209.3701171875	0.3	1.0	2	428790	n/a
209.37841796875	0.3	1.0	2	428807	n/a
209.38671875	0.3	0.0	1	428824	n/a
209.39501953125	0.3	1.0	2	428841	n/a
209.40380859375	0.3	0.0	1	428859	n/a
209.412109375	0.3	1.0	2	428876	n/a
209.42041015625	0.3	0.0	1	428893	n/a
209.4287109375	0.3	1.0	2	428910	n/a
209.43701171875	0.3	0.0	1	428927	n/a
209.4453125	0.3	0.0	1	428944	n/a
209.45361328125	0.3	1.0	2	428961	n/a
209.4619140625	0.3	0.0	1	428978	n/a
209.47021484375	0.3	1.0	2	428995	n/a
209.478515625	0.3	0.0	1	429012	n/a
209.48681640625	0.3	1.0	2	429029	n/a
209.4951171875	0.3	0.0	1	429046	n/a
209.50341796875	0.3	1.0	2	429063	n/a
209.51171875	0.3	0.0	1	429080	n/a
209.52001953125	0.3	1.0	2	429097	n/a
209.52880859375	0.3	0.0	1	429115	n/a
209.537109375	0.3	1.0	2	429132	n/a
209.54541015625	0.3	0.0	1	429149	n/a
209.5537109375	0.3	1.0	2	429166	n/a
209.56201171875	0.3	1.0	2	429183	n/a
209.5703125	0.3	0.0	1	429200	n/a
209.57861328125	0.3	0.0	1	429217	n/a
209.5869140625	0.3	1.0	2	429234	n/a
209.59521484375	0.3	0.0	1	429251	n/a
209.603515625	0.3	1.0	2	429268	n/a
209.61181640625	0.3	1.0	2	429285	n/a
209.6201171875	0.3	0.0	1	429302	n/a
209.62841796875	0.3	0.0	1	429319	n/a
209.63671875	0.3	1.0	2	429336	n/a
209.64501953125	0.3	0.0	1	429353	n/a
209.65380859375	0.3	1.0	2	429371	n/a
209.662109375	0.3	0.0	1	429388	n/a
209.67041015625	0.3	1.0	2	429405	n/a
209.6787109375	0.3	0.0	1	429422	n/a
209.68701171875	0.3	1.0	2	429439	n/a
209.6953125	0.3	1.0	2	429456	n/a
209.70361328125	0.3	0.0	1	429473	n/a
209.7119140625	0.3	0.0	1	429490	n/a
209.72021484375	0.3	1.0	2	429507	n/a
209.728515625	0.3	0.0	1	429524	n/a
209.73681640625	0.3	1.0	2	429541	n/a
209.7451171875	0.3	0.0	1	429558	n/a
209.75341796875	0.3	1.0	2	429575	n/a
209.76171875	0.3	1.0	2	429592	n/a
209.77001953125	0.3	0.0	1	429609	n/a
209.77880859375	0.3	0.0	1	429627	n/a
209.787109375	0.3	1.0	2	429644	n/a
209.79541015625	0.3	0.0	1	429661	n/a
209.8037109375	0.3	1.0	2	429678	n/a
209.81201171875	0.3	0.0	1	429695	n/a
209.8203125	0.3	1.0	2	429712	n/a
209.82861328125	0.3	1.0	2	429729	n/a
209.8369140625	0.3	0.0	1	429746	n/a
209.84521484375	0.3	0.0	1	429763	n/a
209.853515625	0.3	1.0	2	429780	n/a
209.86181640625	0.3	1.0	2	429797	n/a
209.8701171875	0.3	0.0	1	429814	n/a
209.87841796875	0.3	1.0	2	429831	n/a
209.88671875	0.3	0.0	1	429848	n/a
209.89501953125	0.3	1.0	2	429865	n/a
209.90380859375	0.3	0.0	1	429883	n/a
209.912109375	0.3	0.0	1	429900	n/a
209.92041015625	0.3	1.0	2	429917	n/a
209.9287109375	0.3	0.0	1	429934	n/a
209.93701171875	0.3	1.0	2	429951	n/a
209.9453125	0.3	1.0	2	429968	n/a
209.95361328125	0.3	0.0	1	429985	n/a
209.9619140625	0.3	0.0	1	430002	n/a
209.97021484375	0.3	1.0	2	430019	n/a
209.978515625	0.3	0.0	1	430036	n/a
209.98681640625	0.3	1.0	2	430053	n/a
209.9951171875	0.3	0.0	1	430070	n/a
210.00341796875	0.3	1.0	2	430087	n/a
210.01171875	0.3	1.0	2	430104	n/a
210.02001953125	0.3	0.0	1	430121	n/a
210.02880859375	0.3	0.0	1	430139	n/a
210.037109375	0.3	1.0	2	430156	n/a
210.04541015625	0.3	0.0	1	430173	n/a
210.0537109375	0.3	1.0	2	430190	n/a
210.06201171875	0.3	1.0	2	430207	n/a
210.0703125	0.3	0.0	1	430224	n/a
210.07861328125	0.3	0.0	1	430241	n/a
210.0869140625	0.3	1.0	2	430258	n/a
210.09521484375	0.3	0.0	1	430275	n/a
210.103515625	0.3	1.0	2	430292	n/a
210.11181640625	0.3	1.0	2	430309	n/a
210.1201171875	0.3	0.0	1	430326	n/a
210.12841796875	0.3	0.0	1	430343	n/a
210.13671875	0.3	1.0	2	430360	n/a
210.14501953125	0.3	1.0	2	430377	n/a
210.15380859375	0.3	0.0	1	430395	n/a
210.162109375	0.3	1.0	2	430412	n/a
210.17041015625	0.3	0.0	1	430429	n/a
210.1787109375	0.3	0.0	1	430446	n/a
210.18701171875	0.3	1.0	2	430463	n/a
210.1953125	0.3	1.0	2	430480	n/a
210.20361328125	0.3	0.0	1	430497	n/a
210.2119140625	0.3	0.0	1	430514	n/a
210.22021484375	0.3	1.0	2	430531	n/a
210.228515625	0.3	0.0	1	430548	n/a
210.23681640625	0.3	1.0	2	430565	n/a
210.2451171875	0.3	0.0	1	430582	n/a
210.25341796875	0.3	1.0	2	430599	n/a
210.26171875	0.3	0.0	1	430616	n/a
210.27001953125	0.3	1.0	2	430633	n/a
210.27880859375	0.3	1.0	2	430651	n/a
210.287109375	0.3	0.0	1	430668	n/a
210.29541015625	0.3	0.0	1	430685	n/a
210.3037109375	0.3	1.0	2	430702	n/a
210.31201171875	0.3	0.0	1	430719	n/a
210.3203125	0.3	1.0	2	430736	n/a
210.32861328125	0.3	1.0	2	430753	n/a
210.3369140625	0.3	0.0	1	430770	n/a
210.34521484375	0.3	1.0	2	430787	n/a
210.353515625	0.3	0.0	1	430804	n/a
210.36181640625	0.3	0.0	1	430821	n/a
210.3701171875	0.3	1.0	2	430838	n/a
210.37841796875	0.3	1.0	2	430855	n/a
210.38671875	0.3	0.0	1	430872	n/a
210.39501953125	0.3	0.0	1	430889	n/a
210.40380859375	0.3	1.0	2	430907	n/a
210.412109375	0.3	0.0	1	430924	n/a
210.42041015625	0.3	1.0	2	430941	n/a
210.4287109375	0.3	1.0	2	430958	n/a
210.43701171875	0.3	0.0	1	430975	n/a
210.4453125	0.3	1.0	2	430992	n/a
210.45361328125	0.3	0.0	1	431009	n/a
210.4619140625	0.3	1.0	2	431026	n/a
210.47021484375	0.3	0.0	1	431043	n/a
210.478515625	0.3	1.0	2	431060	n/a
210.48681640625	0.3	0.0	1	431077	n/a
210.4951171875	0.3	0.0	1	431094	n/a
210.50341796875	0.3	1.0	2	431111	n/a
210.51171875	0.3	0.0	1	431128	n/a
210.52001953125	0.3	1.0	2	431145	n/a
210.52880859375	0.3	0.0	1	431163	n/a
210.537109375	0.3	1.0	2	431180	n/a
210.54541015625	0.3	0.0	1	431197	n/a
210.5537109375	0.3	1.0	2	431214	n/a
210.56201171875	0.3	0.0	1	431231	n/a
210.5703125	0.3	1.0	2	431248	n/a
210.57861328125	0.3	0.0	1	431265	n/a
210.5869140625	0.3	1.0	2	431282	n/a
210.59521484375	0.3	0.0	1	431299	n/a
210.603515625	0.3	1.0	2	431316	n/a
210.61181640625	0.3	1.0	2	431333	n/a
210.6201171875	0.3	0.0	1	431350	n/a
210.62841796875	0.3	0.0	1	431367	n/a
210.63671875	0.3	1.0	2	431384	n/a
210.64501953125	0.3	0.0	1	431401	n/a
210.65380859375	0.3	1.0	2	431419	n/a
210.662109375	0.3	1.0	2	431436	n/a
210.67041015625	0.3	0.0	1	431453	n/a
210.6787109375	0.3	0.0	1	431470	n/a
210.68701171875	0.3	1.0	2	431487	n/a
210.6953125	0.3	0.0	1	431504	n/a
210.70361328125	0.3	1.0	2	431521	n/a
210.7119140625	0.3	0.0	1	431538	n/a
210.72021484375	0.3	1.0	2	431555	n/a
210.728515625	0.3	0.0	1	431572	n/a
210.73681640625	0.3	1.0	2	431589	n/a
210.7451171875	0.3	1.0	2	431606	n/a
210.75341796875	0.3	0.0	1	431623	n/a
210.76171875	0.3	0.0	1	431640	n/a
210.77001953125	0.3	1.0	2	431657	n/a
210.77880859375	0.3	0.0	1	431675	n/a
210.787109375	0.3	1.0	2	431692	n/a
210.79541015625	0.3	0.0	1	431709	n/a
210.8037109375	0.3	1.0	2	431726	n/a
210.81201171875	0.3	1.0	2	431743	n/a
210.8203125	0.3	0.0	1	431760	n/a
210.82861328125	0.3	0.0	1	431777	n/a
210.8369140625	0.3	1.0	2	431794	n/a
210.84521484375	0.3	0.0	1	431811	n/a
210.853515625	0.3	1.0	2	431828	n/a
210.86181640625	0.3	0.0	1	431845	n/a
210.8701171875	0.3	1.0	2	431862	n/a
210.87841796875	0.3	1.0	2	431879	n/a
210.88671875	0.3	0.0	1	431896	n/a
210.89501953125	0.3	0.0	1	431913	n/a
210.90380859375	0.3	1.0	2	431931	n/a
210.912109375	0.3	1.0	2	431948	n/a
210.92041015625	0.3	0.0	1	431965	n/a
210.9287109375	0.3	1.0	2	431982	n/a
210.93701171875	0.3	0.0	1	431999	n/a
210.9453125	0.3	1.0	2	432016	n/a
210.95361328125	0.3	0.0	1	432033	n/a
210.9619140625	0.3	0.0	1	432050	n/a
210.97021484375	0.3	1.0	2	432067	n/a
210.978515625	0.3	0.0	1	432084	n/a
210.98681640625	0.3	1.0	2	432101	n/a
210.9951171875	0.3	1.0	2	432118	n/a
211.00341796875	0.3	0.0	1	432135	n/a
211.01171875	0.3	0.0	1	432152	n/a
211.02001953125	0.3	1.0	2	432169	n/a
211.02880859375	0.3	0.0	1	432187	n/a
211.037109375	0.3	1.0	2	432204	n/a
211.04541015625	0.3	0.0	1	432221	n/a
211.0537109375	0.3	1.0	2	432238	n/a
211.06201171875	0.3	1.0	2	432255	n/a
211.0703125	0.3	0.0	1	432272	n/a
211.07861328125	0.3	0.0	1	432289	n/a
211.0869140625	0.3	1.0	2	432306	n/a
211.09521484375	0.3	0.0	1	432323	n/a
211.103515625	0.3	1.0	2	432340	n/a
211.11181640625	0.3	1.0	2	432357	n/a
211.1201171875	0.3	0.0	1	432374	n/a
211.12841796875	0.3	0.0	1	432391	n/a
211.13671875	0.3	1.0	2	432408	n/a
211.14501953125	0.3	0.0	1	432425	n/a
211.15380859375	0.3	1.0	2	432443	n/a
211.162109375	0.3	1.0	2	432460	n/a
211.17041015625	0.3	0.0	1	432477	n/a
211.1787109375	0.3	0.0	1	432494	n/a
211.18701171875	0.3	1.0	2	432511	n/a
211.1953125	0.3	1.0	2	432528	n/a
211.20361328125	0.3	0.0	1	432545	n/a
211.2119140625	0.3	1.0	2	432562	n/a
211.22021484375	0.3	0.0	1	432579	n/a
211.228515625	0.3	0.0	1	432596	n/a
211.23681640625	0.3	1.0	2	432613	n/a
211.2451171875	0.3	1.0	2	432630	n/a
211.25341796875	0.3	0.0	1	432647	n/a
211.26171875	0.3	0.0	1	432664	n/a
211.27001953125	0.3	1.0	2	432681	n/a
211.27880859375	0.3	0.0	1	432699	n/a
211.287109375	0.3	1.0	2	432716	n/a
211.29541015625	0.3	0.0	1	432733	n/a
211.3037109375	0.3	1.0	2	432750	n/a
211.31201171875	0.3	0.0	1	432767	n/a
211.3203125	0.3	1.0	2	432784	n/a
211.32861328125	0.3	1.0	2	432801	n/a
211.3369140625	0.3	0.0	1	432818	n/a
211.34521484375	0.3	0.0	1	432835	n/a
211.353515625	0.3	1.0	2	432852	n/a
211.36181640625	0.3	0.0	1	432869	n/a
211.3701171875	0.3	1.0	2	432886	n/a
211.37841796875	0.3	1.0	2	432903	n/a
211.38671875	0.3	0.0	1	432920	n/a
211.39501953125	0.3	1.0	2	432937	n/a
211.40380859375	0.3	0.0	1	432955	n/a
211.412109375	0.3	0.0	1	432972	n/a
211.42041015625	0.3	1.0	2	432989	n/a
211.4287109375	0.3	1.0	2	433006	n/a
211.43701171875	0.3	0.0	1	433023	n/a
211.4453125	0.3	0.0	1	433040	n/a
211.45361328125	0.3	1.0	2	433057	n/a
211.4619140625	0.3	0.0	1	433074	n/a
211.47021484375	0.3	1.0	2	433091	n/a
211.478515625	0.3	1.0	2	433108	n/a
211.48681640625	0.3	0.0	1	433125	n/a
211.4951171875	0.3	1.0	2	433142	n/a
211.50341796875	0.3	0.0	1	433159	n/a
211.51171875	0.3	1.0	2	433176	n/a
211.52001953125	0.3	0.0	1	433193	n/a
211.52880859375	0.3	1.0	2	433211	n/a
211.537109375	0.3	0.0	1	433228	n/a
211.54541015625	0.3	0.0	1	433245	n/a
211.5537109375	0.3	1.0	2	433262	n/a
211.56201171875	0.3	0.0	1	433279	n/a
211.5703125	0.3	1.0	2	433296	n/a
211.57861328125	0.3	0.0	1	433313	n/a
211.5869140625	0.3	1.0	2	433330	n/a
211.59521484375	0.3	0.0	1	433347	n/a
211.603515625	0.3	1.0	2	433364	n/a
211.61181640625	0.3	0.0	1	433381	n/a
211.6201171875	0.3	1.0	2	433398	n/a
211.62841796875	0.3	0.0	1	433415	n/a
211.63671875	0.3	1.0	2	433432	n/a
211.64501953125	0.3	0.0	1	433449	n/a
211.65380859375	0.3	1.0	2	433467	n/a
211.662109375	0.3	1.0	2	433484	n/a
211.67041015625	0.3	0.0	1	433501	n/a
211.6787109375	0.3	0.0	1	433518	n/a
211.68701171875	0.3	1.0	2	433535	n/a
211.6953125	0.3	0.0	1	433552	n/a
211.70361328125	0.3	1.0	2	433569	n/a
211.7119140625	0.3	1.0	2	433586	n/a
211.72021484375	0.3	0.0	1	433603	n/a
211.728515625	0.3	0.0	1	433620	n/a
211.73681640625	0.3	1.0	2	433637	n/a
211.7451171875	0.3	0.0	1	433654	n/a
211.75341796875	0.3	1.0	2	433671	n/a
211.76171875	0.3	0.0	1	433688	n/a
211.77001953125	0.3	1.0	2	433705	n/a
211.77880859375	0.3	0.0	1	433723	n/a
211.787109375	0.3	1.0	2	433740	n/a
211.79541015625	0.3	1.0	2	433757	n/a
211.8037109375	0.3	0.0	1	433774	n/a
211.81201171875	0.3	0.0	1	433791	n/a
211.8203125	0.3	1.0	2	433808	n/a
211.82861328125	0.3	0.0	1	433825	n/a
211.8369140625	0.3	1.0	2	433842	n/a
211.84521484375	0.3	0.0	1	433859	n/a
211.853515625	0.3	1.0	2	433876	n/a
211.86181640625	0.3	1.0	2	433893	n/a
211.8701171875	0.3	0.0	1	433910	n/a
211.87841796875	0.3	0.0	1	433927	n/a
211.88671875	0.3	1.0	2	433944	n/a
211.89501953125	0.3	0.0	1	433961	n/a
211.90380859375	0.3	1.0	2	433979	n/a
211.912109375	0.3	0.0	1	433996	n/a
211.92041015625	0.3	1.0	2	434013	n/a
211.9287109375	0.3	1.0	2	434030	n/a
211.93701171875	0.3	0.0	1	434047	n/a
211.9453125	0.3	0.0	1	434064	n/a
211.95361328125	0.3	1.0	2	434081	n/a
211.9619140625	0.3	1.0	2	434098	n/a
211.97021484375	0.3	0.0	1	434115	n/a
211.978515625	0.3	1.0	2	434132	n/a
211.98681640625	0.3	0.0	1	434149	n/a
211.9951171875	0.3	1.0	2	434166	n/a
212.00341796875	0.3	0.0	1	434183	n/a
212.01171875	0.3	0.0	1	434200	n/a
212.02001953125	0.3	1.0	2	434217	n/a
212.02880859375	0.3	0.0	1	434235	n/a
212.037109375	0.3	1.0	2	434252	n/a
212.04541015625	0.3	1.0	2	434269	n/a
212.0537109375	0.3	0.0	1	434286	n/a
212.06201171875	0.3	0.0	1	434303	n/a
212.0703125	0.3	1.0	2	434320	n/a
212.07861328125	0.3	0.0	1	434337	n/a
212.0869140625	0.3	1.0	2	434354	n/a
212.09521484375	0.3	0.0	1	434371	n/a
212.103515625	0.3	1.0	2	434388	n/a
212.11181640625	0.3	1.0	2	434405	n/a
212.1201171875	0.3	0.0	1	434422	n/a
212.12841796875	0.3	0.0	1	434439	n/a
212.13671875	0.3	1.0	2	434456	n/a
212.14501953125	0.3	0.0	1	434473	n/a
212.15380859375	0.3	1.0	2	434491	n/a
212.162109375	0.3	1.0	2	434508	n/a
212.17041015625	0.3	0.0	1	434525	n/a
212.1787109375	0.3	0.0	1	434542	n/a
212.18701171875	0.3	1.0	2	434559	n/a
212.1953125	0.3	0.0	1	434576	n/a
212.20361328125	0.3	1.0	2	434593	n/a
212.2119140625	0.3	1.0	2	434610	n/a
212.22021484375	0.3	0.0	1	434627	n/a
212.228515625	0.3	0.0	1	434644	n/a
212.23681640625	0.3	1.0	2	434661	n/a
212.2451171875	0.3	1.0	2	434678	n/a
212.25341796875	0.3	0.0	1	434695	n/a
212.26171875	0.3	1.0	2	434712	n/a
212.27001953125	0.3	0.0	1	434729	n/a
212.27880859375	0.3	0.0	1	434747	n/a
212.287109375	0.3	1.0	2	434764	n/a
212.29541015625	0.3	1.0	2	434781	n/a
212.3037109375	0.3	0.0	1	434798	n/a
212.31201171875	0.3	0.0	1	434815	n/a
212.3203125	0.3	1.0	2	434832	n/a
212.32861328125	0.3	0.0	1	434849	n/a
212.3369140625	0.3	1.0	2	434866	n/a
212.34521484375	0.3	0.0	1	434883	n/a
212.353515625	0.3	1.0	2	434900	n/a
212.36181640625	0.3	0.0	1	434917	n/a
212.3701171875	0.3	1.0	2	434934	n/a
212.37841796875	0.3	1.0	2	434951	n/a
212.38671875	0.3	0.0	1	434968	n/a
212.39501953125	0.3	0.0	1	434985	n/a
212.40380859375	0.3	1.0	2	435003	n/a
212.412109375	0.3	0.0	1	435020	n/a
212.42041015625	0.3	1.0	2	435037	n/a
212.4287109375	0.3	1.0	2	435054	n/a
212.43701171875	0.3	0.0	1	435071	n/a
212.4453125	0.3	1.0	2	435088	n/a
212.45361328125	0.3	0.0	1	435105	n/a
212.4619140625	0.3	0.0	1	435122	n/a
212.47021484375	0.3	1.0	2	435139	n/a
212.478515625	0.3	1.0	2	435156	n/a
212.48681640625	0.3	0.0	1	435173	n/a
212.4951171875	0.3	0.0	1	435190	n/a
212.50341796875	0.3	1.0	2	435207	n/a
212.51171875	0.3	0.0	1	435224	n/a
212.52001953125	0.3	1.0	2	435241	n/a
212.52880859375	0.3	1.0	2	435259	n/a
212.537109375	0.3	0.0	1	435276	n/a
212.54541015625	0.3	1.0	2	435293	n/a
212.5537109375	0.3	0.0	1	435310	n/a
212.56201171875	0.3	1.0	2	435327	n/a
212.5703125	0.3	0.0	1	435344	n/a
212.57861328125	0.3	1.0	2	435361	n/a
212.5869140625	0.3	0.0	1	435378	n/a
212.59521484375	0.3	0.0	1	435395	n/a
212.603515625	0.3	1.0	2	435412	n/a
212.61181640625	0.3	0.0	1	435429	n/a
212.6201171875	0.3	1.0	2	435446	n/a
212.62841796875	0.3	0.0	1	435463	n/a
212.63671875	0.3	1.0	2	435480	n/a
212.64501953125	0.3	0.0	1	435497	n/a
212.65380859375	0.3	1.0	2	435515	n/a
212.662109375	0.3	0.0	1	435532	n/a
212.67041015625	0.3	1.0	2	435549	n/a
212.6787109375	0.3	0.0	1	435566	n/a
212.68701171875	0.3	1.0	2	435583	n/a
212.6953125	0.3	0.0	1	435600	n/a
212.70361328125	0.3	1.0	2	435617	n/a
212.7119140625	0.3	1.0	2	435634	n/a
212.72021484375	0.3	0.0	1	435651	n/a
212.728515625	0.3	0.0	1	435668	n/a
212.73681640625	0.3	1.0	2	435685	n/a
212.7451171875	0.3	0.0	1	435702	n/a
212.75341796875	0.3	1.0	2	435719	n/a
212.76171875	0.3	1.0	2	435736	n/a
212.77001953125	0.3	0.0	1	435753	n/a
212.77880859375	0.3	0.0	1	435771	n/a
212.787109375	0.3	1.0	2	435788	n/a
212.79541015625	0.3	0.0	1	435805	n/a
212.8037109375	0.3	1.0	2	435822	n/a
212.81201171875	0.3	0.0	1	435839	n/a
212.8203125	0.3	1.0	2	435856	n/a
212.82861328125	0.3	0.0	1	435873	n/a
212.8369140625	0.3	1.0	2	435890	n/a
212.84521484375	0.3	1.0	2	435907	n/a
212.853515625	0.3	0.0	1	435924	n/a
212.86181640625	0.3	0.0	1	435941	n/a
212.8701171875	0.3	1.0	2	435958	n/a
212.87841796875	0.3	0.0	1	435975	n/a
212.88671875	0.3	1.0	2	435992	n/a
212.89501953125	0.3	0.0	1	436009	n/a
212.90380859375	0.3	1.0	2	436027	n/a
215.2958984375	0.3	1.0	2	440926	18.0
215.30419921875	0.3	0.0	1	440943	n/a
215.3125	0.3	1.0	2	440960	n/a
215.32080078125	0.3	0.0	1	440977	n/a
215.3291015625	0.3	0.0	1	440994	n/a
215.33740234375	0.3	1.0	2	441011	n/a
215.345703125	0.3	1.0	2	441028	n/a
215.35400390625	0.3	0.0	1	441045	n/a
215.36279296875	0.3	0.0	1	441063	n/a
215.37109375	0.3	1.0	2	441080	n/a
215.37939453125	0.3	1.0	2	441097	n/a
215.3876953125	0.3	0.0	1	441114	n/a
215.39599609375	0.3	0.0	1	441131	n/a
215.404296875	0.3	1.0	2	441148	n/a
215.41259765625	0.3	0.0	1	441165	n/a
215.4208984375	0.3	1.0	2	441182	n/a
215.42919921875	0.3	0.0	1	441199	n/a
215.4375	0.3	1.0	2	441216	n/a
215.44580078125	0.3	0.0	1	441233	n/a
215.4541015625	0.3	1.0	2	441250	n/a
215.46240234375	0.3	0.0	1	441267	n/a
215.470703125	0.3	1.0	2	441284	n/a
215.47900390625	0.3	0.0	1	441301	n/a
215.48779296875	0.3	1.0	2	441319	n/a
215.49609375	0.3	0.0	1	441336	n/a
215.50439453125	0.3	1.0	2	441353	n/a
215.5126953125	0.3	1.0	2	441370	n/a
215.52099609375	0.3	0.0	1	441387	n/a
215.529296875	0.3	0.0	1	441404	n/a
215.53759765625	0.3	1.0	2	441421	n/a
215.5458984375	0.3	0.0	1	441438	n/a
215.55419921875	0.3	1.0	2	441455	n/a
215.5625	0.3	0.0	1	441472	n/a
215.57080078125	0.3	1.0	2	441489	n/a
215.5791015625	0.3	0.0	1	441506	n/a
215.58740234375	0.3	1.0	2	441523	n/a
215.595703125	0.3	1.0	2	441540	n/a
215.60400390625	0.3	0.0	1	441557	n/a
215.61279296875	0.3	1.0	2	441575	n/a
215.62109375	0.3	0.0	1	441592	n/a
215.62939453125	0.3	1.0	2	441609	n/a
215.6376953125	0.3	0.0	1	441626	n/a
215.64599609375	0.3	1.0	2	441643	n/a
215.654296875	0.3	0.0	1	441660	n/a
215.66259765625	0.3	0.0	1	441677	n/a
215.6708984375	0.3	1.0	2	441694	n/a
215.67919921875	0.3	0.0	1	441711	n/a
215.6875	0.3	1.0	2	441728	n/a
215.69580078125	0.3	0.0	1	441745	n/a
215.7041015625	0.3	1.0	2	441762	n/a
215.71240234375	0.3	1.0	2	441779	n/a
215.720703125	0.3	0.0	1	441796	n/a
215.72900390625	0.3	0.0	1	441813	n/a
215.73779296875	0.3	1.0	2	441831	n/a
215.74609375	0.3	0.0	1	441848	n/a
215.75439453125	0.3	1.0	2	441865	n/a
215.7626953125	0.3	1.0	2	441882	n/a
215.77099609375	0.3	0.0	1	441899	n/a
215.779296875	0.3	1.0	2	441916	n/a
215.78759765625	0.3	0.0	1	441933	n/a
215.7958984375	0.3	1.0	2	441950	n/a
215.80419921875	0.3	0.0	1	441967	n/a
215.8125	0.3	1.0	2	441984	n/a
215.82080078125	0.3	0.0	1	442001	n/a
215.8291015625	0.3	1.0	2	442018	n/a
215.83740234375	0.3	0.0	1	442035	n/a
215.845703125	0.3	0.0	1	442052	n/a
215.85400390625	0.3	1.0	2	442069	n/a
215.86279296875	0.3	0.0	1	442087	n/a
215.87109375	0.3	1.0	2	442104	n/a
215.87939453125	0.3	0.0	1	442121	n/a
215.8876953125	0.3	1.0	2	442138	n/a
215.89599609375	0.3	0.0	1	442155	n/a
215.904296875	0.3	1.0	2	442172	n/a
215.91259765625	0.3	0.0	1	442189	n/a
215.9208984375	0.3	1.0	2	442206	n/a
215.92919921875	0.3	0.0	1	442223	n/a
215.9375	0.3	1.0	2	442240	n/a
215.94580078125	0.3	0.0	1	442257	n/a
215.9541015625	0.3	1.0	2	442274	n/a
215.96240234375	0.3	0.0	1	442291	n/a
215.970703125	0.3	1.0	2	442308	n/a
215.97900390625	0.3	0.0	1	442325	n/a
215.98779296875	0.3	1.0	2	442343	n/a
215.99609375	0.3	1.0	2	442360	n/a
216.00439453125	0.3	0.0	1	442377	n/a
216.0126953125	0.3	0.0	1	442394	n/a
216.02099609375	0.3	1.0	2	442411	n/a
216.029296875	0.3	1.0	2	442428	n/a
216.03759765625	0.3	0.0	1	442445	n/a
216.0458984375	0.3	0.0	1	442462	n/a
216.05419921875	0.3	1.0	2	442479	n/a
216.0625	0.3	0.0	1	442496	n/a
216.07080078125	0.3	1.0	2	442513	n/a
216.0791015625	0.3	0.0	1	442530	n/a
216.08740234375	0.3	1.0	2	442547	n/a
216.095703125	0.3	1.0	2	442564	n/a
216.10400390625	0.3	0.0	1	442581	n/a
216.11279296875	0.3	0.0	1	442599	n/a
216.12109375	0.3	1.0	2	442616	n/a
216.12939453125	0.3	0.0	1	442633	n/a
216.1376953125	0.3	1.0	2	442650	n/a
216.14599609375	0.3	0.0	1	442667	n/a
216.154296875	0.3	1.0	2	442684	n/a
216.16259765625	0.3	0.0	1	442701	n/a
216.1708984375	0.3	1.0	2	442718	n/a
216.17919921875	0.3	0.0	1	442735	n/a
216.1875	0.3	1.0	2	442752	n/a
216.19580078125	0.3	1.0	2	442769	n/a
216.2041015625	0.3	0.0	1	442786	n/a
216.21240234375	0.3	0.0	1	442803	n/a
216.220703125	0.3	1.0	2	442820	n/a
216.22900390625	0.3	1.0	2	442837	n/a
216.23779296875	0.3	0.0	1	442855	n/a
216.24609375	0.3	1.0	2	442872	n/a
216.25439453125	0.3	0.0	1	442889	n/a
216.2626953125	0.3	1.0	2	442906	n/a
216.27099609375	0.3	0.0	1	442923	n/a
216.279296875	0.3	1.0	2	442940	n/a
216.28759765625	0.3	0.0	1	442957	n/a
216.2958984375	0.3	0.0	1	442974	n/a
216.30419921875	0.3	1.0	2	442991	n/a
216.3125	0.3	0.0	1	443008	n/a
216.32080078125	0.3	1.0	2	443025	n/a
216.3291015625	0.3	0.0	1	443042	n/a
216.33740234375	0.3	1.0	2	443059	n/a
216.345703125	0.3	1.0	2	443076	n/a
216.35400390625	0.3	0.0	1	443093	n/a
216.36279296875	0.3	1.0	2	443111	n/a
216.37109375	0.3	0.0	1	443128	n/a
216.37939453125	0.3	0.0	1	443145	n/a
216.3876953125	0.3	1.0	2	443162	n/a
216.39599609375	0.3	1.0	2	443179	n/a
216.404296875	0.3	0.0	1	443196	n/a
216.41259765625	0.3	0.0	1	443213	n/a
216.4208984375	0.3	1.0	2	443230	n/a
216.42919921875	0.3	1.0	2	443247	n/a
216.4375	0.3	0.0	1	443264	n/a
216.44580078125	0.3	0.0	1	443281	n/a
216.4541015625	0.3	1.0	2	443298	n/a
216.46240234375	0.3	0.0	1	443315	n/a
216.470703125	0.3	1.0	2	443332	n/a
216.47900390625	0.3	0.0	1	443349	n/a
216.48779296875	0.3	1.0	2	443367	n/a
216.49609375	0.3	0.0	1	443384	n/a
216.50439453125	0.3	1.0	2	443401	n/a
216.5126953125	0.3	0.0	1	443418	n/a
216.52099609375	0.3	1.0	2	443435	n/a
216.529296875	0.3	0.0	1	443452	n/a
216.53759765625	0.3	1.0	2	443469	n/a
216.5458984375	0.3	0.0	1	443486	n/a
216.55419921875	0.3	1.0	2	443503	n/a
216.5625	0.3	1.0	2	443520	n/a
216.57080078125	0.3	0.0	1	443537	n/a
216.5791015625	0.3	0.0	1	443554	n/a
216.58740234375	0.3	1.0	2	443571	n/a
216.595703125	0.3	0.0	1	443588	n/a
216.60400390625	0.3	1.0	2	443605	n/a
216.61279296875	0.3	0.0	1	443623	n/a
216.62109375	0.3	1.0	2	443640	n/a
216.62939453125	0.3	0.0	1	443657	n/a
216.6376953125	0.3	1.0	2	443674	n/a
216.64599609375	0.3	1.0	2	443691	n/a
216.654296875	0.3	0.0	1	443708	n/a
216.66259765625	0.3	1.0	2	443725	n/a
216.6708984375	0.3	0.0	1	443742	n/a
216.67919921875	0.3	1.0	2	443759	n/a
216.6875	0.3	0.0	1	443776	n/a
216.69580078125	0.3	1.0	2	443793	n/a
216.7041015625	0.3	0.0	1	443810	n/a
216.71240234375	0.3	0.0	1	443827	n/a
216.720703125	0.3	1.0	2	443844	n/a
216.72900390625	0.3	0.0	1	443861	n/a
216.73779296875	0.3	1.0	2	443879	n/a
216.74609375	0.3	0.0	1	443896	n/a
216.75439453125	0.3	1.0	2	443913	n/a
216.7626953125	0.3	1.0	2	443930	n/a
216.77099609375	0.3	0.0	1	443947	n/a
216.779296875	0.3	0.0	1	443964	n/a
216.78759765625	0.3	1.0	2	443981	n/a
216.7958984375	0.3	0.0	1	443998	n/a
216.80419921875	0.3	1.0	2	444015	n/a
216.8125	0.3	1.0	2	444032	n/a
216.82080078125	0.3	0.0	1	444049	n/a
216.8291015625	0.3	1.0	2	444066	n/a
216.83740234375	0.3	0.0	1	444083	n/a
216.845703125	0.3	1.0	2	444100	n/a
216.85400390625	0.3	0.0	1	444117	n/a
216.86279296875	0.3	1.0	2	444135	n/a
216.87109375	0.3	0.0	1	444152	n/a
216.87939453125	0.3	1.0	2	444169	n/a
216.8876953125	0.3	0.0	1	444186	n/a
216.89599609375	0.3	0.0	1	444203	n/a
216.904296875	0.3	1.0	2	444220	n/a
216.91259765625	0.3	0.0	1	444237	n/a
216.9208984375	0.3	1.0	2	444254	n/a
216.92919921875	0.3	0.0	1	444271	n/a
216.9375	0.3	1.0	2	444288	n/a
216.94580078125	0.3	0.0	1	444305	n/a
216.9541015625	0.3	1.0	2	444322	n/a
216.96240234375	0.3	0.0	1	444339	n/a
216.970703125	0.3	1.0	2	444356	n/a
216.97900390625	0.3	0.0	1	444373	n/a
216.98779296875	0.3	1.0	2	444391	n/a
216.99609375	0.3	0.0	1	444408	n/a
217.00439453125	0.3	1.0	2	444425	n/a
217.0126953125	0.3	0.0	1	444442	n/a
217.02099609375	0.3	1.0	2	444459	n/a
217.029296875	0.3	0.0	1	444476	n/a
217.03759765625	0.3	1.0	2	444493	n/a
217.0458984375	0.3	1.0	2	444510	n/a
217.05419921875	0.3	0.0	1	444527	n/a
217.0625	0.3	0.0	1	444544	n/a
217.07080078125	0.3	1.0	2	444561	n/a
217.0791015625	0.3	1.0	2	444578	n/a
217.08740234375	0.3	0.0	1	444595	n/a
217.095703125	0.3	0.0	1	444612	n/a
217.10400390625	0.3	1.0	2	444629	n/a
217.11279296875	0.3	0.0	1	444647	n/a
217.12109375	0.3	1.0	2	444664	n/a
217.12939453125	0.3	0.0	1	444681	n/a
217.1376953125	0.3	1.0	2	444698	n/a
217.14599609375	0.3	1.0	2	444715	n/a
217.154296875	0.3	0.0	1	444732	n/a
217.16259765625	0.3	0.0	1	444749	n/a
217.1708984375	0.3	1.0	2	444766	n/a
217.17919921875	0.3	0.0	1	444783	n/a
217.1875	0.3	1.0	2	444800	n/a
217.19580078125	0.3	0.0	1	444817	n/a
217.2041015625	0.3	1.0	2	444834	n/a
217.21240234375	0.3	0.0	1	444851	n/a
217.220703125	0.3	1.0	2	444868	n/a
217.22900390625	0.3	0.0	1	444885	n/a
217.23779296875	0.3	1.0	2	444903	n/a
217.24609375	0.3	1.0	2	444920	n/a
217.25439453125	0.3	0.0	1	444937	n/a
217.2626953125	0.3	0.0	1	444954	n/a
217.27099609375	0.3	1.0	2	444971	n/a
217.279296875	0.3	1.0	2	444988	n/a
217.28759765625	0.3	0.0	1	445005	n/a
217.2958984375	0.3	1.0	2	445022	n/a
217.30419921875	0.3	0.0	1	445039	n/a
217.3125	0.3	1.0	2	445056	n/a
217.32080078125	0.3	0.0	1	445073	n/a
217.3291015625	0.3	1.0	2	445090	n/a
217.33740234375	0.3	0.0	1	445107	n/a
217.345703125	0.3	0.0	1	445124	n/a
217.35400390625	0.3	1.0	2	445141	n/a
217.36279296875	0.3	0.0	1	445159	n/a
217.37109375	0.3	1.0	2	445176	n/a
217.37939453125	0.3	0.0	1	445193	n/a
217.3876953125	0.3	1.0	2	445210	n/a
217.39599609375	0.3	1.0	2	445227	n/a
217.404296875	0.3	0.0	1	445244	n/a
217.41259765625	0.3	1.0	2	445261	n/a
217.4208984375	0.3	0.0	1	445278	n/a
217.42919921875	0.3	0.0	1	445295	n/a
217.4375	0.3	1.0	2	445312	n/a
217.44580078125	0.3	1.0	2	445329	n/a
217.4541015625	0.3	0.0	1	445346	n/a
217.46240234375	0.3	0.0	1	445363	n/a
217.470703125	0.3	1.0	2	445380	n/a
217.47900390625	0.3	1.0	2	445397	n/a
217.48779296875	0.3	0.0	1	445415	n/a
217.49609375	0.3	0.0	1	445432	n/a
217.50439453125	0.3	1.0	2	445449	n/a
217.5126953125	0.3	0.0	1	445466	n/a
217.52099609375	0.3	1.0	2	445483	n/a
217.529296875	0.3	0.0	1	445500	n/a
217.53759765625	0.3	1.0	2	445517	n/a
217.5458984375	0.3	0.0	1	445534	n/a
217.55419921875	0.3	1.0	2	445551	n/a
217.5625	0.3	0.0	1	445568	n/a
217.57080078125	0.3	1.0	2	445585	n/a
217.5791015625	0.3	0.0	1	445602	n/a
217.58740234375	0.3	1.0	2	445619	n/a
217.595703125	0.3	0.0	1	445636	n/a
217.60400390625	0.3	1.0	2	445653	n/a
217.61279296875	0.3	1.0	2	445671	n/a
217.62109375	0.3	0.0	1	445688	n/a
217.62939453125	0.3	0.0	1	445705	n/a
217.6376953125	0.3	1.0	2	445722	n/a
217.64599609375	0.3	0.0	1	445739	n/a
217.654296875	0.3	1.0	2	445756	n/a
217.66259765625	0.3	0.0	1	445773	n/a
217.6708984375	0.3	1.0	2	445790	n/a
217.67919921875	0.3	0.0	1	445807	n/a
217.6875	0.3	1.0	2	445824	n/a
217.69580078125	0.3	1.0	2	445841	n/a
217.7041015625	0.3	0.0	1	445858	n/a
217.71240234375	0.3	1.0	2	445875	n/a
217.720703125	0.3	0.0	1	445892	n/a
217.72900390625	0.3	1.0	2	445909	n/a
217.73779296875	0.3	0.0	1	445927	n/a
217.74609375	0.3	1.0	2	445944	n/a
217.75439453125	0.3	0.0	1	445961	n/a
217.7626953125	0.3	0.0	1	445978	n/a
217.77099609375	0.3	1.0	2	445995	n/a
217.779296875	0.3	0.0	1	446012	n/a
217.78759765625	0.3	1.0	2	446029	n/a
217.7958984375	0.3	0.0	1	446046	n/a
217.80419921875	0.3	1.0	2	446063	n/a
217.8125	0.3	1.0	2	446080	n/a
217.82080078125	0.3	0.0	1	446097	n/a
217.8291015625	0.3	0.0	1	446114	n/a
217.83740234375	0.3	1.0	2	446131	n/a
217.845703125	0.3	0.0	1	446148	n/a
217.85400390625	0.3	1.0	2	446165	n/a
217.86279296875	0.3	1.0	2	446183	n/a
217.87109375	0.3	0.0	1	446200	n/a
217.87939453125	0.3	1.0	2	446217	n/a
217.8876953125	0.3	0.0	1	446234	n/a
217.89599609375	0.3	1.0	2	446251	n/a
217.904296875	0.3	0.0	1	446268	n/a
217.91259765625	0.3	1.0	2	446285	n/a
217.9208984375	0.3	0.0	1	446302	n/a
217.92919921875	0.3	1.0	2	446319	n/a
217.9375	0.3	0.0	1	446336	n/a
217.94580078125	0.3	0.0	1	446353	n/a
217.9541015625	0.3	1.0	2	446370	n/a
217.96240234375	0.3	0.0	1	446387	n/a
217.970703125	0.3	1.0	2	446404	n/a
217.97900390625	0.3	0.0	1	446421	n/a
217.98779296875	0.3	1.0	2	446439	n/a
217.99609375	0.3	0.0	1	446456	n/a
218.00439453125	0.3	1.0	2	446473	n/a
218.0126953125	0.3	0.0	1	446490	n/a
218.02099609375	0.3	1.0	2	446507	n/a
218.029296875	0.3	0.0	1	446524	n/a
218.03759765625	0.3	1.0	2	446541	n/a
218.0458984375	0.3	0.0	1	446558	n/a
218.05419921875	0.3	1.0	2	446575	n/a
218.0625	0.3	0.0	1	446592	n/a
218.07080078125	0.3	1.0	2	446609	n/a
218.0791015625	0.3	0.0	1	446626	n/a
218.08740234375	0.3	1.0	2	446643	n/a
218.095703125	0.3	1.0	2	446660	n/a
218.10400390625	0.3	0.0	1	446677	n/a
218.11279296875	0.3	0.0	1	446695	n/a
218.12109375	0.3	1.0	2	446712	n/a
218.12939453125	0.3	1.0	2	446729	n/a
218.1376953125	0.3	0.0	1	446746	n/a
218.14599609375	0.3	0.0	1	446763	n/a
218.154296875	0.3	1.0	2	446780	n/a
218.16259765625	0.3	0.0	1	446797	n/a
218.1708984375	0.3	1.0	2	446814	n/a
218.17919921875	0.3	0.0	1	446831	n/a
218.1875	0.3	1.0	2	446848	n/a
218.19580078125	0.3	1.0	2	446865	n/a
218.2041015625	0.3	0.0	1	446882	n/a
218.21240234375	0.3	0.0	1	446899	n/a
218.220703125	0.3	1.0	2	446916	n/a
218.22900390625	0.3	0.0	1	446933	n/a
218.23779296875	0.3	1.0	2	446951	n/a
218.24609375	0.3	0.0	1	446968	n/a
218.25439453125	0.3	1.0	2	446985	n/a
218.2626953125	0.3	0.0	1	447002	n/a
218.27099609375	0.3	1.0	2	447019	n/a
218.279296875	0.3	0.0	1	447036	n/a
218.28759765625	0.3	1.0	2	447053	n/a
218.2958984375	0.3	1.0	2	447070	n/a
218.30419921875	0.3	0.0	1	447087	n/a
218.3125	0.3	0.0	1	447104	n/a
218.32080078125	0.3	1.0	2	447121	n/a
218.3291015625	0.3	1.0	2	447138	n/a
218.33740234375	0.3	0.0	1	447155	n/a
218.345703125	0.3	1.0	2	447172	n/a
218.35400390625	0.3	0.0	1	447189	n/a
218.36279296875	0.3	1.0	2	447207	n/a
218.37109375	0.3	0.0	1	447224	n/a
218.37939453125	0.3	1.0	2	447241	n/a
218.3876953125	0.3	0.0	1	447258	n/a
218.39599609375	0.3	0.0	1	447275	n/a
218.404296875	0.3	1.0	2	447292	n/a
218.41259765625	0.3	0.0	1	447309	n/a
218.4208984375	0.3	1.0	2	447326	n/a
218.42919921875	0.3	0.0	1	447343	n/a
218.4375	0.3	1.0	2	447360	n/a
218.44580078125	0.3	1.0	2	447377	n/a
218.4541015625	0.3	0.0	1	447394	n/a
218.46240234375	0.3	1.0	2	447411	n/a
218.470703125	0.3	0.0	1	447428	n/a
218.47900390625	0.3	0.0	1	447445	n/a
218.48779296875	0.3	1.0	2	447463	n/a
218.49609375	0.3	1.0	2	447480	n/a
218.50439453125	0.3	0.0	1	447497	n/a
218.5126953125	0.3	0.0	1	447514	n/a
218.52099609375	0.3	1.0	2	447531	n/a
218.529296875	0.3	1.0	2	447548	n/a
218.53759765625	0.3	0.0	1	447565	n/a
218.5458984375	0.3	0.0	1	447582	n/a
218.55419921875	0.3	1.0	2	447599	n/a
218.5625	0.3	0.0	1	447616	n/a
218.57080078125	0.3	1.0	2	447633	n/a
218.5791015625	0.3	0.0	1	447650	n/a
218.58740234375	0.3	1.0	2	447667	n/a
218.595703125	0.3	0.0	1	447684	n/a
218.60400390625	0.3	1.0	2	447701	n/a
218.61279296875	0.3	0.0	1	447719	n/a
218.62109375	0.3	1.0	2	447736	n/a
218.62939453125	0.3	0.0	1	447753	n/a
218.6376953125	0.3	1.0	2	447770	n/a
218.64599609375	0.3	0.0	1	447787	n/a
218.654296875	0.3	1.0	2	447804	n/a
218.66259765625	0.3	1.0	2	447821	n/a
218.6708984375	0.3	0.0	1	447838	n/a
218.67919921875	0.3	0.0	1	447855	n/a
218.6875	0.3	1.0	2	447872	n/a
218.69580078125	0.3	0.0	1	447889	n/a
218.7041015625	0.3	1.0	2	447906	n/a
218.71240234375	0.3	0.0	1	447923	n/a
218.720703125	0.3	1.0	2	447940	n/a
218.72900390625	0.3	0.0	1	447957	n/a
218.73779296875	0.3	1.0	2	447975	n/a
218.74609375	0.3	1.0	2	447992	n/a
218.75439453125	0.3	0.0	1	448009	n/a
218.7626953125	0.3	1.0	2	448026	n/a
218.77099609375	0.3	0.0	1	448043	n/a
218.779296875	0.3	1.0	2	448060	n/a
218.78759765625	0.3	0.0	1	448077	n/a
218.7958984375	0.3	1.0	2	448094	n/a
218.80419921875	0.3	0.0	1	448111	n/a
218.8125	0.3	0.0	1	448128	n/a
218.82080078125	0.3	1.0	2	448145	n/a
218.8291015625	0.3	0.0	1	448162	n/a
218.83740234375	0.3	1.0	2	448179	n/a
218.845703125	0.3	0.0	1	448196	n/a
218.85400390625	0.3	1.0	2	448213	n/a
218.86279296875	0.3	1.0	2	448231	n/a
218.87109375	0.3	0.0	1	448248	n/a
218.87939453125	0.3	0.0	1	448265	n/a
218.8876953125	0.3	1.0	2	448282	n/a
218.89599609375	0.3	0.0	1	448299	n/a
218.904296875	0.3	1.0	2	448316	n/a
218.91259765625	0.3	1.0	2	448333	n/a
218.9208984375	0.3	0.0	1	448350	n/a
218.92919921875	0.3	1.0	2	448367	n/a
218.9375	0.3	0.0	1	448384	n/a
218.94580078125	0.3	1.0	2	448401	n/a
218.9541015625	0.3	0.0	1	448418	n/a
218.96240234375	0.3	1.0	2	448435	n/a
218.970703125	0.3	0.0	1	448452	n/a
218.97900390625	0.3	1.0	2	448469	n/a
218.98779296875	0.3	0.0	1	448487	n/a
218.99609375	0.3	0.0	1	448504	n/a
219.00439453125	0.3	1.0	2	448521	n/a
219.0126953125	0.3	0.0	1	448538	n/a
219.02099609375	0.3	1.0	2	448555	n/a
219.029296875	0.3	0.0	1	448572	n/a
219.03759765625	0.3	1.0	2	448589	n/a
219.0458984375	0.3	0.0	1	448606	n/a
219.05419921875	0.3	1.0	2	448623	n/a
219.0625	0.3	0.0	1	448640	n/a
219.07080078125	0.3	1.0	2	448657	n/a
219.0791015625	0.3	0.0	1	448674	n/a
219.08740234375	0.3	1.0	2	448691	n/a
219.095703125	0.3	0.0	1	448708	n/a
219.10400390625	0.3	1.0	2	448725	n/a
219.11279296875	0.3	0.0	1	448743	n/a
219.12109375	0.3	1.0	2	448760	n/a
219.12939453125	0.3	0.0	1	448777	n/a
219.1376953125	0.3	1.0	2	448794	n/a
219.14599609375	0.3	1.0	2	448811	n/a
219.154296875	0.3	0.0	1	448828	n/a
219.16259765625	0.3	0.0	1	448845	n/a
219.1708984375	0.3	1.0	2	448862	n/a
219.17919921875	0.3	1.0	2	448879	n/a
219.1875	0.3	0.0	1	448896	n/a
219.19580078125	0.3	0.0	1	448913	n/a
219.2041015625	0.3	1.0	2	448930	n/a
219.21240234375	0.3	0.0	1	448947	n/a
219.220703125	0.3	1.0	2	448964	n/a
219.22900390625	0.3	0.0	1	448981	n/a
219.23779296875	0.3	1.0	2	448999	n/a
219.24609375	0.3	1.0	2	449016	n/a
219.25439453125	0.3	0.0	1	449033	n/a
219.2626953125	0.3	0.0	1	449050	n/a
219.27099609375	0.3	1.0	2	449067	n/a
219.279296875	0.3	0.0	1	449084	n/a
219.28759765625	0.3	1.0	2	449101	n/a
219.2958984375	0.3	0.0	1	449118	n/a
219.30419921875	0.3	1.0	2	449135	n/a
219.3125	0.3	0.0	1	449152	n/a
219.32080078125	0.3	1.0	2	449169	n/a
219.3291015625	0.3	0.0	1	449186	n/a
219.33740234375	0.3	1.0	2	449203	n/a
219.345703125	0.3	1.0	2	449220	n/a
219.35400390625	0.3	0.0	1	449237	n/a
219.36279296875	0.3	0.0	1	449255	n/a
219.37109375	0.3	1.0	2	449272	n/a
219.37939453125	0.3	1.0	2	449289	n/a
219.3876953125	0.3	0.0	1	449306	n/a
219.39599609375	0.3	1.0	2	449323	n/a
219.404296875	0.3	0.0	1	449340	n/a
219.41259765625	0.3	1.0	2	449357	n/a
219.4208984375	0.3	0.0	1	449374	n/a
219.42919921875	0.3	1.0	2	449391	n/a
219.4375	0.3	0.0	1	449408	n/a
219.44580078125	0.3	0.0	1	449425	n/a
219.4541015625	0.3	1.0	2	449442	n/a
219.46240234375	0.3	0.0	1	449459	n/a
219.470703125	0.3	1.0	2	449476	n/a
219.47900390625	0.3	0.0	1	449493	n/a
219.48779296875	0.3	1.0	2	449511	n/a
221.8798828125	0.3	1.0	2	454410	27.0
221.88818359375	0.3	0.0	1	454427	n/a
221.896484375	0.3	1.0	2	454444	n/a
221.90478515625	0.3	0.0	1	454461	n/a
221.9130859375	0.3	1.0	2	454478	n/a
221.92138671875	0.3	0.0	1	454495	n/a
221.9296875	0.3	0.0	1	454512	n/a
221.93798828125	0.3	1.0	2	454529	n/a
221.94677734375	0.3	1.0	2	454547	n/a
221.955078125	0.3	0.0	1	454564	n/a
221.96337890625	0.3	1.0	2	454581	n/a
221.9716796875	0.3	0.0	1	454598	n/a
221.97998046875	0.3	0.0	1	454615	n/a
221.98828125	0.3	1.0	2	454632	n/a
221.99658203125	0.3	0.0	1	454649	n/a
222.0048828125	0.3	1.0	2	454666	n/a
222.01318359375	0.3	0.0	1	454683	n/a
222.021484375	0.3	1.0	2	454700	n/a
222.02978515625	0.3	0.0	1	454717	n/a
222.0380859375	0.3	1.0	2	454734	n/a
222.04638671875	0.3	1.0	2	454751	n/a
222.0546875	0.3	0.0	1	454768	n/a
222.06298828125	0.3	0.0	1	454785	n/a
222.07177734375	0.3	1.0	2	454803	n/a
222.080078125	0.3	1.0	2	454820	n/a
222.08837890625	0.3	0.0	1	454837	n/a
222.0966796875	0.3	0.0	1	454854	n/a
222.10498046875	0.3	1.0	2	454871	n/a
222.11328125	0.3	1.0	2	454888	n/a
222.12158203125	0.3	0.0	1	454905	n/a
222.1298828125	0.3	1.0	2	454922	n/a
222.13818359375	0.3	0.0	1	454939	n/a
222.146484375	0.3	1.0	2	454956	n/a
222.15478515625	0.3	0.0	1	454973	n/a
222.1630859375	0.3	1.0	2	454990	n/a
222.17138671875	0.3	0.0	1	455007	n/a
222.1796875	0.3	1.0	2	455024	n/a
222.18798828125	0.3	0.0	1	455041	n/a
222.19677734375	0.3	1.0	2	455059	n/a
222.205078125	0.3	0.0	1	455076	n/a
222.21337890625	0.3	0.0	1	455093	n/a
222.2216796875	0.3	1.0	2	455110	n/a
222.22998046875	0.3	1.0	2	455127	n/a
222.23828125	0.3	0.0	1	455144	n/a
222.24658203125	0.3	1.0	2	455161	n/a
222.2548828125	0.3	0.0	1	455178	n/a
222.26318359375	0.3	0.0	1	455195	n/a
222.271484375	0.3	1.0	2	455212	n/a
222.27978515625	0.3	1.0	2	455229	n/a
222.2880859375	0.3	0.0	1	455246	n/a
222.29638671875	0.3	1.0	2	455263	n/a
222.3046875	0.3	0.0	1	455280	n/a
222.31298828125	0.3	0.0	1	455297	n/a
222.32177734375	0.3	1.0	2	455315	n/a
222.330078125	0.3	0.0	1	455332	n/a
222.33837890625	0.3	1.0	2	455349	n/a
222.3466796875	0.3	0.0	1	455366	n/a
222.35498046875	0.3	1.0	2	455383	n/a
222.36328125	0.3	0.0	1	455400	n/a
222.37158203125	0.3	1.0	2	455417	n/a
222.3798828125	0.3	1.0	2	455434	n/a
222.38818359375	0.3	0.0	1	455451	n/a
222.396484375	0.3	1.0	2	455468	n/a
222.40478515625	0.3	0.0	1	455485	n/a
222.4130859375	0.3	0.0	1	455502	n/a
222.42138671875	0.3	1.0	2	455519	n/a
222.4296875	0.3	1.0	2	455536	n/a
222.43798828125	0.3	0.0	1	455553	n/a
222.44677734375	0.3	1.0	2	455571	n/a
222.455078125	0.3	0.0	1	455588	n/a
222.46337890625	0.3	1.0	2	455605	n/a
222.4716796875	0.3	0.0	1	455622	n/a
222.47998046875	0.3	0.0	1	455639	n/a
222.48828125	0.3	1.0	2	455656	n/a
222.49658203125	0.3	1.0	2	455673	n/a
222.5048828125	0.3	0.0	1	455690	n/a
222.51318359375	0.3	1.0	2	455707	n/a
222.521484375	0.3	0.0	1	455724	n/a
222.52978515625	0.3	1.0	2	455741	n/a
222.5380859375	0.3	0.0	1	455758	n/a
222.54638671875	0.3	0.0	1	455775	n/a
222.5546875	0.3	1.0	2	455792	n/a
222.56298828125	0.3	1.0	2	455809	n/a
222.57177734375	0.3	0.0	1	455827	n/a
222.580078125	0.3	1.0	2	455844	n/a
222.58837890625	0.3	0.0	1	455861	n/a
222.5966796875	0.3	1.0	2	455878	n/a
222.60498046875	0.3	0.0	1	455895	n/a
222.61328125	0.3	0.0	1	455912	n/a
222.62158203125	0.3	1.0	2	455929	n/a
222.6298828125	0.3	0.0	1	455946	n/a
222.63818359375	0.3	1.0	2	455963	n/a
222.646484375	0.3	1.0	2	455980	n/a
222.65478515625	0.3	0.0	1	455997	n/a
222.6630859375	0.3	0.0	1	456014	n/a
222.67138671875	0.3	1.0	2	456031	n/a
222.6796875	0.3	1.0	2	456048	n/a
222.68798828125	0.3	0.0	1	456065	n/a
222.69677734375	0.3	1.0	2	456083	n/a
222.705078125	0.3	0.0	1	456100	n/a
222.71337890625	0.3	1.0	2	456117	n/a
222.7216796875	0.3	0.0	1	456134	n/a
222.72998046875	0.3	0.0	1	456151	n/a
222.73828125	0.3	1.0	2	456168	n/a
222.74658203125	0.3	1.0	2	456185	n/a
222.7548828125	0.3	0.0	1	456202	n/a
222.76318359375	0.3	1.0	2	456219	n/a
222.771484375	0.3	0.0	1	456236	n/a
222.77978515625	0.3	1.0	2	456253	n/a
222.7880859375	0.3	0.0	1	456270	n/a
222.79638671875	0.3	0.0	1	456287	n/a
222.8046875	0.3	1.0	2	456304	n/a
222.81298828125	0.3	1.0	2	456321	n/a
222.82177734375	0.3	0.0	1	456339	n/a
222.830078125	0.3	0.0	1	456356	n/a
222.83837890625	0.3	1.0	2	456373	n/a
222.8466796875	0.3	1.0	2	456390	n/a
222.85498046875	0.3	0.0	1	456407	n/a
222.86328125	0.3	1.0	2	456424	n/a
222.87158203125	0.3	0.0	1	456441	n/a
222.8798828125	0.3	1.0	2	456458	n/a
222.88818359375	0.3	0.0	1	456475	n/a
222.896484375	0.3	0.0	1	456492	n/a
222.90478515625	0.3	1.0	2	456509	n/a
222.9130859375	0.3	0.0	1	456526	n/a
222.92138671875	0.3	1.0	2	456543	n/a
222.9296875	0.3	1.0	2	456560	n/a
222.93798828125	0.3	0.0	1	456577	n/a
222.94677734375	0.3	1.0	2	456595	n/a
222.955078125	0.3	0.0	1	456612	n/a
222.96337890625	0.3	1.0	2	456629	n/a
222.9716796875	0.3	0.0	1	456646	n/a
222.97998046875	0.3	0.0	1	456663	n/a
222.98828125	0.3	1.0	2	456680	n/a
222.99658203125	0.3	1.0	2	456697	n/a
223.0048828125	0.3	0.0	1	456714	n/a
223.01318359375	0.3	1.0	2	456731	n/a
223.021484375	0.3	0.0	1	456748	n/a
223.02978515625	0.3	0.0	1	456765	n/a
223.0380859375	0.3	1.0	2	456782	n/a
223.04638671875	0.3	0.0	1	456799	n/a
223.0546875	0.3	1.0	2	456816	n/a
223.06298828125	0.3	0.0	1	456833	n/a
223.07177734375	0.3	1.0	2	456851	n/a
223.080078125	0.3	0.0	1	456868	n/a
223.08837890625	0.3	1.0	2	456885	n/a
223.0966796875	0.3	1.0	2	456902	n/a
223.10498046875	0.3	0.0	1	456919	n/a
223.11328125	0.3	0.0	1	456936	n/a
223.12158203125	0.3	1.0	2	456953	n/a
223.1298828125	0.3	1.0	2	456970	n/a
223.13818359375	0.3	0.0	1	456987	n/a
223.146484375	0.3	0.0	1	457004	n/a
223.15478515625	0.3	1.0	2	457021	n/a
223.1630859375	0.3	1.0	2	457038	n/a
223.17138671875	0.3	0.0	1	457055	n/a
223.1796875	0.3	1.0	2	457072	n/a
223.18798828125	0.3	0.0	1	457089	n/a
223.19677734375	0.3	1.0	2	457107	n/a
223.205078125	0.3	0.0	1	457124	n/a
223.21337890625	0.3	1.0	2	457141	n/a
223.2216796875	0.3	0.0	1	457158	n/a
223.22998046875	0.3	1.0	2	457175	n/a
223.23828125	0.3	0.0	1	457192	n/a
223.24658203125	0.3	1.0	2	457209	n/a
223.2548828125	0.3	0.0	1	457226	n/a
223.26318359375	0.3	0.0	1	457243	n/a
223.271484375	0.3	1.0	2	457260	n/a
223.27978515625	0.3	1.0	2	457277	n/a
223.2880859375	0.3	0.0	1	457294	n/a
223.29638671875	0.3	1.0	2	457311	n/a
223.3046875	0.3	0.0	1	457328	n/a
223.31298828125	0.3	0.0	1	457345	n/a
223.32177734375	0.3	1.0	2	457363	n/a
223.330078125	0.3	1.0	2	457380	n/a
223.33837890625	0.3	0.0	1	457397	n/a
223.3466796875	0.3	1.0	2	457414	n/a
223.35498046875	0.3	0.0	1	457431	n/a
223.36328125	0.3	0.0	1	457448	n/a
223.37158203125	0.3	1.0	2	457465	n/a
223.3798828125	0.3	0.0	1	457482	n/a
223.38818359375	0.3	1.0	2	457499	n/a
223.396484375	0.3	0.0	1	457516	n/a
223.40478515625	0.3	1.0	2	457533	n/a
223.4130859375	0.3	0.0	1	457550	n/a
223.42138671875	0.3	1.0	2	457567	n/a
223.4296875	0.3	1.0	2	457584	n/a
223.43798828125	0.3	0.0	1	457601	n/a
223.44677734375	0.3	1.0	2	457619	n/a
223.455078125	0.3	0.0	1	457636	n/a
223.46337890625	0.3	0.0	1	457653	n/a
223.4716796875	0.3	1.0	2	457670	n/a
223.47998046875	0.3	1.0	2	457687	n/a
223.48828125	0.3	0.0	1	457704	n/a
223.49658203125	0.3	1.0	2	457721	n/a
223.5048828125	0.3	0.0	1	457738	n/a
223.51318359375	0.3	1.0	2	457755	n/a
223.521484375	0.3	0.0	1	457772	n/a
223.52978515625	0.3	0.0	1	457789	n/a
223.5380859375	0.3	1.0	2	457806	n/a
223.54638671875	0.3	1.0	2	457823	n/a
223.5546875	0.3	0.0	1	457840	n/a
223.56298828125	0.3	1.0	2	457857	n/a
223.57177734375	0.3	0.0	1	457875	n/a
223.580078125	0.3	1.0	2	457892	n/a
223.58837890625	0.3	0.0	1	457909	n/a
223.5966796875	0.3	0.0	1	457926	n/a
223.60498046875	0.3	1.0	2	457943	n/a
223.61328125	0.3	1.0	2	457960	n/a
223.62158203125	0.3	0.0	1	457977	n/a
223.6298828125	0.3	1.0	2	457994	n/a
223.63818359375	0.3	0.0	1	458011	n/a
223.646484375	0.3	1.0	2	458028	n/a
223.65478515625	0.3	0.0	1	458045	n/a
223.6630859375	0.3	0.0	1	458062	n/a
223.67138671875	0.3	1.0	2	458079	n/a
223.6796875	0.3	0.0	1	458096	n/a
223.68798828125	0.3	1.0	2	458113	n/a
223.69677734375	0.3	1.0	2	458131	n/a
223.705078125	0.3	0.0	1	458148	n/a
223.71337890625	0.3	0.0	1	458165	n/a
223.7216796875	0.3	1.0	2	458182	n/a
223.72998046875	0.3	1.0	2	458199	n/a
223.73828125	0.3	0.0	1	458216	n/a
223.74658203125	0.3	1.0	2	458233	n/a
223.7548828125	0.3	0.0	1	458250	n/a
223.76318359375	0.3	1.0	2	458267	n/a
223.771484375	0.3	0.0	1	458284	n/a
223.77978515625	0.3	0.0	1	458301	n/a
223.7880859375	0.3	1.0	2	458318	n/a
223.79638671875	0.3	1.0	2	458335	n/a
223.8046875	0.3	0.0	1	458352	n/a
223.81298828125	0.3	1.0	2	458369	n/a
223.82177734375	0.3	0.0	1	458387	n/a
223.830078125	0.3	1.0	2	458404	n/a
223.83837890625	0.3	0.0	1	458421	n/a
223.8466796875	0.3	0.0	1	458438	n/a
223.85498046875	0.3	1.0	2	458455	n/a
223.86328125	0.3	1.0	2	458472	n/a
223.87158203125	0.3	0.0	1	458489	n/a
223.8798828125	0.3	0.0	1	458506	n/a
223.88818359375	0.3	1.0	2	458523	n/a
223.896484375	0.3	1.0	2	458540	n/a
223.90478515625	0.3	0.0	1	458557	n/a
223.9130859375	0.3	1.0	2	458574	n/a
223.92138671875	0.3	0.0	1	458591	n/a
223.9296875	0.3	1.0	2	458608	n/a
223.93798828125	0.3	0.0	1	458625	n/a
223.94677734375	0.3	0.0	1	458643	n/a
223.955078125	0.3	1.0	2	458660	n/a
223.96337890625	0.3	0.0	1	458677	n/a
223.9716796875	0.3	1.0	2	458694	n/a
223.97998046875	0.3	1.0	2	458711	n/a
223.98828125	0.3	0.0	1	458728	n/a
223.99658203125	0.3	1.0	2	458745	n/a
224.0048828125	0.3	0.0	1	458762	n/a
224.01318359375	0.3	1.0	2	458779	n/a
224.021484375	0.3	0.0	1	458796	n/a
224.02978515625	0.3	0.0	1	458813	n/a
224.0380859375	0.3	1.0	2	458830	n/a
224.04638671875	0.3	1.0	2	458847	n/a
224.0546875	0.3	0.0	1	458864	n/a
224.06298828125	0.3	1.0	2	458881	n/a
224.07177734375	0.3	0.0	1	458899	n/a
224.080078125	0.3	0.0	1	458916	n/a
224.08837890625	0.3	1.0	2	458933	n/a
224.0966796875	0.3	0.0	1	458950	n/a
224.10498046875	0.3	1.0	2	458967	n/a
224.11328125	0.3	0.0	1	458984	n/a
224.12158203125	0.3	1.0	2	459001	n/a
224.1298828125	0.3	0.0	1	459018	n/a
224.13818359375	0.3	1.0	2	459035	n/a
224.146484375	0.3	1.0	2	459052	n/a
224.15478515625	0.3	0.0	1	459069	n/a
224.1630859375	0.3	0.0	1	459086	n/a
224.17138671875	0.3	1.0	2	459103	n/a
224.1796875	0.3	1.0	2	459120	n/a
224.18798828125	0.3	0.0	1	459137	n/a
224.19677734375	0.3	0.0	1	459155	n/a
224.205078125	0.3	1.0	2	459172	n/a
224.21337890625	0.3	1.0	2	459189	n/a
224.2216796875	0.3	0.0	1	459206	n/a
224.22998046875	0.3	1.0	2	459223	n/a
224.23828125	0.3	0.0	1	459240	n/a
224.24658203125	0.3	1.0	2	459257	n/a
224.2548828125	0.3	0.0	1	459274	n/a
224.26318359375	0.3	1.0	2	459291	n/a
224.271484375	0.3	0.0	1	459308	n/a
224.27978515625	0.3	1.0	2	459325	n/a
224.2880859375	0.3	0.0	1	459342	n/a
224.29638671875	0.3	1.0	2	459359	n/a
224.3046875	0.3	0.0	1	459376	n/a
224.31298828125	0.3	0.0	1	459393	n/a
224.32177734375	0.3	1.0	2	459411	n/a
224.330078125	0.3	1.0	2	459428	n/a
224.33837890625	0.3	0.0	1	459445	n/a
224.3466796875	0.3	1.0	2	459462	n/a
224.35498046875	0.3	0.0	1	459479	n/a
224.36328125	0.3	0.0	1	459496	n/a
224.37158203125	0.3	1.0	2	459513	n/a
224.3798828125	0.3	1.0	2	459530	n/a
224.38818359375	0.3	0.0	1	459547	n/a
224.396484375	0.3	1.0	2	459564	n/a
224.40478515625	0.3	0.0	1	459581	n/a
224.4130859375	0.3	0.0	1	459598	n/a
224.42138671875	0.3	1.0	2	459615	n/a
224.4296875	0.3	0.0	1	459632	n/a
224.43798828125	0.3	1.0	2	459649	n/a
224.44677734375	0.3	0.0	1	459667	n/a
224.455078125	0.3	1.0	2	459684	n/a
224.46337890625	0.3	0.0	1	459701	n/a
224.4716796875	0.3	1.0	2	459718	n/a
224.47998046875	0.3	1.0	2	459735	n/a
224.48828125	0.3	0.0	1	459752	n/a
224.49658203125	0.3	1.0	2	459769	n/a
224.5048828125	0.3	0.0	1	459786	n/a
224.51318359375	0.3	0.0	1	459803	n/a
224.521484375	0.3	1.0	2	459820	n/a
224.52978515625	0.3	1.0	2	459837	n/a
224.5380859375	0.3	0.0	1	459854	n/a
224.54638671875	0.3	1.0	2	459871	n/a
224.5546875	0.3	0.0	1	459888	n/a
224.56298828125	0.3	1.0	2	459905	n/a
224.57177734375	0.3	0.0	1	459923	n/a
224.580078125	0.3	0.0	1	459940	n/a
224.58837890625	0.3	1.0	2	459957	n/a
224.5966796875	0.3	1.0	2	459974	n/a
224.60498046875	0.3	0.0	1	459991	n/a
224.61328125	0.3	1.0	2	460008	n/a
224.62158203125	0.3	0.0	1	460025	n/a
224.6298828125	0.3	1.0	2	460042	n/a
224.63818359375	0.3	0.0	1	460059	n/a
224.646484375	0.3	0.0	1	460076	n/a
224.65478515625	0.3	1.0	2	460093	n/a
224.6630859375	0.3	1.0	2	460110	n/a
224.67138671875	0.3	0.0	1	460127	n/a
224.6796875	0.3	1.0	2	460144	n/a
224.68798828125	0.3	0.0	1	460161	n/a
224.69677734375	0.3	1.0	2	460179	n/a
224.705078125	0.3	0.0	1	460196	n/a
224.71337890625	0.3	0.0	1	460213	n/a
224.7216796875	0.3	1.0	2	460230	n/a
224.72998046875	0.3	0.0	1	460247	n/a
224.73828125	0.3	1.0	2	460264	n/a
224.74658203125	0.3	1.0	2	460281	n/a
224.7548828125	0.3	0.0	1	460298	n/a
224.76318359375	0.3	0.0	1	460315	n/a
224.771484375	0.3	1.0	2	460332	n/a
224.77978515625	0.3	1.0	2	460349	n/a
224.7880859375	0.3	0.0	1	460366	n/a
224.79638671875	0.3	1.0	2	460383	n/a
224.8046875	0.3	0.0	1	460400	n/a
224.81298828125	0.3	1.0	2	460417	n/a
224.82177734375	0.3	0.0	1	460435	n/a
224.830078125	0.3	0.0	1	460452	n/a
224.83837890625	0.3	1.0	2	460469	n/a
224.8466796875	0.3	1.0	2	460486	n/a
224.85498046875	0.3	0.0	1	460503	n/a
224.86328125	0.3	1.0	2	460520	n/a
224.87158203125	0.3	0.0	1	460537	n/a
224.8798828125	0.3	1.0	2	460554	n/a
224.88818359375	0.3	0.0	1	460571	n/a
224.896484375	0.3	0.0	1	460588	n/a
224.90478515625	0.3	1.0	2	460605	n/a
224.9130859375	0.3	1.0	2	460622	n/a
224.92138671875	0.3	0.0	1	460639	n/a
224.9296875	0.3	0.0	1	460656	n/a
224.93798828125	0.3	1.0	2	460673	n/a
224.94677734375	0.3	1.0	2	460691	n/a
224.955078125	0.3	0.0	1	460708	n/a
224.96337890625	0.3	1.0	2	460725	n/a
224.9716796875	0.3	0.0	1	460742	n/a
224.97998046875	0.3	1.0	2	460759	n/a
224.98828125	0.3	0.0	1	460776	n/a
224.99658203125	0.3	0.0	1	460793	n/a
225.0048828125	0.3	1.0	2	460810	n/a
225.01318359375	0.3	0.0	1	460827	n/a
225.021484375	0.3	1.0	2	460844	n/a
225.02978515625	0.3	1.0	2	460861	n/a
225.0380859375	0.3	0.0	1	460878	n/a
225.04638671875	0.3	1.0	2	460895	n/a
225.0546875	0.3	0.0	1	460912	n/a
225.06298828125	0.3	1.0	2	460929	n/a
225.07177734375	0.3	0.0	1	460947	n/a
225.080078125	0.3	0.0	1	460964	n/a
225.08837890625	0.3	1.0	2	460981	n/a
225.0966796875	0.3	1.0	2	460998	n/a
225.10498046875	0.3	0.0	1	461015	n/a
225.11328125	0.3	1.0	2	461032	n/a
225.12158203125	0.3	0.0	1	461049	n/a
225.1298828125	0.3	0.0	1	461066	n/a
225.13818359375	0.3	1.0	2	461083	n/a
225.146484375	0.3	0.0	1	461100	n/a
225.15478515625	0.3	1.0	2	461117	n/a
225.1630859375	0.3	0.0	1	461134	n/a
225.17138671875	0.3	1.0	2	461151	n/a
225.1796875	0.3	0.0	1	461168	n/a
225.18798828125	0.3	1.0	2	461185	n/a
225.19677734375	0.3	1.0	2	461203	n/a
225.205078125	0.3	0.0	1	461220	n/a
225.21337890625	0.3	0.0	1	461237	n/a
225.2216796875	0.3	1.0	2	461254	n/a
225.22998046875	0.3	1.0	2	461271	n/a
225.23828125	0.3	0.0	1	461288	n/a
225.24658203125	0.3	0.0	1	461305	n/a
225.2548828125	0.3	1.0	2	461322	n/a
225.26318359375	0.3	1.0	2	461339	n/a
225.271484375	0.3	0.0	1	461356	n/a
225.27978515625	0.3	1.0	2	461373	n/a
225.2880859375	0.3	0.0	1	461390	n/a
225.29638671875	0.3	1.0	2	461407	n/a
225.3046875	0.3	0.0	1	461424	n/a
225.31298828125	0.3	1.0	2	461441	n/a
225.32177734375	0.3	0.0	1	461459	n/a
225.330078125	0.3	1.0	2	461476	n/a
225.33837890625	0.3	0.0	1	461493	n/a
225.3466796875	0.3	1.0	2	461510	n/a
225.35498046875	0.3	0.0	1	461527	n/a
225.36328125	0.3	0.0	1	461544	n/a
225.37158203125	0.3	1.0	2	461561	n/a
225.3798828125	0.3	1.0	2	461578	n/a
225.38818359375	0.3	0.0	1	461595	n/a
225.396484375	0.3	1.0	2	461612	n/a
225.40478515625	0.3	0.0	1	461629	n/a
225.4130859375	0.3	0.0	1	461646	n/a
225.42138671875	0.3	1.0	2	461663	n/a
225.4296875	0.3	1.0	2	461680	n/a
225.43798828125	0.3	0.0	1	461697	n/a
225.44677734375	0.3	1.0	2	461715	n/a
225.455078125	0.3	0.0	1	461732	n/a
225.46337890625	0.3	0.0	1	461749	n/a
225.4716796875	0.3	1.0	2	461766	n/a
225.47998046875	0.3	0.0	1	461783	n/a
225.48828125	0.3	1.0	2	461800	n/a
225.49658203125	0.3	0.0	1	461817	n/a
225.5048828125	0.3	1.0	2	461834	n/a
225.51318359375	0.3	0.0	1	461851	n/a
225.521484375	0.3	1.0	2	461868	n/a
225.52978515625	0.3	1.0	2	461885	n/a
225.5380859375	0.3	0.0	1	461902	n/a
225.54638671875	0.3	1.0	2	461919	n/a
225.5546875	0.3	0.0	1	461936	n/a
225.56298828125	0.3	0.0	1	461953	n/a
225.57177734375	0.3	1.0	2	461971	n/a
225.580078125	0.3	1.0	2	461988	n/a
225.58837890625	0.3	0.0	1	462005	n/a
225.5966796875	0.3	1.0	2	462022	n/a
225.60498046875	0.3	0.0	1	462039	n/a
225.61328125	0.3	1.0	2	462056	n/a
225.62158203125	0.3	0.0	1	462073	n/a
225.6298828125	0.3	0.0	1	462090	n/a
225.63818359375	0.3	1.0	2	462107	n/a
225.646484375	0.3	1.0	2	462124	n/a
225.65478515625	0.3	0.0	1	462141	n/a
225.6630859375	0.3	1.0	2	462158	n/a
225.67138671875	0.3	0.0	1	462175	n/a
225.6796875	0.3	1.0	2	462192	n/a
225.68798828125	0.3	0.0	1	462209	n/a
225.69677734375	0.3	0.0	1	462227	n/a
225.705078125	0.3	1.0	2	462244	n/a
225.71337890625	0.3	1.0	2	462261	n/a
225.7216796875	0.3	0.0	1	462278	n/a
225.72998046875	0.3	1.0	2	462295	n/a
225.73828125	0.3	0.0	1	462312	n/a
225.74658203125	0.3	1.0	2	462329	n/a
225.7548828125	0.3	0.0	1	462346	n/a
225.76318359375	0.3	0.0	1	462363	n/a
225.771484375	0.3	1.0	2	462380	n/a
225.77978515625	0.3	0.0	1	462397	n/a
225.7880859375	0.3	1.0	2	462414	n/a
225.79638671875	0.3	1.0	2	462431	n/a
225.8046875	0.3	0.0	1	462448	n/a
225.81298828125	0.3	0.0	1	462465	n/a
225.82177734375	0.3	1.0	2	462483	n/a
225.830078125	0.3	1.0	2	462500	n/a
225.83837890625	0.3	0.0	1	462517	n/a
225.8466796875	0.3	1.0	2	462534	n/a
225.85498046875	0.3	0.0	1	462551	n/a
225.86328125	0.3	1.0	2	462568	n/a
225.87158203125	0.3	0.0	1	462585	n/a
225.8798828125	0.3	0.0	1	462602	n/a
225.88818359375	0.3	1.0	2	462619	n/a
225.896484375	0.3	1.0	2	462636	n/a
225.90478515625	0.3	0.0	1	462653	n/a
225.9130859375	0.3	1.0	2	462670	n/a
225.92138671875	0.3	0.0	1	462687	n/a
225.9296875	0.3	1.0	2	462704	n/a
225.93798828125	0.3	0.0	1	462721	n/a
225.94677734375	0.3	0.0	1	462739	n/a
225.955078125	0.3	1.0	2	462756	n/a
225.96337890625	0.3	1.0	2	462773	n/a
225.9716796875	0.3	0.0	1	462790	n/a
225.97998046875	0.3	0.0	1	462807	n/a
225.98828125	0.3	1.0	2	462824	n/a
225.99658203125	0.3	1.0	2	462841	n/a
226.0048828125	0.3	0.0	1	462858	n/a
226.01318359375	0.3	1.0	2	462875	n/a
226.021484375	0.3	0.0	1	462892	n/a
226.02978515625	0.3	1.0	2	462909	n/a
226.0380859375	0.3	0.0	1	462926	n/a
226.04638671875	0.3	0.0	1	462943	n/a
226.0546875	0.3	1.0	2	462960	n/a
226.06298828125	0.3	0.0	1	462977	n/a
226.07177734375	0.3	1.0	2	462995	n/a
228.48046875	0.3	0.0	1	467928	12.0
228.48876953125	0.3	1.0	2	467945	n/a
228.4970703125	0.3	1.0	2	467962	n/a
228.50537109375	0.3	0.0	1	467979	n/a
228.513671875	0.3	0.0	1	467996	n/a
228.52197265625	0.3	1.0	2	468013	n/a
228.5302734375	0.3	0.0	1	468030	n/a
228.53857421875	0.3	1.0	2	468047	n/a
228.54736328125	0.3	0.0	1	468065	n/a
228.5556640625	0.3	1.0	2	468082	n/a
228.56396484375	0.3	0.0	1	468099	n/a
228.572265625	0.3	1.0	2	468116	n/a
228.58056640625	0.3	0.0	1	468133	n/a
228.5888671875	0.3	1.0	2	468150	n/a
228.59716796875	0.3	1.0	2	468167	n/a
228.60546875	0.3	0.0	1	468184	n/a
228.61376953125	0.3	0.0	1	468201	n/a
228.6220703125	0.3	1.0	2	468218	n/a
228.63037109375	0.3	0.0	1	468235	n/a
228.638671875	0.3	1.0	2	468252	n/a
228.64697265625	0.3	0.0	1	468269	n/a
228.6552734375	0.3	1.0	2	468286	n/a
228.66357421875	0.3	1.0	2	468303	n/a
228.67236328125	0.3	0.0	1	468321	n/a
228.6806640625	0.3	1.0	2	468338	n/a
228.68896484375	0.3	0.0	1	468355	n/a
228.697265625	0.3	1.0	2	468372	n/a
228.70556640625	0.3	0.0	1	468389	n/a
228.7138671875	0.3	0.0	1	468406	n/a
228.72216796875	0.3	1.0	2	468423	n/a
228.73046875	0.3	1.0	2	468440	n/a
228.73876953125	0.3	0.0	1	468457	n/a
228.7470703125	0.3	1.0	2	468474	n/a
228.75537109375	0.3	0.0	1	468491	n/a
228.763671875	0.3	1.0	2	468508	n/a
228.77197265625	0.3	0.0	1	468525	n/a
228.7802734375	0.3	0.0	1	468542	n/a
228.78857421875	0.3	1.0	2	468559	n/a
228.79736328125	0.3	1.0	2	468577	n/a
228.8056640625	0.3	0.0	1	468594	n/a
228.81396484375	0.3	0.0	1	468611	n/a
228.822265625	0.3	1.0	2	468628	n/a
228.83056640625	0.3	0.0	1	468645	n/a
228.8388671875	0.3	1.0	2	468662	n/a
228.84716796875	0.3	1.0	2	468679	n/a
228.85546875	0.3	0.0	1	468696	n/a
228.86376953125	0.3	0.0	1	468713	n/a
228.8720703125	0.3	1.0	2	468730	n/a
228.88037109375	0.3	1.0	2	468747	n/a
228.888671875	0.3	0.0	1	468764	n/a
228.89697265625	0.3	1.0	2	468781	n/a
228.9052734375	0.3	0.0	1	468798	n/a
228.91357421875	0.3	1.0	2	468815	n/a
228.92236328125	0.3	0.0	1	468833	n/a
228.9306640625	0.3	1.0	2	468850	n/a
228.93896484375	0.3	0.0	1	468867	n/a
228.947265625	0.3	1.0	2	468884	n/a
228.95556640625	0.3	0.0	1	468901	n/a
228.9638671875	0.3	0.0	1	468918	n/a
228.97216796875	0.3	1.0	2	468935	n/a
228.98046875	0.3	1.0	2	468952	n/a
228.98876953125	0.3	0.0	1	468969	n/a
228.9970703125	0.3	1.0	2	468986	n/a
229.00537109375	0.3	0.0	1	469003	n/a
229.013671875	0.3	0.0	1	469020	n/a
229.02197265625	0.3	1.0	2	469037	n/a
229.0302734375	0.3	1.0	2	469054	n/a
229.03857421875	0.3	0.0	1	469071	n/a
229.04736328125	0.3	0.0	1	469089	n/a
229.0556640625	0.3	1.0	2	469106	n/a
229.06396484375	0.3	1.0	2	469123	n/a
229.072265625	0.3	0.0	1	469140	n/a
229.08056640625	0.3	1.0	2	469157	n/a
229.0888671875	0.3	0.0	1	469174	n/a
229.09716796875	0.3	0.0	1	469191	n/a
229.10546875	0.3	1.0	2	469208	n/a
229.11376953125	0.3	0.0	1	469225	n/a
229.1220703125	0.3	1.0	2	469242	n/a
229.13037109375	0.3	0.0	1	469259	n/a
229.138671875	0.3	1.0	2	469276	n/a
229.14697265625	0.3	1.0	2	469293	n/a
229.1552734375	0.3	0.0	1	469310	n/a
229.16357421875	0.3	0.0	1	469327	n/a
229.17236328125	0.3	1.0	2	469345	n/a
229.1806640625	0.3	1.0	2	469362	n/a
229.18896484375	0.3	0.0	1	469379	n/a
229.197265625	0.3	1.0	2	469396	n/a
229.20556640625	0.3	0.0	1	469413	n/a
229.2138671875	0.3	1.0	2	469430	n/a
229.22216796875	0.3	0.0	1	469447	n/a
229.23046875	0.3	0.0	1	469464	n/a
229.23876953125	0.3	1.0	2	469481	n/a
229.2470703125	0.3	0.0	1	469498	n/a
229.25537109375	0.3	1.0	2	469515	n/a
229.263671875	0.3	0.0	1	469532	n/a
229.27197265625	0.3	1.0	2	469549	n/a
229.2802734375	0.3	0.0	1	469566	n/a
229.28857421875	0.3	1.0	2	469583	n/a
229.29736328125	0.3	1.0	2	469601	n/a
229.3056640625	0.3	0.0	1	469618	n/a
229.31396484375	0.3	1.0	2	469635	n/a
229.322265625	0.3	0.0	1	469652	n/a
229.33056640625	0.3	0.0	1	469669	n/a
229.3388671875	0.3	1.0	2	469686	n/a
229.34716796875	0.3	0.0	1	469703	n/a
229.35546875	0.3	1.0	2	469720	n/a
229.36376953125	0.3	0.0	1	469737	n/a
229.3720703125	0.3	1.0	2	469754	n/a
229.38037109375	0.3	1.0	2	469771	n/a
229.388671875	0.3	0.0	1	469788	n/a
229.39697265625	0.3	0.0	1	469805	n/a
229.4052734375	0.3	1.0	2	469822	n/a
229.41357421875	0.3	0.0	1	469839	n/a
229.42236328125	0.3	1.0	2	469857	n/a
229.4306640625	0.3	1.0	2	469874	n/a
229.43896484375	0.3	0.0	1	469891	n/a
229.447265625	0.3	0.0	1	469908	n/a
229.45556640625	0.3	1.0	2	469925	n/a
229.4638671875	0.3	0.0	1	469942	n/a
229.47216796875	0.3	1.0	2	469959	n/a
229.48046875	0.3	1.0	2	469976	n/a
229.48876953125	0.3	0.0	1	469993	n/a
229.4970703125	0.3	1.0	2	470010	n/a
229.50537109375	0.3	0.0	1	470027	n/a
229.513671875	0.3	1.0	2	470044	n/a
229.52197265625	0.3	0.0	1	470061	n/a
229.5302734375	0.3	0.0	1	470078	n/a
229.53857421875	0.3	1.0	2	470095	n/a
229.54736328125	0.3	1.0	2	470113	n/a
229.5556640625	0.3	0.0	1	470130	n/a
229.56396484375	0.3	0.0	1	470147	n/a
229.572265625	0.3	1.0	2	470164	n/a
229.58056640625	0.3	0.0	1	470181	n/a
229.5888671875	0.3	1.0	2	470198	n/a
229.59716796875	0.3	0.0	1	470215	n/a
229.60546875	0.3	1.0	2	470232	n/a
229.61376953125	0.3	0.0	1	470249	n/a
229.6220703125	0.3	1.0	2	470266	n/a
229.63037109375	0.3	0.0	1	470283	n/a
229.638671875	0.3	1.0	2	470300	n/a
229.64697265625	0.3	1.0	2	470317	n/a
229.6552734375	0.3	0.0	1	470334	n/a
229.66357421875	0.3	0.0	1	470351	n/a
229.67236328125	0.3	1.0	2	470369	n/a
229.6806640625	0.3	0.0	1	470386	n/a
229.68896484375	0.3	1.0	2	470403	n/a
229.697265625	0.3	0.0	1	470420	n/a
229.70556640625	0.3	1.0	2	470437	n/a
229.7138671875	0.3	1.0	2	470454	n/a
229.72216796875	0.3	0.0	1	470471	n/a
229.73046875	0.3	1.0	2	470488	n/a
229.73876953125	0.3	0.0	1	470505	n/a
229.7470703125	0.3	1.0	2	470522	n/a
229.75537109375	0.3	0.0	1	470539	n/a
229.763671875	0.3	0.0	1	470556	n/a
229.77197265625	0.3	1.0	2	470573	n/a
229.7802734375	0.3	1.0	2	470590	n/a
229.78857421875	0.3	0.0	1	470607	n/a
229.79736328125	0.3	1.0	2	470625	n/a
229.8056640625	0.3	0.0	1	470642	n/a
229.81396484375	0.3	1.0	2	470659	n/a
229.822265625	0.3	0.0	1	470676	n/a
229.83056640625	0.3	0.0	1	470693	n/a
229.8388671875	0.3	1.0	2	470710	n/a
229.84716796875	0.3	1.0	2	470727	n/a
229.85546875	0.3	0.0	1	470744	n/a
229.86376953125	0.3	0.0	1	470761	n/a
229.8720703125	0.3	1.0	2	470778	n/a
229.88037109375	0.3	0.0	1	470795	n/a
229.888671875	0.3	1.0	2	470812	n/a
229.89697265625	0.3	1.0	2	470829	n/a
229.9052734375	0.3	0.0	1	470846	n/a
229.91357421875	0.3	0.0	1	470863	n/a
229.92236328125	0.3	1.0	2	470881	n/a
229.9306640625	0.3	1.0	2	470898	n/a
229.93896484375	0.3	0.0	1	470915	n/a
229.947265625	0.3	1.0	2	470932	n/a
229.95556640625	0.3	0.0	1	470949	n/a
229.9638671875	0.3	1.0	2	470966	n/a
229.97216796875	0.3	0.0	1	470983	n/a
229.98046875	0.3	1.0	2	471000	n/a
229.98876953125	0.3	0.0	1	471017	n/a
229.9970703125	0.3	1.0	2	471034	n/a
230.00537109375	0.3	0.0	1	471051	n/a
230.013671875	0.3	0.0	1	471068	n/a
230.02197265625	0.3	1.0	2	471085	n/a
230.0302734375	0.3	1.0	2	471102	n/a
230.03857421875	0.3	0.0	1	471119	n/a
230.04736328125	0.3	1.0	2	471137	n/a
230.0556640625	0.3	0.0	1	471154	n/a
230.06396484375	0.3	0.0	1	471171	n/a
230.072265625	0.3	1.0	2	471188	n/a
230.08056640625	0.3	1.0	2	471205	n/a
230.0888671875	0.3	0.0	1	471222	n/a
230.09716796875	0.3	0.0	1	471239	n/a
230.10546875	0.3	1.0	2	471256	n/a
230.11376953125	0.3	1.0	2	471273	n/a
230.1220703125	0.3	0.0	1	471290	n/a
230.13037109375	0.3	1.0	2	471307	n/a
230.138671875	0.3	0.0	1	471324	n/a
230.14697265625	0.3	0.0	1	471341	n/a
230.1552734375	0.3	1.0	2	471358	n/a
230.16357421875	0.3	0.0	1	471375	n/a
230.17236328125	0.3	1.0	2	471393	n/a
230.1806640625	0.3	0.0	1	471410	n/a
230.18896484375	0.3	1.0	2	471427	n/a
230.197265625	0.3	1.0	2	471444	n/a
230.20556640625	0.3	0.0	1	471461	n/a
230.2138671875	0.3	0.0	1	471478	n/a
230.22216796875	0.3	1.0	2	471495	n/a
230.23046875	0.3	1.0	2	471512	n/a
230.23876953125	0.3	0.0	1	471529	n/a
230.2470703125	0.3	1.0	2	471546	n/a
230.25537109375	0.3	0.0	1	471563	n/a
230.263671875	0.3	1.0	2	471580	n/a
230.27197265625	0.3	0.0	1	471597	n/a
230.2802734375	0.3	0.0	1	471614	n/a
230.28857421875	0.3	1.0	2	471631	n/a
230.29736328125	0.3	0.0	1	471649	n/a
230.3056640625	0.3	1.0	2	471666	n/a
230.31396484375	0.3	0.0	1	471683	n/a
230.322265625	0.3	1.0	2	471700	n/a
230.33056640625	0.3	0.0	1	471717	n/a
230.3388671875	0.3	1.0	2	471734	n/a
230.34716796875	0.3	1.0	2	471751	n/a
230.35546875	0.3	0.0	1	471768	n/a
230.36376953125	0.3	1.0	2	471785	n/a
230.3720703125	0.3	0.0	1	471802	n/a
230.38037109375	0.3	0.0	1	471819	n/a
230.388671875	0.3	1.0	2	471836	n/a
230.39697265625	0.3	0.0	1	471853	n/a
230.4052734375	0.3	1.0	2	471870	n/a
230.41357421875	0.3	0.0	1	471887	n/a
230.42236328125	0.3	1.0	2	471905	n/a
230.4306640625	0.3	1.0	2	471922	n/a
230.43896484375	0.3	0.0	1	471939	n/a
230.447265625	0.3	0.0	1	471956	n/a
230.45556640625	0.3	1.0	2	471973	n/a
230.4638671875	0.3	0.0	1	471990	n/a
230.47216796875	0.3	1.0	2	472007	n/a
230.48046875	0.3	1.0	2	472024	n/a
230.48876953125	0.3	0.0	1	472041	n/a
230.4970703125	0.3	0.0	1	472058	n/a
230.50537109375	0.3	1.0	2	472075	n/a
230.513671875	0.3	0.0	1	472092	n/a
230.52197265625	0.3	1.0	2	472109	n/a
230.5302734375	0.3	1.0	2	472126	n/a
230.53857421875	0.3	0.0	1	472143	n/a
230.54736328125	0.3	1.0	2	472161	n/a
230.5556640625	0.3	0.0	1	472178	n/a
230.56396484375	0.3	1.0	2	472195	n/a
230.572265625	0.3	0.0	1	472212	n/a
230.58056640625	0.3	0.0	1	472229	n/a
230.5888671875	0.3	1.0	2	472246	n/a
230.59716796875	0.3	1.0	2	472263	n/a
230.60546875	0.3	0.0	1	472280	n/a
230.61376953125	0.3	0.0	1	472297	n/a
230.6220703125	0.3	1.0	2	472314	n/a
230.63037109375	0.3	0.0	1	472331	n/a
230.638671875	0.3	1.0	2	472348	n/a
230.64697265625	0.3	0.0	1	472365	n/a
230.6552734375	0.3	1.0	2	472382	n/a
230.66357421875	0.3	0.0	1	472399	n/a
230.67236328125	0.3	1.0	2	472417	n/a
230.6806640625	0.3	0.0	1	472434	n/a
230.68896484375	0.3	1.0	2	472451	n/a
230.697265625	0.3	1.0	2	472468	n/a
230.70556640625	0.3	0.0	1	472485	n/a
230.7138671875	0.3	0.0	1	472502	n/a
230.72216796875	0.3	1.0	2	472519	n/a
230.73046875	0.3	0.0	1	472536	n/a
230.73876953125	0.3	1.0	2	472553	n/a
230.7470703125	0.3	0.0	1	472570	n/a
230.75537109375	0.3	1.0	2	472587	n/a
230.763671875	0.3	1.0	2	472604	n/a
230.77197265625	0.3	0.0	1	472621	n/a
230.7802734375	0.3	1.0	2	472638	n/a
230.78857421875	0.3	0.0	1	472655	n/a
230.79736328125	0.3	1.0	2	472673	n/a
230.8056640625	0.3	0.0	1	472690	n/a
230.81396484375	0.3	0.0	1	472707	n/a
230.822265625	0.3	1.0	2	472724	n/a
230.83056640625	0.3	1.0	2	472741	n/a
230.8388671875	0.3	0.0	1	472758	n/a
230.84716796875	0.3	1.0	2	472775	n/a
230.85546875	0.3	0.0	1	472792	n/a
230.86376953125	0.3	1.0	2	472809	n/a
230.8720703125	0.3	0.0	1	472826	n/a
230.88037109375	0.3	0.0	1	472843	n/a
230.888671875	0.3	1.0	2	472860	n/a
230.89697265625	0.3	1.0	2	472877	n/a
230.9052734375	0.3	0.0	1	472894	n/a
230.91357421875	0.3	0.0	1	472911	n/a
230.92236328125	0.3	1.0	2	472929	n/a
230.9306640625	0.3	0.0	1	472946	n/a
230.93896484375	0.3	1.0	2	472963	n/a
230.947265625	0.3	1.0	2	472980	n/a
230.95556640625	0.3	0.0	1	472997	n/a
230.9638671875	0.3	0.0	1	473014	n/a
230.97216796875	0.3	1.0	2	473031	n/a
230.98046875	0.3	1.0	2	473048	n/a
230.98876953125	0.3	0.0	1	473065	n/a
230.9970703125	0.3	1.0	2	473082	n/a
231.00537109375	0.3	0.0	1	473099	n/a
231.013671875	0.3	1.0	2	473116	n/a
231.02197265625	0.3	0.0	1	473133	n/a
231.0302734375	0.3	1.0	2	473150	n/a
231.03857421875	0.3	0.0	1	473167	n/a
231.04736328125	0.3	1.0	2	473185	n/a
231.0556640625	0.3	0.0	1	473202	n/a
231.06396484375	0.3	0.0	1	473219	n/a
231.072265625	0.3	1.0	2	473236	n/a
231.08056640625	0.3	1.0	2	473253	n/a
231.0888671875	0.3	0.0	1	473270	n/a
231.09716796875	0.3	1.0	2	473287	n/a
231.10546875	0.3	0.0	1	473304	n/a
231.11376953125	0.3	0.0	1	473321	n/a
231.1220703125	0.3	1.0	2	473338	n/a
231.13037109375	0.3	1.0	2	473355	n/a
231.138671875	0.3	0.0	1	473372	n/a
231.14697265625	0.3	0.0	1	473389	n/a
231.1552734375	0.3	1.0	2	473406	n/a
231.16357421875	0.3	1.0	2	473423	n/a
231.17236328125	0.3	0.0	1	473441	n/a
231.1806640625	0.3	1.0	2	473458	n/a
231.18896484375	0.3	0.0	1	473475	n/a
231.197265625	0.3	0.0	1	473492	n/a
231.20556640625	0.3	1.0	2	473509	n/a
231.2138671875	0.3	0.0	1	473526	n/a
231.22216796875	0.3	1.0	2	473543	n/a
231.23046875	0.3	0.0	1	473560	n/a
231.23876953125	0.3	1.0	2	473577	n/a
231.2470703125	0.3	1.0	2	473594	n/a
231.25537109375	0.3	0.0	1	473611	n/a
231.263671875	0.3	0.0	1	473628	n/a
231.27197265625	0.3	1.0	2	473645	n/a
231.2802734375	0.3	1.0	2	473662	n/a
231.28857421875	0.3	0.0	1	473679	n/a
231.29736328125	0.3	1.0	2	473697	n/a
231.3056640625	0.3	0.0	1	473714	n/a
231.31396484375	0.3	1.0	2	473731	n/a
231.322265625	0.3	0.0	1	473748	n/a
231.33056640625	0.3	0.0	1	473765	n/a
231.3388671875	0.3	1.0	2	473782	n/a
231.34716796875	0.3	0.0	1	473799	n/a
231.35546875	0.3	1.0	2	473816	n/a
231.36376953125	0.3	0.0	1	473833	n/a
231.3720703125	0.3	1.0	2	473850	n/a
231.38037109375	0.3	0.0	1	473867	n/a
231.388671875	0.3	1.0	2	473884	n/a
231.39697265625	0.3	1.0	2	473901	n/a
231.4052734375	0.3	0.0	1	473918	n/a
231.41357421875	0.3	1.0	2	473935	n/a
231.42236328125	0.3	0.0	1	473953	n/a
231.4306640625	0.3	0.0	1	473970	n/a
231.43896484375	0.3	1.0	2	473987	n/a
231.447265625	0.3	0.0	1	474004	n/a
231.45556640625	0.3	1.0	2	474021	n/a
231.4638671875	0.3	0.0	1	474038	n/a
231.47216796875	0.3	1.0	2	474055	n/a
231.48046875	0.3	1.0	2	474072	n/a
231.48876953125	0.3	0.0	1	474089	n/a
231.4970703125	0.3	0.0	1	474106	n/a
231.50537109375	0.3	1.0	2	474123	n/a
231.513671875	0.3	0.0	1	474140	n/a
231.52197265625	0.3	1.0	2	474157	n/a
231.5302734375	0.3	1.0	2	474174	n/a
231.53857421875	0.3	0.0	1	474191	n/a
231.54736328125	0.3	0.0	1	474209	n/a
231.5556640625	0.3	1.0	2	474226	n/a
231.56396484375	0.3	0.0	1	474243	n/a
231.572265625	0.3	1.0	2	474260	n/a
231.58056640625	0.3	1.0	2	474277	n/a
231.5888671875	0.3	0.0	1	474294	n/a
231.59716796875	0.3	1.0	2	474311	n/a
231.60546875	0.3	0.0	1	474328	n/a
231.61376953125	0.3	1.0	2	474345	n/a
231.6220703125	0.3	0.0	1	474362	n/a
231.63037109375	0.3	0.0	1	474379	n/a
231.638671875	0.3	1.0	2	474396	n/a
231.64697265625	0.3	1.0	2	474413	n/a
231.6552734375	0.3	0.0	1	474430	n/a
231.66357421875	0.3	0.0	1	474447	n/a
231.67236328125	0.3	1.0	2	474465	n/a
231.6806640625	0.3	0.0	1	474482	n/a
231.68896484375	0.3	1.0	2	474499	n/a
231.697265625	0.3	0.0	1	474516	n/a
231.70556640625	0.3	1.0	2	474533	n/a
231.7138671875	0.3	0.0	1	474550	n/a
231.72216796875	0.3	1.0	2	474567	n/a
231.73046875	0.3	0.0	1	474584	n/a
231.73876953125	0.3	1.0	2	474601	n/a
231.7470703125	0.3	1.0	2	474618	n/a
231.75537109375	0.3	0.0	1	474635	n/a
231.763671875	0.3	0.0	1	474652	n/a
231.77197265625	0.3	1.0	2	474669	n/a
231.7802734375	0.3	0.0	1	474686	n/a
231.78857421875	0.3	1.0	2	474703	n/a
231.79736328125	0.3	0.0	1	474721	n/a
231.8056640625	0.3	1.0	2	474738	n/a
231.81396484375	0.3	1.0	2	474755	n/a
231.822265625	0.3	0.0	1	474772	n/a
231.83056640625	0.3	1.0	2	474789	n/a
231.8388671875	0.3	0.0	1	474806	n/a
231.84716796875	0.3	1.0	2	474823	n/a
231.85546875	0.3	0.0	1	474840	n/a
231.86376953125	0.3	0.0	1	474857	n/a
231.8720703125	0.3	1.0	2	474874	n/a
231.88037109375	0.3	1.0	2	474891	n/a
231.888671875	0.3	0.0	1	474908	n/a
231.89697265625	0.3	1.0	2	474925	n/a
231.9052734375	0.3	0.0	1	474942	n/a
231.91357421875	0.3	1.0	2	474959	n/a
231.92236328125	0.3	0.0	1	474977	n/a
231.9306640625	0.3	0.0	1	474994	n/a
231.93896484375	0.3	1.0	2	475011	n/a
231.947265625	0.3	1.0	2	475028	n/a
231.95556640625	0.3	0.0	1	475045	n/a
231.9638671875	0.3	0.0	1	475062	n/a
231.97216796875	0.3	1.0	2	475079	n/a
231.98046875	0.3	0.0	1	475096	n/a
231.98876953125	0.3	1.0	2	475113	n/a
231.9970703125	0.3	1.0	2	475130	n/a
232.00537109375	0.3	0.0	1	475147	n/a
232.013671875	0.3	0.0	1	475164	n/a
232.02197265625	0.3	1.0	2	475181	n/a
232.0302734375	0.3	1.0	2	475198	n/a
232.03857421875	0.3	0.0	1	475215	n/a
232.04736328125	0.3	1.0	2	475233	n/a
232.0556640625	0.3	0.0	1	475250	n/a
232.06396484375	0.3	1.0	2	475267	n/a
232.072265625	0.3	0.0	1	475284	n/a
232.08056640625	0.3	1.0	2	475301	n/a
232.0888671875	0.3	0.0	1	475318	n/a
232.09716796875	0.3	1.0	2	475335	n/a
232.10546875	0.3	0.0	1	475352	n/a
232.11376953125	0.3	0.0	1	475369	n/a
232.1220703125	0.3	1.0	2	475386	n/a
232.13037109375	0.3	1.0	2	475403	n/a
232.138671875	0.3	0.0	1	475420	n/a
232.14697265625	0.3	1.0	2	475437	n/a
232.1552734375	0.3	0.0	1	475454	n/a
232.16357421875	0.3	0.0	1	475471	n/a
232.17236328125	0.3	1.0	2	475489	n/a
232.1806640625	0.3	1.0	2	475506	n/a
232.18896484375	0.3	0.0	1	475523	n/a
232.197265625	0.3	0.0	1	475540	n/a
232.20556640625	0.3	1.0	2	475557	n/a
232.2138671875	0.3	1.0	2	475574	n/a
232.22216796875	0.3	0.0	1	475591	n/a
232.23046875	0.3	1.0	2	475608	n/a
232.23876953125	0.3	0.0	1	475625	n/a
232.2470703125	0.3	0.0	1	475642	n/a
232.25537109375	0.3	1.0	2	475659	n/a
232.263671875	0.3	0.0	1	475676	n/a
232.27197265625	0.3	1.0	2	475693	n/a
232.2802734375	0.3	0.0	1	475710	n/a
232.28857421875	0.3	1.0	2	475727	n/a
232.29736328125	0.3	1.0	2	475745	n/a
232.3056640625	0.3	0.0	1	475762	n/a
232.31396484375	0.3	0.0	1	475779	n/a
232.322265625	0.3	1.0	2	475796	n/a
232.33056640625	0.3	1.0	2	475813	n/a
232.3388671875	0.3	0.0	1	475830	n/a
232.34716796875	0.3	1.0	2	475847	n/a
232.35546875	0.3	0.0	1	475864	n/a
232.36376953125	0.3	1.0	2	475881	n/a
232.3720703125	0.3	0.0	1	475898	n/a
232.38037109375	0.3	0.0	1	475915	n/a
232.388671875	0.3	1.0	2	475932	n/a
232.39697265625	0.3	0.0	1	475949	n/a
232.4052734375	0.3	1.0	2	475966	n/a
232.41357421875	0.3	0.0	1	475983	n/a
232.42236328125	0.3	1.0	2	476001	n/a
232.4306640625	0.3	0.0	1	476018	n/a
232.43896484375	0.3	1.0	2	476035	n/a
232.447265625	0.3	1.0	2	476052	n/a
232.45556640625	0.3	0.0	1	476069	n/a
232.4638671875	0.3	1.0	2	476086	n/a
232.47216796875	0.3	0.0	1	476103	n/a
232.48046875	0.3	0.0	1	476120	n/a
232.48876953125	0.3	1.0	2	476137	n/a
232.4970703125	0.3	0.0	1	476154	n/a
232.50537109375	0.3	1.0	2	476171	n/a
232.513671875	0.3	0.0	1	476188	n/a
232.52197265625	0.3	1.0	2	476205	n/a
232.5302734375	0.3	1.0	2	476222	n/a
232.53857421875	0.3	0.0	1	476239	n/a
232.54736328125	0.3	0.0	1	476257	n/a
232.5556640625	0.3	1.0	2	476274	n/a
232.56396484375	0.3	0.0	1	476291	n/a
232.572265625	0.3	1.0	2	476308	n/a
232.58056640625	0.3	1.0	2	476325	n/a
232.5888671875	0.3	0.0	1	476342	n/a
232.59716796875	0.3	0.0	1	476359	n/a
232.60546875	0.3	1.0	2	476376	n/a
232.61376953125	0.3	0.0	1	476393	n/a
232.6220703125	0.3	1.0	2	476410	n/a
232.63037109375	0.3	1.0	2	476427	n/a
232.638671875	0.3	0.0	1	476444	n/a
232.64697265625	0.3	1.0	2	476461	n/a
232.6552734375	0.3	0.0	1	476478	n/a
232.66357421875	0.3	1.0	2	476495	n/a
232.67236328125	0.3	0.0	1	476513	n/a
235.064453125	0.3	1.0	2	481412	5.0
235.07275390625	0.3	0.0	1	481429	n/a
235.0810546875	0.3	1.0	2	481446	n/a
235.08935546875	0.3	0.0	1	481463	n/a
235.09765625	0.3	0.0	1	481480	n/a
235.10595703125	0.3	1.0	2	481497	n/a
235.1142578125	0.3	0.0	1	481514	n/a
235.12255859375	0.3	1.0	2	481531	n/a
235.13134765625	0.3	0.0	1	481549	n/a
235.1396484375	0.3	1.0	2	481566	n/a
235.14794921875	0.3	0.0	1	481583	n/a
235.15625	0.3	1.0	2	481600	n/a
235.16455078125	0.3	1.0	2	481617	n/a
235.1728515625	0.3	0.0	1	481634	n/a
235.18115234375	0.3	1.0	2	481651	n/a
235.189453125	0.3	0.0	1	481668	n/a
235.19775390625	0.3	1.0	2	481685	n/a
235.2060546875	0.3	0.0	1	481702	n/a
235.21435546875	0.3	1.0	2	481719	n/a
235.22265625	0.3	0.0	1	481736	n/a
235.23095703125	0.3	1.0	2	481753	n/a
235.2392578125	0.3	0.0	1	481770	n/a
235.24755859375	0.3	0.0	1	481787	n/a
235.25634765625	0.3	1.0	2	481805	n/a
235.2646484375	0.3	0.0	1	481822	n/a
235.27294921875	0.3	1.0	2	481839	n/a
235.28125	0.3	0.0	1	481856	n/a
235.28955078125	0.3	1.0	2	481873	n/a
235.2978515625	0.3	0.0	1	481890	n/a
235.30615234375	0.3	1.0	2	481907	n/a
235.314453125	0.3	1.0	2	481924	n/a
235.32275390625	0.3	0.0	1	481941	n/a
235.3310546875	0.3	0.0	1	481958	n/a
235.33935546875	0.3	1.0	2	481975	n/a
235.34765625	0.3	1.0	2	481992	n/a
235.35595703125	0.3	0.0	1	482009	n/a
235.3642578125	0.3	1.0	2	482026	n/a
235.37255859375	0.3	0.0	1	482043	n/a
235.38134765625	0.3	1.0	2	482061	n/a
235.3896484375	0.3	0.0	1	482078	n/a
235.39794921875	0.3	1.0	2	482095	n/a
235.40625	0.3	0.0	1	482112	n/a
235.41455078125	0.3	0.0	1	482129	n/a
235.4228515625	0.3	1.0	2	482146	n/a
235.43115234375	0.3	1.0	2	482163	n/a
235.439453125	0.3	0.0	1	482180	n/a
235.44775390625	0.3	0.0	1	482197	n/a
235.4560546875	0.3	1.0	2	482214	n/a
235.46435546875	0.3	0.0	1	482231	n/a
235.47265625	0.3	1.0	2	482248	n/a
235.48095703125	0.3	0.0	1	482265	n/a
235.4892578125	0.3	1.0	2	482282	n/a
235.49755859375	0.3	1.0	2	482299	n/a
235.50634765625	0.3	0.0	1	482317	n/a
235.5146484375	0.3	1.0	2	482334	n/a
235.52294921875	0.3	0.0	1	482351	n/a
235.53125	0.3	0.0	1	482368	n/a
235.53955078125	0.3	1.0	2	482385	n/a
235.5478515625	0.3	1.0	2	482402	n/a
235.55615234375	0.3	0.0	1	482419	n/a
235.564453125	0.3	0.0	1	482436	n/a
235.57275390625	0.3	1.0	2	482453	n/a
235.5810546875	0.3	0.0	1	482470	n/a
235.58935546875	0.3	1.0	2	482487	n/a
235.59765625	0.3	0.0	1	482504	n/a
235.60595703125	0.3	1.0	2	482521	n/a
235.6142578125	0.3	0.0	1	482538	n/a
235.62255859375	0.3	1.0	2	482555	n/a
235.63134765625	0.3	1.0	2	482573	n/a
235.6396484375	0.3	0.0	1	482590	n/a
235.64794921875	0.3	0.0	1	482607	n/a
235.65625	0.3	1.0	2	482624	n/a
235.66455078125	0.3	1.0	2	482641	n/a
235.6728515625	0.3	0.0	1	482658	n/a
235.68115234375	0.3	1.0	2	482675	n/a
235.689453125	0.3	0.0	1	482692	n/a
235.69775390625	0.3	0.0	1	482709	n/a
235.7060546875	0.3	1.0	2	482726	n/a
235.71435546875	0.3	1.0	2	482743	n/a
235.72265625	0.3	0.0	1	482760	n/a
235.73095703125	0.3	0.0	1	482777	n/a
235.7392578125	0.3	1.0	2	482794	n/a
235.74755859375	0.3	0.0	1	482811	n/a
235.75634765625	0.3	1.0	2	482829	n/a
235.7646484375	0.3	0.0	1	482846	n/a
235.77294921875	0.3	1.0	2	482863	n/a
235.78125	0.3	1.0	2	482880	n/a
235.78955078125	0.3	0.0	1	482897	n/a
235.7978515625	0.3	1.0	2	482914	n/a
235.80615234375	0.3	0.0	1	482931	n/a
235.814453125	0.3	1.0	2	482948	n/a
235.82275390625	0.3	0.0	1	482965	n/a
235.8310546875	0.3	1.0	2	482982	n/a
235.83935546875	0.3	0.0	1	482999	n/a
235.84765625	0.3	0.0	1	483016	n/a
235.85595703125	0.3	1.0	2	483033	n/a
235.8642578125	0.3	1.0	2	483050	n/a
235.87255859375	0.3	0.0	1	483067	n/a
235.88134765625	0.3	0.0	1	483085	n/a
235.8896484375	0.3	1.0	2	483102	n/a
235.89794921875	0.3	1.0	2	483119	n/a
235.90625	0.3	0.0	1	483136	n/a
235.91455078125	0.3	0.0	1	483153	n/a
235.9228515625	0.3	1.0	2	483170	n/a
235.93115234375	0.3	0.0	1	483187	n/a
235.939453125	0.3	1.0	2	483204	n/a
235.94775390625	0.3	1.0	2	483221	n/a
235.9560546875	0.3	0.0	1	483238	n/a
235.96435546875	0.3	1.0	2	483255	n/a
235.97265625	0.3	0.0	1	483272	n/a
235.98095703125	0.3	0.0	1	483289	n/a
235.9892578125	0.3	1.0	2	483306	n/a
235.99755859375	0.3	1.0	2	483323	n/a
236.00634765625	0.3	0.0	1	483341	n/a
236.0146484375	0.3	1.0	2	483358	n/a
236.02294921875	0.3	0.0	1	483375	n/a
236.03125	0.3	0.0	1	483392	n/a
236.03955078125	0.3	1.0	2	483409	n/a
236.0478515625	0.3	0.0	1	483426	n/a
236.05615234375	0.3	1.0	2	483443	n/a
236.064453125	0.3	1.0	2	483460	n/a
236.07275390625	0.3	0.0	1	483477	n/a
236.0810546875	0.3	0.0	1	483494	n/a
236.08935546875	0.3	1.0	2	483511	n/a
236.09765625	0.3	0.0	1	483528	n/a
236.10595703125	0.3	1.0	2	483545	n/a
236.1142578125	0.3	1.0	2	483562	n/a
236.12255859375	0.3	0.0	1	483579	n/a
236.13134765625	0.3	1.0	2	483597	n/a
236.1396484375	0.3	0.0	1	483614	n/a
236.14794921875	0.3	0.0	1	483631	n/a
236.15625	0.3	1.0	2	483648	n/a
236.16455078125	0.3	0.0	1	483665	n/a
236.1728515625	0.3	1.0	2	483682	n/a
236.18115234375	0.3	0.0	1	483699	n/a
236.189453125	0.3	1.0	2	483716	n/a
236.19775390625	0.3	0.0	1	483733	n/a
236.2060546875	0.3	1.0	2	483750	n/a
236.21435546875	0.3	1.0	2	483767	n/a
236.22265625	0.3	0.0	1	483784	n/a
236.23095703125	0.3	1.0	2	483801	n/a
236.2392578125	0.3	0.0	1	483818	n/a
236.24755859375	0.3	1.0	2	483835	n/a
236.25634765625	0.3	0.0	1	483853	n/a
236.2646484375	0.3	1.0	2	483870	n/a
236.27294921875	0.3	0.0	1	483887	n/a
236.28125	0.3	1.0	2	483904	n/a
236.28955078125	0.3	0.0	1	483921	n/a
236.2978515625	0.3	0.0	1	483938	n/a
236.30615234375	0.3	1.0	2	483955	n/a
236.314453125	0.3	0.0	1	483972	n/a
236.32275390625	0.3	1.0	2	483989	n/a
236.3310546875	0.3	0.0	1	484006	n/a
236.33935546875	0.3	1.0	2	484023	n/a
236.34765625	0.3	0.0	1	484040	n/a
236.35595703125	0.3	1.0	2	484057	n/a
236.3642578125	0.3	1.0	2	484074	n/a
236.37255859375	0.3	0.0	1	484091	n/a
236.38134765625	0.3	0.0	1	484109	n/a
236.3896484375	0.3	1.0	2	484126	n/a
236.39794921875	0.3	1.0	2	484143	n/a
236.40625	0.3	0.0	1	484160	n/a
236.41455078125	0.3	1.0	2	484177	n/a
236.4228515625	0.3	0.0	1	484194	n/a
236.43115234375	0.3	1.0	2	484211	n/a
236.439453125	0.3	0.0	1	484228	n/a
236.44775390625	0.3	1.0	2	484245	n/a
236.4560546875	0.3	0.0	1	484262	n/a
236.46435546875	0.3	0.0	1	484279	n/a
236.47265625	0.3	1.0	2	484296	n/a
236.48095703125	0.3	1.0	2	484313	n/a
236.4892578125	0.3	0.0	1	484330	n/a
236.49755859375	0.3	0.0	1	484347	n/a
236.50634765625	0.3	1.0	2	484365	n/a
236.5146484375	0.3	0.0	1	484382	n/a
236.52294921875	0.3	1.0	2	484399	n/a
236.53125	0.3	0.0	1	484416	n/a
236.53955078125	0.3	1.0	2	484433	n/a
236.5478515625	0.3	1.0	2	484450	n/a
236.55615234375	0.3	0.0	1	484467	n/a
236.564453125	0.3	1.0	2	484484	n/a
236.57275390625	0.3	0.0	1	484501	n/a
236.5810546875	0.3	0.0	1	484518	n/a
236.58935546875	0.3	1.0	2	484535	n/a
236.59765625	0.3	1.0	2	484552	n/a
236.60595703125	0.3	0.0	1	484569	n/a
236.6142578125	0.3	0.0	1	484586	n/a
236.62255859375	0.3	1.0	2	484603	n/a
236.63134765625	0.3	0.0	1	484621	n/a
236.6396484375	0.3	1.0	2	484638	n/a
236.64794921875	0.3	0.0	1	484655	n/a
236.65625	0.3	1.0	2	484672	n/a
236.66455078125	0.3	0.0	1	484689	n/a
236.6728515625	0.3	1.0	2	484706	n/a
236.68115234375	0.3	1.0	2	484723	n/a
236.689453125	0.3	0.0	1	484740	n/a
236.69775390625	0.3	0.0	1	484757	n/a
236.7060546875	0.3	1.0	2	484774	n/a
236.71435546875	0.3	1.0	2	484791	n/a
236.72265625	0.3	0.0	1	484808	n/a
236.73095703125	0.3	1.0	2	484825	n/a
236.7392578125	0.3	0.0	1	484842	n/a
236.74755859375	0.3	0.0	1	484859	n/a
236.75634765625	0.3	1.0	2	484877	n/a
236.7646484375	0.3	1.0	2	484894	n/a
236.77294921875	0.3	0.0	1	484911	n/a
236.78125	0.3	0.0	1	484928	n/a
236.78955078125	0.3	1.0	2	484945	n/a
236.7978515625	0.3	0.0	1	484962	n/a
236.80615234375	0.3	1.0	2	484979	n/a
236.814453125	0.3	0.0	1	484996	n/a
236.82275390625	0.3	1.0	2	485013	n/a
236.8310546875	0.3	1.0	2	485030	n/a
236.83935546875	0.3	0.0	1	485047	n/a
236.84765625	0.3	1.0	2	485064	n/a
236.85595703125	0.3	0.0	1	485081	n/a
236.8642578125	0.3	1.0	2	485098	n/a
236.87255859375	0.3	0.0	1	485115	n/a
236.88134765625	0.3	1.0	2	485133	n/a
236.8896484375	0.3	0.0	1	485150	n/a
236.89794921875	0.3	0.0	1	485167	n/a
236.90625	0.3	1.0	2	485184	n/a
236.91455078125	0.3	1.0	2	485201	n/a
236.9228515625	0.3	0.0	1	485218	n/a
236.93115234375	0.3	0.0	1	485235	n/a
236.939453125	0.3	1.0	2	485252	n/a
236.94775390625	0.3	1.0	2	485269	n/a
236.9560546875	0.3	0.0	1	485286	n/a
236.96435546875	0.3	0.0	1	485303	n/a
236.97265625	0.3	1.0	2	485320	n/a
236.98095703125	0.3	0.0	1	485337	n/a
236.9892578125	0.3	1.0	2	485354	n/a
236.99755859375	0.3	1.0	2	485371	n/a
237.00634765625	0.3	0.0	1	485389	n/a
237.0146484375	0.3	1.0	2	485406	n/a
237.02294921875	0.3	0.0	1	485423	n/a
237.03125	0.3	0.0	1	485440	n/a
237.03955078125	0.3	1.0	2	485457	n/a
237.0478515625	0.3	1.0	2	485474	n/a
237.05615234375	0.3	0.0	1	485491	n/a
237.064453125	0.3	1.0	2	485508	n/a
237.07275390625	0.3	0.0	1	485525	n/a
237.0810546875	0.3	0.0	1	485542	n/a
237.08935546875	0.3	1.0	2	485559	n/a
237.09765625	0.3	0.0	1	485576	n/a
237.10595703125	0.3	1.0	2	485593	n/a
237.1142578125	0.3	1.0	2	485610	n/a
237.12255859375	0.3	0.0	1	485627	n/a
237.13134765625	0.3	0.0	1	485645	n/a
237.1396484375	0.3	1.0	2	485662	n/a
237.14794921875	0.3	0.0	1	485679	n/a
237.15625	0.3	1.0	2	485696	n/a
237.16455078125	0.3	1.0	2	485713	n/a
237.1728515625	0.3	0.0	1	485730	n/a
237.18115234375	0.3	1.0	2	485747	n/a
237.189453125	0.3	0.0	1	485764	n/a
237.19775390625	0.3	0.0	1	485781	n/a
237.2060546875	0.3	1.0	2	485798	n/a
237.21435546875	0.3	0.0	1	485815	n/a
237.22265625	0.3	1.0	2	485832	n/a
237.23095703125	0.3	0.0	1	485849	n/a
237.2392578125	0.3	1.0	2	485866	n/a
237.24755859375	0.3	0.0	1	485883	n/a
237.25634765625	0.3	1.0	2	485901	n/a
237.2646484375	0.3	1.0	2	485918	n/a
237.27294921875	0.3	0.0	1	485935	n/a
237.28125	0.3	1.0	2	485952	n/a
237.28955078125	0.3	0.0	1	485969	n/a
237.2978515625	0.3	1.0	2	485986	n/a
237.30615234375	0.3	0.0	1	486003	n/a
237.314453125	0.3	1.0	2	486020	n/a
237.32275390625	0.3	0.0	1	486037	n/a
237.3310546875	0.3	1.0	2	486054	n/a
237.33935546875	0.3	0.0	1	486071	n/a
237.34765625	0.3	0.0	1	486088	n/a
237.35595703125	0.3	1.0	2	486105	n/a
237.3642578125	0.3	0.0	1	486122	n/a
237.37255859375	0.3	1.0	2	486139	n/a
237.38134765625	0.3	0.0	1	486157	n/a
237.3896484375	0.3	1.0	2	486174	n/a
237.39794921875	0.3	0.0	1	486191	n/a
237.40625	0.3	1.0	2	486208	n/a
237.41455078125	0.3	1.0	2	486225	n/a
237.4228515625	0.3	0.0	1	486242	n/a
237.43115234375	0.3	0.0	1	486259	n/a
237.439453125	0.3	1.0	2	486276	n/a
237.44775390625	0.3	1.0	2	486293	n/a
237.4560546875	0.3	0.0	1	486310	n/a
237.46435546875	0.3	1.0	2	486327	n/a
237.47265625	0.3	0.0	1	486344	n/a
237.48095703125	0.3	1.0	2	486361	n/a
237.4892578125	0.3	0.0	1	486378	n/a
237.49755859375	0.3	1.0	2	486395	n/a
237.50634765625	0.3	0.0	1	486413	n/a
237.5146484375	0.3	0.0	1	486430	n/a
237.52294921875	0.3	1.0	2	486447	n/a
237.53125	0.3	1.0	2	486464	n/a
237.53955078125	0.3	0.0	1	486481	n/a
237.5478515625	0.3	0.0	1	486498	n/a
237.55615234375	0.3	1.0	2	486515	n/a
237.564453125	0.3	0.0	1	486532	n/a
237.57275390625	0.3	1.0	2	486549	n/a
237.5810546875	0.3	0.0	1	486566	n/a
237.58935546875	0.3	1.0	2	486583	n/a
237.59765625	0.3	1.0	2	486600	n/a
237.60595703125	0.3	0.0	1	486617	n/a
237.6142578125	0.3	1.0	2	486634	n/a
237.62255859375	0.3	0.0	1	486651	n/a
237.63134765625	0.3	0.0	1	486669	n/a
237.6396484375	0.3	1.0	2	486686	n/a
237.64794921875	0.3	1.0	2	486703	n/a
237.65625	0.3	0.0	1	486720	n/a
237.66455078125	0.3	0.0	1	486737	n/a
237.6728515625	0.3	1.0	2	486754	n/a
237.68115234375	0.3	0.0	1	486771	n/a
237.689453125	0.3	1.0	2	486788	n/a
237.69775390625	0.3	0.0	1	486805	n/a
237.7060546875	0.3	1.0	2	486822	n/a
237.71435546875	0.3	0.0	1	486839	n/a
237.72265625	0.3	1.0	2	486856	n/a
237.73095703125	0.3	1.0	2	486873	n/a
237.7392578125	0.3	0.0	1	486890	n/a
237.74755859375	0.3	0.0	1	486907	n/a
237.75634765625	0.3	1.0	2	486925	n/a
237.7646484375	0.3	1.0	2	486942	n/a
237.77294921875	0.3	0.0	1	486959	n/a
237.78125	0.3	1.0	2	486976	n/a
237.78955078125	0.3	0.0	1	486993	n/a
237.7978515625	0.3	0.0	1	487010	n/a
237.80615234375	0.3	1.0	2	487027	n/a
237.814453125	0.3	1.0	2	487044	n/a
237.82275390625	0.3	0.0	1	487061	n/a
237.8310546875	0.3	0.0	1	487078	n/a
237.83935546875	0.3	1.0	2	487095	n/a
237.84765625	0.3	0.0	1	487112	n/a
237.85595703125	0.3	1.0	2	487129	n/a
237.8642578125	0.3	0.0	1	487146	n/a
237.87255859375	0.3	1.0	2	487163	n/a
237.88134765625	0.3	1.0	2	487181	n/a
237.8896484375	0.3	0.0	1	487198	n/a
237.89794921875	0.3	1.0	2	487215	n/a
237.90625	0.3	0.0	1	487232	n/a
237.91455078125	0.3	1.0	2	487249	n/a
237.9228515625	0.3	0.0	1	487266	n/a
237.93115234375	0.3	1.0	2	487283	n/a
237.939453125	0.3	0.0	1	487300	n/a
237.94775390625	0.3	0.0	1	487317	n/a
237.9560546875	0.3	1.0	2	487334	n/a
237.96435546875	0.3	1.0	2	487351	n/a
237.97265625	0.3	0.0	1	487368	n/a
237.98095703125	0.3	0.0	1	487385	n/a
237.9892578125	0.3	1.0	2	487402	n/a
237.99755859375	0.3	1.0	2	487419	n/a
238.00634765625	0.3	0.0	1	487437	n/a
238.0146484375	0.3	0.0	1	487454	n/a
238.02294921875	0.3	1.0	2	487471	n/a
238.03125	0.3	0.0	1	487488	n/a
238.03955078125	0.3	1.0	2	487505	n/a
238.0478515625	0.3	1.0	2	487522	n/a
238.05615234375	0.3	0.0	1	487539	n/a
238.064453125	0.3	1.0	2	487556	n/a
238.07275390625	0.3	0.0	1	487573	n/a
238.0810546875	0.3	0.0	1	487590	n/a
238.08935546875	0.3	1.0	2	487607	n/a
238.09765625	0.3	1.0	2	487624	n/a
238.10595703125	0.3	0.0	1	487641	n/a
238.1142578125	0.3	1.0	2	487658	n/a
238.12255859375	0.3	0.0	1	487675	n/a
238.13134765625	0.3	0.0	1	487693	n/a
238.1396484375	0.3	1.0	2	487710	n/a
238.14794921875	0.3	0.0	1	487727	n/a
238.15625	0.3	1.0	2	487744	n/a
238.16455078125	0.3	1.0	2	487761	n/a
238.1728515625	0.3	0.0	1	487778	n/a
238.18115234375	0.3	0.0	1	487795	n/a
238.189453125	0.3	1.0	2	487812	n/a
238.19775390625	0.3	0.0	1	487829	n/a
238.2060546875	0.3	1.0	2	487846	n/a
238.21435546875	0.3	1.0	2	487863	n/a
238.22265625	0.3	0.0	1	487880	n/a
238.23095703125	0.3	1.0	2	487897	n/a
238.2392578125	0.3	0.0	1	487914	n/a
238.24755859375	0.3	0.0	1	487931	n/a
238.25634765625	0.3	1.0	2	487949	n/a
238.2646484375	0.3	0.0	1	487966	n/a
238.27294921875	0.3	1.0	2	487983	n/a
238.28125	0.3	0.0	1	488000	n/a
238.28955078125	0.3	1.0	2	488017	n/a
238.2978515625	0.3	0.0	1	488034	n/a
238.30615234375	0.3	1.0	2	488051	n/a
238.314453125	0.3	1.0	2	488068	n/a
238.32275390625	0.3	0.0	1	488085	n/a
238.3310546875	0.3	1.0	2	488102	n/a
238.33935546875	0.3	0.0	1	488119	n/a
238.34765625	0.3	1.0	2	488136	n/a
238.35595703125	0.3	0.0	1	488153	n/a
238.3642578125	0.3	1.0	2	488170	n/a
238.37255859375	0.3	0.0	1	488187	n/a
238.38134765625	0.3	1.0	2	488205	n/a
238.3896484375	0.3	0.0	1	488222	n/a
238.39794921875	0.3	0.0	1	488239	n/a
238.40625	0.3	1.0	2	488256	n/a
238.41455078125	0.3	0.0	1	488273	n/a
238.4228515625	0.3	1.0	2	488290	n/a
238.43115234375	0.3	0.0	1	488307	n/a
238.439453125	0.3	1.0	2	488324	n/a
238.44775390625	0.3	0.0	1	488341	n/a
238.4560546875	0.3	1.0	2	488358	n/a
238.46435546875	0.3	1.0	2	488375	n/a
238.47265625	0.3	0.0	1	488392	n/a
238.48095703125	0.3	0.0	1	488409	n/a
238.4892578125	0.3	1.0	2	488426	n/a
238.49755859375	0.3	1.0	2	488443	n/a
238.50634765625	0.3	0.0	1	488461	n/a
238.5146484375	0.3	1.0	2	488478	n/a
238.52294921875	0.3	0.0	1	488495	n/a
238.53125	0.3	1.0	2	488512	n/a
238.53955078125	0.3	0.0	1	488529	n/a
238.5478515625	0.3	1.0	2	488546	n/a
238.55615234375	0.3	0.0	1	488563	n/a
238.564453125	0.3	0.0	1	488580	n/a
238.57275390625	0.3	1.0	2	488597	n/a
238.5810546875	0.3	1.0	2	488614	n/a
238.58935546875	0.3	0.0	1	488631	n/a
238.59765625	0.3	0.0	1	488648	n/a
238.60595703125	0.3	1.0	2	488665	n/a
238.6142578125	0.3	0.0	1	488682	n/a
238.62255859375	0.3	1.0	2	488699	n/a
238.63134765625	0.3	0.0	1	488717	n/a
238.6396484375	0.3	1.0	2	488734	n/a
238.64794921875	0.3	1.0	2	488751	n/a
238.65625	0.3	0.0	1	488768	n/a
238.66455078125	0.3	1.0	2	488785	n/a
238.6728515625	0.3	0.0	1	488802	n/a
238.68115234375	0.3	0.0	1	488819	n/a
238.689453125	0.3	1.0	2	488836	n/a
238.69775390625	0.3	1.0	2	488853	n/a
238.7060546875	0.3	0.0	1	488870	n/a
238.71435546875	0.3	0.0	1	488887	n/a
238.72265625	0.3	1.0	2	488904	n/a
238.73095703125	0.3	0.0	1	488921	n/a
238.7392578125	0.3	1.0	2	488938	n/a
238.74755859375	0.3	0.0	1	488955	n/a
238.75634765625	0.3	1.0	2	488973	n/a
238.7646484375	0.3	0.0	1	488990	n/a
238.77294921875	0.3	1.0	2	489007	n/a
238.78125	0.3	1.0	2	489024	n/a
238.78955078125	0.3	0.0	1	489041	n/a
238.7978515625	0.3	0.0	1	489058	n/a
238.80615234375	0.3	1.0	2	489075	n/a
238.814453125	0.3	1.0	2	489092	n/a
238.82275390625	0.3	0.0	1	489109	n/a
238.8310546875	0.3	1.0	2	489126	n/a
238.83935546875	0.3	0.0	1	489143	n/a
238.84765625	0.3	0.0	1	489160	n/a
238.85595703125	0.3	1.0	2	489177	n/a
238.8642578125	0.3	1.0	2	489194	n/a
238.87255859375	0.3	0.0	1	489211	n/a
238.88134765625	0.3	0.0	1	489229	n/a
238.8896484375	0.3	1.0	2	489246	n/a
238.89794921875	0.3	0.0	1	489263	n/a
238.90625	0.3	1.0	2	489280	n/a
238.91455078125	0.3	0.0	1	489297	n/a
238.9228515625	0.3	1.0	2	489314	n/a
238.93115234375	0.3	1.0	2	489331	n/a
238.939453125	0.3	0.0	1	489348	n/a
238.94775390625	0.3	1.0	2	489365	n/a
238.9560546875	0.3	0.0	1	489382	n/a
238.96435546875	0.3	1.0	2	489399	n/a
238.97265625	0.3	0.0	1	489416	n/a
238.98095703125	0.3	1.0	2	489433	n/a
238.9892578125	0.3	0.0	1	489450	n/a
238.99755859375	0.3	0.0	1	489467	n/a
239.00634765625	0.3	1.0	2	489485	n/a
239.0146484375	0.3	1.0	2	489502	n/a
239.02294921875	0.3	0.0	1	489519	n/a
239.03125	0.3	0.0	1	489536	n/a
239.03955078125	0.3	1.0	2	489553	n/a
239.0478515625	0.3	1.0	2	489570	n/a
239.05615234375	0.3	0.0	1	489587	n/a
239.064453125	0.3	0.0	1	489604	n/a
239.07275390625	0.3	1.0	2	489621	n/a
239.0810546875	0.3	0.0	1	489638	n/a
239.08935546875	0.3	1.0	2	489655	n/a
239.09765625	0.3	1.0	2	489672	n/a
239.10595703125	0.3	0.0	1	489689	n/a
239.1142578125	0.3	1.0	2	489706	n/a
239.12255859375	0.3	0.0	1	489723	n/a
239.13134765625	0.3	0.0	1	489741	n/a
239.1396484375	0.3	1.0	2	489758	n/a
239.14794921875	0.3	1.0	2	489775	n/a
239.15625	0.3	0.0	1	489792	n/a
239.16455078125	0.3	1.0	2	489809	n/a
239.1728515625	0.3	0.0	1	489826	n/a
239.18115234375	0.3	0.0	1	489843	n/a
239.189453125	0.3	1.0	2	489860	n/a
239.19775390625	0.3	0.0	1	489877	n/a
239.2060546875	0.3	1.0	2	489894	n/a
239.21435546875	0.3	1.0	2	489911	n/a
239.22265625	0.3	0.0	1	489928	n/a
239.23095703125	0.3	0.0	1	489945	n/a
239.2392578125	0.3	1.0	2	489962	n/a
239.24755859375	0.3	0.0	1	489979	n/a
239.25634765625	0.3	1.0	2	489997	n/a
241.6484375	0.3	1.0	2	494896	3.0
241.65673828125	0.3	0.0	1	494913	n/a
241.6650390625	0.3	0.0	1	494930	n/a
241.67333984375	0.3	1.0	2	494947	n/a
241.681640625	0.3	0.0	1	494964	n/a
241.68994140625	0.3	1.0	2	494981	n/a
241.6982421875	0.3	0.0	1	494998	n/a
241.70654296875	0.3	1.0	2	495015	n/a
241.71533203125	0.3	0.0	1	495033	n/a
241.7236328125	0.3	1.0	2	495050	n/a
241.73193359375	0.3	0.0	1	495067	n/a
241.740234375	0.3	1.0	2	495084	n/a
241.74853515625	0.3	0.0	1	495101	n/a
241.7568359375	0.3	1.0	2	495118	n/a
241.76513671875	0.3	0.0	1	495135	n/a
241.7734375	0.3	1.0	2	495152	n/a
241.78173828125	0.3	0.0	1	495169	n/a
241.7900390625	0.3	1.0	2	495186	n/a
241.79833984375	0.3	1.0	2	495203	n/a
241.806640625	0.3	0.0	1	495220	n/a
241.81494140625	0.3	1.0	2	495237	n/a
241.8232421875	0.3	0.0	1	495254	n/a
241.83154296875	0.3	0.0	1	495271	n/a
241.84033203125	0.3	1.0	2	495289	n/a
241.8486328125	0.3	0.0	1	495306	n/a
241.85693359375	0.3	1.0	2	495323	n/a
241.865234375	0.3	0.0	1	495340	n/a
241.87353515625	0.3	1.0	2	495357	n/a
241.8818359375	0.3	1.0	2	495374	n/a
241.89013671875	0.3	0.0	1	495391	n/a
241.8984375	0.3	1.0	2	495408	n/a
241.90673828125	0.3	0.0	1	495425	n/a
241.9150390625	0.3	1.0	2	495442	n/a
241.92333984375	0.3	0.0	1	495459	n/a
241.931640625	0.3	0.0	1	495476	n/a
241.93994140625	0.3	1.0	2	495493	n/a
241.9482421875	0.3	0.0	1	495510	n/a
241.95654296875	0.3	1.0	2	495527	n/a
241.96533203125	0.3	0.0	1	495545	n/a
241.9736328125	0.3	1.0	2	495562	n/a
241.98193359375	0.3	0.0	1	495579	n/a
241.990234375	0.3	1.0	2	495596	n/a
241.99853515625	0.3	1.0	2	495613	n/a
242.0068359375	0.3	0.0	1	495630	n/a
242.01513671875	0.3	1.0	2	495647	n/a
242.0234375	0.3	0.0	1	495664	n/a
242.03173828125	0.3	0.0	1	495681	n/a
242.0400390625	0.3	1.0	2	495698	n/a
242.04833984375	0.3	1.0	2	495715	n/a
242.056640625	0.3	0.0	1	495732	n/a
242.06494140625	0.3	0.0	1	495749	n/a
242.0732421875	0.3	1.0	2	495766	n/a
242.08154296875	0.3	0.0	1	495783	n/a
242.09033203125	0.3	1.0	2	495801	n/a
242.0986328125	0.3	1.0	2	495818	n/a
242.10693359375	0.3	0.0	1	495835	n/a
242.115234375	0.3	1.0	2	495852	n/a
242.12353515625	0.3	0.0	1	495869	n/a
242.1318359375	0.3	1.0	2	495886	n/a
242.14013671875	0.3	0.0	1	495903	n/a
242.1484375	0.3	0.0	1	495920	n/a
242.15673828125	0.3	1.0	2	495937	n/a
242.1650390625	0.3	0.0	1	495954	n/a
242.17333984375	0.3	1.0	2	495971	n/a
242.181640625	0.3	1.0	2	495988	n/a
242.18994140625	0.3	0.0	1	496005	n/a
242.1982421875	0.3	1.0	2	496022	n/a
242.20654296875	0.3	0.0	1	496039	n/a
242.21533203125	0.3	1.0	2	496057	n/a
242.2236328125	0.3	0.0	1	496074	n/a
242.23193359375	0.3	0.0	1	496091	n/a
242.240234375	0.3	1.0	2	496108	n/a
242.24853515625	0.3	0.0	1	496125	n/a
242.2568359375	0.3	1.0	2	496142	n/a
242.26513671875	0.3	0.0	1	496159	n/a
242.2734375	0.3	1.0	2	496176	n/a
242.28173828125	0.3	1.0	2	496193	n/a
242.2900390625	0.3	0.0	1	496210	n/a
242.29833984375	0.3	0.0	1	496227	n/a
242.306640625	0.3	1.0	2	496244	n/a
242.31494140625	0.3	0.0	1	496261	n/a
242.3232421875	0.3	1.0	2	496278	n/a
242.33154296875	0.3	1.0	2	496295	n/a
242.34033203125	0.3	0.0	1	496313	n/a
242.3486328125	0.3	1.0	2	496330	n/a
242.35693359375	0.3	0.0	1	496347	n/a
242.365234375	0.3	0.0	1	496364	n/a
242.37353515625	0.3	1.0	2	496381	n/a
242.3818359375	0.3	1.0	2	496398	n/a
242.39013671875	0.3	0.0	1	496415	n/a
242.3984375	0.3	0.0	1	496432	n/a
242.40673828125	0.3	1.0	2	496449	n/a
242.4150390625	0.3	1.0	2	496466	n/a
242.42333984375	0.3	0.0	1	496483	n/a
242.431640625	0.3	1.0	2	496500	n/a
242.43994140625	0.3	0.0	1	496517	n/a
242.4482421875	0.3	0.0	1	496534	n/a
242.45654296875	0.3	1.0	2	496551	n/a
242.46533203125	0.3	0.0	1	496569	n/a
242.4736328125	0.3	1.0	2	496586	n/a
242.48193359375	0.3	0.0	1	496603	n/a
242.490234375	0.3	1.0	2	496620	n/a
242.49853515625	0.3	0.0	1	496637	n/a
242.5068359375	0.3	1.0	2	496654	n/a
242.51513671875	0.3	0.0	1	496671	n/a
242.5234375	0.3	1.0	2	496688	n/a
242.53173828125	0.3	0.0	1	496705	n/a
242.5400390625	0.3	1.0	2	496722	n/a
242.54833984375	0.3	0.0	1	496739	n/a
242.556640625	0.3	1.0	2	496756	n/a
242.56494140625	0.3	0.0	1	496773	n/a
242.5732421875	0.3	1.0	2	496790	n/a
242.58154296875	0.3	0.0	1	496807	n/a
242.59033203125	0.3	1.0	2	496825	n/a
242.5986328125	0.3	0.0	1	496842	n/a
242.60693359375	0.3	1.0	2	496859	n/a
242.615234375	0.3	0.0	1	496876	n/a
242.62353515625	0.3	1.0	2	496893	n/a
242.6318359375	0.3	0.0	1	496910	n/a
242.64013671875	0.3	1.0	2	496927	n/a
242.6484375	0.3	1.0	2	496944	n/a
242.65673828125	0.3	0.0	1	496961	n/a
242.6650390625	0.3	1.0	2	496978	n/a
242.67333984375	0.3	0.0	1	496995	n/a
242.681640625	0.3	0.0	1	497012	n/a
242.68994140625	0.3	1.0	2	497029	n/a
242.6982421875	0.3	1.0	2	497046	n/a
242.70654296875	0.3	0.0	1	497063	n/a
242.71533203125	0.3	0.0	1	497081	n/a
242.7236328125	0.3	1.0	2	497098	n/a
242.73193359375	0.3	0.0	1	497115	n/a
242.740234375	0.3	1.0	2	497132	n/a
242.74853515625	0.3	0.0	1	497149	n/a
242.7568359375	0.3	1.0	2	497166	n/a
242.76513671875	0.3	0.0	1	497183	n/a
242.7734375	0.3	1.0	2	497200	n/a
242.78173828125	0.3	0.0	1	497217	n/a
242.7900390625	0.3	1.0	2	497234	n/a
242.79833984375	0.3	0.0	1	497251	n/a
242.806640625	0.3	1.0	2	497268	n/a
242.81494140625	0.3	0.0	1	497285	n/a
242.8232421875	0.3	1.0	2	497302	n/a
242.83154296875	0.3	0.0	1	497319	n/a
242.84033203125	0.3	1.0	2	497337	n/a
242.8486328125	0.3	1.0	2	497354	n/a
242.85693359375	0.3	0.0	1	497371	n/a
242.865234375	0.3	1.0	2	497388	n/a
242.87353515625	0.3	0.0	1	497405	n/a
242.8818359375	0.3	0.0	1	497422	n/a
242.89013671875	0.3	1.0	2	497439	n/a
242.8984375	0.3	0.0	1	497456	n/a
242.90673828125	0.3	1.0	2	497473	n/a
242.9150390625	0.3	0.0	1	497490	n/a
242.92333984375	0.3	1.0	2	497507	n/a
242.931640625	0.3	1.0	2	497524	n/a
242.93994140625	0.3	0.0	1	497541	n/a
242.9482421875	0.3	1.0	2	497558	n/a
242.95654296875	0.3	0.0	1	497575	n/a
242.96533203125	0.3	1.0	2	497593	n/a
242.9736328125	0.3	0.0	1	497610	n/a
242.98193359375	0.3	0.0	1	497627	n/a
242.990234375	0.3	1.0	2	497644	n/a
242.99853515625	0.3	0.0	1	497661	n/a
243.0068359375	0.3	1.0	2	497678	n/a
243.01513671875	0.3	0.0	1	497695	n/a
243.0234375	0.3	1.0	2	497712	n/a
243.03173828125	0.3	0.0	1	497729	n/a
243.0400390625	0.3	1.0	2	497746	n/a
243.04833984375	0.3	1.0	2	497763	n/a
243.056640625	0.3	0.0	1	497780	n/a
243.06494140625	0.3	1.0	2	497797	n/a
243.0732421875	0.3	0.0	1	497814	n/a
243.08154296875	0.3	0.0	1	497831	n/a
243.09033203125	0.3	1.0	2	497849	n/a
243.0986328125	0.3	1.0	2	497866	n/a
243.10693359375	0.3	0.0	1	497883	n/a
243.115234375	0.3	0.0	1	497900	n/a
243.12353515625	0.3	1.0	2	497917	n/a
243.1318359375	0.3	0.0	1	497934	n/a
243.14013671875	0.3	1.0	2	497951	n/a
243.1484375	0.3	1.0	2	497968	n/a
243.15673828125	0.3	0.0	1	497985	n/a
243.1650390625	0.3	1.0	2	498002	n/a
243.17333984375	0.3	0.0	1	498019	n/a
243.181640625	0.3	1.0	2	498036	n/a
243.18994140625	0.3	0.0	1	498053	n/a
243.1982421875	0.3	0.0	1	498070	n/a
243.20654296875	0.3	1.0	2	498087	n/a
243.21533203125	0.3	0.0	1	498105	n/a
243.2236328125	0.3	1.0	2	498122	n/a
243.23193359375	0.3	1.0	2	498139	n/a
243.240234375	0.3	0.0	1	498156	n/a
243.24853515625	0.3	1.0	2	498173	n/a
243.2568359375	0.3	0.0	1	498190	n/a
243.26513671875	0.3	1.0	2	498207	n/a
243.2734375	0.3	0.0	1	498224	n/a
243.28173828125	0.3	0.0	1	498241	n/a
243.2900390625	0.3	1.0	2	498258	n/a
243.29833984375	0.3	0.0	1	498275	n/a
243.306640625	0.3	1.0	2	498292	n/a
243.31494140625	0.3	0.0	1	498309	n/a
243.3232421875	0.3	1.0	2	498326	n/a
243.33154296875	0.3	1.0	2	498343	n/a
243.34033203125	0.3	0.0	1	498361	n/a
243.3486328125	0.3	0.0	1	498378	n/a
243.35693359375	0.3	1.0	2	498395	n/a
243.365234375	0.3	0.0	1	498412	n/a
243.37353515625	0.3	1.0	2	498429	n/a
243.3818359375	0.3	1.0	2	498446	n/a
243.39013671875	0.3	0.0	1	498463	n/a
243.3984375	0.3	1.0	2	498480	n/a
243.40673828125	0.3	0.0	1	498497	n/a
243.4150390625	0.3	0.0	1	498514	n/a
243.42333984375	0.3	1.0	2	498531	n/a
243.431640625	0.3	1.0	2	498548	n/a
243.43994140625	0.3	0.0	1	498565	n/a
243.4482421875	0.3	0.0	1	498582	n/a
243.45654296875	0.3	1.0	2	498599	n/a
243.46533203125	0.3	1.0	2	498617	n/a
243.4736328125	0.3	0.0	1	498634	n/a
243.48193359375	0.3	1.0	2	498651	n/a
243.490234375	0.3	0.0	1	498668	n/a
243.49853515625	0.3	0.0	1	498685	n/a
243.5068359375	0.3	1.0	2	498702	n/a
243.51513671875	0.3	0.0	1	498719	n/a
243.5234375	0.3	1.0	2	498736	n/a
243.53173828125	0.3	0.0	1	498753	n/a
243.5400390625	0.3	1.0	2	498770	n/a
243.54833984375	0.3	0.0	1	498787	n/a
243.556640625	0.3	1.0	2	498804	n/a
243.56494140625	0.3	0.0	1	498821	n/a
243.5732421875	0.3	1.0	2	498838	n/a
243.58154296875	0.3	0.0	1	498855	n/a
243.59033203125	0.3	1.0	2	498873	n/a
243.5986328125	0.3	0.0	1	498890	n/a
243.60693359375	0.3	1.0	2	498907	n/a
243.615234375	0.3	0.0	1	498924	n/a
243.62353515625	0.3	1.0	2	498941	n/a
243.6318359375	0.3	0.0	1	498958	n/a
243.64013671875	0.3	1.0	2	498975	n/a
243.6484375	0.3	0.0	1	498992	n/a
243.65673828125	0.3	1.0	2	499009	n/a
243.6650390625	0.3	0.0	1	499026	n/a
243.67333984375	0.3	1.0	2	499043	n/a
243.681640625	0.3	0.0	1	499060	n/a
243.68994140625	0.3	1.0	2	499077	n/a
243.6982421875	0.3	1.0	2	499094	n/a
243.70654296875	0.3	0.0	1	499111	n/a
243.71533203125	0.3	1.0	2	499129	n/a
243.7236328125	0.3	0.0	1	499146	n/a
243.73193359375	0.3	0.0	1	499163	n/a
243.740234375	0.3	1.0	2	499180	n/a
243.74853515625	0.3	1.0	2	499197	n/a
243.7568359375	0.3	0.0	1	499214	n/a
243.76513671875	0.3	0.0	1	499231	n/a
243.7734375	0.3	1.0	2	499248	n/a
243.78173828125	0.3	0.0	1	499265	n/a
243.7900390625	0.3	1.0	2	499282	n/a
243.79833984375	0.3	0.0	1	499299	n/a
243.806640625	0.3	1.0	2	499316	n/a
243.81494140625	0.3	0.0	1	499333	n/a
243.8232421875	0.3	1.0	2	499350	n/a
243.83154296875	0.3	0.0	1	499367	n/a
243.84033203125	0.3	1.0	2	499385	n/a
243.8486328125	0.3	0.0	1	499402	n/a
243.85693359375	0.3	1.0	2	499419	n/a
243.865234375	0.3	0.0	1	499436	n/a
243.87353515625	0.3	1.0	2	499453	n/a
243.8818359375	0.3	0.0	1	499470	n/a
243.89013671875	0.3	1.0	2	499487	n/a
243.8984375	0.3	1.0	2	499504	n/a
243.90673828125	0.3	0.0	1	499521	n/a
243.9150390625	0.3	1.0	2	499538	n/a
243.92333984375	0.3	0.0	1	499555	n/a
243.931640625	0.3	0.0	1	499572	n/a
243.93994140625	0.3	1.0	2	499589	n/a
243.9482421875	0.3	0.0	1	499606	n/a
243.95654296875	0.3	1.0	2	499623	n/a
243.96533203125	0.3	0.0	1	499641	n/a
243.9736328125	0.3	1.0	2	499658	n/a
243.98193359375	0.3	1.0	2	499675	n/a
243.990234375	0.3	0.0	1	499692	n/a
243.99853515625	0.3	1.0	2	499709	n/a
244.0068359375	0.3	0.0	1	499726	n/a
244.01513671875	0.3	1.0	2	499743	n/a
244.0234375	0.3	0.0	1	499760	n/a
244.03173828125	0.3	0.0	1	499777	n/a
244.0400390625	0.3	1.0	2	499794	n/a
244.04833984375	0.3	0.0	1	499811	n/a
244.056640625	0.3	1.0	2	499828	n/a
244.06494140625	0.3	0.0	1	499845	n/a
244.0732421875	0.3	1.0	2	499862	n/a
244.08154296875	0.3	0.0	1	499879	n/a
244.09033203125	0.3	1.0	2	499897	n/a
244.0986328125	0.3	1.0	2	499914	n/a
244.10693359375	0.3	0.0	1	499931	n/a
244.115234375	0.3	1.0	2	499948	n/a
244.12353515625	0.3	0.0	1	499965	n/a
244.1318359375	0.3	0.0	1	499982	n/a
244.14013671875	0.3	1.0	2	499999	n/a
244.1484375	0.3	1.0	2	500016	n/a
244.15673828125	0.3	0.0	1	500033	n/a
244.1650390625	0.3	0.0	1	500050	n/a
244.17333984375	0.3	1.0	2	500067	n/a
244.181640625	0.3	0.0	1	500084	n/a
244.18994140625	0.3	1.0	2	500101	n/a
244.1982421875	0.3	1.0	2	500118	n/a
244.20654296875	0.3	0.0	1	500135	n/a
244.21533203125	0.3	1.0	2	500153	n/a
244.2236328125	0.3	0.0	1	500170	n/a
244.23193359375	0.3	1.0	2	500187	n/a
244.240234375	0.3	0.0	1	500204	n/a
244.24853515625	0.3	0.0	1	500221	n/a
244.2568359375	0.3	1.0	2	500238	n/a
244.26513671875	0.3	0.0	1	500255	n/a
244.2734375	0.3	1.0	2	500272	n/a
244.28173828125	0.3	1.0	2	500289	n/a
244.2900390625	0.3	0.0	1	500306	n/a
244.29833984375	0.3	1.0	2	500323	n/a
244.306640625	0.3	0.0	1	500340	n/a
244.31494140625	0.3	1.0	2	500357	n/a
244.3232421875	0.3	0.0	1	500374	n/a
244.33154296875	0.3	0.0	1	500391	n/a
244.34033203125	0.3	1.0	2	500409	n/a
244.3486328125	0.3	0.0	1	500426	n/a
244.35693359375	0.3	1.0	2	500443	n/a
244.365234375	0.3	0.0	1	500460	n/a
244.37353515625	0.3	1.0	2	500477	n/a
244.3818359375	0.3	1.0	2	500494	n/a
244.39013671875	0.3	0.0	1	500511	n/a
244.3984375	0.3	0.0	1	500528	n/a
244.40673828125	0.3	1.0	2	500545	n/a
244.4150390625	0.3	0.0	1	500562	n/a
244.42333984375	0.3	1.0	2	500579	n/a
244.431640625	0.3	1.0	2	500596	n/a
244.43994140625	0.3	0.0	1	500613	n/a
244.4482421875	0.3	1.0	2	500630	n/a
244.45654296875	0.3	0.0	1	500647	n/a
244.46533203125	0.3	0.0	1	500665	n/a
244.4736328125	0.3	1.0	2	500682	n/a
244.48193359375	0.3	1.0	2	500699	n/a
244.490234375	0.3	0.0	1	500716	n/a
244.49853515625	0.3	0.0	1	500733	n/a
244.5068359375	0.3	1.0	2	500750	n/a
244.51513671875	0.3	1.0	2	500767	n/a
244.5234375	0.3	0.0	1	500784	n/a
244.53173828125	0.3	1.0	2	500801	n/a
244.5400390625	0.3	0.0	1	500818	n/a
244.54833984375	0.3	0.0	1	500835	n/a
244.556640625	0.3	1.0	2	500852	n/a
244.56494140625	0.3	0.0	1	500869	n/a
244.5732421875	0.3	1.0	2	500886	n/a
244.58154296875	0.3	0.0	1	500903	n/a
244.59033203125	0.3	1.0	2	500921	n/a
244.5986328125	0.3	0.0	1	500938	n/a
244.60693359375	0.3	1.0	2	500955	n/a
244.615234375	0.3	0.0	1	500972	n/a
244.62353515625	0.3	1.0	2	500989	n/a
244.6318359375	0.3	0.0	1	501006	n/a
244.64013671875	0.3	1.0	2	501023	n/a
244.6484375	0.3	0.0	1	501040	n/a
244.65673828125	0.3	1.0	2	501057	n/a
244.6650390625	0.3	0.0	1	501074	n/a
244.67333984375	0.3	1.0	2	501091	n/a
244.681640625	0.3	0.0	1	501108	n/a
244.68994140625	0.3	1.0	2	501125	n/a
244.6982421875	0.3	0.0	1	501142	n/a
244.70654296875	0.3	1.0	2	501159	n/a
244.71533203125	0.3	0.0	1	501177	n/a
244.7236328125	0.3	1.0	2	501194	n/a
244.73193359375	0.3	0.0	1	501211	n/a
244.740234375	0.3	1.0	2	501228	n/a
244.74853515625	0.3	1.0	2	501245	n/a
244.7568359375	0.3	0.0	1	501262	n/a
244.76513671875	0.3	1.0	2	501279	n/a
244.7734375	0.3	0.0	1	501296	n/a
244.78173828125	0.3	0.0	1	501313	n/a
244.7900390625	0.3	1.0	2	501330	n/a
244.79833984375	0.3	1.0	2	501347	n/a
244.806640625	0.3	0.0	1	501364	n/a
244.81494140625	0.3	0.0	1	501381	n/a
244.8232421875	0.3	1.0	2	501398	n/a
244.83154296875	0.3	0.0	1	501415	n/a
244.84033203125	0.3	1.0	2	501433	n/a
244.8486328125	0.3	0.0	1	501450	n/a
244.85693359375	0.3	1.0	2	501467	n/a
244.865234375	0.3	0.0	1	501484	n/a
244.87353515625	0.3	1.0	2	501501	n/a
244.8818359375	0.3	0.0	1	501518	n/a
244.89013671875	0.3	1.0	2	501535	n/a
244.8984375	0.3	0.0	1	501552	n/a
244.90673828125	0.3	1.0	2	501569	n/a
244.9150390625	0.3	0.0	1	501586	n/a
244.92333984375	0.3	1.0	2	501603	n/a
244.931640625	0.3	0.0	1	501620	n/a
244.93994140625	0.3	1.0	2	501637	n/a
244.9482421875	0.3	1.0	2	501654	n/a
244.95654296875	0.3	0.0	1	501671	n/a
244.96533203125	0.3	1.0	2	501689	n/a
244.9736328125	0.3	0.0	1	501706	n/a
244.98193359375	0.3	0.0	1	501723	n/a
244.990234375	0.3	1.0	2	501740	n/a
244.99853515625	0.3	0.0	1	501757	n/a
245.0068359375	0.3	1.0	2	501774	n/a
245.01513671875	0.3	0.0	1	501791	n/a
245.0234375	0.3	1.0	2	501808	n/a
245.03173828125	0.3	1.0	2	501825	n/a
245.0400390625	0.3	0.0	1	501842	n/a
245.04833984375	0.3	1.0	2	501859	n/a
245.056640625	0.3	0.0	1	501876	n/a
245.06494140625	0.3	1.0	2	501893	n/a
245.0732421875	0.3	0.0	1	501910	n/a
245.08154296875	0.3	0.0	1	501927	n/a
245.09033203125	0.3	1.0	2	501945	n/a
245.0986328125	0.3	0.0	1	501962	n/a
245.10693359375	0.3	1.0	2	501979	n/a
245.115234375	0.3	0.0	1	501996	n/a
245.12353515625	0.3	1.0	2	502013	n/a
245.1318359375	0.3	0.0	1	502030	n/a
245.14013671875	0.3	1.0	2	502047	n/a
245.1484375	0.3	1.0	2	502064	n/a
245.15673828125	0.3	0.0	1	502081	n/a
245.1650390625	0.3	1.0	2	502098	n/a
245.17333984375	0.3	0.0	1	502115	n/a
245.181640625	0.3	0.0	1	502132	n/a
245.18994140625	0.3	1.0	2	502149	n/a
245.1982421875	0.3	1.0	2	502166	n/a
245.20654296875	0.3	0.0	1	502183	n/a
245.21533203125	0.3	0.0	1	502201	n/a
245.2236328125	0.3	1.0	2	502218	n/a
245.23193359375	0.3	0.0	1	502235	n/a
245.240234375	0.3	1.0	2	502252	n/a
245.24853515625	0.3	1.0	2	502269	n/a
245.2568359375	0.3	0.0	1	502286	n/a
245.26513671875	0.3	1.0	2	502303	n/a
245.2734375	0.3	0.0	1	502320	n/a
245.28173828125	0.3	1.0	2	502337	n/a
245.2900390625	0.3	0.0	1	502354	n/a
245.29833984375	0.3	0.0	1	502371	n/a
245.306640625	0.3	1.0	2	502388	n/a
245.31494140625	0.3	0.0	1	502405	n/a
245.3232421875	0.3	1.0	2	502422	n/a
245.33154296875	0.3	1.0	2	502439	n/a
245.34033203125	0.3	0.0	1	502457	n/a
245.3486328125	0.3	1.0	2	502474	n/a
245.35693359375	0.3	0.0	1	502491	n/a
245.365234375	0.3	1.0	2	502508	n/a
245.37353515625	0.3	0.0	1	502525	n/a
245.3818359375	0.3	0.0	1	502542	n/a
245.39013671875	0.3	1.0	2	502559	n/a
245.3984375	0.3	0.0	1	502576	n/a
245.40673828125	0.3	1.0	2	502593	n/a
245.4150390625	0.3	0.0	1	502610	n/a
245.42333984375	0.3	1.0	2	502627	n/a
245.431640625	0.3	1.0	2	502644	n/a
245.43994140625	0.3	0.0	1	502661	n/a
245.4482421875	0.3	0.0	1	502678	n/a
245.45654296875	0.3	1.0	2	502695	n/a
245.46533203125	0.3	0.0	1	502713	n/a
245.4736328125	0.3	1.0	2	502730	n/a
245.48193359375	0.3	1.0	2	502747	n/a
245.490234375	0.3	0.0	1	502764	n/a
245.49853515625	0.3	1.0	2	502781	n/a
245.5068359375	0.3	0.0	1	502798	n/a
245.51513671875	0.3	0.0	1	502815	n/a
245.5234375	0.3	1.0	2	502832	n/a
245.53173828125	0.3	1.0	2	502849	n/a
245.5400390625	0.3	0.0	1	502866	n/a
245.54833984375	0.3	0.0	1	502883	n/a
245.556640625	0.3	1.0	2	502900	n/a
245.56494140625	0.3	1.0	2	502917	n/a
245.5732421875	0.3	0.0	1	502934	n/a
245.58154296875	0.3	1.0	2	502951	n/a
245.59033203125	0.3	0.0	1	502969	n/a
245.5986328125	0.3	0.0	1	502986	n/a
245.60693359375	0.3	1.0	2	503003	n/a
245.615234375	0.3	0.0	1	503020	n/a
245.62353515625	0.3	1.0	2	503037	n/a
245.6318359375	0.3	0.0	1	503054	n/a
245.64013671875	0.3	1.0	2	503071	n/a
245.6484375	0.3	0.0	1	503088	n/a
245.65673828125	0.3	1.0	2	503105	n/a
245.6650390625	0.3	0.0	1	503122	n/a
245.67333984375	0.3	1.0	2	503139	n/a
245.681640625	0.3	0.0	1	503156	n/a
245.68994140625	0.3	1.0	2	503173	n/a
245.6982421875	0.3	0.0	1	503190	n/a
245.70654296875	0.3	1.0	2	503207	n/a
245.71533203125	0.3	0.0	1	503225	n/a
245.7236328125	0.3	1.0	2	503242	n/a
245.73193359375	0.3	0.0	1	503259	n/a
245.740234375	0.3	1.0	2	503276	n/a
245.74853515625	0.3	0.0	1	503293	n/a
245.7568359375	0.3	1.0	2	503310	n/a
245.76513671875	0.3	0.0	1	503327	n/a
245.7734375	0.3	1.0	2	503344	n/a
245.78173828125	0.3	0.0	1	503361	n/a
245.7900390625	0.3	1.0	2	503378	n/a
245.79833984375	0.3	1.0	2	503395	n/a
245.806640625	0.3	0.0	1	503412	n/a
245.81494140625	0.3	1.0	2	503429	n/a
245.8232421875	0.3	0.0	1	503446	n/a
245.83154296875	0.3	0.0	1	503463	n/a
245.84033203125	0.3	1.0	2	503481	n/a
248.232421875	0.3	1.0	2	508380	16.0
248.24072265625	0.3	0.0	1	508397	n/a
248.2490234375	0.3	0.0	1	508414	n/a
248.25732421875	0.3	1.0	2	508431	n/a
248.265625	0.3	1.0	2	508448	n/a
248.27392578125	0.3	0.0	1	508465	n/a
248.2822265625	0.3	1.0	2	508482	n/a
248.29052734375	0.3	0.0	1	508499	n/a
248.29931640625	0.3	1.0	2	508517	n/a
248.3076171875	0.3	0.0	1	508534	n/a
248.31591796875	0.3	1.0	2	508551	n/a
248.32421875	0.3	0.0	1	508568	n/a
248.33251953125	0.3	0.0	1	508585	n/a
248.3408203125	0.3	1.0	2	508602	n/a
248.34912109375	0.3	1.0	2	508619	n/a
248.357421875	0.3	0.0	1	508636	n/a
248.36572265625	0.3	1.0	2	508653	n/a
248.3740234375	0.3	0.0	1	508670	n/a
248.38232421875	0.3	0.0	1	508687	n/a
248.390625	0.3	1.0	2	508704	n/a
248.39892578125	0.3	1.0	2	508721	n/a
248.4072265625	0.3	0.0	1	508738	n/a
248.41552734375	0.3	1.0	2	508755	n/a
248.42431640625	0.3	0.0	1	508773	n/a
248.4326171875	0.3	0.0	1	508790	n/a
248.44091796875	0.3	1.0	2	508807	n/a
248.44921875	0.3	1.0	2	508824	n/a
248.45751953125	0.3	0.0	1	508841	n/a
248.4658203125	0.3	0.0	1	508858	n/a
248.47412109375	0.3	1.0	2	508875	n/a
248.482421875	0.3	1.0	2	508892	n/a
248.49072265625	0.3	0.0	1	508909	n/a
248.4990234375	0.3	0.0	1	508926	n/a
248.50732421875	0.3	1.0	2	508943	n/a
248.515625	0.3	0.0	1	508960	n/a
248.52392578125	0.3	1.0	2	508977	n/a
248.5322265625	0.3	0.0	1	508994	n/a
248.54052734375	0.3	1.0	2	509011	n/a
248.54931640625	0.3	1.0	2	509029	n/a
248.5576171875	0.3	0.0	1	509046	n/a
248.56591796875	0.3	1.0	2	509063	n/a
248.57421875	0.3	0.0	1	509080	n/a
248.58251953125	0.3	1.0	2	509097	n/a
248.5908203125	0.3	0.0	1	509114	n/a
248.59912109375	0.3	0.0	1	509131	n/a
248.607421875	0.3	1.0	2	509148	n/a
248.61572265625	0.3	1.0	2	509165	n/a
248.6240234375	0.3	0.0	1	509182	n/a
248.63232421875	0.3	1.0	2	509199	n/a
248.640625	0.3	0.0	1	509216	n/a
248.64892578125	0.3	0.0	1	509233	n/a
248.6572265625	0.3	1.0	2	509250	n/a
248.66552734375	0.3	0.0	1	509267	n/a
248.67431640625	0.3	1.0	2	509285	n/a
248.6826171875	0.3	0.0	1	509302	n/a
248.69091796875	0.3	1.0	2	509319	n/a
248.69921875	0.3	1.0	2	509336	n/a
248.70751953125	0.3	0.0	1	509353	n/a
248.7158203125	0.3	1.0	2	509370	n/a
248.72412109375	0.3	0.0	1	509387	n/a
248.732421875	0.3	1.0	2	509404	n/a
248.74072265625	0.3	0.0	1	509421	n/a
248.7490234375	0.3	0.0	1	509438	n/a
248.75732421875	0.3	1.0	2	509455	n/a
248.765625	0.3	1.0	2	509472	n/a
248.77392578125	0.3	0.0	1	509489	n/a
248.7822265625	0.3	1.0	2	509506	n/a
248.79052734375	0.3	0.0	1	509523	n/a
248.79931640625	0.3	1.0	2	509541	n/a
248.8076171875	0.3	0.0	1	509558	n/a
248.81591796875	0.3	1.0	2	509575	n/a
248.82421875	0.3	0.0	1	509592	n/a
248.83251953125	0.3	1.0	2	509609	n/a
248.8408203125	0.3	0.0	1	509626	n/a
248.84912109375	0.3	1.0	2	509643	n/a
248.857421875	0.3	0.0	1	509660	n/a
248.86572265625	0.3	1.0	2	509677	n/a
248.8740234375	0.3	0.0	1	509694	n/a
248.88232421875	0.3	0.0	1	509711	n/a
248.890625	0.3	1.0	2	509728	n/a
248.89892578125	0.3	0.0	1	509745	n/a
248.9072265625	0.3	1.0	2	509762	n/a
248.91552734375	0.3	1.0	2	509779	n/a
248.92431640625	0.3	0.0	1	509797	n/a
248.9326171875	0.3	1.0	2	509814	n/a
248.94091796875	0.3	0.0	1	509831	n/a
248.94921875	0.3	1.0	2	509848	n/a
248.95751953125	0.3	0.0	1	509865	n/a
248.9658203125	0.3	1.0	2	509882	n/a
248.97412109375	0.3	0.0	1	509899	n/a
248.982421875	0.3	1.0	2	509916	n/a
248.99072265625	0.3	0.0	1	509933	n/a
248.9990234375	0.3	0.0	1	509950	n/a
249.00732421875	0.3	1.0	2	509967	n/a
249.015625	0.3	0.0	1	509984	n/a
249.02392578125	0.3	1.0	2	510001	n/a
249.0322265625	0.3	1.0	2	510018	n/a
249.04052734375	0.3	0.0	1	510035	n/a
249.04931640625	0.3	1.0	2	510053	n/a
249.0576171875	0.3	0.0	1	510070	n/a
249.06591796875	0.3	1.0	2	510087	n/a
249.07421875	0.3	0.0	1	510104	n/a
249.08251953125	0.3	0.0	1	510121	n/a
249.0908203125	0.3	1.0	2	510138	n/a
249.09912109375	0.3	0.0	1	510155	n/a
249.107421875	0.3	1.0	2	510172	n/a
249.11572265625	0.3	1.0	2	510189	n/a
249.1240234375	0.3	0.0	1	510206	n/a
249.13232421875	0.3	0.0	1	510223	n/a
249.140625	0.3	1.0	2	510240	n/a
249.14892578125	0.3	1.0	2	510257	n/a
249.1572265625	0.3	0.0	1	510274	n/a
249.16552734375	0.3	0.0	1	510291	n/a
249.17431640625	0.3	1.0	2	510309	n/a
249.1826171875	0.3	1.0	2	510326	n/a
249.19091796875	0.3	0.0	1	510343	n/a
249.19921875	0.3	0.0	1	510360	n/a
249.20751953125	0.3	1.0	2	510377	n/a
249.2158203125	0.3	0.0	1	510394	n/a
249.22412109375	0.3	1.0	2	510411	n/a
249.232421875	0.3	1.0	2	510428	n/a
249.24072265625	0.3	0.0	1	510445	n/a
249.2490234375	0.3	0.0	1	510462	n/a
249.25732421875	0.3	1.0	2	510479	n/a
249.265625	0.3	1.0	2	510496	n/a
249.27392578125	0.3	0.0	1	510513	n/a
249.2822265625	0.3	1.0	2	510530	n/a
249.29052734375	0.3	0.0	1	510547	n/a
249.29931640625	0.3	0.0	1	510565	n/a
249.3076171875	0.3	1.0	2	510582	n/a
249.31591796875	0.3	1.0	2	510599	n/a
249.32421875	0.3	0.0	1	510616	n/a
249.33251953125	0.3	1.0	2	510633	n/a
249.3408203125	0.3	0.0	1	510650	n/a
249.34912109375	0.3	1.0	2	510667	n/a
249.357421875	0.3	0.0	1	510684	n/a
249.36572265625	0.3	1.0	2	510701	n/a
249.3740234375	0.3	0.0	1	510718	n/a
249.38232421875	0.3	0.0	1	510735	n/a
249.390625	0.3	1.0	2	510752	n/a
249.39892578125	0.3	1.0	2	510769	n/a
249.4072265625	0.3	0.0	1	510786	n/a
249.41552734375	0.3	1.0	2	510803	n/a
249.42431640625	0.3	0.0	1	510821	n/a
249.4326171875	0.3	0.0	1	510838	n/a
249.44091796875	0.3	1.0	2	510855	n/a
249.44921875	0.3	1.0	2	510872	n/a
249.45751953125	0.3	0.0	1	510889	n/a
249.4658203125	0.3	1.0	2	510906	n/a
249.47412109375	0.3	0.0	1	510923	n/a
249.482421875	0.3	0.0	1	510940	n/a
249.49072265625	0.3	1.0	2	510957	n/a
249.4990234375	0.3	1.0	2	510974	n/a
249.50732421875	0.3	0.0	1	510991	n/a
249.515625	0.3	0.0	1	511008	n/a
249.52392578125	0.3	1.0	2	511025	n/a
249.5322265625	0.3	1.0	2	511042	n/a
249.54052734375	0.3	0.0	1	511059	n/a
249.54931640625	0.3	0.0	1	511077	n/a
249.5576171875	0.3	1.0	2	511094	n/a
249.56591796875	0.3	0.0	1	511111	n/a
249.57421875	0.3	1.0	2	511128	n/a
249.58251953125	0.3	0.0	1	511145	n/a
249.5908203125	0.3	1.0	2	511162	n/a
249.59912109375	0.3	1.0	2	511179	n/a
249.607421875	0.3	0.0	1	511196	n/a
249.61572265625	0.3	1.0	2	511213	n/a
249.6240234375	0.3	0.0	1	511230	n/a
249.63232421875	0.3	1.0	2	511247	n/a
249.640625	0.3	0.0	1	511264	n/a
249.64892578125	0.3	0.0	1	511281	n/a
249.6572265625	0.3	1.0	2	511298	n/a
249.66552734375	0.3	1.0	2	511315	n/a
249.67431640625	0.3	0.0	1	511333	n/a
249.6826171875	0.3	1.0	2	511350	n/a
249.69091796875	0.3	0.0	1	511367	n/a
249.69921875	0.3	0.0	1	511384	n/a
249.70751953125	0.3	1.0	2	511401	n/a
249.7158203125	0.3	0.0	1	511418	n/a
249.72412109375	0.3	1.0	2	511435	n/a
249.732421875	0.3	0.0	1	511452	n/a
249.74072265625	0.3	1.0	2	511469	n/a
249.7490234375	0.3	1.0	2	511486	n/a
249.75732421875	0.3	0.0	1	511503	n/a
249.765625	0.3	1.0	2	511520	n/a
249.77392578125	0.3	0.0	1	511537	n/a
249.7822265625	0.3	1.0	2	511554	n/a
249.79052734375	0.3	0.0	1	511571	n/a
249.79931640625	0.3	0.0	1	511589	n/a
249.8076171875	0.3	1.0	2	511606	n/a
249.81591796875	0.3	1.0	2	511623	n/a
249.82421875	0.3	0.0	1	511640	n/a
249.83251953125	0.3	1.0	2	511657	n/a
249.8408203125	0.3	0.0	1	511674	n/a
249.84912109375	0.3	1.0	2	511691	n/a
249.857421875	0.3	0.0	1	511708	n/a
249.86572265625	0.3	1.0	2	511725	n/a
249.8740234375	0.3	0.0	1	511742	n/a
249.88232421875	0.3	1.0	2	511759	n/a
249.890625	0.3	0.0	1	511776	n/a
249.89892578125	0.3	1.0	2	511793	n/a
249.9072265625	0.3	0.0	1	511810	n/a
249.91552734375	0.3	1.0	2	511827	n/a
249.92431640625	0.3	0.0	1	511845	n/a
249.9326171875	0.3	0.0	1	511862	n/a
249.94091796875	0.3	1.0	2	511879	n/a
249.94921875	0.3	0.0	1	511896	n/a
249.95751953125	0.3	1.0	2	511913	n/a
249.9658203125	0.3	1.0	2	511930	n/a
249.97412109375	0.3	0.0	1	511947	n/a
249.982421875	0.3	1.0	2	511964	n/a
249.99072265625	0.3	0.0	1	511981	n/a
249.9990234375	0.3	1.0	2	511998	n/a
250.00732421875	0.3	0.0	1	512015	n/a
250.015625	0.3	1.0	2	512032	n/a
250.02392578125	0.3	0.0	1	512049	n/a
250.0322265625	0.3	1.0	2	512066	n/a
250.04052734375	0.3	0.0	1	512083	n/a
250.04931640625	0.3	0.0	1	512101	n/a
250.0576171875	0.3	1.0	2	512118	n/a
250.06591796875	0.3	0.0	1	512135	n/a
250.07421875	0.3	1.0	2	512152	n/a
250.08251953125	0.3	1.0	2	512169	n/a
250.0908203125	0.3	0.0	1	512186	n/a
250.09912109375	0.3	1.0	2	512203	n/a
250.107421875	0.3	0.0	1	512220	n/a
250.11572265625	0.3	1.0	2	512237	n/a
250.1240234375	0.3	0.0	1	512254	n/a
250.13232421875	0.3	0.0	1	512271	n/a
250.140625	0.3	1.0	2	512288	n/a
250.14892578125	0.3	0.0	1	512305	n/a
250.1572265625	0.3	1.0	2	512322	n/a
250.16552734375	0.3	1.0	2	512339	n/a
250.17431640625	0.3	0.0	1	512357	n/a
250.1826171875	0.3	0.0	1	512374	n/a
250.19091796875	0.3	1.0	2	512391	n/a
250.19921875	0.3	1.0	2	512408	n/a
250.20751953125	0.3	0.0	1	512425	n/a
250.2158203125	0.3	0.0	1	512442	n/a
250.22412109375	0.3	1.0	2	512459	n/a
250.232421875	0.3	1.0	2	512476	n/a
250.24072265625	0.3	0.0	1	512493	n/a
250.2490234375	0.3	0.0	1	512510	n/a
250.25732421875	0.3	1.0	2	512527	n/a
250.265625	0.3	0.0	1	512544	n/a
250.27392578125	0.3	1.0	2	512561	n/a
250.2822265625	0.3	1.0	2	512578	n/a
250.29052734375	0.3	0.0	1	512595	n/a
250.29931640625	0.3	0.0	1	512613	n/a
250.3076171875	0.3	1.0	2	512630	n/a
250.31591796875	0.3	1.0	2	512647	n/a
250.32421875	0.3	0.0	1	512664	n/a
250.33251953125	0.3	1.0	2	512681	n/a
250.3408203125	0.3	0.0	1	512698	n/a
250.34912109375	0.3	0.0	1	512715	n/a
250.357421875	0.3	1.0	2	512732	n/a
250.36572265625	0.3	1.0	2	512749	n/a
250.3740234375	0.3	0.0	1	512766	n/a
250.38232421875	0.3	1.0	2	512783	n/a
250.390625	0.3	0.0	1	512800	n/a
250.39892578125	0.3	1.0	2	512817	n/a
250.4072265625	0.3	0.0	1	512834	n/a
250.41552734375	0.3	1.0	2	512851	n/a
250.42431640625	0.3	0.0	1	512869	n/a
250.4326171875	0.3	0.0	1	512886	n/a
250.44091796875	0.3	1.0	2	512903	n/a
250.44921875	0.3	1.0	2	512920	n/a
250.45751953125	0.3	0.0	1	512937	n/a
250.4658203125	0.3	1.0	2	512954	n/a
250.47412109375	0.3	0.0	1	512971	n/a
250.482421875	0.3	0.0	1	512988	n/a
250.49072265625	0.3	1.0	2	513005	n/a
250.4990234375	0.3	1.0	2	513022	n/a
250.50732421875	0.3	0.0	1	513039	n/a
250.515625	0.3	1.0	2	513056	n/a
250.52392578125	0.3	0.0	1	513073	n/a
250.5322265625	0.3	0.0	1	513090	n/a
250.54052734375	0.3	1.0	2	513107	n/a
250.54931640625	0.3	1.0	2	513125	n/a
250.5576171875	0.3	0.0	1	513142	n/a
250.56591796875	0.3	0.0	1	513159	n/a
250.57421875	0.3	1.0	2	513176	n/a
250.58251953125	0.3	1.0	2	513193	n/a
250.5908203125	0.3	0.0	1	513210	n/a
250.59912109375	0.3	0.0	1	513227	n/a
250.607421875	0.3	1.0	2	513244	n/a
250.61572265625	0.3	0.0	1	513261	n/a
250.6240234375	0.3	1.0	2	513278	n/a
250.63232421875	0.3	0.0	1	513295	n/a
250.640625	0.3	1.0	2	513312	n/a
250.64892578125	0.3	1.0	2	513329	n/a
250.6572265625	0.3	0.0	1	513346	n/a
250.66552734375	0.3	1.0	2	513363	n/a
250.67431640625	0.3	0.0	1	513381	n/a
250.6826171875	0.3	1.0	2	513398	n/a
250.69091796875	0.3	0.0	1	513415	n/a
250.69921875	0.3	0.0	1	513432	n/a
250.70751953125	0.3	1.0	2	513449	n/a
250.7158203125	0.3	1.0	2	513466	n/a
250.72412109375	0.3	0.0	1	513483	n/a
250.732421875	0.3	1.0	2	513500	n/a
250.74072265625	0.3	0.0	1	513517	n/a
250.7490234375	0.3	0.0	1	513534	n/a
250.75732421875	0.3	1.0	2	513551	n/a
250.765625	0.3	0.0	1	513568	n/a
250.77392578125	0.3	1.0	2	513585	n/a
250.7822265625	0.3	0.0	1	513602	n/a
250.79052734375	0.3	1.0	2	513619	n/a
250.79931640625	0.3	1.0	2	513637	n/a
250.8076171875	0.3	0.0	1	513654	n/a
250.81591796875	0.3	1.0	2	513671	n/a
250.82421875	0.3	0.0	1	513688	n/a
250.83251953125	0.3	1.0	2	513705	n/a
250.8408203125	0.3	0.0	1	513722	n/a
250.84912109375	0.3	0.0	1	513739	n/a
250.857421875	0.3	1.0	2	513756	n/a
250.86572265625	0.3	1.0	2	513773	n/a
250.8740234375	0.3	0.0	1	513790	n/a
250.88232421875	0.3	1.0	2	513807	n/a
250.890625	0.3	0.0	1	513824	n/a
250.89892578125	0.3	1.0	2	513841	n/a
250.9072265625	0.3	0.0	1	513858	n/a
250.91552734375	0.3	1.0	2	513875	n/a
250.92431640625	0.3	0.0	1	513893	n/a
250.9326171875	0.3	1.0	2	513910	n/a
250.94091796875	0.3	0.0	1	513927	n/a
250.94921875	0.3	1.0	2	513944	n/a
250.95751953125	0.3	0.0	1	513961	n/a
250.9658203125	0.3	1.0	2	513978	n/a
250.97412109375	0.3	0.0	1	513995	n/a
250.982421875	0.3	0.0	1	514012	n/a
250.99072265625	0.3	1.0	2	514029	n/a
250.9990234375	0.3	0.0	1	514046	n/a
251.00732421875	0.3	1.0	2	514063	n/a
251.015625	0.3	1.0	2	514080	n/a
251.02392578125	0.3	0.0	1	514097	n/a
251.0322265625	0.3	1.0	2	514114	n/a
251.04052734375	0.3	0.0	1	514131	n/a
251.04931640625	0.3	1.0	2	514149	n/a
251.0576171875	0.3	0.0	1	514166	n/a
251.06591796875	0.3	1.0	2	514183	n/a
251.07421875	0.3	0.0	1	514200	n/a
251.08251953125	0.3	1.0	2	514217	n/a
251.0908203125	0.3	0.0	1	514234	n/a
251.09912109375	0.3	0.0	1	514251	n/a
251.107421875	0.3	1.0	2	514268	n/a
251.11572265625	0.3	0.0	1	514285	n/a
251.1240234375	0.3	1.0	2	514302	n/a
251.13232421875	0.3	1.0	2	514319	n/a
251.140625	0.3	0.0	1	514336	n/a
251.14892578125	0.3	1.0	2	514353	n/a
251.1572265625	0.3	0.0	1	514370	n/a
251.16552734375	0.3	1.0	2	514387	n/a
251.17431640625	0.3	0.0	1	514405	n/a
251.1826171875	0.3	0.0	1	514422	n/a
251.19091796875	0.3	1.0	2	514439	n/a
251.19921875	0.3	0.0	1	514456	n/a
251.20751953125	0.3	1.0	2	514473	n/a
251.2158203125	0.3	1.0	2	514490	n/a
251.22412109375	0.3	0.0	1	514507	n/a
251.232421875	0.3	0.0	1	514524	n/a
251.24072265625	0.3	1.0	2	514541	n/a
251.2490234375	0.3	1.0	2	514558	n/a
251.25732421875	0.3	0.0	1	514575	n/a
251.265625	0.3	0.0	1	514592	n/a
251.27392578125	0.3	1.0	2	514609	n/a
251.2822265625	0.3	1.0	2	514626	n/a
251.29052734375	0.3	0.0	1	514643	n/a
251.29931640625	0.3	0.0	1	514661	n/a
251.3076171875	0.3	1.0	2	514678	n/a
251.31591796875	0.3	0.0	1	514695	n/a
251.32421875	0.3	1.0	2	514712	n/a
251.33251953125	0.3	1.0	2	514729	n/a
251.3408203125	0.3	0.0	1	514746	n/a
251.34912109375	0.3	0.0	1	514763	n/a
251.357421875	0.3	1.0	2	514780	n/a
251.36572265625	0.3	1.0	2	514797	n/a
251.3740234375	0.3	0.0	1	514814	n/a
251.38232421875	0.3	1.0	2	514831	n/a
251.390625	0.3	0.0	1	514848	n/a
251.39892578125	0.3	0.0	1	514865	n/a
251.4072265625	0.3	1.0	2	514882	n/a
251.41552734375	0.3	1.0	2	514899	n/a
251.42431640625	0.3	0.0	1	514917	n/a
251.4326171875	0.3	1.0	2	514934	n/a
251.44091796875	0.3	0.0	1	514951	n/a
251.44921875	0.3	1.0	2	514968	n/a
251.45751953125	0.3	0.0	1	514985	n/a
251.4658203125	0.3	1.0	2	515002	n/a
251.47412109375	0.3	0.0	1	515019	n/a
251.482421875	0.3	0.0	1	515036	n/a
251.49072265625	0.3	1.0	2	515053	n/a
251.4990234375	0.3	1.0	2	515070	n/a
251.50732421875	0.3	0.0	1	515087	n/a
251.515625	0.3	1.0	2	515104	n/a
251.52392578125	0.3	0.0	1	515121	n/a
251.5322265625	0.3	0.0	1	515138	n/a
251.54052734375	0.3	1.0	2	515155	n/a
251.54931640625	0.3	1.0	2	515173	n/a
251.5576171875	0.3	0.0	1	515190	n/a
251.56591796875	0.3	1.0	2	515207	n/a
251.57421875	0.3	0.0	1	515224	n/a
251.58251953125	0.3	0.0	1	515241	n/a
251.5908203125	0.3	1.0	2	515258	n/a
251.59912109375	0.3	1.0	2	515275	n/a
251.607421875	0.3	0.0	1	515292	n/a
251.61572265625	0.3	0.0	1	515309	n/a
251.6240234375	0.3	1.0	2	515326	n/a
251.63232421875	0.3	1.0	2	515343	n/a
251.640625	0.3	0.0	1	515360	n/a
251.64892578125	0.3	0.0	1	515377	n/a
251.6572265625	0.3	1.0	2	515394	n/a
251.66552734375	0.3	0.0	1	515411	n/a
251.67431640625	0.3	1.0	2	515429	n/a
251.6826171875	0.3	0.0	1	515446	n/a
251.69091796875	0.3	1.0	2	515463	n/a
251.69921875	0.3	1.0	2	515480	n/a
251.70751953125	0.3	0.0	1	515497	n/a
251.7158203125	0.3	1.0	2	515514	n/a
251.72412109375	0.3	0.0	1	515531	n/a
251.732421875	0.3	1.0	2	515548	n/a
251.74072265625	0.3	0.0	1	515565	n/a
251.7490234375	0.3	0.0	1	515582	n/a
251.75732421875	0.3	1.0	2	515599	n/a
251.765625	0.3	1.0	2	515616	n/a
251.77392578125	0.3	0.0	1	515633	n/a
251.7822265625	0.3	1.0	2	515650	n/a
251.79052734375	0.3	0.0	1	515667	n/a
251.79931640625	0.3	0.0	1	515685	n/a
251.8076171875	0.3	1.0	2	515702	n/a
251.81591796875	0.3	0.0	1	515719	n/a
251.82421875	0.3	1.0	2	515736	n/a
251.83251953125	0.3	0.0	1	515753	n/a
251.8408203125	0.3	1.0	2	515770	n/a
251.84912109375	0.3	1.0	2	515787	n/a
251.857421875	0.3	0.0	1	515804	n/a
251.86572265625	0.3	1.0	2	515821	n/a
251.8740234375	0.3	0.0	1	515838	n/a
251.88232421875	0.3	1.0	2	515855	n/a
251.890625	0.3	0.0	1	515872	n/a
251.89892578125	0.3	0.0	1	515889	n/a
251.9072265625	0.3	1.0	2	515906	n/a
251.91552734375	0.3	1.0	2	515923	n/a
251.92431640625	0.3	0.0	1	515941	n/a
251.9326171875	0.3	1.0	2	515958	n/a
251.94091796875	0.3	0.0	1	515975	n/a
251.94921875	0.3	1.0	2	515992	n/a
251.95751953125	0.3	0.0	1	516009	n/a
251.9658203125	0.3	1.0	2	516026	n/a
251.97412109375	0.3	0.0	1	516043	n/a
251.982421875	0.3	1.0	2	516060	n/a
251.99072265625	0.3	0.0	1	516077	n/a
251.9990234375	0.3	1.0	2	516094	n/a
252.00732421875	0.3	0.0	1	516111	n/a
252.015625	0.3	1.0	2	516128	n/a
252.02392578125	0.3	0.0	1	516145	n/a
252.0322265625	0.3	0.0	1	516162	n/a
252.04052734375	0.3	1.0	2	516179	n/a
252.04931640625	0.3	0.0	1	516197	n/a
252.0576171875	0.3	1.0	2	516214	n/a
252.06591796875	0.3	1.0	2	516231	n/a
252.07421875	0.3	0.0	1	516248	n/a
252.08251953125	0.3	1.0	2	516265	n/a
252.0908203125	0.3	0.0	1	516282	n/a
252.09912109375	0.3	1.0	2	516299	n/a
252.107421875	0.3	0.0	1	516316	n/a
252.11572265625	0.3	1.0	2	516333	n/a
252.1240234375	0.3	0.0	1	516350	n/a
252.13232421875	0.3	1.0	2	516367	n/a
252.140625	0.3	0.0	1	516384	n/a
252.14892578125	0.3	0.0	1	516401	n/a
252.1572265625	0.3	1.0	2	516418	n/a
252.16552734375	0.3	0.0	1	516435	n/a
252.17431640625	0.3	1.0	2	516453	n/a
252.1826171875	0.3	1.0	2	516470	n/a
252.19091796875	0.3	0.0	1	516487	n/a
252.19921875	0.3	1.0	2	516504	n/a
252.20751953125	0.3	0.0	1	516521	n/a
252.2158203125	0.3	1.0	2	516538	n/a
252.22412109375	0.3	0.0	1	516555	n/a
252.232421875	0.3	0.0	1	516572	n/a
252.24072265625	0.3	1.0	2	516589	n/a
252.2490234375	0.3	0.0	1	516606	n/a
252.25732421875	0.3	1.0	2	516623	n/a
252.265625	0.3	1.0	2	516640	n/a
252.27392578125	0.3	0.0	1	516657	n/a
252.2822265625	0.3	0.0	1	516674	n/a
252.29052734375	0.3	1.0	2	516691	n/a
252.29931640625	0.3	1.0	2	516709	n/a
252.3076171875	0.3	0.0	1	516726	n/a
252.31591796875	0.3	0.0	1	516743	n/a
252.32421875	0.3	1.0	2	516760	n/a
252.33251953125	0.3	1.0	2	516777	n/a
252.3408203125	0.3	0.0	1	516794	n/a
252.34912109375	0.3	0.0	1	516811	n/a
252.357421875	0.3	1.0	2	516828	n/a
252.36572265625	0.3	0.0	1	516845	n/a
252.3740234375	0.3	1.0	2	516862	n/a
252.38232421875	0.3	1.0	2	516879	n/a
252.390625	0.3	0.0	1	516896	n/a
252.39892578125	0.3	0.0	1	516913	n/a
252.4072265625	0.3	1.0	2	516930	n/a
252.41552734375	0.3	1.0	2	516947	n/a
252.42431640625	0.3	0.0	1	516965	n/a
