onset	duration	trial_type	value	sample	trial_id
18.16455078125	0.3	0.0	1	37201	0.0
18.1728515625	0.3	1.0	2	37218	n/a
18.18115234375	0.3	0.0	1	37235	n/a
18.189453125	0.3	1.0	2	37252	n/a
18.19775390625	0.3	1.0	2	37269	n/a
18.2060546875	0.3	0.0	1	37286	n/a
18.21435546875	0.3	0.0	1	37303	n/a
18.22265625	0.3	1.0	2	37320	n/a
18.2314453125	0.3	0.0	1	37338	n/a
18.23974609375	0.3	1.0	2	37355	n/a
18.248046875	0.3	0.0	1	37372	n/a
18.25634765625	0.3	1.0	2	37389	n/a
18.2646484375	0.3	1.0	2	37406	n/a
18.27294921875	0.3	0.0	1	37423	n/a
18.28125	0.3	1.0	2	37440	n/a
18.28955078125	0.3	0.0	1	37457	n/a
18.2978515625	0.3	0.0	1	37474	n/a
18.30615234375	0.3	1.0	2	37491	n/a
18.314453125	0.3	1.0	2	37508	n/a
18.32275390625	0.3	0.0	1	37525	n/a
18.3310546875	0.3	0.0	1	37542	n/a
18.33935546875	0.3	1.0	2	37559	n/a
18.34765625	0.3	1.0	2	37576	n/a
18.3564453125	0.3	0.0	1	37594	n/a
18.36474609375	0.3	1.0	2	37611	n/a
18.373046875	0.3	0.0	1	37628	n/a
18.38134765625	0.3	1.0	2	37645	n/a
18.3896484375	0.3	0.0	1	37662	n/a
18.39794921875	0.3	1.0	2	37679	n/a
18.40625	0.3	0.0	1	37696	n/a
18.41455078125	0.3	0.0	1	37713	n/a
18.4228515625	0.3	1.0	2	37730	n/a
18.43115234375	0.3	0.0	1	37747	n/a
18.439453125	0.3	1.0	2	37764	n/a
18.44775390625	0.3	1.0	2	37781	n/a
18.4560546875	0.3	0.0	1	37798	n/a
18.46435546875	0.3	0.0	1	37815	n/a
18.47265625	0.3	1.0	2	37832	n/a
18.4814453125	0.3	1.0	2	37850	n/a
18.48974609375	0.3	0.0	1	37867	n/a
18.498046875	0.3	0.0	1	37884	n/a
18.50634765625	0.3	1.0	2	37901	n/a
18.5146484375	0.3	0.0	1	37918	n/a
18.52294921875	0.3	1.0	2	37935	n/a
18.53125	0.3	0.0	1	37952	n/a
18.53955078125	0.3	1.0	2	37969	n/a
18.5478515625	0.3	0.0	1	37986	n/a
18.55615234375	0.3	1.0	2	38003	n/a
18.564453125	0.3	0.0	1	38020	n/a
18.57275390625	0.3	1.0	2	38037	n/a
18.5810546875	0.3	0.0	1	38054	n/a
18.58935546875	0.3	1.0	2	38071	n/a
18.59765625	0.3	0.0	1	38088	n/a
18.6064453125	0.3	1.0	2	38106	n/a
18.61474609375	0.3	0.0	1	38123	n/a
18.623046875	0.3	1.0	2	38140	n/a
18.63134765625	0.3	0.0	1	38157	n/a
18.6396484375	0.3	1.0	2	38174	n/a
18.64794921875	0.3	1.0	2	38191	n/a
18.65625	0.3	0.0	1	38208	n/a
18.66455078125	0.3	1.0	2	38225	n/a
18.6728515625	0.3	0.0	1	38242	n/a
18.68115234375	0.3	1.0	2	38259	n/a
18.689453125	0.3	0.0	1	38276	n/a
18.69775390625	0.3	1.0	2	38293	n/a
18.7060546875	0.3	0.0	1	38310	n/a
18.71435546875	0.3	1.0	2	38327	n/a
18.72265625	0.3	0.0	1	38344	n/a
18.7314453125	0.3	1.0	2	38362	n/a
18.73974609375	0.3	0.0	1	38379	n/a
18.748046875	0.3	1.0	2	38396	n/a
18.75634765625	0.3	0.0	1	38413	n/a
18.7646484375	0.3	0.0	1	38430	n/a
18.77294921875	0.3	1.0	2	38447	n/a
18.78125	0.3	0.0	1	38464	n/a
18.78955078125	0.3	1.0	2	38481	n/a
18.7978515625	0.3	0.0	1	38498	n/a
18.80615234375	0.3	1.0	2	38515	n/a
18.814453125	0.3	0.0	1	38532	n/a
18.82275390625	0.3	1.0	2	38549	n/a
18.8310546875	0.3	0.0	1	38566	n/a
18.83935546875	0.3	1.0	2	38583	n/a
18.84765625	0.3	1.0	2	38600	n/a
18.8564453125	0.3	0.0	1	38618	n/a
18.86474609375	0.3	1.0	2	38635	n/a
18.873046875	0.3	0.0	1	38652	n/a
18.88134765625	0.3	1.0	2	38669	n/a
18.8896484375	0.3	0.0	1	38686	n/a
18.89794921875	0.3	0.0	1	38703	n/a
18.90625	0.3	1.0	2	38720	n/a
18.91455078125	0.3	1.0	2	38737	n/a
18.9228515625	0.3	0.0	1	38754	n/a
18.93115234375	0.3	1.0	2	38771	n/a
18.939453125	0.3	0.0	1	38788	n/a
18.94775390625	0.3	1.0	2	38805	n/a
18.9560546875	0.3	0.0	1	38822	n/a
18.96435546875	0.3	0.0	1	38839	n/a
18.97265625	0.3	1.0	2	38856	n/a
18.9814453125	0.3	0.0	1	38874	n/a
18.98974609375	0.3	1.0	2	38891	n/a
18.998046875	0.3	0.0	1	38908	n/a
19.00634765625	0.3	1.0	2	38925	n/a
19.0146484375	0.3	1.0	2	38942	n/a
19.02294921875	0.3	0.0	1	38959	n/a
19.03125	0.3	0.0	1	38976	n/a
19.03955078125	0.3	1.0	2	38993	n/a
19.0478515625	0.3	1.0	2	39010	n/a
19.05615234375	0.3	0.0	1	39027	n/a
19.064453125	0.3	1.0	2	39044	n/a
19.07275390625	0.3	0.0	1	39061	n/a
19.0810546875	0.3	1.0	2	39078	n/a
19.08935546875	0.3	0.0	1	39095	n/a
19.09765625	0.3	1.0	2	39112	n/a
19.1064453125	0.3	0.0	1	39130	n/a
19.11474609375	0.3	1.0	2	39147	n/a
19.123046875	0.3	0.0	1	39164	n/a
19.13134765625	0.3	1.0	2	39181	n/a
19.1396484375	0.3	0.0	1	39198	n/a
19.14794921875	0.3	0.0	1	39215	n/a
19.15625	0.3	1.0	2	39232	n/a
19.16455078125	0.3	1.0	2	39249	n/a
19.1728515625	0.3	0.0	1	39266	n/a
19.18115234375	0.3	0.0	1	39283	n/a
19.189453125	0.3	1.0	2	39300	n/a
19.19775390625	0.3	0.0	1	39317	n/a
19.2060546875	0.3	1.0	2	39334	n/a
19.21435546875	0.3	0.0	1	39351	n/a
19.22265625	0.3	1.0	2	39368	n/a
19.2314453125	0.3	0.0	1	39386	n/a
19.23974609375	0.3	1.0	2	39403	n/a
19.248046875	0.3	1.0	2	39420	n/a
19.25634765625	0.3	0.0	1	39437	n/a
19.2646484375	0.3	0.0	1	39454	n/a
19.27294921875	0.3	1.0	2	39471	n/a
19.28125	0.3	0.0	1	39488	n/a
19.28955078125	0.3	1.0	2	39505	n/a
19.2978515625	0.3	0.0	1	39522	n/a
19.30615234375	0.3	1.0	2	39539	n/a
19.314453125	0.3	1.0	2	39556	n/a
19.32275390625	0.3	0.0	1	39573	n/a
19.3310546875	0.3	1.0	2	39590	n/a
19.33935546875	0.3	0.0	1	39607	n/a
19.34765625	0.3	0.0	1	39624	n/a
19.3564453125	0.3	1.0	2	39642	n/a
19.36474609375	0.3	1.0	2	39659	n/a
19.373046875	0.3	0.0	1	39676	n/a
19.38134765625	0.3	0.0	1	39693	n/a
19.3896484375	0.3	1.0	2	39710	n/a
19.39794921875	0.3	1.0	2	39727	n/a
19.40625	0.3	0.0	1	39744	n/a
19.41455078125	0.3	1.0	2	39761	n/a
19.4228515625	0.3	0.0	1	39778	n/a
19.43115234375	0.3	1.0	2	39795	n/a
19.439453125	0.3	0.0	1	39812	n/a
19.44775390625	0.3	1.0	2	39829	n/a
19.4560546875	0.3	0.0	1	39846	n/a
19.46435546875	0.3	0.0	1	39863	n/a
19.47265625	0.3	1.0	2	39880	n/a
19.4814453125	0.3	0.0	1	39898	n/a
19.48974609375	0.3	1.0	2	39915	n/a
19.498046875	0.3	1.0	2	39932	n/a
19.50634765625	0.3	0.0	1	39949	n/a
19.5146484375	0.3	0.0	1	39966	n/a
19.52294921875	0.3	1.0	2	39983	n/a
19.53125	0.3	1.0	2	40000	n/a
19.53955078125	0.3	0.0	1	40017	n/a
19.5478515625	0.3	0.0	1	40034	n/a
19.55615234375	0.3	1.0	2	40051	n/a
19.564453125	0.3	0.0	1	40068	n/a
19.57275390625	0.3	1.0	2	40085	n/a
19.5810546875	0.3	0.0	1	40102	n/a
19.58935546875	0.3	1.0	2	40119	n/a
19.59765625	0.3	0.0	1	40136	n/a
19.6064453125	0.3	1.0	2	40154	n/a
19.61474609375	0.3	0.0	1	40171	n/a
19.623046875	0.3	1.0	2	40188	n/a
19.63134765625	0.3	0.0	1	40205	n/a
19.6396484375	0.3	1.0	2	40222	n/a
19.64794921875	0.3	0.0	1	40239	n/a
19.65625	0.3	1.0	2	40256	n/a
19.66455078125	0.3	0.0	1	40273	n/a
19.6728515625	0.3	1.0	2	40290	n/a
19.68115234375	0.3	0.0	1	40307	n/a
19.689453125	0.3	1.0	2	40324	n/a
19.69775390625	0.3	1.0	2	40341	n/a
19.7060546875	0.3	0.0	1	40358	n/a
19.71435546875	0.3	1.0	2	40375	n/a
19.72265625	0.3	0.0	1	40392	n/a
19.7314453125	0.3	1.0	2	40410	n/a
19.73974609375	0.3	0.0	1	40427	n/a
19.748046875	0.3	1.0	2	40444	n/a
19.75634765625	0.3	0.0	1	40461	n/a
19.7646484375	0.3	1.0	2	40478	n/a
19.77294921875	0.3	0.0	1	40495	n/a
19.78125	0.3	1.0	2	40512	n/a
19.78955078125	0.3	0.0	1	40529	n/a
19.7978515625	0.3	1.0	2	40546	n/a
19.80615234375	0.3	0.0	1	40563	n/a
19.814453125	0.3	0.0	1	40580	n/a
19.82275390625	0.3	1.0	2	40597	n/a
19.8310546875	0.3	0.0	1	40614	n/a
19.83935546875	0.3	1.0	2	40631	n/a
19.84765625	0.3	0.0	1	40648	n/a
19.8564453125	0.3	1.0	2	40666	n/a
19.86474609375	0.3	0.0	1	40683	n/a
19.873046875	0.3	1.0	2	40700	n/a
19.88134765625	0.3	0.0	1	40717	n/a
19.8896484375	0.3	1.0	2	40734	n/a
19.89794921875	0.3	1.0	2	40751	n/a
19.90625	0.3	0.0	1	40768	n/a
19.91455078125	0.3	1.0	2	40785	n/a
19.9228515625	0.3	0.0	1	40802	n/a
19.93115234375	0.3	1.0	2	40819	n/a
19.939453125	0.3	0.0	1	40836	n/a
19.94775390625	0.3	0.0	1	40853	n/a
19.9560546875	0.3	1.0	2	40870	n/a
19.96435546875	0.3	1.0	2	40887	n/a
19.97265625	0.3	0.0	1	40904	n/a
19.9814453125	0.3	1.0	2	40922	n/a
19.98974609375	0.3	0.0	1	40939	n/a
19.998046875	0.3	1.0	2	40956	n/a
20.00634765625	0.3	0.0	1	40973	n/a
20.0146484375	0.3	0.0	1	40990	n/a
20.02294921875	0.3	1.0	2	41007	n/a
20.03125	0.3	0.0	1	41024	n/a
20.03955078125	0.3	1.0	2	41041	n/a
20.0478515625	0.3	0.0	1	41058	n/a
20.05615234375	0.3	1.0	2	41075	n/a
20.064453125	0.3	1.0	2	41092	n/a
20.07275390625	0.3	0.0	1	41109	n/a
20.0810546875	0.3	0.0	1	41126	n/a
20.08935546875	0.3	1.0	2	41143	n/a
20.09765625	0.3	1.0	2	41160	n/a
20.1064453125	0.3	0.0	1	41178	n/a
20.11474609375	0.3	1.0	2	41195	n/a
20.123046875	0.3	0.0	1	41212	n/a
20.13134765625	0.3	1.0	2	41229	n/a
20.1396484375	0.3	0.0	1	41246	n/a
20.14794921875	0.3	1.0	2	41263	n/a
20.15625	0.3	0.0	1	41280	n/a
20.16455078125	0.3	1.0	2	41297	n/a
20.1728515625	0.3	0.0	1	41314	n/a
20.18115234375	0.3	1.0	2	41331	n/a
20.189453125	0.3	0.0	1	41348	n/a
20.19775390625	0.3	0.0	1	41365	n/a
20.2060546875	0.3	1.0	2	41382	n/a
20.21435546875	0.3	1.0	2	41399	n/a
20.22265625	0.3	0.0	1	41416	n/a
20.2314453125	0.3	0.0	1	41434	n/a
20.23974609375	0.3	1.0	2	41451	n/a
20.248046875	0.3	0.0	1	41468	n/a
20.25634765625	0.3	1.0	2	41485	n/a
20.2646484375	0.3	0.0	1	41502	n/a
20.27294921875	0.3	1.0	2	41519	n/a
20.28125	0.3	0.0	1	41536	n/a
20.28955078125	0.3	1.0	2	41553	n/a
20.2978515625	0.3	1.0	2	41570	n/a
20.30615234375	0.3	0.0	1	41587	n/a
20.314453125	0.3	0.0	1	41604	n/a
20.32275390625	0.3	1.0	2	41621	n/a
20.3310546875	0.3	0.0	1	41638	n/a
20.33935546875	0.3	1.0	2	41655	n/a
20.34765625	0.3	0.0	1	41672	n/a
20.3564453125	0.3	1.0	2	41690	n/a
20.36474609375	0.3	1.0	2	41707	n/a
20.373046875	0.3	0.0	1	41724	n/a
20.38134765625	0.3	1.0	2	41741	n/a
20.3896484375	0.3	0.0	1	41758	n/a
20.39794921875	0.3	0.0	1	41775	n/a
20.40625	0.3	1.0	2	41792	n/a
20.41455078125	0.3	1.0	2	41809	n/a
20.4228515625	0.3	0.0	1	41826	n/a
20.43115234375	0.3	0.0	1	41843	n/a
20.439453125	0.3	1.0	2	41860	n/a
20.44775390625	0.3	1.0	2	41877	n/a
20.4560546875	0.3	0.0	1	41894	n/a
20.46435546875	0.3	1.0	2	41911	n/a
20.47265625	0.3	0.0	1	41928	n/a
20.4814453125	0.3	1.0	2	41946	n/a
20.48974609375	0.3	0.0	1	41963	n/a
20.498046875	0.3	1.0	2	41980	n/a
20.50634765625	0.3	0.0	1	41997	n/a
20.5146484375	0.3	0.0	1	42014	n/a
20.52294921875	0.3	1.0	2	42031	n/a
20.53125	0.3	0.0	1	42048	n/a
20.53955078125	0.3	1.0	2	42065	n/a
20.5478515625	0.3	1.0	2	42082	n/a
20.55615234375	0.3	0.0	1	42099	n/a
20.564453125	0.3	0.0	1	42116	n/a
20.57275390625	0.3	1.0	2	42133	n/a
20.5810546875	0.3	1.0	2	42150	n/a
20.58935546875	0.3	0.0	1	42167	n/a
20.59765625	0.3	0.0	1	42184	n/a
20.6064453125	0.3	1.0	2	42202	n/a
20.61474609375	0.3	0.0	1	42219	n/a
20.623046875	0.3	1.0	2	42236	n/a
20.63134765625	0.3	0.0	1	42253	n/a
20.6396484375	0.3	1.0	2	42270	n/a
20.64794921875	0.3	0.0	1	42287	n/a
20.65625	0.3	1.0	2	42304	n/a
20.66455078125	0.3	0.0	1	42321	n/a
20.6728515625	0.3	1.0	2	42338	n/a
20.68115234375	0.3	0.0	1	42355	n/a
20.689453125	0.3	1.0	2	42372	n/a
20.69775390625	0.3	0.0	1	42389	n/a
20.7060546875	0.3	1.0	2	42406	n/a
20.71435546875	0.3	0.0	1	42423	n/a
20.72265625	0.3	1.0	2	42440	n/a
20.7314453125	0.3	0.0	1	42458	n/a
20.73974609375	0.3	1.0	2	42475	n/a
20.748046875	0.3	1.0	2	42492	n/a
20.75634765625	0.3	0.0	1	42509	n/a
20.7646484375	0.3	1.0	2	42526	n/a
20.77294921875	0.3	0.0	1	42543	n/a
20.78125	0.3	1.0	2	42560	n/a
20.78955078125	0.3	0.0	1	42577	n/a
20.7978515625	0.3	1.0	2	42594	n/a
20.80615234375	0.3	0.0	1	42611	n/a
20.814453125	0.3	1.0	2	42628	n/a
20.82275390625	0.3	0.0	1	42645	n/a
20.8310546875	0.3	1.0	2	42662	n/a
20.83935546875	0.3	0.0	1	42679	n/a
20.84765625	0.3	1.0	2	42696	n/a
20.8564453125	0.3	0.0	1	42714	n/a
20.86474609375	0.3	0.0	1	42731	n/a
20.873046875	0.3	1.0	2	42748	n/a
20.88134765625	0.3	0.0	1	42765	n/a
20.8896484375	0.3	1.0	2	42782	n/a
20.89794921875	0.3	0.0	1	42799	n/a
20.90625	0.3	1.0	2	42816	n/a
20.91455078125	0.3	0.0	1	42833	n/a
20.9228515625	0.3	1.0	2	42850	n/a
20.93115234375	0.3	0.0	1	42867	n/a
20.939453125	0.3	1.0	2	42884	n/a
20.94775390625	0.3	1.0	2	42901	n/a
20.9560546875	0.3	0.0	1	42918	n/a
20.96435546875	0.3	1.0	2	42935	n/a
20.97265625	0.3	0.0	1	42952	n/a
20.9814453125	0.3	1.0	2	42970	n/a
20.98974609375	0.3	0.0	1	42987	n/a
20.998046875	0.3	0.0	1	43004	n/a
21.00634765625	0.3	1.0	2	43021	n/a
21.0146484375	0.3	1.0	2	43038	n/a
21.02294921875	0.3	0.0	1	43055	n/a
21.03125	0.3	1.0	2	43072	n/a
21.03955078125	0.3	0.0	1	43089	n/a
21.0478515625	0.3	1.0	2	43106	n/a
21.05615234375	0.3	0.0	1	43123	n/a
21.064453125	0.3	0.0	1	43140	n/a
21.07275390625	0.3	1.0	2	43157	n/a
21.0810546875	0.3	0.0	1	43174	n/a
21.08935546875	0.3	1.0	2	43191	n/a
21.09765625	0.3	0.0	1	43208	n/a
21.1064453125	0.3	1.0	2	43226	n/a
21.11474609375	0.3	1.0	2	43243	n/a
21.123046875	0.3	0.0	1	43260	n/a
21.13134765625	0.3	0.0	1	43277	n/a
21.1396484375	0.3	1.0	2	43294	n/a
21.14794921875	0.3	1.0	2	43311	n/a
21.15625	0.3	0.0	1	43328	n/a
21.16455078125	0.3	1.0	2	43345	n/a
21.1728515625	0.3	0.0	1	43362	n/a
21.18115234375	0.3	1.0	2	43379	n/a
21.189453125	0.3	0.0	1	43396	n/a
21.19775390625	0.3	1.0	2	43413	n/a
21.2060546875	0.3	0.0	1	43430	n/a
21.21435546875	0.3	1.0	2	43447	n/a
21.22265625	0.3	0.0	1	43464	n/a
21.2314453125	0.3	1.0	2	43482	n/a
21.23974609375	0.3	0.0	1	43499	n/a
21.248046875	0.3	0.0	1	43516	n/a
21.25634765625	0.3	1.0	2	43533	n/a
21.2646484375	0.3	1.0	2	43550	n/a
21.27294921875	0.3	0.0	1	43567	n/a
21.28125	0.3	0.0	1	43584	n/a
21.28955078125	0.3	1.0	2	43601	n/a
21.2978515625	0.3	0.0	1	43618	n/a
21.30615234375	0.3	1.0	2	43635	n/a
21.314453125	0.3	0.0	1	43652	n/a
21.32275390625	0.3	1.0	2	43669	n/a
21.3310546875	0.3	0.0	1	43686	n/a
21.33935546875	0.3	1.0	2	43703	n/a
21.34765625	0.3	1.0	2	43720	n/a
21.3564453125	0.3	0.0	1	43738	n/a
21.36474609375	0.3	0.0	1	43755	n/a
21.373046875	0.3	1.0	2	43772	n/a
21.38134765625	0.3	0.0	1	43789	n/a
21.3896484375	0.3	1.0	2	43806	n/a
21.39794921875	0.3	0.0	1	43823	n/a
21.40625	0.3	1.0	2	43840	n/a
21.41455078125	0.3	1.0	2	43857	n/a
21.4228515625	0.3	0.0	1	43874	n/a
21.43115234375	0.3	1.0	2	43891	n/a
21.439453125	0.3	0.0	1	43908	n/a
21.44775390625	0.3	0.0	1	43925	n/a
21.4560546875	0.3	1.0	2	43942	n/a
21.46435546875	0.3	1.0	2	43959	n/a
21.47265625	0.3	0.0	1	43976	n/a
21.4814453125	0.3	0.0	1	43994	n/a
21.48974609375	0.3	1.0	2	44011	n/a
21.498046875	0.3	1.0	2	44028	n/a
21.50634765625	0.3	0.0	1	44045	n/a
21.5146484375	0.3	1.0	2	44062	n/a
21.52294921875	0.3	0.0	1	44079	n/a
21.53125	0.3	1.0	2	44096	n/a
21.53955078125	0.3	0.0	1	44113	n/a
21.5478515625	0.3	1.0	2	44130	n/a
21.55615234375	0.3	0.0	1	44147	n/a
21.564453125	0.3	0.0	1	44164	n/a
21.57275390625	0.3	1.0	2	44181	n/a
21.5810546875	0.3	0.0	1	44198	n/a
21.58935546875	0.3	1.0	2	44215	n/a
21.59765625	0.3	1.0	2	44232	n/a
21.6064453125	0.3	0.0	1	44250	n/a
21.61474609375	0.3	0.0	1	44267	n/a
21.623046875	0.3	1.0	2	44284	n/a
21.63134765625	0.3	1.0	2	44301	n/a
21.6396484375	0.3	0.0	1	44318	n/a
21.64794921875	0.3	0.0	1	44335	n/a
21.65625	0.3	1.0	2	44352	n/a
21.66455078125	0.3	0.0	1	44369	n/a
21.6728515625	0.3	1.0	2	44386	n/a
21.68115234375	0.3	0.0	1	44403	n/a
21.689453125	0.3	1.0	2	44420	n/a
21.69775390625	0.3	0.0	1	44437	n/a
21.7060546875	0.3	1.0	2	44454	n/a
21.71435546875	0.3	0.0	1	44471	n/a
21.72265625	0.3	1.0	2	44488	n/a
21.7314453125	0.3	0.0	1	44506	n/a
21.73974609375	0.3	1.0	2	44523	n/a
21.748046875	0.3	0.0	1	44540	n/a
21.75634765625	0.3	1.0	2	44557	n/a
21.7646484375	0.3	0.0	1	44574	n/a
21.77294921875	0.3	1.0	2	44591	n/a
21.78125	0.3	0.0	1	44608	n/a
21.78955078125	0.3	1.0	2	44625	n/a
21.7978515625	0.3	1.0	2	44642	n/a
21.80615234375	0.3	0.0	1	44659	n/a
21.814453125	0.3	1.0	2	44676	n/a
21.82275390625	0.3	0.0	1	44693	n/a
21.8310546875	0.3	1.0	2	44710	n/a
21.83935546875	0.3	0.0	1	44727	n/a
21.84765625	0.3	1.0	2	44744	n/a
21.8564453125	0.3	0.0	1	44762	n/a
21.86474609375	0.3	1.0	2	44779	n/a
21.873046875	0.3	0.0	1	44796	n/a
21.88134765625	0.3	1.0	2	44813	n/a
21.8896484375	0.3	0.0	1	44830	n/a
21.89794921875	0.3	1.0	2	44847	n/a
21.90625	0.3	0.0	1	44864	n/a
21.91455078125	0.3	0.0	1	44881	n/a
21.9228515625	0.3	1.0	2	44898	n/a
21.93115234375	0.3	0.0	1	44915	n/a
21.939453125	0.3	1.0	2	44932	n/a
21.94775390625	0.3	0.0	1	44949	n/a
21.9560546875	0.3	1.0	2	44966	n/a
21.96435546875	0.3	0.0	1	44983	n/a
21.97265625	0.3	1.0	2	45000	n/a
21.9814453125	0.3	0.0	1	45018	n/a
21.98974609375	0.3	1.0	2	45035	n/a
21.998046875	0.3	1.0	2	45052	n/a
22.00634765625	0.3	0.0	1	45069	n/a
22.0146484375	0.3	1.0	2	45086	n/a
22.02294921875	0.3	0.0	1	45103	n/a
22.03125	0.3	1.0	2	45120	n/a
22.03955078125	0.3	0.0	1	45137	n/a
22.0478515625	0.3	0.0	1	45154	n/a
22.05615234375	0.3	1.0	2	45171	n/a
22.064453125	0.3	1.0	2	45188	n/a
22.07275390625	0.3	0.0	1	45205	n/a
22.0810546875	0.3	1.0	2	45222	n/a
22.08935546875	0.3	0.0	1	45239	n/a
22.09765625	0.3	1.0	2	45256	n/a
22.1064453125	0.3	0.0	1	45274	n/a
22.11474609375	0.3	0.0	1	45291	n/a
22.123046875	0.3	1.0	2	45308	n/a
22.13134765625	0.3	0.0	1	45325	n/a
22.1396484375	0.3	1.0	2	45342	n/a
22.14794921875	0.3	0.0	1	45359	n/a
22.15625	0.3	1.0	2	45376	n/a
22.16455078125	0.3	1.0	2	45393	n/a
22.1728515625	0.3	0.0	1	45410	n/a
22.18115234375	0.3	0.0	1	45427	n/a
22.189453125	0.3	1.0	2	45444	n/a
22.19775390625	0.3	1.0	2	45461	n/a
22.2060546875	0.3	0.0	1	45478	n/a
22.21435546875	0.3	1.0	2	45495	n/a
22.22265625	0.3	0.0	1	45512	n/a
22.2314453125	0.3	1.0	2	45530	n/a
22.23974609375	0.3	0.0	1	45547	n/a
22.248046875	0.3	1.0	2	45564	n/a
22.25634765625	0.3	0.0	1	45581	n/a
22.2646484375	0.3	1.0	2	45598	n/a
22.27294921875	0.3	0.0	1	45615	n/a
22.28125	0.3	1.0	2	45632	n/a
22.28955078125	0.3	0.0	1	45649	n/a
22.2978515625	0.3	0.0	1	45666	n/a
22.30615234375	0.3	1.0	2	45683	n/a
22.314453125	0.3	1.0	2	45700	n/a
22.32275390625	0.3	0.0	1	45717	n/a
22.3310546875	0.3	0.0	1	45734	n/a
22.33935546875	0.3	1.0	2	45751	n/a
22.34765625	0.3	0.0	1	45768	n/a
22.3564453125	0.3	1.0	2	45786	n/a
24.73779296875	0.3	1.0	2	50663	3.0
24.74609375	0.3	0.0	1	50680	n/a
24.75439453125	0.3	1.0	2	50697	n/a
24.7626953125	0.3	0.0	1	50714	n/a
24.77099609375	0.3	1.0	2	50731	n/a
24.779296875	0.3	0.0	1	50748	n/a
24.78759765625	0.3	0.0	1	50765	n/a
24.7958984375	0.3	1.0	2	50782	n/a
24.8046875	0.3	0.0	1	50800	n/a
24.81298828125	0.3	1.0	2	50817	n/a
24.8212890625	0.3	0.0	1	50834	n/a
24.82958984375	0.3	1.0	2	50851	n/a
24.837890625	0.3	1.0	2	50868	n/a
24.84619140625	0.3	0.0	1	50885	n/a
24.8544921875	0.3	0.0	1	50902	n/a
24.86279296875	0.3	1.0	2	50919	n/a
24.87109375	0.3	0.0	1	50936	n/a
24.87939453125	0.3	1.0	2	50953	n/a
24.8876953125	0.3	0.0	1	50970	n/a
24.89599609375	0.3	1.0	2	50987	n/a
24.904296875	0.3	1.0	2	51004	n/a
24.91259765625	0.3	0.0	1	51021	n/a
24.9208984375	0.3	0.0	1	51038	n/a
24.9296875	0.3	1.0	2	51056	n/a
24.93798828125	0.3	0.0	1	51073	n/a
24.9462890625	0.3	1.0	2	51090	n/a
24.95458984375	0.3	0.0	1	51107	n/a
24.962890625	0.3	1.0	2	51124	n/a
24.97119140625	0.3	0.0	1	51141	n/a
24.9794921875	0.3	1.0	2	51158	n/a
24.98779296875	0.3	0.0	1	51175	n/a
24.99609375	0.3	1.0	2	51192	n/a
25.00439453125	0.3	0.0	1	51209	n/a
25.0126953125	0.3	1.0	2	51226	n/a
25.02099609375	0.3	0.0	1	51243	n/a
25.029296875	0.3	1.0	2	51260	n/a
25.03759765625	0.3	0.0	1	51277	n/a
25.0458984375	0.3	1.0	2	51294	n/a
25.0546875	0.3	0.0	1	51312	n/a
25.06298828125	0.3	1.0	2	51329	n/a
25.0712890625	0.3	0.0	1	51346	n/a
25.07958984375	0.3	1.0	2	51363	n/a
25.087890625	0.3	1.0	2	51380	n/a
25.09619140625	0.3	0.0	1	51397	n/a
25.1044921875	0.3	0.0	1	51414	n/a
25.11279296875	0.3	1.0	2	51431	n/a
25.12109375	0.3	0.0	1	51448	n/a
25.12939453125	0.3	1.0	2	51465	n/a
25.1376953125	0.3	0.0	1	51482	n/a
25.14599609375	0.3	1.0	2	51499	n/a
25.154296875	0.3	1.0	2	51516	n/a
25.16259765625	0.3	0.0	1	51533	n/a
25.1708984375	0.3	1.0	2	51550	n/a
25.1796875	0.3	0.0	1	51568	n/a
25.18798828125	0.3	0.0	1	51585	n/a
25.1962890625	0.3	1.0	2	51602	n/a
25.20458984375	0.3	0.0	1	51619	n/a
25.212890625	0.3	1.0	2	51636	n/a
25.22119140625	0.3	0.0	1	51653	n/a
25.2294921875	0.3	1.0	2	51670	n/a
25.23779296875	0.3	0.0	1	51687	n/a
25.24609375	0.3	1.0	2	51704	n/a
25.25439453125	0.3	0.0	1	51721	n/a
25.2626953125	0.3	1.0	2	51738	n/a
25.27099609375	0.3	0.0	1	51755	n/a
25.279296875	0.3	1.0	2	51772	n/a
25.28759765625	0.3	1.0	2	51789	n/a
25.2958984375	0.3	0.0	1	51806	n/a
25.3046875	0.3	0.0	1	51824	n/a
25.31298828125	0.3	1.0	2	51841	n/a
25.3212890625	0.3	0.0	1	51858	n/a
25.32958984375	0.3	1.0	2	51875	n/a
25.337890625	0.3	1.0	2	51892	n/a
25.34619140625	0.3	0.0	1	51909	n/a
25.3544921875	0.3	0.0	1	51926	n/a
25.36279296875	0.3	1.0	2	51943	n/a
25.37109375	0.3	1.0	2	51960	n/a
25.37939453125	0.3	0.0	1	51977	n/a
25.3876953125	0.3	0.0	1	51994	n/a
25.39599609375	0.3	1.0	2	52011	n/a
25.404296875	0.3	1.0	2	52028	n/a
25.41259765625	0.3	0.0	1	52045	n/a
25.4208984375	0.3	0.0	1	52062	n/a
25.4296875	0.3	1.0	2	52080	n/a
25.43798828125	0.3	1.0	2	52097	n/a
25.4462890625	0.3	0.0	1	52114	n/a
25.45458984375	0.3	0.0	1	52131	n/a
25.462890625	0.3	1.0	2	52148	n/a
25.47119140625	0.3	0.0	1	52165	n/a
25.4794921875	0.3	1.0	2	52182	n/a
25.48779296875	0.3	1.0	2	52199	n/a
25.49609375	0.3	0.0	1	52216	n/a
25.50439453125	0.3	0.0	1	52233	n/a
25.5126953125	0.3	1.0	2	52250	n/a
25.52099609375	0.3	0.0	1	52267	n/a
25.529296875	0.3	1.0	2	52284	n/a
25.53759765625	0.3	0.0	1	52301	n/a
25.5458984375	0.3	1.0	2	52318	n/a
25.5546875	0.3	1.0	2	52336	n/a
25.56298828125	0.3	0.0	1	52353	n/a
25.5712890625	0.3	1.0	2	52370	n/a
25.57958984375	0.3	0.0	1	52387	n/a
25.587890625	0.3	1.0	2	52404	n/a
25.59619140625	0.3	0.0	1	52421	n/a
25.6044921875	0.3	0.0	1	52438	n/a
25.61279296875	0.3	1.0	2	52455	n/a
25.62109375	0.3	1.0	2	52472	n/a
25.62939453125	0.3	0.0	1	52489	n/a
25.6376953125	0.3	0.0	1	52506	n/a
25.64599609375	0.3	1.0	2	52523	n/a
25.654296875	0.3	1.0	2	52540	n/a
25.66259765625	0.3	0.0	1	52557	n/a
25.6708984375	0.3	1.0	2	52574	n/a
25.6796875	0.3	0.0	1	52592	n/a
25.68798828125	0.3	0.0	1	52609	n/a
25.6962890625	0.3	1.0	2	52626	n/a
25.70458984375	0.3	1.0	2	52643	n/a
25.712890625	0.3	0.0	1	52660	n/a
25.72119140625	0.3	0.0	1	52677	n/a
25.7294921875	0.3	1.0	2	52694	n/a
25.73779296875	0.3	1.0	2	52711	n/a
25.74609375	0.3	0.0	1	52728	n/a
25.75439453125	0.3	0.0	1	52745	n/a
25.7626953125	0.3	1.0	2	52762	n/a
25.77099609375	0.3	1.0	2	52779	n/a
25.779296875	0.3	0.0	1	52796	n/a
25.78759765625	0.3	1.0	2	52813	n/a
25.7958984375	0.3	0.0	1	52830	n/a
25.8046875	0.3	1.0	2	52848	n/a
25.81298828125	0.3	0.0	1	52865	n/a
25.8212890625	0.3	1.0	2	52882	n/a
25.82958984375	0.3	0.0	1	52899	n/a
25.837890625	0.3	0.0	1	52916	n/a
25.84619140625	0.3	1.0	2	52933	n/a
25.8544921875	0.3	0.0	1	52950	n/a
25.86279296875	0.3	1.0	2	52967	n/a
25.87109375	0.3	0.0	1	52984	n/a
25.87939453125	0.3	1.0	2	53001	n/a
25.8876953125	0.3	1.0	2	53018	n/a
25.89599609375	0.3	0.0	1	53035	n/a
25.904296875	0.3	0.0	1	53052	n/a
25.91259765625	0.3	1.0	2	53069	n/a
25.9208984375	0.3	0.0	1	53086	n/a
25.9296875	0.3	1.0	2	53104	n/a
25.93798828125	0.3	0.0	1	53121	n/a
25.9462890625	0.3	1.0	2	53138	n/a
25.95458984375	0.3	1.0	2	53155	n/a
25.962890625	0.3	0.0	1	53172	n/a
25.97119140625	0.3	0.0	1	53189	n/a
25.9794921875	0.3	1.0	2	53206	n/a
25.98779296875	0.3	0.0	1	53223	n/a
25.99609375	0.3	1.0	2	53240	n/a
26.00439453125	0.3	0.0	1	53257	n/a
26.0126953125	0.3	1.0	2	53274	n/a
26.02099609375	0.3	0.0	1	53291	n/a
26.029296875	0.3	1.0	2	53308	n/a
26.03759765625	0.3	0.0	1	53325	n/a
26.0458984375	0.3	1.0	2	53342	n/a
26.0546875	0.3	0.0	1	53360	n/a
26.06298828125	0.3	1.0	2	53377	n/a
26.0712890625	0.3	0.0	1	53394	n/a
26.07958984375	0.3	1.0	2	53411	n/a
26.087890625	0.3	0.0	1	53428	n/a
26.09619140625	0.3	1.0	2	53445	n/a
26.1044921875	0.3	0.0	1	53462	n/a
26.11279296875	0.3	1.0	2	53479	n/a
26.12109375	0.3	0.0	1	53496	n/a
26.12939453125	0.3	1.0	2	53513	n/a
26.1376953125	0.3	1.0	2	53530	n/a
26.14599609375	0.3	0.0	1	53547	n/a
26.154296875	0.3	0.0	1	53564	n/a
26.16259765625	0.3	1.0	2	53581	n/a
26.1708984375	0.3	0.0	1	53598	n/a
26.1796875	0.3	1.0	2	53616	n/a
26.18798828125	0.3	0.0	1	53633	n/a
26.1962890625	0.3	1.0	2	53650	n/a
26.20458984375	0.3	1.0	2	53667	n/a
26.212890625	0.3	0.0	1	53684	n/a
26.22119140625	0.3	1.0	2	53701	n/a
26.2294921875	0.3	0.0	1	53718	n/a
26.23779296875	0.3	0.0	1	53735	n/a
26.24609375	0.3	1.0	2	53752	n/a
26.25439453125	0.3	0.0	1	53769	n/a
26.2626953125	0.3	1.0	2	53786	n/a
26.27099609375	0.3	0.0	1	53803	n/a
26.279296875	0.3	1.0	2	53820	n/a
26.28759765625	0.3	0.0	1	53837	n/a
26.2958984375	0.3	1.0	2	53854	n/a
26.3046875	0.3	0.0	1	53872	n/a
26.31298828125	0.3	1.0	2	53889	n/a
26.3212890625	0.3	0.0	1	53906	n/a
26.32958984375	0.3	1.0	2	53923	n/a
26.337890625	0.3	1.0	2	53940	n/a
26.34619140625	0.3	0.0	1	53957	n/a
26.3544921875	0.3	0.0	1	53974	n/a
26.36279296875	0.3	1.0	2	53991	n/a
26.37109375	0.3	0.0	1	54008	n/a
26.37939453125	0.3	1.0	2	54025	n/a
26.3876953125	0.3	1.0	2	54042	n/a
26.39599609375	0.3	0.0	1	54059	n/a
26.404296875	0.3	0.0	1	54076	n/a
26.41259765625	0.3	1.0	2	54093	n/a
26.4208984375	0.3	1.0	2	54110	n/a
26.4296875	0.3	0.0	1	54128	n/a
26.43798828125	0.3	0.0	1	54145	n/a
26.4462890625	0.3	1.0	2	54162	n/a
26.45458984375	0.3	1.0	2	54179	n/a
26.462890625	0.3	0.0	1	54196	n/a
26.47119140625	0.3	0.0	1	54213	n/a
26.4794921875	0.3	1.0	2	54230	n/a
26.48779296875	0.3	1.0	2	54247	n/a
26.49609375	0.3	0.0	1	54264	n/a
26.50439453125	0.3	0.0	1	54281	n/a
26.5126953125	0.3	1.0	2	54298	n/a
26.52099609375	0.3	0.0	1	54315	n/a
26.529296875	0.3	1.0	2	54332	n/a
26.53759765625	0.3	1.0	2	54349	n/a
26.5458984375	0.3	0.0	1	54366	n/a
26.5546875	0.3	0.0	1	54384	n/a
26.56298828125	0.3	1.0	2	54401	n/a
26.5712890625	0.3	0.0	1	54418	n/a
26.57958984375	0.3	1.0	2	54435	n/a
26.587890625	0.3	0.0	1	54452	n/a
26.59619140625	0.3	1.0	2	54469	n/a
26.6044921875	0.3	1.0	2	54486	n/a
26.61279296875	0.3	0.0	1	54503	n/a
26.62109375	0.3	1.0	2	54520	n/a
26.62939453125	0.3	0.0	1	54537	n/a
26.6376953125	0.3	1.0	2	54554	n/a
26.64599609375	0.3	0.0	1	54571	n/a
26.654296875	0.3	0.0	1	54588	n/a
26.66259765625	0.3	1.0	2	54605	n/a
26.6708984375	0.3	1.0	2	54622	n/a
26.6796875	0.3	0.0	1	54640	n/a
26.68798828125	0.3	0.0	1	54657	n/a
26.6962890625	0.3	1.0	2	54674	n/a
26.70458984375	0.3	1.0	2	54691	n/a
26.712890625	0.3	0.0	1	54708	n/a
26.72119140625	0.3	1.0	2	54725	n/a
26.7294921875	0.3	0.0	1	54742	n/a
26.73779296875	0.3	0.0	1	54759	n/a
26.74609375	0.3	1.0	2	54776	n/a
26.75439453125	0.3	1.0	2	54793	n/a
26.7626953125	0.3	0.0	1	54810	n/a
26.77099609375	0.3	0.0	1	54827	n/a
26.779296875	0.3	1.0	2	54844	n/a
26.78759765625	0.3	1.0	2	54861	n/a
26.7958984375	0.3	0.0	1	54878	n/a
26.8046875	0.3	0.0	1	54896	n/a
26.81298828125	0.3	1.0	2	54913	n/a
26.8212890625	0.3	1.0	2	54930	n/a
26.82958984375	0.3	0.0	1	54947	n/a
26.837890625	0.3	1.0	2	54964	n/a
26.84619140625	0.3	0.0	1	54981	n/a
26.8544921875	0.3	1.0	2	54998	n/a
26.86279296875	0.3	0.0	1	55015	n/a
26.87109375	0.3	1.0	2	55032	n/a
26.87939453125	0.3	0.0	1	55049	n/a
26.8876953125	0.3	0.0	1	55066	n/a
26.89599609375	0.3	1.0	2	55083	n/a
26.904296875	0.3	0.0	1	55100	n/a
26.91259765625	0.3	1.0	2	55117	n/a
26.9208984375	0.3	0.0	1	55134	n/a
26.9296875	0.3	1.0	2	55152	n/a
26.93798828125	0.3	1.0	2	55169	n/a
26.9462890625	0.3	0.0	1	55186	n/a
26.95458984375	0.3	0.0	1	55203	n/a
26.962890625	0.3	1.0	2	55220	n/a
26.97119140625	0.3	0.0	1	55237	n/a
26.9794921875	0.3	1.0	2	55254	n/a
26.98779296875	0.3	0.0	1	55271	n/a
26.99609375	0.3	1.0	2	55288	n/a
27.00439453125	0.3	1.0	2	55305	n/a
27.0126953125	0.3	0.0	1	55322	n/a
27.02099609375	0.3	0.0	1	55339	n/a
27.029296875	0.3	1.0	2	55356	n/a
27.03759765625	0.3	0.0	1	55373	n/a
27.0458984375	0.3	1.0	2	55390	n/a
27.0546875	0.3	0.0	1	55408	n/a
27.06298828125	0.3	1.0	2	55425	n/a
27.0712890625	0.3	0.0	1	55442	n/a
27.07958984375	0.3	1.0	2	55459	n/a
27.087890625	0.3	0.0	1	55476	n/a
27.09619140625	0.3	1.0	2	55493	n/a
27.1044921875	0.3	0.0	1	55510	n/a
27.11279296875	0.3	1.0	2	55527	n/a
27.12109375	0.3	0.0	1	55544	n/a
27.12939453125	0.3	1.0	2	55561	n/a
27.1376953125	0.3	0.0	1	55578	n/a
27.14599609375	0.3	1.0	2	55595	n/a
27.154296875	0.3	0.0	1	55612	n/a
27.16259765625	0.3	1.0	2	55629	n/a
27.1708984375	0.3	0.0	1	55646	n/a
27.1796875	0.3	1.0	2	55664	n/a
27.18798828125	0.3	1.0	2	55681	n/a
27.1962890625	0.3	0.0	1	55698	n/a
27.20458984375	0.3	0.0	1	55715	n/a
27.212890625	0.3	1.0	2	55732	n/a
27.22119140625	0.3	0.0	1	55749	n/a
27.2294921875	0.3	1.0	2	55766	n/a
27.23779296875	0.3	0.0	1	55783	n/a
27.24609375	0.3	1.0	2	55800	n/a
27.25439453125	0.3	1.0	2	55817	n/a
27.2626953125	0.3	0.0	1	55834	n/a
27.27099609375	0.3	1.0	2	55851	n/a
27.279296875	0.3	0.0	1	55868	n/a
27.28759765625	0.3	0.0	1	55885	n/a
27.2958984375	0.3	1.0	2	55902	n/a
27.3046875	0.3	0.0	1	55920	n/a
27.31298828125	0.3	1.0	2	55937	n/a
27.3212890625	0.3	0.0	1	55954	n/a
27.32958984375	0.3	1.0	2	55971	n/a
27.337890625	0.3	0.0	1	55988	n/a
27.34619140625	0.3	1.0	2	56005	n/a
27.3544921875	0.3	0.0	1	56022	n/a
27.36279296875	0.3	1.0	2	56039	n/a
27.37109375	0.3	0.0	1	56056	n/a
27.37939453125	0.3	1.0	2	56073	n/a
27.3876953125	0.3	1.0	2	56090	n/a
27.39599609375	0.3	0.0	1	56107	n/a
27.404296875	0.3	0.0	1	56124	n/a
27.41259765625	0.3	1.0	2	56141	n/a
27.4208984375	0.3	0.0	1	56158	n/a
27.4296875	0.3	1.0	2	56176	n/a
27.43798828125	0.3	1.0	2	56193	n/a
27.4462890625	0.3	0.0	1	56210	n/a
27.45458984375	0.3	0.0	1	56227	n/a
27.462890625	0.3	1.0	2	56244	n/a
27.47119140625	0.3	1.0	2	56261	n/a
27.4794921875	0.3	0.0	1	56278	n/a
27.48779296875	0.3	0.0	1	56295	n/a
27.49609375	0.3	1.0	2	56312	n/a
27.50439453125	0.3	1.0	2	56329	n/a
27.5126953125	0.3	0.0	1	56346	n/a
27.52099609375	0.3	0.0	1	56363	n/a
27.529296875	0.3	1.0	2	56380	n/a
27.53759765625	0.3	1.0	2	56397	n/a
27.5458984375	0.3	0.0	1	56414	n/a
27.5546875	0.3	0.0	1	56432	n/a
27.56298828125	0.3	1.0	2	56449	n/a
27.5712890625	0.3	0.0	1	56466	n/a
27.57958984375	0.3	1.0	2	56483	n/a
27.587890625	0.3	1.0	2	56500	n/a
27.59619140625	0.3	0.0	1	56517	n/a
27.6044921875	0.3	0.0	1	56534	n/a
27.61279296875	0.3	1.0	2	56551	n/a
27.62109375	0.3	0.0	1	56568	n/a
27.62939453125	0.3	1.0	2	56585	n/a
27.6376953125	0.3	0.0	1	56602	n/a
27.64599609375	0.3	1.0	2	56619	n/a
27.654296875	0.3	1.0	2	56636	n/a
27.66259765625	0.3	0.0	1	56653	n/a
27.6708984375	0.3	1.0	2	56670	n/a
27.6796875	0.3	0.0	1	56688	n/a
27.68798828125	0.3	1.0	2	56705	n/a
27.6962890625	0.3	0.0	1	56722	n/a
27.70458984375	0.3	0.0	1	56739	n/a
27.712890625	0.3	1.0	2	56756	n/a
27.72119140625	0.3	1.0	2	56773	n/a
27.7294921875	0.3	0.0	1	56790	n/a
27.73779296875	0.3	0.0	1	56807	n/a
27.74609375	0.3	1.0	2	56824	n/a
27.75439453125	0.3	1.0	2	56841	n/a
27.7626953125	0.3	0.0	1	56858	n/a
27.77099609375	0.3	1.0	2	56875	n/a
27.779296875	0.3	0.0	1	56892	n/a
27.78759765625	0.3	0.0	1	56909	n/a
27.7958984375	0.3	1.0	2	56926	n/a
27.8046875	0.3	1.0	2	56944	n/a
27.81298828125	0.3	0.0	1	56961	n/a
27.8212890625	0.3	0.0	1	56978	n/a
27.82958984375	0.3	1.0	2	56995	n/a
27.837890625	0.3	1.0	2	57012	n/a
27.84619140625	0.3	0.0	1	57029	n/a
27.8544921875	0.3	0.0	1	57046	n/a
27.86279296875	0.3	1.0	2	57063	n/a
27.87109375	0.3	1.0	2	57080	n/a
27.87939453125	0.3	0.0	1	57097	n/a
27.8876953125	0.3	1.0	2	57114	n/a
27.89599609375	0.3	0.0	1	57131	n/a
27.904296875	0.3	1.0	2	57148	n/a
27.91259765625	0.3	0.0	1	57165	n/a
27.9208984375	0.3	1.0	2	57182	n/a
27.9296875	0.3	0.0	1	57200	n/a
27.93798828125	0.3	0.0	1	57217	n/a
27.9462890625	0.3	1.0	2	57234	n/a
27.95458984375	0.3	0.0	1	57251	n/a
27.962890625	0.3	1.0	2	57268	n/a
27.97119140625	0.3	0.0	1	57285	n/a
27.9794921875	0.3	1.0	2	57302	n/a
27.98779296875	0.3	1.0	2	57319	n/a
27.99609375	0.3	0.0	1	57336	n/a
28.00439453125	0.3	0.0	1	57353	n/a
28.0126953125	0.3	1.0	2	57370	n/a
28.02099609375	0.3	0.0	1	57387	n/a
28.029296875	0.3	1.0	2	57404	n/a
28.03759765625	0.3	0.0	1	57421	n/a
28.0458984375	0.3	1.0	2	57438	n/a
28.0546875	0.3	1.0	2	57456	n/a
28.06298828125	0.3	0.0	1	57473	n/a
28.0712890625	0.3	0.0	1	57490	n/a
28.07958984375	0.3	1.0	2	57507	n/a
28.087890625	0.3	0.0	1	57524	n/a
28.09619140625	0.3	1.0	2	57541	n/a
28.1044921875	0.3	0.0	1	57558	n/a
28.11279296875	0.3	1.0	2	57575	n/a
28.12109375	0.3	0.0	1	57592	n/a
28.12939453125	0.3	1.0	2	57609	n/a
28.1376953125	0.3	0.0	1	57626	n/a
28.14599609375	0.3	1.0	2	57643	n/a
28.154296875	0.3	0.0	1	57660	n/a
28.16259765625	0.3	1.0	2	57677	n/a
28.1708984375	0.3	0.0	1	57694	n/a
28.1796875	0.3	1.0	2	57712	n/a
28.18798828125	0.3	0.0	1	57729	n/a
28.1962890625	0.3	1.0	2	57746	n/a
28.20458984375	0.3	0.0	1	57763	n/a
28.212890625	0.3	1.0	2	57780	n/a
28.22119140625	0.3	0.0	1	57797	n/a
28.2294921875	0.3	1.0	2	57814	n/a
28.23779296875	0.3	1.0	2	57831	n/a
28.24609375	0.3	0.0	1	57848	n/a
28.25439453125	0.3	0.0	1	57865	n/a
28.2626953125	0.3	1.0	2	57882	n/a
28.27099609375	0.3	0.0	1	57899	n/a
28.279296875	0.3	1.0	2	57916	n/a
28.28759765625	0.3	0.0	1	57933	n/a
28.2958984375	0.3	1.0	2	57950	n/a
28.3046875	0.3	1.0	2	57968	n/a
28.31298828125	0.3	0.0	1	57985	n/a
28.3212890625	0.3	1.0	2	58002	n/a
28.32958984375	0.3	0.0	1	58019	n/a
28.337890625	0.3	0.0	1	58036	n/a
28.34619140625	0.3	1.0	2	58053	n/a
28.3544921875	0.3	0.0	1	58070	n/a
28.36279296875	0.3	1.0	2	58087	n/a
28.37109375	0.3	0.0	1	58104	n/a
28.37939453125	0.3	1.0	2	58121	n/a
28.3876953125	0.3	0.0	1	58138	n/a
28.39599609375	0.3	1.0	2	58155	n/a
28.404296875	0.3	0.0	1	58172	n/a
28.41259765625	0.3	1.0	2	58189	n/a
28.4208984375	0.3	0.0	1	58206	n/a
28.4296875	0.3	1.0	2	58224	n/a
28.43798828125	0.3	1.0	2	58241	n/a
28.4462890625	0.3	0.0	1	58258	n/a
28.45458984375	0.3	0.0	1	58275	n/a
28.462890625	0.3	1.0	2	58292	n/a
28.47119140625	0.3	0.0	1	58309	n/a
28.4794921875	0.3	1.0	2	58326	n/a
28.48779296875	0.3	1.0	2	58343	n/a
28.49609375	0.3	0.0	1	58360	n/a
28.50439453125	0.3	0.0	1	58377	n/a
28.5126953125	0.3	1.0	2	58394	n/a
28.52099609375	0.3	1.0	2	58411	n/a
28.529296875	0.3	0.0	1	58428	n/a
28.53759765625	0.3	0.0	1	58445	n/a
28.5458984375	0.3	1.0	2	58462	n/a
28.5546875	0.3	1.0	2	58480	n/a
28.56298828125	0.3	0.0	1	58497	n/a
28.5712890625	0.3	0.0	1	58514	n/a
28.57958984375	0.3	1.0	2	58531	n/a
28.587890625	0.3	1.0	2	58548	n/a
28.59619140625	0.3	0.0	1	58565	n/a
28.6044921875	0.3	0.0	1	58582	n/a
28.61279296875	0.3	1.0	2	58599	n/a
28.62109375	0.3	0.0	1	58616	n/a
28.62939453125	0.3	1.0	2	58633	n/a
28.6376953125	0.3	1.0	2	58650	n/a
28.64599609375	0.3	0.0	1	58667	n/a
28.654296875	0.3	0.0	1	58684	n/a
28.66259765625	0.3	1.0	2	58701	n/a
28.6708984375	0.3	0.0	1	58718	n/a
28.6796875	0.3	1.0	2	58736	n/a
28.68798828125	0.3	0.0	1	58753	n/a
28.6962890625	0.3	1.0	2	58770	n/a
28.70458984375	0.3	1.0	2	58787	n/a
28.712890625	0.3	0.0	1	58804	n/a
28.72119140625	0.3	1.0	2	58821	n/a
28.7294921875	0.3	0.0	1	58838	n/a
28.73779296875	0.3	1.0	2	58855	n/a
28.74609375	0.3	0.0	1	58872	n/a
28.75439453125	0.3	0.0	1	58889	n/a
28.7626953125	0.3	1.0	2	58906	n/a
28.77099609375	0.3	1.0	2	58923	n/a
28.779296875	0.3	0.0	1	58940	n/a
28.78759765625	0.3	0.0	1	58957	n/a
28.7958984375	0.3	1.0	2	58974	n/a
28.8046875	0.3	1.0	2	58992	n/a
28.81298828125	0.3	0.0	1	59009	n/a
28.8212890625	0.3	1.0	2	59026	n/a
28.82958984375	0.3	0.0	1	59043	n/a
28.837890625	0.3	0.0	1	59060	n/a
28.84619140625	0.3	1.0	2	59077	n/a
28.8544921875	0.3	1.0	2	59094	n/a
28.86279296875	0.3	0.0	1	59111	n/a
28.87109375	0.3	0.0	1	59128	n/a
28.87939453125	0.3	1.0	2	59145	n/a
28.8876953125	0.3	1.0	2	59162	n/a
28.89599609375	0.3	0.0	1	59179	n/a
28.904296875	0.3	0.0	1	59196	n/a
28.91259765625	0.3	1.0	2	59213	n/a
28.9208984375	0.3	1.0	2	59230	n/a
28.9296875	0.3	0.0	1	59248	n/a
31.30322265625	0.3	0.0	1	64109	34.0
31.3115234375	0.3	1.0	2	64126	n/a
31.31982421875	0.3	0.0	1	64143	n/a
31.328125	0.3	1.0	2	64160	n/a
31.33642578125	0.3	1.0	2	64177	n/a
31.3447265625	0.3	0.0	1	64194	n/a
31.35302734375	0.3	0.0	1	64211	n/a
31.361328125	0.3	1.0	2	64228	n/a
31.3701171875	0.3	0.0	1	64246	n/a
31.37841796875	0.3	1.0	2	64263	n/a
31.38671875	0.3	1.0	2	64280	n/a
31.39501953125	0.3	0.0	1	64297	n/a
31.4033203125	0.3	1.0	2	64314	n/a
31.41162109375	0.3	0.0	1	64331	n/a
31.419921875	0.3	0.0	1	64348	n/a
31.42822265625	0.3	1.0	2	64365	n/a
31.4365234375	0.3	1.0	2	64382	n/a
31.44482421875	0.3	0.0	1	64399	n/a
31.453125	0.3	0.0	1	64416	n/a
31.46142578125	0.3	1.0	2	64433	n/a
31.4697265625	0.3	1.0	2	64450	n/a
31.47802734375	0.3	0.0	1	64467	n/a
31.486328125	0.3	0.0	1	64484	n/a
31.4951171875	0.3	1.0	2	64502	n/a
31.50341796875	0.3	0.0	1	64519	n/a
31.51171875	0.3	1.0	2	64536	n/a
31.52001953125	0.3	1.0	2	64553	n/a
31.5283203125	0.3	0.0	1	64570	n/a
31.53662109375	0.3	1.0	2	64587	n/a
31.544921875	0.3	0.0	1	64604	n/a
31.55322265625	0.3	1.0	2	64621	n/a
31.5615234375	0.3	0.0	1	64638	n/a
31.56982421875	0.3	0.0	1	64655	n/a
31.578125	0.3	1.0	2	64672	n/a
31.58642578125	0.3	0.0	1	64689	n/a
31.5947265625	0.3	1.0	2	64706	n/a
31.60302734375	0.3	0.0	1	64723	n/a
31.611328125	0.3	1.0	2	64740	n/a
31.6201171875	0.3	0.0	1	64758	n/a
31.62841796875	0.3	1.0	2	64775	n/a
31.63671875	0.3	0.0	1	64792	n/a
31.64501953125	0.3	1.0	2	64809	n/a
31.6533203125	0.3	0.0	1	64826	n/a
31.66162109375	0.3	1.0	2	64843	n/a
31.669921875	0.3	0.0	1	64860	n/a
31.67822265625	0.3	1.0	2	64877	n/a
31.6865234375	0.3	1.0	2	64894	n/a
31.69482421875	0.3	0.0	1	64911	n/a
31.703125	0.3	1.0	2	64928	n/a
31.71142578125	0.3	0.0	1	64945	n/a
31.7197265625	0.3	0.0	1	64962	n/a
31.72802734375	0.3	1.0	2	64979	n/a
31.736328125	0.3	0.0	1	64996	n/a
31.7451171875	0.3	1.0	2	65014	n/a
31.75341796875	0.3	1.0	2	65031	n/a
31.76171875	0.3	0.0	1	65048	n/a
31.77001953125	0.3	1.0	2	65065	n/a
31.7783203125	0.3	0.0	1	65082	n/a
31.78662109375	0.3	0.0	1	65099	n/a
31.794921875	0.3	1.0	2	65116	n/a
31.80322265625	0.3	0.0	1	65133	n/a
31.8115234375	0.3	1.0	2	65150	n/a
31.81982421875	0.3	1.0	2	65167	n/a
31.828125	0.3	0.0	1	65184	n/a
31.83642578125	0.3	0.0	1	65201	n/a
31.8447265625	0.3	1.0	2	65218	n/a
31.85302734375	0.3	0.0	1	65235	n/a
31.861328125	0.3	1.0	2	65252	n/a
31.8701171875	0.3	0.0	1	65270	n/a
31.87841796875	0.3	1.0	2	65287	n/a
31.88671875	0.3	1.0	2	65304	n/a
31.89501953125	0.3	0.0	1	65321	n/a
31.9033203125	0.3	1.0	2	65338	n/a
31.91162109375	0.3	0.0	1	65355	n/a
31.919921875	0.3	0.0	1	65372	n/a
31.92822265625	0.3	1.0	2	65389	n/a
31.9365234375	0.3	1.0	2	65406	n/a
31.94482421875	0.3	0.0	1	65423	n/a
31.953125	0.3	1.0	2	65440	n/a
31.96142578125	0.3	0.0	1	65457	n/a
31.9697265625	0.3	0.0	1	65474	n/a
31.97802734375	0.3	1.0	2	65491	n/a
31.986328125	0.3	0.0	1	65508	n/a
31.9951171875	0.3	1.0	2	65526	n/a
32.00341796875	0.3	1.0	2	65543	n/a
32.01171875	0.3	0.0	1	65560	n/a
32.02001953125	0.3	1.0	2	65577	n/a
32.0283203125	0.3	0.0	1	65594	n/a
32.03662109375	0.3	1.0	2	65611	n/a
32.044921875	0.3	0.0	1	65628	n/a
32.05322265625	0.3	0.0	1	65645	n/a
32.0615234375	0.3	1.0	2	65662	n/a
32.06982421875	0.3	1.0	2	65679	n/a
32.078125	0.3	0.0	1	65696	n/a
32.08642578125	0.3	0.0	1	65713	n/a
32.0947265625	0.3	1.0	2	65730	n/a
32.10302734375	0.3	1.0	2	65747	n/a
32.111328125	0.3	0.0	1	65764	n/a
32.1201171875	0.3	0.0	1	65782	n/a
32.12841796875	0.3	1.0	2	65799	n/a
32.13671875	0.3	0.0	1	65816	n/a
32.14501953125	0.3	1.0	2	65833	n/a
32.1533203125	0.3	1.0	2	65850	n/a
32.16162109375	0.3	0.0	1	65867	n/a
32.169921875	0.3	1.0	2	65884	n/a
32.17822265625	0.3	0.0	1	65901	n/a
32.1865234375	0.3	1.0	2	65918	n/a
32.19482421875	0.3	0.0	1	65935	n/a
32.203125	0.3	1.0	2	65952	n/a
32.21142578125	0.3	0.0	1	65969	n/a
32.2197265625	0.3	0.0	1	65986	n/a
32.22802734375	0.3	1.0	2	66003	n/a
32.236328125	0.3	1.0	2	66020	n/a
32.2451171875	0.3	0.0	1	66038	n/a
32.25341796875	0.3	1.0	2	66055	n/a
32.26171875	0.3	0.0	1	66072	n/a
32.27001953125	0.3	1.0	2	66089	n/a
32.2783203125	0.3	0.0	1	66106	n/a
32.28662109375	0.3	0.0	1	66123	n/a
32.294921875	0.3	1.0	2	66140	n/a
32.30322265625	0.3	0.0	1	66157	n/a
32.3115234375	0.3	1.0	2	66174	n/a
32.31982421875	0.3	1.0	2	66191	n/a
32.328125	0.3	0.0	1	66208	n/a
32.33642578125	0.3	1.0	2	66225	n/a
32.3447265625	0.3	0.0	1	66242	n/a
32.35302734375	0.3	0.0	1	66259	n/a
32.361328125	0.3	1.0	2	66276	n/a
32.3701171875	0.3	0.0	1	66294	n/a
32.37841796875	0.3	1.0	2	66311	n/a
32.38671875	0.3	1.0	2	66328	n/a
32.39501953125	0.3	0.0	1	66345	n/a
32.4033203125	0.3	0.0	1	66362	n/a
32.41162109375	0.3	1.0	2	66379	n/a
32.419921875	0.3	0.0	1	66396	n/a
32.42822265625	0.3	1.0	2	66413	n/a
32.4365234375	0.3	1.0	2	66430	n/a
32.44482421875	0.3	0.0	1	66447	n/a
32.453125	0.3	1.0	2	66464	n/a
32.46142578125	0.3	0.0	1	66481	n/a
32.4697265625	0.3	0.0	1	66498	n/a
32.47802734375	0.3	1.0	2	66515	n/a
32.486328125	0.3	1.0	2	66532	n/a
32.4951171875	0.3	0.0	1	66550	n/a
32.50341796875	0.3	0.0	1	66567	n/a
32.51171875	0.3	1.0	2	66584	n/a
32.52001953125	0.3	1.0	2	66601	n/a
32.5283203125	0.3	0.0	1	66618	n/a
32.53662109375	0.3	0.0	1	66635	n/a
32.544921875	0.3	1.0	2	66652	n/a
32.55322265625	0.3	0.0	1	66669	n/a
32.5615234375	0.3	1.0	2	66686	n/a
32.56982421875	0.3	1.0	2	66703	n/a
32.578125	0.3	0.0	1	66720	n/a
32.58642578125	0.3	1.0	2	66737	n/a
32.5947265625	0.3	0.0	1	66754	n/a
32.60302734375	0.3	1.0	2	66771	n/a
32.611328125	0.3	0.0	1	66788	n/a
32.6201171875	0.3	0.0	1	66806	n/a
32.62841796875	0.3	1.0	2	66823	n/a
32.63671875	0.3	0.0	1	66840	n/a
32.64501953125	0.3	1.0	2	66857	n/a
32.6533203125	0.3	0.0	1	66874	n/a
32.66162109375	0.3	1.0	2	66891	n/a
32.669921875	0.3	0.0	1	66908	n/a
32.67822265625	0.3	1.0	2	66925	n/a
32.6865234375	0.3	0.0	1	66942	n/a
32.69482421875	0.3	1.0	2	66959	n/a
32.703125	0.3	0.0	1	66976	n/a
32.71142578125	0.3	1.0	2	66993	n/a
32.7197265625	0.3	0.0	1	67010	n/a
32.72802734375	0.3	1.0	2	67027	n/a
32.736328125	0.3	1.0	2	67044	n/a
32.7451171875	0.3	0.0	1	67062	n/a
32.75341796875	0.3	1.0	2	67079	n/a
32.76171875	0.3	0.0	1	67096	n/a
32.77001953125	0.3	0.0	1	67113	n/a
32.7783203125	0.3	1.0	2	67130	n/a
32.78662109375	0.3	0.0	1	67147	n/a
32.794921875	0.3	1.0	2	67164	n/a
32.80322265625	0.3	1.0	2	67181	n/a
32.8115234375	0.3	0.0	1	67198	n/a
32.81982421875	0.3	1.0	2	67215	n/a
32.828125	0.3	0.0	1	67232	n/a
32.83642578125	0.3	0.0	1	67249	n/a
32.8447265625	0.3	1.0	2	67266	n/a
32.85302734375	0.3	0.0	1	67283	n/a
32.861328125	0.3	1.0	2	67300	n/a
32.8701171875	0.3	1.0	2	67318	n/a
32.87841796875	0.3	0.0	1	67335	n/a
32.88671875	0.3	0.0	1	67352	n/a
32.89501953125	0.3	1.0	2	67369	n/a
32.9033203125	0.3	0.0	1	67386	n/a
32.91162109375	0.3	1.0	2	67403	n/a
32.919921875	0.3	0.0	1	67420	n/a
32.92822265625	0.3	1.0	2	67437	n/a
32.9365234375	0.3	1.0	2	67454	n/a
32.94482421875	0.3	0.0	1	67471	n/a
32.953125	0.3	1.0	2	67488	n/a
32.96142578125	0.3	0.0	1	67505	n/a
32.9697265625	0.3	0.0	1	67522	n/a
32.97802734375	0.3	1.0	2	67539	n/a
32.986328125	0.3	1.0	2	67556	n/a
32.9951171875	0.3	0.0	1	67574	n/a
33.00341796875	0.3	1.0	2	67591	n/a
33.01171875	0.3	0.0	1	67608	n/a
33.02001953125	0.3	0.0	1	67625	n/a
33.0283203125	0.3	1.0	2	67642	n/a
33.03662109375	0.3	0.0	1	67659	n/a
33.044921875	0.3	1.0	2	67676	n/a
33.05322265625	0.3	1.0	2	67693	n/a
33.0615234375	0.3	0.0	1	67710	n/a
33.06982421875	0.3	1.0	2	67727	n/a
33.078125	0.3	0.0	1	67744	n/a
33.08642578125	0.3	1.0	2	67761	n/a
33.0947265625	0.3	0.0	1	67778	n/a
33.10302734375	0.3	0.0	1	67795	n/a
33.111328125	0.3	1.0	2	67812	n/a
33.1201171875	0.3	1.0	2	67830	n/a
33.12841796875	0.3	0.0	1	67847	n/a
33.13671875	0.3	0.0	1	67864	n/a
33.14501953125	0.3	1.0	2	67881	n/a
33.1533203125	0.3	1.0	2	67898	n/a
33.16162109375	0.3	0.0	1	67915	n/a
33.169921875	0.3	0.0	1	67932	n/a
33.17822265625	0.3	1.0	2	67949	n/a
33.1865234375	0.3	0.0	1	67966	n/a
33.19482421875	0.3	1.0	2	67983	n/a
33.203125	0.3	1.0	2	68000	n/a
33.21142578125	0.3	0.0	1	68017	n/a
33.2197265625	0.3	1.0	2	68034	n/a
33.22802734375	0.3	0.0	1	68051	n/a
33.236328125	0.3	1.0	2	68068	n/a
33.2451171875	0.3	0.0	1	68086	n/a
33.25341796875	0.3	1.0	2	68103	n/a
33.26171875	0.3	0.0	1	68120	n/a
33.27001953125	0.3	0.0	1	68137	n/a
33.2783203125	0.3	1.0	2	68154	n/a
33.28662109375	0.3	1.0	2	68171	n/a
33.294921875	0.3	0.0	1	68188	n/a
33.30322265625	0.3	1.0	2	68205	n/a
33.3115234375	0.3	0.0	1	68222	n/a
33.31982421875	0.3	1.0	2	68239	n/a
33.328125	0.3	0.0	1	68256	n/a
33.33642578125	0.3	0.0	1	68273	n/a
33.3447265625	0.3	1.0	2	68290	n/a
33.35302734375	0.3	0.0	1	68307	n/a
33.361328125	0.3	1.0	2	68324	n/a
33.3701171875	0.3	1.0	2	68342	n/a
33.37841796875	0.3	0.0	1	68359	n/a
33.38671875	0.3	1.0	2	68376	n/a
33.39501953125	0.3	0.0	1	68393	n/a
33.4033203125	0.3	0.0	1	68410	n/a
33.41162109375	0.3	1.0	2	68427	n/a
33.419921875	0.3	0.0	1	68444	n/a
33.42822265625	0.3	1.0	2	68461	n/a
33.4365234375	0.3	1.0	2	68478	n/a
33.44482421875	0.3	0.0	1	68495	n/a
33.453125	0.3	0.0	1	68512	n/a
33.46142578125	0.3	1.0	2	68529	n/a
33.4697265625	0.3	0.0	1	68546	n/a
33.47802734375	0.3	1.0	2	68563	n/a
33.486328125	0.3	1.0	2	68580	n/a
33.4951171875	0.3	0.0	1	68598	n/a
33.50341796875	0.3	1.0	2	68615	n/a
33.51171875	0.3	0.0	1	68632	n/a
33.52001953125	0.3	0.0	1	68649	n/a
33.5283203125	0.3	1.0	2	68666	n/a
33.53662109375	0.3	1.0	2	68683	n/a
33.544921875	0.3	0.0	1	68700	n/a
33.55322265625	0.3	0.0	1	68717	n/a
33.5615234375	0.3	1.0	2	68734	n/a
33.56982421875	0.3	1.0	2	68751	n/a
33.578125	0.3	0.0	1	68768	n/a
33.58642578125	0.3	0.0	1	68785	n/a
33.5947265625	0.3	1.0	2	68802	n/a
33.60302734375	0.3	0.0	1	68819	n/a
33.611328125	0.3	1.0	2	68836	n/a
33.6201171875	0.3	1.0	2	68854	n/a
33.62841796875	0.3	0.0	1	68871	n/a
33.63671875	0.3	1.0	2	68888	n/a
33.64501953125	0.3	0.0	1	68905	n/a
33.6533203125	0.3	1.0	2	68922	n/a
33.66162109375	0.3	0.0	1	68939	n/a
33.669921875	0.3	0.0	1	68956	n/a
33.67822265625	0.3	1.0	2	68973	n/a
33.6865234375	0.3	0.0	1	68990	n/a
33.69482421875	0.3	1.0	2	69007	n/a
33.703125	0.3	0.0	1	69024	n/a
33.71142578125	0.3	1.0	2	69041	n/a
33.7197265625	0.3	0.0	1	69058	n/a
33.72802734375	0.3	1.0	2	69075	n/a
33.736328125	0.3	0.0	1	69092	n/a
33.7451171875	0.3	1.0	2	69110	n/a
33.75341796875	0.3	0.0	1	69127	n/a
33.76171875	0.3	1.0	2	69144	n/a
33.77001953125	0.3	0.0	1	69161	n/a
33.7783203125	0.3	1.0	2	69178	n/a
33.78662109375	0.3	1.0	2	69195	n/a
33.794921875	0.3	0.0	1	69212	n/a
33.80322265625	0.3	1.0	2	69229	n/a
33.8115234375	0.3	0.0	1	69246	n/a
33.81982421875	0.3	0.0	1	69263	n/a
33.828125	0.3	1.0	2	69280	n/a
33.83642578125	0.3	0.0	1	69297	n/a
33.8447265625	0.3	1.0	2	69314	n/a
33.85302734375	0.3	1.0	2	69331	n/a
33.861328125	0.3	0.0	1	69348	n/a
33.8701171875	0.3	1.0	2	69366	n/a
33.87841796875	0.3	0.0	1	69383	n/a
33.88671875	0.3	0.0	1	69400	n/a
33.89501953125	0.3	1.0	2	69417	n/a
33.9033203125	0.3	0.0	1	69434	n/a
33.91162109375	0.3	1.0	2	69451	n/a
33.919921875	0.3	1.0	2	69468	n/a
33.92822265625	0.3	0.0	1	69485	n/a
33.9365234375	0.3	0.0	1	69502	n/a
33.94482421875	0.3	1.0	2	69519	n/a
33.953125	0.3	0.0	1	69536	n/a
33.96142578125	0.3	1.0	2	69553	n/a
33.9697265625	0.3	0.0	1	69570	n/a
33.97802734375	0.3	1.0	2	69587	n/a
33.986328125	0.3	1.0	2	69604	n/a
33.9951171875	0.3	0.0	1	69622	n/a
34.00341796875	0.3	1.0	2	69639	n/a
34.01171875	0.3	0.0	1	69656	n/a
34.02001953125	0.3	0.0	1	69673	n/a
34.0283203125	0.3	1.0	2	69690	n/a
34.03662109375	0.3	1.0	2	69707	n/a
34.044921875	0.3	0.0	1	69724	n/a
34.05322265625	0.3	1.0	2	69741	n/a
34.0615234375	0.3	0.0	1	69758	n/a
34.06982421875	0.3	0.0	1	69775	n/a
34.078125	0.3	1.0	2	69792	n/a
34.08642578125	0.3	0.0	1	69809	n/a
34.0947265625	0.3	1.0	2	69826	n/a
34.10302734375	0.3	1.0	2	69843	n/a
34.111328125	0.3	0.0	1	69860	n/a
34.1201171875	0.3	1.0	2	69878	n/a
34.12841796875	0.3	0.0	1	69895	n/a
34.13671875	0.3	1.0	2	69912	n/a
34.14501953125	0.3	0.0	1	69929	n/a
34.1533203125	0.3	0.0	1	69946	n/a
34.16162109375	0.3	1.0	2	69963	n/a
34.169921875	0.3	1.0	2	69980	n/a
34.17822265625	0.3	0.0	1	69997	n/a
34.1865234375	0.3	0.0	1	70014	n/a
34.19482421875	0.3	1.0	2	70031	n/a
34.203125	0.3	1.0	2	70048	n/a
34.21142578125	0.3	0.0	1	70065	n/a
34.2197265625	0.3	0.0	1	70082	n/a
34.22802734375	0.3	1.0	2	70099	n/a
34.236328125	0.3	0.0	1	70116	n/a
34.2451171875	0.3	1.0	2	70134	n/a
34.25341796875	0.3	1.0	2	70151	n/a
34.26171875	0.3	0.0	1	70168	n/a
34.27001953125	0.3	1.0	2	70185	n/a
34.2783203125	0.3	0.0	1	70202	n/a
34.28662109375	0.3	1.0	2	70219	n/a
34.294921875	0.3	0.0	1	70236	n/a
34.30322265625	0.3	1.0	2	70253	n/a
34.3115234375	0.3	0.0	1	70270	n/a
34.31982421875	0.3	0.0	1	70287	n/a
34.328125	0.3	1.0	2	70304	n/a
34.33642578125	0.3	1.0	2	70321	n/a
34.3447265625	0.3	0.0	1	70338	n/a
34.35302734375	0.3	1.0	2	70355	n/a
34.361328125	0.3	0.0	1	70372	n/a
34.3701171875	0.3	1.0	2	70390	n/a
34.37841796875	0.3	0.0	1	70407	n/a
34.38671875	0.3	0.0	1	70424	n/a
34.39501953125	0.3	1.0	2	70441	n/a
34.4033203125	0.3	0.0	1	70458	n/a
34.41162109375	0.3	1.0	2	70475	n/a
34.419921875	0.3	1.0	2	70492	n/a
34.42822265625	0.3	0.0	1	70509	n/a
34.4365234375	0.3	1.0	2	70526	n/a
34.44482421875	0.3	0.0	1	70543	n/a
34.453125	0.3	0.0	1	70560	n/a
34.46142578125	0.3	1.0	2	70577	n/a
34.4697265625	0.3	0.0	1	70594	n/a
34.47802734375	0.3	1.0	2	70611	n/a
34.486328125	0.3	1.0	2	70628	n/a
34.4951171875	0.3	0.0	1	70646	n/a
34.50341796875	0.3	0.0	1	70663	n/a
34.51171875	0.3	1.0	2	70680	n/a
34.52001953125	0.3	0.0	1	70697	n/a
34.5283203125	0.3	1.0	2	70714	n/a
34.53662109375	0.3	1.0	2	70731	n/a
34.544921875	0.3	0.0	1	70748	n/a
34.55322265625	0.3	1.0	2	70765	n/a
34.5615234375	0.3	0.0	1	70782	n/a
34.56982421875	0.3	0.0	1	70799	n/a
34.578125	0.3	1.0	2	70816	n/a
34.58642578125	0.3	1.0	2	70833	n/a
34.5947265625	0.3	0.0	1	70850	n/a
34.60302734375	0.3	0.0	1	70867	n/a
34.611328125	0.3	1.0	2	70884	n/a
34.6201171875	0.3	1.0	2	70902	n/a
34.62841796875	0.3	0.0	1	70919	n/a
34.63671875	0.3	0.0	1	70936	n/a
34.64501953125	0.3	1.0	2	70953	n/a
34.6533203125	0.3	0.0	1	70970	n/a
34.66162109375	0.3	1.0	2	70987	n/a
34.669921875	0.3	1.0	2	71004	n/a
34.67822265625	0.3	0.0	1	71021	n/a
34.6865234375	0.3	1.0	2	71038	n/a
34.69482421875	0.3	0.0	1	71055	n/a
34.703125	0.3	1.0	2	71072	n/a
34.71142578125	0.3	0.0	1	71089	n/a
34.7197265625	0.3	0.0	1	71106	n/a
34.72802734375	0.3	1.0	2	71123	n/a
34.736328125	0.3	0.0	1	71140	n/a
34.7451171875	0.3	1.0	2	71158	n/a
34.75341796875	0.3	0.0	1	71175	n/a
34.76171875	0.3	1.0	2	71192	n/a
34.77001953125	0.3	0.0	1	71209	n/a
34.7783203125	0.3	1.0	2	71226	n/a
34.78662109375	0.3	0.0	1	71243	n/a
34.794921875	0.3	1.0	2	71260	n/a
34.80322265625	0.3	0.0	1	71277	n/a
34.8115234375	0.3	1.0	2	71294	n/a
34.81982421875	0.3	0.0	1	71311	n/a
34.828125	0.3	1.0	2	71328	n/a
34.83642578125	0.3	1.0	2	71345	n/a
34.8447265625	0.3	0.0	1	71362	n/a
34.85302734375	0.3	1.0	2	71379	n/a
34.861328125	0.3	0.0	1	71396	n/a
34.8701171875	0.3	0.0	1	71414	n/a
34.87841796875	0.3	1.0	2	71431	n/a
34.88671875	0.3	0.0	1	71448	n/a
34.89501953125	0.3	1.0	2	71465	n/a
34.9033203125	0.3	1.0	2	71482	n/a
34.91162109375	0.3	0.0	1	71499	n/a
34.919921875	0.3	1.0	2	71516	n/a
34.92822265625	0.3	0.0	1	71533	n/a
34.9365234375	0.3	0.0	1	71550	n/a
34.94482421875	0.3	1.0	2	71567	n/a
34.953125	0.3	0.0	1	71584	n/a
34.96142578125	0.3	1.0	2	71601	n/a
34.9697265625	0.3	1.0	2	71618	n/a
34.97802734375	0.3	0.0	1	71635	n/a
34.986328125	0.3	0.0	1	71652	n/a
34.9951171875	0.3	1.0	2	71670	n/a
35.00341796875	0.3	0.0	1	71687	n/a
35.01171875	0.3	1.0	2	71704	n/a
35.02001953125	0.3	0.0	1	71721	n/a
35.0283203125	0.3	1.0	2	71738	n/a
35.03662109375	0.3	1.0	2	71755	n/a
35.044921875	0.3	0.0	1	71772	n/a
35.05322265625	0.3	1.0	2	71789	n/a
35.0615234375	0.3	0.0	1	71806	n/a
35.06982421875	0.3	0.0	1	71823	n/a
35.078125	0.3	1.0	2	71840	n/a
35.08642578125	0.3	1.0	2	71857	n/a
35.0947265625	0.3	0.0	1	71874	n/a
35.10302734375	0.3	1.0	2	71891	n/a
35.111328125	0.3	0.0	1	71908	n/a
35.1201171875	0.3	0.0	1	71926	n/a
35.12841796875	0.3	1.0	2	71943	n/a
35.13671875	0.3	0.0	1	71960	n/a
35.14501953125	0.3	1.0	2	71977	n/a
35.1533203125	0.3	1.0	2	71994	n/a
35.16162109375	0.3	0.0	1	72011	n/a
35.169921875	0.3	1.0	2	72028	n/a
35.17822265625	0.3	0.0	1	72045	n/a
35.1865234375	0.3	1.0	2	72062	n/a
35.19482421875	0.3	0.0	1	72079	n/a
35.203125	0.3	0.0	1	72096	n/a
35.21142578125	0.3	1.0	2	72113	n/a
35.2197265625	0.3	1.0	2	72130	n/a
35.22802734375	0.3	0.0	1	72147	n/a
35.236328125	0.3	0.0	1	72164	n/a
35.2451171875	0.3	1.0	2	72182	n/a
35.25341796875	0.3	1.0	2	72199	n/a
35.26171875	0.3	0.0	1	72216	n/a
35.27001953125	0.3	0.0	1	72233	n/a
35.2783203125	0.3	1.0	2	72250	n/a
35.28662109375	0.3	0.0	1	72267	n/a
35.294921875	0.3	1.0	2	72284	n/a
35.30322265625	0.3	1.0	2	72301	n/a
35.3115234375	0.3	0.0	1	72318	n/a
35.31982421875	0.3	1.0	2	72335	n/a
35.328125	0.3	0.0	1	72352	n/a
35.33642578125	0.3	1.0	2	72369	n/a
35.3447265625	0.3	0.0	1	72386	n/a
35.35302734375	0.3	1.0	2	72403	n/a
35.361328125	0.3	0.0	1	72420	n/a
35.3701171875	0.3	0.0	1	72438	n/a
35.37841796875	0.3	1.0	2	72455	n/a
35.38671875	0.3	1.0	2	72472	n/a
35.39501953125	0.3	0.0	1	72489	n/a
35.4033203125	0.3	1.0	2	72506	n/a
35.41162109375	0.3	0.0	1	72523	n/a
35.419921875	0.3	1.0	2	72540	n/a
35.42822265625	0.3	0.0	1	72557	n/a
35.4365234375	0.3	0.0	1	72574	n/a
35.44482421875	0.3	1.0	2	72591	n/a
35.453125	0.3	0.0	1	72608	n/a
35.46142578125	0.3	1.0	2	72625	n/a
35.4697265625	0.3	1.0	2	72642	n/a
35.47802734375	0.3	0.0	1	72659	n/a
35.486328125	0.3	1.0	2	72676	n/a
35.4951171875	0.3	0.0	1	72694	n/a
37.87841796875	0.3	1.0	2	77575	35.0
37.88671875	0.3	0.0	1	77592	n/a
37.89501953125	0.3	0.0	1	77609	n/a
37.9033203125	0.3	1.0	2	77626	n/a
37.91162109375	0.3	1.0	2	77643	n/a
37.919921875	0.3	0.0	1	77660	n/a
37.92822265625	0.3	1.0	2	77677	n/a
37.9365234375	0.3	0.0	1	77694	n/a
37.9453125	0.3	1.0	2	77712	n/a
37.95361328125	0.3	0.0	1	77729	n/a
37.9619140625	0.3	1.0	2	77746	n/a
37.97021484375	0.3	0.0	1	77763	n/a
37.978515625	0.3	0.0	1	77780	n/a
37.98681640625	0.3	1.0	2	77797	n/a
37.9951171875	0.3	1.0	2	77814	n/a
38.00341796875	0.3	0.0	1	77831	n/a
38.01171875	0.3	1.0	2	77848	n/a
38.02001953125	0.3	0.0	1	77865	n/a
38.0283203125	0.3	0.0	1	77882	n/a
38.03662109375	0.3	1.0	2	77899	n/a
38.044921875	0.3	1.0	2	77916	n/a
38.05322265625	0.3	0.0	1	77933	n/a
38.0615234375	0.3	1.0	2	77950	n/a
38.0703125	0.3	0.0	1	77968	n/a
38.07861328125	0.3	0.0	1	77985	n/a
38.0869140625	0.3	1.0	2	78002	n/a
38.09521484375	0.3	1.0	2	78019	n/a
38.103515625	0.3	0.0	1	78036	n/a
38.11181640625	0.3	0.0	1	78053	n/a
38.1201171875	0.3	1.0	2	78070	n/a
38.12841796875	0.3	1.0	2	78087	n/a
38.13671875	0.3	0.0	1	78104	n/a
38.14501953125	0.3	0.0	1	78121	n/a
38.1533203125	0.3	1.0	2	78138	n/a
38.16162109375	0.3	0.0	1	78155	n/a
38.169921875	0.3	1.0	2	78172	n/a
38.17822265625	0.3	0.0	1	78189	n/a
38.1865234375	0.3	1.0	2	78206	n/a
38.1953125	0.3	1.0	2	78224	n/a
38.20361328125	0.3	0.0	1	78241	n/a
38.2119140625	0.3	1.0	2	78258	n/a
38.22021484375	0.3	0.0	1	78275	n/a
38.228515625	0.3	1.0	2	78292	n/a
38.23681640625	0.3	0.0	1	78309	n/a
38.2451171875	0.3	0.0	1	78326	n/a
38.25341796875	0.3	1.0	2	78343	n/a
38.26171875	0.3	1.0	2	78360	n/a
38.27001953125	0.3	0.0	1	78377	n/a
38.2783203125	0.3	1.0	2	78394	n/a
38.28662109375	0.3	0.0	1	78411	n/a
38.294921875	0.3	0.0	1	78428	n/a
38.30322265625	0.3	1.0	2	78445	n/a
38.3115234375	0.3	0.0	1	78462	n/a
38.3203125	0.3	1.0	2	78480	n/a
38.32861328125	0.3	0.0	1	78497	n/a
38.3369140625	0.3	1.0	2	78514	n/a
38.34521484375	0.3	1.0	2	78531	n/a
38.353515625	0.3	0.0	1	78548	n/a
38.36181640625	0.3	1.0	2	78565	n/a
38.3701171875	0.3	0.0	1	78582	n/a
38.37841796875	0.3	1.0	2	78599	n/a
38.38671875	0.3	0.0	1	78616	n/a
38.39501953125	0.3	0.0	1	78633	n/a
38.4033203125	0.3	1.0	2	78650	n/a
38.41162109375	0.3	1.0	2	78667	n/a
38.419921875	0.3	0.0	1	78684	n/a
38.42822265625	0.3	1.0	2	78701	n/a
38.4365234375	0.3	0.0	1	78718	n/a
38.4453125	0.3	1.0	2	78736	n/a
38.45361328125	0.3	0.0	1	78753	n/a
38.4619140625	0.3	1.0	2	78770	n/a
38.47021484375	0.3	0.0	1	78787	n/a
38.478515625	0.3	1.0	2	78804	n/a
38.48681640625	0.3	0.0	1	78821	n/a
38.4951171875	0.3	1.0	2	78838	n/a
38.50341796875	0.3	0.0	1	78855	n/a
38.51171875	0.3	1.0	2	78872	n/a
38.52001953125	0.3	0.0	1	78889	n/a
38.5283203125	0.3	0.0	1	78906	n/a
38.53662109375	0.3	1.0	2	78923	n/a
38.544921875	0.3	0.0	1	78940	n/a
38.55322265625	0.3	1.0	2	78957	n/a
38.5615234375	0.3	1.0	2	78974	n/a
38.5703125	0.3	0.0	1	78992	n/a
38.57861328125	0.3	1.0	2	79009	n/a
38.5869140625	0.3	0.0	1	79026	n/a
38.59521484375	0.3	1.0	2	79043	n/a
38.603515625	0.3	0.0	1	79060	n/a
38.61181640625	0.3	1.0	2	79077	n/a
38.6201171875	0.3	0.0	1	79094	n/a
38.62841796875	0.3	1.0	2	79111	n/a
38.63671875	0.3	0.0	1	79128	n/a
38.64501953125	0.3	0.0	1	79145	n/a
38.6533203125	0.3	1.0	2	79162	n/a
38.66162109375	0.3	0.0	1	79179	n/a
38.669921875	0.3	1.0	2	79196	n/a
38.67822265625	0.3	1.0	2	79213	n/a
38.6865234375	0.3	0.0	1	79230	n/a
38.6953125	0.3	1.0	2	79248	n/a
38.70361328125	0.3	0.0	1	79265	n/a
38.7119140625	0.3	1.0	2	79282	n/a
38.72021484375	0.3	0.0	1	79299	n/a
38.728515625	0.3	0.0	1	79316	n/a
38.73681640625	0.3	1.0	2	79333	n/a
38.7451171875	0.3	0.0	1	79350	n/a
38.75341796875	0.3	1.0	2	79367	n/a
38.76171875	0.3	1.0	2	79384	n/a
38.77001953125	0.3	0.0	1	79401	n/a
38.7783203125	0.3	0.0	1	79418	n/a
38.78662109375	0.3	1.0	2	79435	n/a
38.794921875	0.3	1.0	2	79452	n/a
38.80322265625	0.3	0.0	1	79469	n/a
38.8115234375	0.3	0.0	1	79486	n/a
38.8203125	0.3	1.0	2	79504	n/a
38.82861328125	0.3	1.0	2	79521	n/a
38.8369140625	0.3	0.0	1	79538	n/a
38.84521484375	0.3	0.0	1	79555	n/a
38.853515625	0.3	1.0	2	79572	n/a
38.86181640625	0.3	0.0	1	79589	n/a
38.8701171875	0.3	1.0	2	79606	n/a
38.87841796875	0.3	1.0	2	79623	n/a
38.88671875	0.3	0.0	1	79640	n/a
38.89501953125	0.3	0.0	1	79657	n/a
38.9033203125	0.3	1.0	2	79674	n/a
38.91162109375	0.3	1.0	2	79691	n/a
38.919921875	0.3	0.0	1	79708	n/a
38.92822265625	0.3	1.0	2	79725	n/a
38.9365234375	0.3	0.0	1	79742	n/a
38.9453125	0.3	0.0	1	79760	n/a
38.95361328125	0.3	1.0	2	79777	n/a
38.9619140625	0.3	1.0	2	79794	n/a
38.97021484375	0.3	0.0	1	79811	n/a
38.978515625	0.3	1.0	2	79828	n/a
38.98681640625	0.3	0.0	1	79845	n/a
38.9951171875	0.3	1.0	2	79862	n/a
39.00341796875	0.3	0.0	1	79879	n/a
39.01171875	0.3	1.0	2	79896	n/a
39.02001953125	0.3	0.0	1	79913	n/a
39.0283203125	0.3	0.0	1	79930	n/a
39.03662109375	0.3	1.0	2	79947	n/a
39.044921875	0.3	1.0	2	79964	n/a
39.05322265625	0.3	0.0	1	79981	n/a
39.0615234375	0.3	1.0	2	79998	n/a
39.0703125	0.3	0.0	1	80016	n/a
39.07861328125	0.3	0.0	1	80033	n/a
39.0869140625	0.3	1.0	2	80050	n/a
39.09521484375	0.3	1.0	2	80067	n/a
39.103515625	0.3	0.0	1	80084	n/a
39.11181640625	0.3	1.0	2	80101	n/a
39.1201171875	0.3	0.0	1	80118	n/a
39.12841796875	0.3	0.0	1	80135	n/a
39.13671875	0.3	1.0	2	80152	n/a
39.14501953125	0.3	1.0	2	80169	n/a
39.1533203125	0.3	0.0	1	80186	n/a
39.16162109375	0.3	0.0	1	80203	n/a
39.169921875	0.3	1.0	2	80220	n/a
39.17822265625	0.3	1.0	2	80237	n/a
39.1865234375	0.3	0.0	1	80254	n/a
39.1953125	0.3	0.0	1	80272	n/a
39.20361328125	0.3	1.0	2	80289	n/a
39.2119140625	0.3	0.0	1	80306	n/a
39.22021484375	0.3	1.0	2	80323	n/a
39.228515625	0.3	0.0	1	80340	n/a
39.23681640625	0.3	1.0	2	80357	n/a
39.2451171875	0.3	1.0	2	80374	n/a
39.25341796875	0.3	0.0	1	80391	n/a
39.26171875	0.3	1.0	2	80408	n/a
39.27001953125	0.3	0.0	1	80425	n/a
39.2783203125	0.3	1.0	2	80442	n/a
39.28662109375	0.3	0.0	1	80459	n/a
39.294921875	0.3	0.0	1	80476	n/a
39.30322265625	0.3	1.0	2	80493	n/a
39.3115234375	0.3	1.0	2	80510	n/a
39.3203125	0.3	0.0	1	80528	n/a
39.32861328125	0.3	1.0	2	80545	n/a
39.3369140625	0.3	0.0	1	80562	n/a
39.34521484375	0.3	0.0	1	80579	n/a
39.353515625	0.3	1.0	2	80596	n/a
39.36181640625	0.3	0.0	1	80613	n/a
39.3701171875	0.3	1.0	2	80630	n/a
39.37841796875	0.3	0.0	1	80647	n/a
39.38671875	0.3	1.0	2	80664	n/a
39.39501953125	0.3	1.0	2	80681	n/a
39.4033203125	0.3	0.0	1	80698	n/a
39.41162109375	0.3	1.0	2	80715	n/a
39.419921875	0.3	0.0	1	80732	n/a
39.42822265625	0.3	1.0	2	80749	n/a
39.4365234375	0.3	0.0	1	80766	n/a
39.4453125	0.3	0.0	1	80784	n/a
39.45361328125	0.3	1.0	2	80801	n/a
39.4619140625	0.3	1.0	2	80818	n/a
39.47021484375	0.3	0.0	1	80835	n/a
39.478515625	0.3	1.0	2	80852	n/a
39.48681640625	0.3	0.0	1	80869	n/a
39.4951171875	0.3	1.0	2	80886	n/a
39.50341796875	0.3	0.0	1	80903	n/a
39.51171875	0.3	1.0	2	80920	n/a
39.52001953125	0.3	0.0	1	80937	n/a
39.5283203125	0.3	1.0	2	80954	n/a
39.53662109375	0.3	0.0	1	80971	n/a
39.544921875	0.3	1.0	2	80988	n/a
39.55322265625	0.3	0.0	1	81005	n/a
39.5615234375	0.3	1.0	2	81022	n/a
39.5703125	0.3	0.0	1	81040	n/a
39.57861328125	0.3	0.0	1	81057	n/a
39.5869140625	0.3	1.0	2	81074	n/a
39.59521484375	0.3	0.0	1	81091	n/a
39.603515625	0.3	1.0	2	81108	n/a
39.61181640625	0.3	1.0	2	81125	n/a
39.6201171875	0.3	0.0	1	81142	n/a
39.62841796875	0.3	1.0	2	81159	n/a
39.63671875	0.3	0.0	1	81176	n/a
39.64501953125	0.3	1.0	2	81193	n/a
39.6533203125	0.3	0.0	1	81210	n/a
39.66162109375	0.3	1.0	2	81227	n/a
39.669921875	0.3	0.0	1	81244	n/a
39.67822265625	0.3	1.0	2	81261	n/a
39.6865234375	0.3	0.0	1	81278	n/a
39.6953125	0.3	0.0	1	81296	n/a
39.70361328125	0.3	1.0	2	81313	n/a
39.7119140625	0.3	0.0	1	81330	n/a
39.72021484375	0.3	1.0	2	81347	n/a
39.728515625	0.3	1.0	2	81364	n/a
39.73681640625	0.3	0.0	1	81381	n/a
39.7451171875	0.3	1.0	2	81398	n/a
39.75341796875	0.3	0.0	1	81415	n/a
39.76171875	0.3	1.0	2	81432	n/a
39.77001953125	0.3	0.0	1	81449	n/a
39.7783203125	0.3	0.0	1	81466	n/a
39.78662109375	0.3	1.0	2	81483	n/a
39.794921875	0.3	0.0	1	81500	n/a
39.80322265625	0.3	1.0	2	81517	n/a
39.8115234375	0.3	1.0	2	81534	n/a
39.8203125	0.3	0.0	1	81552	n/a
39.82861328125	0.3	0.0	1	81569	n/a
39.8369140625	0.3	1.0	2	81586	n/a
39.84521484375	0.3	1.0	2	81603	n/a
39.853515625	0.3	0.0	1	81620	n/a
39.86181640625	0.3	0.0	1	81637	n/a
39.8701171875	0.3	1.0	2	81654	n/a
39.87841796875	0.3	1.0	2	81671	n/a
39.88671875	0.3	0.0	1	81688	n/a
39.89501953125	0.3	0.0	1	81705	n/a
39.9033203125	0.3	1.0	2	81722	n/a
39.91162109375	0.3	0.0	1	81739	n/a
39.919921875	0.3	1.0	2	81756	n/a
39.92822265625	0.3	1.0	2	81773	n/a
39.9365234375	0.3	0.0	1	81790	n/a
39.9453125	0.3	0.0	1	81808	n/a
39.95361328125	0.3	1.0	2	81825	n/a
39.9619140625	0.3	1.0	2	81842	n/a
39.97021484375	0.3	0.0	1	81859	n/a
39.978515625	0.3	1.0	2	81876	n/a
39.98681640625	0.3	0.0	1	81893	n/a
39.9951171875	0.3	0.0	1	81910	n/a
40.00341796875	0.3	1.0	2	81927	n/a
40.01171875	0.3	1.0	2	81944	n/a
40.02001953125	0.3	0.0	1	81961	n/a
40.0283203125	0.3	1.0	2	81978	n/a
40.03662109375	0.3	0.0	1	81995	n/a
40.044921875	0.3	1.0	2	82012	n/a
40.05322265625	0.3	0.0	1	82029	n/a
40.0615234375	0.3	1.0	2	82046	n/a
40.0703125	0.3	0.0	1	82064	n/a
40.07861328125	0.3	0.0	1	82081	n/a
40.0869140625	0.3	1.0	2	82098	n/a
40.09521484375	0.3	1.0	2	82115	n/a
40.103515625	0.3	0.0	1	82132	n/a
40.11181640625	0.3	1.0	2	82149	n/a
40.1201171875	0.3	0.0	1	82166	n/a
40.12841796875	0.3	0.0	1	82183	n/a
40.13671875	0.3	1.0	2	82200	n/a
40.14501953125	0.3	1.0	2	82217	n/a
40.1533203125	0.3	0.0	1	82234	n/a
40.16162109375	0.3	1.0	2	82251	n/a
40.169921875	0.3	0.0	1	82268	n/a
40.17822265625	0.3	0.0	1	82285	n/a
40.1865234375	0.3	1.0	2	82302	n/a
40.1953125	0.3	1.0	2	82320	n/a
40.20361328125	0.3	0.0	1	82337	n/a
40.2119140625	0.3	0.0	1	82354	n/a
40.22021484375	0.3	1.0	2	82371	n/a
40.228515625	0.3	1.0	2	82388	n/a
40.23681640625	0.3	0.0	1	82405	n/a
40.2451171875	0.3	0.0	1	82422	n/a
40.25341796875	0.3	1.0	2	82439	n/a
40.26171875	0.3	0.0	1	82456	n/a
40.27001953125	0.3	1.0	2	82473	n/a
40.2783203125	0.3	0.0	1	82490	n/a
40.28662109375	0.3	1.0	2	82507	n/a
40.294921875	0.3	1.0	2	82524	n/a
40.30322265625	0.3	0.0	1	82541	n/a
40.3115234375	0.3	1.0	2	82558	n/a
40.3203125	0.3	0.0	1	82576	n/a
40.32861328125	0.3	1.0	2	82593	n/a
40.3369140625	0.3	0.0	1	82610	n/a
40.34521484375	0.3	0.0	1	82627	n/a
40.353515625	0.3	1.0	2	82644	n/a
40.36181640625	0.3	1.0	2	82661	n/a
40.3701171875	0.3	0.0	1	82678	n/a
40.37841796875	0.3	1.0	2	82695	n/a
40.38671875	0.3	0.0	1	82712	n/a
40.39501953125	0.3	0.0	1	82729	n/a
40.4033203125	0.3	1.0	2	82746	n/a
40.41162109375	0.3	0.0	1	82763	n/a
40.419921875	0.3	1.0	2	82780	n/a
40.42822265625	0.3	0.0	1	82797	n/a
40.4365234375	0.3	1.0	2	82814	n/a
40.4453125	0.3	1.0	2	82832	n/a
40.45361328125	0.3	0.0	1	82849	n/a
40.4619140625	0.3	1.0	2	82866	n/a
40.47021484375	0.3	0.0	1	82883	n/a
40.478515625	0.3	1.0	2	82900	n/a
40.48681640625	0.3	0.0	1	82917	n/a
40.4951171875	0.3	0.0	1	82934	n/a
40.50341796875	0.3	1.0	2	82951	n/a
40.51171875	0.3	1.0	2	82968	n/a
40.52001953125	0.3	0.0	1	82985	n/a
40.5283203125	0.3	1.0	2	83002	n/a
40.53662109375	0.3	0.0	1	83019	n/a
40.544921875	0.3	1.0	2	83036	n/a
40.55322265625	0.3	0.0	1	83053	n/a
40.5615234375	0.3	1.0	2	83070	n/a
40.5703125	0.3	0.0	1	83088	n/a
40.57861328125	0.3	1.0	2	83105	n/a
40.5869140625	0.3	0.0	1	83122	n/a
40.59521484375	0.3	1.0	2	83139	n/a
40.603515625	0.3	0.0	1	83156	n/a
40.61181640625	0.3	1.0	2	83173	n/a
40.6201171875	0.3	0.0	1	83190	n/a
40.62841796875	0.3	0.0	1	83207	n/a
40.63671875	0.3	1.0	2	83224	n/a
40.64501953125	0.3	0.0	1	83241	n/a
40.6533203125	0.3	1.0	2	83258	n/a
40.66162109375	0.3	1.0	2	83275	n/a
40.669921875	0.3	0.0	1	83292	n/a
40.67822265625	0.3	1.0	2	83309	n/a
40.6865234375	0.3	0.0	1	83326	n/a
40.6953125	0.3	1.0	2	83344	n/a
40.70361328125	0.3	0.0	1	83361	n/a
40.7119140625	0.3	1.0	2	83378	n/a
40.72021484375	0.3	0.0	1	83395	n/a
40.728515625	0.3	1.0	2	83412	n/a
40.73681640625	0.3	0.0	1	83429	n/a
40.7451171875	0.3	0.0	1	83446	n/a
40.75341796875	0.3	1.0	2	83463	n/a
40.76171875	0.3	0.0	1	83480	n/a
40.77001953125	0.3	1.0	2	83497	n/a
40.7783203125	0.3	1.0	2	83514	n/a
40.78662109375	0.3	0.0	1	83531	n/a
40.794921875	0.3	1.0	2	83548	n/a
40.80322265625	0.3	0.0	1	83565	n/a
40.8115234375	0.3	1.0	2	83582	n/a
40.8203125	0.3	0.0	1	83600	n/a
40.82861328125	0.3	0.0	1	83617	n/a
40.8369140625	0.3	1.0	2	83634	n/a
40.84521484375	0.3	0.0	1	83651	n/a
40.853515625	0.3	1.0	2	83668	n/a
40.86181640625	0.3	1.0	2	83685	n/a
40.8701171875	0.3	0.0	1	83702	n/a
40.87841796875	0.3	0.0	1	83719	n/a
40.88671875	0.3	1.0	2	83736	n/a
40.89501953125	0.3	1.0	2	83753	n/a
40.9033203125	0.3	0.0	1	83770	n/a
40.91162109375	0.3	0.0	1	83787	n/a
40.919921875	0.3	1.0	2	83804	n/a
40.92822265625	0.3	1.0	2	83821	n/a
40.9365234375	0.3	0.0	1	83838	n/a
40.9453125	0.3	0.0	1	83856	n/a
40.95361328125	0.3	1.0	2	83873	n/a
40.9619140625	0.3	0.0	1	83890	n/a
40.97021484375	0.3	1.0	2	83907	n/a
40.978515625	0.3	1.0	2	83924	n/a
40.98681640625	0.3	0.0	1	83941	n/a
40.9951171875	0.3	0.0	1	83958	n/a
41.00341796875	0.3	1.0	2	83975	n/a
41.01171875	0.3	1.0	2	83992	n/a
41.02001953125	0.3	0.0	1	84009	n/a
41.0283203125	0.3	1.0	2	84026	n/a
41.03662109375	0.3	0.0	1	84043	n/a
41.044921875	0.3	0.0	1	84060	n/a
41.05322265625	0.3	1.0	2	84077	n/a
41.0615234375	0.3	1.0	2	84094	n/a
41.0703125	0.3	0.0	1	84112	n/a
41.07861328125	0.3	1.0	2	84129	n/a
41.0869140625	0.3	0.0	1	84146	n/a
41.09521484375	0.3	1.0	2	84163	n/a
41.103515625	0.3	0.0	1	84180	n/a
41.11181640625	0.3	1.0	2	84197	n/a
41.1201171875	0.3	0.0	1	84214	n/a
41.12841796875	0.3	0.0	1	84231	n/a
41.13671875	0.3	1.0	2	84248	n/a
41.14501953125	0.3	1.0	2	84265	n/a
41.1533203125	0.3	0.0	1	84282	n/a
41.16162109375	0.3	1.0	2	84299	n/a
41.169921875	0.3	0.0	1	84316	n/a
41.17822265625	0.3	0.0	1	84333	n/a
41.1865234375	0.3	1.0	2	84350	n/a
41.1953125	0.3	1.0	2	84368	n/a
41.20361328125	0.3	0.0	1	84385	n/a
41.2119140625	0.3	1.0	2	84402	n/a
41.22021484375	0.3	0.0	1	84419	n/a
41.228515625	0.3	0.0	1	84436	n/a
41.23681640625	0.3	1.0	2	84453	n/a
41.2451171875	0.3	1.0	2	84470	n/a
41.25341796875	0.3	0.0	1	84487	n/a
41.26171875	0.3	0.0	1	84504	n/a
41.27001953125	0.3	1.0	2	84521	n/a
41.2783203125	0.3	1.0	2	84538	n/a
41.28662109375	0.3	0.0	1	84555	n/a
41.294921875	0.3	0.0	1	84572	n/a
41.30322265625	0.3	1.0	2	84589	n/a
41.3115234375	0.3	0.0	1	84606	n/a
41.3203125	0.3	1.0	2	84624	n/a
41.32861328125	0.3	0.0	1	84641	n/a
41.3369140625	0.3	1.0	2	84658	n/a
41.34521484375	0.3	1.0	2	84675	n/a
41.353515625	0.3	0.0	1	84692	n/a
41.36181640625	0.3	1.0	2	84709	n/a
41.3701171875	0.3	0.0	1	84726	n/a
41.37841796875	0.3	1.0	2	84743	n/a
41.38671875	0.3	0.0	1	84760	n/a
41.39501953125	0.3	0.0	1	84777	n/a
41.4033203125	0.3	1.0	2	84794	n/a
41.41162109375	0.3	1.0	2	84811	n/a
41.419921875	0.3	0.0	1	84828	n/a
41.42822265625	0.3	1.0	2	84845	n/a
41.4365234375	0.3	0.0	1	84862	n/a
41.4453125	0.3	0.0	1	84880	n/a
41.45361328125	0.3	1.0	2	84897	n/a
41.4619140625	0.3	0.0	1	84914	n/a
41.47021484375	0.3	1.0	2	84931	n/a
41.478515625	0.3	0.0	1	84948	n/a
41.48681640625	0.3	1.0	2	84965	n/a
41.4951171875	0.3	1.0	2	84982	n/a
41.50341796875	0.3	0.0	1	84999	n/a
41.51171875	0.3	1.0	2	85016	n/a
41.52001953125	0.3	0.0	1	85033	n/a
41.5283203125	0.3	1.0	2	85050	n/a
41.53662109375	0.3	0.0	1	85067	n/a
41.544921875	0.3	0.0	1	85084	n/a
41.55322265625	0.3	1.0	2	85101	n/a
41.5615234375	0.3	1.0	2	85118	n/a
41.5703125	0.3	0.0	1	85136	n/a
41.57861328125	0.3	1.0	2	85153	n/a
41.5869140625	0.3	0.0	1	85170	n/a
41.59521484375	0.3	1.0	2	85187	n/a
41.603515625	0.3	0.0	1	85204	n/a
41.61181640625	0.3	1.0	2	85221	n/a
41.6201171875	0.3	0.0	1	85238	n/a
41.62841796875	0.3	1.0	2	85255	n/a
41.63671875	0.3	0.0	1	85272	n/a
41.64501953125	0.3	1.0	2	85289	n/a
41.6533203125	0.3	0.0	1	85306	n/a
41.66162109375	0.3	1.0	2	85323	n/a
41.669921875	0.3	0.0	1	85340	n/a
41.67822265625	0.3	0.0	1	85357	n/a
41.6865234375	0.3	1.0	2	85374	n/a
41.6953125	0.3	0.0	1	85392	n/a
41.70361328125	0.3	1.0	2	85409	n/a
41.7119140625	0.3	1.0	2	85426	n/a
41.72021484375	0.3	0.0	1	85443	n/a
41.728515625	0.3	1.0	2	85460	n/a
41.73681640625	0.3	0.0	1	85477	n/a
41.7451171875	0.3	1.0	2	85494	n/a
41.75341796875	0.3	0.0	1	85511	n/a
41.76171875	0.3	1.0	2	85528	n/a
41.77001953125	0.3	0.0	1	85545	n/a
41.7783203125	0.3	1.0	2	85562	n/a
41.78662109375	0.3	0.0	1	85579	n/a
41.794921875	0.3	0.0	1	85596	n/a
41.80322265625	0.3	1.0	2	85613	n/a
41.8115234375	0.3	0.0	1	85630	n/a
41.8203125	0.3	1.0	2	85648	n/a
41.82861328125	0.3	1.0	2	85665	n/a
41.8369140625	0.3	0.0	1	85682	n/a
41.84521484375	0.3	1.0	2	85699	n/a
41.853515625	0.3	0.0	1	85716	n/a
41.86181640625	0.3	1.0	2	85733	n/a
41.8701171875	0.3	0.0	1	85750	n/a
41.87841796875	0.3	0.0	1	85767	n/a
41.88671875	0.3	1.0	2	85784	n/a
41.89501953125	0.3	0.0	1	85801	n/a
41.9033203125	0.3	1.0	2	85818	n/a
41.91162109375	0.3	1.0	2	85835	n/a
41.919921875	0.3	0.0	1	85852	n/a
41.92822265625	0.3	0.0	1	85869	n/a
41.9365234375	0.3	1.0	2	85886	n/a
41.9453125	0.3	1.0	2	85904	n/a
41.95361328125	0.3	0.0	1	85921	n/a
41.9619140625	0.3	0.0	1	85938	n/a
41.97021484375	0.3	1.0	2	85955	n/a
41.978515625	0.3	1.0	2	85972	n/a
41.98681640625	0.3	0.0	1	85989	n/a
41.9951171875	0.3	0.0	1	86006	n/a
42.00341796875	0.3	1.0	2	86023	n/a
42.01171875	0.3	0.0	1	86040	n/a
42.02001953125	0.3	1.0	2	86057	n/a
42.0283203125	0.3	1.0	2	86074	n/a
42.03662109375	0.3	0.0	1	86091	n/a
42.044921875	0.3	0.0	1	86108	n/a
42.05322265625	0.3	1.0	2	86125	n/a
42.0615234375	0.3	1.0	2	86142	n/a
42.0703125	0.3	0.0	1	86160	n/a
44.45458984375	0.3	1.0	2	91043	18.0
44.462890625	0.3	0.0	1	91060	n/a
44.47119140625	0.3	1.0	2	91077	n/a
44.4794921875	0.3	0.0	1	91094	n/a
44.48779296875	0.3	1.0	2	91111	n/a
44.49609375	0.3	0.0	1	91128	n/a
44.50439453125	0.3	0.0	1	91145	n/a
44.5126953125	0.3	1.0	2	91162	n/a
44.521484375	0.3	1.0	2	91180	n/a
44.52978515625	0.3	0.0	1	91197	n/a
44.5380859375	0.3	0.0	1	91214	n/a
44.54638671875	0.3	1.0	2	91231	n/a
44.5546875	0.3	0.0	1	91248	n/a
44.56298828125	0.3	1.0	2	91265	n/a
44.5712890625	0.3	1.0	2	91282	n/a
44.57958984375	0.3	0.0	1	91299	n/a
44.587890625	0.3	1.0	2	91316	n/a
44.59619140625	0.3	0.0	1	91333	n/a
44.6044921875	0.3	1.0	2	91350	n/a
44.61279296875	0.3	0.0	1	91367	n/a
44.62109375	0.3	0.0	1	91384	n/a
44.62939453125	0.3	1.0	2	91401	n/a
44.6376953125	0.3	1.0	2	91418	n/a
44.646484375	0.3	0.0	1	91436	n/a
44.65478515625	0.3	0.0	1	91453	n/a
44.6630859375	0.3	1.0	2	91470	n/a
44.67138671875	0.3	0.0	1	91487	n/a
44.6796875	0.3	1.0	2	91504	n/a
44.68798828125	0.3	1.0	2	91521	n/a
44.6962890625	0.3	0.0	1	91538	n/a
44.70458984375	0.3	0.0	1	91555	n/a
44.712890625	0.3	1.0	2	91572	n/a
44.72119140625	0.3	1.0	2	91589	n/a
44.7294921875	0.3	0.0	1	91606	n/a
44.73779296875	0.3	0.0	1	91623	n/a
44.74609375	0.3	1.0	2	91640	n/a
44.75439453125	0.3	1.0	2	91657	n/a
44.7626953125	0.3	0.0	1	91674	n/a
44.771484375	0.3	0.0	1	91692	n/a
44.77978515625	0.3	1.0	2	91709	n/a
44.7880859375	0.3	0.0	1	91726	n/a
44.79638671875	0.3	1.0	2	91743	n/a
44.8046875	0.3	1.0	2	91760	n/a
44.81298828125	0.3	0.0	1	91777	n/a
44.8212890625	0.3	1.0	2	91794	n/a
44.82958984375	0.3	0.0	1	91811	n/a
44.837890625	0.3	1.0	2	91828	n/a
44.84619140625	0.3	0.0	1	91845	n/a
44.8544921875	0.3	0.0	1	91862	n/a
44.86279296875	0.3	1.0	2	91879	n/a
44.87109375	0.3	1.0	2	91896	n/a
44.87939453125	0.3	0.0	1	91913	n/a
44.8876953125	0.3	0.0	1	91930	n/a
44.896484375	0.3	1.0	2	91948	n/a
44.90478515625	0.3	1.0	2	91965	n/a
44.9130859375	0.3	0.0	1	91982	n/a
44.92138671875	0.3	1.0	2	91999	n/a
44.9296875	0.3	0.0	1	92016	n/a
44.93798828125	0.3	1.0	2	92033	n/a
44.9462890625	0.3	0.0	1	92050	n/a
44.95458984375	0.3	0.0	1	92067	n/a
44.962890625	0.3	1.0	2	92084	n/a
44.97119140625	0.3	1.0	2	92101	n/a
44.9794921875	0.3	0.0	1	92118	n/a
44.98779296875	0.3	1.0	2	92135	n/a
44.99609375	0.3	0.0	1	92152	n/a
45.00439453125	0.3	0.0	1	92169	n/a
45.0126953125	0.3	1.0	2	92186	n/a
45.021484375	0.3	0.0	1	92204	n/a
45.02978515625	0.3	1.0	2	92221	n/a
45.0380859375	0.3	1.0	2	92238	n/a
45.04638671875	0.3	0.0	1	92255	n/a
45.0546875	0.3	1.0	2	92272	n/a
45.06298828125	0.3	0.0	1	92289	n/a
45.0712890625	0.3	1.0	2	92306	n/a
45.07958984375	0.3	0.0	1	92323	n/a
45.087890625	0.3	0.0	1	92340	n/a
45.09619140625	0.3	1.0	2	92357	n/a
45.1044921875	0.3	0.0	1	92374	n/a
45.11279296875	0.3	1.0	2	92391	n/a
45.12109375	0.3	0.0	1	92408	n/a
45.12939453125	0.3	1.0	2	92425	n/a
45.1376953125	0.3	0.0	1	92442	n/a
45.146484375	0.3	1.0	2	92460	n/a
45.15478515625	0.3	1.0	2	92477	n/a
45.1630859375	0.3	0.0	1	92494	n/a
45.17138671875	0.3	1.0	2	92511	n/a
45.1796875	0.3	0.0	1	92528	n/a
45.18798828125	0.3	1.0	2	92545	n/a
45.1962890625	0.3	0.0	1	92562	n/a
45.20458984375	0.3	1.0	2	92579	n/a
45.212890625	0.3	0.0	1	92596	n/a
45.22119140625	0.3	1.0	2	92613	n/a
45.2294921875	0.3	0.0	1	92630	n/a
45.23779296875	0.3	1.0	2	92647	n/a
45.24609375	0.3	0.0	1	92664	n/a
45.25439453125	0.3	0.0	1	92681	n/a
45.2626953125	0.3	1.0	2	92698	n/a
45.271484375	0.3	1.0	2	92716	n/a
45.27978515625	0.3	0.0	1	92733	n/a
45.2880859375	0.3	1.0	2	92750	n/a
45.29638671875	0.3	0.0	1	92767	n/a
45.3046875	0.3	0.0	1	92784	n/a
45.31298828125	0.3	1.0	2	92801	n/a
45.3212890625	0.3	0.0	1	92818	n/a
45.32958984375	0.3	1.0	2	92835	n/a
45.337890625	0.3	1.0	2	92852	n/a
45.34619140625	0.3	0.0	1	92869	n/a
45.3544921875	0.3	1.0	2	92886	n/a
45.36279296875	0.3	0.0	1	92903	n/a
45.37109375	0.3	1.0	2	92920	n/a
45.37939453125	0.3	0.0	1	92937	n/a
45.3876953125	0.3	1.0	2	92954	n/a
45.396484375	0.3	0.0	1	92972	n/a
45.40478515625	0.3	0.0	1	92989	n/a
45.4130859375	0.3	1.0	2	93006	n/a
45.42138671875	0.3	1.0	2	93023	n/a
45.4296875	0.3	0.0	1	93040	n/a
45.43798828125	0.3	1.0	2	93057	n/a
45.4462890625	0.3	0.0	1	93074	n/a
45.45458984375	0.3	0.0	1	93091	n/a
45.462890625	0.3	1.0	2	93108	n/a
45.47119140625	0.3	1.0	2	93125	n/a
45.4794921875	0.3	0.0	1	93142	n/a
45.48779296875	0.3	1.0	2	93159	n/a
45.49609375	0.3	0.0	1	93176	n/a
45.50439453125	0.3	1.0	2	93193	n/a
45.5126953125	0.3	0.0	1	93210	n/a
45.521484375	0.3	1.0	2	93228	n/a
45.52978515625	0.3	0.0	1	93245	n/a
45.5380859375	0.3	1.0	2	93262	n/a
45.54638671875	0.3	0.0	1	93279	n/a
45.5546875	0.3	0.0	1	93296	n/a
45.56298828125	0.3	1.0	2	93313	n/a
45.5712890625	0.3	1.0	2	93330	n/a
45.57958984375	0.3	0.0	1	93347	n/a
45.587890625	0.3	0.0	1	93364	n/a
45.59619140625	0.3	1.0	2	93381	n/a
45.6044921875	0.3	0.0	1	93398	n/a
45.61279296875	0.3	1.0	2	93415	n/a
45.62109375	0.3	1.0	2	93432	n/a
45.62939453125	0.3	0.0	1	93449	n/a
45.6376953125	0.3	1.0	2	93466	n/a
45.646484375	0.3	0.0	1	93484	n/a
45.65478515625	0.3	1.0	2	93501	n/a
45.6630859375	0.3	0.0	1	93518	n/a
45.67138671875	0.3	0.0	1	93535	n/a
45.6796875	0.3	1.0	2	93552	n/a
45.68798828125	0.3	1.0	2	93569	n/a
45.6962890625	0.3	0.0	1	93586	n/a
45.70458984375	0.3	0.0	1	93603	n/a
45.712890625	0.3	1.0	2	93620	n/a
45.72119140625	0.3	0.0	1	93637	n/a
45.7294921875	0.3	1.0	2	93654	n/a
45.73779296875	0.3	1.0	2	93671	n/a
45.74609375	0.3	0.0	1	93688	n/a
45.75439453125	0.3	0.0	1	93705	n/a
45.7626953125	0.3	1.0	2	93722	n/a
45.771484375	0.3	1.0	2	93740	n/a
45.77978515625	0.3	0.0	1	93757	n/a
45.7880859375	0.3	0.0	1	93774	n/a
45.79638671875	0.3	1.0	2	93791	n/a
45.8046875	0.3	1.0	2	93808	n/a
45.81298828125	0.3	0.0	1	93825	n/a
45.8212890625	0.3	0.0	1	93842	n/a
45.82958984375	0.3	1.0	2	93859	n/a
45.837890625	0.3	0.0	1	93876	n/a
45.84619140625	0.3	1.0	2	93893	n/a
45.8544921875	0.3	1.0	2	93910	n/a
45.86279296875	0.3	0.0	1	93927	n/a
45.87109375	0.3	1.0	2	93944	n/a
45.87939453125	0.3	0.0	1	93961	n/a
45.8876953125	0.3	1.0	2	93978	n/a
45.896484375	0.3	0.0	1	93996	n/a
45.90478515625	0.3	0.0	1	94013	n/a
45.9130859375	0.3	1.0	2	94030	n/a
45.92138671875	0.3	1.0	2	94047	n/a
45.9296875	0.3	0.0	1	94064	n/a
45.93798828125	0.3	0.0	1	94081	n/a
45.9462890625	0.3	1.0	2	94098	n/a
45.95458984375	0.3	1.0	2	94115	n/a
45.962890625	0.3	0.0	1	94132	n/a
45.97119140625	0.3	1.0	2	94149	n/a
45.9794921875	0.3	0.0	1	94166	n/a
45.98779296875	0.3	1.0	2	94183	n/a
45.99609375	0.3	0.0	1	94200	n/a
46.00439453125	0.3	0.0	1	94217	n/a
46.0126953125	0.3	1.0	2	94234	n/a
46.021484375	0.3	1.0	2	94252	n/a
46.02978515625	0.3	0.0	1	94269	n/a
46.0380859375	0.3	1.0	2	94286	n/a
46.04638671875	0.3	0.0	1	94303	n/a
46.0546875	0.3	0.0	1	94320	n/a
46.06298828125	0.3	1.0	2	94337	n/a
46.0712890625	0.3	0.0	1	94354	n/a
46.07958984375	0.3	1.0	2	94371	n/a
46.087890625	0.3	1.0	2	94388	n/a
46.09619140625	0.3	0.0	1	94405	n/a
46.1044921875	0.3	1.0	2	94422	n/a
46.11279296875	0.3	0.0	1	94439	n/a
46.12109375	0.3	1.0	2	94456	n/a
46.12939453125	0.3	0.0	1	94473	n/a
46.1376953125	0.3	0.0	1	94490	n/a
46.146484375	0.3	1.0	2	94508	n/a
46.15478515625	0.3	0.0	1	94525	n/a
46.1630859375	0.3	1.0	2	94542	n/a
46.17138671875	0.3	0.0	1	94559	n/a
46.1796875	0.3	1.0	2	94576	n/a
46.18798828125	0.3	0.0	1	94593	n/a
46.1962890625	0.3	1.0	2	94610	n/a
46.20458984375	0.3	1.0	2	94627	n/a
46.212890625	0.3	0.0	1	94644	n/a
46.22119140625	0.3	1.0	2	94661	n/a
46.2294921875	0.3	0.0	1	94678	n/a
46.23779296875	0.3	1.0	2	94695	n/a
46.24609375	0.3	0.0	1	94712	n/a
46.25439453125	0.3	1.0	2	94729	n/a
46.2626953125	0.3	0.0	1	94746	n/a
46.271484375	0.3	1.0	2	94764	n/a
46.27978515625	0.3	0.0	1	94781	n/a
46.2880859375	0.3	1.0	2	94798	n/a
46.29638671875	0.3	0.0	1	94815	n/a
46.3046875	0.3	0.0	1	94832	n/a
46.31298828125	0.3	1.0	2	94849	n/a
46.3212890625	0.3	1.0	2	94866	n/a
46.32958984375	0.3	0.0	1	94883	n/a
46.337890625	0.3	1.0	2	94900	n/a
46.34619140625	0.3	0.0	1	94917	n/a
46.3544921875	0.3	0.0	1	94934	n/a
46.36279296875	0.3	1.0	2	94951	n/a
46.37109375	0.3	0.0	1	94968	n/a
46.37939453125	0.3	1.0	2	94985	n/a
46.3876953125	0.3	1.0	2	95002	n/a
46.396484375	0.3	0.0	1	95020	n/a
46.40478515625	0.3	1.0	2	95037	n/a
46.4130859375	0.3	0.0	1	95054	n/a
46.42138671875	0.3	1.0	2	95071	n/a
46.4296875	0.3	0.0	1	95088	n/a
46.43798828125	0.3	1.0	2	95105	n/a
46.4462890625	0.3	0.0	1	95122	n/a
46.45458984375	0.3	0.0	1	95139	n/a
46.462890625	0.3	1.0	2	95156	n/a
46.47119140625	0.3	1.0	2	95173	n/a
46.4794921875	0.3	0.0	1	95190	n/a
46.48779296875	0.3	1.0	2	95207	n/a
46.49609375	0.3	0.0	1	95224	n/a
46.50439453125	0.3	0.0	1	95241	n/a
46.5126953125	0.3	1.0	2	95258	n/a
46.521484375	0.3	1.0	2	95276	n/a
46.52978515625	0.3	0.0	1	95293	n/a
46.5380859375	0.3	1.0	2	95310	n/a
46.54638671875	0.3	0.0	1	95327	n/a
46.5546875	0.3	1.0	2	95344	n/a
46.56298828125	0.3	0.0	1	95361	n/a
46.5712890625	0.3	1.0	2	95378	n/a
46.57958984375	0.3	0.0	1	95395	n/a
46.587890625	0.3	1.0	2	95412	n/a
46.59619140625	0.3	0.0	1	95429	n/a
46.6044921875	0.3	0.0	1	95446	n/a
46.61279296875	0.3	1.0	2	95463	n/a
46.62109375	0.3	1.0	2	95480	n/a
46.62939453125	0.3	0.0	1	95497	n/a
46.6376953125	0.3	0.0	1	95514	n/a
46.646484375	0.3	1.0	2	95532	n/a
46.65478515625	0.3	0.0	1	95549	n/a
46.6630859375	0.3	1.0	2	95566	n/a
46.67138671875	0.3	1.0	2	95583	n/a
46.6796875	0.3	0.0	1	95600	n/a
46.68798828125	0.3	1.0	2	95617	n/a
46.6962890625	0.3	0.0	1	95634	n/a
46.70458984375	0.3	1.0	2	95651	n/a
46.712890625	0.3	0.0	1	95668	n/a
46.72119140625	0.3	0.0	1	95685	n/a
46.7294921875	0.3	1.0	2	95702	n/a
46.73779296875	0.3	1.0	2	95719	n/a
46.74609375	0.3	0.0	1	95736	n/a
46.75439453125	0.3	0.0	1	95753	n/a
46.7626953125	0.3	1.0	2	95770	n/a
46.771484375	0.3	0.0	1	95788	n/a
46.77978515625	0.3	1.0	2	95805	n/a
46.7880859375	0.3	1.0	2	95822	n/a
46.79638671875	0.3	0.0	1	95839	n/a
46.8046875	0.3	0.0	1	95856	n/a
46.81298828125	0.3	1.0	2	95873	n/a
46.8212890625	0.3	1.0	2	95890	n/a
46.82958984375	0.3	0.0	1	95907	n/a
46.837890625	0.3	0.0	1	95924	n/a
46.84619140625	0.3	1.0	2	95941	n/a
46.8544921875	0.3	1.0	2	95958	n/a
46.86279296875	0.3	0.0	1	95975	n/a
46.87109375	0.3	0.0	1	95992	n/a
46.87939453125	0.3	1.0	2	96009	n/a
46.8876953125	0.3	0.0	1	96026	n/a
46.896484375	0.3	1.0	2	96044	n/a
46.90478515625	0.3	1.0	2	96061	n/a
46.9130859375	0.3	0.0	1	96078	n/a
46.92138671875	0.3	1.0	2	96095	n/a
46.9296875	0.3	0.0	1	96112	n/a
46.93798828125	0.3	1.0	2	96129	n/a
46.9462890625	0.3	0.0	1	96146	n/a
46.95458984375	0.3	0.0	1	96163	n/a
46.962890625	0.3	1.0	2	96180	n/a
46.97119140625	0.3	1.0	2	96197	n/a
46.9794921875	0.3	0.0	1	96214	n/a
46.98779296875	0.3	0.0	1	96231	n/a
46.99609375	0.3	1.0	2	96248	n/a
47.00439453125	0.3	1.0	2	96265	n/a
47.0126953125	0.3	0.0	1	96282	n/a
47.021484375	0.3	1.0	2	96300	n/a
47.02978515625	0.3	0.0	1	96317	n/a
47.0380859375	0.3	1.0	2	96334	n/a
47.04638671875	0.3	0.0	1	96351	n/a
47.0546875	0.3	0.0	1	96368	n/a
47.06298828125	0.3	1.0	2	96385	n/a
47.0712890625	0.3	1.0	2	96402	n/a
47.07958984375	0.3	0.0	1	96419	n/a
47.087890625	0.3	1.0	2	96436	n/a
47.09619140625	0.3	0.0	1	96453	n/a
47.1044921875	0.3	0.0	1	96470	n/a
47.11279296875	0.3	1.0	2	96487	n/a
47.12109375	0.3	0.0	1	96504	n/a
47.12939453125	0.3	1.0	2	96521	n/a
47.1376953125	0.3	1.0	2	96538	n/a
47.146484375	0.3	0.0	1	96556	n/a
47.15478515625	0.3	1.0	2	96573	n/a
47.1630859375	0.3	0.0	1	96590	n/a
47.17138671875	0.3	1.0	2	96607	n/a
47.1796875	0.3	0.0	1	96624	n/a
47.18798828125	0.3	0.0	1	96641	n/a
47.1962890625	0.3	1.0	2	96658	n/a
47.20458984375	0.3	0.0	1	96675	n/a
47.212890625	0.3	1.0	2	96692	n/a
47.22119140625	0.3	0.0	1	96709	n/a
47.2294921875	0.3	1.0	2	96726	n/a
47.23779296875	0.3	0.0	1	96743	n/a
47.24609375	0.3	1.0	2	96760	n/a
47.25439453125	0.3	1.0	2	96777	n/a
47.2626953125	0.3	0.0	1	96794	n/a
47.271484375	0.3	1.0	2	96812	n/a
47.27978515625	0.3	0.0	1	96829	n/a
47.2880859375	0.3	1.0	2	96846	n/a
47.29638671875	0.3	0.0	1	96863	n/a
47.3046875	0.3	1.0	2	96880	n/a
47.31298828125	0.3	0.0	1	96897	n/a
47.3212890625	0.3	1.0	2	96914	n/a
47.32958984375	0.3	0.0	1	96931	n/a
47.337890625	0.3	1.0	2	96948	n/a
47.34619140625	0.3	0.0	1	96965	n/a
47.3544921875	0.3	0.0	1	96982	n/a
47.36279296875	0.3	1.0	2	96999	n/a
47.37109375	0.3	1.0	2	97016	n/a
47.37939453125	0.3	0.0	1	97033	n/a
47.3876953125	0.3	1.0	2	97050	n/a
47.396484375	0.3	0.0	1	97068	n/a
47.40478515625	0.3	0.0	1	97085	n/a
47.4130859375	0.3	1.0	2	97102	n/a
47.42138671875	0.3	0.0	1	97119	n/a
47.4296875	0.3	1.0	2	97136	n/a
47.43798828125	0.3	1.0	2	97153	n/a
47.4462890625	0.3	0.0	1	97170	n/a
47.45458984375	0.3	1.0	2	97187	n/a
47.462890625	0.3	0.0	1	97204	n/a
47.47119140625	0.3	1.0	2	97221	n/a
47.4794921875	0.3	0.0	1	97238	n/a
47.48779296875	0.3	1.0	2	97255	n/a
47.49609375	0.3	0.0	1	97272	n/a
47.50439453125	0.3	0.0	1	97289	n/a
47.5126953125	0.3	1.0	2	97306	n/a
47.521484375	0.3	1.0	2	97324	n/a
47.52978515625	0.3	0.0	1	97341	n/a
47.5380859375	0.3	1.0	2	97358	n/a
47.54638671875	0.3	0.0	1	97375	n/a
47.5546875	0.3	0.0	1	97392	n/a
47.56298828125	0.3	1.0	2	97409	n/a
47.5712890625	0.3	1.0	2	97426	n/a
47.57958984375	0.3	0.0	1	97443	n/a
47.587890625	0.3	1.0	2	97460	n/a
47.59619140625	0.3	0.0	1	97477	n/a
47.6044921875	0.3	1.0	2	97494	n/a
47.61279296875	0.3	0.0	1	97511	n/a
47.62109375	0.3	1.0	2	97528	n/a
47.62939453125	0.3	0.0	1	97545	n/a
47.6376953125	0.3	1.0	2	97562	n/a
47.646484375	0.3	0.0	1	97580	n/a
47.65478515625	0.3	0.0	1	97597	n/a
47.6630859375	0.3	1.0	2	97614	n/a
47.67138671875	0.3	1.0	2	97631	n/a
47.6796875	0.3	0.0	1	97648	n/a
47.68798828125	0.3	0.0	1	97665	n/a
47.6962890625	0.3	1.0	2	97682	n/a
47.70458984375	0.3	0.0	1	97699	n/a
47.712890625	0.3	1.0	2	97716	n/a
47.72119140625	0.3	1.0	2	97733	n/a
47.7294921875	0.3	0.0	1	97750	n/a
47.73779296875	0.3	1.0	2	97767	n/a
47.74609375	0.3	0.0	1	97784	n/a
47.75439453125	0.3	1.0	2	97801	n/a
47.7626953125	0.3	0.0	1	97818	n/a
47.771484375	0.3	0.0	1	97836	n/a
47.77978515625	0.3	1.0	2	97853	n/a
47.7880859375	0.3	1.0	2	97870	n/a
47.79638671875	0.3	0.0	1	97887	n/a
47.8046875	0.3	0.0	1	97904	n/a
47.81298828125	0.3	1.0	2	97921	n/a
47.8212890625	0.3	0.0	1	97938	n/a
47.82958984375	0.3	1.0	2	97955	n/a
47.837890625	0.3	1.0	2	97972	n/a
47.84619140625	0.3	0.0	1	97989	n/a
47.8544921875	0.3	0.0	1	98006	n/a
47.86279296875	0.3	1.0	2	98023	n/a
47.87109375	0.3	1.0	2	98040	n/a
47.87939453125	0.3	0.0	1	98057	n/a
47.8876953125	0.3	0.0	1	98074	n/a
47.896484375	0.3	1.0	2	98092	n/a
47.90478515625	0.3	1.0	2	98109	n/a
47.9130859375	0.3	0.0	1	98126	n/a
47.92138671875	0.3	0.0	1	98143	n/a
47.9296875	0.3	1.0	2	98160	n/a
47.93798828125	0.3	0.0	1	98177	n/a
47.9462890625	0.3	1.0	2	98194	n/a
47.95458984375	0.3	1.0	2	98211	n/a
47.962890625	0.3	0.0	1	98228	n/a
47.97119140625	0.3	1.0	2	98245	n/a
47.9794921875	0.3	0.0	1	98262	n/a
47.98779296875	0.3	1.0	2	98279	n/a
47.99609375	0.3	0.0	1	98296	n/a
48.00439453125	0.3	0.0	1	98313	n/a
48.0126953125	0.3	1.0	2	98330	n/a
48.021484375	0.3	1.0	2	98348	n/a
48.02978515625	0.3	0.0	1	98365	n/a
48.0380859375	0.3	0.0	1	98382	n/a
48.04638671875	0.3	1.0	2	98399	n/a
48.0546875	0.3	1.0	2	98416	n/a
48.06298828125	0.3	0.0	1	98433	n/a
48.0712890625	0.3	1.0	2	98450	n/a
48.07958984375	0.3	0.0	1	98467	n/a
48.087890625	0.3	1.0	2	98484	n/a
48.09619140625	0.3	0.0	1	98501	n/a
48.1044921875	0.3	0.0	1	98518	n/a
48.11279296875	0.3	1.0	2	98535	n/a
48.12109375	0.3	1.0	2	98552	n/a
48.12939453125	0.3	0.0	1	98569	n/a
48.1376953125	0.3	1.0	2	98586	n/a
48.146484375	0.3	0.0	1	98604	n/a
48.15478515625	0.3	0.0	1	98621	n/a
48.1630859375	0.3	1.0	2	98638	n/a
48.17138671875	0.3	0.0	1	98655	n/a
48.1796875	0.3	1.0	2	98672	n/a
48.18798828125	0.3	1.0	2	98689	n/a
48.1962890625	0.3	0.0	1	98706	n/a
48.20458984375	0.3	1.0	2	98723	n/a
48.212890625	0.3	0.0	1	98740	n/a
48.22119140625	0.3	1.0	2	98757	n/a
48.2294921875	0.3	0.0	1	98774	n/a
48.23779296875	0.3	0.0	1	98791	n/a
48.24609375	0.3	1.0	2	98808	n/a
48.25439453125	0.3	0.0	1	98825	n/a
48.2626953125	0.3	1.0	2	98842	n/a
48.271484375	0.3	0.0	1	98860	n/a
48.27978515625	0.3	1.0	2	98877	n/a
48.2880859375	0.3	0.0	1	98894	n/a
48.29638671875	0.3	1.0	2	98911	n/a
48.3046875	0.3	1.0	2	98928	n/a
48.31298828125	0.3	0.0	1	98945	n/a
48.3212890625	0.3	1.0	2	98962	n/a
48.32958984375	0.3	0.0	1	98979	n/a
48.337890625	0.3	1.0	2	98996	n/a
48.34619140625	0.3	0.0	1	99013	n/a
48.3544921875	0.3	1.0	2	99030	n/a
48.36279296875	0.3	0.0	1	99047	n/a
48.37109375	0.3	1.0	2	99064	n/a
48.37939453125	0.3	0.0	1	99081	n/a
48.3876953125	0.3	1.0	2	99098	n/a
48.396484375	0.3	0.0	1	99116	n/a
48.40478515625	0.3	0.0	1	99133	n/a
48.4130859375	0.3	1.0	2	99150	n/a
48.42138671875	0.3	1.0	2	99167	n/a
48.4296875	0.3	0.0	1	99184	n/a
48.43798828125	0.3	1.0	2	99201	n/a
48.4462890625	0.3	0.0	1	99218	n/a
48.45458984375	0.3	0.0	1	99235	n/a
48.462890625	0.3	1.0	2	99252	n/a
48.47119140625	0.3	0.0	1	99269	n/a
48.4794921875	0.3	1.0	2	99286	n/a
48.48779296875	0.3	1.0	2	99303	n/a
48.49609375	0.3	0.0	1	99320	n/a
48.50439453125	0.3	1.0	2	99337	n/a
48.5126953125	0.3	0.0	1	99354	n/a
48.521484375	0.3	1.0	2	99372	n/a
48.52978515625	0.3	0.0	1	99389	n/a
48.5380859375	0.3	1.0	2	99406	n/a
48.54638671875	0.3	0.0	1	99423	n/a
48.5546875	0.3	0.0	1	99440	n/a
48.56298828125	0.3	1.0	2	99457	n/a
48.5712890625	0.3	1.0	2	99474	n/a
48.57958984375	0.3	0.0	1	99491	n/a
48.587890625	0.3	1.0	2	99508	n/a
48.59619140625	0.3	0.0	1	99525	n/a
48.6044921875	0.3	0.0	1	99542	n/a
48.61279296875	0.3	1.0	2	99559	n/a
48.62109375	0.3	1.0	2	99576	n/a
48.62939453125	0.3	0.0	1	99593	n/a
48.6376953125	0.3	1.0	2	99610	n/a
48.646484375	0.3	0.0	1	99628	n/a
51.02197265625	0.3	1.0	2	104493	15.0
51.0302734375	0.3	0.0	1	104510	n/a
51.03857421875	0.3	1.0	2	104527	n/a
51.046875	0.3	0.0	1	104544	n/a
51.05517578125	0.3	1.0	2	104561	n/a
51.0634765625	0.3	0.0	1	104578	n/a
51.07177734375	0.3	0.0	1	104595	n/a
51.080078125	0.3	1.0	2	104612	n/a
51.0888671875	0.3	0.0	1	104630	n/a
51.09716796875	0.3	1.0	2	104647	n/a
51.10546875	0.3	1.0	2	104664	n/a
51.11376953125	0.3	0.0	1	104681	n/a
51.1220703125	0.3	1.0	2	104698	n/a
51.13037109375	0.3	0.0	1	104715	n/a
51.138671875	0.3	1.0	2	104732	n/a
51.14697265625	0.3	0.0	1	104749	n/a
51.1552734375	0.3	1.0	2	104766	n/a
51.16357421875	0.3	0.0	1	104783	n/a
51.171875	0.3	1.0	2	104800	n/a
51.18017578125	0.3	0.0	1	104817	n/a
51.1884765625	0.3	0.0	1	104834	n/a
51.19677734375	0.3	1.0	2	104851	n/a
51.205078125	0.3	1.0	2	104868	n/a
51.2138671875	0.3	0.0	1	104886	n/a
51.22216796875	0.3	1.0	2	104903	n/a
51.23046875	0.3	0.0	1	104920	n/a
51.23876953125	0.3	0.0	1	104937	n/a
51.2470703125	0.3	1.0	2	104954	n/a
51.25537109375	0.3	0.0	1	104971	n/a
51.263671875	0.3	1.0	2	104988	n/a
51.27197265625	0.3	1.0	2	105005	n/a
51.2802734375	0.3	0.0	1	105022	n/a
51.28857421875	0.3	0.0	1	105039	n/a
51.296875	0.3	1.0	2	105056	n/a
51.30517578125	0.3	1.0	2	105073	n/a
51.3134765625	0.3	0.0	1	105090	n/a
51.32177734375	0.3	0.0	1	105107	n/a
51.330078125	0.3	1.0	2	105124	n/a
51.3388671875	0.3	1.0	2	105142	n/a
51.34716796875	0.3	0.0	1	105159	n/a
51.35546875	0.3	0.0	1	105176	n/a
51.36376953125	0.3	1.0	2	105193	n/a
51.3720703125	0.3	1.0	2	105210	n/a
51.38037109375	0.3	0.0	1	105227	n/a
51.388671875	0.3	0.0	1	105244	n/a
51.39697265625	0.3	1.0	2	105261	n/a
51.4052734375	0.3	1.0	2	105278	n/a
51.41357421875	0.3	0.0	1	105295	n/a
51.421875	0.3	1.0	2	105312	n/a
51.43017578125	0.3	0.0	1	105329	n/a
51.4384765625	0.3	1.0	2	105346	n/a
51.44677734375	0.3	0.0	1	105363	n/a
51.455078125	0.3	1.0	2	105380	n/a
51.4638671875	0.3	0.0	1	105398	n/a
51.47216796875	0.3	1.0	2	105415	n/a
51.48046875	0.3	0.0	1	105432	n/a
51.48876953125	0.3	1.0	2	105449	n/a
51.4970703125	0.3	0.0	1	105466	n/a
51.50537109375	0.3	1.0	2	105483	n/a
51.513671875	0.3	0.0	1	105500	n/a
51.52197265625	0.3	1.0	2	105517	n/a
51.5302734375	0.3	0.0	1	105534	n/a
51.53857421875	0.3	0.0	1	105551	n/a
51.546875	0.3	1.0	2	105568	n/a
51.55517578125	0.3	1.0	2	105585	n/a
51.5634765625	0.3	0.0	1	105602	n/a
51.57177734375	0.3	0.0	1	105619	n/a
51.580078125	0.3	1.0	2	105636	n/a
51.5888671875	0.3	1.0	2	105654	n/a
51.59716796875	0.3	0.0	1	105671	n/a
51.60546875	0.3	0.0	1	105688	n/a
51.61376953125	0.3	1.0	2	105705	n/a
51.6220703125	0.3	0.0	1	105722	n/a
51.63037109375	0.3	1.0	2	105739	n/a
51.638671875	0.3	0.0	1	105756	n/a
51.64697265625	0.3	1.0	2	105773	n/a
51.6552734375	0.3	0.0	1	105790	n/a
51.66357421875	0.3	1.0	2	105807	n/a
51.671875	0.3	1.0	2	105824	n/a
51.68017578125	0.3	0.0	1	105841	n/a
51.6884765625	0.3	1.0	2	105858	n/a
51.69677734375	0.3	0.0	1	105875	n/a
51.705078125	0.3	1.0	2	105892	n/a
51.7138671875	0.3	0.0	1	105910	n/a
51.72216796875	0.3	1.0	2	105927	n/a
51.73046875	0.3	0.0	1	105944	n/a
51.73876953125	0.3	0.0	1	105961	n/a
51.7470703125	0.3	1.0	2	105978	n/a
51.75537109375	0.3	1.0	2	105995	n/a
51.763671875	0.3	0.0	1	106012	n/a
51.77197265625	0.3	0.0	1	106029	n/a
51.7802734375	0.3	1.0	2	106046	n/a
51.78857421875	0.3	0.0	1	106063	n/a
51.796875	0.3	1.0	2	106080	n/a
51.80517578125	0.3	1.0	2	106097	n/a
51.8134765625	0.3	0.0	1	106114	n/a
51.82177734375	0.3	1.0	2	106131	n/a
51.830078125	0.3	0.0	1	106148	n/a
51.8388671875	0.3	1.0	2	106166	n/a
51.84716796875	0.3	0.0	1	106183	n/a
51.85546875	0.3	1.0	2	106200	n/a
51.86376953125	0.3	0.0	1	106217	n/a
51.8720703125	0.3	1.0	2	106234	n/a
51.88037109375	0.3	0.0	1	106251	n/a
51.888671875	0.3	1.0	2	106268	n/a
51.89697265625	0.3	0.0	1	106285	n/a
51.9052734375	0.3	1.0	2	106302	n/a
51.91357421875	0.3	0.0	1	106319	n/a
51.921875	0.3	0.0	1	106336	n/a
51.93017578125	0.3	1.0	2	106353	n/a
51.9384765625	0.3	0.0	1	106370	n/a
51.94677734375	0.3	1.0	2	106387	n/a
51.955078125	0.3	1.0	2	106404	n/a
51.9638671875	0.3	0.0	1	106422	n/a
51.97216796875	0.3	0.0	1	106439	n/a
51.98046875	0.3	1.0	2	106456	n/a
51.98876953125	0.3	1.0	2	106473	n/a
51.9970703125	0.3	0.0	1	106490	n/a
52.00537109375	0.3	0.0	1	106507	n/a
52.013671875	0.3	1.0	2	106524	n/a
52.02197265625	0.3	0.0	1	106541	n/a
52.0302734375	0.3	1.0	2	106558	n/a
52.03857421875	0.3	1.0	2	106575	n/a
52.046875	0.3	0.0	1	106592	n/a
52.05517578125	0.3	0.0	1	106609	n/a
52.0634765625	0.3	1.0	2	106626	n/a
52.07177734375	0.3	1.0	2	106643	n/a
52.080078125	0.3	0.0	1	106660	n/a
52.0888671875	0.3	1.0	2	106678	n/a
52.09716796875	0.3	0.0	1	106695	n/a
52.10546875	0.3	1.0	2	106712	n/a
52.11376953125	0.3	0.0	1	106729	n/a
52.1220703125	0.3	0.0	1	106746	n/a
52.13037109375	0.3	1.0	2	106763	n/a
52.138671875	0.3	0.0	1	106780	n/a
52.14697265625	0.3	1.0	2	106797	n/a
52.1552734375	0.3	1.0	2	106814	n/a
52.16357421875	0.3	0.0	1	106831	n/a
52.171875	0.3	1.0	2	106848	n/a
52.18017578125	0.3	0.0	1	106865	n/a
52.1884765625	0.3	1.0	2	106882	n/a
52.19677734375	0.3	0.0	1	106899	n/a
52.205078125	0.3	1.0	2	106916	n/a
52.2138671875	0.3	0.0	1	106934	n/a
52.22216796875	0.3	1.0	2	106951	n/a
52.23046875	0.3	0.0	1	106968	n/a
52.23876953125	0.3	0.0	1	106985	n/a
52.2470703125	0.3	1.0	2	107002	n/a
52.25537109375	0.3	1.0	2	107019	n/a
52.263671875	0.3	0.0	1	107036	n/a
52.27197265625	0.3	1.0	2	107053	n/a
52.2802734375	0.3	0.0	1	107070	n/a
52.28857421875	0.3	0.0	1	107087	n/a
52.296875	0.3	1.0	2	107104	n/a
52.30517578125	0.3	0.0	1	107121	n/a
52.3134765625	0.3	1.0	2	107138	n/a
52.32177734375	0.3	1.0	2	107155	n/a
52.330078125	0.3	0.0	1	107172	n/a
52.3388671875	0.3	0.0	1	107190	n/a
52.34716796875	0.3	1.0	2	107207	n/a
52.35546875	0.3	1.0	2	107224	n/a
52.36376953125	0.3	0.0	1	107241	n/a
52.3720703125	0.3	0.0	1	107258	n/a
52.38037109375	0.3	1.0	2	107275	n/a
52.388671875	0.3	1.0	2	107292	n/a
52.39697265625	0.3	0.0	1	107309	n/a
52.4052734375	0.3	0.0	1	107326	n/a
52.41357421875	0.3	1.0	2	107343	n/a
52.421875	0.3	1.0	2	107360	n/a
52.43017578125	0.3	0.0	1	107377	n/a
52.4384765625	0.3	0.0	1	107394	n/a
52.44677734375	0.3	1.0	2	107411	n/a
52.455078125	0.3	1.0	2	107428	n/a
52.4638671875	0.3	0.0	1	107446	n/a
52.47216796875	0.3	1.0	2	107463	n/a
52.48046875	0.3	0.0	1	107480	n/a
52.48876953125	0.3	1.0	2	107497	n/a
52.4970703125	0.3	0.0	1	107514	n/a
52.50537109375	0.3	1.0	2	107531	n/a
52.513671875	0.3	0.0	1	107548	n/a
52.52197265625	0.3	1.0	2	107565	n/a
52.5302734375	0.3	0.0	1	107582	n/a
52.53857421875	0.3	1.0	2	107599	n/a
52.546875	0.3	0.0	1	107616	n/a
52.55517578125	0.3	1.0	2	107633	n/a
52.5634765625	0.3	0.0	1	107650	n/a
52.57177734375	0.3	1.0	2	107667	n/a
52.580078125	0.3	0.0	1	107684	n/a
52.5888671875	0.3	0.0	1	107702	n/a
52.59716796875	0.3	1.0	2	107719	n/a
52.60546875	0.3	1.0	2	107736	n/a
52.61376953125	0.3	0.0	1	107753	n/a
52.6220703125	0.3	0.0	1	107770	n/a
52.63037109375	0.3	1.0	2	107787	n/a
52.638671875	0.3	1.0	2	107804	n/a
52.64697265625	0.3	0.0	1	107821	n/a
52.6552734375	0.3	0.0	1	107838	n/a
52.66357421875	0.3	1.0	2	107855	n/a
52.671875	0.3	0.0	1	107872	n/a
52.68017578125	0.3	1.0	2	107889	n/a
52.6884765625	0.3	0.0	1	107906	n/a
52.69677734375	0.3	1.0	2	107923	n/a
52.705078125	0.3	0.0	1	107940	n/a
52.7138671875	0.3	1.0	2	107958	n/a
52.72216796875	0.3	1.0	2	107975	n/a
52.73046875	0.3	0.0	1	107992	n/a
52.73876953125	0.3	1.0	2	108009	n/a
52.7470703125	0.3	0.0	1	108026	n/a
52.75537109375	0.3	1.0	2	108043	n/a
52.763671875	0.3	0.0	1	108060	n/a
52.77197265625	0.3	1.0	2	108077	n/a
52.7802734375	0.3	0.0	1	108094	n/a
52.78857421875	0.3	0.0	1	108111	n/a
52.796875	0.3	1.0	2	108128	n/a
52.80517578125	0.3	1.0	2	108145	n/a
52.8134765625	0.3	0.0	1	108162	n/a
52.82177734375	0.3	0.0	1	108179	n/a
52.830078125	0.3	1.0	2	108196	n/a
52.8388671875	0.3	0.0	1	108214	n/a
52.84716796875	0.3	1.0	2	108231	n/a
52.85546875	0.3	1.0	2	108248	n/a
52.86376953125	0.3	0.0	1	108265	n/a
52.8720703125	0.3	1.0	2	108282	n/a
52.88037109375	0.3	0.0	1	108299	n/a
52.888671875	0.3	1.0	2	108316	n/a
52.89697265625	0.3	0.0	1	108333	n/a
52.9052734375	0.3	1.0	2	108350	n/a
52.91357421875	0.3	0.0	1	108367	n/a
52.921875	0.3	1.0	2	108384	n/a
52.93017578125	0.3	0.0	1	108401	n/a
52.9384765625	0.3	1.0	2	108418	n/a
52.94677734375	0.3	0.0	1	108435	n/a
52.955078125	0.3	1.0	2	108452	n/a
52.9638671875	0.3	0.0	1	108470	n/a
52.97216796875	0.3	0.0	1	108487	n/a
52.98046875	0.3	1.0	2	108504	n/a
52.98876953125	0.3	0.0	1	108521	n/a
52.9970703125	0.3	1.0	2	108538	n/a
53.00537109375	0.3	1.0	2	108555	n/a
53.013671875	0.3	0.0	1	108572	n/a
53.02197265625	0.3	0.0	1	108589	n/a
53.0302734375	0.3	1.0	2	108606	n/a
53.03857421875	0.3	1.0	2	108623	n/a
53.046875	0.3	0.0	1	108640	n/a
53.05517578125	0.3	0.0	1	108657	n/a
53.0634765625	0.3	1.0	2	108674	n/a
53.07177734375	0.3	0.0	1	108691	n/a
53.080078125	0.3	1.0	2	108708	n/a
53.0888671875	0.3	1.0	2	108726	n/a
53.09716796875	0.3	0.0	1	108743	n/a
53.10546875	0.3	0.0	1	108760	n/a
53.11376953125	0.3	1.0	2	108777	n/a
53.1220703125	0.3	1.0	2	108794	n/a
53.13037109375	0.3	0.0	1	108811	n/a
53.138671875	0.3	1.0	2	108828	n/a
53.14697265625	0.3	0.0	1	108845	n/a
53.1552734375	0.3	1.0	2	108862	n/a
53.16357421875	0.3	0.0	1	108879	n/a
53.171875	0.3	0.0	1	108896	n/a
53.18017578125	0.3	1.0	2	108913	n/a
53.1884765625	0.3	0.0	1	108930	n/a
53.19677734375	0.3	1.0	2	108947	n/a
53.205078125	0.3	1.0	2	108964	n/a
53.2138671875	0.3	0.0	1	108982	n/a
53.22216796875	0.3	1.0	2	108999	n/a
53.23046875	0.3	0.0	1	109016	n/a
53.23876953125	0.3	1.0	2	109033	n/a
53.2470703125	0.3	0.0	1	109050	n/a
53.25537109375	0.3	1.0	2	109067	n/a
53.263671875	0.3	0.0	1	109084	n/a
53.27197265625	0.3	1.0	2	109101	n/a
53.2802734375	0.3	0.0	1	109118	n/a
53.28857421875	0.3	0.0	1	109135	n/a
53.296875	0.3	1.0	2	109152	n/a
53.30517578125	0.3	1.0	2	109169	n/a
53.3134765625	0.3	0.0	1	109186	n/a
53.32177734375	0.3	1.0	2	109203	n/a
53.330078125	0.3	0.0	1	109220	n/a
53.3388671875	0.3	0.0	1	109238	n/a
53.34716796875	0.3	1.0	2	109255	n/a
53.35546875	0.3	0.0	1	109272	n/a
53.36376953125	0.3	1.0	2	109289	n/a
53.3720703125	0.3	1.0	2	109306	n/a
53.38037109375	0.3	0.0	1	109323	n/a
53.388671875	0.3	0.0	1	109340	n/a
53.39697265625	0.3	1.0	2	109357	n/a
53.4052734375	0.3	1.0	2	109374	n/a
53.41357421875	0.3	0.0	1	109391	n/a
53.421875	0.3	0.0	1	109408	n/a
53.43017578125	0.3	1.0	2	109425	n/a
53.4384765625	0.3	1.0	2	109442	n/a
53.44677734375	0.3	0.0	1	109459	n/a
53.455078125	0.3	0.0	1	109476	n/a
53.4638671875	0.3	1.0	2	109494	n/a
53.47216796875	0.3	1.0	2	109511	n/a
53.48046875	0.3	0.0	1	109528	n/a
53.48876953125	0.3	0.0	1	109545	n/a
53.4970703125	0.3	1.0	2	109562	n/a
53.50537109375	0.3	1.0	2	109579	n/a
53.513671875	0.3	0.0	1	109596	n/a
53.52197265625	0.3	1.0	2	109613	n/a
53.5302734375	0.3	0.0	1	109630	n/a
53.53857421875	0.3	1.0	2	109647	n/a
53.546875	0.3	0.0	1	109664	n/a
53.55517578125	0.3	1.0	2	109681	n/a
53.5634765625	0.3	0.0	1	109698	n/a
53.57177734375	0.3	1.0	2	109715	n/a
53.580078125	0.3	0.0	1	109732	n/a
53.5888671875	0.3	1.0	2	109750	n/a
53.59716796875	0.3	0.0	1	109767	n/a
53.60546875	0.3	1.0	2	109784	n/a
53.61376953125	0.3	0.0	1	109801	n/a
53.6220703125	0.3	1.0	2	109818	n/a
53.63037109375	0.3	0.0	1	109835	n/a
53.638671875	0.3	0.0	1	109852	n/a
53.64697265625	0.3	1.0	2	109869	n/a
53.6552734375	0.3	1.0	2	109886	n/a
53.66357421875	0.3	0.0	1	109903	n/a
53.671875	0.3	0.0	1	109920	n/a
53.68017578125	0.3	1.0	2	109937	n/a
53.6884765625	0.3	1.0	2	109954	n/a
53.69677734375	0.3	0.0	1	109971	n/a
53.705078125	0.3	0.0	1	109988	n/a
53.7138671875	0.3	1.0	2	110006	n/a
53.72216796875	0.3	0.0	1	110023	n/a
53.73046875	0.3	1.0	2	110040	n/a
53.73876953125	0.3	0.0	1	110057	n/a
53.7470703125	0.3	1.0	2	110074	n/a
53.75537109375	0.3	0.0	1	110091	n/a
53.763671875	0.3	1.0	2	110108	n/a
53.77197265625	0.3	1.0	2	110125	n/a
53.7802734375	0.3	0.0	1	110142	n/a
53.78857421875	0.3	1.0	2	110159	n/a
53.796875	0.3	0.0	1	110176	n/a
53.80517578125	0.3	1.0	2	110193	n/a
53.8134765625	0.3	0.0	1	110210	n/a
53.82177734375	0.3	1.0	2	110227	n/a
53.830078125	0.3	0.0	1	110244	n/a
53.8388671875	0.3	0.0	1	110262	n/a
53.84716796875	0.3	1.0	2	110279	n/a
53.85546875	0.3	1.0	2	110296	n/a
53.86376953125	0.3	0.0	1	110313	n/a
53.8720703125	0.3	0.0	1	110330	n/a
53.88037109375	0.3	1.0	2	110347	n/a
53.888671875	0.3	0.0	1	110364	n/a
53.89697265625	0.3	1.0	2	110381	n/a
53.9052734375	0.3	1.0	2	110398	n/a
53.91357421875	0.3	0.0	1	110415	n/a
53.921875	0.3	1.0	2	110432	n/a
53.93017578125	0.3	0.0	1	110449	n/a
53.9384765625	0.3	1.0	2	110466	n/a
53.94677734375	0.3	0.0	1	110483	n/a
53.955078125	0.3	1.0	2	110500	n/a
53.9638671875	0.3	0.0	1	110518	n/a
53.97216796875	0.3	1.0	2	110535	n/a
53.98046875	0.3	0.0	1	110552	n/a
53.98876953125	0.3	1.0	2	110569	n/a
53.9970703125	0.3	0.0	1	110586	n/a
54.00537109375	0.3	1.0	2	110603	n/a
54.013671875	0.3	0.0	1	110620	n/a
54.02197265625	0.3	0.0	1	110637	n/a
54.0302734375	0.3	1.0	2	110654	n/a
54.03857421875	0.3	0.0	1	110671	n/a
54.046875	0.3	1.0	2	110688	n/a
54.05517578125	0.3	1.0	2	110705	n/a
54.0634765625	0.3	0.0	1	110722	n/a
54.07177734375	0.3	0.0	1	110739	n/a
54.080078125	0.3	1.0	2	110756	n/a
54.0888671875	0.3	1.0	2	110774	n/a
54.09716796875	0.3	0.0	1	110791	n/a
54.10546875	0.3	0.0	1	110808	n/a
54.11376953125	0.3	1.0	2	110825	n/a
54.1220703125	0.3	0.0	1	110842	n/a
54.13037109375	0.3	1.0	2	110859	n/a
54.138671875	0.3	1.0	2	110876	n/a
54.14697265625	0.3	0.0	1	110893	n/a
54.1552734375	0.3	0.0	1	110910	n/a
54.16357421875	0.3	1.0	2	110927	n/a
54.171875	0.3	1.0	2	110944	n/a
54.18017578125	0.3	0.0	1	110961	n/a
54.1884765625	0.3	1.0	2	110978	n/a
54.19677734375	0.3	0.0	1	110995	n/a
54.205078125	0.3	1.0	2	111012	n/a
54.2138671875	0.3	0.0	1	111030	n/a
54.22216796875	0.3	0.0	1	111047	n/a
54.23046875	0.3	1.0	2	111064	n/a
54.23876953125	0.3	0.0	1	111081	n/a
54.2470703125	0.3	1.0	2	111098	n/a
54.25537109375	0.3	1.0	2	111115	n/a
54.263671875	0.3	0.0	1	111132	n/a
54.27197265625	0.3	1.0	2	111149	n/a
54.2802734375	0.3	0.0	1	111166	n/a
54.28857421875	0.3	1.0	2	111183	n/a
54.296875	0.3	0.0	1	111200	n/a
54.30517578125	0.3	1.0	2	111217	n/a
54.3134765625	0.3	0.0	1	111234	n/a
54.32177734375	0.3	1.0	2	111251	n/a
54.330078125	0.3	0.0	1	111268	n/a
54.3388671875	0.3	0.0	1	111286	n/a
54.34716796875	0.3	1.0	2	111303	n/a
54.35546875	0.3	1.0	2	111320	n/a
54.36376953125	0.3	0.0	1	111337	n/a
54.3720703125	0.3	1.0	2	111354	n/a
54.38037109375	0.3	0.0	1	111371	n/a
54.388671875	0.3	0.0	1	111388	n/a
54.39697265625	0.3	1.0	2	111405	n/a
54.4052734375	0.3	0.0	1	111422	n/a
54.41357421875	0.3	1.0	2	111439	n/a
54.421875	0.3	1.0	2	111456	n/a
54.43017578125	0.3	0.0	1	111473	n/a
54.4384765625	0.3	0.0	1	111490	n/a
54.44677734375	0.3	1.0	2	111507	n/a
54.455078125	0.3	1.0	2	111524	n/a
54.4638671875	0.3	0.0	1	111542	n/a
54.47216796875	0.3	0.0	1	111559	n/a
54.48046875	0.3	1.0	2	111576	n/a
54.48876953125	0.3	1.0	2	111593	n/a
54.4970703125	0.3	0.0	1	111610	n/a
54.50537109375	0.3	0.0	1	111627	n/a
54.513671875	0.3	1.0	2	111644	n/a
54.52197265625	0.3	1.0	2	111661	n/a
54.5302734375	0.3	0.0	1	111678	n/a
54.53857421875	0.3	0.0	1	111695	n/a
54.546875	0.3	1.0	2	111712	n/a
54.55517578125	0.3	1.0	2	111729	n/a
54.5634765625	0.3	0.0	1	111746	n/a
54.57177734375	0.3	1.0	2	111763	n/a
54.580078125	0.3	0.0	1	111780	n/a
54.5888671875	0.3	1.0	2	111798	n/a
54.59716796875	0.3	0.0	1	111815	n/a
54.60546875	0.3	1.0	2	111832	n/a
54.61376953125	0.3	0.0	1	111849	n/a
54.6220703125	0.3	1.0	2	111866	n/a
54.63037109375	0.3	0.0	1	111883	n/a
54.638671875	0.3	1.0	2	111900	n/a
54.64697265625	0.3	0.0	1	111917	n/a
54.6552734375	0.3	1.0	2	111934	n/a
54.66357421875	0.3	0.0	1	111951	n/a
54.671875	0.3	1.0	2	111968	n/a
54.68017578125	0.3	0.0	1	111985	n/a
54.6884765625	0.3	0.0	1	112002	n/a
54.69677734375	0.3	1.0	2	112019	n/a
54.705078125	0.3	1.0	2	112036	n/a
54.7138671875	0.3	0.0	1	112054	n/a
54.72216796875	0.3	0.0	1	112071	n/a
54.73046875	0.3	1.0	2	112088	n/a
54.73876953125	0.3	1.0	2	112105	n/a
54.7470703125	0.3	0.0	1	112122	n/a
54.75537109375	0.3	0.0	1	112139	n/a
54.763671875	0.3	1.0	2	112156	n/a
54.77197265625	0.3	0.0	1	112173	n/a
54.7802734375	0.3	1.0	2	112190	n/a
54.78857421875	0.3	0.0	1	112207	n/a
54.796875	0.3	1.0	2	112224	n/a
54.80517578125	0.3	0.0	1	112241	n/a
54.8134765625	0.3	1.0	2	112258	n/a
54.82177734375	0.3	1.0	2	112275	n/a
54.830078125	0.3	0.0	1	112292	n/a
54.8388671875	0.3	1.0	2	112310	n/a
54.84716796875	0.3	0.0	1	112327	n/a
54.85546875	0.3	1.0	2	112344	n/a
54.86376953125	0.3	0.0	1	112361	n/a
54.8720703125	0.3	1.0	2	112378	n/a
54.88037109375	0.3	0.0	1	112395	n/a
54.888671875	0.3	0.0	1	112412	n/a
54.89697265625	0.3	1.0	2	112429	n/a
54.9052734375	0.3	1.0	2	112446	n/a
54.91357421875	0.3	0.0	1	112463	n/a
54.921875	0.3	0.0	1	112480	n/a
54.93017578125	0.3	1.0	2	112497	n/a
54.9384765625	0.3	0.0	1	112514	n/a
54.94677734375	0.3	1.0	2	112531	n/a
54.955078125	0.3	1.0	2	112548	n/a
54.9638671875	0.3	0.0	1	112566	n/a
54.97216796875	0.3	1.0	2	112583	n/a
54.98046875	0.3	0.0	1	112600	n/a
54.98876953125	0.3	1.0	2	112617	n/a
54.9970703125	0.3	0.0	1	112634	n/a
55.00537109375	0.3	1.0	2	112651	n/a
55.013671875	0.3	0.0	1	112668	n/a
55.02197265625	0.3	1.0	2	112685	n/a
55.0302734375	0.3	0.0	1	112702	n/a
55.03857421875	0.3	1.0	2	112719	n/a
55.046875	0.3	0.0	1	112736	n/a
55.05517578125	0.3	1.0	2	112753	n/a
55.0634765625	0.3	0.0	1	112770	n/a
55.07177734375	0.3	0.0	1	112787	n/a
55.080078125	0.3	1.0	2	112804	n/a
55.0888671875	0.3	0.0	1	112822	n/a
55.09716796875	0.3	1.0	2	112839	n/a
55.10546875	0.3	1.0	2	112856	n/a
55.11376953125	0.3	0.0	1	112873	n/a
55.1220703125	0.3	0.0	1	112890	n/a
55.13037109375	0.3	1.0	2	112907	n/a
55.138671875	0.3	1.0	2	112924	n/a
55.14697265625	0.3	0.0	1	112941	n/a
55.1552734375	0.3	0.0	1	112958	n/a
55.16357421875	0.3	1.0	2	112975	n/a
55.171875	0.3	0.0	1	112992	n/a
55.18017578125	0.3	1.0	2	113009	n/a
55.1884765625	0.3	1.0	2	113026	n/a
55.19677734375	0.3	0.0	1	113043	n/a
55.205078125	0.3	0.0	1	113060	n/a
55.2138671875	0.3	1.0	2	113078	n/a
57.58837890625	0.3	1.0	2	117941	13.0
57.5966796875	0.3	0.0	1	117958	n/a
57.60498046875	0.3	0.0	1	117975	n/a
57.61328125	0.3	1.0	2	117992	n/a
57.62158203125	0.3	0.0	1	118009	n/a
57.6298828125	0.3	1.0	2	118026	n/a
57.63818359375	0.3	1.0	2	118043	n/a
57.646484375	0.3	0.0	1	118060	n/a
57.6552734375	0.3	1.0	2	118078	n/a
57.66357421875	0.3	0.0	1	118095	n/a
57.671875	0.3	0.0	1	118112	n/a
57.68017578125	0.3	1.0	2	118129	n/a
57.6884765625	0.3	0.0	1	118146	n/a
57.69677734375	0.3	1.0	2	118163	n/a
57.705078125	0.3	1.0	2	118180	n/a
57.71337890625	0.3	0.0	1	118197	n/a
57.7216796875	0.3	1.0	2	118214	n/a
57.72998046875	0.3	0.0	1	118231	n/a
57.73828125	0.3	0.0	1	118248	n/a
57.74658203125	0.3	1.0	2	118265	n/a
57.7548828125	0.3	0.0	1	118282	n/a
57.76318359375	0.3	1.0	2	118299	n/a
57.771484375	0.3	0.0	1	118316	n/a
57.7802734375	0.3	1.0	2	118334	n/a
57.78857421875	0.3	1.0	2	118351	n/a
57.796875	0.3	0.0	1	118368	n/a
57.80517578125	0.3	1.0	2	118385	n/a
57.8134765625	0.3	0.0	1	118402	n/a
57.82177734375	0.3	0.0	1	118419	n/a
57.830078125	0.3	1.0	2	118436	n/a
57.83837890625	0.3	1.0	2	118453	n/a
57.8466796875	0.3	0.0	1	118470	n/a
57.85498046875	0.3	0.0	1	118487	n/a
57.86328125	0.3	1.0	2	118504	n/a
57.87158203125	0.3	0.0	1	118521	n/a
57.8798828125	0.3	1.0	2	118538	n/a
57.88818359375	0.3	1.0	2	118555	n/a
57.896484375	0.3	0.0	1	118572	n/a
57.9052734375	0.3	1.0	2	118590	n/a
57.91357421875	0.3	0.0	1	118607	n/a
57.921875	0.3	0.0	1	118624	n/a
57.93017578125	0.3	1.0	2	118641	n/a
57.9384765625	0.3	0.0	1	118658	n/a
57.94677734375	0.3	1.0	2	118675	n/a
57.955078125	0.3	1.0	2	118692	n/a
57.96337890625	0.3	0.0	1	118709	n/a
57.9716796875	0.3	0.0	1	118726	n/a
57.97998046875	0.3	1.0	2	118743	n/a
57.98828125	0.3	0.0	1	118760	n/a
57.99658203125	0.3	1.0	2	118777	n/a
58.0048828125	0.3	1.0	2	118794	n/a
58.01318359375	0.3	0.0	1	118811	n/a
58.021484375	0.3	0.0	1	118828	n/a
58.0302734375	0.3	1.0	2	118846	n/a
58.03857421875	0.3	0.0	1	118863	n/a
58.046875	0.3	1.0	2	118880	n/a
58.05517578125	0.3	0.0	1	118897	n/a
58.0634765625	0.3	1.0	2	118914	n/a
58.07177734375	0.3	1.0	2	118931	n/a
58.080078125	0.3	0.0	1	118948	n/a
58.08837890625	0.3	0.0	1	118965	n/a
58.0966796875	0.3	1.0	2	118982	n/a
58.10498046875	0.3	0.0	1	118999	n/a
58.11328125	0.3	1.0	2	119016	n/a
58.12158203125	0.3	0.0	1	119033	n/a
58.1298828125	0.3	1.0	2	119050	n/a
58.13818359375	0.3	1.0	2	119067	n/a
58.146484375	0.3	0.0	1	119084	n/a
58.1552734375	0.3	1.0	2	119102	n/a
58.16357421875	0.3	0.0	1	119119	n/a
58.171875	0.3	1.0	2	119136	n/a
58.18017578125	0.3	0.0	1	119153	n/a
58.1884765625	0.3	0.0	1	119170	n/a
58.19677734375	0.3	1.0	2	119187	n/a
58.205078125	0.3	0.0	1	119204	n/a
58.21337890625	0.3	1.0	2	119221	n/a
58.2216796875	0.3	1.0	2	119238	n/a
58.22998046875	0.3	0.0	1	119255	n/a
58.23828125	0.3	0.0	1	119272	n/a
58.24658203125	0.3	1.0	2	119289	n/a
58.2548828125	0.3	1.0	2	119306	n/a
58.26318359375	0.3	0.0	1	119323	n/a
58.271484375	0.3	0.0	1	119340	n/a
58.2802734375	0.3	1.0	2	119358	n/a
58.28857421875	0.3	0.0	1	119375	n/a
58.296875	0.3	1.0	2	119392	n/a
58.30517578125	0.3	0.0	1	119409	n/a
58.3134765625	0.3	1.0	2	119426	n/a
58.32177734375	0.3	1.0	2	119443	n/a
58.330078125	0.3	0.0	1	119460	n/a
58.33837890625	0.3	0.0	1	119477	n/a
58.3466796875	0.3	1.0	2	119494	n/a
58.35498046875	0.3	1.0	2	119511	n/a
58.36328125	0.3	0.0	1	119528	n/a
58.37158203125	0.3	1.0	2	119545	n/a
58.3798828125	0.3	0.0	1	119562	n/a
58.38818359375	0.3	1.0	2	119579	n/a
58.396484375	0.3	0.0	1	119596	n/a
58.4052734375	0.3	0.0	1	119614	n/a
58.41357421875	0.3	1.0	2	119631	n/a
58.421875	0.3	1.0	2	119648	n/a
58.43017578125	0.3	0.0	1	119665	n/a
58.4384765625	0.3	1.0	2	119682	n/a
58.44677734375	0.3	0.0	1	119699	n/a
58.455078125	0.3	1.0	2	119716	n/a
58.46337890625	0.3	0.0	1	119733	n/a
58.4716796875	0.3	1.0	2	119750	n/a
58.47998046875	0.3	0.0	1	119767	n/a
58.48828125	0.3	1.0	2	119784	n/a
58.49658203125	0.3	0.0	1	119801	n/a
58.5048828125	0.3	1.0	2	119818	n/a
58.51318359375	0.3	0.0	1	119835	n/a
58.521484375	0.3	0.0	1	119852	n/a
58.5302734375	0.3	1.0	2	119870	n/a
58.53857421875	0.3	0.0	1	119887	n/a
58.546875	0.3	1.0	2	119904	n/a
58.55517578125	0.3	1.0	2	119921	n/a
58.5634765625	0.3	0.0	1	119938	n/a
58.57177734375	0.3	0.0	1	119955	n/a
58.580078125	0.3	1.0	2	119972	n/a
58.58837890625	0.3	0.0	1	119989	n/a
58.5966796875	0.3	1.0	2	120006	n/a
58.60498046875	0.3	1.0	2	120023	n/a
58.61328125	0.3	0.0	1	120040	n/a
58.62158203125	0.3	1.0	2	120057	n/a
58.6298828125	0.3	0.0	1	120074	n/a
58.63818359375	0.3	1.0	2	120091	n/a
58.646484375	0.3	0.0	1	120108	n/a
58.6552734375	0.3	0.0	1	120126	n/a
58.66357421875	0.3	1.0	2	120143	n/a
58.671875	0.3	0.0	1	120160	n/a
58.68017578125	0.3	1.0	2	120177	n/a
58.6884765625	0.3	1.0	2	120194	n/a
58.69677734375	0.3	0.0	1	120211	n/a
58.705078125	0.3	1.0	2	120228	n/a
58.71337890625	0.3	0.0	1	120245	n/a
58.7216796875	0.3	0.0	1	120262	n/a
58.72998046875	0.3	1.0	2	120279	n/a
58.73828125	0.3	0.0	1	120296	n/a
58.74658203125	0.3	1.0	2	120313	n/a
58.7548828125	0.3	1.0	2	120330	n/a
58.76318359375	0.3	0.0	1	120347	n/a
58.771484375	0.3	1.0	2	120364	n/a
58.7802734375	0.3	0.0	1	120382	n/a
58.78857421875	0.3	0.0	1	120399	n/a
58.796875	0.3	1.0	2	120416	n/a
58.80517578125	0.3	0.0	1	120433	n/a
58.8134765625	0.3	1.0	2	120450	n/a
58.82177734375	0.3	0.0	1	120467	n/a
58.830078125	0.3	1.0	2	120484	n/a
58.83837890625	0.3	1.0	2	120501	n/a
58.8466796875	0.3	0.0	1	120518	n/a
58.85498046875	0.3	1.0	2	120535	n/a
58.86328125	0.3	0.0	1	120552	n/a
58.87158203125	0.3	0.0	1	120569	n/a
58.8798828125	0.3	1.0	2	120586	n/a
58.88818359375	0.3	1.0	2	120603	n/a
58.896484375	0.3	0.0	1	120620	n/a
58.9052734375	0.3	0.0	1	120638	n/a
58.91357421875	0.3	1.0	2	120655	n/a
58.921875	0.3	0.0	1	120672	n/a
58.93017578125	0.3	1.0	2	120689	n/a
58.9384765625	0.3	1.0	2	120706	n/a
58.94677734375	0.3	0.0	1	120723	n/a
58.955078125	0.3	1.0	2	120740	n/a
58.96337890625	0.3	0.0	1	120757	n/a
58.9716796875	0.3	0.0	1	120774	n/a
58.97998046875	0.3	1.0	2	120791	n/a
58.98828125	0.3	0.0	1	120808	n/a
58.99658203125	0.3	1.0	2	120825	n/a
59.0048828125	0.3	1.0	2	120842	n/a
59.01318359375	0.3	0.0	1	120859	n/a
59.021484375	0.3	0.0	1	120876	n/a
59.0302734375	0.3	1.0	2	120894	n/a
59.03857421875	0.3	0.0	1	120911	n/a
59.046875	0.3	1.0	2	120928	n/a
59.05517578125	0.3	1.0	2	120945	n/a
59.0634765625	0.3	0.0	1	120962	n/a
59.07177734375	0.3	0.0	1	120979	n/a
59.080078125	0.3	1.0	2	120996	n/a
59.08837890625	0.3	0.0	1	121013	n/a
59.0966796875	0.3	1.0	2	121030	n/a
59.10498046875	0.3	0.0	1	121047	n/a
59.11328125	0.3	1.0	2	121064	n/a
59.12158203125	0.3	1.0	2	121081	n/a
59.1298828125	0.3	0.0	1	121098	n/a
59.13818359375	0.3	0.0	1	121115	n/a
59.146484375	0.3	1.0	2	121132	n/a
59.1552734375	0.3	0.0	1	121150	n/a
59.16357421875	0.3	1.0	2	121167	n/a
59.171875	0.3	0.0	1	121184	n/a
59.18017578125	0.3	1.0	2	121201	n/a
59.1884765625	0.3	1.0	2	121218	n/a
59.19677734375	0.3	0.0	1	121235	n/a
59.205078125	0.3	1.0	2	121252	n/a
59.21337890625	0.3	0.0	1	121269	n/a
59.2216796875	0.3	1.0	2	121286	n/a
59.22998046875	0.3	0.0	1	121303	n/a
59.23828125	0.3	0.0	1	121320	n/a
59.24658203125	0.3	1.0	2	121337	n/a
59.2548828125	0.3	0.0	1	121354	n/a
59.26318359375	0.3	1.0	2	121371	n/a
59.271484375	0.3	1.0	2	121388	n/a
59.2802734375	0.3	0.0	1	121406	n/a
59.28857421875	0.3	0.0	1	121423	n/a
59.296875	0.3	1.0	2	121440	n/a
59.30517578125	0.3	1.0	2	121457	n/a
59.3134765625	0.3	0.0	1	121474	n/a
59.32177734375	0.3	0.0	1	121491	n/a
59.330078125	0.3	1.0	2	121508	n/a
59.33837890625	0.3	0.0	1	121525	n/a
59.3466796875	0.3	1.0	2	121542	n/a
59.35498046875	0.3	0.0	1	121559	n/a
59.36328125	0.3	1.0	2	121576	n/a
59.37158203125	0.3	1.0	2	121593	n/a
59.3798828125	0.3	0.0	1	121610	n/a
59.38818359375	0.3	0.0	1	121627	n/a
59.396484375	0.3	1.0	2	121644	n/a
59.4052734375	0.3	1.0	2	121662	n/a
59.41357421875	0.3	0.0	1	121679	n/a
59.421875	0.3	1.0	2	121696	n/a
59.43017578125	0.3	0.0	1	121713	n/a
59.4384765625	0.3	1.0	2	121730	n/a
59.44677734375	0.3	0.0	1	121747	n/a
59.455078125	0.3	0.0	1	121764	n/a
59.46337890625	0.3	1.0	2	121781	n/a
59.4716796875	0.3	1.0	2	121798	n/a
59.47998046875	0.3	0.0	1	121815	n/a
59.48828125	0.3	1.0	2	121832	n/a
59.49658203125	0.3	0.0	1	121849	n/a
59.5048828125	0.3	1.0	2	121866	n/a
59.51318359375	0.3	0.0	1	121883	n/a
59.521484375	0.3	1.0	2	121900	n/a
59.5302734375	0.3	0.0	1	121918	n/a
59.53857421875	0.3	1.0	2	121935	n/a
59.546875	0.3	0.0	1	121952	n/a
59.55517578125	0.3	1.0	2	121969	n/a
59.5634765625	0.3	0.0	1	121986	n/a
59.57177734375	0.3	0.0	1	122003	n/a
59.580078125	0.3	1.0	2	122020	n/a
59.58837890625	0.3	0.0	1	122037	n/a
59.5966796875	0.3	1.0	2	122054	n/a
59.60498046875	0.3	1.0	2	122071	n/a
59.61328125	0.3	0.0	1	122088	n/a
59.62158203125	0.3	0.0	1	122105	n/a
59.6298828125	0.3	1.0	2	122122	n/a
59.63818359375	0.3	0.0	1	122139	n/a
59.646484375	0.3	1.0	2	122156	n/a
59.6552734375	0.3	1.0	2	122174	n/a
59.66357421875	0.3	0.0	1	122191	n/a
59.671875	0.3	1.0	2	122208	n/a
59.68017578125	0.3	0.0	1	122225	n/a
59.6884765625	0.3	1.0	2	122242	n/a
59.69677734375	0.3	0.0	1	122259	n/a
59.705078125	0.3	0.0	1	122276	n/a
59.71337890625	0.3	1.0	2	122293	n/a
59.7216796875	0.3	0.0	1	122310	n/a
59.72998046875	0.3	1.0	2	122327	n/a
59.73828125	0.3	1.0	2	122344	n/a
59.74658203125	0.3	0.0	1	122361	n/a
59.7548828125	0.3	1.0	2	122378	n/a
59.76318359375	0.3	0.0	1	122395	n/a
59.771484375	0.3	0.0	1	122412	n/a
59.7802734375	0.3	1.0	2	122430	n/a
59.78857421875	0.3	0.0	1	122447	n/a
59.796875	0.3	1.0	2	122464	n/a
59.80517578125	0.3	1.0	2	122481	n/a
59.8134765625	0.3	0.0	1	122498	n/a
59.82177734375	0.3	1.0	2	122515	n/a
59.830078125	0.3	0.0	1	122532	n/a
59.83837890625	0.3	0.0	1	122549	n/a
59.8466796875	0.3	1.0	2	122566	n/a
59.85498046875	0.3	0.0	1	122583	n/a
59.86328125	0.3	1.0	2	122600	n/a
59.87158203125	0.3	0.0	1	122617	n/a
59.8798828125	0.3	1.0	2	122634	n/a
59.88818359375	0.3	1.0	2	122651	n/a
59.896484375	0.3	0.0	1	122668	n/a
59.9052734375	0.3	1.0	2	122686	n/a
59.91357421875	0.3	0.0	1	122703	n/a
59.921875	0.3	0.0	1	122720	n/a
59.93017578125	0.3	1.0	2	122737	n/a
59.9384765625	0.3	1.0	2	122754	n/a
59.94677734375	0.3	0.0	1	122771	n/a
59.955078125	0.3	0.0	1	122788	n/a
59.96337890625	0.3	1.0	2	122805	n/a
59.9716796875	0.3	0.0	1	122822	n/a
59.97998046875	0.3	1.0	2	122839	n/a
59.98828125	0.3	1.0	2	122856	n/a
59.99658203125	0.3	0.0	1	122873	n/a
60.0048828125	0.3	1.0	2	122890	n/a
60.01318359375	0.3	0.0	1	122907	n/a
60.021484375	0.3	0.0	1	122924	n/a
60.0302734375	0.3	1.0	2	122942	n/a
60.03857421875	0.3	0.0	1	122959	n/a
60.046875	0.3	1.0	2	122976	n/a
60.05517578125	0.3	1.0	2	122993	n/a
60.0634765625	0.3	0.0	1	123010	n/a
60.07177734375	0.3	0.0	1	123027	n/a
60.080078125	0.3	1.0	2	123044	n/a
60.08837890625	0.3	0.0	1	123061	n/a
60.0966796875	0.3	1.0	2	123078	n/a
60.10498046875	0.3	1.0	2	123095	n/a
60.11328125	0.3	0.0	1	123112	n/a
60.12158203125	0.3	0.0	1	123129	n/a
60.1298828125	0.3	1.0	2	123146	n/a
60.13818359375	0.3	0.0	1	123163	n/a
60.146484375	0.3	1.0	2	123180	n/a
60.1552734375	0.3	0.0	1	123198	n/a
60.16357421875	0.3	1.0	2	123215	n/a
60.171875	0.3	1.0	2	123232	n/a
60.18017578125	0.3	0.0	1	123249	n/a
60.1884765625	0.3	0.0	1	123266	n/a
60.19677734375	0.3	1.0	2	123283	n/a
60.205078125	0.3	0.0	1	123300	n/a
60.21337890625	0.3	1.0	2	123317	n/a
60.2216796875	0.3	0.0	1	123334	n/a
60.22998046875	0.3	1.0	2	123351	n/a
60.23828125	0.3	1.0	2	123368	n/a
60.24658203125	0.3	0.0	1	123385	n/a
60.2548828125	0.3	1.0	2	123402	n/a
60.26318359375	0.3	0.0	1	123419	n/a
60.271484375	0.3	1.0	2	123436	n/a
60.2802734375	0.3	0.0	1	123454	n/a
60.28857421875	0.3	0.0	1	123471	n/a
60.296875	0.3	1.0	2	123488	n/a
60.30517578125	0.3	0.0	1	123505	n/a
60.3134765625	0.3	1.0	2	123522	n/a
60.32177734375	0.3	1.0	2	123539	n/a
60.330078125	0.3	0.0	1	123556	n/a
60.33837890625	0.3	0.0	1	123573	n/a
60.3466796875	0.3	1.0	2	123590	n/a
60.35498046875	0.3	1.0	2	123607	n/a
60.36328125	0.3	0.0	1	123624	n/a
60.37158203125	0.3	0.0	1	123641	n/a
60.3798828125	0.3	1.0	2	123658	n/a
60.38818359375	0.3	0.0	1	123675	n/a
60.396484375	0.3	1.0	2	123692	n/a
60.4052734375	0.3	0.0	1	123710	n/a
60.41357421875	0.3	1.0	2	123727	n/a
60.421875	0.3	1.0	2	123744	n/a
60.43017578125	0.3	0.0	1	123761	n/a
60.4384765625	0.3	0.0	1	123778	n/a
60.44677734375	0.3	1.0	2	123795	n/a
60.455078125	0.3	1.0	2	123812	n/a
60.46337890625	0.3	0.0	1	123829	n/a
60.4716796875	0.3	1.0	2	123846	n/a
60.47998046875	0.3	0.0	1	123863	n/a
60.48828125	0.3	1.0	2	123880	n/a
60.49658203125	0.3	0.0	1	123897	n/a
60.5048828125	0.3	0.0	1	123914	n/a
60.51318359375	0.3	1.0	2	123931	n/a
60.521484375	0.3	1.0	2	123948	n/a
60.5302734375	0.3	0.0	1	123966	n/a
60.53857421875	0.3	1.0	2	123983	n/a
60.546875	0.3	0.0	1	124000	n/a
60.55517578125	0.3	1.0	2	124017	n/a
60.5634765625	0.3	0.0	1	124034	n/a
60.57177734375	0.3	1.0	2	124051	n/a
60.580078125	0.3	0.0	1	124068	n/a
60.58837890625	0.3	1.0	2	124085	n/a
60.5966796875	0.3	0.0	1	124102	n/a
60.60498046875	0.3	1.0	2	124119	n/a
60.61328125	0.3	0.0	1	124136	n/a
60.62158203125	0.3	0.0	1	124153	n/a
60.6298828125	0.3	1.0	2	124170	n/a
60.63818359375	0.3	0.0	1	124187	n/a
60.646484375	0.3	1.0	2	124204	n/a
60.6552734375	0.3	1.0	2	124222	n/a
60.66357421875	0.3	0.0	1	124239	n/a
60.671875	0.3	0.0	1	124256	n/a
60.68017578125	0.3	1.0	2	124273	n/a
60.6884765625	0.3	0.0	1	124290	n/a
60.69677734375	0.3	1.0	2	124307	n/a
60.705078125	0.3	1.0	2	124324	n/a
60.71337890625	0.3	0.0	1	124341	n/a
60.7216796875	0.3	1.0	2	124358	n/a
60.72998046875	0.3	0.0	1	124375	n/a
60.73828125	0.3	1.0	2	124392	n/a
60.74658203125	0.3	0.0	1	124409	n/a
60.7548828125	0.3	0.0	1	124426	n/a
60.76318359375	0.3	1.0	2	124443	n/a
60.771484375	0.3	0.0	1	124460	n/a
60.7802734375	0.3	1.0	2	124478	n/a
60.78857421875	0.3	1.0	2	124495	n/a
60.796875	0.3	0.0	1	124512	n/a
60.80517578125	0.3	1.0	2	124529	n/a
60.8134765625	0.3	0.0	1	124546	n/a
60.82177734375	0.3	0.0	1	124563	n/a
60.830078125	0.3	1.0	2	124580	n/a
60.83837890625	0.3	0.0	1	124597	n/a
60.8466796875	0.3	1.0	2	124614	n/a
60.85498046875	0.3	1.0	2	124631	n/a
60.86328125	0.3	0.0	1	124648	n/a
60.87158203125	0.3	1.0	2	124665	n/a
60.8798828125	0.3	0.0	1	124682	n/a
60.88818359375	0.3	0.0	1	124699	n/a
60.896484375	0.3	1.0	2	124716	n/a
60.9052734375	0.3	0.0	1	124734	n/a
60.91357421875	0.3	1.0	2	124751	n/a
60.921875	0.3	0.0	1	124768	n/a
60.93017578125	0.3	1.0	2	124785	n/a
60.9384765625	0.3	1.0	2	124802	n/a
60.94677734375	0.3	0.0	1	124819	n/a
60.955078125	0.3	1.0	2	124836	n/a
60.96337890625	0.3	0.0	1	124853	n/a
60.9716796875	0.3	0.0	1	124870	n/a
60.97998046875	0.3	1.0	2	124887	n/a
60.98828125	0.3	1.0	2	124904	n/a
60.99658203125	0.3	0.0	1	124921	n/a
61.0048828125	0.3	0.0	1	124938	n/a
61.01318359375	0.3	1.0	2	124955	n/a
61.021484375	0.3	0.0	1	124972	n/a
61.0302734375	0.3	1.0	2	124990	n/a
61.03857421875	0.3	1.0	2	125007	n/a
61.046875	0.3	0.0	1	125024	n/a
61.05517578125	0.3	1.0	2	125041	n/a
61.0634765625	0.3	0.0	1	125058	n/a
61.07177734375	0.3	0.0	1	125075	n/a
61.080078125	0.3	1.0	2	125092	n/a
61.08837890625	0.3	0.0	1	125109	n/a
61.0966796875	0.3	1.0	2	125126	n/a
61.10498046875	0.3	1.0	2	125143	n/a
61.11328125	0.3	0.0	1	125160	n/a
61.12158203125	0.3	0.0	1	125177	n/a
61.1298828125	0.3	1.0	2	125194	n/a
61.13818359375	0.3	0.0	1	125211	n/a
61.146484375	0.3	1.0	2	125228	n/a
61.1552734375	0.3	1.0	2	125246	n/a
61.16357421875	0.3	0.0	1	125263	n/a
61.171875	0.3	0.0	1	125280	n/a
61.18017578125	0.3	1.0	2	125297	n/a
61.1884765625	0.3	0.0	1	125314	n/a
61.19677734375	0.3	1.0	2	125331	n/a
61.205078125	0.3	0.0	1	125348	n/a
61.21337890625	0.3	1.0	2	125365	n/a
61.2216796875	0.3	1.0	2	125382	n/a
61.22998046875	0.3	0.0	1	125399	n/a
61.23828125	0.3	0.0	1	125416	n/a
61.24658203125	0.3	1.0	2	125433	n/a
61.2548828125	0.3	0.0	1	125450	n/a
61.26318359375	0.3	1.0	2	125467	n/a
61.271484375	0.3	0.0	1	125484	n/a
61.2802734375	0.3	1.0	2	125502	n/a
61.28857421875	0.3	1.0	2	125519	n/a
61.296875	0.3	0.0	1	125536	n/a
61.30517578125	0.3	1.0	2	125553	n/a
61.3134765625	0.3	0.0	1	125570	n/a
61.32177734375	0.3	1.0	2	125587	n/a
61.330078125	0.3	0.0	1	125604	n/a
61.33837890625	0.3	0.0	1	125621	n/a
61.3466796875	0.3	1.0	2	125638	n/a
61.35498046875	0.3	0.0	1	125655	n/a
61.36328125	0.3	1.0	2	125672	n/a
61.37158203125	0.3	1.0	2	125689	n/a
61.3798828125	0.3	0.0	1	125706	n/a
61.38818359375	0.3	0.0	1	125723	n/a
61.396484375	0.3	1.0	2	125740	n/a
61.4052734375	0.3	1.0	2	125758	n/a
61.41357421875	0.3	0.0	1	125775	n/a
61.421875	0.3	0.0	1	125792	n/a
61.43017578125	0.3	1.0	2	125809	n/a
61.4384765625	0.3	0.0	1	125826	n/a
61.44677734375	0.3	1.0	2	125843	n/a
61.455078125	0.3	0.0	1	125860	n/a
61.46337890625	0.3	1.0	2	125877	n/a
61.4716796875	0.3	1.0	2	125894	n/a
61.47998046875	0.3	0.0	1	125911	n/a
61.48828125	0.3	0.0	1	125928	n/a
61.49658203125	0.3	1.0	2	125945	n/a
61.5048828125	0.3	1.0	2	125962	n/a
61.51318359375	0.3	0.0	1	125979	n/a
61.521484375	0.3	1.0	2	125996	n/a
61.5302734375	0.3	0.0	1	126014	n/a
61.53857421875	0.3	1.0	2	126031	n/a
61.546875	0.3	0.0	1	126048	n/a
61.55517578125	0.3	0.0	1	126065	n/a
61.5634765625	0.3	1.0	2	126082	n/a
61.57177734375	0.3	1.0	2	126099	n/a
61.580078125	0.3	0.0	1	126116	n/a
61.58837890625	0.3	1.0	2	126133	n/a
61.5966796875	0.3	0.0	1	126150	n/a
61.60498046875	0.3	1.0	2	126167	n/a
61.61328125	0.3	0.0	1	126184	n/a
61.62158203125	0.3	1.0	2	126201	n/a
61.6298828125	0.3	0.0	1	126218	n/a
61.63818359375	0.3	1.0	2	126235	n/a
61.646484375	0.3	0.0	1	126252	n/a
61.6552734375	0.3	1.0	2	126270	n/a
61.66357421875	0.3	0.0	1	126287	n/a
61.671875	0.3	0.0	1	126304	n/a
61.68017578125	0.3	1.0	2	126321	n/a
61.6884765625	0.3	0.0	1	126338	n/a
61.69677734375	0.3	1.0	2	126355	n/a
61.705078125	0.3	1.0	2	126372	n/a
61.71337890625	0.3	0.0	1	126389	n/a
61.7216796875	0.3	0.0	1	126406	n/a
61.72998046875	0.3	1.0	2	126423	n/a
61.73828125	0.3	0.0	1	126440	n/a
61.74658203125	0.3	1.0	2	126457	n/a
61.7548828125	0.3	1.0	2	126474	n/a
61.76318359375	0.3	0.0	1	126491	n/a
61.771484375	0.3	1.0	2	126508	n/a
61.7802734375	0.3	0.0	1	126526	n/a
64.16455078125	0.3	0.0	1	131409	21.0
64.1728515625	0.3	1.0	2	131426	n/a
64.18115234375	0.3	0.0	1	131443	n/a
64.189453125	0.3	1.0	2	131460	n/a
64.19775390625	0.3	0.0	1	131477	n/a
64.2060546875	0.3	1.0	2	131494	n/a
64.21435546875	0.3	0.0	1	131511	n/a
64.22265625	0.3	1.0	2	131528	n/a
64.2314453125	0.3	1.0	2	131546	n/a
64.23974609375	0.3	0.0	1	131563	n/a
64.248046875	0.3	0.0	1	131580	n/a
64.25634765625	0.3	1.0	2	131597	n/a
64.2646484375	0.3	0.0	1	131614	n/a
64.27294921875	0.3	1.0	2	131631	n/a
64.28125	0.3	1.0	2	131648	n/a
64.28955078125	0.3	0.0	1	131665	n/a
64.2978515625	0.3	0.0	1	131682	n/a
64.30615234375	0.3	1.0	2	131699	n/a
64.314453125	0.3	1.0	2	131716	n/a
64.32275390625	0.3	0.0	1	131733	n/a
64.3310546875	0.3	1.0	2	131750	n/a
64.33935546875	0.3	0.0	1	131767	n/a
64.34765625	0.3	0.0	1	131784	n/a
64.3564453125	0.3	1.0	2	131802	n/a
64.36474609375	0.3	1.0	2	131819	n/a
64.373046875	0.3	0.0	1	131836	n/a
64.38134765625	0.3	1.0	2	131853	n/a
64.3896484375	0.3	0.0	1	131870	n/a
64.39794921875	0.3	0.0	1	131887	n/a
64.40625	0.3	1.0	2	131904	n/a
64.41455078125	0.3	1.0	2	131921	n/a
64.4228515625	0.3	0.0	1	131938	n/a
64.43115234375	0.3	1.0	2	131955	n/a
64.439453125	0.3	0.0	1	131972	n/a
64.44775390625	0.3	0.0	1	131989	n/a
64.4560546875	0.3	1.0	2	132006	n/a
64.46435546875	0.3	0.0	1	132023	n/a
64.47265625	0.3	1.0	2	132040	n/a
64.4814453125	0.3	0.0	1	132058	n/a
64.48974609375	0.3	1.0	2	132075	n/a
64.498046875	0.3	1.0	2	132092	n/a
64.50634765625	0.3	0.0	1	132109	n/a
64.5146484375	0.3	1.0	2	132126	n/a
64.52294921875	0.3	0.0	1	132143	n/a
64.53125	0.3	0.0	1	132160	n/a
64.53955078125	0.3	1.0	2	132177	n/a
64.5478515625	0.3	1.0	2	132194	n/a
64.55615234375	0.3	0.0	1	132211	n/a
64.564453125	0.3	0.0	1	132228	n/a
64.57275390625	0.3	1.0	2	132245	n/a
64.5810546875	0.3	1.0	2	132262	n/a
64.58935546875	0.3	0.0	1	132279	n/a
64.59765625	0.3	1.0	2	132296	n/a
64.6064453125	0.3	0.0	1	132314	n/a
64.61474609375	0.3	0.0	1	132331	n/a
64.623046875	0.3	1.0	2	132348	n/a
64.63134765625	0.3	1.0	2	132365	n/a
64.6396484375	0.3	0.0	1	132382	n/a
64.64794921875	0.3	1.0	2	132399	n/a
64.65625	0.3	0.0	1	132416	n/a
64.66455078125	0.3	1.0	2	132433	n/a
64.6728515625	0.3	0.0	1	132450	n/a
64.68115234375	0.3	0.0	1	132467	n/a
64.689453125	0.3	1.0	2	132484	n/a
64.69775390625	0.3	0.0	1	132501	n/a
64.7060546875	0.3	1.0	2	132518	n/a
64.71435546875	0.3	1.0	2	132535	n/a
64.72265625	0.3	0.0	1	132552	n/a
64.7314453125	0.3	0.0	1	132570	n/a
64.73974609375	0.3	1.0	2	132587	n/a
64.748046875	0.3	0.0	1	132604	n/a
64.75634765625	0.3	1.0	2	132621	n/a
64.7646484375	0.3	0.0	1	132638	n/a
64.77294921875	0.3	1.0	2	132655	n/a
64.78125	0.3	0.0	1	132672	n/a
64.78955078125	0.3	1.0	2	132689	n/a
64.7978515625	0.3	0.0	1	132706	n/a
64.80615234375	0.3	1.0	2	132723	n/a
64.814453125	0.3	1.0	2	132740	n/a
64.82275390625	0.3	0.0	1	132757	n/a
64.8310546875	0.3	0.0	1	132774	n/a
64.83935546875	0.3	1.0	2	132791	n/a
64.84765625	0.3	1.0	2	132808	n/a
64.8564453125	0.3	0.0	1	132826	n/a
64.86474609375	0.3	0.0	1	132843	n/a
64.873046875	0.3	1.0	2	132860	n/a
64.88134765625	0.3	1.0	2	132877	n/a
64.8896484375	0.3	0.0	1	132894	n/a
64.89794921875	0.3	0.0	1	132911	n/a
64.90625	0.3	1.0	2	132928	n/a
64.91455078125	0.3	1.0	2	132945	n/a
64.9228515625	0.3	0.0	1	132962	n/a
64.93115234375	0.3	1.0	2	132979	n/a
64.939453125	0.3	0.0	1	132996	n/a
64.94775390625	0.3	0.0	1	133013	n/a
64.9560546875	0.3	1.0	2	133030	n/a
64.96435546875	0.3	1.0	2	133047	n/a
64.97265625	0.3	0.0	1	133064	n/a
64.9814453125	0.3	1.0	2	133082	n/a
64.98974609375	0.3	0.0	1	133099	n/a
64.998046875	0.3	0.0	1	133116	n/a
65.00634765625	0.3	1.0	2	133133	n/a
65.0146484375	0.3	1.0	2	133150	n/a
65.02294921875	0.3	0.0	1	133167	n/a
65.03125	0.3	0.0	1	133184	n/a
65.03955078125	0.3	1.0	2	133201	n/a
65.0478515625	0.3	1.0	2	133218	n/a
65.05615234375	0.3	0.0	1	133235	n/a
65.064453125	0.3	1.0	2	133252	n/a
65.07275390625	0.3	0.0	1	133269	n/a
65.0810546875	0.3	0.0	1	133286	n/a
65.08935546875	0.3	1.0	2	133303	n/a
65.09765625	0.3	1.0	2	133320	n/a
65.1064453125	0.3	0.0	1	133338	n/a
65.11474609375	0.3	0.0	1	133355	n/a
65.123046875	0.3	1.0	2	133372	n/a
65.13134765625	0.3	0.0	1	133389	n/a
65.1396484375	0.3	1.0	2	133406	n/a
65.14794921875	0.3	1.0	2	133423	n/a
65.15625	0.3	0.0	1	133440	n/a
65.16455078125	0.3	0.0	1	133457	n/a
65.1728515625	0.3	1.0	2	133474	n/a
65.18115234375	0.3	1.0	2	133491	n/a
65.189453125	0.3	0.0	1	133508	n/a
65.19775390625	0.3	1.0	2	133525	n/a
65.2060546875	0.3	0.0	1	133542	n/a
65.21435546875	0.3	0.0	1	133559	n/a
65.22265625	0.3	1.0	2	133576	n/a
65.2314453125	0.3	0.0	1	133594	n/a
65.23974609375	0.3	1.0	2	133611	n/a
65.248046875	0.3	0.0	1	133628	n/a
65.25634765625	0.3	1.0	2	133645	n/a
65.2646484375	0.3	0.0	1	133662	n/a
65.27294921875	0.3	1.0	2	133679	n/a
65.28125	0.3	1.0	2	133696	n/a
65.28955078125	0.3	0.0	1	133713	n/a
65.2978515625	0.3	0.0	1	133730	n/a
65.30615234375	0.3	1.0	2	133747	n/a
65.314453125	0.3	0.0	1	133764	n/a
65.32275390625	0.3	1.0	2	133781	n/a
65.3310546875	0.3	1.0	2	133798	n/a
65.33935546875	0.3	0.0	1	133815	n/a
65.34765625	0.3	0.0	1	133832	n/a
65.3564453125	0.3	1.0	2	133850	n/a
65.36474609375	0.3	1.0	2	133867	n/a
65.373046875	0.3	0.0	1	133884	n/a
65.38134765625	0.3	1.0	2	133901	n/a
65.3896484375	0.3	0.0	1	133918	n/a
65.39794921875	0.3	0.0	1	133935	n/a
65.40625	0.3	1.0	2	133952	n/a
65.41455078125	0.3	1.0	2	133969	n/a
65.4228515625	0.3	0.0	1	133986	n/a
65.43115234375	0.3	1.0	2	134003	n/a
65.439453125	0.3	0.0	1	134020	n/a
65.44775390625	0.3	0.0	1	134037	n/a
65.4560546875	0.3	1.0	2	134054	n/a
65.46435546875	0.3	1.0	2	134071	n/a
65.47265625	0.3	0.0	1	134088	n/a
65.4814453125	0.3	1.0	2	134106	n/a
65.48974609375	0.3	0.0	1	134123	n/a
65.498046875	0.3	0.0	1	134140	n/a
65.50634765625	0.3	1.0	2	134157	n/a
65.5146484375	0.3	0.0	1	134174	n/a
65.52294921875	0.3	1.0	2	134191	n/a
65.53125	0.3	0.0	1	134208	n/a
65.53955078125	0.3	1.0	2	134225	n/a
65.5478515625	0.3	1.0	2	134242	n/a
65.55615234375	0.3	0.0	1	134259	n/a
65.564453125	0.3	1.0	2	134276	n/a
65.57275390625	0.3	0.0	1	134293	n/a
65.5810546875	0.3	0.0	1	134310	n/a
65.58935546875	0.3	1.0	2	134327	n/a
65.59765625	0.3	1.0	2	134344	n/a
65.6064453125	0.3	0.0	1	134362	n/a
65.61474609375	0.3	0.0	1	134379	n/a
65.623046875	0.3	1.0	2	134396	n/a
65.63134765625	0.3	1.0	2	134413	n/a
65.6396484375	0.3	0.0	1	134430	n/a
65.64794921875	0.3	1.0	2	134447	n/a
65.65625	0.3	0.0	1	134464	n/a
65.66455078125	0.3	0.0	1	134481	n/a
65.6728515625	0.3	1.0	2	134498	n/a
65.68115234375	0.3	1.0	2	134515	n/a
65.689453125	0.3	0.0	1	134532	n/a
65.69775390625	0.3	1.0	2	134549	n/a
65.7060546875	0.3	0.0	1	134566	n/a
65.71435546875	0.3	1.0	2	134583	n/a
65.72265625	0.3	0.0	1	134600	n/a
65.7314453125	0.3	0.0	1	134618	n/a
65.73974609375	0.3	1.0	2	134635	n/a
65.748046875	0.3	0.0	1	134652	n/a
65.75634765625	0.3	1.0	2	134669	n/a
65.7646484375	0.3	1.0	2	134686	n/a
65.77294921875	0.3	0.0	1	134703	n/a
65.78125	0.3	0.0	1	134720	n/a
65.78955078125	0.3	1.0	2	134737	n/a
65.7978515625	0.3	0.0	1	134754	n/a
65.80615234375	0.3	1.0	2	134771	n/a
65.814453125	0.3	0.0	1	134788	n/a
65.82275390625	0.3	1.0	2	134805	n/a
65.8310546875	0.3	0.0	1	134822	n/a
65.83935546875	0.3	1.0	2	134839	n/a
65.84765625	0.3	0.0	1	134856	n/a
65.8564453125	0.3	1.0	2	134874	n/a
65.86474609375	0.3	1.0	2	134891	n/a
65.873046875	0.3	0.0	1	134908	n/a
65.88134765625	0.3	0.0	1	134925	n/a
65.8896484375	0.3	1.0	2	134942	n/a
65.89794921875	0.3	1.0	2	134959	n/a
65.90625	0.3	0.0	1	134976	n/a
65.91455078125	0.3	0.0	1	134993	n/a
65.9228515625	0.3	1.0	2	135010	n/a
65.93115234375	0.3	1.0	2	135027	n/a
65.939453125	0.3	0.0	1	135044	n/a
65.94775390625	0.3	0.0	1	135061	n/a
65.9560546875	0.3	1.0	2	135078	n/a
65.96435546875	0.3	1.0	2	135095	n/a
65.97265625	0.3	0.0	1	135112	n/a
65.9814453125	0.3	1.0	2	135130	n/a
65.98974609375	0.3	0.0	1	135147	n/a
65.998046875	0.3	0.0	1	135164	n/a
66.00634765625	0.3	1.0	2	135181	n/a
66.0146484375	0.3	1.0	2	135198	n/a
66.02294921875	0.3	0.0	1	135215	n/a
66.03125	0.3	1.0	2	135232	n/a
66.03955078125	0.3	0.0	1	135249	n/a
66.0478515625	0.3	0.0	1	135266	n/a
66.05615234375	0.3	1.0	2	135283	n/a
66.064453125	0.3	1.0	2	135300	n/a
66.07275390625	0.3	0.0	1	135317	n/a
66.0810546875	0.3	0.0	1	135334	n/a
66.08935546875	0.3	1.0	2	135351	n/a
66.09765625	0.3	1.0	2	135368	n/a
66.1064453125	0.3	0.0	1	135386	n/a
66.11474609375	0.3	1.0	2	135403	n/a
66.123046875	0.3	0.0	1	135420	n/a
66.13134765625	0.3	0.0	1	135437	n/a
66.1396484375	0.3	1.0	2	135454	n/a
66.14794921875	0.3	1.0	2	135471	n/a
66.15625	0.3	0.0	1	135488	n/a
66.16455078125	0.3	0.0	1	135505	n/a
66.1728515625	0.3	1.0	2	135522	n/a
66.18115234375	0.3	0.0	1	135539	n/a
66.189453125	0.3	1.0	2	135556	n/a
66.19775390625	0.3	1.0	2	135573	n/a
66.2060546875	0.3	0.0	1	135590	n/a
66.21435546875	0.3	0.0	1	135607	n/a
66.22265625	0.3	1.0	2	135624	n/a
66.2314453125	0.3	1.0	2	135642	n/a
66.23974609375	0.3	0.0	1	135659	n/a
66.248046875	0.3	1.0	2	135676	n/a
66.25634765625	0.3	0.0	1	135693	n/a
66.2646484375	0.3	0.0	1	135710	n/a
66.27294921875	0.3	1.0	2	135727	n/a
66.28125	0.3	0.0	1	135744	n/a
66.28955078125	0.3	1.0	2	135761	n/a
66.2978515625	0.3	0.0	1	135778	n/a
66.30615234375	0.3	1.0	2	135795	n/a
66.314453125	0.3	0.0	1	135812	n/a
66.32275390625	0.3	1.0	2	135829	n/a
66.3310546875	0.3	1.0	2	135846	n/a
66.33935546875	0.3	0.0	1	135863	n/a
66.34765625	0.3	0.0	1	135880	n/a
66.3564453125	0.3	1.0	2	135898	n/a
66.36474609375	0.3	0.0	1	135915	n/a
66.373046875	0.3	1.0	2	135932	n/a
66.38134765625	0.3	1.0	2	135949	n/a
66.3896484375	0.3	0.0	1	135966	n/a
66.39794921875	0.3	0.0	1	135983	n/a
66.40625	0.3	1.0	2	136000	n/a
66.41455078125	0.3	1.0	2	136017	n/a
66.4228515625	0.3	0.0	1	136034	n/a
66.43115234375	0.3	1.0	2	136051	n/a
66.439453125	0.3	0.0	1	136068	n/a
66.44775390625	0.3	0.0	1	136085	n/a
66.4560546875	0.3	1.0	2	136102	n/a
66.46435546875	0.3	1.0	2	136119	n/a
66.47265625	0.3	0.0	1	136136	n/a
66.4814453125	0.3	1.0	2	136154	n/a
66.48974609375	0.3	0.0	1	136171	n/a
66.498046875	0.3	0.0	1	136188	n/a
66.50634765625	0.3	1.0	2	136205	n/a
66.5146484375	0.3	1.0	2	136222	n/a
66.52294921875	0.3	0.0	1	136239	n/a
66.53125	0.3	1.0	2	136256	n/a
66.53955078125	0.3	0.0	1	136273	n/a
66.5478515625	0.3	0.0	1	136290	n/a
66.55615234375	0.3	1.0	2	136307	n/a
66.564453125	0.3	0.0	1	136324	n/a
66.57275390625	0.3	1.0	2	136341	n/a
66.5810546875	0.3	0.0	1	136358	n/a
66.58935546875	0.3	1.0	2	136375	n/a
66.59765625	0.3	1.0	2	136392	n/a
66.6064453125	0.3	0.0	1	136410	n/a
66.61474609375	0.3	1.0	2	136427	n/a
66.623046875	0.3	0.0	1	136444	n/a
66.63134765625	0.3	0.0	1	136461	n/a
66.6396484375	0.3	1.0	2	136478	n/a
66.64794921875	0.3	1.0	2	136495	n/a
66.65625	0.3	0.0	1	136512	n/a
66.66455078125	0.3	0.0	1	136529	n/a
66.6728515625	0.3	1.0	2	136546	n/a
66.68115234375	0.3	1.0	2	136563	n/a
66.689453125	0.3	0.0	1	136580	n/a
66.69775390625	0.3	1.0	2	136597	n/a
66.7060546875	0.3	0.0	1	136614	n/a
66.71435546875	0.3	0.0	1	136631	n/a
66.72265625	0.3	1.0	2	136648	n/a
66.7314453125	0.3	1.0	2	136666	n/a
66.73974609375	0.3	0.0	1	136683	n/a
66.748046875	0.3	1.0	2	136700	n/a
66.75634765625	0.3	0.0	1	136717	n/a
66.7646484375	0.3	1.0	2	136734	n/a
66.77294921875	0.3	0.0	1	136751	n/a
66.78125	0.3	0.0	1	136768	n/a
66.78955078125	0.3	1.0	2	136785	n/a
66.7978515625	0.3	0.0	1	136802	n/a
66.80615234375	0.3	1.0	2	136819	n/a
66.814453125	0.3	1.0	2	136836	n/a
66.82275390625	0.3	0.0	1	136853	n/a
66.8310546875	0.3	0.0	1	136870	n/a
66.83935546875	0.3	1.0	2	136887	n/a
66.84765625	0.3	0.0	1	136904	n/a
66.8564453125	0.3	1.0	2	136922	n/a
66.86474609375	0.3	0.0	1	136939	n/a
66.873046875	0.3	1.0	2	136956	n/a
66.88134765625	0.3	0.0	1	136973	n/a
66.8896484375	0.3	1.0	2	136990	n/a
66.89794921875	0.3	0.0	1	137007	n/a
66.90625	0.3	1.0	2	137024	n/a
66.91455078125	0.3	1.0	2	137041	n/a
66.9228515625	0.3	0.0	1	137058	n/a
66.93115234375	0.3	0.0	1	137075	n/a
66.939453125	0.3	1.0	2	137092	n/a
66.94775390625	0.3	1.0	2	137109	n/a
66.9560546875	0.3	0.0	1	137126	n/a
66.96435546875	0.3	0.0	1	137143	n/a
66.97265625	0.3	1.0	2	137160	n/a
66.9814453125	0.3	1.0	2	137178	n/a
66.98974609375	0.3	0.0	1	137195	n/a
66.998046875	0.3	0.0	1	137212	n/a
67.00634765625	0.3	1.0	2	137229	n/a
67.0146484375	0.3	1.0	2	137246	n/a
67.02294921875	0.3	0.0	1	137263	n/a
67.03125	0.3	1.0	2	137280	n/a
67.03955078125	0.3	0.0	1	137297	n/a
67.0478515625	0.3	0.0	1	137314	n/a
67.05615234375	0.3	1.0	2	137331	n/a
67.064453125	0.3	1.0	2	137348	n/a
67.07275390625	0.3	0.0	1	137365	n/a
67.0810546875	0.3	1.0	2	137382	n/a
67.08935546875	0.3	0.0	1	137399	n/a
67.09765625	0.3	0.0	1	137416	n/a
67.1064453125	0.3	1.0	2	137434	n/a
67.11474609375	0.3	1.0	2	137451	n/a
67.123046875	0.3	0.0	1	137468	n/a
67.13134765625	0.3	0.0	1	137485	n/a
67.1396484375	0.3	1.0	2	137502	n/a
67.14794921875	0.3	1.0	2	137519	n/a
67.15625	0.3	0.0	1	137536	n/a
67.16455078125	0.3	1.0	2	137553	n/a
67.1728515625	0.3	0.0	1	137570	n/a
67.18115234375	0.3	0.0	1	137587	n/a
67.189453125	0.3	1.0	2	137604	n/a
67.19775390625	0.3	1.0	2	137621	n/a
67.2060546875	0.3	0.0	1	137638	n/a
67.21435546875	0.3	0.0	1	137655	n/a
67.22265625	0.3	1.0	2	137672	n/a
67.2314453125	0.3	0.0	1	137690	n/a
67.23974609375	0.3	1.0	2	137707	n/a
67.248046875	0.3	1.0	2	137724	n/a
67.25634765625	0.3	0.0	1	137741	n/a
67.2646484375	0.3	0.0	1	137758	n/a
67.27294921875	0.3	1.0	2	137775	n/a
67.28125	0.3	1.0	2	137792	n/a
67.28955078125	0.3	0.0	1	137809	n/a
67.2978515625	0.3	1.0	2	137826	n/a
67.30615234375	0.3	0.0	1	137843	n/a
67.314453125	0.3	0.0	1	137860	n/a
67.32275390625	0.3	1.0	2	137877	n/a
67.3310546875	0.3	0.0	1	137894	n/a
67.33935546875	0.3	1.0	2	137911	n/a
67.34765625	0.3	0.0	1	137928	n/a
67.3564453125	0.3	1.0	2	137946	n/a
67.36474609375	0.3	0.0	1	137963	n/a
67.373046875	0.3	1.0	2	137980	n/a
67.38134765625	0.3	1.0	2	137997	n/a
67.3896484375	0.3	0.0	1	138014	n/a
67.39794921875	0.3	0.0	1	138031	n/a
67.40625	0.3	1.0	2	138048	n/a
67.41455078125	0.3	0.0	1	138065	n/a
67.4228515625	0.3	1.0	2	138082	n/a
67.43115234375	0.3	1.0	2	138099	n/a
67.439453125	0.3	0.0	1	138116	n/a
67.44775390625	0.3	0.0	1	138133	n/a
67.4560546875	0.3	1.0	2	138150	n/a
67.46435546875	0.3	1.0	2	138167	n/a
67.47265625	0.3	0.0	1	138184	n/a
67.4814453125	0.3	1.0	2	138202	n/a
67.48974609375	0.3	0.0	1	138219	n/a
67.498046875	0.3	0.0	1	138236	n/a
67.50634765625	0.3	1.0	2	138253	n/a
67.5146484375	0.3	1.0	2	138270	n/a
67.52294921875	0.3	0.0	1	138287	n/a
67.53125	0.3	1.0	2	138304	n/a
67.53955078125	0.3	0.0	1	138321	n/a
67.5478515625	0.3	0.0	1	138338	n/a
67.55615234375	0.3	1.0	2	138355	n/a
67.564453125	0.3	1.0	2	138372	n/a
67.57275390625	0.3	0.0	1	138389	n/a
67.5810546875	0.3	1.0	2	138406	n/a
67.58935546875	0.3	0.0	1	138423	n/a
67.59765625	0.3	0.0	1	138440	n/a
67.6064453125	0.3	1.0	2	138458	n/a
67.61474609375	0.3	0.0	1	138475	n/a
67.623046875	0.3	1.0	2	138492	n/a
67.63134765625	0.3	0.0	1	138509	n/a
67.6396484375	0.3	1.0	2	138526	n/a
67.64794921875	0.3	1.0	2	138543	n/a
67.65625	0.3	0.0	1	138560	n/a
67.66455078125	0.3	1.0	2	138577	n/a
67.6728515625	0.3	0.0	1	138594	n/a
67.68115234375	0.3	0.0	1	138611	n/a
67.689453125	0.3	1.0	2	138628	n/a
67.69775390625	0.3	1.0	2	138645	n/a
67.7060546875	0.3	0.0	1	138662	n/a
67.71435546875	0.3	0.0	1	138679	n/a
67.72265625	0.3	1.0	2	138696	n/a
67.7314453125	0.3	1.0	2	138714	n/a
67.73974609375	0.3	0.0	1	138731	n/a
67.748046875	0.3	1.0	2	138748	n/a
67.75634765625	0.3	0.0	1	138765	n/a
67.7646484375	0.3	0.0	1	138782	n/a
67.77294921875	0.3	1.0	2	138799	n/a
67.78125	0.3	1.0	2	138816	n/a
67.78955078125	0.3	0.0	1	138833	n/a
67.7978515625	0.3	1.0	2	138850	n/a
67.80615234375	0.3	0.0	1	138867	n/a
67.814453125	0.3	1.0	2	138884	n/a
67.82275390625	0.3	0.0	1	138901	n/a
67.8310546875	0.3	0.0	1	138918	n/a
67.83935546875	0.3	1.0	2	138935	n/a
67.84765625	0.3	0.0	1	138952	n/a
67.8564453125	0.3	1.0	2	138970	n/a
67.86474609375	0.3	1.0	2	138987	n/a
67.873046875	0.3	0.0	1	139004	n/a
67.88134765625	0.3	0.0	1	139021	n/a
67.8896484375	0.3	1.0	2	139038	n/a
67.89794921875	0.3	0.0	1	139055	n/a
67.90625	0.3	1.0	2	139072	n/a
67.91455078125	0.3	0.0	1	139089	n/a
67.9228515625	0.3	1.0	2	139106	n/a
67.93115234375	0.3	0.0	1	139123	n/a
67.939453125	0.3	1.0	2	139140	n/a
67.94775390625	0.3	0.0	1	139157	n/a
67.9560546875	0.3	1.0	2	139174	n/a
67.96435546875	0.3	1.0	2	139191	n/a
67.97265625	0.3	0.0	1	139208	n/a
67.9814453125	0.3	0.0	1	139226	n/a
67.98974609375	0.3	1.0	2	139243	n/a
67.998046875	0.3	1.0	2	139260	n/a
68.00634765625	0.3	0.0	1	139277	n/a
68.0146484375	0.3	0.0	1	139294	n/a
68.02294921875	0.3	1.0	2	139311	n/a
68.03125	0.3	1.0	2	139328	n/a
68.03955078125	0.3	0.0	1	139345	n/a
68.0478515625	0.3	0.0	1	139362	n/a
68.05615234375	0.3	1.0	2	139379	n/a
68.064453125	0.3	1.0	2	139396	n/a
68.07275390625	0.3	0.0	1	139413	n/a
68.0810546875	0.3	1.0	2	139430	n/a
68.08935546875	0.3	0.0	1	139447	n/a
68.09765625	0.3	0.0	1	139464	n/a
68.1064453125	0.3	1.0	2	139482	n/a
68.11474609375	0.3	1.0	2	139499	n/a
68.123046875	0.3	0.0	1	139516	n/a
68.13134765625	0.3	1.0	2	139533	n/a
68.1396484375	0.3	0.0	1	139550	n/a
68.14794921875	0.3	0.0	1	139567	n/a
68.15625	0.3	1.0	2	139584	n/a
68.16455078125	0.3	1.0	2	139601	n/a
68.1728515625	0.3	0.0	1	139618	n/a
68.18115234375	0.3	0.0	1	139635	n/a
68.189453125	0.3	1.0	2	139652	n/a
68.19775390625	0.3	1.0	2	139669	n/a
68.2060546875	0.3	0.0	1	139686	n/a
68.21435546875	0.3	1.0	2	139703	n/a
68.22265625	0.3	0.0	1	139720	n/a
68.2314453125	0.3	0.0	1	139738	n/a
68.23974609375	0.3	1.0	2	139755	n/a
68.248046875	0.3	1.0	2	139772	n/a
68.25634765625	0.3	0.0	1	139789	n/a
68.2646484375	0.3	0.0	1	139806	n/a
68.27294921875	0.3	1.0	2	139823	n/a
68.28125	0.3	0.0	1	139840	n/a
68.28955078125	0.3	1.0	2	139857	n/a
68.2978515625	0.3	1.0	2	139874	n/a
68.30615234375	0.3	0.0	1	139891	n/a
68.314453125	0.3	0.0	1	139908	n/a
68.32275390625	0.3	1.0	2	139925	n/a
68.3310546875	0.3	1.0	2	139942	n/a
68.33935546875	0.3	0.0	1	139959	n/a
68.34765625	0.3	1.0	2	139976	n/a
68.3564453125	0.3	0.0	1	139994	n/a
70.73193359375	0.3	0.0	1	144859	9.0
70.740234375	0.3	1.0	2	144876	n/a
70.74853515625	0.3	0.0	1	144893	n/a
70.7568359375	0.3	1.0	2	144910	n/a
70.76513671875	0.3	1.0	2	144927	n/a
70.7734375	0.3	0.0	1	144944	n/a
70.78173828125	0.3	1.0	2	144961	n/a
70.7900390625	0.3	0.0	1	144978	n/a
70.798828125	0.3	1.0	2	144996	n/a
70.80712890625	0.3	0.0	1	145013	n/a
70.8154296875	0.3	1.0	2	145030	n/a
70.82373046875	0.3	0.0	1	145047	n/a
70.83203125	0.3	1.0	2	145064	n/a
70.84033203125	0.3	0.0	1	145081	n/a
70.8486328125	0.3	1.0	2	145098	n/a
70.85693359375	0.3	0.0	1	145115	n/a
70.865234375	0.3	0.0	1	145132	n/a
70.87353515625	0.3	1.0	2	145149	n/a
70.8818359375	0.3	1.0	2	145166	n/a
70.89013671875	0.3	0.0	1	145183	n/a
70.8984375	0.3	0.0	1	145200	n/a
70.90673828125	0.3	1.0	2	145217	n/a
70.9150390625	0.3	0.0	1	145234	n/a
70.923828125	0.3	1.0	2	145252	n/a
70.93212890625	0.3	1.0	2	145269	n/a
70.9404296875	0.3	0.0	1	145286	n/a
70.94873046875	0.3	0.0	1	145303	n/a
70.95703125	0.3	1.0	2	145320	n/a
70.96533203125	0.3	0.0	1	145337	n/a
70.9736328125	0.3	1.0	2	145354	n/a
70.98193359375	0.3	1.0	2	145371	n/a
70.990234375	0.3	0.0	1	145388	n/a
70.99853515625	0.3	1.0	2	145405	n/a
71.0068359375	0.3	0.0	1	145422	n/a
71.01513671875	0.3	0.0	1	145439	n/a
71.0234375	0.3	1.0	2	145456	n/a
71.03173828125	0.3	1.0	2	145473	n/a
71.0400390625	0.3	0.0	1	145490	n/a
71.048828125	0.3	1.0	2	145508	n/a
71.05712890625	0.3	0.0	1	145525	n/a
71.0654296875	0.3	0.0	1	145542	n/a
71.07373046875	0.3	1.0	2	145559	n/a
71.08203125	0.3	1.0	2	145576	n/a
71.09033203125	0.3	0.0	1	145593	n/a
71.0986328125	0.3	0.0	1	145610	n/a
71.10693359375	0.3	1.0	2	145627	n/a
71.115234375	0.3	1.0	2	145644	n/a
71.12353515625	0.3	0.0	1	145661	n/a
71.1318359375	0.3	0.0	1	145678	n/a
71.14013671875	0.3	1.0	2	145695	n/a
71.1484375	0.3	1.0	2	145712	n/a
71.15673828125	0.3	0.0	1	145729	n/a
71.1650390625	0.3	0.0	1	145746	n/a
71.173828125	0.3	1.0	2	145764	n/a
71.18212890625	0.3	0.0	1	145781	n/a
71.1904296875	0.3	1.0	2	145798	n/a
71.19873046875	0.3	0.0	1	145815	n/a
71.20703125	0.3	1.0	2	145832	n/a
71.21533203125	0.3	0.0	1	145849	n/a
71.2236328125	0.3	1.0	2	145866	n/a
71.23193359375	0.3	0.0	1	145883	n/a
71.240234375	0.3	1.0	2	145900	n/a
71.24853515625	0.3	1.0	2	145917	n/a
71.2568359375	0.3	0.0	1	145934	n/a
71.26513671875	0.3	1.0	2	145951	n/a
71.2734375	0.3	0.0	1	145968	n/a
71.28173828125	0.3	0.0	1	145985	n/a
71.2900390625	0.3	1.0	2	146002	n/a
71.298828125	0.3	0.0	1	146020	n/a
71.30712890625	0.3	1.0	2	146037	n/a
71.3154296875	0.3	0.0	1	146054	n/a
71.32373046875	0.3	1.0	2	146071	n/a
71.33203125	0.3	1.0	2	146088	n/a
71.34033203125	0.3	0.0	1	146105	n/a
71.3486328125	0.3	0.0	1	146122	n/a
71.35693359375	0.3	1.0	2	146139	n/a
71.365234375	0.3	1.0	2	146156	n/a
71.37353515625	0.3	0.0	1	146173	n/a
71.3818359375	0.3	1.0	2	146190	n/a
71.39013671875	0.3	0.0	1	146207	n/a
71.3984375	0.3	1.0	2	146224	n/a
71.40673828125	0.3	0.0	1	146241	n/a
71.4150390625	0.3	1.0	2	146258	n/a
71.423828125	0.3	0.0	1	146276	n/a
71.43212890625	0.3	0.0	1	146293	n/a
71.4404296875	0.3	1.0	2	146310	n/a
71.44873046875	0.3	1.0	2	146327	n/a
71.45703125	0.3	0.0	1	146344	n/a
71.46533203125	0.3	1.0	2	146361	n/a
71.4736328125	0.3	0.0	1	146378	n/a
71.48193359375	0.3	0.0	1	146395	n/a
71.490234375	0.3	1.0	2	146412	n/a
71.49853515625	0.3	1.0	2	146429	n/a
71.5068359375	0.3	0.0	1	146446	n/a
71.51513671875	0.3	0.0	1	146463	n/a
71.5234375	0.3	1.0	2	146480	n/a
71.53173828125	0.3	0.0	1	146497	n/a
71.5400390625	0.3	1.0	2	146514	n/a
71.548828125	0.3	0.0	1	146532	n/a
71.55712890625	0.3	1.0	2	146549	n/a
71.5654296875	0.3	1.0	2	146566	n/a
71.57373046875	0.3	0.0	1	146583	n/a
71.58203125	0.3	0.0	1	146600	n/a
71.59033203125	0.3	1.0	2	146617	n/a
71.5986328125	0.3	0.0	1	146634	n/a
71.60693359375	0.3	1.0	2	146651	n/a
71.615234375	0.3	0.0	1	146668	n/a
71.62353515625	0.3	1.0	2	146685	n/a
71.6318359375	0.3	0.0	1	146702	n/a
71.64013671875	0.3	1.0	2	146719	n/a
71.6484375	0.3	1.0	2	146736	n/a
71.65673828125	0.3	0.0	1	146753	n/a
71.6650390625	0.3	1.0	2	146770	n/a
71.673828125	0.3	0.0	1	146788	n/a
71.68212890625	0.3	1.0	2	146805	n/a
71.6904296875	0.3	0.0	1	146822	n/a
71.69873046875	0.3	0.0	1	146839	n/a
71.70703125	0.3	1.0	2	146856	n/a
71.71533203125	0.3	0.0	1	146873	n/a
71.7236328125	0.3	1.0	2	146890	n/a
71.73193359375	0.3	1.0	2	146907	n/a
71.740234375	0.3	0.0	1	146924	n/a
71.74853515625	0.3	1.0	2	146941	n/a
71.7568359375	0.3	0.0	1	146958	n/a
71.76513671875	0.3	0.0	1	146975	n/a
71.7734375	0.3	1.0	2	146992	n/a
71.78173828125	0.3	0.0	1	147009	n/a
71.7900390625	0.3	1.0	2	147026	n/a
71.798828125	0.3	0.0	1	147044	n/a
71.80712890625	0.3	1.0	2	147061	n/a
71.8154296875	0.3	1.0	2	147078	n/a
71.82373046875	0.3	0.0	1	147095	n/a
71.83203125	0.3	1.0	2	147112	n/a
71.84033203125	0.3	0.0	1	147129	n/a
71.8486328125	0.3	1.0	2	147146	n/a
71.85693359375	0.3	0.0	1	147163	n/a
71.865234375	0.3	1.0	2	147180	n/a
71.87353515625	0.3	0.0	1	147197	n/a
71.8818359375	0.3	1.0	2	147214	n/a
71.89013671875	0.3	0.0	1	147231	n/a
71.8984375	0.3	1.0	2	147248	n/a
71.90673828125	0.3	0.0	1	147265	n/a
71.9150390625	0.3	0.0	1	147282	n/a
71.923828125	0.3	1.0	2	147300	n/a
71.93212890625	0.3	1.0	2	147317	n/a
71.9404296875	0.3	0.0	1	147334	n/a
71.94873046875	0.3	0.0	1	147351	n/a
71.95703125	0.3	1.0	2	147368	n/a
71.96533203125	0.3	0.0	1	147385	n/a
71.9736328125	0.3	1.0	2	147402	n/a
71.98193359375	0.3	1.0	2	147419	n/a
71.990234375	0.3	0.0	1	147436	n/a
71.99853515625	0.3	0.0	1	147453	n/a
72.0068359375	0.3	1.0	2	147470	n/a
72.01513671875	0.3	0.0	1	147487	n/a
72.0234375	0.3	1.0	2	147504	n/a
72.03173828125	0.3	1.0	2	147521	n/a
72.0400390625	0.3	0.0	1	147538	n/a
72.048828125	0.3	1.0	2	147556	n/a
72.05712890625	0.3	0.0	1	147573	n/a
72.0654296875	0.3	0.0	1	147590	n/a
72.07373046875	0.3	1.0	2	147607	n/a
72.08203125	0.3	1.0	2	147624	n/a
72.09033203125	0.3	0.0	1	147641	n/a
72.0986328125	0.3	1.0	2	147658	n/a
72.10693359375	0.3	0.0	1	147675	n/a
72.115234375	0.3	0.0	1	147692	n/a
72.12353515625	0.3	1.0	2	147709	n/a
72.1318359375	0.3	1.0	2	147726	n/a
72.14013671875	0.3	0.0	1	147743	n/a
72.1484375	0.3	0.0	1	147760	n/a
72.15673828125	0.3	1.0	2	147777	n/a
72.1650390625	0.3	1.0	2	147794	n/a
72.173828125	0.3	0.0	1	147812	n/a
72.18212890625	0.3	0.0	1	147829	n/a
72.1904296875	0.3	1.0	2	147846	n/a
72.19873046875	0.3	1.0	2	147863	n/a
72.20703125	0.3	0.0	1	147880	n/a
72.21533203125	0.3	0.0	1	147897	n/a
72.2236328125	0.3	1.0	2	147914	n/a
72.23193359375	0.3	0.0	1	147931	n/a
72.240234375	0.3	1.0	2	147948	n/a
72.24853515625	0.3	0.0	1	147965	n/a
72.2568359375	0.3	1.0	2	147982	n/a
72.26513671875	0.3	0.0	1	147999	n/a
72.2734375	0.3	1.0	2	148016	n/a
72.28173828125	0.3	0.0	1	148033	n/a
72.2900390625	0.3	1.0	2	148050	n/a
72.298828125	0.3	1.0	2	148068	n/a
72.30712890625	0.3	0.0	1	148085	n/a
72.3154296875	0.3	1.0	2	148102	n/a
72.32373046875	0.3	0.0	1	148119	n/a
72.33203125	0.3	0.0	1	148136	n/a
72.34033203125	0.3	1.0	2	148153	n/a
72.3486328125	0.3	0.0	1	148170	n/a
72.35693359375	0.3	1.0	2	148187	n/a
72.365234375	0.3	0.0	1	148204	n/a
72.37353515625	0.3	1.0	2	148221	n/a
72.3818359375	0.3	1.0	2	148238	n/a
72.39013671875	0.3	0.0	1	148255	n/a
72.3984375	0.3	0.0	1	148272	n/a
72.40673828125	0.3	1.0	2	148289	n/a
72.4150390625	0.3	1.0	2	148306	n/a
72.423828125	0.3	0.0	1	148324	n/a
72.43212890625	0.3	1.0	2	148341	n/a
72.4404296875	0.3	0.0	1	148358	n/a
72.44873046875	0.3	1.0	2	148375	n/a
72.45703125	0.3	0.0	1	148392	n/a
72.46533203125	0.3	1.0	2	148409	n/a
72.4736328125	0.3	0.0	1	148426	n/a
72.48193359375	0.3	0.0	1	148443	n/a
72.490234375	0.3	1.0	2	148460	n/a
72.49853515625	0.3	1.0	2	148477	n/a
72.5068359375	0.3	0.0	1	148494	n/a
72.51513671875	0.3	1.0	2	148511	n/a
72.5234375	0.3	0.0	1	148528	n/a
72.53173828125	0.3	0.0	1	148545	n/a
72.5400390625	0.3	1.0	2	148562	n/a
72.548828125	0.3	1.0	2	148580	n/a
72.55712890625	0.3	0.0	1	148597	n/a
72.5654296875	0.3	0.0	1	148614	n/a
72.57373046875	0.3	1.0	2	148631	n/a
72.58203125	0.3	0.0	1	148648	n/a
72.59033203125	0.3	1.0	2	148665	n/a
72.5986328125	0.3	0.0	1	148682	n/a
72.60693359375	0.3	1.0	2	148699	n/a
72.615234375	0.3	1.0	2	148716	n/a
72.62353515625	0.3	0.0	1	148733	n/a
72.6318359375	0.3	0.0	1	148750	n/a
72.64013671875	0.3	1.0	2	148767	n/a
72.6484375	0.3	0.0	1	148784	n/a
72.65673828125	0.3	1.0	2	148801	n/a
72.6650390625	0.3	0.0	1	148818	n/a
72.673828125	0.3	1.0	2	148836	n/a
72.68212890625	0.3	0.0	1	148853	n/a
72.6904296875	0.3	1.0	2	148870	n/a
72.69873046875	0.3	1.0	2	148887	n/a
72.70703125	0.3	0.0	1	148904	n/a
72.71533203125	0.3	1.0	2	148921	n/a
72.7236328125	0.3	0.0	1	148938	n/a
72.73193359375	0.3	1.0	2	148955	n/a
72.740234375	0.3	0.0	1	148972	n/a
72.74853515625	0.3	0.0	1	148989	n/a
72.7568359375	0.3	1.0	2	149006	n/a
72.76513671875	0.3	0.0	1	149023	n/a
72.7734375	0.3	1.0	2	149040	n/a
72.78173828125	0.3	1.0	2	149057	n/a
72.7900390625	0.3	0.0	1	149074	n/a
72.798828125	0.3	1.0	2	149092	n/a
72.80712890625	0.3	0.0	1	149109	n/a
72.8154296875	0.3	0.0	1	149126	n/a
72.82373046875	0.3	1.0	2	149143	n/a
72.83203125	0.3	0.0	1	149160	n/a
72.84033203125	0.3	1.0	2	149177	n/a
72.8486328125	0.3	0.0	1	149194	n/a
72.85693359375	0.3	1.0	2	149211	n/a
72.865234375	0.3	1.0	2	149228	n/a
72.87353515625	0.3	0.0	1	149245	n/a
72.8818359375	0.3	1.0	2	149262	n/a
72.89013671875	0.3	0.0	1	149279	n/a
72.8984375	0.3	1.0	2	149296	n/a
72.90673828125	0.3	0.0	1	149313	n/a
72.9150390625	0.3	1.0	2	149330	n/a
72.923828125	0.3	0.0	1	149348	n/a
72.93212890625	0.3	1.0	2	149365	n/a
72.9404296875	0.3	0.0	1	149382	n/a
72.94873046875	0.3	1.0	2	149399	n/a
72.95703125	0.3	0.0	1	149416	n/a
72.96533203125	0.3	0.0	1	149433	n/a
72.9736328125	0.3	1.0	2	149450	n/a
72.98193359375	0.3	1.0	2	149467	n/a
72.990234375	0.3	0.0	1	149484	n/a
72.99853515625	0.3	0.0	1	149501	n/a
73.0068359375	0.3	1.0	2	149518	n/a
73.01513671875	0.3	0.0	1	149535	n/a
73.0234375	0.3	1.0	2	149552	n/a
73.03173828125	0.3	1.0	2	149569	n/a
73.0400390625	0.3	0.0	1	149586	n/a
73.048828125	0.3	0.0	1	149604	n/a
73.05712890625	0.3	1.0	2	149621	n/a
73.0654296875	0.3	0.0	1	149638	n/a
73.07373046875	0.3	1.0	2	149655	n/a
73.08203125	0.3	1.0	2	149672	n/a
73.09033203125	0.3	0.0	1	149689	n/a
73.0986328125	0.3	1.0	2	149706	n/a
73.10693359375	0.3	0.0	1	149723	n/a
73.115234375	0.3	0.0	1	149740	n/a
73.12353515625	0.3	1.0	2	149757	n/a
73.1318359375	0.3	1.0	2	149774	n/a
73.14013671875	0.3	0.0	1	149791	n/a
73.1484375	0.3	1.0	2	149808	n/a
73.15673828125	0.3	0.0	1	149825	n/a
73.1650390625	0.3	0.0	1	149842	n/a
73.173828125	0.3	1.0	2	149860	n/a
73.18212890625	0.3	1.0	2	149877	n/a
73.1904296875	0.3	0.0	1	149894	n/a
73.19873046875	0.3	0.0	1	149911	n/a
73.20703125	0.3	1.0	2	149928	n/a
73.21533203125	0.3	1.0	2	149945	n/a
73.2236328125	0.3	0.0	1	149962	n/a
73.23193359375	0.3	0.0	1	149979	n/a
73.240234375	0.3	1.0	2	149996	n/a
73.24853515625	0.3	1.0	2	150013	n/a
73.2568359375	0.3	0.0	1	150030	n/a
73.26513671875	0.3	0.0	1	150047	n/a
73.2734375	0.3	1.0	2	150064	n/a
73.28173828125	0.3	0.0	1	150081	n/a
73.2900390625	0.3	1.0	2	150098	n/a
73.298828125	0.3	0.0	1	150116	n/a
73.30712890625	0.3	1.0	2	150133	n/a
73.3154296875	0.3	0.0	1	150150	n/a
73.32373046875	0.3	1.0	2	150167	n/a
73.33203125	0.3	0.0	1	150184	n/a
73.34033203125	0.3	1.0	2	150201	n/a
73.3486328125	0.3	1.0	2	150218	n/a
73.35693359375	0.3	0.0	1	150235	n/a
73.365234375	0.3	1.0	2	150252	n/a
73.37353515625	0.3	0.0	1	150269	n/a
73.3818359375	0.3	0.0	1	150286	n/a
73.39013671875	0.3	1.0	2	150303	n/a
73.3984375	0.3	0.0	1	150320	n/a
73.40673828125	0.3	1.0	2	150337	n/a
73.4150390625	0.3	0.0	1	150354	n/a
73.423828125	0.3	1.0	2	150372	n/a
73.43212890625	0.3	1.0	2	150389	n/a
73.4404296875	0.3	0.0	1	150406	n/a
73.44873046875	0.3	0.0	1	150423	n/a
73.45703125	0.3	1.0	2	150440	n/a
73.46533203125	0.3	1.0	2	150457	n/a
73.4736328125	0.3	0.0	1	150474	n/a
73.48193359375	0.3	1.0	2	150491	n/a
73.490234375	0.3	0.0	1	150508	n/a
73.49853515625	0.3	1.0	2	150525	n/a
73.5068359375	0.3	0.0	1	150542	n/a
73.51513671875	0.3	1.0	2	150559	n/a
73.5234375	0.3	0.0	1	150576	n/a
73.53173828125	0.3	0.0	1	150593	n/a
73.5400390625	0.3	1.0	2	150610	n/a
73.548828125	0.3	1.0	2	150628	n/a
73.55712890625	0.3	0.0	1	150645	n/a
73.5654296875	0.3	1.0	2	150662	n/a
73.57373046875	0.3	0.0	1	150679	n/a
73.58203125	0.3	0.0	1	150696	n/a
73.59033203125	0.3	1.0	2	150713	n/a
73.5986328125	0.3	1.0	2	150730	n/a
73.60693359375	0.3	0.0	1	150747	n/a
73.615234375	0.3	0.0	1	150764	n/a
73.62353515625	0.3	1.0	2	150781	n/a
73.6318359375	0.3	0.0	1	150798	n/a
73.64013671875	0.3	1.0	2	150815	n/a
73.6484375	0.3	0.0	1	150832	n/a
73.65673828125	0.3	1.0	2	150849	n/a
73.6650390625	0.3	1.0	2	150866	n/a
73.673828125	0.3	0.0	1	150884	n/a
73.68212890625	0.3	0.0	1	150901	n/a
73.6904296875	0.3	1.0	2	150918	n/a
73.69873046875	0.3	0.0	1	150935	n/a
73.70703125	0.3	1.0	2	150952	n/a
73.71533203125	0.3	0.0	1	150969	n/a
73.7236328125	0.3	1.0	2	150986	n/a
73.73193359375	0.3	0.0	1	151003	n/a
73.740234375	0.3	1.0	2	151020	n/a
73.74853515625	0.3	1.0	2	151037	n/a
73.7568359375	0.3	0.0	1	151054	n/a
73.76513671875	0.3	1.0	2	151071	n/a
73.7734375	0.3	0.0	1	151088	n/a
73.78173828125	0.3	1.0	2	151105	n/a
73.7900390625	0.3	0.0	1	151122	n/a
73.798828125	0.3	0.0	1	151140	n/a
73.80712890625	0.3	1.0	2	151157	n/a
73.8154296875	0.3	0.0	1	151174	n/a
73.82373046875	0.3	1.0	2	151191	n/a
73.83203125	0.3	1.0	2	151208	n/a
73.84033203125	0.3	0.0	1	151225	n/a
73.8486328125	0.3	1.0	2	151242	n/a
73.85693359375	0.3	0.0	1	151259	n/a
73.865234375	0.3	0.0	1	151276	n/a
73.87353515625	0.3	1.0	2	151293	n/a
73.8818359375	0.3	0.0	1	151310	n/a
73.89013671875	0.3	1.0	2	151327	n/a
73.8984375	0.3	0.0	1	151344	n/a
73.90673828125	0.3	1.0	2	151361	n/a
73.9150390625	0.3	1.0	2	151378	n/a
73.923828125	0.3	0.0	1	151396	n/a
73.93212890625	0.3	1.0	2	151413	n/a
73.9404296875	0.3	0.0	1	151430	n/a
73.94873046875	0.3	1.0	2	151447	n/a
73.95703125	0.3	0.0	1	151464	n/a
73.96533203125	0.3	1.0	2	151481	n/a
73.9736328125	0.3	0.0	1	151498	n/a
73.98193359375	0.3	1.0	2	151515	n/a
73.990234375	0.3	0.0	1	151532	n/a
73.99853515625	0.3	1.0	2	151549	n/a
74.0068359375	0.3	0.0	1	151566	n/a
74.01513671875	0.3	0.0	1	151583	n/a
74.0234375	0.3	1.0	2	151600	n/a
74.03173828125	0.3	1.0	2	151617	n/a
74.0400390625	0.3	0.0	1	151634	n/a
74.048828125	0.3	0.0	1	151652	n/a
74.05712890625	0.3	1.0	2	151669	n/a
74.0654296875	0.3	0.0	1	151686	n/a
74.07373046875	0.3	1.0	2	151703	n/a
74.08203125	0.3	1.0	2	151720	n/a
74.09033203125	0.3	0.0	1	151737	n/a
74.0986328125	0.3	0.0	1	151754	n/a
74.10693359375	0.3	1.0	2	151771	n/a
74.115234375	0.3	0.0	1	151788	n/a
74.12353515625	0.3	1.0	2	151805	n/a
74.1318359375	0.3	1.0	2	151822	n/a
74.14013671875	0.3	0.0	1	151839	n/a
74.1484375	0.3	1.0	2	151856	n/a
74.15673828125	0.3	0.0	1	151873	n/a
74.1650390625	0.3	0.0	1	151890	n/a
74.173828125	0.3	1.0	2	151908	n/a
74.18212890625	0.3	1.0	2	151925	n/a
74.1904296875	0.3	0.0	1	151942	n/a
74.19873046875	0.3	1.0	2	151959	n/a
74.20703125	0.3	0.0	1	151976	n/a
74.21533203125	0.3	0.0	1	151993	n/a
74.2236328125	0.3	1.0	2	152010	n/a
74.23193359375	0.3	1.0	2	152027	n/a
74.240234375	0.3	0.0	1	152044	n/a
74.24853515625	0.3	0.0	1	152061	n/a
74.2568359375	0.3	1.0	2	152078	n/a
74.26513671875	0.3	1.0	2	152095	n/a
74.2734375	0.3	0.0	1	152112	n/a
74.28173828125	0.3	0.0	1	152129	n/a
74.2900390625	0.3	1.0	2	152146	n/a
74.298828125	0.3	1.0	2	152164	n/a
74.30712890625	0.3	0.0	1	152181	n/a
74.3154296875	0.3	0.0	1	152198	n/a
74.32373046875	0.3	1.0	2	152215	n/a
74.33203125	0.3	0.0	1	152232	n/a
74.34033203125	0.3	1.0	2	152249	n/a
74.3486328125	0.3	0.0	1	152266	n/a
74.35693359375	0.3	1.0	2	152283	n/a
74.365234375	0.3	0.0	1	152300	n/a
74.37353515625	0.3	1.0	2	152317	n/a
74.3818359375	0.3	0.0	1	152334	n/a
74.39013671875	0.3	1.0	2	152351	n/a
74.3984375	0.3	1.0	2	152368	n/a
74.40673828125	0.3	0.0	1	152385	n/a
74.4150390625	0.3	1.0	2	152402	n/a
74.423828125	0.3	0.0	1	152420	n/a
74.43212890625	0.3	0.0	1	152437	n/a
74.4404296875	0.3	1.0	2	152454	n/a
74.44873046875	0.3	0.0	1	152471	n/a
74.45703125	0.3	1.0	2	152488	n/a
74.46533203125	0.3	0.0	1	152505	n/a
74.4736328125	0.3	1.0	2	152522	n/a
74.48193359375	0.3	1.0	2	152539	n/a
74.490234375	0.3	0.0	1	152556	n/a
74.49853515625	0.3	0.0	1	152573	n/a
74.5068359375	0.3	1.0	2	152590	n/a
74.51513671875	0.3	1.0	2	152607	n/a
74.5234375	0.3	0.0	1	152624	n/a
74.53173828125	0.3	1.0	2	152641	n/a
74.5400390625	0.3	0.0	1	152658	n/a
74.548828125	0.3	1.0	2	152676	n/a
74.55712890625	0.3	0.0	1	152693	n/a
74.5654296875	0.3	1.0	2	152710	n/a
74.57373046875	0.3	0.0	1	152727	n/a
74.58203125	0.3	0.0	1	152744	n/a
74.59033203125	0.3	1.0	2	152761	n/a
74.5986328125	0.3	1.0	2	152778	n/a
74.60693359375	0.3	0.0	1	152795	n/a
74.615234375	0.3	1.0	2	152812	n/a
74.62353515625	0.3	0.0	1	152829	n/a
74.6318359375	0.3	0.0	1	152846	n/a
74.64013671875	0.3	1.0	2	152863	n/a
74.6484375	0.3	1.0	2	152880	n/a
74.65673828125	0.3	0.0	1	152897	n/a
74.6650390625	0.3	0.0	1	152914	n/a
74.673828125	0.3	1.0	2	152932	n/a
74.68212890625	0.3	0.0	1	152949	n/a
74.6904296875	0.3	1.0	2	152966	n/a
74.69873046875	0.3	0.0	1	152983	n/a
74.70703125	0.3	1.0	2	153000	n/a
74.71533203125	0.3	1.0	2	153017	n/a
74.7236328125	0.3	0.0	1	153034	n/a
74.73193359375	0.3	0.0	1	153051	n/a
74.740234375	0.3	1.0	2	153068	n/a
74.74853515625	0.3	0.0	1	153085	n/a
74.7568359375	0.3	1.0	2	153102	n/a
74.76513671875	0.3	0.0	1	153119	n/a
74.7734375	0.3	1.0	2	153136	n/a
74.78173828125	0.3	0.0	1	153153	n/a
74.7900390625	0.3	1.0	2	153170	n/a
74.798828125	0.3	1.0	2	153188	n/a
74.80712890625	0.3	0.0	1	153205	n/a
74.8154296875	0.3	1.0	2	153222	n/a
74.82373046875	0.3	0.0	1	153239	n/a
74.83203125	0.3	1.0	2	153256	n/a
74.84033203125	0.3	0.0	1	153273	n/a
74.8486328125	0.3	0.0	1	153290	n/a
74.85693359375	0.3	1.0	2	153307	n/a
74.865234375	0.3	0.0	1	153324	n/a
74.87353515625	0.3	1.0	2	153341	n/a
74.8818359375	0.3	1.0	2	153358	n/a
74.89013671875	0.3	0.0	1	153375	n/a
74.8984375	0.3	1.0	2	153392	n/a
74.90673828125	0.3	0.0	1	153409	n/a
74.9150390625	0.3	0.0	1	153426	n/a
74.923828125	0.3	1.0	2	153444	n/a
77.34912109375	0.3	1.0	2	158411	20.0
77.357421875	0.3	0.0	1	158428	n/a
77.36572265625	0.3	0.0	1	158445	n/a
77.3740234375	0.3	1.0	2	158462	n/a
77.38232421875	0.3	0.0	1	158479	n/a
77.390625	0.3	1.0	2	158496	n/a
77.39892578125	0.3	1.0	2	158513	n/a
77.4072265625	0.3	0.0	1	158530	n/a
77.416015625	0.3	0.0	1	158548	n/a
77.42431640625	0.3	1.0	2	158565	n/a
77.4326171875	0.3	0.0	1	158582	n/a
77.44091796875	0.3	1.0	2	158599	n/a
77.44921875	0.3	1.0	2	158616	n/a
77.45751953125	0.3	0.0	1	158633	n/a
77.4658203125	0.3	0.0	1	158650	n/a
77.47412109375	0.3	1.0	2	158667	n/a
77.482421875	0.3	0.0	1	158684	n/a
77.49072265625	0.3	1.0	2	158701	n/a
77.4990234375	0.3	1.0	2	158718	n/a
77.50732421875	0.3	0.0	1	158735	n/a
77.515625	0.3	1.0	2	158752	n/a
77.52392578125	0.3	0.0	1	158769	n/a
77.5322265625	0.3	1.0	2	158786	n/a
77.541015625	0.3	0.0	1	158804	n/a
77.54931640625	0.3	1.0	2	158821	n/a
77.5576171875	0.3	0.0	1	158838	n/a
77.56591796875	0.3	1.0	2	158855	n/a
77.57421875	0.3	0.0	1	158872	n/a
77.58251953125	0.3	1.0	2	158889	n/a
77.5908203125	0.3	0.0	1	158906	n/a
77.59912109375	0.3	1.0	2	158923	n/a
77.607421875	0.3	0.0	1	158940	n/a
77.61572265625	0.3	1.0	2	158957	n/a
77.6240234375	0.3	0.0	1	158974	n/a
77.63232421875	0.3	0.0	1	158991	n/a
77.640625	0.3	1.0	2	159008	n/a
77.64892578125	0.3	0.0	1	159025	n/a
77.6572265625	0.3	1.0	2	159042	n/a
77.666015625	0.3	1.0	2	159060	n/a
77.67431640625	0.3	0.0	1	159077	n/a
77.6826171875	0.3	0.0	1	159094	n/a
77.69091796875	0.3	1.0	2	159111	n/a
77.69921875	0.3	0.0	1	159128	n/a
77.70751953125	0.3	1.0	2	159145	n/a
77.7158203125	0.3	0.0	1	159162	n/a
77.72412109375	0.3	1.0	2	159179	n/a
77.732421875	0.3	1.0	2	159196	n/a
77.74072265625	0.3	0.0	1	159213	n/a
77.7490234375	0.3	0.0	1	159230	n/a
77.75732421875	0.3	1.0	2	159247	n/a
77.765625	0.3	1.0	2	159264	n/a
77.77392578125	0.3	0.0	1	159281	n/a
77.7822265625	0.3	1.0	2	159298	n/a
77.791015625	0.3	0.0	1	159316	n/a
77.79931640625	0.3	1.0	2	159333	n/a
77.8076171875	0.3	0.0	1	159350	n/a
77.81591796875	0.3	1.0	2	159367	n/a
77.82421875	0.3	0.0	1	159384	n/a
77.83251953125	0.3	0.0	1	159401	n/a
77.8408203125	0.3	1.0	2	159418	n/a
77.84912109375	0.3	0.0	1	159435	n/a
77.857421875	0.3	1.0	2	159452	n/a
77.86572265625	0.3	1.0	2	159469	n/a
77.8740234375	0.3	0.0	1	159486	n/a
77.88232421875	0.3	1.0	2	159503	n/a
77.890625	0.3	0.0	1	159520	n/a
77.89892578125	0.3	0.0	1	159537	n/a
77.9072265625	0.3	1.0	2	159554	n/a
77.916015625	0.3	1.0	2	159572	n/a
77.92431640625	0.3	0.0	1	159589	n/a
77.9326171875	0.3	0.0	1	159606	n/a
77.94091796875	0.3	1.0	2	159623	n/a
77.94921875	0.3	0.0	1	159640	n/a
77.95751953125	0.3	1.0	2	159657	n/a
77.9658203125	0.3	1.0	2	159674	n/a
77.97412109375	0.3	0.0	1	159691	n/a
77.982421875	0.3	0.0	1	159708	n/a
77.99072265625	0.3	1.0	2	159725	n/a
77.9990234375	0.3	0.0	1	159742	n/a
78.00732421875	0.3	1.0	2	159759	n/a
78.015625	0.3	0.0	1	159776	n/a
78.02392578125	0.3	1.0	2	159793	n/a
78.0322265625	0.3	0.0	1	159810	n/a
78.041015625	0.3	1.0	2	159828	n/a
78.04931640625	0.3	0.0	1	159845	n/a
78.0576171875	0.3	1.0	2	159862	n/a
78.06591796875	0.3	1.0	2	159879	n/a
78.07421875	0.3	0.0	1	159896	n/a
78.08251953125	0.3	0.0	1	159913	n/a
78.0908203125	0.3	1.0	2	159930	n/a
78.09912109375	0.3	0.0	1	159947	n/a
78.107421875	0.3	1.0	2	159964	n/a
78.11572265625	0.3	0.0	1	159981	n/a
78.1240234375	0.3	1.0	2	159998	n/a
78.13232421875	0.3	0.0	1	160015	n/a
78.140625	0.3	1.0	2	160032	n/a
78.14892578125	0.3	1.0	2	160049	n/a
78.1572265625	0.3	0.0	1	160066	n/a
78.166015625	0.3	0.0	1	160084	n/a
78.17431640625	0.3	1.0	2	160101	n/a
78.1826171875	0.3	1.0	2	160118	n/a
78.19091796875	0.3	0.0	1	160135	n/a
78.19921875	0.3	0.0	1	160152	n/a
78.20751953125	0.3	1.0	2	160169	n/a
78.2158203125	0.3	1.0	2	160186	n/a
78.22412109375	0.3	0.0	1	160203	n/a
78.232421875	0.3	1.0	2	160220	n/a
78.24072265625	0.3	0.0	1	160237	n/a
78.2490234375	0.3	0.0	1	160254	n/a
78.25732421875	0.3	1.0	2	160271	n/a
78.265625	0.3	1.0	2	160288	n/a
78.27392578125	0.3	0.0	1	160305	n/a
78.2822265625	0.3	0.0	1	160322	n/a
78.291015625	0.3	1.0	2	160340	n/a
78.29931640625	0.3	0.0	1	160357	n/a
78.3076171875	0.3	1.0	2	160374	n/a
78.31591796875	0.3	1.0	2	160391	n/a
78.32421875	0.3	0.0	1	160408	n/a
78.33251953125	0.3	1.0	2	160425	n/a
78.3408203125	0.3	0.0	1	160442	n/a
78.34912109375	0.3	1.0	2	160459	n/a
78.357421875	0.3	0.0	1	160476	n/a
78.36572265625	0.3	0.0	1	160493	n/a
78.3740234375	0.3	1.0	2	160510	n/a
78.38232421875	0.3	1.0	2	160527	n/a
78.390625	0.3	0.0	1	160544	n/a
78.39892578125	0.3	1.0	2	160561	n/a
78.4072265625	0.3	0.0	1	160578	n/a
78.416015625	0.3	0.0	1	160596	n/a
78.42431640625	0.3	1.0	2	160613	n/a
78.4326171875	0.3	0.0	1	160630	n/a
78.44091796875	0.3	1.0	2	160647	n/a
78.44921875	0.3	1.0	2	160664	n/a
78.45751953125	0.3	0.0	1	160681	n/a
78.4658203125	0.3	0.0	1	160698	n/a
78.47412109375	0.3	1.0	2	160715	n/a
78.482421875	0.3	0.0	1	160732	n/a
78.49072265625	0.3	1.0	2	160749	n/a
78.4990234375	0.3	1.0	2	160766	n/a
78.50732421875	0.3	0.0	1	160783	n/a
78.515625	0.3	0.0	1	160800	n/a
78.52392578125	0.3	1.0	2	160817	n/a
78.5322265625	0.3	0.0	1	160834	n/a
78.541015625	0.3	1.0	2	160852	n/a
78.54931640625	0.3	1.0	2	160869	n/a
78.5576171875	0.3	0.0	1	160886	n/a
78.56591796875	0.3	1.0	2	160903	n/a
78.57421875	0.3	0.0	1	160920	n/a
78.58251953125	0.3	1.0	2	160937	n/a
78.5908203125	0.3	0.0	1	160954	n/a
78.59912109375	0.3	1.0	2	160971	n/a
78.607421875	0.3	0.0	1	160988	n/a
78.61572265625	0.3	1.0	2	161005	n/a
78.6240234375	0.3	0.0	1	161022	n/a
78.63232421875	0.3	1.0	2	161039	n/a
78.640625	0.3	0.0	1	161056	n/a
78.64892578125	0.3	1.0	2	161073	n/a
78.6572265625	0.3	0.0	1	161090	n/a
78.666015625	0.3	1.0	2	161108	n/a
78.67431640625	0.3	0.0	1	161125	n/a
78.6826171875	0.3	0.0	1	161142	n/a
78.69091796875	0.3	1.0	2	161159	n/a
78.69921875	0.3	0.0	1	161176	n/a
78.70751953125	0.3	1.0	2	161193	n/a
78.7158203125	0.3	1.0	2	161210	n/a
78.72412109375	0.3	0.0	1	161227	n/a
78.732421875	0.3	0.0	1	161244	n/a
78.74072265625	0.3	1.0	2	161261	n/a
78.7490234375	0.3	0.0	1	161278	n/a
78.75732421875	0.3	1.0	2	161295	n/a
78.765625	0.3	0.0	1	161312	n/a
78.77392578125	0.3	1.0	2	161329	n/a
78.7822265625	0.3	1.0	2	161346	n/a
78.791015625	0.3	0.0	1	161364	n/a
78.79931640625	0.3	0.0	1	161381	n/a
78.8076171875	0.3	1.0	2	161398	n/a
78.81591796875	0.3	1.0	2	161415	n/a
78.82421875	0.3	0.0	1	161432	n/a
78.83251953125	0.3	1.0	2	161449	n/a
78.8408203125	0.3	0.0	1	161466	n/a
78.84912109375	0.3	1.0	2	161483	n/a
78.857421875	0.3	0.0	1	161500	n/a
78.86572265625	0.3	1.0	2	161517	n/a
78.8740234375	0.3	0.0	1	161534	n/a
78.88232421875	0.3	0.0	1	161551	n/a
78.890625	0.3	1.0	2	161568	n/a
78.89892578125	0.3	0.0	1	161585	n/a
78.9072265625	0.3	1.0	2	161602	n/a
78.916015625	0.3	1.0	2	161620	n/a
78.92431640625	0.3	0.0	1	161637	n/a
78.9326171875	0.3	1.0	2	161654	n/a
78.94091796875	0.3	0.0	1	161671	n/a
78.94921875	0.3	0.0	1	161688	n/a
78.95751953125	0.3	1.0	2	161705	n/a
78.9658203125	0.3	1.0	2	161722	n/a
78.97412109375	0.3	0.0	1	161739	n/a
78.982421875	0.3	0.0	1	161756	n/a
78.99072265625	0.3	1.0	2	161773	n/a
78.9990234375	0.3	0.0	1	161790	n/a
79.00732421875	0.3	1.0	2	161807	n/a
79.015625	0.3	1.0	2	161824	n/a
79.02392578125	0.3	0.0	1	161841	n/a
79.0322265625	0.3	0.0	1	161858	n/a
79.041015625	0.3	1.0	2	161876	n/a
79.04931640625	0.3	0.0	1	161893	n/a
79.0576171875	0.3	1.0	2	161910	n/a
79.06591796875	0.3	0.0	1	161927	n/a
79.07421875	0.3	1.0	2	161944	n/a
79.08251953125	0.3	0.0	1	161961	n/a
79.0908203125	0.3	1.0	2	161978	n/a
79.09912109375	0.3	0.0	1	161995	n/a
79.107421875	0.3	1.0	2	162012	n/a
79.11572265625	0.3	1.0	2	162029	n/a
79.1240234375	0.3	0.0	1	162046	n/a
79.13232421875	0.3	0.0	1	162063	n/a
79.140625	0.3	1.0	2	162080	n/a
79.14892578125	0.3	0.0	1	162097	n/a
79.1572265625	0.3	1.0	2	162114	n/a
79.166015625	0.3	0.0	1	162132	n/a
79.17431640625	0.3	1.0	2	162149	n/a
79.1826171875	0.3	0.0	1	162166	n/a
79.19091796875	0.3	1.0	2	162183	n/a
79.19921875	0.3	1.0	2	162200	n/a
79.20751953125	0.3	0.0	1	162217	n/a
79.2158203125	0.3	0.0	1	162234	n/a
79.22412109375	0.3	1.0	2	162251	n/a
79.232421875	0.3	1.0	2	162268	n/a
79.24072265625	0.3	0.0	1	162285	n/a
79.2490234375	0.3	0.0	1	162302	n/a
79.25732421875	0.3	1.0	2	162319	n/a
79.265625	0.3	1.0	2	162336	n/a
79.27392578125	0.3	0.0	1	162353	n/a
79.2822265625	0.3	1.0	2	162370	n/a
79.291015625	0.3	0.0	1	162388	n/a
79.29931640625	0.3	0.0	1	162405	n/a
79.3076171875	0.3	1.0	2	162422	n/a
79.31591796875	0.3	1.0	2	162439	n/a
79.32421875	0.3	0.0	1	162456	n/a
79.33251953125	0.3	0.0	1	162473	n/a
79.3408203125	0.3	1.0	2	162490	n/a
79.34912109375	0.3	0.0	1	162507	n/a
79.357421875	0.3	1.0	2	162524	n/a
79.36572265625	0.3	1.0	2	162541	n/a
79.3740234375	0.3	0.0	1	162558	n/a
79.38232421875	0.3	1.0	2	162575	n/a
79.390625	0.3	0.0	1	162592	n/a
79.39892578125	0.3	1.0	2	162609	n/a
79.4072265625	0.3	0.0	1	162626	n/a
79.416015625	0.3	0.0	1	162644	n/a
79.42431640625	0.3	1.0	2	162661	n/a
79.4326171875	0.3	1.0	2	162678	n/a
79.44091796875	0.3	0.0	1	162695	n/a
79.44921875	0.3	1.0	2	162712	n/a
79.45751953125	0.3	0.0	1	162729	n/a
79.4658203125	0.3	0.0	1	162746	n/a
79.47412109375	0.3	1.0	2	162763	n/a
79.482421875	0.3	0.0	1	162780	n/a
79.49072265625	0.3	1.0	2	162797	n/a
79.4990234375	0.3	1.0	2	162814	n/a
79.50732421875	0.3	0.0	1	162831	n/a
79.515625	0.3	0.0	1	162848	n/a
79.52392578125	0.3	1.0	2	162865	n/a
79.5322265625	0.3	0.0	1	162882	n/a
79.541015625	0.3	1.0	2	162900	n/a
79.54931640625	0.3	1.0	2	162917	n/a
79.5576171875	0.3	0.0	1	162934	n/a
79.56591796875	0.3	0.0	1	162951	n/a
79.57421875	0.3	1.0	2	162968	n/a
79.58251953125	0.3	0.0	1	162985	n/a
79.5908203125	0.3	1.0	2	163002	n/a
79.59912109375	0.3	1.0	2	163019	n/a
79.607421875	0.3	0.0	1	163036	n/a
79.61572265625	0.3	1.0	2	163053	n/a
79.6240234375	0.3	0.0	1	163070	n/a
79.63232421875	0.3	1.0	2	163087	n/a
79.640625	0.3	0.0	1	163104	n/a
79.64892578125	0.3	1.0	2	163121	n/a
79.6572265625	0.3	0.0	1	163138	n/a
79.666015625	0.3	1.0	2	163156	n/a
79.67431640625	0.3	0.0	1	163173	n/a
79.6826171875	0.3	1.0	2	163190	n/a
79.69091796875	0.3	0.0	1	163207	n/a
79.69921875	0.3	1.0	2	163224	n/a
79.70751953125	0.3	0.0	1	163241	n/a
79.7158203125	0.3	1.0	2	163258	n/a
79.72412109375	0.3	0.0	1	163275	n/a
79.732421875	0.3	0.0	1	163292	n/a
79.74072265625	0.3	1.0	2	163309	n/a
79.7490234375	0.3	0.0	1	163326	n/a
79.75732421875	0.3	1.0	2	163343	n/a
79.765625	0.3	1.0	2	163360	n/a
79.77392578125	0.3	0.0	1	163377	n/a
79.7822265625	0.3	0.0	1	163394	n/a
79.791015625	0.3	1.0	2	163412	n/a
79.79931640625	0.3	0.0	1	163429	n/a
79.8076171875	0.3	1.0	2	163446	n/a
79.81591796875	0.3	0.0	1	163463	n/a
79.82421875	0.3	1.0	2	163480	n/a
79.83251953125	0.3	1.0	2	163497	n/a
79.8408203125	0.3	0.0	1	163514	n/a
79.84912109375	0.3	0.0	1	163531	n/a
79.857421875	0.3	1.0	2	163548	n/a
79.86572265625	0.3	1.0	2	163565	n/a
79.8740234375	0.3	0.0	1	163582	n/a
79.88232421875	0.3	1.0	2	163599	n/a
79.890625	0.3	0.0	1	163616	n/a
79.89892578125	0.3	1.0	2	163633	n/a
79.9072265625	0.3	0.0	1	163650	n/a
79.916015625	0.3	1.0	2	163668	n/a
79.92431640625	0.3	0.0	1	163685	n/a
79.9326171875	0.3	0.0	1	163702	n/a
79.94091796875	0.3	1.0	2	163719	n/a
79.94921875	0.3	0.0	1	163736	n/a
79.95751953125	0.3	1.0	2	163753	n/a
79.9658203125	0.3	1.0	2	163770	n/a
79.97412109375	0.3	0.0	1	163787	n/a
79.982421875	0.3	1.0	2	163804	n/a
79.99072265625	0.3	0.0	1	163821	n/a
79.9990234375	0.3	0.0	1	163838	n/a
80.00732421875	0.3	1.0	2	163855	n/a
80.015625	0.3	1.0	2	163872	n/a
80.02392578125	0.3	0.0	1	163889	n/a
80.0322265625	0.3	0.0	1	163906	n/a
80.041015625	0.3	1.0	2	163924	n/a
80.04931640625	0.3	0.0	1	163941	n/a
80.0576171875	0.3	1.0	2	163958	n/a
80.06591796875	0.3	1.0	2	163975	n/a
80.07421875	0.3	0.0	1	163992	n/a
80.08251953125	0.3	0.0	1	164009	n/a
80.0908203125	0.3	1.0	2	164026	n/a
80.09912109375	0.3	0.0	1	164043	n/a
80.107421875	0.3	1.0	2	164060	n/a
80.11572265625	0.3	0.0	1	164077	n/a
80.1240234375	0.3	1.0	2	164094	n/a
80.13232421875	0.3	0.0	1	164111	n/a
80.140625	0.3	1.0	2	164128	n/a
80.14892578125	0.3	0.0	1	164145	n/a
80.1572265625	0.3	1.0	2	164162	n/a
80.166015625	0.3	1.0	2	164180	n/a
80.17431640625	0.3	0.0	1	164197	n/a
80.1826171875	0.3	0.0	1	164214	n/a
80.19091796875	0.3	1.0	2	164231	n/a
80.19921875	0.3	0.0	1	164248	n/a
80.20751953125	0.3	1.0	2	164265	n/a
80.2158203125	0.3	0.0	1	164282	n/a
80.22412109375	0.3	1.0	2	164299	n/a
80.232421875	0.3	0.0	1	164316	n/a
80.24072265625	0.3	1.0	2	164333	n/a
80.2490234375	0.3	1.0	2	164350	n/a
80.25732421875	0.3	0.0	1	164367	n/a
80.265625	0.3	0.0	1	164384	n/a
80.27392578125	0.3	1.0	2	164401	n/a
80.2822265625	0.3	1.0	2	164418	n/a
80.291015625	0.3	0.0	1	164436	n/a
80.29931640625	0.3	0.0	1	164453	n/a
80.3076171875	0.3	1.0	2	164470	n/a
80.31591796875	0.3	1.0	2	164487	n/a
80.32421875	0.3	0.0	1	164504	n/a
80.33251953125	0.3	1.0	2	164521	n/a
80.3408203125	0.3	0.0	1	164538	n/a
80.34912109375	0.3	0.0	1	164555	n/a
80.357421875	0.3	1.0	2	164572	n/a
80.36572265625	0.3	1.0	2	164589	n/a
80.3740234375	0.3	0.0	1	164606	n/a
80.38232421875	0.3	0.0	1	164623	n/a
80.390625	0.3	1.0	2	164640	n/a
80.39892578125	0.3	0.0	1	164657	n/a
80.4072265625	0.3	1.0	2	164674	n/a
80.416015625	0.3	1.0	2	164692	n/a
80.42431640625	0.3	0.0	1	164709	n/a
80.4326171875	0.3	1.0	2	164726	n/a
80.44091796875	0.3	0.0	1	164743	n/a
80.44921875	0.3	1.0	2	164760	n/a
80.45751953125	0.3	0.0	1	164777	n/a
80.4658203125	0.3	0.0	1	164794	n/a
80.47412109375	0.3	1.0	2	164811	n/a
80.482421875	0.3	1.0	2	164828	n/a
80.49072265625	0.3	0.0	1	164845	n/a
80.4990234375	0.3	1.0	2	164862	n/a
80.50732421875	0.3	0.0	1	164879	n/a
80.515625	0.3	0.0	1	164896	n/a
80.52392578125	0.3	1.0	2	164913	n/a
80.5322265625	0.3	0.0	1	164930	n/a
80.541015625	0.3	1.0	2	164948	n/a
80.54931640625	0.3	1.0	2	164965	n/a
80.5576171875	0.3	0.0	1	164982	n/a
80.56591796875	0.3	0.0	1	164999	n/a
80.57421875	0.3	1.0	2	165016	n/a
80.58251953125	0.3	0.0	1	165033	n/a
80.5908203125	0.3	1.0	2	165050	n/a
80.59912109375	0.3	1.0	2	165067	n/a
80.607421875	0.3	0.0	1	165084	n/a
80.61572265625	0.3	0.0	1	165101	n/a
80.6240234375	0.3	1.0	2	165118	n/a
80.63232421875	0.3	0.0	1	165135	n/a
80.640625	0.3	1.0	2	165152	n/a
80.64892578125	0.3	1.0	2	165169	n/a
80.6572265625	0.3	0.0	1	165186	n/a
80.666015625	0.3	1.0	2	165204	n/a
80.67431640625	0.3	0.0	1	165221	n/a
80.6826171875	0.3	1.0	2	165238	n/a
80.69091796875	0.3	0.0	1	165255	n/a
80.69921875	0.3	1.0	2	165272	n/a
80.70751953125	0.3	0.0	1	165289	n/a
80.7158203125	0.3	1.0	2	165306	n/a
80.72412109375	0.3	0.0	1	165323	n/a
80.732421875	0.3	1.0	2	165340	n/a
80.74072265625	0.3	0.0	1	165357	n/a
80.7490234375	0.3	1.0	2	165374	n/a
80.75732421875	0.3	0.0	1	165391	n/a
80.765625	0.3	1.0	2	165408	n/a
80.77392578125	0.3	0.0	1	165425	n/a
80.7822265625	0.3	0.0	1	165442	n/a
80.791015625	0.3	1.0	2	165460	n/a
80.79931640625	0.3	0.0	1	165477	n/a
80.8076171875	0.3	1.0	2	165494	n/a
80.81591796875	0.3	1.0	2	165511	n/a
80.82421875	0.3	0.0	1	165528	n/a
80.83251953125	0.3	0.0	1	165545	n/a
80.8408203125	0.3	1.0	2	165562	n/a
80.84912109375	0.3	0.0	1	165579	n/a
80.857421875	0.3	1.0	2	165596	n/a
80.86572265625	0.3	0.0	1	165613	n/a
80.8740234375	0.3	1.0	2	165630	n/a
80.88232421875	0.3	1.0	2	165647	n/a
80.890625	0.3	0.0	1	165664	n/a
80.89892578125	0.3	0.0	1	165681	n/a
80.9072265625	0.3	1.0	2	165698	n/a
80.916015625	0.3	1.0	2	165716	n/a
80.92431640625	0.3	0.0	1	165733	n/a
80.9326171875	0.3	1.0	2	165750	n/a
80.94091796875	0.3	0.0	1	165767	n/a
80.94921875	0.3	1.0	2	165784	n/a
80.95751953125	0.3	0.0	1	165801	n/a
80.9658203125	0.3	1.0	2	165818	n/a
80.97412109375	0.3	0.0	1	165835	n/a
80.982421875	0.3	0.0	1	165852	n/a
80.99072265625	0.3	1.0	2	165869	n/a
80.9990234375	0.3	0.0	1	165886	n/a
81.00732421875	0.3	1.0	2	165903	n/a
81.015625	0.3	1.0	2	165920	n/a
81.02392578125	0.3	0.0	1	165937	n/a
81.0322265625	0.3	1.0	2	165954	n/a
81.041015625	0.3	0.0	1	165972	n/a
81.04931640625	0.3	0.0	1	165989	n/a
81.0576171875	0.3	1.0	2	166006	n/a
81.06591796875	0.3	1.0	2	166023	n/a
81.07421875	0.3	0.0	1	166040	n/a
81.08251953125	0.3	0.0	1	166057	n/a
81.0908203125	0.3	1.0	2	166074	n/a
81.09912109375	0.3	0.0	1	166091	n/a
81.107421875	0.3	1.0	2	166108	n/a
81.11572265625	0.3	1.0	2	166125	n/a
81.1240234375	0.3	0.0	1	166142	n/a
81.13232421875	0.3	0.0	1	166159	n/a
81.140625	0.3	1.0	2	166176	n/a
81.14892578125	0.3	0.0	1	166193	n/a
81.1572265625	0.3	1.0	2	166210	n/a
81.166015625	0.3	0.0	1	166228	n/a
81.17431640625	0.3	1.0	2	166245	n/a
81.1826171875	0.3	0.0	1	166262	n/a
81.19091796875	0.3	1.0	2	166279	n/a
81.19921875	0.3	0.0	1	166296	n/a
81.20751953125	0.3	1.0	2	166313	n/a
81.2158203125	0.3	1.0	2	166330	n/a
81.22412109375	0.3	0.0	1	166347	n/a
81.232421875	0.3	0.0	1	166364	n/a
81.24072265625	0.3	1.0	2	166381	n/a
81.2490234375	0.3	0.0	1	166398	n/a
81.25732421875	0.3	1.0	2	166415	n/a
81.265625	0.3	0.0	1	166432	n/a
81.27392578125	0.3	1.0	2	166449	n/a
81.2822265625	0.3	0.0	1	166466	n/a
81.291015625	0.3	1.0	2	166484	n/a
81.29931640625	0.3	1.0	2	166501	n/a
81.3076171875	0.3	0.0	1	166518	n/a
81.31591796875	0.3	0.0	1	166535	n/a
81.32421875	0.3	1.0	2	166552	n/a
81.33251953125	0.3	1.0	2	166569	n/a
81.3408203125	0.3	0.0	1	166586	n/a
81.34912109375	0.3	0.0	1	166603	n/a
81.357421875	0.3	1.0	2	166620	n/a
81.36572265625	0.3	1.0	2	166637	n/a
81.3740234375	0.3	0.0	1	166654	n/a
81.38232421875	0.3	1.0	2	166671	n/a
81.390625	0.3	0.0	1	166688	n/a
81.39892578125	0.3	0.0	1	166705	n/a
81.4072265625	0.3	1.0	2	166722	n/a
81.416015625	0.3	1.0	2	166740	n/a
81.42431640625	0.3	0.0	1	166757	n/a
81.4326171875	0.3	0.0	1	166774	n/a
81.44091796875	0.3	1.0	2	166791	n/a
81.44921875	0.3	0.0	1	166808	n/a
81.45751953125	0.3	1.0	2	166825	n/a
81.4658203125	0.3	1.0	2	166842	n/a
81.47412109375	0.3	0.0	1	166859	n/a
81.482421875	0.3	1.0	2	166876	n/a
81.49072265625	0.3	0.0	1	166893	n/a
81.4990234375	0.3	1.0	2	166910	n/a
81.50732421875	0.3	0.0	1	166927	n/a
81.515625	0.3	0.0	1	166944	n/a
81.52392578125	0.3	1.0	2	166961	n/a
81.5322265625	0.3	1.0	2	166978	n/a
81.541015625	0.3	0.0	1	166996	n/a
83.90771484375	0.3	1.0	2	171843	32.0
83.916015625	0.3	0.0	1	171860	n/a
83.92431640625	0.3	0.0	1	171877	n/a
83.9326171875	0.3	1.0	2	171894	n/a
83.94091796875	0.3	0.0	1	171911	n/a
83.94921875	0.3	1.0	2	171928	n/a
83.95751953125	0.3	0.0	1	171945	n/a
83.9658203125	0.3	1.0	2	171962	n/a
83.974609375	0.3	0.0	1	171980	n/a
83.98291015625	0.3	1.0	2	171997	n/a
83.9912109375	0.3	0.0	1	172014	n/a
83.99951171875	0.3	1.0	2	172031	n/a
84.0078125	0.3	0.0	1	172048	n/a
84.01611328125	0.3	1.0	2	172065	n/a
84.0244140625	0.3	0.0	1	172082	n/a
84.03271484375	0.3	1.0	2	172099	n/a
84.041015625	0.3	0.0	1	172116	n/a
84.04931640625	0.3	1.0	2	172133	n/a
84.0576171875	0.3	1.0	2	172150	n/a
84.06591796875	0.3	0.0	1	172167	n/a
84.07421875	0.3	1.0	2	172184	n/a
84.08251953125	0.3	0.0	1	172201	n/a
84.0908203125	0.3	0.0	1	172218	n/a
84.099609375	0.3	1.0	2	172236	n/a
84.10791015625	0.3	0.0	1	172253	n/a
84.1162109375	0.3	1.0	2	172270	n/a
84.12451171875	0.3	0.0	1	172287	n/a
84.1328125	0.3	1.0	2	172304	n/a
84.14111328125	0.3	1.0	2	172321	n/a
84.1494140625	0.3	0.0	1	172338	n/a
84.15771484375	0.3	1.0	2	172355	n/a
84.166015625	0.3	0.0	1	172372	n/a
84.17431640625	0.3	1.0	2	172389	n/a
84.1826171875	0.3	0.0	1	172406	n/a
84.19091796875	0.3	0.0	1	172423	n/a
84.19921875	0.3	1.0	2	172440	n/a
84.20751953125	0.3	0.0	1	172457	n/a
84.2158203125	0.3	1.0	2	172474	n/a
84.224609375	0.3	0.0	1	172492	n/a
84.23291015625	0.3	1.0	2	172509	n/a
84.2412109375	0.3	0.0	1	172526	n/a
84.24951171875	0.3	1.0	2	172543	n/a
84.2578125	0.3	1.0	2	172560	n/a
84.26611328125	0.3	0.0	1	172577	n/a
84.2744140625	0.3	1.0	2	172594	n/a
84.28271484375	0.3	0.0	1	172611	n/a
84.291015625	0.3	0.0	1	172628	n/a
84.29931640625	0.3	1.0	2	172645	n/a
84.3076171875	0.3	1.0	2	172662	n/a
84.31591796875	0.3	0.0	1	172679	n/a
84.32421875	0.3	0.0	1	172696	n/a
84.33251953125	0.3	1.0	2	172713	n/a
84.3408203125	0.3	0.0	1	172730	n/a
84.349609375	0.3	1.0	2	172748	n/a
84.35791015625	0.3	1.0	2	172765	n/a
84.3662109375	0.3	0.0	1	172782	n/a
84.37451171875	0.3	1.0	2	172799	n/a
84.3828125	0.3	0.0	1	172816	n/a
84.39111328125	0.3	1.0	2	172833	n/a
84.3994140625	0.3	0.0	1	172850	n/a
84.40771484375	0.3	0.0	1	172867	n/a
84.416015625	0.3	1.0	2	172884	n/a
84.42431640625	0.3	0.0	1	172901	n/a
84.4326171875	0.3	1.0	2	172918	n/a
84.44091796875	0.3	1.0	2	172935	n/a
84.44921875	0.3	0.0	1	172952	n/a
84.45751953125	0.3	1.0	2	172969	n/a
84.4658203125	0.3	0.0	1	172986	n/a
84.474609375	0.3	1.0	2	173004	n/a
84.48291015625	0.3	0.0	1	173021	n/a
84.4912109375	0.3	0.0	1	173038	n/a
84.49951171875	0.3	1.0	2	173055	n/a
84.5078125	0.3	0.0	1	173072	n/a
84.51611328125	0.3	1.0	2	173089	n/a
84.5244140625	0.3	0.0	1	173106	n/a
84.53271484375	0.3	1.0	2	173123	n/a
84.541015625	0.3	1.0	2	173140	n/a
84.54931640625	0.3	0.0	1	173157	n/a
84.5576171875	0.3	0.0	1	173174	n/a
84.56591796875	0.3	1.0	2	173191	n/a
84.57421875	0.3	0.0	1	173208	n/a
84.58251953125	0.3	1.0	2	173225	n/a
84.5908203125	0.3	1.0	2	173242	n/a
84.599609375	0.3	0.0	1	173260	n/a
84.60791015625	0.3	1.0	2	173277	n/a
84.6162109375	0.3	0.0	1	173294	n/a
84.62451171875	0.3	0.0	1	173311	n/a
84.6328125	0.3	1.0	2	173328	n/a
84.64111328125	0.3	1.0	2	173345	n/a
84.6494140625	0.3	0.0	1	173362	n/a
84.65771484375	0.3	0.0	1	173379	n/a
84.666015625	0.3	1.0	2	173396	n/a
84.67431640625	0.3	1.0	2	173413	n/a
84.6826171875	0.3	0.0	1	173430	n/a
84.69091796875	0.3	1.0	2	173447	n/a
84.69921875	0.3	0.0	1	173464	n/a
84.70751953125	0.3	0.0	1	173481	n/a
84.7158203125	0.3	1.0	2	173498	n/a
84.724609375	0.3	0.0	1	173516	n/a
84.73291015625	0.3	1.0	2	173533	n/a
84.7412109375	0.3	0.0	1	173550	n/a
84.74951171875	0.3	1.0	2	173567	n/a
84.7578125	0.3	0.0	1	173584	n/a
84.76611328125	0.3	1.0	2	173601	n/a
84.7744140625	0.3	0.0	1	173618	n/a
84.78271484375	0.3	1.0	2	173635	n/a
84.791015625	0.3	0.0	1	173652	n/a
84.79931640625	0.3	1.0	2	173669	n/a
84.8076171875	0.3	0.0	1	173686	n/a
84.81591796875	0.3	1.0	2	173703	n/a
84.82421875	0.3	0.0	1	173720	n/a
84.83251953125	0.3	1.0	2	173737	n/a
84.8408203125	0.3	0.0	1	173754	n/a
84.849609375	0.3	1.0	2	173772	n/a
84.85791015625	0.3	0.0	1	173789	n/a
84.8662109375	0.3	1.0	2	173806	n/a
84.87451171875	0.3	0.0	1	173823	n/a
84.8828125	0.3	1.0	2	173840	n/a
84.89111328125	0.3	0.0	1	173857	n/a
84.8994140625	0.3	1.0	2	173874	n/a
84.90771484375	0.3	1.0	2	173891	n/a
84.916015625	0.3	0.0	1	173908	n/a
84.92431640625	0.3	1.0	2	173925	n/a
84.9326171875	0.3	0.0	1	173942	n/a
84.94091796875	0.3	0.0	1	173959	n/a
84.94921875	0.3	1.0	2	173976	n/a
84.95751953125	0.3	1.0	2	173993	n/a
84.9658203125	0.3	0.0	1	174010	n/a
84.974609375	0.3	0.0	1	174028	n/a
84.98291015625	0.3	1.0	2	174045	n/a
84.9912109375	0.3	0.0	1	174062	n/a
84.99951171875	0.3	1.0	2	174079	n/a
85.0078125	0.3	0.0	1	174096	n/a
85.01611328125	0.3	1.0	2	174113	n/a
85.0244140625	0.3	0.0	1	174130	n/a
85.03271484375	0.3	1.0	2	174147	n/a
85.041015625	0.3	0.0	1	174164	n/a
85.04931640625	0.3	1.0	2	174181	n/a
85.0576171875	0.3	0.0	1	174198	n/a
85.06591796875	0.3	1.0	2	174215	n/a
85.07421875	0.3	0.0	1	174232	n/a
85.08251953125	0.3	1.0	2	174249	n/a
85.0908203125	0.3	0.0	1	174266	n/a
85.099609375	0.3	1.0	2	174284	n/a
85.10791015625	0.3	1.0	2	174301	n/a
85.1162109375	0.3	0.0	1	174318	n/a
85.12451171875	0.3	1.0	2	174335	n/a
85.1328125	0.3	0.0	1	174352	n/a
85.14111328125	0.3	0.0	1	174369	n/a
85.1494140625	0.3	1.0	2	174386	n/a
85.15771484375	0.3	0.0	1	174403	n/a
85.166015625	0.3	1.0	2	174420	n/a
85.17431640625	0.3	0.0	1	174437	n/a
85.1826171875	0.3	1.0	2	174454	n/a
85.19091796875	0.3	1.0	2	174471	n/a
85.19921875	0.3	0.0	1	174488	n/a
85.20751953125	0.3	1.0	2	174505	n/a
85.2158203125	0.3	0.0	1	174522	n/a
85.224609375	0.3	1.0	2	174540	n/a
85.23291015625	0.3	0.0	1	174557	n/a
85.2412109375	0.3	0.0	1	174574	n/a
85.24951171875	0.3	1.0	2	174591	n/a
85.2578125	0.3	0.0	1	174608	n/a
85.26611328125	0.3	1.0	2	174625	n/a
85.2744140625	0.3	0.0	1	174642	n/a
85.28271484375	0.3	1.0	2	174659	n/a
85.291015625	0.3	0.0	1	174676	n/a
85.29931640625	0.3	1.0	2	174693	n/a
85.3076171875	0.3	1.0	2	174710	n/a
85.31591796875	0.3	0.0	1	174727	n/a
85.32421875	0.3	1.0	2	174744	n/a
85.33251953125	0.3	0.0	1	174761	n/a
85.3408203125	0.3	0.0	1	174778	n/a
85.349609375	0.3	1.0	2	174796	n/a
85.35791015625	0.3	1.0	2	174813	n/a
85.3662109375	0.3	0.0	1	174830	n/a
85.37451171875	0.3	0.0	1	174847	n/a
85.3828125	0.3	1.0	2	174864	n/a
85.39111328125	0.3	0.0	1	174881	n/a
85.3994140625	0.3	1.0	2	174898	n/a
85.40771484375	0.3	1.0	2	174915	n/a
85.416015625	0.3	0.0	1	174932	n/a
85.42431640625	0.3	1.0	2	174949	n/a
85.4326171875	0.3	0.0	1	174966	n/a
85.44091796875	0.3	1.0	2	174983	n/a
85.44921875	0.3	0.0	1	175000	n/a
85.45751953125	0.3	0.0	1	175017	n/a
85.4658203125	0.3	1.0	2	175034	n/a
85.474609375	0.3	0.0	1	175052	n/a
85.48291015625	0.3	1.0	2	175069	n/a
85.4912109375	0.3	1.0	2	175086	n/a
85.49951171875	0.3	0.0	1	175103	n/a
85.5078125	0.3	1.0	2	175120	n/a
85.51611328125	0.3	0.0	1	175137	n/a
85.5244140625	0.3	1.0	2	175154	n/a
85.53271484375	0.3	0.0	1	175171	n/a
85.541015625	0.3	0.0	1	175188	n/a
85.54931640625	0.3	1.0	2	175205	n/a
85.5576171875	0.3	0.0	1	175222	n/a
85.56591796875	0.3	1.0	2	175239	n/a
85.57421875	0.3	0.0	1	175256	n/a
85.58251953125	0.3	1.0	2	175273	n/a
85.5908203125	0.3	1.0	2	175290	n/a
85.599609375	0.3	0.0	1	175308	n/a
85.60791015625	0.3	0.0	1	175325	n/a
85.6162109375	0.3	1.0	2	175342	n/a
85.62451171875	0.3	0.0	1	175359	n/a
85.6328125	0.3	1.0	2	175376	n/a
85.64111328125	0.3	1.0	2	175393	n/a
85.6494140625	0.3	0.0	1	175410	n/a
85.65771484375	0.3	1.0	2	175427	n/a
85.666015625	0.3	0.0	1	175444	n/a
85.67431640625	0.3	0.0	1	175461	n/a
85.6826171875	0.3	1.0	2	175478	n/a
85.69091796875	0.3	1.0	2	175495	n/a
85.69921875	0.3	0.0	1	175512	n/a
85.70751953125	0.3	0.0	1	175529	n/a
85.7158203125	0.3	1.0	2	175546	n/a
85.724609375	0.3	1.0	2	175564	n/a
85.73291015625	0.3	0.0	1	175581	n/a
85.7412109375	0.3	1.0	2	175598	n/a
85.74951171875	0.3	0.0	1	175615	n/a
85.7578125	0.3	0.0	1	175632	n/a
85.76611328125	0.3	1.0	2	175649	n/a
85.7744140625	0.3	0.0	1	175666	n/a
85.78271484375	0.3	1.0	2	175683	n/a
85.791015625	0.3	0.0	1	175700	n/a
85.79931640625	0.3	1.0	2	175717	n/a
85.8076171875	0.3	0.0	1	175734	n/a
85.81591796875	0.3	1.0	2	175751	n/a
85.82421875	0.3	0.0	1	175768	n/a
85.83251953125	0.3	1.0	2	175785	n/a
85.8408203125	0.3	0.0	1	175802	n/a
85.849609375	0.3	1.0	2	175820	n/a
85.85791015625	0.3	0.0	1	175837	n/a
85.8662109375	0.3	1.0	2	175854	n/a
85.87451171875	0.3	0.0	1	175871	n/a
85.8828125	0.3	1.0	2	175888	n/a
85.89111328125	0.3	0.0	1	175905	n/a
85.8994140625	0.3	1.0	2	175922	n/a
85.90771484375	0.3	0.0	1	175939	n/a
85.916015625	0.3	1.0	2	175956	n/a
85.92431640625	0.3	0.0	1	175973	n/a
85.9326171875	0.3	1.0	2	175990	n/a
85.94091796875	0.3	0.0	1	176007	n/a
85.94921875	0.3	1.0	2	176024	n/a
85.95751953125	0.3	1.0	2	176041	n/a
85.9658203125	0.3	0.0	1	176058	n/a
85.974609375	0.3	1.0	2	176076	n/a
85.98291015625	0.3	0.0	1	176093	n/a
85.9912109375	0.3	0.0	1	176110	n/a
85.99951171875	0.3	1.0	2	176127	n/a
86.0078125	0.3	1.0	2	176144	n/a
86.01611328125	0.3	0.0	1	176161	n/a
86.0244140625	0.3	0.0	1	176178	n/a
86.03271484375	0.3	1.0	2	176195	n/a
86.041015625	0.3	0.0	1	176212	n/a
86.04931640625	0.3	1.0	2	176229	n/a
86.0576171875	0.3	0.0	1	176246	n/a
86.06591796875	0.3	1.0	2	176263	n/a
86.07421875	0.3	0.0	1	176280	n/a
86.08251953125	0.3	1.0	2	176297	n/a
86.0908203125	0.3	0.0	1	176314	n/a
86.099609375	0.3	1.0	2	176332	n/a
86.10791015625	0.3	0.0	1	176349	n/a
86.1162109375	0.3	1.0	2	176366	n/a
86.12451171875	0.3	0.0	1	176383	n/a
86.1328125	0.3	1.0	2	176400	n/a
86.14111328125	0.3	0.0	1	176417	n/a
86.1494140625	0.3	1.0	2	176434	n/a
86.15771484375	0.3	1.0	2	176451	n/a
86.166015625	0.3	0.0	1	176468	n/a
86.17431640625	0.3	1.0	2	176485	n/a
86.1826171875	0.3	0.0	1	176502	n/a
86.19091796875	0.3	0.0	1	176519	n/a
86.19921875	0.3	1.0	2	176536	n/a
86.20751953125	0.3	0.0	1	176553	n/a
86.2158203125	0.3	1.0	2	176570	n/a
86.224609375	0.3	0.0	1	176588	n/a
86.23291015625	0.3	1.0	2	176605	n/a
86.2412109375	0.3	1.0	2	176622	n/a
86.24951171875	0.3	0.0	1	176639	n/a
86.2578125	0.3	1.0	2	176656	n/a
86.26611328125	0.3	0.0	1	176673	n/a
86.2744140625	0.3	1.0	2	176690	n/a
86.28271484375	0.3	0.0	1	176707	n/a
86.291015625	0.3	0.0	1	176724	n/a
86.29931640625	0.3	1.0	2	176741	n/a
86.3076171875	0.3	0.0	1	176758	n/a
86.31591796875	0.3	1.0	2	176775	n/a
86.32421875	0.3	0.0	1	176792	n/a
86.33251953125	0.3	1.0	2	176809	n/a
86.3408203125	0.3	0.0	1	176826	n/a
86.349609375	0.3	1.0	2	176844	n/a
86.35791015625	0.3	1.0	2	176861	n/a
86.3662109375	0.3	0.0	1	176878	n/a
86.37451171875	0.3	1.0	2	176895	n/a
86.3828125	0.3	0.0	1	176912	n/a
86.39111328125	0.3	0.0	1	176929	n/a
86.3994140625	0.3	1.0	2	176946	n/a
86.40771484375	0.3	1.0	2	176963	n/a
86.416015625	0.3	0.0	1	176980	n/a
86.42431640625	0.3	0.0	1	176997	n/a
86.4326171875	0.3	1.0	2	177014	n/a
86.44091796875	0.3	0.0	1	177031	n/a
86.44921875	0.3	1.0	2	177048	n/a
86.45751953125	0.3	1.0	2	177065	n/a
86.4658203125	0.3	0.0	1	177082	n/a
86.474609375	0.3	1.0	2	177100	n/a
86.48291015625	0.3	0.0	1	177117	n/a
86.4912109375	0.3	1.0	2	177134	n/a
86.49951171875	0.3	0.0	1	177151	n/a
86.5078125	0.3	0.0	1	177168	n/a
86.51611328125	0.3	1.0	2	177185	n/a
86.5244140625	0.3	0.0	1	177202	n/a
86.53271484375	0.3	1.0	2	177219	n/a
86.541015625	0.3	1.0	2	177236	n/a
86.54931640625	0.3	0.0	1	177253	n/a
86.5576171875	0.3	1.0	2	177270	n/a
86.56591796875	0.3	0.0	1	177287	n/a
86.57421875	0.3	1.0	2	177304	n/a
86.58251953125	0.3	0.0	1	177321	n/a
86.5908203125	0.3	0.0	1	177338	n/a
86.599609375	0.3	1.0	2	177356	n/a
86.60791015625	0.3	0.0	1	177373	n/a
86.6162109375	0.3	1.0	2	177390	n/a
86.62451171875	0.3	0.0	1	177407	n/a
86.6328125	0.3	1.0	2	177424	n/a
86.64111328125	0.3	1.0	2	177441	n/a
86.6494140625	0.3	0.0	1	177458	n/a
86.65771484375	0.3	0.0	1	177475	n/a
86.666015625	0.3	1.0	2	177492	n/a
86.67431640625	0.3	0.0	1	177509	n/a
86.6826171875	0.3	1.0	2	177526	n/a
86.69091796875	0.3	1.0	2	177543	n/a
86.69921875	0.3	0.0	1	177560	n/a
86.70751953125	0.3	1.0	2	177577	n/a
86.7158203125	0.3	0.0	1	177594	n/a
86.724609375	0.3	0.0	1	177612	n/a
86.73291015625	0.3	1.0	2	177629	n/a
86.7412109375	0.3	1.0	2	177646	n/a
86.74951171875	0.3	0.0	1	177663	n/a
86.7578125	0.3	0.0	1	177680	n/a
86.76611328125	0.3	1.0	2	177697	n/a
86.7744140625	0.3	1.0	2	177714	n/a
86.78271484375	0.3	0.0	1	177731	n/a
86.791015625	0.3	1.0	2	177748	n/a
86.79931640625	0.3	0.0	1	177765	n/a
86.8076171875	0.3	0.0	1	177782	n/a
86.81591796875	0.3	1.0	2	177799	n/a
86.82421875	0.3	0.0	1	177816	n/a
86.83251953125	0.3	1.0	2	177833	n/a
86.8408203125	0.3	0.0	1	177850	n/a
86.849609375	0.3	1.0	2	177868	n/a
86.85791015625	0.3	0.0	1	177885	n/a
86.8662109375	0.3	1.0	2	177902	n/a
86.87451171875	0.3	0.0	1	177919	n/a
86.8828125	0.3	1.0	2	177936	n/a
86.89111328125	0.3	0.0	1	177953	n/a
86.8994140625	0.3	1.0	2	177970	n/a
86.90771484375	0.3	0.0	1	177987	n/a
86.916015625	0.3	1.0	2	178004	n/a
86.92431640625	0.3	0.0	1	178021	n/a
86.9326171875	0.3	1.0	2	178038	n/a
86.94091796875	0.3	0.0	1	178055	n/a
86.94921875	0.3	1.0	2	178072	n/a
86.95751953125	0.3	0.0	1	178089	n/a
86.9658203125	0.3	1.0	2	178106	n/a
86.974609375	0.3	0.0	1	178124	n/a
86.98291015625	0.3	1.0	2	178141	n/a
86.9912109375	0.3	0.0	1	178158	n/a
86.99951171875	0.3	1.0	2	178175	n/a
87.0078125	0.3	1.0	2	178192	n/a
87.01611328125	0.3	0.0	1	178209	n/a
87.0244140625	0.3	1.0	2	178226	n/a
87.03271484375	0.3	0.0	1	178243	n/a
87.041015625	0.3	0.0	1	178260	n/a
87.04931640625	0.3	1.0	2	178277	n/a
87.0576171875	0.3	1.0	2	178294	n/a
87.06591796875	0.3	0.0	1	178311	n/a
87.07421875	0.3	0.0	1	178328	n/a
87.08251953125	0.3	1.0	2	178345	n/a
87.0908203125	0.3	0.0	1	178362	n/a
87.099609375	0.3	1.0	2	178380	n/a
87.10791015625	0.3	0.0	1	178397	n/a
87.1162109375	0.3	1.0	2	178414	n/a
87.12451171875	0.3	0.0	1	178431	n/a
87.1328125	0.3	1.0	2	178448	n/a
87.14111328125	0.3	0.0	1	178465	n/a
87.1494140625	0.3	1.0	2	178482	n/a
87.15771484375	0.3	0.0	1	178499	n/a
87.166015625	0.3	1.0	2	178516	n/a
87.17431640625	0.3	0.0	1	178533	n/a
87.1826171875	0.3	1.0	2	178550	n/a
87.19091796875	0.3	0.0	1	178567	n/a
87.19921875	0.3	1.0	2	178584	n/a
87.20751953125	0.3	1.0	2	178601	n/a
87.2158203125	0.3	0.0	1	178618	n/a
87.224609375	0.3	1.0	2	178636	n/a
87.23291015625	0.3	0.0	1	178653	n/a
87.2412109375	0.3	0.0	1	178670	n/a
87.24951171875	0.3	1.0	2	178687	n/a
87.2578125	0.3	0.0	1	178704	n/a
87.26611328125	0.3	1.0	2	178721	n/a
87.2744140625	0.3	0.0	1	178738	n/a
87.28271484375	0.3	1.0	2	178755	n/a
87.291015625	0.3	1.0	2	178772	n/a
87.29931640625	0.3	0.0	1	178789	n/a
87.3076171875	0.3	1.0	2	178806	n/a
87.31591796875	0.3	0.0	1	178823	n/a
87.32421875	0.3	1.0	2	178840	n/a
87.33251953125	0.3	0.0	1	178857	n/a
87.3408203125	0.3	0.0	1	178874	n/a
87.349609375	0.3	1.0	2	178892	n/a
87.35791015625	0.3	0.0	1	178909	n/a
87.3662109375	0.3	1.0	2	178926	n/a
87.37451171875	0.3	0.0	1	178943	n/a
87.3828125	0.3	1.0	2	178960	n/a
87.39111328125	0.3	0.0	1	178977	n/a
87.3994140625	0.3	1.0	2	178994	n/a
87.40771484375	0.3	1.0	2	179011	n/a
87.416015625	0.3	0.0	1	179028	n/a
87.42431640625	0.3	1.0	2	179045	n/a
87.4326171875	0.3	0.0	1	179062	n/a
87.44091796875	0.3	0.0	1	179079	n/a
87.44921875	0.3	1.0	2	179096	n/a
87.45751953125	0.3	1.0	2	179113	n/a
87.4658203125	0.3	0.0	1	179130	n/a
87.474609375	0.3	0.0	1	179148	n/a
87.48291015625	0.3	1.0	2	179165	n/a
87.4912109375	0.3	0.0	1	179182	n/a
87.49951171875	0.3	1.0	2	179199	n/a
87.5078125	0.3	1.0	2	179216	n/a
87.51611328125	0.3	0.0	1	179233	n/a
87.5244140625	0.3	1.0	2	179250	n/a
87.53271484375	0.3	0.0	1	179267	n/a
87.541015625	0.3	1.0	2	179284	n/a
87.54931640625	0.3	0.0	1	179301	n/a
87.5576171875	0.3	0.0	1	179318	n/a
87.56591796875	0.3	1.0	2	179335	n/a
87.57421875	0.3	0.0	1	179352	n/a
87.58251953125	0.3	1.0	2	179369	n/a
87.5908203125	0.3	1.0	2	179386	n/a
87.599609375	0.3	0.0	1	179404	n/a
87.60791015625	0.3	1.0	2	179421	n/a
87.6162109375	0.3	0.0	1	179438	n/a
87.62451171875	0.3	1.0	2	179455	n/a
87.6328125	0.3	0.0	1	179472	n/a
87.64111328125	0.3	0.0	1	179489	n/a
87.6494140625	0.3	1.0	2	179506	n/a
87.65771484375	0.3	0.0	1	179523	n/a
87.666015625	0.3	1.0	2	179540	n/a
87.67431640625	0.3	0.0	1	179557	n/a
87.6826171875	0.3	1.0	2	179574	n/a
87.69091796875	0.3	1.0	2	179591	n/a
87.69921875	0.3	0.0	1	179608	n/a
87.70751953125	0.3	0.0	1	179625	n/a
87.7158203125	0.3	1.0	2	179642	n/a
87.724609375	0.3	0.0	1	179660	n/a
87.73291015625	0.3	1.0	2	179677	n/a
87.7412109375	0.3	1.0	2	179694	n/a
87.74951171875	0.3	0.0	1	179711	n/a
87.7578125	0.3	1.0	2	179728	n/a
87.76611328125	0.3	0.0	1	179745	n/a
87.7744140625	0.3	0.0	1	179762	n/a
87.78271484375	0.3	1.0	2	179779	n/a
87.791015625	0.3	1.0	2	179796	n/a
87.79931640625	0.3	0.0	1	179813	n/a
87.8076171875	0.3	0.0	1	179830	n/a
87.81591796875	0.3	1.0	2	179847	n/a
87.82421875	0.3	1.0	2	179864	n/a
87.83251953125	0.3	0.0	1	179881	n/a
87.8408203125	0.3	1.0	2	179898	n/a
87.849609375	0.3	0.0	1	179916	n/a
87.85791015625	0.3	0.0	1	179933	n/a
87.8662109375	0.3	1.0	2	179950	n/a
87.87451171875	0.3	0.0	1	179967	n/a
87.8828125	0.3	1.0	2	179984	n/a
87.89111328125	0.3	0.0	1	180001	n/a
87.8994140625	0.3	1.0	2	180018	n/a
87.90771484375	0.3	0.0	1	180035	n/a
87.916015625	0.3	1.0	2	180052	n/a
87.92431640625	0.3	0.0	1	180069	n/a
87.9326171875	0.3	1.0	2	180086	n/a
87.94091796875	0.3	0.0	1	180103	n/a
87.94921875	0.3	1.0	2	180120	n/a
87.95751953125	0.3	0.0	1	180137	n/a
87.9658203125	0.3	1.0	2	180154	n/a
87.974609375	0.3	0.0	1	180172	n/a
87.98291015625	0.3	1.0	2	180189	n/a
87.9912109375	0.3	0.0	1	180206	n/a
87.99951171875	0.3	1.0	2	180223	n/a
88.0078125	0.3	0.0	1	180240	n/a
88.01611328125	0.3	1.0	2	180257	n/a
88.0244140625	0.3	0.0	1	180274	n/a
88.03271484375	0.3	1.0	2	180291	n/a
88.041015625	0.3	0.0	1	180308	n/a
88.04931640625	0.3	1.0	2	180325	n/a
88.0576171875	0.3	1.0	2	180342	n/a
88.06591796875	0.3	0.0	1	180359	n/a
88.07421875	0.3	1.0	2	180376	n/a
88.08251953125	0.3	0.0	1	180393	n/a
88.0908203125	0.3	0.0	1	180410	n/a
88.099609375	0.3	1.0	2	180428	n/a
90.46728515625	0.3	1.0	2	185277	22.0
90.4755859375	0.3	0.0	1	185294	n/a
90.48388671875	0.3	0.0	1	185311	n/a
90.4921875	0.3	1.0	2	185328	n/a
90.50048828125	0.3	1.0	2	185345	n/a
90.5087890625	0.3	0.0	1	185362	n/a
90.51708984375	0.3	0.0	1	185379	n/a
90.525390625	0.3	1.0	2	185396	n/a
90.5341796875	0.3	0.0	1	185414	n/a
90.54248046875	0.3	1.0	2	185431	n/a
90.55078125	0.3	0.0	1	185448	n/a
90.55908203125	0.3	1.0	2	185465	n/a
90.5673828125	0.3	0.0	1	185482	n/a
90.57568359375	0.3	1.0	2	185499	n/a
90.583984375	0.3	1.0	2	185516	n/a
90.59228515625	0.3	0.0	1	185533	n/a
90.6005859375	0.3	1.0	2	185550	n/a
90.60888671875	0.3	0.0	1	185567	n/a
90.6171875	0.3	0.0	1	185584	n/a
90.62548828125	0.3	1.0	2	185601	n/a
90.6337890625	0.3	1.0	2	185618	n/a
90.64208984375	0.3	0.0	1	185635	n/a
90.650390625	0.3	0.0	1	185652	n/a
90.6591796875	0.3	1.0	2	185670	n/a
90.66748046875	0.3	0.0	1	185687	n/a
90.67578125	0.3	1.0	2	185704	n/a
90.68408203125	0.3	0.0	1	185721	n/a
90.6923828125	0.3	1.0	2	185738	n/a
90.70068359375	0.3	1.0	2	185755	n/a
90.708984375	0.3	0.0	1	185772	n/a
90.71728515625	0.3	0.0	1	185789	n/a
90.7255859375	0.3	1.0	2	185806	n/a
90.73388671875	0.3	1.0	2	185823	n/a
90.7421875	0.3	0.0	1	185840	n/a
90.75048828125	0.3	1.0	2	185857	n/a
90.7587890625	0.3	0.0	1	185874	n/a
90.76708984375	0.3	1.0	2	185891	n/a
90.775390625	0.3	0.0	1	185908	n/a
90.7841796875	0.3	1.0	2	185926	n/a
90.79248046875	0.3	0.0	1	185943	n/a
90.80078125	0.3	1.0	2	185960	n/a
90.80908203125	0.3	0.0	1	185977	n/a
90.8173828125	0.3	0.0	1	185994	n/a
90.82568359375	0.3	1.0	2	186011	n/a
90.833984375	0.3	0.0	1	186028	n/a
90.84228515625	0.3	1.0	2	186045	n/a
90.8505859375	0.3	0.0	1	186062	n/a
90.85888671875	0.3	1.0	2	186079	n/a
90.8671875	0.3	1.0	2	186096	n/a
90.87548828125	0.3	0.0	1	186113	n/a
90.8837890625	0.3	1.0	2	186130	n/a
90.89208984375	0.3	0.0	1	186147	n/a
90.900390625	0.3	0.0	1	186164	n/a
90.9091796875	0.3	1.0	2	186182	n/a
90.91748046875	0.3	0.0	1	186199	n/a
90.92578125	0.3	1.0	2	186216	n/a
90.93408203125	0.3	1.0	2	186233	n/a
90.9423828125	0.3	0.0	1	186250	n/a
90.95068359375	0.3	0.0	1	186267	n/a
90.958984375	0.3	1.0	2	186284	n/a
90.96728515625	0.3	0.0	1	186301	n/a
90.9755859375	0.3	1.0	2	186318	n/a
90.98388671875	0.3	0.0	1	186335	n/a
90.9921875	0.3	1.0	2	186352	n/a
91.00048828125	0.3	1.0	2	186369	n/a
91.0087890625	0.3	0.0	1	186386	n/a
91.01708984375	0.3	0.0	1	186403	n/a
91.025390625	0.3	1.0	2	186420	n/a
91.0341796875	0.3	0.0	1	186438	n/a
91.04248046875	0.3	1.0	2	186455	n/a
91.05078125	0.3	0.0	1	186472	n/a
91.05908203125	0.3	1.0	2	186489	n/a
91.0673828125	0.3	0.0	1	186506	n/a
91.07568359375	0.3	1.0	2	186523	n/a
91.083984375	0.3	1.0	2	186540	n/a
91.09228515625	0.3	0.0	1	186557	n/a
91.1005859375	0.3	0.0	1	186574	n/a
91.10888671875	0.3	1.0	2	186591	n/a
91.1171875	0.3	1.0	2	186608	n/a
91.12548828125	0.3	0.0	1	186625	n/a
91.1337890625	0.3	1.0	2	186642	n/a
91.14208984375	0.3	0.0	1	186659	n/a
91.150390625	0.3	1.0	2	186676	n/a
91.1591796875	0.3	0.0	1	186694	n/a
91.16748046875	0.3	0.0	1	186711	n/a
91.17578125	0.3	1.0	2	186728	n/a
91.18408203125	0.3	1.0	2	186745	n/a
91.1923828125	0.3	0.0	1	186762	n/a
91.20068359375	0.3	0.0	1	186779	n/a
91.208984375	0.3	1.0	2	186796	n/a
91.21728515625	0.3	0.0	1	186813	n/a
91.2255859375	0.3	1.0	2	186830	n/a
91.23388671875	0.3	0.0	1	186847	n/a
91.2421875	0.3	1.0	2	186864	n/a
91.25048828125	0.3	1.0	2	186881	n/a
91.2587890625	0.3	0.0	1	186898	n/a
91.26708984375	0.3	1.0	2	186915	n/a
91.275390625	0.3	0.0	1	186932	n/a
91.2841796875	0.3	1.0	2	186950	n/a
91.29248046875	0.3	0.0	1	186967	n/a
91.30078125	0.3	0.0	1	186984	n/a
91.30908203125	0.3	1.0	2	187001	n/a
91.3173828125	0.3	1.0	2	187018	n/a
91.32568359375	0.3	0.0	1	187035	n/a
91.333984375	0.3	0.0	1	187052	n/a
91.34228515625	0.3	1.0	2	187069	n/a
91.3505859375	0.3	0.0	1	187086	n/a
91.35888671875	0.3	1.0	2	187103	n/a
91.3671875	0.3	1.0	2	187120	n/a
91.37548828125	0.3	0.0	1	187137	n/a
91.3837890625	0.3	1.0	2	187154	n/a
91.39208984375	0.3	0.0	1	187171	n/a
91.400390625	0.3	0.0	1	187188	n/a
91.4091796875	0.3	1.0	2	187206	n/a
91.41748046875	0.3	1.0	2	187223	n/a
91.42578125	0.3	0.0	1	187240	n/a
91.43408203125	0.3	1.0	2	187257	n/a
91.4423828125	0.3	0.0	1	187274	n/a
91.45068359375	0.3	0.0	1	187291	n/a
91.458984375	0.3	1.0	2	187308	n/a
91.46728515625	0.3	1.0	2	187325	n/a
91.4755859375	0.3	0.0	1	187342	n/a
91.48388671875	0.3	1.0	2	187359	n/a
91.4921875	0.3	0.0	1	187376	n/a
91.50048828125	0.3	1.0	2	187393	n/a
91.5087890625	0.3	0.0	1	187410	n/a
91.51708984375	0.3	1.0	2	187427	n/a
91.525390625	0.3	0.0	1	187444	n/a
91.5341796875	0.3	0.0	1	187462	n/a
91.54248046875	0.3	1.0	2	187479	n/a
91.55078125	0.3	1.0	2	187496	n/a
91.55908203125	0.3	0.0	1	187513	n/a
91.5673828125	0.3	0.0	1	187530	n/a
91.57568359375	0.3	1.0	2	187547	n/a
91.583984375	0.3	0.0	1	187564	n/a
91.59228515625	0.3	1.0	2	187581	n/a
91.6005859375	0.3	0.0	1	187598	n/a
91.60888671875	0.3	1.0	2	187615	n/a
91.6171875	0.3	0.0	1	187632	n/a
91.62548828125	0.3	1.0	2	187649	n/a
91.6337890625	0.3	1.0	2	187666	n/a
91.64208984375	0.3	0.0	1	187683	n/a
91.650390625	0.3	1.0	2	187700	n/a
91.6591796875	0.3	0.0	1	187718	n/a
91.66748046875	0.3	0.0	1	187735	n/a
91.67578125	0.3	1.0	2	187752	n/a
91.68408203125	0.3	1.0	2	187769	n/a
91.6923828125	0.3	0.0	1	187786	n/a
91.70068359375	0.3	0.0	1	187803	n/a
91.708984375	0.3	1.0	2	187820	n/a
91.71728515625	0.3	0.0	1	187837	n/a
91.7255859375	0.3	1.0	2	187854	n/a
91.73388671875	0.3	0.0	1	187871	n/a
91.7421875	0.3	1.0	2	187888	n/a
91.75048828125	0.3	1.0	2	187905	n/a
91.7587890625	0.3	0.0	1	187922	n/a
91.76708984375	0.3	0.0	1	187939	n/a
91.775390625	0.3	1.0	2	187956	n/a
91.7841796875	0.3	1.0	2	187974	n/a
91.79248046875	0.3	0.0	1	187991	n/a
91.80078125	0.3	1.0	2	188008	n/a
91.80908203125	0.3	0.0	1	188025	n/a
91.8173828125	0.3	1.0	2	188042	n/a
91.82568359375	0.3	0.0	1	188059	n/a
91.833984375	0.3	1.0	2	188076	n/a
91.84228515625	0.3	0.0	1	188093	n/a
91.8505859375	0.3	1.0	2	188110	n/a
91.85888671875	0.3	0.0	1	188127	n/a
91.8671875	0.3	0.0	1	188144	n/a
91.87548828125	0.3	1.0	2	188161	n/a
91.8837890625	0.3	0.0	1	188178	n/a
91.89208984375	0.3	1.0	2	188195	n/a
91.900390625	0.3	0.0	1	188212	n/a
91.9091796875	0.3	1.0	2	188230	n/a
91.91748046875	0.3	1.0	2	188247	n/a
91.92578125	0.3	0.0	1	188264	n/a
91.93408203125	0.3	1.0	2	188281	n/a
91.9423828125	0.3	0.0	1	188298	n/a
91.95068359375	0.3	0.0	1	188315	n/a
91.958984375	0.3	1.0	2	188332	n/a
91.96728515625	0.3	0.0	1	188349	n/a
91.9755859375	0.3	1.0	2	188366	n/a
91.98388671875	0.3	1.0	2	188383	n/a
91.9921875	0.3	0.0	1	188400	n/a
92.00048828125	0.3	0.0	1	188417	n/a
92.0087890625	0.3	1.0	2	188434	n/a
92.01708984375	0.3	0.0	1	188451	n/a
92.025390625	0.3	1.0	2	188468	n/a
92.0341796875	0.3	0.0	1	188486	n/a
92.04248046875	0.3	1.0	2	188503	n/a
92.05078125	0.3	1.0	2	188520	n/a
92.05908203125	0.3	0.0	1	188537	n/a
92.0673828125	0.3	0.0	1	188554	n/a
92.07568359375	0.3	1.0	2	188571	n/a
92.083984375	0.3	0.0	1	188588	n/a
92.09228515625	0.3	1.0	2	188605	n/a
92.1005859375	0.3	0.0	1	188622	n/a
92.10888671875	0.3	1.0	2	188639	n/a
92.1171875	0.3	0.0	1	188656	n/a
92.12548828125	0.3	1.0	2	188673	n/a
92.1337890625	0.3	1.0	2	188690	n/a
92.14208984375	0.3	0.0	1	188707	n/a
92.150390625	0.3	0.0	1	188724	n/a
92.1591796875	0.3	1.0	2	188742	n/a
92.16748046875	0.3	1.0	2	188759	n/a
92.17578125	0.3	0.0	1	188776	n/a
92.18408203125	0.3	1.0	2	188793	n/a
92.1923828125	0.3	0.0	1	188810	n/a
92.20068359375	0.3	1.0	2	188827	n/a
92.208984375	0.3	0.0	1	188844	n/a
92.21728515625	0.3	0.0	1	188861	n/a
92.2255859375	0.3	1.0	2	188878	n/a
92.23388671875	0.3	1.0	2	188895	n/a
92.2421875	0.3	0.0	1	188912	n/a
92.25048828125	0.3	0.0	1	188929	n/a
92.2587890625	0.3	1.0	2	188946	n/a
92.26708984375	0.3	0.0	1	188963	n/a
92.275390625	0.3	1.0	2	188980	n/a
92.2841796875	0.3	0.0	1	188998	n/a
92.29248046875	0.3	1.0	2	189015	n/a
92.30078125	0.3	1.0	2	189032	n/a
92.30908203125	0.3	0.0	1	189049	n/a
92.3173828125	0.3	1.0	2	189066	n/a
92.32568359375	0.3	0.0	1	189083	n/a
92.333984375	0.3	1.0	2	189100	n/a
92.34228515625	0.3	0.0	1	189117	n/a
92.3505859375	0.3	0.0	1	189134	n/a
92.35888671875	0.3	1.0	2	189151	n/a
92.3671875	0.3	1.0	2	189168	n/a
92.37548828125	0.3	0.0	1	189185	n/a
92.3837890625	0.3	0.0	1	189202	n/a
92.39208984375	0.3	1.0	2	189219	n/a
92.400390625	0.3	0.0	1	189236	n/a
92.4091796875	0.3	1.0	2	189254	n/a
92.41748046875	0.3	1.0	2	189271	n/a
92.42578125	0.3	0.0	1	189288	n/a
92.43408203125	0.3	1.0	2	189305	n/a
92.4423828125	0.3	0.0	1	189322	n/a
92.45068359375	0.3	0.0	1	189339	n/a
92.458984375	0.3	1.0	2	189356	n/a
92.46728515625	0.3	1.0	2	189373	n/a
92.4755859375	0.3	0.0	1	189390	n/a
92.48388671875	0.3	1.0	2	189407	n/a
92.4921875	0.3	0.0	1	189424	n/a
92.50048828125	0.3	0.0	1	189441	n/a
92.5087890625	0.3	1.0	2	189458	n/a
92.51708984375	0.3	1.0	2	189475	n/a
92.525390625	0.3	0.0	1	189492	n/a
92.5341796875	0.3	1.0	2	189510	n/a
92.54248046875	0.3	0.0	1	189527	n/a
92.55078125	0.3	1.0	2	189544	n/a
92.55908203125	0.3	0.0	1	189561	n/a
92.5673828125	0.3	1.0	2	189578	n/a
92.57568359375	0.3	0.0	1	189595	n/a
92.583984375	0.3	0.0	1	189612	n/a
92.59228515625	0.3	1.0	2	189629	n/a
92.6005859375	0.3	1.0	2	189646	n/a
92.60888671875	0.3	0.0	1	189663	n/a
92.6171875	0.3	0.0	1	189680	n/a
92.62548828125	0.3	1.0	2	189697	n/a
92.6337890625	0.3	0.0	1	189714	n/a
92.64208984375	0.3	1.0	2	189731	n/a
92.650390625	0.3	0.0	1	189748	n/a
92.6591796875	0.3	1.0	2	189766	n/a
92.66748046875	0.3	0.0	1	189783	n/a
92.67578125	0.3	1.0	2	189800	n/a
92.68408203125	0.3	1.0	2	189817	n/a
92.6923828125	0.3	0.0	1	189834	n/a
92.70068359375	0.3	1.0	2	189851	n/a
92.708984375	0.3	0.0	1	189868	n/a
92.71728515625	0.3	0.0	1	189885	n/a
92.7255859375	0.3	1.0	2	189902	n/a
92.73388671875	0.3	1.0	2	189919	n/a
92.7421875	0.3	0.0	1	189936	n/a
92.75048828125	0.3	0.0	1	189953	n/a
92.7587890625	0.3	1.0	2	189970	n/a
92.76708984375	0.3	0.0	1	189987	n/a
92.775390625	0.3	1.0	2	190004	n/a
92.7841796875	0.3	0.0	1	190022	n/a
92.79248046875	0.3	1.0	2	190039	n/a
92.80078125	0.3	1.0	2	190056	n/a
92.80908203125	0.3	0.0	1	190073	n/a
92.8173828125	0.3	0.0	1	190090	n/a
92.82568359375	0.3	1.0	2	190107	n/a
92.833984375	0.3	1.0	2	190124	n/a
92.84228515625	0.3	0.0	1	190141	n/a
92.8505859375	0.3	1.0	2	190158	n/a
92.85888671875	0.3	0.0	1	190175	n/a
92.8671875	0.3	1.0	2	190192	n/a
92.87548828125	0.3	0.0	1	190209	n/a
92.8837890625	0.3	1.0	2	190226	n/a
92.89208984375	0.3	0.0	1	190243	n/a
92.900390625	0.3	1.0	2	190260	n/a
92.9091796875	0.3	0.0	1	190278	n/a
92.91748046875	0.3	0.0	1	190295	n/a
92.92578125	0.3	1.0	2	190312	n/a
92.93408203125	0.3	0.0	1	190329	n/a
92.9423828125	0.3	1.0	2	190346	n/a
92.95068359375	0.3	0.0	1	190363	n/a
92.958984375	0.3	1.0	2	190380	n/a
92.96728515625	0.3	1.0	2	190397	n/a
92.9755859375	0.3	0.0	1	190414	n/a
92.98388671875	0.3	1.0	2	190431	n/a
92.9921875	0.3	0.0	1	190448	n/a
93.00048828125	0.3	0.0	1	190465	n/a
93.0087890625	0.3	1.0	2	190482	n/a
93.01708984375	0.3	0.0	1	190499	n/a
93.025390625	0.3	1.0	2	190516	n/a
93.0341796875	0.3	1.0	2	190534	n/a
93.04248046875	0.3	0.0	1	190551	n/a
93.05078125	0.3	0.0	1	190568	n/a
93.05908203125	0.3	1.0	2	190585	n/a
93.0673828125	0.3	0.0	1	190602	n/a
93.07568359375	0.3	1.0	2	190619	n/a
93.083984375	0.3	0.0	1	190636	n/a
93.09228515625	0.3	1.0	2	190653	n/a
93.1005859375	0.3	1.0	2	190670	n/a
93.10888671875	0.3	0.0	1	190687	n/a
93.1171875	0.3	0.0	1	190704	n/a
93.12548828125	0.3	1.0	2	190721	n/a
93.1337890625	0.3	0.0	1	190738	n/a
93.14208984375	0.3	1.0	2	190755	n/a
93.150390625	0.3	0.0	1	190772	n/a
93.1591796875	0.3	1.0	2	190790	n/a
93.16748046875	0.3	0.0	1	190807	n/a
93.17578125	0.3	1.0	2	190824	n/a
93.18408203125	0.3	1.0	2	190841	n/a
93.1923828125	0.3	0.0	1	190858	n/a
93.20068359375	0.3	0.0	1	190875	n/a
93.208984375	0.3	1.0	2	190892	n/a
93.21728515625	0.3	1.0	2	190909	n/a
93.2255859375	0.3	0.0	1	190926	n/a
93.23388671875	0.3	1.0	2	190943	n/a
93.2421875	0.3	0.0	1	190960	n/a
93.25048828125	0.3	1.0	2	190977	n/a
93.2587890625	0.3	0.0	1	190994	n/a
93.26708984375	0.3	0.0	1	191011	n/a
93.275390625	0.3	1.0	2	191028	n/a
93.2841796875	0.3	1.0	2	191046	n/a
93.29248046875	0.3	0.0	1	191063	n/a
93.30078125	0.3	0.0	1	191080	n/a
93.30908203125	0.3	1.0	2	191097	n/a
93.3173828125	0.3	0.0	1	191114	n/a
93.32568359375	0.3	1.0	2	191131	n/a
93.333984375	0.3	0.0	1	191148	n/a
93.34228515625	0.3	1.0	2	191165	n/a
93.3505859375	0.3	1.0	2	191182	n/a
93.35888671875	0.3	0.0	1	191199	n/a
93.3671875	0.3	1.0	2	191216	n/a
93.37548828125	0.3	0.0	1	191233	n/a
93.3837890625	0.3	1.0	2	191250	n/a
93.39208984375	0.3	0.0	1	191267	n/a
93.400390625	0.3	0.0	1	191284	n/a
93.4091796875	0.3	1.0	2	191302	n/a
93.41748046875	0.3	1.0	2	191319	n/a
93.42578125	0.3	0.0	1	191336	n/a
93.43408203125	0.3	0.0	1	191353	n/a
93.4423828125	0.3	1.0	2	191370	n/a
93.45068359375	0.3	0.0	1	191387	n/a
93.458984375	0.3	1.0	2	191404	n/a
93.46728515625	0.3	1.0	2	191421	n/a
93.4755859375	0.3	0.0	1	191438	n/a
93.48388671875	0.3	1.0	2	191455	n/a
93.4921875	0.3	0.0	1	191472	n/a
93.50048828125	0.3	0.0	1	191489	n/a
93.5087890625	0.3	1.0	2	191506	n/a
93.51708984375	0.3	1.0	2	191523	n/a
93.525390625	0.3	0.0	1	191540	n/a
93.5341796875	0.3	1.0	2	191558	n/a
93.54248046875	0.3	0.0	1	191575	n/a
93.55078125	0.3	0.0	1	191592	n/a
93.55908203125	0.3	1.0	2	191609	n/a
93.5673828125	0.3	1.0	2	191626	n/a
93.57568359375	0.3	0.0	1	191643	n/a
93.583984375	0.3	1.0	2	191660	n/a
93.59228515625	0.3	0.0	1	191677	n/a
93.6005859375	0.3	1.0	2	191694	n/a
93.60888671875	0.3	0.0	1	191711	n/a
93.6171875	0.3	1.0	2	191728	n/a
93.62548828125	0.3	0.0	1	191745	n/a
93.6337890625	0.3	0.0	1	191762	n/a
93.64208984375	0.3	1.0	2	191779	n/a
93.650390625	0.3	1.0	2	191796	n/a
93.6591796875	0.3	0.0	1	191814	n/a
93.66748046875	0.3	0.0	1	191831	n/a
93.67578125	0.3	1.0	2	191848	n/a
93.68408203125	0.3	0.0	1	191865	n/a
93.6923828125	0.3	1.0	2	191882	n/a
93.70068359375	0.3	0.0	1	191899	n/a
93.708984375	0.3	1.0	2	191916	n/a
93.71728515625	0.3	0.0	1	191933	n/a
93.7255859375	0.3	1.0	2	191950	n/a
93.73388671875	0.3	1.0	2	191967	n/a
93.7421875	0.3	0.0	1	191984	n/a
93.75048828125	0.3	1.0	2	192001	n/a
93.7587890625	0.3	0.0	1	192018	n/a
93.76708984375	0.3	0.0	1	192035	n/a
93.775390625	0.3	1.0	2	192052	n/a
93.7841796875	0.3	1.0	2	192070	n/a
93.79248046875	0.3	0.0	1	192087	n/a
93.80078125	0.3	0.0	1	192104	n/a
93.80908203125	0.3	1.0	2	192121	n/a
93.8173828125	0.3	0.0	1	192138	n/a
93.82568359375	0.3	1.0	2	192155	n/a
93.833984375	0.3	0.0	1	192172	n/a
93.84228515625	0.3	1.0	2	192189	n/a
93.8505859375	0.3	1.0	2	192206	n/a
93.85888671875	0.3	0.0	1	192223	n/a
93.8671875	0.3	0.0	1	192240	n/a
93.87548828125	0.3	1.0	2	192257	n/a
93.8837890625	0.3	1.0	2	192274	n/a
93.89208984375	0.3	0.0	1	192291	n/a
93.900390625	0.3	1.0	2	192308	n/a
93.9091796875	0.3	0.0	1	192326	n/a
93.91748046875	0.3	1.0	2	192343	n/a
93.92578125	0.3	0.0	1	192360	n/a
93.93408203125	0.3	1.0	2	192377	n/a
93.9423828125	0.3	0.0	1	192394	n/a
93.95068359375	0.3	1.0	2	192411	n/a
93.958984375	0.3	0.0	1	192428	n/a
93.96728515625	0.3	0.0	1	192445	n/a
93.9755859375	0.3	1.0	2	192462	n/a
93.98388671875	0.3	0.0	1	192479	n/a
93.9921875	0.3	1.0	2	192496	n/a
94.00048828125	0.3	0.0	1	192513	n/a
94.0087890625	0.3	1.0	2	192530	n/a
94.01708984375	0.3	1.0	2	192547	n/a
94.025390625	0.3	0.0	1	192564	n/a
94.0341796875	0.3	1.0	2	192582	n/a
94.04248046875	0.3	0.0	1	192599	n/a
94.05078125	0.3	0.0	1	192616	n/a
94.05908203125	0.3	1.0	2	192633	n/a
94.0673828125	0.3	0.0	1	192650	n/a
94.07568359375	0.3	1.0	2	192667	n/a
94.083984375	0.3	1.0	2	192684	n/a
94.09228515625	0.3	0.0	1	192701	n/a
94.1005859375	0.3	0.0	1	192718	n/a
94.10888671875	0.3	1.0	2	192735	n/a
94.1171875	0.3	0.0	1	192752	n/a
94.12548828125	0.3	1.0	2	192769	n/a
94.1337890625	0.3	0.0	1	192786	n/a
94.14208984375	0.3	1.0	2	192803	n/a
94.150390625	0.3	1.0	2	192820	n/a
94.1591796875	0.3	0.0	1	192838	n/a
94.16748046875	0.3	0.0	1	192855	n/a
94.17578125	0.3	1.0	2	192872	n/a
94.18408203125	0.3	0.0	1	192889	n/a
94.1923828125	0.3	1.0	2	192906	n/a
94.20068359375	0.3	0.0	1	192923	n/a
94.208984375	0.3	1.0	2	192940	n/a
94.21728515625	0.3	0.0	1	192957	n/a
94.2255859375	0.3	1.0	2	192974	n/a
94.23388671875	0.3	1.0	2	192991	n/a
94.2421875	0.3	0.0	1	193008	n/a
94.25048828125	0.3	0.0	1	193025	n/a
94.2587890625	0.3	1.0	2	193042	n/a
94.26708984375	0.3	1.0	2	193059	n/a
94.275390625	0.3	0.0	1	193076	n/a
94.2841796875	0.3	1.0	2	193094	n/a
94.29248046875	0.3	0.0	1	193111	n/a
94.30078125	0.3	1.0	2	193128	n/a
94.30908203125	0.3	0.0	1	193145	n/a
94.3173828125	0.3	0.0	1	193162	n/a
94.32568359375	0.3	1.0	2	193179	n/a
94.333984375	0.3	1.0	2	193196	n/a
94.34228515625	0.3	0.0	1	193213	n/a
94.3505859375	0.3	0.0	1	193230	n/a
94.35888671875	0.3	1.0	2	193247	n/a
94.3671875	0.3	0.0	1	193264	n/a
94.37548828125	0.3	1.0	2	193281	n/a
94.3837890625	0.3	0.0	1	193298	n/a
94.39208984375	0.3	1.0	2	193315	n/a
94.400390625	0.3	1.0	2	193332	n/a
94.4091796875	0.3	0.0	1	193350	n/a
94.41748046875	0.3	1.0	2	193367	n/a
94.42578125	0.3	0.0	1	193384	n/a
94.43408203125	0.3	1.0	2	193401	n/a
94.4423828125	0.3	0.0	1	193418	n/a
94.45068359375	0.3	0.0	1	193435	n/a
94.458984375	0.3	1.0	2	193452	n/a
94.46728515625	0.3	1.0	2	193469	n/a
94.4755859375	0.3	0.0	1	193486	n/a
94.48388671875	0.3	0.0	1	193503	n/a
94.4921875	0.3	1.0	2	193520	n/a
94.50048828125	0.3	0.0	1	193537	n/a
94.5087890625	0.3	1.0	2	193554	n/a
94.51708984375	0.3	1.0	2	193571	n/a
94.525390625	0.3	0.0	1	193588	n/a
94.5341796875	0.3	1.0	2	193606	n/a
94.54248046875	0.3	0.0	1	193623	n/a
94.55078125	0.3	0.0	1	193640	n/a
94.55908203125	0.3	1.0	2	193657	n/a
94.5673828125	0.3	1.0	2	193674	n/a
94.57568359375	0.3	0.0	1	193691	n/a
94.583984375	0.3	1.0	2	193708	n/a
94.59228515625	0.3	0.0	1	193725	n/a
94.6005859375	0.3	0.0	1	193742	n/a
94.60888671875	0.3	1.0	2	193759	n/a
94.6171875	0.3	1.0	2	193776	n/a
94.62548828125	0.3	0.0	1	193793	n/a
94.6337890625	0.3	1.0	2	193810	n/a
94.64208984375	0.3	0.0	1	193827	n/a
94.650390625	0.3	1.0	2	193844	n/a
94.6591796875	0.3	0.0	1	193862	n/a
97.05126953125	0.3	0.0	1	198761	29.0
97.0595703125	0.3	1.0	2	198778	n/a
97.06787109375	0.3	0.0	1	198795	n/a
97.076171875	0.3	1.0	2	198812	n/a
97.08447265625	0.3	0.0	1	198829	n/a
97.0927734375	0.3	1.0	2	198846	n/a
97.10107421875	0.3	1.0	2	198863	n/a
97.109375	0.3	0.0	1	198880	n/a
97.1181640625	0.3	1.0	2	198898	n/a
97.12646484375	0.3	0.0	1	198915	n/a
97.134765625	0.3	0.0	1	198932	n/a
97.14306640625	0.3	1.0	2	198949	n/a
97.1513671875	0.3	1.0	2	198966	n/a
97.15966796875	0.3	0.0	1	198983	n/a
97.16796875	0.3	1.0	2	199000	n/a
97.17626953125	0.3	0.0	1	199017	n/a
97.1845703125	0.3	0.0	1	199034	n/a
97.19287109375	0.3	1.0	2	199051	n/a
97.201171875	0.3	1.0	2	199068	n/a
97.20947265625	0.3	0.0	1	199085	n/a
97.2177734375	0.3	1.0	2	199102	n/a
97.22607421875	0.3	0.0	1	199119	n/a
97.234375	0.3	1.0	2	199136	n/a
97.2431640625	0.3	0.0	1	199154	n/a
97.25146484375	0.3	0.0	1	199171	n/a
97.259765625	0.3	1.0	2	199188	n/a
97.26806640625	0.3	0.0	1	199205	n/a
97.2763671875	0.3	1.0	2	199222	n/a
97.28466796875	0.3	0.0	1	199239	n/a
97.29296875	0.3	1.0	2	199256	n/a
97.30126953125	0.3	1.0	2	199273	n/a
97.3095703125	0.3	0.0	1	199290	n/a
97.31787109375	0.3	1.0	2	199307	n/a
97.326171875	0.3	0.0	1	199324	n/a
97.33447265625	0.3	0.0	1	199341	n/a
97.3427734375	0.3	1.0	2	199358	n/a
97.35107421875	0.3	0.0	1	199375	n/a
97.359375	0.3	1.0	2	199392	n/a
97.3681640625	0.3	1.0	2	199410	n/a
97.37646484375	0.3	0.0	1	199427	n/a
97.384765625	0.3	1.0	2	199444	n/a
97.39306640625	0.3	0.0	1	199461	n/a
97.4013671875	0.3	0.0	1	199478	n/a
97.40966796875	0.3	1.0	2	199495	n/a
97.41796875	0.3	1.0	2	199512	n/a
97.42626953125	0.3	0.0	1	199529	n/a
97.4345703125	0.3	0.0	1	199546	n/a
97.44287109375	0.3	1.0	2	199563	n/a
97.451171875	0.3	1.0	2	199580	n/a
97.45947265625	0.3	0.0	1	199597	n/a
97.4677734375	0.3	0.0	1	199614	n/a
97.47607421875	0.3	1.0	2	199631	n/a
97.484375	0.3	0.0	1	199648	n/a
97.4931640625	0.3	1.0	2	199666	n/a
97.50146484375	0.3	0.0	1	199683	n/a
97.509765625	0.3	1.0	2	199700	n/a
97.51806640625	0.3	1.0	2	199717	n/a
97.5263671875	0.3	0.0	1	199734	n/a
97.53466796875	0.3	0.0	1	199751	n/a
97.54296875	0.3	1.0	2	199768	n/a
97.55126953125	0.3	1.0	2	199785	n/a
97.5595703125	0.3	0.0	1	199802	n/a
97.56787109375	0.3	1.0	2	199819	n/a
97.576171875	0.3	0.0	1	199836	n/a
97.58447265625	0.3	0.0	1	199853	n/a
97.5927734375	0.3	1.0	2	199870	n/a
97.60107421875	0.3	0.0	1	199887	n/a
97.609375	0.3	1.0	2	199904	n/a
97.6181640625	0.3	0.0	1	199922	n/a
97.62646484375	0.3	1.0	2	199939	n/a
97.634765625	0.3	0.0	1	199956	n/a
97.64306640625	0.3	1.0	2	199973	n/a
97.6513671875	0.3	0.0	1	199990	n/a
97.65966796875	0.3	1.0	2	200007	n/a
97.66796875	0.3	1.0	2	200024	n/a
97.67626953125	0.3	0.0	1	200041	n/a
97.6845703125	0.3	1.0	2	200058	n/a
97.69287109375	0.3	0.0	1	200075	n/a
97.701171875	0.3	1.0	2	200092	n/a
97.70947265625	0.3	0.0	1	200109	n/a
97.7177734375	0.3	0.0	1	200126	n/a
97.72607421875	0.3	1.0	2	200143	n/a
97.734375	0.3	0.0	1	200160	n/a
97.7431640625	0.3	1.0	2	200178	n/a
97.75146484375	0.3	1.0	2	200195	n/a
97.759765625	0.3	0.0	1	200212	n/a
97.76806640625	0.3	0.0	1	200229	n/a
97.7763671875	0.3	1.0	2	200246	n/a
97.78466796875	0.3	1.0	2	200263	n/a
97.79296875	0.3	0.0	1	200280	n/a
97.80126953125	0.3	1.0	2	200297	n/a
97.8095703125	0.3	0.0	1	200314	n/a
97.81787109375	0.3	0.0	1	200331	n/a
97.826171875	0.3	1.0	2	200348	n/a
97.83447265625	0.3	1.0	2	200365	n/a
97.8427734375	0.3	0.0	1	200382	n/a
97.85107421875	0.3	0.0	1	200399	n/a
97.859375	0.3	1.0	2	200416	n/a
97.8681640625	0.3	1.0	2	200434	n/a
97.87646484375	0.3	0.0	1	200451	n/a
97.884765625	0.3	1.0	2	200468	n/a
97.89306640625	0.3	0.0	1	200485	n/a
97.9013671875	0.3	1.0	2	200502	n/a
97.90966796875	0.3	0.0	1	200519	n/a
97.91796875	0.3	1.0	2	200536	n/a
97.92626953125	0.3	0.0	1	200553	n/a
97.9345703125	0.3	0.0	1	200570	n/a
97.94287109375	0.3	1.0	2	200587	n/a
97.951171875	0.3	1.0	2	200604	n/a
97.95947265625	0.3	0.0	1	200621	n/a
97.9677734375	0.3	1.0	2	200638	n/a
97.97607421875	0.3	0.0	1	200655	n/a
97.984375	0.3	1.0	2	200672	n/a
97.9931640625	0.3	0.0	1	200690	n/a
98.00146484375	0.3	0.0	1	200707	n/a
98.009765625	0.3	1.0	2	200724	n/a
98.01806640625	0.3	1.0	2	200741	n/a
98.0263671875	0.3	0.0	1	200758	n/a
98.03466796875	0.3	0.0	1	200775	n/a
98.04296875	0.3	1.0	2	200792	n/a
98.05126953125	0.3	0.0	1	200809	n/a
98.0595703125	0.3	1.0	2	200826	n/a
98.06787109375	0.3	0.0	1	200843	n/a
98.076171875	0.3	1.0	2	200860	n/a
98.08447265625	0.3	0.0	1	200877	n/a
98.0927734375	0.3	1.0	2	200894	n/a
98.10107421875	0.3	0.0	1	200911	n/a
98.109375	0.3	1.0	2	200928	n/a
98.1181640625	0.3	0.0	1	200946	n/a
98.12646484375	0.3	1.0	2	200963	n/a
98.134765625	0.3	0.0	1	200980	n/a
98.14306640625	0.3	1.0	2	200997	n/a
98.1513671875	0.3	1.0	2	201014	n/a
98.15966796875	0.3	0.0	1	201031	n/a
98.16796875	0.3	1.0	2	201048	n/a
98.17626953125	0.3	0.0	1	201065	n/a
98.1845703125	0.3	0.0	1	201082	n/a
98.19287109375	0.3	1.0	2	201099	n/a
98.201171875	0.3	1.0	2	201116	n/a
98.20947265625	0.3	0.0	1	201133	n/a
98.2177734375	0.3	1.0	2	201150	n/a
98.22607421875	0.3	0.0	1	201167	n/a
98.234375	0.3	0.0	1	201184	n/a
98.2431640625	0.3	1.0	2	201202	n/a
98.25146484375	0.3	1.0	2	201219	n/a
98.259765625	0.3	0.0	1	201236	n/a
98.26806640625	0.3	1.0	2	201253	n/a
98.2763671875	0.3	0.0	1	201270	n/a
98.28466796875	0.3	1.0	2	201287	n/a
98.29296875	0.3	0.0	1	201304	n/a
98.30126953125	0.3	0.0	1	201321	n/a
98.3095703125	0.3	1.0	2	201338	n/a
98.31787109375	0.3	0.0	1	201355	n/a
98.326171875	0.3	1.0	2	201372	n/a
98.33447265625	0.3	0.0	1	201389	n/a
98.3427734375	0.3	1.0	2	201406	n/a
98.35107421875	0.3	1.0	2	201423	n/a
98.359375	0.3	0.0	1	201440	n/a
98.3681640625	0.3	1.0	2	201458	n/a
98.37646484375	0.3	0.0	1	201475	n/a
98.384765625	0.3	0.0	1	201492	n/a
98.39306640625	0.3	1.0	2	201509	n/a
98.4013671875	0.3	0.0	1	201526	n/a
98.40966796875	0.3	1.0	2	201543	n/a
98.41796875	0.3	1.0	2	201560	n/a
98.42626953125	0.3	0.0	1	201577	n/a
98.4345703125	0.3	1.0	2	201594	n/a
98.44287109375	0.3	0.0	1	201611	n/a
98.451171875	0.3	0.0	1	201628	n/a
98.45947265625	0.3	1.0	2	201645	n/a
98.4677734375	0.3	1.0	2	201662	n/a
98.47607421875	0.3	0.0	1	201679	n/a
98.484375	0.3	0.0	1	201696	n/a
98.4931640625	0.3	1.0	2	201714	n/a
98.50146484375	0.3	1.0	2	201731	n/a
98.509765625	0.3	0.0	1	201748	n/a
98.51806640625	0.3	0.0	1	201765	n/a
98.5263671875	0.3	1.0	2	201782	n/a
98.53466796875	0.3	0.0	1	201799	n/a
98.54296875	0.3	1.0	2	201816	n/a
98.55126953125	0.3	0.0	1	201833	n/a
98.5595703125	0.3	1.0	2	201850	n/a
98.56787109375	0.3	1.0	2	201867	n/a
98.576171875	0.3	0.0	1	201884	n/a
98.58447265625	0.3	0.0	1	201901	n/a
98.5927734375	0.3	1.0	2	201918	n/a
98.60107421875	0.3	1.0	2	201935	n/a
98.609375	0.3	0.0	1	201952	n/a
98.6181640625	0.3	1.0	2	201970	n/a
98.62646484375	0.3	0.0	1	201987	n/a
98.634765625	0.3	0.0	1	202004	n/a
98.64306640625	0.3	1.0	2	202021	n/a
98.6513671875	0.3	0.0	1	202038	n/a
98.65966796875	0.3	1.0	2	202055	n/a
98.66796875	0.3	0.0	1	202072	n/a
98.67626953125	0.3	1.0	2	202089	n/a
98.6845703125	0.3	0.0	1	202106	n/a
98.69287109375	0.3	1.0	2	202123	n/a
98.701171875	0.3	0.0	1	202140	n/a
98.70947265625	0.3	1.0	2	202157	n/a
98.7177734375	0.3	1.0	2	202174	n/a
98.72607421875	0.3	0.0	1	202191	n/a
98.734375	0.3	1.0	2	202208	n/a
98.7431640625	0.3	0.0	1	202226	n/a
98.75146484375	0.3	1.0	2	202243	n/a
98.759765625	0.3	0.0	1	202260	n/a
98.76806640625	0.3	0.0	1	202277	n/a
98.7763671875	0.3	1.0	2	202294	n/a
98.78466796875	0.3	0.0	1	202311	n/a
98.79296875	0.3	1.0	2	202328	n/a
98.80126953125	0.3	1.0	2	202345	n/a
98.8095703125	0.3	0.0	1	202362	n/a
98.81787109375	0.3	0.0	1	202379	n/a
98.826171875	0.3	1.0	2	202396	n/a
98.83447265625	0.3	1.0	2	202413	n/a
98.8427734375	0.3	0.0	1	202430	n/a
98.85107421875	0.3	1.0	2	202447	n/a
98.859375	0.3	0.0	1	202464	n/a
98.8681640625	0.3	0.0	1	202482	n/a
98.87646484375	0.3	1.0	2	202499	n/a
98.884765625	0.3	1.0	2	202516	n/a
98.89306640625	0.3	0.0	1	202533	n/a
98.9013671875	0.3	0.0	1	202550	n/a
98.90966796875	0.3	1.0	2	202567	n/a
98.91796875	0.3	1.0	2	202584	n/a
98.92626953125	0.3	0.0	1	202601	n/a
98.9345703125	0.3	1.0	2	202618	n/a
98.94287109375	0.3	0.0	1	202635	n/a
98.951171875	0.3	1.0	2	202652	n/a
98.95947265625	0.3	0.0	1	202669	n/a
98.9677734375	0.3	1.0	2	202686	n/a
98.97607421875	0.3	0.0	1	202703	n/a
98.984375	0.3	0.0	1	202720	n/a
98.9931640625	0.3	1.0	2	202738	n/a
99.00146484375	0.3	1.0	2	202755	n/a
99.009765625	0.3	0.0	1	202772	n/a
99.01806640625	0.3	1.0	2	202789	n/a
99.0263671875	0.3	0.0	1	202806	n/a
99.03466796875	0.3	1.0	2	202823	n/a
99.04296875	0.3	0.0	1	202840	n/a
99.05126953125	0.3	0.0	1	202857	n/a
99.0595703125	0.3	1.0	2	202874	n/a
99.06787109375	0.3	1.0	2	202891	n/a
99.076171875	0.3	0.0	1	202908	n/a
99.08447265625	0.3	0.0	1	202925	n/a
99.0927734375	0.3	1.0	2	202942	n/a
99.10107421875	0.3	0.0	1	202959	n/a
99.109375	0.3	1.0	2	202976	n/a
99.1181640625	0.3	0.0	1	202994	n/a
99.12646484375	0.3	1.0	2	203011	n/a
99.134765625	0.3	0.0	1	203028	n/a
99.14306640625	0.3	1.0	2	203045	n/a
99.1513671875	0.3	0.0	1	203062	n/a
99.15966796875	0.3	1.0	2	203079	n/a
99.16796875	0.3	0.0	1	203096	n/a
99.17626953125	0.3	1.0	2	203113	n/a
99.1845703125	0.3	0.0	1	203130	n/a
99.19287109375	0.3	1.0	2	203147	n/a
99.201171875	0.3	1.0	2	203164	n/a
99.20947265625	0.3	0.0	1	203181	n/a
99.2177734375	0.3	1.0	2	203198	n/a
99.22607421875	0.3	0.0	1	203215	n/a
99.234375	0.3	0.0	1	203232	n/a
99.2431640625	0.3	1.0	2	203250	n/a
99.25146484375	0.3	1.0	2	203267	n/a
99.259765625	0.3	0.0	1	203284	n/a
99.26806640625	0.3	1.0	2	203301	n/a
99.2763671875	0.3	0.0	1	203318	n/a
99.28466796875	0.3	0.0	1	203335	n/a
99.29296875	0.3	1.0	2	203352	n/a
99.30126953125	0.3	1.0	2	203369	n/a
99.3095703125	0.3	0.0	1	203386	n/a
99.31787109375	0.3	1.0	2	203403	n/a
99.326171875	0.3	0.0	1	203420	n/a
99.33447265625	0.3	1.0	2	203437	n/a
99.3427734375	0.3	0.0	1	203454	n/a
99.35107421875	0.3	0.0	1	203471	n/a
99.359375	0.3	1.0	2	203488	n/a
99.3681640625	0.3	0.0	1	203506	n/a
99.37646484375	0.3	1.0	2	203523	n/a
99.384765625	0.3	0.0	1	203540	n/a
99.39306640625	0.3	1.0	2	203557	n/a
99.4013671875	0.3	1.0	2	203574	n/a
99.40966796875	0.3	0.0	1	203591	n/a
99.41796875	0.3	1.0	2	203608	n/a
99.42626953125	0.3	0.0	1	203625	n/a
99.4345703125	0.3	0.0	1	203642	n/a
99.44287109375	0.3	1.0	2	203659	n/a
99.451171875	0.3	0.0	1	203676	n/a
99.45947265625	0.3	1.0	2	203693	n/a
99.4677734375	0.3	1.0	2	203710	n/a
99.47607421875	0.3	0.0	1	203727	n/a
99.484375	0.3	1.0	2	203744	n/a
99.4931640625	0.3	0.0	1	203762	n/a
99.50146484375	0.3	0.0	1	203779	n/a
99.509765625	0.3	1.0	2	203796	n/a
99.51806640625	0.3	1.0	2	203813	n/a
99.5263671875	0.3	0.0	1	203830	n/a
99.53466796875	0.3	0.0	1	203847	n/a
99.54296875	0.3	1.0	2	203864	n/a
99.55126953125	0.3	1.0	2	203881	n/a
99.5595703125	0.3	0.0	1	203898	n/a
99.56787109375	0.3	0.0	1	203915	n/a
99.576171875	0.3	1.0	2	203932	n/a
99.58447265625	0.3	0.0	1	203949	n/a
99.5927734375	0.3	1.0	2	203966	n/a
99.60107421875	0.3	0.0	1	203983	n/a
99.609375	0.3	1.0	2	204000	n/a
99.6181640625	0.3	1.0	2	204018	n/a
99.62646484375	0.3	0.0	1	204035	n/a
99.634765625	0.3	0.0	1	204052	n/a
99.64306640625	0.3	1.0	2	204069	n/a
99.6513671875	0.3	1.0	2	204086	n/a
99.65966796875	0.3	0.0	1	204103	n/a
99.66796875	0.3	1.0	2	204120	n/a
99.67626953125	0.3	0.0	1	204137	n/a
99.6845703125	0.3	0.0	1	204154	n/a
99.69287109375	0.3	1.0	2	204171	n/a
99.701171875	0.3	0.0	1	204188	n/a
99.70947265625	0.3	1.0	2	204205	n/a
99.7177734375	0.3	0.0	1	204222	n/a
99.72607421875	0.3	1.0	2	204239	n/a
99.734375	0.3	0.0	1	204256	n/a
99.7431640625	0.3	1.0	2	204274	n/a
99.75146484375	0.3	0.0	1	204291	n/a
99.759765625	0.3	1.0	2	204308	n/a
99.76806640625	0.3	1.0	2	204325	n/a
99.7763671875	0.3	0.0	1	204342	n/a
99.78466796875	0.3	1.0	2	204359	n/a
99.79296875	0.3	0.0	1	204376	n/a
99.80126953125	0.3	1.0	2	204393	n/a
99.8095703125	0.3	0.0	1	204410	n/a
99.81787109375	0.3	0.0	1	204427	n/a
99.826171875	0.3	1.0	2	204444	n/a
99.83447265625	0.3	0.0	1	204461	n/a
99.8427734375	0.3	1.0	2	204478	n/a
99.85107421875	0.3	1.0	2	204495	n/a
99.859375	0.3	0.0	1	204512	n/a
99.8681640625	0.3	0.0	1	204530	n/a
99.87646484375	0.3	1.0	2	204547	n/a
99.884765625	0.3	1.0	2	204564	n/a
99.89306640625	0.3	0.0	1	204581	n/a
99.9013671875	0.3	1.0	2	204598	n/a
99.90966796875	0.3	0.0	1	204615	n/a
99.91796875	0.3	0.0	1	204632	n/a
99.92626953125	0.3	1.0	2	204649	n/a
99.9345703125	0.3	1.0	2	204666	n/a
99.94287109375	0.3	0.0	1	204683	n/a
99.951171875	0.3	0.0	1	204700	n/a
99.95947265625	0.3	1.0	2	204717	n/a
99.9677734375	0.3	1.0	2	204734	n/a
99.97607421875	0.3	0.0	1	204751	n/a
99.984375	0.3	1.0	2	204768	n/a
99.9931640625	0.3	0.0	1	204786	n/a
100.00146484375	0.3	1.0	2	204803	n/a
100.009765625	0.3	0.0	1	204820	n/a
100.01806640625	0.3	1.0	2	204837	n/a
100.0263671875	0.3	0.0	1	204854	n/a
100.03466796875	0.3	0.0	1	204871	n/a
100.04296875	0.3	1.0	2	204888	n/a
100.05126953125	0.3	1.0	2	204905	n/a
100.0595703125	0.3	0.0	1	204922	n/a
100.06787109375	0.3	1.0	2	204939	n/a
100.076171875	0.3	0.0	1	204956	n/a
100.08447265625	0.3	1.0	2	204973	n/a
100.0927734375	0.3	0.0	1	204990	n/a
100.10107421875	0.3	0.0	1	205007	n/a
100.109375	0.3	1.0	2	205024	n/a
100.1181640625	0.3	1.0	2	205042	n/a
100.12646484375	0.3	0.0	1	205059	n/a
100.134765625	0.3	0.0	1	205076	n/a
100.14306640625	0.3	1.0	2	205093	n/a
100.1513671875	0.3	0.0	1	205110	n/a
100.15966796875	0.3	1.0	2	205127	n/a
100.16796875	0.3	0.0	1	205144	n/a
100.17626953125	0.3	1.0	2	205161	n/a
100.1845703125	0.3	0.0	1	205178	n/a
100.19287109375	0.3	1.0	2	205195	n/a
100.201171875	0.3	0.0	1	205212	n/a
100.20947265625	0.3	1.0	2	205229	n/a
100.2177734375	0.3	0.0	1	205246	n/a
100.22607421875	0.3	1.0	2	205263	n/a
100.234375	0.3	0.0	1	205280	n/a
100.2431640625	0.3	1.0	2	205298	n/a
100.25146484375	0.3	1.0	2	205315	n/a
100.259765625	0.3	0.0	1	205332	n/a
100.26806640625	0.3	1.0	2	205349	n/a
100.2763671875	0.3	0.0	1	205366	n/a
100.28466796875	0.3	0.0	1	205383	n/a
100.29296875	0.3	1.0	2	205400	n/a
100.30126953125	0.3	1.0	2	205417	n/a
100.3095703125	0.3	0.0	1	205434	n/a
100.31787109375	0.3	1.0	2	205451	n/a
100.326171875	0.3	0.0	1	205468	n/a
100.33447265625	0.3	0.0	1	205485	n/a
100.3427734375	0.3	1.0	2	205502	n/a
100.35107421875	0.3	1.0	2	205519	n/a
100.359375	0.3	0.0	1	205536	n/a
100.3681640625	0.3	1.0	2	205554	n/a
100.37646484375	0.3	0.0	1	205571	n/a
100.384765625	0.3	1.0	2	205588	n/a
100.39306640625	0.3	0.0	1	205605	n/a
100.4013671875	0.3	0.0	1	205622	n/a
100.40966796875	0.3	1.0	2	205639	n/a
100.41796875	0.3	0.0	1	205656	n/a
100.42626953125	0.3	1.0	2	205673	n/a
100.4345703125	0.3	0.0	1	205690	n/a
100.44287109375	0.3	1.0	2	205707	n/a
100.451171875	0.3	1.0	2	205724	n/a
100.45947265625	0.3	0.0	1	205741	n/a
100.4677734375	0.3	1.0	2	205758	n/a
100.47607421875	0.3	0.0	1	205775	n/a
100.484375	0.3	0.0	1	205792	n/a
100.4931640625	0.3	1.0	2	205810	n/a
100.50146484375	0.3	0.0	1	205827	n/a
100.509765625	0.3	1.0	2	205844	n/a
100.51806640625	0.3	1.0	2	205861	n/a
100.5263671875	0.3	0.0	1	205878	n/a
100.53466796875	0.3	1.0	2	205895	n/a
100.54296875	0.3	0.0	1	205912	n/a
100.55126953125	0.3	0.0	1	205929	n/a
100.5595703125	0.3	1.0	2	205946	n/a
100.56787109375	0.3	1.0	2	205963	n/a
100.576171875	0.3	0.0	1	205980	n/a
100.58447265625	0.3	0.0	1	205997	n/a
100.5927734375	0.3	1.0	2	206014	n/a
100.60107421875	0.3	1.0	2	206031	n/a
100.609375	0.3	0.0	1	206048	n/a
100.6181640625	0.3	0.0	1	206066	n/a
100.62646484375	0.3	1.0	2	206083	n/a
100.634765625	0.3	0.0	1	206100	n/a
100.64306640625	0.3	1.0	2	206117	n/a
100.6513671875	0.3	0.0	1	206134	n/a
100.65966796875	0.3	1.0	2	206151	n/a
100.66796875	0.3	1.0	2	206168	n/a
100.67626953125	0.3	0.0	1	206185	n/a
100.6845703125	0.3	0.0	1	206202	n/a
100.69287109375	0.3	1.0	2	206219	n/a
100.701171875	0.3	1.0	2	206236	n/a
100.70947265625	0.3	0.0	1	206253	n/a
100.7177734375	0.3	1.0	2	206270	n/a
100.72607421875	0.3	0.0	1	206287	n/a
100.734375	0.3	0.0	1	206304	n/a
100.7431640625	0.3	1.0	2	206322	n/a
100.75146484375	0.3	0.0	1	206339	n/a
100.759765625	0.3	1.0	2	206356	n/a
100.76806640625	0.3	0.0	1	206373	n/a
100.7763671875	0.3	1.0	2	206390	n/a
100.78466796875	0.3	0.0	1	206407	n/a
100.79296875	0.3	1.0	2	206424	n/a
100.80126953125	0.3	0.0	1	206441	n/a
100.8095703125	0.3	1.0	2	206458	n/a
100.81787109375	0.3	1.0	2	206475	n/a
100.826171875	0.3	0.0	1	206492	n/a
100.83447265625	0.3	1.0	2	206509	n/a
100.8427734375	0.3	0.0	1	206526	n/a
100.85107421875	0.3	1.0	2	206543	n/a
100.859375	0.3	0.0	1	206560	n/a
100.8681640625	0.3	0.0	1	206578	n/a
100.87646484375	0.3	1.0	2	206595	n/a
100.884765625	0.3	0.0	1	206612	n/a
100.89306640625	0.3	1.0	2	206629	n/a
100.9013671875	0.3	1.0	2	206646	n/a
100.90966796875	0.3	0.0	1	206663	n/a
100.91796875	0.3	0.0	1	206680	n/a
100.92626953125	0.3	1.0	2	206697	n/a
100.9345703125	0.3	1.0	2	206714	n/a
100.94287109375	0.3	0.0	1	206731	n/a
100.951171875	0.3	1.0	2	206748	n/a
100.95947265625	0.3	0.0	1	206765	n/a
100.9677734375	0.3	0.0	1	206782	n/a
100.97607421875	0.3	1.0	2	206799	n/a
100.984375	0.3	1.0	2	206816	n/a
100.9931640625	0.3	0.0	1	206834	n/a
101.00146484375	0.3	0.0	1	206851	n/a
101.009765625	0.3	1.0	2	206868	n/a
101.01806640625	0.3	1.0	2	206885	n/a
101.0263671875	0.3	0.0	1	206902	n/a
101.03466796875	0.3	1.0	2	206919	n/a
101.04296875	0.3	0.0	1	206936	n/a
101.05126953125	0.3	1.0	2	206953	n/a
101.0595703125	0.3	0.0	1	206970	n/a
101.06787109375	0.3	1.0	2	206987	n/a
101.076171875	0.3	0.0	1	207004	n/a
101.08447265625	0.3	0.0	1	207021	n/a
101.0927734375	0.3	1.0	2	207038	n/a
101.10107421875	0.3	1.0	2	207055	n/a
101.109375	0.3	0.0	1	207072	n/a
101.1181640625	0.3	1.0	2	207090	n/a
101.12646484375	0.3	0.0	1	207107	n/a
101.134765625	0.3	1.0	2	207124	n/a
101.14306640625	0.3	0.0	1	207141	n/a
101.1513671875	0.3	0.0	1	207158	n/a
101.15966796875	0.3	1.0	2	207175	n/a
101.16796875	0.3	1.0	2	207192	n/a
101.17626953125	0.3	0.0	1	207209	n/a
101.1845703125	0.3	0.0	1	207226	n/a
101.19287109375	0.3	1.0	2	207243	n/a
101.201171875	0.3	0.0	1	207260	n/a
101.20947265625	0.3	1.0	2	207277	n/a
101.2177734375	0.3	0.0	1	207294	n/a
101.22607421875	0.3	1.0	2	207311	n/a
101.234375	0.3	0.0	1	207328	n/a
101.2431640625	0.3	1.0	2	207346	n/a
103.61865234375	0.3	0.0	1	212211	23.0
103.626953125	0.3	1.0	2	212228	n/a
103.63525390625	0.3	0.0	1	212245	n/a
103.6435546875	0.3	1.0	2	212262	n/a
103.65185546875	0.3	0.0	1	212279	n/a
103.66015625	0.3	1.0	2	212296	n/a
103.66845703125	0.3	1.0	2	212313	n/a
103.6767578125	0.3	0.0	1	212330	n/a
103.685546875	0.3	0.0	1	212348	n/a
103.69384765625	0.3	1.0	2	212365	n/a
103.7021484375	0.3	0.0	1	212382	n/a
103.71044921875	0.3	1.0	2	212399	n/a
103.71875	0.3	0.0	1	212416	n/a
103.72705078125	0.3	1.0	2	212433	n/a
103.7353515625	0.3	0.0	1	212450	n/a
103.74365234375	0.3	1.0	2	212467	n/a
103.751953125	0.3	1.0	2	212484	n/a
103.76025390625	0.3	0.0	1	212501	n/a
103.7685546875	0.3	0.0	1	212518	n/a
103.77685546875	0.3	1.0	2	212535	n/a
103.78515625	0.3	0.0	1	212552	n/a
103.79345703125	0.3	1.0	2	212569	n/a
103.8017578125	0.3	0.0	1	212586	n/a
103.810546875	0.3	1.0	2	212604	n/a
103.81884765625	0.3	0.0	1	212621	n/a
103.8271484375	0.3	1.0	2	212638	n/a
103.83544921875	0.3	0.0	1	212655	n/a
103.84375	0.3	1.0	2	212672	n/a
103.85205078125	0.3	1.0	2	212689	n/a
103.8603515625	0.3	0.0	1	212706	n/a
103.86865234375	0.3	1.0	2	212723	n/a
103.876953125	0.3	0.0	1	212740	n/a
103.88525390625	0.3	0.0	1	212757	n/a
103.8935546875	0.3	1.0	2	212774	n/a
103.90185546875	0.3	0.0	1	212791	n/a
103.91015625	0.3	1.0	2	212808	n/a
103.91845703125	0.3	1.0	2	212825	n/a
103.9267578125	0.3	0.0	1	212842	n/a
103.935546875	0.3	1.0	2	212860	n/a
103.94384765625	0.3	0.0	1	212877	n/a
103.9521484375	0.3	1.0	2	212894	n/a
103.96044921875	0.3	0.0	1	212911	n/a
103.96875	0.3	0.0	1	212928	n/a
103.97705078125	0.3	1.0	2	212945	n/a
103.9853515625	0.3	0.0	1	212962	n/a
103.99365234375	0.3	1.0	2	212979	n/a
104.001953125	0.3	1.0	2	212996	n/a
104.01025390625	0.3	0.0	1	213013	n/a
104.0185546875	0.3	1.0	2	213030	n/a
104.02685546875	0.3	0.0	1	213047	n/a
104.03515625	0.3	0.0	1	213064	n/a
104.04345703125	0.3	1.0	2	213081	n/a
104.0517578125	0.3	1.0	2	213098	n/a
104.060546875	0.3	0.0	1	213116	n/a
104.06884765625	0.3	1.0	2	213133	n/a
104.0771484375	0.3	0.0	1	213150	n/a
104.08544921875	0.3	0.0	1	213167	n/a
104.09375	0.3	1.0	2	213184	n/a
104.10205078125	0.3	1.0	2	213201	n/a
104.1103515625	0.3	0.0	1	213218	n/a
104.11865234375	0.3	1.0	2	213235	n/a
104.126953125	0.3	0.0	1	213252	n/a
104.13525390625	0.3	0.0	1	213269	n/a
104.1435546875	0.3	1.0	2	213286	n/a
104.15185546875	0.3	1.0	2	213303	n/a
104.16015625	0.3	0.0	1	213320	n/a
104.16845703125	0.3	1.0	2	213337	n/a
104.1767578125	0.3	0.0	1	213354	n/a
104.185546875	0.3	0.0	1	213372	n/a
104.19384765625	0.3	1.0	2	213389	n/a
104.2021484375	0.3	1.0	2	213406	n/a
104.21044921875	0.3	0.0	1	213423	n/a
104.21875	0.3	0.0	1	213440	n/a
104.22705078125	0.3	1.0	2	213457	n/a
104.2353515625	0.3	0.0	1	213474	n/a
104.24365234375	0.3	1.0	2	213491	n/a
104.251953125	0.3	0.0	1	213508	n/a
104.26025390625	0.3	1.0	2	213525	n/a
104.2685546875	0.3	1.0	2	213542	n/a
104.27685546875	0.3	0.0	1	213559	n/a
104.28515625	0.3	1.0	2	213576	n/a
104.29345703125	0.3	0.0	1	213593	n/a
104.3017578125	0.3	0.0	1	213610	n/a
104.310546875	0.3	1.0	2	213628	n/a
104.31884765625	0.3	1.0	2	213645	n/a
104.3271484375	0.3	0.0	1	213662	n/a
104.33544921875	0.3	1.0	2	213679	n/a
104.34375	0.3	0.0	1	213696	n/a
104.35205078125	0.3	0.0	1	213713	n/a
104.3603515625	0.3	1.0	2	213730	n/a
104.36865234375	0.3	1.0	2	213747	n/a
104.376953125	0.3	0.0	1	213764	n/a
104.38525390625	0.3	1.0	2	213781	n/a
104.3935546875	0.3	0.0	1	213798	n/a
104.40185546875	0.3	0.0	1	213815	n/a
104.41015625	0.3	1.0	2	213832	n/a
104.41845703125	0.3	0.0	1	213849	n/a
104.4267578125	0.3	1.0	2	213866	n/a
104.435546875	0.3	1.0	2	213884	n/a
104.44384765625	0.3	0.0	1	213901	n/a
104.4521484375	0.3	1.0	2	213918	n/a
104.46044921875	0.3	0.0	1	213935	n/a
104.46875	0.3	0.0	1	213952	n/a
104.47705078125	0.3	1.0	2	213969	n/a
104.4853515625	0.3	1.0	2	213986	n/a
104.49365234375	0.3	0.0	1	214003	n/a
104.501953125	0.3	0.0	1	214020	n/a
104.51025390625	0.3	1.0	2	214037	n/a
104.5185546875	0.3	0.0	1	214054	n/a
104.52685546875	0.3	1.0	2	214071	n/a
104.53515625	0.3	1.0	2	214088	n/a
104.54345703125	0.3	0.0	1	214105	n/a
104.5517578125	0.3	1.0	2	214122	n/a
104.560546875	0.3	0.0	1	214140	n/a
104.56884765625	0.3	0.0	1	214157	n/a
104.5771484375	0.3	1.0	2	214174	n/a
104.58544921875	0.3	1.0	2	214191	n/a
104.59375	0.3	0.0	1	214208	n/a
104.60205078125	0.3	1.0	2	214225	n/a
104.6103515625	0.3	0.0	1	214242	n/a
104.61865234375	0.3	1.0	2	214259	n/a
104.626953125	0.3	0.0	1	214276	n/a
104.63525390625	0.3	1.0	2	214293	n/a
104.6435546875	0.3	0.0	1	214310	n/a
104.65185546875	0.3	0.0	1	214327	n/a
104.66015625	0.3	1.0	2	214344	n/a
104.66845703125	0.3	0.0	1	214361	n/a
104.6767578125	0.3	1.0	2	214378	n/a
104.685546875	0.3	0.0	1	214396	n/a
104.69384765625	0.3	1.0	2	214413	n/a
104.7021484375	0.3	0.0	1	214430	n/a
104.71044921875	0.3	1.0	2	214447	n/a
104.71875	0.3	1.0	2	214464	n/a
104.72705078125	0.3	0.0	1	214481	n/a
104.7353515625	0.3	0.0	1	214498	n/a
104.74365234375	0.3	1.0	2	214515	n/a
104.751953125	0.3	0.0	1	214532	n/a
104.76025390625	0.3	1.0	2	214549	n/a
104.7685546875	0.3	0.0	1	214566	n/a
104.77685546875	0.3	1.0	2	214583	n/a
104.78515625	0.3	0.0	1	214600	n/a
104.79345703125	0.3	1.0	2	214617	n/a
104.8017578125	0.3	1.0	2	214634	n/a
104.810546875	0.3	0.0	1	214652	n/a
104.81884765625	0.3	0.0	1	214669	n/a
104.8271484375	0.3	1.0	2	214686	n/a
104.83544921875	0.3	0.0	1	214703	n/a
104.84375	0.3	1.0	2	214720	n/a
104.85205078125	0.3	0.0	1	214737	n/a
104.8603515625	0.3	1.0	2	214754	n/a
104.86865234375	0.3	0.0	1	214771	n/a
104.876953125	0.3	1.0	2	214788	n/a
104.88525390625	0.3	0.0	1	214805	n/a
104.8935546875	0.3	1.0	2	214822	n/a
104.90185546875	0.3	1.0	2	214839	n/a
104.91015625	0.3	0.0	1	214856	n/a
104.91845703125	0.3	1.0	2	214873	n/a
104.9267578125	0.3	0.0	1	214890	n/a
104.935546875	0.3	0.0	1	214908	n/a
104.94384765625	0.3	1.0	2	214925	n/a
104.9521484375	0.3	0.0	1	214942	n/a
104.96044921875	0.3	1.0	2	214959	n/a
104.96875	0.3	1.0	2	214976	n/a
104.97705078125	0.3	0.0	1	214993	n/a
104.9853515625	0.3	1.0	2	215010	n/a
104.99365234375	0.3	0.0	1	215027	n/a
105.001953125	0.3	1.0	2	215044	n/a
105.01025390625	0.3	0.0	1	215061	n/a
105.0185546875	0.3	0.0	1	215078	n/a
105.02685546875	0.3	1.0	2	215095	n/a
105.03515625	0.3	0.0	1	215112	n/a
105.04345703125	0.3	1.0	2	215129	n/a
105.0517578125	0.3	1.0	2	215146	n/a
105.060546875	0.3	0.0	1	215164	n/a
105.06884765625	0.3	1.0	2	215181	n/a
105.0771484375	0.3	0.0	1	215198	n/a
105.08544921875	0.3	0.0	1	215215	n/a
105.09375	0.3	1.0	2	215232	n/a
105.10205078125	0.3	1.0	2	215249	n/a
105.1103515625	0.3	0.0	1	215266	n/a
105.11865234375	0.3	1.0	2	215283	n/a
105.126953125	0.3	0.0	1	215300	n/a
105.13525390625	0.3	0.0	1	215317	n/a
105.1435546875	0.3	1.0	2	215334	n/a
105.15185546875	0.3	1.0	2	215351	n/a
105.16015625	0.3	0.0	1	215368	n/a
105.16845703125	0.3	1.0	2	215385	n/a
105.1767578125	0.3	0.0	1	215402	n/a
105.185546875	0.3	0.0	1	215420	n/a
105.19384765625	0.3	1.0	2	215437	n/a
105.2021484375	0.3	1.0	2	215454	n/a
105.21044921875	0.3	0.0	1	215471	n/a
105.21875	0.3	1.0	2	215488	n/a
105.22705078125	0.3	0.0	1	215505	n/a
105.2353515625	0.3	0.0	1	215522	n/a
105.24365234375	0.3	1.0	2	215539	n/a
105.251953125	0.3	1.0	2	215556	n/a
105.26025390625	0.3	0.0	1	215573	n/a
105.2685546875	0.3	0.0	1	215590	n/a
105.27685546875	0.3	1.0	2	215607	n/a
105.28515625	0.3	0.0	1	215624	n/a
105.29345703125	0.3	1.0	2	215641	n/a
105.3017578125	0.3	0.0	1	215658	n/a
105.310546875	0.3	1.0	2	215676	n/a
105.31884765625	0.3	1.0	2	215693	n/a
105.3271484375	0.3	0.0	1	215710	n/a
105.33544921875	0.3	1.0	2	215727	n/a
105.34375	0.3	0.0	1	215744	n/a
105.35205078125	0.3	0.0	1	215761	n/a
105.3603515625	0.3	1.0	2	215778	n/a
105.36865234375	0.3	1.0	2	215795	n/a
105.376953125	0.3	0.0	1	215812	n/a
105.38525390625	0.3	1.0	2	215829	n/a
105.3935546875	0.3	0.0	1	215846	n/a
105.40185546875	0.3	0.0	1	215863	n/a
105.41015625	0.3	1.0	2	215880	n/a
105.41845703125	0.3	1.0	2	215897	n/a
105.4267578125	0.3	0.0	1	215914	n/a
105.435546875	0.3	1.0	2	215932	n/a
105.44384765625	0.3	0.0	1	215949	n/a
105.4521484375	0.3	0.0	1	215966	n/a
105.46044921875	0.3	1.0	2	215983	n/a
105.46875	0.3	0.0	1	216000	n/a
105.47705078125	0.3	1.0	2	216017	n/a
105.4853515625	0.3	1.0	2	216034	n/a
105.49365234375	0.3	0.0	1	216051	n/a
105.501953125	0.3	1.0	2	216068	n/a
105.51025390625	0.3	0.0	1	216085	n/a
105.5185546875	0.3	0.0	1	216102	n/a
105.52685546875	0.3	1.0	2	216119	n/a
105.53515625	0.3	1.0	2	216136	n/a
105.54345703125	0.3	0.0	1	216153	n/a
105.5517578125	0.3	0.0	1	216170	n/a
105.560546875	0.3	1.0	2	216188	n/a
105.56884765625	0.3	0.0	1	216205	n/a
105.5771484375	0.3	1.0	2	216222	n/a
105.58544921875	0.3	1.0	2	216239	n/a
105.59375	0.3	0.0	1	216256	n/a
105.60205078125	0.3	1.0	2	216273	n/a
105.6103515625	0.3	0.0	1	216290	n/a
105.61865234375	0.3	0.0	1	216307	n/a
105.626953125	0.3	1.0	2	216324	n/a
105.63525390625	0.3	1.0	2	216341	n/a
105.6435546875	0.3	0.0	1	216358	n/a
105.65185546875	0.3	1.0	2	216375	n/a
105.66015625	0.3	0.0	1	216392	n/a
105.66845703125	0.3	1.0	2	216409	n/a
105.6767578125	0.3	0.0	1	216426	n/a
105.685546875	0.3	1.0	2	216444	n/a
105.69384765625	0.3	0.0	1	216461	n/a
105.7021484375	0.3	0.0	1	216478	n/a
105.71044921875	0.3	1.0	2	216495	n/a
105.71875	0.3	0.0	1	216512	n/a
105.72705078125	0.3	1.0	2	216529	n/a
105.7353515625	0.3	0.0	1	216546	n/a
105.74365234375	0.3	1.0	2	216563	n/a
105.751953125	0.3	0.0	1	216580	n/a
105.76025390625	0.3	1.0	2	216597	n/a
105.7685546875	0.3	1.0	2	216614	n/a
105.77685546875	0.3	0.0	1	216631	n/a
105.78515625	0.3	0.0	1	216648	n/a
105.79345703125	0.3	1.0	2	216665	n/a
105.8017578125	0.3	0.0	1	216682	n/a
105.810546875	0.3	1.0	2	216700	n/a
105.81884765625	0.3	0.0	1	216717	n/a
105.8271484375	0.3	1.0	2	216734	n/a
105.83544921875	0.3	0.0	1	216751	n/a
105.84375	0.3	1.0	2	216768	n/a
105.85205078125	0.3	1.0	2	216785	n/a
105.8603515625	0.3	0.0	1	216802	n/a
105.86865234375	0.3	0.0	1	216819	n/a
105.876953125	0.3	1.0	2	216836	n/a
105.88525390625	0.3	0.0	1	216853	n/a
105.8935546875	0.3	1.0	2	216870	n/a
105.90185546875	0.3	0.0	1	216887	n/a
105.91015625	0.3	1.0	2	216904	n/a
105.91845703125	0.3	0.0	1	216921	n/a
105.9267578125	0.3	1.0	2	216938	n/a
105.935546875	0.3	0.0	1	216956	n/a
105.94384765625	0.3	1.0	2	216973	n/a
105.9521484375	0.3	1.0	2	216990	n/a
105.96044921875	0.3	0.0	1	217007	n/a
105.96875	0.3	1.0	2	217024	n/a
105.97705078125	0.3	0.0	1	217041	n/a
105.9853515625	0.3	0.0	1	217058	n/a
105.99365234375	0.3	1.0	2	217075	n/a
106.001953125	0.3	0.0	1	217092	n/a
106.01025390625	0.3	1.0	2	217109	n/a
106.0185546875	0.3	1.0	2	217126	n/a
106.02685546875	0.3	0.0	1	217143	n/a
106.03515625	0.3	1.0	2	217160	n/a
106.04345703125	0.3	0.0	1	217177	n/a
106.0517578125	0.3	1.0	2	217194	n/a
106.060546875	0.3	0.0	1	217212	n/a
106.06884765625	0.3	0.0	1	217229	n/a
106.0771484375	0.3	1.0	2	217246	n/a
106.08544921875	0.3	0.0	1	217263	n/a
106.09375	0.3	1.0	2	217280	n/a
106.10205078125	0.3	1.0	2	217297	n/a
106.1103515625	0.3	0.0	1	217314	n/a
106.11865234375	0.3	1.0	2	217331	n/a
106.126953125	0.3	0.0	1	217348	n/a
106.13525390625	0.3	0.0	1	217365	n/a
106.1435546875	0.3	1.0	2	217382	n/a
106.15185546875	0.3	1.0	2	217399	n/a
106.16015625	0.3	0.0	1	217416	n/a
106.16845703125	0.3	1.0	2	217433	n/a
106.1767578125	0.3	0.0	1	217450	n/a
106.185546875	0.3	0.0	1	217468	n/a
106.19384765625	0.3	1.0	2	217485	n/a
106.2021484375	0.3	1.0	2	217502	n/a
106.21044921875	0.3	0.0	1	217519	n/a
106.21875	0.3	1.0	2	217536	n/a
106.22705078125	0.3	0.0	1	217553	n/a
106.2353515625	0.3	0.0	1	217570	n/a
106.24365234375	0.3	1.0	2	217587	n/a
106.251953125	0.3	1.0	2	217604	n/a
106.26025390625	0.3	0.0	1	217621	n/a
106.2685546875	0.3	1.0	2	217638	n/a
106.27685546875	0.3	0.0	1	217655	n/a
106.28515625	0.3	0.0	1	217672	n/a
106.29345703125	0.3	1.0	2	217689	n/a
106.3017578125	0.3	1.0	2	217706	n/a
106.310546875	0.3	0.0	1	217724	n/a
106.31884765625	0.3	0.0	1	217741	n/a
106.3271484375	0.3	1.0	2	217758	n/a
106.33544921875	0.3	0.0	1	217775	n/a
106.34375	0.3	1.0	2	217792	n/a
106.35205078125	0.3	0.0	1	217809	n/a
106.3603515625	0.3	1.0	2	217826	n/a
106.36865234375	0.3	1.0	2	217843	n/a
106.376953125	0.3	0.0	1	217860	n/a
106.38525390625	0.3	1.0	2	217877	n/a
106.3935546875	0.3	0.0	1	217894	n/a
106.40185546875	0.3	0.0	1	217911	n/a
106.41015625	0.3	1.0	2	217928	n/a
106.41845703125	0.3	1.0	2	217945	n/a
106.4267578125	0.3	0.0	1	217962	n/a
106.435546875	0.3	1.0	2	217980	n/a
106.44384765625	0.3	0.0	1	217997	n/a
106.4521484375	0.3	0.0	1	218014	n/a
106.46044921875	0.3	1.0	2	218031	n/a
106.46875	0.3	1.0	2	218048	n/a
106.47705078125	0.3	0.0	1	218065	n/a
106.4853515625	0.3	1.0	2	218082	n/a
106.49365234375	0.3	0.0	1	218099	n/a
106.501953125	0.3	0.0	1	218116	n/a
106.51025390625	0.3	1.0	2	218133	n/a
106.5185546875	0.3	0.0	1	218150	n/a
106.52685546875	0.3	1.0	2	218167	n/a
106.53515625	0.3	1.0	2	218184	n/a
106.54345703125	0.3	0.0	1	218201	n/a
106.5517578125	0.3	1.0	2	218218	n/a
106.560546875	0.3	0.0	1	218236	n/a
106.56884765625	0.3	0.0	1	218253	n/a
106.5771484375	0.3	1.0	2	218270	n/a
106.58544921875	0.3	1.0	2	218287	n/a
106.59375	0.3	0.0	1	218304	n/a
106.60205078125	0.3	0.0	1	218321	n/a
106.6103515625	0.3	1.0	2	218338	n/a
106.61865234375	0.3	0.0	1	218355	n/a
106.626953125	0.3	1.0	2	218372	n/a
106.63525390625	0.3	1.0	2	218389	n/a
106.6435546875	0.3	0.0	1	218406	n/a
106.65185546875	0.3	1.0	2	218423	n/a
106.66015625	0.3	0.0	1	218440	n/a
106.66845703125	0.3	0.0	1	218457	n/a
106.6767578125	0.3	1.0	2	218474	n/a
106.685546875	0.3	1.0	2	218492	n/a
106.69384765625	0.3	0.0	1	218509	n/a
106.7021484375	0.3	1.0	2	218526	n/a
106.71044921875	0.3	0.0	1	218543	n/a
106.71875	0.3	1.0	2	218560	n/a
106.72705078125	0.3	0.0	1	218577	n/a
106.7353515625	0.3	1.0	2	218594	n/a
106.74365234375	0.3	0.0	1	218611	n/a
106.751953125	0.3	0.0	1	218628	n/a
106.76025390625	0.3	1.0	2	218645	n/a
106.7685546875	0.3	0.0	1	218662	n/a
106.77685546875	0.3	1.0	2	218679	n/a
106.78515625	0.3	0.0	1	218696	n/a
106.79345703125	0.3	1.0	2	218713	n/a
106.8017578125	0.3	0.0	1	218730	n/a
106.810546875	0.3	1.0	2	218748	n/a
106.81884765625	0.3	1.0	2	218765	n/a
106.8271484375	0.3	0.0	1	218782	n/a
106.83544921875	0.3	0.0	1	218799	n/a
106.84375	0.3	1.0	2	218816	n/a
106.85205078125	0.3	0.0	1	218833	n/a
106.8603515625	0.3	1.0	2	218850	n/a
106.86865234375	0.3	0.0	1	218867	n/a
106.876953125	0.3	1.0	2	218884	n/a
106.88525390625	0.3	0.0	1	218901	n/a
106.8935546875	0.3	1.0	2	218918	n/a
106.90185546875	0.3	1.0	2	218935	n/a
106.91015625	0.3	0.0	1	218952	n/a
106.91845703125	0.3	0.0	1	218969	n/a
106.9267578125	0.3	1.0	2	218986	n/a
106.935546875	0.3	0.0	1	219004	n/a
106.94384765625	0.3	1.0	2	219021	n/a
106.9521484375	0.3	0.0	1	219038	n/a
106.96044921875	0.3	1.0	2	219055	n/a
106.96875	0.3	0.0	1	219072	n/a
106.97705078125	0.3	1.0	2	219089	n/a
106.9853515625	0.3	0.0	1	219106	n/a
106.99365234375	0.3	1.0	2	219123	n/a
107.001953125	0.3	1.0	2	219140	n/a
107.01025390625	0.3	0.0	1	219157	n/a
107.0185546875	0.3	1.0	2	219174	n/a
107.02685546875	0.3	0.0	1	219191	n/a
107.03515625	0.3	0.0	1	219208	n/a
107.04345703125	0.3	1.0	2	219225	n/a
107.0517578125	0.3	0.0	1	219242	n/a
107.060546875	0.3	1.0	2	219260	n/a
107.06884765625	0.3	1.0	2	219277	n/a
107.0771484375	0.3	0.0	1	219294	n/a
107.08544921875	0.3	1.0	2	219311	n/a
107.09375	0.3	0.0	1	219328	n/a
107.10205078125	0.3	1.0	2	219345	n/a
107.1103515625	0.3	0.0	1	219362	n/a
107.11865234375	0.3	0.0	1	219379	n/a
107.126953125	0.3	1.0	2	219396	n/a
107.13525390625	0.3	0.0	1	219413	n/a
107.1435546875	0.3	1.0	2	219430	n/a
107.15185546875	0.3	1.0	2	219447	n/a
107.16015625	0.3	0.0	1	219464	n/a
107.16845703125	0.3	1.0	2	219481	n/a
107.1767578125	0.3	0.0	1	219498	n/a
107.185546875	0.3	0.0	1	219516	n/a
107.19384765625	0.3	1.0	2	219533	n/a
107.2021484375	0.3	1.0	2	219550	n/a
107.21044921875	0.3	0.0	1	219567	n/a
107.21875	0.3	1.0	2	219584	n/a
107.22705078125	0.3	0.0	1	219601	n/a
107.2353515625	0.3	0.0	1	219618	n/a
107.24365234375	0.3	1.0	2	219635	n/a
107.251953125	0.3	1.0	2	219652	n/a
107.26025390625	0.3	0.0	1	219669	n/a
107.2685546875	0.3	1.0	2	219686	n/a
107.27685546875	0.3	0.0	1	219703	n/a
107.28515625	0.3	0.0	1	219720	n/a
107.29345703125	0.3	1.0	2	219737	n/a
107.3017578125	0.3	1.0	2	219754	n/a
107.310546875	0.3	0.0	1	219772	n/a
107.31884765625	0.3	1.0	2	219789	n/a
107.3271484375	0.3	0.0	1	219806	n/a
107.33544921875	0.3	0.0	1	219823	n/a
107.34375	0.3	1.0	2	219840	n/a
107.35205078125	0.3	1.0	2	219857	n/a
107.3603515625	0.3	0.0	1	219874	n/a
107.36865234375	0.3	0.0	1	219891	n/a
107.376953125	0.3	1.0	2	219908	n/a
107.38525390625	0.3	0.0	1	219925	n/a
107.3935546875	0.3	1.0	2	219942	n/a
107.40185546875	0.3	0.0	1	219959	n/a
107.41015625	0.3	1.0	2	219976	n/a
107.41845703125	0.3	1.0	2	219993	n/a
107.4267578125	0.3	0.0	1	220010	n/a
107.435546875	0.3	1.0	2	220028	n/a
107.44384765625	0.3	0.0	1	220045	n/a
107.4521484375	0.3	0.0	1	220062	n/a
107.46044921875	0.3	1.0	2	220079	n/a
107.46875	0.3	1.0	2	220096	n/a
107.47705078125	0.3	0.0	1	220113	n/a
107.4853515625	0.3	1.0	2	220130	n/a
107.49365234375	0.3	0.0	1	220147	n/a
107.501953125	0.3	0.0	1	220164	n/a
107.51025390625	0.3	1.0	2	220181	n/a
107.5185546875	0.3	1.0	2	220198	n/a
107.52685546875	0.3	0.0	1	220215	n/a
107.53515625	0.3	1.0	2	220232	n/a
107.54345703125	0.3	0.0	1	220249	n/a
107.5517578125	0.3	0.0	1	220266	n/a
107.560546875	0.3	1.0	2	220284	n/a
107.56884765625	0.3	0.0	1	220301	n/a
107.5771484375	0.3	1.0	2	220318	n/a
107.58544921875	0.3	1.0	2	220335	n/a
107.59375	0.3	0.0	1	220352	n/a
107.60205078125	0.3	1.0	2	220369	n/a
107.6103515625	0.3	0.0	1	220386	n/a
107.61865234375	0.3	0.0	1	220403	n/a
107.626953125	0.3	1.0	2	220420	n/a
107.63525390625	0.3	1.0	2	220437	n/a
107.6435546875	0.3	0.0	1	220454	n/a
107.65185546875	0.3	0.0	1	220471	n/a
107.66015625	0.3	1.0	2	220488	n/a
107.66845703125	0.3	0.0	1	220505	n/a
107.6767578125	0.3	1.0	2	220522	n/a
107.685546875	0.3	1.0	2	220540	n/a
107.69384765625	0.3	0.0	1	220557	n/a
107.7021484375	0.3	1.0	2	220574	n/a
107.71044921875	0.3	0.0	1	220591	n/a
107.71875	0.3	0.0	1	220608	n/a
107.72705078125	0.3	1.0	2	220625	n/a
107.7353515625	0.3	1.0	2	220642	n/a
107.74365234375	0.3	0.0	1	220659	n/a
107.751953125	0.3	1.0	2	220676	n/a
107.76025390625	0.3	0.0	1	220693	n/a
107.7685546875	0.3	1.0	2	220710	n/a
107.77685546875	0.3	0.0	1	220727	n/a
107.78515625	0.3	1.0	2	220744	n/a
107.79345703125	0.3	0.0	1	220761	n/a
107.8017578125	0.3	0.0	1	220778	n/a
107.810546875	0.3	1.0	2	220796	n/a
110.19384765625	0.3	0.0	1	225677	10.0
110.2021484375	0.3	1.0	2	225694	n/a
110.21044921875	0.3	1.0	2	225711	n/a
110.21875	0.3	0.0	1	225728	n/a
110.22705078125	0.3	0.0	1	225745	n/a
110.2353515625	0.3	1.0	2	225762	n/a
110.24365234375	0.3	0.0	1	225779	n/a
110.251953125	0.3	1.0	2	225796	n/a
110.2607421875	0.3	0.0	1	225814	n/a
110.26904296875	0.3	1.0	2	225831	n/a
110.27734375	0.3	1.0	2	225848	n/a
110.28564453125	0.3	0.0	1	225865	n/a
110.2939453125	0.3	0.0	1	225882	n/a
110.30224609375	0.3	1.0	2	225899	n/a
110.310546875	0.3	0.0	1	225916	n/a
110.31884765625	0.3	1.0	2	225933	n/a
110.3271484375	0.3	1.0	2	225950	n/a
110.33544921875	0.3	0.0	1	225967	n/a
110.34375	0.3	1.0	2	225984	n/a
110.35205078125	0.3	0.0	1	226001	n/a
110.3603515625	0.3	1.0	2	226018	n/a
110.36865234375	0.3	0.0	1	226035	n/a
110.376953125	0.3	0.0	1	226052	n/a
110.3857421875	0.3	1.0	2	226070	n/a
110.39404296875	0.3	0.0	1	226087	n/a
110.40234375	0.3	1.0	2	226104	n/a
110.41064453125	0.3	1.0	2	226121	n/a
110.4189453125	0.3	0.0	1	226138	n/a
110.42724609375	0.3	0.0	1	226155	n/a
110.435546875	0.3	1.0	2	226172	n/a
110.44384765625	0.3	0.0	1	226189	n/a
110.4521484375	0.3	1.0	2	226206	n/a
110.46044921875	0.3	1.0	2	226223	n/a
110.46875	0.3	0.0	1	226240	n/a
110.47705078125	0.3	0.0	1	226257	n/a
110.4853515625	0.3	1.0	2	226274	n/a
110.49365234375	0.3	0.0	1	226291	n/a
110.501953125	0.3	1.0	2	226308	n/a
110.5107421875	0.3	0.0	1	226326	n/a
110.51904296875	0.3	1.0	2	226343	n/a
110.52734375	0.3	0.0	1	226360	n/a
110.53564453125	0.3	1.0	2	226377	n/a
110.5439453125	0.3	0.0	1	226394	n/a
110.55224609375	0.3	1.0	2	226411	n/a
110.560546875	0.3	1.0	2	226428	n/a
110.56884765625	0.3	0.0	1	226445	n/a
110.5771484375	0.3	1.0	2	226462	n/a
110.58544921875	0.3	0.0	1	226479	n/a
110.59375	0.3	0.0	1	226496	n/a
110.60205078125	0.3	1.0	2	226513	n/a
110.6103515625	0.3	1.0	2	226530	n/a
110.61865234375	0.3	0.0	1	226547	n/a
110.626953125	0.3	1.0	2	226564	n/a
110.6357421875	0.3	0.0	1	226582	n/a
110.64404296875	0.3	0.0	1	226599	n/a
110.65234375	0.3	1.0	2	226616	n/a
110.66064453125	0.3	0.0	1	226633	n/a
110.6689453125	0.3	1.0	2	226650	n/a
110.67724609375	0.3	1.0	2	226667	n/a
110.685546875	0.3	0.0	1	226684	n/a
110.69384765625	0.3	0.0	1	226701	n/a
110.7021484375	0.3	1.0	2	226718	n/a
110.71044921875	0.3	1.0	2	226735	n/a
110.71875	0.3	0.0	1	226752	n/a
110.72705078125	0.3	1.0	2	226769	n/a
110.7353515625	0.3	0.0	1	226786	n/a
110.74365234375	0.3	0.0	1	226803	n/a
110.751953125	0.3	1.0	2	226820	n/a
110.7607421875	0.3	1.0	2	226838	n/a
110.76904296875	0.3	0.0	1	226855	n/a
110.77734375	0.3	1.0	2	226872	n/a
110.78564453125	0.3	0.0	1	226889	n/a
110.7939453125	0.3	0.0	1	226906	n/a
110.80224609375	0.3	1.0	2	226923	n/a
110.810546875	0.3	0.0	1	226940	n/a
110.81884765625	0.3	1.0	2	226957	n/a
110.8271484375	0.3	1.0	2	226974	n/a
110.83544921875	0.3	0.0	1	226991	n/a
110.84375	0.3	1.0	2	227008	n/a
110.85205078125	0.3	0.0	1	227025	n/a
110.8603515625	0.3	1.0	2	227042	n/a
110.86865234375	0.3	0.0	1	227059	n/a
110.876953125	0.3	1.0	2	227076	n/a
110.8857421875	0.3	0.0	1	227094	n/a
110.89404296875	0.3	1.0	2	227111	n/a
110.90234375	0.3	0.0	1	227128	n/a
110.91064453125	0.3	1.0	2	227145	n/a
110.9189453125	0.3	0.0	1	227162	n/a
110.92724609375	0.3	0.0	1	227179	n/a
110.935546875	0.3	1.0	2	227196	n/a
110.94384765625	0.3	1.0	2	227213	n/a
110.9521484375	0.3	0.0	1	227230	n/a
110.96044921875	0.3	0.0	1	227247	n/a
110.96875	0.3	1.0	2	227264	n/a
110.97705078125	0.3	1.0	2	227281	n/a
110.9853515625	0.3	0.0	1	227298	n/a
110.99365234375	0.3	1.0	2	227315	n/a
111.001953125	0.3	0.0	1	227332	n/a
111.0107421875	0.3	1.0	2	227350	n/a
111.01904296875	0.3	0.0	1	227367	n/a
111.02734375	0.3	1.0	2	227384	n/a
111.03564453125	0.3	0.0	1	227401	n/a
111.0439453125	0.3	0.0	1	227418	n/a
111.05224609375	0.3	1.0	2	227435	n/a
111.060546875	0.3	1.0	2	227452	n/a
111.06884765625	0.3	0.0	1	227469	n/a
111.0771484375	0.3	0.0	1	227486	n/a
111.08544921875	0.3	1.0	2	227503	n/a
111.09375	0.3	1.0	2	227520	n/a
111.10205078125	0.3	0.0	1	227537	n/a
111.1103515625	0.3	1.0	2	227554	n/a
111.11865234375	0.3	0.0	1	227571	n/a
111.126953125	0.3	0.0	1	227588	n/a
111.1357421875	0.3	1.0	2	227606	n/a
111.14404296875	0.3	1.0	2	227623	n/a
111.15234375	0.3	0.0	1	227640	n/a
111.16064453125	0.3	0.0	1	227657	n/a
111.1689453125	0.3	1.0	2	227674	n/a
111.17724609375	0.3	0.0	1	227691	n/a
111.185546875	0.3	1.0	2	227708	n/a
111.19384765625	0.3	0.0	1	227725	n/a
111.2021484375	0.3	1.0	2	227742	n/a
111.21044921875	0.3	0.0	1	227759	n/a
111.21875	0.3	1.0	2	227776	n/a
111.22705078125	0.3	0.0	1	227793	n/a
111.2353515625	0.3	1.0	2	227810	n/a
111.24365234375	0.3	0.0	1	227827	n/a
111.251953125	0.3	1.0	2	227844	n/a
111.2607421875	0.3	1.0	2	227862	n/a
111.26904296875	0.3	0.0	1	227879	n/a
111.27734375	0.3	0.0	1	227896	n/a
111.28564453125	0.3	1.0	2	227913	n/a
111.2939453125	0.3	0.0	1	227930	n/a
111.30224609375	0.3	1.0	2	227947	n/a
111.310546875	0.3	0.0	1	227964	n/a
111.31884765625	0.3	1.0	2	227981	n/a
111.3271484375	0.3	1.0	2	227998	n/a
111.33544921875	0.3	0.0	1	228015	n/a
111.34375	0.3	0.0	1	228032	n/a
111.35205078125	0.3	1.0	2	228049	n/a
111.3603515625	0.3	0.0	1	228066	n/a
111.36865234375	0.3	1.0	2	228083	n/a
111.376953125	0.3	1.0	2	228100	n/a
111.3857421875	0.3	0.0	1	228118	n/a
111.39404296875	0.3	1.0	2	228135	n/a
111.40234375	0.3	0.0	1	228152	n/a
111.41064453125	0.3	1.0	2	228169	n/a
111.4189453125	0.3	0.0	1	228186	n/a
111.42724609375	0.3	0.0	1	228203	n/a
111.435546875	0.3	1.0	2	228220	n/a
111.44384765625	0.3	0.0	1	228237	n/a
111.4521484375	0.3	1.0	2	228254	n/a
111.46044921875	0.3	1.0	2	228271	n/a
111.46875	0.3	0.0	1	228288	n/a
111.47705078125	0.3	0.0	1	228305	n/a
111.4853515625	0.3	1.0	2	228322	n/a
111.49365234375	0.3	0.0	1	228339	n/a
111.501953125	0.3	1.0	2	228356	n/a
111.5107421875	0.3	1.0	2	228374	n/a
111.51904296875	0.3	0.0	1	228391	n/a
111.52734375	0.3	0.0	1	228408	n/a
111.53564453125	0.3	1.0	2	228425	n/a
111.5439453125	0.3	0.0	1	228442	n/a
111.55224609375	0.3	1.0	2	228459	n/a
111.560546875	0.3	0.0	1	228476	n/a
111.56884765625	0.3	1.0	2	228493	n/a
111.5771484375	0.3	0.0	1	228510	n/a
111.58544921875	0.3	1.0	2	228527	n/a
111.59375	0.3	0.0	1	228544	n/a
111.60205078125	0.3	1.0	2	228561	n/a
111.6103515625	0.3	1.0	2	228578	n/a
111.61865234375	0.3	0.0	1	228595	n/a
111.626953125	0.3	1.0	2	228612	n/a
111.6357421875	0.3	0.0	1	228630	n/a
111.64404296875	0.3	0.0	1	228647	n/a
111.65234375	0.3	1.0	2	228664	n/a
111.66064453125	0.3	1.0	2	228681	n/a
111.6689453125	0.3	0.0	1	228698	n/a
111.67724609375	0.3	1.0	2	228715	n/a
111.685546875	0.3	0.0	1	228732	n/a
111.69384765625	0.3	0.0	1	228749	n/a
111.7021484375	0.3	1.0	2	228766	n/a
111.71044921875	0.3	0.0	1	228783	n/a
111.71875	0.3	1.0	2	228800	n/a
111.72705078125	0.3	1.0	2	228817	n/a
111.7353515625	0.3	0.0	1	228834	n/a
111.74365234375	0.3	0.0	1	228851	n/a
111.751953125	0.3	1.0	2	228868	n/a
111.7607421875	0.3	1.0	2	228886	n/a
111.76904296875	0.3	0.0	1	228903	n/a
111.77734375	0.3	1.0	2	228920	n/a
111.78564453125	0.3	0.0	1	228937	n/a
111.7939453125	0.3	0.0	1	228954	n/a
111.80224609375	0.3	1.0	2	228971	n/a
111.810546875	0.3	1.0	2	228988	n/a
111.81884765625	0.3	0.0	1	229005	n/a
111.8271484375	0.3	1.0	2	229022	n/a
111.83544921875	0.3	0.0	1	229039	n/a
111.84375	0.3	0.0	1	229056	n/a
111.85205078125	0.3	1.0	2	229073	n/a
111.8603515625	0.3	0.0	1	229090	n/a
111.86865234375	0.3	1.0	2	229107	n/a
111.876953125	0.3	1.0	2	229124	n/a
111.8857421875	0.3	0.0	1	229142	n/a
111.89404296875	0.3	1.0	2	229159	n/a
111.90234375	0.3	0.0	1	229176	n/a
111.91064453125	0.3	1.0	2	229193	n/a
111.9189453125	0.3	0.0	1	229210	n/a
111.92724609375	0.3	1.0	2	229227	n/a
111.935546875	0.3	0.0	1	229244	n/a
111.94384765625	0.3	1.0	2	229261	n/a
111.9521484375	0.3	0.0	1	229278	n/a
111.96044921875	0.3	1.0	2	229295	n/a
111.96875	0.3	0.0	1	229312	n/a
111.97705078125	0.3	0.0	1	229329	n/a
111.9853515625	0.3	1.0	2	229346	n/a
111.99365234375	0.3	1.0	2	229363	n/a
112.001953125	0.3	0.0	1	229380	n/a
112.0107421875	0.3	0.0	1	229398	n/a
112.01904296875	0.3	1.0	2	229415	n/a
112.02734375	0.3	1.0	2	229432	n/a
112.03564453125	0.3	0.0	1	229449	n/a
112.0439453125	0.3	1.0	2	229466	n/a
112.05224609375	0.3	0.0	1	229483	n/a
112.060546875	0.3	1.0	2	229500	n/a
112.06884765625	0.3	0.0	1	229517	n/a
112.0771484375	0.3	1.0	2	229534	n/a
112.08544921875	0.3	0.0	1	229551	n/a
112.09375	0.3	0.0	1	229568	n/a
112.10205078125	0.3	1.0	2	229585	n/a
112.1103515625	0.3	1.0	2	229602	n/a
112.11865234375	0.3	0.0	1	229619	n/a
112.126953125	0.3	0.0	1	229636	n/a
112.1357421875	0.3	1.0	2	229654	n/a
112.14404296875	0.3	1.0	2	229671	n/a
112.15234375	0.3	0.0	1	229688	n/a
112.16064453125	0.3	1.0	2	229705	n/a
112.1689453125	0.3	0.0	1	229722	n/a
112.17724609375	0.3	0.0	1	229739	n/a
112.185546875	0.3	1.0	2	229756	n/a
112.19384765625	0.3	1.0	2	229773	n/a
112.2021484375	0.3	0.0	1	229790	n/a
112.21044921875	0.3	0.0	1	229807	n/a
112.21875	0.3	1.0	2	229824	n/a
112.22705078125	0.3	0.0	1	229841	n/a
112.2353515625	0.3	1.0	2	229858	n/a
112.24365234375	0.3	0.0	1	229875	n/a
112.251953125	0.3	1.0	2	229892	n/a
112.2607421875	0.3	0.0	1	229910	n/a
112.26904296875	0.3	1.0	2	229927	n/a
112.27734375	0.3	0.0	1	229944	n/a
112.28564453125	0.3	1.0	2	229961	n/a
112.2939453125	0.3	0.0	1	229978	n/a
112.30224609375	0.3	1.0	2	229995	n/a
112.310546875	0.3	1.0	2	230012	n/a
112.31884765625	0.3	0.0	1	230029	n/a
112.3271484375	0.3	0.0	1	230046	n/a
112.33544921875	0.3	1.0	2	230063	n/a
112.34375	0.3	0.0	1	230080	n/a
112.35205078125	0.3	1.0	2	230097	n/a
112.3603515625	0.3	0.0	1	230114	n/a
112.36865234375	0.3	1.0	2	230131	n/a
112.376953125	0.3	1.0	2	230148	n/a
112.3857421875	0.3	0.0	1	230166	n/a
112.39404296875	0.3	0.0	1	230183	n/a
112.40234375	0.3	1.0	2	230200	n/a
112.41064453125	0.3	0.0	1	230217	n/a
112.4189453125	0.3	1.0	2	230234	n/a
112.42724609375	0.3	1.0	2	230251	n/a
112.435546875	0.3	0.0	1	230268	n/a
112.44384765625	0.3	1.0	2	230285	n/a
112.4521484375	0.3	0.0	1	230302	n/a
112.46044921875	0.3	1.0	2	230319	n/a
112.46875	0.3	0.0	1	230336	n/a
112.47705078125	0.3	0.0	1	230353	n/a
112.4853515625	0.3	1.0	2	230370	n/a
112.49365234375	0.3	0.0	1	230387	n/a
112.501953125	0.3	1.0	2	230404	n/a
112.5107421875	0.3	1.0	2	230422	n/a
112.51904296875	0.3	0.0	1	230439	n/a
112.52734375	0.3	0.0	1	230456	n/a
112.53564453125	0.3	1.0	2	230473	n/a
112.5439453125	0.3	0.0	1	230490	n/a
112.55224609375	0.3	1.0	2	230507	n/a
112.560546875	0.3	1.0	2	230524	n/a
112.56884765625	0.3	0.0	1	230541	n/a
112.5771484375	0.3	0.0	1	230558	n/a
112.58544921875	0.3	1.0	2	230575	n/a
112.59375	0.3	0.0	1	230592	n/a
112.60205078125	0.3	1.0	2	230609	n/a
112.6103515625	0.3	0.0	1	230626	n/a
112.61865234375	0.3	1.0	2	230643	n/a
112.626953125	0.3	0.0	1	230660	n/a
112.6357421875	0.3	1.0	2	230678	n/a
112.64404296875	0.3	0.0	1	230695	n/a
112.65234375	0.3	1.0	2	230712	n/a
112.66064453125	0.3	1.0	2	230729	n/a
112.6689453125	0.3	0.0	1	230746	n/a
112.67724609375	0.3	1.0	2	230763	n/a
112.685546875	0.3	0.0	1	230780	n/a
112.69384765625	0.3	0.0	1	230797	n/a
112.7021484375	0.3	1.0	2	230814	n/a
112.71044921875	0.3	1.0	2	230831	n/a
112.71875	0.3	0.0	1	230848	n/a
112.72705078125	0.3	1.0	2	230865	n/a
112.7353515625	0.3	0.0	1	230882	n/a
112.74365234375	0.3	0.0	1	230899	n/a
112.751953125	0.3	1.0	2	230916	n/a
112.7607421875	0.3	0.0	1	230934	n/a
112.76904296875	0.3	1.0	2	230951	n/a
112.77734375	0.3	1.0	2	230968	n/a
112.78564453125	0.3	0.0	1	230985	n/a
112.7939453125	0.3	0.0	1	231002	n/a
112.80224609375	0.3	1.0	2	231019	n/a
112.810546875	0.3	1.0	2	231036	n/a
112.81884765625	0.3	0.0	1	231053	n/a
112.8271484375	0.3	1.0	2	231070	n/a
112.83544921875	0.3	0.0	1	231087	n/a
112.84375	0.3	0.0	1	231104	n/a
112.85205078125	0.3	1.0	2	231121	n/a
112.8603515625	0.3	1.0	2	231138	n/a
112.86865234375	0.3	0.0	1	231155	n/a
112.876953125	0.3	1.0	2	231172	n/a
112.8857421875	0.3	0.0	1	231190	n/a
112.89404296875	0.3	0.0	1	231207	n/a
112.90234375	0.3	1.0	2	231224	n/a
112.91064453125	0.3	0.0	1	231241	n/a
112.9189453125	0.3	1.0	2	231258	n/a
112.92724609375	0.3	1.0	2	231275	n/a
112.935546875	0.3	0.0	1	231292	n/a
112.94384765625	0.3	1.0	2	231309	n/a
112.9521484375	0.3	0.0	1	231326	n/a
112.96044921875	0.3	1.0	2	231343	n/a
112.96875	0.3	0.0	1	231360	n/a
112.97705078125	0.3	1.0	2	231377	n/a
112.9853515625	0.3	0.0	1	231394	n/a
112.99365234375	0.3	1.0	2	231411	n/a
113.001953125	0.3	0.0	1	231428	n/a
113.0107421875	0.3	1.0	2	231446	n/a
113.01904296875	0.3	0.0	1	231463	n/a
113.02734375	0.3	0.0	1	231480	n/a
113.03564453125	0.3	1.0	2	231497	n/a
113.0439453125	0.3	1.0	2	231514	n/a
113.05224609375	0.3	0.0	1	231531	n/a
113.060546875	0.3	0.0	1	231548	n/a
113.06884765625	0.3	1.0	2	231565	n/a
113.0771484375	0.3	1.0	2	231582	n/a
113.08544921875	0.3	0.0	1	231599	n/a
113.09375	0.3	1.0	2	231616	n/a
113.10205078125	0.3	0.0	1	231633	n/a
113.1103515625	0.3	1.0	2	231650	n/a
113.11865234375	0.3	0.0	1	231667	n/a
113.126953125	0.3	1.0	2	231684	n/a
113.1357421875	0.3	0.0	1	231702	n/a
113.14404296875	0.3	0.0	1	231719	n/a
113.15234375	0.3	1.0	2	231736	n/a
113.16064453125	0.3	1.0	2	231753	n/a
113.1689453125	0.3	0.0	1	231770	n/a
113.17724609375	0.3	0.0	1	231787	n/a
113.185546875	0.3	1.0	2	231804	n/a
113.19384765625	0.3	1.0	2	231821	n/a
113.2021484375	0.3	0.0	1	231838	n/a
113.21044921875	0.3	1.0	2	231855	n/a
113.21875	0.3	0.0	1	231872	n/a
113.22705078125	0.3	0.0	1	231889	n/a
113.2353515625	0.3	1.0	2	231906	n/a
113.24365234375	0.3	1.0	2	231923	n/a
113.251953125	0.3	0.0	1	231940	n/a
113.2607421875	0.3	0.0	1	231958	n/a
113.26904296875	0.3	1.0	2	231975	n/a
113.27734375	0.3	0.0	1	231992	n/a
113.28564453125	0.3	1.0	2	232009	n/a
113.2939453125	0.3	0.0	1	232026	n/a
113.30224609375	0.3	1.0	2	232043	n/a
113.310546875	0.3	0.0	1	232060	n/a
113.31884765625	0.3	1.0	2	232077	n/a
113.3271484375	0.3	0.0	1	232094	n/a
113.33544921875	0.3	1.0	2	232111	n/a
113.34375	0.3	0.0	1	232128	n/a
113.35205078125	0.3	1.0	2	232145	n/a
113.3603515625	0.3	1.0	2	232162	n/a
113.36865234375	0.3	0.0	1	232179	n/a
113.376953125	0.3	0.0	1	232196	n/a
113.3857421875	0.3	1.0	2	232214	n/a
113.39404296875	0.3	0.0	1	232231	n/a
113.40234375	0.3	1.0	2	232248	n/a
113.41064453125	0.3	0.0	1	232265	n/a
113.4189453125	0.3	1.0	2	232282	n/a
113.42724609375	0.3	1.0	2	232299	n/a
113.435546875	0.3	0.0	1	232316	n/a
113.44384765625	0.3	0.0	1	232333	n/a
113.4521484375	0.3	1.0	2	232350	n/a
113.46044921875	0.3	0.0	1	232367	n/a
113.46875	0.3	1.0	2	232384	n/a
113.47705078125	0.3	1.0	2	232401	n/a
113.4853515625	0.3	0.0	1	232418	n/a
113.49365234375	0.3	1.0	2	232435	n/a
113.501953125	0.3	0.0	1	232452	n/a
113.5107421875	0.3	1.0	2	232470	n/a
113.51904296875	0.3	0.0	1	232487	n/a
113.52734375	0.3	0.0	1	232504	n/a
113.53564453125	0.3	1.0	2	232521	n/a
113.5439453125	0.3	0.0	1	232538	n/a
113.55224609375	0.3	1.0	2	232555	n/a
113.560546875	0.3	1.0	2	232572	n/a
113.56884765625	0.3	0.0	1	232589	n/a
113.5771484375	0.3	0.0	1	232606	n/a
113.58544921875	0.3	1.0	2	232623	n/a
113.59375	0.3	0.0	1	232640	n/a
113.60205078125	0.3	1.0	2	232657	n/a
113.6103515625	0.3	1.0	2	232674	n/a
113.61865234375	0.3	0.0	1	232691	n/a
113.626953125	0.3	0.0	1	232708	n/a
113.6357421875	0.3	1.0	2	232726	n/a
113.64404296875	0.3	0.0	1	232743	n/a
113.65234375	0.3	1.0	2	232760	n/a
113.66064453125	0.3	0.0	1	232777	n/a
113.6689453125	0.3	1.0	2	232794	n/a
113.67724609375	0.3	0.0	1	232811	n/a
113.685546875	0.3	1.0	2	232828	n/a
113.69384765625	0.3	0.0	1	232845	n/a
113.7021484375	0.3	1.0	2	232862	n/a
113.71044921875	0.3	1.0	2	232879	n/a
113.71875	0.3	0.0	1	232896	n/a
113.72705078125	0.3	1.0	2	232913	n/a
113.7353515625	0.3	0.0	1	232930	n/a
113.74365234375	0.3	0.0	1	232947	n/a
113.751953125	0.3	1.0	2	232964	n/a
113.7607421875	0.3	1.0	2	232982	n/a
113.76904296875	0.3	0.0	1	232999	n/a
113.77734375	0.3	1.0	2	233016	n/a
113.78564453125	0.3	0.0	1	233033	n/a
113.7939453125	0.3	0.0	1	233050	n/a
113.80224609375	0.3	1.0	2	233067	n/a
113.810546875	0.3	0.0	1	233084	n/a
113.81884765625	0.3	1.0	2	233101	n/a
113.8271484375	0.3	1.0	2	233118	n/a
113.83544921875	0.3	0.0	1	233135	n/a
113.84375	0.3	0.0	1	233152	n/a
113.85205078125	0.3	1.0	2	233169	n/a
113.8603515625	0.3	1.0	2	233186	n/a
113.86865234375	0.3	0.0	1	233203	n/a
113.876953125	0.3	1.0	2	233220	n/a
113.8857421875	0.3	0.0	1	233238	n/a
113.89404296875	0.3	0.0	1	233255	n/a
113.90234375	0.3	1.0	2	233272	n/a
113.91064453125	0.3	1.0	2	233289	n/a
113.9189453125	0.3	0.0	1	233306	n/a
113.92724609375	0.3	1.0	2	233323	n/a
113.935546875	0.3	0.0	1	233340	n/a
113.94384765625	0.3	0.0	1	233357	n/a
113.9521484375	0.3	1.0	2	233374	n/a
113.96044921875	0.3	0.0	1	233391	n/a
113.96875	0.3	1.0	2	233408	n/a
113.97705078125	0.3	1.0	2	233425	n/a
113.9853515625	0.3	0.0	1	233442	n/a
113.99365234375	0.3	1.0	2	233459	n/a
114.001953125	0.3	0.0	1	233476	n/a
114.0107421875	0.3	1.0	2	233494	n/a
114.01904296875	0.3	0.0	1	233511	n/a
114.02734375	0.3	1.0	2	233528	n/a
114.03564453125	0.3	0.0	1	233545	n/a
114.0439453125	0.3	1.0	2	233562	n/a
114.05224609375	0.3	0.0	1	233579	n/a
114.060546875	0.3	1.0	2	233596	n/a
114.06884765625	0.3	0.0	1	233613	n/a
114.0771484375	0.3	0.0	1	233630	n/a
114.08544921875	0.3	1.0	2	233647	n/a
114.09375	0.3	1.0	2	233664	n/a
114.10205078125	0.3	0.0	1	233681	n/a
114.1103515625	0.3	0.0	1	233698	n/a
114.11865234375	0.3	1.0	2	233715	n/a
114.126953125	0.3	1.0	2	233732	n/a
114.1357421875	0.3	0.0	1	233750	n/a
114.14404296875	0.3	1.0	2	233767	n/a
114.15234375	0.3	0.0	1	233784	n/a
114.16064453125	0.3	1.0	2	233801	n/a
114.1689453125	0.3	0.0	1	233818	n/a
114.17724609375	0.3	1.0	2	233835	n/a
114.185546875	0.3	0.0	1	233852	n/a
114.19384765625	0.3	0.0	1	233869	n/a
114.2021484375	0.3	1.0	2	233886	n/a
114.21044921875	0.3	1.0	2	233903	n/a
114.21875	0.3	0.0	1	233920	n/a
114.22705078125	0.3	0.0	1	233937	n/a
114.2353515625	0.3	1.0	2	233954	n/a
114.24365234375	0.3	1.0	2	233971	n/a
114.251953125	0.3	0.0	1	233988	n/a
114.2607421875	0.3	1.0	2	234006	n/a
114.26904296875	0.3	0.0	1	234023	n/a
114.27734375	0.3	0.0	1	234040	n/a
114.28564453125	0.3	1.0	2	234057	n/a
114.2939453125	0.3	1.0	2	234074	n/a
114.30224609375	0.3	0.0	1	234091	n/a
114.310546875	0.3	0.0	1	234108	n/a
114.31884765625	0.3	1.0	2	234125	n/a
114.3271484375	0.3	0.0	1	234142	n/a
114.33544921875	0.3	1.0	2	234159	n/a
114.34375	0.3	0.0	1	234176	n/a
114.35205078125	0.3	1.0	2	234193	n/a
114.3603515625	0.3	0.0	1	234210	n/a
114.36865234375	0.3	1.0	2	234227	n/a
114.376953125	0.3	0.0	1	234244	n/a
114.3857421875	0.3	1.0	2	234262	n/a
116.77783203125	0.3	1.0	2	239161	8.0
116.7861328125	0.3	0.0	1	239178	n/a
116.79443359375	0.3	0.0	1	239195	n/a
116.802734375	0.3	1.0	2	239212	n/a
116.81103515625	0.3	0.0	1	239229	n/a
116.8193359375	0.3	1.0	2	239246	n/a
116.82763671875	0.3	1.0	2	239263	n/a
116.8359375	0.3	0.0	1	239280	n/a
116.8447265625	0.3	1.0	2	239298	n/a
116.85302734375	0.3	0.0	1	239315	n/a
116.861328125	0.3	1.0	2	239332	n/a
116.86962890625	0.3	0.0	1	239349	n/a
116.8779296875	0.3	0.0	1	239366	n/a
116.88623046875	0.3	1.0	2	239383	n/a
116.89453125	0.3	0.0	1	239400	n/a
116.90283203125	0.3	1.0	2	239417	n/a
116.9111328125	0.3	0.0	1	239434	n/a
116.91943359375	0.3	1.0	2	239451	n/a
116.927734375	0.3	1.0	2	239468	n/a
116.93603515625	0.3	0.0	1	239485	n/a
116.9443359375	0.3	1.0	2	239502	n/a
116.95263671875	0.3	0.0	1	239519	n/a
116.9609375	0.3	1.0	2	239536	n/a
116.9697265625	0.3	0.0	1	239554	n/a
116.97802734375	0.3	0.0	1	239571	n/a
116.986328125	0.3	1.0	2	239588	n/a
116.99462890625	0.3	1.0	2	239605	n/a
117.0029296875	0.3	0.0	1	239622	n/a
117.01123046875	0.3	0.0	1	239639	n/a
117.01953125	0.3	1.0	2	239656	n/a
117.02783203125	0.3	0.0	1	239673	n/a
117.0361328125	0.3	1.0	2	239690	n/a
117.04443359375	0.3	0.0	1	239707	n/a
117.052734375	0.3	1.0	2	239724	n/a
117.06103515625	0.3	1.0	2	239741	n/a
117.0693359375	0.3	0.0	1	239758	n/a
117.07763671875	0.3	1.0	2	239775	n/a
117.0859375	0.3	0.0	1	239792	n/a
117.0947265625	0.3	0.0	1	239810	n/a
117.10302734375	0.3	1.0	2	239827	n/a
117.111328125	0.3	0.0	1	239844	n/a
117.11962890625	0.3	1.0	2	239861	n/a
117.1279296875	0.3	0.0	1	239878	n/a
117.13623046875	0.3	1.0	2	239895	n/a
117.14453125	0.3	1.0	2	239912	n/a
117.15283203125	0.3	0.0	1	239929	n/a
117.1611328125	0.3	1.0	2	239946	n/a
117.16943359375	0.3	0.0	1	239963	n/a
117.177734375	0.3	1.0	2	239980	n/a
117.18603515625	0.3	0.0	1	239997	n/a
117.1943359375	0.3	1.0	2	240014	n/a
117.20263671875	0.3	0.0	1	240031	n/a
117.2109375	0.3	0.0	1	240048	n/a
117.2197265625	0.3	1.0	2	240066	n/a
117.22802734375	0.3	1.0	2	240083	n/a
117.236328125	0.3	0.0	1	240100	n/a
117.24462890625	0.3	1.0	2	240117	n/a
117.2529296875	0.3	0.0	1	240134	n/a
117.26123046875	0.3	0.0	1	240151	n/a
117.26953125	0.3	1.0	2	240168	n/a
117.27783203125	0.3	1.0	2	240185	n/a
117.2861328125	0.3	0.0	1	240202	n/a
117.29443359375	0.3	0.0	1	240219	n/a
117.302734375	0.3	1.0	2	240236	n/a
117.31103515625	0.3	1.0	2	240253	n/a
117.3193359375	0.3	0.0	1	240270	n/a
117.32763671875	0.3	0.0	1	240287	n/a
117.3359375	0.3	1.0	2	240304	n/a
117.3447265625	0.3	0.0	1	240322	n/a
117.35302734375	0.3	1.0	2	240339	n/a
117.361328125	0.3	1.0	2	240356	n/a
117.36962890625	0.3	0.0	1	240373	n/a
117.3779296875	0.3	1.0	2	240390	n/a
117.38623046875	0.3	0.0	1	240407	n/a
117.39453125	0.3	0.0	1	240424	n/a
117.40283203125	0.3	1.0	2	240441	n/a
117.4111328125	0.3	0.0	1	240458	n/a
117.41943359375	0.3	1.0	2	240475	n/a
117.427734375	0.3	1.0	2	240492	n/a
117.43603515625	0.3	0.0	1	240509	n/a
117.4443359375	0.3	1.0	2	240526	n/a
117.45263671875	0.3	0.0	1	240543	n/a
117.4609375	0.3	1.0	2	240560	n/a
117.4697265625	0.3	0.0	1	240578	n/a
117.47802734375	0.3	0.0	1	240595	n/a
117.486328125	0.3	1.0	2	240612	n/a
117.49462890625	0.3	0.0	1	240629	n/a
117.5029296875	0.3	1.0	2	240646	n/a
117.51123046875	0.3	0.0	1	240663	n/a
117.51953125	0.3	1.0	2	240680	n/a
117.52783203125	0.3	1.0	2	240697	n/a
117.5361328125	0.3	0.0	1	240714	n/a
117.54443359375	0.3	1.0	2	240731	n/a
117.552734375	0.3	0.0	1	240748	n/a
117.56103515625	0.3	0.0	1	240765	n/a
117.5693359375	0.3	1.0	2	240782	n/a
117.57763671875	0.3	0.0	1	240799	n/a
117.5859375	0.3	1.0	2	240816	n/a
117.5947265625	0.3	0.0	1	240834	n/a
117.60302734375	0.3	1.0	2	240851	n/a
117.611328125	0.3	1.0	2	240868	n/a
117.61962890625	0.3	0.0	1	240885	n/a
117.6279296875	0.3	1.0	2	240902	n/a
117.63623046875	0.3	0.0	1	240919	n/a
117.64453125	0.3	0.0	1	240936	n/a
117.65283203125	0.3	1.0	2	240953	n/a
117.6611328125	0.3	1.0	2	240970	n/a
117.66943359375	0.3	0.0	1	240987	n/a
117.677734375	0.3	1.0	2	241004	n/a
117.68603515625	0.3	0.0	1	241021	n/a
117.6943359375	0.3	0.0	1	241038	n/a
117.70263671875	0.3	1.0	2	241055	n/a
117.7109375	0.3	0.0	1	241072	n/a
117.7197265625	0.3	1.0	2	241090	n/a
117.72802734375	0.3	0.0	1	241107	n/a
117.736328125	0.3	1.0	2	241124	n/a
117.74462890625	0.3	1.0	2	241141	n/a
117.7529296875	0.3	0.0	1	241158	n/a
117.76123046875	0.3	0.0	1	241175	n/a
117.76953125	0.3	1.0	2	241192	n/a
117.77783203125	0.3	1.0	2	241209	n/a
117.7861328125	0.3	0.0	1	241226	n/a
117.79443359375	0.3	0.0	1	241243	n/a
117.802734375	0.3	1.0	2	241260	n/a
117.81103515625	0.3	0.0	1	241277	n/a
117.8193359375	0.3	1.0	2	241294	n/a
117.82763671875	0.3	1.0	2	241311	n/a
117.8359375	0.3	0.0	1	241328	n/a
117.8447265625	0.3	0.0	1	241346	n/a
117.85302734375	0.3	1.0	2	241363	n/a
117.861328125	0.3	0.0	1	241380	n/a
117.86962890625	0.3	1.0	2	241397	n/a
117.8779296875	0.3	1.0	2	241414	n/a
117.88623046875	0.3	0.0	1	241431	n/a
117.89453125	0.3	1.0	2	241448	n/a
117.90283203125	0.3	0.0	1	241465	n/a
117.9111328125	0.3	1.0	2	241482	n/a
117.91943359375	0.3	0.0	1	241499	n/a
117.927734375	0.3	0.0	1	241516	n/a
117.93603515625	0.3	1.0	2	241533	n/a
117.9443359375	0.3	0.0	1	241550	n/a
117.95263671875	0.3	1.0	2	241567	n/a
117.9609375	0.3	0.0	1	241584	n/a
117.9697265625	0.3	1.0	2	241602	n/a
117.97802734375	0.3	1.0	2	241619	n/a
117.986328125	0.3	0.0	1	241636	n/a
117.99462890625	0.3	1.0	2	241653	n/a
118.0029296875	0.3	0.0	1	241670	n/a
118.01123046875	0.3	1.0	2	241687	n/a
118.01953125	0.3	0.0	1	241704	n/a
118.02783203125	0.3	0.0	1	241721	n/a
118.0361328125	0.3	1.0	2	241738	n/a
118.04443359375	0.3	1.0	2	241755	n/a
118.052734375	0.3	0.0	1	241772	n/a
118.06103515625	0.3	0.0	1	241789	n/a
118.0693359375	0.3	1.0	2	241806	n/a
118.07763671875	0.3	0.0	1	241823	n/a
118.0859375	0.3	1.0	2	241840	n/a
118.0947265625	0.3	0.0	1	241858	n/a
118.10302734375	0.3	1.0	2	241875	n/a
118.111328125	0.3	1.0	2	241892	n/a
118.11962890625	0.3	0.0	1	241909	n/a
118.1279296875	0.3	1.0	2	241926	n/a
118.13623046875	0.3	0.0	1	241943	n/a
118.14453125	0.3	0.0	1	241960	n/a
118.15283203125	0.3	1.0	2	241977	n/a
118.1611328125	0.3	0.0	1	241994	n/a
118.16943359375	0.3	1.0	2	242011	n/a
118.177734375	0.3	0.0	1	242028	n/a
118.18603515625	0.3	1.0	2	242045	n/a
118.1943359375	0.3	1.0	2	242062	n/a
118.20263671875	0.3	0.0	1	242079	n/a
118.2109375	0.3	1.0	2	242096	n/a
118.2197265625	0.3	0.0	1	242114	n/a
118.22802734375	0.3	1.0	2	242131	n/a
118.236328125	0.3	0.0	1	242148	n/a
118.24462890625	0.3	1.0	2	242165	n/a
118.2529296875	0.3	0.0	1	242182	n/a
118.26123046875	0.3	0.0	1	242199	n/a
118.26953125	0.3	1.0	2	242216	n/a
118.27783203125	0.3	1.0	2	242233	n/a
118.2861328125	0.3	0.0	1	242250	n/a
118.29443359375	0.3	1.0	2	242267	n/a
118.302734375	0.3	0.0	1	242284	n/a
118.31103515625	0.3	0.0	1	242301	n/a
118.3193359375	0.3	1.0	2	242318	n/a
118.32763671875	0.3	1.0	2	242335	n/a
118.3359375	0.3	0.0	1	242352	n/a
118.3447265625	0.3	0.0	1	242370	n/a
118.35302734375	0.3	1.0	2	242387	n/a
118.361328125	0.3	1.0	2	242404	n/a
118.36962890625	0.3	0.0	1	242421	n/a
118.3779296875	0.3	0.0	1	242438	n/a
118.38623046875	0.3	1.0	2	242455	n/a
118.39453125	0.3	0.0	1	242472	n/a
118.40283203125	0.3	1.0	2	242489	n/a
118.4111328125	0.3	1.0	2	242506	n/a
118.41943359375	0.3	0.0	1	242523	n/a
118.427734375	0.3	1.0	2	242540	n/a
118.43603515625	0.3	0.0	1	242557	n/a
118.4443359375	0.3	0.0	1	242574	n/a
118.45263671875	0.3	1.0	2	242591	n/a
118.4609375	0.3	0.0	1	242608	n/a
118.4697265625	0.3	1.0	2	242626	n/a
118.47802734375	0.3	1.0	2	242643	n/a
118.486328125	0.3	0.0	1	242660	n/a
118.49462890625	0.3	1.0	2	242677	n/a
118.5029296875	0.3	0.0	1	242694	n/a
118.51123046875	0.3	1.0	2	242711	n/a
118.51953125	0.3	0.0	1	242728	n/a
118.52783203125	0.3	0.0	1	242745	n/a
118.5361328125	0.3	1.0	2	242762	n/a
118.54443359375	0.3	0.0	1	242779	n/a
118.552734375	0.3	1.0	2	242796	n/a
118.56103515625	0.3	0.0	1	242813	n/a
118.5693359375	0.3	1.0	2	242830	n/a
118.57763671875	0.3	1.0	2	242847	n/a
118.5859375	0.3	0.0	1	242864	n/a
118.5947265625	0.3	1.0	2	242882	n/a
118.60302734375	0.3	0.0	1	242899	n/a
118.611328125	0.3	0.0	1	242916	n/a
118.61962890625	0.3	1.0	2	242933	n/a
118.6279296875	0.3	0.0	1	242950	n/a
118.63623046875	0.3	1.0	2	242967	n/a
118.64453125	0.3	0.0	1	242984	n/a
118.65283203125	0.3	1.0	2	243001	n/a
118.6611328125	0.3	1.0	2	243018	n/a
118.66943359375	0.3	0.0	1	243035	n/a
118.677734375	0.3	1.0	2	243052	n/a
118.68603515625	0.3	0.0	1	243069	n/a
118.6943359375	0.3	0.0	1	243086	n/a
118.70263671875	0.3	1.0	2	243103	n/a
118.7109375	0.3	1.0	2	243120	n/a
118.7197265625	0.3	0.0	1	243138	n/a
118.72802734375	0.3	1.0	2	243155	n/a
118.736328125	0.3	0.0	1	243172	n/a
118.74462890625	0.3	0.0	1	243189	n/a
118.7529296875	0.3	1.0	2	243206	n/a
118.76123046875	0.3	0.0	1	243223	n/a
118.76953125	0.3	1.0	2	243240	n/a
118.77783203125	0.3	0.0	1	243257	n/a
118.7861328125	0.3	1.0	2	243274	n/a
118.79443359375	0.3	1.0	2	243291	n/a
118.802734375	0.3	0.0	1	243308	n/a
118.81103515625	0.3	0.0	1	243325	n/a
118.8193359375	0.3	1.0	2	243342	n/a
118.82763671875	0.3	1.0	2	243359	n/a
118.8359375	0.3	0.0	1	243376	n/a
118.8447265625	0.3	0.0	1	243394	n/a
118.85302734375	0.3	1.0	2	243411	n/a
118.861328125	0.3	0.0	1	243428	n/a
118.86962890625	0.3	1.0	2	243445	n/a
118.8779296875	0.3	1.0	2	243462	n/a
118.88623046875	0.3	0.0	1	243479	n/a
118.89453125	0.3	0.0	1	243496	n/a
118.90283203125	0.3	1.0	2	243513	n/a
118.9111328125	0.3	0.0	1	243530	n/a
118.91943359375	0.3	1.0	2	243547	n/a
118.927734375	0.3	1.0	2	243564	n/a
118.93603515625	0.3	0.0	1	243581	n/a
118.9443359375	0.3	1.0	2	243598	n/a
118.95263671875	0.3	0.0	1	243615	n/a
118.9609375	0.3	1.0	2	243632	n/a
118.9697265625	0.3	0.0	1	243650	n/a
118.97802734375	0.3	0.0	1	243667	n/a
118.986328125	0.3	1.0	2	243684	n/a
118.99462890625	0.3	0.0	1	243701	n/a
119.0029296875	0.3	1.0	2	243718	n/a
119.01123046875	0.3	0.0	1	243735	n/a
119.01953125	0.3	1.0	2	243752	n/a
119.02783203125	0.3	1.0	2	243769	n/a
119.0361328125	0.3	0.0	1	243786	n/a
119.04443359375	0.3	1.0	2	243803	n/a
119.052734375	0.3	0.0	1	243820	n/a
119.06103515625	0.3	1.0	2	243837	n/a
119.0693359375	0.3	0.0	1	243854	n/a
119.07763671875	0.3	0.0	1	243871	n/a
119.0859375	0.3	1.0	2	243888	n/a
119.0947265625	0.3	1.0	2	243906	n/a
119.10302734375	0.3	0.0	1	243923	n/a
119.111328125	0.3	0.0	1	243940	n/a
119.11962890625	0.3	1.0	2	243957	n/a
119.1279296875	0.3	0.0	1	243974	n/a
119.13623046875	0.3	1.0	2	243991	n/a
119.14453125	0.3	0.0	1	244008	n/a
119.15283203125	0.3	1.0	2	244025	n/a
119.1611328125	0.3	1.0	2	244042	n/a
119.16943359375	0.3	0.0	1	244059	n/a
119.177734375	0.3	1.0	2	244076	n/a
119.18603515625	0.3	0.0	1	244093	n/a
119.1943359375	0.3	0.0	1	244110	n/a
119.20263671875	0.3	1.0	2	244127	n/a
119.2109375	0.3	0.0	1	244144	n/a
119.2197265625	0.3	1.0	2	244162	n/a
119.22802734375	0.3	0.0	1	244179	n/a
119.236328125	0.3	1.0	2	244196	n/a
119.24462890625	0.3	1.0	2	244213	n/a
119.2529296875	0.3	0.0	1	244230	n/a
119.26123046875	0.3	1.0	2	244247	n/a
119.26953125	0.3	0.0	1	244264	n/a
119.27783203125	0.3	1.0	2	244281	n/a
119.2861328125	0.3	0.0	1	244298	n/a
119.29443359375	0.3	1.0	2	244315	n/a
119.302734375	0.3	0.0	1	244332	n/a
119.31103515625	0.3	0.0	1	244349	n/a
119.3193359375	0.3	1.0	2	244366	n/a
119.32763671875	0.3	1.0	2	244383	n/a
119.3359375	0.3	0.0	1	244400	n/a
119.3447265625	0.3	1.0	2	244418	n/a
119.35302734375	0.3	0.0	1	244435	n/a
119.361328125	0.3	0.0	1	244452	n/a
119.36962890625	0.3	1.0	2	244469	n/a
119.3779296875	0.3	1.0	2	244486	n/a
119.38623046875	0.3	0.0	1	244503	n/a
119.39453125	0.3	0.0	1	244520	n/a
119.40283203125	0.3	1.0	2	244537	n/a
119.4111328125	0.3	1.0	2	244554	n/a
119.41943359375	0.3	0.0	1	244571	n/a
119.427734375	0.3	0.0	1	244588	n/a
119.43603515625	0.3	1.0	2	244605	n/a
119.4443359375	0.3	0.0	1	244622	n/a
119.45263671875	0.3	1.0	2	244639	n/a
119.4609375	0.3	1.0	2	244656	n/a
119.4697265625	0.3	0.0	1	244674	n/a
119.47802734375	0.3	1.0	2	244691	n/a
119.486328125	0.3	0.0	1	244708	n/a
119.49462890625	0.3	0.0	1	244725	n/a
119.5029296875	0.3	1.0	2	244742	n/a
119.51123046875	0.3	0.0	1	244759	n/a
119.51953125	0.3	1.0	2	244776	n/a
119.52783203125	0.3	1.0	2	244793	n/a
119.5361328125	0.3	0.0	1	244810	n/a
119.54443359375	0.3	1.0	2	244827	n/a
119.552734375	0.3	0.0	1	244844	n/a
119.56103515625	0.3	1.0	2	244861	n/a
119.5693359375	0.3	0.0	1	244878	n/a
119.57763671875	0.3	0.0	1	244895	n/a
119.5859375	0.3	1.0	2	244912	n/a
119.5947265625	0.3	0.0	1	244930	n/a
119.60302734375	0.3	1.0	2	244947	n/a
119.611328125	0.3	0.0	1	244964	n/a
119.61962890625	0.3	1.0	2	244981	n/a
119.6279296875	0.3	1.0	2	244998	n/a
119.63623046875	0.3	0.0	1	245015	n/a
119.64453125	0.3	1.0	2	245032	n/a
119.65283203125	0.3	0.0	1	245049	n/a
119.6611328125	0.3	0.0	1	245066	n/a
119.66943359375	0.3	1.0	2	245083	n/a
119.677734375	0.3	0.0	1	245100	n/a
119.68603515625	0.3	1.0	2	245117	n/a
119.6943359375	0.3	0.0	1	245134	n/a
119.70263671875	0.3	1.0	2	245151	n/a
119.7109375	0.3	1.0	2	245168	n/a
119.7197265625	0.3	0.0	1	245186	n/a
119.72802734375	0.3	1.0	2	245203	n/a
119.736328125	0.3	0.0	1	245220	n/a
119.74462890625	0.3	0.0	1	245237	n/a
119.7529296875	0.3	1.0	2	245254	n/a
119.76123046875	0.3	1.0	2	245271	n/a
119.76953125	0.3	0.0	1	245288	n/a
119.77783203125	0.3	1.0	2	245305	n/a
119.7861328125	0.3	0.0	1	245322	n/a
119.79443359375	0.3	0.0	1	245339	n/a
119.802734375	0.3	1.0	2	245356	n/a
119.81103515625	0.3	0.0	1	245373	n/a
119.8193359375	0.3	1.0	2	245390	n/a
119.82763671875	0.3	0.0	1	245407	n/a
119.8359375	0.3	1.0	2	245424	n/a
119.8447265625	0.3	1.0	2	245442	n/a
119.85302734375	0.3	0.0	1	245459	n/a
119.861328125	0.3	0.0	1	245476	n/a
119.86962890625	0.3	1.0	2	245493	n/a
119.8779296875	0.3	1.0	2	245510	n/a
119.88623046875	0.3	0.0	1	245527	n/a
119.89453125	0.3	0.0	1	245544	n/a
119.90283203125	0.3	1.0	2	245561	n/a
119.9111328125	0.3	0.0	1	245578	n/a
119.91943359375	0.3	1.0	2	245595	n/a
119.927734375	0.3	1.0	2	245612	n/a
119.93603515625	0.3	0.0	1	245629	n/a
119.9443359375	0.3	0.0	1	245646	n/a
119.95263671875	0.3	1.0	2	245663	n/a
119.9609375	0.3	0.0	1	245680	n/a
119.9697265625	0.3	1.0	2	245698	n/a
119.97802734375	0.3	1.0	2	245715	n/a
119.986328125	0.3	0.0	1	245732	n/a
119.99462890625	0.3	1.0	2	245749	n/a
120.0029296875	0.3	0.0	1	245766	n/a
120.01123046875	0.3	1.0	2	245783	n/a
120.01953125	0.3	0.0	1	245800	n/a
120.02783203125	0.3	0.0	1	245817	n/a
120.0361328125	0.3	1.0	2	245834	n/a
120.04443359375	0.3	0.0	1	245851	n/a
120.052734375	0.3	1.0	2	245868	n/a
120.06103515625	0.3	0.0	1	245885	n/a
120.0693359375	0.3	1.0	2	245902	n/a
120.07763671875	0.3	1.0	2	245919	n/a
120.0859375	0.3	0.0	1	245936	n/a
120.0947265625	0.3	1.0	2	245954	n/a
120.10302734375	0.3	0.0	1	245971	n/a
120.111328125	0.3	1.0	2	245988	n/a
120.11962890625	0.3	0.0	1	246005	n/a
120.1279296875	0.3	0.0	1	246022	n/a
120.13623046875	0.3	1.0	2	246039	n/a
120.14453125	0.3	1.0	2	246056	n/a
120.15283203125	0.3	0.0	1	246073	n/a
120.1611328125	0.3	0.0	1	246090	n/a
120.16943359375	0.3	1.0	2	246107	n/a
120.177734375	0.3	0.0	1	246124	n/a
120.18603515625	0.3	1.0	2	246141	n/a
120.1943359375	0.3	0.0	1	246158	n/a
120.20263671875	0.3	1.0	2	246175	n/a
120.2109375	0.3	1.0	2	246192	n/a
120.2197265625	0.3	0.0	1	246210	n/a
120.22802734375	0.3	1.0	2	246227	n/a
120.236328125	0.3	0.0	1	246244	n/a
120.24462890625	0.3	0.0	1	246261	n/a
120.2529296875	0.3	1.0	2	246278	n/a
120.26123046875	0.3	0.0	1	246295	n/a
120.26953125	0.3	1.0	2	246312	n/a
120.27783203125	0.3	0.0	1	246329	n/a
120.2861328125	0.3	1.0	2	246346	n/a
120.29443359375	0.3	1.0	2	246363	n/a
120.302734375	0.3	0.0	1	246380	n/a
120.31103515625	0.3	1.0	2	246397	n/a
120.3193359375	0.3	0.0	1	246414	n/a
120.32763671875	0.3	1.0	2	246431	n/a
120.3359375	0.3	0.0	1	246448	n/a
120.3447265625	0.3	1.0	2	246466	n/a
120.35302734375	0.3	0.0	1	246483	n/a
120.361328125	0.3	0.0	1	246500	n/a
120.36962890625	0.3	1.0	2	246517	n/a
120.3779296875	0.3	1.0	2	246534	n/a
120.38623046875	0.3	0.0	1	246551	n/a
120.39453125	0.3	1.0	2	246568	n/a
120.40283203125	0.3	0.0	1	246585	n/a
120.4111328125	0.3	0.0	1	246602	n/a
120.41943359375	0.3	1.0	2	246619	n/a
120.427734375	0.3	1.0	2	246636	n/a
120.43603515625	0.3	0.0	1	246653	n/a
120.4443359375	0.3	0.0	1	246670	n/a
120.45263671875	0.3	1.0	2	246687	n/a
120.4609375	0.3	1.0	2	246704	n/a
120.4697265625	0.3	0.0	1	246722	n/a
120.47802734375	0.3	0.0	1	246739	n/a
120.486328125	0.3	1.0	2	246756	n/a
120.49462890625	0.3	0.0	1	246773	n/a
120.5029296875	0.3	1.0	2	246790	n/a
120.51123046875	0.3	1.0	2	246807	n/a
120.51953125	0.3	0.0	1	246824	n/a
120.52783203125	0.3	1.0	2	246841	n/a
120.5361328125	0.3	0.0	1	246858	n/a
120.54443359375	0.3	0.0	1	246875	n/a
120.552734375	0.3	1.0	2	246892	n/a
120.56103515625	0.3	0.0	1	246909	n/a
120.5693359375	0.3	1.0	2	246926	n/a
120.57763671875	0.3	1.0	2	246943	n/a
120.5859375	0.3	0.0	1	246960	n/a
120.5947265625	0.3	1.0	2	246978	n/a
120.60302734375	0.3	0.0	1	246995	n/a
120.611328125	0.3	1.0	2	247012	n/a
120.61962890625	0.3	0.0	1	247029	n/a
120.6279296875	0.3	0.0	1	247046	n/a
120.63623046875	0.3	1.0	2	247063	n/a
120.64453125	0.3	0.0	1	247080	n/a
120.65283203125	0.3	1.0	2	247097	n/a
120.6611328125	0.3	0.0	1	247114	n/a
120.66943359375	0.3	1.0	2	247131	n/a
120.677734375	0.3	1.0	2	247148	n/a
120.68603515625	0.3	0.0	1	247165	n/a
120.6943359375	0.3	1.0	2	247182	n/a
120.70263671875	0.3	0.0	1	247199	n/a
120.7109375	0.3	0.0	1	247216	n/a
120.7197265625	0.3	1.0	2	247234	n/a
120.72802734375	0.3	0.0	1	247251	n/a
120.736328125	0.3	1.0	2	247268	n/a
120.74462890625	0.3	0.0	1	247285	n/a
120.7529296875	0.3	1.0	2	247302	n/a
120.76123046875	0.3	1.0	2	247319	n/a
120.76953125	0.3	0.0	1	247336	n/a
120.77783203125	0.3	1.0	2	247353	n/a
120.7861328125	0.3	0.0	1	247370	n/a
120.79443359375	0.3	0.0	1	247387	n/a
120.802734375	0.3	1.0	2	247404	n/a
120.81103515625	0.3	1.0	2	247421	n/a
120.8193359375	0.3	0.0	1	247438	n/a
120.82763671875	0.3	1.0	2	247455	n/a
120.8359375	0.3	0.0	1	247472	n/a
120.8447265625	0.3	0.0	1	247490	n/a
120.85302734375	0.3	1.0	2	247507	n/a
120.861328125	0.3	0.0	1	247524	n/a
120.86962890625	0.3	1.0	2	247541	n/a
120.8779296875	0.3	0.0	1	247558	n/a
120.88623046875	0.3	1.0	2	247575	n/a
120.89453125	0.3	1.0	2	247592	n/a
120.90283203125	0.3	0.0	1	247609	n/a
120.9111328125	0.3	0.0	1	247626	n/a
120.91943359375	0.3	1.0	2	247643	n/a
120.927734375	0.3	1.0	2	247660	n/a
120.93603515625	0.3	0.0	1	247677	n/a
120.9443359375	0.3	0.0	1	247694	n/a
120.95263671875	0.3	1.0	2	247711	n/a
120.9609375	0.3	0.0	1	247728	n/a
120.9697265625	0.3	1.0	2	247746	n/a
123.35302734375	0.3	1.0	2	252627	31.0
123.361328125	0.3	0.0	1	252644	n/a
123.36962890625	0.3	0.0	1	252661	n/a
123.3779296875	0.3	1.0	2	252678	n/a
123.38623046875	0.3	0.0	1	252695	n/a
123.39453125	0.3	1.0	2	252712	n/a
123.40283203125	0.3	0.0	1	252729	n/a
123.4111328125	0.3	1.0	2	252746	n/a
123.419921875	0.3	0.0	1	252764	n/a
123.42822265625	0.3	1.0	2	252781	n/a
123.4365234375	0.3	1.0	2	252798	n/a
123.44482421875	0.3	0.0	1	252815	n/a
123.453125	0.3	0.0	1	252832	n/a
123.46142578125	0.3	1.0	2	252849	n/a
123.4697265625	0.3	1.0	2	252866	n/a
123.47802734375	0.3	0.0	1	252883	n/a
123.486328125	0.3	1.0	2	252900	n/a
123.49462890625	0.3	0.0	1	252917	n/a
123.5029296875	0.3	0.0	1	252934	n/a
123.51123046875	0.3	1.0	2	252951	n/a
123.51953125	0.3	0.0	1	252968	n/a
123.52783203125	0.3	1.0	2	252985	n/a
123.5361328125	0.3	1.0	2	253002	n/a
123.544921875	0.3	0.0	1	253020	n/a
123.55322265625	0.3	1.0	2	253037	n/a
123.5615234375	0.3	0.0	1	253054	n/a
123.56982421875	0.3	0.0	1	253071	n/a
123.578125	0.3	1.0	2	253088	n/a
123.58642578125	0.3	1.0	2	253105	n/a
123.5947265625	0.3	0.0	1	253122	n/a
123.60302734375	0.3	0.0	1	253139	n/a
123.611328125	0.3	1.0	2	253156	n/a
123.61962890625	0.3	1.0	2	253173	n/a
123.6279296875	0.3	0.0	1	253190	n/a
123.63623046875	0.3	1.0	2	253207	n/a
123.64453125	0.3	0.0	1	253224	n/a
123.65283203125	0.3	0.0	1	253241	n/a
123.6611328125	0.3	1.0	2	253258	n/a
123.669921875	0.3	1.0	2	253276	n/a
123.67822265625	0.3	0.0	1	253293	n/a
123.6865234375	0.3	0.0	1	253310	n/a
123.69482421875	0.3	1.0	2	253327	n/a
123.703125	0.3	1.0	2	253344	n/a
123.71142578125	0.3	0.0	1	253361	n/a
123.7197265625	0.3	1.0	2	253378	n/a
123.72802734375	0.3	0.0	1	253395	n/a
123.736328125	0.3	1.0	2	253412	n/a
123.74462890625	0.3	0.0	1	253429	n/a
123.7529296875	0.3	0.0	1	253446	n/a
123.76123046875	0.3	1.0	2	253463	n/a
123.76953125	0.3	0.0	1	253480	n/a
123.77783203125	0.3	1.0	2	253497	n/a
123.7861328125	0.3	0.0	1	253514	n/a
123.794921875	0.3	1.0	2	253532	n/a
123.80322265625	0.3	0.0	1	253549	n/a
123.8115234375	0.3	1.0	2	253566	n/a
123.81982421875	0.3	0.0	1	253583	n/a
123.828125	0.3	1.0	2	253600	n/a
123.83642578125	0.3	0.0	1	253617	n/a
123.8447265625	0.3	1.0	2	253634	n/a
123.85302734375	0.3	1.0	2	253651	n/a
123.861328125	0.3	0.0	1	253668	n/a
123.86962890625	0.3	0.0	1	253685	n/a
123.8779296875	0.3	1.0	2	253702	n/a
123.88623046875	0.3	0.0	1	253719	n/a
123.89453125	0.3	1.0	2	253736	n/a
123.90283203125	0.3	0.0	1	253753	n/a
123.9111328125	0.3	1.0	2	253770	n/a
123.919921875	0.3	0.0	1	253788	n/a
123.92822265625	0.3	1.0	2	253805	n/a
123.9365234375	0.3	0.0	1	253822	n/a
123.94482421875	0.3	1.0	2	253839	n/a
123.953125	0.3	1.0	2	253856	n/a
123.96142578125	0.3	0.0	1	253873	n/a
123.9697265625	0.3	0.0	1	253890	n/a
123.97802734375	0.3	1.0	2	253907	n/a
123.986328125	0.3	0.0	1	253924	n/a
123.99462890625	0.3	1.0	2	253941	n/a
124.0029296875	0.3	1.0	2	253958	n/a
124.01123046875	0.3	0.0	1	253975	n/a
124.01953125	0.3	0.0	1	253992	n/a
124.02783203125	0.3	1.0	2	254009	n/a
124.0361328125	0.3	0.0	1	254026	n/a
124.044921875	0.3	1.0	2	254044	n/a
124.05322265625	0.3	1.0	2	254061	n/a
124.0615234375	0.3	0.0	1	254078	n/a
124.06982421875	0.3	0.0	1	254095	n/a
124.078125	0.3	1.0	2	254112	n/a
124.08642578125	0.3	0.0	1	254129	n/a
124.0947265625	0.3	1.0	2	254146	n/a
124.10302734375	0.3	1.0	2	254163	n/a
124.111328125	0.3	0.0	1	254180	n/a
124.11962890625	0.3	1.0	2	254197	n/a
124.1279296875	0.3	0.0	1	254214	n/a
124.13623046875	0.3	0.0	1	254231	n/a
124.14453125	0.3	1.0	2	254248	n/a
124.15283203125	0.3	1.0	2	254265	n/a
124.1611328125	0.3	0.0	1	254282	n/a
124.169921875	0.3	0.0	1	254300	n/a
124.17822265625	0.3	1.0	2	254317	n/a
124.1865234375	0.3	0.0	1	254334	n/a
124.19482421875	0.3	1.0	2	254351	n/a
124.203125	0.3	0.0	1	254368	n/a
124.21142578125	0.3	1.0	2	254385	n/a
124.2197265625	0.3	1.0	2	254402	n/a
124.22802734375	0.3	0.0	1	254419	n/a
124.236328125	0.3	0.0	1	254436	n/a
124.24462890625	0.3	1.0	2	254453	n/a
124.2529296875	0.3	0.0	1	254470	n/a
124.26123046875	0.3	1.0	2	254487	n/a
124.26953125	0.3	1.0	2	254504	n/a
124.27783203125	0.3	0.0	1	254521	n/a
124.2861328125	0.3	0.0	1	254538	n/a
124.294921875	0.3	1.0	2	254556	n/a
124.30322265625	0.3	0.0	1	254573	n/a
124.3115234375	0.3	1.0	2	254590	n/a
124.31982421875	0.3	0.0	1	254607	n/a
124.328125	0.3	1.0	2	254624	n/a
124.33642578125	0.3	0.0	1	254641	n/a
124.3447265625	0.3	1.0	2	254658	n/a
124.35302734375	0.3	0.0	1	254675	n/a
124.361328125	0.3	1.0	2	254692	n/a
124.36962890625	0.3	0.0	1	254709	n/a
124.3779296875	0.3	1.0	2	254726	n/a
124.38623046875	0.3	1.0	2	254743	n/a
124.39453125	0.3	0.0	1	254760	n/a
124.40283203125	0.3	1.0	2	254777	n/a
124.4111328125	0.3	0.0	1	254794	n/a
124.419921875	0.3	0.0	1	254812	n/a
124.42822265625	0.3	1.0	2	254829	n/a
124.4365234375	0.3	0.0	1	254846	n/a
124.44482421875	0.3	1.0	2	254863	n/a
124.453125	0.3	0.0	1	254880	n/a
124.46142578125	0.3	1.0	2	254897	n/a
124.4697265625	0.3	0.0	1	254914	n/a
124.47802734375	0.3	1.0	2	254931	n/a
124.486328125	0.3	1.0	2	254948	n/a
124.49462890625	0.3	0.0	1	254965	n/a
124.5029296875	0.3	0.0	1	254982	n/a
124.51123046875	0.3	1.0	2	254999	n/a
124.51953125	0.3	1.0	2	255016	n/a
124.52783203125	0.3	0.0	1	255033	n/a
124.5361328125	0.3	1.0	2	255050	n/a
124.544921875	0.3	0.0	1	255068	n/a
124.55322265625	0.3	0.0	1	255085	n/a
124.5615234375	0.3	1.0	2	255102	n/a
124.56982421875	0.3	0.0	1	255119	n/a
124.578125	0.3	1.0	2	255136	n/a
124.58642578125	0.3	1.0	2	255153	n/a
124.5947265625	0.3	0.0	1	255170	n/a
124.60302734375	0.3	1.0	2	255187	n/a
124.611328125	0.3	0.0	1	255204	n/a
124.61962890625	0.3	0.0	1	255221	n/a
124.6279296875	0.3	1.0	2	255238	n/a
124.63623046875	0.3	1.0	2	255255	n/a
124.64453125	0.3	0.0	1	255272	n/a
124.65283203125	0.3	0.0	1	255289	n/a
124.6611328125	0.3	1.0	2	255306	n/a
124.669921875	0.3	1.0	2	255324	n/a
124.67822265625	0.3	0.0	1	255341	n/a
124.6865234375	0.3	1.0	2	255358	n/a
124.69482421875	0.3	0.0	1	255375	n/a
124.703125	0.3	0.0	1	255392	n/a
124.71142578125	0.3	1.0	2	255409	n/a
124.7197265625	0.3	1.0	2	255426	n/a
124.72802734375	0.3	0.0	1	255443	n/a
124.736328125	0.3	0.0	1	255460	n/a
124.74462890625	0.3	1.0	2	255477	n/a
124.7529296875	0.3	1.0	2	255494	n/a
124.76123046875	0.3	0.0	1	255511	n/a
124.76953125	0.3	1.0	2	255528	n/a
124.77783203125	0.3	0.0	1	255545	n/a
124.7861328125	0.3	1.0	2	255562	n/a
124.794921875	0.3	0.0	1	255580	n/a
124.80322265625	0.3	0.0	1	255597	n/a
124.8115234375	0.3	1.0	2	255614	n/a
124.81982421875	0.3	0.0	1	255631	n/a
124.828125	0.3	1.0	2	255648	n/a
124.83642578125	0.3	0.0	1	255665	n/a
124.8447265625	0.3	1.0	2	255682	n/a
124.85302734375	0.3	0.0	1	255699	n/a
124.861328125	0.3	1.0	2	255716	n/a
124.86962890625	0.3	0.0	1	255733	n/a
124.8779296875	0.3	1.0	2	255750	n/a
124.88623046875	0.3	0.0	1	255767	n/a
124.89453125	0.3	1.0	2	255784	n/a
124.90283203125	0.3	1.0	2	255801	n/a
124.9111328125	0.3	0.0	1	255818	n/a
124.919921875	0.3	0.0	1	255836	n/a
124.92822265625	0.3	1.0	2	255853	n/a
124.9365234375	0.3	0.0	1	255870	n/a
124.94482421875	0.3	1.0	2	255887	n/a
124.953125	0.3	0.0	1	255904	n/a
124.96142578125	0.3	1.0	2	255921	n/a
124.9697265625	0.3	0.0	1	255938	n/a
124.97802734375	0.3	1.0	2	255955	n/a
124.986328125	0.3	0.0	1	255972	n/a
124.99462890625	0.3	1.0	2	255989	n/a
125.0029296875	0.3	1.0	2	256006	n/a
125.01123046875	0.3	0.0	1	256023	n/a
125.01953125	0.3	0.0	1	256040	n/a
125.02783203125	0.3	1.0	2	256057	n/a
125.0361328125	0.3	0.0	1	256074	n/a
125.044921875	0.3	1.0	2	256092	n/a
125.05322265625	0.3	1.0	2	256109	n/a
125.0615234375	0.3	0.0	1	256126	n/a
125.06982421875	0.3	0.0	1	256143	n/a
125.078125	0.3	1.0	2	256160	n/a
125.08642578125	0.3	0.0	1	256177	n/a
125.0947265625	0.3	1.0	2	256194	n/a
125.10302734375	0.3	1.0	2	256211	n/a
125.111328125	0.3	0.0	1	256228	n/a
125.11962890625	0.3	0.0	1	256245	n/a
125.1279296875	0.3	1.0	2	256262	n/a
125.13623046875	0.3	0.0	1	256279	n/a
125.14453125	0.3	1.0	2	256296	n/a
125.15283203125	0.3	1.0	2	256313	n/a
125.1611328125	0.3	0.0	1	256330	n/a
125.169921875	0.3	1.0	2	256348	n/a
125.17822265625	0.3	0.0	1	256365	n/a
125.1865234375	0.3	0.0	1	256382	n/a
125.19482421875	0.3	1.0	2	256399	n/a
125.203125	0.3	1.0	2	256416	n/a
125.21142578125	0.3	0.0	1	256433	n/a
125.2197265625	0.3	0.0	1	256450	n/a
125.22802734375	0.3	1.0	2	256467	n/a
125.236328125	0.3	0.0	1	256484	n/a
125.24462890625	0.3	1.0	2	256501	n/a
125.2529296875	0.3	0.0	1	256518	n/a
125.26123046875	0.3	1.0	2	256535	n/a
125.26953125	0.3	1.0	2	256552	n/a
125.27783203125	0.3	0.0	1	256569	n/a
125.2861328125	0.3	0.0	1	256586	n/a
125.294921875	0.3	1.0	2	256604	n/a
125.30322265625	0.3	0.0	1	256621	n/a
125.3115234375	0.3	1.0	2	256638	n/a
125.31982421875	0.3	1.0	2	256655	n/a
125.328125	0.3	0.0	1	256672	n/a
125.33642578125	0.3	0.0	1	256689	n/a
125.3447265625	0.3	1.0	2	256706	n/a
125.35302734375	0.3	0.0	1	256723	n/a
125.361328125	0.3	1.0	2	256740	n/a
125.36962890625	0.3	0.0	1	256757	n/a
125.3779296875	0.3	1.0	2	256774	n/a
125.38623046875	0.3	0.0	1	256791	n/a
125.39453125	0.3	1.0	2	256808	n/a
125.40283203125	0.3	0.0	1	256825	n/a
125.4111328125	0.3	1.0	2	256842	n/a
125.419921875	0.3	0.0	1	256860	n/a
125.42822265625	0.3	1.0	2	256877	n/a
125.4365234375	0.3	1.0	2	256894	n/a
125.44482421875	0.3	0.0	1	256911	n/a
125.453125	0.3	1.0	2	256928	n/a
125.46142578125	0.3	0.0	1	256945	n/a
125.4697265625	0.3	0.0	1	256962	n/a
125.47802734375	0.3	1.0	2	256979	n/a
125.486328125	0.3	0.0	1	256996	n/a
125.49462890625	0.3	1.0	2	257013	n/a
125.5029296875	0.3	0.0	1	257030	n/a
125.51123046875	0.3	1.0	2	257047	n/a
125.51953125	0.3	0.0	1	257064	n/a
125.52783203125	0.3	1.0	2	257081	n/a
125.5361328125	0.3	1.0	2	257098	n/a
125.544921875	0.3	0.0	1	257116	n/a
125.55322265625	0.3	0.0	1	257133	n/a
125.5615234375	0.3	1.0	2	257150	n/a
125.56982421875	0.3	1.0	2	257167	n/a
125.578125	0.3	0.0	1	257184	n/a
125.58642578125	0.3	1.0	2	257201	n/a
125.5947265625	0.3	0.0	1	257218	n/a
125.60302734375	0.3	0.0	1	257235	n/a
125.611328125	0.3	1.0	2	257252	n/a
125.61962890625	0.3	0.0	1	257269	n/a
125.6279296875	0.3	1.0	2	257286	n/a
125.63623046875	0.3	1.0	2	257303	n/a
125.64453125	0.3	0.0	1	257320	n/a
125.65283203125	0.3	1.0	2	257337	n/a
125.6611328125	0.3	0.0	1	257354	n/a
125.669921875	0.3	0.0	1	257372	n/a
125.67822265625	0.3	1.0	2	257389	n/a
125.6865234375	0.3	1.0	2	257406	n/a
125.69482421875	0.3	0.0	1	257423	n/a
125.703125	0.3	0.0	1	257440	n/a
125.71142578125	0.3	1.0	2	257457	n/a
125.7197265625	0.3	1.0	2	257474	n/a
125.72802734375	0.3	0.0	1	257491	n/a
125.736328125	0.3	1.0	2	257508	n/a
125.74462890625	0.3	0.0	1	257525	n/a
125.7529296875	0.3	0.0	1	257542	n/a
125.76123046875	0.3	1.0	2	257559	n/a
125.76953125	0.3	1.0	2	257576	n/a
125.77783203125	0.3	0.0	1	257593	n/a
125.7861328125	0.3	0.0	1	257610	n/a
125.794921875	0.3	1.0	2	257628	n/a
125.80322265625	0.3	1.0	2	257645	n/a
125.8115234375	0.3	0.0	1	257662	n/a
125.81982421875	0.3	1.0	2	257679	n/a
125.828125	0.3	0.0	1	257696	n/a
125.83642578125	0.3	1.0	2	257713	n/a
125.8447265625	0.3	0.0	1	257730	n/a
125.85302734375	0.3	0.0	1	257747	n/a
125.861328125	0.3	1.0	2	257764	n/a
125.86962890625	0.3	0.0	1	257781	n/a
125.8779296875	0.3	1.0	2	257798	n/a
125.88623046875	0.3	0.0	1	257815	n/a
125.89453125	0.3	1.0	2	257832	n/a
125.90283203125	0.3	0.0	1	257849	n/a
125.9111328125	0.3	1.0	2	257866	n/a
125.919921875	0.3	0.0	1	257884	n/a
125.92822265625	0.3	1.0	2	257901	n/a
125.9365234375	0.3	0.0	1	257918	n/a
125.94482421875	0.3	1.0	2	257935	n/a
125.953125	0.3	1.0	2	257952	n/a
125.96142578125	0.3	0.0	1	257969	n/a
125.9697265625	0.3	0.0	1	257986	n/a
125.97802734375	0.3	1.0	2	258003	n/a
125.986328125	0.3	0.0	1	258020	n/a
125.99462890625	0.3	1.0	2	258037	n/a
126.0029296875	0.3	0.0	1	258054	n/a
126.01123046875	0.3	1.0	2	258071	n/a
126.01953125	0.3	0.0	1	258088	n/a
126.02783203125	0.3	1.0	2	258105	n/a
126.0361328125	0.3	0.0	1	258122	n/a
126.044921875	0.3	1.0	2	258140	n/a
126.05322265625	0.3	1.0	2	258157	n/a
126.0615234375	0.3	0.0	1	258174	n/a
126.06982421875	0.3	0.0	1	258191	n/a
126.078125	0.3	1.0	2	258208	n/a
126.08642578125	0.3	0.0	1	258225	n/a
126.0947265625	0.3	1.0	2	258242	n/a
126.10302734375	0.3	1.0	2	258259	n/a
126.111328125	0.3	0.0	1	258276	n/a
126.11962890625	0.3	0.0	1	258293	n/a
126.1279296875	0.3	1.0	2	258310	n/a
126.13623046875	0.3	0.0	1	258327	n/a
126.14453125	0.3	1.0	2	258344	n/a
126.15283203125	0.3	1.0	2	258361	n/a
126.1611328125	0.3	0.0	1	258378	n/a
126.169921875	0.3	0.0	1	258396	n/a
126.17822265625	0.3	1.0	2	258413	n/a
126.1865234375	0.3	0.0	1	258430	n/a
126.19482421875	0.3	1.0	2	258447	n/a
126.203125	0.3	1.0	2	258464	n/a
126.21142578125	0.3	0.0	1	258481	n/a
126.2197265625	0.3	1.0	2	258498	n/a
126.22802734375	0.3	0.0	1	258515	n/a
126.236328125	0.3	0.0	1	258532	n/a
126.24462890625	0.3	1.0	2	258549	n/a
126.2529296875	0.3	1.0	2	258566	n/a
126.26123046875	0.3	0.0	1	258583	n/a
126.26953125	0.3	0.0	1	258600	n/a
126.27783203125	0.3	1.0	2	258617	n/a
126.2861328125	0.3	0.0	1	258634	n/a
126.294921875	0.3	1.0	2	258652	n/a
126.30322265625	0.3	0.0	1	258669	n/a
126.3115234375	0.3	1.0	2	258686	n/a
126.31982421875	0.3	1.0	2	258703	n/a
126.328125	0.3	0.0	1	258720	n/a
126.33642578125	0.3	0.0	1	258737	n/a
126.3447265625	0.3	1.0	2	258754	n/a
126.35302734375	0.3	0.0	1	258771	n/a
126.361328125	0.3	1.0	2	258788	n/a
126.36962890625	0.3	1.0	2	258805	n/a
126.3779296875	0.3	0.0	1	258822	n/a
126.38623046875	0.3	0.0	1	258839	n/a
126.39453125	0.3	1.0	2	258856	n/a
126.40283203125	0.3	0.0	1	258873	n/a
126.4111328125	0.3	1.0	2	258890	n/a
126.419921875	0.3	0.0	1	258908	n/a
126.42822265625	0.3	1.0	2	258925	n/a
126.4365234375	0.3	0.0	1	258942	n/a
126.44482421875	0.3	1.0	2	258959	n/a
126.453125	0.3	0.0	1	258976	n/a
126.46142578125	0.3	1.0	2	258993	n/a
126.4697265625	0.3	0.0	1	259010	n/a
126.47802734375	0.3	1.0	2	259027	n/a
126.486328125	0.3	1.0	2	259044	n/a
126.49462890625	0.3	0.0	1	259061	n/a
126.5029296875	0.3	1.0	2	259078	n/a
126.51123046875	0.3	0.0	1	259095	n/a
126.51953125	0.3	0.0	1	259112	n/a
126.52783203125	0.3	1.0	2	259129	n/a
126.5361328125	0.3	0.0	1	259146	n/a
126.544921875	0.3	1.0	2	259164	n/a
126.55322265625	0.3	0.0	1	259181	n/a
126.5615234375	0.3	1.0	2	259198	n/a
126.56982421875	0.3	0.0	1	259215	n/a
126.578125	0.3	1.0	2	259232	n/a
126.58642578125	0.3	1.0	2	259249	n/a
126.5947265625	0.3	0.0	1	259266	n/a
126.60302734375	0.3	0.0	1	259283	n/a
126.611328125	0.3	1.0	2	259300	n/a
126.61962890625	0.3	1.0	2	259317	n/a
126.6279296875	0.3	0.0	1	259334	n/a
126.63623046875	0.3	1.0	2	259351	n/a
126.64453125	0.3	0.0	1	259368	n/a
126.65283203125	0.3	0.0	1	259385	n/a
126.6611328125	0.3	1.0	2	259402	n/a
126.669921875	0.3	0.0	1	259420	n/a
126.67822265625	0.3	1.0	2	259437	n/a
126.6865234375	0.3	1.0	2	259454	n/a
126.69482421875	0.3	0.0	1	259471	n/a
126.703125	0.3	1.0	2	259488	n/a
126.71142578125	0.3	0.0	1	259505	n/a
126.7197265625	0.3	0.0	1	259522	n/a
126.72802734375	0.3	1.0	2	259539	n/a
126.736328125	0.3	1.0	2	259556	n/a
126.74462890625	0.3	0.0	1	259573	n/a
126.7529296875	0.3	0.0	1	259590	n/a
126.76123046875	0.3	1.0	2	259607	n/a
126.76953125	0.3	1.0	2	259624	n/a
126.77783203125	0.3	0.0	1	259641	n/a
126.7861328125	0.3	1.0	2	259658	n/a
126.794921875	0.3	0.0	1	259676	n/a
126.80322265625	0.3	0.0	1	259693	n/a
126.8115234375	0.3	1.0	2	259710	n/a
126.81982421875	0.3	1.0	2	259727	n/a
126.828125	0.3	0.0	1	259744	n/a
126.83642578125	0.3	0.0	1	259761	n/a
126.8447265625	0.3	1.0	2	259778	n/a
126.85302734375	0.3	1.0	2	259795	n/a
126.861328125	0.3	0.0	1	259812	n/a
126.86962890625	0.3	1.0	2	259829	n/a
126.8779296875	0.3	0.0	1	259846	n/a
126.88623046875	0.3	1.0	2	259863	n/a
126.89453125	0.3	0.0	1	259880	n/a
126.90283203125	0.3	0.0	1	259897	n/a
126.9111328125	0.3	1.0	2	259914	n/a
126.919921875	0.3	0.0	1	259932	n/a
126.92822265625	0.3	1.0	2	259949	n/a
126.9365234375	0.3	0.0	1	259966	n/a
126.94482421875	0.3	1.0	2	259983	n/a
126.953125	0.3	0.0	1	260000	n/a
126.96142578125	0.3	1.0	2	260017	n/a
126.9697265625	0.3	0.0	1	260034	n/a
126.97802734375	0.3	1.0	2	260051	n/a
126.986328125	0.3	0.0	1	260068	n/a
126.99462890625	0.3	1.0	2	260085	n/a
127.0029296875	0.3	1.0	2	260102	n/a
127.01123046875	0.3	0.0	1	260119	n/a
127.01953125	0.3	0.0	1	260136	n/a
127.02783203125	0.3	1.0	2	260153	n/a
127.0361328125	0.3	0.0	1	260170	n/a
127.044921875	0.3	1.0	2	260188	n/a
127.05322265625	0.3	0.0	1	260205	n/a
127.0615234375	0.3	1.0	2	260222	n/a
127.06982421875	0.3	0.0	1	260239	n/a
127.078125	0.3	1.0	2	260256	n/a
127.08642578125	0.3	0.0	1	260273	n/a
127.0947265625	0.3	1.0	2	260290	n/a
127.10302734375	0.3	1.0	2	260307	n/a
127.111328125	0.3	0.0	1	260324	n/a
127.11962890625	0.3	0.0	1	260341	n/a
127.1279296875	0.3	1.0	2	260358	n/a
127.13623046875	0.3	0.0	1	260375	n/a
127.14453125	0.3	1.0	2	260392	n/a
127.15283203125	0.3	1.0	2	260409	n/a
127.1611328125	0.3	0.0	1	260426	n/a
127.169921875	0.3	0.0	1	260444	n/a
127.17822265625	0.3	1.0	2	260461	n/a
127.1865234375	0.3	0.0	1	260478	n/a
127.19482421875	0.3	1.0	2	260495	n/a
127.203125	0.3	1.0	2	260512	n/a
127.21142578125	0.3	0.0	1	260529	n/a
127.2197265625	0.3	0.0	1	260546	n/a
127.22802734375	0.3	1.0	2	260563	n/a
127.236328125	0.3	0.0	1	260580	n/a
127.24462890625	0.3	1.0	2	260597	n/a
127.2529296875	0.3	1.0	2	260614	n/a
127.26123046875	0.3	0.0	1	260631	n/a
127.26953125	0.3	1.0	2	260648	n/a
127.27783203125	0.3	0.0	1	260665	n/a
127.2861328125	0.3	0.0	1	260682	n/a
127.294921875	0.3	1.0	2	260700	n/a
127.30322265625	0.3	1.0	2	260717	n/a
127.3115234375	0.3	0.0	1	260734	n/a
127.31982421875	0.3	0.0	1	260751	n/a
127.328125	0.3	1.0	2	260768	n/a
127.33642578125	0.3	0.0	1	260785	n/a
127.3447265625	0.3	1.0	2	260802	n/a
127.35302734375	0.3	0.0	1	260819	n/a
127.361328125	0.3	1.0	2	260836	n/a
127.36962890625	0.3	1.0	2	260853	n/a
127.3779296875	0.3	0.0	1	260870	n/a
127.38623046875	0.3	0.0	1	260887	n/a
127.39453125	0.3	1.0	2	260904	n/a
127.40283203125	0.3	0.0	1	260921	n/a
127.4111328125	0.3	1.0	2	260938	n/a
127.419921875	0.3	1.0	2	260956	n/a
127.42822265625	0.3	0.0	1	260973	n/a
127.4365234375	0.3	0.0	1	260990	n/a
127.44482421875	0.3	1.0	2	261007	n/a
127.453125	0.3	0.0	1	261024	n/a
127.46142578125	0.3	1.0	2	261041	n/a
127.4697265625	0.3	0.0	1	261058	n/a
127.47802734375	0.3	1.0	2	261075	n/a
127.486328125	0.3	0.0	1	261092	n/a
127.49462890625	0.3	1.0	2	261109	n/a
127.5029296875	0.3	0.0	1	261126	n/a
127.51123046875	0.3	1.0	2	261143	n/a
127.51953125	0.3	0.0	1	261160	n/a
127.52783203125	0.3	1.0	2	261177	n/a
127.5361328125	0.3	1.0	2	261194	n/a
127.544921875	0.3	0.0	1	261212	n/a
129.92919921875	0.3	0.0	1	266095	17.0
129.9375	0.3	1.0	2	266112	n/a
129.94580078125	0.3	1.0	2	266129	n/a
129.9541015625	0.3	0.0	1	266146	n/a
129.96240234375	0.3	0.0	1	266163	n/a
129.970703125	0.3	1.0	2	266180	n/a
129.97900390625	0.3	0.0	1	266197	n/a
129.9873046875	0.3	1.0	2	266214	n/a
129.99609375	0.3	1.0	2	266232	n/a
130.00439453125	0.3	0.0	1	266249	n/a
130.0126953125	0.3	1.0	2	266266	n/a
130.02099609375	0.3	0.0	1	266283	n/a
130.029296875	0.3	1.0	2	266300	n/a
130.03759765625	0.3	0.0	1	266317	n/a
130.0458984375	0.3	1.0	2	266334	n/a
130.05419921875	0.3	0.0	1	266351	n/a
130.0625	0.3	0.0	1	266368	n/a
130.07080078125	0.3	1.0	2	266385	n/a
130.0791015625	0.3	0.0	1	266402	n/a
130.08740234375	0.3	1.0	2	266419	n/a
130.095703125	0.3	0.0	1	266436	n/a
130.10400390625	0.3	1.0	2	266453	n/a
130.1123046875	0.3	1.0	2	266470	n/a
130.12109375	0.3	0.0	1	266488	n/a
130.12939453125	0.3	0.0	1	266505	n/a
130.1376953125	0.3	1.0	2	266522	n/a
130.14599609375	0.3	1.0	2	266539	n/a
130.154296875	0.3	0.0	1	266556	n/a
130.16259765625	0.3	1.0	2	266573	n/a
130.1708984375	0.3	0.0	1	266590	n/a
130.17919921875	0.3	0.0	1	266607	n/a
130.1875	0.3	1.0	2	266624	n/a
130.19580078125	0.3	0.0	1	266641	n/a
130.2041015625	0.3	1.0	2	266658	n/a
130.21240234375	0.3	0.0	1	266675	n/a
130.220703125	0.3	1.0	2	266692	n/a
130.22900390625	0.3	1.0	2	266709	n/a
130.2373046875	0.3	0.0	1	266726	n/a
130.24609375	0.3	0.0	1	266744	n/a
130.25439453125	0.3	1.0	2	266761	n/a
130.2626953125	0.3	0.0	1	266778	n/a
130.27099609375	0.3	1.0	2	266795	n/a
130.279296875	0.3	0.0	1	266812	n/a
130.28759765625	0.3	1.0	2	266829	n/a
130.2958984375	0.3	0.0	1	266846	n/a
130.30419921875	0.3	1.0	2	266863	n/a
130.3125	0.3	0.0	1	266880	n/a
130.32080078125	0.3	1.0	2	266897	n/a
130.3291015625	0.3	0.0	1	266914	n/a
130.33740234375	0.3	1.0	2	266931	n/a
130.345703125	0.3	1.0	2	266948	n/a
130.35400390625	0.3	0.0	1	266965	n/a
130.3623046875	0.3	0.0	1	266982	n/a
130.37109375	0.3	1.0	2	267000	n/a
130.37939453125	0.3	1.0	2	267017	n/a
130.3876953125	0.3	0.0	1	267034	n/a
130.39599609375	0.3	1.0	2	267051	n/a
130.404296875	0.3	0.0	1	267068	n/a
130.41259765625	0.3	0.0	1	267085	n/a
130.4208984375	0.3	1.0	2	267102	n/a
130.42919921875	0.3	0.0	1	267119	n/a
130.4375	0.3	1.0	2	267136	n/a
130.44580078125	0.3	0.0	1	267153	n/a
130.4541015625	0.3	1.0	2	267170	n/a
130.46240234375	0.3	0.0	1	267187	n/a
130.470703125	0.3	1.0	2	267204	n/a
130.47900390625	0.3	1.0	2	267221	n/a
130.4873046875	0.3	0.0	1	267238	n/a
130.49609375	0.3	1.0	2	267256	n/a
130.50439453125	0.3	0.0	1	267273	n/a
130.5126953125	0.3	0.0	1	267290	n/a
130.52099609375	0.3	1.0	2	267307	n/a
130.529296875	0.3	0.0	1	267324	n/a
130.53759765625	0.3	1.0	2	267341	n/a
130.5458984375	0.3	1.0	2	267358	n/a
130.55419921875	0.3	0.0	1	267375	n/a
130.5625	0.3	0.0	1	267392	n/a
130.57080078125	0.3	1.0	2	267409	n/a
130.5791015625	0.3	1.0	2	267426	n/a
130.58740234375	0.3	0.0	1	267443	n/a
130.595703125	0.3	0.0	1	267460	n/a
130.60400390625	0.3	1.0	2	267477	n/a
130.6123046875	0.3	1.0	2	267494	n/a
130.62109375	0.3	0.0	1	267512	n/a
130.62939453125	0.3	1.0	2	267529	n/a
130.6376953125	0.3	0.0	1	267546	n/a
130.64599609375	0.3	0.0	1	267563	n/a
130.654296875	0.3	1.0	2	267580	n/a
130.66259765625	0.3	1.0	2	267597	n/a
130.6708984375	0.3	0.0	1	267614	n/a
130.67919921875	0.3	1.0	2	267631	n/a
130.6875	0.3	0.0	1	267648	n/a
130.69580078125	0.3	1.0	2	267665	n/a
130.7041015625	0.3	0.0	1	267682	n/a
130.71240234375	0.3	0.0	1	267699	n/a
130.720703125	0.3	1.0	2	267716	n/a
130.72900390625	0.3	1.0	2	267733	n/a
130.7373046875	0.3	0.0	1	267750	n/a
130.74609375	0.3	1.0	2	267768	n/a
130.75439453125	0.3	0.0	1	267785	n/a
130.7626953125	0.3	1.0	2	267802	n/a
130.77099609375	0.3	0.0	1	267819	n/a
130.779296875	0.3	1.0	2	267836	n/a
130.78759765625	0.3	0.0	1	267853	n/a
130.7958984375	0.3	1.0	2	267870	n/a
130.80419921875	0.3	0.0	1	267887	n/a
130.8125	0.3	0.0	1	267904	n/a
130.82080078125	0.3	1.0	2	267921	n/a
130.8291015625	0.3	0.0	1	267938	n/a
130.83740234375	0.3	1.0	2	267955	n/a
130.845703125	0.3	1.0	2	267972	n/a
130.85400390625	0.3	0.0	1	267989	n/a
130.8623046875	0.3	0.0	1	268006	n/a
130.87109375	0.3	1.0	2	268024	n/a
130.87939453125	0.3	1.0	2	268041	n/a
130.8876953125	0.3	0.0	1	268058	n/a
130.89599609375	0.3	0.0	1	268075	n/a
130.904296875	0.3	1.0	2	268092	n/a
130.91259765625	0.3	1.0	2	268109	n/a
130.9208984375	0.3	0.0	1	268126	n/a
130.92919921875	0.3	1.0	2	268143	n/a
130.9375	0.3	0.0	1	268160	n/a
130.94580078125	0.3	1.0	2	268177	n/a
130.9541015625	0.3	0.0	1	268194	n/a
130.96240234375	0.3	0.0	1	268211	n/a
130.970703125	0.3	1.0	2	268228	n/a
130.97900390625	0.3	0.0	1	268245	n/a
130.9873046875	0.3	1.0	2	268262	n/a
130.99609375	0.3	1.0	2	268280	n/a
131.00439453125	0.3	0.0	1	268297	n/a
131.0126953125	0.3	0.0	1	268314	n/a
131.02099609375	0.3	1.0	2	268331	n/a
131.029296875	0.3	0.0	1	268348	n/a
131.03759765625	0.3	1.0	2	268365	n/a
131.0458984375	0.3	1.0	2	268382	n/a
131.05419921875	0.3	0.0	1	268399	n/a
131.0625	0.3	1.0	2	268416	n/a
131.07080078125	0.3	0.0	1	268433	n/a
131.0791015625	0.3	1.0	2	268450	n/a
131.08740234375	0.3	0.0	1	268467	n/a
131.095703125	0.3	1.0	2	268484	n/a
131.10400390625	0.3	0.0	1	268501	n/a
131.1123046875	0.3	0.0	1	268518	n/a
131.12109375	0.3	1.0	2	268536	n/a
131.12939453125	0.3	0.0	1	268553	n/a
131.1376953125	0.3	1.0	2	268570	n/a
131.14599609375	0.3	0.0	1	268587	n/a
131.154296875	0.3	1.0	2	268604	n/a
131.16259765625	0.3	1.0	2	268621	n/a
131.1708984375	0.3	0.0	1	268638	n/a
131.17919921875	0.3	0.0	1	268655	n/a
131.1875	0.3	1.0	2	268672	n/a
131.19580078125	0.3	1.0	2	268689	n/a
131.2041015625	0.3	0.0	1	268706	n/a
131.21240234375	0.3	1.0	2	268723	n/a
131.220703125	0.3	0.0	1	268740	n/a
131.22900390625	0.3	0.0	1	268757	n/a
131.2373046875	0.3	1.0	2	268774	n/a
131.24609375	0.3	0.0	1	268792	n/a
131.25439453125	0.3	1.0	2	268809	n/a
131.2626953125	0.3	0.0	1	268826	n/a
131.27099609375	0.3	1.0	2	268843	n/a
131.279296875	0.3	1.0	2	268860	n/a
131.28759765625	0.3	0.0	1	268877	n/a
131.2958984375	0.3	0.0	1	268894	n/a
131.30419921875	0.3	1.0	2	268911	n/a
131.3125	0.3	0.0	1	268928	n/a
131.32080078125	0.3	1.0	2	268945	n/a
131.3291015625	0.3	0.0	1	268962	n/a
131.33740234375	0.3	1.0	2	268979	n/a
131.345703125	0.3	0.0	1	268996	n/a
131.35400390625	0.3	1.0	2	269013	n/a
131.3623046875	0.3	0.0	1	269030	n/a
131.37109375	0.3	1.0	2	269048	n/a
131.37939453125	0.3	0.0	1	269065	n/a
131.3876953125	0.3	1.0	2	269082	n/a
131.39599609375	0.3	1.0	2	269099	n/a
131.404296875	0.3	0.0	1	269116	n/a
131.41259765625	0.3	0.0	1	269133	n/a
131.4208984375	0.3	1.0	2	269150	n/a
131.42919921875	0.3	1.0	2	269167	n/a
131.4375	0.3	0.0	1	269184	n/a
131.44580078125	0.3	1.0	2	269201	n/a
131.4541015625	0.3	0.0	1	269218	n/a
131.46240234375	0.3	0.0	1	269235	n/a
131.470703125	0.3	1.0	2	269252	n/a
131.47900390625	0.3	0.0	1	269269	n/a
131.4873046875	0.3	1.0	2	269286	n/a
131.49609375	0.3	0.0	1	269304	n/a
131.50439453125	0.3	1.0	2	269321	n/a
131.5126953125	0.3	0.0	1	269338	n/a
131.52099609375	0.3	1.0	2	269355	n/a
131.529296875	0.3	1.0	2	269372	n/a
131.53759765625	0.3	0.0	1	269389	n/a
131.5458984375	0.3	1.0	2	269406	n/a
131.55419921875	0.3	0.0	1	269423	n/a
131.5625	0.3	0.0	1	269440	n/a
131.57080078125	0.3	1.0	2	269457	n/a
131.5791015625	0.3	0.0	1	269474	n/a
131.58740234375	0.3	1.0	2	269491	n/a
131.595703125	0.3	1.0	2	269508	n/a
131.60400390625	0.3	0.0	1	269525	n/a
131.6123046875	0.3	0.0	1	269542	n/a
131.62109375	0.3	1.0	2	269560	n/a
131.62939453125	0.3	1.0	2	269577	n/a
131.6376953125	0.3	0.0	1	269594	n/a
131.64599609375	0.3	0.0	1	269611	n/a
131.654296875	0.3	1.0	2	269628	n/a
131.66259765625	0.3	1.0	2	269645	n/a
131.6708984375	0.3	0.0	1	269662	n/a
131.67919921875	0.3	1.0	2	269679	n/a
131.6875	0.3	0.0	1	269696	n/a
131.69580078125	0.3	0.0	1	269713	n/a
131.7041015625	0.3	1.0	2	269730	n/a
131.71240234375	0.3	1.0	2	269747	n/a
131.720703125	0.3	0.0	1	269764	n/a
131.72900390625	0.3	1.0	2	269781	n/a
131.7373046875	0.3	0.0	1	269798	n/a
131.74609375	0.3	1.0	2	269816	n/a
131.75439453125	0.3	0.0	1	269833	n/a
131.7626953125	0.3	0.0	1	269850	n/a
131.77099609375	0.3	1.0	2	269867	n/a
131.779296875	0.3	1.0	2	269884	n/a
131.78759765625	0.3	0.0	1	269901	n/a
131.7958984375	0.3	1.0	2	269918	n/a
131.80419921875	0.3	0.0	1	269935	n/a
131.8125	0.3	1.0	2	269952	n/a
131.82080078125	0.3	0.0	1	269969	n/a
131.8291015625	0.3	1.0	2	269986	n/a
131.83740234375	0.3	0.0	1	270003	n/a
131.845703125	0.3	1.0	2	270020	n/a
131.85400390625	0.3	0.0	1	270037	n/a
131.8623046875	0.3	0.0	1	270054	n/a
131.87109375	0.3	1.0	2	270072	n/a
131.87939453125	0.3	0.0	1	270089	n/a
131.8876953125	0.3	1.0	2	270106	n/a
131.89599609375	0.3	1.0	2	270123	n/a
131.904296875	0.3	0.0	1	270140	n/a
131.91259765625	0.3	0.0	1	270157	n/a
131.9208984375	0.3	1.0	2	270174	n/a
131.92919921875	0.3	1.0	2	270191	n/a
131.9375	0.3	0.0	1	270208	n/a
131.94580078125	0.3	0.0	1	270225	n/a
131.9541015625	0.3	1.0	2	270242	n/a
131.96240234375	0.3	1.0	2	270259	n/a
131.970703125	0.3	0.0	1	270276	n/a
131.97900390625	0.3	1.0	2	270293	n/a
131.9873046875	0.3	0.0	1	270310	n/a
131.99609375	0.3	1.0	2	270328	n/a
132.00439453125	0.3	0.0	1	270345	n/a
132.0126953125	0.3	0.0	1	270362	n/a
132.02099609375	0.3	1.0	2	270379	n/a
132.029296875	0.3	0.0	1	270396	n/a
132.03759765625	0.3	1.0	2	270413	n/a
132.0458984375	0.3	1.0	2	270430	n/a
132.05419921875	0.3	0.0	1	270447	n/a
132.0625	0.3	0.0	1	270464	n/a
132.07080078125	0.3	1.0	2	270481	n/a
132.0791015625	0.3	0.0	1	270498	n/a
132.08740234375	0.3	1.0	2	270515	n/a
132.095703125	0.3	1.0	2	270532	n/a
132.10400390625	0.3	0.0	1	270549	n/a
132.1123046875	0.3	1.0	2	270566	n/a
132.12109375	0.3	0.0	1	270584	n/a
132.12939453125	0.3	1.0	2	270601	n/a
132.1376953125	0.3	0.0	1	270618	n/a
132.14599609375	0.3	1.0	2	270635	n/a
132.154296875	0.3	0.0	1	270652	n/a
132.16259765625	0.3	0.0	1	270669	n/a
132.1708984375	0.3	1.0	2	270686	n/a
132.17919921875	0.3	0.0	1	270703	n/a
132.1875	0.3	1.0	2	270720	n/a
132.19580078125	0.3	0.0	1	270737	n/a
132.2041015625	0.3	1.0	2	270754	n/a
132.21240234375	0.3	1.0	2	270771	n/a
132.220703125	0.3	0.0	1	270788	n/a
132.22900390625	0.3	0.0	1	270805	n/a
132.2373046875	0.3	1.0	2	270822	n/a
132.24609375	0.3	1.0	2	270840	n/a
132.25439453125	0.3	0.0	1	270857	n/a
132.2626953125	0.3	1.0	2	270874	n/a
132.27099609375	0.3	0.0	1	270891	n/a
132.279296875	0.3	0.0	1	270908	n/a
132.28759765625	0.3	1.0	2	270925	n/a
132.2958984375	0.3	0.0	1	270942	n/a
132.30419921875	0.3	1.0	2	270959	n/a
132.3125	0.3	0.0	1	270976	n/a
132.32080078125	0.3	1.0	2	270993	n/a
132.3291015625	0.3	1.0	2	271010	n/a
132.33740234375	0.3	0.0	1	271027	n/a
132.345703125	0.3	0.0	1	271044	n/a
132.35400390625	0.3	1.0	2	271061	n/a
132.3623046875	0.3	0.0	1	271078	n/a
132.37109375	0.3	1.0	2	271096	n/a
132.37939453125	0.3	0.0	1	271113	n/a
132.3876953125	0.3	1.0	2	271130	n/a
132.39599609375	0.3	0.0	1	271147	n/a
132.404296875	0.3	1.0	2	271164	n/a
132.41259765625	0.3	0.0	1	271181	n/a
132.4208984375	0.3	1.0	2	271198	n/a
132.42919921875	0.3	0.0	1	271215	n/a
132.4375	0.3	1.0	2	271232	n/a
132.44580078125	0.3	1.0	2	271249	n/a
132.4541015625	0.3	0.0	1	271266	n/a
132.46240234375	0.3	0.0	1	271283	n/a
132.470703125	0.3	1.0	2	271300	n/a
132.47900390625	0.3	1.0	2	271317	n/a
132.4873046875	0.3	0.0	1	271334	n/a
132.49609375	0.3	1.0	2	271352	n/a
132.50439453125	0.3	0.0	1	271369	n/a
132.5126953125	0.3	0.0	1	271386	n/a
132.52099609375	0.3	1.0	2	271403	n/a
132.529296875	0.3	0.0	1	271420	n/a
132.53759765625	0.3	1.0	2	271437	n/a
132.5458984375	0.3	0.0	1	271454	n/a
132.55419921875	0.3	1.0	2	271471	n/a
132.5625	0.3	0.0	1	271488	n/a
132.57080078125	0.3	1.0	2	271505	n/a
132.5791015625	0.3	1.0	2	271522	n/a
132.58740234375	0.3	0.0	1	271539	n/a
132.595703125	0.3	1.0	2	271556	n/a
132.60400390625	0.3	0.0	1	271573	n/a
132.6123046875	0.3	0.0	1	271590	n/a
132.62109375	0.3	1.0	2	271608	n/a
132.62939453125	0.3	0.0	1	271625	n/a
132.6376953125	0.3	1.0	2	271642	n/a
132.64599609375	0.3	1.0	2	271659	n/a
132.654296875	0.3	0.0	1	271676	n/a
132.66259765625	0.3	0.0	1	271693	n/a
132.6708984375	0.3	1.0	2	271710	n/a
132.67919921875	0.3	1.0	2	271727	n/a
132.6875	0.3	0.0	1	271744	n/a
132.69580078125	0.3	0.0	1	271761	n/a
132.7041015625	0.3	1.0	2	271778	n/a
132.71240234375	0.3	1.0	2	271795	n/a
132.720703125	0.3	0.0	1	271812	n/a
132.72900390625	0.3	1.0	2	271829	n/a
132.7373046875	0.3	0.0	1	271846	n/a
132.74609375	0.3	0.0	1	271864	n/a
132.75439453125	0.3	1.0	2	271881	n/a
132.7626953125	0.3	1.0	2	271898	n/a
132.77099609375	0.3	0.0	1	271915	n/a
132.779296875	0.3	1.0	2	271932	n/a
132.78759765625	0.3	0.0	1	271949	n/a
132.7958984375	0.3	1.0	2	271966	n/a
132.80419921875	0.3	0.0	1	271983	n/a
132.8125	0.3	0.0	1	272000	n/a
132.82080078125	0.3	1.0	2	272017	n/a
132.8291015625	0.3	1.0	2	272034	n/a
132.83740234375	0.3	0.0	1	272051	n/a
132.845703125	0.3	1.0	2	272068	n/a
132.85400390625	0.3	0.0	1	272085	n/a
132.8623046875	0.3	1.0	2	272102	n/a
132.87109375	0.3	0.0	1	272120	n/a
132.87939453125	0.3	1.0	2	272137	n/a
132.8876953125	0.3	0.0	1	272154	n/a
132.89599609375	0.3	1.0	2	272171	n/a
132.904296875	0.3	0.0	1	272188	n/a
132.91259765625	0.3	0.0	1	272205	n/a
132.9208984375	0.3	1.0	2	272222	n/a
132.92919921875	0.3	0.0	1	272239	n/a
132.9375	0.3	1.0	2	272256	n/a
132.94580078125	0.3	1.0	2	272273	n/a
132.9541015625	0.3	0.0	1	272290	n/a
132.96240234375	0.3	0.0	1	272307	n/a
132.970703125	0.3	1.0	2	272324	n/a
132.97900390625	0.3	1.0	2	272341	n/a
132.9873046875	0.3	0.0	1	272358	n/a
132.99609375	0.3	0.0	1	272376	n/a
133.00439453125	0.3	1.0	2	272393	n/a
133.0126953125	0.3	1.0	2	272410	n/a
133.02099609375	0.3	0.0	1	272427	n/a
133.029296875	0.3	1.0	2	272444	n/a
133.03759765625	0.3	0.0	1	272461	n/a
133.0458984375	0.3	1.0	2	272478	n/a
133.05419921875	0.3	0.0	1	272495	n/a
133.0625	0.3	0.0	1	272512	n/a
133.07080078125	0.3	1.0	2	272529	n/a
133.0791015625	0.3	0.0	1	272546	n/a
133.08740234375	0.3	1.0	2	272563	n/a
133.095703125	0.3	1.0	2	272580	n/a
133.10400390625	0.3	0.0	1	272597	n/a
133.1123046875	0.3	0.0	1	272614	n/a
133.12109375	0.3	1.0	2	272632	n/a
133.12939453125	0.3	0.0	1	272649	n/a
133.1376953125	0.3	1.0	2	272666	n/a
133.14599609375	0.3	1.0	2	272683	n/a
133.154296875	0.3	0.0	1	272700	n/a
133.16259765625	0.3	1.0	2	272717	n/a
133.1708984375	0.3	0.0	1	272734	n/a
133.17919921875	0.3	1.0	2	272751	n/a
133.1875	0.3	0.0	1	272768	n/a
133.19580078125	0.3	1.0	2	272785	n/a
133.2041015625	0.3	0.0	1	272802	n/a
133.21240234375	0.3	0.0	1	272819	n/a
133.220703125	0.3	1.0	2	272836	n/a
133.22900390625	0.3	0.0	1	272853	n/a
133.2373046875	0.3	1.0	2	272870	n/a
133.24609375	0.3	0.0	1	272888	n/a
133.25439453125	0.3	1.0	2	272905	n/a
133.2626953125	0.3	1.0	2	272922	n/a
133.27099609375	0.3	0.0	1	272939	n/a
133.279296875	0.3	0.0	1	272956	n/a
133.28759765625	0.3	1.0	2	272973	n/a
133.2958984375	0.3	1.0	2	272990	n/a
133.30419921875	0.3	0.0	1	273007	n/a
133.3125	0.3	1.0	2	273024	n/a
133.32080078125	0.3	0.0	1	273041	n/a
133.3291015625	0.3	0.0	1	273058	n/a
133.33740234375	0.3	1.0	2	273075	n/a
133.345703125	0.3	0.0	1	273092	n/a
133.35400390625	0.3	1.0	2	273109	n/a
133.3623046875	0.3	0.0	1	273126	n/a
133.37109375	0.3	1.0	2	273144	n/a
133.37939453125	0.3	1.0	2	273161	n/a
133.3876953125	0.3	0.0	1	273178	n/a
133.39599609375	0.3	0.0	1	273195	n/a
133.404296875	0.3	1.0	2	273212	n/a
133.41259765625	0.3	0.0	1	273229	n/a
133.4208984375	0.3	1.0	2	273246	n/a
133.42919921875	0.3	0.0	1	273263	n/a
133.4375	0.3	1.0	2	273280	n/a
133.44580078125	0.3	0.0	1	273297	n/a
133.4541015625	0.3	1.0	2	273314	n/a
133.46240234375	0.3	0.0	1	273331	n/a
133.470703125	0.3	1.0	2	273348	n/a
133.47900390625	0.3	0.0	1	273365	n/a
133.4873046875	0.3	1.0	2	273382	n/a
133.49609375	0.3	1.0	2	273400	n/a
133.50439453125	0.3	0.0	1	273417	n/a
133.5126953125	0.3	0.0	1	273434	n/a
133.52099609375	0.3	1.0	2	273451	n/a
133.529296875	0.3	1.0	2	273468	n/a
133.53759765625	0.3	0.0	1	273485	n/a
133.5458984375	0.3	1.0	2	273502	n/a
133.55419921875	0.3	0.0	1	273519	n/a
133.5625	0.3	0.0	1	273536	n/a
133.57080078125	0.3	1.0	2	273553	n/a
133.5791015625	0.3	0.0	1	273570	n/a
133.58740234375	0.3	1.0	2	273587	n/a
133.595703125	0.3	0.0	1	273604	n/a
133.60400390625	0.3	1.0	2	273621	n/a
133.6123046875	0.3	0.0	1	273638	n/a
133.62109375	0.3	1.0	2	273656	n/a
133.62939453125	0.3	1.0	2	273673	n/a
133.6376953125	0.3	0.0	1	273690	n/a
133.64599609375	0.3	1.0	2	273707	n/a
133.654296875	0.3	0.0	1	273724	n/a
133.66259765625	0.3	0.0	1	273741	n/a
133.6708984375	0.3	1.0	2	273758	n/a
133.67919921875	0.3	0.0	1	273775	n/a
133.6875	0.3	1.0	2	273792	n/a
133.69580078125	0.3	1.0	2	273809	n/a
133.7041015625	0.3	0.0	1	273826	n/a
133.71240234375	0.3	0.0	1	273843	n/a
133.720703125	0.3	1.0	2	273860	n/a
133.72900390625	0.3	1.0	2	273877	n/a
133.7373046875	0.3	0.0	1	273894	n/a
133.74609375	0.3	0.0	1	273912	n/a
133.75439453125	0.3	1.0	2	273929	n/a
133.7626953125	0.3	1.0	2	273946	n/a
133.77099609375	0.3	0.0	1	273963	n/a
133.779296875	0.3	1.0	2	273980	n/a
133.78759765625	0.3	0.0	1	273997	n/a
133.7958984375	0.3	0.0	1	274014	n/a
133.80419921875	0.3	1.0	2	274031	n/a
133.8125	0.3	1.0	2	274048	n/a
133.82080078125	0.3	0.0	1	274065	n/a
133.8291015625	0.3	1.0	2	274082	n/a
133.83740234375	0.3	0.0	1	274099	n/a
133.845703125	0.3	1.0	2	274116	n/a
133.85400390625	0.3	0.0	1	274133	n/a
133.8623046875	0.3	0.0	1	274150	n/a
133.87109375	0.3	1.0	2	274168	n/a
133.87939453125	0.3	1.0	2	274185	n/a
133.8876953125	0.3	0.0	1	274202	n/a
133.89599609375	0.3	1.0	2	274219	n/a
133.904296875	0.3	0.0	1	274236	n/a
133.91259765625	0.3	1.0	2	274253	n/a
133.9208984375	0.3	0.0	1	274270	n/a
133.92919921875	0.3	1.0	2	274287	n/a
133.9375	0.3	0.0	1	274304	n/a
133.94580078125	0.3	1.0	2	274321	n/a
133.9541015625	0.3	0.0	1	274338	n/a
133.96240234375	0.3	0.0	1	274355	n/a
133.970703125	0.3	1.0	2	274372	n/a
133.97900390625	0.3	0.0	1	274389	n/a
133.9873046875	0.3	1.0	2	274406	n/a
133.99609375	0.3	1.0	2	274424	n/a
134.00439453125	0.3	0.0	1	274441	n/a
134.0126953125	0.3	0.0	1	274458	n/a
134.02099609375	0.3	1.0	2	274475	n/a
134.029296875	0.3	1.0	2	274492	n/a
134.03759765625	0.3	0.0	1	274509	n/a
134.0458984375	0.3	0.0	1	274526	n/a
134.05419921875	0.3	1.0	2	274543	n/a
134.0625	0.3	1.0	2	274560	n/a
134.07080078125	0.3	0.0	1	274577	n/a
134.0791015625	0.3	1.0	2	274594	n/a
134.08740234375	0.3	0.0	1	274611	n/a
134.095703125	0.3	1.0	2	274628	n/a
134.10400390625	0.3	0.0	1	274645	n/a
134.1123046875	0.3	0.0	1	274662	n/a
134.12109375	0.3	1.0	2	274680	n/a
136.54638671875	0.3	0.0	1	279647	1.0
136.5546875	0.3	1.0	2	279664	n/a
136.56298828125	0.3	0.0	1	279681	n/a
136.5712890625	0.3	1.0	2	279698	n/a
136.57958984375	0.3	0.0	1	279715	n/a
136.587890625	0.3	1.0	2	279732	n/a
136.59619140625	0.3	0.0	1	279749	n/a
136.6044921875	0.3	1.0	2	279766	n/a
136.61328125	0.3	0.0	1	279784	n/a
136.62158203125	0.3	1.0	2	279801	n/a
136.6298828125	0.3	1.0	2	279818	n/a
136.63818359375	0.3	0.0	1	279835	n/a
136.646484375	0.3	1.0	2	279852	n/a
136.65478515625	0.3	0.0	1	279869	n/a
136.6630859375	0.3	1.0	2	279886	n/a
136.67138671875	0.3	0.0	1	279903	n/a
136.6796875	0.3	0.0	1	279920	n/a
136.68798828125	0.3	1.0	2	279937	n/a
136.6962890625	0.3	1.0	2	279954	n/a
136.70458984375	0.3	0.0	1	279971	n/a
136.712890625	0.3	1.0	2	279988	n/a
136.72119140625	0.3	0.0	1	280005	n/a
136.7294921875	0.3	0.0	1	280022	n/a
136.73828125	0.3	1.0	2	280040	n/a
136.74658203125	0.3	0.0	1	280057	n/a
136.7548828125	0.3	1.0	2	280074	n/a
136.76318359375	0.3	1.0	2	280091	n/a
136.771484375	0.3	0.0	1	280108	n/a
136.77978515625	0.3	1.0	2	280125	n/a
136.7880859375	0.3	0.0	1	280142	n/a
136.79638671875	0.3	0.0	1	280159	n/a
136.8046875	0.3	1.0	2	280176	n/a
136.81298828125	0.3	0.0	1	280193	n/a
136.8212890625	0.3	1.0	2	280210	n/a
136.82958984375	0.3	1.0	2	280227	n/a
136.837890625	0.3	0.0	1	280244	n/a
136.84619140625	0.3	1.0	2	280261	n/a
136.8544921875	0.3	0.0	1	280278	n/a
136.86328125	0.3	1.0	2	280296	n/a
136.87158203125	0.3	0.0	1	280313	n/a
136.8798828125	0.3	1.0	2	280330	n/a
136.88818359375	0.3	0.0	1	280347	n/a
136.896484375	0.3	1.0	2	280364	n/a
136.90478515625	0.3	0.0	1	280381	n/a
136.9130859375	0.3	1.0	2	280398	n/a
136.92138671875	0.3	0.0	1	280415	n/a
136.9296875	0.3	1.0	2	280432	n/a
136.93798828125	0.3	0.0	1	280449	n/a
136.9462890625	0.3	1.0	2	280466	n/a
136.95458984375	0.3	0.0	1	280483	n/a
136.962890625	0.3	1.0	2	280500	n/a
136.97119140625	0.3	0.0	1	280517	n/a
136.9794921875	0.3	0.0	1	280534	n/a
136.98828125	0.3	1.0	2	280552	n/a
136.99658203125	0.3	0.0	1	280569	n/a
137.0048828125	0.3	1.0	2	280586	n/a
137.01318359375	0.3	1.0	2	280603	n/a
137.021484375	0.3	0.0	1	280620	n/a
137.02978515625	0.3	1.0	2	280637	n/a
137.0380859375	0.3	0.0	1	280654	n/a
137.04638671875	0.3	0.0	1	280671	n/a
137.0546875	0.3	1.0	2	280688	n/a
137.06298828125	0.3	1.0	2	280705	n/a
137.0712890625	0.3	0.0	1	280722	n/a
137.07958984375	0.3	0.0	1	280739	n/a
137.087890625	0.3	1.0	2	280756	n/a
137.09619140625	0.3	1.0	2	280773	n/a
137.1044921875	0.3	0.0	1	280790	n/a
137.11328125	0.3	1.0	2	280808	n/a
137.12158203125	0.3	0.0	1	280825	n/a
137.1298828125	0.3	1.0	2	280842	n/a
137.13818359375	0.3	0.0	1	280859	n/a
137.146484375	0.3	1.0	2	280876	n/a
137.15478515625	0.3	0.0	1	280893	n/a
137.1630859375	0.3	1.0	2	280910	n/a
137.17138671875	0.3	0.0	1	280927	n/a
137.1796875	0.3	0.0	1	280944	n/a
137.18798828125	0.3	1.0	2	280961	n/a
137.1962890625	0.3	0.0	1	280978	n/a
137.20458984375	0.3	1.0	2	280995	n/a
137.212890625	0.3	1.0	2	281012	n/a
137.22119140625	0.3	0.0	1	281029	n/a
137.2294921875	0.3	0.0	1	281046	n/a
137.23828125	0.3	1.0	2	281064	n/a
137.24658203125	0.3	0.0	1	281081	n/a
137.2548828125	0.3	1.0	2	281098	n/a
137.26318359375	0.3	0.0	1	281115	n/a
137.271484375	0.3	1.0	2	281132	n/a
137.27978515625	0.3	0.0	1	281149	n/a
137.2880859375	0.3	1.0	2	281166	n/a
137.29638671875	0.3	0.0	1	281183	n/a
137.3046875	0.3	1.0	2	281200	n/a
137.31298828125	0.3	0.0	1	281217	n/a
137.3212890625	0.3	1.0	2	281234	n/a
137.32958984375	0.3	0.0	1	281251	n/a
137.337890625	0.3	1.0	2	281268	n/a
137.34619140625	0.3	0.0	1	281285	n/a
137.3544921875	0.3	1.0	2	281302	n/a
137.36328125	0.3	1.0	2	281320	n/a
137.37158203125	0.3	0.0	1	281337	n/a
137.3798828125	0.3	0.0	1	281354	n/a
137.38818359375	0.3	1.0	2	281371	n/a
137.396484375	0.3	0.0	1	281388	n/a
137.40478515625	0.3	1.0	2	281405	n/a
137.4130859375	0.3	1.0	2	281422	n/a
137.42138671875	0.3	0.0	1	281439	n/a
137.4296875	0.3	1.0	2	281456	n/a
137.43798828125	0.3	0.0	1	281473	n/a
137.4462890625	0.3	0.0	1	281490	n/a
137.45458984375	0.3	1.0	2	281507	n/a
137.462890625	0.3	1.0	2	281524	n/a
137.47119140625	0.3	0.0	1	281541	n/a
137.4794921875	0.3	1.0	2	281558	n/a
137.48828125	0.3	0.0	1	281576	n/a
137.49658203125	0.3	0.0	1	281593	n/a
137.5048828125	0.3	1.0	2	281610	n/a
137.51318359375	0.3	0.0	1	281627	n/a
137.521484375	0.3	1.0	2	281644	n/a
137.52978515625	0.3	0.0	1	281661	n/a
137.5380859375	0.3	1.0	2	281678	n/a
137.54638671875	0.3	0.0	1	281695	n/a
137.5546875	0.3	1.0	2	281712	n/a
137.56298828125	0.3	1.0	2	281729	n/a
137.5712890625	0.3	0.0	1	281746	n/a
137.57958984375	0.3	0.0	1	281763	n/a
137.587890625	0.3	1.0	2	281780	n/a
137.59619140625	0.3	0.0	1	281797	n/a
137.6044921875	0.3	1.0	2	281814	n/a
137.61328125	0.3	0.0	1	281832	n/a
137.62158203125	0.3	1.0	2	281849	n/a
137.6298828125	0.3	0.0	1	281866	n/a
137.63818359375	0.3	1.0	2	281883	n/a
137.646484375	0.3	0.0	1	281900	n/a
137.65478515625	0.3	1.0	2	281917	n/a
137.6630859375	0.3	0.0	1	281934	n/a
137.67138671875	0.3	1.0	2	281951	n/a
137.6796875	0.3	1.0	2	281968	n/a
137.68798828125	0.3	0.0	1	281985	n/a
137.6962890625	0.3	1.0	2	282002	n/a
137.70458984375	0.3	0.0	1	282019	n/a
137.712890625	0.3	1.0	2	282036	n/a
137.72119140625	0.3	0.0	1	282053	n/a
137.7294921875	0.3	0.0	1	282070	n/a
137.73828125	0.3	1.0	2	282088	n/a
137.74658203125	0.3	1.0	2	282105	n/a
137.7548828125	0.3	0.0	1	282122	n/a
137.76318359375	0.3	1.0	2	282139	n/a
137.771484375	0.3	0.0	1	282156	n/a
137.77978515625	0.3	0.0	1	282173	n/a
137.7880859375	0.3	1.0	2	282190	n/a
137.79638671875	0.3	0.0	1	282207	n/a
137.8046875	0.3	1.0	2	282224	n/a
137.81298828125	0.3	1.0	2	282241	n/a
137.8212890625	0.3	0.0	1	282258	n/a
137.82958984375	0.3	1.0	2	282275	n/a
137.837890625	0.3	0.0	1	282292	n/a
137.84619140625	0.3	0.0	1	282309	n/a
137.8544921875	0.3	1.0	2	282326	n/a
137.86328125	0.3	0.0	1	282344	n/a
137.87158203125	0.3	1.0	2	282361	n/a
137.8798828125	0.3	1.0	2	282378	n/a
137.88818359375	0.3	0.0	1	282395	n/a
137.896484375	0.3	1.0	2	282412	n/a
137.90478515625	0.3	0.0	1	282429	n/a
137.9130859375	0.3	1.0	2	282446	n/a
137.92138671875	0.3	0.0	1	282463	n/a
137.9296875	0.3	1.0	2	282480	n/a
137.93798828125	0.3	0.0	1	282497	n/a
137.9462890625	0.3	1.0	2	282514	n/a
137.95458984375	0.3	0.0	1	282531	n/a
137.962890625	0.3	1.0	2	282548	n/a
137.97119140625	0.3	0.0	1	282565	n/a
137.9794921875	0.3	1.0	2	282582	n/a
137.98828125	0.3	0.0	1	282600	n/a
137.99658203125	0.3	1.0	2	282617	n/a
138.0048828125	0.3	0.0	1	282634	n/a
138.01318359375	0.3	1.0	2	282651	n/a
138.021484375	0.3	0.0	1	282668	n/a
138.02978515625	0.3	0.0	1	282685	n/a
138.0380859375	0.3	1.0	2	282702	n/a
138.04638671875	0.3	0.0	1	282719	n/a
138.0546875	0.3	1.0	2	282736	n/a
138.06298828125	0.3	1.0	2	282753	n/a
138.0712890625	0.3	0.0	1	282770	n/a
138.07958984375	0.3	1.0	2	282787	n/a
138.087890625	0.3	0.0	1	282804	n/a
138.09619140625	0.3	0.0	1	282821	n/a
138.1044921875	0.3	1.0	2	282838	n/a
138.11328125	0.3	1.0	2	282856	n/a
138.12158203125	0.3	0.0	1	282873	n/a
138.1298828125	0.3	0.0	1	282890	n/a
138.13818359375	0.3	1.0	2	282907	n/a
138.146484375	0.3	1.0	2	282924	n/a
138.15478515625	0.3	0.0	1	282941	n/a
138.1630859375	0.3	1.0	2	282958	n/a
138.17138671875	0.3	0.0	1	282975	n/a
138.1796875	0.3	1.0	2	282992	n/a
138.18798828125	0.3	0.0	1	283009	n/a
138.1962890625	0.3	1.0	2	283026	n/a
138.20458984375	0.3	0.0	1	283043	n/a
138.212890625	0.3	1.0	2	283060	n/a
138.22119140625	0.3	0.0	1	283077	n/a
138.2294921875	0.3	0.0	1	283094	n/a
138.23828125	0.3	1.0	2	283112	n/a
138.24658203125	0.3	0.0	1	283129	n/a
138.2548828125	0.3	1.0	2	283146	n/a
138.26318359375	0.3	1.0	2	283163	n/a
138.271484375	0.3	0.0	1	283180	n/a
138.27978515625	0.3	0.0	1	283197	n/a
138.2880859375	0.3	1.0	2	283214	n/a
138.29638671875	0.3	0.0	1	283231	n/a
138.3046875	0.3	1.0	2	283248	n/a
138.31298828125	0.3	0.0	1	283265	n/a
138.3212890625	0.3	1.0	2	283282	n/a
138.32958984375	0.3	0.0	1	283299	n/a
138.337890625	0.3	1.0	2	283316	n/a
138.34619140625	0.3	0.0	1	283333	n/a
138.3544921875	0.3	1.0	2	283350	n/a
138.36328125	0.3	0.0	1	283368	n/a
138.37158203125	0.3	1.0	2	283385	n/a
138.3798828125	0.3	0.0	1	283402	n/a
138.38818359375	0.3	1.0	2	283419	n/a
138.396484375	0.3	0.0	1	283436	n/a
138.40478515625	0.3	1.0	2	283453	n/a
138.4130859375	0.3	1.0	2	283470	n/a
138.42138671875	0.3	0.0	1	283487	n/a
138.4296875	0.3	0.0	1	283504	n/a
138.43798828125	0.3	1.0	2	283521	n/a
138.4462890625	0.3	0.0	1	283538	n/a
138.45458984375	0.3	1.0	2	283555	n/a
138.462890625	0.3	1.0	2	283572	n/a
138.47119140625	0.3	0.0	1	283589	n/a
138.4794921875	0.3	1.0	2	283606	n/a
138.48828125	0.3	0.0	1	283624	n/a
138.49658203125	0.3	0.0	1	283641	n/a
138.5048828125	0.3	1.0	2	283658	n/a
138.51318359375	0.3	1.0	2	283675	n/a
138.521484375	0.3	0.0	1	283692	n/a
138.52978515625	0.3	1.0	2	283709	n/a
138.5380859375	0.3	0.0	1	283726	n/a
138.54638671875	0.3	0.0	1	283743	n/a
138.5546875	0.3	1.0	2	283760	n/a
138.56298828125	0.3	0.0	1	283777	n/a
138.5712890625	0.3	1.0	2	283794	n/a
138.57958984375	0.3	0.0	1	283811	n/a
138.587890625	0.3	1.0	2	283828	n/a
138.59619140625	0.3	0.0	1	283845	n/a
138.6044921875	0.3	1.0	2	283862	n/a
138.61328125	0.3	1.0	2	283880	n/a
138.62158203125	0.3	0.0	1	283897	n/a
138.6298828125	0.3	0.0	1	283914	n/a
138.63818359375	0.3	1.0	2	283931	n/a
138.646484375	0.3	0.0	1	283948	n/a
138.65478515625	0.3	1.0	2	283965	n/a
138.6630859375	0.3	0.0	1	283982	n/a
138.67138671875	0.3	1.0	2	283999	n/a
138.6796875	0.3	0.0	1	284016	n/a
138.68798828125	0.3	1.0	2	284033	n/a
138.6962890625	0.3	0.0	1	284050	n/a
138.70458984375	0.3	1.0	2	284067	n/a
138.712890625	0.3	0.0	1	284084	n/a
138.72119140625	0.3	1.0	2	284101	n/a
138.7294921875	0.3	1.0	2	284118	n/a
138.73828125	0.3	0.0	1	284136	n/a
138.74658203125	0.3	1.0	2	284153	n/a
138.7548828125	0.3	0.0	1	284170	n/a
138.76318359375	0.3	1.0	2	284187	n/a
138.771484375	0.3	0.0	1	284204	n/a
138.77978515625	0.3	0.0	1	284221	n/a
138.7880859375	0.3	1.0	2	284238	n/a
138.79638671875	0.3	1.0	2	284255	n/a
138.8046875	0.3	0.0	1	284272	n/a
138.81298828125	0.3	1.0	2	284289	n/a
138.8212890625	0.3	0.0	1	284306	n/a
138.82958984375	0.3	0.0	1	284323	n/a
138.837890625	0.3	1.0	2	284340	n/a
138.84619140625	0.3	0.0	1	284357	n/a
138.8544921875	0.3	1.0	2	284374	n/a
138.86328125	0.3	1.0	2	284392	n/a
138.87158203125	0.3	0.0	1	284409	n/a
138.8798828125	0.3	1.0	2	284426	n/a
138.88818359375	0.3	0.0	1	284443	n/a
138.896484375	0.3	0.0	1	284460	n/a
138.90478515625	0.3	1.0	2	284477	n/a
138.9130859375	0.3	0.0	1	284494	n/a
138.92138671875	0.3	1.0	2	284511	n/a
138.9296875	0.3	1.0	2	284528	n/a
138.93798828125	0.3	0.0	1	284545	n/a
138.9462890625	0.3	1.0	2	284562	n/a
138.95458984375	0.3	0.0	1	284579	n/a
138.962890625	0.3	1.0	2	284596	n/a
138.97119140625	0.3	0.0	1	284613	n/a
138.9794921875	0.3	1.0	2	284630	n/a
138.98828125	0.3	0.0	1	284648	n/a
138.99658203125	0.3	1.0	2	284665	n/a
139.0048828125	0.3	0.0	1	284682	n/a
139.01318359375	0.3	1.0	2	284699	n/a
139.021484375	0.3	0.0	1	284716	n/a
139.02978515625	0.3	1.0	2	284733	n/a
139.0380859375	0.3	0.0	1	284750	n/a
139.04638671875	0.3	1.0	2	284767	n/a
139.0546875	0.3	0.0	1	284784	n/a
139.06298828125	0.3	1.0	2	284801	n/a
139.0712890625	0.3	0.0	1	284818	n/a
139.07958984375	0.3	0.0	1	284835	n/a
139.087890625	0.3	1.0	2	284852	n/a
139.09619140625	0.3	0.0	1	284869	n/a
139.1044921875	0.3	1.0	2	284886	n/a
139.11328125	0.3	1.0	2	284904	n/a
139.12158203125	0.3	0.0	1	284921	n/a
139.1298828125	0.3	1.0	2	284938	n/a
139.13818359375	0.3	0.0	1	284955	n/a
139.146484375	0.3	0.0	1	284972	n/a
139.15478515625	0.3	1.0	2	284989	n/a
139.1630859375	0.3	1.0	2	285006	n/a
139.17138671875	0.3	0.0	1	285023	n/a
139.1796875	0.3	0.0	1	285040	n/a
139.18798828125	0.3	1.0	2	285057	n/a
139.1962890625	0.3	1.0	2	285074	n/a
139.20458984375	0.3	0.0	1	285091	n/a
139.212890625	0.3	1.0	2	285108	n/a
139.22119140625	0.3	0.0	1	285125	n/a
139.2294921875	0.3	1.0	2	285142	n/a
139.23828125	0.3	0.0	1	285160	n/a
139.24658203125	0.3	1.0	2	285177	n/a
139.2548828125	0.3	0.0	1	285194	n/a
139.26318359375	0.3	1.0	2	285211	n/a
139.271484375	0.3	0.0	1	285228	n/a
139.27978515625	0.3	0.0	1	285245	n/a
139.2880859375	0.3	1.0	2	285262	n/a
139.29638671875	0.3	0.0	1	285279	n/a
139.3046875	0.3	1.0	2	285296	n/a
139.31298828125	0.3	1.0	2	285313	n/a
139.3212890625	0.3	0.0	1	285330	n/a
139.32958984375	0.3	0.0	1	285347	n/a
139.337890625	0.3	1.0	2	285364	n/a
139.34619140625	0.3	0.0	1	285381	n/a
139.3544921875	0.3	1.0	2	285398	n/a
139.36328125	0.3	0.0	1	285416	n/a
139.37158203125	0.3	1.0	2	285433	n/a
139.3798828125	0.3	0.0	1	285450	n/a
139.38818359375	0.3	1.0	2	285467	n/a
139.396484375	0.3	0.0	1	285484	n/a
139.40478515625	0.3	1.0	2	285501	n/a
139.4130859375	0.3	0.0	1	285518	n/a
139.42138671875	0.3	1.0	2	285535	n/a
139.4296875	0.3	0.0	1	285552	n/a
139.43798828125	0.3	1.0	2	285569	n/a
139.4462890625	0.3	0.0	1	285586	n/a
139.45458984375	0.3	1.0	2	285603	n/a
139.462890625	0.3	1.0	2	285620	n/a
139.47119140625	0.3	0.0	1	285637	n/a
139.4794921875	0.3	0.0	1	285654	n/a
139.48828125	0.3	1.0	2	285672	n/a
139.49658203125	0.3	0.0	1	285689	n/a
139.5048828125	0.3	1.0	2	285706	n/a
139.51318359375	0.3	1.0	2	285723	n/a
139.521484375	0.3	0.0	1	285740	n/a
139.52978515625	0.3	1.0	2	285757	n/a
139.5380859375	0.3	0.0	1	285774	n/a
139.54638671875	0.3	0.0	1	285791	n/a
139.5546875	0.3	1.0	2	285808	n/a
139.56298828125	0.3	1.0	2	285825	n/a
139.5712890625	0.3	0.0	1	285842	n/a
139.57958984375	0.3	1.0	2	285859	n/a
139.587890625	0.3	0.0	1	285876	n/a
139.59619140625	0.3	0.0	1	285893	n/a
139.6044921875	0.3	1.0	2	285910	n/a
139.61328125	0.3	0.0	1	285928	n/a
139.62158203125	0.3	1.0	2	285945	n/a
139.6298828125	0.3	0.0	1	285962	n/a
139.63818359375	0.3	1.0	2	285979	n/a
139.646484375	0.3	0.0	1	285996	n/a
139.65478515625	0.3	1.0	2	286013	n/a
139.6630859375	0.3	1.0	2	286030	n/a
139.67138671875	0.3	0.0	1	286047	n/a
139.6796875	0.3	0.0	1	286064	n/a
139.68798828125	0.3	1.0	2	286081	n/a
139.6962890625	0.3	0.0	1	286098	n/a
139.70458984375	0.3	1.0	2	286115	n/a
139.712890625	0.3	0.0	1	286132	n/a
139.72119140625	0.3	1.0	2	286149	n/a
139.7294921875	0.3	0.0	1	286166	n/a
139.73828125	0.3	1.0	2	286184	n/a
139.74658203125	0.3	0.0	1	286201	n/a
139.7548828125	0.3	1.0	2	286218	n/a
139.76318359375	0.3	0.0	1	286235	n/a
139.771484375	0.3	1.0	2	286252	n/a
139.77978515625	0.3	1.0	2	286269	n/a
139.7880859375	0.3	0.0	1	286286	n/a
139.79638671875	0.3	1.0	2	286303	n/a
139.8046875	0.3	0.0	1	286320	n/a
139.81298828125	0.3	1.0	2	286337	n/a
139.8212890625	0.3	0.0	1	286354	n/a
139.82958984375	0.3	0.0	1	286371	n/a
139.837890625	0.3	1.0	2	286388	n/a
139.84619140625	0.3	1.0	2	286405	n/a
139.8544921875	0.3	0.0	1	286422	n/a
139.86328125	0.3	1.0	2	286440	n/a
139.87158203125	0.3	0.0	1	286457	n/a
139.8798828125	0.3	0.0	1	286474	n/a
139.88818359375	0.3	1.0	2	286491	n/a
139.896484375	0.3	0.0	1	286508	n/a
139.90478515625	0.3	1.0	2	286525	n/a
139.9130859375	0.3	1.0	2	286542	n/a
139.92138671875	0.3	0.0	1	286559	n/a
139.9296875	0.3	1.0	2	286576	n/a
139.93798828125	0.3	0.0	1	286593	n/a
139.9462890625	0.3	0.0	1	286610	n/a
139.95458984375	0.3	1.0	2	286627	n/a
139.962890625	0.3	0.0	1	286644	n/a
139.97119140625	0.3	1.0	2	286661	n/a
139.9794921875	0.3	1.0	2	286678	n/a
139.98828125	0.3	0.0	1	286696	n/a
139.99658203125	0.3	1.0	2	286713	n/a
140.0048828125	0.3	0.0	1	286730	n/a
140.01318359375	0.3	1.0	2	286747	n/a
140.021484375	0.3	0.0	1	286764	n/a
140.02978515625	0.3	1.0	2	286781	n/a
140.0380859375	0.3	0.0	1	286798	n/a
140.04638671875	0.3	1.0	2	286815	n/a
140.0546875	0.3	0.0	1	286832	n/a
140.06298828125	0.3	1.0	2	286849	n/a
140.0712890625	0.3	0.0	1	286866	n/a
140.07958984375	0.3	1.0	2	286883	n/a
140.087890625	0.3	0.0	1	286900	n/a
140.09619140625	0.3	1.0	2	286917	n/a
140.1044921875	0.3	0.0	1	286934	n/a
140.11328125	0.3	1.0	2	286952	n/a
140.12158203125	0.3	0.0	1	286969	n/a
140.1298828125	0.3	0.0	1	286986	n/a
140.13818359375	0.3	1.0	2	287003	n/a
140.146484375	0.3	0.0	1	287020	n/a
140.15478515625	0.3	1.0	2	287037	n/a
140.1630859375	0.3	1.0	2	287054	n/a
140.17138671875	0.3	0.0	1	287071	n/a
140.1796875	0.3	1.0	2	287088	n/a
140.18798828125	0.3	0.0	1	287105	n/a
140.1962890625	0.3	0.0	1	287122	n/a
140.20458984375	0.3	1.0	2	287139	n/a
140.212890625	0.3	1.0	2	287156	n/a
140.22119140625	0.3	0.0	1	287173	n/a
140.2294921875	0.3	0.0	1	287190	n/a
140.23828125	0.3	1.0	2	287208	n/a
140.24658203125	0.3	1.0	2	287225	n/a
140.2548828125	0.3	0.0	1	287242	n/a
140.26318359375	0.3	1.0	2	287259	n/a
140.271484375	0.3	0.0	1	287276	n/a
140.27978515625	0.3	1.0	2	287293	n/a
140.2880859375	0.3	0.0	1	287310	n/a
140.29638671875	0.3	1.0	2	287327	n/a
140.3046875	0.3	0.0	1	287344	n/a
140.31298828125	0.3	1.0	2	287361	n/a
140.3212890625	0.3	0.0	1	287378	n/a
140.32958984375	0.3	0.0	1	287395	n/a
140.337890625	0.3	1.0	2	287412	n/a
140.34619140625	0.3	0.0	1	287429	n/a
140.3544921875	0.3	1.0	2	287446	n/a
140.36328125	0.3	1.0	2	287464	n/a
140.37158203125	0.3	0.0	1	287481	n/a
140.3798828125	0.3	0.0	1	287498	n/a
140.38818359375	0.3	1.0	2	287515	n/a
140.396484375	0.3	0.0	1	287532	n/a
140.40478515625	0.3	1.0	2	287549	n/a
140.4130859375	0.3	0.0	1	287566	n/a
140.42138671875	0.3	1.0	2	287583	n/a
140.4296875	0.3	0.0	1	287600	n/a
140.43798828125	0.3	1.0	2	287617	n/a
140.4462890625	0.3	0.0	1	287634	n/a
140.45458984375	0.3	1.0	2	287651	n/a
140.462890625	0.3	0.0	1	287668	n/a
140.47119140625	0.3	1.0	2	287685	n/a
140.4794921875	0.3	0.0	1	287702	n/a
140.48828125	0.3	1.0	2	287720	n/a
140.49658203125	0.3	0.0	1	287737	n/a
140.5048828125	0.3	1.0	2	287754	n/a
140.51318359375	0.3	1.0	2	287771	n/a
140.521484375	0.3	0.0	1	287788	n/a
140.52978515625	0.3	0.0	1	287805	n/a
140.5380859375	0.3	1.0	2	287822	n/a
140.54638671875	0.3	0.0	1	287839	n/a
140.5546875	0.3	1.0	2	287856	n/a
140.56298828125	0.3	1.0	2	287873	n/a
140.5712890625	0.3	0.0	1	287890	n/a
140.57958984375	0.3	1.0	2	287907	n/a
140.587890625	0.3	0.0	1	287924	n/a
140.59619140625	0.3	0.0	1	287941	n/a
140.6044921875	0.3	1.0	2	287958	n/a
140.61328125	0.3	1.0	2	287976	n/a
140.62158203125	0.3	0.0	1	287993	n/a
140.6298828125	0.3	1.0	2	288010	n/a
140.63818359375	0.3	0.0	1	288027	n/a
140.646484375	0.3	0.0	1	288044	n/a
140.65478515625	0.3	1.0	2	288061	n/a
140.6630859375	0.3	0.0	1	288078	n/a
140.67138671875	0.3	1.0	2	288095	n/a
140.6796875	0.3	0.0	1	288112	n/a
140.68798828125	0.3	1.0	2	288129	n/a
140.6962890625	0.3	0.0	1	288146	n/a
140.70458984375	0.3	1.0	2	288163	n/a
140.712890625	0.3	1.0	2	288180	n/a
140.72119140625	0.3	0.0	1	288197	n/a
140.7294921875	0.3	0.0	1	288214	n/a
140.73828125	0.3	1.0	2	288232	n/a
143.13818359375	0.3	1.0	2	293147	2.0
143.146484375	0.3	0.0	1	293164	n/a
143.15478515625	0.3	1.0	2	293181	n/a
143.1630859375	0.3	0.0	1	293198	n/a
143.17138671875	0.3	1.0	2	293215	n/a
143.1796875	0.3	0.0	1	293232	n/a
143.18798828125	0.3	1.0	2	293249	n/a
143.1962890625	0.3	0.0	1	293266	n/a
143.205078125	0.3	0.0	1	293284	n/a
143.21337890625	0.3	1.0	2	293301	n/a
143.2216796875	0.3	1.0	2	293318	n/a
143.22998046875	0.3	0.0	1	293335	n/a
143.23828125	0.3	0.0	1	293352	n/a
143.24658203125	0.3	1.0	2	293369	n/a
143.2548828125	0.3	1.0	2	293386	n/a
143.26318359375	0.3	0.0	1	293403	n/a
143.271484375	0.3	1.0	2	293420	n/a
143.27978515625	0.3	0.0	1	293437	n/a
143.2880859375	0.3	1.0	2	293454	n/a
143.29638671875	0.3	0.0	1	293471	n/a
143.3046875	0.3	0.0	1	293488	n/a
143.31298828125	0.3	1.0	2	293505	n/a
143.3212890625	0.3	0.0	1	293522	n/a
143.330078125	0.3	1.0	2	293540	n/a
143.33837890625	0.3	0.0	1	293557	n/a
143.3466796875	0.3	1.0	2	293574	n/a
143.35498046875	0.3	1.0	2	293591	n/a
143.36328125	0.3	0.0	1	293608	n/a
143.37158203125	0.3	0.0	1	293625	n/a
143.3798828125	0.3	1.0	2	293642	n/a
143.38818359375	0.3	1.0	2	293659	n/a
143.396484375	0.3	0.0	1	293676	n/a
143.40478515625	0.3	0.0	1	293693	n/a
143.4130859375	0.3	1.0	2	293710	n/a
143.42138671875	0.3	1.0	2	293727	n/a
143.4296875	0.3	0.0	1	293744	n/a
143.43798828125	0.3	0.0	1	293761	n/a
143.4462890625	0.3	1.0	2	293778	n/a
143.455078125	0.3	0.0	1	293796	n/a
143.46337890625	0.3	1.0	2	293813	n/a
143.4716796875	0.3	0.0	1	293830	n/a
143.47998046875	0.3	1.0	2	293847	n/a
143.48828125	0.3	0.0	1	293864	n/a
143.49658203125	0.3	1.0	2	293881	n/a
143.5048828125	0.3	1.0	2	293898	n/a
143.51318359375	0.3	0.0	1	293915	n/a
143.521484375	0.3	0.0	1	293932	n/a
143.52978515625	0.3	1.0	2	293949	n/a
143.5380859375	0.3	0.0	1	293966	n/a
143.54638671875	0.3	1.0	2	293983	n/a
143.5546875	0.3	0.0	1	294000	n/a
143.56298828125	0.3	1.0	2	294017	n/a
143.5712890625	0.3	0.0	1	294034	n/a
143.580078125	0.3	1.0	2	294052	n/a
143.58837890625	0.3	1.0	2	294069	n/a
143.5966796875	0.3	0.0	1	294086	n/a
143.60498046875	0.3	1.0	2	294103	n/a
143.61328125	0.3	0.0	1	294120	n/a
143.62158203125	0.3	0.0	1	294137	n/a
143.6298828125	0.3	1.0	2	294154	n/a
143.63818359375	0.3	1.0	2	294171	n/a
143.646484375	0.3	0.0	1	294188	n/a
143.65478515625	0.3	1.0	2	294205	n/a
143.6630859375	0.3	0.0	1	294222	n/a
143.67138671875	0.3	1.0	2	294239	n/a
143.6796875	0.3	0.0	1	294256	n/a
143.68798828125	0.3	1.0	2	294273	n/a
143.6962890625	0.3	0.0	1	294290	n/a
143.705078125	0.3	1.0	2	294308	n/a
143.71337890625	0.3	0.0	1	294325	n/a
143.7216796875	0.3	0.0	1	294342	n/a
143.72998046875	0.3	1.0	2	294359	n/a
143.73828125	0.3	0.0	1	294376	n/a
143.74658203125	0.3	1.0	2	294393	n/a
143.7548828125	0.3	1.0	2	294410	n/a
143.76318359375	0.3	0.0	1	294427	n/a
143.771484375	0.3	1.0	2	294444	n/a
143.77978515625	0.3	0.0	1	294461	n/a
143.7880859375	0.3	1.0	2	294478	n/a
143.79638671875	0.3	0.0	1	294495	n/a
143.8046875	0.3	1.0	2	294512	n/a
143.81298828125	0.3	0.0	1	294529	n/a
143.8212890625	0.3	0.0	1	294546	n/a
143.830078125	0.3	1.0	2	294564	n/a
143.83837890625	0.3	0.0	1	294581	n/a
143.8466796875	0.3	1.0	2	294598	n/a
143.85498046875	0.3	1.0	2	294615	n/a
143.86328125	0.3	0.0	1	294632	n/a
143.87158203125	0.3	0.0	1	294649	n/a
143.8798828125	0.3	1.0	2	294666	n/a
143.88818359375	0.3	0.0	1	294683	n/a
143.896484375	0.3	1.0	2	294700	n/a
143.90478515625	0.3	1.0	2	294717	n/a
143.9130859375	0.3	0.0	1	294734	n/a
143.92138671875	0.3	0.0	1	294751	n/a
143.9296875	0.3	1.0	2	294768	n/a
143.93798828125	0.3	0.0	1	294785	n/a
143.9462890625	0.3	1.0	2	294802	n/a
143.955078125	0.3	1.0	2	294820	n/a
143.96337890625	0.3	0.0	1	294837	n/a
143.9716796875	0.3	0.0	1	294854	n/a
143.97998046875	0.3	1.0	2	294871	n/a
143.98828125	0.3	1.0	2	294888	n/a
143.99658203125	0.3	0.0	1	294905	n/a
144.0048828125	0.3	0.0	1	294922	n/a
144.01318359375	0.3	1.0	2	294939	n/a
144.021484375	0.3	0.0	1	294956	n/a
144.02978515625	0.3	1.0	2	294973	n/a
144.0380859375	0.3	0.0	1	294990	n/a
144.04638671875	0.3	1.0	2	295007	n/a
144.0546875	0.3	1.0	2	295024	n/a
144.06298828125	0.3	0.0	1	295041	n/a
144.0712890625	0.3	1.0	2	295058	n/a
144.080078125	0.3	0.0	1	295076	n/a
144.08837890625	0.3	0.0	1	295093	n/a
144.0966796875	0.3	1.0	2	295110	n/a
144.10498046875	0.3	0.0	1	295127	n/a
144.11328125	0.3	1.0	2	295144	n/a
144.12158203125	0.3	1.0	2	295161	n/a
144.1298828125	0.3	0.0	1	295178	n/a
144.13818359375	0.3	0.0	1	295195	n/a
144.146484375	0.3	1.0	2	295212	n/a
144.15478515625	0.3	0.0	1	295229	n/a
144.1630859375	0.3	1.0	2	295246	n/a
144.17138671875	0.3	1.0	2	295263	n/a
144.1796875	0.3	0.0	1	295280	n/a
144.18798828125	0.3	1.0	2	295297	n/a
144.1962890625	0.3	0.0	1	295314	n/a
144.205078125	0.3	1.0	2	295332	n/a
144.21337890625	0.3	0.0	1	295349	n/a
144.2216796875	0.3	1.0	2	295366	n/a
144.22998046875	0.3	0.0	1	295383	n/a
144.23828125	0.3	1.0	2	295400	n/a
144.24658203125	0.3	0.0	1	295417	n/a
144.2548828125	0.3	0.0	1	295434	n/a
144.26318359375	0.3	1.0	2	295451	n/a
144.271484375	0.3	1.0	2	295468	n/a
144.27978515625	0.3	0.0	1	295485	n/a
144.2880859375	0.3	0.0	1	295502	n/a
144.29638671875	0.3	1.0	2	295519	n/a
144.3046875	0.3	1.0	2	295536	n/a
144.31298828125	0.3	0.0	1	295553	n/a
144.3212890625	0.3	1.0	2	295570	n/a
144.330078125	0.3	0.0	1	295588	n/a
144.33837890625	0.3	1.0	2	295605	n/a
144.3466796875	0.3	0.0	1	295622	n/a
144.35498046875	0.3	0.0	1	295639	n/a
144.36328125	0.3	1.0	2	295656	n/a
144.37158203125	0.3	0.0	1	295673	n/a
144.3798828125	0.3	1.0	2	295690	n/a
144.38818359375	0.3	0.0	1	295707	n/a
144.396484375	0.3	1.0	2	295724	n/a
144.40478515625	0.3	1.0	2	295741	n/a
144.4130859375	0.3	0.0	1	295758	n/a
144.42138671875	0.3	0.0	1	295775	n/a
144.4296875	0.3	1.0	2	295792	n/a
144.43798828125	0.3	1.0	2	295809	n/a
144.4462890625	0.3	0.0	1	295826	n/a
144.455078125	0.3	0.0	1	295844	n/a
144.46337890625	0.3	1.0	2	295861	n/a
144.4716796875	0.3	1.0	2	295878	n/a
144.47998046875	0.3	0.0	1	295895	n/a
144.48828125	0.3	0.0	1	295912	n/a
144.49658203125	0.3	1.0	2	295929	n/a
144.5048828125	0.3	0.0	1	295946	n/a
144.51318359375	0.3	1.0	2	295963	n/a
144.521484375	0.3	0.0	1	295980	n/a
144.52978515625	0.3	1.0	2	295997	n/a
144.5380859375	0.3	0.0	1	296014	n/a
144.54638671875	0.3	1.0	2	296031	n/a
144.5546875	0.3	1.0	2	296048	n/a
144.56298828125	0.3	0.0	1	296065	n/a
144.5712890625	0.3	0.0	1	296082	n/a
144.580078125	0.3	1.0	2	296100	n/a
144.58837890625	0.3	0.0	1	296117	n/a
144.5966796875	0.3	1.0	2	296134	n/a
144.60498046875	0.3	0.0	1	296151	n/a
144.61328125	0.3	1.0	2	296168	n/a
144.62158203125	0.3	0.0	1	296185	n/a
144.6298828125	0.3	1.0	2	296202	n/a
144.63818359375	0.3	1.0	2	296219	n/a
144.646484375	0.3	0.0	1	296236	n/a
144.65478515625	0.3	1.0	2	296253	n/a
144.6630859375	0.3	0.0	1	296270	n/a
144.67138671875	0.3	0.0	1	296287	n/a
144.6796875	0.3	1.0	2	296304	n/a
144.68798828125	0.3	1.0	2	296321	n/a
144.6962890625	0.3	0.0	1	296338	n/a
144.705078125	0.3	1.0	2	296356	n/a
144.71337890625	0.3	0.0	1	296373	n/a
144.7216796875	0.3	1.0	2	296390	n/a
144.72998046875	0.3	0.0	1	296407	n/a
144.73828125	0.3	1.0	2	296424	n/a
144.74658203125	0.3	0.0	1	296441	n/a
144.7548828125	0.3	1.0	2	296458	n/a
144.76318359375	0.3	0.0	1	296475	n/a
144.771484375	0.3	0.0	1	296492	n/a
144.77978515625	0.3	1.0	2	296509	n/a
144.7880859375	0.3	0.0	1	296526	n/a
144.79638671875	0.3	1.0	2	296543	n/a
144.8046875	0.3	1.0	2	296560	n/a
144.81298828125	0.3	0.0	1	296577	n/a
144.8212890625	0.3	1.0	2	296594	n/a
144.830078125	0.3	0.0	1	296612	n/a
144.83837890625	0.3	1.0	2	296629	n/a
144.8466796875	0.3	0.0	1	296646	n/a
144.85498046875	0.3	1.0	2	296663	n/a
144.86328125	0.3	0.0	1	296680	n/a
144.87158203125	0.3	0.0	1	296697	n/a
144.8798828125	0.3	1.0	2	296714	n/a
144.88818359375	0.3	0.0	1	296731	n/a
144.896484375	0.3	1.0	2	296748	n/a
144.90478515625	0.3	1.0	2	296765	n/a
144.9130859375	0.3	0.0	1	296782	n/a
144.92138671875	0.3	0.0	1	296799	n/a
144.9296875	0.3	1.0	2	296816	n/a
144.93798828125	0.3	0.0	1	296833	n/a
144.9462890625	0.3	1.0	2	296850	n/a
144.955078125	0.3	1.0	2	296868	n/a
144.96337890625	0.3	0.0	1	296885	n/a
144.9716796875	0.3	0.0	1	296902	n/a
144.97998046875	0.3	1.0	2	296919	n/a
144.98828125	0.3	0.0	1	296936	n/a
144.99658203125	0.3	1.0	2	296953	n/a
145.0048828125	0.3	1.0	2	296970	n/a
145.01318359375	0.3	0.0	1	296987	n/a
145.021484375	0.3	0.0	1	297004	n/a
145.02978515625	0.3	1.0	2	297021	n/a
145.0380859375	0.3	1.0	2	297038	n/a
145.04638671875	0.3	0.0	1	297055	n/a
145.0546875	0.3	0.0	1	297072	n/a
145.06298828125	0.3	1.0	2	297089	n/a
145.0712890625	0.3	0.0	1	297106	n/a
145.080078125	0.3	1.0	2	297124	n/a
145.08837890625	0.3	0.0	1	297141	n/a
145.0966796875	0.3	1.0	2	297158	n/a
145.10498046875	0.3	1.0	2	297175	n/a
145.11328125	0.3	0.0	1	297192	n/a
145.12158203125	0.3	1.0	2	297209	n/a
145.1298828125	0.3	0.0	1	297226	n/a
145.13818359375	0.3	0.0	1	297243	n/a
145.146484375	0.3	1.0	2	297260	n/a
145.15478515625	0.3	0.0	1	297277	n/a
145.1630859375	0.3	1.0	2	297294	n/a
145.17138671875	0.3	1.0	2	297311	n/a
145.1796875	0.3	0.0	1	297328	n/a
145.18798828125	0.3	0.0	1	297345	n/a
145.1962890625	0.3	1.0	2	297362	n/a
145.205078125	0.3	0.0	1	297380	n/a
145.21337890625	0.3	1.0	2	297397	n/a
145.2216796875	0.3	1.0	2	297414	n/a
145.22998046875	0.3	0.0	1	297431	n/a
145.23828125	0.3	1.0	2	297448	n/a
145.24658203125	0.3	0.0	1	297465	n/a
145.2548828125	0.3	1.0	2	297482	n/a
145.26318359375	0.3	0.0	1	297499	n/a
145.271484375	0.3	1.0	2	297516	n/a
145.27978515625	0.3	0.0	1	297533	n/a
145.2880859375	0.3	1.0	2	297550	n/a
145.29638671875	0.3	0.0	1	297567	n/a
145.3046875	0.3	0.0	1	297584	n/a
145.31298828125	0.3	1.0	2	297601	n/a
145.3212890625	0.3	1.0	2	297618	n/a
145.330078125	0.3	0.0	1	297636	n/a
145.33837890625	0.3	0.0	1	297653	n/a
145.3466796875	0.3	1.0	2	297670	n/a
145.35498046875	0.3	1.0	2	297687	n/a
145.36328125	0.3	0.0	1	297704	n/a
145.37158203125	0.3	1.0	2	297721	n/a
145.3798828125	0.3	0.0	1	297738	n/a
145.38818359375	0.3	1.0	2	297755	n/a
145.396484375	0.3	0.0	1	297772	n/a
145.40478515625	0.3	0.0	1	297789	n/a
145.4130859375	0.3	1.0	2	297806	n/a
145.42138671875	0.3	0.0	1	297823	n/a
145.4296875	0.3	1.0	2	297840	n/a
145.43798828125	0.3	0.0	1	297857	n/a
145.4462890625	0.3	1.0	2	297874	n/a
145.455078125	0.3	1.0	2	297892	n/a
145.46337890625	0.3	0.0	1	297909	n/a
145.4716796875	0.3	0.0	1	297926	n/a
145.47998046875	0.3	1.0	2	297943	n/a
145.48828125	0.3	1.0	2	297960	n/a
145.49658203125	0.3	0.0	1	297977	n/a
145.5048828125	0.3	0.0	1	297994	n/a
145.51318359375	0.3	1.0	2	298011	n/a
145.521484375	0.3	1.0	2	298028	n/a
145.52978515625	0.3	0.0	1	298045	n/a
145.5380859375	0.3	0.0	1	298062	n/a
145.54638671875	0.3	1.0	2	298079	n/a
145.5546875	0.3	0.0	1	298096	n/a
145.56298828125	0.3	1.0	2	298113	n/a
145.5712890625	0.3	0.0	1	298130	n/a
145.580078125	0.3	1.0	2	298148	n/a
145.58837890625	0.3	0.0	1	298165	n/a
145.5966796875	0.3	1.0	2	298182	n/a
145.60498046875	0.3	1.0	2	298199	n/a
145.61328125	0.3	0.0	1	298216	n/a
145.62158203125	0.3	0.0	1	298233	n/a
145.6298828125	0.3	1.0	2	298250	n/a
145.63818359375	0.3	0.0	1	298267	n/a
145.646484375	0.3	1.0	2	298284	n/a
145.65478515625	0.3	0.0	1	298301	n/a
145.6630859375	0.3	1.0	2	298318	n/a
145.67138671875	0.3	0.0	1	298335	n/a
145.6796875	0.3	1.0	2	298352	n/a
145.68798828125	0.3	1.0	2	298369	n/a
145.6962890625	0.3	0.0	1	298386	n/a
145.705078125	0.3	1.0	2	298404	n/a
145.71337890625	0.3	0.0	1	298421	n/a
145.7216796875	0.3	0.0	1	298438	n/a
145.72998046875	0.3	1.0	2	298455	n/a
145.73828125	0.3	1.0	2	298472	n/a
145.74658203125	0.3	0.0	1	298489	n/a
145.7548828125	0.3	1.0	2	298506	n/a
145.76318359375	0.3	0.0	1	298523	n/a
145.771484375	0.3	1.0	2	298540	n/a
145.77978515625	0.3	0.0	1	298557	n/a
145.7880859375	0.3	1.0	2	298574	n/a
145.79638671875	0.3	0.0	1	298591	n/a
145.8046875	0.3	1.0	2	298608	n/a
145.81298828125	0.3	0.0	1	298625	n/a
145.8212890625	0.3	0.0	1	298642	n/a
145.830078125	0.3	1.0	2	298660	n/a
145.83837890625	0.3	0.0	1	298677	n/a
145.8466796875	0.3	1.0	2	298694	n/a
145.85498046875	0.3	1.0	2	298711	n/a
145.86328125	0.3	0.0	1	298728	n/a
145.87158203125	0.3	1.0	2	298745	n/a
145.8798828125	0.3	0.0	1	298762	n/a
145.88818359375	0.3	1.0	2	298779	n/a
145.896484375	0.3	0.0	1	298796	n/a
145.90478515625	0.3	1.0	2	298813	n/a
145.9130859375	0.3	0.0	1	298830	n/a
145.92138671875	0.3	0.0	1	298847	n/a
145.9296875	0.3	1.0	2	298864	n/a
145.93798828125	0.3	0.0	1	298881	n/a
145.9462890625	0.3	1.0	2	298898	n/a
145.955078125	0.3	1.0	2	298916	n/a
145.96337890625	0.3	0.0	1	298933	n/a
145.9716796875	0.3	0.0	1	298950	n/a
145.97998046875	0.3	1.0	2	298967	n/a
145.98828125	0.3	0.0	1	298984	n/a
145.99658203125	0.3	1.0	2	299001	n/a
146.0048828125	0.3	1.0	2	299018	n/a
146.01318359375	0.3	0.0	1	299035	n/a
146.021484375	0.3	0.0	1	299052	n/a
146.02978515625	0.3	1.0	2	299069	n/a
146.0380859375	0.3	0.0	1	299086	n/a
146.04638671875	0.3	1.0	2	299103	n/a
146.0546875	0.3	1.0	2	299120	n/a
146.06298828125	0.3	0.0	1	299137	n/a
146.0712890625	0.3	0.0	1	299154	n/a
146.080078125	0.3	1.0	2	299172	n/a
146.08837890625	0.3	1.0	2	299189	n/a
146.0966796875	0.3	0.0	1	299206	n/a
146.10498046875	0.3	0.0	1	299223	n/a
146.11328125	0.3	1.0	2	299240	n/a
146.12158203125	0.3	0.0	1	299257	n/a
146.1298828125	0.3	1.0	2	299274	n/a
146.13818359375	0.3	0.0	1	299291	n/a
146.146484375	0.3	1.0	2	299308	n/a
146.15478515625	0.3	1.0	2	299325	n/a
146.1630859375	0.3	0.0	1	299342	n/a
146.17138671875	0.3	1.0	2	299359	n/a
146.1796875	0.3	0.0	1	299376	n/a
146.18798828125	0.3	0.0	1	299393	n/a
146.1962890625	0.3	1.0	2	299410	n/a
146.205078125	0.3	0.0	1	299428	n/a
146.21337890625	0.3	1.0	2	299445	n/a
146.2216796875	0.3	1.0	2	299462	n/a
146.22998046875	0.3	0.0	1	299479	n/a
146.23828125	0.3	0.0	1	299496	n/a
146.24658203125	0.3	1.0	2	299513	n/a
146.2548828125	0.3	0.0	1	299530	n/a
146.26318359375	0.3	1.0	2	299547	n/a
146.271484375	0.3	1.0	2	299564	n/a
146.27978515625	0.3	0.0	1	299581	n/a
146.2880859375	0.3	1.0	2	299598	n/a
146.29638671875	0.3	0.0	1	299615	n/a
146.3046875	0.3	1.0	2	299632	n/a
146.31298828125	0.3	0.0	1	299649	n/a
146.3212890625	0.3	1.0	2	299666	n/a
146.330078125	0.3	0.0	1	299684	n/a
146.33837890625	0.3	1.0	2	299701	n/a
146.3466796875	0.3	0.0	1	299718	n/a
146.35498046875	0.3	0.0	1	299735	n/a
146.36328125	0.3	1.0	2	299752	n/a
146.37158203125	0.3	1.0	2	299769	n/a
146.3798828125	0.3	0.0	1	299786	n/a
146.38818359375	0.3	0.0	1	299803	n/a
146.396484375	0.3	1.0	2	299820	n/a
146.40478515625	0.3	1.0	2	299837	n/a
146.4130859375	0.3	0.0	1	299854	n/a
146.42138671875	0.3	1.0	2	299871	n/a
146.4296875	0.3	0.0	1	299888	n/a
146.43798828125	0.3	1.0	2	299905	n/a
146.4462890625	0.3	0.0	1	299922	n/a
146.455078125	0.3	0.0	1	299940	n/a
146.46337890625	0.3	1.0	2	299957	n/a
146.4716796875	0.3	0.0	1	299974	n/a
146.47998046875	0.3	1.0	2	299991	n/a
146.48828125	0.3	0.0	1	300008	n/a
146.49658203125	0.3	1.0	2	300025	n/a
146.5048828125	0.3	1.0	2	300042	n/a
146.51318359375	0.3	0.0	1	300059	n/a
146.521484375	0.3	0.0	1	300076	n/a
146.52978515625	0.3	1.0	2	300093	n/a
146.5380859375	0.3	1.0	2	300110	n/a
146.54638671875	0.3	0.0	1	300127	n/a
146.5546875	0.3	0.0	1	300144	n/a
146.56298828125	0.3	1.0	2	300161	n/a
146.5712890625	0.3	1.0	2	300178	n/a
146.580078125	0.3	0.0	1	300196	n/a
146.58837890625	0.3	0.0	1	300213	n/a
146.5966796875	0.3	1.0	2	300230	n/a
146.60498046875	0.3	0.0	1	300247	n/a
146.61328125	0.3	1.0	2	300264	n/a
146.62158203125	0.3	0.0	1	300281	n/a
146.6298828125	0.3	1.0	2	300298	n/a
146.63818359375	0.3	0.0	1	300315	n/a
146.646484375	0.3	1.0	2	300332	n/a
146.65478515625	0.3	1.0	2	300349	n/a
146.6630859375	0.3	0.0	1	300366	n/a
146.67138671875	0.3	0.0	1	300383	n/a
146.6796875	0.3	1.0	2	300400	n/a
146.68798828125	0.3	0.0	1	300417	n/a
146.6962890625	0.3	1.0	2	300434	n/a
146.705078125	0.3	0.0	1	300452	n/a
146.71337890625	0.3	1.0	2	300469	n/a
146.7216796875	0.3	0.0	1	300486	n/a
146.72998046875	0.3	1.0	2	300503	n/a
146.73828125	0.3	1.0	2	300520	n/a
146.74658203125	0.3	0.0	1	300537	n/a
146.7548828125	0.3	1.0	2	300554	n/a
146.76318359375	0.3	0.0	1	300571	n/a
146.771484375	0.3	0.0	1	300588	n/a
146.77978515625	0.3	1.0	2	300605	n/a
146.7880859375	0.3	1.0	2	300622	n/a
146.79638671875	0.3	0.0	1	300639	n/a
146.8046875	0.3	1.0	2	300656	n/a
146.81298828125	0.3	0.0	1	300673	n/a
146.8212890625	0.3	1.0	2	300690	n/a
146.830078125	0.3	0.0	1	300708	n/a
146.83837890625	0.3	1.0	2	300725	n/a
146.8466796875	0.3	0.0	1	300742	n/a
146.85498046875	0.3	1.0	2	300759	n/a
146.86328125	0.3	0.0	1	300776	n/a
146.87158203125	0.3	0.0	1	300793	n/a
146.8798828125	0.3	1.0	2	300810	n/a
146.88818359375	0.3	0.0	1	300827	n/a
146.896484375	0.3	1.0	2	300844	n/a
146.90478515625	0.3	1.0	2	300861	n/a
146.9130859375	0.3	0.0	1	300878	n/a
146.92138671875	0.3	1.0	2	300895	n/a
146.9296875	0.3	0.0	1	300912	n/a
146.93798828125	0.3	1.0	2	300929	n/a
146.9462890625	0.3	0.0	1	300946	n/a
146.955078125	0.3	1.0	2	300964	n/a
146.96337890625	0.3	0.0	1	300981	n/a
146.9716796875	0.3	0.0	1	300998	n/a
146.97998046875	0.3	1.0	2	301015	n/a
146.98828125	0.3	0.0	1	301032	n/a
146.99658203125	0.3	1.0	2	301049	n/a
147.0048828125	0.3	1.0	2	301066	n/a
147.01318359375	0.3	0.0	1	301083	n/a
147.021484375	0.3	0.0	1	301100	n/a
147.02978515625	0.3	1.0	2	301117	n/a
147.0380859375	0.3	0.0	1	301134	n/a
147.04638671875	0.3	1.0	2	301151	n/a
147.0546875	0.3	1.0	2	301168	n/a
147.06298828125	0.3	0.0	1	301185	n/a
147.0712890625	0.3	0.0	1	301202	n/a
147.080078125	0.3	1.0	2	301220	n/a
147.08837890625	0.3	0.0	1	301237	n/a
147.0966796875	0.3	1.0	2	301254	n/a
147.10498046875	0.3	1.0	2	301271	n/a
147.11328125	0.3	0.0	1	301288	n/a
147.12158203125	0.3	0.0	1	301305	n/a
147.1298828125	0.3	1.0	2	301322	n/a
147.13818359375	0.3	1.0	2	301339	n/a
147.146484375	0.3	0.0	1	301356	n/a
147.15478515625	0.3	0.0	1	301373	n/a
147.1630859375	0.3	1.0	2	301390	n/a
147.17138671875	0.3	0.0	1	301407	n/a
147.1796875	0.3	1.0	2	301424	n/a
147.18798828125	0.3	0.0	1	301441	n/a
147.1962890625	0.3	1.0	2	301458	n/a
147.205078125	0.3	1.0	2	301476	n/a
147.21337890625	0.3	0.0	1	301493	n/a
147.2216796875	0.3	1.0	2	301510	n/a
147.22998046875	0.3	0.0	1	301527	n/a
147.23828125	0.3	0.0	1	301544	n/a
147.24658203125	0.3	1.0	2	301561	n/a
147.2548828125	0.3	0.0	1	301578	n/a
147.26318359375	0.3	1.0	2	301595	n/a
147.271484375	0.3	1.0	2	301612	n/a
147.27978515625	0.3	0.0	1	301629	n/a
147.2880859375	0.3	0.0	1	301646	n/a
147.29638671875	0.3	1.0	2	301663	n/a
147.3046875	0.3	0.0	1	301680	n/a
147.31298828125	0.3	1.0	2	301697	n/a
147.3212890625	0.3	1.0	2	301714	n/a
147.330078125	0.3	0.0	1	301732	n/a
149.71435546875	0.3	0.0	1	306615	24.0
149.72265625	0.3	1.0	2	306632	n/a
149.73095703125	0.3	0.0	1	306649	n/a
149.7392578125	0.3	1.0	2	306666	n/a
149.74755859375	0.3	1.0	2	306683	n/a
149.755859375	0.3	0.0	1	306700	n/a
149.76416015625	0.3	1.0	2	306717	n/a
149.7724609375	0.3	0.0	1	306734	n/a
149.78125	0.3	1.0	2	306752	n/a
149.78955078125	0.3	0.0	1	306769	n/a
149.7978515625	0.3	0.0	1	306786	n/a
149.80615234375	0.3	1.0	2	306803	n/a
149.814453125	0.3	1.0	2	306820	n/a
149.82275390625	0.3	0.0	1	306837	n/a
149.8310546875	0.3	0.0	1	306854	n/a
149.83935546875	0.3	1.0	2	306871	n/a
149.84765625	0.3	1.0	2	306888	n/a
149.85595703125	0.3	0.0	1	306905	n/a
149.8642578125	0.3	0.0	1	306922	n/a
149.87255859375	0.3	1.0	2	306939	n/a
149.880859375	0.3	1.0	2	306956	n/a
149.88916015625	0.3	0.0	1	306973	n/a
149.8974609375	0.3	1.0	2	306990	n/a
149.90625	0.3	0.0	1	307008	n/a
149.91455078125	0.3	0.0	1	307025	n/a
149.9228515625	0.3	1.0	2	307042	n/a
149.93115234375	0.3	0.0	1	307059	n/a
149.939453125	0.3	1.0	2	307076	n/a
149.94775390625	0.3	0.0	1	307093	n/a
149.9560546875	0.3	1.0	2	307110	n/a
149.96435546875	0.3	0.0	1	307127	n/a
149.97265625	0.3	1.0	2	307144	n/a
149.98095703125	0.3	1.0	2	307161	n/a
149.9892578125	0.3	0.0	1	307178	n/a
149.99755859375	0.3	1.0	2	307195	n/a
150.005859375	0.3	0.0	1	307212	n/a
150.01416015625	0.3	1.0	2	307229	n/a
150.0224609375	0.3	0.0	1	307246	n/a
150.03125	0.3	0.0	1	307264	n/a
150.03955078125	0.3	1.0	2	307281	n/a
150.0478515625	0.3	0.0	1	307298	n/a
150.05615234375	0.3	1.0	2	307315	n/a
150.064453125	0.3	1.0	2	307332	n/a
150.07275390625	0.3	0.0	1	307349	n/a
150.0810546875	0.3	0.0	1	307366	n/a
150.08935546875	0.3	1.0	2	307383	n/a
150.09765625	0.3	0.0	1	307400	n/a
150.10595703125	0.3	1.0	2	307417	n/a
150.1142578125	0.3	1.0	2	307434	n/a
150.12255859375	0.3	0.0	1	307451	n/a
150.130859375	0.3	1.0	2	307468	n/a
150.13916015625	0.3	0.0	1	307485	n/a
150.1474609375	0.3	0.0	1	307502	n/a
150.15625	0.3	1.0	2	307520	n/a
150.16455078125	0.3	1.0	2	307537	n/a
150.1728515625	0.3	0.0	1	307554	n/a
150.18115234375	0.3	1.0	2	307571	n/a
150.189453125	0.3	0.0	1	307588	n/a
150.19775390625	0.3	1.0	2	307605	n/a
150.2060546875	0.3	0.0	1	307622	n/a
150.21435546875	0.3	1.0	2	307639	n/a
150.22265625	0.3	0.0	1	307656	n/a
150.23095703125	0.3	1.0	2	307673	n/a
150.2392578125	0.3	0.0	1	307690	n/a
150.24755859375	0.3	0.0	1	307707	n/a
150.255859375	0.3	1.0	2	307724	n/a
150.26416015625	0.3	1.0	2	307741	n/a
150.2724609375	0.3	0.0	1	307758	n/a
150.28125	0.3	1.0	2	307776	n/a
150.28955078125	0.3	0.0	1	307793	n/a
150.2978515625	0.3	0.0	1	307810	n/a
150.30615234375	0.3	1.0	2	307827	n/a
150.314453125	0.3	0.0	1	307844	n/a
150.32275390625	0.3	1.0	2	307861	n/a
150.3310546875	0.3	0.0	1	307878	n/a
150.33935546875	0.3	1.0	2	307895	n/a
150.34765625	0.3	0.0	1	307912	n/a
150.35595703125	0.3	1.0	2	307929	n/a
150.3642578125	0.3	0.0	1	307946	n/a
150.37255859375	0.3	1.0	2	307963	n/a
150.380859375	0.3	1.0	2	307980	n/a
150.38916015625	0.3	0.0	1	307997	n/a
150.3974609375	0.3	0.0	1	308014	n/a
150.40625	0.3	1.0	2	308032	n/a
150.41455078125	0.3	0.0	1	308049	n/a
150.4228515625	0.3	1.0	2	308066	n/a
150.43115234375	0.3	1.0	2	308083	n/a
150.439453125	0.3	0.0	1	308100	n/a
150.44775390625	0.3	0.0	1	308117	n/a
150.4560546875	0.3	1.0	2	308134	n/a
150.46435546875	0.3	1.0	2	308151	n/a
150.47265625	0.3	0.0	1	308168	n/a
150.48095703125	0.3	1.0	2	308185	n/a
150.4892578125	0.3	0.0	1	308202	n/a
150.49755859375	0.3	1.0	2	308219	n/a
150.505859375	0.3	0.0	1	308236	n/a
150.51416015625	0.3	1.0	2	308253	n/a
150.5224609375	0.3	0.0	1	308270	n/a
150.53125	0.3	0.0	1	308288	n/a
150.53955078125	0.3	1.0	2	308305	n/a
150.5478515625	0.3	1.0	2	308322	n/a
150.55615234375	0.3	0.0	1	308339	n/a
150.564453125	0.3	0.0	1	308356	n/a
150.57275390625	0.3	1.0	2	308373	n/a
150.5810546875	0.3	1.0	2	308390	n/a
150.58935546875	0.3	0.0	1	308407	n/a
150.59765625	0.3	0.0	1	308424	n/a
150.60595703125	0.3	1.0	2	308441	n/a
150.6142578125	0.3	0.0	1	308458	n/a
150.62255859375	0.3	1.0	2	308475	n/a
150.630859375	0.3	0.0	1	308492	n/a
150.63916015625	0.3	1.0	2	308509	n/a
150.6474609375	0.3	1.0	2	308526	n/a
150.65625	0.3	0.0	1	308544	n/a
150.66455078125	0.3	1.0	2	308561	n/a
150.6728515625	0.3	0.0	1	308578	n/a
150.68115234375	0.3	0.0	1	308595	n/a
150.689453125	0.3	1.0	2	308612	n/a
150.69775390625	0.3	0.0	1	308629	n/a
150.7060546875	0.3	1.0	2	308646	n/a
150.71435546875	0.3	0.0	1	308663	n/a
150.72265625	0.3	1.0	2	308680	n/a
150.73095703125	0.3	0.0	1	308697	n/a
150.7392578125	0.3	1.0	2	308714	n/a
150.74755859375	0.3	1.0	2	308731	n/a
150.755859375	0.3	0.0	1	308748	n/a
150.76416015625	0.3	0.0	1	308765	n/a
150.7724609375	0.3	1.0	2	308782	n/a
150.78125	0.3	0.0	1	308800	n/a
150.78955078125	0.3	1.0	2	308817	n/a
150.7978515625	0.3	1.0	2	308834	n/a
150.80615234375	0.3	0.0	1	308851	n/a
150.814453125	0.3	1.0	2	308868	n/a
150.82275390625	0.3	0.0	1	308885	n/a
150.8310546875	0.3	1.0	2	308902	n/a
150.83935546875	0.3	0.0	1	308919	n/a
150.84765625	0.3	0.0	1	308936	n/a
150.85595703125	0.3	1.0	2	308953	n/a
150.8642578125	0.3	1.0	2	308970	n/a
150.87255859375	0.3	0.0	1	308987	n/a
150.880859375	0.3	0.0	1	309004	n/a
150.88916015625	0.3	1.0	2	309021	n/a
150.8974609375	0.3	1.0	2	309038	n/a
150.90625	0.3	0.0	1	309056	n/a
150.91455078125	0.3	0.0	1	309073	n/a
150.9228515625	0.3	1.0	2	309090	n/a
150.93115234375	0.3	1.0	2	309107	n/a
150.939453125	0.3	0.0	1	309124	n/a
150.94775390625	0.3	1.0	2	309141	n/a
150.9560546875	0.3	0.0	1	309158	n/a
150.96435546875	0.3	0.0	1	309175	n/a
150.97265625	0.3	1.0	2	309192	n/a
150.98095703125	0.3	0.0	1	309209	n/a
150.9892578125	0.3	1.0	2	309226	n/a
150.99755859375	0.3	0.0	1	309243	n/a
151.005859375	0.3	1.0	2	309260	n/a
151.01416015625	0.3	0.0	1	309277	n/a
151.0224609375	0.3	1.0	2	309294	n/a
151.03125	0.3	1.0	2	309312	n/a
151.03955078125	0.3	0.0	1	309329	n/a
151.0478515625	0.3	1.0	2	309346	n/a
151.05615234375	0.3	0.0	1	309363	n/a
151.064453125	0.3	1.0	2	309380	n/a
151.07275390625	0.3	0.0	1	309397	n/a
151.0810546875	0.3	0.0	1	309414	n/a
151.08935546875	0.3	1.0	2	309431	n/a
151.09765625	0.3	0.0	1	309448	n/a
151.10595703125	0.3	1.0	2	309465	n/a
151.1142578125	0.3	1.0	2	309482	n/a
151.12255859375	0.3	0.0	1	309499	n/a
151.130859375	0.3	0.0	1	309516	n/a
151.13916015625	0.3	1.0	2	309533	n/a
151.1474609375	0.3	0.0	1	309550	n/a
151.15625	0.3	1.0	2	309568	n/a
151.16455078125	0.3	1.0	2	309585	n/a
151.1728515625	0.3	0.0	1	309602	n/a
151.18115234375	0.3	1.0	2	309619	n/a
151.189453125	0.3	0.0	1	309636	n/a
151.19775390625	0.3	0.0	1	309653	n/a
151.2060546875	0.3	1.0	2	309670	n/a
151.21435546875	0.3	1.0	2	309687	n/a
151.22265625	0.3	0.0	1	309704	n/a
151.23095703125	0.3	1.0	2	309721	n/a
151.2392578125	0.3	0.0	1	309738	n/a
151.24755859375	0.3	1.0	2	309755	n/a
151.255859375	0.3	0.0	1	309772	n/a
151.26416015625	0.3	1.0	2	309789	n/a
151.2724609375	0.3	0.0	1	309806	n/a
151.28125	0.3	1.0	2	309824	n/a
151.28955078125	0.3	0.0	1	309841	n/a
151.2978515625	0.3	0.0	1	309858	n/a
151.30615234375	0.3	1.0	2	309875	n/a
151.314453125	0.3	1.0	2	309892	n/a
151.32275390625	0.3	0.0	1	309909	n/a
151.3310546875	0.3	1.0	2	309926	n/a
151.33935546875	0.3	0.0	1	309943	n/a
151.34765625	0.3	0.0	1	309960	n/a
151.35595703125	0.3	1.0	2	309977	n/a
151.3642578125	0.3	0.0	1	309994	n/a
151.37255859375	0.3	1.0	2	310011	n/a
151.380859375	0.3	0.0	1	310028	n/a
151.38916015625	0.3	1.0	2	310045	n/a
151.3974609375	0.3	0.0	1	310062	n/a
151.40625	0.3	1.0	2	310080	n/a
151.41455078125	0.3	0.0	1	310097	n/a
151.4228515625	0.3	1.0	2	310114	n/a
151.43115234375	0.3	1.0	2	310131	n/a
151.439453125	0.3	0.0	1	310148	n/a
151.44775390625	0.3	0.0	1	310165	n/a
151.4560546875	0.3	1.0	2	310182	n/a
151.46435546875	0.3	0.0	1	310199	n/a
151.47265625	0.3	1.0	2	310216	n/a
151.48095703125	0.3	1.0	2	310233	n/a
151.4892578125	0.3	0.0	1	310250	n/a
151.49755859375	0.3	0.0	1	310267	n/a
151.505859375	0.3	1.0	2	310284	n/a
151.51416015625	0.3	1.0	2	310301	n/a
151.5224609375	0.3	0.0	1	310318	n/a
151.53125	0.3	1.0	2	310336	n/a
151.53955078125	0.3	0.0	1	310353	n/a
151.5478515625	0.3	1.0	2	310370	n/a
151.55615234375	0.3	0.0	1	310387	n/a
151.564453125	0.3	1.0	2	310404	n/a
151.57275390625	0.3	0.0	1	310421	n/a
151.5810546875	0.3	0.0	1	310438	n/a
151.58935546875	0.3	1.0	2	310455	n/a
151.59765625	0.3	1.0	2	310472	n/a
151.60595703125	0.3	0.0	1	310489	n/a
151.6142578125	0.3	0.0	1	310506	n/a
151.62255859375	0.3	1.0	2	310523	n/a
151.630859375	0.3	1.0	2	310540	n/a
151.63916015625	0.3	0.0	1	310557	n/a
151.6474609375	0.3	0.0	1	310574	n/a
151.65625	0.3	1.0	2	310592	n/a
151.66455078125	0.3	0.0	1	310609	n/a
151.6728515625	0.3	1.0	2	310626	n/a
151.68115234375	0.3	0.0	1	310643	n/a
151.689453125	0.3	1.0	2	310660	n/a
151.69775390625	0.3	1.0	2	310677	n/a
151.7060546875	0.3	0.0	1	310694	n/a
151.71435546875	0.3	1.0	2	310711	n/a
151.72265625	0.3	0.0	1	310728	n/a
151.73095703125	0.3	0.0	1	310745	n/a
151.7392578125	0.3	1.0	2	310762	n/a
151.74755859375	0.3	0.0	1	310779	n/a
151.755859375	0.3	1.0	2	310796	n/a
151.76416015625	0.3	0.0	1	310813	n/a
151.7724609375	0.3	1.0	2	310830	n/a
151.78125	0.3	0.0	1	310848	n/a
151.78955078125	0.3	1.0	2	310865	n/a
151.7978515625	0.3	1.0	2	310882	n/a
151.80615234375	0.3	0.0	1	310899	n/a
151.814453125	0.3	0.0	1	310916	n/a
151.82275390625	0.3	1.0	2	310933	n/a
151.8310546875	0.3	0.0	1	310950	n/a
151.83935546875	0.3	1.0	2	310967	n/a
151.84765625	0.3	1.0	2	310984	n/a
151.85595703125	0.3	0.0	1	311001	n/a
151.8642578125	0.3	1.0	2	311018	n/a
151.87255859375	0.3	0.0	1	311035	n/a
151.880859375	0.3	1.0	2	311052	n/a
151.88916015625	0.3	0.0	1	311069	n/a
151.8974609375	0.3	0.0	1	311086	n/a
151.90625	0.3	1.0	2	311104	n/a
151.91455078125	0.3	1.0	2	311121	n/a
151.9228515625	0.3	0.0	1	311138	n/a
151.93115234375	0.3	0.0	1	311155	n/a
151.939453125	0.3	1.0	2	311172	n/a
151.94775390625	0.3	1.0	2	311189	n/a
151.9560546875	0.3	0.0	1	311206	n/a
151.96435546875	0.3	0.0	1	311223	n/a
151.97265625	0.3	1.0	2	311240	n/a
151.98095703125	0.3	1.0	2	311257	n/a
151.9892578125	0.3	0.0	1	311274	n/a
151.99755859375	0.3	1.0	2	311291	n/a
152.005859375	0.3	0.0	1	311308	n/a
152.01416015625	0.3	0.0	1	311325	n/a
152.0224609375	0.3	1.0	2	311342	n/a
152.03125	0.3	0.0	1	311360	n/a
152.03955078125	0.3	1.0	2	311377	n/a
152.0478515625	0.3	0.0	1	311394	n/a
152.05615234375	0.3	1.0	2	311411	n/a
152.064453125	0.3	0.0	1	311428	n/a
152.07275390625	0.3	1.0	2	311445	n/a
152.0810546875	0.3	1.0	2	311462	n/a
152.08935546875	0.3	0.0	1	311479	n/a
152.09765625	0.3	1.0	2	311496	n/a
152.10595703125	0.3	0.0	1	311513	n/a
152.1142578125	0.3	1.0	2	311530	n/a
152.12255859375	0.3	0.0	1	311547	n/a
152.130859375	0.3	0.0	1	311564	n/a
152.13916015625	0.3	1.0	2	311581	n/a
152.1474609375	0.3	0.0	1	311598	n/a
152.15625	0.3	1.0	2	311616	n/a
152.16455078125	0.3	1.0	2	311633	n/a
152.1728515625	0.3	0.0	1	311650	n/a
152.18115234375	0.3	0.0	1	311667	n/a
152.189453125	0.3	1.0	2	311684	n/a
152.19775390625	0.3	0.0	1	311701	n/a
152.2060546875	0.3	1.0	2	311718	n/a
152.21435546875	0.3	1.0	2	311735	n/a
152.22265625	0.3	0.0	1	311752	n/a
152.23095703125	0.3	1.0	2	311769	n/a
152.2392578125	0.3	0.0	1	311786	n/a
152.24755859375	0.3	0.0	1	311803	n/a
152.255859375	0.3	1.0	2	311820	n/a
152.26416015625	0.3	1.0	2	311837	n/a
152.2724609375	0.3	0.0	1	311854	n/a
152.28125	0.3	1.0	2	311872	n/a
152.28955078125	0.3	0.0	1	311889	n/a
152.2978515625	0.3	1.0	2	311906	n/a
152.30615234375	0.3	0.0	1	311923	n/a
152.314453125	0.3	1.0	2	311940	n/a
152.32275390625	0.3	0.0	1	311957	n/a
152.3310546875	0.3	1.0	2	311974	n/a
152.33935546875	0.3	0.0	1	311991	n/a
152.34765625	0.3	0.0	1	312008	n/a
152.35595703125	0.3	1.0	2	312025	n/a
152.3642578125	0.3	1.0	2	312042	n/a
152.37255859375	0.3	0.0	1	312059	n/a
152.380859375	0.3	1.0	2	312076	n/a
152.38916015625	0.3	0.0	1	312093	n/a
152.3974609375	0.3	0.0	1	312110	n/a
152.40625	0.3	1.0	2	312128	n/a
152.41455078125	0.3	0.0	1	312145	n/a
152.4228515625	0.3	1.0	2	312162	n/a
152.43115234375	0.3	0.0	1	312179	n/a
152.439453125	0.3	1.0	2	312196	n/a
152.44775390625	0.3	0.0	1	312213	n/a
152.4560546875	0.3	1.0	2	312230	n/a
152.46435546875	0.3	0.0	1	312247	n/a
152.47265625	0.3	1.0	2	312264	n/a
152.48095703125	0.3	1.0	2	312281	n/a
152.4892578125	0.3	0.0	1	312298	n/a
152.49755859375	0.3	0.0	1	312315	n/a
152.505859375	0.3	1.0	2	312332	n/a
152.51416015625	0.3	0.0	1	312349	n/a
152.5224609375	0.3	1.0	2	312366	n/a
152.53125	0.3	1.0	2	312384	n/a
152.53955078125	0.3	0.0	1	312401	n/a
152.5478515625	0.3	0.0	1	312418	n/a
152.55615234375	0.3	1.0	2	312435	n/a
152.564453125	0.3	1.0	2	312452	n/a
152.57275390625	0.3	0.0	1	312469	n/a
152.5810546875	0.3	1.0	2	312486	n/a
152.58935546875	0.3	0.0	1	312503	n/a
152.59765625	0.3	1.0	2	312520	n/a
152.60595703125	0.3	0.0	1	312537	n/a
152.6142578125	0.3	1.0	2	312554	n/a
152.62255859375	0.3	0.0	1	312571	n/a
152.630859375	0.3	0.0	1	312588	n/a
152.63916015625	0.3	1.0	2	312605	n/a
152.6474609375	0.3	1.0	2	312622	n/a
152.65625	0.3	0.0	1	312640	n/a
152.66455078125	0.3	0.0	1	312657	n/a
152.6728515625	0.3	1.0	2	312674	n/a
152.68115234375	0.3	1.0	2	312691	n/a
152.689453125	0.3	0.0	1	312708	n/a
152.69775390625	0.3	0.0	1	312725	n/a
152.7060546875	0.3	1.0	2	312742	n/a
152.71435546875	0.3	0.0	1	312759	n/a
152.72265625	0.3	1.0	2	312776	n/a
152.73095703125	0.3	0.0	1	312793	n/a
152.7392578125	0.3	1.0	2	312810	n/a
152.74755859375	0.3	1.0	2	312827	n/a
152.755859375	0.3	0.0	1	312844	n/a
152.76416015625	0.3	1.0	2	312861	n/a
152.7724609375	0.3	0.0	1	312878	n/a
152.78125	0.3	0.0	1	312896	n/a
152.78955078125	0.3	1.0	2	312913	n/a
152.7978515625	0.3	0.0	1	312930	n/a
152.80615234375	0.3	1.0	2	312947	n/a
152.814453125	0.3	0.0	1	312964	n/a
152.82275390625	0.3	1.0	2	312981	n/a
152.8310546875	0.3	0.0	1	312998	n/a
152.83935546875	0.3	1.0	2	313015	n/a
152.84765625	0.3	1.0	2	313032	n/a
152.85595703125	0.3	0.0	1	313049	n/a
152.8642578125	0.3	0.0	1	313066	n/a
152.87255859375	0.3	1.0	2	313083	n/a
152.880859375	0.3	0.0	1	313100	n/a
152.88916015625	0.3	1.0	2	313117	n/a
152.8974609375	0.3	1.0	2	313134	n/a
152.90625	0.3	0.0	1	313152	n/a
152.91455078125	0.3	1.0	2	313169	n/a
152.9228515625	0.3	0.0	1	313186	n/a
152.93115234375	0.3	1.0	2	313203	n/a
152.939453125	0.3	0.0	1	313220	n/a
152.94775390625	0.3	0.0	1	313237	n/a
152.9560546875	0.3	1.0	2	313254	n/a
152.96435546875	0.3	1.0	2	313271	n/a
152.97265625	0.3	0.0	1	313288	n/a
152.98095703125	0.3	0.0	1	313305	n/a
152.9892578125	0.3	1.0	2	313322	n/a
152.99755859375	0.3	1.0	2	313339	n/a
153.005859375	0.3	0.0	1	313356	n/a
153.01416015625	0.3	0.0	1	313373	n/a
153.0224609375	0.3	1.0	2	313390	n/a
153.03125	0.3	1.0	2	313408	n/a
153.03955078125	0.3	0.0	1	313425	n/a
153.0478515625	0.3	1.0	2	313442	n/a
153.05615234375	0.3	0.0	1	313459	n/a
153.064453125	0.3	0.0	1	313476	n/a
153.07275390625	0.3	1.0	2	313493	n/a
153.0810546875	0.3	0.0	1	313510	n/a
153.08935546875	0.3	1.0	2	313527	n/a
153.09765625	0.3	0.0	1	313544	n/a
153.10595703125	0.3	1.0	2	313561	n/a
153.1142578125	0.3	0.0	1	313578	n/a
153.12255859375	0.3	1.0	2	313595	n/a
153.130859375	0.3	1.0	2	313612	n/a
153.13916015625	0.3	0.0	1	313629	n/a
153.1474609375	0.3	1.0	2	313646	n/a
153.15625	0.3	0.0	1	313664	n/a
153.16455078125	0.3	1.0	2	313681	n/a
153.1728515625	0.3	0.0	1	313698	n/a
153.18115234375	0.3	0.0	1	313715	n/a
153.189453125	0.3	1.0	2	313732	n/a
153.19775390625	0.3	0.0	1	313749	n/a
153.2060546875	0.3	1.0	2	313766	n/a
153.21435546875	0.3	1.0	2	313783	n/a
153.22265625	0.3	0.0	1	313800	n/a
153.23095703125	0.3	0.0	1	313817	n/a
153.2392578125	0.3	1.0	2	313834	n/a
153.24755859375	0.3	0.0	1	313851	n/a
153.255859375	0.3	1.0	2	313868	n/a
153.26416015625	0.3	1.0	2	313885	n/a
153.2724609375	0.3	0.0	1	313902	n/a
153.28125	0.3	1.0	2	313920	n/a
153.28955078125	0.3	0.0	1	313937	n/a
153.2978515625	0.3	0.0	1	313954	n/a
153.30615234375	0.3	1.0	2	313971	n/a
153.314453125	0.3	1.0	2	313988	n/a
153.32275390625	0.3	0.0	1	314005	n/a
153.3310546875	0.3	1.0	2	314022	n/a
153.33935546875	0.3	0.0	1	314039	n/a
153.34765625	0.3	1.0	2	314056	n/a
153.35595703125	0.3	0.0	1	314073	n/a
153.3642578125	0.3	1.0	2	314090	n/a
153.37255859375	0.3	0.0	1	314107	n/a
153.380859375	0.3	1.0	2	314124	n/a
153.38916015625	0.3	0.0	1	314141	n/a
153.3974609375	0.3	0.0	1	314158	n/a
153.40625	0.3	1.0	2	314176	n/a
153.41455078125	0.3	1.0	2	314193	n/a
153.4228515625	0.3	0.0	1	314210	n/a
153.43115234375	0.3	1.0	2	314227	n/a
153.439453125	0.3	0.0	1	314244	n/a
153.44775390625	0.3	0.0	1	314261	n/a
153.4560546875	0.3	1.0	2	314278	n/a
153.46435546875	0.3	0.0	1	314295	n/a
153.47265625	0.3	1.0	2	314312	n/a
153.48095703125	0.3	0.0	1	314329	n/a
153.4892578125	0.3	1.0	2	314346	n/a
153.49755859375	0.3	0.0	1	314363	n/a
153.505859375	0.3	1.0	2	314380	n/a
153.51416015625	0.3	0.0	1	314397	n/a
153.5224609375	0.3	1.0	2	314414	n/a
153.53125	0.3	1.0	2	314432	n/a
153.53955078125	0.3	0.0	1	314449	n/a
153.5478515625	0.3	0.0	1	314466	n/a
153.55615234375	0.3	1.0	2	314483	n/a
153.564453125	0.3	0.0	1	314500	n/a
153.57275390625	0.3	1.0	2	314517	n/a
153.5810546875	0.3	1.0	2	314534	n/a
153.58935546875	0.3	0.0	1	314551	n/a
153.59765625	0.3	0.0	1	314568	n/a
153.60595703125	0.3	1.0	2	314585	n/a
153.6142578125	0.3	1.0	2	314602	n/a
153.62255859375	0.3	0.0	1	314619	n/a
153.630859375	0.3	1.0	2	314636	n/a
153.63916015625	0.3	0.0	1	314653	n/a
153.6474609375	0.3	1.0	2	314670	n/a
153.65625	0.3	0.0	1	314688	n/a
153.66455078125	0.3	1.0	2	314705	n/a
153.6728515625	0.3	0.0	1	314722	n/a
153.68115234375	0.3	0.0	1	314739	n/a
153.689453125	0.3	1.0	2	314756	n/a
153.69775390625	0.3	1.0	2	314773	n/a
153.7060546875	0.3	0.0	1	314790	n/a
153.71435546875	0.3	0.0	1	314807	n/a
153.72265625	0.3	1.0	2	314824	n/a
153.73095703125	0.3	1.0	2	314841	n/a
153.7392578125	0.3	0.0	1	314858	n/a
153.74755859375	0.3	0.0	1	314875	n/a
153.755859375	0.3	1.0	2	314892	n/a
153.76416015625	0.3	0.0	1	314909	n/a
153.7724609375	0.3	1.0	2	314926	n/a
153.78125	0.3	0.0	1	314944	n/a
153.78955078125	0.3	1.0	2	314961	n/a
153.7978515625	0.3	1.0	2	314978	n/a
153.80615234375	0.3	0.0	1	314995	n/a
153.814453125	0.3	1.0	2	315012	n/a
153.82275390625	0.3	0.0	1	315029	n/a
153.8310546875	0.3	0.0	1	315046	n/a
153.83935546875	0.3	1.0	2	315063	n/a
153.84765625	0.3	0.0	1	315080	n/a
153.85595703125	0.3	1.0	2	315097	n/a
153.8642578125	0.3	0.0	1	315114	n/a
153.87255859375	0.3	1.0	2	315131	n/a
153.880859375	0.3	0.0	1	315148	n/a
153.88916015625	0.3	1.0	2	315165	n/a
153.8974609375	0.3	1.0	2	315182	n/a
153.90625	0.3	0.0	1	315200	n/a
156.31494140625	0.3	0.0	1	320133	33.0
156.3232421875	0.3	1.0	2	320150	n/a
156.33154296875	0.3	0.0	1	320167	n/a
156.33984375	0.3	1.0	2	320184	n/a
156.34814453125	0.3	1.0	2	320201	n/a
156.3564453125	0.3	0.0	1	320218	n/a
156.36474609375	0.3	0.0	1	320235	n/a
156.373046875	0.3	1.0	2	320252	n/a
156.3818359375	0.3	1.0	2	320270	n/a
156.39013671875	0.3	0.0	1	320287	n/a
156.3984375	0.3	1.0	2	320304	n/a
156.40673828125	0.3	0.0	1	320321	n/a
156.4150390625	0.3	0.0	1	320338	n/a
156.42333984375	0.3	1.0	2	320355	n/a
156.431640625	0.3	1.0	2	320372	n/a
156.43994140625	0.3	0.0	1	320389	n/a
156.4482421875	0.3	0.0	1	320406	n/a
156.45654296875	0.3	1.0	2	320423	n/a
156.46484375	0.3	1.0	2	320440	n/a
156.47314453125	0.3	0.0	1	320457	n/a
156.4814453125	0.3	0.0	1	320474	n/a
156.48974609375	0.3	1.0	2	320491	n/a
156.498046875	0.3	1.0	2	320508	n/a
156.5068359375	0.3	0.0	1	320526	n/a
156.51513671875	0.3	0.0	1	320543	n/a
156.5234375	0.3	1.0	2	320560	n/a
156.53173828125	0.3	1.0	2	320577	n/a
156.5400390625	0.3	0.0	1	320594	n/a
156.54833984375	0.3	0.0	1	320611	n/a
156.556640625	0.3	1.0	2	320628	n/a
156.56494140625	0.3	1.0	2	320645	n/a
156.5732421875	0.3	0.0	1	320662	n/a
156.58154296875	0.3	1.0	2	320679	n/a
156.58984375	0.3	0.0	1	320696	n/a
156.59814453125	0.3	0.0	1	320713	n/a
156.6064453125	0.3	1.0	2	320730	n/a
156.61474609375	0.3	1.0	2	320747	n/a
156.623046875	0.3	0.0	1	320764	n/a
156.6318359375	0.3	0.0	1	320782	n/a
156.64013671875	0.3	1.0	2	320799	n/a
156.6484375	0.3	0.0	1	320816	n/a
156.65673828125	0.3	1.0	2	320833	n/a
156.6650390625	0.3	0.0	1	320850	n/a
156.67333984375	0.3	1.0	2	320867	n/a
156.681640625	0.3	1.0	2	320884	n/a
156.68994140625	0.3	0.0	1	320901	n/a
156.6982421875	0.3	0.0	1	320918	n/a
156.70654296875	0.3	1.0	2	320935	n/a
156.71484375	0.3	1.0	2	320952	n/a
156.72314453125	0.3	0.0	1	320969	n/a
156.7314453125	0.3	0.0	1	320986	n/a
156.73974609375	0.3	1.0	2	321003	n/a
156.748046875	0.3	1.0	2	321020	n/a
156.7568359375	0.3	0.0	1	321038	n/a
156.76513671875	0.3	0.0	1	321055	n/a
156.7734375	0.3	1.0	2	321072	n/a
156.78173828125	0.3	0.0	1	321089	n/a
156.7900390625	0.3	1.0	2	321106	n/a
156.79833984375	0.3	1.0	2	321123	n/a
156.806640625	0.3	0.0	1	321140	n/a
156.81494140625	0.3	0.0	1	321157	n/a
156.8232421875	0.3	1.0	2	321174	n/a
156.83154296875	0.3	0.0	1	321191	n/a
156.83984375	0.3	1.0	2	321208	n/a
156.84814453125	0.3	1.0	2	321225	n/a
156.8564453125	0.3	0.0	1	321242	n/a
156.86474609375	0.3	1.0	2	321259	n/a
156.873046875	0.3	0.0	1	321276	n/a
156.8818359375	0.3	0.0	1	321294	n/a
156.89013671875	0.3	1.0	2	321311	n/a
156.8984375	0.3	0.0	1	321328	n/a
156.90673828125	0.3	1.0	2	321345	n/a
156.9150390625	0.3	1.0	2	321362	n/a
156.92333984375	0.3	0.0	1	321379	n/a
156.931640625	0.3	1.0	2	321396	n/a
156.93994140625	0.3	0.0	1	321413	n/a
156.9482421875	0.3	0.0	1	321430	n/a
156.95654296875	0.3	1.0	2	321447	n/a
156.96484375	0.3	1.0	2	321464	n/a
156.97314453125	0.3	0.0	1	321481	n/a
156.9814453125	0.3	1.0	2	321498	n/a
156.98974609375	0.3	0.0	1	321515	n/a
156.998046875	0.3	0.0	1	321532	n/a
157.0068359375	0.3	1.0	2	321550	n/a
157.01513671875	0.3	1.0	2	321567	n/a
157.0234375	0.3	0.0	1	321584	n/a
157.03173828125	0.3	0.0	1	321601	n/a
157.0400390625	0.3	1.0	2	321618	n/a
157.04833984375	0.3	0.0	1	321635	n/a
157.056640625	0.3	1.0	2	321652	n/a
157.06494140625	0.3	0.0	1	321669	n/a
157.0732421875	0.3	1.0	2	321686	n/a
157.08154296875	0.3	0.0	1	321703	n/a
157.08984375	0.3	1.0	2	321720	n/a
157.09814453125	0.3	1.0	2	321737	n/a
157.1064453125	0.3	0.0	1	321754	n/a
157.11474609375	0.3	1.0	2	321771	n/a
157.123046875	0.3	0.0	1	321788	n/a
157.1318359375	0.3	0.0	1	321806	n/a
157.14013671875	0.3	1.0	2	321823	n/a
157.1484375	0.3	0.0	1	321840	n/a
157.15673828125	0.3	1.0	2	321857	n/a
157.1650390625	0.3	0.0	1	321874	n/a
157.17333984375	0.3	1.0	2	321891	n/a
157.181640625	0.3	1.0	2	321908	n/a
157.18994140625	0.3	0.0	1	321925	n/a
157.1982421875	0.3	1.0	2	321942	n/a
157.20654296875	0.3	0.0	1	321959	n/a
157.21484375	0.3	0.0	1	321976	n/a
157.22314453125	0.3	1.0	2	321993	n/a
157.2314453125	0.3	0.0	1	322010	n/a
157.23974609375	0.3	1.0	2	322027	n/a
157.248046875	0.3	1.0	2	322044	n/a
157.2568359375	0.3	0.0	1	322062	n/a
157.26513671875	0.3	1.0	2	322079	n/a
157.2734375	0.3	0.0	1	322096	n/a
157.28173828125	0.3	1.0	2	322113	n/a
157.2900390625	0.3	0.0	1	322130	n/a
157.29833984375	0.3	1.0	2	322147	n/a
157.306640625	0.3	0.0	1	322164	n/a
157.31494140625	0.3	1.0	2	322181	n/a
157.3232421875	0.3	0.0	1	322198	n/a
157.33154296875	0.3	0.0	1	322215	n/a
157.33984375	0.3	1.0	2	322232	n/a
157.34814453125	0.3	1.0	2	322249	n/a
157.3564453125	0.3	0.0	1	322266	n/a
157.36474609375	0.3	0.0	1	322283	n/a
157.373046875	0.3	1.0	2	322300	n/a
157.3818359375	0.3	0.0	1	322318	n/a
157.39013671875	0.3	1.0	2	322335	n/a
157.3984375	0.3	1.0	2	322352	n/a
157.40673828125	0.3	0.0	1	322369	n/a
157.4150390625	0.3	0.0	1	322386	n/a
157.42333984375	0.3	1.0	2	322403	n/a
157.431640625	0.3	1.0	2	322420	n/a
157.43994140625	0.3	0.0	1	322437	n/a
157.4482421875	0.3	1.0	2	322454	n/a
157.45654296875	0.3	0.0	1	322471	n/a
157.46484375	0.3	0.0	1	322488	n/a
157.47314453125	0.3	1.0	2	322505	n/a
157.4814453125	0.3	1.0	2	322522	n/a
157.48974609375	0.3	0.0	1	322539	n/a
157.498046875	0.3	0.0	1	322556	n/a
157.5068359375	0.3	1.0	2	322574	n/a
157.51513671875	0.3	1.0	2	322591	n/a
157.5234375	0.3	0.0	1	322608	n/a
157.53173828125	0.3	0.0	1	322625	n/a
157.5400390625	0.3	1.0	2	322642	n/a
157.54833984375	0.3	1.0	2	322659	n/a
157.556640625	0.3	0.0	1	322676	n/a
157.56494140625	0.3	0.0	1	322693	n/a
157.5732421875	0.3	1.0	2	322710	n/a
157.58154296875	0.3	1.0	2	322727	n/a
157.58984375	0.3	0.0	1	322744	n/a
157.59814453125	0.3	0.0	1	322761	n/a
157.6064453125	0.3	1.0	2	322778	n/a
157.61474609375	0.3	1.0	2	322795	n/a
157.623046875	0.3	0.0	1	322812	n/a
157.6318359375	0.3	1.0	2	322830	n/a
157.64013671875	0.3	0.0	1	322847	n/a
157.6484375	0.3	0.0	1	322864	n/a
157.65673828125	0.3	1.0	2	322881	n/a
157.6650390625	0.3	1.0	2	322898	n/a
157.67333984375	0.3	0.0	1	322915	n/a
157.681640625	0.3	0.0	1	322932	n/a
157.68994140625	0.3	1.0	2	322949	n/a
157.6982421875	0.3	0.0	1	322966	n/a
157.70654296875	0.3	1.0	2	322983	n/a
157.71484375	0.3	0.0	1	323000	n/a
157.72314453125	0.3	1.0	2	323017	n/a
157.7314453125	0.3	1.0	2	323034	n/a
157.73974609375	0.3	0.0	1	323051	n/a
157.748046875	0.3	0.0	1	323068	n/a
157.7568359375	0.3	1.0	2	323086	n/a
157.76513671875	0.3	1.0	2	323103	n/a
157.7734375	0.3	0.0	1	323120	n/a
157.78173828125	0.3	0.0	1	323137	n/a
157.7900390625	0.3	1.0	2	323154	n/a
157.79833984375	0.3	1.0	2	323171	n/a
157.806640625	0.3	0.0	1	323188	n/a
157.81494140625	0.3	0.0	1	323205	n/a
157.8232421875	0.3	1.0	2	323222	n/a
157.83154296875	0.3	0.0	1	323239	n/a
157.83984375	0.3	1.0	2	323256	n/a
157.84814453125	0.3	1.0	2	323273	n/a
157.8564453125	0.3	0.0	1	323290	n/a
157.86474609375	0.3	0.0	1	323307	n/a
157.873046875	0.3	1.0	2	323324	n/a
157.8818359375	0.3	0.0	1	323342	n/a
157.89013671875	0.3	1.0	2	323359	n/a
157.8984375	0.3	1.0	2	323376	n/a
157.90673828125	0.3	0.0	1	323393	n/a
157.9150390625	0.3	1.0	2	323410	n/a
157.92333984375	0.3	0.0	1	323427	n/a
157.931640625	0.3	0.0	1	323444	n/a
157.93994140625	0.3	1.0	2	323461	n/a
157.9482421875	0.3	0.0	1	323478	n/a
157.95654296875	0.3	1.0	2	323495	n/a
157.96484375	0.3	1.0	2	323512	n/a
157.97314453125	0.3	0.0	1	323529	n/a
157.9814453125	0.3	1.0	2	323546	n/a
157.98974609375	0.3	0.0	1	323563	n/a
157.998046875	0.3	0.0	1	323580	n/a
158.0068359375	0.3	1.0	2	323598	n/a
158.01513671875	0.3	1.0	2	323615	n/a
158.0234375	0.3	0.0	1	323632	n/a
158.03173828125	0.3	1.0	2	323649	n/a
158.0400390625	0.3	0.0	1	323666	n/a
158.04833984375	0.3	0.0	1	323683	n/a
158.056640625	0.3	1.0	2	323700	n/a
158.06494140625	0.3	1.0	2	323717	n/a
158.0732421875	0.3	0.0	1	323734	n/a
158.08154296875	0.3	0.0	1	323751	n/a
158.08984375	0.3	1.0	2	323768	n/a
158.09814453125	0.3	0.0	1	323785	n/a
158.1064453125	0.3	1.0	2	323802	n/a
158.11474609375	0.3	0.0	1	323819	n/a
158.123046875	0.3	1.0	2	323836	n/a
158.1318359375	0.3	0.0	1	323854	n/a
158.14013671875	0.3	1.0	2	323871	n/a
158.1484375	0.3	1.0	2	323888	n/a
158.15673828125	0.3	0.0	1	323905	n/a
158.1650390625	0.3	1.0	2	323922	n/a
158.17333984375	0.3	0.0	1	323939	n/a
158.181640625	0.3	0.0	1	323956	n/a
158.18994140625	0.3	1.0	2	323973	n/a
158.1982421875	0.3	0.0	1	323990	n/a
158.20654296875	0.3	1.0	2	324007	n/a
158.21484375	0.3	0.0	1	324024	n/a
158.22314453125	0.3	1.0	2	324041	n/a
158.2314453125	0.3	1.0	2	324058	n/a
158.23974609375	0.3	0.0	1	324075	n/a
158.248046875	0.3	1.0	2	324092	n/a
158.2568359375	0.3	0.0	1	324110	n/a
158.26513671875	0.3	0.0	1	324127	n/a
158.2734375	0.3	1.0	2	324144	n/a
158.28173828125	0.3	0.0	1	324161	n/a
158.2900390625	0.3	1.0	2	324178	n/a
158.29833984375	0.3	1.0	2	324195	n/a
158.306640625	0.3	0.0	1	324212	n/a
158.31494140625	0.3	1.0	2	324229	n/a
158.3232421875	0.3	0.0	1	324246	n/a
158.33154296875	0.3	1.0	2	324263	n/a
158.33984375	0.3	0.0	1	324280	n/a
158.34814453125	0.3	1.0	2	324297	n/a
158.3564453125	0.3	0.0	1	324314	n/a
158.36474609375	0.3	1.0	2	324331	n/a
158.373046875	0.3	0.0	1	324348	n/a
158.3818359375	0.3	0.0	1	324366	n/a
158.39013671875	0.3	1.0	2	324383	n/a
158.3984375	0.3	1.0	2	324400	n/a
158.40673828125	0.3	0.0	1	324417	n/a
158.4150390625	0.3	0.0	1	324434	n/a
158.42333984375	0.3	1.0	2	324451	n/a
158.431640625	0.3	0.0	1	324468	n/a
158.43994140625	0.3	1.0	2	324485	n/a
158.4482421875	0.3	1.0	2	324502	n/a
158.45654296875	0.3	0.0	1	324519	n/a
158.46484375	0.3	0.0	1	324536	n/a
158.47314453125	0.3	1.0	2	324553	n/a
158.4814453125	0.3	1.0	2	324570	n/a
158.48974609375	0.3	0.0	1	324587	n/a
158.498046875	0.3	1.0	2	324604	n/a
158.5068359375	0.3	0.0	1	324622	n/a
158.51513671875	0.3	0.0	1	324639	n/a
158.5234375	0.3	1.0	2	324656	n/a
158.53173828125	0.3	1.0	2	324673	n/a
158.5400390625	0.3	0.0	1	324690	n/a
158.54833984375	0.3	0.0	1	324707	n/a
158.556640625	0.3	1.0	2	324724	n/a
158.56494140625	0.3	1.0	2	324741	n/a
158.5732421875	0.3	0.0	1	324758	n/a
158.58154296875	0.3	0.0	1	324775	n/a
158.58984375	0.3	1.0	2	324792	n/a
158.59814453125	0.3	1.0	2	324809	n/a
158.6064453125	0.3	0.0	1	324826	n/a
158.61474609375	0.3	0.0	1	324843	n/a
158.623046875	0.3	1.0	2	324860	n/a
158.6318359375	0.3	1.0	2	324878	n/a
158.64013671875	0.3	0.0	1	324895	n/a
158.6484375	0.3	0.0	1	324912	n/a
158.65673828125	0.3	1.0	2	324929	n/a
158.6650390625	0.3	1.0	2	324946	n/a
158.67333984375	0.3	0.0	1	324963	n/a
158.681640625	0.3	1.0	2	324980	n/a
158.68994140625	0.3	0.0	1	324997	n/a
158.6982421875	0.3	0.0	1	325014	n/a
158.70654296875	0.3	1.0	2	325031	n/a
158.71484375	0.3	1.0	2	325048	n/a
158.72314453125	0.3	0.0	1	325065	n/a
158.7314453125	0.3	0.0	1	325082	n/a
158.73974609375	0.3	1.0	2	325099	n/a
158.748046875	0.3	0.0	1	325116	n/a
158.7568359375	0.3	1.0	2	325134	n/a
158.76513671875	0.3	0.0	1	325151	n/a
158.7734375	0.3	1.0	2	325168	n/a
158.78173828125	0.3	1.0	2	325185	n/a
158.7900390625	0.3	0.0	1	325202	n/a
158.79833984375	0.3	0.0	1	325219	n/a
158.806640625	0.3	1.0	2	325236	n/a
158.81494140625	0.3	1.0	2	325253	n/a
158.8232421875	0.3	0.0	1	325270	n/a
158.83154296875	0.3	0.0	1	325287	n/a
158.83984375	0.3	1.0	2	325304	n/a
158.84814453125	0.3	1.0	2	325321	n/a
158.8564453125	0.3	0.0	1	325338	n/a
158.86474609375	0.3	0.0	1	325355	n/a
158.873046875	0.3	1.0	2	325372	n/a
158.8818359375	0.3	0.0	1	325390	n/a
158.89013671875	0.3	1.0	2	325407	n/a
158.8984375	0.3	1.0	2	325424	n/a
158.90673828125	0.3	0.0	1	325441	n/a
158.9150390625	0.3	0.0	1	325458	n/a
158.92333984375	0.3	1.0	2	325475	n/a
158.931640625	0.3	0.0	1	325492	n/a
158.93994140625	0.3	1.0	2	325509	n/a
158.9482421875	0.3	1.0	2	325526	n/a
158.95654296875	0.3	0.0	1	325543	n/a
158.96484375	0.3	1.0	2	325560	n/a
158.97314453125	0.3	0.0	1	325577	n/a
158.9814453125	0.3	0.0	1	325594	n/a
158.98974609375	0.3	1.0	2	325611	n/a
158.998046875	0.3	0.0	1	325628	n/a
159.0068359375	0.3	1.0	2	325646	n/a
159.01513671875	0.3	1.0	2	325663	n/a
159.0234375	0.3	0.0	1	325680	n/a
159.03173828125	0.3	1.0	2	325697	n/a
159.0400390625	0.3	0.0	1	325714	n/a
159.04833984375	0.3	0.0	1	325731	n/a
159.056640625	0.3	1.0	2	325748	n/a
159.06494140625	0.3	1.0	2	325765	n/a
159.0732421875	0.3	0.0	1	325782	n/a
159.08154296875	0.3	1.0	2	325799	n/a
159.08984375	0.3	0.0	1	325816	n/a
159.09814453125	0.3	0.0	1	325833	n/a
159.1064453125	0.3	1.0	2	325850	n/a
159.11474609375	0.3	1.0	2	325867	n/a
159.123046875	0.3	0.0	1	325884	n/a
159.1318359375	0.3	0.0	1	325902	n/a
159.14013671875	0.3	1.0	2	325919	n/a
159.1484375	0.3	0.0	1	325936	n/a
159.15673828125	0.3	1.0	2	325953	n/a
159.1650390625	0.3	0.0	1	325970	n/a
159.17333984375	0.3	1.0	2	325987	n/a
159.181640625	0.3	0.0	1	326004	n/a
159.18994140625	0.3	1.0	2	326021	n/a
159.1982421875	0.3	1.0	2	326038	n/a
159.20654296875	0.3	0.0	1	326055	n/a
159.21484375	0.3	1.0	2	326072	n/a
159.22314453125	0.3	0.0	1	326089	n/a
159.2314453125	0.3	0.0	1	326106	n/a
159.23974609375	0.3	1.0	2	326123	n/a
159.248046875	0.3	0.0	1	326140	n/a
159.2568359375	0.3	1.0	2	326158	n/a
159.26513671875	0.3	0.0	1	326175	n/a
159.2734375	0.3	1.0	2	326192	n/a
159.28173828125	0.3	1.0	2	326209	n/a
159.2900390625	0.3	0.0	1	326226	n/a
159.29833984375	0.3	1.0	2	326243	n/a
159.306640625	0.3	0.0	1	326260	n/a
159.31494140625	0.3	0.0	1	326277	n/a
159.3232421875	0.3	1.0	2	326294	n/a
159.33154296875	0.3	0.0	1	326311	n/a
159.33984375	0.3	1.0	2	326328	n/a
159.34814453125	0.3	1.0	2	326345	n/a
159.3564453125	0.3	0.0	1	326362	n/a
159.36474609375	0.3	1.0	2	326379	n/a
159.373046875	0.3	0.0	1	326396	n/a
159.3818359375	0.3	1.0	2	326414	n/a
159.39013671875	0.3	0.0	1	326431	n/a
159.3984375	0.3	1.0	2	326448	n/a
159.40673828125	0.3	0.0	1	326465	n/a
159.4150390625	0.3	1.0	2	326482	n/a
159.42333984375	0.3	0.0	1	326499	n/a
159.431640625	0.3	0.0	1	326516	n/a
159.43994140625	0.3	1.0	2	326533	n/a
159.4482421875	0.3	1.0	2	326550	n/a
159.45654296875	0.3	0.0	1	326567	n/a
159.46484375	0.3	0.0	1	326584	n/a
159.47314453125	0.3	1.0	2	326601	n/a
159.4814453125	0.3	0.0	1	326618	n/a
159.48974609375	0.3	1.0	2	326635	n/a
159.498046875	0.3	1.0	2	326652	n/a
159.5068359375	0.3	0.0	1	326670	n/a
159.51513671875	0.3	0.0	1	326687	n/a
159.5234375	0.3	1.0	2	326704	n/a
159.53173828125	0.3	1.0	2	326721	n/a
159.5400390625	0.3	0.0	1	326738	n/a
159.54833984375	0.3	1.0	2	326755	n/a
159.556640625	0.3	0.0	1	326772	n/a
159.56494140625	0.3	0.0	1	326789	n/a
159.5732421875	0.3	1.0	2	326806	n/a
159.58154296875	0.3	1.0	2	326823	n/a
159.58984375	0.3	0.0	1	326840	n/a
159.59814453125	0.3	0.0	1	326857	n/a
159.6064453125	0.3	1.0	2	326874	n/a
159.61474609375	0.3	1.0	2	326891	n/a
159.623046875	0.3	0.0	1	326908	n/a
159.6318359375	0.3	0.0	1	326926	n/a
159.64013671875	0.3	1.0	2	326943	n/a
159.6484375	0.3	1.0	2	326960	n/a
159.65673828125	0.3	0.0	1	326977	n/a
159.6650390625	0.3	0.0	1	326994	n/a
159.67333984375	0.3	1.0	2	327011	n/a
159.681640625	0.3	1.0	2	327028	n/a
159.68994140625	0.3	0.0	1	327045	n/a
159.6982421875	0.3	0.0	1	327062	n/a
159.70654296875	0.3	1.0	2	327079	n/a
159.71484375	0.3	1.0	2	327096	n/a
159.72314453125	0.3	0.0	1	327113	n/a
159.7314453125	0.3	1.0	2	327130	n/a
159.73974609375	0.3	0.0	1	327147	n/a
159.748046875	0.3	0.0	1	327164	n/a
159.7568359375	0.3	1.0	2	327182	n/a
159.76513671875	0.3	1.0	2	327199	n/a
159.7734375	0.3	0.0	1	327216	n/a
159.78173828125	0.3	0.0	1	327233	n/a
159.7900390625	0.3	1.0	2	327250	n/a
159.79833984375	0.3	0.0	1	327267	n/a
159.806640625	0.3	1.0	2	327284	n/a
159.81494140625	0.3	0.0	1	327301	n/a
159.8232421875	0.3	1.0	2	327318	n/a
159.83154296875	0.3	1.0	2	327335	n/a
159.83984375	0.3	0.0	1	327352	n/a
159.84814453125	0.3	0.0	1	327369	n/a
159.8564453125	0.3	1.0	2	327386	n/a
159.86474609375	0.3	1.0	2	327403	n/a
159.873046875	0.3	0.0	1	327420	n/a
159.8818359375	0.3	0.0	1	327438	n/a
159.89013671875	0.3	1.0	2	327455	n/a
159.8984375	0.3	1.0	2	327472	n/a
159.90673828125	0.3	0.0	1	327489	n/a
159.9150390625	0.3	0.0	1	327506	n/a
159.92333984375	0.3	1.0	2	327523	n/a
159.931640625	0.3	0.0	1	327540	n/a
159.93994140625	0.3	1.0	2	327557	n/a
159.9482421875	0.3	1.0	2	327574	n/a
159.95654296875	0.3	0.0	1	327591	n/a
159.96484375	0.3	0.0	1	327608	n/a
159.97314453125	0.3	1.0	2	327625	n/a
159.9814453125	0.3	0.0	1	327642	n/a
159.98974609375	0.3	1.0	2	327659	n/a
159.998046875	0.3	1.0	2	327676	n/a
160.0068359375	0.3	0.0	1	327694	n/a
160.01513671875	0.3	1.0	2	327711	n/a
160.0234375	0.3	0.0	1	327728	n/a
160.03173828125	0.3	0.0	1	327745	n/a
160.0400390625	0.3	1.0	2	327762	n/a
160.04833984375	0.3	0.0	1	327779	n/a
160.056640625	0.3	1.0	2	327796	n/a
160.06494140625	0.3	1.0	2	327813	n/a
160.0732421875	0.3	0.0	1	327830	n/a
160.08154296875	0.3	1.0	2	327847	n/a
160.08984375	0.3	0.0	1	327864	n/a
160.09814453125	0.3	0.0	1	327881	n/a
160.1064453125	0.3	1.0	2	327898	n/a
160.11474609375	0.3	1.0	2	327915	n/a
160.123046875	0.3	0.0	1	327932	n/a
160.1318359375	0.3	1.0	2	327950	n/a
160.14013671875	0.3	0.0	1	327967	n/a
160.1484375	0.3	0.0	1	327984	n/a
160.15673828125	0.3	1.0	2	328001	n/a
160.1650390625	0.3	1.0	2	328018	n/a
160.17333984375	0.3	0.0	1	328035	n/a
160.181640625	0.3	0.0	1	328052	n/a
160.18994140625	0.3	1.0	2	328069	n/a
160.1982421875	0.3	0.0	1	328086	n/a
160.20654296875	0.3	1.0	2	328103	n/a
160.21484375	0.3	0.0	1	328120	n/a
160.22314453125	0.3	1.0	2	328137	n/a
160.2314453125	0.3	0.0	1	328154	n/a
160.23974609375	0.3	1.0	2	328171	n/a
160.248046875	0.3	1.0	2	328188	n/a
160.2568359375	0.3	0.0	1	328206	n/a
160.26513671875	0.3	1.0	2	328223	n/a
160.2734375	0.3	0.0	1	328240	n/a
160.28173828125	0.3	0.0	1	328257	n/a
160.2900390625	0.3	1.0	2	328274	n/a
160.29833984375	0.3	0.0	1	328291	n/a
160.306640625	0.3	1.0	2	328308	n/a
160.31494140625	0.3	0.0	1	328325	n/a
160.3232421875	0.3	1.0	2	328342	n/a
160.33154296875	0.3	1.0	2	328359	n/a
160.33984375	0.3	0.0	1	328376	n/a
160.34814453125	0.3	1.0	2	328393	n/a
160.3564453125	0.3	0.0	1	328410	n/a
160.36474609375	0.3	0.0	1	328427	n/a
160.373046875	0.3	1.0	2	328444	n/a
160.3818359375	0.3	0.0	1	328462	n/a
160.39013671875	0.3	1.0	2	328479	n/a
160.3984375	0.3	1.0	2	328496	n/a
160.40673828125	0.3	0.0	1	328513	n/a
160.4150390625	0.3	1.0	2	328530	n/a
160.42333984375	0.3	0.0	1	328547	n/a
160.431640625	0.3	1.0	2	328564	n/a
160.43994140625	0.3	0.0	1	328581	n/a
160.4482421875	0.3	1.0	2	328598	n/a
160.45654296875	0.3	0.0	1	328615	n/a
160.46484375	0.3	1.0	2	328632	n/a
160.47314453125	0.3	0.0	1	328649	n/a
160.4814453125	0.3	0.0	1	328666	n/a
160.48974609375	0.3	1.0	2	328683	n/a
160.498046875	0.3	1.0	2	328700	n/a
160.5068359375	0.3	0.0	1	328718	n/a
162.88232421875	0.3	0.0	1	333583	11.0
162.890625	0.3	1.0	2	333600	n/a
162.89892578125	0.3	1.0	2	333617	n/a
162.9072265625	0.3	0.0	1	333634	n/a
162.91552734375	0.3	0.0	1	333651	n/a
162.923828125	0.3	1.0	2	333668	n/a
162.93212890625	0.3	0.0	1	333685	n/a
162.9404296875	0.3	1.0	2	333702	n/a
162.94921875	0.3	0.0	1	333720	n/a
162.95751953125	0.3	1.0	2	333737	n/a
162.9658203125	0.3	0.0	1	333754	n/a
162.97412109375	0.3	1.0	2	333771	n/a
162.982421875	0.3	0.0	1	333788	n/a
162.99072265625	0.3	1.0	2	333805	n/a
162.9990234375	0.3	1.0	2	333822	n/a
163.00732421875	0.3	0.0	1	333839	n/a
163.015625	0.3	0.0	1	333856	n/a
163.02392578125	0.3	1.0	2	333873	n/a
163.0322265625	0.3	0.0	1	333890	n/a
163.04052734375	0.3	1.0	2	333907	n/a
163.048828125	0.3	0.0	1	333924	n/a
163.05712890625	0.3	1.0	2	333941	n/a
163.0654296875	0.3	1.0	2	333958	n/a
163.07421875	0.3	0.0	1	333976	n/a
163.08251953125	0.3	1.0	2	333993	n/a
163.0908203125	0.3	0.0	1	334010	n/a
163.09912109375	0.3	1.0	2	334027	n/a
163.107421875	0.3	0.0	1	334044	n/a
163.11572265625	0.3	0.0	1	334061	n/a
163.1240234375	0.3	1.0	2	334078	n/a
163.13232421875	0.3	1.0	2	334095	n/a
163.140625	0.3	0.0	1	334112	n/a
163.14892578125	0.3	1.0	2	334129	n/a
163.1572265625	0.3	0.0	1	334146	n/a
163.16552734375	0.3	1.0	2	334163	n/a
163.173828125	0.3	0.0	1	334180	n/a
163.18212890625	0.3	0.0	1	334197	n/a
163.1904296875	0.3	1.0	2	334214	n/a
163.19921875	0.3	1.0	2	334232	n/a
163.20751953125	0.3	0.0	1	334249	n/a
163.2158203125	0.3	0.0	1	334266	n/a
163.22412109375	0.3	1.0	2	334283	n/a
163.232421875	0.3	0.0	1	334300	n/a
163.24072265625	0.3	1.0	2	334317	n/a
163.2490234375	0.3	1.0	2	334334	n/a
163.25732421875	0.3	0.0	1	334351	n/a
163.265625	0.3	0.0	1	334368	n/a
163.27392578125	0.3	1.0	2	334385	n/a
163.2822265625	0.3	1.0	2	334402	n/a
163.29052734375	0.3	0.0	1	334419	n/a
163.298828125	0.3	1.0	2	334436	n/a
163.30712890625	0.3	0.0	1	334453	n/a
163.3154296875	0.3	1.0	2	334470	n/a
163.32421875	0.3	0.0	1	334488	n/a
163.33251953125	0.3	1.0	2	334505	n/a
163.3408203125	0.3	0.0	1	334522	n/a
163.34912109375	0.3	1.0	2	334539	n/a
163.357421875	0.3	0.0	1	334556	n/a
163.36572265625	0.3	0.0	1	334573	n/a
163.3740234375	0.3	1.0	2	334590	n/a
163.38232421875	0.3	1.0	2	334607	n/a
163.390625	0.3	0.0	1	334624	n/a
163.39892578125	0.3	1.0	2	334641	n/a
163.4072265625	0.3	0.0	1	334658	n/a
163.41552734375	0.3	0.0	1	334675	n/a
163.423828125	0.3	1.0	2	334692	n/a
163.43212890625	0.3	1.0	2	334709	n/a
163.4404296875	0.3	0.0	1	334726	n/a
163.44921875	0.3	0.0	1	334744	n/a
163.45751953125	0.3	1.0	2	334761	n/a
163.4658203125	0.3	1.0	2	334778	n/a
163.47412109375	0.3	0.0	1	334795	n/a
163.482421875	0.3	1.0	2	334812	n/a
163.49072265625	0.3	0.0	1	334829	n/a
163.4990234375	0.3	0.0	1	334846	n/a
163.50732421875	0.3	1.0	2	334863	n/a
163.515625	0.3	0.0	1	334880	n/a
163.52392578125	0.3	1.0	2	334897	n/a
163.5322265625	0.3	0.0	1	334914	n/a
163.54052734375	0.3	1.0	2	334931	n/a
163.548828125	0.3	1.0	2	334948	n/a
163.55712890625	0.3	0.0	1	334965	n/a
163.5654296875	0.3	0.0	1	334982	n/a
163.57421875	0.3	1.0	2	335000	n/a
163.58251953125	0.3	1.0	2	335017	n/a
163.5908203125	0.3	0.0	1	335034	n/a
163.59912109375	0.3	1.0	2	335051	n/a
163.607421875	0.3	0.0	1	335068	n/a
163.61572265625	0.3	1.0	2	335085	n/a
163.6240234375	0.3	0.0	1	335102	n/a
163.63232421875	0.3	0.0	1	335119	n/a
163.640625	0.3	1.0	2	335136	n/a
163.64892578125	0.3	0.0	1	335153	n/a
163.6572265625	0.3	1.0	2	335170	n/a
163.66552734375	0.3	0.0	1	335187	n/a
163.673828125	0.3	1.0	2	335204	n/a
163.68212890625	0.3	0.0	1	335221	n/a
163.6904296875	0.3	1.0	2	335238	n/a
163.69921875	0.3	1.0	2	335256	n/a
163.70751953125	0.3	0.0	1	335273	n/a
163.7158203125	0.3	1.0	2	335290	n/a
163.72412109375	0.3	0.0	1	335307	n/a
163.732421875	0.3	0.0	1	335324	n/a
163.74072265625	0.3	1.0	2	335341	n/a
163.7490234375	0.3	0.0	1	335358	n/a
163.75732421875	0.3	1.0	2	335375	n/a
163.765625	0.3	0.0	1	335392	n/a
163.77392578125	0.3	1.0	2	335409	n/a
163.7822265625	0.3	1.0	2	335426	n/a
163.79052734375	0.3	0.0	1	335443	n/a
163.798828125	0.3	0.0	1	335460	n/a
163.80712890625	0.3	1.0	2	335477	n/a
163.8154296875	0.3	0.0	1	335494	n/a
163.82421875	0.3	1.0	2	335512	n/a
163.83251953125	0.3	1.0	2	335529	n/a
163.8408203125	0.3	0.0	1	335546	n/a
163.84912109375	0.3	0.0	1	335563	n/a
163.857421875	0.3	1.0	2	335580	n/a
163.86572265625	0.3	0.0	1	335597	n/a
163.8740234375	0.3	1.0	2	335614	n/a
163.88232421875	0.3	1.0	2	335631	n/a
163.890625	0.3	0.0	1	335648	n/a
163.89892578125	0.3	1.0	2	335665	n/a
163.9072265625	0.3	0.0	1	335682	n/a
163.91552734375	0.3	1.0	2	335699	n/a
163.923828125	0.3	0.0	1	335716	n/a
163.93212890625	0.3	0.0	1	335733	n/a
163.9404296875	0.3	1.0	2	335750	n/a
163.94921875	0.3	1.0	2	335768	n/a
163.95751953125	0.3	0.0	1	335785	n/a
163.9658203125	0.3	0.0	1	335802	n/a
163.97412109375	0.3	1.0	2	335819	n/a
163.982421875	0.3	0.0	1	335836	n/a
163.99072265625	0.3	1.0	2	335853	n/a
163.9990234375	0.3	0.0	1	335870	n/a
164.00732421875	0.3	1.0	2	335887	n/a
164.015625	0.3	0.0	1	335904	n/a
164.02392578125	0.3	1.0	2	335921	n/a
164.0322265625	0.3	0.0	1	335938	n/a
164.04052734375	0.3	1.0	2	335955	n/a
164.048828125	0.3	1.0	2	335972	n/a
164.05712890625	0.3	0.0	1	335989	n/a
164.0654296875	0.3	0.0	1	336006	n/a
164.07421875	0.3	1.0	2	336024	n/a
164.08251953125	0.3	0.0	1	336041	n/a
164.0908203125	0.3	1.0	2	336058	n/a
164.09912109375	0.3	0.0	1	336075	n/a
164.107421875	0.3	1.0	2	336092	n/a
164.11572265625	0.3	1.0	2	336109	n/a
164.1240234375	0.3	0.0	1	336126	n/a
164.13232421875	0.3	1.0	2	336143	n/a
164.140625	0.3	0.0	1	336160	n/a
164.14892578125	0.3	1.0	2	336177	n/a
164.1572265625	0.3	0.0	1	336194	n/a
164.16552734375	0.3	0.0	1	336211	n/a
164.173828125	0.3	1.0	2	336228	n/a
164.18212890625	0.3	1.0	2	336245	n/a
164.1904296875	0.3	0.0	1	336262	n/a
164.19921875	0.3	1.0	2	336280	n/a
164.20751953125	0.3	0.0	1	336297	n/a
164.2158203125	0.3	1.0	2	336314	n/a
164.22412109375	0.3	0.0	1	336331	n/a
164.232421875	0.3	0.0	1	336348	n/a
164.24072265625	0.3	1.0	2	336365	n/a
164.2490234375	0.3	1.0	2	336382	n/a
164.25732421875	0.3	0.0	1	336399	n/a
164.265625	0.3	0.0	1	336416	n/a
164.27392578125	0.3	1.0	2	336433	n/a
164.2822265625	0.3	0.0	1	336450	n/a
164.29052734375	0.3	1.0	2	336467	n/a
164.298828125	0.3	1.0	2	336484	n/a
164.30712890625	0.3	0.0	1	336501	n/a
164.3154296875	0.3	0.0	1	336518	n/a
164.32421875	0.3	1.0	2	336536	n/a
164.33251953125	0.3	1.0	2	336553	n/a
164.3408203125	0.3	0.0	1	336570	n/a
164.34912109375	0.3	1.0	2	336587	n/a
164.357421875	0.3	0.0	1	336604	n/a
164.36572265625	0.3	1.0	2	336621	n/a
164.3740234375	0.3	0.0	1	336638	n/a
164.38232421875	0.3	1.0	2	336655	n/a
164.390625	0.3	0.0	1	336672	n/a
164.39892578125	0.3	1.0	2	336689	n/a
164.4072265625	0.3	0.0	1	336706	n/a
164.41552734375	0.3	0.0	1	336723	n/a
164.423828125	0.3	1.0	2	336740	n/a
164.43212890625	0.3	1.0	2	336757	n/a
164.4404296875	0.3	0.0	1	336774	n/a
164.44921875	0.3	1.0	2	336792	n/a
164.45751953125	0.3	0.0	1	336809	n/a
164.4658203125	0.3	0.0	1	336826	n/a
164.47412109375	0.3	1.0	2	336843	n/a
164.482421875	0.3	1.0	2	336860	n/a
164.49072265625	0.3	0.0	1	336877	n/a
164.4990234375	0.3	0.0	1	336894	n/a
164.50732421875	0.3	1.0	2	336911	n/a
164.515625	0.3	1.0	2	336928	n/a
164.52392578125	0.3	0.0	1	336945	n/a
164.5322265625	0.3	1.0	2	336962	n/a
164.54052734375	0.3	0.0	1	336979	n/a
164.548828125	0.3	0.0	1	336996	n/a
164.55712890625	0.3	1.0	2	337013	n/a
164.5654296875	0.3	0.0	1	337030	n/a
164.57421875	0.3	1.0	2	337048	n/a
164.58251953125	0.3	0.0	1	337065	n/a
164.5908203125	0.3	1.0	2	337082	n/a
164.59912109375	0.3	1.0	2	337099	n/a
164.607421875	0.3	0.0	1	337116	n/a
164.61572265625	0.3	0.0	1	337133	n/a
164.6240234375	0.3	1.0	2	337150	n/a
164.63232421875	0.3	1.0	2	337167	n/a
164.640625	0.3	0.0	1	337184	n/a
164.64892578125	0.3	1.0	2	337201	n/a
164.6572265625	0.3	0.0	1	337218	n/a
164.66552734375	0.3	1.0	2	337235	n/a
164.673828125	0.3	0.0	1	337252	n/a
164.68212890625	0.3	0.0	1	337269	n/a
164.6904296875	0.3	1.0	2	337286	n/a
164.69921875	0.3	0.0	1	337304	n/a
164.70751953125	0.3	1.0	2	337321	n/a
164.7158203125	0.3	0.0	1	337338	n/a
164.72412109375	0.3	1.0	2	337355	n/a
164.732421875	0.3	0.0	1	337372	n/a
164.74072265625	0.3	1.0	2	337389	n/a
164.7490234375	0.3	1.0	2	337406	n/a
164.75732421875	0.3	0.0	1	337423	n/a
164.765625	0.3	1.0	2	337440	n/a
164.77392578125	0.3	0.0	1	337457	n/a
164.7822265625	0.3	0.0	1	337474	n/a
164.79052734375	0.3	1.0	2	337491	n/a
164.798828125	0.3	0.0	1	337508	n/a
164.80712890625	0.3	1.0	2	337525	n/a
164.8154296875	0.3	0.0	1	337542	n/a
164.82421875	0.3	1.0	2	337560	n/a
164.83251953125	0.3	1.0	2	337577	n/a
164.8408203125	0.3	0.0	1	337594	n/a
164.84912109375	0.3	0.0	1	337611	n/a
164.857421875	0.3	1.0	2	337628	n/a
164.86572265625	0.3	0.0	1	337645	n/a
164.8740234375	0.3	1.0	2	337662	n/a
164.88232421875	0.3	1.0	2	337679	n/a
164.890625	0.3	0.0	1	337696	n/a
164.89892578125	0.3	0.0	1	337713	n/a
164.9072265625	0.3	1.0	2	337730	n/a
164.91552734375	0.3	0.0	1	337747	n/a
164.923828125	0.3	1.0	2	337764	n/a
164.93212890625	0.3	1.0	2	337781	n/a
164.9404296875	0.3	0.0	1	337798	n/a
164.94921875	0.3	1.0	2	337816	n/a
164.95751953125	0.3	0.0	1	337833	n/a
164.9658203125	0.3	1.0	2	337850	n/a
164.97412109375	0.3	0.0	1	337867	n/a
164.982421875	0.3	0.0	1	337884	n/a
164.99072265625	0.3	1.0	2	337901	n/a
164.9990234375	0.3	1.0	2	337918	n/a
165.00732421875	0.3	0.0	1	337935	n/a
165.015625	0.3	0.0	1	337952	n/a
165.02392578125	0.3	1.0	2	337969	n/a
165.0322265625	0.3	0.0	1	337986	n/a
165.04052734375	0.3	1.0	2	338003	n/a
165.048828125	0.3	0.0	1	338020	n/a
165.05712890625	0.3	1.0	2	338037	n/a
165.0654296875	0.3	0.0	1	338054	n/a
165.07421875	0.3	1.0	2	338072	n/a
165.08251953125	0.3	0.0	1	338089	n/a
165.0908203125	0.3	1.0	2	338106	n/a
165.09912109375	0.3	1.0	2	338123	n/a
165.107421875	0.3	0.0	1	338140	n/a
165.11572265625	0.3	0.0	1	338157	n/a
165.1240234375	0.3	1.0	2	338174	n/a
165.13232421875	0.3	0.0	1	338191	n/a
165.140625	0.3	1.0	2	338208	n/a
165.14892578125	0.3	0.0	1	338225	n/a
165.1572265625	0.3	1.0	2	338242	n/a
165.16552734375	0.3	1.0	2	338259	n/a
165.173828125	0.3	0.0	1	338276	n/a
165.18212890625	0.3	1.0	2	338293	n/a
165.1904296875	0.3	0.0	1	338310	n/a
165.19921875	0.3	1.0	2	338328	n/a
165.20751953125	0.3	0.0	1	338345	n/a
165.2158203125	0.3	0.0	1	338362	n/a
165.22412109375	0.3	1.0	2	338379	n/a
165.232421875	0.3	1.0	2	338396	n/a
165.24072265625	0.3	0.0	1	338413	n/a
165.2490234375	0.3	1.0	2	338430	n/a
165.25732421875	0.3	0.0	1	338447	n/a
165.265625	0.3	1.0	2	338464	n/a
165.27392578125	0.3	0.0	1	338481	n/a
165.2822265625	0.3	0.0	1	338498	n/a
165.29052734375	0.3	1.0	2	338515	n/a
165.298828125	0.3	1.0	2	338532	n/a
165.30712890625	0.3	0.0	1	338549	n/a
165.3154296875	0.3	0.0	1	338566	n/a
165.32421875	0.3	1.0	2	338584	n/a
165.33251953125	0.3	0.0	1	338601	n/a
165.3408203125	0.3	1.0	2	338618	n/a
165.34912109375	0.3	1.0	2	338635	n/a
165.357421875	0.3	0.0	1	338652	n/a
165.36572265625	0.3	0.0	1	338669	n/a
165.3740234375	0.3	1.0	2	338686	n/a
165.38232421875	0.3	1.0	2	338703	n/a
165.390625	0.3	0.0	1	338720	n/a
165.39892578125	0.3	1.0	2	338737	n/a
165.4072265625	0.3	0.0	1	338754	n/a
165.41552734375	0.3	1.0	2	338771	n/a
165.423828125	0.3	0.0	1	338788	n/a
165.43212890625	0.3	1.0	2	338805	n/a
165.4404296875	0.3	0.0	1	338822	n/a
165.44921875	0.3	1.0	2	338840	n/a
165.45751953125	0.3	0.0	1	338857	n/a
165.4658203125	0.3	0.0	1	338874	n/a
165.47412109375	0.3	1.0	2	338891	n/a
165.482421875	0.3	1.0	2	338908	n/a
165.49072265625	0.3	0.0	1	338925	n/a
165.4990234375	0.3	1.0	2	338942	n/a
165.50732421875	0.3	0.0	1	338959	n/a
165.515625	0.3	0.0	1	338976	n/a
165.52392578125	0.3	1.0	2	338993	n/a
165.5322265625	0.3	1.0	2	339010	n/a
165.54052734375	0.3	0.0	1	339027	n/a
165.548828125	0.3	0.0	1	339044	n/a
165.55712890625	0.3	1.0	2	339061	n/a
165.5654296875	0.3	1.0	2	339078	n/a
165.57421875	0.3	0.0	1	339096	n/a
165.58251953125	0.3	1.0	2	339113	n/a
165.5908203125	0.3	0.0	1	339130	n/a
165.59912109375	0.3	0.0	1	339147	n/a
165.607421875	0.3	1.0	2	339164	n/a
165.61572265625	0.3	0.0	1	339181	n/a
165.6240234375	0.3	1.0	2	339198	n/a
165.63232421875	0.3	0.0	1	339215	n/a
165.640625	0.3	1.0	2	339232	n/a
165.64892578125	0.3	1.0	2	339249	n/a
165.6572265625	0.3	0.0	1	339266	n/a
165.66552734375	0.3	0.0	1	339283	n/a
165.673828125	0.3	1.0	2	339300	n/a
165.68212890625	0.3	1.0	2	339317	n/a
165.6904296875	0.3	0.0	1	339334	n/a
165.69921875	0.3	1.0	2	339352	n/a
165.70751953125	0.3	0.0	1	339369	n/a
165.7158203125	0.3	1.0	2	339386	n/a
165.72412109375	0.3	0.0	1	339403	n/a
165.732421875	0.3	0.0	1	339420	n/a
165.74072265625	0.3	1.0	2	339437	n/a
165.7490234375	0.3	0.0	1	339454	n/a
165.75732421875	0.3	1.0	2	339471	n/a
165.765625	0.3	0.0	1	339488	n/a
165.77392578125	0.3	1.0	2	339505	n/a
165.7822265625	0.3	0.0	1	339522	n/a
165.79052734375	0.3	1.0	2	339539	n/a
165.798828125	0.3	1.0	2	339556	n/a
165.80712890625	0.3	0.0	1	339573	n/a
165.8154296875	0.3	1.0	2	339590	n/a
165.82421875	0.3	0.0	1	339608	n/a
165.83251953125	0.3	0.0	1	339625	n/a
165.8408203125	0.3	1.0	2	339642	n/a
165.84912109375	0.3	0.0	1	339659	n/a
165.857421875	0.3	1.0	2	339676	n/a
165.86572265625	0.3	0.0	1	339693	n/a
165.8740234375	0.3	1.0	2	339710	n/a
165.88232421875	0.3	1.0	2	339727	n/a
165.890625	0.3	0.0	1	339744	n/a
165.89892578125	0.3	0.0	1	339761	n/a
165.9072265625	0.3	1.0	2	339778	n/a
165.91552734375	0.3	0.0	1	339795	n/a
165.923828125	0.3	1.0	2	339812	n/a
165.93212890625	0.3	1.0	2	339829	n/a
165.9404296875	0.3	0.0	1	339846	n/a
165.94921875	0.3	0.0	1	339864	n/a
165.95751953125	0.3	1.0	2	339881	n/a
165.9658203125	0.3	0.0	1	339898	n/a
165.97412109375	0.3	1.0	2	339915	n/a
165.982421875	0.3	1.0	2	339932	n/a
165.99072265625	0.3	0.0	1	339949	n/a
165.9990234375	0.3	1.0	2	339966	n/a
166.00732421875	0.3	0.0	1	339983	n/a
166.015625	0.3	1.0	2	340000	n/a
166.02392578125	0.3	0.0	1	340017	n/a
166.0322265625	0.3	0.0	1	340034	n/a
166.04052734375	0.3	1.0	2	340051	n/a
166.048828125	0.3	1.0	2	340068	n/a
166.05712890625	0.3	0.0	1	340085	n/a
166.0654296875	0.3	0.0	1	340102	n/a
166.07421875	0.3	1.0	2	340120	n/a
166.08251953125	0.3	0.0	1	340137	n/a
166.0908203125	0.3	1.0	2	340154	n/a
166.09912109375	0.3	0.0	1	340171	n/a
166.107421875	0.3	1.0	2	340188	n/a
166.11572265625	0.3	0.0	1	340205	n/a
166.1240234375	0.3	1.0	2	340222	n/a
166.13232421875	0.3	0.0	1	340239	n/a
166.140625	0.3	1.0	2	340256	n/a
166.14892578125	0.3	1.0	2	340273	n/a
166.1572265625	0.3	0.0	1	340290	n/a
166.16552734375	0.3	0.0	1	340307	n/a
166.173828125	0.3	1.0	2	340324	n/a
166.18212890625	0.3	0.0	1	340341	n/a
166.1904296875	0.3	1.0	2	340358	n/a
166.19921875	0.3	0.0	1	340376	n/a
166.20751953125	0.3	1.0	2	340393	n/a
166.2158203125	0.3	1.0	2	340410	n/a
166.22412109375	0.3	0.0	1	340427	n/a
166.232421875	0.3	1.0	2	340444	n/a
166.24072265625	0.3	0.0	1	340461	n/a
166.2490234375	0.3	1.0	2	340478	n/a
166.25732421875	0.3	0.0	1	340495	n/a
166.265625	0.3	0.0	1	340512	n/a
166.27392578125	0.3	1.0	2	340529	n/a
166.2822265625	0.3	1.0	2	340546	n/a
166.29052734375	0.3	0.0	1	340563	n/a
166.298828125	0.3	1.0	2	340580	n/a
166.30712890625	0.3	0.0	1	340597	n/a
166.3154296875	0.3	1.0	2	340614	n/a
166.32421875	0.3	0.0	1	340632	n/a
166.33251953125	0.3	0.0	1	340649	n/a
166.3408203125	0.3	1.0	2	340666	n/a
166.34912109375	0.3	1.0	2	340683	n/a
166.357421875	0.3	0.0	1	340700	n/a
166.36572265625	0.3	0.0	1	340717	n/a
166.3740234375	0.3	1.0	2	340734	n/a
166.38232421875	0.3	0.0	1	340751	n/a
166.390625	0.3	1.0	2	340768	n/a
166.39892578125	0.3	1.0	2	340785	n/a
166.4072265625	0.3	0.0	1	340802	n/a
166.41552734375	0.3	0.0	1	340819	n/a
166.423828125	0.3	1.0	2	340836	n/a
166.43212890625	0.3	1.0	2	340853	n/a
166.4404296875	0.3	0.0	1	340870	n/a
166.44921875	0.3	1.0	2	340888	n/a
166.45751953125	0.3	0.0	1	340905	n/a
166.4658203125	0.3	1.0	2	340922	n/a
166.47412109375	0.3	0.0	1	340939	n/a
166.482421875	0.3	1.0	2	340956	n/a
166.49072265625	0.3	0.0	1	340973	n/a
166.4990234375	0.3	1.0	2	340990	n/a
166.50732421875	0.3	0.0	1	341007	n/a
166.515625	0.3	0.0	1	341024	n/a
166.52392578125	0.3	1.0	2	341041	n/a
166.5322265625	0.3	1.0	2	341058	n/a
166.54052734375	0.3	0.0	1	341075	n/a
166.548828125	0.3	1.0	2	341092	n/a
166.55712890625	0.3	0.0	1	341109	n/a
166.5654296875	0.3	0.0	1	341126	n/a
166.57421875	0.3	1.0	2	341144	n/a
166.58251953125	0.3	1.0	2	341161	n/a
166.5908203125	0.3	0.0	1	341178	n/a
166.59912109375	0.3	0.0	1	341195	n/a
166.607421875	0.3	1.0	2	341212	n/a
166.61572265625	0.3	1.0	2	341229	n/a
166.6240234375	0.3	0.0	1	341246	n/a
166.63232421875	0.3	1.0	2	341263	n/a
166.640625	0.3	0.0	1	341280	n/a
166.64892578125	0.3	0.0	1	341297	n/a
166.6572265625	0.3	1.0	2	341314	n/a
166.66552734375	0.3	0.0	1	341331	n/a
166.673828125	0.3	1.0	2	341348	n/a
166.68212890625	0.3	0.0	1	341365	n/a
166.6904296875	0.3	1.0	2	341382	n/a
166.69921875	0.3	1.0	2	341400	n/a
166.70751953125	0.3	0.0	1	341417	n/a
166.7158203125	0.3	0.0	1	341434	n/a
166.72412109375	0.3	1.0	2	341451	n/a
166.732421875	0.3	1.0	2	341468	n/a
166.74072265625	0.3	0.0	1	341485	n/a
166.7490234375	0.3	1.0	2	341502	n/a
166.75732421875	0.3	0.0	1	341519	n/a
166.765625	0.3	1.0	2	341536	n/a
166.77392578125	0.3	0.0	1	341553	n/a
166.7822265625	0.3	0.0	1	341570	n/a
166.79052734375	0.3	1.0	2	341587	n/a
166.798828125	0.3	0.0	1	341604	n/a
166.80712890625	0.3	1.0	2	341621	n/a
166.8154296875	0.3	0.0	1	341638	n/a
166.82421875	0.3	1.0	2	341656	n/a
166.83251953125	0.3	0.0	1	341673	n/a
166.8408203125	0.3	1.0	2	341690	n/a
166.84912109375	0.3	1.0	2	341707	n/a
166.857421875	0.3	0.0	1	341724	n/a
166.86572265625	0.3	1.0	2	341741	n/a
166.8740234375	0.3	0.0	1	341758	n/a
166.88232421875	0.3	0.0	1	341775	n/a
166.890625	0.3	1.0	2	341792	n/a
166.89892578125	0.3	0.0	1	341809	n/a
166.9072265625	0.3	1.0	2	341826	n/a
166.91552734375	0.3	0.0	1	341843	n/a
166.923828125	0.3	1.0	2	341860	n/a
166.93212890625	0.3	1.0	2	341877	n/a
166.9404296875	0.3	0.0	1	341894	n/a
166.94921875	0.3	0.0	1	341912	n/a
166.95751953125	0.3	1.0	2	341929	n/a
166.9658203125	0.3	0.0	1	341946	n/a
166.97412109375	0.3	1.0	2	341963	n/a
166.982421875	0.3	1.0	2	341980	n/a
166.99072265625	0.3	0.0	1	341997	n/a
166.9990234375	0.3	0.0	1	342014	n/a
167.00732421875	0.3	1.0	2	342031	n/a
167.015625	0.3	0.0	1	342048	n/a
167.02392578125	0.3	1.0	2	342065	n/a
167.0322265625	0.3	1.0	2	342082	n/a
167.04052734375	0.3	0.0	1	342099	n/a
167.048828125	0.3	1.0	2	342116	n/a
167.05712890625	0.3	0.0	1	342133	n/a
167.0654296875	0.3	1.0	2	342150	n/a
167.07421875	0.3	0.0	1	342168	n/a
169.46630859375	0.3	1.0	2	347067	25.0
169.474609375	0.3	0.0	1	347084	n/a
169.48291015625	0.3	1.0	2	347101	n/a
169.4912109375	0.3	0.0	1	347118	n/a
169.49951171875	0.3	1.0	2	347135	n/a
169.5078125	0.3	0.0	1	347152	n/a
169.51611328125	0.3	1.0	2	347169	n/a
169.5244140625	0.3	0.0	1	347186	n/a
169.533203125	0.3	1.0	2	347204	n/a
169.54150390625	0.3	0.0	1	347221	n/a
169.5498046875	0.3	1.0	2	347238	n/a
169.55810546875	0.3	0.0	1	347255	n/a
169.56640625	0.3	1.0	2	347272	n/a
169.57470703125	0.3	0.0	1	347289	n/a
169.5830078125	0.3	0.0	1	347306	n/a
169.59130859375	0.3	1.0	2	347323	n/a
169.599609375	0.3	0.0	1	347340	n/a
169.60791015625	0.3	1.0	2	347357	n/a
169.6162109375	0.3	0.0	1	347374	n/a
169.62451171875	0.3	1.0	2	347391	n/a
169.6328125	0.3	1.0	2	347408	n/a
169.64111328125	0.3	0.0	1	347425	n/a
169.6494140625	0.3	1.0	2	347442	n/a
169.658203125	0.3	0.0	1	347460	n/a
169.66650390625	0.3	0.0	1	347477	n/a
169.6748046875	0.3	1.0	2	347494	n/a
169.68310546875	0.3	1.0	2	347511	n/a
169.69140625	0.3	0.0	1	347528	n/a
169.69970703125	0.3	1.0	2	347545	n/a
169.7080078125	0.3	0.0	1	347562	n/a
169.71630859375	0.3	1.0	2	347579	n/a
169.724609375	0.3	0.0	1	347596	n/a
169.73291015625	0.3	1.0	2	347613	n/a
169.7412109375	0.3	0.0	1	347630	n/a
169.74951171875	0.3	1.0	2	347647	n/a
169.7578125	0.3	0.0	1	347664	n/a
169.76611328125	0.3	1.0	2	347681	n/a
169.7744140625	0.3	0.0	1	347698	n/a
169.783203125	0.3	0.0	1	347716	n/a
169.79150390625	0.3	1.0	2	347733	n/a
169.7998046875	0.3	0.0	1	347750	n/a
169.80810546875	0.3	1.0	2	347767	n/a
169.81640625	0.3	0.0	1	347784	n/a
169.82470703125	0.3	1.0	2	347801	n/a
169.8330078125	0.3	0.0	1	347818	n/a
169.84130859375	0.3	1.0	2	347835	n/a
169.849609375	0.3	1.0	2	347852	n/a
169.85791015625	0.3	0.0	1	347869	n/a
169.8662109375	0.3	0.0	1	347886	n/a
169.87451171875	0.3	1.0	2	347903	n/a
169.8828125	0.3	0.0	1	347920	n/a
169.89111328125	0.3	1.0	2	347937	n/a
169.8994140625	0.3	1.0	2	347954	n/a
169.908203125	0.3	0.0	1	347972	n/a
169.91650390625	0.3	0.0	1	347989	n/a
169.9248046875	0.3	1.0	2	348006	n/a
169.93310546875	0.3	0.0	1	348023	n/a
169.94140625	0.3	1.0	2	348040	n/a
169.94970703125	0.3	1.0	2	348057	n/a
169.9580078125	0.3	0.0	1	348074	n/a
169.96630859375	0.3	1.0	2	348091	n/a
169.974609375	0.3	0.0	1	348108	n/a
169.98291015625	0.3	0.0	1	348125	n/a
169.9912109375	0.3	1.0	2	348142	n/a
169.99951171875	0.3	0.0	1	348159	n/a
170.0078125	0.3	1.0	2	348176	n/a
170.01611328125	0.3	0.0	1	348193	n/a
170.0244140625	0.3	1.0	2	348210	n/a
170.033203125	0.3	1.0	2	348228	n/a
170.04150390625	0.3	0.0	1	348245	n/a
170.0498046875	0.3	1.0	2	348262	n/a
170.05810546875	0.3	0.0	1	348279	n/a
170.06640625	0.3	0.0	1	348296	n/a
170.07470703125	0.3	1.0	2	348313	n/a
170.0830078125	0.3	0.0	1	348330	n/a
170.09130859375	0.3	1.0	2	348347	n/a
170.099609375	0.3	0.0	1	348364	n/a
170.10791015625	0.3	1.0	2	348381	n/a
170.1162109375	0.3	1.0	2	348398	n/a
170.12451171875	0.3	0.0	1	348415	n/a
170.1328125	0.3	0.0	1	348432	n/a
170.14111328125	0.3	1.0	2	348449	n/a
170.1494140625	0.3	0.0	1	348466	n/a
170.158203125	0.3	1.0	2	348484	n/a
170.16650390625	0.3	0.0	1	348501	n/a
170.1748046875	0.3	1.0	2	348518	n/a
170.18310546875	0.3	0.0	1	348535	n/a
170.19140625	0.3	1.0	2	348552	n/a
170.19970703125	0.3	1.0	2	348569	n/a
170.2080078125	0.3	0.0	1	348586	n/a
170.21630859375	0.3	0.0	1	348603	n/a
170.224609375	0.3	1.0	2	348620	n/a
170.23291015625	0.3	0.0	1	348637	n/a
170.2412109375	0.3	1.0	2	348654	n/a
170.24951171875	0.3	1.0	2	348671	n/a
170.2578125	0.3	0.0	1	348688	n/a
170.26611328125	0.3	0.0	1	348705	n/a
170.2744140625	0.3	1.0	2	348722	n/a
170.283203125	0.3	1.0	2	348740	n/a
170.29150390625	0.3	0.0	1	348757	n/a
170.2998046875	0.3	0.0	1	348774	n/a
170.30810546875	0.3	1.0	2	348791	n/a
170.31640625	0.3	0.0	1	348808	n/a
170.32470703125	0.3	1.0	2	348825	n/a
170.3330078125	0.3	0.0	1	348842	n/a
170.34130859375	0.3	1.0	2	348859	n/a
170.349609375	0.3	0.0	1	348876	n/a
170.35791015625	0.3	1.0	2	348893	n/a
170.3662109375	0.3	1.0	2	348910	n/a
170.37451171875	0.3	0.0	1	348927	n/a
170.3828125	0.3	1.0	2	348944	n/a
170.39111328125	0.3	0.0	1	348961	n/a
170.3994140625	0.3	1.0	2	348978	n/a
170.408203125	0.3	0.0	1	348996	n/a
170.41650390625	0.3	0.0	1	349013	n/a
170.4248046875	0.3	1.0	2	349030	n/a
170.43310546875	0.3	0.0	1	349047	n/a
170.44140625	0.3	1.0	2	349064	n/a
170.44970703125	0.3	0.0	1	349081	n/a
170.4580078125	0.3	1.0	2	349098	n/a
170.46630859375	0.3	1.0	2	349115	n/a
170.474609375	0.3	0.0	1	349132	n/a
170.48291015625	0.3	1.0	2	349149	n/a
170.4912109375	0.3	0.0	1	349166	n/a
170.49951171875	0.3	1.0	2	349183	n/a
170.5078125	0.3	0.0	1	349200	n/a
170.51611328125	0.3	1.0	2	349217	n/a
170.5244140625	0.3	0.0	1	349234	n/a
170.533203125	0.3	1.0	2	349252	n/a
170.54150390625	0.3	0.0	1	349269	n/a
170.5498046875	0.3	1.0	2	349286	n/a
170.55810546875	0.3	0.0	1	349303	n/a
170.56640625	0.3	1.0	2	349320	n/a
170.57470703125	0.3	0.0	1	349337	n/a
170.5830078125	0.3	1.0	2	349354	n/a
170.59130859375	0.3	0.0	1	349371	n/a
170.599609375	0.3	1.0	2	349388	n/a
170.60791015625	0.3	0.0	1	349405	n/a
170.6162109375	0.3	1.0	2	349422	n/a
170.62451171875	0.3	0.0	1	349439	n/a
170.6328125	0.3	0.0	1	349456	n/a
170.64111328125	0.3	1.0	2	349473	n/a
170.6494140625	0.3	0.0	1	349490	n/a
170.658203125	0.3	1.0	2	349508	n/a
170.66650390625	0.3	0.0	1	349525	n/a
170.6748046875	0.3	1.0	2	349542	n/a
170.68310546875	0.3	1.0	2	349559	n/a
170.69140625	0.3	0.0	1	349576	n/a
170.69970703125	0.3	1.0	2	349593	n/a
170.7080078125	0.3	0.0	1	349610	n/a
170.71630859375	0.3	0.0	1	349627	n/a
170.724609375	0.3	1.0	2	349644	n/a
170.73291015625	0.3	1.0	2	349661	n/a
170.7412109375	0.3	0.0	1	349678	n/a
170.74951171875	0.3	1.0	2	349695	n/a
170.7578125	0.3	0.0	1	349712	n/a
170.76611328125	0.3	1.0	2	349729	n/a
170.7744140625	0.3	0.0	1	349746	n/a
170.783203125	0.3	1.0	2	349764	n/a
170.79150390625	0.3	0.0	1	349781	n/a
170.7998046875	0.3	1.0	2	349798	n/a
170.80810546875	0.3	0.0	1	349815	n/a
170.81640625	0.3	1.0	2	349832	n/a
170.82470703125	0.3	0.0	1	349849	n/a
170.8330078125	0.3	0.0	1	349866	n/a
170.84130859375	0.3	1.0	2	349883	n/a
170.849609375	0.3	0.0	1	349900	n/a
170.85791015625	0.3	1.0	2	349917	n/a
170.8662109375	0.3	0.0	1	349934	n/a
170.87451171875	0.3	1.0	2	349951	n/a
170.8828125	0.3	0.0	1	349968	n/a
170.89111328125	0.3	1.0	2	349985	n/a
170.8994140625	0.3	1.0	2	350002	n/a
170.908203125	0.3	0.0	1	350020	n/a
170.91650390625	0.3	0.0	1	350037	n/a
170.9248046875	0.3	1.0	2	350054	n/a
170.93310546875	0.3	0.0	1	350071	n/a
170.94140625	0.3	1.0	2	350088	n/a
170.94970703125	0.3	1.0	2	350105	n/a
170.9580078125	0.3	0.0	1	350122	n/a
170.96630859375	0.3	0.0	1	350139	n/a
170.974609375	0.3	1.0	2	350156	n/a
170.98291015625	0.3	0.0	1	350173	n/a
170.9912109375	0.3	1.0	2	350190	n/a
170.99951171875	0.3	1.0	2	350207	n/a
171.0078125	0.3	0.0	1	350224	n/a
171.01611328125	0.3	1.0	2	350241	n/a
171.0244140625	0.3	0.0	1	350258	n/a
171.033203125	0.3	0.0	1	350276	n/a
171.04150390625	0.3	1.0	2	350293	n/a
171.0498046875	0.3	0.0	1	350310	n/a
171.05810546875	0.3	1.0	2	350327	n/a
171.06640625	0.3	0.0	1	350344	n/a
171.07470703125	0.3	1.0	2	350361	n/a
171.0830078125	0.3	1.0	2	350378	n/a
171.09130859375	0.3	0.0	1	350395	n/a
171.099609375	0.3	1.0	2	350412	n/a
171.10791015625	0.3	0.0	1	350429	n/a
171.1162109375	0.3	0.0	1	350446	n/a
171.12451171875	0.3	1.0	2	350463	n/a
171.1328125	0.3	0.0	1	350480	n/a
171.14111328125	0.3	1.0	2	350497	n/a
171.1494140625	0.3	0.0	1	350514	n/a
171.158203125	0.3	1.0	2	350532	n/a
171.16650390625	0.3	1.0	2	350549	n/a
171.1748046875	0.3	0.0	1	350566	n/a
171.18310546875	0.3	0.0	1	350583	n/a
171.19140625	0.3	1.0	2	350600	n/a
171.19970703125	0.3	0.0	1	350617	n/a
171.2080078125	0.3	1.0	2	350634	n/a
171.21630859375	0.3	0.0	1	350651	n/a
171.224609375	0.3	1.0	2	350668	n/a
171.23291015625	0.3	0.0	1	350685	n/a
171.2412109375	0.3	1.0	2	350702	n/a
171.24951171875	0.3	1.0	2	350719	n/a
171.2578125	0.3	0.0	1	350736	n/a
171.26611328125	0.3	0.0	1	350753	n/a
171.2744140625	0.3	1.0	2	350770	n/a
171.283203125	0.3	0.0	1	350788	n/a
171.29150390625	0.3	1.0	2	350805	n/a
171.2998046875	0.3	1.0	2	350822	n/a
171.30810546875	0.3	0.0	1	350839	n/a
171.31640625	0.3	0.0	1	350856	n/a
171.32470703125	0.3	1.0	2	350873	n/a
171.3330078125	0.3	1.0	2	350890	n/a
171.34130859375	0.3	0.0	1	350907	n/a
171.349609375	0.3	0.0	1	350924	n/a
171.35791015625	0.3	1.0	2	350941	n/a
171.3662109375	0.3	0.0	1	350958	n/a
171.37451171875	0.3	1.0	2	350975	n/a
171.3828125	0.3	0.0	1	350992	n/a
171.39111328125	0.3	1.0	2	351009	n/a
171.3994140625	0.3	0.0	1	351026	n/a
171.408203125	0.3	1.0	2	351044	n/a
171.41650390625	0.3	1.0	2	351061	n/a
171.4248046875	0.3	0.0	1	351078	n/a
171.43310546875	0.3	1.0	2	351095	n/a
171.44140625	0.3	0.0	1	351112	n/a
171.44970703125	0.3	1.0	2	351129	n/a
171.4580078125	0.3	0.0	1	351146	n/a
171.46630859375	0.3	0.0	1	351163	n/a
171.474609375	0.3	1.0	2	351180	n/a
171.48291015625	0.3	0.0	1	351197	n/a
171.4912109375	0.3	1.0	2	351214	n/a
171.49951171875	0.3	0.0	1	351231	n/a
171.5078125	0.3	1.0	2	351248	n/a
171.51611328125	0.3	1.0	2	351265	n/a
171.5244140625	0.3	0.0	1	351282	n/a
171.533203125	0.3	1.0	2	351300	n/a
171.54150390625	0.3	0.0	1	351317	n/a
171.5498046875	0.3	1.0	2	351334	n/a
171.55810546875	0.3	0.0	1	351351	n/a
171.56640625	0.3	1.0	2	351368	n/a
171.57470703125	0.3	0.0	1	351385	n/a
171.5830078125	0.3	1.0	2	351402	n/a
171.59130859375	0.3	0.0	1	351419	n/a
171.599609375	0.3	1.0	2	351436	n/a
171.60791015625	0.3	0.0	1	351453	n/a
171.6162109375	0.3	1.0	2	351470	n/a
171.62451171875	0.3	0.0	1	351487	n/a
171.6328125	0.3	1.0	2	351504	n/a
171.64111328125	0.3	0.0	1	351521	n/a
171.6494140625	0.3	1.0	2	351538	n/a
171.658203125	0.3	0.0	1	351556	n/a
171.66650390625	0.3	1.0	2	351573	n/a
171.6748046875	0.3	0.0	1	351590	n/a
171.68310546875	0.3	0.0	1	351607	n/a
171.69140625	0.3	1.0	2	351624	n/a
171.69970703125	0.3	0.0	1	351641	n/a
171.7080078125	0.3	1.0	2	351658	n/a
171.71630859375	0.3	0.0	1	351675	n/a
171.724609375	0.3	1.0	2	351692	n/a
171.73291015625	0.3	1.0	2	351709	n/a
171.7412109375	0.3	0.0	1	351726	n/a
171.74951171875	0.3	1.0	2	351743	n/a
171.7578125	0.3	0.0	1	351760	n/a
171.76611328125	0.3	0.0	1	351777	n/a
171.7744140625	0.3	1.0	2	351794	n/a
171.783203125	0.3	1.0	2	351812	n/a
171.79150390625	0.3	0.0	1	351829	n/a
171.7998046875	0.3	1.0	2	351846	n/a
171.80810546875	0.3	0.0	1	351863	n/a
171.81640625	0.3	1.0	2	351880	n/a
171.82470703125	0.3	0.0	1	351897	n/a
171.8330078125	0.3	1.0	2	351914	n/a
171.84130859375	0.3	0.0	1	351931	n/a
171.849609375	0.3	1.0	2	351948	n/a
171.85791015625	0.3	0.0	1	351965	n/a
171.8662109375	0.3	1.0	2	351982	n/a
171.87451171875	0.3	0.0	1	351999	n/a
171.8828125	0.3	0.0	1	352016	n/a
171.89111328125	0.3	1.0	2	352033	n/a
171.8994140625	0.3	0.0	1	352050	n/a
171.908203125	0.3	1.0	2	352068	n/a
171.91650390625	0.3	0.0	1	352085	n/a
171.9248046875	0.3	1.0	2	352102	n/a
171.93310546875	0.3	0.0	1	352119	n/a
171.94140625	0.3	1.0	2	352136	n/a
171.94970703125	0.3	1.0	2	352153	n/a
171.9580078125	0.3	0.0	1	352170	n/a
171.96630859375	0.3	0.0	1	352187	n/a
171.974609375	0.3	1.0	2	352204	n/a
171.98291015625	0.3	0.0	1	352221	n/a
171.9912109375	0.3	1.0	2	352238	n/a
171.99951171875	0.3	1.0	2	352255	n/a
172.0078125	0.3	0.0	1	352272	n/a
172.01611328125	0.3	0.0	1	352289	n/a
172.0244140625	0.3	1.0	2	352306	n/a
172.033203125	0.3	0.0	1	352324	n/a
172.04150390625	0.3	1.0	2	352341	n/a
172.0498046875	0.3	1.0	2	352358	n/a
172.05810546875	0.3	0.0	1	352375	n/a
172.06640625	0.3	1.0	2	352392	n/a
172.07470703125	0.3	0.0	1	352409	n/a
172.0830078125	0.3	0.0	1	352426	n/a
172.09130859375	0.3	1.0	2	352443	n/a
172.099609375	0.3	0.0	1	352460	n/a
172.10791015625	0.3	1.0	2	352477	n/a
172.1162109375	0.3	0.0	1	352494	n/a
172.12451171875	0.3	1.0	2	352511	n/a
172.1328125	0.3	1.0	2	352528	n/a
172.14111328125	0.3	0.0	1	352545	n/a
172.1494140625	0.3	1.0	2	352562	n/a
172.158203125	0.3	0.0	1	352580	n/a
172.16650390625	0.3	0.0	1	352597	n/a
172.1748046875	0.3	1.0	2	352614	n/a
172.18310546875	0.3	0.0	1	352631	n/a
172.19140625	0.3	1.0	2	352648	n/a
172.19970703125	0.3	0.0	1	352665	n/a
172.2080078125	0.3	1.0	2	352682	n/a
172.21630859375	0.3	1.0	2	352699	n/a
172.224609375	0.3	0.0	1	352716	n/a
172.23291015625	0.3	0.0	1	352733	n/a
172.2412109375	0.3	1.0	2	352750	n/a
172.24951171875	0.3	0.0	1	352767	n/a
172.2578125	0.3	1.0	2	352784	n/a
172.26611328125	0.3	0.0	1	352801	n/a
172.2744140625	0.3	1.0	2	352818	n/a
172.283203125	0.3	0.0	1	352836	n/a
172.29150390625	0.3	1.0	2	352853	n/a
172.2998046875	0.3	1.0	2	352870	n/a
172.30810546875	0.3	0.0	1	352887	n/a
172.31640625	0.3	0.0	1	352904	n/a
172.32470703125	0.3	1.0	2	352921	n/a
172.3330078125	0.3	0.0	1	352938	n/a
172.34130859375	0.3	1.0	2	352955	n/a
172.349609375	0.3	1.0	2	352972	n/a
172.35791015625	0.3	0.0	1	352989	n/a
172.3662109375	0.3	0.0	1	353006	n/a
172.37451171875	0.3	1.0	2	353023	n/a
172.3828125	0.3	1.0	2	353040	n/a
172.39111328125	0.3	0.0	1	353057	n/a
172.3994140625	0.3	0.0	1	353074	n/a
172.408203125	0.3	1.0	2	353092	n/a
172.41650390625	0.3	0.0	1	353109	n/a
172.4248046875	0.3	1.0	2	353126	n/a
172.43310546875	0.3	0.0	1	353143	n/a
172.44140625	0.3	1.0	2	353160	n/a
172.44970703125	0.3	0.0	1	353177	n/a
172.4580078125	0.3	1.0	2	353194	n/a
172.46630859375	0.3	1.0	2	353211	n/a
172.474609375	0.3	0.0	1	353228	n/a
172.48291015625	0.3	1.0	2	353245	n/a
172.4912109375	0.3	0.0	1	353262	n/a
172.49951171875	0.3	1.0	2	353279	n/a
172.5078125	0.3	0.0	1	353296	n/a
172.51611328125	0.3	0.0	1	353313	n/a
172.5244140625	0.3	1.0	2	353330	n/a
172.533203125	0.3	0.0	1	353348	n/a
172.54150390625	0.3	1.0	2	353365	n/a
172.5498046875	0.3	0.0	1	353382	n/a
172.55810546875	0.3	1.0	2	353399	n/a
172.56640625	0.3	1.0	2	353416	n/a
172.57470703125	0.3	0.0	1	353433	n/a
172.5830078125	0.3	1.0	2	353450	n/a
172.59130859375	0.3	0.0	1	353467	n/a
172.599609375	0.3	1.0	2	353484	n/a
172.60791015625	0.3	0.0	1	353501	n/a
172.6162109375	0.3	1.0	2	353518	n/a
172.62451171875	0.3	0.0	1	353535	n/a
172.6328125	0.3	1.0	2	353552	n/a
172.64111328125	0.3	0.0	1	353569	n/a
172.6494140625	0.3	1.0	2	353586	n/a
172.658203125	0.3	0.0	1	353604	n/a
172.66650390625	0.3	1.0	2	353621	n/a
172.6748046875	0.3	0.0	1	353638	n/a
172.68310546875	0.3	1.0	2	353655	n/a
172.69140625	0.3	0.0	1	353672	n/a
172.69970703125	0.3	1.0	2	353689	n/a
172.7080078125	0.3	0.0	1	353706	n/a
172.71630859375	0.3	1.0	2	353723	n/a
172.724609375	0.3	0.0	1	353740	n/a
172.73291015625	0.3	0.0	1	353757	n/a
172.7412109375	0.3	1.0	2	353774	n/a
172.74951171875	0.3	0.0	1	353791	n/a
172.7578125	0.3	1.0	2	353808	n/a
172.76611328125	0.3	0.0	1	353825	n/a
172.7744140625	0.3	1.0	2	353842	n/a
172.783203125	0.3	1.0	2	353860	n/a
172.79150390625	0.3	0.0	1	353877	n/a
172.7998046875	0.3	1.0	2	353894	n/a
172.80810546875	0.3	0.0	1	353911	n/a
172.81640625	0.3	0.0	1	353928	n/a
172.82470703125	0.3	1.0	2	353945	n/a
172.8330078125	0.3	1.0	2	353962	n/a
172.84130859375	0.3	0.0	1	353979	n/a
172.849609375	0.3	1.0	2	353996	n/a
172.85791015625	0.3	0.0	1	354013	n/a
172.8662109375	0.3	1.0	2	354030	n/a
172.87451171875	0.3	0.0	1	354047	n/a
172.8828125	0.3	1.0	2	354064	n/a
172.89111328125	0.3	0.0	1	354081	n/a
172.8994140625	0.3	1.0	2	354098	n/a
172.908203125	0.3	0.0	1	354116	n/a
172.91650390625	0.3	1.0	2	354133	n/a
172.9248046875	0.3	0.0	1	354150	n/a
172.93310546875	0.3	0.0	1	354167	n/a
172.94140625	0.3	1.0	2	354184	n/a
172.94970703125	0.3	0.0	1	354201	n/a
172.9580078125	0.3	1.0	2	354218	n/a
172.96630859375	0.3	0.0	1	354235	n/a
172.974609375	0.3	1.0	2	354252	n/a
172.98291015625	0.3	0.0	1	354269	n/a
172.9912109375	0.3	1.0	2	354286	n/a
172.99951171875	0.3	1.0	2	354303	n/a
173.0078125	0.3	0.0	1	354320	n/a
173.01611328125	0.3	0.0	1	354337	n/a
173.0244140625	0.3	1.0	2	354354	n/a
173.033203125	0.3	0.0	1	354372	n/a
173.04150390625	0.3	1.0	2	354389	n/a
173.0498046875	0.3	1.0	2	354406	n/a
173.05810546875	0.3	0.0	1	354423	n/a
173.06640625	0.3	0.0	1	354440	n/a
173.07470703125	0.3	1.0	2	354457	n/a
173.0830078125	0.3	0.0	1	354474	n/a
173.09130859375	0.3	1.0	2	354491	n/a
173.099609375	0.3	1.0	2	354508	n/a
173.10791015625	0.3	0.0	1	354525	n/a
173.1162109375	0.3	1.0	2	354542	n/a
173.12451171875	0.3	0.0	1	354559	n/a
173.1328125	0.3	0.0	1	354576	n/a
173.14111328125	0.3	1.0	2	354593	n/a
173.1494140625	0.3	0.0	1	354610	n/a
173.158203125	0.3	1.0	2	354628	n/a
173.16650390625	0.3	0.0	1	354645	n/a
173.1748046875	0.3	1.0	2	354662	n/a
173.18310546875	0.3	1.0	2	354679	n/a
173.19140625	0.3	0.0	1	354696	n/a
173.19970703125	0.3	1.0	2	354713	n/a
173.2080078125	0.3	0.0	1	354730	n/a
173.21630859375	0.3	0.0	1	354747	n/a
173.224609375	0.3	1.0	2	354764	n/a
173.23291015625	0.3	0.0	1	354781	n/a
173.2412109375	0.3	1.0	2	354798	n/a
173.24951171875	0.3	0.0	1	354815	n/a
173.2578125	0.3	1.0	2	354832	n/a
173.26611328125	0.3	1.0	2	354849	n/a
173.2744140625	0.3	0.0	1	354866	n/a
173.283203125	0.3	0.0	1	354884	n/a
173.29150390625	0.3	1.0	2	354901	n/a
173.2998046875	0.3	0.0	1	354918	n/a
173.30810546875	0.3	1.0	2	354935	n/a
173.31640625	0.3	0.0	1	354952	n/a
173.32470703125	0.3	1.0	2	354969	n/a
173.3330078125	0.3	0.0	1	354986	n/a
173.34130859375	0.3	1.0	2	355003	n/a
173.349609375	0.3	1.0	2	355020	n/a
173.35791015625	0.3	0.0	1	355037	n/a
173.3662109375	0.3	0.0	1	355054	n/a
173.37451171875	0.3	1.0	2	355071	n/a
173.3828125	0.3	0.0	1	355088	n/a
173.39111328125	0.3	1.0	2	355105	n/a
173.3994140625	0.3	1.0	2	355122	n/a
173.408203125	0.3	0.0	1	355140	n/a
173.41650390625	0.3	0.0	1	355157	n/a
173.4248046875	0.3	1.0	2	355174	n/a
173.43310546875	0.3	1.0	2	355191	n/a
173.44140625	0.3	0.0	1	355208	n/a
173.44970703125	0.3	0.0	1	355225	n/a
173.4580078125	0.3	1.0	2	355242	n/a
173.46630859375	0.3	0.0	1	355259	n/a
173.474609375	0.3	1.0	2	355276	n/a
173.48291015625	0.3	0.0	1	355293	n/a
173.4912109375	0.3	1.0	2	355310	n/a
173.49951171875	0.3	0.0	1	355327	n/a
173.5078125	0.3	1.0	2	355344	n/a
173.51611328125	0.3	1.0	2	355361	n/a
173.5244140625	0.3	0.0	1	355378	n/a
173.533203125	0.3	1.0	2	355396	n/a
173.54150390625	0.3	0.0	1	355413	n/a
173.5498046875	0.3	1.0	2	355430	n/a
173.55810546875	0.3	0.0	1	355447	n/a
173.56640625	0.3	0.0	1	355464	n/a
173.57470703125	0.3	1.0	2	355481	n/a
173.5830078125	0.3	0.0	1	355498	n/a
173.59130859375	0.3	1.0	2	355515	n/a
173.599609375	0.3	0.0	1	355532	n/a
173.60791015625	0.3	1.0	2	355549	n/a
173.6162109375	0.3	1.0	2	355566	n/a
173.62451171875	0.3	0.0	1	355583	n/a
173.6328125	0.3	1.0	2	355600	n/a
173.64111328125	0.3	0.0	1	355617	n/a
173.6494140625	0.3	1.0	2	355634	n/a
173.658203125	0.3	0.0	1	355652	n/a
176.03369140625	0.3	1.0	2	360517	14.0
176.0419921875	0.3	0.0	1	360534	n/a
176.05029296875	0.3	1.0	2	360551	n/a
176.05859375	0.3	0.0	1	360568	n/a
176.06689453125	0.3	0.0	1	360585	n/a
176.0751953125	0.3	1.0	2	360602	n/a
176.08349609375	0.3	1.0	2	360619	n/a
176.091796875	0.3	0.0	1	360636	n/a
176.1005859375	0.3	0.0	1	360654	n/a
176.10888671875	0.3	1.0	2	360671	n/a
176.1171875	0.3	0.0	1	360688	n/a
176.12548828125	0.3	1.0	2	360705	n/a
176.1337890625	0.3	0.0	1	360722	n/a
176.14208984375	0.3	1.0	2	360739	n/a
176.150390625	0.3	1.0	2	360756	n/a
176.15869140625	0.3	0.0	1	360773	n/a
176.1669921875	0.3	1.0	2	360790	n/a
176.17529296875	0.3	0.0	1	360807	n/a
176.18359375	0.3	1.0	2	360824	n/a
176.19189453125	0.3	0.0	1	360841	n/a
176.2001953125	0.3	1.0	2	360858	n/a
176.20849609375	0.3	0.0	1	360875	n/a
176.216796875	0.3	1.0	2	360892	n/a
176.2255859375	0.3	0.0	1	360910	n/a
176.23388671875	0.3	1.0	2	360927	n/a
176.2421875	0.3	0.0	1	360944	n/a
176.25048828125	0.3	1.0	2	360961	n/a
176.2587890625	0.3	0.0	1	360978	n/a
176.26708984375	0.3	0.0	1	360995	n/a
176.275390625	0.3	1.0	2	361012	n/a
176.28369140625	0.3	1.0	2	361029	n/a
176.2919921875	0.3	0.0	1	361046	n/a
176.30029296875	0.3	0.0	1	361063	n/a
176.30859375	0.3	1.0	2	361080	n/a
176.31689453125	0.3	1.0	2	361097	n/a
176.3251953125	0.3	0.0	1	361114	n/a
176.33349609375	0.3	1.0	2	361131	n/a
176.341796875	0.3	0.0	1	361148	n/a
176.3505859375	0.3	0.0	1	361166	n/a
176.35888671875	0.3	1.0	2	361183	n/a
176.3671875	0.3	1.0	2	361200	n/a
176.37548828125	0.3	0.0	1	361217	n/a
176.3837890625	0.3	1.0	2	361234	n/a
176.39208984375	0.3	0.0	1	361251	n/a
176.400390625	0.3	0.0	1	361268	n/a
176.40869140625	0.3	1.0	2	361285	n/a
176.4169921875	0.3	1.0	2	361302	n/a
176.42529296875	0.3	0.0	1	361319	n/a
176.43359375	0.3	1.0	2	361336	n/a
176.44189453125	0.3	0.0	1	361353	n/a
176.4501953125	0.3	1.0	2	361370	n/a
176.45849609375	0.3	0.0	1	361387	n/a
176.466796875	0.3	0.0	1	361404	n/a
176.4755859375	0.3	1.0	2	361422	n/a
176.48388671875	0.3	1.0	2	361439	n/a
176.4921875	0.3	0.0	1	361456	n/a
176.50048828125	0.3	0.0	1	361473	n/a
176.5087890625	0.3	1.0	2	361490	n/a
176.51708984375	0.3	0.0	1	361507	n/a
176.525390625	0.3	1.0	2	361524	n/a
176.53369140625	0.3	0.0	1	361541	n/a
176.5419921875	0.3	1.0	2	361558	n/a
176.55029296875	0.3	1.0	2	361575	n/a
176.55859375	0.3	0.0	1	361592	n/a
176.56689453125	0.3	0.0	1	361609	n/a
176.5751953125	0.3	1.0	2	361626	n/a
176.58349609375	0.3	1.0	2	361643	n/a
176.591796875	0.3	0.0	1	361660	n/a
176.6005859375	0.3	1.0	2	361678	n/a
176.60888671875	0.3	0.0	1	361695	n/a
176.6171875	0.3	0.0	1	361712	n/a
176.62548828125	0.3	1.0	2	361729	n/a
176.6337890625	0.3	1.0	2	361746	n/a
176.64208984375	0.3	0.0	1	361763	n/a
176.650390625	0.3	0.0	1	361780	n/a
176.65869140625	0.3	1.0	2	361797	n/a
176.6669921875	0.3	1.0	2	361814	n/a
176.67529296875	0.3	0.0	1	361831	n/a
176.68359375	0.3	1.0	2	361848	n/a
176.69189453125	0.3	0.0	1	361865	n/a
176.7001953125	0.3	0.0	1	361882	n/a
176.70849609375	0.3	1.0	2	361899	n/a
176.716796875	0.3	1.0	2	361916	n/a
176.7255859375	0.3	0.0	1	361934	n/a
176.73388671875	0.3	1.0	2	361951	n/a
176.7421875	0.3	0.0	1	361968	n/a
176.75048828125	0.3	0.0	1	361985	n/a
176.7587890625	0.3	1.0	2	362002	n/a
176.76708984375	0.3	0.0	1	362019	n/a
176.775390625	0.3	1.0	2	362036	n/a
176.78369140625	0.3	1.0	2	362053	n/a
176.7919921875	0.3	0.0	1	362070	n/a
176.80029296875	0.3	0.0	1	362087	n/a
176.80859375	0.3	1.0	2	362104	n/a
176.81689453125	0.3	1.0	2	362121	n/a
176.8251953125	0.3	0.0	1	362138	n/a
176.83349609375	0.3	0.0	1	362155	n/a
176.841796875	0.3	1.0	2	362172	n/a
176.8505859375	0.3	0.0	1	362190	n/a
176.85888671875	0.3	1.0	2	362207	n/a
176.8671875	0.3	0.0	1	362224	n/a
176.87548828125	0.3	1.0	2	362241	n/a
176.8837890625	0.3	0.0	1	362258	n/a
176.89208984375	0.3	1.0	2	362275	n/a
176.900390625	0.3	1.0	2	362292	n/a
176.90869140625	0.3	0.0	1	362309	n/a
176.9169921875	0.3	0.0	1	362326	n/a
176.92529296875	0.3	1.0	2	362343	n/a
176.93359375	0.3	1.0	2	362360	n/a
176.94189453125	0.3	0.0	1	362377	n/a
176.9501953125	0.3	1.0	2	362394	n/a
176.95849609375	0.3	0.0	1	362411	n/a
176.966796875	0.3	1.0	2	362428	n/a
176.9755859375	0.3	0.0	1	362446	n/a
176.98388671875	0.3	1.0	2	362463	n/a
176.9921875	0.3	0.0	1	362480	n/a
177.00048828125	0.3	1.0	2	362497	n/a
177.0087890625	0.3	0.0	1	362514	n/a
177.01708984375	0.3	1.0	2	362531	n/a
177.025390625	0.3	0.0	1	362548	n/a
177.03369140625	0.3	1.0	2	362565	n/a
177.0419921875	0.3	0.0	1	362582	n/a
177.05029296875	0.3	1.0	2	362599	n/a
177.05859375	0.3	0.0	1	362616	n/a
177.06689453125	0.3	1.0	2	362633	n/a
177.0751953125	0.3	0.0	1	362650	n/a
177.08349609375	0.3	1.0	2	362667	n/a
177.091796875	0.3	0.0	1	362684	n/a
177.1005859375	0.3	1.0	2	362702	n/a
177.10888671875	0.3	0.0	1	362719	n/a
177.1171875	0.3	0.0	1	362736	n/a
177.12548828125	0.3	1.0	2	362753	n/a
177.1337890625	0.3	1.0	2	362770	n/a
177.14208984375	0.3	0.0	1	362787	n/a
177.150390625	0.3	0.0	1	362804	n/a
177.15869140625	0.3	1.0	2	362821	n/a
177.1669921875	0.3	0.0	1	362838	n/a
177.17529296875	0.3	1.0	2	362855	n/a
177.18359375	0.3	0.0	1	362872	n/a
177.19189453125	0.3	1.0	2	362889	n/a
177.2001953125	0.3	1.0	2	362906	n/a
177.20849609375	0.3	0.0	1	362923	n/a
177.216796875	0.3	1.0	2	362940	n/a
177.2255859375	0.3	0.0	1	362958	n/a
177.23388671875	0.3	1.0	2	362975	n/a
177.2421875	0.3	0.0	1	362992	n/a
177.25048828125	0.3	1.0	2	363009	n/a
177.2587890625	0.3	0.0	1	363026	n/a
177.26708984375	0.3	1.0	2	363043	n/a
177.275390625	0.3	0.0	1	363060	n/a
177.28369140625	0.3	1.0	2	363077	n/a
177.2919921875	0.3	0.0	1	363094	n/a
177.30029296875	0.3	1.0	2	363111	n/a
177.30859375	0.3	0.0	1	363128	n/a
177.31689453125	0.3	0.0	1	363145	n/a
177.3251953125	0.3	1.0	2	363162	n/a
177.33349609375	0.3	1.0	2	363179	n/a
177.341796875	0.3	0.0	1	363196	n/a
177.3505859375	0.3	0.0	1	363214	n/a
177.35888671875	0.3	1.0	2	363231	n/a
177.3671875	0.3	1.0	2	363248	n/a
177.37548828125	0.3	0.0	1	363265	n/a
177.3837890625	0.3	1.0	2	363282	n/a
177.39208984375	0.3	0.0	1	363299	n/a
177.400390625	0.3	0.0	1	363316	n/a
177.40869140625	0.3	1.0	2	363333	n/a
177.4169921875	0.3	1.0	2	363350	n/a
177.42529296875	0.3	0.0	1	363367	n/a
177.43359375	0.3	1.0	2	363384	n/a
177.44189453125	0.3	0.0	1	363401	n/a
177.4501953125	0.3	0.0	1	363418	n/a
177.45849609375	0.3	1.0	2	363435	n/a
177.466796875	0.3	1.0	2	363452	n/a
177.4755859375	0.3	0.0	1	363470	n/a
177.48388671875	0.3	1.0	2	363487	n/a
177.4921875	0.3	0.0	1	363504	n/a
177.50048828125	0.3	1.0	2	363521	n/a
177.5087890625	0.3	0.0	1	363538	n/a
177.51708984375	0.3	0.0	1	363555	n/a
177.525390625	0.3	1.0	2	363572	n/a
177.53369140625	0.3	1.0	2	363589	n/a
177.5419921875	0.3	0.0	1	363606	n/a
177.55029296875	0.3	0.0	1	363623	n/a
177.55859375	0.3	1.0	2	363640	n/a
177.56689453125	0.3	0.0	1	363657	n/a
177.5751953125	0.3	1.0	2	363674	n/a
177.58349609375	0.3	0.0	1	363691	n/a
177.591796875	0.3	1.0	2	363708	n/a
177.6005859375	0.3	1.0	2	363726	n/a
177.60888671875	0.3	0.0	1	363743	n/a
177.6171875	0.3	0.0	1	363760	n/a
177.62548828125	0.3	1.0	2	363777	n/a
177.6337890625	0.3	1.0	2	363794	n/a
177.64208984375	0.3	0.0	1	363811	n/a
177.650390625	0.3	1.0	2	363828	n/a
177.65869140625	0.3	0.0	1	363845	n/a
177.6669921875	0.3	0.0	1	363862	n/a
177.67529296875	0.3	1.0	2	363879	n/a
177.68359375	0.3	1.0	2	363896	n/a
177.69189453125	0.3	0.0	1	363913	n/a
177.7001953125	0.3	0.0	1	363930	n/a
177.70849609375	0.3	1.0	2	363947	n/a
177.716796875	0.3	1.0	2	363964	n/a
177.7255859375	0.3	0.0	1	363982	n/a
177.73388671875	0.3	1.0	2	363999	n/a
177.7421875	0.3	0.0	1	364016	n/a
177.75048828125	0.3	0.0	1	364033	n/a
177.7587890625	0.3	1.0	2	364050	n/a
177.76708984375	0.3	1.0	2	364067	n/a
177.775390625	0.3	0.0	1	364084	n/a
177.78369140625	0.3	1.0	2	364101	n/a
177.7919921875	0.3	0.0	1	364118	n/a
177.80029296875	0.3	0.0	1	364135	n/a
177.80859375	0.3	1.0	2	364152	n/a
177.81689453125	0.3	0.0	1	364169	n/a
177.8251953125	0.3	1.0	2	364186	n/a
177.83349609375	0.3	1.0	2	364203	n/a
177.841796875	0.3	0.0	1	364220	n/a
177.8505859375	0.3	0.0	1	364238	n/a
177.85888671875	0.3	1.0	2	364255	n/a
177.8671875	0.3	1.0	2	364272	n/a
177.87548828125	0.3	0.0	1	364289	n/a
177.8837890625	0.3	0.0	1	364306	n/a
177.89208984375	0.3	1.0	2	364323	n/a
177.900390625	0.3	0.0	1	364340	n/a
177.90869140625	0.3	1.0	2	364357	n/a
177.9169921875	0.3	0.0	1	364374	n/a
177.92529296875	0.3	1.0	2	364391	n/a
177.93359375	0.3	0.0	1	364408	n/a
177.94189453125	0.3	1.0	2	364425	n/a
177.9501953125	0.3	1.0	2	364442	n/a
177.95849609375	0.3	0.0	1	364459	n/a
177.966796875	0.3	0.0	1	364476	n/a
177.9755859375	0.3	1.0	2	364494	n/a
177.98388671875	0.3	1.0	2	364511	n/a
177.9921875	0.3	0.0	1	364528	n/a
178.00048828125	0.3	1.0	2	364545	n/a
178.0087890625	0.3	0.0	1	364562	n/a
178.01708984375	0.3	1.0	2	364579	n/a
178.025390625	0.3	0.0	1	364596	n/a
178.03369140625	0.3	1.0	2	364613	n/a
178.0419921875	0.3	0.0	1	364630	n/a
178.05029296875	0.3	1.0	2	364647	n/a
178.05859375	0.3	0.0	1	364664	n/a
178.06689453125	0.3	1.0	2	364681	n/a
178.0751953125	0.3	0.0	1	364698	n/a
178.08349609375	0.3	1.0	2	364715	n/a
178.091796875	0.3	0.0	1	364732	n/a
178.1005859375	0.3	1.0	2	364750	n/a
178.10888671875	0.3	0.0	1	364767	n/a
178.1171875	0.3	1.0	2	364784	n/a
178.12548828125	0.3	0.0	1	364801	n/a
178.1337890625	0.3	1.0	2	364818	n/a
178.14208984375	0.3	0.0	1	364835	n/a
178.150390625	0.3	1.0	2	364852	n/a
178.15869140625	0.3	0.0	1	364869	n/a
178.1669921875	0.3	0.0	1	364886	n/a
178.17529296875	0.3	1.0	2	364903	n/a
178.18359375	0.3	1.0	2	364920	n/a
178.19189453125	0.3	0.0	1	364937	n/a
178.2001953125	0.3	0.0	1	364954	n/a
178.20849609375	0.3	1.0	2	364971	n/a
178.216796875	0.3	0.0	1	364988	n/a
178.2255859375	0.3	1.0	2	365006	n/a
178.23388671875	0.3	0.0	1	365023	n/a
178.2421875	0.3	1.0	2	365040	n/a
178.25048828125	0.3	1.0	2	365057	n/a
178.2587890625	0.3	0.0	1	365074	n/a
178.26708984375	0.3	1.0	2	365091	n/a
178.275390625	0.3	0.0	1	365108	n/a
178.28369140625	0.3	1.0	2	365125	n/a
178.2919921875	0.3	0.0	1	365142	n/a
178.30029296875	0.3	1.0	2	365159	n/a
178.30859375	0.3	0.0	1	365176	n/a
178.31689453125	0.3	1.0	2	365193	n/a
178.3251953125	0.3	0.0	1	365210	n/a
178.33349609375	0.3	1.0	2	365227	n/a
178.341796875	0.3	0.0	1	365244	n/a
178.3505859375	0.3	1.0	2	365262	n/a
178.35888671875	0.3	0.0	1	365279	n/a
178.3671875	0.3	0.0	1	365296	n/a
178.37548828125	0.3	1.0	2	365313	n/a
178.3837890625	0.3	1.0	2	365330	n/a
178.39208984375	0.3	0.0	1	365347	n/a
178.400390625	0.3	0.0	1	365364	n/a
178.40869140625	0.3	1.0	2	365381	n/a
178.4169921875	0.3	1.0	2	365398	n/a
178.42529296875	0.3	0.0	1	365415	n/a
178.43359375	0.3	1.0	2	365432	n/a
178.44189453125	0.3	0.0	1	365449	n/a
178.4501953125	0.3	0.0	1	365466	n/a
178.45849609375	0.3	1.0	2	365483	n/a
178.466796875	0.3	1.0	2	365500	n/a
178.4755859375	0.3	0.0	1	365518	n/a
178.48388671875	0.3	1.0	2	365535	n/a
178.4921875	0.3	0.0	1	365552	n/a
178.50048828125	0.3	0.0	1	365569	n/a
178.5087890625	0.3	1.0	2	365586	n/a
178.51708984375	0.3	1.0	2	365603	n/a
178.525390625	0.3	0.0	1	365620	n/a
178.53369140625	0.3	1.0	2	365637	n/a
178.5419921875	0.3	0.0	1	365654	n/a
178.55029296875	0.3	1.0	2	365671	n/a
178.55859375	0.3	0.0	1	365688	n/a
178.56689453125	0.3	0.0	1	365705	n/a
178.5751953125	0.3	1.0	2	365722	n/a
178.58349609375	0.3	1.0	2	365739	n/a
178.591796875	0.3	0.0	1	365756	n/a
178.6005859375	0.3	0.0	1	365774	n/a
178.60888671875	0.3	1.0	2	365791	n/a
178.6171875	0.3	0.0	1	365808	n/a
178.62548828125	0.3	1.0	2	365825	n/a
178.6337890625	0.3	0.0	1	365842	n/a
178.64208984375	0.3	1.0	2	365859	n/a
178.650390625	0.3	1.0	2	365876	n/a
178.65869140625	0.3	0.0	1	365893	n/a
178.6669921875	0.3	0.0	1	365910	n/a
178.67529296875	0.3	1.0	2	365927	n/a
178.68359375	0.3	1.0	2	365944	n/a
178.69189453125	0.3	0.0	1	365961	n/a
178.7001953125	0.3	1.0	2	365978	n/a
178.70849609375	0.3	0.0	1	365995	n/a
178.716796875	0.3	0.0	1	366012	n/a
178.7255859375	0.3	1.0	2	366030	n/a
178.73388671875	0.3	1.0	2	366047	n/a
178.7421875	0.3	0.0	1	366064	n/a
178.75048828125	0.3	0.0	1	366081	n/a
178.7587890625	0.3	1.0	2	366098	n/a
178.76708984375	0.3	1.0	2	366115	n/a
178.775390625	0.3	0.0	1	366132	n/a
178.78369140625	0.3	1.0	2	366149	n/a
178.7919921875	0.3	0.0	1	366166	n/a
178.80029296875	0.3	0.0	1	366183	n/a
178.80859375	0.3	1.0	2	366200	n/a
178.81689453125	0.3	1.0	2	366217	n/a
178.8251953125	0.3	0.0	1	366234	n/a
178.83349609375	0.3	1.0	2	366251	n/a
178.841796875	0.3	0.0	1	366268	n/a
178.8505859375	0.3	0.0	1	366286	n/a
178.85888671875	0.3	1.0	2	366303	n/a
178.8671875	0.3	0.0	1	366320	n/a
178.87548828125	0.3	1.0	2	366337	n/a
178.8837890625	0.3	1.0	2	366354	n/a
178.89208984375	0.3	0.0	1	366371	n/a
178.900390625	0.3	0.0	1	366388	n/a
178.90869140625	0.3	1.0	2	366405	n/a
178.9169921875	0.3	1.0	2	366422	n/a
178.92529296875	0.3	0.0	1	366439	n/a
178.93359375	0.3	0.0	1	366456	n/a
178.94189453125	0.3	1.0	2	366473	n/a
178.9501953125	0.3	0.0	1	366490	n/a
178.95849609375	0.3	1.0	2	366507	n/a
178.966796875	0.3	0.0	1	366524	n/a
178.9755859375	0.3	1.0	2	366542	n/a
178.98388671875	0.3	0.0	1	366559	n/a
178.9921875	0.3	1.0	2	366576	n/a
179.00048828125	0.3	1.0	2	366593	n/a
179.0087890625	0.3	0.0	1	366610	n/a
179.01708984375	0.3	0.0	1	366627	n/a
179.025390625	0.3	1.0	2	366644	n/a
179.03369140625	0.3	1.0	2	366661	n/a
179.0419921875	0.3	0.0	1	366678	n/a
179.05029296875	0.3	1.0	2	366695	n/a
179.05859375	0.3	0.0	1	366712	n/a
179.06689453125	0.3	1.0	2	366729	n/a
179.0751953125	0.3	0.0	1	366746	n/a
179.08349609375	0.3	1.0	2	366763	n/a
179.091796875	0.3	0.0	1	366780	n/a
179.1005859375	0.3	1.0	2	366798	n/a
179.10888671875	0.3	0.0	1	366815	n/a
179.1171875	0.3	1.0	2	366832	n/a
179.12548828125	0.3	0.0	1	366849	n/a
179.1337890625	0.3	1.0	2	366866	n/a
179.14208984375	0.3	0.0	1	366883	n/a
179.150390625	0.3	1.0	2	366900	n/a
179.15869140625	0.3	0.0	1	366917	n/a
179.1669921875	0.3	1.0	2	366934	n/a
179.17529296875	0.3	0.0	1	366951	n/a
179.18359375	0.3	1.0	2	366968	n/a
179.19189453125	0.3	0.0	1	366985	n/a
179.2001953125	0.3	1.0	2	367002	n/a
179.20849609375	0.3	0.0	1	367019	n/a
179.216796875	0.3	0.0	1	367036	n/a
179.2255859375	0.3	1.0	2	367054	n/a
179.23388671875	0.3	1.0	2	367071	n/a
179.2421875	0.3	0.0	1	367088	n/a
179.25048828125	0.3	0.0	1	367105	n/a
179.2587890625	0.3	1.0	2	367122	n/a
179.26708984375	0.3	0.0	1	367139	n/a
179.275390625	0.3	1.0	2	367156	n/a
179.28369140625	0.3	0.0	1	367173	n/a
179.2919921875	0.3	1.0	2	367190	n/a
179.30029296875	0.3	1.0	2	367207	n/a
179.30859375	0.3	0.0	1	367224	n/a
179.31689453125	0.3	1.0	2	367241	n/a
179.3251953125	0.3	0.0	1	367258	n/a
179.33349609375	0.3	1.0	2	367275	n/a
179.341796875	0.3	0.0	1	367292	n/a
179.3505859375	0.3	1.0	2	367310	n/a
179.35888671875	0.3	0.0	1	367327	n/a
179.3671875	0.3	1.0	2	367344	n/a
179.37548828125	0.3	0.0	1	367361	n/a
179.3837890625	0.3	1.0	2	367378	n/a
179.39208984375	0.3	0.0	1	367395	n/a
179.400390625	0.3	1.0	2	367412	n/a
179.40869140625	0.3	0.0	1	367429	n/a
179.4169921875	0.3	0.0	1	367446	n/a
179.42529296875	0.3	1.0	2	367463	n/a
179.43359375	0.3	1.0	2	367480	n/a
179.44189453125	0.3	0.0	1	367497	n/a
179.4501953125	0.3	0.0	1	367514	n/a
179.45849609375	0.3	1.0	2	367531	n/a
179.466796875	0.3	1.0	2	367548	n/a
179.4755859375	0.3	0.0	1	367566	n/a
179.48388671875	0.3	1.0	2	367583	n/a
179.4921875	0.3	0.0	1	367600	n/a
179.50048828125	0.3	0.0	1	367617	n/a
179.5087890625	0.3	1.0	2	367634	n/a
179.51708984375	0.3	1.0	2	367651	n/a
179.525390625	0.3	0.0	1	367668	n/a
179.53369140625	0.3	1.0	2	367685	n/a
179.5419921875	0.3	0.0	1	367702	n/a
179.55029296875	0.3	0.0	1	367719	n/a
179.55859375	0.3	1.0	2	367736	n/a
179.56689453125	0.3	1.0	2	367753	n/a
179.5751953125	0.3	0.0	1	367770	n/a
179.58349609375	0.3	1.0	2	367787	n/a
179.591796875	0.3	0.0	1	367804	n/a
179.6005859375	0.3	1.0	2	367822	n/a
179.60888671875	0.3	0.0	1	367839	n/a
179.6171875	0.3	0.0	1	367856	n/a
179.62548828125	0.3	1.0	2	367873	n/a
179.6337890625	0.3	1.0	2	367890	n/a
179.64208984375	0.3	0.0	1	367907	n/a
179.650390625	0.3	0.0	1	367924	n/a
179.65869140625	0.3	1.0	2	367941	n/a
179.6669921875	0.3	0.0	1	367958	n/a
179.67529296875	0.3	1.0	2	367975	n/a
179.68359375	0.3	0.0	1	367992	n/a
179.69189453125	0.3	1.0	2	368009	n/a
179.7001953125	0.3	1.0	2	368026	n/a
179.70849609375	0.3	0.0	1	368043	n/a
179.716796875	0.3	0.0	1	368060	n/a
179.7255859375	0.3	1.0	2	368078	n/a
179.73388671875	0.3	1.0	2	368095	n/a
179.7421875	0.3	0.0	1	368112	n/a
179.75048828125	0.3	1.0	2	368129	n/a
179.7587890625	0.3	0.0	1	368146	n/a
179.76708984375	0.3	0.0	1	368163	n/a
179.775390625	0.3	1.0	2	368180	n/a
179.78369140625	0.3	1.0	2	368197	n/a
179.7919921875	0.3	0.0	1	368214	n/a
179.80029296875	0.3	0.0	1	368231	n/a
179.80859375	0.3	1.0	2	368248	n/a
179.81689453125	0.3	1.0	2	368265	n/a
179.8251953125	0.3	0.0	1	368282	n/a
179.83349609375	0.3	1.0	2	368299	n/a
179.841796875	0.3	0.0	1	368316	n/a
179.8505859375	0.3	0.0	1	368334	n/a
179.85888671875	0.3	1.0	2	368351	n/a
179.8671875	0.3	1.0	2	368368	n/a
179.87548828125	0.3	0.0	1	368385	n/a
179.8837890625	0.3	1.0	2	368402	n/a
179.89208984375	0.3	0.0	1	368419	n/a
179.900390625	0.3	0.0	1	368436	n/a
179.90869140625	0.3	1.0	2	368453	n/a
179.9169921875	0.3	0.0	1	368470	n/a
179.92529296875	0.3	1.0	2	368487	n/a
179.93359375	0.3	1.0	2	368504	n/a
179.94189453125	0.3	0.0	1	368521	n/a
179.9501953125	0.3	0.0	1	368538	n/a
179.95849609375	0.3	1.0	2	368555	n/a
179.966796875	0.3	1.0	2	368572	n/a
179.9755859375	0.3	0.0	1	368590	n/a
179.98388671875	0.3	0.0	1	368607	n/a
179.9921875	0.3	1.0	2	368624	n/a
180.00048828125	0.3	0.0	1	368641	n/a
180.0087890625	0.3	1.0	2	368658	n/a
180.01708984375	0.3	0.0	1	368675	n/a
180.025390625	0.3	1.0	2	368692	n/a
180.03369140625	0.3	0.0	1	368709	n/a
180.0419921875	0.3	1.0	2	368726	n/a
180.05029296875	0.3	1.0	2	368743	n/a
180.05859375	0.3	0.0	1	368760	n/a
180.06689453125	0.3	0.0	1	368777	n/a
180.0751953125	0.3	1.0	2	368794	n/a
180.08349609375	0.3	1.0	2	368811	n/a
180.091796875	0.3	0.0	1	368828	n/a
180.1005859375	0.3	1.0	2	368846	n/a
180.10888671875	0.3	0.0	1	368863	n/a
180.1171875	0.3	1.0	2	368880	n/a
180.12548828125	0.3	0.0	1	368897	n/a
180.1337890625	0.3	1.0	2	368914	n/a
180.14208984375	0.3	0.0	1	368931	n/a
180.150390625	0.3	1.0	2	368948	n/a
180.15869140625	0.3	0.0	1	368965	n/a
180.1669921875	0.3	1.0	2	368982	n/a
180.17529296875	0.3	0.0	1	368999	n/a
180.18359375	0.3	1.0	2	369016	n/a
180.19189453125	0.3	0.0	1	369033	n/a
180.2001953125	0.3	1.0	2	369050	n/a
180.20849609375	0.3	0.0	1	369067	n/a
180.216796875	0.3	1.0	2	369084	n/a
180.2255859375	0.3	0.0	1	369102	n/a
182.60009765625	0.3	0.0	1	373965	16.0
182.6083984375	0.3	1.0	2	373982	n/a
182.61669921875	0.3	0.0	1	373999	n/a
182.625	0.3	1.0	2	374016	n/a
182.63330078125	0.3	0.0	1	374033	n/a
182.6416015625	0.3	1.0	2	374050	n/a
182.64990234375	0.3	1.0	2	374067	n/a
182.658203125	0.3	0.0	1	374084	n/a
182.6669921875	0.3	0.0	1	374102	n/a
182.67529296875	0.3	1.0	2	374119	n/a
182.68359375	0.3	1.0	2	374136	n/a
182.69189453125	0.3	0.0	1	374153	n/a
182.7001953125	0.3	0.0	1	374170	n/a
182.70849609375	0.3	1.0	2	374187	n/a
182.716796875	0.3	1.0	2	374204	n/a
182.72509765625	0.3	0.0	1	374221	n/a
182.7333984375	0.3	0.0	1	374238	n/a
182.74169921875	0.3	1.0	2	374255	n/a
182.75	0.3	1.0	2	374272	n/a
182.75830078125	0.3	0.0	1	374289	n/a
182.7666015625	0.3	1.0	2	374306	n/a
182.77490234375	0.3	0.0	1	374323	n/a
182.783203125	0.3	1.0	2	374340	n/a
182.7919921875	0.3	0.0	1	374358	n/a
182.80029296875	0.3	1.0	2	374375	n/a
182.80859375	0.3	0.0	1	374392	n/a
182.81689453125	0.3	0.0	1	374409	n/a
182.8251953125	0.3	1.0	2	374426	n/a
182.83349609375	0.3	1.0	2	374443	n/a
182.841796875	0.3	0.0	1	374460	n/a
182.85009765625	0.3	0.0	1	374477	n/a
182.8583984375	0.3	1.0	2	374494	n/a
182.86669921875	0.3	0.0	1	374511	n/a
182.875	0.3	1.0	2	374528	n/a
182.88330078125	0.3	1.0	2	374545	n/a
182.8916015625	0.3	0.0	1	374562	n/a
182.89990234375	0.3	1.0	2	374579	n/a
182.908203125	0.3	0.0	1	374596	n/a
182.9169921875	0.3	0.0	1	374614	n/a
182.92529296875	0.3	1.0	2	374631	n/a
182.93359375	0.3	1.0	2	374648	n/a
182.94189453125	0.3	0.0	1	374665	n/a
182.9501953125	0.3	0.0	1	374682	n/a
182.95849609375	0.3	1.0	2	374699	n/a
182.966796875	0.3	0.0	1	374716	n/a
182.97509765625	0.3	1.0	2	374733	n/a
182.9833984375	0.3	0.0	1	374750	n/a
182.99169921875	0.3	1.0	2	374767	n/a
183.0	0.3	0.0	1	374784	n/a
183.00830078125	0.3	1.0	2	374801	n/a
183.0166015625	0.3	0.0	1	374818	n/a
183.02490234375	0.3	1.0	2	374835	n/a
183.033203125	0.3	1.0	2	374852	n/a
183.0419921875	0.3	0.0	1	374870	n/a
183.05029296875	0.3	0.0	1	374887	n/a
183.05859375	0.3	1.0	2	374904	n/a
183.06689453125	0.3	1.0	2	374921	n/a
183.0751953125	0.3	0.0	1	374938	n/a
183.08349609375	0.3	0.0	1	374955	n/a
183.091796875	0.3	1.0	2	374972	n/a
183.10009765625	0.3	0.0	1	374989	n/a
183.1083984375	0.3	1.0	2	375006	n/a
183.11669921875	0.3	0.0	1	375023	n/a
183.125	0.3	1.0	2	375040	n/a
183.13330078125	0.3	0.0	1	375057	n/a
183.1416015625	0.3	1.0	2	375074	n/a
183.14990234375	0.3	0.0	1	375091	n/a
183.158203125	0.3	1.0	2	375108	n/a
183.1669921875	0.3	1.0	2	375126	n/a
183.17529296875	0.3	0.0	1	375143	n/a
183.18359375	0.3	1.0	2	375160	n/a
183.19189453125	0.3	0.0	1	375177	n/a
183.2001953125	0.3	1.0	2	375194	n/a
183.20849609375	0.3	0.0	1	375211	n/a
183.216796875	0.3	0.0	1	375228	n/a
183.22509765625	0.3	1.0	2	375245	n/a
183.2333984375	0.3	1.0	2	375262	n/a
183.24169921875	0.3	0.0	1	375279	n/a
183.25	0.3	0.0	1	375296	n/a
183.25830078125	0.3	1.0	2	375313	n/a
183.2666015625	0.3	1.0	2	375330	n/a
183.27490234375	0.3	0.0	1	375347	n/a
183.283203125	0.3	1.0	2	375364	n/a
183.2919921875	0.3	0.0	1	375382	n/a
183.30029296875	0.3	1.0	2	375399	n/a
183.30859375	0.3	0.0	1	375416	n/a
183.31689453125	0.3	1.0	2	375433	n/a
183.3251953125	0.3	0.0	1	375450	n/a
183.33349609375	0.3	1.0	2	375467	n/a
183.341796875	0.3	0.0	1	375484	n/a
183.35009765625	0.3	0.0	1	375501	n/a
183.3583984375	0.3	1.0	2	375518	n/a
183.36669921875	0.3	1.0	2	375535	n/a
183.375	0.3	0.0	1	375552	n/a
183.38330078125	0.3	1.0	2	375569	n/a
183.3916015625	0.3	0.0	1	375586	n/a
183.39990234375	0.3	1.0	2	375603	n/a
183.408203125	0.3	0.0	1	375620	n/a
183.4169921875	0.3	1.0	2	375638	n/a
183.42529296875	0.3	0.0	1	375655	n/a
183.43359375	0.3	1.0	2	375672	n/a
183.44189453125	0.3	0.0	1	375689	n/a
183.4501953125	0.3	0.0	1	375706	n/a
183.45849609375	0.3	1.0	2	375723	n/a
183.466796875	0.3	0.0	1	375740	n/a
183.47509765625	0.3	1.0	2	375757	n/a
183.4833984375	0.3	0.0	1	375774	n/a
183.49169921875	0.3	1.0	2	375791	n/a
183.5	0.3	0.0	1	375808	n/a
183.50830078125	0.3	1.0	2	375825	n/a
183.5166015625	0.3	0.0	1	375842	n/a
183.52490234375	0.3	1.0	2	375859	n/a
183.533203125	0.3	1.0	2	375876	n/a
183.5419921875	0.3	0.0	1	375894	n/a
183.55029296875	0.3	0.0	1	375911	n/a
183.55859375	0.3	1.0	2	375928	n/a
183.56689453125	0.3	1.0	2	375945	n/a
183.5751953125	0.3	0.0	1	375962	n/a
183.58349609375	0.3	1.0	2	375979	n/a
183.591796875	0.3	0.0	1	375996	n/a
183.60009765625	0.3	0.0	1	376013	n/a
183.6083984375	0.3	1.0	2	376030	n/a
183.61669921875	0.3	0.0	1	376047	n/a
183.625	0.3	1.0	2	376064	n/a
183.63330078125	0.3	1.0	2	376081	n/a
183.6416015625	0.3	0.0	1	376098	n/a
183.64990234375	0.3	0.0	1	376115	n/a
183.658203125	0.3	1.0	2	376132	n/a
183.6669921875	0.3	0.0	1	376150	n/a
183.67529296875	0.3	1.0	2	376167	n/a
183.68359375	0.3	0.0	1	376184	n/a
183.69189453125	0.3	1.0	2	376201	n/a
183.7001953125	0.3	1.0	2	376218	n/a
183.70849609375	0.3	0.0	1	376235	n/a
183.716796875	0.3	0.0	1	376252	n/a
183.72509765625	0.3	1.0	2	376269	n/a
183.7333984375	0.3	1.0	2	376286	n/a
183.74169921875	0.3	0.0	1	376303	n/a
183.75	0.3	0.0	1	376320	n/a
183.75830078125	0.3	1.0	2	376337	n/a
183.7666015625	0.3	1.0	2	376354	n/a
183.77490234375	0.3	0.0	1	376371	n/a
183.783203125	0.3	0.0	1	376388	n/a
183.7919921875	0.3	1.0	2	376406	n/a
183.80029296875	0.3	1.0	2	376423	n/a
183.80859375	0.3	0.0	1	376440	n/a
183.81689453125	0.3	1.0	2	376457	n/a
183.8251953125	0.3	0.0	1	376474	n/a
183.83349609375	0.3	1.0	2	376491	n/a
183.841796875	0.3	0.0	1	376508	n/a
183.85009765625	0.3	1.0	2	376525	n/a
183.8583984375	0.3	0.0	1	376542	n/a
183.86669921875	0.3	0.0	1	376559	n/a
183.875	0.3	1.0	2	376576	n/a
183.88330078125	0.3	1.0	2	376593	n/a
183.8916015625	0.3	0.0	1	376610	n/a
183.89990234375	0.3	0.0	1	376627	n/a
183.908203125	0.3	1.0	2	376644	n/a
183.9169921875	0.3	0.0	1	376662	n/a
183.92529296875	0.3	1.0	2	376679	n/a
183.93359375	0.3	1.0	2	376696	n/a
183.94189453125	0.3	0.0	1	376713	n/a
183.9501953125	0.3	1.0	2	376730	n/a
183.95849609375	0.3	0.0	1	376747	n/a
183.966796875	0.3	0.0	1	376764	n/a
183.97509765625	0.3	1.0	2	376781	n/a
183.9833984375	0.3	1.0	2	376798	n/a
183.99169921875	0.3	0.0	1	376815	n/a
184.0	0.3	0.0	1	376832	n/a
184.00830078125	0.3	1.0	2	376849	n/a
184.0166015625	0.3	0.0	1	376866	n/a
184.02490234375	0.3	1.0	2	376883	n/a
184.033203125	0.3	0.0	1	376900	n/a
184.0419921875	0.3	1.0	2	376918	n/a
184.05029296875	0.3	0.0	1	376935	n/a
184.05859375	0.3	1.0	2	376952	n/a
184.06689453125	0.3	0.0	1	376969	n/a
184.0751953125	0.3	1.0	2	376986	n/a
184.08349609375	0.3	1.0	2	377003	n/a
184.091796875	0.3	0.0	1	377020	n/a
184.10009765625	0.3	0.0	1	377037	n/a
184.1083984375	0.3	1.0	2	377054	n/a
184.11669921875	0.3	1.0	2	377071	n/a
184.125	0.3	0.0	1	377088	n/a
184.13330078125	0.3	0.0	1	377105	n/a
184.1416015625	0.3	1.0	2	377122	n/a
184.14990234375	0.3	0.0	1	377139	n/a
184.158203125	0.3	1.0	2	377156	n/a
184.1669921875	0.3	0.0	1	377174	n/a
184.17529296875	0.3	1.0	2	377191	n/a
184.18359375	0.3	0.0	1	377208	n/a
184.19189453125	0.3	1.0	2	377225	n/a
184.2001953125	0.3	0.0	1	377242	n/a
184.20849609375	0.3	1.0	2	377259	n/a
184.216796875	0.3	1.0	2	377276	n/a
184.22509765625	0.3	0.0	1	377293	n/a
184.2333984375	0.3	1.0	2	377310	n/a
184.24169921875	0.3	0.0	1	377327	n/a
184.25	0.3	1.0	2	377344	n/a
184.25830078125	0.3	0.0	1	377361	n/a
184.2666015625	0.3	0.0	1	377378	n/a
184.27490234375	0.3	1.0	2	377395	n/a
184.283203125	0.3	1.0	2	377412	n/a
184.2919921875	0.3	0.0	1	377430	n/a
184.30029296875	0.3	0.0	1	377447	n/a
184.30859375	0.3	1.0	2	377464	n/a
184.31689453125	0.3	1.0	2	377481	n/a
184.3251953125	0.3	0.0	1	377498	n/a
184.33349609375	0.3	1.0	2	377515	n/a
184.341796875	0.3	0.0	1	377532	n/a
184.35009765625	0.3	1.0	2	377549	n/a
184.3583984375	0.3	0.0	1	377566	n/a
184.36669921875	0.3	1.0	2	377583	n/a
184.375	0.3	0.0	1	377600	n/a
184.38330078125	0.3	1.0	2	377617	n/a
184.3916015625	0.3	0.0	1	377634	n/a
184.39990234375	0.3	0.0	1	377651	n/a
184.408203125	0.3	1.0	2	377668	n/a
184.4169921875	0.3	1.0	2	377686	n/a
184.42529296875	0.3	0.0	1	377703	n/a
184.43359375	0.3	1.0	2	377720	n/a
184.44189453125	0.3	0.0	1	377737	n/a
184.4501953125	0.3	1.0	2	377754	n/a
184.45849609375	0.3	0.0	1	377771	n/a
184.466796875	0.3	1.0	2	377788	n/a
184.47509765625	0.3	0.0	1	377805	n/a
184.4833984375	0.3	1.0	2	377822	n/a
184.49169921875	0.3	0.0	1	377839	n/a
184.5	0.3	0.0	1	377856	n/a
184.50830078125	0.3	1.0	2	377873	n/a
184.5166015625	0.3	0.0	1	377890	n/a
184.52490234375	0.3	1.0	2	377907	n/a
184.533203125	0.3	0.0	1	377924	n/a
184.5419921875	0.3	1.0	2	377942	n/a
184.55029296875	0.3	0.0	1	377959	n/a
184.55859375	0.3	1.0	2	377976	n/a
184.56689453125	0.3	0.0	1	377993	n/a
184.5751953125	0.3	1.0	2	378010	n/a
184.58349609375	0.3	1.0	2	378027	n/a
184.591796875	0.3	0.0	1	378044	n/a
184.60009765625	0.3	0.0	1	378061	n/a
184.6083984375	0.3	1.0	2	378078	n/a
184.61669921875	0.3	1.0	2	378095	n/a
184.625	0.3	0.0	1	378112	n/a
184.63330078125	0.3	1.0	2	378129	n/a
184.6416015625	0.3	0.0	1	378146	n/a
184.64990234375	0.3	0.0	1	378163	n/a
184.658203125	0.3	1.0	2	378180	n/a
184.6669921875	0.3	0.0	1	378198	n/a
184.67529296875	0.3	1.0	2	378215	n/a
184.68359375	0.3	1.0	2	378232	n/a
184.69189453125	0.3	0.0	1	378249	n/a
184.7001953125	0.3	0.0	1	378266	n/a
184.70849609375	0.3	1.0	2	378283	n/a
184.716796875	0.3	0.0	1	378300	n/a
184.72509765625	0.3	1.0	2	378317	n/a
184.7333984375	0.3	0.0	1	378334	n/a
184.74169921875	0.3	1.0	2	378351	n/a
184.75	0.3	1.0	2	378368	n/a
184.75830078125	0.3	0.0	1	378385	n/a
184.7666015625	0.3	0.0	1	378402	n/a
184.77490234375	0.3	1.0	2	378419	n/a
184.783203125	0.3	1.0	2	378436	n/a
184.7919921875	0.3	0.0	1	378454	n/a
184.80029296875	0.3	0.0	1	378471	n/a
184.80859375	0.3	1.0	2	378488	n/a
184.81689453125	0.3	1.0	2	378505	n/a
184.8251953125	0.3	0.0	1	378522	n/a
184.83349609375	0.3	0.0	1	378539	n/a
184.841796875	0.3	1.0	2	378556	n/a
184.85009765625	0.3	1.0	2	378573	n/a
184.8583984375	0.3	0.0	1	378590	n/a
184.86669921875	0.3	1.0	2	378607	n/a
184.875	0.3	0.0	1	378624	n/a
184.88330078125	0.3	1.0	2	378641	n/a
184.8916015625	0.3	0.0	1	378658	n/a
184.89990234375	0.3	1.0	2	378675	n/a
184.908203125	0.3	0.0	1	378692	n/a
184.9169921875	0.3	0.0	1	378710	n/a
184.92529296875	0.3	1.0	2	378727	n/a
184.93359375	0.3	1.0	2	378744	n/a
184.94189453125	0.3	0.0	1	378761	n/a
184.9501953125	0.3	0.0	1	378778	n/a
184.95849609375	0.3	1.0	2	378795	n/a
184.966796875	0.3	0.0	1	378812	n/a
184.97509765625	0.3	1.0	2	378829	n/a
184.9833984375	0.3	1.0	2	378846	n/a
184.99169921875	0.3	0.0	1	378863	n/a
185.0	0.3	1.0	2	378880	n/a
185.00830078125	0.3	0.0	1	378897	n/a
185.0166015625	0.3	0.0	1	378914	n/a
185.02490234375	0.3	1.0	2	378931	n/a
185.033203125	0.3	1.0	2	378948	n/a
185.0419921875	0.3	0.0	1	378966	n/a
185.05029296875	0.3	0.0	1	378983	n/a
185.05859375	0.3	1.0	2	379000	n/a
185.06689453125	0.3	0.0	1	379017	n/a
185.0751953125	0.3	1.0	2	379034	n/a
185.08349609375	0.3	0.0	1	379051	n/a
185.091796875	0.3	1.0	2	379068	n/a
185.10009765625	0.3	0.0	1	379085	n/a
185.1083984375	0.3	1.0	2	379102	n/a
185.11669921875	0.3	0.0	1	379119	n/a
185.125	0.3	1.0	2	379136	n/a
185.13330078125	0.3	1.0	2	379153	n/a
185.1416015625	0.3	0.0	1	379170	n/a
185.14990234375	0.3	0.0	1	379187	n/a
185.158203125	0.3	1.0	2	379204	n/a
185.1669921875	0.3	1.0	2	379222	n/a
185.17529296875	0.3	0.0	1	379239	n/a
185.18359375	0.3	0.0	1	379256	n/a
185.19189453125	0.3	1.0	2	379273	n/a
185.2001953125	0.3	0.0	1	379290	n/a
185.20849609375	0.3	1.0	2	379307	n/a
185.216796875	0.3	0.0	1	379324	n/a
185.22509765625	0.3	1.0	2	379341	n/a
185.2333984375	0.3	0.0	1	379358	n/a
185.24169921875	0.3	1.0	2	379375	n/a
185.25	0.3	0.0	1	379392	n/a
185.25830078125	0.3	1.0	2	379409	n/a
185.2666015625	0.3	1.0	2	379426	n/a
185.27490234375	0.3	0.0	1	379443	n/a
185.283203125	0.3	1.0	2	379460	n/a
185.2919921875	0.3	0.0	1	379478	n/a
185.30029296875	0.3	1.0	2	379495	n/a
185.30859375	0.3	0.0	1	379512	n/a
185.31689453125	0.3	0.0	1	379529	n/a
185.3251953125	0.3	1.0	2	379546	n/a
185.33349609375	0.3	1.0	2	379563	n/a
185.341796875	0.3	0.0	1	379580	n/a
185.35009765625	0.3	0.0	1	379597	n/a
185.3583984375	0.3	1.0	2	379614	n/a
185.36669921875	0.3	1.0	2	379631	n/a
185.375	0.3	0.0	1	379648	n/a
185.38330078125	0.3	1.0	2	379665	n/a
185.3916015625	0.3	0.0	1	379682	n/a
185.39990234375	0.3	1.0	2	379699	n/a
185.408203125	0.3	0.0	1	379716	n/a
185.4169921875	0.3	1.0	2	379734	n/a
185.42529296875	0.3	0.0	1	379751	n/a
185.43359375	0.3	1.0	2	379768	n/a
185.44189453125	0.3	0.0	1	379785	n/a
185.4501953125	0.3	0.0	1	379802	n/a
185.45849609375	0.3	1.0	2	379819	n/a
185.466796875	0.3	1.0	2	379836	n/a
185.47509765625	0.3	0.0	1	379853	n/a
185.4833984375	0.3	1.0	2	379870	n/a
185.49169921875	0.3	0.0	1	379887	n/a
185.5	0.3	1.0	2	379904	n/a
185.50830078125	0.3	0.0	1	379921	n/a
185.5166015625	0.3	1.0	2	379938	n/a
185.52490234375	0.3	0.0	1	379955	n/a
185.533203125	0.3	1.0	2	379972	n/a
185.5419921875	0.3	0.0	1	379990	n/a
185.55029296875	0.3	0.0	1	380007	n/a
185.55859375	0.3	1.0	2	380024	n/a
185.56689453125	0.3	0.0	1	380041	n/a
185.5751953125	0.3	1.0	2	380058	n/a
185.58349609375	0.3	0.0	1	380075	n/a
185.591796875	0.3	1.0	2	380092	n/a
185.60009765625	0.3	0.0	1	380109	n/a
185.6083984375	0.3	1.0	2	380126	n/a
185.61669921875	0.3	0.0	1	380143	n/a
185.625	0.3	1.0	2	380160	n/a
185.63330078125	0.3	1.0	2	380177	n/a
185.6416015625	0.3	0.0	1	380194	n/a
185.64990234375	0.3	0.0	1	380211	n/a
185.658203125	0.3	1.0	2	380228	n/a
185.6669921875	0.3	1.0	2	380246	n/a
185.67529296875	0.3	0.0	1	380263	n/a
185.68359375	0.3	1.0	2	380280	n/a
185.69189453125	0.3	0.0	1	380297	n/a
185.7001953125	0.3	0.0	1	380314	n/a
185.70849609375	0.3	1.0	2	380331	n/a
185.716796875	0.3	0.0	1	380348	n/a
185.72509765625	0.3	1.0	2	380365	n/a
185.7333984375	0.3	1.0	2	380382	n/a
185.74169921875	0.3	0.0	1	380399	n/a
185.75	0.3	0.0	1	380416	n/a
185.75830078125	0.3	1.0	2	380433	n/a
185.7666015625	0.3	0.0	1	380450	n/a
185.77490234375	0.3	1.0	2	380467	n/a
185.783203125	0.3	0.0	1	380484	n/a
185.7919921875	0.3	1.0	2	380502	n/a
185.80029296875	0.3	1.0	2	380519	n/a
185.80859375	0.3	0.0	1	380536	n/a
185.81689453125	0.3	0.0	1	380553	n/a
185.8251953125	0.3	1.0	2	380570	n/a
185.83349609375	0.3	1.0	2	380587	n/a
185.841796875	0.3	0.0	1	380604	n/a
185.85009765625	0.3	0.0	1	380621	n/a
185.8583984375	0.3	1.0	2	380638	n/a
185.86669921875	0.3	1.0	2	380655	n/a
185.875	0.3	0.0	1	380672	n/a
185.88330078125	0.3	0.0	1	380689	n/a
185.8916015625	0.3	1.0	2	380706	n/a
185.89990234375	0.3	1.0	2	380723	n/a
185.908203125	0.3	0.0	1	380740	n/a
185.9169921875	0.3	1.0	2	380758	n/a
185.92529296875	0.3	0.0	1	380775	n/a
185.93359375	0.3	1.0	2	380792	n/a
185.94189453125	0.3	0.0	1	380809	n/a
185.9501953125	0.3	1.0	2	380826	n/a
185.95849609375	0.3	0.0	1	380843	n/a
185.966796875	0.3	0.0	1	380860	n/a
185.97509765625	0.3	1.0	2	380877	n/a
185.9833984375	0.3	1.0	2	380894	n/a
185.99169921875	0.3	0.0	1	380911	n/a
186.0	0.3	0.0	1	380928	n/a
186.00830078125	0.3	1.0	2	380945	n/a
186.0166015625	0.3	0.0	1	380962	n/a
186.02490234375	0.3	1.0	2	380979	n/a
186.033203125	0.3	1.0	2	380996	n/a
186.0419921875	0.3	0.0	1	381014	n/a
186.05029296875	0.3	1.0	2	381031	n/a
186.05859375	0.3	0.0	1	381048	n/a
186.06689453125	0.3	0.0	1	381065	n/a
186.0751953125	0.3	1.0	2	381082	n/a
186.08349609375	0.3	1.0	2	381099	n/a
186.091796875	0.3	0.0	1	381116	n/a
186.10009765625	0.3	0.0	1	381133	n/a
186.1083984375	0.3	1.0	2	381150	n/a
186.11669921875	0.3	0.0	1	381167	n/a
186.125	0.3	1.0	2	381184	n/a
186.13330078125	0.3	0.0	1	381201	n/a
186.1416015625	0.3	1.0	2	381218	n/a
186.14990234375	0.3	0.0	1	381235	n/a
186.158203125	0.3	1.0	2	381252	n/a
186.1669921875	0.3	0.0	1	381270	n/a
186.17529296875	0.3	1.0	2	381287	n/a
186.18359375	0.3	1.0	2	381304	n/a
186.19189453125	0.3	0.0	1	381321	n/a
186.2001953125	0.3	0.0	1	381338	n/a
186.20849609375	0.3	1.0	2	381355	n/a
186.216796875	0.3	1.0	2	381372	n/a
186.22509765625	0.3	0.0	1	381389	n/a
186.2333984375	0.3	0.0	1	381406	n/a
186.24169921875	0.3	1.0	2	381423	n/a
186.25	0.3	0.0	1	381440	n/a
186.25830078125	0.3	1.0	2	381457	n/a
186.2666015625	0.3	0.0	1	381474	n/a
186.27490234375	0.3	1.0	2	381491	n/a
186.283203125	0.3	0.0	1	381508	n/a
186.2919921875	0.3	1.0	2	381526	n/a
186.30029296875	0.3	0.0	1	381543	n/a
186.30859375	0.3	1.0	2	381560	n/a
186.31689453125	0.3	1.0	2	381577	n/a
186.3251953125	0.3	0.0	1	381594	n/a
186.33349609375	0.3	1.0	2	381611	n/a
186.341796875	0.3	0.0	1	381628	n/a
186.35009765625	0.3	1.0	2	381645	n/a
186.3583984375	0.3	0.0	1	381662	n/a
186.36669921875	0.3	0.0	1	381679	n/a
186.375	0.3	1.0	2	381696	n/a
186.38330078125	0.3	1.0	2	381713	n/a
186.3916015625	0.3	0.0	1	381730	n/a
186.39990234375	0.3	0.0	1	381747	n/a
186.408203125	0.3	1.0	2	381764	n/a
186.4169921875	0.3	1.0	2	381782	n/a
186.42529296875	0.3	0.0	1	381799	n/a
186.43359375	0.3	1.0	2	381816	n/a
186.44189453125	0.3	0.0	1	381833	n/a
186.4501953125	0.3	1.0	2	381850	n/a
186.45849609375	0.3	0.0	1	381867	n/a
186.466796875	0.3	1.0	2	381884	n/a
186.47509765625	0.3	0.0	1	381901	n/a
186.4833984375	0.3	1.0	2	381918	n/a
186.49169921875	0.3	0.0	1	381935	n/a
186.5	0.3	0.0	1	381952	n/a
186.50830078125	0.3	1.0	2	381969	n/a
186.5166015625	0.3	1.0	2	381986	n/a
186.52490234375	0.3	0.0	1	382003	n/a
186.533203125	0.3	1.0	2	382020	n/a
186.5419921875	0.3	0.0	1	382038	n/a
186.55029296875	0.3	1.0	2	382055	n/a
186.55859375	0.3	0.0	1	382072	n/a
186.56689453125	0.3	1.0	2	382089	n/a
186.5751953125	0.3	0.0	1	382106	n/a
186.58349609375	0.3	1.0	2	382123	n/a
186.591796875	0.3	0.0	1	382140	n/a
186.60009765625	0.3	0.0	1	382157	n/a
186.6083984375	0.3	1.0	2	382174	n/a
186.61669921875	0.3	0.0	1	382191	n/a
186.625	0.3	1.0	2	382208	n/a
186.63330078125	0.3	0.0	1	382225	n/a
186.6416015625	0.3	1.0	2	382242	n/a
186.64990234375	0.3	0.0	1	382259	n/a
186.658203125	0.3	1.0	2	382276	n/a
186.6669921875	0.3	0.0	1	382294	n/a
186.67529296875	0.3	1.0	2	382311	n/a
186.68359375	0.3	1.0	2	382328	n/a
186.69189453125	0.3	0.0	1	382345	n/a
186.7001953125	0.3	0.0	1	382362	n/a
186.70849609375	0.3	1.0	2	382379	n/a
186.716796875	0.3	1.0	2	382396	n/a
186.72509765625	0.3	0.0	1	382413	n/a
186.7333984375	0.3	1.0	2	382430	n/a
186.74169921875	0.3	0.0	1	382447	n/a
186.75	0.3	0.0	1	382464	n/a
186.75830078125	0.3	1.0	2	382481	n/a
186.7666015625	0.3	0.0	1	382498	n/a
186.77490234375	0.3	1.0	2	382515	n/a
186.783203125	0.3	1.0	2	382532	n/a
186.7919921875	0.3	0.0	1	382550	n/a
189.18408203125	0.3	1.0	2	387449	28.0
189.1923828125	0.3	0.0	1	387466	n/a
189.20068359375	0.3	1.0	2	387483	n/a
189.208984375	0.3	0.0	1	387500	n/a
189.21728515625	0.3	1.0	2	387517	n/a
189.2255859375	0.3	0.0	1	387534	n/a
189.23388671875	0.3	0.0	1	387551	n/a
189.2421875	0.3	1.0	2	387568	n/a
189.2509765625	0.3	1.0	2	387586	n/a
189.25927734375	0.3	0.0	1	387603	n/a
189.267578125	0.3	1.0	2	387620	n/a
189.27587890625	0.3	0.0	1	387637	n/a
189.2841796875	0.3	0.0	1	387654	n/a
189.29248046875	0.3	1.0	2	387671	n/a
189.30078125	0.3	0.0	1	387688	n/a
189.30908203125	0.3	1.0	2	387705	n/a
189.3173828125	0.3	0.0	1	387722	n/a
189.32568359375	0.3	1.0	2	387739	n/a
189.333984375	0.3	0.0	1	387756	n/a
189.34228515625	0.3	1.0	2	387773	n/a
189.3505859375	0.3	1.0	2	387790	n/a
189.35888671875	0.3	0.0	1	387807	n/a
189.3671875	0.3	0.0	1	387824	n/a
189.3759765625	0.3	1.0	2	387842	n/a
189.38427734375	0.3	1.0	2	387859	n/a
189.392578125	0.3	0.0	1	387876	n/a
189.40087890625	0.3	0.0	1	387893	n/a
189.4091796875	0.3	1.0	2	387910	n/a
189.41748046875	0.3	1.0	2	387927	n/a
189.42578125	0.3	0.0	1	387944	n/a
189.43408203125	0.3	1.0	2	387961	n/a
189.4423828125	0.3	0.0	1	387978	n/a
189.45068359375	0.3	1.0	2	387995	n/a
189.458984375	0.3	0.0	1	388012	n/a
189.46728515625	0.3	1.0	2	388029	n/a
189.4755859375	0.3	0.0	1	388046	n/a
189.48388671875	0.3	1.0	2	388063	n/a
189.4921875	0.3	0.0	1	388080	n/a
189.5009765625	0.3	1.0	2	388098	n/a
189.50927734375	0.3	0.0	1	388115	n/a
189.517578125	0.3	0.0	1	388132	n/a
189.52587890625	0.3	1.0	2	388149	n/a
189.5341796875	0.3	1.0	2	388166	n/a
189.54248046875	0.3	0.0	1	388183	n/a
189.55078125	0.3	1.0	2	388200	n/a
189.55908203125	0.3	0.0	1	388217	n/a
189.5673828125	0.3	0.0	1	388234	n/a
189.57568359375	0.3	1.0	2	388251	n/a
189.583984375	0.3	1.0	2	388268	n/a
189.59228515625	0.3	0.0	1	388285	n/a
189.6005859375	0.3	1.0	2	388302	n/a
189.60888671875	0.3	0.0	1	388319	n/a
189.6171875	0.3	0.0	1	388336	n/a
189.6259765625	0.3	1.0	2	388354	n/a
189.63427734375	0.3	0.0	1	388371	n/a
189.642578125	0.3	1.0	2	388388	n/a
189.65087890625	0.3	0.0	1	388405	n/a
189.6591796875	0.3	1.0	2	388422	n/a
189.66748046875	0.3	0.0	1	388439	n/a
189.67578125	0.3	1.0	2	388456	n/a
189.68408203125	0.3	1.0	2	388473	n/a
189.6923828125	0.3	0.0	1	388490	n/a
189.70068359375	0.3	1.0	2	388507	n/a
189.708984375	0.3	0.0	1	388524	n/a
189.71728515625	0.3	0.0	1	388541	n/a
189.7255859375	0.3	1.0	2	388558	n/a
189.73388671875	0.3	1.0	2	388575	n/a
189.7421875	0.3	0.0	1	388592	n/a
189.7509765625	0.3	1.0	2	388610	n/a
189.75927734375	0.3	0.0	1	388627	n/a
189.767578125	0.3	1.0	2	388644	n/a
189.77587890625	0.3	0.0	1	388661	n/a
189.7841796875	0.3	0.0	1	388678	n/a
189.79248046875	0.3	1.0	2	388695	n/a
189.80078125	0.3	1.0	2	388712	n/a
189.80908203125	0.3	0.0	1	388729	n/a
189.8173828125	0.3	1.0	2	388746	n/a
189.82568359375	0.3	0.0	1	388763	n/a
189.833984375	0.3	1.0	2	388780	n/a
189.84228515625	0.3	0.0	1	388797	n/a
189.8505859375	0.3	0.0	1	388814	n/a
189.85888671875	0.3	1.0	2	388831	n/a
189.8671875	0.3	1.0	2	388848	n/a
189.8759765625	0.3	0.0	1	388866	n/a
189.88427734375	0.3	1.0	2	388883	n/a
189.892578125	0.3	0.0	1	388900	n/a
189.90087890625	0.3	1.0	2	388917	n/a
189.9091796875	0.3	0.0	1	388934	n/a
189.91748046875	0.3	0.0	1	388951	n/a
189.92578125	0.3	1.0	2	388968	n/a
189.93408203125	0.3	0.0	1	388985	n/a
189.9423828125	0.3	1.0	2	389002	n/a
189.95068359375	0.3	1.0	2	389019	n/a
189.958984375	0.3	0.0	1	389036	n/a
189.96728515625	0.3	0.0	1	389053	n/a
189.9755859375	0.3	1.0	2	389070	n/a
189.98388671875	0.3	1.0	2	389087	n/a
189.9921875	0.3	0.0	1	389104	n/a
190.0009765625	0.3	1.0	2	389122	n/a
190.00927734375	0.3	0.0	1	389139	n/a
190.017578125	0.3	1.0	2	389156	n/a
190.02587890625	0.3	0.0	1	389173	n/a
190.0341796875	0.3	0.0	1	389190	n/a
190.04248046875	0.3	1.0	2	389207	n/a
190.05078125	0.3	1.0	2	389224	n/a
190.05908203125	0.3	0.0	1	389241	n/a
190.0673828125	0.3	1.0	2	389258	n/a
190.07568359375	0.3	0.0	1	389275	n/a
190.083984375	0.3	1.0	2	389292	n/a
190.09228515625	0.3	0.0	1	389309	n/a
190.1005859375	0.3	0.0	1	389326	n/a
190.10888671875	0.3	1.0	2	389343	n/a
190.1171875	0.3	1.0	2	389360	n/a
190.1259765625	0.3	0.0	1	389378	n/a
190.13427734375	0.3	0.0	1	389395	n/a
190.142578125	0.3	1.0	2	389412	n/a
190.15087890625	0.3	1.0	2	389429	n/a
190.1591796875	0.3	0.0	1	389446	n/a
190.16748046875	0.3	1.0	2	389463	n/a
190.17578125	0.3	0.0	1	389480	n/a
190.18408203125	0.3	1.0	2	389497	n/a
190.1923828125	0.3	0.0	1	389514	n/a
190.20068359375	0.3	0.0	1	389531	n/a
190.208984375	0.3	1.0	2	389548	n/a
190.21728515625	0.3	0.0	1	389565	n/a
190.2255859375	0.3	1.0	2	389582	n/a
190.23388671875	0.3	1.0	2	389599	n/a
190.2421875	0.3	0.0	1	389616	n/a
190.2509765625	0.3	1.0	2	389634	n/a
190.25927734375	0.3	0.0	1	389651	n/a
190.267578125	0.3	1.0	2	389668	n/a
190.27587890625	0.3	0.0	1	389685	n/a
190.2841796875	0.3	0.0	1	389702	n/a
190.29248046875	0.3	1.0	2	389719	n/a
190.30078125	0.3	1.0	2	389736	n/a
190.30908203125	0.3	0.0	1	389753	n/a
190.3173828125	0.3	1.0	2	389770	n/a
190.32568359375	0.3	0.0	1	389787	n/a
190.333984375	0.3	0.0	1	389804	n/a
190.34228515625	0.3	1.0	2	389821	n/a
190.3505859375	0.3	0.0	1	389838	n/a
190.35888671875	0.3	1.0	2	389855	n/a
190.3671875	0.3	0.0	1	389872	n/a
190.3759765625	0.3	1.0	2	389890	n/a
190.38427734375	0.3	0.0	1	389907	n/a
190.392578125	0.3	1.0	2	389924	n/a
190.40087890625	0.3	1.0	2	389941	n/a
190.4091796875	0.3	0.0	1	389958	n/a
190.41748046875	0.3	0.0	1	389975	n/a
190.42578125	0.3	1.0	2	389992	n/a
190.43408203125	0.3	1.0	2	390009	n/a
190.4423828125	0.3	0.0	1	390026	n/a
190.45068359375	0.3	0.0	1	390043	n/a
190.458984375	0.3	1.0	2	390060	n/a
190.46728515625	0.3	1.0	2	390077	n/a
190.4755859375	0.3	0.0	1	390094	n/a
190.48388671875	0.3	1.0	2	390111	n/a
190.4921875	0.3	0.0	1	390128	n/a
190.5009765625	0.3	1.0	2	390146	n/a
190.50927734375	0.3	0.0	1	390163	n/a
190.517578125	0.3	1.0	2	390180	n/a
190.52587890625	0.3	0.0	1	390197	n/a
190.5341796875	0.3	1.0	2	390214	n/a
190.54248046875	0.3	0.0	1	390231	n/a
190.55078125	0.3	1.0	2	390248	n/a
190.55908203125	0.3	0.0	1	390265	n/a
190.5673828125	0.3	0.0	1	390282	n/a
190.57568359375	0.3	1.0	2	390299	n/a
190.583984375	0.3	1.0	2	390316	n/a
190.59228515625	0.3	0.0	1	390333	n/a
190.6005859375	0.3	1.0	2	390350	n/a
190.60888671875	0.3	0.0	1	390367	n/a
190.6171875	0.3	0.0	1	390384	n/a
190.6259765625	0.3	1.0	2	390402	n/a
190.63427734375	0.3	1.0	2	390419	n/a
190.642578125	0.3	0.0	1	390436	n/a
190.65087890625	0.3	1.0	2	390453	n/a
190.6591796875	0.3	0.0	1	390470	n/a
190.66748046875	0.3	0.0	1	390487	n/a
190.67578125	0.3	1.0	2	390504	n/a
190.68408203125	0.3	0.0	1	390521	n/a
190.6923828125	0.3	1.0	2	390538	n/a
190.70068359375	0.3	0.0	1	390555	n/a
190.708984375	0.3	1.0	2	390572	n/a
190.71728515625	0.3	0.0	1	390589	n/a
190.7255859375	0.3	1.0	2	390606	n/a
190.73388671875	0.3	1.0	2	390623	n/a
190.7421875	0.3	0.0	1	390640	n/a
190.7509765625	0.3	1.0	2	390658	n/a
190.75927734375	0.3	0.0	1	390675	n/a
190.767578125	0.3	0.0	1	390692	n/a
190.77587890625	0.3	1.0	2	390709	n/a
190.7841796875	0.3	1.0	2	390726	n/a
190.79248046875	0.3	0.0	1	390743	n/a
190.80078125	0.3	1.0	2	390760	n/a
190.80908203125	0.3	0.0	1	390777	n/a
190.8173828125	0.3	1.0	2	390794	n/a
190.82568359375	0.3	0.0	1	390811	n/a
190.833984375	0.3	0.0	1	390828	n/a
190.84228515625	0.3	1.0	2	390845	n/a
190.8505859375	0.3	1.0	2	390862	n/a
190.85888671875	0.3	0.0	1	390879	n/a
190.8671875	0.3	1.0	2	390896	n/a
190.8759765625	0.3	0.0	1	390914	n/a
190.88427734375	0.3	1.0	2	390931	n/a
190.892578125	0.3	0.0	1	390948	n/a
190.90087890625	0.3	0.0	1	390965	n/a
190.9091796875	0.3	1.0	2	390982	n/a
190.91748046875	0.3	1.0	2	390999	n/a
190.92578125	0.3	0.0	1	391016	n/a
190.93408203125	0.3	1.0	2	391033	n/a
190.9423828125	0.3	0.0	1	391050	n/a
190.95068359375	0.3	1.0	2	391067	n/a
190.958984375	0.3	0.0	1	391084	n/a
190.96728515625	0.3	0.0	1	391101	n/a
190.9755859375	0.3	1.0	2	391118	n/a
190.98388671875	0.3	0.0	1	391135	n/a
190.9921875	0.3	1.0	2	391152	n/a
191.0009765625	0.3	1.0	2	391170	n/a
191.00927734375	0.3	0.0	1	391187	n/a
191.017578125	0.3	0.0	1	391204	n/a
191.02587890625	0.3	1.0	2	391221	n/a
191.0341796875	0.3	1.0	2	391238	n/a
191.04248046875	0.3	0.0	1	391255	n/a
191.05078125	0.3	1.0	2	391272	n/a
191.05908203125	0.3	0.0	1	391289	n/a
191.0673828125	0.3	1.0	2	391306	n/a
191.07568359375	0.3	0.0	1	391323	n/a
191.083984375	0.3	0.0	1	391340	n/a
191.09228515625	0.3	1.0	2	391357	n/a
191.1005859375	0.3	1.0	2	391374	n/a
191.10888671875	0.3	0.0	1	391391	n/a
191.1171875	0.3	1.0	2	391408	n/a
191.1259765625	0.3	0.0	1	391426	n/a
191.13427734375	0.3	1.0	2	391443	n/a
191.142578125	0.3	0.0	1	391460	n/a
191.15087890625	0.3	0.0	1	391477	n/a
191.1591796875	0.3	1.0	2	391494	n/a
191.16748046875	0.3	1.0	2	391511	n/a
191.17578125	0.3	0.0	1	391528	n/a
191.18408203125	0.3	0.0	1	391545	n/a
191.1923828125	0.3	1.0	2	391562	n/a
191.20068359375	0.3	1.0	2	391579	n/a
191.208984375	0.3	0.0	1	391596	n/a
191.21728515625	0.3	1.0	2	391613	n/a
191.2255859375	0.3	0.0	1	391630	n/a
191.23388671875	0.3	1.0	2	391647	n/a
191.2421875	0.3	0.0	1	391664	n/a
191.2509765625	0.3	0.0	1	391682	n/a
191.25927734375	0.3	1.0	2	391699	n/a
191.267578125	0.3	0.0	1	391716	n/a
191.27587890625	0.3	1.0	2	391733	n/a
191.2841796875	0.3	1.0	2	391750	n/a
191.29248046875	0.3	0.0	1	391767	n/a
191.30078125	0.3	1.0	2	391784	n/a
191.30908203125	0.3	0.0	1	391801	n/a
191.3173828125	0.3	1.0	2	391818	n/a
191.32568359375	0.3	0.0	1	391835	n/a
191.333984375	0.3	0.0	1	391852	n/a
191.34228515625	0.3	1.0	2	391869	n/a
191.3505859375	0.3	1.0	2	391886	n/a
191.35888671875	0.3	0.0	1	391903	n/a
191.3671875	0.3	1.0	2	391920	n/a
191.3759765625	0.3	0.0	1	391938	n/a
191.38427734375	0.3	0.0	1	391955	n/a
191.392578125	0.3	1.0	2	391972	n/a
191.40087890625	0.3	0.0	1	391989	n/a
191.4091796875	0.3	1.0	2	392006	n/a
191.41748046875	0.3	0.0	1	392023	n/a
191.42578125	0.3	1.0	2	392040	n/a
191.43408203125	0.3	0.0	1	392057	n/a
191.4423828125	0.3	1.0	2	392074	n/a
191.45068359375	0.3	1.0	2	392091	n/a
191.458984375	0.3	0.0	1	392108	n/a
191.46728515625	0.3	0.0	1	392125	n/a
191.4755859375	0.3	1.0	2	392142	n/a
191.48388671875	0.3	1.0	2	392159	n/a
191.4921875	0.3	0.0	1	392176	n/a
191.5009765625	0.3	0.0	1	392194	n/a
191.50927734375	0.3	1.0	2	392211	n/a
191.517578125	0.3	1.0	2	392228	n/a
191.52587890625	0.3	0.0	1	392245	n/a
191.5341796875	0.3	1.0	2	392262	n/a
191.54248046875	0.3	0.0	1	392279	n/a
191.55078125	0.3	1.0	2	392296	n/a
191.55908203125	0.3	0.0	1	392313	n/a
191.5673828125	0.3	1.0	2	392330	n/a
191.57568359375	0.3	0.0	1	392347	n/a
191.583984375	0.3	1.0	2	392364	n/a
191.59228515625	0.3	0.0	1	392381	n/a
191.6005859375	0.3	1.0	2	392398	n/a
191.60888671875	0.3	0.0	1	392415	n/a
191.6171875	0.3	0.0	1	392432	n/a
191.6259765625	0.3	1.0	2	392450	n/a
191.63427734375	0.3	1.0	2	392467	n/a
191.642578125	0.3	0.0	1	392484	n/a
191.65087890625	0.3	1.0	2	392501	n/a
191.6591796875	0.3	0.0	1	392518	n/a
191.66748046875	0.3	0.0	1	392535	n/a
191.67578125	0.3	1.0	2	392552	n/a
191.68408203125	0.3	1.0	2	392569	n/a
191.6923828125	0.3	0.0	1	392586	n/a
191.70068359375	0.3	1.0	2	392603	n/a
191.708984375	0.3	0.0	1	392620	n/a
191.71728515625	0.3	0.0	1	392637	n/a
191.7255859375	0.3	1.0	2	392654	n/a
191.73388671875	0.3	0.0	1	392671	n/a
191.7421875	0.3	1.0	2	392688	n/a
191.7509765625	0.3	0.0	1	392706	n/a
191.75927734375	0.3	1.0	2	392723	n/a
191.767578125	0.3	0.0	1	392740	n/a
191.77587890625	0.3	1.0	2	392757	n/a
191.7841796875	0.3	1.0	2	392774	n/a
191.79248046875	0.3	0.0	1	392791	n/a
191.80078125	0.3	1.0	2	392808	n/a
191.80908203125	0.3	0.0	1	392825	n/a
191.8173828125	0.3	0.0	1	392842	n/a
191.82568359375	0.3	1.0	2	392859	n/a
191.833984375	0.3	1.0	2	392876	n/a
191.84228515625	0.3	0.0	1	392893	n/a
191.8505859375	0.3	1.0	2	392910	n/a
191.85888671875	0.3	0.0	1	392927	n/a
191.8671875	0.3	1.0	2	392944	n/a
191.8759765625	0.3	0.0	1	392962	n/a
191.88427734375	0.3	0.0	1	392979	n/a
191.892578125	0.3	1.0	2	392996	n/a
191.90087890625	0.3	1.0	2	393013	n/a
191.9091796875	0.3	0.0	1	393030	n/a
191.91748046875	0.3	1.0	2	393047	n/a
191.92578125	0.3	0.0	1	393064	n/a
191.93408203125	0.3	1.0	2	393081	n/a
191.9423828125	0.3	0.0	1	393098	n/a
191.95068359375	0.3	0.0	1	393115	n/a
191.958984375	0.3	1.0	2	393132	n/a
191.96728515625	0.3	1.0	2	393149	n/a
191.9755859375	0.3	0.0	1	393166	n/a
191.98388671875	0.3	1.0	2	393183	n/a
191.9921875	0.3	0.0	1	393200	n/a
192.0009765625	0.3	1.0	2	393218	n/a
192.00927734375	0.3	0.0	1	393235	n/a
192.017578125	0.3	0.0	1	393252	n/a
192.02587890625	0.3	1.0	2	393269	n/a
192.0341796875	0.3	0.0	1	393286	n/a
192.04248046875	0.3	1.0	2	393303	n/a
192.05078125	0.3	1.0	2	393320	n/a
192.05908203125	0.3	0.0	1	393337	n/a
192.0673828125	0.3	0.0	1	393354	n/a
192.07568359375	0.3	1.0	2	393371	n/a
192.083984375	0.3	1.0	2	393388	n/a
192.09228515625	0.3	0.0	1	393405	n/a
192.1005859375	0.3	1.0	2	393422	n/a
192.10888671875	0.3	0.0	1	393439	n/a
192.1171875	0.3	1.0	2	393456	n/a
192.1259765625	0.3	0.0	1	393474	n/a
192.13427734375	0.3	0.0	1	393491	n/a
192.142578125	0.3	1.0	2	393508	n/a
192.15087890625	0.3	1.0	2	393525	n/a
192.1591796875	0.3	0.0	1	393542	n/a
192.16748046875	0.3	1.0	2	393559	n/a
192.17578125	0.3	0.0	1	393576	n/a
192.18408203125	0.3	1.0	2	393593	n/a
192.1923828125	0.3	0.0	1	393610	n/a
192.20068359375	0.3	0.0	1	393627	n/a
192.208984375	0.3	1.0	2	393644	n/a
192.21728515625	0.3	1.0	2	393661	n/a
192.2255859375	0.3	0.0	1	393678	n/a
192.23388671875	0.3	0.0	1	393695	n/a
192.2421875	0.3	1.0	2	393712	n/a
192.2509765625	0.3	1.0	2	393730	n/a
192.25927734375	0.3	0.0	1	393747	n/a
192.267578125	0.3	1.0	2	393764	n/a
192.27587890625	0.3	0.0	1	393781	n/a
192.2841796875	0.3	1.0	2	393798	n/a
192.29248046875	0.3	0.0	1	393815	n/a
192.30078125	0.3	0.0	1	393832	n/a
192.30908203125	0.3	1.0	2	393849	n/a
192.3173828125	0.3	0.0	1	393866	n/a
192.32568359375	0.3	1.0	2	393883	n/a
192.333984375	0.3	1.0	2	393900	n/a
192.34228515625	0.3	0.0	1	393917	n/a
192.3505859375	0.3	1.0	2	393934	n/a
192.35888671875	0.3	0.0	1	393951	n/a
192.3671875	0.3	1.0	2	393968	n/a
192.3759765625	0.3	0.0	1	393986	n/a
192.38427734375	0.3	0.0	1	394003	n/a
192.392578125	0.3	1.0	2	394020	n/a
192.40087890625	0.3	1.0	2	394037	n/a
192.4091796875	0.3	0.0	1	394054	n/a
192.41748046875	0.3	1.0	2	394071	n/a
192.42578125	0.3	0.0	1	394088	n/a
192.43408203125	0.3	0.0	1	394105	n/a
192.4423828125	0.3	1.0	2	394122	n/a
192.45068359375	0.3	0.0	1	394139	n/a
192.458984375	0.3	1.0	2	394156	n/a
192.46728515625	0.3	0.0	1	394173	n/a
192.4755859375	0.3	1.0	2	394190	n/a
192.48388671875	0.3	0.0	1	394207	n/a
192.4921875	0.3	1.0	2	394224	n/a
192.5009765625	0.3	1.0	2	394242	n/a
192.50927734375	0.3	0.0	1	394259	n/a
192.517578125	0.3	0.0	1	394276	n/a
192.52587890625	0.3	1.0	2	394293	n/a
192.5341796875	0.3	1.0	2	394310	n/a
192.54248046875	0.3	0.0	1	394327	n/a
192.55078125	0.3	0.0	1	394344	n/a
192.55908203125	0.3	1.0	2	394361	n/a
192.5673828125	0.3	1.0	2	394378	n/a
192.57568359375	0.3	0.0	1	394395	n/a
192.583984375	0.3	1.0	2	394412	n/a
192.59228515625	0.3	0.0	1	394429	n/a
192.6005859375	0.3	1.0	2	394446	n/a
192.60888671875	0.3	0.0	1	394463	n/a
192.6171875	0.3	1.0	2	394480	n/a
192.6259765625	0.3	0.0	1	394498	n/a
192.63427734375	0.3	1.0	2	394515	n/a
192.642578125	0.3	0.0	1	394532	n/a
192.65087890625	0.3	1.0	2	394549	n/a
192.6591796875	0.3	0.0	1	394566	n/a
192.66748046875	0.3	0.0	1	394583	n/a
192.67578125	0.3	1.0	2	394600	n/a
192.68408203125	0.3	1.0	2	394617	n/a
192.6923828125	0.3	0.0	1	394634	n/a
192.70068359375	0.3	1.0	2	394651	n/a
192.708984375	0.3	0.0	1	394668	n/a
192.71728515625	0.3	0.0	1	394685	n/a
192.7255859375	0.3	1.0	2	394702	n/a
192.73388671875	0.3	1.0	2	394719	n/a
192.7421875	0.3	0.0	1	394736	n/a
192.7509765625	0.3	1.0	2	394754	n/a
192.75927734375	0.3	0.0	1	394771	n/a
192.767578125	0.3	0.0	1	394788	n/a
192.77587890625	0.3	1.0	2	394805	n/a
192.7841796875	0.3	0.0	1	394822	n/a
192.79248046875	0.3	1.0	2	394839	n/a
192.80078125	0.3	0.0	1	394856	n/a
192.80908203125	0.3	1.0	2	394873	n/a
192.8173828125	0.3	0.0	1	394890	n/a
192.82568359375	0.3	1.0	2	394907	n/a
192.833984375	0.3	1.0	2	394924	n/a
192.84228515625	0.3	0.0	1	394941	n/a
192.8505859375	0.3	1.0	2	394958	n/a
192.85888671875	0.3	0.0	1	394975	n/a
192.8671875	0.3	0.0	1	394992	n/a
192.8759765625	0.3	1.0	2	395010	n/a
192.88427734375	0.3	1.0	2	395027	n/a
192.892578125	0.3	0.0	1	395044	n/a
192.90087890625	0.3	1.0	2	395061	n/a
192.9091796875	0.3	0.0	1	395078	n/a
192.91748046875	0.3	1.0	2	395095	n/a
192.92578125	0.3	0.0	1	395112	n/a
192.93408203125	0.3	0.0	1	395129	n/a
192.9423828125	0.3	1.0	2	395146	n/a
192.95068359375	0.3	1.0	2	395163	n/a
192.958984375	0.3	0.0	1	395180	n/a
192.96728515625	0.3	1.0	2	395197	n/a
192.9755859375	0.3	0.0	1	395214	n/a
192.98388671875	0.3	1.0	2	395231	n/a
192.9921875	0.3	0.0	1	395248	n/a
193.0009765625	0.3	0.0	1	395266	n/a
193.00927734375	0.3	1.0	2	395283	n/a
193.017578125	0.3	1.0	2	395300	n/a
193.02587890625	0.3	0.0	1	395317	n/a
193.0341796875	0.3	1.0	2	395334	n/a
193.04248046875	0.3	0.0	1	395351	n/a
193.05078125	0.3	1.0	2	395368	n/a
193.05908203125	0.3	0.0	1	395385	n/a
193.0673828125	0.3	0.0	1	395402	n/a
193.07568359375	0.3	1.0	2	395419	n/a
193.083984375	0.3	0.0	1	395436	n/a
193.09228515625	0.3	1.0	2	395453	n/a
193.1005859375	0.3	1.0	2	395470	n/a
193.10888671875	0.3	0.0	1	395487	n/a
193.1171875	0.3	0.0	1	395504	n/a
193.1259765625	0.3	1.0	2	395522	n/a
193.13427734375	0.3	1.0	2	395539	n/a
193.142578125	0.3	0.0	1	395556	n/a
193.15087890625	0.3	1.0	2	395573	n/a
193.1591796875	0.3	0.0	1	395590	n/a
193.16748046875	0.3	1.0	2	395607	n/a
193.17578125	0.3	0.0	1	395624	n/a
193.18408203125	0.3	0.0	1	395641	n/a
193.1923828125	0.3	1.0	2	395658	n/a
193.20068359375	0.3	1.0	2	395675	n/a
193.208984375	0.3	0.0	1	395692	n/a
193.21728515625	0.3	1.0	2	395709	n/a
193.2255859375	0.3	0.0	1	395726	n/a
193.23388671875	0.3	1.0	2	395743	n/a
193.2421875	0.3	0.0	1	395760	n/a
193.2509765625	0.3	0.0	1	395778	n/a
193.25927734375	0.3	1.0	2	395795	n/a
193.267578125	0.3	1.0	2	395812	n/a
193.27587890625	0.3	0.0	1	395829	n/a
193.2841796875	0.3	0.0	1	395846	n/a
193.29248046875	0.3	1.0	2	395863	n/a
193.30078125	0.3	1.0	2	395880	n/a
193.30908203125	0.3	0.0	1	395897	n/a
193.3173828125	0.3	1.0	2	395914	n/a
193.32568359375	0.3	0.0	1	395931	n/a
193.333984375	0.3	1.0	2	395948	n/a
193.34228515625	0.3	0.0	1	395965	n/a
193.3505859375	0.3	0.0	1	395982	n/a
193.35888671875	0.3	1.0	2	395999	n/a
193.3671875	0.3	0.0	1	396016	n/a
193.3759765625	0.3	1.0	2	396034	n/a
195.78466796875	0.3	1.0	2	400967	6.0
195.79296875	0.3	0.0	1	400984	n/a
195.80126953125	0.3	1.0	2	401001	n/a
195.8095703125	0.3	0.0	1	401018	n/a
195.81787109375	0.3	0.0	1	401035	n/a
195.826171875	0.3	1.0	2	401052	n/a
195.83447265625	0.3	0.0	1	401069	n/a
195.8427734375	0.3	1.0	2	401086	n/a
195.8515625	0.3	1.0	2	401104	n/a
195.85986328125	0.3	0.0	1	401121	n/a
195.8681640625	0.3	1.0	2	401138	n/a
195.87646484375	0.3	0.0	1	401155	n/a
195.884765625	0.3	0.0	1	401172	n/a
195.89306640625	0.3	1.0	2	401189	n/a
195.9013671875	0.3	1.0	2	401206	n/a
195.90966796875	0.3	0.0	1	401223	n/a
195.91796875	0.3	1.0	2	401240	n/a
195.92626953125	0.3	0.0	1	401257	n/a
195.9345703125	0.3	1.0	2	401274	n/a
195.94287109375	0.3	0.0	1	401291	n/a
195.951171875	0.3	1.0	2	401308	n/a
195.95947265625	0.3	0.0	1	401325	n/a
195.9677734375	0.3	0.0	1	401342	n/a
195.9765625	0.3	1.0	2	401360	n/a
195.98486328125	0.3	1.0	2	401377	n/a
195.9931640625	0.3	0.0	1	401394	n/a
196.00146484375	0.3	0.0	1	401411	n/a
196.009765625	0.3	1.0	2	401428	n/a
196.01806640625	0.3	1.0	2	401445	n/a
196.0263671875	0.3	0.0	1	401462	n/a
196.03466796875	0.3	0.0	1	401479	n/a
196.04296875	0.3	1.0	2	401496	n/a
196.05126953125	0.3	1.0	2	401513	n/a
196.0595703125	0.3	0.0	1	401530	n/a
196.06787109375	0.3	0.0	1	401547	n/a
196.076171875	0.3	1.0	2	401564	n/a
196.08447265625	0.3	0.0	1	401581	n/a
196.0927734375	0.3	1.0	2	401598	n/a
196.1015625	0.3	0.0	1	401616	n/a
196.10986328125	0.3	1.0	2	401633	n/a
196.1181640625	0.3	1.0	2	401650	n/a
196.12646484375	0.3	0.0	1	401667	n/a
196.134765625	0.3	0.0	1	401684	n/a
196.14306640625	0.3	1.0	2	401701	n/a
196.1513671875	0.3	0.0	1	401718	n/a
196.15966796875	0.3	1.0	2	401735	n/a
196.16796875	0.3	0.0	1	401752	n/a
196.17626953125	0.3	1.0	2	401769	n/a
196.1845703125	0.3	1.0	2	401786	n/a
196.19287109375	0.3	0.0	1	401803	n/a
196.201171875	0.3	0.0	1	401820	n/a
196.20947265625	0.3	1.0	2	401837	n/a
196.2177734375	0.3	0.0	1	401854	n/a
196.2265625	0.3	1.0	2	401872	n/a
196.23486328125	0.3	1.0	2	401889	n/a
196.2431640625	0.3	0.0	1	401906	n/a
196.25146484375	0.3	0.0	1	401923	n/a
196.259765625	0.3	1.0	2	401940	n/a
196.26806640625	0.3	1.0	2	401957	n/a
196.2763671875	0.3	0.0	1	401974	n/a
196.28466796875	0.3	1.0	2	401991	n/a
196.29296875	0.3	0.0	1	402008	n/a
196.30126953125	0.3	1.0	2	402025	n/a
196.3095703125	0.3	0.0	1	402042	n/a
196.31787109375	0.3	0.0	1	402059	n/a
196.326171875	0.3	1.0	2	402076	n/a
196.33447265625	0.3	0.0	1	402093	n/a
196.3427734375	0.3	1.0	2	402110	n/a
196.3515625	0.3	0.0	1	402128	n/a
196.35986328125	0.3	1.0	2	402145	n/a
196.3681640625	0.3	1.0	2	402162	n/a
196.37646484375	0.3	0.0	1	402179	n/a
196.384765625	0.3	0.0	1	402196	n/a
196.39306640625	0.3	1.0	2	402213	n/a
196.4013671875	0.3	0.0	1	402230	n/a
196.40966796875	0.3	1.0	2	402247	n/a
196.41796875	0.3	0.0	1	402264	n/a
196.42626953125	0.3	1.0	2	402281	n/a
196.4345703125	0.3	0.0	1	402298	n/a
196.44287109375	0.3	1.0	2	402315	n/a
196.451171875	0.3	1.0	2	402332	n/a
196.45947265625	0.3	0.0	1	402349	n/a
196.4677734375	0.3	1.0	2	402366	n/a
196.4765625	0.3	0.0	1	402384	n/a
196.48486328125	0.3	0.0	1	402401	n/a
196.4931640625	0.3	1.0	2	402418	n/a
196.50146484375	0.3	0.0	1	402435	n/a
196.509765625	0.3	1.0	2	402452	n/a
196.51806640625	0.3	1.0	2	402469	n/a
196.5263671875	0.3	0.0	1	402486	n/a
196.53466796875	0.3	0.0	1	402503	n/a
196.54296875	0.3	1.0	2	402520	n/a
196.55126953125	0.3	0.0	1	402537	n/a
196.5595703125	0.3	1.0	2	402554	n/a
196.56787109375	0.3	0.0	1	402571	n/a
196.576171875	0.3	1.0	2	402588	n/a
196.58447265625	0.3	0.0	1	402605	n/a
196.5927734375	0.3	1.0	2	402622	n/a
196.6015625	0.3	0.0	1	402640	n/a
196.60986328125	0.3	1.0	2	402657	n/a
196.6181640625	0.3	1.0	2	402674	n/a
196.62646484375	0.3	0.0	1	402691	n/a
196.634765625	0.3	1.0	2	402708	n/a
196.64306640625	0.3	0.0	1	402725	n/a
196.6513671875	0.3	1.0	2	402742	n/a
196.65966796875	0.3	0.0	1	402759	n/a
196.66796875	0.3	1.0	2	402776	n/a
196.67626953125	0.3	0.0	1	402793	n/a
196.6845703125	0.3	0.0	1	402810	n/a
196.69287109375	0.3	1.0	2	402827	n/a
196.701171875	0.3	1.0	2	402844	n/a
196.70947265625	0.3	0.0	1	402861	n/a
196.7177734375	0.3	1.0	2	402878	n/a
196.7265625	0.3	0.0	1	402896	n/a
196.73486328125	0.3	1.0	2	402913	n/a
196.7431640625	0.3	0.0	1	402930	n/a
196.75146484375	0.3	0.0	1	402947	n/a
196.759765625	0.3	1.0	2	402964	n/a
196.76806640625	0.3	1.0	2	402981	n/a
196.7763671875	0.3	0.0	1	402998	n/a
196.78466796875	0.3	1.0	2	403015	n/a
196.79296875	0.3	0.0	1	403032	n/a
196.80126953125	0.3	0.0	1	403049	n/a
196.8095703125	0.3	1.0	2	403066	n/a
196.81787109375	0.3	1.0	2	403083	n/a
196.826171875	0.3	0.0	1	403100	n/a
196.83447265625	0.3	1.0	2	403117	n/a
196.8427734375	0.3	0.0	1	403134	n/a
196.8515625	0.3	1.0	2	403152	n/a
196.85986328125	0.3	0.0	1	403169	n/a
196.8681640625	0.3	0.0	1	403186	n/a
196.87646484375	0.3	1.0	2	403203	n/a
196.884765625	0.3	0.0	1	403220	n/a
196.89306640625	0.3	1.0	2	403237	n/a
196.9013671875	0.3	1.0	2	403254	n/a
196.90966796875	0.3	0.0	1	403271	n/a
196.91796875	0.3	1.0	2	403288	n/a
196.92626953125	0.3	0.0	1	403305	n/a
196.9345703125	0.3	0.0	1	403322	n/a
196.94287109375	0.3	1.0	2	403339	n/a
196.951171875	0.3	1.0	2	403356	n/a
196.95947265625	0.3	0.0	1	403373	n/a
196.9677734375	0.3	1.0	2	403390	n/a
196.9765625	0.3	0.0	1	403408	n/a
196.98486328125	0.3	1.0	2	403425	n/a
196.9931640625	0.3	0.0	1	403442	n/a
197.00146484375	0.3	1.0	2	403459	n/a
197.009765625	0.3	0.0	1	403476	n/a
197.01806640625	0.3	0.0	1	403493	n/a
197.0263671875	0.3	1.0	2	403510	n/a
197.03466796875	0.3	1.0	2	403527	n/a
197.04296875	0.3	0.0	1	403544	n/a
197.05126953125	0.3	0.0	1	403561	n/a
197.0595703125	0.3	1.0	2	403578	n/a
197.06787109375	0.3	1.0	2	403595	n/a
197.076171875	0.3	0.0	1	403612	n/a
197.08447265625	0.3	0.0	1	403629	n/a
197.0927734375	0.3	1.0	2	403646	n/a
197.1015625	0.3	1.0	2	403664	n/a
197.10986328125	0.3	0.0	1	403681	n/a
197.1181640625	0.3	0.0	1	403698	n/a
197.12646484375	0.3	1.0	2	403715	n/a
197.134765625	0.3	0.0	1	403732	n/a
197.14306640625	0.3	1.0	2	403749	n/a
197.1513671875	0.3	0.0	1	403766	n/a
197.15966796875	0.3	1.0	2	403783	n/a
197.16796875	0.3	1.0	2	403800	n/a
197.17626953125	0.3	0.0	1	403817	n/a
197.1845703125	0.3	0.0	1	403834	n/a
197.19287109375	0.3	1.0	2	403851	n/a
197.201171875	0.3	0.0	1	403868	n/a
197.20947265625	0.3	1.0	2	403885	n/a
197.2177734375	0.3	0.0	1	403902	n/a
197.2265625	0.3	1.0	2	403920	n/a
197.23486328125	0.3	1.0	2	403937	n/a
197.2431640625	0.3	0.0	1	403954	n/a
197.25146484375	0.3	0.0	1	403971	n/a
197.259765625	0.3	1.0	2	403988	n/a
197.26806640625	0.3	0.0	1	404005	n/a
197.2763671875	0.3	1.0	2	404022	n/a
197.28466796875	0.3	1.0	2	404039	n/a
197.29296875	0.3	0.0	1	404056	n/a
197.30126953125	0.3	0.0	1	404073	n/a
197.3095703125	0.3	1.0	2	404090	n/a
197.31787109375	0.3	1.0	2	404107	n/a
197.326171875	0.3	0.0	1	404124	n/a
197.33447265625	0.3	1.0	2	404141	n/a
197.3427734375	0.3	0.0	1	404158	n/a
197.3515625	0.3	1.0	2	404176	n/a
197.35986328125	0.3	0.0	1	404193	n/a
197.3681640625	0.3	0.0	1	404210	n/a
197.37646484375	0.3	1.0	2	404227	n/a
197.384765625	0.3	0.0	1	404244	n/a
197.39306640625	0.3	1.0	2	404261	n/a
197.4013671875	0.3	0.0	1	404278	n/a
197.40966796875	0.3	1.0	2	404295	n/a
197.41796875	0.3	1.0	2	404312	n/a
197.42626953125	0.3	0.0	1	404329	n/a
197.4345703125	0.3	0.0	1	404346	n/a
197.44287109375	0.3	1.0	2	404363	n/a
197.451171875	0.3	0.0	1	404380	n/a
197.45947265625	0.3	1.0	2	404397	n/a
197.4677734375	0.3	0.0	1	404414	n/a
197.4765625	0.3	1.0	2	404432	n/a
197.48486328125	0.3	0.0	1	404449	n/a
197.4931640625	0.3	1.0	2	404466	n/a
197.50146484375	0.3	1.0	2	404483	n/a
197.509765625	0.3	0.0	1	404500	n/a
197.51806640625	0.3	1.0	2	404517	n/a
197.5263671875	0.3	0.0	1	404534	n/a
197.53466796875	0.3	0.0	1	404551	n/a
197.54296875	0.3	1.0	2	404568	n/a
197.55126953125	0.3	0.0	1	404585	n/a
197.5595703125	0.3	1.0	2	404602	n/a
197.56787109375	0.3	1.0	2	404619	n/a
197.576171875	0.3	0.0	1	404636	n/a
197.58447265625	0.3	0.0	1	404653	n/a
197.5927734375	0.3	1.0	2	404670	n/a
197.6015625	0.3	0.0	1	404688	n/a
197.60986328125	0.3	1.0	2	404705	n/a
197.6181640625	0.3	0.0	1	404722	n/a
197.62646484375	0.3	1.0	2	404739	n/a
197.634765625	0.3	0.0	1	404756	n/a
197.64306640625	0.3	1.0	2	404773	n/a
197.6513671875	0.3	0.0	1	404790	n/a
197.65966796875	0.3	1.0	2	404807	n/a
197.66796875	0.3	1.0	2	404824	n/a
197.67626953125	0.3	0.0	1	404841	n/a
197.6845703125	0.3	1.0	2	404858	n/a
197.69287109375	0.3	0.0	1	404875	n/a
197.701171875	0.3	1.0	2	404892	n/a
197.70947265625	0.3	0.0	1	404909	n/a
197.7177734375	0.3	1.0	2	404926	n/a
197.7265625	0.3	0.0	1	404944	n/a
197.73486328125	0.3	0.0	1	404961	n/a
197.7431640625	0.3	1.0	2	404978	n/a
197.75146484375	0.3	1.0	2	404995	n/a
197.759765625	0.3	0.0	1	405012	n/a
197.76806640625	0.3	1.0	2	405029	n/a
197.7763671875	0.3	0.0	1	405046	n/a
197.78466796875	0.3	1.0	2	405063	n/a
197.79296875	0.3	0.0	1	405080	n/a
197.80126953125	0.3	0.0	1	405097	n/a
197.8095703125	0.3	1.0	2	405114	n/a
197.81787109375	0.3	1.0	2	405131	n/a
197.826171875	0.3	0.0	1	405148	n/a
197.83447265625	0.3	1.0	2	405165	n/a
197.8427734375	0.3	0.0	1	405182	n/a
197.8515625	0.3	0.0	1	405200	n/a
197.85986328125	0.3	1.0	2	405217	n/a
197.8681640625	0.3	1.0	2	405234	n/a
197.87646484375	0.3	0.0	1	405251	n/a
197.884765625	0.3	1.0	2	405268	n/a
197.89306640625	0.3	0.0	1	405285	n/a
197.9013671875	0.3	1.0	2	405302	n/a
197.90966796875	0.3	0.0	1	405319	n/a
197.91796875	0.3	0.0	1	405336	n/a
197.92626953125	0.3	1.0	2	405353	n/a
197.9345703125	0.3	0.0	1	405370	n/a
197.94287109375	0.3	1.0	2	405387	n/a
197.951171875	0.3	1.0	2	405404	n/a
197.95947265625	0.3	0.0	1	405421	n/a
197.9677734375	0.3	1.0	2	405438	n/a
197.9765625	0.3	0.0	1	405456	n/a
197.98486328125	0.3	0.0	1	405473	n/a
197.9931640625	0.3	1.0	2	405490	n/a
198.00146484375	0.3	1.0	2	405507	n/a
198.009765625	0.3	0.0	1	405524	n/a
198.01806640625	0.3	1.0	2	405541	n/a
198.0263671875	0.3	0.0	1	405558	n/a
198.03466796875	0.3	1.0	2	405575	n/a
198.04296875	0.3	0.0	1	405592	n/a
198.05126953125	0.3	1.0	2	405609	n/a
198.0595703125	0.3	0.0	1	405626	n/a
198.06787109375	0.3	0.0	1	405643	n/a
198.076171875	0.3	1.0	2	405660	n/a
198.08447265625	0.3	1.0	2	405677	n/a
198.0927734375	0.3	0.0	1	405694	n/a
198.1015625	0.3	0.0	1	405712	n/a
198.10986328125	0.3	1.0	2	405729	n/a
198.1181640625	0.3	1.0	2	405746	n/a
198.12646484375	0.3	0.0	1	405763	n/a
198.134765625	0.3	0.0	1	405780	n/a
198.14306640625	0.3	1.0	2	405797	n/a
198.1513671875	0.3	1.0	2	405814	n/a
198.15966796875	0.3	0.0	1	405831	n/a
198.16796875	0.3	0.0	1	405848	n/a
198.17626953125	0.3	1.0	2	405865	n/a
198.1845703125	0.3	0.0	1	405882	n/a
198.19287109375	0.3	1.0	2	405899	n/a
198.201171875	0.3	0.0	1	405916	n/a
198.20947265625	0.3	1.0	2	405933	n/a
198.2177734375	0.3	1.0	2	405950	n/a
198.2265625	0.3	0.0	1	405968	n/a
198.23486328125	0.3	0.0	1	405985	n/a
198.2431640625	0.3	1.0	2	406002	n/a
198.25146484375	0.3	0.0	1	406019	n/a
198.259765625	0.3	1.0	2	406036	n/a
198.26806640625	0.3	0.0	1	406053	n/a
198.2763671875	0.3	1.0	2	406070	n/a
198.28466796875	0.3	1.0	2	406087	n/a
198.29296875	0.3	0.0	1	406104	n/a
198.30126953125	0.3	0.0	1	406121	n/a
198.3095703125	0.3	1.0	2	406138	n/a
198.31787109375	0.3	0.0	1	406155	n/a
198.326171875	0.3	1.0	2	406172	n/a
198.33447265625	0.3	1.0	2	406189	n/a
198.3427734375	0.3	0.0	1	406206	n/a
198.3515625	0.3	0.0	1	406224	n/a
198.35986328125	0.3	1.0	2	406241	n/a
198.3681640625	0.3	1.0	2	406258	n/a
198.37646484375	0.3	0.0	1	406275	n/a
198.384765625	0.3	1.0	2	406292	n/a
198.39306640625	0.3	0.0	1	406309	n/a
198.4013671875	0.3	1.0	2	406326	n/a
198.40966796875	0.3	0.0	1	406343	n/a
198.41796875	0.3	0.0	1	406360	n/a
198.42626953125	0.3	1.0	2	406377	n/a
198.4345703125	0.3	0.0	1	406394	n/a
198.44287109375	0.3	1.0	2	406411	n/a
198.451171875	0.3	0.0	1	406428	n/a
198.45947265625	0.3	1.0	2	406445	n/a
198.4677734375	0.3	1.0	2	406462	n/a
198.4765625	0.3	0.0	1	406480	n/a
198.48486328125	0.3	0.0	1	406497	n/a
198.4931640625	0.3	1.0	2	406514	n/a
198.50146484375	0.3	0.0	1	406531	n/a
198.509765625	0.3	1.0	2	406548	n/a
198.51806640625	0.3	0.0	1	406565	n/a
198.5263671875	0.3	1.0	2	406582	n/a
198.53466796875	0.3	0.0	1	406599	n/a
198.54296875	0.3	1.0	2	406616	n/a
198.55126953125	0.3	1.0	2	406633	n/a
198.5595703125	0.3	0.0	1	406650	n/a
198.56787109375	0.3	1.0	2	406667	n/a
198.576171875	0.3	0.0	1	406684	n/a
198.58447265625	0.3	0.0	1	406701	n/a
198.5927734375	0.3	1.0	2	406718	n/a
198.6015625	0.3	0.0	1	406736	n/a
198.60986328125	0.3	1.0	2	406753	n/a
198.6181640625	0.3	1.0	2	406770	n/a
198.62646484375	0.3	0.0	1	406787	n/a
198.634765625	0.3	0.0	1	406804	n/a
198.64306640625	0.3	1.0	2	406821	n/a
198.6513671875	0.3	0.0	1	406838	n/a
198.65966796875	0.3	1.0	2	406855	n/a
198.66796875	0.3	0.0	1	406872	n/a
198.67626953125	0.3	1.0	2	406889	n/a
198.6845703125	0.3	0.0	1	406906	n/a
198.69287109375	0.3	1.0	2	406923	n/a
198.701171875	0.3	0.0	1	406940	n/a
198.70947265625	0.3	1.0	2	406957	n/a
198.7177734375	0.3	1.0	2	406974	n/a
198.7265625	0.3	0.0	1	406992	n/a
198.73486328125	0.3	1.0	2	407009	n/a
198.7431640625	0.3	0.0	1	407026	n/a
198.75146484375	0.3	1.0	2	407043	n/a
198.759765625	0.3	0.0	1	407060	n/a
198.76806640625	0.3	1.0	2	407077	n/a
198.7763671875	0.3	0.0	1	407094	n/a
198.78466796875	0.3	0.0	1	407111	n/a
198.79296875	0.3	1.0	2	407128	n/a
198.80126953125	0.3	1.0	2	407145	n/a
198.8095703125	0.3	0.0	1	407162	n/a
198.81787109375	0.3	1.0	2	407179	n/a
198.826171875	0.3	0.0	1	407196	n/a
198.83447265625	0.3	1.0	2	407213	n/a
198.8427734375	0.3	0.0	1	407230	n/a
198.8515625	0.3	0.0	1	407248	n/a
198.85986328125	0.3	1.0	2	407265	n/a
198.8681640625	0.3	1.0	2	407282	n/a
198.87646484375	0.3	0.0	1	407299	n/a
198.884765625	0.3	1.0	2	407316	n/a
198.89306640625	0.3	0.0	1	407333	n/a
198.9013671875	0.3	0.0	1	407350	n/a
198.90966796875	0.3	1.0	2	407367	n/a
198.91796875	0.3	1.0	2	407384	n/a
198.92626953125	0.3	0.0	1	407401	n/a
198.9345703125	0.3	1.0	2	407418	n/a
198.94287109375	0.3	0.0	1	407435	n/a
198.951171875	0.3	1.0	2	407452	n/a
198.95947265625	0.3	0.0	1	407469	n/a
198.9677734375	0.3	0.0	1	407486	n/a
198.9765625	0.3	1.0	2	407504	n/a
198.98486328125	0.3	0.0	1	407521	n/a
198.9931640625	0.3	1.0	2	407538	n/a
199.00146484375	0.3	1.0	2	407555	n/a
199.009765625	0.3	0.0	1	407572	n/a
199.01806640625	0.3	1.0	2	407589	n/a
199.0263671875	0.3	0.0	1	407606	n/a
199.03466796875	0.3	0.0	1	407623	n/a
199.04296875	0.3	1.0	2	407640	n/a
199.05126953125	0.3	1.0	2	407657	n/a
199.0595703125	0.3	0.0	1	407674	n/a
199.06787109375	0.3	1.0	2	407691	n/a
199.076171875	0.3	0.0	1	407708	n/a
199.08447265625	0.3	1.0	2	407725	n/a
199.0927734375	0.3	0.0	1	407742	n/a
199.1015625	0.3	1.0	2	407760	n/a
199.10986328125	0.3	0.0	1	407777	n/a
199.1181640625	0.3	0.0	1	407794	n/a
199.12646484375	0.3	1.0	2	407811	n/a
199.134765625	0.3	1.0	2	407828	n/a
199.14306640625	0.3	0.0	1	407845	n/a
199.1513671875	0.3	0.0	1	407862	n/a
199.15966796875	0.3	1.0	2	407879	n/a
199.16796875	0.3	1.0	2	407896	n/a
199.17626953125	0.3	0.0	1	407913	n/a
199.1845703125	0.3	0.0	1	407930	n/a
199.19287109375	0.3	1.0	2	407947	n/a
199.201171875	0.3	1.0	2	407964	n/a
199.20947265625	0.3	0.0	1	407981	n/a
199.2177734375	0.3	0.0	1	407998	n/a
199.2265625	0.3	1.0	2	408016	n/a
199.23486328125	0.3	0.0	1	408033	n/a
199.2431640625	0.3	1.0	2	408050	n/a
199.25146484375	0.3	0.0	1	408067	n/a
199.259765625	0.3	1.0	2	408084	n/a
199.26806640625	0.3	1.0	2	408101	n/a
199.2763671875	0.3	0.0	1	408118	n/a
199.28466796875	0.3	0.0	1	408135	n/a
199.29296875	0.3	1.0	2	408152	n/a
199.30126953125	0.3	0.0	1	408169	n/a
199.3095703125	0.3	1.0	2	408186	n/a
199.31787109375	0.3	0.0	1	408203	n/a
199.326171875	0.3	1.0	2	408220	n/a
199.33447265625	0.3	1.0	2	408237	n/a
199.3427734375	0.3	0.0	1	408254	n/a
199.3515625	0.3	0.0	1	408272	n/a
199.35986328125	0.3	1.0	2	408289	n/a
199.3681640625	0.3	0.0	1	408306	n/a
199.37646484375	0.3	1.0	2	408323	n/a
199.384765625	0.3	1.0	2	408340	n/a
199.39306640625	0.3	0.0	1	408357	n/a
199.4013671875	0.3	0.0	1	408374	n/a
199.40966796875	0.3	1.0	2	408391	n/a
199.41796875	0.3	1.0	2	408408	n/a
199.42626953125	0.3	0.0	1	408425	n/a
199.4345703125	0.3	1.0	2	408442	n/a
199.44287109375	0.3	0.0	1	408459	n/a
199.451171875	0.3	1.0	2	408476	n/a
199.45947265625	0.3	0.0	1	408493	n/a
199.4677734375	0.3	0.0	1	408510	n/a
199.4765625	0.3	1.0	2	408528	n/a
199.48486328125	0.3	0.0	1	408545	n/a
199.4931640625	0.3	1.0	2	408562	n/a
199.50146484375	0.3	0.0	1	408579	n/a
199.509765625	0.3	1.0	2	408596	n/a
199.51806640625	0.3	1.0	2	408613	n/a
199.5263671875	0.3	0.0	1	408630	n/a
199.53466796875	0.3	0.0	1	408647	n/a
199.54296875	0.3	1.0	2	408664	n/a
199.55126953125	0.3	0.0	1	408681	n/a
199.5595703125	0.3	1.0	2	408698	n/a
199.56787109375	0.3	0.0	1	408715	n/a
199.576171875	0.3	1.0	2	408732	n/a
199.58447265625	0.3	0.0	1	408749	n/a
199.5927734375	0.3	1.0	2	408766	n/a
199.6015625	0.3	1.0	2	408784	n/a
199.60986328125	0.3	0.0	1	408801	n/a
199.6181640625	0.3	1.0	2	408818	n/a
199.62646484375	0.3	0.0	1	408835	n/a
199.634765625	0.3	0.0	1	408852	n/a
199.64306640625	0.3	1.0	2	408869	n/a
199.6513671875	0.3	0.0	1	408886	n/a
199.65966796875	0.3	1.0	2	408903	n/a
199.66796875	0.3	1.0	2	408920	n/a
199.67626953125	0.3	0.0	1	408937	n/a
199.6845703125	0.3	0.0	1	408954	n/a
199.69287109375	0.3	1.0	2	408971	n/a
199.701171875	0.3	0.0	1	408988	n/a
199.70947265625	0.3	1.0	2	409005	n/a
199.7177734375	0.3	0.0	1	409022	n/a
199.7265625	0.3	1.0	2	409040	n/a
199.73486328125	0.3	0.0	1	409057	n/a
199.7431640625	0.3	1.0	2	409074	n/a
199.75146484375	0.3	0.0	1	409091	n/a
199.759765625	0.3	1.0	2	409108	n/a
199.76806640625	0.3	1.0	2	409125	n/a
199.7763671875	0.3	0.0	1	409142	n/a
199.78466796875	0.3	1.0	2	409159	n/a
199.79296875	0.3	0.0	1	409176	n/a
199.80126953125	0.3	1.0	2	409193	n/a
199.8095703125	0.3	0.0	1	409210	n/a
199.81787109375	0.3	1.0	2	409227	n/a
199.826171875	0.3	0.0	1	409244	n/a
199.83447265625	0.3	0.0	1	409261	n/a
199.8427734375	0.3	1.0	2	409278	n/a
199.8515625	0.3	1.0	2	409296	n/a
199.85986328125	0.3	0.0	1	409313	n/a
199.8681640625	0.3	1.0	2	409330	n/a
199.87646484375	0.3	0.0	1	409347	n/a
199.884765625	0.3	1.0	2	409364	n/a
199.89306640625	0.3	0.0	1	409381	n/a
199.9013671875	0.3	0.0	1	409398	n/a
199.90966796875	0.3	1.0	2	409415	n/a
199.91796875	0.3	1.0	2	409432	n/a
199.92626953125	0.3	0.0	1	409449	n/a
199.9345703125	0.3	1.0	2	409466	n/a
199.94287109375	0.3	0.0	1	409483	n/a
199.951171875	0.3	0.0	1	409500	n/a
199.95947265625	0.3	1.0	2	409517	n/a
199.9677734375	0.3	1.0	2	409534	n/a
199.9765625	0.3	0.0	1	409552	n/a
202.36865234375	0.3	0.0	1	414451	7.0
202.376953125	0.3	1.0	2	414468	n/a
202.38525390625	0.3	0.0	1	414485	n/a
202.3935546875	0.3	1.0	2	414502	n/a
202.40185546875	0.3	1.0	2	414519	n/a
202.41015625	0.3	0.0	1	414536	n/a
202.41845703125	0.3	1.0	2	414553	n/a
202.4267578125	0.3	0.0	1	414570	n/a
202.435546875	0.3	0.0	1	414588	n/a
202.44384765625	0.3	1.0	2	414605	n/a
202.4521484375	0.3	1.0	2	414622	n/a
202.46044921875	0.3	0.0	1	414639	n/a
202.46875	0.3	0.0	1	414656	n/a
202.47705078125	0.3	1.0	2	414673	n/a
202.4853515625	0.3	0.0	1	414690	n/a
202.49365234375	0.3	1.0	2	414707	n/a
202.501953125	0.3	1.0	2	414724	n/a
202.51025390625	0.3	0.0	1	414741	n/a
202.5185546875	0.3	0.0	1	414758	n/a
202.52685546875	0.3	1.0	2	414775	n/a
202.53515625	0.3	1.0	2	414792	n/a
202.54345703125	0.3	0.0	1	414809	n/a
202.5517578125	0.3	1.0	2	414826	n/a
202.560546875	0.3	0.0	1	414844	n/a
202.56884765625	0.3	1.0	2	414861	n/a
202.5771484375	0.3	0.0	1	414878	n/a
202.58544921875	0.3	0.0	1	414895	n/a
202.59375	0.3	1.0	2	414912	n/a
202.60205078125	0.3	1.0	2	414929	n/a
202.6103515625	0.3	0.0	1	414946	n/a
202.61865234375	0.3	1.0	2	414963	n/a
202.626953125	0.3	0.0	1	414980	n/a
202.63525390625	0.3	0.0	1	414997	n/a
202.6435546875	0.3	1.0	2	415014	n/a
202.65185546875	0.3	0.0	1	415031	n/a
202.66015625	0.3	1.0	2	415048	n/a
202.66845703125	0.3	0.0	1	415065	n/a
202.6767578125	0.3	1.0	2	415082	n/a
202.685546875	0.3	1.0	2	415100	n/a
202.69384765625	0.3	0.0	1	415117	n/a
202.7021484375	0.3	0.0	1	415134	n/a
202.71044921875	0.3	1.0	2	415151	n/a
202.71875	0.3	1.0	2	415168	n/a
202.72705078125	0.3	0.0	1	415185	n/a
202.7353515625	0.3	1.0	2	415202	n/a
202.74365234375	0.3	0.0	1	415219	n/a
202.751953125	0.3	0.0	1	415236	n/a
202.76025390625	0.3	1.0	2	415253	n/a
202.7685546875	0.3	0.0	1	415270	n/a
202.77685546875	0.3	1.0	2	415287	n/a
202.78515625	0.3	1.0	2	415304	n/a
202.79345703125	0.3	0.0	1	415321	n/a
202.8017578125	0.3	1.0	2	415338	n/a
202.810546875	0.3	0.0	1	415356	n/a
202.81884765625	0.3	1.0	2	415373	n/a
202.8271484375	0.3	0.0	1	415390	n/a
202.83544921875	0.3	1.0	2	415407	n/a
202.84375	0.3	0.0	1	415424	n/a
202.85205078125	0.3	1.0	2	415441	n/a
202.8603515625	0.3	0.0	1	415458	n/a
202.86865234375	0.3	0.0	1	415475	n/a
202.876953125	0.3	1.0	2	415492	n/a
202.88525390625	0.3	0.0	1	415509	n/a
202.8935546875	0.3	1.0	2	415526	n/a
202.90185546875	0.3	0.0	1	415543	n/a
202.91015625	0.3	1.0	2	415560	n/a
202.91845703125	0.3	1.0	2	415577	n/a
202.9267578125	0.3	0.0	1	415594	n/a
202.935546875	0.3	0.0	1	415612	n/a
202.94384765625	0.3	1.0	2	415629	n/a
202.9521484375	0.3	1.0	2	415646	n/a
202.96044921875	0.3	0.0	1	415663	n/a
202.96875	0.3	1.0	2	415680	n/a
202.97705078125	0.3	0.0	1	415697	n/a
202.9853515625	0.3	1.0	2	415714	n/a
202.99365234375	0.3	0.0	1	415731	n/a
203.001953125	0.3	0.0	1	415748	n/a
203.01025390625	0.3	1.0	2	415765	n/a
203.0185546875	0.3	1.0	2	415782	n/a
203.02685546875	0.3	0.0	1	415799	n/a
203.03515625	0.3	0.0	1	415816	n/a
203.04345703125	0.3	1.0	2	415833	n/a
203.0517578125	0.3	1.0	2	415850	n/a
203.060546875	0.3	0.0	1	415868	n/a
203.06884765625	0.3	0.0	1	415885	n/a
203.0771484375	0.3	1.0	2	415902	n/a
203.08544921875	0.3	0.0	1	415919	n/a
203.09375	0.3	1.0	2	415936	n/a
203.10205078125	0.3	0.0	1	415953	n/a
203.1103515625	0.3	1.0	2	415970	n/a
203.11865234375	0.3	0.0	1	415987	n/a
203.126953125	0.3	1.0	2	416004	n/a
203.13525390625	0.3	0.0	1	416021	n/a
203.1435546875	0.3	1.0	2	416038	n/a
203.15185546875	0.3	1.0	2	416055	n/a
203.16015625	0.3	0.0	1	416072	n/a
203.16845703125	0.3	0.0	1	416089	n/a
203.1767578125	0.3	1.0	2	416106	n/a
203.185546875	0.3	0.0	1	416124	n/a
203.19384765625	0.3	1.0	2	416141	n/a
203.2021484375	0.3	1.0	2	416158	n/a
203.21044921875	0.3	0.0	1	416175	n/a
203.21875	0.3	1.0	2	416192	n/a
203.22705078125	0.3	0.0	1	416209	n/a
203.2353515625	0.3	0.0	1	416226	n/a
203.24365234375	0.3	1.0	2	416243	n/a
203.251953125	0.3	0.0	1	416260	n/a
203.26025390625	0.3	1.0	2	416277	n/a
203.2685546875	0.3	1.0	2	416294	n/a
203.27685546875	0.3	0.0	1	416311	n/a
203.28515625	0.3	1.0	2	416328	n/a
203.29345703125	0.3	0.0	1	416345	n/a
203.3017578125	0.3	1.0	2	416362	n/a
203.310546875	0.3	0.0	1	416380	n/a
203.31884765625	0.3	1.0	2	416397	n/a
203.3271484375	0.3	0.0	1	416414	n/a
203.33544921875	0.3	0.0	1	416431	n/a
203.34375	0.3	1.0	2	416448	n/a
203.35205078125	0.3	1.0	2	416465	n/a
203.3603515625	0.3	0.0	1	416482	n/a
203.36865234375	0.3	0.0	1	416499	n/a
203.376953125	0.3	1.0	2	416516	n/a
203.38525390625	0.3	0.0	1	416533	n/a
203.3935546875	0.3	1.0	2	416550	n/a
203.40185546875	0.3	0.0	1	416567	n/a
203.41015625	0.3	1.0	2	416584	n/a
203.41845703125	0.3	0.0	1	416601	n/a
203.4267578125	0.3	1.0	2	416618	n/a
203.435546875	0.3	0.0	1	416636	n/a
203.44384765625	0.3	1.0	2	416653	n/a
203.4521484375	0.3	1.0	2	416670	n/a
203.46044921875	0.3	0.0	1	416687	n/a
203.46875	0.3	1.0	2	416704	n/a
203.47705078125	0.3	0.0	1	416721	n/a
203.4853515625	0.3	0.0	1	416738	n/a
203.49365234375	0.3	1.0	2	416755	n/a
203.501953125	0.3	1.0	2	416772	n/a
203.51025390625	0.3	0.0	1	416789	n/a
203.5185546875	0.3	0.0	1	416806	n/a
203.52685546875	0.3	1.0	2	416823	n/a
203.53515625	0.3	0.0	1	416840	n/a
203.54345703125	0.3	1.0	2	416857	n/a
203.5517578125	0.3	1.0	2	416874	n/a
203.560546875	0.3	0.0	1	416892	n/a
203.56884765625	0.3	0.0	1	416909	n/a
203.5771484375	0.3	1.0	2	416926	n/a
203.58544921875	0.3	1.0	2	416943	n/a
203.59375	0.3	0.0	1	416960	n/a
203.60205078125	0.3	1.0	2	416977	n/a
203.6103515625	0.3	0.0	1	416994	n/a
203.61865234375	0.3	1.0	2	417011	n/a
203.626953125	0.3	0.0	1	417028	n/a
203.63525390625	0.3	0.0	1	417045	n/a
203.6435546875	0.3	1.0	2	417062	n/a
203.65185546875	0.3	1.0	2	417079	n/a
203.66015625	0.3	0.0	1	417096	n/a
203.66845703125	0.3	1.0	2	417113	n/a
203.6767578125	0.3	0.0	1	417130	n/a
203.685546875	0.3	0.0	1	417148	n/a
203.69384765625	0.3	1.0	2	417165	n/a
203.7021484375	0.3	0.0	1	417182	n/a
203.71044921875	0.3	1.0	2	417199	n/a
203.71875	0.3	0.0	1	417216	n/a
203.72705078125	0.3	1.0	2	417233	n/a
203.7353515625	0.3	1.0	2	417250	n/a
203.74365234375	0.3	0.0	1	417267	n/a
203.751953125	0.3	0.0	1	417284	n/a
203.76025390625	0.3	1.0	2	417301	n/a
203.7685546875	0.3	1.0	2	417318	n/a
203.77685546875	0.3	0.0	1	417335	n/a
203.78515625	0.3	1.0	2	417352	n/a
203.79345703125	0.3	0.0	1	417369	n/a
203.8017578125	0.3	0.0	1	417386	n/a
203.810546875	0.3	1.0	2	417404	n/a
203.81884765625	0.3	0.0	1	417421	n/a
203.8271484375	0.3	1.0	2	417438	n/a
203.83544921875	0.3	1.0	2	417455	n/a
203.84375	0.3	0.0	1	417472	n/a
203.85205078125	0.3	1.0	2	417489	n/a
203.8603515625	0.3	0.0	1	417506	n/a
203.86865234375	0.3	1.0	2	417523	n/a
203.876953125	0.3	0.0	1	417540	n/a
203.88525390625	0.3	1.0	2	417557	n/a
203.8935546875	0.3	0.0	1	417574	n/a
203.90185546875	0.3	1.0	2	417591	n/a
203.91015625	0.3	0.0	1	417608	n/a
203.91845703125	0.3	0.0	1	417625	n/a
203.9267578125	0.3	1.0	2	417642	n/a
203.935546875	0.3	0.0	1	417660	n/a
203.94384765625	0.3	1.0	2	417677	n/a
203.9521484375	0.3	0.0	1	417694	n/a
203.96044921875	0.3	1.0	2	417711	n/a
203.96875	0.3	1.0	2	417728	n/a
203.97705078125	0.3	0.0	1	417745	n/a
203.9853515625	0.3	0.0	1	417762	n/a
203.99365234375	0.3	1.0	2	417779	n/a
204.001953125	0.3	1.0	2	417796	n/a
204.01025390625	0.3	0.0	1	417813	n/a
204.0185546875	0.3	1.0	2	417830	n/a
204.02685546875	0.3	0.0	1	417847	n/a
204.03515625	0.3	1.0	2	417864	n/a
204.04345703125	0.3	0.0	1	417881	n/a
204.0517578125	0.3	0.0	1	417898	n/a
204.060546875	0.3	1.0	2	417916	n/a
204.06884765625	0.3	1.0	2	417933	n/a
204.0771484375	0.3	0.0	1	417950	n/a
204.08544921875	0.3	0.0	1	417967	n/a
204.09375	0.3	1.0	2	417984	n/a
204.10205078125	0.3	1.0	2	418001	n/a
204.1103515625	0.3	0.0	1	418018	n/a
204.11865234375	0.3	0.0	1	418035	n/a
204.126953125	0.3	1.0	2	418052	n/a
204.13525390625	0.3	0.0	1	418069	n/a
204.1435546875	0.3	1.0	2	418086	n/a
204.15185546875	0.3	0.0	1	418103	n/a
204.16015625	0.3	1.0	2	418120	n/a
204.16845703125	0.3	0.0	1	418137	n/a
204.1767578125	0.3	1.0	2	418154	n/a
204.185546875	0.3	0.0	1	418172	n/a
204.19384765625	0.3	1.0	2	418189	n/a
204.2021484375	0.3	1.0	2	418206	n/a
204.21044921875	0.3	0.0	1	418223	n/a
204.21875	0.3	0.0	1	418240	n/a
204.22705078125	0.3	1.0	2	418257	n/a
204.2353515625	0.3	0.0	1	418274	n/a
204.24365234375	0.3	1.0	2	418291	n/a
204.251953125	0.3	1.0	2	418308	n/a
204.26025390625	0.3	0.0	1	418325	n/a
204.2685546875	0.3	1.0	2	418342	n/a
204.27685546875	0.3	0.0	1	418359	n/a
204.28515625	0.3	0.0	1	418376	n/a
204.29345703125	0.3	1.0	2	418393	n/a
204.3017578125	0.3	0.0	1	418410	n/a
204.310546875	0.3	1.0	2	418428	n/a
204.31884765625	0.3	1.0	2	418445	n/a
204.3271484375	0.3	0.0	1	418462	n/a
204.33544921875	0.3	1.0	2	418479	n/a
204.34375	0.3	0.0	1	418496	n/a
204.35205078125	0.3	1.0	2	418513	n/a
204.3603515625	0.3	0.0	1	418530	n/a
204.36865234375	0.3	1.0	2	418547	n/a
204.376953125	0.3	0.0	1	418564	n/a
204.38525390625	0.3	0.0	1	418581	n/a
204.3935546875	0.3	1.0	2	418598	n/a
204.40185546875	0.3	1.0	2	418615	n/a
204.41015625	0.3	0.0	1	418632	n/a
204.41845703125	0.3	0.0	1	418649	n/a
204.4267578125	0.3	1.0	2	418666	n/a
204.435546875	0.3	0.0	1	418684	n/a
204.44384765625	0.3	1.0	2	418701	n/a
204.4521484375	0.3	0.0	1	418718	n/a
204.46044921875	0.3	1.0	2	418735	n/a
204.46875	0.3	0.0	1	418752	n/a
204.47705078125	0.3	1.0	2	418769	n/a
204.4853515625	0.3	0.0	1	418786	n/a
204.49365234375	0.3	1.0	2	418803	n/a
204.501953125	0.3	1.0	2	418820	n/a
204.51025390625	0.3	0.0	1	418837	n/a
204.5185546875	0.3	1.0	2	418854	n/a
204.52685546875	0.3	0.0	1	418871	n/a
204.53515625	0.3	0.0	1	418888	n/a
204.54345703125	0.3	1.0	2	418905	n/a
204.5517578125	0.3	1.0	2	418922	n/a
204.560546875	0.3	0.0	1	418940	n/a
204.56884765625	0.3	0.0	1	418957	n/a
204.5771484375	0.3	1.0	2	418974	n/a
204.58544921875	0.3	0.0	1	418991	n/a
204.59375	0.3	1.0	2	419008	n/a
204.60205078125	0.3	1.0	2	419025	n/a
204.6103515625	0.3	0.0	1	419042	n/a
204.61865234375	0.3	0.0	1	419059	n/a
204.626953125	0.3	1.0	2	419076	n/a
204.63525390625	0.3	1.0	2	419093	n/a
204.6435546875	0.3	0.0	1	419110	n/a
204.65185546875	0.3	1.0	2	419127	n/a
204.66015625	0.3	0.0	1	419144	n/a
204.66845703125	0.3	1.0	2	419161	n/a
204.6767578125	0.3	0.0	1	419178	n/a
204.685546875	0.3	0.0	1	419196	n/a
204.69384765625	0.3	1.0	2	419213	n/a
204.7021484375	0.3	1.0	2	419230	n/a
204.71044921875	0.3	0.0	1	419247	n/a
204.71875	0.3	1.0	2	419264	n/a
204.72705078125	0.3	0.0	1	419281	n/a
204.7353515625	0.3	0.0	1	419298	n/a
204.74365234375	0.3	1.0	2	419315	n/a
204.751953125	0.3	0.0	1	419332	n/a
204.76025390625	0.3	1.0	2	419349	n/a
204.7685546875	0.3	0.0	1	419366	n/a
204.77685546875	0.3	1.0	2	419383	n/a
204.78515625	0.3	1.0	2	419400	n/a
204.79345703125	0.3	0.0	1	419417	n/a
204.8017578125	0.3	0.0	1	419434	n/a
204.810546875	0.3	1.0	2	419452	n/a
204.81884765625	0.3	1.0	2	419469	n/a
204.8271484375	0.3	0.0	1	419486	n/a
204.83544921875	0.3	1.0	2	419503	n/a
204.84375	0.3	0.0	1	419520	n/a
204.85205078125	0.3	0.0	1	419537	n/a
204.8603515625	0.3	1.0	2	419554	n/a
204.86865234375	0.3	0.0	1	419571	n/a
204.876953125	0.3	1.0	2	419588	n/a
204.88525390625	0.3	1.0	2	419605	n/a
204.8935546875	0.3	0.0	1	419622	n/a
204.90185546875	0.3	1.0	2	419639	n/a
204.91015625	0.3	0.0	1	419656	n/a
204.91845703125	0.3	1.0	2	419673	n/a
204.9267578125	0.3	0.0	1	419690	n/a
204.935546875	0.3	1.0	2	419708	n/a
204.94384765625	0.3	0.0	1	419725	n/a
204.9521484375	0.3	1.0	2	419742	n/a
204.96044921875	0.3	0.0	1	419759	n/a
204.96875	0.3	0.0	1	419776	n/a
204.97705078125	0.3	1.0	2	419793	n/a
204.9853515625	0.3	0.0	1	419810	n/a
204.99365234375	0.3	1.0	2	419827	n/a
205.001953125	0.3	0.0	1	419844	n/a
205.01025390625	0.3	1.0	2	419861	n/a
205.0185546875	0.3	1.0	2	419878	n/a
205.02685546875	0.3	0.0	1	419895	n/a
205.03515625	0.3	0.0	1	419912	n/a
205.04345703125	0.3	1.0	2	419929	n/a
205.0517578125	0.3	1.0	2	419946	n/a
205.060546875	0.3	0.0	1	419964	n/a
205.06884765625	0.3	1.0	2	419981	n/a
205.0771484375	0.3	0.0	1	419998	n/a
205.08544921875	0.3	1.0	2	420015	n/a
205.09375	0.3	0.0	1	420032	n/a
205.10205078125	0.3	0.0	1	420049	n/a
205.1103515625	0.3	1.0	2	420066	n/a
205.11865234375	0.3	1.0	2	420083	n/a
205.126953125	0.3	0.0	1	420100	n/a
205.13525390625	0.3	0.0	1	420117	n/a
205.1435546875	0.3	1.0	2	420134	n/a
205.15185546875	0.3	1.0	2	420151	n/a
205.16015625	0.3	0.0	1	420168	n/a
205.16845703125	0.3	0.0	1	420185	n/a
205.1767578125	0.3	1.0	2	420202	n/a
205.185546875	0.3	0.0	1	420220	n/a
205.19384765625	0.3	1.0	2	420237	n/a
205.2021484375	0.3	0.0	1	420254	n/a
205.21044921875	0.3	1.0	2	420271	n/a
205.21875	0.3	0.0	1	420288	n/a
205.22705078125	0.3	1.0	2	420305	n/a
205.2353515625	0.3	0.0	1	420322	n/a
205.24365234375	0.3	1.0	2	420339	n/a
205.251953125	0.3	1.0	2	420356	n/a
205.26025390625	0.3	0.0	1	420373	n/a
205.2685546875	0.3	0.0	1	420390	n/a
205.27685546875	0.3	1.0	2	420407	n/a
205.28515625	0.3	0.0	1	420424	n/a
205.29345703125	0.3	1.0	2	420441	n/a
205.3017578125	0.3	1.0	2	420458	n/a
205.310546875	0.3	0.0	1	420476	n/a
205.31884765625	0.3	1.0	2	420493	n/a
205.3271484375	0.3	0.0	1	420510	n/a
205.33544921875	0.3	0.0	1	420527	n/a
205.34375	0.3	1.0	2	420544	n/a
205.35205078125	0.3	0.0	1	420561	n/a
205.3603515625	0.3	1.0	2	420578	n/a
205.36865234375	0.3	1.0	2	420595	n/a
205.376953125	0.3	0.0	1	420612	n/a
205.38525390625	0.3	1.0	2	420629	n/a
205.3935546875	0.3	0.0	1	420646	n/a
205.40185546875	0.3	1.0	2	420663	n/a
205.41015625	0.3	0.0	1	420680	n/a
205.41845703125	0.3	1.0	2	420697	n/a
205.4267578125	0.3	0.0	1	420714	n/a
205.435546875	0.3	0.0	1	420732	n/a
205.44384765625	0.3	1.0	2	420749	n/a
205.4521484375	0.3	1.0	2	420766	n/a
205.46044921875	0.3	0.0	1	420783	n/a
205.46875	0.3	0.0	1	420800	n/a
205.47705078125	0.3	1.0	2	420817	n/a
205.4853515625	0.3	0.0	1	420834	n/a
205.49365234375	0.3	1.0	2	420851	n/a
205.501953125	0.3	0.0	1	420868	n/a
205.51025390625	0.3	1.0	2	420885	n/a
205.5185546875	0.3	0.0	1	420902	n/a
205.52685546875	0.3	1.0	2	420919	n/a
205.53515625	0.3	0.0	1	420936	n/a
205.54345703125	0.3	1.0	2	420953	n/a
205.5517578125	0.3	1.0	2	420970	n/a
205.560546875	0.3	0.0	1	420988	n/a
205.56884765625	0.3	1.0	2	421005	n/a
205.5771484375	0.3	0.0	1	421022	n/a
205.58544921875	0.3	0.0	1	421039	n/a
205.59375	0.3	1.0	2	421056	n/a
205.60205078125	0.3	1.0	2	421073	n/a
205.6103515625	0.3	0.0	1	421090	n/a
205.61865234375	0.3	0.0	1	421107	n/a
205.626953125	0.3	1.0	2	421124	n/a
205.63525390625	0.3	0.0	1	421141	n/a
205.6435546875	0.3	1.0	2	421158	n/a
205.65185546875	0.3	1.0	2	421175	n/a
205.66015625	0.3	0.0	1	421192	n/a
205.66845703125	0.3	0.0	1	421209	n/a
205.6767578125	0.3	1.0	2	421226	n/a
205.685546875	0.3	1.0	2	421244	n/a
205.69384765625	0.3	0.0	1	421261	n/a
205.7021484375	0.3	1.0	2	421278	n/a
205.71044921875	0.3	0.0	1	421295	n/a
205.71875	0.3	1.0	2	421312	n/a
205.72705078125	0.3	0.0	1	421329	n/a
205.7353515625	0.3	0.0	1	421346	n/a
205.74365234375	0.3	1.0	2	421363	n/a
205.751953125	0.3	1.0	2	421380	n/a
205.76025390625	0.3	0.0	1	421397	n/a
205.7685546875	0.3	1.0	2	421414	n/a
205.77685546875	0.3	0.0	1	421431	n/a
205.78515625	0.3	0.0	1	421448	n/a
205.79345703125	0.3	1.0	2	421465	n/a
205.8017578125	0.3	0.0	1	421482	n/a
205.810546875	0.3	1.0	2	421500	n/a
205.81884765625	0.3	0.0	1	421517	n/a
205.8271484375	0.3	1.0	2	421534	n/a
205.83544921875	0.3	1.0	2	421551	n/a
205.84375	0.3	0.0	1	421568	n/a
205.85205078125	0.3	0.0	1	421585	n/a
205.8603515625	0.3	1.0	2	421602	n/a
205.86865234375	0.3	1.0	2	421619	n/a
205.876953125	0.3	0.0	1	421636	n/a
205.88525390625	0.3	1.0	2	421653	n/a
205.8935546875	0.3	0.0	1	421670	n/a
205.90185546875	0.3	0.0	1	421687	n/a
205.91015625	0.3	1.0	2	421704	n/a
205.91845703125	0.3	0.0	1	421721	n/a
205.9267578125	0.3	1.0	2	421738	n/a
205.935546875	0.3	1.0	2	421756	n/a
205.94384765625	0.3	0.0	1	421773	n/a
205.9521484375	0.3	1.0	2	421790	n/a
205.96044921875	0.3	0.0	1	421807	n/a
205.96875	0.3	1.0	2	421824	n/a
205.97705078125	0.3	0.0	1	421841	n/a
205.9853515625	0.3	1.0	2	421858	n/a
205.99365234375	0.3	0.0	1	421875	n/a
206.001953125	0.3	1.0	2	421892	n/a
206.01025390625	0.3	0.0	1	421909	n/a
206.0185546875	0.3	0.0	1	421926	n/a
206.02685546875	0.3	1.0	2	421943	n/a
206.03515625	0.3	0.0	1	421960	n/a
206.04345703125	0.3	1.0	2	421977	n/a
206.0517578125	0.3	0.0	1	421994	n/a
206.060546875	0.3	1.0	2	422012	n/a
206.06884765625	0.3	1.0	2	422029	n/a
206.0771484375	0.3	0.0	1	422046	n/a
206.08544921875	0.3	0.0	1	422063	n/a
206.09375	0.3	1.0	2	422080	n/a
206.10205078125	0.3	1.0	2	422097	n/a
206.1103515625	0.3	0.0	1	422114	n/a
206.11865234375	0.3	1.0	2	422131	n/a
206.126953125	0.3	0.0	1	422148	n/a
206.13525390625	0.3	1.0	2	422165	n/a
206.1435546875	0.3	0.0	1	422182	n/a
206.15185546875	0.3	0.0	1	422199	n/a
206.16015625	0.3	1.0	2	422216	n/a
206.16845703125	0.3	1.0	2	422233	n/a
206.1767578125	0.3	0.0	1	422250	n/a
206.185546875	0.3	0.0	1	422268	n/a
206.19384765625	0.3	1.0	2	422285	n/a
206.2021484375	0.3	1.0	2	422302	n/a
206.21044921875	0.3	0.0	1	422319	n/a
206.21875	0.3	0.0	1	422336	n/a
206.22705078125	0.3	1.0	2	422353	n/a
206.2353515625	0.3	0.0	1	422370	n/a
206.24365234375	0.3	1.0	2	422387	n/a
206.251953125	0.3	0.0	1	422404	n/a
206.26025390625	0.3	1.0	2	422421	n/a
206.2685546875	0.3	0.0	1	422438	n/a
206.27685546875	0.3	1.0	2	422455	n/a
206.28515625	0.3	0.0	1	422472	n/a
206.29345703125	0.3	1.0	2	422489	n/a
206.3017578125	0.3	1.0	2	422506	n/a
206.310546875	0.3	0.0	1	422524	n/a
206.31884765625	0.3	0.0	1	422541	n/a
206.3271484375	0.3	1.0	2	422558	n/a
206.33544921875	0.3	0.0	1	422575	n/a
206.34375	0.3	1.0	2	422592	n/a
206.35205078125	0.3	1.0	2	422609	n/a
206.3603515625	0.3	0.0	1	422626	n/a
206.36865234375	0.3	1.0	2	422643	n/a
206.376953125	0.3	0.0	1	422660	n/a
206.38525390625	0.3	0.0	1	422677	n/a
206.3935546875	0.3	1.0	2	422694	n/a
206.40185546875	0.3	0.0	1	422711	n/a
206.41015625	0.3	1.0	2	422728	n/a
206.41845703125	0.3	1.0	2	422745	n/a
206.4267578125	0.3	0.0	1	422762	n/a
206.435546875	0.3	1.0	2	422780	n/a
206.44384765625	0.3	0.0	1	422797	n/a
206.4521484375	0.3	1.0	2	422814	n/a
206.46044921875	0.3	0.0	1	422831	n/a
206.46875	0.3	1.0	2	422848	n/a
206.47705078125	0.3	0.0	1	422865	n/a
206.4853515625	0.3	0.0	1	422882	n/a
206.49365234375	0.3	1.0	2	422899	n/a
206.501953125	0.3	1.0	2	422916	n/a
206.51025390625	0.3	0.0	1	422933	n/a
206.5185546875	0.3	0.0	1	422950	n/a
206.52685546875	0.3	1.0	2	422967	n/a
206.53515625	0.3	0.0	1	422984	n/a
206.54345703125	0.3	1.0	2	423001	n/a
206.5517578125	0.3	0.0	1	423018	n/a
206.560546875	0.3	1.0	2	423036	n/a
208.95263671875	0.3	1.0	2	427935	5.0
208.9609375	0.3	0.0	1	427952	n/a
208.96923828125	0.3	0.0	1	427969	n/a
208.9775390625	0.3	1.0	2	427986	n/a
208.98583984375	0.3	1.0	2	428003	n/a
208.994140625	0.3	0.0	1	428020	n/a
209.00244140625	0.3	1.0	2	428037	n/a
209.0107421875	0.3	0.0	1	428054	n/a
209.01953125	0.3	0.0	1	428072	n/a
209.02783203125	0.3	1.0	2	428089	n/a
209.0361328125	0.3	0.0	1	428106	n/a
209.04443359375	0.3	1.0	2	428123	n/a
209.052734375	0.3	1.0	2	428140	n/a
209.06103515625	0.3	0.0	1	428157	n/a
209.0693359375	0.3	1.0	2	428174	n/a
209.07763671875	0.3	0.0	1	428191	n/a
209.0859375	0.3	1.0	2	428208	n/a
209.09423828125	0.3	0.0	1	428225	n/a
209.1025390625	0.3	0.0	1	428242	n/a
209.11083984375	0.3	1.0	2	428259	n/a
209.119140625	0.3	1.0	2	428276	n/a
209.12744140625	0.3	0.0	1	428293	n/a
209.1357421875	0.3	1.0	2	428310	n/a
209.14453125	0.3	0.0	1	428328	n/a
209.15283203125	0.3	1.0	2	428345	n/a
209.1611328125	0.3	0.0	1	428362	n/a
209.16943359375	0.3	1.0	2	428379	n/a
209.177734375	0.3	0.0	1	428396	n/a
209.18603515625	0.3	1.0	2	428413	n/a
209.1943359375	0.3	0.0	1	428430	n/a
209.20263671875	0.3	0.0	1	428447	n/a
209.2109375	0.3	1.0	2	428464	n/a
209.21923828125	0.3	1.0	2	428481	n/a
209.2275390625	0.3	0.0	1	428498	n/a
209.23583984375	0.3	1.0	2	428515	n/a
209.244140625	0.3	0.0	1	428532	n/a
209.25244140625	0.3	1.0	2	428549	n/a
209.2607421875	0.3	0.0	1	428566	n/a
209.26953125	0.3	0.0	1	428584	n/a
209.27783203125	0.3	1.0	2	428601	n/a
209.2861328125	0.3	1.0	2	428618	n/a
209.29443359375	0.3	0.0	1	428635	n/a
209.302734375	0.3	1.0	2	428652	n/a
209.31103515625	0.3	0.0	1	428669	n/a
209.3193359375	0.3	1.0	2	428686	n/a
209.32763671875	0.3	0.0	1	428703	n/a
209.3359375	0.3	1.0	2	428720	n/a
209.34423828125	0.3	0.0	1	428737	n/a
209.3525390625	0.3	0.0	1	428754	n/a
209.36083984375	0.3	1.0	2	428771	n/a
209.369140625	0.3	0.0	1	428788	n/a
209.37744140625	0.3	1.0	2	428805	n/a
209.3857421875	0.3	1.0	2	428822	n/a
209.39453125	0.3	0.0	1	428840	n/a
209.40283203125	0.3	0.0	1	428857	n/a
209.4111328125	0.3	1.0	2	428874	n/a
209.41943359375	0.3	1.0	2	428891	n/a
209.427734375	0.3	0.0	1	428908	n/a
209.43603515625	0.3	1.0	2	428925	n/a
209.4443359375	0.3	0.0	1	428942	n/a
209.45263671875	0.3	0.0	1	428959	n/a
209.4609375	0.3	1.0	2	428976	n/a
209.46923828125	0.3	1.0	2	428993	n/a
209.4775390625	0.3	0.0	1	429010	n/a
209.48583984375	0.3	1.0	2	429027	n/a
209.494140625	0.3	0.0	1	429044	n/a
209.50244140625	0.3	1.0	2	429061	n/a
209.5107421875	0.3	0.0	1	429078	n/a
209.51953125	0.3	0.0	1	429096	n/a
209.52783203125	0.3	1.0	2	429113	n/a
209.5361328125	0.3	0.0	1	429130	n/a
209.54443359375	0.3	1.0	2	429147	n/a
209.552734375	0.3	0.0	1	429164	n/a
209.56103515625	0.3	1.0	2	429181	n/a
209.5693359375	0.3	0.0	1	429198	n/a
209.57763671875	0.3	1.0	2	429215	n/a
209.5859375	0.3	1.0	2	429232	n/a
209.59423828125	0.3	0.0	1	429249	n/a
209.6025390625	0.3	1.0	2	429266	n/a
209.61083984375	0.3	0.0	1	429283	n/a
209.619140625	0.3	1.0	2	429300	n/a
209.62744140625	0.3	0.0	1	429317	n/a
209.6357421875	0.3	0.0	1	429334	n/a
209.64453125	0.3	1.0	2	429352	n/a
209.65283203125	0.3	1.0	2	429369	n/a
209.6611328125	0.3	0.0	1	429386	n/a
209.66943359375	0.3	0.0	1	429403	n/a
209.677734375	0.3	1.0	2	429420	n/a
209.68603515625	0.3	1.0	2	429437	n/a
209.6943359375	0.3	0.0	1	429454	n/a
209.70263671875	0.3	0.0	1	429471	n/a
209.7109375	0.3	1.0	2	429488	n/a
209.71923828125	0.3	1.0	2	429505	n/a
209.7275390625	0.3	0.0	1	429522	n/a
209.73583984375	0.3	0.0	1	429539	n/a
209.744140625	0.3	1.0	2	429556	n/a
209.75244140625	0.3	0.0	1	429573	n/a
209.7607421875	0.3	1.0	2	429590	n/a
209.76953125	0.3	1.0	2	429608	n/a
209.77783203125	0.3	0.0	1	429625	n/a
209.7861328125	0.3	1.0	2	429642	n/a
209.79443359375	0.3	0.0	1	429659	n/a
209.802734375	0.3	1.0	2	429676	n/a
209.81103515625	0.3	0.0	1	429693	n/a
209.8193359375	0.3	1.0	2	429710	n/a
209.82763671875	0.3	0.0	1	429727	n/a
209.8359375	0.3	1.0	2	429744	n/a
209.84423828125	0.3	0.0	1	429761	n/a
209.8525390625	0.3	1.0	2	429778	n/a
209.86083984375	0.3	0.0	1	429795	n/a
209.869140625	0.3	0.0	1	429812	n/a
209.87744140625	0.3	1.0	2	429829	n/a
209.8857421875	0.3	0.0	1	429846	n/a
209.89453125	0.3	1.0	2	429864	n/a
209.90283203125	0.3	1.0	2	429881	n/a
209.9111328125	0.3	0.0	1	429898	n/a
209.91943359375	0.3	0.0	1	429915	n/a
209.927734375	0.3	1.0	2	429932	n/a
209.93603515625	0.3	1.0	2	429949	n/a
209.9443359375	0.3	0.0	1	429966	n/a
209.95263671875	0.3	1.0	2	429983	n/a
209.9609375	0.3	0.0	1	430000	n/a
209.96923828125	0.3	0.0	1	430017	n/a
209.9775390625	0.3	1.0	2	430034	n/a
209.98583984375	0.3	0.0	1	430051	n/a
209.994140625	0.3	1.0	2	430068	n/a
210.00244140625	0.3	1.0	2	430085	n/a
210.0107421875	0.3	0.0	1	430102	n/a
210.01953125	0.3	0.0	1	430120	n/a
210.02783203125	0.3	1.0	2	430137	n/a
210.0361328125	0.3	1.0	2	430154	n/a
210.04443359375	0.3	0.0	1	430171	n/a
210.052734375	0.3	1.0	2	430188	n/a
210.06103515625	0.3	0.0	1	430205	n/a
210.0693359375	0.3	0.0	1	430222	n/a
210.07763671875	0.3	1.0	2	430239	n/a
210.0859375	0.3	0.0	1	430256	n/a
210.09423828125	0.3	1.0	2	430273	n/a
210.1025390625	0.3	1.0	2	430290	n/a
210.11083984375	0.3	0.0	1	430307	n/a
210.119140625	0.3	1.0	2	430324	n/a
210.12744140625	0.3	0.0	1	430341	n/a
210.1357421875	0.3	1.0	2	430358	n/a
210.14453125	0.3	0.0	1	430376	n/a
210.15283203125	0.3	0.0	1	430393	n/a
210.1611328125	0.3	1.0	2	430410	n/a
210.16943359375	0.3	1.0	2	430427	n/a
210.177734375	0.3	0.0	1	430444	n/a
210.18603515625	0.3	1.0	2	430461	n/a
210.1943359375	0.3	0.0	1	430478	n/a
210.20263671875	0.3	1.0	2	430495	n/a
210.2109375	0.3	0.0	1	430512	n/a
210.21923828125	0.3	1.0	2	430529	n/a
210.2275390625	0.3	0.0	1	430546	n/a
210.23583984375	0.3	1.0	2	430563	n/a
210.244140625	0.3	0.0	1	430580	n/a
210.25244140625	0.3	0.0	1	430597	n/a
210.2607421875	0.3	1.0	2	430614	n/a
210.26953125	0.3	1.0	2	430632	n/a
210.27783203125	0.3	0.0	1	430649	n/a
210.2861328125	0.3	1.0	2	430666	n/a
210.29443359375	0.3	0.0	1	430683	n/a
210.302734375	0.3	1.0	2	430700	n/a
210.31103515625	0.3	0.0	1	430717	n/a
210.3193359375	0.3	0.0	1	430734	n/a
210.32763671875	0.3	1.0	2	430751	n/a
210.3359375	0.3	1.0	2	430768	n/a
210.34423828125	0.3	0.0	1	430785	n/a
210.3525390625	0.3	1.0	2	430802	n/a
210.36083984375	0.3	0.0	1	430819	n/a
210.369140625	0.3	1.0	2	430836	n/a
210.37744140625	0.3	0.0	1	430853	n/a
210.3857421875	0.3	1.0	2	430870	n/a
210.39453125	0.3	0.0	1	430888	n/a
210.40283203125	0.3	0.0	1	430905	n/a
210.4111328125	0.3	1.0	2	430922	n/a
210.41943359375	0.3	0.0	1	430939	n/a
210.427734375	0.3	1.0	2	430956	n/a
210.43603515625	0.3	1.0	2	430973	n/a
210.4443359375	0.3	0.0	1	430990	n/a
210.45263671875	0.3	0.0	1	431007	n/a
210.4609375	0.3	1.0	2	431024	n/a
210.46923828125	0.3	1.0	2	431041	n/a
210.4775390625	0.3	0.0	1	431058	n/a
210.48583984375	0.3	1.0	2	431075	n/a
210.494140625	0.3	0.0	1	431092	n/a
210.50244140625	0.3	0.0	1	431109	n/a
210.5107421875	0.3	1.0	2	431126	n/a
210.51953125	0.3	1.0	2	431144	n/a
210.52783203125	0.3	0.0	1	431161	n/a
210.5361328125	0.3	1.0	2	431178	n/a
210.54443359375	0.3	0.0	1	431195	n/a
210.552734375	0.3	1.0	2	431212	n/a
210.56103515625	0.3	0.0	1	431229	n/a
210.5693359375	0.3	0.0	1	431246	n/a
210.57763671875	0.3	1.0	2	431263	n/a
210.5859375	0.3	0.0	1	431280	n/a
210.59423828125	0.3	1.0	2	431297	n/a
210.6025390625	0.3	0.0	1	431314	n/a
210.61083984375	0.3	1.0	2	431331	n/a
210.619140625	0.3	0.0	1	431348	n/a
210.62744140625	0.3	1.0	2	431365	n/a
210.6357421875	0.3	1.0	2	431382	n/a
210.64453125	0.3	0.0	1	431400	n/a
210.65283203125	0.3	1.0	2	431417	n/a
210.6611328125	0.3	0.0	1	431434	n/a
210.66943359375	0.3	1.0	2	431451	n/a
210.677734375	0.3	0.0	1	431468	n/a
210.68603515625	0.3	0.0	1	431485	n/a
210.6943359375	0.3	1.0	2	431502	n/a
210.70263671875	0.3	1.0	2	431519	n/a
210.7109375	0.3	0.0	1	431536	n/a
210.71923828125	0.3	0.0	1	431553	n/a
210.7275390625	0.3	1.0	2	431570	n/a
210.73583984375	0.3	1.0	2	431587	n/a
210.744140625	0.3	0.0	1	431604	n/a
210.75244140625	0.3	0.0	1	431621	n/a
210.7607421875	0.3	1.0	2	431638	n/a
210.76953125	0.3	1.0	2	431656	n/a
210.77783203125	0.3	0.0	1	431673	n/a
210.7861328125	0.3	0.0	1	431690	n/a
210.79443359375	0.3	1.0	2	431707	n/a
210.802734375	0.3	0.0	1	431724	n/a
210.81103515625	0.3	1.0	2	431741	n/a
210.8193359375	0.3	1.0	2	431758	n/a
210.82763671875	0.3	0.0	1	431775	n/a
210.8359375	0.3	1.0	2	431792	n/a
210.84423828125	0.3	0.0	1	431809	n/a
210.8525390625	0.3	1.0	2	431826	n/a
210.86083984375	0.3	0.0	1	431843	n/a
210.869140625	0.3	1.0	2	431860	n/a
210.87744140625	0.3	0.0	1	431877	n/a
210.8857421875	0.3	1.0	2	431894	n/a
210.89453125	0.3	0.0	1	431912	n/a
210.90283203125	0.3	1.0	2	431929	n/a
210.9111328125	0.3	0.0	1	431946	n/a
210.91943359375	0.3	0.0	1	431963	n/a
210.927734375	0.3	1.0	2	431980	n/a
210.93603515625	0.3	0.0	1	431997	n/a
210.9443359375	0.3	1.0	2	432014	n/a
210.95263671875	0.3	1.0	2	432031	n/a
210.9609375	0.3	0.0	1	432048	n/a
210.96923828125	0.3	0.0	1	432065	n/a
210.9775390625	0.3	1.0	2	432082	n/a
210.98583984375	0.3	1.0	2	432099	n/a
210.994140625	0.3	0.0	1	432116	n/a
211.00244140625	0.3	1.0	2	432133	n/a
211.0107421875	0.3	0.0	1	432150	n/a
211.01953125	0.3	0.0	1	432168	n/a
211.02783203125	0.3	1.0	2	432185	n/a
211.0361328125	0.3	0.0	1	432202	n/a
211.04443359375	0.3	1.0	2	432219	n/a
211.052734375	0.3	1.0	2	432236	n/a
211.06103515625	0.3	0.0	1	432253	n/a
211.0693359375	0.3	0.0	1	432270	n/a
211.07763671875	0.3	1.0	2	432287	n/a
211.0859375	0.3	1.0	2	432304	n/a
211.09423828125	0.3	0.0	1	432321	n/a
211.1025390625	0.3	1.0	2	432338	n/a
211.11083984375	0.3	0.0	1	432355	n/a
211.119140625	0.3	0.0	1	432372	n/a
211.12744140625	0.3	1.0	2	432389	n/a
211.1357421875	0.3	0.0	1	432406	n/a
211.14453125	0.3	1.0	2	432424	n/a
211.15283203125	0.3	1.0	2	432441	n/a
211.1611328125	0.3	0.0	1	432458	n/a
211.16943359375	0.3	1.0	2	432475	n/a
211.177734375	0.3	0.0	1	432492	n/a
211.18603515625	0.3	1.0	2	432509	n/a
211.1943359375	0.3	0.0	1	432526	n/a
211.20263671875	0.3	0.0	1	432543	n/a
211.2109375	0.3	1.0	2	432560	n/a
211.21923828125	0.3	1.0	2	432577	n/a
211.2275390625	0.3	0.0	1	432594	n/a
211.23583984375	0.3	1.0	2	432611	n/a
211.244140625	0.3	0.0	1	432628	n/a
211.25244140625	0.3	1.0	2	432645	n/a
211.2607421875	0.3	0.0	1	432662	n/a
211.26953125	0.3	1.0	2	432680	n/a
211.27783203125	0.3	0.0	1	432697	n/a
211.2861328125	0.3	1.0	2	432714	n/a
211.29443359375	0.3	0.0	1	432731	n/a
211.302734375	0.3	0.0	1	432748	n/a
211.31103515625	0.3	1.0	2	432765	n/a
211.3193359375	0.3	1.0	2	432782	n/a
211.32763671875	0.3	0.0	1	432799	n/a
211.3359375	0.3	1.0	2	432816	n/a
211.34423828125	0.3	0.0	1	432833	n/a
211.3525390625	0.3	1.0	2	432850	n/a
211.36083984375	0.3	0.0	1	432867	n/a
211.369140625	0.3	0.0	1	432884	n/a
211.37744140625	0.3	1.0	2	432901	n/a
211.3857421875	0.3	1.0	2	432918	n/a
211.39453125	0.3	0.0	1	432936	n/a
211.40283203125	0.3	1.0	2	432953	n/a
211.4111328125	0.3	0.0	1	432970	n/a
211.41943359375	0.3	1.0	2	432987	n/a
211.427734375	0.3	0.0	1	433004	n/a
211.43603515625	0.3	1.0	2	433021	n/a
211.4443359375	0.3	0.0	1	433038	n/a
211.45263671875	0.3	0.0	1	433055	n/a
211.4609375	0.3	1.0	2	433072	n/a
211.46923828125	0.3	0.0	1	433089	n/a
211.4775390625	0.3	1.0	2	433106	n/a
211.48583984375	0.3	1.0	2	433123	n/a
211.494140625	0.3	0.0	1	433140	n/a
211.50244140625	0.3	0.0	1	433157	n/a
211.5107421875	0.3	1.0	2	433174	n/a
211.51953125	0.3	1.0	2	433192	n/a
211.52783203125	0.3	0.0	1	433209	n/a
211.5361328125	0.3	1.0	2	433226	n/a
211.54443359375	0.3	0.0	1	433243	n/a
211.552734375	0.3	0.0	1	433260	n/a
211.56103515625	0.3	1.0	2	433277	n/a
211.5693359375	0.3	1.0	2	433294	n/a
211.57763671875	0.3	0.0	1	433311	n/a
211.5859375	0.3	1.0	2	433328	n/a
211.59423828125	0.3	0.0	1	433345	n/a
211.6025390625	0.3	1.0	2	433362	n/a
211.61083984375	0.3	0.0	1	433379	n/a
211.619140625	0.3	0.0	1	433396	n/a
211.62744140625	0.3	1.0	2	433413	n/a
211.6357421875	0.3	0.0	1	433430	n/a
211.64453125	0.3	1.0	2	433448	n/a
211.65283203125	0.3	0.0	1	433465	n/a
211.6611328125	0.3	1.0	2	433482	n/a
211.66943359375	0.3	0.0	1	433499	n/a
211.677734375	0.3	1.0	2	433516	n/a
211.68603515625	0.3	1.0	2	433533	n/a
211.6943359375	0.3	0.0	1	433550	n/a
211.70263671875	0.3	1.0	2	433567	n/a
211.7109375	0.3	0.0	1	433584	n/a
211.71923828125	0.3	1.0	2	433601	n/a
211.7275390625	0.3	0.0	1	433618	n/a
211.73583984375	0.3	0.0	1	433635	n/a
211.744140625	0.3	1.0	2	433652	n/a
211.75244140625	0.3	1.0	2	433669	n/a
211.7607421875	0.3	0.0	1	433686	n/a
211.76953125	0.3	0.0	1	433704	n/a
211.77783203125	0.3	1.0	2	433721	n/a
211.7861328125	0.3	1.0	2	433738	n/a
211.79443359375	0.3	0.0	1	433755	n/a
211.802734375	0.3	0.0	1	433772	n/a
211.81103515625	0.3	1.0	2	433789	n/a
211.8193359375	0.3	1.0	2	433806	n/a
211.82763671875	0.3	0.0	1	433823	n/a
211.8359375	0.3	0.0	1	433840	n/a
211.84423828125	0.3	1.0	2	433857	n/a
211.8525390625	0.3	0.0	1	433874	n/a
211.86083984375	0.3	1.0	2	433891	n/a
211.869140625	0.3	1.0	2	433908	n/a
211.87744140625	0.3	0.0	1	433925	n/a
211.8857421875	0.3	1.0	2	433942	n/a
211.89453125	0.3	0.0	1	433960	n/a
211.90283203125	0.3	1.0	2	433977	n/a
211.9111328125	0.3	0.0	1	433994	n/a
211.91943359375	0.3	1.0	2	434011	n/a
211.927734375	0.3	0.0	1	434028	n/a
211.93603515625	0.3	1.0	2	434045	n/a
211.9443359375	0.3	0.0	1	434062	n/a
211.95263671875	0.3	1.0	2	434079	n/a
211.9609375	0.3	0.0	1	434096	n/a
211.96923828125	0.3	0.0	1	434113	n/a
211.9775390625	0.3	1.0	2	434130	n/a
211.98583984375	0.3	0.0	1	434147	n/a
211.994140625	0.3	1.0	2	434164	n/a
212.00244140625	0.3	1.0	2	434181	n/a
212.0107421875	0.3	0.0	1	434198	n/a
212.01953125	0.3	0.0	1	434216	n/a
212.02783203125	0.3	1.0	2	434233	n/a
212.0361328125	0.3	1.0	2	434250	n/a
212.04443359375	0.3	0.0	1	434267	n/a
212.052734375	0.3	1.0	2	434284	n/a
212.06103515625	0.3	0.0	1	434301	n/a
212.0693359375	0.3	0.0	1	434318	n/a
212.07763671875	0.3	1.0	2	434335	n/a
212.0859375	0.3	0.0	1	434352	n/a
212.09423828125	0.3	1.0	2	434369	n/a
212.1025390625	0.3	1.0	2	434386	n/a
212.11083984375	0.3	0.0	1	434403	n/a
212.119140625	0.3	0.0	1	434420	n/a
212.12744140625	0.3	1.0	2	434437	n/a
212.1357421875	0.3	1.0	2	434454	n/a
212.14453125	0.3	0.0	1	434472	n/a
212.15283203125	0.3	1.0	2	434489	n/a
212.1611328125	0.3	0.0	1	434506	n/a
212.16943359375	0.3	0.0	1	434523	n/a
212.177734375	0.3	1.0	2	434540	n/a
212.18603515625	0.3	0.0	1	434557	n/a
212.1943359375	0.3	1.0	2	434574	n/a
212.20263671875	0.3	1.0	2	434591	n/a
212.2109375	0.3	0.0	1	434608	n/a
212.21923828125	0.3	1.0	2	434625	n/a
212.2275390625	0.3	0.0	1	434642	n/a
212.23583984375	0.3	1.0	2	434659	n/a
212.244140625	0.3	0.0	1	434676	n/a
212.25244140625	0.3	0.0	1	434693	n/a
212.2607421875	0.3	1.0	2	434710	n/a
212.26953125	0.3	1.0	2	434728	n/a
212.27783203125	0.3	0.0	1	434745	n/a
212.2861328125	0.3	1.0	2	434762	n/a
212.29443359375	0.3	0.0	1	434779	n/a
212.302734375	0.3	1.0	2	434796	n/a
212.31103515625	0.3	0.0	1	434813	n/a
212.3193359375	0.3	1.0	2	434830	n/a
212.32763671875	0.3	0.0	1	434847	n/a
212.3359375	0.3	1.0	2	434864	n/a
212.34423828125	0.3	0.0	1	434881	n/a
212.3525390625	0.3	0.0	1	434898	n/a
212.36083984375	0.3	1.0	2	434915	n/a
212.369140625	0.3	1.0	2	434932	n/a
212.37744140625	0.3	0.0	1	434949	n/a
212.3857421875	0.3	1.0	2	434966	n/a
212.39453125	0.3	0.0	1	434984	n/a
212.40283203125	0.3	1.0	2	435001	n/a
212.4111328125	0.3	0.0	1	435018	n/a
212.41943359375	0.3	0.0	1	435035	n/a
212.427734375	0.3	1.0	2	435052	n/a
212.43603515625	0.3	1.0	2	435069	n/a
212.4443359375	0.3	0.0	1	435086	n/a
212.45263671875	0.3	1.0	2	435103	n/a
212.4609375	0.3	0.0	1	435120	n/a
212.46923828125	0.3	1.0	2	435137	n/a
212.4775390625	0.3	0.0	1	435154	n/a
212.48583984375	0.3	1.0	2	435171	n/a
212.494140625	0.3	0.0	1	435188	n/a
212.50244140625	0.3	0.0	1	435205	n/a
212.5107421875	0.3	1.0	2	435222	n/a
212.51953125	0.3	0.0	1	435240	n/a
212.52783203125	0.3	1.0	2	435257	n/a
212.5361328125	0.3	1.0	2	435274	n/a
212.54443359375	0.3	0.0	1	435291	n/a
212.552734375	0.3	0.0	1	435308	n/a
212.56103515625	0.3	1.0	2	435325	n/a
212.5693359375	0.3	1.0	2	435342	n/a
212.57763671875	0.3	0.0	1	435359	n/a
212.5859375	0.3	1.0	2	435376	n/a
212.59423828125	0.3	0.0	1	435393	n/a
212.6025390625	0.3	0.0	1	435410	n/a
212.61083984375	0.3	1.0	2	435427	n/a
212.619140625	0.3	1.0	2	435444	n/a
212.62744140625	0.3	0.0	1	435461	n/a
212.6357421875	0.3	1.0	2	435478	n/a
212.64453125	0.3	0.0	1	435496	n/a
212.65283203125	0.3	1.0	2	435513	n/a
212.6611328125	0.3	0.0	1	435530	n/a
212.66943359375	0.3	0.0	1	435547	n/a
212.677734375	0.3	1.0	2	435564	n/a
212.68603515625	0.3	0.0	1	435581	n/a
212.6943359375	0.3	1.0	2	435598	n/a
212.70263671875	0.3	0.0	1	435615	n/a
212.7109375	0.3	1.0	2	435632	n/a
212.71923828125	0.3	0.0	1	435649	n/a
212.7275390625	0.3	1.0	2	435666	n/a
212.73583984375	0.3	1.0	2	435683	n/a
212.744140625	0.3	0.0	1	435700	n/a
212.75244140625	0.3	1.0	2	435717	n/a
212.7607421875	0.3	0.0	1	435734	n/a
212.76953125	0.3	1.0	2	435752	n/a
212.77783203125	0.3	0.0	1	435769	n/a
212.7861328125	0.3	0.0	1	435786	n/a
212.79443359375	0.3	1.0	2	435803	n/a
212.802734375	0.3	1.0	2	435820	n/a
212.81103515625	0.3	0.0	1	435837	n/a
212.8193359375	0.3	0.0	1	435854	n/a
212.82763671875	0.3	1.0	2	435871	n/a
212.8359375	0.3	1.0	2	435888	n/a
212.84423828125	0.3	0.0	1	435905	n/a
212.8525390625	0.3	0.0	1	435922	n/a
212.86083984375	0.3	1.0	2	435939	n/a
212.869140625	0.3	1.0	2	435956	n/a
212.87744140625	0.3	0.0	1	435973	n/a
212.8857421875	0.3	0.0	1	435990	n/a
212.89453125	0.3	1.0	2	436008	n/a
212.90283203125	0.3	0.0	1	436025	n/a
212.9111328125	0.3	1.0	2	436042	n/a
212.91943359375	0.3	1.0	2	436059	n/a
212.927734375	0.3	0.0	1	436076	n/a
212.93603515625	0.3	1.0	2	436093	n/a
212.9443359375	0.3	0.0	1	436110	n/a
212.95263671875	0.3	1.0	2	436127	n/a
212.9609375	0.3	0.0	1	436144	n/a
212.96923828125	0.3	1.0	2	436161	n/a
212.9775390625	0.3	0.0	1	436178	n/a
212.98583984375	0.3	1.0	2	436195	n/a
212.994140625	0.3	0.0	1	436212	n/a
213.00244140625	0.3	1.0	2	436229	n/a
213.0107421875	0.3	0.0	1	436246	n/a
213.01953125	0.3	0.0	1	436264	n/a
213.02783203125	0.3	1.0	2	436281	n/a
213.0361328125	0.3	0.0	1	436298	n/a
213.04443359375	0.3	1.0	2	436315	n/a
213.052734375	0.3	1.0	2	436332	n/a
213.06103515625	0.3	0.0	1	436349	n/a
213.0693359375	0.3	0.0	1	436366	n/a
213.07763671875	0.3	1.0	2	436383	n/a
213.0859375	0.3	1.0	2	436400	n/a
213.09423828125	0.3	0.0	1	436417	n/a
213.1025390625	0.3	1.0	2	436434	n/a
213.11083984375	0.3	0.0	1	436451	n/a
213.119140625	0.3	0.0	1	436468	n/a
213.12744140625	0.3	1.0	2	436485	n/a
213.1357421875	0.3	0.0	1	436502	n/a
213.14453125	0.3	1.0	2	436520	n/a
215.52880859375	0.3	0.0	1	441403	19.0
215.537109375	0.3	1.0	2	441420	n/a
215.54541015625	0.3	1.0	2	441437	n/a
215.5537109375	0.3	0.0	1	441454	n/a
215.56201171875	0.3	1.0	2	441471	n/a
215.5703125	0.3	0.0	1	441488	n/a
215.57861328125	0.3	0.0	1	441505	n/a
215.5869140625	0.3	1.0	2	441522	n/a
215.595703125	0.3	1.0	2	441540	n/a
215.60400390625	0.3	0.0	1	441557	n/a
215.6123046875	0.3	0.0	1	441574	n/a
215.62060546875	0.3	1.0	2	441591	n/a
215.62890625	0.3	1.0	2	441608	n/a
215.63720703125	0.3	0.0	1	441625	n/a
215.6455078125	0.3	0.0	1	441642	n/a
215.65380859375	0.3	1.0	2	441659	n/a
215.662109375	0.3	1.0	2	441676	n/a
215.67041015625	0.3	0.0	1	441693	n/a
215.6787109375	0.3	1.0	2	441710	n/a
215.68701171875	0.3	0.0	1	441727	n/a
215.6953125	0.3	1.0	2	441744	n/a
215.70361328125	0.3	0.0	1	441761	n/a
215.7119140625	0.3	0.0	1	441778	n/a
215.720703125	0.3	1.0	2	441796	n/a
215.72900390625	0.3	0.0	1	441813	n/a
215.7373046875	0.3	1.0	2	441830	n/a
215.74560546875	0.3	1.0	2	441847	n/a
215.75390625	0.3	0.0	1	441864	n/a
215.76220703125	0.3	1.0	2	441881	n/a
215.7705078125	0.3	0.0	1	441898	n/a
215.77880859375	0.3	0.0	1	441915	n/a
215.787109375	0.3	1.0	2	441932	n/a
215.79541015625	0.3	0.0	1	441949	n/a
215.8037109375	0.3	1.0	2	441966	n/a
215.81201171875	0.3	0.0	1	441983	n/a
215.8203125	0.3	1.0	2	442000	n/a
215.82861328125	0.3	0.0	1	442017	n/a
215.8369140625	0.3	1.0	2	442034	n/a
215.845703125	0.3	1.0	2	442052	n/a
215.85400390625	0.3	0.0	1	442069	n/a
215.8623046875	0.3	0.0	1	442086	n/a
215.87060546875	0.3	1.0	2	442103	n/a
215.87890625	0.3	0.0	1	442120	n/a
215.88720703125	0.3	1.0	2	442137	n/a
215.8955078125	0.3	0.0	1	442154	n/a
215.90380859375	0.3	1.0	2	442171	n/a
215.912109375	0.3	1.0	2	442188	n/a
215.92041015625	0.3	0.0	1	442205	n/a
215.9287109375	0.3	0.0	1	442222	n/a
215.93701171875	0.3	1.0	2	442239	n/a
215.9453125	0.3	1.0	2	442256	n/a
215.95361328125	0.3	0.0	1	442273	n/a
215.9619140625	0.3	0.0	1	442290	n/a
215.970703125	0.3	1.0	2	442308	n/a
215.97900390625	0.3	0.0	1	442325	n/a
215.9873046875	0.3	1.0	2	442342	n/a
215.99560546875	0.3	1.0	2	442359	n/a
216.00390625	0.3	0.0	1	442376	n/a
216.01220703125	0.3	0.0	1	442393	n/a
216.0205078125	0.3	1.0	2	442410	n/a
216.02880859375	0.3	1.0	2	442427	n/a
216.037109375	0.3	0.0	1	442444	n/a
216.04541015625	0.3	1.0	2	442461	n/a
216.0537109375	0.3	0.0	1	442478	n/a
216.06201171875	0.3	0.0	1	442495	n/a
216.0703125	0.3	1.0	2	442512	n/a
216.07861328125	0.3	0.0	1	442529	n/a
216.0869140625	0.3	1.0	2	442546	n/a
216.095703125	0.3	1.0	2	442564	n/a
216.10400390625	0.3	0.0	1	442581	n/a
216.1123046875	0.3	0.0	1	442598	n/a
216.12060546875	0.3	1.0	2	442615	n/a
216.12890625	0.3	0.0	1	442632	n/a
216.13720703125	0.3	1.0	2	442649	n/a
216.1455078125	0.3	1.0	2	442666	n/a
216.15380859375	0.3	0.0	1	442683	n/a
216.162109375	0.3	1.0	2	442700	n/a
216.17041015625	0.3	0.0	1	442717	n/a
216.1787109375	0.3	1.0	2	442734	n/a
216.18701171875	0.3	0.0	1	442751	n/a
216.1953125	0.3	0.0	1	442768	n/a
216.20361328125	0.3	1.0	2	442785	n/a
216.2119140625	0.3	1.0	2	442802	n/a
216.220703125	0.3	0.0	1	442820	n/a
216.22900390625	0.3	1.0	2	442837	n/a
216.2373046875	0.3	0.0	1	442854	n/a
216.24560546875	0.3	0.0	1	442871	n/a
216.25390625	0.3	1.0	2	442888	n/a
216.26220703125	0.3	1.0	2	442905	n/a
216.2705078125	0.3	0.0	1	442922	n/a
216.27880859375	0.3	1.0	2	442939	n/a
216.287109375	0.3	0.0	1	442956	n/a
216.29541015625	0.3	1.0	2	442973	n/a
216.3037109375	0.3	0.0	1	442990	n/a
216.31201171875	0.3	1.0	2	443007	n/a
216.3203125	0.3	0.0	1	443024	n/a
216.32861328125	0.3	0.0	1	443041	n/a
216.3369140625	0.3	1.0	2	443058	n/a
216.345703125	0.3	0.0	1	443076	n/a
216.35400390625	0.3	1.0	2	443093	n/a
216.3623046875	0.3	0.0	1	443110	n/a
216.37060546875	0.3	1.0	2	443127	n/a
216.37890625	0.3	1.0	2	443144	n/a
216.38720703125	0.3	0.0	1	443161	n/a
216.3955078125	0.3	1.0	2	443178	n/a
216.40380859375	0.3	0.0	1	443195	n/a
216.412109375	0.3	1.0	2	443212	n/a
216.42041015625	0.3	0.0	1	443229	n/a
216.4287109375	0.3	1.0	2	443246	n/a
216.43701171875	0.3	0.0	1	443263	n/a
216.4453125	0.3	1.0	2	443280	n/a
216.45361328125	0.3	0.0	1	443297	n/a
216.4619140625	0.3	0.0	1	443314	n/a
216.470703125	0.3	1.0	2	443332	n/a
216.47900390625	0.3	1.0	2	443349	n/a
216.4873046875	0.3	0.0	1	443366	n/a
216.49560546875	0.3	0.0	1	443383	n/a
216.50390625	0.3	1.0	2	443400	n/a
216.51220703125	0.3	0.0	1	443417	n/a
216.5205078125	0.3	1.0	2	443434	n/a
216.52880859375	0.3	0.0	1	443451	n/a
216.537109375	0.3	1.0	2	443468	n/a
216.54541015625	0.3	0.0	1	443485	n/a
216.5537109375	0.3	1.0	2	443502	n/a
216.56201171875	0.3	0.0	1	443519	n/a
216.5703125	0.3	1.0	2	443536	n/a
216.57861328125	0.3	0.0	1	443553	n/a
216.5869140625	0.3	1.0	2	443570	n/a
216.595703125	0.3	1.0	2	443588	n/a
216.60400390625	0.3	0.0	1	443605	n/a
216.6123046875	0.3	1.0	2	443622	n/a
216.62060546875	0.3	0.0	1	443639	n/a
216.62890625	0.3	0.0	1	443656	n/a
216.63720703125	0.3	1.0	2	443673	n/a
216.6455078125	0.3	1.0	2	443690	n/a
216.65380859375	0.3	0.0	1	443707	n/a
216.662109375	0.3	0.0	1	443724	n/a
216.67041015625	0.3	1.0	2	443741	n/a
216.6787109375	0.3	1.0	2	443758	n/a
216.68701171875	0.3	0.0	1	443775	n/a
216.6953125	0.3	0.0	1	443792	n/a
216.70361328125	0.3	1.0	2	443809	n/a
216.7119140625	0.3	1.0	2	443826	n/a
216.720703125	0.3	0.0	1	443844	n/a
216.72900390625	0.3	1.0	2	443861	n/a
216.7373046875	0.3	0.0	1	443878	n/a
216.74560546875	0.3	1.0	2	443895	n/a
216.75390625	0.3	0.0	1	443912	n/a
216.76220703125	0.3	0.0	1	443929	n/a
216.7705078125	0.3	1.0	2	443946	n/a
216.77880859375	0.3	0.0	1	443963	n/a
216.787109375	0.3	1.0	2	443980	n/a
216.79541015625	0.3	1.0	2	443997	n/a
216.8037109375	0.3	0.0	1	444014	n/a
216.81201171875	0.3	1.0	2	444031	n/a
216.8203125	0.3	0.0	1	444048	n/a
216.82861328125	0.3	0.0	1	444065	n/a
216.8369140625	0.3	1.0	2	444082	n/a
216.845703125	0.3	0.0	1	444100	n/a
216.85400390625	0.3	1.0	2	444117	n/a
216.8623046875	0.3	0.0	1	444134	n/a
216.87060546875	0.3	1.0	2	444151	n/a
216.87890625	0.3	0.0	1	444168	n/a
216.88720703125	0.3	1.0	2	444185	n/a
216.8955078125	0.3	1.0	2	444202	n/a
216.90380859375	0.3	0.0	1	444219	n/a
216.912109375	0.3	0.0	1	444236	n/a
216.92041015625	0.3	1.0	2	444253	n/a
216.9287109375	0.3	0.0	1	444270	n/a
216.93701171875	0.3	1.0	2	444287	n/a
216.9453125	0.3	0.0	1	444304	n/a
216.95361328125	0.3	1.0	2	444321	n/a
216.9619140625	0.3	1.0	2	444338	n/a
216.970703125	0.3	0.0	1	444356	n/a
216.97900390625	0.3	0.0	1	444373	n/a
216.9873046875	0.3	1.0	2	444390	n/a
216.99560546875	0.3	1.0	2	444407	n/a
217.00390625	0.3	0.0	1	444424	n/a
217.01220703125	0.3	0.0	1	444441	n/a
217.0205078125	0.3	1.0	2	444458	n/a
217.02880859375	0.3	0.0	1	444475	n/a
217.037109375	0.3	1.0	2	444492	n/a
217.04541015625	0.3	1.0	2	444509	n/a
217.0537109375	0.3	0.0	1	444526	n/a
217.06201171875	0.3	0.0	1	444543	n/a
217.0703125	0.3	1.0	2	444560	n/a
217.07861328125	0.3	1.0	2	444577	n/a
217.0869140625	0.3	0.0	1	444594	n/a
217.095703125	0.3	1.0	2	444612	n/a
217.10400390625	0.3	0.0	1	444629	n/a
217.1123046875	0.3	0.0	1	444646	n/a
217.12060546875	0.3	1.0	2	444663	n/a
217.12890625	0.3	0.0	1	444680	n/a
217.13720703125	0.3	1.0	2	444697	n/a
217.1455078125	0.3	1.0	2	444714	n/a
217.15380859375	0.3	0.0	1	444731	n/a
217.162109375	0.3	0.0	1	444748	n/a
217.17041015625	0.3	1.0	2	444765	n/a
217.1787109375	0.3	0.0	1	444782	n/a
217.18701171875	0.3	1.0	2	444799	n/a
217.1953125	0.3	1.0	2	444816	n/a
217.20361328125	0.3	0.0	1	444833	n/a
217.2119140625	0.3	1.0	2	444850	n/a
217.220703125	0.3	0.0	1	444868	n/a
217.22900390625	0.3	1.0	2	444885	n/a
217.2373046875	0.3	0.0	1	444902	n/a
217.24560546875	0.3	0.0	1	444919	n/a
217.25390625	0.3	1.0	2	444936	n/a
217.26220703125	0.3	1.0	2	444953	n/a
217.2705078125	0.3	0.0	1	444970	n/a
217.27880859375	0.3	1.0	2	444987	n/a
217.287109375	0.3	0.0	1	445004	n/a
217.29541015625	0.3	0.0	1	445021	n/a
217.3037109375	0.3	1.0	2	445038	n/a
217.31201171875	0.3	1.0	2	445055	n/a
217.3203125	0.3	0.0	1	445072	n/a
217.32861328125	0.3	1.0	2	445089	n/a
217.3369140625	0.3	0.0	1	445106	n/a
217.345703125	0.3	1.0	2	445124	n/a
217.35400390625	0.3	0.0	1	445141	n/a
217.3623046875	0.3	1.0	2	445158	n/a
217.37060546875	0.3	0.0	1	445175	n/a
217.37890625	0.3	0.0	1	445192	n/a
217.38720703125	0.3	1.0	2	445209	n/a
217.3955078125	0.3	0.0	1	445226	n/a
217.40380859375	0.3	1.0	2	445243	n/a
217.412109375	0.3	0.0	1	445260	n/a
217.42041015625	0.3	1.0	2	445277	n/a
217.4287109375	0.3	1.0	2	445294	n/a
217.43701171875	0.3	0.0	1	445311	n/a
217.4453125	0.3	1.0	2	445328	n/a
217.45361328125	0.3	0.0	1	445345	n/a
217.4619140625	0.3	1.0	2	445362	n/a
217.470703125	0.3	0.0	1	445380	n/a
217.47900390625	0.3	1.0	2	445397	n/a
217.4873046875	0.3	0.0	1	445414	n/a
217.49560546875	0.3	1.0	2	445431	n/a
217.50390625	0.3	0.0	1	445448	n/a
217.51220703125	0.3	0.0	1	445465	n/a
217.5205078125	0.3	1.0	2	445482	n/a
217.52880859375	0.3	1.0	2	445499	n/a
217.537109375	0.3	0.0	1	445516	n/a
217.54541015625	0.3	0.0	1	445533	n/a
217.5537109375	0.3	1.0	2	445550	n/a
217.56201171875	0.3	0.0	1	445567	n/a
217.5703125	0.3	1.0	2	445584	n/a
217.57861328125	0.3	0.0	1	445601	n/a
217.5869140625	0.3	1.0	2	445618	n/a
217.595703125	0.3	0.0	1	445636	n/a
217.60400390625	0.3	1.0	2	445653	n/a
217.6123046875	0.3	0.0	1	445670	n/a
217.62060546875	0.3	1.0	2	445687	n/a
217.62890625	0.3	0.0	1	445704	n/a
217.63720703125	0.3	1.0	2	445721	n/a
217.6455078125	0.3	1.0	2	445738	n/a
217.65380859375	0.3	0.0	1	445755	n/a
217.662109375	0.3	1.0	2	445772	n/a
217.67041015625	0.3	0.0	1	445789	n/a
217.6787109375	0.3	0.0	1	445806	n/a
217.68701171875	0.3	1.0	2	445823	n/a
217.6953125	0.3	1.0	2	445840	n/a
217.70361328125	0.3	0.0	1	445857	n/a
217.7119140625	0.3	0.0	1	445874	n/a
217.720703125	0.3	1.0	2	445892	n/a
217.72900390625	0.3	1.0	2	445909	n/a
217.7373046875	0.3	0.0	1	445926	n/a
217.74560546875	0.3	0.0	1	445943	n/a
217.75390625	0.3	1.0	2	445960	n/a
217.76220703125	0.3	1.0	2	445977	n/a
217.7705078125	0.3	0.0	1	445994	n/a
217.77880859375	0.3	1.0	2	446011	n/a
217.787109375	0.3	0.0	1	446028	n/a
217.79541015625	0.3	1.0	2	446045	n/a
217.8037109375	0.3	0.0	1	446062	n/a
217.81201171875	0.3	0.0	1	446079	n/a
217.8203125	0.3	1.0	2	446096	n/a
217.82861328125	0.3	0.0	1	446113	n/a
217.8369140625	0.3	1.0	2	446130	n/a
217.845703125	0.3	1.0	2	446148	n/a
217.85400390625	0.3	0.0	1	446165	n/a
217.8623046875	0.3	1.0	2	446182	n/a
217.87060546875	0.3	0.0	1	446199	n/a
217.87890625	0.3	0.0	1	446216	n/a
217.88720703125	0.3	1.0	2	446233	n/a
217.8955078125	0.3	0.0	1	446250	n/a
217.90380859375	0.3	1.0	2	446267	n/a
217.912109375	0.3	0.0	1	446284	n/a
217.92041015625	0.3	1.0	2	446301	n/a
217.9287109375	0.3	0.0	1	446318	n/a
217.93701171875	0.3	1.0	2	446335	n/a
217.9453125	0.3	1.0	2	446352	n/a
217.95361328125	0.3	0.0	1	446369	n/a
217.9619140625	0.3	0.0	1	446386	n/a
217.970703125	0.3	1.0	2	446404	n/a
217.97900390625	0.3	0.0	1	446421	n/a
217.9873046875	0.3	1.0	2	446438	n/a
217.99560546875	0.3	0.0	1	446455	n/a
218.00390625	0.3	1.0	2	446472	n/a
218.01220703125	0.3	1.0	2	446489	n/a
218.0205078125	0.3	0.0	1	446506	n/a
218.02880859375	0.3	0.0	1	446523	n/a
218.037109375	0.3	1.0	2	446540	n/a
218.04541015625	0.3	1.0	2	446557	n/a
218.0537109375	0.3	0.0	1	446574	n/a
218.06201171875	0.3	0.0	1	446591	n/a
218.0703125	0.3	1.0	2	446608	n/a
218.07861328125	0.3	0.0	1	446625	n/a
218.0869140625	0.3	1.0	2	446642	n/a
218.095703125	0.3	1.0	2	446660	n/a
218.10400390625	0.3	0.0	1	446677	n/a
218.1123046875	0.3	0.0	1	446694	n/a
218.12060546875	0.3	1.0	2	446711	n/a
218.12890625	0.3	1.0	2	446728	n/a
218.13720703125	0.3	0.0	1	446745	n/a
218.1455078125	0.3	1.0	2	446762	n/a
218.15380859375	0.3	0.0	1	446779	n/a
218.162109375	0.3	0.0	1	446796	n/a
218.17041015625	0.3	1.0	2	446813	n/a
218.1787109375	0.3	0.0	1	446830	n/a
218.18701171875	0.3	1.0	2	446847	n/a
218.1953125	0.3	1.0	2	446864	n/a
218.20361328125	0.3	0.0	1	446881	n/a
218.2119140625	0.3	0.0	1	446898	n/a
218.220703125	0.3	1.0	2	446916	n/a
218.22900390625	0.3	0.0	1	446933	n/a
218.2373046875	0.3	1.0	2	446950	n/a
218.24560546875	0.3	1.0	2	446967	n/a
218.25390625	0.3	0.0	1	446984	n/a
218.26220703125	0.3	1.0	2	447001	n/a
218.2705078125	0.3	0.0	1	447018	n/a
218.27880859375	0.3	1.0	2	447035	n/a
218.287109375	0.3	0.0	1	447052	n/a
218.29541015625	0.3	0.0	1	447069	n/a
218.3037109375	0.3	1.0	2	447086	n/a
218.31201171875	0.3	1.0	2	447103	n/a
218.3203125	0.3	0.0	1	447120	n/a
218.32861328125	0.3	1.0	2	447137	n/a
218.3369140625	0.3	0.0	1	447154	n/a
218.345703125	0.3	0.0	1	447172	n/a
218.35400390625	0.3	1.0	2	447189	n/a
218.3623046875	0.3	1.0	2	447206	n/a
218.37060546875	0.3	0.0	1	447223	n/a
218.37890625	0.3	1.0	2	447240	n/a
218.38720703125	0.3	0.0	1	447257	n/a
218.3955078125	0.3	1.0	2	447274	n/a
218.40380859375	0.3	0.0	1	447291	n/a
218.412109375	0.3	1.0	2	447308	n/a
218.42041015625	0.3	0.0	1	447325	n/a
218.4287109375	0.3	0.0	1	447342	n/a
218.43701171875	0.3	1.0	2	447359	n/a
218.4453125	0.3	0.0	1	447376	n/a
218.45361328125	0.3	1.0	2	447393	n/a
218.4619140625	0.3	0.0	1	447410	n/a
218.470703125	0.3	1.0	2	447428	n/a
218.47900390625	0.3	1.0	2	447445	n/a
218.4873046875	0.3	0.0	1	447462	n/a
218.49560546875	0.3	1.0	2	447479	n/a
218.50390625	0.3	0.0	1	447496	n/a
218.51220703125	0.3	1.0	2	447513	n/a
218.5205078125	0.3	0.0	1	447530	n/a
218.52880859375	0.3	1.0	2	447547	n/a
218.537109375	0.3	0.0	1	447564	n/a
218.54541015625	0.3	1.0	2	447581	n/a
218.5537109375	0.3	0.0	1	447598	n/a
218.56201171875	0.3	0.0	1	447615	n/a
218.5703125	0.3	1.0	2	447632	n/a
218.57861328125	0.3	1.0	2	447649	n/a
218.5869140625	0.3	0.0	1	447666	n/a
218.595703125	0.3	0.0	1	447684	n/a
218.60400390625	0.3	1.0	2	447701	n/a
218.6123046875	0.3	0.0	1	447718	n/a
218.62060546875	0.3	1.0	2	447735	n/a
218.62890625	0.3	0.0	1	447752	n/a
218.63720703125	0.3	1.0	2	447769	n/a
218.6455078125	0.3	0.0	1	447786	n/a
218.65380859375	0.3	1.0	2	447803	n/a
218.662109375	0.3	0.0	1	447820	n/a
218.67041015625	0.3	1.0	2	447837	n/a
218.6787109375	0.3	0.0	1	447854	n/a
218.68701171875	0.3	1.0	2	447871	n/a
218.6953125	0.3	1.0	2	447888	n/a
218.70361328125	0.3	0.0	1	447905	n/a
218.7119140625	0.3	1.0	2	447922	n/a
218.720703125	0.3	0.0	1	447940	n/a
218.72900390625	0.3	0.0	1	447957	n/a
218.7373046875	0.3	1.0	2	447974	n/a
218.74560546875	0.3	1.0	2	447991	n/a
218.75390625	0.3	0.0	1	448008	n/a
218.76220703125	0.3	0.0	1	448025	n/a
218.7705078125	0.3	1.0	2	448042	n/a
218.77880859375	0.3	1.0	2	448059	n/a
218.787109375	0.3	0.0	1	448076	n/a
218.79541015625	0.3	0.0	1	448093	n/a
218.8037109375	0.3	1.0	2	448110	n/a
218.81201171875	0.3	1.0	2	448127	n/a
218.8203125	0.3	0.0	1	448144	n/a
218.82861328125	0.3	1.0	2	448161	n/a
218.8369140625	0.3	0.0	1	448178	n/a
218.845703125	0.3	1.0	2	448196	n/a
218.85400390625	0.3	0.0	1	448213	n/a
218.8623046875	0.3	0.0	1	448230	n/a
218.87060546875	0.3	1.0	2	448247	n/a
218.87890625	0.3	0.0	1	448264	n/a
218.88720703125	0.3	1.0	2	448281	n/a
218.8955078125	0.3	1.0	2	448298	n/a
218.90380859375	0.3	0.0	1	448315	n/a
218.912109375	0.3	1.0	2	448332	n/a
218.92041015625	0.3	0.0	1	448349	n/a
218.9287109375	0.3	0.0	1	448366	n/a
218.93701171875	0.3	1.0	2	448383	n/a
218.9453125	0.3	0.0	1	448400	n/a
218.95361328125	0.3	1.0	2	448417	n/a
218.9619140625	0.3	0.0	1	448434	n/a
218.970703125	0.3	1.0	2	448452	n/a
218.97900390625	0.3	0.0	1	448469	n/a
218.9873046875	0.3	1.0	2	448486	n/a
218.99560546875	0.3	1.0	2	448503	n/a
219.00390625	0.3	0.0	1	448520	n/a
219.01220703125	0.3	0.0	1	448537	n/a
219.0205078125	0.3	1.0	2	448554	n/a
219.02880859375	0.3	0.0	1	448571	n/a
219.037109375	0.3	1.0	2	448588	n/a
219.04541015625	0.3	0.0	1	448605	n/a
219.0537109375	0.3	1.0	2	448622	n/a
219.06201171875	0.3	1.0	2	448639	n/a
219.0703125	0.3	0.0	1	448656	n/a
219.07861328125	0.3	0.0	1	448673	n/a
219.0869140625	0.3	1.0	2	448690	n/a
219.095703125	0.3	1.0	2	448708	n/a
219.10400390625	0.3	0.0	1	448725	n/a
219.1123046875	0.3	0.0	1	448742	n/a
219.12060546875	0.3	1.0	2	448759	n/a
219.12890625	0.3	0.0	1	448776	n/a
219.13720703125	0.3	1.0	2	448793	n/a
219.1455078125	0.3	1.0	2	448810	n/a
219.15380859375	0.3	0.0	1	448827	n/a
219.162109375	0.3	0.0	1	448844	n/a
219.17041015625	0.3	1.0	2	448861	n/a
219.1787109375	0.3	1.0	2	448878	n/a
219.18701171875	0.3	0.0	1	448895	n/a
219.1953125	0.3	1.0	2	448912	n/a
219.20361328125	0.3	0.0	1	448929	n/a
219.2119140625	0.3	0.0	1	448946	n/a
219.220703125	0.3	1.0	2	448964	n/a
219.22900390625	0.3	0.0	1	448981	n/a
219.2373046875	0.3	1.0	2	448998	n/a
219.24560546875	0.3	1.0	2	449015	n/a
219.25390625	0.3	0.0	1	449032	n/a
219.26220703125	0.3	0.0	1	449049	n/a
219.2705078125	0.3	1.0	2	449066	n/a
219.27880859375	0.3	0.0	1	449083	n/a
219.287109375	0.3	1.0	2	449100	n/a
219.29541015625	0.3	1.0	2	449117	n/a
219.3037109375	0.3	0.0	1	449134	n/a
219.31201171875	0.3	1.0	2	449151	n/a
219.3203125	0.3	0.0	1	449168	n/a
219.32861328125	0.3	1.0	2	449185	n/a
219.3369140625	0.3	0.0	1	449202	n/a
219.345703125	0.3	0.0	1	449220	n/a
219.35400390625	0.3	1.0	2	449237	n/a
219.3623046875	0.3	1.0	2	449254	n/a
219.37060546875	0.3	0.0	1	449271	n/a
219.37890625	0.3	1.0	2	449288	n/a
219.38720703125	0.3	0.0	1	449305	n/a
219.3955078125	0.3	0.0	1	449322	n/a
219.40380859375	0.3	1.0	2	449339	n/a
219.412109375	0.3	1.0	2	449356	n/a
219.42041015625	0.3	0.0	1	449373	n/a
219.4287109375	0.3	1.0	2	449390	n/a
219.43701171875	0.3	0.0	1	449407	n/a
219.4453125	0.3	1.0	2	449424	n/a
219.45361328125	0.3	0.0	1	449441	n/a
219.4619140625	0.3	1.0	2	449458	n/a
219.470703125	0.3	0.0	1	449476	n/a
219.47900390625	0.3	0.0	1	449493	n/a
219.4873046875	0.3	1.0	2	449510	n/a
219.49560546875	0.3	0.0	1	449527	n/a
219.50390625	0.3	1.0	2	449544	n/a
219.51220703125	0.3	0.0	1	449561	n/a
219.5205078125	0.3	1.0	2	449578	n/a
219.52880859375	0.3	1.0	2	449595	n/a
219.537109375	0.3	0.0	1	449612	n/a
219.54541015625	0.3	1.0	2	449629	n/a
219.5537109375	0.3	0.0	1	449646	n/a
219.56201171875	0.3	1.0	2	449663	n/a
219.5703125	0.3	0.0	1	449680	n/a
219.57861328125	0.3	1.0	2	449697	n/a
219.5869140625	0.3	0.0	1	449714	n/a
219.595703125	0.3	1.0	2	449732	n/a
219.60400390625	0.3	0.0	1	449749	n/a
219.6123046875	0.3	0.0	1	449766	n/a
219.62060546875	0.3	1.0	2	449783	n/a
219.62890625	0.3	1.0	2	449800	n/a
219.63720703125	0.3	0.0	1	449817	n/a
219.6455078125	0.3	0.0	1	449834	n/a
219.65380859375	0.3	1.0	2	449851	n/a
219.662109375	0.3	0.0	1	449868	n/a
219.67041015625	0.3	1.0	2	449885	n/a
219.6787109375	0.3	0.0	1	449902	n/a
219.68701171875	0.3	1.0	2	449919	n/a
219.6953125	0.3	0.0	1	449936	n/a
219.70361328125	0.3	1.0	2	449953	n/a
219.7119140625	0.3	0.0	1	449970	n/a
219.720703125	0.3	1.0	2	449988	n/a
222.11279296875	0.3	1.0	2	454887	4.0
222.12109375	0.3	0.0	1	454904	n/a
222.12939453125	0.3	0.0	1	454921	n/a
222.1376953125	0.3	1.0	2	454938	n/a
222.14599609375	0.3	0.0	1	454955	n/a
222.154296875	0.3	1.0	2	454972	n/a
222.16259765625	0.3	0.0	1	454989	n/a
222.1708984375	0.3	1.0	2	455006	n/a
222.1796875	0.3	1.0	2	455024	n/a
222.18798828125	0.3	0.0	1	455041	n/a
222.1962890625	0.3	0.0	1	455058	n/a
222.20458984375	0.3	1.0	2	455075	n/a
222.212890625	0.3	1.0	2	455092	n/a
222.22119140625	0.3	0.0	1	455109	n/a
222.2294921875	0.3	1.0	2	455126	n/a
222.23779296875	0.3	0.0	1	455143	n/a
222.24609375	0.3	1.0	2	455160	n/a
222.25439453125	0.3	0.0	1	455177	n/a
222.2626953125	0.3	0.0	1	455194	n/a
222.27099609375	0.3	1.0	2	455211	n/a
222.279296875	0.3	0.0	1	455228	n/a
222.28759765625	0.3	1.0	2	455245	n/a
222.2958984375	0.3	1.0	2	455262	n/a
222.3046875	0.3	0.0	1	455280	n/a
222.31298828125	0.3	0.0	1	455297	n/a
222.3212890625	0.3	1.0	2	455314	n/a
222.32958984375	0.3	0.0	1	455331	n/a
222.337890625	0.3	1.0	2	455348	n/a
222.34619140625	0.3	0.0	1	455365	n/a
222.3544921875	0.3	1.0	2	455382	n/a
222.36279296875	0.3	1.0	2	455399	n/a
222.37109375	0.3	0.0	1	455416	n/a
222.37939453125	0.3	0.0	1	455433	n/a
222.3876953125	0.3	1.0	2	455450	n/a
222.39599609375	0.3	0.0	1	455467	n/a
222.404296875	0.3	1.0	2	455484	n/a
222.41259765625	0.3	1.0	2	455501	n/a
222.4208984375	0.3	0.0	1	455518	n/a
222.4296875	0.3	0.0	1	455536	n/a
222.43798828125	0.3	1.0	2	455553	n/a
222.4462890625	0.3	0.0	1	455570	n/a
222.45458984375	0.3	1.0	2	455587	n/a
222.462890625	0.3	1.0	2	455604	n/a
222.47119140625	0.3	0.0	1	455621	n/a
222.4794921875	0.3	0.0	1	455638	n/a
222.48779296875	0.3	1.0	2	455655	n/a
222.49609375	0.3	1.0	2	455672	n/a
222.50439453125	0.3	0.0	1	455689	n/a
222.5126953125	0.3	1.0	2	455706	n/a
222.52099609375	0.3	0.0	1	455723	n/a
222.529296875	0.3	0.0	1	455740	n/a
222.53759765625	0.3	1.0	2	455757	n/a
222.5458984375	0.3	1.0	2	455774	n/a
222.5546875	0.3	0.0	1	455792	n/a
222.56298828125	0.3	0.0	1	455809	n/a
222.5712890625	0.3	1.0	2	455826	n/a
222.57958984375	0.3	0.0	1	455843	n/a
222.587890625	0.3	1.0	2	455860	n/a
222.59619140625	0.3	0.0	1	455877	n/a
222.6044921875	0.3	1.0	2	455894	n/a
222.61279296875	0.3	0.0	1	455911	n/a
222.62109375	0.3	1.0	2	455928	n/a
222.62939453125	0.3	1.0	2	455945	n/a
222.6376953125	0.3	0.0	1	455962	n/a
222.64599609375	0.3	0.0	1	455979	n/a
222.654296875	0.3	1.0	2	455996	n/a
222.66259765625	0.3	0.0	1	456013	n/a
222.6708984375	0.3	1.0	2	456030	n/a
222.6796875	0.3	1.0	2	456048	n/a
222.68798828125	0.3	0.0	1	456065	n/a
222.6962890625	0.3	1.0	2	456082	n/a
222.70458984375	0.3	0.0	1	456099	n/a
222.712890625	0.3	0.0	1	456116	n/a
222.72119140625	0.3	1.0	2	456133	n/a
222.7294921875	0.3	1.0	2	456150	n/a
222.73779296875	0.3	0.0	1	456167	n/a
222.74609375	0.3	0.0	1	456184	n/a
222.75439453125	0.3	1.0	2	456201	n/a
222.7626953125	0.3	0.0	1	456218	n/a
222.77099609375	0.3	1.0	2	456235	n/a
222.779296875	0.3	1.0	2	456252	n/a
222.78759765625	0.3	0.0	1	456269	n/a
222.7958984375	0.3	1.0	2	456286	n/a
222.8046875	0.3	0.0	1	456304	n/a
222.81298828125	0.3	1.0	2	456321	n/a
222.8212890625	0.3	0.0	1	456338	n/a
222.82958984375	0.3	1.0	2	456355	n/a
222.837890625	0.3	0.0	1	456372	n/a
222.84619140625	0.3	0.0	1	456389	n/a
222.8544921875	0.3	1.0	2	456406	n/a
222.86279296875	0.3	0.0	1	456423	n/a
222.87109375	0.3	1.0	2	456440	n/a
222.87939453125	0.3	0.0	1	456457	n/a
222.8876953125	0.3	1.0	2	456474	n/a
222.89599609375	0.3	0.0	1	456491	n/a
222.904296875	0.3	1.0	2	456508	n/a
222.91259765625	0.3	0.0	1	456525	n/a
222.9208984375	0.3	1.0	2	456542	n/a
222.9296875	0.3	0.0	1	456560	n/a
222.93798828125	0.3	1.0	2	456577	n/a
222.9462890625	0.3	0.0	1	456594	n/a
222.95458984375	0.3	1.0	2	456611	n/a
222.962890625	0.3	1.0	2	456628	n/a
222.97119140625	0.3	0.0	1	456645	n/a
222.9794921875	0.3	0.0	1	456662	n/a
222.98779296875	0.3	1.0	2	456679	n/a
222.99609375	0.3	0.0	1	456696	n/a
223.00439453125	0.3	1.0	2	456713	n/a
223.0126953125	0.3	1.0	2	456730	n/a
223.02099609375	0.3	0.0	1	456747	n/a
223.029296875	0.3	0.0	1	456764	n/a
223.03759765625	0.3	1.0	2	456781	n/a
223.0458984375	0.3	0.0	1	456798	n/a
223.0546875	0.3	1.0	2	456816	n/a
223.06298828125	0.3	0.0	1	456833	n/a
223.0712890625	0.3	1.0	2	456850	n/a
223.07958984375	0.3	0.0	1	456867	n/a
223.087890625	0.3	1.0	2	456884	n/a
223.09619140625	0.3	1.0	2	456901	n/a
223.1044921875	0.3	0.0	1	456918	n/a
223.11279296875	0.3	0.0	1	456935	n/a
223.12109375	0.3	1.0	2	456952	n/a
223.12939453125	0.3	0.0	1	456969	n/a
223.1376953125	0.3	1.0	2	456986	n/a
223.14599609375	0.3	0.0	1	457003	n/a
223.154296875	0.3	1.0	2	457020	n/a
223.16259765625	0.3	1.0	2	457037	n/a
223.1708984375	0.3	0.0	1	457054	n/a
223.1796875	0.3	0.0	1	457072	n/a
223.18798828125	0.3	1.0	2	457089	n/a
223.1962890625	0.3	0.0	1	457106	n/a
223.20458984375	0.3	1.0	2	457123	n/a
223.212890625	0.3	0.0	1	457140	n/a
223.22119140625	0.3	1.0	2	457157	n/a
223.2294921875	0.3	1.0	2	457174	n/a
223.23779296875	0.3	0.0	1	457191	n/a
223.24609375	0.3	0.0	1	457208	n/a
223.25439453125	0.3	1.0	2	457225	n/a
223.2626953125	0.3	1.0	2	457242	n/a
223.27099609375	0.3	0.0	1	457259	n/a
223.279296875	0.3	1.0	2	457276	n/a
223.28759765625	0.3	0.0	1	457293	n/a
223.2958984375	0.3	1.0	2	457310	n/a
223.3046875	0.3	0.0	1	457328	n/a
223.31298828125	0.3	0.0	1	457345	n/a
223.3212890625	0.3	1.0	2	457362	n/a
223.32958984375	0.3	0.0	1	457379	n/a
223.337890625	0.3	1.0	2	457396	n/a
223.34619140625	0.3	1.0	2	457413	n/a
223.3544921875	0.3	0.0	1	457430	n/a
223.36279296875	0.3	0.0	1	457447	n/a
223.37109375	0.3	1.0	2	457464	n/a
223.37939453125	0.3	0.0	1	457481	n/a
223.3876953125	0.3	1.0	2	457498	n/a
223.39599609375	0.3	0.0	1	457515	n/a
223.404296875	0.3	1.0	2	457532	n/a
223.41259765625	0.3	1.0	2	457549	n/a
223.4208984375	0.3	0.0	1	457566	n/a
223.4296875	0.3	0.0	1	457584	n/a
223.43798828125	0.3	1.0	2	457601	n/a
223.4462890625	0.3	0.0	1	457618	n/a
223.45458984375	0.3	1.0	2	457635	n/a
223.462890625	0.3	1.0	2	457652	n/a
223.47119140625	0.3	0.0	1	457669	n/a
223.4794921875	0.3	0.0	1	457686	n/a
223.48779296875	0.3	1.0	2	457703	n/a
223.49609375	0.3	0.0	1	457720	n/a
223.50439453125	0.3	1.0	2	457737	n/a
223.5126953125	0.3	1.0	2	457754	n/a
223.52099609375	0.3	0.0	1	457771	n/a
223.529296875	0.3	0.0	1	457788	n/a
223.53759765625	0.3	1.0	2	457805	n/a
223.5458984375	0.3	1.0	2	457822	n/a
223.5546875	0.3	0.0	1	457840	n/a
223.56298828125	0.3	1.0	2	457857	n/a
223.5712890625	0.3	0.0	1	457874	n/a
223.57958984375	0.3	0.0	1	457891	n/a
223.587890625	0.3	1.0	2	457908	n/a
223.59619140625	0.3	1.0	2	457925	n/a
223.6044921875	0.3	0.0	1	457942	n/a
223.61279296875	0.3	0.0	1	457959	n/a
223.62109375	0.3	1.0	2	457976	n/a
223.62939453125	0.3	0.0	1	457993	n/a
223.6376953125	0.3	1.0	2	458010	n/a
223.64599609375	0.3	0.0	1	458027	n/a
223.654296875	0.3	1.0	2	458044	n/a
223.66259765625	0.3	0.0	1	458061	n/a
223.6708984375	0.3	1.0	2	458078	n/a
223.6796875	0.3	1.0	2	458096	n/a
223.68798828125	0.3	0.0	1	458113	n/a
223.6962890625	0.3	0.0	1	458130	n/a
223.70458984375	0.3	1.0	2	458147	n/a
223.712890625	0.3	0.0	1	458164	n/a
223.72119140625	0.3	1.0	2	458181	n/a
223.7294921875	0.3	1.0	2	458198	n/a
223.73779296875	0.3	0.0	1	458215	n/a
223.74609375	0.3	1.0	2	458232	n/a
223.75439453125	0.3	0.0	1	458249	n/a
223.7626953125	0.3	0.0	1	458266	n/a
223.77099609375	0.3	1.0	2	458283	n/a
223.779296875	0.3	1.0	2	458300	n/a
223.78759765625	0.3	0.0	1	458317	n/a
223.7958984375	0.3	0.0	1	458334	n/a
223.8046875	0.3	1.0	2	458352	n/a
223.81298828125	0.3	0.0	1	458369	n/a
223.8212890625	0.3	1.0	2	458386	n/a
223.82958984375	0.3	1.0	2	458403	n/a
223.837890625	0.3	0.0	1	458420	n/a
223.84619140625	0.3	1.0	2	458437	n/a
223.8544921875	0.3	0.0	1	458454	n/a
223.86279296875	0.3	1.0	2	458471	n/a
223.87109375	0.3	0.0	1	458488	n/a
223.87939453125	0.3	1.0	2	458505	n/a
223.8876953125	0.3	0.0	1	458522	n/a
223.89599609375	0.3	0.0	1	458539	n/a
223.904296875	0.3	1.0	2	458556	n/a
223.91259765625	0.3	0.0	1	458573	n/a
223.9208984375	0.3	1.0	2	458590	n/a
223.9296875	0.3	0.0	1	458608	n/a
223.93798828125	0.3	1.0	2	458625	n/a
223.9462890625	0.3	0.0	1	458642	n/a
223.95458984375	0.3	1.0	2	458659	n/a
223.962890625	0.3	0.0	1	458676	n/a
223.97119140625	0.3	1.0	2	458693	n/a
223.9794921875	0.3	0.0	1	458710	n/a
223.98779296875	0.3	1.0	2	458727	n/a
223.99609375	0.3	0.0	1	458744	n/a
224.00439453125	0.3	1.0	2	458761	n/a
224.0126953125	0.3	1.0	2	458778	n/a
224.02099609375	0.3	0.0	1	458795	n/a
224.029296875	0.3	0.0	1	458812	n/a
224.03759765625	0.3	1.0	2	458829	n/a
224.0458984375	0.3	0.0	1	458846	n/a
224.0546875	0.3	1.0	2	458864	n/a
224.06298828125	0.3	1.0	2	458881	n/a
224.0712890625	0.3	0.0	1	458898	n/a
224.07958984375	0.3	0.0	1	458915	n/a
224.087890625	0.3	1.0	2	458932	n/a
224.09619140625	0.3	0.0	1	458949	n/a
224.1044921875	0.3	1.0	2	458966	n/a
224.11279296875	0.3	0.0	1	458983	n/a
224.12109375	0.3	1.0	2	459000	n/a
224.12939453125	0.3	0.0	1	459017	n/a
224.1376953125	0.3	1.0	2	459034	n/a
224.14599609375	0.3	1.0	2	459051	n/a
224.154296875	0.3	0.0	1	459068	n/a
224.16259765625	0.3	0.0	1	459085	n/a
224.1708984375	0.3	1.0	2	459102	n/a
224.1796875	0.3	0.0	1	459120	n/a
224.18798828125	0.3	1.0	2	459137	n/a
224.1962890625	0.3	0.0	1	459154	n/a
224.20458984375	0.3	1.0	2	459171	n/a
224.212890625	0.3	1.0	2	459188	n/a
224.22119140625	0.3	0.0	1	459205	n/a
224.2294921875	0.3	0.0	1	459222	n/a
224.23779296875	0.3	1.0	2	459239	n/a
224.24609375	0.3	0.0	1	459256	n/a
224.25439453125	0.3	1.0	2	459273	n/a
224.2626953125	0.3	0.0	1	459290	n/a
224.27099609375	0.3	1.0	2	459307	n/a
224.279296875	0.3	1.0	2	459324	n/a
224.28759765625	0.3	0.0	1	459341	n/a
224.2958984375	0.3	0.0	1	459358	n/a
224.3046875	0.3	1.0	2	459376	n/a
224.31298828125	0.3	1.0	2	459393	n/a
224.3212890625	0.3	0.0	1	459410	n/a
224.32958984375	0.3	1.0	2	459427	n/a
224.337890625	0.3	0.0	1	459444	n/a
224.34619140625	0.3	1.0	2	459461	n/a
224.3544921875	0.3	0.0	1	459478	n/a
224.36279296875	0.3	0.0	1	459495	n/a
224.37109375	0.3	1.0	2	459512	n/a
224.37939453125	0.3	0.0	1	459529	n/a
224.3876953125	0.3	1.0	2	459546	n/a
224.39599609375	0.3	1.0	2	459563	n/a
224.404296875	0.3	0.0	1	459580	n/a
224.41259765625	0.3	0.0	1	459597	n/a
224.4208984375	0.3	1.0	2	459614	n/a
224.4296875	0.3	0.0	1	459632	n/a
224.43798828125	0.3	1.0	2	459649	n/a
224.4462890625	0.3	0.0	1	459666	n/a
224.45458984375	0.3	1.0	2	459683	n/a
224.462890625	0.3	1.0	2	459700	n/a
224.47119140625	0.3	0.0	1	459717	n/a
224.4794921875	0.3	0.0	1	459734	n/a
224.48779296875	0.3	1.0	2	459751	n/a
224.49609375	0.3	0.0	1	459768	n/a
224.50439453125	0.3	1.0	2	459785	n/a
224.5126953125	0.3	1.0	2	459802	n/a
224.52099609375	0.3	0.0	1	459819	n/a
224.529296875	0.3	0.0	1	459836	n/a
224.53759765625	0.3	1.0	2	459853	n/a
224.5458984375	0.3	0.0	1	459870	n/a
224.5546875	0.3	1.0	2	459888	n/a
224.56298828125	0.3	1.0	2	459905	n/a
224.5712890625	0.3	0.0	1	459922	n/a
224.57958984375	0.3	0.0	1	459939	n/a
224.587890625	0.3	1.0	2	459956	n/a
224.59619140625	0.3	1.0	2	459973	n/a
224.6044921875	0.3	0.0	1	459990	n/a
224.61279296875	0.3	1.0	2	460007	n/a
224.62109375	0.3	0.0	1	460024	n/a
224.62939453125	0.3	0.0	1	460041	n/a
224.6376953125	0.3	1.0	2	460058	n/a
224.64599609375	0.3	1.0	2	460075	n/a
224.654296875	0.3	0.0	1	460092	n/a
224.66259765625	0.3	0.0	1	460109	n/a
224.6708984375	0.3	1.0	2	460126	n/a
224.6796875	0.3	0.0	1	460144	n/a
224.68798828125	0.3	1.0	2	460161	n/a
224.6962890625	0.3	0.0	1	460178	n/a
224.70458984375	0.3	1.0	2	460195	n/a
224.712890625	0.3	0.0	1	460212	n/a
224.72119140625	0.3	1.0	2	460229	n/a
224.7294921875	0.3	1.0	2	460246	n/a
224.73779296875	0.3	0.0	1	460263	n/a
224.74609375	0.3	0.0	1	460280	n/a
224.75439453125	0.3	1.0	2	460297	n/a
224.7626953125	0.3	0.0	1	460314	n/a
224.77099609375	0.3	1.0	2	460331	n/a
224.779296875	0.3	1.0	2	460348	n/a
224.78759765625	0.3	0.0	1	460365	n/a
224.7958984375	0.3	1.0	2	460382	n/a
224.8046875	0.3	0.0	1	460400	n/a
224.81298828125	0.3	0.0	1	460417	n/a
224.8212890625	0.3	1.0	2	460434	n/a
224.82958984375	0.3	1.0	2	460451	n/a
224.837890625	0.3	0.0	1	460468	n/a
224.84619140625	0.3	0.0	1	460485	n/a
224.8544921875	0.3	1.0	2	460502	n/a
224.86279296875	0.3	0.0	1	460519	n/a
224.87109375	0.3	1.0	2	460536	n/a
224.87939453125	0.3	1.0	2	460553	n/a
224.8876953125	0.3	0.0	1	460570	n/a
224.89599609375	0.3	1.0	2	460587	n/a
224.904296875	0.3	0.0	1	460604	n/a
224.91259765625	0.3	1.0	2	460621	n/a
224.9208984375	0.3	0.0	1	460638	n/a
224.9296875	0.3	1.0	2	460656	n/a
224.93798828125	0.3	0.0	1	460673	n/a
224.9462890625	0.3	0.0	1	460690	n/a
224.95458984375	0.3	1.0	2	460707	n/a
224.962890625	0.3	0.0	1	460724	n/a
224.97119140625	0.3	1.0	2	460741	n/a
224.9794921875	0.3	0.0	1	460758	n/a
224.98779296875	0.3	1.0	2	460775	n/a
224.99609375	0.3	0.0	1	460792	n/a
225.00439453125	0.3	1.0	2	460809	n/a
225.0126953125	0.3	0.0	1	460826	n/a
225.02099609375	0.3	1.0	2	460843	n/a
225.029296875	0.3	0.0	1	460860	n/a
225.03759765625	0.3	1.0	2	460877	n/a
225.0458984375	0.3	0.0	1	460894	n/a
225.0546875	0.3	1.0	2	460912	n/a
225.06298828125	0.3	1.0	2	460929	n/a
225.0712890625	0.3	0.0	1	460946	n/a
225.07958984375	0.3	0.0	1	460963	n/a
225.087890625	0.3	1.0	2	460980	n/a
225.09619140625	0.3	0.0	1	460997	n/a
225.1044921875	0.3	1.0	2	461014	n/a
225.11279296875	0.3	1.0	2	461031	n/a
225.12109375	0.3	0.0	1	461048	n/a
225.12939453125	0.3	0.0	1	461065	n/a
225.1376953125	0.3	1.0	2	461082	n/a
225.14599609375	0.3	0.0	1	461099	n/a
225.154296875	0.3	1.0	2	461116	n/a
225.16259765625	0.3	0.0	1	461133	n/a
225.1708984375	0.3	1.0	2	461150	n/a
225.1796875	0.3	0.0	1	461168	n/a
225.18798828125	0.3	1.0	2	461185	n/a
225.1962890625	0.3	1.0	2	461202	n/a
225.20458984375	0.3	0.0	1	461219	n/a
225.212890625	0.3	0.0	1	461236	n/a
225.22119140625	0.3	1.0	2	461253	n/a
225.2294921875	0.3	0.0	1	461270	n/a
225.23779296875	0.3	1.0	2	461287	n/a
225.24609375	0.3	0.0	1	461304	n/a
225.25439453125	0.3	1.0	2	461321	n/a
225.2626953125	0.3	1.0	2	461338	n/a
225.27099609375	0.3	0.0	1	461355	n/a
225.279296875	0.3	0.0	1	461372	n/a
225.28759765625	0.3	1.0	2	461389	n/a
225.2958984375	0.3	0.0	1	461406	n/a
225.3046875	0.3	1.0	2	461424	n/a
225.31298828125	0.3	0.0	1	461441	n/a
225.3212890625	0.3	1.0	2	461458	n/a
225.32958984375	0.3	1.0	2	461475	n/a
225.337890625	0.3	0.0	1	461492	n/a
225.34619140625	0.3	0.0	1	461509	n/a
225.3544921875	0.3	1.0	2	461526	n/a
225.36279296875	0.3	1.0	2	461543	n/a
225.37109375	0.3	0.0	1	461560	n/a
225.37939453125	0.3	1.0	2	461577	n/a
225.3876953125	0.3	0.0	1	461594	n/a
225.39599609375	0.3	1.0	2	461611	n/a
225.404296875	0.3	0.0	1	461628	n/a
225.41259765625	0.3	0.0	1	461645	n/a
225.4208984375	0.3	1.0	2	461662	n/a
225.4296875	0.3	0.0	1	461680	n/a
225.43798828125	0.3	1.0	2	461697	n/a
225.4462890625	0.3	1.0	2	461714	n/a
225.45458984375	0.3	0.0	1	461731	n/a
225.462890625	0.3	0.0	1	461748	n/a
225.47119140625	0.3	1.0	2	461765	n/a
225.4794921875	0.3	0.0	1	461782	n/a
225.48779296875	0.3	1.0	2	461799	n/a
225.49609375	0.3	0.0	1	461816	n/a
225.50439453125	0.3	1.0	2	461833	n/a
225.5126953125	0.3	1.0	2	461850	n/a
225.52099609375	0.3	0.0	1	461867	n/a
225.529296875	0.3	0.0	1	461884	n/a
225.53759765625	0.3	1.0	2	461901	n/a
225.5458984375	0.3	0.0	1	461918	n/a
225.5546875	0.3	1.0	2	461936	n/a
225.56298828125	0.3	1.0	2	461953	n/a
225.5712890625	0.3	0.0	1	461970	n/a
225.57958984375	0.3	0.0	1	461987	n/a
225.587890625	0.3	1.0	2	462004	n/a
225.59619140625	0.3	0.0	1	462021	n/a
225.6044921875	0.3	1.0	2	462038	n/a
225.61279296875	0.3	1.0	2	462055	n/a
225.62109375	0.3	0.0	1	462072	n/a
225.62939453125	0.3	0.0	1	462089	n/a
225.6376953125	0.3	1.0	2	462106	n/a
225.64599609375	0.3	1.0	2	462123	n/a
225.654296875	0.3	0.0	1	462140	n/a
225.66259765625	0.3	1.0	2	462157	n/a
225.6708984375	0.3	0.0	1	462174	n/a
225.6796875	0.3	0.0	1	462192	n/a
225.68798828125	0.3	1.0	2	462209	n/a
225.6962890625	0.3	1.0	2	462226	n/a
225.70458984375	0.3	0.0	1	462243	n/a
225.712890625	0.3	0.0	1	462260	n/a
225.72119140625	0.3	1.0	2	462277	n/a
225.7294921875	0.3	0.0	1	462294	n/a
225.73779296875	0.3	1.0	2	462311	n/a
225.74609375	0.3	0.0	1	462328	n/a
225.75439453125	0.3	1.0	2	462345	n/a
225.7626953125	0.3	0.0	1	462362	n/a
225.77099609375	0.3	1.0	2	462379	n/a
225.779296875	0.3	1.0	2	462396	n/a
225.78759765625	0.3	0.0	1	462413	n/a
225.7958984375	0.3	0.0	1	462430	n/a
225.8046875	0.3	1.0	2	462448	n/a
225.81298828125	0.3	0.0	1	462465	n/a
225.8212890625	0.3	1.0	2	462482	n/a
225.82958984375	0.3	1.0	2	462499	n/a
225.837890625	0.3	0.0	1	462516	n/a
225.84619140625	0.3	1.0	2	462533	n/a
225.8544921875	0.3	0.0	1	462550	n/a
225.86279296875	0.3	0.0	1	462567	n/a
225.87109375	0.3	1.0	2	462584	n/a
225.87939453125	0.3	1.0	2	462601	n/a
225.8876953125	0.3	0.0	1	462618	n/a
225.89599609375	0.3	0.0	1	462635	n/a
225.904296875	0.3	1.0	2	462652	n/a
225.91259765625	0.3	0.0	1	462669	n/a
225.9208984375	0.3	1.0	2	462686	n/a
225.9296875	0.3	1.0	2	462704	n/a
225.93798828125	0.3	0.0	1	462721	n/a
225.9462890625	0.3	1.0	2	462738	n/a
225.95458984375	0.3	0.0	1	462755	n/a
225.962890625	0.3	1.0	2	462772	n/a
225.97119140625	0.3	0.0	1	462789	n/a
225.9794921875	0.3	1.0	2	462806	n/a
225.98779296875	0.3	0.0	1	462823	n/a
225.99609375	0.3	0.0	1	462840	n/a
226.00439453125	0.3	1.0	2	462857	n/a
226.0126953125	0.3	0.0	1	462874	n/a
226.02099609375	0.3	1.0	2	462891	n/a
226.029296875	0.3	0.0	1	462908	n/a
226.03759765625	0.3	1.0	2	462925	n/a
226.0458984375	0.3	0.0	1	462942	n/a
226.0546875	0.3	1.0	2	462960	n/a
226.06298828125	0.3	0.0	1	462977	n/a
226.0712890625	0.3	1.0	2	462994	n/a
226.07958984375	0.3	0.0	1	463011	n/a
226.087890625	0.3	1.0	2	463028	n/a
226.09619140625	0.3	0.0	1	463045	n/a
226.1044921875	0.3	1.0	2	463062	n/a
226.11279296875	0.3	1.0	2	463079	n/a
226.12109375	0.3	0.0	1	463096	n/a
226.12939453125	0.3	0.0	1	463113	n/a
226.1376953125	0.3	1.0	2	463130	n/a
226.14599609375	0.3	0.0	1	463147	n/a
226.154296875	0.3	1.0	2	463164	n/a
226.16259765625	0.3	1.0	2	463181	n/a
226.1708984375	0.3	0.0	1	463198	n/a
226.1796875	0.3	0.0	1	463216	n/a
226.18798828125	0.3	1.0	2	463233	n/a
226.1962890625	0.3	0.0	1	463250	n/a
226.20458984375	0.3	1.0	2	463267	n/a
226.212890625	0.3	0.0	1	463284	n/a
226.22119140625	0.3	1.0	2	463301	n/a
226.2294921875	0.3	0.0	1	463318	n/a
226.23779296875	0.3	1.0	2	463335	n/a
226.24609375	0.3	1.0	2	463352	n/a
226.25439453125	0.3	0.0	1	463369	n/a
226.2626953125	0.3	0.0	1	463386	n/a
226.27099609375	0.3	1.0	2	463403	n/a
226.279296875	0.3	0.0	1	463420	n/a
226.28759765625	0.3	1.0	2	463437	n/a
226.2958984375	0.3	0.0	1	463454	n/a
226.3046875	0.3	1.0	2	463472	n/a
228.72119140625	0.3	1.0	2	468421	12.0
228.7294921875	0.3	0.0	1	468438	n/a
228.73779296875	0.3	0.0	1	468455	n/a
228.74609375	0.3	1.0	2	468472	n/a
228.75439453125	0.3	1.0	2	468489	n/a
228.7626953125	0.3	0.0	1	468506	n/a
228.77099609375	0.3	1.0	2	468523	n/a
228.779296875	0.3	0.0	1	468540	n/a
228.7880859375	0.3	1.0	2	468558	n/a
228.79638671875	0.3	0.0	1	468575	n/a
228.8046875	0.3	0.0	1	468592	n/a
228.81298828125	0.3	1.0	2	468609	n/a
228.8212890625	0.3	0.0	1	468626	n/a
228.82958984375	0.3	1.0	2	468643	n/a
228.837890625	0.3	0.0	1	468660	n/a
228.84619140625	0.3	1.0	2	468677	n/a
228.8544921875	0.3	0.0	1	468694	n/a
228.86279296875	0.3	1.0	2	468711	n/a
228.87109375	0.3	1.0	2	468728	n/a
228.87939453125	0.3	0.0	1	468745	n/a
228.8876953125	0.3	0.0	1	468762	n/a
228.89599609375	0.3	1.0	2	468779	n/a
228.904296875	0.3	0.0	1	468796	n/a
228.9130859375	0.3	1.0	2	468814	n/a
228.92138671875	0.3	1.0	2	468831	n/a
228.9296875	0.3	0.0	1	468848	n/a
228.93798828125	0.3	1.0	2	468865	n/a
228.9462890625	0.3	0.0	1	468882	n/a
228.95458984375	0.3	0.0	1	468899	n/a
228.962890625	0.3	1.0	2	468916	n/a
228.97119140625	0.3	0.0	1	468933	n/a
228.9794921875	0.3	1.0	2	468950	n/a
228.98779296875	0.3	0.0	1	468967	n/a
228.99609375	0.3	1.0	2	468984	n/a
229.00439453125	0.3	1.0	2	469001	n/a
229.0126953125	0.3	0.0	1	469018	n/a
229.02099609375	0.3	0.0	1	469035	n/a
229.029296875	0.3	1.0	2	469052	n/a
229.0380859375	0.3	0.0	1	469070	n/a
229.04638671875	0.3	1.0	2	469087	n/a
229.0546875	0.3	1.0	2	469104	n/a
229.06298828125	0.3	0.0	1	469121	n/a
229.0712890625	0.3	1.0	2	469138	n/a
229.07958984375	0.3	0.0	1	469155	n/a
229.087890625	0.3	0.0	1	469172	n/a
229.09619140625	0.3	1.0	2	469189	n/a
229.1044921875	0.3	0.0	1	469206	n/a
229.11279296875	0.3	1.0	2	469223	n/a
229.12109375	0.3	0.0	1	469240	n/a
229.12939453125	0.3	1.0	2	469257	n/a
229.1376953125	0.3	0.0	1	469274	n/a
229.14599609375	0.3	1.0	2	469291	n/a
229.154296875	0.3	0.0	1	469308	n/a
229.1630859375	0.3	1.0	2	469326	n/a
229.17138671875	0.3	1.0	2	469343	n/a
229.1796875	0.3	0.0	1	469360	n/a
229.18798828125	0.3	0.0	1	469377	n/a
229.1962890625	0.3	1.0	2	469394	n/a
229.20458984375	0.3	0.0	1	469411	n/a
229.212890625	0.3	1.0	2	469428	n/a
229.22119140625	0.3	0.0	1	469445	n/a
229.2294921875	0.3	1.0	2	469462	n/a
229.23779296875	0.3	0.0	1	469479	n/a
229.24609375	0.3	1.0	2	469496	n/a
229.25439453125	0.3	0.0	1	469513	n/a
229.2626953125	0.3	1.0	2	469530	n/a
229.27099609375	0.3	0.0	1	469547	n/a
229.279296875	0.3	1.0	2	469564	n/a
229.2880859375	0.3	0.0	1	469582	n/a
229.29638671875	0.3	1.0	2	469599	n/a
229.3046875	0.3	1.0	2	469616	n/a
229.31298828125	0.3	0.0	1	469633	n/a
229.3212890625	0.3	0.0	1	469650	n/a
229.32958984375	0.3	1.0	2	469667	n/a
229.337890625	0.3	1.0	2	469684	n/a
229.34619140625	0.3	0.0	1	469701	n/a
229.3544921875	0.3	0.0	1	469718	n/a
229.36279296875	0.3	1.0	2	469735	n/a
229.37109375	0.3	1.0	2	469752	n/a
229.37939453125	0.3	0.0	1	469769	n/a
229.3876953125	0.3	0.0	1	469786	n/a
229.39599609375	0.3	1.0	2	469803	n/a
229.404296875	0.3	0.0	1	469820	n/a
229.4130859375	0.3	1.0	2	469838	n/a
229.42138671875	0.3	1.0	2	469855	n/a
229.4296875	0.3	0.0	1	469872	n/a
229.43798828125	0.3	1.0	2	469889	n/a
229.4462890625	0.3	0.0	1	469906	n/a
229.45458984375	0.3	0.0	1	469923	n/a
229.462890625	0.3	1.0	2	469940	n/a
229.47119140625	0.3	0.0	1	469957	n/a
229.4794921875	0.3	1.0	2	469974	n/a
229.48779296875	0.3	0.0	1	469991	n/a
229.49609375	0.3	1.0	2	470008	n/a
229.50439453125	0.3	1.0	2	470025	n/a
229.5126953125	0.3	0.0	1	470042	n/a
229.52099609375	0.3	0.0	1	470059	n/a
229.529296875	0.3	1.0	2	470076	n/a
229.5380859375	0.3	1.0	2	470094	n/a
229.54638671875	0.3	0.0	1	470111	n/a
229.5546875	0.3	1.0	2	470128	n/a
229.56298828125	0.3	0.0	1	470145	n/a
229.5712890625	0.3	0.0	1	470162	n/a
229.57958984375	0.3	1.0	2	470179	n/a
229.587890625	0.3	1.0	2	470196	n/a
229.59619140625	0.3	0.0	1	470213	n/a
229.6044921875	0.3	1.0	2	470230	n/a
229.61279296875	0.3	0.0	1	470247	n/a
229.62109375	0.3	0.0	1	470264	n/a
229.62939453125	0.3	1.0	2	470281	n/a
229.6376953125	0.3	0.0	1	470298	n/a
229.64599609375	0.3	1.0	2	470315	n/a
229.654296875	0.3	0.0	1	470332	n/a
229.6630859375	0.3	1.0	2	470350	n/a
229.67138671875	0.3	1.0	2	470367	n/a
229.6796875	0.3	0.0	1	470384	n/a
229.68798828125	0.3	0.0	1	470401	n/a
229.6962890625	0.3	1.0	2	470418	n/a
229.70458984375	0.3	0.0	1	470435	n/a
229.712890625	0.3	1.0	2	470452	n/a
229.72119140625	0.3	0.0	1	470469	n/a
229.7294921875	0.3	1.0	2	470486	n/a
229.73779296875	0.3	1.0	2	470503	n/a
229.74609375	0.3	0.0	1	470520	n/a
229.75439453125	0.3	0.0	1	470537	n/a
229.7626953125	0.3	1.0	2	470554	n/a
229.77099609375	0.3	1.0	2	470571	n/a
229.779296875	0.3	0.0	1	470588	n/a
229.7880859375	0.3	0.0	1	470606	n/a
229.79638671875	0.3	1.0	2	470623	n/a
229.8046875	0.3	1.0	2	470640	n/a
229.81298828125	0.3	0.0	1	470657	n/a
229.8212890625	0.3	1.0	2	470674	n/a
229.82958984375	0.3	0.0	1	470691	n/a
229.837890625	0.3	1.0	2	470708	n/a
229.84619140625	0.3	0.0	1	470725	n/a
229.8544921875	0.3	0.0	1	470742	n/a
229.86279296875	0.3	1.0	2	470759	n/a
229.87109375	0.3	0.0	1	470776	n/a
229.87939453125	0.3	1.0	2	470793	n/a
229.8876953125	0.3	0.0	1	470810	n/a
229.89599609375	0.3	1.0	2	470827	n/a
229.904296875	0.3	0.0	1	470844	n/a
229.9130859375	0.3	1.0	2	470862	n/a
229.92138671875	0.3	1.0	2	470879	n/a
229.9296875	0.3	0.0	1	470896	n/a
229.93798828125	0.3	0.0	1	470913	n/a
229.9462890625	0.3	1.0	2	470930	n/a
229.95458984375	0.3	0.0	1	470947	n/a
229.962890625	0.3	1.0	2	470964	n/a
229.97119140625	0.3	1.0	2	470981	n/a
229.9794921875	0.3	0.0	1	470998	n/a
229.98779296875	0.3	1.0	2	471015	n/a
229.99609375	0.3	0.0	1	471032	n/a
230.00439453125	0.3	0.0	1	471049	n/a
230.0126953125	0.3	1.0	2	471066	n/a
230.02099609375	0.3	0.0	1	471083	n/a
230.029296875	0.3	1.0	2	471100	n/a
230.0380859375	0.3	0.0	1	471118	n/a
230.04638671875	0.3	1.0	2	471135	n/a
230.0546875	0.3	1.0	2	471152	n/a
230.06298828125	0.3	0.0	1	471169	n/a
230.0712890625	0.3	0.0	1	471186	n/a
230.07958984375	0.3	1.0	2	471203	n/a
230.087890625	0.3	0.0	1	471220	n/a
230.09619140625	0.3	1.0	2	471237	n/a
230.1044921875	0.3	1.0	2	471254	n/a
230.11279296875	0.3	0.0	1	471271	n/a
230.12109375	0.3	1.0	2	471288	n/a
230.12939453125	0.3	0.0	1	471305	n/a
230.1376953125	0.3	0.0	1	471322	n/a
230.14599609375	0.3	1.0	2	471339	n/a
230.154296875	0.3	0.0	1	471356	n/a
230.1630859375	0.3	1.0	2	471374	n/a
230.17138671875	0.3	0.0	1	471391	n/a
230.1796875	0.3	1.0	2	471408	n/a
230.18798828125	0.3	0.0	1	471425	n/a
230.1962890625	0.3	1.0	2	471442	n/a
230.20458984375	0.3	0.0	1	471459	n/a
230.212890625	0.3	1.0	2	471476	n/a
230.22119140625	0.3	1.0	2	471493	n/a
230.2294921875	0.3	0.0	1	471510	n/a
230.23779296875	0.3	0.0	1	471527	n/a
230.24609375	0.3	1.0	2	471544	n/a
230.25439453125	0.3	0.0	1	471561	n/a
230.2626953125	0.3	1.0	2	471578	n/a
230.27099609375	0.3	0.0	1	471595	n/a
230.279296875	0.3	1.0	2	471612	n/a
230.2880859375	0.3	0.0	1	471630	n/a
230.29638671875	0.3	1.0	2	471647	n/a
230.3046875	0.3	0.0	1	471664	n/a
230.31298828125	0.3	1.0	2	471681	n/a
230.3212890625	0.3	0.0	1	471698	n/a
230.32958984375	0.3	1.0	2	471715	n/a
230.337890625	0.3	0.0	1	471732	n/a
230.34619140625	0.3	1.0	2	471749	n/a
230.3544921875	0.3	1.0	2	471766	n/a
230.36279296875	0.3	0.0	1	471783	n/a
230.37109375	0.3	0.0	1	471800	n/a
230.37939453125	0.3	1.0	2	471817	n/a
230.3876953125	0.3	1.0	2	471834	n/a
230.39599609375	0.3	0.0	1	471851	n/a
230.404296875	0.3	0.0	1	471868	n/a
230.4130859375	0.3	1.0	2	471886	n/a
230.42138671875	0.3	1.0	2	471903	n/a
230.4296875	0.3	0.0	1	471920	n/a
230.43798828125	0.3	0.0	1	471937	n/a
230.4462890625	0.3	1.0	2	471954	n/a
230.45458984375	0.3	0.0	1	471971	n/a
230.462890625	0.3	1.0	2	471988	n/a
230.47119140625	0.3	1.0	2	472005	n/a
230.4794921875	0.3	0.0	1	472022	n/a
230.48779296875	0.3	1.0	2	472039	n/a
230.49609375	0.3	0.0	1	472056	n/a
230.50439453125	0.3	0.0	1	472073	n/a
230.5126953125	0.3	1.0	2	472090	n/a
230.52099609375	0.3	0.0	1	472107	n/a
230.529296875	0.3	1.0	2	472124	n/a
230.5380859375	0.3	0.0	1	472142	n/a
230.54638671875	0.3	1.0	2	472159	n/a
230.5546875	0.3	1.0	2	472176	n/a
230.56298828125	0.3	0.0	1	472193	n/a
230.5712890625	0.3	0.0	1	472210	n/a
230.57958984375	0.3	1.0	2	472227	n/a
230.587890625	0.3	1.0	2	472244	n/a
230.59619140625	0.3	0.0	1	472261	n/a
230.6044921875	0.3	1.0	2	472278	n/a
230.61279296875	0.3	0.0	1	472295	n/a
230.62109375	0.3	0.0	1	472312	n/a
230.62939453125	0.3	1.0	2	472329	n/a
230.6376953125	0.3	1.0	2	472346	n/a
230.64599609375	0.3	0.0	1	472363	n/a
230.654296875	0.3	1.0	2	472380	n/a
230.6630859375	0.3	0.0	1	472398	n/a
230.67138671875	0.3	0.0	1	472415	n/a
230.6796875	0.3	1.0	2	472432	n/a
230.68798828125	0.3	0.0	1	472449	n/a
230.6962890625	0.3	1.0	2	472466	n/a
230.70458984375	0.3	0.0	1	472483	n/a
230.712890625	0.3	1.0	2	472500	n/a
230.72119140625	0.3	1.0	2	472517	n/a
230.7294921875	0.3	0.0	1	472534	n/a
230.73779296875	0.3	0.0	1	472551	n/a
230.74609375	0.3	1.0	2	472568	n/a
230.75439453125	0.3	0.0	1	472585	n/a
230.7626953125	0.3	1.0	2	472602	n/a
230.77099609375	0.3	0.0	1	472619	n/a
230.779296875	0.3	1.0	2	472636	n/a
230.7880859375	0.3	1.0	2	472654	n/a
230.79638671875	0.3	0.0	1	472671	n/a
230.8046875	0.3	0.0	1	472688	n/a
230.81298828125	0.3	1.0	2	472705	n/a
230.8212890625	0.3	1.0	2	472722	n/a
230.82958984375	0.3	0.0	1	472739	n/a
230.837890625	0.3	0.0	1	472756	n/a
230.84619140625	0.3	1.0	2	472773	n/a
230.8544921875	0.3	1.0	2	472790	n/a
230.86279296875	0.3	0.0	1	472807	n/a
230.87109375	0.3	1.0	2	472824	n/a
230.87939453125	0.3	0.0	1	472841	n/a
230.8876953125	0.3	1.0	2	472858	n/a
230.89599609375	0.3	0.0	1	472875	n/a
230.904296875	0.3	0.0	1	472892	n/a
230.9130859375	0.3	1.0	2	472910	n/a
230.92138671875	0.3	0.0	1	472927	n/a
230.9296875	0.3	1.0	2	472944	n/a
230.93798828125	0.3	0.0	1	472961	n/a
230.9462890625	0.3	1.0	2	472978	n/a
230.95458984375	0.3	0.0	1	472995	n/a
230.962890625	0.3	1.0	2	473012	n/a
230.97119140625	0.3	1.0	2	473029	n/a
230.9794921875	0.3	0.0	1	473046	n/a
230.98779296875	0.3	0.0	1	473063	n/a
230.99609375	0.3	1.0	2	473080	n/a
231.00439453125	0.3	0.0	1	473097	n/a
231.0126953125	0.3	1.0	2	473114	n/a
231.02099609375	0.3	1.0	2	473131	n/a
231.029296875	0.3	0.0	1	473148	n/a
231.0380859375	0.3	1.0	2	473166	n/a
231.04638671875	0.3	0.0	1	473183	n/a
231.0546875	0.3	0.0	1	473200	n/a
231.06298828125	0.3	1.0	2	473217	n/a
231.0712890625	0.3	0.0	1	473234	n/a
231.07958984375	0.3	1.0	2	473251	n/a
231.087890625	0.3	0.0	1	473268	n/a
231.09619140625	0.3	1.0	2	473285	n/a
231.1044921875	0.3	1.0	2	473302	n/a
231.11279296875	0.3	0.0	1	473319	n/a
231.12109375	0.3	0.0	1	473336	n/a
231.12939453125	0.3	1.0	2	473353	n/a
231.1376953125	0.3	0.0	1	473370	n/a
231.14599609375	0.3	1.0	2	473387	n/a
231.154296875	0.3	1.0	2	473404	n/a
231.1630859375	0.3	0.0	1	473422	n/a
231.17138671875	0.3	1.0	2	473439	n/a
231.1796875	0.3	0.0	1	473456	n/a
231.18798828125	0.3	0.0	1	473473	n/a
231.1962890625	0.3	1.0	2	473490	n/a
231.20458984375	0.3	0.0	1	473507	n/a
231.212890625	0.3	1.0	2	473524	n/a
231.22119140625	0.3	0.0	1	473541	n/a
231.2294921875	0.3	1.0	2	473558	n/a
231.23779296875	0.3	0.0	1	473575	n/a
231.24609375	0.3	1.0	2	473592	n/a
231.25439453125	0.3	0.0	1	473609	n/a
231.2626953125	0.3	1.0	2	473626	n/a
231.27099609375	0.3	1.0	2	473643	n/a
231.279296875	0.3	0.0	1	473660	n/a
231.2880859375	0.3	0.0	1	473678	n/a
231.29638671875	0.3	1.0	2	473695	n/a
231.3046875	0.3	0.0	1	473712	n/a
231.31298828125	0.3	1.0	2	473729	n/a
231.3212890625	0.3	0.0	1	473746	n/a
231.32958984375	0.3	1.0	2	473763	n/a
231.337890625	0.3	0.0	1	473780	n/a
231.34619140625	0.3	1.0	2	473797	n/a
231.3544921875	0.3	0.0	1	473814	n/a
231.36279296875	0.3	1.0	2	473831	n/a
231.37109375	0.3	0.0	1	473848	n/a
231.37939453125	0.3	1.0	2	473865	n/a
231.3876953125	0.3	0.0	1	473882	n/a
231.39599609375	0.3	1.0	2	473899	n/a
231.404296875	0.3	1.0	2	473916	n/a
231.4130859375	0.3	0.0	1	473934	n/a
231.42138671875	0.3	0.0	1	473951	n/a
231.4296875	0.3	1.0	2	473968	n/a
231.43798828125	0.3	1.0	2	473985	n/a
231.4462890625	0.3	0.0	1	474002	n/a
231.45458984375	0.3	0.0	1	474019	n/a
231.462890625	0.3	1.0	2	474036	n/a
231.47119140625	0.3	1.0	2	474053	n/a
231.4794921875	0.3	0.0	1	474070	n/a
231.48779296875	0.3	0.0	1	474087	n/a
231.49609375	0.3	1.0	2	474104	n/a
231.50439453125	0.3	0.0	1	474121	n/a
231.5126953125	0.3	1.0	2	474138	n/a
231.52099609375	0.3	1.0	2	474155	n/a
231.529296875	0.3	0.0	1	474172	n/a
231.5380859375	0.3	1.0	2	474190	n/a
231.54638671875	0.3	0.0	1	474207	n/a
231.5546875	0.3	0.0	1	474224	n/a
231.56298828125	0.3	1.0	2	474241	n/a
231.5712890625	0.3	0.0	1	474258	n/a
231.57958984375	0.3	1.0	2	474275	n/a
231.587890625	0.3	0.0	1	474292	n/a
231.59619140625	0.3	1.0	2	474309	n/a
231.6044921875	0.3	1.0	2	474326	n/a
231.61279296875	0.3	0.0	1	474343	n/a
231.62109375	0.3	0.0	1	474360	n/a
231.62939453125	0.3	1.0	2	474377	n/a
231.6376953125	0.3	1.0	2	474394	n/a
231.64599609375	0.3	0.0	1	474411	n/a
231.654296875	0.3	1.0	2	474428	n/a
231.6630859375	0.3	0.0	1	474446	n/a
231.67138671875	0.3	0.0	1	474463	n/a
231.6796875	0.3	1.0	2	474480	n/a
231.68798828125	0.3	1.0	2	474497	n/a
231.6962890625	0.3	0.0	1	474514	n/a
231.70458984375	0.3	1.0	2	474531	n/a
231.712890625	0.3	0.0	1	474548	n/a
231.72119140625	0.3	0.0	1	474565	n/a
231.7294921875	0.3	1.0	2	474582	n/a
231.73779296875	0.3	0.0	1	474599	n/a
231.74609375	0.3	1.0	2	474616	n/a
231.75439453125	0.3	0.0	1	474633	n/a
231.7626953125	0.3	1.0	2	474650	n/a
231.77099609375	0.3	1.0	2	474667	n/a
231.779296875	0.3	0.0	1	474684	n/a
231.7880859375	0.3	0.0	1	474702	n/a
231.79638671875	0.3	1.0	2	474719	n/a
231.8046875	0.3	0.0	1	474736	n/a
231.81298828125	0.3	1.0	2	474753	n/a
231.8212890625	0.3	0.0	1	474770	n/a
231.82958984375	0.3	1.0	2	474787	n/a
231.837890625	0.3	1.0	2	474804	n/a
231.84619140625	0.3	0.0	1	474821	n/a
231.8544921875	0.3	0.0	1	474838	n/a
231.86279296875	0.3	1.0	2	474855	n/a
231.87109375	0.3	1.0	2	474872	n/a
231.87939453125	0.3	0.0	1	474889	n/a
231.8876953125	0.3	0.0	1	474906	n/a
231.89599609375	0.3	1.0	2	474923	n/a
231.904296875	0.3	1.0	2	474940	n/a
231.9130859375	0.3	0.0	1	474958	n/a
231.92138671875	0.3	1.0	2	474975	n/a
231.9296875	0.3	0.0	1	474992	n/a
231.93798828125	0.3	1.0	2	475009	n/a
231.9462890625	0.3	0.0	1	475026	n/a
231.95458984375	0.3	0.0	1	475043	n/a
231.962890625	0.3	1.0	2	475060	n/a
231.97119140625	0.3	0.0	1	475077	n/a
231.9794921875	0.3	1.0	2	475094	n/a
231.98779296875	0.3	0.0	1	475111	n/a
231.99609375	0.3	1.0	2	475128	n/a
232.00439453125	0.3	0.0	1	475145	n/a
232.0126953125	0.3	1.0	2	475162	n/a
232.02099609375	0.3	1.0	2	475179	n/a
232.029296875	0.3	0.0	1	475196	n/a
232.0380859375	0.3	0.0	1	475214	n/a
232.04638671875	0.3	1.0	2	475231	n/a
232.0546875	0.3	0.0	1	475248	n/a
232.06298828125	0.3	1.0	2	475265	n/a
232.0712890625	0.3	1.0	2	475282	n/a
232.07958984375	0.3	0.0	1	475299	n/a
232.087890625	0.3	1.0	2	475316	n/a
232.09619140625	0.3	0.0	1	475333	n/a
232.1044921875	0.3	0.0	1	475350	n/a
232.11279296875	0.3	1.0	2	475367	n/a
232.12109375	0.3	0.0	1	475384	n/a
232.12939453125	0.3	1.0	2	475401	n/a
232.1376953125	0.3	0.0	1	475418	n/a
232.14599609375	0.3	1.0	2	475435	n/a
232.154296875	0.3	1.0	2	475452	n/a
232.1630859375	0.3	0.0	1	475470	n/a
232.17138671875	0.3	0.0	1	475487	n/a
232.1796875	0.3	1.0	2	475504	n/a
232.18798828125	0.3	0.0	1	475521	n/a
232.1962890625	0.3	1.0	2	475538	n/a
232.20458984375	0.3	1.0	2	475555	n/a
232.212890625	0.3	0.0	1	475572	n/a
232.22119140625	0.3	1.0	2	475589	n/a
232.2294921875	0.3	0.0	1	475606	n/a
232.23779296875	0.3	0.0	1	475623	n/a
232.24609375	0.3	1.0	2	475640	n/a
232.25439453125	0.3	0.0	1	475657	n/a
232.2626953125	0.3	1.0	2	475674	n/a
232.27099609375	0.3	0.0	1	475691	n/a
232.279296875	0.3	1.0	2	475708	n/a
232.2880859375	0.3	0.0	1	475726	n/a
232.29638671875	0.3	1.0	2	475743	n/a
232.3046875	0.3	0.0	1	475760	n/a
232.31298828125	0.3	1.0	2	475777	n/a
232.3212890625	0.3	1.0	2	475794	n/a
232.32958984375	0.3	0.0	1	475811	n/a
232.337890625	0.3	0.0	1	475828	n/a
232.34619140625	0.3	1.0	2	475845	n/a
232.3544921875	0.3	0.0	1	475862	n/a
232.36279296875	0.3	1.0	2	475879	n/a
232.37109375	0.3	0.0	1	475896	n/a
232.37939453125	0.3	1.0	2	475913	n/a
232.3876953125	0.3	0.0	1	475930	n/a
232.39599609375	0.3	1.0	2	475947	n/a
232.404296875	0.3	0.0	1	475964	n/a
232.4130859375	0.3	1.0	2	475982	n/a
232.42138671875	0.3	0.0	1	475999	n/a
232.4296875	0.3	1.0	2	476016	n/a
232.43798828125	0.3	0.0	1	476033	n/a
232.4462890625	0.3	1.0	2	476050	n/a
232.45458984375	0.3	1.0	2	476067	n/a
232.462890625	0.3	0.0	1	476084	n/a
232.47119140625	0.3	0.0	1	476101	n/a
232.4794921875	0.3	1.0	2	476118	n/a
232.48779296875	0.3	1.0	2	476135	n/a
232.49609375	0.3	0.0	1	476152	n/a
232.50439453125	0.3	0.0	1	476169	n/a
232.5126953125	0.3	1.0	2	476186	n/a
232.52099609375	0.3	1.0	2	476203	n/a
232.529296875	0.3	0.0	1	476220	n/a
232.5380859375	0.3	0.0	1	476238	n/a
232.54638671875	0.3	1.0	2	476255	n/a
232.5546875	0.3	0.0	1	476272	n/a
232.56298828125	0.3	1.0	2	476289	n/a
232.5712890625	0.3	1.0	2	476306	n/a
232.57958984375	0.3	0.0	1	476323	n/a
232.587890625	0.3	1.0	2	476340	n/a
232.59619140625	0.3	0.0	1	476357	n/a
232.6044921875	0.3	0.0	1	476374	n/a
232.61279296875	0.3	1.0	2	476391	n/a
232.62109375	0.3	0.0	1	476408	n/a
232.62939453125	0.3	1.0	2	476425	n/a
232.6376953125	0.3	0.0	1	476442	n/a
232.64599609375	0.3	1.0	2	476459	n/a
232.654296875	0.3	1.0	2	476476	n/a
232.6630859375	0.3	0.0	1	476494	n/a
232.67138671875	0.3	0.0	1	476511	n/a
232.6796875	0.3	1.0	2	476528	n/a
232.68798828125	0.3	1.0	2	476545	n/a
232.6962890625	0.3	0.0	1	476562	n/a
232.70458984375	0.3	1.0	2	476579	n/a
232.712890625	0.3	0.0	1	476596	n/a
232.72119140625	0.3	0.0	1	476613	n/a
232.7294921875	0.3	1.0	2	476630	n/a
232.73779296875	0.3	1.0	2	476647	n/a
232.74609375	0.3	0.0	1	476664	n/a
232.75439453125	0.3	1.0	2	476681	n/a
232.7626953125	0.3	0.0	1	476698	n/a
232.77099609375	0.3	0.0	1	476715	n/a
232.779296875	0.3	1.0	2	476732	n/a
232.7880859375	0.3	0.0	1	476750	n/a
232.79638671875	0.3	1.0	2	476767	n/a
232.8046875	0.3	0.0	1	476784	n/a
232.81298828125	0.3	1.0	2	476801	n/a
232.8212890625	0.3	1.0	2	476818	n/a
232.82958984375	0.3	0.0	1	476835	n/a
232.837890625	0.3	0.0	1	476852	n/a
232.84619140625	0.3	1.0	2	476869	n/a
232.8544921875	0.3	0.0	1	476886	n/a
232.86279296875	0.3	1.0	2	476903	n/a
232.87109375	0.3	0.0	1	476920	n/a
232.87939453125	0.3	1.0	2	476937	n/a
232.8876953125	0.3	1.0	2	476954	n/a
232.89599609375	0.3	0.0	1	476971	n/a
232.904296875	0.3	0.0	1	476988	n/a
232.9130859375	0.3	1.0	2	477006	n/a
235.29736328125	0.3	0.0	1	481889	30.0
235.3056640625	0.3	1.0	2	481906	n/a
235.31396484375	0.3	0.0	1	481923	n/a
235.322265625	0.3	1.0	2	481940	n/a
235.33056640625	0.3	1.0	2	481957	n/a
235.3388671875	0.3	0.0	1	481974	n/a
235.34716796875	0.3	0.0	1	481991	n/a
235.35546875	0.3	1.0	2	482008	n/a
235.3642578125	0.3	1.0	2	482026	n/a
235.37255859375	0.3	0.0	1	482043	n/a
235.380859375	0.3	0.0	1	482060	n/a
235.38916015625	0.3	1.0	2	482077	n/a
235.3974609375	0.3	0.0	1	482094	n/a
235.40576171875	0.3	1.0	2	482111	n/a
235.4140625	0.3	0.0	1	482128	n/a
235.42236328125	0.3	1.0	2	482145	n/a
235.4306640625	0.3	1.0	2	482162	n/a
235.43896484375	0.3	0.0	1	482179	n/a
235.447265625	0.3	0.0	1	482196	n/a
235.45556640625	0.3	1.0	2	482213	n/a
235.4638671875	0.3	1.0	2	482230	n/a
235.47216796875	0.3	0.0	1	482247	n/a
235.48046875	0.3	0.0	1	482264	n/a
235.4892578125	0.3	1.0	2	482282	n/a
235.49755859375	0.3	1.0	2	482299	n/a
235.505859375	0.3	0.0	1	482316	n/a
235.51416015625	0.3	1.0	2	482333	n/a
235.5224609375	0.3	0.0	1	482350	n/a
235.53076171875	0.3	0.0	1	482367	n/a
235.5390625	0.3	1.0	2	482384	n/a
235.54736328125	0.3	0.0	1	482401	n/a
235.5556640625	0.3	1.0	2	482418	n/a
235.56396484375	0.3	1.0	2	482435	n/a
235.572265625	0.3	0.0	1	482452	n/a
235.58056640625	0.3	1.0	2	482469	n/a
235.5888671875	0.3	0.0	1	482486	n/a
235.59716796875	0.3	1.0	2	482503	n/a
235.60546875	0.3	0.0	1	482520	n/a
235.6142578125	0.3	1.0	2	482538	n/a
235.62255859375	0.3	0.0	1	482555	n/a
235.630859375	0.3	0.0	1	482572	n/a
235.63916015625	0.3	1.0	2	482589	n/a
235.6474609375	0.3	0.0	1	482606	n/a
235.65576171875	0.3	1.0	2	482623	n/a
235.6640625	0.3	1.0	2	482640	n/a
235.67236328125	0.3	0.0	1	482657	n/a
235.6806640625	0.3	1.0	2	482674	n/a
235.68896484375	0.3	0.0	1	482691	n/a
235.697265625	0.3	0.0	1	482708	n/a
235.70556640625	0.3	1.0	2	482725	n/a
235.7138671875	0.3	0.0	1	482742	n/a
235.72216796875	0.3	1.0	2	482759	n/a
235.73046875	0.3	1.0	2	482776	n/a
235.7392578125	0.3	0.0	1	482794	n/a
235.74755859375	0.3	1.0	2	482811	n/a
235.755859375	0.3	0.0	1	482828	n/a
235.76416015625	0.3	1.0	2	482845	n/a
235.7724609375	0.3	0.0	1	482862	n/a
235.78076171875	0.3	0.0	1	482879	n/a
235.7890625	0.3	1.0	2	482896	n/a
235.79736328125	0.3	1.0	2	482913	n/a
235.8056640625	0.3	0.0	1	482930	n/a
235.81396484375	0.3	0.0	1	482947	n/a
235.822265625	0.3	1.0	2	482964	n/a
235.83056640625	0.3	0.0	1	482981	n/a
235.8388671875	0.3	1.0	2	482998	n/a
235.84716796875	0.3	0.0	1	483015	n/a
235.85546875	0.3	1.0	2	483032	n/a
235.8642578125	0.3	1.0	2	483050	n/a
235.87255859375	0.3	0.0	1	483067	n/a
235.880859375	0.3	0.0	1	483084	n/a
235.88916015625	0.3	1.0	2	483101	n/a
235.8974609375	0.3	0.0	1	483118	n/a
235.90576171875	0.3	1.0	2	483135	n/a
235.9140625	0.3	1.0	2	483152	n/a
235.92236328125	0.3	0.0	1	483169	n/a
235.9306640625	0.3	1.0	2	483186	n/a
235.93896484375	0.3	0.0	1	483203	n/a
235.947265625	0.3	0.0	1	483220	n/a
235.95556640625	0.3	1.0	2	483237	n/a
235.9638671875	0.3	1.0	2	483254	n/a
235.97216796875	0.3	0.0	1	483271	n/a
235.98046875	0.3	1.0	2	483288	n/a
235.9892578125	0.3	0.0	1	483306	n/a
235.99755859375	0.3	1.0	2	483323	n/a
236.005859375	0.3	0.0	1	483340	n/a
236.01416015625	0.3	0.0	1	483357	n/a
236.0224609375	0.3	1.0	2	483374	n/a
236.03076171875	0.3	1.0	2	483391	n/a
236.0390625	0.3	0.0	1	483408	n/a
236.04736328125	0.3	1.0	2	483425	n/a
236.0556640625	0.3	0.0	1	483442	n/a
236.06396484375	0.3	0.0	1	483459	n/a
236.072265625	0.3	1.0	2	483476	n/a
236.08056640625	0.3	0.0	1	483493	n/a
236.0888671875	0.3	1.0	2	483510	n/a
236.09716796875	0.3	0.0	1	483527	n/a
236.10546875	0.3	1.0	2	483544	n/a
236.1142578125	0.3	0.0	1	483562	n/a
236.12255859375	0.3	1.0	2	483579	n/a
236.130859375	0.3	0.0	1	483596	n/a
236.13916015625	0.3	1.0	2	483613	n/a
236.1474609375	0.3	0.0	1	483630	n/a
236.15576171875	0.3	1.0	2	483647	n/a
236.1640625	0.3	0.0	1	483664	n/a
236.17236328125	0.3	1.0	2	483681	n/a
236.1806640625	0.3	1.0	2	483698	n/a
236.18896484375	0.3	0.0	1	483715	n/a
236.197265625	0.3	0.0	1	483732	n/a
236.20556640625	0.3	1.0	2	483749	n/a
236.2138671875	0.3	1.0	2	483766	n/a
236.22216796875	0.3	0.0	1	483783	n/a
236.23046875	0.3	1.0	2	483800	n/a
236.2392578125	0.3	0.0	1	483818	n/a
236.24755859375	0.3	1.0	2	483835	n/a
236.255859375	0.3	0.0	1	483852	n/a
236.26416015625	0.3	1.0	2	483869	n/a
236.2724609375	0.3	0.0	1	483886	n/a
236.28076171875	0.3	1.0	2	483903	n/a
236.2890625	0.3	0.0	1	483920	n/a
236.29736328125	0.3	0.0	1	483937	n/a
236.3056640625	0.3	1.0	2	483954	n/a
236.31396484375	0.3	1.0	2	483971	n/a
236.322265625	0.3	0.0	1	483988	n/a
236.33056640625	0.3	0.0	1	484005	n/a
236.3388671875	0.3	1.0	2	484022	n/a
236.34716796875	0.3	0.0	1	484039	n/a
236.35546875	0.3	1.0	2	484056	n/a
236.3642578125	0.3	0.0	1	484074	n/a
236.37255859375	0.3	1.0	2	484091	n/a
236.380859375	0.3	1.0	2	484108	n/a
236.38916015625	0.3	0.0	1	484125	n/a
236.3974609375	0.3	0.0	1	484142	n/a
236.40576171875	0.3	1.0	2	484159	n/a
236.4140625	0.3	1.0	2	484176	n/a
236.42236328125	0.3	0.0	1	484193	n/a
236.4306640625	0.3	0.0	1	484210	n/a
236.43896484375	0.3	1.0	2	484227	n/a
236.447265625	0.3	0.0	1	484244	n/a
236.45556640625	0.3	1.0	2	484261	n/a
236.4638671875	0.3	0.0	1	484278	n/a
236.47216796875	0.3	1.0	2	484295	n/a
236.48046875	0.3	1.0	2	484312	n/a
236.4892578125	0.3	0.0	1	484330	n/a
236.49755859375	0.3	0.0	1	484347	n/a
236.505859375	0.3	1.0	2	484364	n/a
236.51416015625	0.3	1.0	2	484381	n/a
236.5224609375	0.3	0.0	1	484398	n/a
236.53076171875	0.3	0.0	1	484415	n/a
236.5390625	0.3	1.0	2	484432	n/a
236.54736328125	0.3	1.0	2	484449	n/a
236.5556640625	0.3	0.0	1	484466	n/a
236.56396484375	0.3	1.0	2	484483	n/a
236.572265625	0.3	0.0	1	484500	n/a
236.58056640625	0.3	0.0	1	484517	n/a
236.5888671875	0.3	1.0	2	484534	n/a
236.59716796875	0.3	0.0	1	484551	n/a
236.60546875	0.3	1.0	2	484568	n/a
236.6142578125	0.3	1.0	2	484586	n/a
236.62255859375	0.3	0.0	1	484603	n/a
236.630859375	0.3	1.0	2	484620	n/a
236.63916015625	0.3	0.0	1	484637	n/a
236.6474609375	0.3	1.0	2	484654	n/a
236.65576171875	0.3	0.0	1	484671	n/a
236.6640625	0.3	1.0	2	484688	n/a
236.67236328125	0.3	0.0	1	484705	n/a
236.6806640625	0.3	0.0	1	484722	n/a
236.68896484375	0.3	1.0	2	484739	n/a
236.697265625	0.3	0.0	1	484756	n/a
236.70556640625	0.3	1.0	2	484773	n/a
236.7138671875	0.3	1.0	2	484790	n/a
236.72216796875	0.3	0.0	1	484807	n/a
236.73046875	0.3	1.0	2	484824	n/a
236.7392578125	0.3	0.0	1	484842	n/a
236.74755859375	0.3	0.0	1	484859	n/a
236.755859375	0.3	1.0	2	484876	n/a
236.76416015625	0.3	0.0	1	484893	n/a
236.7724609375	0.3	1.0	2	484910	n/a
236.78076171875	0.3	1.0	2	484927	n/a
236.7890625	0.3	0.0	1	484944	n/a
236.79736328125	0.3	1.0	2	484961	n/a
236.8056640625	0.3	0.0	1	484978	n/a
236.81396484375	0.3	1.0	2	484995	n/a
236.822265625	0.3	0.0	1	485012	n/a
236.83056640625	0.3	0.0	1	485029	n/a
236.8388671875	0.3	1.0	2	485046	n/a
236.84716796875	0.3	1.0	2	485063	n/a
236.85546875	0.3	0.0	1	485080	n/a
236.8642578125	0.3	0.0	1	485098	n/a
236.87255859375	0.3	1.0	2	485115	n/a
236.880859375	0.3	0.0	1	485132	n/a
236.88916015625	0.3	1.0	2	485149	n/a
236.8974609375	0.3	0.0	1	485166	n/a
236.90576171875	0.3	1.0	2	485183	n/a
236.9140625	0.3	1.0	2	485200	n/a
236.92236328125	0.3	0.0	1	485217	n/a
236.9306640625	0.3	0.0	1	485234	n/a
236.93896484375	0.3	1.0	2	485251	n/a
236.947265625	0.3	0.0	1	485268	n/a
236.95556640625	0.3	1.0	2	485285	n/a
236.9638671875	0.3	1.0	2	485302	n/a
236.97216796875	0.3	0.0	1	485319	n/a
236.98046875	0.3	1.0	2	485336	n/a
236.9892578125	0.3	0.0	1	485354	n/a
236.99755859375	0.3	0.0	1	485371	n/a
237.005859375	0.3	1.0	2	485388	n/a
237.01416015625	0.3	1.0	2	485405	n/a
237.0224609375	0.3	0.0	1	485422	n/a
237.03076171875	0.3	1.0	2	485439	n/a
237.0390625	0.3	0.0	1	485456	n/a
237.04736328125	0.3	1.0	2	485473	n/a
237.0556640625	0.3	0.0	1	485490	n/a
237.06396484375	0.3	0.0	1	485507	n/a
237.072265625	0.3	1.0	2	485524	n/a
237.08056640625	0.3	1.0	2	485541	n/a
237.0888671875	0.3	0.0	1	485558	n/a
237.09716796875	0.3	1.0	2	485575	n/a
237.10546875	0.3	0.0	1	485592	n/a
237.1142578125	0.3	0.0	1	485610	n/a
237.12255859375	0.3	1.0	2	485627	n/a
237.130859375	0.3	0.0	1	485644	n/a
237.13916015625	0.3	1.0	2	485661	n/a
237.1474609375	0.3	0.0	1	485678	n/a
237.15576171875	0.3	1.0	2	485695	n/a
237.1640625	0.3	0.0	1	485712	n/a
237.17236328125	0.3	1.0	2	485729	n/a
237.1806640625	0.3	0.0	1	485746	n/a
237.18896484375	0.3	1.0	2	485763	n/a
237.197265625	0.3	0.0	1	485780	n/a
237.20556640625	0.3	1.0	2	485797	n/a
237.2138671875	0.3	0.0	1	485814	n/a
237.22216796875	0.3	1.0	2	485831	n/a
237.23046875	0.3	1.0	2	485848	n/a
237.2392578125	0.3	0.0	1	485866	n/a
237.24755859375	0.3	0.0	1	485883	n/a
237.255859375	0.3	1.0	2	485900	n/a
237.26416015625	0.3	1.0	2	485917	n/a
237.2724609375	0.3	0.0	1	485934	n/a
237.28076171875	0.3	1.0	2	485951	n/a
237.2890625	0.3	0.0	1	485968	n/a
237.29736328125	0.3	1.0	2	485985	n/a
237.3056640625	0.3	0.0	1	486002	n/a
237.31396484375	0.3	1.0	2	486019	n/a
237.322265625	0.3	0.0	1	486036	n/a
237.33056640625	0.3	1.0	2	486053	n/a
237.3388671875	0.3	0.0	1	486070	n/a
237.34716796875	0.3	0.0	1	486087	n/a
237.35546875	0.3	1.0	2	486104	n/a
237.3642578125	0.3	1.0	2	486122	n/a
237.37255859375	0.3	0.0	1	486139	n/a
237.380859375	0.3	0.0	1	486156	n/a
237.38916015625	0.3	1.0	2	486173	n/a
237.3974609375	0.3	0.0	1	486190	n/a
237.40576171875	0.3	1.0	2	486207	n/a
237.4140625	0.3	0.0	1	486224	n/a
237.42236328125	0.3	1.0	2	486241	n/a
237.4306640625	0.3	1.0	2	486258	n/a
237.43896484375	0.3	0.0	1	486275	n/a
237.447265625	0.3	0.0	1	486292	n/a
237.45556640625	0.3	1.0	2	486309	n/a
237.4638671875	0.3	1.0	2	486326	n/a
237.47216796875	0.3	0.0	1	486343	n/a
237.48046875	0.3	0.0	1	486360	n/a
237.4892578125	0.3	1.0	2	486378	n/a
237.49755859375	0.3	0.0	1	486395	n/a
237.505859375	0.3	1.0	2	486412	n/a
237.51416015625	0.3	0.0	1	486429	n/a
237.5224609375	0.3	1.0	2	486446	n/a
237.53076171875	0.3	1.0	2	486463	n/a
237.5390625	0.3	0.0	1	486480	n/a
237.54736328125	0.3	0.0	1	486497	n/a
237.5556640625	0.3	1.0	2	486514	n/a
237.56396484375	0.3	1.0	2	486531	n/a
237.572265625	0.3	0.0	1	486548	n/a
237.58056640625	0.3	0.0	1	486565	n/a
237.5888671875	0.3	1.0	2	486582	n/a
237.59716796875	0.3	1.0	2	486599	n/a
237.60546875	0.3	0.0	1	486616	n/a
237.6142578125	0.3	1.0	2	486634	n/a
237.62255859375	0.3	0.0	1	486651	n/a
237.630859375	0.3	0.0	1	486668	n/a
237.63916015625	0.3	1.0	2	486685	n/a
237.6474609375	0.3	0.0	1	486702	n/a
237.65576171875	0.3	1.0	2	486719	n/a
237.6640625	0.3	1.0	2	486736	n/a
237.67236328125	0.3	0.0	1	486753	n/a
237.6806640625	0.3	1.0	2	486770	n/a
237.68896484375	0.3	0.0	1	486787	n/a
237.697265625	0.3	1.0	2	486804	n/a
237.70556640625	0.3	0.0	1	486821	n/a
237.7138671875	0.3	1.0	2	486838	n/a
237.72216796875	0.3	0.0	1	486855	n/a
237.73046875	0.3	0.0	1	486872	n/a
237.7392578125	0.3	1.0	2	486890	n/a
237.74755859375	0.3	0.0	1	486907	n/a
237.755859375	0.3	1.0	2	486924	n/a
237.76416015625	0.3	1.0	2	486941	n/a
237.7724609375	0.3	0.0	1	486958	n/a
237.78076171875	0.3	1.0	2	486975	n/a
237.7890625	0.3	0.0	1	486992	n/a
237.79736328125	0.3	0.0	1	487009	n/a
237.8056640625	0.3	1.0	2	487026	n/a
237.81396484375	0.3	0.0	1	487043	n/a
237.822265625	0.3	1.0	2	487060	n/a
237.83056640625	0.3	1.0	2	487077	n/a
237.8388671875	0.3	0.0	1	487094	n/a
237.84716796875	0.3	1.0	2	487111	n/a
237.85546875	0.3	0.0	1	487128	n/a
237.8642578125	0.3	1.0	2	487146	n/a
237.87255859375	0.3	0.0	1	487163	n/a
237.880859375	0.3	0.0	1	487180	n/a
237.88916015625	0.3	1.0	2	487197	n/a
237.8974609375	0.3	1.0	2	487214	n/a
237.90576171875	0.3	0.0	1	487231	n/a
237.9140625	0.3	0.0	1	487248	n/a
237.92236328125	0.3	1.0	2	487265	n/a
237.9306640625	0.3	0.0	1	487282	n/a
237.93896484375	0.3	1.0	2	487299	n/a
237.947265625	0.3	0.0	1	487316	n/a
237.95556640625	0.3	1.0	2	487333	n/a
237.9638671875	0.3	1.0	2	487350	n/a
237.97216796875	0.3	0.0	1	487367	n/a
237.98046875	0.3	0.0	1	487384	n/a
237.9892578125	0.3	1.0	2	487402	n/a
237.99755859375	0.3	0.0	1	487419	n/a
238.005859375	0.3	1.0	2	487436	n/a
238.01416015625	0.3	1.0	2	487453	n/a
238.0224609375	0.3	0.0	1	487470	n/a
238.03076171875	0.3	1.0	2	487487	n/a
238.0390625	0.3	0.0	1	487504	n/a
238.04736328125	0.3	0.0	1	487521	n/a
238.0556640625	0.3	1.0	2	487538	n/a
238.06396484375	0.3	1.0	2	487555	n/a
238.072265625	0.3	0.0	1	487572	n/a
238.08056640625	0.3	1.0	2	487589	n/a
238.0888671875	0.3	0.0	1	487606	n/a
238.09716796875	0.3	1.0	2	487623	n/a
238.10546875	0.3	0.0	1	487640	n/a
238.1142578125	0.3	0.0	1	487658	n/a
238.12255859375	0.3	1.0	2	487675	n/a
238.130859375	0.3	1.0	2	487692	n/a
238.13916015625	0.3	0.0	1	487709	n/a
238.1474609375	0.3	1.0	2	487726	n/a
238.15576171875	0.3	0.0	1	487743	n/a
238.1640625	0.3	0.0	1	487760	n/a
238.17236328125	0.3	1.0	2	487777	n/a
238.1806640625	0.3	0.0	1	487794	n/a
238.18896484375	0.3	1.0	2	487811	n/a
238.197265625	0.3	0.0	1	487828	n/a
238.20556640625	0.3	1.0	2	487845	n/a
238.2138671875	0.3	0.0	1	487862	n/a
238.22216796875	0.3	1.0	2	487879	n/a
238.23046875	0.3	0.0	1	487896	n/a
238.2392578125	0.3	1.0	2	487914	n/a
238.24755859375	0.3	0.0	1	487931	n/a
238.255859375	0.3	1.0	2	487948	n/a
238.26416015625	0.3	0.0	1	487965	n/a
238.2724609375	0.3	1.0	2	487982	n/a
238.28076171875	0.3	1.0	2	487999	n/a
238.2890625	0.3	0.0	1	488016	n/a
238.29736328125	0.3	0.0	1	488033	n/a
238.3056640625	0.3	1.0	2	488050	n/a
238.31396484375	0.3	1.0	2	488067	n/a
238.322265625	0.3	0.0	1	488084	n/a
238.33056640625	0.3	1.0	2	488101	n/a
238.3388671875	0.3	0.0	1	488118	n/a
238.34716796875	0.3	1.0	2	488135	n/a
238.35546875	0.3	0.0	1	488152	n/a
238.3642578125	0.3	1.0	2	488170	n/a
238.37255859375	0.3	0.0	1	488187	n/a
238.380859375	0.3	1.0	2	488204	n/a
238.38916015625	0.3	0.0	1	488221	n/a
238.3974609375	0.3	0.0	1	488238	n/a
238.40576171875	0.3	1.0	2	488255	n/a
238.4140625	0.3	1.0	2	488272	n/a
238.42236328125	0.3	0.0	1	488289	n/a
238.4306640625	0.3	0.0	1	488306	n/a
238.43896484375	0.3	1.0	2	488323	n/a
238.447265625	0.3	0.0	1	488340	n/a
238.45556640625	0.3	1.0	2	488357	n/a
238.4638671875	0.3	0.0	1	488374	n/a
238.47216796875	0.3	1.0	2	488391	n/a
238.48046875	0.3	1.0	2	488408	n/a
238.4892578125	0.3	0.0	1	488426	n/a
238.49755859375	0.3	0.0	1	488443	n/a
238.505859375	0.3	1.0	2	488460	n/a
238.51416015625	0.3	1.0	2	488477	n/a
238.5224609375	0.3	0.0	1	488494	n/a
238.53076171875	0.3	0.0	1	488511	n/a
238.5390625	0.3	1.0	2	488528	n/a
238.54736328125	0.3	0.0	1	488545	n/a
238.5556640625	0.3	1.0	2	488562	n/a
238.56396484375	0.3	0.0	1	488579	n/a
238.572265625	0.3	1.0	2	488596	n/a
238.58056640625	0.3	1.0	2	488613	n/a
238.5888671875	0.3	0.0	1	488630	n/a
238.59716796875	0.3	0.0	1	488647	n/a
238.60546875	0.3	1.0	2	488664	n/a
238.6142578125	0.3	1.0	2	488682	n/a
238.62255859375	0.3	0.0	1	488699	n/a
238.630859375	0.3	0.0	1	488716	n/a
238.63916015625	0.3	1.0	2	488733	n/a
238.6474609375	0.3	1.0	2	488750	n/a
238.65576171875	0.3	0.0	1	488767	n/a
238.6640625	0.3	1.0	2	488784	n/a
238.67236328125	0.3	0.0	1	488801	n/a
238.6806640625	0.3	0.0	1	488818	n/a
238.68896484375	0.3	1.0	2	488835	n/a
238.697265625	0.3	0.0	1	488852	n/a
238.70556640625	0.3	1.0	2	488869	n/a
238.7138671875	0.3	1.0	2	488886	n/a
238.72216796875	0.3	0.0	1	488903	n/a
238.73046875	0.3	1.0	2	488920	n/a
238.7392578125	0.3	0.0	1	488938	n/a
238.74755859375	0.3	1.0	2	488955	n/a
238.755859375	0.3	0.0	1	488972	n/a
238.76416015625	0.3	1.0	2	488989	n/a
238.7724609375	0.3	0.0	1	489006	n/a
238.78076171875	0.3	0.0	1	489023	n/a
238.7890625	0.3	1.0	2	489040	n/a
238.79736328125	0.3	0.0	1	489057	n/a
238.8056640625	0.3	1.0	2	489074	n/a
238.81396484375	0.3	1.0	2	489091	n/a
238.822265625	0.3	0.0	1	489108	n/a
238.83056640625	0.3	1.0	2	489125	n/a
238.8388671875	0.3	0.0	1	489142	n/a
238.84716796875	0.3	0.0	1	489159	n/a
238.85546875	0.3	1.0	2	489176	n/a
238.8642578125	0.3	0.0	1	489194	n/a
238.87255859375	0.3	1.0	2	489211	n/a
238.880859375	0.3	1.0	2	489228	n/a
238.88916015625	0.3	0.0	1	489245	n/a
238.8974609375	0.3	1.0	2	489262	n/a
238.90576171875	0.3	0.0	1	489279	n/a
238.9140625	0.3	1.0	2	489296	n/a
238.92236328125	0.3	0.0	1	489313	n/a
238.9306640625	0.3	0.0	1	489330	n/a
238.93896484375	0.3	1.0	2	489347	n/a
238.947265625	0.3	1.0	2	489364	n/a
238.95556640625	0.3	0.0	1	489381	n/a
238.9638671875	0.3	0.0	1	489398	n/a
238.97216796875	0.3	1.0	2	489415	n/a
238.98046875	0.3	0.0	1	489432	n/a
238.9892578125	0.3	1.0	2	489450	n/a
238.99755859375	0.3	0.0	1	489467	n/a
239.005859375	0.3	1.0	2	489484	n/a
239.01416015625	0.3	1.0	2	489501	n/a
239.0224609375	0.3	0.0	1	489518	n/a
239.03076171875	0.3	0.0	1	489535	n/a
239.0390625	0.3	1.0	2	489552	n/a
239.04736328125	0.3	0.0	1	489569	n/a
239.0556640625	0.3	1.0	2	489586	n/a
239.06396484375	0.3	1.0	2	489603	n/a
239.072265625	0.3	0.0	1	489620	n/a
239.08056640625	0.3	1.0	2	489637	n/a
239.0888671875	0.3	0.0	1	489654	n/a
239.09716796875	0.3	0.0	1	489671	n/a
239.10546875	0.3	1.0	2	489688	n/a
239.1142578125	0.3	1.0	2	489706	n/a
239.12255859375	0.3	0.0	1	489723	n/a
239.130859375	0.3	1.0	2	489740	n/a
239.13916015625	0.3	0.0	1	489757	n/a
239.1474609375	0.3	1.0	2	489774	n/a
239.15576171875	0.3	0.0	1	489791	n/a
239.1640625	0.3	0.0	1	489808	n/a
239.17236328125	0.3	1.0	2	489825	n/a
239.1806640625	0.3	1.0	2	489842	n/a
239.18896484375	0.3	0.0	1	489859	n/a
239.197265625	0.3	1.0	2	489876	n/a
239.20556640625	0.3	0.0	1	489893	n/a
239.2138671875	0.3	0.0	1	489910	n/a
239.22216796875	0.3	1.0	2	489927	n/a
239.23046875	0.3	0.0	1	489944	n/a
239.2392578125	0.3	1.0	2	489962	n/a
239.24755859375	0.3	0.0	1	489979	n/a
239.255859375	0.3	1.0	2	489996	n/a
239.26416015625	0.3	0.0	1	490013	n/a
239.2724609375	0.3	1.0	2	490030	n/a
239.28076171875	0.3	0.0	1	490047	n/a
239.2890625	0.3	1.0	2	490064	n/a
239.29736328125	0.3	0.0	1	490081	n/a
239.3056640625	0.3	1.0	2	490098	n/a
239.31396484375	0.3	0.0	1	490115	n/a
239.322265625	0.3	1.0	2	490132	n/a
239.33056640625	0.3	1.0	2	490149	n/a
239.3388671875	0.3	0.0	1	490166	n/a
239.34716796875	0.3	0.0	1	490183	n/a
239.35546875	0.3	1.0	2	490200	n/a
239.3642578125	0.3	1.0	2	490218	n/a
239.37255859375	0.3	0.0	1	490235	n/a
239.380859375	0.3	1.0	2	490252	n/a
239.38916015625	0.3	0.0	1	490269	n/a
239.3974609375	0.3	1.0	2	490286	n/a
239.40576171875	0.3	0.0	1	490303	n/a
239.4140625	0.3	1.0	2	490320	n/a
239.42236328125	0.3	0.0	1	490337	n/a
239.4306640625	0.3	1.0	2	490354	n/a
239.43896484375	0.3	0.0	1	490371	n/a
239.447265625	0.3	0.0	1	490388	n/a
239.45556640625	0.3	1.0	2	490405	n/a
239.4638671875	0.3	1.0	2	490422	n/a
239.47216796875	0.3	0.0	1	490439	n/a
239.48046875	0.3	0.0	1	490456	n/a
239.4892578125	0.3	1.0	2	490474	n/a
241.88916015625	0.3	0.0	1	495389	26.0
241.8974609375	0.3	1.0	2	495406	n/a
241.90576171875	0.3	1.0	2	495423	n/a
241.9140625	0.3	0.0	1	495440	n/a
241.92236328125	0.3	1.0	2	495457	n/a
241.9306640625	0.3	0.0	1	495474	n/a
241.93896484375	0.3	1.0	2	495491	n/a
241.947265625	0.3	0.0	1	495508	n/a
241.9560546875	0.3	0.0	1	495526	n/a
241.96435546875	0.3	1.0	2	495543	n/a
241.97265625	0.3	1.0	2	495560	n/a
241.98095703125	0.3	0.0	1	495577	n/a
241.9892578125	0.3	1.0	2	495594	n/a
241.99755859375	0.3	0.0	1	495611	n/a
242.005859375	0.3	1.0	2	495628	n/a
242.01416015625	0.3	0.0	1	495645	n/a
242.0224609375	0.3	0.0	1	495662	n/a
242.03076171875	0.3	1.0	2	495679	n/a
242.0390625	0.3	0.0	1	495696	n/a
242.04736328125	0.3	1.0	2	495713	n/a
242.0556640625	0.3	1.0	2	495730	n/a
242.06396484375	0.3	0.0	1	495747	n/a
242.072265625	0.3	1.0	2	495764	n/a
242.0810546875	0.3	0.0	1	495782	n/a
242.08935546875	0.3	1.0	2	495799	n/a
242.09765625	0.3	0.0	1	495816	n/a
242.10595703125	0.3	0.0	1	495833	n/a
242.1142578125	0.3	1.0	2	495850	n/a
242.12255859375	0.3	0.0	1	495867	n/a
242.130859375	0.3	1.0	2	495884	n/a
242.13916015625	0.3	1.0	2	495901	n/a
242.1474609375	0.3	0.0	1	495918	n/a
242.15576171875	0.3	1.0	2	495935	n/a
242.1640625	0.3	0.0	1	495952	n/a
242.17236328125	0.3	1.0	2	495969	n/a
242.1806640625	0.3	0.0	1	495986	n/a
242.18896484375	0.3	1.0	2	496003	n/a
242.197265625	0.3	0.0	1	496020	n/a
242.2060546875	0.3	0.0	1	496038	n/a
242.21435546875	0.3	1.0	2	496055	n/a
242.22265625	0.3	1.0	2	496072	n/a
242.23095703125	0.3	0.0	1	496089	n/a
242.2392578125	0.3	0.0	1	496106	n/a
242.24755859375	0.3	1.0	2	496123	n/a
242.255859375	0.3	1.0	2	496140	n/a
242.26416015625	0.3	0.0	1	496157	n/a
242.2724609375	0.3	0.0	1	496174	n/a
242.28076171875	0.3	1.0	2	496191	n/a
242.2890625	0.3	1.0	2	496208	n/a
242.29736328125	0.3	0.0	1	496225	n/a
242.3056640625	0.3	1.0	2	496242	n/a
242.31396484375	0.3	0.0	1	496259	n/a
242.322265625	0.3	0.0	1	496276	n/a
242.3310546875	0.3	1.0	2	496294	n/a
242.33935546875	0.3	1.0	2	496311	n/a
242.34765625	0.3	0.0	1	496328	n/a
242.35595703125	0.3	0.0	1	496345	n/a
242.3642578125	0.3	1.0	2	496362	n/a
242.37255859375	0.3	1.0	2	496379	n/a
242.380859375	0.3	0.0	1	496396	n/a
242.38916015625	0.3	0.0	1	496413	n/a
242.3974609375	0.3	1.0	2	496430	n/a
242.40576171875	0.3	0.0	1	496447	n/a
242.4140625	0.3	1.0	2	496464	n/a
242.42236328125	0.3	1.0	2	496481	n/a
242.4306640625	0.3	0.0	1	496498	n/a
242.43896484375	0.3	0.0	1	496515	n/a
242.447265625	0.3	1.0	2	496532	n/a
242.4560546875	0.3	0.0	1	496550	n/a
242.46435546875	0.3	1.0	2	496567	n/a
242.47265625	0.3	1.0	2	496584	n/a
242.48095703125	0.3	0.0	1	496601	n/a
242.4892578125	0.3	0.0	1	496618	n/a
242.49755859375	0.3	1.0	2	496635	n/a
242.505859375	0.3	0.0	1	496652	n/a
242.51416015625	0.3	1.0	2	496669	n/a
242.5224609375	0.3	1.0	2	496686	n/a
242.53076171875	0.3	0.0	1	496703	n/a
242.5390625	0.3	0.0	1	496720	n/a
242.54736328125	0.3	1.0	2	496737	n/a
242.5556640625	0.3	0.0	1	496754	n/a
242.56396484375	0.3	1.0	2	496771	n/a
242.572265625	0.3	0.0	1	496788	n/a
242.5810546875	0.3	1.0	2	496806	n/a
242.58935546875	0.3	1.0	2	496823	n/a
242.59765625	0.3	0.0	1	496840	n/a
242.60595703125	0.3	1.0	2	496857	n/a
242.6142578125	0.3	0.0	1	496874	n/a
242.62255859375	0.3	0.0	1	496891	n/a
242.630859375	0.3	1.0	2	496908	n/a
242.63916015625	0.3	1.0	2	496925	n/a
242.6474609375	0.3	0.0	1	496942	n/a
242.65576171875	0.3	0.0	1	496959	n/a
242.6640625	0.3	1.0	2	496976	n/a
242.67236328125	0.3	0.0	1	496993	n/a
242.6806640625	0.3	1.0	2	497010	n/a
242.68896484375	0.3	1.0	2	497027	n/a
242.697265625	0.3	0.0	1	497044	n/a
242.7060546875	0.3	0.0	1	497062	n/a
242.71435546875	0.3	1.0	2	497079	n/a
242.72265625	0.3	0.0	1	497096	n/a
242.73095703125	0.3	1.0	2	497113	n/a
242.7392578125	0.3	1.0	2	497130	n/a
242.74755859375	0.3	0.0	1	497147	n/a
242.755859375	0.3	0.0	1	497164	n/a
242.76416015625	0.3	1.0	2	497181	n/a
242.7724609375	0.3	1.0	2	497198	n/a
242.78076171875	0.3	0.0	1	497215	n/a
242.7890625	0.3	0.0	1	497232	n/a
242.79736328125	0.3	1.0	2	497249	n/a
242.8056640625	0.3	1.0	2	497266	n/a
242.81396484375	0.3	0.0	1	497283	n/a
242.822265625	0.3	0.0	1	497300	n/a
242.8310546875	0.3	1.0	2	497318	n/a
242.83935546875	0.3	0.0	1	497335	n/a
242.84765625	0.3	1.0	2	497352	n/a
242.85595703125	0.3	0.0	1	497369	n/a
242.8642578125	0.3	1.0	2	497386	n/a
242.87255859375	0.3	1.0	2	497403	n/a
242.880859375	0.3	0.0	1	497420	n/a
242.88916015625	0.3	0.0	1	497437	n/a
242.8974609375	0.3	1.0	2	497454	n/a
242.90576171875	0.3	1.0	2	497471	n/a
242.9140625	0.3	0.0	1	497488	n/a
242.92236328125	0.3	0.0	1	497505	n/a
242.9306640625	0.3	1.0	2	497522	n/a
242.93896484375	0.3	0.0	1	497539	n/a
242.947265625	0.3	1.0	2	497556	n/a
242.9560546875	0.3	1.0	2	497574	n/a
242.96435546875	0.3	0.0	1	497591	n/a
242.97265625	0.3	1.0	2	497608	n/a
242.98095703125	0.3	0.0	1	497625	n/a
242.9892578125	0.3	1.0	2	497642	n/a
242.99755859375	0.3	0.0	1	497659	n/a
243.005859375	0.3	0.0	1	497676	n/a
243.01416015625	0.3	1.0	2	497693	n/a
243.0224609375	0.3	1.0	2	497710	n/a
243.03076171875	0.3	0.0	1	497727	n/a
243.0390625	0.3	1.0	2	497744	n/a
243.04736328125	0.3	0.0	1	497761	n/a
243.0556640625	0.3	1.0	2	497778	n/a
243.06396484375	0.3	0.0	1	497795	n/a
243.072265625	0.3	0.0	1	497812	n/a
243.0810546875	0.3	1.0	2	497830	n/a
243.08935546875	0.3	0.0	1	497847	n/a
243.09765625	0.3	1.0	2	497864	n/a
243.10595703125	0.3	1.0	2	497881	n/a
243.1142578125	0.3	0.0	1	497898	n/a
243.12255859375	0.3	1.0	2	497915	n/a
243.130859375	0.3	0.0	1	497932	n/a
243.13916015625	0.3	1.0	2	497949	n/a
243.1474609375	0.3	0.0	1	497966	n/a
243.15576171875	0.3	0.0	1	497983	n/a
243.1640625	0.3	1.0	2	498000	n/a
243.17236328125	0.3	0.0	1	498017	n/a
243.1806640625	0.3	1.0	2	498034	n/a
243.18896484375	0.3	1.0	2	498051	n/a
243.197265625	0.3	0.0	1	498068	n/a
243.2060546875	0.3	1.0	2	498086	n/a
243.21435546875	0.3	0.0	1	498103	n/a
243.22265625	0.3	1.0	2	498120	n/a
243.23095703125	0.3	0.0	1	498137	n/a
243.2392578125	0.3	1.0	2	498154	n/a
243.24755859375	0.3	0.0	1	498171	n/a
243.255859375	0.3	0.0	1	498188	n/a
243.26416015625	0.3	1.0	2	498205	n/a
243.2724609375	0.3	1.0	2	498222	n/a
243.28076171875	0.3	0.0	1	498239	n/a
243.2890625	0.3	0.0	1	498256	n/a
243.29736328125	0.3	1.0	2	498273	n/a
243.3056640625	0.3	1.0	2	498290	n/a
243.31396484375	0.3	0.0	1	498307	n/a
243.322265625	0.3	0.0	1	498324	n/a
243.3310546875	0.3	1.0	2	498342	n/a
243.33935546875	0.3	1.0	2	498359	n/a
243.34765625	0.3	0.0	1	498376	n/a
243.35595703125	0.3	1.0	2	498393	n/a
243.3642578125	0.3	0.0	1	498410	n/a
243.37255859375	0.3	0.0	1	498427	n/a
243.380859375	0.3	1.0	2	498444	n/a
243.38916015625	0.3	1.0	2	498461	n/a
243.3974609375	0.3	0.0	1	498478	n/a
243.40576171875	0.3	0.0	1	498495	n/a
243.4140625	0.3	1.0	2	498512	n/a
243.42236328125	0.3	1.0	2	498529	n/a
243.4306640625	0.3	0.0	1	498546	n/a
243.43896484375	0.3	0.0	1	498563	n/a
243.447265625	0.3	1.0	2	498580	n/a
243.4560546875	0.3	0.0	1	498598	n/a
243.46435546875	0.3	1.0	2	498615	n/a
243.47265625	0.3	1.0	2	498632	n/a
243.48095703125	0.3	0.0	1	498649	n/a
243.4892578125	0.3	0.0	1	498666	n/a
243.49755859375	0.3	1.0	2	498683	n/a
243.505859375	0.3	0.0	1	498700	n/a
243.51416015625	0.3	1.0	2	498717	n/a
243.5224609375	0.3	1.0	2	498734	n/a
243.53076171875	0.3	0.0	1	498751	n/a
243.5390625	0.3	0.0	1	498768	n/a
243.54736328125	0.3	1.0	2	498785	n/a
243.5556640625	0.3	0.0	1	498802	n/a
243.56396484375	0.3	1.0	2	498819	n/a
243.572265625	0.3	1.0	2	498836	n/a
243.5810546875	0.3	0.0	1	498854	n/a
243.58935546875	0.3	0.0	1	498871	n/a
243.59765625	0.3	1.0	2	498888	n/a
243.60595703125	0.3	0.0	1	498905	n/a
243.6142578125	0.3	1.0	2	498922	n/a
243.62255859375	0.3	0.0	1	498939	n/a
243.630859375	0.3	1.0	2	498956	n/a
243.63916015625	0.3	1.0	2	498973	n/a
243.6474609375	0.3	0.0	1	498990	n/a
243.65576171875	0.3	1.0	2	499007	n/a
243.6640625	0.3	0.0	1	499024	n/a
243.67236328125	0.3	0.0	1	499041	n/a
243.6806640625	0.3	1.0	2	499058	n/a
243.68896484375	0.3	1.0	2	499075	n/a
243.697265625	0.3	0.0	1	499092	n/a
243.7060546875	0.3	0.0	1	499110	n/a
243.71435546875	0.3	1.0	2	499127	n/a
243.72265625	0.3	0.0	1	499144	n/a
243.73095703125	0.3	1.0	2	499161	n/a
243.7392578125	0.3	1.0	2	499178	n/a
243.74755859375	0.3	0.0	1	499195	n/a
243.755859375	0.3	0.0	1	499212	n/a
243.76416015625	0.3	1.0	2	499229	n/a
243.7724609375	0.3	0.0	1	499246	n/a
243.78076171875	0.3	1.0	2	499263	n/a
243.7890625	0.3	1.0	2	499280	n/a
243.79736328125	0.3	0.0	1	499297	n/a
243.8056640625	0.3	0.0	1	499314	n/a
243.81396484375	0.3	1.0	2	499331	n/a
243.822265625	0.3	1.0	2	499348	n/a
243.8310546875	0.3	0.0	1	499366	n/a
243.83935546875	0.3	0.0	1	499383	n/a
243.84765625	0.3	1.0	2	499400	n/a
243.85595703125	0.3	1.0	2	499417	n/a
243.8642578125	0.3	0.0	1	499434	n/a
243.87255859375	0.3	0.0	1	499451	n/a
243.880859375	0.3	1.0	2	499468	n/a
243.88916015625	0.3	0.0	1	499485	n/a
243.8974609375	0.3	1.0	2	499502	n/a
243.90576171875	0.3	0.0	1	499519	n/a
243.9140625	0.3	1.0	2	499536	n/a
243.92236328125	0.3	1.0	2	499553	n/a
243.9306640625	0.3	0.0	1	499570	n/a
243.93896484375	0.3	0.0	1	499587	n/a
243.947265625	0.3	1.0	2	499604	n/a
243.9560546875	0.3	1.0	2	499622	n/a
243.96435546875	0.3	0.0	1	499639	n/a
243.97265625	0.3	0.0	1	499656	n/a
243.98095703125	0.3	1.0	2	499673	n/a
243.9892578125	0.3	0.0	1	499690	n/a
243.99755859375	0.3	1.0	2	499707	n/a
244.005859375	0.3	1.0	2	499724	n/a
244.01416015625	0.3	0.0	1	499741	n/a
244.0224609375	0.3	1.0	2	499758	n/a
244.03076171875	0.3	0.0	1	499775	n/a
244.0390625	0.3	1.0	2	499792	n/a
244.04736328125	0.3	0.0	1	499809	n/a
244.0556640625	0.3	0.0	1	499826	n/a
244.06396484375	0.3	1.0	2	499843	n/a
244.072265625	0.3	1.0	2	499860	n/a
244.0810546875	0.3	0.0	1	499878	n/a
244.08935546875	0.3	1.0	2	499895	n/a
244.09765625	0.3	0.0	1	499912	n/a
244.10595703125	0.3	1.0	2	499929	n/a
244.1142578125	0.3	0.0	1	499946	n/a
244.12255859375	0.3	0.0	1	499963	n/a
244.130859375	0.3	1.0	2	499980	n/a
244.13916015625	0.3	0.0	1	499997	n/a
244.1474609375	0.3	1.0	2	500014	n/a
244.15576171875	0.3	1.0	2	500031	n/a
244.1640625	0.3	0.0	1	500048	n/a
244.17236328125	0.3	1.0	2	500065	n/a
244.1806640625	0.3	0.0	1	500082	n/a
244.18896484375	0.3	1.0	2	500099	n/a
244.197265625	0.3	0.0	1	500116	n/a
244.2060546875	0.3	0.0	1	500134	n/a
244.21435546875	0.3	1.0	2	500151	n/a
244.22265625	0.3	0.0	1	500168	n/a
244.23095703125	0.3	1.0	2	500185	n/a
244.2392578125	0.3	1.0	2	500202	n/a
244.24755859375	0.3	0.0	1	500219	n/a
244.255859375	0.3	1.0	2	500236	n/a
244.26416015625	0.3	0.0	1	500253	n/a
244.2724609375	0.3	1.0	2	500270	n/a
244.28076171875	0.3	0.0	1	500287	n/a
244.2890625	0.3	1.0	2	500304	n/a
244.29736328125	0.3	0.0	1	500321	n/a
244.3056640625	0.3	0.0	1	500338	n/a
244.31396484375	0.3	1.0	2	500355	n/a
244.322265625	0.3	1.0	2	500372	n/a
244.3310546875	0.3	0.0	1	500390	n/a
244.33935546875	0.3	0.0	1	500407	n/a
244.34765625	0.3	1.0	2	500424	n/a
244.35595703125	0.3	1.0	2	500441	n/a
244.3642578125	0.3	0.0	1	500458	n/a
244.37255859375	0.3	0.0	1	500475	n/a
244.380859375	0.3	1.0	2	500492	n/a
244.38916015625	0.3	1.0	2	500509	n/a
244.3974609375	0.3	0.0	1	500526	n/a
244.40576171875	0.3	1.0	2	500543	n/a
244.4140625	0.3	0.0	1	500560	n/a
244.42236328125	0.3	0.0	1	500577	n/a
244.4306640625	0.3	1.0	2	500594	n/a
244.43896484375	0.3	1.0	2	500611	n/a
244.447265625	0.3	0.0	1	500628	n/a
244.4560546875	0.3	0.0	1	500646	n/a
244.46435546875	0.3	1.0	2	500663	n/a
244.47265625	0.3	1.0	2	500680	n/a
244.48095703125	0.3	0.0	1	500697	n/a
244.4892578125	0.3	0.0	1	500714	n/a
244.49755859375	0.3	1.0	2	500731	n/a
244.505859375	0.3	0.0	1	500748	n/a
244.51416015625	0.3	1.0	2	500765	n/a
244.5224609375	0.3	1.0	2	500782	n/a
244.53076171875	0.3	0.0	1	500799	n/a
244.5390625	0.3	0.0	1	500816	n/a
244.54736328125	0.3	1.0	2	500833	n/a
244.5556640625	0.3	0.0	1	500850	n/a
244.56396484375	0.3	1.0	2	500867	n/a
244.572265625	0.3	1.0	2	500884	n/a
244.5810546875	0.3	0.0	1	500902	n/a
244.58935546875	0.3	0.0	1	500919	n/a
244.59765625	0.3	1.0	2	500936	n/a
244.60595703125	0.3	0.0	1	500953	n/a
244.6142578125	0.3	1.0	2	500970	n/a
244.62255859375	0.3	1.0	2	500987	n/a
244.630859375	0.3	0.0	1	501004	n/a
244.63916015625	0.3	0.0	1	501021	n/a
244.6474609375	0.3	1.0	2	501038	n/a
244.65576171875	0.3	0.0	1	501055	n/a
244.6640625	0.3	1.0	2	501072	n/a
244.67236328125	0.3	0.0	1	501089	n/a
244.6806640625	0.3	1.0	2	501106	n/a
244.68896484375	0.3	1.0	2	501123	n/a
244.697265625	0.3	0.0	1	501140	n/a
244.7060546875	0.3	1.0	2	501158	n/a
244.71435546875	0.3	0.0	1	501175	n/a
244.72265625	0.3	0.0	1	501192	n/a
244.73095703125	0.3	1.0	2	501209	n/a
244.7392578125	0.3	1.0	2	501226	n/a
244.74755859375	0.3	0.0	1	501243	n/a
244.755859375	0.3	0.0	1	501260	n/a
244.76416015625	0.3	1.0	2	501277	n/a
244.7724609375	0.3	0.0	1	501294	n/a
244.78076171875	0.3	1.0	2	501311	n/a
244.7890625	0.3	1.0	2	501328	n/a
244.79736328125	0.3	0.0	1	501345	n/a
244.8056640625	0.3	0.0	1	501362	n/a
244.81396484375	0.3	1.0	2	501379	n/a
244.822265625	0.3	0.0	1	501396	n/a
244.8310546875	0.3	1.0	2	501414	n/a
244.83935546875	0.3	1.0	2	501431	n/a
244.84765625	0.3	0.0	1	501448	n/a
244.85595703125	0.3	0.0	1	501465	n/a
244.8642578125	0.3	1.0	2	501482	n/a
244.87255859375	0.3	1.0	2	501499	n/a
244.880859375	0.3	0.0	1	501516	n/a
244.88916015625	0.3	0.0	1	501533	n/a
244.8974609375	0.3	1.0	2	501550	n/a
244.90576171875	0.3	1.0	2	501567	n/a
244.9140625	0.3	0.0	1	501584	n/a
244.92236328125	0.3	0.0	1	501601	n/a
244.9306640625	0.3	1.0	2	501618	n/a
244.93896484375	0.3	0.0	1	501635	n/a
244.947265625	0.3	1.0	2	501652	n/a
244.9560546875	0.3	0.0	1	501670	n/a
244.96435546875	0.3	1.0	2	501687	n/a
244.97265625	0.3	1.0	2	501704	n/a
244.98095703125	0.3	0.0	1	501721	n/a
244.9892578125	0.3	0.0	1	501738	n/a
244.99755859375	0.3	1.0	2	501755	n/a
245.005859375	0.3	1.0	2	501772	n/a
245.01416015625	0.3	0.0	1	501789	n/a
245.0224609375	0.3	0.0	1	501806	n/a
245.03076171875	0.3	1.0	2	501823	n/a
245.0390625	0.3	0.0	1	501840	n/a
245.04736328125	0.3	1.0	2	501857	n/a
245.0556640625	0.3	1.0	2	501874	n/a
245.06396484375	0.3	0.0	1	501891	n/a
245.072265625	0.3	1.0	2	501908	n/a
245.0810546875	0.3	0.0	1	501926	n/a
245.08935546875	0.3	1.0	2	501943	n/a
245.09765625	0.3	0.0	1	501960	n/a
245.10595703125	0.3	0.0	1	501977	n/a
245.1142578125	0.3	1.0	2	501994	n/a
245.12255859375	0.3	1.0	2	502011	n/a
245.130859375	0.3	0.0	1	502028	n/a
245.13916015625	0.3	1.0	2	502045	n/a
245.1474609375	0.3	0.0	1	502062	n/a
245.15576171875	0.3	1.0	2	502079	n/a
245.1640625	0.3	0.0	1	502096	n/a
245.17236328125	0.3	0.0	1	502113	n/a
245.1806640625	0.3	1.0	2	502130	n/a
245.18896484375	0.3	0.0	1	502147	n/a
245.197265625	0.3	1.0	2	502164	n/a
245.2060546875	0.3	1.0	2	502182	n/a
245.21435546875	0.3	0.0	1	502199	n/a
245.22265625	0.3	1.0	2	502216	n/a
245.23095703125	0.3	0.0	1	502233	n/a
245.2392578125	0.3	1.0	2	502250	n/a
245.24755859375	0.3	0.0	1	502267	n/a
245.255859375	0.3	0.0	1	502284	n/a
245.26416015625	0.3	1.0	2	502301	n/a
245.2724609375	0.3	0.0	1	502318	n/a
245.28076171875	0.3	1.0	2	502335	n/a
245.2890625	0.3	1.0	2	502352	n/a
245.29736328125	0.3	0.0	1	502369	n/a
245.3056640625	0.3	1.0	2	502386	n/a
245.31396484375	0.3	0.0	1	502403	n/a
245.322265625	0.3	1.0	2	502420	n/a
245.3310546875	0.3	0.0	1	502438	n/a
245.33935546875	0.3	1.0	2	502455	n/a
245.34765625	0.3	0.0	1	502472	n/a
245.35595703125	0.3	0.0	1	502489	n/a
245.3642578125	0.3	1.0	2	502506	n/a
245.37255859375	0.3	1.0	2	502523	n/a
245.380859375	0.3	0.0	1	502540	n/a
245.38916015625	0.3	0.0	1	502557	n/a
245.3974609375	0.3	1.0	2	502574	n/a
245.40576171875	0.3	1.0	2	502591	n/a
245.4140625	0.3	0.0	1	502608	n/a
245.42236328125	0.3	0.0	1	502625	n/a
245.4306640625	0.3	1.0	2	502642	n/a
245.43896484375	0.3	1.0	2	502659	n/a
245.447265625	0.3	0.0	1	502676	n/a
245.4560546875	0.3	1.0	2	502694	n/a
245.46435546875	0.3	0.0	1	502711	n/a
245.47265625	0.3	0.0	1	502728	n/a
245.48095703125	0.3	1.0	2	502745	n/a
245.4892578125	0.3	1.0	2	502762	n/a
245.49755859375	0.3	0.0	1	502779	n/a
245.505859375	0.3	0.0	1	502796	n/a
245.51416015625	0.3	1.0	2	502813	n/a
245.5224609375	0.3	1.0	2	502830	n/a
245.53076171875	0.3	0.0	1	502847	n/a
245.5390625	0.3	0.0	1	502864	n/a
245.54736328125	0.3	1.0	2	502881	n/a
245.5556640625	0.3	0.0	1	502898	n/a
245.56396484375	0.3	1.0	2	502915	n/a
245.572265625	0.3	1.0	2	502932	n/a
245.5810546875	0.3	0.0	1	502950	n/a
245.58935546875	0.3	0.0	1	502967	n/a
245.59765625	0.3	1.0	2	502984	n/a
245.60595703125	0.3	0.0	1	503001	n/a
245.6142578125	0.3	1.0	2	503018	n/a
245.62255859375	0.3	1.0	2	503035	n/a
245.630859375	0.3	0.0	1	503052	n/a
245.63916015625	0.3	0.0	1	503069	n/a
245.6474609375	0.3	1.0	2	503086	n/a
245.65576171875	0.3	0.0	1	503103	n/a
245.6640625	0.3	1.0	2	503120	n/a
245.67236328125	0.3	1.0	2	503137	n/a
245.6806640625	0.3	0.0	1	503154	n/a
245.68896484375	0.3	0.0	1	503171	n/a
245.697265625	0.3	1.0	2	503188	n/a
245.7060546875	0.3	0.0	1	503206	n/a
245.71435546875	0.3	1.0	2	503223	n/a
245.72265625	0.3	0.0	1	503240	n/a
245.73095703125	0.3	1.0	2	503257	n/a
245.7392578125	0.3	1.0	2	503274	n/a
245.74755859375	0.3	0.0	1	503291	n/a
245.755859375	0.3	1.0	2	503308	n/a
245.76416015625	0.3	0.0	1	503325	n/a
245.7724609375	0.3	0.0	1	503342	n/a
245.78076171875	0.3	1.0	2	503359	n/a
245.7890625	0.3	1.0	2	503376	n/a
245.79736328125	0.3	0.0	1	503393	n/a
245.8056640625	0.3	0.0	1	503410	n/a
245.81396484375	0.3	1.0	2	503427	n/a
245.822265625	0.3	0.0	1	503444	n/a
245.8310546875	0.3	1.0	2	503462	n/a
245.83935546875	0.3	1.0	2	503479	n/a
245.84765625	0.3	0.0	1	503496	n/a
245.85595703125	0.3	0.0	1	503513	n/a
245.8642578125	0.3	1.0	2	503530	n/a
245.87255859375	0.3	0.0	1	503547	n/a
245.880859375	0.3	1.0	2	503564	n/a
245.88916015625	0.3	1.0	2	503581	n/a
245.8974609375	0.3	0.0	1	503598	n/a
245.90576171875	0.3	0.0	1	503615	n/a
245.9140625	0.3	1.0	2	503632	n/a
245.92236328125	0.3	1.0	2	503649	n/a
245.9306640625	0.3	0.0	1	503666	n/a
245.93896484375	0.3	0.0	1	503683	n/a
245.947265625	0.3	1.0	2	503700	n/a
245.9560546875	0.3	1.0	2	503718	n/a
245.96435546875	0.3	0.0	1	503735	n/a
245.97265625	0.3	0.0	1	503752	n/a
245.98095703125	0.3	1.0	2	503769	n/a
245.9892578125	0.3	0.0	1	503786	n/a
245.99755859375	0.3	1.0	2	503803	n/a
246.005859375	0.3	0.0	1	503820	n/a
246.01416015625	0.3	1.0	2	503837	n/a
246.0224609375	0.3	1.0	2	503854	n/a
246.03076171875	0.3	0.0	1	503871	n/a
246.0390625	0.3	0.0	1	503888	n/a
246.04736328125	0.3	1.0	2	503905	n/a
246.0556640625	0.3	1.0	2	503922	n/a
246.06396484375	0.3	0.0	1	503939	n/a
246.072265625	0.3	0.0	1	503956	n/a
246.0810546875	0.3	1.0	2	503974	n/a
248.47314453125	0.3	1.0	2	508873	27.0
248.4814453125	0.3	0.0	1	508890	n/a
248.48974609375	0.3	1.0	2	508907	n/a
248.498046875	0.3	0.0	1	508924	n/a
248.50634765625	0.3	0.0	1	508941	n/a
248.5146484375	0.3	1.0	2	508958	n/a
248.52294921875	0.3	1.0	2	508975	n/a
248.53125	0.3	0.0	1	508992	n/a
248.5400390625	0.3	1.0	2	509010	n/a
248.54833984375	0.3	0.0	1	509027	n/a
248.556640625	0.3	1.0	2	509044	n/a
248.56494140625	0.3	0.0	1	509061	n/a
248.5732421875	0.3	1.0	2	509078	n/a
248.58154296875	0.3	0.0	1	509095	n/a
248.58984375	0.3	1.0	2	509112	n/a
248.59814453125	0.3	0.0	1	509129	n/a
248.6064453125	0.3	1.0	2	509146	n/a
248.61474609375	0.3	0.0	1	509163	n/a
248.623046875	0.3	1.0	2	509180	n/a
248.63134765625	0.3	0.0	1	509197	n/a
248.6396484375	0.3	1.0	2	509214	n/a
248.64794921875	0.3	0.0	1	509231	n/a
248.65625	0.3	1.0	2	509248	n/a
248.6650390625	0.3	0.0	1	509266	n/a
248.67333984375	0.3	0.0	1	509283	n/a
248.681640625	0.3	1.0	2	509300	n/a
248.68994140625	0.3	1.0	2	509317	n/a
248.6982421875	0.3	0.0	1	509334	n/a
248.70654296875	0.3	1.0	2	509351	n/a
248.71484375	0.3	0.0	1	509368	n/a
248.72314453125	0.3	0.0	1	509385	n/a
248.7314453125	0.3	1.0	2	509402	n/a
248.73974609375	0.3	1.0	2	509419	n/a
248.748046875	0.3	0.0	1	509436	n/a
248.75634765625	0.3	0.0	1	509453	n/a
248.7646484375	0.3	1.0	2	509470	n/a
248.77294921875	0.3	0.0	1	509487	n/a
248.78125	0.3	1.0	2	509504	n/a
248.7900390625	0.3	1.0	2	509522	n/a
248.79833984375	0.3	0.0	1	509539	n/a
248.806640625	0.3	1.0	2	509556	n/a
248.81494140625	0.3	0.0	1	509573	n/a
248.8232421875	0.3	1.0	2	509590	n/a
248.83154296875	0.3	0.0	1	509607	n/a
248.83984375	0.3	1.0	2	509624	n/a
248.84814453125	0.3	0.0	1	509641	n/a
248.8564453125	0.3	1.0	2	509658	n/a
248.86474609375	0.3	0.0	1	509675	n/a
248.873046875	0.3	0.0	1	509692	n/a
248.88134765625	0.3	1.0	2	509709	n/a
248.8896484375	0.3	1.0	2	509726	n/a
248.89794921875	0.3	0.0	1	509743	n/a
248.90625	0.3	1.0	2	509760	n/a
248.9150390625	0.3	0.0	1	509778	n/a
248.92333984375	0.3	1.0	2	509795	n/a
248.931640625	0.3	0.0	1	509812	n/a
248.93994140625	0.3	0.0	1	509829	n/a
248.9482421875	0.3	1.0	2	509846	n/a
248.95654296875	0.3	0.0	1	509863	n/a
248.96484375	0.3	1.0	2	509880	n/a
248.97314453125	0.3	1.0	2	509897	n/a
248.9814453125	0.3	0.0	1	509914	n/a
248.98974609375	0.3	0.0	1	509931	n/a
248.998046875	0.3	1.0	2	509948	n/a
249.00634765625	0.3	0.0	1	509965	n/a
249.0146484375	0.3	1.0	2	509982	n/a
249.02294921875	0.3	1.0	2	509999	n/a
249.03125	0.3	0.0	1	510016	n/a
249.0400390625	0.3	0.0	1	510034	n/a
249.04833984375	0.3	1.0	2	510051	n/a
249.056640625	0.3	1.0	2	510068	n/a
249.06494140625	0.3	0.0	1	510085	n/a
249.0732421875	0.3	0.0	1	510102	n/a
249.08154296875	0.3	1.0	2	510119	n/a
249.08984375	0.3	1.0	2	510136	n/a
249.09814453125	0.3	0.0	1	510153	n/a
249.1064453125	0.3	1.0	2	510170	n/a
249.11474609375	0.3	0.0	1	510187	n/a
249.123046875	0.3	0.0	1	510204	n/a
249.13134765625	0.3	1.0	2	510221	n/a
249.1396484375	0.3	1.0	2	510238	n/a
249.14794921875	0.3	0.0	1	510255	n/a
249.15625	0.3	0.0	1	510272	n/a
249.1650390625	0.3	1.0	2	510290	n/a
249.17333984375	0.3	1.0	2	510307	n/a
249.181640625	0.3	0.0	1	510324	n/a
249.18994140625	0.3	1.0	2	510341	n/a
249.1982421875	0.3	0.0	1	510358	n/a
249.20654296875	0.3	0.0	1	510375	n/a
249.21484375	0.3	1.0	2	510392	n/a
249.22314453125	0.3	0.0	1	510409	n/a
249.2314453125	0.3	1.0	2	510426	n/a
249.23974609375	0.3	1.0	2	510443	n/a
249.248046875	0.3	0.0	1	510460	n/a
249.25634765625	0.3	1.0	2	510477	n/a
249.2646484375	0.3	0.0	1	510494	n/a
249.27294921875	0.3	1.0	2	510511	n/a
249.28125	0.3	0.0	1	510528	n/a
249.2900390625	0.3	0.0	1	510546	n/a
249.29833984375	0.3	1.0	2	510563	n/a
249.306640625	0.3	0.0	1	510580	n/a
249.31494140625	0.3	1.0	2	510597	n/a
249.3232421875	0.3	1.0	2	510614	n/a
249.33154296875	0.3	0.0	1	510631	n/a
249.33984375	0.3	0.0	1	510648	n/a
249.34814453125	0.3	1.0	2	510665	n/a
249.3564453125	0.3	0.0	1	510682	n/a
249.36474609375	0.3	1.0	2	510699	n/a
249.373046875	0.3	0.0	1	510716	n/a
249.38134765625	0.3	1.0	2	510733	n/a
249.3896484375	0.3	0.0	1	510750	n/a
249.39794921875	0.3	1.0	2	510767	n/a
249.40625	0.3	1.0	2	510784	n/a
249.4150390625	0.3	0.0	1	510802	n/a
249.42333984375	0.3	1.0	2	510819	n/a
249.431640625	0.3	0.0	1	510836	n/a
249.43994140625	0.3	1.0	2	510853	n/a
249.4482421875	0.3	0.0	1	510870	n/a
249.45654296875	0.3	0.0	1	510887	n/a
249.46484375	0.3	1.0	2	510904	n/a
249.47314453125	0.3	1.0	2	510921	n/a
249.4814453125	0.3	0.0	1	510938	n/a
249.48974609375	0.3	1.0	2	510955	n/a
249.498046875	0.3	0.0	1	510972	n/a
249.50634765625	0.3	0.0	1	510989	n/a
249.5146484375	0.3	1.0	2	511006	n/a
249.52294921875	0.3	1.0	2	511023	n/a
249.53125	0.3	0.0	1	511040	n/a
249.5400390625	0.3	1.0	2	511058	n/a
249.54833984375	0.3	0.0	1	511075	n/a
249.556640625	0.3	0.0	1	511092	n/a
249.56494140625	0.3	1.0	2	511109	n/a
249.5732421875	0.3	1.0	2	511126	n/a
249.58154296875	0.3	0.0	1	511143	n/a
249.58984375	0.3	1.0	2	511160	n/a
249.59814453125	0.3	0.0	1	511177	n/a
249.6064453125	0.3	1.0	2	511194	n/a
249.61474609375	0.3	0.0	1	511211	n/a
249.623046875	0.3	1.0	2	511228	n/a
249.63134765625	0.3	0.0	1	511245	n/a
249.6396484375	0.3	1.0	2	511262	n/a
249.64794921875	0.3	0.0	1	511279	n/a
249.65625	0.3	1.0	2	511296	n/a
249.6650390625	0.3	0.0	1	511314	n/a
249.67333984375	0.3	1.0	2	511331	n/a
249.681640625	0.3	0.0	1	511348	n/a
249.68994140625	0.3	1.0	2	511365	n/a
249.6982421875	0.3	0.0	1	511382	n/a
249.70654296875	0.3	1.0	2	511399	n/a
249.71484375	0.3	0.0	1	511416	n/a
249.72314453125	0.3	0.0	1	511433	n/a
249.7314453125	0.3	1.0	2	511450	n/a
249.73974609375	0.3	1.0	2	511467	n/a
249.748046875	0.3	0.0	1	511484	n/a
249.75634765625	0.3	1.0	2	511501	n/a
249.7646484375	0.3	0.0	1	511518	n/a
249.77294921875	0.3	0.0	1	511535	n/a
249.78125	0.3	1.0	2	511552	n/a
249.7900390625	0.3	1.0	2	511570	n/a
249.79833984375	0.3	0.0	1	511587	n/a
249.806640625	0.3	0.0	1	511604	n/a
249.81494140625	0.3	1.0	2	511621	n/a
249.8232421875	0.3	0.0	1	511638	n/a
249.83154296875	0.3	1.0	2	511655	n/a
249.83984375	0.3	1.0	2	511672	n/a
249.84814453125	0.3	0.0	1	511689	n/a
249.8564453125	0.3	1.0	2	511706	n/a
249.86474609375	0.3	0.0	1	511723	n/a
249.873046875	0.3	1.0	2	511740	n/a
249.88134765625	0.3	0.0	1	511757	n/a
249.8896484375	0.3	1.0	2	511774	n/a
249.89794921875	0.3	0.0	1	511791	n/a
249.90625	0.3	1.0	2	511808	n/a
249.9150390625	0.3	0.0	1	511826	n/a
249.92333984375	0.3	0.0	1	511843	n/a
249.931640625	0.3	1.0	2	511860	n/a
249.93994140625	0.3	1.0	2	511877	n/a
249.9482421875	0.3	0.0	1	511894	n/a
249.95654296875	0.3	1.0	2	511911	n/a
249.96484375	0.3	0.0	1	511928	n/a
249.97314453125	0.3	1.0	2	511945	n/a
249.9814453125	0.3	0.0	1	511962	n/a
249.98974609375	0.3	0.0	1	511979	n/a
249.998046875	0.3	1.0	2	511996	n/a
250.00634765625	0.3	0.0	1	512013	n/a
250.0146484375	0.3	1.0	2	512030	n/a
250.02294921875	0.3	1.0	2	512047	n/a
250.03125	0.3	0.0	1	512064	n/a
250.0400390625	0.3	0.0	1	512082	n/a
250.04833984375	0.3	1.0	2	512099	n/a
250.056640625	0.3	0.0	1	512116	n/a
250.06494140625	0.3	1.0	2	512133	n/a
250.0732421875	0.3	1.0	2	512150	n/a
250.08154296875	0.3	0.0	1	512167	n/a
250.08984375	0.3	0.0	1	512184	n/a
250.09814453125	0.3	1.0	2	512201	n/a
250.1064453125	0.3	1.0	2	512218	n/a
250.11474609375	0.3	0.0	1	512235	n/a
250.123046875	0.3	0.0	1	512252	n/a
250.13134765625	0.3	1.0	2	512269	n/a
250.1396484375	0.3	1.0	2	512286	n/a
250.14794921875	0.3	0.0	1	512303	n/a
250.15625	0.3	1.0	2	512320	n/a
250.1650390625	0.3	0.0	1	512338	n/a
250.17333984375	0.3	0.0	1	512355	n/a
250.181640625	0.3	1.0	2	512372	n/a
250.18994140625	0.3	1.0	2	512389	n/a
250.1982421875	0.3	0.0	1	512406	n/a
250.20654296875	0.3	0.0	1	512423	n/a
250.21484375	0.3	1.0	2	512440	n/a
250.22314453125	0.3	1.0	2	512457	n/a
250.2314453125	0.3	0.0	1	512474	n/a
250.23974609375	0.3	1.0	2	512491	n/a
250.248046875	0.3	0.0	1	512508	n/a
250.25634765625	0.3	0.0	1	512525	n/a
250.2646484375	0.3	1.0	2	512542	n/a
250.27294921875	0.3	0.0	1	512559	n/a
250.28125	0.3	1.0	2	512576	n/a
250.2900390625	0.3	1.0	2	512594	n/a
250.29833984375	0.3	0.0	1	512611	n/a
250.306640625	0.3	1.0	2	512628	n/a
250.31494140625	0.3	0.0	1	512645	n/a
250.3232421875	0.3	1.0	2	512662	n/a
250.33154296875	0.3	0.0	1	512679	n/a
250.33984375	0.3	0.0	1	512696	n/a
250.34814453125	0.3	1.0	2	512713	n/a
250.3564453125	0.3	0.0	1	512730	n/a
250.36474609375	0.3	1.0	2	512747	n/a
250.373046875	0.3	1.0	2	512764	n/a
250.38134765625	0.3	0.0	1	512781	n/a
250.3896484375	0.3	0.0	1	512798	n/a
250.39794921875	0.3	1.0	2	512815	n/a
250.40625	0.3	0.0	1	512832	n/a
250.4150390625	0.3	1.0	2	512850	n/a
250.42333984375	0.3	0.0	1	512867	n/a
250.431640625	0.3	1.0	2	512884	n/a
250.43994140625	0.3	0.0	1	512901	n/a
250.4482421875	0.3	1.0	2	512918	n/a
250.45654296875	0.3	1.0	2	512935	n/a
250.46484375	0.3	0.0	1	512952	n/a
250.47314453125	0.3	1.0	2	512969	n/a
250.4814453125	0.3	0.0	1	512986	n/a
250.48974609375	0.3	1.0	2	513003	n/a
250.498046875	0.3	0.0	1	513020	n/a
250.50634765625	0.3	0.0	1	513037	n/a
250.5146484375	0.3	1.0	2	513054	n/a
250.52294921875	0.3	1.0	2	513071	n/a
250.53125	0.3	0.0	1	513088	n/a
250.5400390625	0.3	1.0	2	513106	n/a
250.54833984375	0.3	0.0	1	513123	n/a
250.556640625	0.3	0.0	1	513140	n/a
250.56494140625	0.3	1.0	2	513157	n/a
250.5732421875	0.3	1.0	2	513174	n/a
250.58154296875	0.3	0.0	1	513191	n/a
250.58984375	0.3	1.0	2	513208	n/a
250.59814453125	0.3	0.0	1	513225	n/a
250.6064453125	0.3	0.0	1	513242	n/a
250.61474609375	0.3	1.0	2	513259	n/a
250.623046875	0.3	1.0	2	513276	n/a
250.63134765625	0.3	0.0	1	513293	n/a
250.6396484375	0.3	1.0	2	513310	n/a
250.64794921875	0.3	0.0	1	513327	n/a
250.65625	0.3	1.0	2	513344	n/a
250.6650390625	0.3	0.0	1	513362	n/a
250.67333984375	0.3	1.0	2	513379	n/a
250.681640625	0.3	0.0	1	513396	n/a
250.68994140625	0.3	1.0	2	513413	n/a
250.6982421875	0.3	0.0	1	513430	n/a
250.70654296875	0.3	1.0	2	513447	n/a
250.71484375	0.3	0.0	1	513464	n/a
250.72314453125	0.3	1.0	2	513481	n/a
250.7314453125	0.3	0.0	1	513498	n/a
250.73974609375	0.3	1.0	2	513515	n/a
250.748046875	0.3	0.0	1	513532	n/a
250.75634765625	0.3	1.0	2	513549	n/a
250.7646484375	0.3	0.0	1	513566	n/a
250.77294921875	0.3	0.0	1	513583	n/a
250.78125	0.3	1.0	2	513600	n/a
250.7900390625	0.3	1.0	2	513618	n/a
250.79833984375	0.3	0.0	1	513635	n/a
250.806640625	0.3	1.0	2	513652	n/a
250.81494140625	0.3	0.0	1	513669	n/a
250.8232421875	0.3	0.0	1	513686	n/a
250.83154296875	0.3	1.0	2	513703	n/a
250.83984375	0.3	1.0	2	513720	n/a
250.84814453125	0.3	0.0	1	513737	n/a
250.8564453125	0.3	0.0	1	513754	n/a
250.86474609375	0.3	1.0	2	513771	n/a
250.873046875	0.3	0.0	1	513788	n/a
250.88134765625	0.3	1.0	2	513805	n/a
250.8896484375	0.3	1.0	2	513822	n/a
250.89794921875	0.3	0.0	1	513839	n/a
250.90625	0.3	1.0	2	513856	n/a
250.9150390625	0.3	0.0	1	513874	n/a
250.92333984375	0.3	1.0	2	513891	n/a
250.931640625	0.3	0.0	1	513908	n/a
250.93994140625	0.3	1.0	2	513925	n/a
250.9482421875	0.3	0.0	1	513942	n/a
250.95654296875	0.3	1.0	2	513959	n/a
250.96484375	0.3	0.0	1	513976	n/a
250.97314453125	0.3	0.0	1	513993	n/a
250.9814453125	0.3	1.0	2	514010	n/a
250.98974609375	0.3	1.0	2	514027	n/a
250.998046875	0.3	0.0	1	514044	n/a
251.00634765625	0.3	1.0	2	514061	n/a
251.0146484375	0.3	0.0	1	514078	n/a
251.02294921875	0.3	1.0	2	514095	n/a
251.03125	0.3	0.0	1	514112	n/a
251.0400390625	0.3	0.0	1	514130	n/a
251.04833984375	0.3	1.0	2	514147	n/a
251.056640625	0.3	0.0	1	514164	n/a
251.06494140625	0.3	1.0	2	514181	n/a
251.0732421875	0.3	1.0	2	514198	n/a
251.08154296875	0.3	0.0	1	514215	n/a
251.08984375	0.3	0.0	1	514232	n/a
251.09814453125	0.3	1.0	2	514249	n/a
251.1064453125	0.3	0.0	1	514266	n/a
251.11474609375	0.3	1.0	2	514283	n/a
251.123046875	0.3	1.0	2	514300	n/a
251.13134765625	0.3	0.0	1	514317	n/a
251.1396484375	0.3	0.0	1	514334	n/a
251.14794921875	0.3	1.0	2	514351	n/a
251.15625	0.3	1.0	2	514368	n/a
251.1650390625	0.3	0.0	1	514386	n/a
251.17333984375	0.3	0.0	1	514403	n/a
251.181640625	0.3	1.0	2	514420	n/a
251.18994140625	0.3	1.0	2	514437	n/a
251.1982421875	0.3	0.0	1	514454	n/a
251.20654296875	0.3	1.0	2	514471	n/a
251.21484375	0.3	0.0	1	514488	n/a
251.22314453125	0.3	0.0	1	514505	n/a
251.2314453125	0.3	1.0	2	514522	n/a
251.23974609375	0.3	1.0	2	514539	n/a
251.248046875	0.3	0.0	1	514556	n/a
251.25634765625	0.3	0.0	1	514573	n/a
251.2646484375	0.3	1.0	2	514590	n/a
251.27294921875	0.3	1.0	2	514607	n/a
251.28125	0.3	0.0	1	514624	n/a
251.2900390625	0.3	1.0	2	514642	n/a
251.29833984375	0.3	0.0	1	514659	n/a
251.306640625	0.3	0.0	1	514676	n/a
251.31494140625	0.3	1.0	2	514693	n/a
251.3232421875	0.3	0.0	1	514710	n/a
251.33154296875	0.3	1.0	2	514727	n/a
251.33984375	0.3	1.0	2	514744	n/a
251.34814453125	0.3	0.0	1	514761	n/a
251.3564453125	0.3	1.0	2	514778	n/a
251.36474609375	0.3	0.0	1	514795	n/a
251.373046875	0.3	1.0	2	514812	n/a
251.38134765625	0.3	0.0	1	514829	n/a
251.3896484375	0.3	0.0	1	514846	n/a
251.39794921875	0.3	1.0	2	514863	n/a
251.40625	0.3	0.0	1	514880	n/a
251.4150390625	0.3	1.0	2	514898	n/a
251.42333984375	0.3	1.0	2	514915	n/a
251.431640625	0.3	0.0	1	514932	n/a
251.43994140625	0.3	0.0	1	514949	n/a
251.4482421875	0.3	1.0	2	514966	n/a
251.45654296875	0.3	0.0	1	514983	n/a
251.46484375	0.3	1.0	2	515000	n/a
251.47314453125	0.3	0.0	1	515017	n/a
251.4814453125	0.3	1.0	2	515034	n/a
251.48974609375	0.3	0.0	1	515051	n/a
251.498046875	0.3	1.0	2	515068	n/a
251.50634765625	0.3	1.0	2	515085	n/a
251.5146484375	0.3	0.0	1	515102	n/a
251.52294921875	0.3	1.0	2	515119	n/a
251.53125	0.3	0.0	1	515136	n/a
251.5400390625	0.3	1.0	2	515154	n/a
251.54833984375	0.3	0.0	1	515171	n/a
251.556640625	0.3	0.0	1	515188	n/a
251.56494140625	0.3	1.0	2	515205	n/a
251.5732421875	0.3	1.0	2	515222	n/a
251.58154296875	0.3	0.0	1	515239	n/a
251.58984375	0.3	1.0	2	515256	n/a
251.59814453125	0.3	0.0	1	515273	n/a
251.6064453125	0.3	0.0	1	515290	n/a
251.61474609375	0.3	1.0	2	515307	n/a
251.623046875	0.3	1.0	2	515324	n/a
251.63134765625	0.3	0.0	1	515341	n/a
251.6396484375	0.3	1.0	2	515358	n/a
251.64794921875	0.3	0.0	1	515375	n/a
251.65625	0.3	0.0	1	515392	n/a
251.6650390625	0.3	1.0	2	515410	n/a
251.67333984375	0.3	1.0	2	515427	n/a
251.681640625	0.3	0.0	1	515444	n/a
251.68994140625	0.3	1.0	2	515461	n/a
251.6982421875	0.3	0.0	1	515478	n/a
251.70654296875	0.3	1.0	2	515495	n/a
251.71484375	0.3	0.0	1	515512	n/a
251.72314453125	0.3	1.0	2	515529	n/a
251.7314453125	0.3	0.0	1	515546	n/a
251.73974609375	0.3	1.0	2	515563	n/a
251.748046875	0.3	0.0	1	515580	n/a
251.75634765625	0.3	1.0	2	515597	n/a
251.7646484375	0.3	0.0	1	515614	n/a
251.77294921875	0.3	1.0	2	515631	n/a
251.78125	0.3	0.0	1	515648	n/a
251.7900390625	0.3	1.0	2	515666	n/a
251.79833984375	0.3	0.0	1	515683	n/a
251.806640625	0.3	1.0	2	515700	n/a
251.81494140625	0.3	0.0	1	515717	n/a
251.8232421875	0.3	0.0	1	515734	n/a
251.83154296875	0.3	1.0	2	515751	n/a
251.83984375	0.3	1.0	2	515768	n/a
251.84814453125	0.3	0.0	1	515785	n/a
251.8564453125	0.3	1.0	2	515802	n/a
251.86474609375	0.3	0.0	1	515819	n/a
251.873046875	0.3	0.0	1	515836	n/a
251.88134765625	0.3	1.0	2	515853	n/a
251.8896484375	0.3	1.0	2	515870	n/a
251.89794921875	0.3	0.0	1	515887	n/a
251.90625	0.3	0.0	1	515904	n/a
251.9150390625	0.3	1.0	2	515922	n/a
251.92333984375	0.3	0.0	1	515939	n/a
251.931640625	0.3	1.0	2	515956	n/a
251.93994140625	0.3	1.0	2	515973	n/a
251.9482421875	0.3	0.0	1	515990	n/a
251.95654296875	0.3	1.0	2	516007	n/a
251.96484375	0.3	0.0	1	516024	n/a
251.97314453125	0.3	1.0	2	516041	n/a
251.9814453125	0.3	0.0	1	516058	n/a
251.98974609375	0.3	1.0	2	516075	n/a
251.998046875	0.3	0.0	1	516092	n/a
252.00634765625	0.3	1.0	2	516109	n/a
252.0146484375	0.3	0.0	1	516126	n/a
252.02294921875	0.3	0.0	1	516143	n/a
252.03125	0.3	1.0	2	516160	n/a
252.0400390625	0.3	1.0	2	516178	n/a
252.04833984375	0.3	0.0	1	516195	n/a
252.056640625	0.3	1.0	2	516212	n/a
252.06494140625	0.3	0.0	1	516229	n/a
252.0732421875	0.3	1.0	2	516246	n/a
252.08154296875	0.3	0.0	1	516263	n/a
252.08984375	0.3	0.0	1	516280	n/a
252.09814453125	0.3	1.0	2	516297	n/a
252.1064453125	0.3	0.0	1	516314	n/a
252.11474609375	0.3	1.0	2	516331	n/a
252.123046875	0.3	1.0	2	516348	n/a
252.13134765625	0.3	0.0	1	516365	n/a
252.1396484375	0.3	0.0	1	516382	n/a
252.14794921875	0.3	1.0	2	516399	n/a
252.15625	0.3	0.0	1	516416	n/a
252.1650390625	0.3	1.0	2	516434	n/a
252.17333984375	0.3	1.0	2	516451	n/a
252.181640625	0.3	0.0	1	516468	n/a
252.18994140625	0.3	0.0	1	516485	n/a
252.1982421875	0.3	1.0	2	516502	n/a
252.20654296875	0.3	1.0	2	516519	n/a
252.21484375	0.3	0.0	1	516536	n/a
252.22314453125	0.3	0.0	1	516553	n/a
252.2314453125	0.3	1.0	2	516570	n/a
252.23974609375	0.3	1.0	2	516587	n/a
252.248046875	0.3	0.0	1	516604	n/a
252.25634765625	0.3	1.0	2	516621	n/a
252.2646484375	0.3	0.0	1	516638	n/a
252.27294921875	0.3	0.0	1	516655	n/a
252.28125	0.3	1.0	2	516672	n/a
252.2900390625	0.3	1.0	2	516690	n/a
252.29833984375	0.3	0.0	1	516707	n/a
252.306640625	0.3	0.0	1	516724	n/a
252.31494140625	0.3	1.0	2	516741	n/a
252.3232421875	0.3	1.0	2	516758	n/a
252.33154296875	0.3	0.0	1	516775	n/a
252.33984375	0.3	1.0	2	516792	n/a
252.34814453125	0.3	0.0	1	516809	n/a
252.3564453125	0.3	0.0	1	516826	n/a
252.36474609375	0.3	1.0	2	516843	n/a
252.373046875	0.3	0.0	1	516860	n/a
252.38134765625	0.3	1.0	2	516877	n/a
252.3896484375	0.3	1.0	2	516894	n/a
252.39794921875	0.3	0.0	1	516911	n/a
252.40625	0.3	1.0	2	516928	n/a
252.4150390625	0.3	0.0	1	516946	n/a
252.42333984375	0.3	1.0	2	516963	n/a
252.431640625	0.3	0.0	1	516980	n/a
252.43994140625	0.3	0.0	1	516997	n/a
252.4482421875	0.3	1.0	2	517014	n/a
252.45654296875	0.3	0.0	1	517031	n/a
252.46484375	0.3	1.0	2	517048	n/a
252.47314453125	0.3	1.0	2	517065	n/a
252.4814453125	0.3	0.0	1	517082	n/a
252.48974609375	0.3	0.0	1	517099	n/a
252.498046875	0.3	1.0	2	517116	n/a
252.50634765625	0.3	0.0	1	517133	n/a
252.5146484375	0.3	1.0	2	517150	n/a
252.52294921875	0.3	0.0	1	517167	n/a
252.53125	0.3	1.0	2	517184	n/a
252.5400390625	0.3	0.0	1	517202	n/a
252.54833984375	0.3	1.0	2	517219	n/a
252.556640625	0.3	1.0	2	517236	n/a
252.56494140625	0.3	0.0	1	517253	n/a
252.5732421875	0.3	1.0	2	517270	n/a
252.58154296875	0.3	0.0	1	517287	n/a
252.58984375	0.3	1.0	2	517304	n/a
252.59814453125	0.3	0.0	1	517321	n/a
252.6064453125	0.3	0.0	1	517338	n/a
252.61474609375	0.3	1.0	2	517355	n/a
252.623046875	0.3	1.0	2	517372	n/a
252.63134765625	0.3	0.0	1	517389	n/a
252.6396484375	0.3	1.0	2	517406	n/a
252.64794921875	0.3	0.0	1	517423	n/a
252.65625	0.3	0.0	1	517440	n/a
252.6650390625	0.3	1.0	2	517458	n/a
