onset	duration	trial_type	value	sample	trial_id
17.41796875	0.3	0.0	1	35672	22.0
17.42626953125	0.3	1.0	2	35689	n/a
17.4345703125	0.3	1.0	2	35706	n/a
17.44287109375	0.3	0.0	1	35723	n/a
17.451171875	0.3	1.0	2	35740	n/a
17.45947265625	0.3	0.0	1	35757	n/a
17.4677734375	0.3	0.0	1	35774	n/a
17.47607421875	0.3	1.0	2	35791	n/a
17.48486328125	0.3	0.0	1	35809	n/a
17.4931640625	0.3	1.0	2	35826	n/a
17.50146484375	0.3	0.0	1	35843	n/a
17.509765625	0.3	1.0	2	35860	n/a
17.51806640625	0.3	0.0	1	35877	n/a
17.5263671875	0.3	1.0	2	35894	n/a
17.53466796875	0.3	0.0	1	35911	n/a
17.54296875	0.3	1.0	2	35928	n/a
17.55126953125	0.3	1.0	2	35945	n/a
17.5595703125	0.3	0.0	1	35962	n/a
17.56787109375	0.3	1.0	2	35979	n/a
17.576171875	0.3	0.0	1	35996	n/a
17.58447265625	0.3	0.0	1	36013	n/a
17.5927734375	0.3	1.0	2	36030	n/a
17.60107421875	0.3	1.0	2	36047	n/a
17.60986328125	0.3	0.0	1	36065	n/a
17.6181640625	0.3	1.0	2	36082	n/a
17.62646484375	0.3	0.0	1	36099	n/a
17.634765625	0.3	1.0	2	36116	n/a
17.64306640625	0.3	0.0	1	36133	n/a
17.6513671875	0.3	0.0	1	36150	n/a
17.65966796875	0.3	1.0	2	36167	n/a
17.66796875	0.3	0.0	1	36184	n/a
17.67626953125	0.3	1.0	2	36201	n/a
17.6845703125	0.3	1.0	2	36218	n/a
17.69287109375	0.3	0.0	1	36235	n/a
17.701171875	0.3	0.0	1	36252	n/a
17.70947265625	0.3	1.0	2	36269	n/a
17.7177734375	0.3	1.0	2	36286	n/a
17.72607421875	0.3	0.0	1	36303	n/a
17.73486328125	0.3	0.0	1	36321	n/a
17.7431640625	0.3	1.0	2	36338	n/a
17.75146484375	0.3	1.0	2	36355	n/a
17.759765625	0.3	0.0	1	36372	n/a
17.76806640625	0.3	1.0	2	36389	n/a
17.7763671875	0.3	0.0	1	36406	n/a
17.78466796875	0.3	0.0	1	36423	n/a
17.79296875	0.3	1.0	2	36440	n/a
17.80126953125	0.3	0.0	1	36457	n/a
17.8095703125	0.3	1.0	2	36474	n/a
17.81787109375	0.3	1.0	2	36491	n/a
17.826171875	0.3	0.0	1	36508	n/a
17.83447265625	0.3	0.0	1	36525	n/a
17.8427734375	0.3	1.0	2	36542	n/a
17.85107421875	0.3	1.0	2	36559	n/a
17.85986328125	0.3	0.0	1	36577	n/a
17.8681640625	0.3	0.0	1	36594	n/a
17.87646484375	0.3	1.0	2	36611	n/a
17.884765625	0.3	1.0	2	36628	n/a
17.89306640625	0.3	0.0	1	36645	n/a
17.9013671875	0.3	1.0	2	36662	n/a
17.90966796875	0.3	0.0	1	36679	n/a
17.91796875	0.3	1.0	2	36696	n/a
17.92626953125	0.3	0.0	1	36713	n/a
17.9345703125	0.3	1.0	2	36730	n/a
17.94287109375	0.3	0.0	1	36747	n/a
17.951171875	0.3	0.0	1	36764	n/a
17.95947265625	0.3	1.0	2	36781	n/a
17.9677734375	0.3	0.0	1	36798	n/a
17.97607421875	0.3	1.0	2	36815	n/a
17.98486328125	0.3	1.0	2	36833	n/a
17.9931640625	0.3	0.0	1	36850	n/a
18.00146484375	0.3	1.0	2	36867	n/a
18.009765625	0.3	0.0	1	36884	n/a
18.01806640625	0.3	1.0	2	36901	n/a
18.0263671875	0.3	0.0	1	36918	n/a
18.03466796875	0.3	1.0	2	36935	n/a
18.04296875	0.3	0.0	1	36952	n/a
18.05126953125	0.3	1.0	2	36969	n/a
18.0595703125	0.3	0.0	1	36986	n/a
18.06787109375	0.3	1.0	2	37003	n/a
18.076171875	0.3	0.0	1	37020	n/a
18.08447265625	0.3	0.0	1	37037	n/a
18.0927734375	0.3	1.0	2	37054	n/a
18.10107421875	0.3	0.0	1	37071	n/a
18.10986328125	0.3	1.0	2	37089	n/a
18.1181640625	0.3	0.0	1	37106	n/a
18.12646484375	0.3	1.0	2	37123	n/a
18.134765625	0.3	0.0	1	37140	n/a
18.14306640625	0.3	1.0	2	37157	n/a
18.1513671875	0.3	0.0	1	37174	n/a
18.15966796875	0.3	1.0	2	37191	n/a
18.16796875	0.3	0.0	1	37208	n/a
18.17626953125	0.3	1.0	2	37225	n/a
18.1845703125	0.3	1.0	2	37242	n/a
18.19287109375	0.3	0.0	1	37259	n/a
18.201171875	0.3	0.0	1	37276	n/a
18.20947265625	0.3	1.0	2	37293	n/a
18.2177734375	0.3	1.0	2	37310	n/a
18.22607421875	0.3	0.0	1	37327	n/a
18.23486328125	0.3	0.0	1	37345	n/a
18.2431640625	0.3	1.0	2	37362	n/a
18.25146484375	0.3	1.0	2	37379	n/a
18.259765625	0.3	0.0	1	37396	n/a
18.26806640625	0.3	1.0	2	37413	n/a
18.2763671875	0.3	0.0	1	37430	n/a
18.28466796875	0.3	0.0	1	37447	n/a
18.29296875	0.3	1.0	2	37464	n/a
18.30126953125	0.3	0.0	1	37481	n/a
18.3095703125	0.3	1.0	2	37498	n/a
18.31787109375	0.3	0.0	1	37515	n/a
18.326171875	0.3	1.0	2	37532	n/a
18.33447265625	0.3	1.0	2	37549	n/a
18.3427734375	0.3	0.0	1	37566	n/a
18.35107421875	0.3	0.0	1	37583	n/a
18.35986328125	0.3	1.0	2	37601	n/a
18.3681640625	0.3	0.0	1	37618	n/a
18.37646484375	0.3	1.0	2	37635	n/a
18.384765625	0.3	1.0	2	37652	n/a
18.39306640625	0.3	0.0	1	37669	n/a
18.4013671875	0.3	0.0	1	37686	n/a
18.40966796875	0.3	1.0	2	37703	n/a
18.41796875	0.3	1.0	2	37720	n/a
18.42626953125	0.3	0.0	1	37737	n/a
18.4345703125	0.3	1.0	2	37754	n/a
18.44287109375	0.3	0.0	1	37771	n/a
18.451171875	0.3	0.0	1	37788	n/a
18.45947265625	0.3	1.0	2	37805	n/a
18.4677734375	0.3	0.0	1	37822	n/a
18.47607421875	0.3	1.0	2	37839	n/a
18.48486328125	0.3	1.0	2	37857	n/a
18.4931640625	0.3	0.0	1	37874	n/a
18.50146484375	0.3	1.0	2	37891	n/a
18.509765625	0.3	0.0	1	37908	n/a
18.51806640625	0.3	0.0	1	37925	n/a
18.5263671875	0.3	1.0	2	37942	n/a
18.53466796875	0.3	0.0	1	37959	n/a
18.54296875	0.3	1.0	2	37976	n/a
18.55126953125	0.3	0.0	1	37993	n/a
18.5595703125	0.3	1.0	2	38010	n/a
18.56787109375	0.3	0.0	1	38027	n/a
18.576171875	0.3	1.0	2	38044	n/a
18.58447265625	0.3	0.0	1	38061	n/a
18.5927734375	0.3	1.0	2	38078	n/a
18.60107421875	0.3	1.0	2	38095	n/a
18.60986328125	0.3	0.0	1	38113	n/a
18.6181640625	0.3	1.0	2	38130	n/a
18.62646484375	0.3	0.0	1	38147	n/a
18.634765625	0.3	0.0	1	38164	n/a
18.64306640625	0.3	1.0	2	38181	n/a
18.6513671875	0.3	1.0	2	38198	n/a
18.65966796875	0.3	0.0	1	38215	n/a
18.66796875	0.3	1.0	2	38232	n/a
18.67626953125	0.3	0.0	1	38249	n/a
18.6845703125	0.3	1.0	2	38266	n/a
18.69287109375	0.3	0.0	1	38283	n/a
18.701171875	0.3	0.0	1	38300	n/a
18.70947265625	0.3	1.0	2	38317	n/a
18.7177734375	0.3	0.0	1	38334	n/a
18.72607421875	0.3	1.0	2	38351	n/a
18.73486328125	0.3	1.0	2	38369	n/a
18.7431640625	0.3	0.0	1	38386	n/a
18.75146484375	0.3	0.0	1	38403	n/a
18.759765625	0.3	1.0	2	38420	n/a
18.76806640625	0.3	1.0	2	38437	n/a
18.7763671875	0.3	0.0	1	38454	n/a
18.78466796875	0.3	0.0	1	38471	n/a
18.79296875	0.3	1.0	2	38488	n/a
18.80126953125	0.3	1.0	2	38505	n/a
18.8095703125	0.3	0.0	1	38522	n/a
18.81787109375	0.3	1.0	2	38539	n/a
18.826171875	0.3	0.0	1	38556	n/a
18.83447265625	0.3	0.0	1	38573	n/a
18.8427734375	0.3	1.0	2	38590	n/a
18.85107421875	0.3	0.0	1	38607	n/a
18.85986328125	0.3	1.0	2	38625	n/a
18.8681640625	0.3	1.0	2	38642	n/a
18.87646484375	0.3	0.0	1	38659	n/a
18.884765625	0.3	0.0	1	38676	n/a
18.89306640625	0.3	1.0	2	38693	n/a
18.9013671875	0.3	1.0	2	38710	n/a
18.90966796875	0.3	0.0	1	38727	n/a
18.91796875	0.3	0.0	1	38744	n/a
18.92626953125	0.3	1.0	2	38761	n/a
18.9345703125	0.3	1.0	2	38778	n/a
18.94287109375	0.3	0.0	1	38795	n/a
18.951171875	0.3	1.0	2	38812	n/a
18.95947265625	0.3	0.0	1	38829	n/a
18.9677734375	0.3	1.0	2	38846	n/a
18.97607421875	0.3	0.0	1	38863	n/a
18.98486328125	0.3	1.0	2	38881	n/a
18.9931640625	0.3	0.0	1	38898	n/a
19.00146484375	0.3	0.0	1	38915	n/a
19.009765625	0.3	1.0	2	38932	n/a
19.01806640625	0.3	0.0	1	38949	n/a
19.0263671875	0.3	1.0	2	38966	n/a
19.03466796875	0.3	1.0	2	38983	n/a
19.04296875	0.3	0.0	1	39000	n/a
19.05126953125	0.3	1.0	2	39017	n/a
19.0595703125	0.3	0.0	1	39034	n/a
19.06787109375	0.3	1.0	2	39051	n/a
19.076171875	0.3	0.0	1	39068	n/a
19.08447265625	0.3	1.0	2	39085	n/a
19.0927734375	0.3	0.0	1	39102	n/a
19.10107421875	0.3	1.0	2	39119	n/a
19.10986328125	0.3	0.0	1	39137	n/a
19.1181640625	0.3	1.0	2	39154	n/a
19.12646484375	0.3	0.0	1	39171	n/a
19.134765625	0.3	0.0	1	39188	n/a
19.14306640625	0.3	1.0	2	39205	n/a
19.1513671875	0.3	0.0	1	39222	n/a
19.15966796875	0.3	1.0	2	39239	n/a
19.16796875	0.3	0.0	1	39256	n/a
19.17626953125	0.3	1.0	2	39273	n/a
19.1845703125	0.3	0.0	1	39290	n/a
19.19287109375	0.3	1.0	2	39307	n/a
19.201171875	0.3	0.0	1	39324	n/a
19.20947265625	0.3	1.0	2	39341	n/a
19.2177734375	0.3	0.0	1	39358	n/a
19.22607421875	0.3	1.0	2	39375	n/a
19.23486328125	0.3	1.0	2	39393	n/a
19.2431640625	0.3	0.0	1	39410	n/a
19.25146484375	0.3	0.0	1	39427	n/a
19.259765625	0.3	1.0	2	39444	n/a
19.26806640625	0.3	1.0	2	39461	n/a
19.2763671875	0.3	0.0	1	39478	n/a
19.28466796875	0.3	0.0	1	39495	n/a
19.29296875	0.3	1.0	2	39512	n/a
19.30126953125	0.3	1.0	2	39529	n/a
19.3095703125	0.3	0.0	1	39546	n/a
19.31787109375	0.3	1.0	2	39563	n/a
19.326171875	0.3	0.0	1	39580	n/a
19.33447265625	0.3	0.0	1	39597	n/a
19.3427734375	0.3	1.0	2	39614	n/a
19.35107421875	0.3	0.0	1	39631	n/a
19.35986328125	0.3	1.0	2	39649	n/a
19.3681640625	0.3	0.0	1	39666	n/a
19.37646484375	0.3	1.0	2	39683	n/a
19.384765625	0.3	1.0	2	39700	n/a
19.39306640625	0.3	0.0	1	39717	n/a
19.4013671875	0.3	0.0	1	39734	n/a
19.40966796875	0.3	1.0	2	39751	n/a
19.41796875	0.3	0.0	1	39768	n/a
19.42626953125	0.3	1.0	2	39785	n/a
19.4345703125	0.3	1.0	2	39802	n/a
19.44287109375	0.3	0.0	1	39819	n/a
19.451171875	0.3	0.0	1	39836	n/a
19.45947265625	0.3	1.0	2	39853	n/a
19.4677734375	0.3	1.0	2	39870	n/a
19.47607421875	0.3	0.0	1	39887	n/a
19.48486328125	0.3	1.0	2	39905	n/a
19.4931640625	0.3	0.0	1	39922	n/a
19.50146484375	0.3	0.0	1	39939	n/a
19.509765625	0.3	1.0	2	39956	n/a
19.51806640625	0.3	0.0	1	39973	n/a
19.5263671875	0.3	1.0	2	39990	n/a
19.53466796875	0.3	1.0	2	40007	n/a
19.54296875	0.3	0.0	1	40024	n/a
19.55126953125	0.3	1.0	2	40041	n/a
19.5595703125	0.3	0.0	1	40058	n/a
19.56787109375	0.3	0.0	1	40075	n/a
19.576171875	0.3	1.0	2	40092	n/a
19.58447265625	0.3	0.0	1	40109	n/a
19.5927734375	0.3	1.0	2	40126	n/a
19.60107421875	0.3	0.0	1	40143	n/a
19.60986328125	0.3	1.0	2	40161	n/a
19.6181640625	0.3	0.0	1	40178	n/a
19.62646484375	0.3	1.0	2	40195	n/a
19.634765625	0.3	0.0	1	40212	n/a
19.64306640625	0.3	1.0	2	40229	n/a
19.6513671875	0.3	1.0	2	40246	n/a
19.65966796875	0.3	0.0	1	40263	n/a
19.66796875	0.3	1.0	2	40280	n/a
19.67626953125	0.3	0.0	1	40297	n/a
19.6845703125	0.3	0.0	1	40314	n/a
19.69287109375	0.3	1.0	2	40331	n/a
19.701171875	0.3	1.0	2	40348	n/a
19.70947265625	0.3	0.0	1	40365	n/a
19.7177734375	0.3	1.0	2	40382	n/a
19.72607421875	0.3	0.0	1	40399	n/a
19.73486328125	0.3	1.0	2	40417	n/a
19.7431640625	0.3	0.0	1	40434	n/a
19.75146484375	0.3	0.0	1	40451	n/a
19.759765625	0.3	1.0	2	40468	n/a
19.76806640625	0.3	0.0	1	40485	n/a
19.7763671875	0.3	1.0	2	40502	n/a
19.78466796875	0.3	1.0	2	40519	n/a
19.79296875	0.3	0.0	1	40536	n/a
19.80126953125	0.3	0.0	1	40553	n/a
19.8095703125	0.3	1.0	2	40570	n/a
19.81787109375	0.3	1.0	2	40587	n/a
19.826171875	0.3	0.0	1	40604	n/a
19.83447265625	0.3	0.0	1	40621	n/a
19.8427734375	0.3	1.0	2	40638	n/a
19.85107421875	0.3	1.0	2	40655	n/a
19.85986328125	0.3	0.0	1	40673	n/a
19.8681640625	0.3	1.0	2	40690	n/a
19.87646484375	0.3	0.0	1	40707	n/a
19.884765625	0.3	0.0	1	40724	n/a
19.89306640625	0.3	1.0	2	40741	n/a
19.9013671875	0.3	0.0	1	40758	n/a
19.90966796875	0.3	1.0	2	40775	n/a
19.91796875	0.3	1.0	2	40792	n/a
19.92626953125	0.3	0.0	1	40809	n/a
19.9345703125	0.3	0.0	1	40826	n/a
19.94287109375	0.3	1.0	2	40843	n/a
19.951171875	0.3	1.0	2	40860	n/a
19.95947265625	0.3	0.0	1	40877	n/a
19.9677734375	0.3	0.0	1	40894	n/a
19.97607421875	0.3	1.0	2	40911	n/a
19.98486328125	0.3	1.0	2	40929	n/a
19.9931640625	0.3	0.0	1	40946	n/a
20.00146484375	0.3	1.0	2	40963	n/a
20.009765625	0.3	0.0	1	40980	n/a
20.01806640625	0.3	1.0	2	40997	n/a
20.0263671875	0.3	0.0	1	41014	n/a
20.03466796875	0.3	1.0	2	41031	n/a
20.04296875	0.3	0.0	1	41048	n/a
20.05126953125	0.3	0.0	1	41065	n/a
20.0595703125	0.3	1.0	2	41082	n/a
20.06787109375	0.3	0.0	1	41099	n/a
20.076171875	0.3	1.0	2	41116	n/a
20.08447265625	0.3	1.0	2	41133	n/a
20.0927734375	0.3	0.0	1	41150	n/a
20.10107421875	0.3	1.0	2	41167	n/a
20.10986328125	0.3	0.0	1	41185	n/a
20.1181640625	0.3	1.0	2	41202	n/a
20.12646484375	0.3	0.0	1	41219	n/a
20.134765625	0.3	1.0	2	41236	n/a
20.14306640625	0.3	0.0	1	41253	n/a
20.1513671875	0.3	1.0	2	41270	n/a
20.15966796875	0.3	0.0	1	41287	n/a
20.16796875	0.3	1.0	2	41304	n/a
20.17626953125	0.3	0.0	1	41321	n/a
20.1845703125	0.3	0.0	1	41338	n/a
20.19287109375	0.3	1.0	2	41355	n/a
20.201171875	0.3	0.0	1	41372	n/a
20.20947265625	0.3	1.0	2	41389	n/a
20.2177734375	0.3	0.0	1	41406	n/a
20.22607421875	0.3	1.0	2	41423	n/a
20.23486328125	0.3	0.0	1	41441	n/a
20.2431640625	0.3	1.0	2	41458	n/a
20.25146484375	0.3	0.0	1	41475	n/a
20.259765625	0.3	1.0	2	41492	n/a
20.26806640625	0.3	0.0	1	41509	n/a
20.2763671875	0.3	1.0	2	41526	n/a
20.28466796875	0.3	1.0	2	41543	n/a
20.29296875	0.3	0.0	1	41560	n/a
20.30126953125	0.3	0.0	1	41577	n/a
20.3095703125	0.3	1.0	2	41594	n/a
20.31787109375	0.3	1.0	2	41611	n/a
20.326171875	0.3	0.0	1	41628	n/a
20.33447265625	0.3	0.0	1	41645	n/a
20.3427734375	0.3	1.0	2	41662	n/a
20.35107421875	0.3	1.0	2	41679	n/a
20.35986328125	0.3	0.0	1	41697	n/a
20.3681640625	0.3	1.0	2	41714	n/a
20.37646484375	0.3	0.0	1	41731	n/a
20.384765625	0.3	0.0	1	41748	n/a
20.39306640625	0.3	1.0	2	41765	n/a
20.4013671875	0.3	0.0	1	41782	n/a
20.40966796875	0.3	1.0	2	41799	n/a
20.41796875	0.3	0.0	1	41816	n/a
20.42626953125	0.3	1.0	2	41833	n/a
20.4345703125	0.3	1.0	2	41850	n/a
20.44287109375	0.3	0.0	1	41867	n/a
20.451171875	0.3	0.0	1	41884	n/a
20.45947265625	0.3	1.0	2	41901	n/a
20.4677734375	0.3	0.0	1	41918	n/a
20.47607421875	0.3	1.0	2	41935	n/a
20.48486328125	0.3	1.0	2	41953	n/a
20.4931640625	0.3	0.0	1	41970	n/a
20.50146484375	0.3	0.0	1	41987	n/a
20.509765625	0.3	1.0	2	42004	n/a
20.51806640625	0.3	1.0	2	42021	n/a
20.5263671875	0.3	0.0	1	42038	n/a
20.53466796875	0.3	1.0	2	42055	n/a
20.54296875	0.3	0.0	1	42072	n/a
20.55126953125	0.3	0.0	1	42089	n/a
20.5595703125	0.3	1.0	2	42106	n/a
20.56787109375	0.3	0.0	1	42123	n/a
20.576171875	0.3	1.0	2	42140	n/a
20.58447265625	0.3	1.0	2	42157	n/a
20.5927734375	0.3	0.0	1	42174	n/a
20.60107421875	0.3	1.0	2	42191	n/a
20.60986328125	0.3	0.0	1	42209	n/a
20.6181640625	0.3	0.0	1	42226	n/a
20.62646484375	0.3	1.0	2	42243	n/a
20.634765625	0.3	0.0	1	42260	n/a
20.64306640625	0.3	1.0	2	42277	n/a
20.6513671875	0.3	0.0	1	42294	n/a
20.65966796875	0.3	1.0	2	42311	n/a
20.66796875	0.3	0.0	1	42328	n/a
20.67626953125	0.3	1.0	2	42345	n/a
20.6845703125	0.3	0.0	1	42362	n/a
20.69287109375	0.3	1.0	2	42379	n/a
20.701171875	0.3	1.0	2	42396	n/a
20.70947265625	0.3	0.0	1	42413	n/a
20.7177734375	0.3	1.0	2	42430	n/a
20.72607421875	0.3	0.0	1	42447	n/a
20.73486328125	0.3	0.0	1	42465	n/a
20.7431640625	0.3	1.0	2	42482	n/a
20.75146484375	0.3	1.0	2	42499	n/a
20.759765625	0.3	0.0	1	42516	n/a
20.76806640625	0.3	1.0	2	42533	n/a
20.7763671875	0.3	0.0	1	42550	n/a
20.78466796875	0.3	1.0	2	42567	n/a
20.79296875	0.3	0.0	1	42584	n/a
20.80126953125	0.3	0.0	1	42601	n/a
20.8095703125	0.3	1.0	2	42618	n/a
20.81787109375	0.3	0.0	1	42635	n/a
20.826171875	0.3	1.0	2	42652	n/a
20.83447265625	0.3	1.0	2	42669	n/a
20.8427734375	0.3	0.0	1	42686	n/a
20.85107421875	0.3	0.0	1	42703	n/a
20.85986328125	0.3	1.0	2	42721	n/a
20.8681640625	0.3	1.0	2	42738	n/a
20.87646484375	0.3	0.0	1	42755	n/a
20.884765625	0.3	0.0	1	42772	n/a
20.89306640625	0.3	1.0	2	42789	n/a
20.9013671875	0.3	1.0	2	42806	n/a
20.90966796875	0.3	0.0	1	42823	n/a
20.91796875	0.3	1.0	2	42840	n/a
20.92626953125	0.3	0.0	1	42857	n/a
20.9345703125	0.3	0.0	1	42874	n/a
20.94287109375	0.3	1.0	2	42891	n/a
20.951171875	0.3	0.0	1	42908	n/a
20.95947265625	0.3	1.0	2	42925	n/a
20.9677734375	0.3	1.0	2	42942	n/a
20.97607421875	0.3	0.0	1	42959	n/a
20.98486328125	0.3	0.0	1	42977	n/a
20.9931640625	0.3	1.0	2	42994	n/a
21.00146484375	0.3	1.0	2	43011	n/a
21.009765625	0.3	0.0	1	43028	n/a
21.01806640625	0.3	0.0	1	43045	n/a
21.0263671875	0.3	1.0	2	43062	n/a
21.03466796875	0.3	1.0	2	43079	n/a
21.04296875	0.3	0.0	1	43096	n/a
21.05126953125	0.3	1.0	2	43113	n/a
21.0595703125	0.3	0.0	1	43130	n/a
21.06787109375	0.3	1.0	2	43147	n/a
21.076171875	0.3	0.0	1	43164	n/a
21.08447265625	0.3	1.0	2	43181	n/a
21.0927734375	0.3	0.0	1	43198	n/a
21.10107421875	0.3	0.0	1	43215	n/a
21.10986328125	0.3	1.0	2	43233	n/a
21.1181640625	0.3	0.0	1	43250	n/a
21.12646484375	0.3	1.0	2	43267	n/a
21.134765625	0.3	1.0	2	43284	n/a
21.14306640625	0.3	0.0	1	43301	n/a
21.1513671875	0.3	1.0	2	43318	n/a
21.15966796875	0.3	0.0	1	43335	n/a
21.16796875	0.3	1.0	2	43352	n/a
21.17626953125	0.3	0.0	1	43369	n/a
21.1845703125	0.3	1.0	2	43386	n/a
21.19287109375	0.3	0.0	1	43403	n/a
21.201171875	0.3	1.0	2	43420	n/a
21.20947265625	0.3	0.0	1	43437	n/a
21.2177734375	0.3	1.0	2	43454	n/a
21.22607421875	0.3	0.0	1	43471	n/a
21.23486328125	0.3	0.0	1	43489	n/a
21.2431640625	0.3	1.0	2	43506	n/a
21.25146484375	0.3	0.0	1	43523	n/a
21.259765625	0.3	1.0	2	43540	n/a
21.26806640625	0.3	0.0	1	43557	n/a
21.2763671875	0.3	1.0	2	43574	n/a
21.28466796875	0.3	0.0	1	43591	n/a
21.29296875	0.3	1.0	2	43608	n/a
21.30126953125	0.3	0.0	1	43625	n/a
21.3095703125	0.3	1.0	2	43642	n/a
21.31787109375	0.3	0.0	1	43659	n/a
21.326171875	0.3	1.0	2	43676	n/a
21.33447265625	0.3	1.0	2	43693	n/a
21.3427734375	0.3	0.0	1	43710	n/a
21.35107421875	0.3	0.0	1	43727	n/a
21.35986328125	0.3	1.0	2	43745	n/a
21.3681640625	0.3	1.0	2	43762	n/a
21.37646484375	0.3	0.0	1	43779	n/a
21.384765625	0.3	0.0	1	43796	n/a
21.39306640625	0.3	1.0	2	43813	n/a
21.4013671875	0.3	1.0	2	43830	n/a
21.40966796875	0.3	0.0	1	43847	n/a
21.41796875	0.3	1.0	2	43864	n/a
21.42626953125	0.3	0.0	1	43881	n/a
21.4345703125	0.3	0.0	1	43898	n/a
21.44287109375	0.3	1.0	2	43915	n/a
21.451171875	0.3	0.0	1	43932	n/a
21.45947265625	0.3	1.0	2	43949	n/a
21.4677734375	0.3	0.0	1	43966	n/a
21.47607421875	0.3	1.0	2	43983	n/a
21.48486328125	0.3	1.0	2	44001	n/a
21.4931640625	0.3	0.0	1	44018	n/a
21.50146484375	0.3	0.0	1	44035	n/a
21.509765625	0.3	1.0	2	44052	n/a
21.51806640625	0.3	0.0	1	44069	n/a
21.5263671875	0.3	1.0	2	44086	n/a
21.53466796875	0.3	1.0	2	44103	n/a
21.54296875	0.3	0.0	1	44120	n/a
21.55126953125	0.3	0.0	1	44137	n/a
21.5595703125	0.3	1.0	2	44154	n/a
21.56787109375	0.3	1.0	2	44171	n/a
21.576171875	0.3	0.0	1	44188	n/a
21.58447265625	0.3	1.0	2	44205	n/a
21.5927734375	0.3	0.0	1	44222	n/a
21.60107421875	0.3	0.0	1	44239	n/a
21.60986328125	0.3	1.0	2	44257	n/a
23.990234375	0.3	0.0	1	49132	17.0
23.99853515625	0.3	1.0	2	49149	n/a
24.0068359375	0.3	0.0	1	49166	n/a
24.01513671875	0.3	1.0	2	49183	n/a
24.0234375	0.3	0.0	1	49200	n/a
24.03173828125	0.3	1.0	2	49217	n/a
24.0400390625	0.3	0.0	1	49234	n/a
24.04833984375	0.3	1.0	2	49251	n/a
24.05712890625	0.3	0.0	1	49269	n/a
24.0654296875	0.3	1.0	2	49286	n/a
24.07373046875	0.3	1.0	2	49303	n/a
24.08203125	0.3	0.0	1	49320	n/a
24.09033203125	0.3	1.0	2	49337	n/a
24.0986328125	0.3	0.0	1	49354	n/a
24.10693359375	0.3	1.0	2	49371	n/a
24.115234375	0.3	0.0	1	49388	n/a
24.12353515625	0.3	0.0	1	49405	n/a
24.1318359375	0.3	1.0	2	49422	n/a
24.14013671875	0.3	1.0	2	49439	n/a
24.1484375	0.3	0.0	1	49456	n/a
24.15673828125	0.3	1.0	2	49473	n/a
24.1650390625	0.3	0.0	1	49490	n/a
24.17333984375	0.3	0.0	1	49507	n/a
24.18212890625	0.3	1.0	2	49525	n/a
24.1904296875	0.3	0.0	1	49542	n/a
24.19873046875	0.3	1.0	2	49559	n/a
24.20703125	0.3	1.0	2	49576	n/a
24.21533203125	0.3	0.0	1	49593	n/a
24.2236328125	0.3	1.0	2	49610	n/a
24.23193359375	0.3	0.0	1	49627	n/a
24.240234375	0.3	0.0	1	49644	n/a
24.24853515625	0.3	1.0	2	49661	n/a
24.2568359375	0.3	0.0	1	49678	n/a
24.26513671875	0.3	1.0	2	49695	n/a
24.2734375	0.3	1.0	2	49712	n/a
24.28173828125	0.3	0.0	1	49729	n/a
24.2900390625	0.3	1.0	2	49746	n/a
24.29833984375	0.3	0.0	1	49763	n/a
24.30712890625	0.3	1.0	2	49781	n/a
24.3154296875	0.3	0.0	1	49798	n/a
24.32373046875	0.3	1.0	2	49815	n/a
24.33203125	0.3	0.0	1	49832	n/a
24.34033203125	0.3	1.0	2	49849	n/a
24.3486328125	0.3	0.0	1	49866	n/a
24.35693359375	0.3	1.0	2	49883	n/a
24.365234375	0.3	0.0	1	49900	n/a
24.37353515625	0.3	1.0	2	49917	n/a
24.3818359375	0.3	0.0	1	49934	n/a
24.39013671875	0.3	1.0	2	49951	n/a
24.3984375	0.3	0.0	1	49968	n/a
24.40673828125	0.3	1.0	2	49985	n/a
24.4150390625	0.3	0.0	1	50002	n/a
24.42333984375	0.3	0.0	1	50019	n/a
24.43212890625	0.3	1.0	2	50037	n/a
24.4404296875	0.3	0.0	1	50054	n/a
24.44873046875	0.3	1.0	2	50071	n/a
24.45703125	0.3	1.0	2	50088	n/a
24.46533203125	0.3	0.0	1	50105	n/a
24.4736328125	0.3	1.0	2	50122	n/a
24.48193359375	0.3	0.0	1	50139	n/a
24.490234375	0.3	0.0	1	50156	n/a
24.49853515625	0.3	1.0	2	50173	n/a
24.5068359375	0.3	1.0	2	50190	n/a
24.51513671875	0.3	0.0	1	50207	n/a
24.5234375	0.3	0.0	1	50224	n/a
24.53173828125	0.3	1.0	2	50241	n/a
24.5400390625	0.3	1.0	2	50258	n/a
24.54833984375	0.3	0.0	1	50275	n/a
24.55712890625	0.3	1.0	2	50293	n/a
24.5654296875	0.3	0.0	1	50310	n/a
24.57373046875	0.3	1.0	2	50327	n/a
24.58203125	0.3	0.0	1	50344	n/a
24.59033203125	0.3	1.0	2	50361	n/a
24.5986328125	0.3	0.0	1	50378	n/a
24.60693359375	0.3	1.0	2	50395	n/a
24.615234375	0.3	0.0	1	50412	n/a
24.62353515625	0.3	0.0	1	50429	n/a
24.6318359375	0.3	1.0	2	50446	n/a
24.64013671875	0.3	0.0	1	50463	n/a
24.6484375	0.3	1.0	2	50480	n/a
24.65673828125	0.3	1.0	2	50497	n/a
24.6650390625	0.3	0.0	1	50514	n/a
24.67333984375	0.3	0.0	1	50531	n/a
24.68212890625	0.3	1.0	2	50549	n/a
24.6904296875	0.3	0.0	1	50566	n/a
24.69873046875	0.3	1.0	2	50583	n/a
24.70703125	0.3	0.0	1	50600	n/a
24.71533203125	0.3	1.0	2	50617	n/a
24.7236328125	0.3	0.0	1	50634	n/a
24.73193359375	0.3	1.0	2	50651	n/a
24.740234375	0.3	0.0	1	50668	n/a
24.74853515625	0.3	1.0	2	50685	n/a
24.7568359375	0.3	0.0	1	50702	n/a
24.76513671875	0.3	1.0	2	50719	n/a
24.7734375	0.3	0.0	1	50736	n/a
24.78173828125	0.3	1.0	2	50753	n/a
24.7900390625	0.3	0.0	1	50770	n/a
24.79833984375	0.3	1.0	2	50787	n/a
24.80712890625	0.3	1.0	2	50805	n/a
24.8154296875	0.3	0.0	1	50822	n/a
24.82373046875	0.3	0.0	1	50839	n/a
24.83203125	0.3	1.0	2	50856	n/a
24.84033203125	0.3	0.0	1	50873	n/a
24.8486328125	0.3	1.0	2	50890	n/a
24.85693359375	0.3	1.0	2	50907	n/a
24.865234375	0.3	0.0	1	50924	n/a
24.87353515625	0.3	1.0	2	50941	n/a
24.8818359375	0.3	0.0	1	50958	n/a
24.89013671875	0.3	0.0	1	50975	n/a
24.8984375	0.3	1.0	2	50992	n/a
24.90673828125	0.3	1.0	2	51009	n/a
24.9150390625	0.3	0.0	1	51026	n/a
24.92333984375	0.3	1.0	2	51043	n/a
24.93212890625	0.3	0.0	1	51061	n/a
24.9404296875	0.3	0.0	1	51078	n/a
24.94873046875	0.3	1.0	2	51095	n/a
24.95703125	0.3	0.0	1	51112	n/a
24.96533203125	0.3	1.0	2	51129	n/a
24.9736328125	0.3	0.0	1	51146	n/a
24.98193359375	0.3	1.0	2	51163	n/a
24.990234375	0.3	0.0	1	51180	n/a
24.99853515625	0.3	1.0	2	51197	n/a
25.0068359375	0.3	1.0	2	51214	n/a
25.01513671875	0.3	0.0	1	51231	n/a
25.0234375	0.3	0.0	1	51248	n/a
25.03173828125	0.3	1.0	2	51265	n/a
25.0400390625	0.3	0.0	1	51282	n/a
25.04833984375	0.3	1.0	2	51299	n/a
25.05712890625	0.3	0.0	1	51317	n/a
25.0654296875	0.3	1.0	2	51334	n/a
25.07373046875	0.3	0.0	1	51351	n/a
25.08203125	0.3	1.0	2	51368	n/a
25.09033203125	0.3	0.0	1	51385	n/a
25.0986328125	0.3	1.0	2	51402	n/a
25.10693359375	0.3	0.0	1	51419	n/a
25.115234375	0.3	1.0	2	51436	n/a
25.12353515625	0.3	1.0	2	51453	n/a
25.1318359375	0.3	0.0	1	51470	n/a
25.14013671875	0.3	1.0	2	51487	n/a
25.1484375	0.3	0.0	1	51504	n/a
25.15673828125	0.3	1.0	2	51521	n/a
25.1650390625	0.3	0.0	1	51538	n/a
25.17333984375	0.3	0.0	1	51555	n/a
25.18212890625	0.3	1.0	2	51573	n/a
25.1904296875	0.3	1.0	2	51590	n/a
25.19873046875	0.3	0.0	1	51607	n/a
25.20703125	0.3	1.0	2	51624	n/a
25.21533203125	0.3	0.0	1	51641	n/a
25.2236328125	0.3	0.0	1	51658	n/a
25.23193359375	0.3	1.0	2	51675	n/a
25.240234375	0.3	0.0	1	51692	n/a
25.24853515625	0.3	1.0	2	51709	n/a
25.2568359375	0.3	1.0	2	51726	n/a
25.26513671875	0.3	0.0	1	51743	n/a
25.2734375	0.3	1.0	2	51760	n/a
25.28173828125	0.3	0.0	1	51777	n/a
25.2900390625	0.3	0.0	1	51794	n/a
25.29833984375	0.3	1.0	2	51811	n/a
25.30712890625	0.3	0.0	1	51829	n/a
25.3154296875	0.3	1.0	2	51846	n/a
25.32373046875	0.3	1.0	2	51863	n/a
25.33203125	0.3	0.0	1	51880	n/a
25.34033203125	0.3	1.0	2	51897	n/a
25.3486328125	0.3	0.0	1	51914	n/a
25.35693359375	0.3	1.0	2	51931	n/a
25.365234375	0.3	0.0	1	51948	n/a
25.37353515625	0.3	1.0	2	51965	n/a
25.3818359375	0.3	0.0	1	51982	n/a
25.39013671875	0.3	1.0	2	51999	n/a
25.3984375	0.3	0.0	1	52016	n/a
25.40673828125	0.3	1.0	2	52033	n/a
25.4150390625	0.3	0.0	1	52050	n/a
25.42333984375	0.3	1.0	2	52067	n/a
25.43212890625	0.3	0.0	1	52085	n/a
25.4404296875	0.3	1.0	2	52102	n/a
25.44873046875	0.3	0.0	1	52119	n/a
25.45703125	0.3	1.0	2	52136	n/a
25.46533203125	0.3	0.0	1	52153	n/a
25.4736328125	0.3	0.0	1	52170	n/a
25.48193359375	0.3	1.0	2	52187	n/a
25.490234375	0.3	0.0	1	52204	n/a
25.49853515625	0.3	1.0	2	52221	n/a
25.5068359375	0.3	1.0	2	52238	n/a
25.51513671875	0.3	0.0	1	52255	n/a
25.5234375	0.3	1.0	2	52272	n/a
25.53173828125	0.3	0.0	1	52289	n/a
25.5400390625	0.3	0.0	1	52306	n/a
25.54833984375	0.3	1.0	2	52323	n/a
25.55712890625	0.3	1.0	2	52341	n/a
25.5654296875	0.3	0.0	1	52358	n/a
25.57373046875	0.3	0.0	1	52375	n/a
25.58203125	0.3	1.0	2	52392	n/a
25.59033203125	0.3	1.0	2	52409	n/a
25.5986328125	0.3	0.0	1	52426	n/a
25.60693359375	0.3	1.0	2	52443	n/a
25.615234375	0.3	0.0	1	52460	n/a
25.62353515625	0.3	1.0	2	52477	n/a
25.6318359375	0.3	0.0	1	52494	n/a
25.64013671875	0.3	1.0	2	52511	n/a
25.6484375	0.3	0.0	1	52528	n/a
25.65673828125	0.3	1.0	2	52545	n/a
25.6650390625	0.3	0.0	1	52562	n/a
25.67333984375	0.3	0.0	1	52579	n/a
25.68212890625	0.3	1.0	2	52597	n/a
25.6904296875	0.3	0.0	1	52614	n/a
25.69873046875	0.3	1.0	2	52631	n/a
25.70703125	0.3	1.0	2	52648	n/a
25.71533203125	0.3	0.0	1	52665	n/a
25.7236328125	0.3	0.0	1	52682	n/a
25.73193359375	0.3	1.0	2	52699	n/a
25.740234375	0.3	0.0	1	52716	n/a
25.74853515625	0.3	1.0	2	52733	n/a
25.7568359375	0.3	0.0	1	52750	n/a
25.76513671875	0.3	1.0	2	52767	n/a
25.7734375	0.3	0.0	1	52784	n/a
25.78173828125	0.3	1.0	2	52801	n/a
25.7900390625	0.3	0.0	1	52818	n/a
25.79833984375	0.3	1.0	2	52835	n/a
25.80712890625	0.3	0.0	1	52853	n/a
25.8154296875	0.3	1.0	2	52870	n/a
25.82373046875	0.3	0.0	1	52887	n/a
25.83203125	0.3	1.0	2	52904	n/a
25.84033203125	0.3	0.0	1	52921	n/a
25.8486328125	0.3	1.0	2	52938	n/a
25.85693359375	0.3	1.0	2	52955	n/a
25.865234375	0.3	0.0	1	52972	n/a
25.87353515625	0.3	0.0	1	52989	n/a
25.8818359375	0.3	1.0	2	53006	n/a
25.89013671875	0.3	0.0	1	53023	n/a
25.8984375	0.3	1.0	2	53040	n/a
25.90673828125	0.3	1.0	2	53057	n/a
25.9150390625	0.3	0.0	1	53074	n/a
25.92333984375	0.3	1.0	2	53091	n/a
25.93212890625	0.3	0.0	1	53109	n/a
25.9404296875	0.3	0.0	1	53126	n/a
25.94873046875	0.3	1.0	2	53143	n/a
25.95703125	0.3	1.0	2	53160	n/a
25.96533203125	0.3	0.0	1	53177	n/a
25.9736328125	0.3	1.0	2	53194	n/a
25.98193359375	0.3	0.0	1	53211	n/a
25.990234375	0.3	0.0	1	53228	n/a
25.99853515625	0.3	1.0	2	53245	n/a
26.0068359375	0.3	0.0	1	53262	n/a
26.01513671875	0.3	1.0	2	53279	n/a
26.0234375	0.3	0.0	1	53296	n/a
26.03173828125	0.3	1.0	2	53313	n/a
26.0400390625	0.3	0.0	1	53330	n/a
26.04833984375	0.3	1.0	2	53347	n/a
26.05712890625	0.3	1.0	2	53365	n/a
26.0654296875	0.3	0.0	1	53382	n/a
26.07373046875	0.3	0.0	1	53399	n/a
26.08203125	0.3	1.0	2	53416	n/a
26.09033203125	0.3	0.0	1	53433	n/a
26.0986328125	0.3	1.0	2	53450	n/a
26.10693359375	0.3	0.0	1	53467	n/a
26.115234375	0.3	1.0	2	53484	n/a
26.12353515625	0.3	0.0	1	53501	n/a
26.1318359375	0.3	1.0	2	53518	n/a
26.14013671875	0.3	0.0	1	53535	n/a
26.1484375	0.3	1.0	2	53552	n/a
26.15673828125	0.3	0.0	1	53569	n/a
26.1650390625	0.3	1.0	2	53586	n/a
26.17333984375	0.3	1.0	2	53603	n/a
26.18212890625	0.3	0.0	1	53621	n/a
26.1904296875	0.3	1.0	2	53638	n/a
26.19873046875	0.3	0.0	1	53655	n/a
26.20703125	0.3	1.0	2	53672	n/a
26.21533203125	0.3	0.0	1	53689	n/a
26.2236328125	0.3	0.0	1	53706	n/a
26.23193359375	0.3	1.0	2	53723	n/a
26.240234375	0.3	1.0	2	53740	n/a
26.24853515625	0.3	0.0	1	53757	n/a
26.2568359375	0.3	1.0	2	53774	n/a
26.26513671875	0.3	0.0	1	53791	n/a
26.2734375	0.3	0.0	1	53808	n/a
26.28173828125	0.3	1.0	2	53825	n/a
26.2900390625	0.3	0.0	1	53842	n/a
26.29833984375	0.3	1.0	2	53859	n/a
26.30712890625	0.3	1.0	2	53877	n/a
26.3154296875	0.3	0.0	1	53894	n/a
26.32373046875	0.3	1.0	2	53911	n/a
26.33203125	0.3	0.0	1	53928	n/a
26.34033203125	0.3	0.0	1	53945	n/a
26.3486328125	0.3	1.0	2	53962	n/a
26.35693359375	0.3	0.0	1	53979	n/a
26.365234375	0.3	1.0	2	53996	n/a
26.37353515625	0.3	1.0	2	54013	n/a
26.3818359375	0.3	0.0	1	54030	n/a
26.39013671875	0.3	1.0	2	54047	n/a
26.3984375	0.3	0.0	1	54064	n/a
26.40673828125	0.3	1.0	2	54081	n/a
26.4150390625	0.3	0.0	1	54098	n/a
26.42333984375	0.3	1.0	2	54115	n/a
26.43212890625	0.3	0.0	1	54133	n/a
26.4404296875	0.3	1.0	2	54150	n/a
26.44873046875	0.3	0.0	1	54167	n/a
26.45703125	0.3	1.0	2	54184	n/a
26.46533203125	0.3	0.0	1	54201	n/a
26.4736328125	0.3	1.0	2	54218	n/a
26.48193359375	0.3	0.0	1	54235	n/a
26.490234375	0.3	1.0	2	54252	n/a
26.49853515625	0.3	0.0	1	54269	n/a
26.5068359375	0.3	1.0	2	54286	n/a
26.51513671875	0.3	0.0	1	54303	n/a
26.5234375	0.3	0.0	1	54320	n/a
26.53173828125	0.3	1.0	2	54337	n/a
26.5400390625	0.3	0.0	1	54354	n/a
26.54833984375	0.3	1.0	2	54371	n/a
26.55712890625	0.3	1.0	2	54389	n/a
26.5654296875	0.3	0.0	1	54406	n/a
26.57373046875	0.3	1.0	2	54423	n/a
26.58203125	0.3	0.0	1	54440	n/a
26.59033203125	0.3	0.0	1	54457	n/a
26.5986328125	0.3	1.0	2	54474	n/a
26.60693359375	0.3	1.0	2	54491	n/a
26.615234375	0.3	0.0	1	54508	n/a
26.62353515625	0.3	0.0	1	54525	n/a
26.6318359375	0.3	1.0	2	54542	n/a
26.64013671875	0.3	1.0	2	54559	n/a
26.6484375	0.3	0.0	1	54576	n/a
26.65673828125	0.3	1.0	2	54593	n/a
26.6650390625	0.3	0.0	1	54610	n/a
26.67333984375	0.3	1.0	2	54627	n/a
26.68212890625	0.3	0.0	1	54645	n/a
26.6904296875	0.3	1.0	2	54662	n/a
26.69873046875	0.3	0.0	1	54679	n/a
26.70703125	0.3	1.0	2	54696	n/a
26.71533203125	0.3	0.0	1	54713	n/a
26.7236328125	0.3	0.0	1	54730	n/a
26.73193359375	0.3	1.0	2	54747	n/a
26.740234375	0.3	0.0	1	54764	n/a
26.74853515625	0.3	1.0	2	54781	n/a
26.7568359375	0.3	1.0	2	54798	n/a
26.76513671875	0.3	0.0	1	54815	n/a
26.7734375	0.3	0.0	1	54832	n/a
26.78173828125	0.3	1.0	2	54849	n/a
26.7900390625	0.3	0.0	1	54866	n/a
26.79833984375	0.3	1.0	2	54883	n/a
26.80712890625	0.3	0.0	1	54901	n/a
26.8154296875	0.3	1.0	2	54918	n/a
26.82373046875	0.3	0.0	1	54935	n/a
26.83203125	0.3	1.0	2	54952	n/a
26.84033203125	0.3	0.0	1	54969	n/a
26.8486328125	0.3	1.0	2	54986	n/a
26.85693359375	0.3	0.0	1	55003	n/a
26.865234375	0.3	1.0	2	55020	n/a
26.87353515625	0.3	0.0	1	55037	n/a
26.8818359375	0.3	1.0	2	55054	n/a
26.89013671875	0.3	0.0	1	55071	n/a
26.8984375	0.3	1.0	2	55088	n/a
26.90673828125	0.3	1.0	2	55105	n/a
26.9150390625	0.3	0.0	1	55122	n/a
26.92333984375	0.3	0.0	1	55139	n/a
26.93212890625	0.3	1.0	2	55157	n/a
26.9404296875	0.3	0.0	1	55174	n/a
26.94873046875	0.3	1.0	2	55191	n/a
26.95703125	0.3	1.0	2	55208	n/a
26.96533203125	0.3	0.0	1	55225	n/a
26.9736328125	0.3	1.0	2	55242	n/a
26.98193359375	0.3	0.0	1	55259	n/a
26.990234375	0.3	0.0	1	55276	n/a
26.99853515625	0.3	1.0	2	55293	n/a
27.0068359375	0.3	1.0	2	55310	n/a
27.01513671875	0.3	0.0	1	55327	n/a
27.0234375	0.3	1.0	2	55344	n/a
27.03173828125	0.3	0.0	1	55361	n/a
27.0400390625	0.3	0.0	1	55378	n/a
27.04833984375	0.3	1.0	2	55395	n/a
27.05712890625	0.3	0.0	1	55413	n/a
27.0654296875	0.3	1.0	2	55430	n/a
27.07373046875	0.3	0.0	1	55447	n/a
27.08203125	0.3	1.0	2	55464	n/a
27.09033203125	0.3	0.0	1	55481	n/a
27.0986328125	0.3	1.0	2	55498	n/a
27.10693359375	0.3	1.0	2	55515	n/a
27.115234375	0.3	0.0	1	55532	n/a
27.12353515625	0.3	0.0	1	55549	n/a
27.1318359375	0.3	1.0	2	55566	n/a
27.14013671875	0.3	0.0	1	55583	n/a
27.1484375	0.3	1.0	2	55600	n/a
27.15673828125	0.3	0.0	1	55617	n/a
27.1650390625	0.3	1.0	2	55634	n/a
27.17333984375	0.3	0.0	1	55651	n/a
27.18212890625	0.3	1.0	2	55669	n/a
27.1904296875	0.3	0.0	1	55686	n/a
27.19873046875	0.3	1.0	2	55703	n/a
27.20703125	0.3	0.0	1	55720	n/a
27.21533203125	0.3	1.0	2	55737	n/a
27.2236328125	0.3	1.0	2	55754	n/a
27.23193359375	0.3	0.0	1	55771	n/a
27.240234375	0.3	1.0	2	55788	n/a
27.24853515625	0.3	0.0	1	55805	n/a
27.2568359375	0.3	1.0	2	55822	n/a
27.26513671875	0.3	0.0	1	55839	n/a
27.2734375	0.3	0.0	1	55856	n/a
27.28173828125	0.3	1.0	2	55873	n/a
27.2900390625	0.3	1.0	2	55890	n/a
27.29833984375	0.3	0.0	1	55907	n/a
27.30712890625	0.3	1.0	2	55925	n/a
27.3154296875	0.3	0.0	1	55942	n/a
27.32373046875	0.3	0.0	1	55959	n/a
27.33203125	0.3	1.0	2	55976	n/a
27.34033203125	0.3	0.0	1	55993	n/a
27.3486328125	0.3	1.0	2	56010	n/a
27.35693359375	0.3	1.0	2	56027	n/a
27.365234375	0.3	0.0	1	56044	n/a
27.37353515625	0.3	1.0	2	56061	n/a
27.3818359375	0.3	0.0	1	56078	n/a
27.39013671875	0.3	0.0	1	56095	n/a
27.3984375	0.3	1.0	2	56112	n/a
27.40673828125	0.3	0.0	1	56129	n/a
27.4150390625	0.3	1.0	2	56146	n/a
27.42333984375	0.3	1.0	2	56163	n/a
27.43212890625	0.3	0.0	1	56181	n/a
27.4404296875	0.3	1.0	2	56198	n/a
27.44873046875	0.3	0.0	1	56215	n/a
27.45703125	0.3	1.0	2	56232	n/a
27.46533203125	0.3	0.0	1	56249	n/a
27.4736328125	0.3	1.0	2	56266	n/a
27.48193359375	0.3	0.0	1	56283	n/a
27.490234375	0.3	1.0	2	56300	n/a
27.49853515625	0.3	0.0	1	56317	n/a
27.5068359375	0.3	1.0	2	56334	n/a
27.51513671875	0.3	0.0	1	56351	n/a
27.5234375	0.3	1.0	2	56368	n/a
27.53173828125	0.3	0.0	1	56385	n/a
27.5400390625	0.3	1.0	2	56402	n/a
27.54833984375	0.3	0.0	1	56419	n/a
27.55712890625	0.3	1.0	2	56437	n/a
27.5654296875	0.3	0.0	1	56454	n/a
27.57373046875	0.3	0.0	1	56471	n/a
27.58203125	0.3	1.0	2	56488	n/a
27.59033203125	0.3	0.0	1	56505	n/a
27.5986328125	0.3	1.0	2	56522	n/a
27.60693359375	0.3	1.0	2	56539	n/a
27.615234375	0.3	0.0	1	56556	n/a
27.62353515625	0.3	1.0	2	56573	n/a
27.6318359375	0.3	0.0	1	56590	n/a
27.64013671875	0.3	0.0	1	56607	n/a
27.6484375	0.3	1.0	2	56624	n/a
27.65673828125	0.3	1.0	2	56641	n/a
27.6650390625	0.3	0.0	1	56658	n/a
27.67333984375	0.3	0.0	1	56675	n/a
27.68212890625	0.3	1.0	2	56693	n/a
27.6904296875	0.3	1.0	2	56710	n/a
27.69873046875	0.3	0.0	1	56727	n/a
27.70703125	0.3	1.0	2	56744	n/a
27.71533203125	0.3	0.0	1	56761	n/a
27.7236328125	0.3	1.0	2	56778	n/a
27.73193359375	0.3	0.0	1	56795	n/a
27.740234375	0.3	1.0	2	56812	n/a
27.74853515625	0.3	0.0	1	56829	n/a
27.7568359375	0.3	1.0	2	56846	n/a
27.76513671875	0.3	0.0	1	56863	n/a
27.7734375	0.3	0.0	1	56880	n/a
27.78173828125	0.3	1.0	2	56897	n/a
27.7900390625	0.3	0.0	1	56914	n/a
27.79833984375	0.3	1.0	2	56931	n/a
27.80712890625	0.3	1.0	2	56949	n/a
27.8154296875	0.3	0.0	1	56966	n/a
27.82373046875	0.3	0.0	1	56983	n/a
27.83203125	0.3	1.0	2	57000	n/a
27.84033203125	0.3	0.0	1	57017	n/a
27.8486328125	0.3	1.0	2	57034	n/a
27.85693359375	0.3	0.0	1	57051	n/a
27.865234375	0.3	1.0	2	57068	n/a
27.87353515625	0.3	0.0	1	57085	n/a
27.8818359375	0.3	1.0	2	57102	n/a
27.89013671875	0.3	0.0	1	57119	n/a
27.8984375	0.3	1.0	2	57136	n/a
27.90673828125	0.3	0.0	1	57153	n/a
27.9150390625	0.3	1.0	2	57170	n/a
27.92333984375	0.3	0.0	1	57187	n/a
27.93212890625	0.3	1.0	2	57205	n/a
27.9404296875	0.3	0.0	1	57222	n/a
27.94873046875	0.3	1.0	2	57239	n/a
27.95703125	0.3	1.0	2	57256	n/a
27.96533203125	0.3	0.0	1	57273	n/a
27.9736328125	0.3	0.0	1	57290	n/a
27.98193359375	0.3	1.0	2	57307	n/a
27.990234375	0.3	0.0	1	57324	n/a
27.99853515625	0.3	1.0	2	57341	n/a
28.0068359375	0.3	1.0	2	57358	n/a
28.01513671875	0.3	0.0	1	57375	n/a
28.0234375	0.3	1.0	2	57392	n/a
28.03173828125	0.3	0.0	1	57409	n/a
28.0400390625	0.3	0.0	1	57426	n/a
28.04833984375	0.3	1.0	2	57443	n/a
28.05712890625	0.3	1.0	2	57461	n/a
28.0654296875	0.3	0.0	1	57478	n/a
28.07373046875	0.3	1.0	2	57495	n/a
28.08203125	0.3	0.0	1	57512	n/a
28.09033203125	0.3	0.0	1	57529	n/a
28.0986328125	0.3	1.0	2	57546	n/a
28.10693359375	0.3	0.0	1	57563	n/a
28.115234375	0.3	1.0	2	57580	n/a
28.12353515625	0.3	0.0	1	57597	n/a
28.1318359375	0.3	1.0	2	57614	n/a
28.14013671875	0.3	0.0	1	57631	n/a
28.1484375	0.3	1.0	2	57648	n/a
28.15673828125	0.3	1.0	2	57665	n/a
28.1650390625	0.3	0.0	1	57682	n/a
28.17333984375	0.3	0.0	1	57699	n/a
28.18212890625	0.3	1.0	2	57717	n/a
30.5732421875	0.3	1.0	2	62614	28.0
30.58154296875	0.3	0.0	1	62631	n/a
30.58984375	0.3	0.0	1	62648	n/a
30.59814453125	0.3	1.0	2	62665	n/a
30.6064453125	0.3	1.0	2	62682	n/a
30.61474609375	0.3	0.0	1	62699	n/a
30.623046875	0.3	0.0	1	62716	n/a
30.63134765625	0.3	1.0	2	62733	n/a
30.64013671875	0.3	0.0	1	62751	n/a
30.6484375	0.3	1.0	2	62768	n/a
30.65673828125	0.3	0.0	1	62785	n/a
30.6650390625	0.3	1.0	2	62802	n/a
30.67333984375	0.3	0.0	1	62819	n/a
30.681640625	0.3	1.0	2	62836	n/a
30.68994140625	0.3	1.0	2	62853	n/a
30.6982421875	0.3	0.0	1	62870	n/a
30.70654296875	0.3	1.0	2	62887	n/a
30.71484375	0.3	0.0	1	62904	n/a
30.72314453125	0.3	0.0	1	62921	n/a
30.7314453125	0.3	1.0	2	62938	n/a
30.73974609375	0.3	1.0	2	62955	n/a
30.748046875	0.3	0.0	1	62972	n/a
30.75634765625	0.3	0.0	1	62989	n/a
30.76513671875	0.3	1.0	2	63007	n/a
30.7734375	0.3	0.0	1	63024	n/a
30.78173828125	0.3	1.0	2	63041	n/a
30.7900390625	0.3	0.0	1	63058	n/a
30.79833984375	0.3	1.0	2	63075	n/a
30.806640625	0.3	1.0	2	63092	n/a
30.81494140625	0.3	0.0	1	63109	n/a
30.8232421875	0.3	0.0	1	63126	n/a
30.83154296875	0.3	1.0	2	63143	n/a
30.83984375	0.3	1.0	2	63160	n/a
30.84814453125	0.3	0.0	1	63177	n/a
30.8564453125	0.3	1.0	2	63194	n/a
30.86474609375	0.3	0.0	1	63211	n/a
30.873046875	0.3	1.0	2	63228	n/a
30.88134765625	0.3	0.0	1	63245	n/a
30.89013671875	0.3	1.0	2	63263	n/a
30.8984375	0.3	0.0	1	63280	n/a
30.90673828125	0.3	1.0	2	63297	n/a
30.9150390625	0.3	0.0	1	63314	n/a
30.92333984375	0.3	0.0	1	63331	n/a
30.931640625	0.3	1.0	2	63348	n/a
30.93994140625	0.3	0.0	1	63365	n/a
30.9482421875	0.3	1.0	2	63382	n/a
30.95654296875	0.3	0.0	1	63399	n/a
30.96484375	0.3	1.0	2	63416	n/a
30.97314453125	0.3	1.0	2	63433	n/a
30.9814453125	0.3	0.0	1	63450	n/a
30.98974609375	0.3	1.0	2	63467	n/a
30.998046875	0.3	0.0	1	63484	n/a
31.00634765625	0.3	0.0	1	63501	n/a
31.01513671875	0.3	1.0	2	63519	n/a
31.0234375	0.3	0.0	1	63536	n/a
31.03173828125	0.3	1.0	2	63553	n/a
31.0400390625	0.3	1.0	2	63570	n/a
31.04833984375	0.3	0.0	1	63587	n/a
31.056640625	0.3	0.0	1	63604	n/a
31.06494140625	0.3	1.0	2	63621	n/a
31.0732421875	0.3	0.0	1	63638	n/a
31.08154296875	0.3	1.0	2	63655	n/a
31.08984375	0.3	0.0	1	63672	n/a
31.09814453125	0.3	1.0	2	63689	n/a
31.1064453125	0.3	1.0	2	63706	n/a
31.11474609375	0.3	0.0	1	63723	n/a
31.123046875	0.3	0.0	1	63740	n/a
31.13134765625	0.3	1.0	2	63757	n/a
31.14013671875	0.3	0.0	1	63775	n/a
31.1484375	0.3	1.0	2	63792	n/a
31.15673828125	0.3	0.0	1	63809	n/a
31.1650390625	0.3	1.0	2	63826	n/a
31.17333984375	0.3	0.0	1	63843	n/a
31.181640625	0.3	1.0	2	63860	n/a
31.18994140625	0.3	1.0	2	63877	n/a
31.1982421875	0.3	0.0	1	63894	n/a
31.20654296875	0.3	0.0	1	63911	n/a
31.21484375	0.3	1.0	2	63928	n/a
31.22314453125	0.3	1.0	2	63945	n/a
31.2314453125	0.3	0.0	1	63962	n/a
31.23974609375	0.3	1.0	2	63979	n/a
31.248046875	0.3	0.0	1	63996	n/a
31.25634765625	0.3	1.0	2	64013	n/a
31.26513671875	0.3	0.0	1	64031	n/a
31.2734375	0.3	0.0	1	64048	n/a
31.28173828125	0.3	1.0	2	64065	n/a
31.2900390625	0.3	1.0	2	64082	n/a
31.29833984375	0.3	0.0	1	64099	n/a
31.306640625	0.3	0.0	1	64116	n/a
31.31494140625	0.3	1.0	2	64133	n/a
31.3232421875	0.3	0.0	1	64150	n/a
31.33154296875	0.3	1.0	2	64167	n/a
31.33984375	0.3	0.0	1	64184	n/a
31.34814453125	0.3	1.0	2	64201	n/a
31.3564453125	0.3	1.0	2	64218	n/a
31.36474609375	0.3	0.0	1	64235	n/a
31.373046875	0.3	1.0	2	64252	n/a
31.38134765625	0.3	0.0	1	64269	n/a
31.39013671875	0.3	1.0	2	64287	n/a
31.3984375	0.3	0.0	1	64304	n/a
31.40673828125	0.3	0.0	1	64321	n/a
31.4150390625	0.3	1.0	2	64338	n/a
31.42333984375	0.3	1.0	2	64355	n/a
31.431640625	0.3	0.0	1	64372	n/a
31.43994140625	0.3	0.0	1	64389	n/a
31.4482421875	0.3	1.0	2	64406	n/a
31.45654296875	0.3	0.0	1	64423	n/a
31.46484375	0.3	1.0	2	64440	n/a
31.47314453125	0.3	1.0	2	64457	n/a
31.4814453125	0.3	0.0	1	64474	n/a
31.48974609375	0.3	1.0	2	64491	n/a
31.498046875	0.3	0.0	1	64508	n/a
31.50634765625	0.3	0.0	1	64525	n/a
31.51513671875	0.3	1.0	2	64543	n/a
31.5234375	0.3	1.0	2	64560	n/a
31.53173828125	0.3	0.0	1	64577	n/a
31.5400390625	0.3	1.0	2	64594	n/a
31.54833984375	0.3	0.0	1	64611	n/a
31.556640625	0.3	0.0	1	64628	n/a
31.56494140625	0.3	1.0	2	64645	n/a
31.5732421875	0.3	1.0	2	64662	n/a
31.58154296875	0.3	0.0	1	64679	n/a
31.58984375	0.3	1.0	2	64696	n/a
31.59814453125	0.3	0.0	1	64713	n/a
31.6064453125	0.3	1.0	2	64730	n/a
31.61474609375	0.3	0.0	1	64747	n/a
31.623046875	0.3	1.0	2	64764	n/a
31.63134765625	0.3	0.0	1	64781	n/a
31.64013671875	0.3	0.0	1	64799	n/a
31.6484375	0.3	1.0	2	64816	n/a
31.65673828125	0.3	1.0	2	64833	n/a
31.6650390625	0.3	0.0	1	64850	n/a
31.67333984375	0.3	0.0	1	64867	n/a
31.681640625	0.3	1.0	2	64884	n/a
31.68994140625	0.3	0.0	1	64901	n/a
31.6982421875	0.3	1.0	2	64918	n/a
31.70654296875	0.3	0.0	1	64935	n/a
31.71484375	0.3	1.0	2	64952	n/a
31.72314453125	0.3	0.0	1	64969	n/a
31.7314453125	0.3	1.0	2	64986	n/a
31.73974609375	0.3	1.0	2	65003	n/a
31.748046875	0.3	0.0	1	65020	n/a
31.75634765625	0.3	1.0	2	65037	n/a
31.76513671875	0.3	0.0	1	65055	n/a
31.7734375	0.3	0.0	1	65072	n/a
31.78173828125	0.3	1.0	2	65089	n/a
31.7900390625	0.3	1.0	2	65106	n/a
31.79833984375	0.3	0.0	1	65123	n/a
31.806640625	0.3	0.0	1	65140	n/a
31.81494140625	0.3	1.0	2	65157	n/a
31.8232421875	0.3	0.0	1	65174	n/a
31.83154296875	0.3	1.0	2	65191	n/a
31.83984375	0.3	0.0	1	65208	n/a
31.84814453125	0.3	1.0	2	65225	n/a
31.8564453125	0.3	1.0	2	65242	n/a
31.86474609375	0.3	0.0	1	65259	n/a
31.873046875	0.3	0.0	1	65276	n/a
31.88134765625	0.3	1.0	2	65293	n/a
31.89013671875	0.3	1.0	2	65311	n/a
31.8984375	0.3	0.0	1	65328	n/a
31.90673828125	0.3	1.0	2	65345	n/a
31.9150390625	0.3	0.0	1	65362	n/a
31.92333984375	0.3	1.0	2	65379	n/a
31.931640625	0.3	0.0	1	65396	n/a
31.93994140625	0.3	1.0	2	65413	n/a
31.9482421875	0.3	0.0	1	65430	n/a
31.95654296875	0.3	1.0	2	65447	n/a
31.96484375	0.3	0.0	1	65464	n/a
31.97314453125	0.3	0.0	1	65481	n/a
31.9814453125	0.3	1.0	2	65498	n/a
31.98974609375	0.3	0.0	1	65515	n/a
31.998046875	0.3	1.0	2	65532	n/a
32.00634765625	0.3	0.0	1	65549	n/a
32.01513671875	0.3	1.0	2	65567	n/a
32.0234375	0.3	1.0	2	65584	n/a
32.03173828125	0.3	0.0	1	65601	n/a
32.0400390625	0.3	1.0	2	65618	n/a
32.04833984375	0.3	0.0	1	65635	n/a
32.056640625	0.3	0.0	1	65652	n/a
32.06494140625	0.3	1.0	2	65669	n/a
32.0732421875	0.3	0.0	1	65686	n/a
32.08154296875	0.3	1.0	2	65703	n/a
32.08984375	0.3	1.0	2	65720	n/a
32.09814453125	0.3	0.0	1	65737	n/a
32.1064453125	0.3	0.0	1	65754	n/a
32.11474609375	0.3	1.0	2	65771	n/a
32.123046875	0.3	0.0	1	65788	n/a
32.13134765625	0.3	1.0	2	65805	n/a
32.14013671875	0.3	0.0	1	65823	n/a
32.1484375	0.3	1.0	2	65840	n/a
32.15673828125	0.3	1.0	2	65857	n/a
32.1650390625	0.3	0.0	1	65874	n/a
32.17333984375	0.3	0.0	1	65891	n/a
32.181640625	0.3	1.0	2	65908	n/a
32.18994140625	0.3	0.0	1	65925	n/a
32.1982421875	0.3	1.0	2	65942	n/a
32.20654296875	0.3	0.0	1	65959	n/a
32.21484375	0.3	1.0	2	65976	n/a
32.22314453125	0.3	0.0	1	65993	n/a
32.2314453125	0.3	1.0	2	66010	n/a
32.23974609375	0.3	1.0	2	66027	n/a
32.248046875	0.3	0.0	1	66044	n/a
32.25634765625	0.3	0.0	1	66061	n/a
32.26513671875	0.3	1.0	2	66079	n/a
32.2734375	0.3	1.0	2	66096	n/a
32.28173828125	0.3	0.0	1	66113	n/a
32.2900390625	0.3	1.0	2	66130	n/a
32.29833984375	0.3	0.0	1	66147	n/a
32.306640625	0.3	1.0	2	66164	n/a
32.31494140625	0.3	0.0	1	66181	n/a
32.3232421875	0.3	0.0	1	66198	n/a
32.33154296875	0.3	1.0	2	66215	n/a
32.33984375	0.3	1.0	2	66232	n/a
32.34814453125	0.3	0.0	1	66249	n/a
32.3564453125	0.3	0.0	1	66266	n/a
32.36474609375	0.3	1.0	2	66283	n/a
32.373046875	0.3	0.0	1	66300	n/a
32.38134765625	0.3	1.0	2	66317	n/a
32.39013671875	0.3	0.0	1	66335	n/a
32.3984375	0.3	1.0	2	66352	n/a
32.40673828125	0.3	1.0	2	66369	n/a
32.4150390625	0.3	0.0	1	66386	n/a
32.42333984375	0.3	1.0	2	66403	n/a
32.431640625	0.3	0.0	1	66420	n/a
32.43994140625	0.3	1.0	2	66437	n/a
32.4482421875	0.3	0.0	1	66454	n/a
32.45654296875	0.3	0.0	1	66471	n/a
32.46484375	0.3	1.0	2	66488	n/a
32.47314453125	0.3	1.0	2	66505	n/a
32.4814453125	0.3	0.0	1	66522	n/a
32.48974609375	0.3	0.0	1	66539	n/a
32.498046875	0.3	1.0	2	66556	n/a
32.50634765625	0.3	0.0	1	66573	n/a
32.51513671875	0.3	1.0	2	66591	n/a
32.5234375	0.3	1.0	2	66608	n/a
32.53173828125	0.3	0.0	1	66625	n/a
32.5400390625	0.3	1.0	2	66642	n/a
32.54833984375	0.3	0.0	1	66659	n/a
32.556640625	0.3	0.0	1	66676	n/a
32.56494140625	0.3	1.0	2	66693	n/a
32.5732421875	0.3	1.0	2	66710	n/a
32.58154296875	0.3	0.0	1	66727	n/a
32.58984375	0.3	1.0	2	66744	n/a
32.59814453125	0.3	0.0	1	66761	n/a
32.6064453125	0.3	0.0	1	66778	n/a
32.61474609375	0.3	1.0	2	66795	n/a
32.623046875	0.3	1.0	2	66812	n/a
32.63134765625	0.3	0.0	1	66829	n/a
32.64013671875	0.3	1.0	2	66847	n/a
32.6484375	0.3	0.0	1	66864	n/a
32.65673828125	0.3	1.0	2	66881	n/a
32.6650390625	0.3	0.0	1	66898	n/a
32.67333984375	0.3	1.0	2	66915	n/a
32.681640625	0.3	0.0	1	66932	n/a
32.68994140625	0.3	0.0	1	66949	n/a
32.6982421875	0.3	1.0	2	66966	n/a
32.70654296875	0.3	1.0	2	66983	n/a
32.71484375	0.3	0.0	1	67000	n/a
32.72314453125	0.3	0.0	1	67017	n/a
32.7314453125	0.3	1.0	2	67034	n/a
32.73974609375	0.3	0.0	1	67051	n/a
32.748046875	0.3	1.0	2	67068	n/a
32.75634765625	0.3	0.0	1	67085	n/a
32.76513671875	0.3	1.0	2	67103	n/a
32.7734375	0.3	0.0	1	67120	n/a
32.78173828125	0.3	1.0	2	67137	n/a
32.7900390625	0.3	1.0	2	67154	n/a
32.79833984375	0.3	0.0	1	67171	n/a
32.806640625	0.3	1.0	2	67188	n/a
32.81494140625	0.3	0.0	1	67205	n/a
32.8232421875	0.3	0.0	1	67222	n/a
32.83154296875	0.3	1.0	2	67239	n/a
32.83984375	0.3	1.0	2	67256	n/a
32.84814453125	0.3	0.0	1	67273	n/a
32.8564453125	0.3	0.0	1	67290	n/a
32.86474609375	0.3	1.0	2	67307	n/a
32.873046875	0.3	0.0	1	67324	n/a
32.88134765625	0.3	1.0	2	67341	n/a
32.89013671875	0.3	0.0	1	67359	n/a
32.8984375	0.3	1.0	2	67376	n/a
32.90673828125	0.3	1.0	2	67393	n/a
32.9150390625	0.3	0.0	1	67410	n/a
32.92333984375	0.3	0.0	1	67427	n/a
32.931640625	0.3	1.0	2	67444	n/a
32.93994140625	0.3	1.0	2	67461	n/a
32.9482421875	0.3	0.0	1	67478	n/a
32.95654296875	0.3	1.0	2	67495	n/a
32.96484375	0.3	0.0	1	67512	n/a
32.97314453125	0.3	1.0	2	67529	n/a
32.9814453125	0.3	0.0	1	67546	n/a
32.98974609375	0.3	1.0	2	67563	n/a
32.998046875	0.3	0.0	1	67580	n/a
33.00634765625	0.3	1.0	2	67597	n/a
33.01513671875	0.3	0.0	1	67615	n/a
33.0234375	0.3	0.0	1	67632	n/a
33.03173828125	0.3	1.0	2	67649	n/a
33.0400390625	0.3	0.0	1	67666	n/a
33.04833984375	0.3	1.0	2	67683	n/a
33.056640625	0.3	0.0	1	67700	n/a
33.06494140625	0.3	1.0	2	67717	n/a
33.0732421875	0.3	1.0	2	67734	n/a
33.08154296875	0.3	0.0	1	67751	n/a
33.08984375	0.3	1.0	2	67768	n/a
33.09814453125	0.3	0.0	1	67785	n/a
33.1064453125	0.3	0.0	1	67802	n/a
33.11474609375	0.3	1.0	2	67819	n/a
33.123046875	0.3	0.0	1	67836	n/a
33.13134765625	0.3	1.0	2	67853	n/a
33.14013671875	0.3	1.0	2	67871	n/a
33.1484375	0.3	0.0	1	67888	n/a
33.15673828125	0.3	0.0	1	67905	n/a
33.1650390625	0.3	1.0	2	67922	n/a
33.17333984375	0.3	0.0	1	67939	n/a
33.181640625	0.3	1.0	2	67956	n/a
33.18994140625	0.3	0.0	1	67973	n/a
33.1982421875	0.3	1.0	2	67990	n/a
33.20654296875	0.3	1.0	2	68007	n/a
33.21484375	0.3	0.0	1	68024	n/a
33.22314453125	0.3	0.0	1	68041	n/a
33.2314453125	0.3	1.0	2	68058	n/a
33.23974609375	0.3	0.0	1	68075	n/a
33.248046875	0.3	1.0	2	68092	n/a
33.25634765625	0.3	0.0	1	68109	n/a
33.26513671875	0.3	1.0	2	68127	n/a
33.2734375	0.3	0.0	1	68144	n/a
33.28173828125	0.3	1.0	2	68161	n/a
33.2900390625	0.3	1.0	2	68178	n/a
33.29833984375	0.3	0.0	1	68195	n/a
33.306640625	0.3	0.0	1	68212	n/a
33.31494140625	0.3	1.0	2	68229	n/a
33.3232421875	0.3	1.0	2	68246	n/a
33.33154296875	0.3	0.0	1	68263	n/a
33.33984375	0.3	1.0	2	68280	n/a
33.34814453125	0.3	0.0	1	68297	n/a
33.3564453125	0.3	1.0	2	68314	n/a
33.36474609375	0.3	0.0	1	68331	n/a
33.373046875	0.3	0.0	1	68348	n/a
33.38134765625	0.3	1.0	2	68365	n/a
33.39013671875	0.3	1.0	2	68383	n/a
33.3984375	0.3	0.0	1	68400	n/a
33.40673828125	0.3	0.0	1	68417	n/a
33.4150390625	0.3	1.0	2	68434	n/a
33.42333984375	0.3	0.0	1	68451	n/a
33.431640625	0.3	1.0	2	68468	n/a
33.43994140625	0.3	0.0	1	68485	n/a
33.4482421875	0.3	1.0	2	68502	n/a
33.45654296875	0.3	1.0	2	68519	n/a
33.46484375	0.3	0.0	1	68536	n/a
33.47314453125	0.3	1.0	2	68553	n/a
33.4814453125	0.3	0.0	1	68570	n/a
33.48974609375	0.3	1.0	2	68587	n/a
33.498046875	0.3	0.0	1	68604	n/a
33.50634765625	0.3	0.0	1	68621	n/a
33.51513671875	0.3	1.0	2	68639	n/a
33.5234375	0.3	1.0	2	68656	n/a
33.53173828125	0.3	0.0	1	68673	n/a
33.5400390625	0.3	0.0	1	68690	n/a
33.54833984375	0.3	1.0	2	68707	n/a
33.556640625	0.3	0.0	1	68724	n/a
33.56494140625	0.3	1.0	2	68741	n/a
33.5732421875	0.3	1.0	2	68758	n/a
33.58154296875	0.3	0.0	1	68775	n/a
33.58984375	0.3	1.0	2	68792	n/a
33.59814453125	0.3	0.0	1	68809	n/a
33.6064453125	0.3	0.0	1	68826	n/a
33.61474609375	0.3	1.0	2	68843	n/a
33.623046875	0.3	1.0	2	68860	n/a
33.63134765625	0.3	0.0	1	68877	n/a
33.64013671875	0.3	1.0	2	68895	n/a
33.6484375	0.3	0.0	1	68912	n/a
33.65673828125	0.3	0.0	1	68929	n/a
33.6650390625	0.3	1.0	2	68946	n/a
33.67333984375	0.3	1.0	2	68963	n/a
33.681640625	0.3	0.0	1	68980	n/a
33.68994140625	0.3	1.0	2	68997	n/a
33.6982421875	0.3	0.0	1	69014	n/a
33.70654296875	0.3	1.0	2	69031	n/a
33.71484375	0.3	0.0	1	69048	n/a
33.72314453125	0.3	1.0	2	69065	n/a
33.7314453125	0.3	0.0	1	69082	n/a
33.73974609375	0.3	0.0	1	69099	n/a
33.748046875	0.3	1.0	2	69116	n/a
33.75634765625	0.3	1.0	2	69133	n/a
33.76513671875	0.3	0.0	1	69151	n/a
33.7734375	0.3	0.0	1	69168	n/a
33.78173828125	0.3	1.0	2	69185	n/a
33.7900390625	0.3	0.0	1	69202	n/a
33.79833984375	0.3	1.0	2	69219	n/a
33.806640625	0.3	0.0	1	69236	n/a
33.81494140625	0.3	1.0	2	69253	n/a
33.8232421875	0.3	0.0	1	69270	n/a
33.83154296875	0.3	1.0	2	69287	n/a
33.83984375	0.3	1.0	2	69304	n/a
33.84814453125	0.3	0.0	1	69321	n/a
33.8564453125	0.3	1.0	2	69338	n/a
33.86474609375	0.3	0.0	1	69355	n/a
33.873046875	0.3	0.0	1	69372	n/a
33.88134765625	0.3	1.0	2	69389	n/a
33.89013671875	0.3	1.0	2	69407	n/a
33.8984375	0.3	0.0	1	69424	n/a
33.90673828125	0.3	0.0	1	69441	n/a
33.9150390625	0.3	1.0	2	69458	n/a
33.92333984375	0.3	0.0	1	69475	n/a
33.931640625	0.3	1.0	2	69492	n/a
33.93994140625	0.3	0.0	1	69509	n/a
33.9482421875	0.3	1.0	2	69526	n/a
33.95654296875	0.3	1.0	2	69543	n/a
33.96484375	0.3	0.0	1	69560	n/a
33.97314453125	0.3	0.0	1	69577	n/a
33.9814453125	0.3	1.0	2	69594	n/a
33.98974609375	0.3	1.0	2	69611	n/a
33.998046875	0.3	0.0	1	69628	n/a
34.00634765625	0.3	1.0	2	69645	n/a
34.01513671875	0.3	0.0	1	69663	n/a
34.0234375	0.3	1.0	2	69680	n/a
34.03173828125	0.3	0.0	1	69697	n/a
34.0400390625	0.3	1.0	2	69714	n/a
34.04833984375	0.3	0.0	1	69731	n/a
34.056640625	0.3	1.0	2	69748	n/a
34.06494140625	0.3	0.0	1	69765	n/a
34.0732421875	0.3	0.0	1	69782	n/a
34.08154296875	0.3	1.0	2	69799	n/a
34.08984375	0.3	0.0	1	69816	n/a
34.09814453125	0.3	1.0	2	69833	n/a
34.1064453125	0.3	0.0	1	69850	n/a
34.11474609375	0.3	1.0	2	69867	n/a
34.123046875	0.3	1.0	2	69884	n/a
34.13134765625	0.3	0.0	1	69901	n/a
34.14013671875	0.3	1.0	2	69919	n/a
34.1484375	0.3	0.0	1	69936	n/a
34.15673828125	0.3	0.0	1	69953	n/a
34.1650390625	0.3	1.0	2	69970	n/a
34.17333984375	0.3	0.0	1	69987	n/a
34.181640625	0.3	1.0	2	70004	n/a
34.18994140625	0.3	1.0	2	70021	n/a
34.1982421875	0.3	0.0	1	70038	n/a
34.20654296875	0.3	0.0	1	70055	n/a
34.21484375	0.3	1.0	2	70072	n/a
34.22314453125	0.3	0.0	1	70089	n/a
34.2314453125	0.3	1.0	2	70106	n/a
34.23974609375	0.3	0.0	1	70123	n/a
34.248046875	0.3	1.0	2	70140	n/a
34.25634765625	0.3	1.0	2	70157	n/a
34.26513671875	0.3	0.0	1	70175	n/a
34.2734375	0.3	0.0	1	70192	n/a
34.28173828125	0.3	1.0	2	70209	n/a
34.2900390625	0.3	0.0	1	70226	n/a
34.29833984375	0.3	1.0	2	70243	n/a
34.306640625	0.3	0.0	1	70260	n/a
34.31494140625	0.3	1.0	2	70277	n/a
34.3232421875	0.3	0.0	1	70294	n/a
34.33154296875	0.3	1.0	2	70311	n/a
34.33984375	0.3	1.0	2	70328	n/a
34.34814453125	0.3	0.0	1	70345	n/a
34.3564453125	0.3	0.0	1	70362	n/a
34.36474609375	0.3	1.0	2	70379	n/a
34.373046875	0.3	1.0	2	70396	n/a
34.38134765625	0.3	0.0	1	70413	n/a
34.39013671875	0.3	1.0	2	70431	n/a
34.3984375	0.3	0.0	1	70448	n/a
34.40673828125	0.3	1.0	2	70465	n/a
34.4150390625	0.3	0.0	1	70482	n/a
34.42333984375	0.3	0.0	1	70499	n/a
34.431640625	0.3	1.0	2	70516	n/a
34.43994140625	0.3	1.0	2	70533	n/a
34.4482421875	0.3	0.0	1	70550	n/a
34.45654296875	0.3	0.0	1	70567	n/a
34.46484375	0.3	1.0	2	70584	n/a
34.47314453125	0.3	0.0	1	70601	n/a
34.4814453125	0.3	1.0	2	70618	n/a
34.48974609375	0.3	0.0	1	70635	n/a
34.498046875	0.3	1.0	2	70652	n/a
34.50634765625	0.3	1.0	2	70669	n/a
34.51513671875	0.3	0.0	1	70687	n/a
34.5234375	0.3	1.0	2	70704	n/a
34.53173828125	0.3	0.0	1	70721	n/a
34.5400390625	0.3	1.0	2	70738	n/a
34.54833984375	0.3	0.0	1	70755	n/a
34.556640625	0.3	0.0	1	70772	n/a
34.56494140625	0.3	1.0	2	70789	n/a
34.5732421875	0.3	1.0	2	70806	n/a
34.58154296875	0.3	0.0	1	70823	n/a
34.58984375	0.3	0.0	1	70840	n/a
34.59814453125	0.3	1.0	2	70857	n/a
34.6064453125	0.3	0.0	1	70874	n/a
34.61474609375	0.3	1.0	2	70891	n/a
34.623046875	0.3	1.0	2	70908	n/a
34.63134765625	0.3	0.0	1	70925	n/a
34.64013671875	0.3	1.0	2	70943	n/a
34.6484375	0.3	0.0	1	70960	n/a
34.65673828125	0.3	0.0	1	70977	n/a
34.6650390625	0.3	1.0	2	70994	n/a
34.67333984375	0.3	1.0	2	71011	n/a
34.681640625	0.3	0.0	1	71028	n/a
34.68994140625	0.3	1.0	2	71045	n/a
34.6982421875	0.3	0.0	1	71062	n/a
34.70654296875	0.3	0.0	1	71079	n/a
34.71484375	0.3	1.0	2	71096	n/a
34.72314453125	0.3	1.0	2	71113	n/a
34.7314453125	0.3	0.0	1	71130	n/a
34.73974609375	0.3	1.0	2	71147	n/a
34.748046875	0.3	0.0	1	71164	n/a
34.75634765625	0.3	1.0	2	71181	n/a
34.76513671875	0.3	0.0	1	71199	n/a
37.140625	0.3	1.0	2	76064	20.0
37.14892578125	0.3	0.0	1	76081	n/a
37.1572265625	0.3	1.0	2	76098	n/a
37.16552734375	0.3	0.0	1	76115	n/a
37.173828125	0.3	1.0	2	76132	n/a
37.18212890625	0.3	0.0	1	76149	n/a
37.1904296875	0.3	0.0	1	76166	n/a
37.19873046875	0.3	1.0	2	76183	n/a
37.20751953125	0.3	1.0	2	76201	n/a
37.2158203125	0.3	0.0	1	76218	n/a
37.22412109375	0.3	1.0	2	76235	n/a
37.232421875	0.3	0.0	1	76252	n/a
37.24072265625	0.3	0.0	1	76269	n/a
37.2490234375	0.3	1.0	2	76286	n/a
37.25732421875	0.3	0.0	1	76303	n/a
37.265625	0.3	1.0	2	76320	n/a
37.27392578125	0.3	0.0	1	76337	n/a
37.2822265625	0.3	1.0	2	76354	n/a
37.29052734375	0.3	0.0	1	76371	n/a
37.298828125	0.3	1.0	2	76388	n/a
37.30712890625	0.3	1.0	2	76405	n/a
37.3154296875	0.3	0.0	1	76422	n/a
37.32373046875	0.3	0.0	1	76439	n/a
37.33251953125	0.3	1.0	2	76457	n/a
37.3408203125	0.3	1.0	2	76474	n/a
37.34912109375	0.3	0.0	1	76491	n/a
37.357421875	0.3	0.0	1	76508	n/a
37.36572265625	0.3	1.0	2	76525	n/a
37.3740234375	0.3	1.0	2	76542	n/a
37.38232421875	0.3	0.0	1	76559	n/a
37.390625	0.3	1.0	2	76576	n/a
37.39892578125	0.3	0.0	1	76593	n/a
37.4072265625	0.3	1.0	2	76610	n/a
37.41552734375	0.3	0.0	1	76627	n/a
37.423828125	0.3	1.0	2	76644	n/a
37.43212890625	0.3	0.0	1	76661	n/a
37.4404296875	0.3	1.0	2	76678	n/a
37.44873046875	0.3	0.0	1	76695	n/a
37.45751953125	0.3	1.0	2	76713	n/a
37.4658203125	0.3	0.0	1	76730	n/a
37.47412109375	0.3	0.0	1	76747	n/a
37.482421875	0.3	1.0	2	76764	n/a
37.49072265625	0.3	1.0	2	76781	n/a
37.4990234375	0.3	0.0	1	76798	n/a
37.50732421875	0.3	1.0	2	76815	n/a
37.515625	0.3	0.0	1	76832	n/a
37.52392578125	0.3	0.0	1	76849	n/a
37.5322265625	0.3	1.0	2	76866	n/a
37.54052734375	0.3	1.0	2	76883	n/a
37.548828125	0.3	0.0	1	76900	n/a
37.55712890625	0.3	1.0	2	76917	n/a
37.5654296875	0.3	0.0	1	76934	n/a
37.57373046875	0.3	0.0	1	76951	n/a
37.58251953125	0.3	1.0	2	76969	n/a
37.5908203125	0.3	0.0	1	76986	n/a
37.59912109375	0.3	1.0	2	77003	n/a
37.607421875	0.3	0.0	1	77020	n/a
37.61572265625	0.3	1.0	2	77037	n/a
37.6240234375	0.3	0.0	1	77054	n/a
37.63232421875	0.3	1.0	2	77071	n/a
37.640625	0.3	1.0	2	77088	n/a
37.64892578125	0.3	0.0	1	77105	n/a
37.6572265625	0.3	1.0	2	77122	n/a
37.66552734375	0.3	0.0	1	77139	n/a
37.673828125	0.3	0.0	1	77156	n/a
37.68212890625	0.3	1.0	2	77173	n/a
37.6904296875	0.3	1.0	2	77190	n/a
37.69873046875	0.3	0.0	1	77207	n/a
37.70751953125	0.3	1.0	2	77225	n/a
37.7158203125	0.3	0.0	1	77242	n/a
37.72412109375	0.3	1.0	2	77259	n/a
37.732421875	0.3	0.0	1	77276	n/a
37.74072265625	0.3	0.0	1	77293	n/a
37.7490234375	0.3	1.0	2	77310	n/a
37.75732421875	0.3	1.0	2	77327	n/a
37.765625	0.3	0.0	1	77344	n/a
37.77392578125	0.3	1.0	2	77361	n/a
37.7822265625	0.3	0.0	1	77378	n/a
37.79052734375	0.3	1.0	2	77395	n/a
37.798828125	0.3	0.0	1	77412	n/a
37.80712890625	0.3	0.0	1	77429	n/a
37.8154296875	0.3	1.0	2	77446	n/a
37.82373046875	0.3	1.0	2	77463	n/a
37.83251953125	0.3	0.0	1	77481	n/a
37.8408203125	0.3	1.0	2	77498	n/a
37.84912109375	0.3	0.0	1	77515	n/a
37.857421875	0.3	1.0	2	77532	n/a
37.86572265625	0.3	0.0	1	77549	n/a
37.8740234375	0.3	0.0	1	77566	n/a
37.88232421875	0.3	1.0	2	77583	n/a
37.890625	0.3	0.0	1	77600	n/a
37.89892578125	0.3	1.0	2	77617	n/a
37.9072265625	0.3	1.0	2	77634	n/a
37.91552734375	0.3	0.0	1	77651	n/a
37.923828125	0.3	0.0	1	77668	n/a
37.93212890625	0.3	1.0	2	77685	n/a
37.9404296875	0.3	1.0	2	77702	n/a
37.94873046875	0.3	0.0	1	77719	n/a
37.95751953125	0.3	1.0	2	77737	n/a
37.9658203125	0.3	0.0	1	77754	n/a
37.97412109375	0.3	1.0	2	77771	n/a
37.982421875	0.3	0.0	1	77788	n/a
37.99072265625	0.3	0.0	1	77805	n/a
37.9990234375	0.3	1.0	2	77822	n/a
38.00732421875	0.3	1.0	2	77839	n/a
38.015625	0.3	0.0	1	77856	n/a
38.02392578125	0.3	1.0	2	77873	n/a
38.0322265625	0.3	0.0	1	77890	n/a
38.04052734375	0.3	1.0	2	77907	n/a
38.048828125	0.3	0.0	1	77924	n/a
38.05712890625	0.3	0.0	1	77941	n/a
38.0654296875	0.3	1.0	2	77958	n/a
38.07373046875	0.3	1.0	2	77975	n/a
38.08251953125	0.3	0.0	1	77993	n/a
38.0908203125	0.3	0.0	1	78010	n/a
38.09912109375	0.3	1.0	2	78027	n/a
38.107421875	0.3	1.0	2	78044	n/a
38.11572265625	0.3	0.0	1	78061	n/a
38.1240234375	0.3	1.0	2	78078	n/a
38.13232421875	0.3	0.0	1	78095	n/a
38.140625	0.3	1.0	2	78112	n/a
38.14892578125	0.3	0.0	1	78129	n/a
38.1572265625	0.3	0.0	1	78146	n/a
38.16552734375	0.3	1.0	2	78163	n/a
38.173828125	0.3	0.0	1	78180	n/a
38.18212890625	0.3	1.0	2	78197	n/a
38.1904296875	0.3	1.0	2	78214	n/a
38.19873046875	0.3	0.0	1	78231	n/a
38.20751953125	0.3	1.0	2	78249	n/a
38.2158203125	0.3	0.0	1	78266	n/a
38.22412109375	0.3	1.0	2	78283	n/a
38.232421875	0.3	0.0	1	78300	n/a
38.24072265625	0.3	0.0	1	78317	n/a
38.2490234375	0.3	1.0	2	78334	n/a
38.25732421875	0.3	1.0	2	78351	n/a
38.265625	0.3	0.0	1	78368	n/a
38.27392578125	0.3	1.0	2	78385	n/a
38.2822265625	0.3	0.0	1	78402	n/a
38.29052734375	0.3	0.0	1	78419	n/a
38.298828125	0.3	1.0	2	78436	n/a
38.30712890625	0.3	0.0	1	78453	n/a
38.3154296875	0.3	1.0	2	78470	n/a
38.32373046875	0.3	0.0	1	78487	n/a
38.33251953125	0.3	1.0	2	78505	n/a
38.3408203125	0.3	0.0	1	78522	n/a
38.34912109375	0.3	1.0	2	78539	n/a
38.357421875	0.3	1.0	2	78556	n/a
38.36572265625	0.3	0.0	1	78573	n/a
38.3740234375	0.3	0.0	1	78590	n/a
38.38232421875	0.3	1.0	2	78607	n/a
38.390625	0.3	1.0	2	78624	n/a
38.39892578125	0.3	0.0	1	78641	n/a
38.4072265625	0.3	0.0	1	78658	n/a
38.41552734375	0.3	1.0	2	78675	n/a
38.423828125	0.3	1.0	2	78692	n/a
38.43212890625	0.3	0.0	1	78709	n/a
38.4404296875	0.3	1.0	2	78726	n/a
38.44873046875	0.3	0.0	1	78743	n/a
38.45751953125	0.3	1.0	2	78761	n/a
38.4658203125	0.3	0.0	1	78778	n/a
38.47412109375	0.3	1.0	2	78795	n/a
38.482421875	0.3	0.0	1	78812	n/a
38.49072265625	0.3	1.0	2	78829	n/a
38.4990234375	0.3	0.0	1	78846	n/a
38.50732421875	0.3	1.0	2	78863	n/a
38.515625	0.3	0.0	1	78880	n/a
38.52392578125	0.3	0.0	1	78897	n/a
38.5322265625	0.3	1.0	2	78914	n/a
38.54052734375	0.3	1.0	2	78931	n/a
38.548828125	0.3	0.0	1	78948	n/a
38.55712890625	0.3	1.0	2	78965	n/a
38.5654296875	0.3	0.0	1	78982	n/a
38.57373046875	0.3	0.0	1	78999	n/a
38.58251953125	0.3	1.0	2	79017	n/a
38.5908203125	0.3	1.0	2	79034	n/a
38.59912109375	0.3	0.0	1	79051	n/a
38.607421875	0.3	1.0	2	79068	n/a
38.61572265625	0.3	0.0	1	79085	n/a
38.6240234375	0.3	0.0	1	79102	n/a
38.63232421875	0.3	1.0	2	79119	n/a
38.640625	0.3	0.0	1	79136	n/a
38.64892578125	0.3	1.0	2	79153	n/a
38.6572265625	0.3	0.0	1	79170	n/a
38.66552734375	0.3	1.0	2	79187	n/a
38.673828125	0.3	0.0	1	79204	n/a
38.68212890625	0.3	1.0	2	79221	n/a
38.6904296875	0.3	1.0	2	79238	n/a
38.69873046875	0.3	0.0	1	79255	n/a
38.70751953125	0.3	1.0	2	79273	n/a
38.7158203125	0.3	0.0	1	79290	n/a
38.72412109375	0.3	0.0	1	79307	n/a
38.732421875	0.3	1.0	2	79324	n/a
38.74072265625	0.3	1.0	2	79341	n/a
38.7490234375	0.3	0.0	1	79358	n/a
38.75732421875	0.3	1.0	2	79375	n/a
38.765625	0.3	0.0	1	79392	n/a
38.77392578125	0.3	1.0	2	79409	n/a
38.7822265625	0.3	0.0	1	79426	n/a
38.79052734375	0.3	0.0	1	79443	n/a
38.798828125	0.3	1.0	2	79460	n/a
38.80712890625	0.3	1.0	2	79477	n/a
38.8154296875	0.3	0.0	1	79494	n/a
38.82373046875	0.3	1.0	2	79511	n/a
38.83251953125	0.3	0.0	1	79529	n/a
38.8408203125	0.3	1.0	2	79546	n/a
38.84912109375	0.3	0.0	1	79563	n/a
38.857421875	0.3	0.0	1	79580	n/a
38.86572265625	0.3	1.0	2	79597	n/a
38.8740234375	0.3	1.0	2	79614	n/a
38.88232421875	0.3	0.0	1	79631	n/a
38.890625	0.3	1.0	2	79648	n/a
38.89892578125	0.3	0.0	1	79665	n/a
38.9072265625	0.3	1.0	2	79682	n/a
38.91552734375	0.3	0.0	1	79699	n/a
38.923828125	0.3	0.0	1	79716	n/a
38.93212890625	0.3	1.0	2	79733	n/a
38.9404296875	0.3	0.0	1	79750	n/a
38.94873046875	0.3	1.0	2	79767	n/a
38.95751953125	0.3	1.0	2	79785	n/a
38.9658203125	0.3	0.0	1	79802	n/a
38.97412109375	0.3	0.0	1	79819	n/a
38.982421875	0.3	1.0	2	79836	n/a
38.99072265625	0.3	1.0	2	79853	n/a
38.9990234375	0.3	0.0	1	79870	n/a
39.00732421875	0.3	1.0	2	79887	n/a
39.015625	0.3	0.0	1	79904	n/a
39.02392578125	0.3	1.0	2	79921	n/a
39.0322265625	0.3	0.0	1	79938	n/a
39.04052734375	0.3	0.0	1	79955	n/a
39.048828125	0.3	1.0	2	79972	n/a
39.05712890625	0.3	1.0	2	79989	n/a
39.0654296875	0.3	0.0	1	80006	n/a
39.07373046875	0.3	1.0	2	80023	n/a
39.08251953125	0.3	0.0	1	80041	n/a
39.0908203125	0.3	1.0	2	80058	n/a
39.09912109375	0.3	0.0	1	80075	n/a
39.107421875	0.3	0.0	1	80092	n/a
39.11572265625	0.3	1.0	2	80109	n/a
39.1240234375	0.3	1.0	2	80126	n/a
39.13232421875	0.3	0.0	1	80143	n/a
39.140625	0.3	0.0	1	80160	n/a
39.14892578125	0.3	1.0	2	80177	n/a
39.1572265625	0.3	1.0	2	80194	n/a
39.16552734375	0.3	0.0	1	80211	n/a
39.173828125	0.3	1.0	2	80228	n/a
39.18212890625	0.3	0.0	1	80245	n/a
39.1904296875	0.3	1.0	2	80262	n/a
39.19873046875	0.3	0.0	1	80279	n/a
39.20751953125	0.3	0.0	1	80297	n/a
39.2158203125	0.3	1.0	2	80314	n/a
39.22412109375	0.3	0.0	1	80331	n/a
39.232421875	0.3	1.0	2	80348	n/a
39.24072265625	0.3	1.0	2	80365	n/a
39.2490234375	0.3	0.0	1	80382	n/a
39.25732421875	0.3	1.0	2	80399	n/a
39.265625	0.3	0.0	1	80416	n/a
39.27392578125	0.3	1.0	2	80433	n/a
39.2822265625	0.3	0.0	1	80450	n/a
39.29052734375	0.3	0.0	1	80467	n/a
39.298828125	0.3	1.0	2	80484	n/a
39.30712890625	0.3	1.0	2	80501	n/a
39.3154296875	0.3	0.0	1	80518	n/a
39.32373046875	0.3	1.0	2	80535	n/a
39.33251953125	0.3	0.0	1	80553	n/a
39.3408203125	0.3	0.0	1	80570	n/a
39.34912109375	0.3	1.0	2	80587	n/a
39.357421875	0.3	0.0	1	80604	n/a
39.36572265625	0.3	1.0	2	80621	n/a
39.3740234375	0.3	0.0	1	80638	n/a
39.38232421875	0.3	1.0	2	80655	n/a
39.390625	0.3	0.0	1	80672	n/a
39.39892578125	0.3	1.0	2	80689	n/a
39.4072265625	0.3	1.0	2	80706	n/a
39.41552734375	0.3	0.0	1	80723	n/a
39.423828125	0.3	0.0	1	80740	n/a
39.43212890625	0.3	1.0	2	80757	n/a
39.4404296875	0.3	1.0	2	80774	n/a
39.44873046875	0.3	0.0	1	80791	n/a
39.45751953125	0.3	0.0	1	80809	n/a
39.4658203125	0.3	1.0	2	80826	n/a
39.47412109375	0.3	1.0	2	80843	n/a
39.482421875	0.3	0.0	1	80860	n/a
39.49072265625	0.3	1.0	2	80877	n/a
39.4990234375	0.3	0.0	1	80894	n/a
39.50732421875	0.3	1.0	2	80911	n/a
39.515625	0.3	0.0	1	80928	n/a
39.52392578125	0.3	1.0	2	80945	n/a
39.5322265625	0.3	0.0	1	80962	n/a
39.54052734375	0.3	1.0	2	80979	n/a
39.548828125	0.3	0.0	1	80996	n/a
39.55712890625	0.3	1.0	2	81013	n/a
39.5654296875	0.3	0.0	1	81030	n/a
39.57373046875	0.3	0.0	1	81047	n/a
39.58251953125	0.3	1.0	2	81065	n/a
39.5908203125	0.3	1.0	2	81082	n/a
39.59912109375	0.3	0.0	1	81099	n/a
39.607421875	0.3	1.0	2	81116	n/a
39.61572265625	0.3	0.0	1	81133	n/a
39.6240234375	0.3	0.0	1	81150	n/a
39.63232421875	0.3	1.0	2	81167	n/a
39.640625	0.3	1.0	2	81184	n/a
39.64892578125	0.3	0.0	1	81201	n/a
39.6572265625	0.3	1.0	2	81218	n/a
39.66552734375	0.3	0.0	1	81235	n/a
39.673828125	0.3	0.0	1	81252	n/a
39.68212890625	0.3	1.0	2	81269	n/a
39.6904296875	0.3	0.0	1	81286	n/a
39.69873046875	0.3	1.0	2	81303	n/a
39.70751953125	0.3	0.0	1	81321	n/a
39.7158203125	0.3	1.0	2	81338	n/a
39.72412109375	0.3	0.0	1	81355	n/a
39.732421875	0.3	1.0	2	81372	n/a
39.74072265625	0.3	1.0	2	81389	n/a
39.7490234375	0.3	0.0	1	81406	n/a
39.75732421875	0.3	1.0	2	81423	n/a
39.765625	0.3	0.0	1	81440	n/a
39.77392578125	0.3	0.0	1	81457	n/a
39.7822265625	0.3	1.0	2	81474	n/a
39.79052734375	0.3	1.0	2	81491	n/a
39.798828125	0.3	0.0	1	81508	n/a
39.80712890625	0.3	1.0	2	81525	n/a
39.8154296875	0.3	0.0	1	81542	n/a
39.82373046875	0.3	1.0	2	81559	n/a
39.83251953125	0.3	0.0	1	81577	n/a
39.8408203125	0.3	0.0	1	81594	n/a
39.84912109375	0.3	1.0	2	81611	n/a
39.857421875	0.3	1.0	2	81628	n/a
39.86572265625	0.3	0.0	1	81645	n/a
39.8740234375	0.3	1.0	2	81662	n/a
39.88232421875	0.3	0.0	1	81679	n/a
39.890625	0.3	1.0	2	81696	n/a
39.89892578125	0.3	0.0	1	81713	n/a
39.9072265625	0.3	0.0	1	81730	n/a
39.91552734375	0.3	1.0	2	81747	n/a
39.923828125	0.3	1.0	2	81764	n/a
39.93212890625	0.3	0.0	1	81781	n/a
39.9404296875	0.3	1.0	2	81798	n/a
39.94873046875	0.3	0.0	1	81815	n/a
39.95751953125	0.3	1.0	2	81833	n/a
39.9658203125	0.3	0.0	1	81850	n/a
39.97412109375	0.3	0.0	1	81867	n/a
39.982421875	0.3	1.0	2	81884	n/a
39.99072265625	0.3	0.0	1	81901	n/a
39.9990234375	0.3	1.0	2	81918	n/a
40.00732421875	0.3	1.0	2	81935	n/a
40.015625	0.3	0.0	1	81952	n/a
40.02392578125	0.3	0.0	1	81969	n/a
40.0322265625	0.3	1.0	2	81986	n/a
40.04052734375	0.3	1.0	2	82003	n/a
40.048828125	0.3	0.0	1	82020	n/a
40.05712890625	0.3	1.0	2	82037	n/a
40.0654296875	0.3	0.0	1	82054	n/a
40.07373046875	0.3	1.0	2	82071	n/a
40.08251953125	0.3	0.0	1	82089	n/a
40.0908203125	0.3	0.0	1	82106	n/a
40.09912109375	0.3	1.0	2	82123	n/a
40.107421875	0.3	1.0	2	82140	n/a
40.11572265625	0.3	0.0	1	82157	n/a
40.1240234375	0.3	1.0	2	82174	n/a
40.13232421875	0.3	0.0	1	82191	n/a
40.140625	0.3	1.0	2	82208	n/a
40.14892578125	0.3	0.0	1	82225	n/a
40.1572265625	0.3	0.0	1	82242	n/a
40.16552734375	0.3	1.0	2	82259	n/a
40.173828125	0.3	1.0	2	82276	n/a
40.18212890625	0.3	0.0	1	82293	n/a
40.1904296875	0.3	0.0	1	82310	n/a
40.19873046875	0.3	1.0	2	82327	n/a
40.20751953125	0.3	1.0	2	82345	n/a
40.2158203125	0.3	0.0	1	82362	n/a
40.22412109375	0.3	1.0	2	82379	n/a
40.232421875	0.3	0.0	1	82396	n/a
40.24072265625	0.3	1.0	2	82413	n/a
40.2490234375	0.3	0.0	1	82430	n/a
40.25732421875	0.3	0.0	1	82447	n/a
40.265625	0.3	1.0	2	82464	n/a
40.27392578125	0.3	0.0	1	82481	n/a
40.2822265625	0.3	1.0	2	82498	n/a
40.29052734375	0.3	1.0	2	82515	n/a
40.298828125	0.3	0.0	1	82532	n/a
40.30712890625	0.3	1.0	2	82549	n/a
40.3154296875	0.3	0.0	1	82566	n/a
40.32373046875	0.3	1.0	2	82583	n/a
40.33251953125	0.3	0.0	1	82601	n/a
40.3408203125	0.3	0.0	1	82618	n/a
40.34912109375	0.3	1.0	2	82635	n/a
40.357421875	0.3	1.0	2	82652	n/a
40.36572265625	0.3	0.0	1	82669	n/a
40.3740234375	0.3	1.0	2	82686	n/a
40.38232421875	0.3	0.0	1	82703	n/a
40.390625	0.3	0.0	1	82720	n/a
40.39892578125	0.3	1.0	2	82737	n/a
40.4072265625	0.3	0.0	1	82754	n/a
40.41552734375	0.3	1.0	2	82771	n/a
40.423828125	0.3	0.0	1	82788	n/a
40.43212890625	0.3	1.0	2	82805	n/a
40.4404296875	0.3	0.0	1	82822	n/a
40.44873046875	0.3	1.0	2	82839	n/a
40.45751953125	0.3	1.0	2	82857	n/a
40.4658203125	0.3	0.0	1	82874	n/a
40.47412109375	0.3	0.0	1	82891	n/a
40.482421875	0.3	1.0	2	82908	n/a
40.49072265625	0.3	1.0	2	82925	n/a
40.4990234375	0.3	0.0	1	82942	n/a
40.50732421875	0.3	0.0	1	82959	n/a
40.515625	0.3	1.0	2	82976	n/a
40.52392578125	0.3	1.0	2	82993	n/a
40.5322265625	0.3	0.0	1	83010	n/a
40.54052734375	0.3	1.0	2	83027	n/a
40.548828125	0.3	0.0	1	83044	n/a
40.55712890625	0.3	1.0	2	83061	n/a
40.5654296875	0.3	0.0	1	83078	n/a
40.57373046875	0.3	1.0	2	83095	n/a
40.58251953125	0.3	0.0	1	83113	n/a
40.5908203125	0.3	1.0	2	83130	n/a
40.59912109375	0.3	0.0	1	83147	n/a
40.607421875	0.3	1.0	2	83164	n/a
40.61572265625	0.3	0.0	1	83181	n/a
40.6240234375	0.3	0.0	1	83198	n/a
40.63232421875	0.3	1.0	2	83215	n/a
40.640625	0.3	1.0	2	83232	n/a
40.64892578125	0.3	0.0	1	83249	n/a
40.6572265625	0.3	1.0	2	83266	n/a
40.66552734375	0.3	0.0	1	83283	n/a
40.673828125	0.3	0.0	1	83300	n/a
40.68212890625	0.3	1.0	2	83317	n/a
40.6904296875	0.3	1.0	2	83334	n/a
40.69873046875	0.3	0.0	1	83351	n/a
40.70751953125	0.3	1.0	2	83369	n/a
40.7158203125	0.3	0.0	1	83386	n/a
40.72412109375	0.3	0.0	1	83403	n/a
40.732421875	0.3	1.0	2	83420	n/a
40.74072265625	0.3	0.0	1	83437	n/a
40.7490234375	0.3	1.0	2	83454	n/a
40.75732421875	0.3	0.0	1	83471	n/a
40.765625	0.3	1.0	2	83488	n/a
40.77392578125	0.3	0.0	1	83505	n/a
40.7822265625	0.3	1.0	2	83522	n/a
40.79052734375	0.3	1.0	2	83539	n/a
40.798828125	0.3	0.0	1	83556	n/a
40.80712890625	0.3	1.0	2	83573	n/a
40.8154296875	0.3	0.0	1	83590	n/a
40.82373046875	0.3	0.0	1	83607	n/a
40.83251953125	0.3	1.0	2	83625	n/a
40.8408203125	0.3	1.0	2	83642	n/a
40.84912109375	0.3	0.0	1	83659	n/a
40.857421875	0.3	1.0	2	83676	n/a
40.86572265625	0.3	0.0	1	83693	n/a
40.8740234375	0.3	1.0	2	83710	n/a
40.88232421875	0.3	0.0	1	83727	n/a
40.890625	0.3	0.0	1	83744	n/a
40.89892578125	0.3	1.0	2	83761	n/a
40.9072265625	0.3	1.0	2	83778	n/a
40.91552734375	0.3	0.0	1	83795	n/a
40.923828125	0.3	1.0	2	83812	n/a
40.93212890625	0.3	0.0	1	83829	n/a
40.9404296875	0.3	1.0	2	83846	n/a
40.94873046875	0.3	0.0	1	83863	n/a
40.95751953125	0.3	0.0	1	83881	n/a
40.9658203125	0.3	1.0	2	83898	n/a
40.97412109375	0.3	1.0	2	83915	n/a
40.982421875	0.3	0.0	1	83932	n/a
40.99072265625	0.3	1.0	2	83949	n/a
40.9990234375	0.3	0.0	1	83966	n/a
41.00732421875	0.3	1.0	2	83983	n/a
41.015625	0.3	0.0	1	84000	n/a
41.02392578125	0.3	0.0	1	84017	n/a
41.0322265625	0.3	1.0	2	84034	n/a
41.04052734375	0.3	0.0	1	84051	n/a
41.048828125	0.3	1.0	2	84068	n/a
41.05712890625	0.3	1.0	2	84085	n/a
41.0654296875	0.3	0.0	1	84102	n/a
41.07373046875	0.3	0.0	1	84119	n/a
41.08251953125	0.3	1.0	2	84137	n/a
41.0908203125	0.3	1.0	2	84154	n/a
41.09912109375	0.3	0.0	1	84171	n/a
41.107421875	0.3	1.0	2	84188	n/a
41.11572265625	0.3	0.0	1	84205	n/a
41.1240234375	0.3	1.0	2	84222	n/a
41.13232421875	0.3	0.0	1	84239	n/a
41.140625	0.3	0.0	1	84256	n/a
41.14892578125	0.3	1.0	2	84273	n/a
41.1572265625	0.3	1.0	2	84290	n/a
41.16552734375	0.3	0.0	1	84307	n/a
41.173828125	0.3	1.0	2	84324	n/a
41.18212890625	0.3	0.0	1	84341	n/a
41.1904296875	0.3	1.0	2	84358	n/a
41.19873046875	0.3	0.0	1	84375	n/a
41.20751953125	0.3	0.0	1	84393	n/a
41.2158203125	0.3	1.0	2	84410	n/a
41.22412109375	0.3	1.0	2	84427	n/a
41.232421875	0.3	0.0	1	84444	n/a
41.24072265625	0.3	0.0	1	84461	n/a
41.2490234375	0.3	1.0	2	84478	n/a
41.25732421875	0.3	1.0	2	84495	n/a
41.265625	0.3	0.0	1	84512	n/a
41.27392578125	0.3	1.0	2	84529	n/a
41.2822265625	0.3	0.0	1	84546	n/a
41.29052734375	0.3	1.0	2	84563	n/a
41.298828125	0.3	0.0	1	84580	n/a
41.30712890625	0.3	0.0	1	84597	n/a
41.3154296875	0.3	1.0	2	84614	n/a
41.32373046875	0.3	0.0	1	84631	n/a
41.33251953125	0.3	1.0	2	84649	n/a
43.7158203125	0.3	1.0	2	89530	25.0
43.72412109375	0.3	0.0	1	89547	n/a
43.732421875	0.3	0.0	1	89564	n/a
43.74072265625	0.3	1.0	2	89581	n/a
43.7490234375	0.3	1.0	2	89598	n/a
43.75732421875	0.3	0.0	1	89615	n/a
43.765625	0.3	1.0	2	89632	n/a
43.77392578125	0.3	0.0	1	89649	n/a
43.78271484375	0.3	1.0	2	89667	n/a
43.791015625	0.3	0.0	1	89684	n/a
43.79931640625	0.3	1.0	2	89701	n/a
43.8076171875	0.3	0.0	1	89718	n/a
43.81591796875	0.3	0.0	1	89735	n/a
43.82421875	0.3	1.0	2	89752	n/a
43.83251953125	0.3	1.0	2	89769	n/a
43.8408203125	0.3	0.0	1	89786	n/a
43.84912109375	0.3	1.0	2	89803	n/a
43.857421875	0.3	0.0	1	89820	n/a
43.86572265625	0.3	0.0	1	89837	n/a
43.8740234375	0.3	1.0	2	89854	n/a
43.88232421875	0.3	1.0	2	89871	n/a
43.890625	0.3	0.0	1	89888	n/a
43.89892578125	0.3	1.0	2	89905	n/a
43.90771484375	0.3	0.0	1	89923	n/a
43.916015625	0.3	0.0	1	89940	n/a
43.92431640625	0.3	1.0	2	89957	n/a
43.9326171875	0.3	1.0	2	89974	n/a
43.94091796875	0.3	0.0	1	89991	n/a
43.94921875	0.3	0.0	1	90008	n/a
43.95751953125	0.3	1.0	2	90025	n/a
43.9658203125	0.3	1.0	2	90042	n/a
43.97412109375	0.3	0.0	1	90059	n/a
43.982421875	0.3	0.0	1	90076	n/a
43.99072265625	0.3	1.0	2	90093	n/a
43.9990234375	0.3	0.0	1	90110	n/a
44.00732421875	0.3	1.0	2	90127	n/a
44.015625	0.3	0.0	1	90144	n/a
44.02392578125	0.3	1.0	2	90161	n/a
44.03271484375	0.3	1.0	2	90179	n/a
44.041015625	0.3	0.0	1	90196	n/a
44.04931640625	0.3	1.0	2	90213	n/a
44.0576171875	0.3	0.0	1	90230	n/a
44.06591796875	0.3	1.0	2	90247	n/a
44.07421875	0.3	0.0	1	90264	n/a
44.08251953125	0.3	0.0	1	90281	n/a
44.0908203125	0.3	1.0	2	90298	n/a
44.09912109375	0.3	1.0	2	90315	n/a
44.107421875	0.3	0.0	1	90332	n/a
44.11572265625	0.3	1.0	2	90349	n/a
44.1240234375	0.3	0.0	1	90366	n/a
44.13232421875	0.3	0.0	1	90383	n/a
44.140625	0.3	1.0	2	90400	n/a
44.14892578125	0.3	0.0	1	90417	n/a
44.15771484375	0.3	1.0	2	90435	n/a
44.166015625	0.3	0.0	1	90452	n/a
44.17431640625	0.3	1.0	2	90469	n/a
44.1826171875	0.3	1.0	2	90486	n/a
44.19091796875	0.3	0.0	1	90503	n/a
44.19921875	0.3	1.0	2	90520	n/a
44.20751953125	0.3	0.0	1	90537	n/a
44.2158203125	0.3	1.0	2	90554	n/a
44.22412109375	0.3	0.0	1	90571	n/a
44.232421875	0.3	0.0	1	90588	n/a
44.24072265625	0.3	1.0	2	90605	n/a
44.2490234375	0.3	1.0	2	90622	n/a
44.25732421875	0.3	0.0	1	90639	n/a
44.265625	0.3	1.0	2	90656	n/a
44.27392578125	0.3	0.0	1	90673	n/a
44.28271484375	0.3	1.0	2	90691	n/a
44.291015625	0.3	0.0	1	90708	n/a
44.29931640625	0.3	1.0	2	90725	n/a
44.3076171875	0.3	0.0	1	90742	n/a
44.31591796875	0.3	1.0	2	90759	n/a
44.32421875	0.3	0.0	1	90776	n/a
44.33251953125	0.3	1.0	2	90793	n/a
44.3408203125	0.3	0.0	1	90810	n/a
44.34912109375	0.3	1.0	2	90827	n/a
44.357421875	0.3	0.0	1	90844	n/a
44.36572265625	0.3	0.0	1	90861	n/a
44.3740234375	0.3	1.0	2	90878	n/a
44.38232421875	0.3	0.0	1	90895	n/a
44.390625	0.3	1.0	2	90912	n/a
44.39892578125	0.3	1.0	2	90929	n/a
44.40771484375	0.3	0.0	1	90947	n/a
44.416015625	0.3	1.0	2	90964	n/a
44.42431640625	0.3	0.0	1	90981	n/a
44.4326171875	0.3	1.0	2	90998	n/a
44.44091796875	0.3	0.0	1	91015	n/a
44.44921875	0.3	1.0	2	91032	n/a
44.45751953125	0.3	0.0	1	91049	n/a
44.4658203125	0.3	1.0	2	91066	n/a
44.47412109375	0.3	0.0	1	91083	n/a
44.482421875	0.3	0.0	1	91100	n/a
44.49072265625	0.3	1.0	2	91117	n/a
44.4990234375	0.3	0.0	1	91134	n/a
44.50732421875	0.3	1.0	2	91151	n/a
44.515625	0.3	1.0	2	91168	n/a
44.52392578125	0.3	0.0	1	91185	n/a
44.53271484375	0.3	1.0	2	91203	n/a
44.541015625	0.3	0.0	1	91220	n/a
44.54931640625	0.3	1.0	2	91237	n/a
44.5576171875	0.3	0.0	1	91254	n/a
44.56591796875	0.3	0.0	1	91271	n/a
44.57421875	0.3	1.0	2	91288	n/a
44.58251953125	0.3	0.0	1	91305	n/a
44.5908203125	0.3	1.0	2	91322	n/a
44.59912109375	0.3	1.0	2	91339	n/a
44.607421875	0.3	0.0	1	91356	n/a
44.61572265625	0.3	0.0	1	91373	n/a
44.6240234375	0.3	1.0	2	91390	n/a
44.63232421875	0.3	1.0	2	91407	n/a
44.640625	0.3	0.0	1	91424	n/a
44.64892578125	0.3	0.0	1	91441	n/a
44.65771484375	0.3	1.0	2	91459	n/a
44.666015625	0.3	1.0	2	91476	n/a
44.67431640625	0.3	0.0	1	91493	n/a
44.6826171875	0.3	0.0	1	91510	n/a
44.69091796875	0.3	1.0	2	91527	n/a
44.69921875	0.3	0.0	1	91544	n/a
44.70751953125	0.3	1.0	2	91561	n/a
44.7158203125	0.3	1.0	2	91578	n/a
44.72412109375	0.3	0.0	1	91595	n/a
44.732421875	0.3	0.0	1	91612	n/a
44.74072265625	0.3	1.0	2	91629	n/a
44.7490234375	0.3	1.0	2	91646	n/a
44.75732421875	0.3	0.0	1	91663	n/a
44.765625	0.3	1.0	2	91680	n/a
44.77392578125	0.3	0.0	1	91697	n/a
44.78271484375	0.3	0.0	1	91715	n/a
44.791015625	0.3	1.0	2	91732	n/a
44.79931640625	0.3	1.0	2	91749	n/a
44.8076171875	0.3	0.0	1	91766	n/a
44.81591796875	0.3	1.0	2	91783	n/a
44.82421875	0.3	0.0	1	91800	n/a
44.83251953125	0.3	1.0	2	91817	n/a
44.8408203125	0.3	0.0	1	91834	n/a
44.84912109375	0.3	1.0	2	91851	n/a
44.857421875	0.3	0.0	1	91868	n/a
44.86572265625	0.3	0.0	1	91885	n/a
44.8740234375	0.3	1.0	2	91902	n/a
44.88232421875	0.3	1.0	2	91919	n/a
44.890625	0.3	0.0	1	91936	n/a
44.89892578125	0.3	1.0	2	91953	n/a
44.90771484375	0.3	0.0	1	91971	n/a
44.916015625	0.3	0.0	1	91988	n/a
44.92431640625	0.3	1.0	2	92005	n/a
44.9326171875	0.3	1.0	2	92022	n/a
44.94091796875	0.3	0.0	1	92039	n/a
44.94921875	0.3	1.0	2	92056	n/a
44.95751953125	0.3	0.0	1	92073	n/a
44.9658203125	0.3	0.0	1	92090	n/a
44.97412109375	0.3	1.0	2	92107	n/a
44.982421875	0.3	1.0	2	92124	n/a
44.99072265625	0.3	0.0	1	92141	n/a
44.9990234375	0.3	0.0	1	92158	n/a
45.00732421875	0.3	1.0	2	92175	n/a
45.015625	0.3	1.0	2	92192	n/a
45.02392578125	0.3	0.0	1	92209	n/a
45.03271484375	0.3	0.0	1	92227	n/a
45.041015625	0.3	1.0	2	92244	n/a
45.04931640625	0.3	0.0	1	92261	n/a
45.0576171875	0.3	1.0	2	92278	n/a
45.06591796875	0.3	0.0	1	92295	n/a
45.07421875	0.3	1.0	2	92312	n/a
45.08251953125	0.3	1.0	2	92329	n/a
45.0908203125	0.3	0.0	1	92346	n/a
45.09912109375	0.3	1.0	2	92363	n/a
45.107421875	0.3	0.0	1	92380	n/a
45.11572265625	0.3	1.0	2	92397	n/a
45.1240234375	0.3	0.0	1	92414	n/a
45.13232421875	0.3	0.0	1	92431	n/a
45.140625	0.3	1.0	2	92448	n/a
45.14892578125	0.3	1.0	2	92465	n/a
45.15771484375	0.3	0.0	1	92483	n/a
45.166015625	0.3	1.0	2	92500	n/a
45.17431640625	0.3	0.0	1	92517	n/a
45.1826171875	0.3	0.0	1	92534	n/a
45.19091796875	0.3	1.0	2	92551	n/a
45.19921875	0.3	0.0	1	92568	n/a
45.20751953125	0.3	1.0	2	92585	n/a
45.2158203125	0.3	0.0	1	92602	n/a
45.22412109375	0.3	1.0	2	92619	n/a
45.232421875	0.3	1.0	2	92636	n/a
45.24072265625	0.3	0.0	1	92653	n/a
45.2490234375	0.3	1.0	2	92670	n/a
45.25732421875	0.3	0.0	1	92687	n/a
45.265625	0.3	1.0	2	92704	n/a
45.27392578125	0.3	0.0	1	92721	n/a
45.28271484375	0.3	0.0	1	92739	n/a
45.291015625	0.3	1.0	2	92756	n/a
45.29931640625	0.3	1.0	2	92773	n/a
45.3076171875	0.3	0.0	1	92790	n/a
45.31591796875	0.3	1.0	2	92807	n/a
45.32421875	0.3	0.0	1	92824	n/a
45.33251953125	0.3	1.0	2	92841	n/a
45.3408203125	0.3	0.0	1	92858	n/a
45.34912109375	0.3	1.0	2	92875	n/a
45.357421875	0.3	0.0	1	92892	n/a
45.36572265625	0.3	1.0	2	92909	n/a
45.3740234375	0.3	0.0	1	92926	n/a
45.38232421875	0.3	1.0	2	92943	n/a
45.390625	0.3	0.0	1	92960	n/a
45.39892578125	0.3	1.0	2	92977	n/a
45.40771484375	0.3	0.0	1	92995	n/a
45.416015625	0.3	0.0	1	93012	n/a
45.42431640625	0.3	1.0	2	93029	n/a
45.4326171875	0.3	0.0	1	93046	n/a
45.44091796875	0.3	1.0	2	93063	n/a
45.44921875	0.3	1.0	2	93080	n/a
45.45751953125	0.3	0.0	1	93097	n/a
45.4658203125	0.3	1.0	2	93114	n/a
45.47412109375	0.3	0.0	1	93131	n/a
45.482421875	0.3	1.0	2	93148	n/a
45.49072265625	0.3	0.0	1	93165	n/a
45.4990234375	0.3	1.0	2	93182	n/a
45.50732421875	0.3	0.0	1	93199	n/a
45.515625	0.3	1.0	2	93216	n/a
45.52392578125	0.3	0.0	1	93233	n/a
45.53271484375	0.3	0.0	1	93251	n/a
45.541015625	0.3	1.0	2	93268	n/a
45.54931640625	0.3	0.0	1	93285	n/a
45.5576171875	0.3	1.0	2	93302	n/a
45.56591796875	0.3	1.0	2	93319	n/a
45.57421875	0.3	0.0	1	93336	n/a
45.58251953125	0.3	1.0	2	93353	n/a
45.5908203125	0.3	0.0	1	93370	n/a
45.59912109375	0.3	1.0	2	93387	n/a
45.607421875	0.3	0.0	1	93404	n/a
45.61572265625	0.3	0.0	1	93421	n/a
45.6240234375	0.3	1.0	2	93438	n/a
45.63232421875	0.3	0.0	1	93455	n/a
45.640625	0.3	1.0	2	93472	n/a
45.64892578125	0.3	1.0	2	93489	n/a
45.65771484375	0.3	0.0	1	93507	n/a
45.666015625	0.3	0.0	1	93524	n/a
45.67431640625	0.3	1.0	2	93541	n/a
45.6826171875	0.3	1.0	2	93558	n/a
45.69091796875	0.3	0.0	1	93575	n/a
45.69921875	0.3	0.0	1	93592	n/a
45.70751953125	0.3	1.0	2	93609	n/a
45.7158203125	0.3	1.0	2	93626	n/a
45.72412109375	0.3	0.0	1	93643	n/a
45.732421875	0.3	0.0	1	93660	n/a
45.74072265625	0.3	1.0	2	93677	n/a
45.7490234375	0.3	0.0	1	93694	n/a
45.75732421875	0.3	1.0	2	93711	n/a
45.765625	0.3	1.0	2	93728	n/a
45.77392578125	0.3	0.0	1	93745	n/a
45.78271484375	0.3	0.0	1	93763	n/a
45.791015625	0.3	1.0	2	93780	n/a
45.79931640625	0.3	1.0	2	93797	n/a
45.8076171875	0.3	0.0	1	93814	n/a
45.81591796875	0.3	1.0	2	93831	n/a
45.82421875	0.3	0.0	1	93848	n/a
45.83251953125	0.3	0.0	1	93865	n/a
45.8408203125	0.3	1.0	2	93882	n/a
45.84912109375	0.3	1.0	2	93899	n/a
45.857421875	0.3	0.0	1	93916	n/a
45.86572265625	0.3	1.0	2	93933	n/a
45.8740234375	0.3	0.0	1	93950	n/a
45.88232421875	0.3	1.0	2	93967	n/a
45.890625	0.3	0.0	1	93984	n/a
45.89892578125	0.3	1.0	2	94001	n/a
45.90771484375	0.3	0.0	1	94019	n/a
45.916015625	0.3	0.0	1	94036	n/a
45.92431640625	0.3	1.0	2	94053	n/a
45.9326171875	0.3	1.0	2	94070	n/a
45.94091796875	0.3	0.0	1	94087	n/a
45.94921875	0.3	1.0	2	94104	n/a
45.95751953125	0.3	0.0	1	94121	n/a
45.9658203125	0.3	0.0	1	94138	n/a
45.97412109375	0.3	1.0	2	94155	n/a
45.982421875	0.3	1.0	2	94172	n/a
45.99072265625	0.3	0.0	1	94189	n/a
45.9990234375	0.3	1.0	2	94206	n/a
46.00732421875	0.3	0.0	1	94223	n/a
46.015625	0.3	0.0	1	94240	n/a
46.02392578125	0.3	1.0	2	94257	n/a
46.03271484375	0.3	1.0	2	94275	n/a
46.041015625	0.3	0.0	1	94292	n/a
46.04931640625	0.3	0.0	1	94309	n/a
46.0576171875	0.3	1.0	2	94326	n/a
46.06591796875	0.3	1.0	2	94343	n/a
46.07421875	0.3	0.0	1	94360	n/a
46.08251953125	0.3	0.0	1	94377	n/a
46.0908203125	0.3	1.0	2	94394	n/a
46.09912109375	0.3	0.0	1	94411	n/a
46.107421875	0.3	1.0	2	94428	n/a
46.11572265625	0.3	0.0	1	94445	n/a
46.1240234375	0.3	1.0	2	94462	n/a
46.13232421875	0.3	1.0	2	94479	n/a
46.140625	0.3	0.0	1	94496	n/a
46.14892578125	0.3	1.0	2	94513	n/a
46.15771484375	0.3	0.0	1	94531	n/a
46.166015625	0.3	1.0	2	94548	n/a
46.17431640625	0.3	0.0	1	94565	n/a
46.1826171875	0.3	0.0	1	94582	n/a
46.19091796875	0.3	1.0	2	94599	n/a
46.19921875	0.3	1.0	2	94616	n/a
46.20751953125	0.3	0.0	1	94633	n/a
46.2158203125	0.3	1.0	2	94650	n/a
46.22412109375	0.3	0.0	1	94667	n/a
46.232421875	0.3	0.0	1	94684	n/a
46.24072265625	0.3	1.0	2	94701	n/a
46.2490234375	0.3	0.0	1	94718	n/a
46.25732421875	0.3	1.0	2	94735	n/a
46.265625	0.3	0.0	1	94752	n/a
46.27392578125	0.3	1.0	2	94769	n/a
46.28271484375	0.3	1.0	2	94787	n/a
46.291015625	0.3	0.0	1	94804	n/a
46.29931640625	0.3	1.0	2	94821	n/a
46.3076171875	0.3	0.0	1	94838	n/a
46.31591796875	0.3	1.0	2	94855	n/a
46.32421875	0.3	0.0	1	94872	n/a
46.33251953125	0.3	0.0	1	94889	n/a
46.3408203125	0.3	1.0	2	94906	n/a
46.34912109375	0.3	1.0	2	94923	n/a
46.357421875	0.3	0.0	1	94940	n/a
46.36572265625	0.3	1.0	2	94957	n/a
46.3740234375	0.3	0.0	1	94974	n/a
46.38232421875	0.3	1.0	2	94991	n/a
46.390625	0.3	0.0	1	95008	n/a
46.39892578125	0.3	1.0	2	95025	n/a
46.40771484375	0.3	0.0	1	95043	n/a
46.416015625	0.3	1.0	2	95060	n/a
46.42431640625	0.3	0.0	1	95077	n/a
46.4326171875	0.3	1.0	2	95094	n/a
46.44091796875	0.3	0.0	1	95111	n/a
46.44921875	0.3	1.0	2	95128	n/a
46.45751953125	0.3	0.0	1	95145	n/a
46.4658203125	0.3	0.0	1	95162	n/a
46.47412109375	0.3	1.0	2	95179	n/a
46.482421875	0.3	0.0	1	95196	n/a
46.49072265625	0.3	1.0	2	95213	n/a
46.4990234375	0.3	1.0	2	95230	n/a
46.50732421875	0.3	0.0	1	95247	n/a
46.515625	0.3	1.0	2	95264	n/a
46.52392578125	0.3	0.0	1	95281	n/a
46.53271484375	0.3	1.0	2	95299	n/a
46.541015625	0.3	0.0	1	95316	n/a
46.54931640625	0.3	1.0	2	95333	n/a
46.5576171875	0.3	0.0	1	95350	n/a
46.56591796875	0.3	1.0	2	95367	n/a
46.57421875	0.3	0.0	1	95384	n/a
46.58251953125	0.3	0.0	1	95401	n/a
46.5908203125	0.3	1.0	2	95418	n/a
46.59912109375	0.3	0.0	1	95435	n/a
46.607421875	0.3	1.0	2	95452	n/a
46.61572265625	0.3	1.0	2	95469	n/a
46.6240234375	0.3	0.0	1	95486	n/a
46.63232421875	0.3	1.0	2	95503	n/a
46.640625	0.3	0.0	1	95520	n/a
46.64892578125	0.3	1.0	2	95537	n/a
46.65771484375	0.3	0.0	1	95555	n/a
46.666015625	0.3	0.0	1	95572	n/a
46.67431640625	0.3	1.0	2	95589	n/a
46.6826171875	0.3	0.0	1	95606	n/a
46.69091796875	0.3	1.0	2	95623	n/a
46.69921875	0.3	1.0	2	95640	n/a
46.70751953125	0.3	0.0	1	95657	n/a
46.7158203125	0.3	0.0	1	95674	n/a
46.72412109375	0.3	1.0	2	95691	n/a
46.732421875	0.3	1.0	2	95708	n/a
46.74072265625	0.3	0.0	1	95725	n/a
46.7490234375	0.3	0.0	1	95742	n/a
46.75732421875	0.3	1.0	2	95759	n/a
46.765625	0.3	1.0	2	95776	n/a
46.77392578125	0.3	0.0	1	95793	n/a
46.78271484375	0.3	0.0	1	95811	n/a
46.791015625	0.3	1.0	2	95828	n/a
46.79931640625	0.3	0.0	1	95845	n/a
46.8076171875	0.3	1.0	2	95862	n/a
46.81591796875	0.3	1.0	2	95879	n/a
46.82421875	0.3	0.0	1	95896	n/a
46.83251953125	0.3	0.0	1	95913	n/a
46.8408203125	0.3	1.0	2	95930	n/a
46.84912109375	0.3	1.0	2	95947	n/a
46.857421875	0.3	0.0	1	95964	n/a
46.86572265625	0.3	1.0	2	95981	n/a
46.8740234375	0.3	0.0	1	95998	n/a
46.88232421875	0.3	0.0	1	96015	n/a
46.890625	0.3	1.0	2	96032	n/a
46.89892578125	0.3	1.0	2	96049	n/a
46.90771484375	0.3	0.0	1	96067	n/a
46.916015625	0.3	1.0	2	96084	n/a
46.92431640625	0.3	0.0	1	96101	n/a
46.9326171875	0.3	1.0	2	96118	n/a
46.94091796875	0.3	0.0	1	96135	n/a
46.94921875	0.3	1.0	2	96152	n/a
46.95751953125	0.3	0.0	1	96169	n/a
46.9658203125	0.3	0.0	1	96186	n/a
46.97412109375	0.3	1.0	2	96203	n/a
46.982421875	0.3	1.0	2	96220	n/a
46.99072265625	0.3	0.0	1	96237	n/a
46.9990234375	0.3	1.0	2	96254	n/a
47.00732421875	0.3	0.0	1	96271	n/a
47.015625	0.3	0.0	1	96288	n/a
47.02392578125	0.3	1.0	2	96305	n/a
47.03271484375	0.3	1.0	2	96323	n/a
47.041015625	0.3	0.0	1	96340	n/a
47.04931640625	0.3	1.0	2	96357	n/a
47.0576171875	0.3	0.0	1	96374	n/a
47.06591796875	0.3	0.0	1	96391	n/a
47.07421875	0.3	1.0	2	96408	n/a
47.08251953125	0.3	1.0	2	96425	n/a
47.0908203125	0.3	0.0	1	96442	n/a
47.09912109375	0.3	0.0	1	96459	n/a
47.107421875	0.3	1.0	2	96476	n/a
47.11572265625	0.3	1.0	2	96493	n/a
47.1240234375	0.3	0.0	1	96510	n/a
47.13232421875	0.3	0.0	1	96527	n/a
47.140625	0.3	1.0	2	96544	n/a
47.14892578125	0.3	0.0	1	96561	n/a
47.15771484375	0.3	1.0	2	96579	n/a
47.166015625	0.3	0.0	1	96596	n/a
47.17431640625	0.3	1.0	2	96613	n/a
47.1826171875	0.3	1.0	2	96630	n/a
47.19091796875	0.3	0.0	1	96647	n/a
47.19921875	0.3	1.0	2	96664	n/a
47.20751953125	0.3	0.0	1	96681	n/a
47.2158203125	0.3	1.0	2	96698	n/a
47.22412109375	0.3	0.0	1	96715	n/a
47.232421875	0.3	0.0	1	96732	n/a
47.24072265625	0.3	1.0	2	96749	n/a
47.2490234375	0.3	1.0	2	96766	n/a
47.25732421875	0.3	0.0	1	96783	n/a
47.265625	0.3	1.0	2	96800	n/a
47.27392578125	0.3	0.0	1	96817	n/a
47.28271484375	0.3	0.0	1	96835	n/a
47.291015625	0.3	1.0	2	96852	n/a
47.29931640625	0.3	0.0	1	96869	n/a
47.3076171875	0.3	1.0	2	96886	n/a
47.31591796875	0.3	0.0	1	96903	n/a
47.32421875	0.3	1.0	2	96920	n/a
47.33251953125	0.3	1.0	2	96937	n/a
47.3408203125	0.3	0.0	1	96954	n/a
47.34912109375	0.3	1.0	2	96971	n/a
47.357421875	0.3	0.0	1	96988	n/a
47.36572265625	0.3	1.0	2	97005	n/a
47.3740234375	0.3	0.0	1	97022	n/a
47.38232421875	0.3	0.0	1	97039	n/a
47.390625	0.3	1.0	2	97056	n/a
47.39892578125	0.3	1.0	2	97073	n/a
47.40771484375	0.3	0.0	1	97091	n/a
47.416015625	0.3	1.0	2	97108	n/a
47.42431640625	0.3	0.0	1	97125	n/a
47.4326171875	0.3	1.0	2	97142	n/a
47.44091796875	0.3	0.0	1	97159	n/a
47.44921875	0.3	1.0	2	97176	n/a
47.45751953125	0.3	0.0	1	97193	n/a
47.4658203125	0.3	1.0	2	97210	n/a
47.47412109375	0.3	0.0	1	97227	n/a
47.482421875	0.3	1.0	2	97244	n/a
47.49072265625	0.3	0.0	1	97261	n/a
47.4990234375	0.3	1.0	2	97278	n/a
47.50732421875	0.3	0.0	1	97295	n/a
47.515625	0.3	0.0	1	97312	n/a
47.52392578125	0.3	1.0	2	97329	n/a
47.53271484375	0.3	0.0	1	97347	n/a
47.541015625	0.3	1.0	2	97364	n/a
47.54931640625	0.3	1.0	2	97381	n/a
47.5576171875	0.3	0.0	1	97398	n/a
47.56591796875	0.3	1.0	2	97415	n/a
47.57421875	0.3	0.0	1	97432	n/a
47.58251953125	0.3	1.0	2	97449	n/a
47.5908203125	0.3	0.0	1	97466	n/a
47.59912109375	0.3	1.0	2	97483	n/a
47.607421875	0.3	0.0	1	97500	n/a
47.61572265625	0.3	1.0	2	97517	n/a
47.6240234375	0.3	0.0	1	97534	n/a
47.63232421875	0.3	0.0	1	97551	n/a
47.640625	0.3	1.0	2	97568	n/a
47.64892578125	0.3	0.0	1	97585	n/a
47.65771484375	0.3	1.0	2	97603	n/a
47.666015625	0.3	1.0	2	97620	n/a
47.67431640625	0.3	0.0	1	97637	n/a
47.6826171875	0.3	1.0	2	97654	n/a
47.69091796875	0.3	0.0	1	97671	n/a
47.69921875	0.3	1.0	2	97688	n/a
47.70751953125	0.3	0.0	1	97705	n/a
47.7158203125	0.3	0.0	1	97722	n/a
47.72412109375	0.3	1.0	2	97739	n/a
47.732421875	0.3	0.0	1	97756	n/a
47.74072265625	0.3	1.0	2	97773	n/a
47.7490234375	0.3	1.0	2	97790	n/a
47.75732421875	0.3	0.0	1	97807	n/a
47.765625	0.3	0.0	1	97824	n/a
47.77392578125	0.3	1.0	2	97841	n/a
47.78271484375	0.3	1.0	2	97859	n/a
47.791015625	0.3	0.0	1	97876	n/a
47.79931640625	0.3	0.0	1	97893	n/a
47.8076171875	0.3	1.0	2	97910	n/a
47.81591796875	0.3	1.0	2	97927	n/a
47.82421875	0.3	0.0	1	97944	n/a
47.83251953125	0.3	0.0	1	97961	n/a
47.8408203125	0.3	1.0	2	97978	n/a
47.84912109375	0.3	0.0	1	97995	n/a
47.857421875	0.3	1.0	2	98012	n/a
47.86572265625	0.3	1.0	2	98029	n/a
47.8740234375	0.3	0.0	1	98046	n/a
47.88232421875	0.3	0.0	1	98063	n/a
47.890625	0.3	1.0	2	98080	n/a
47.89892578125	0.3	1.0	2	98097	n/a
47.90771484375	0.3	0.0	1	98115	n/a
50.2998046875	0.3	1.0	2	103014	19.0
50.30810546875	0.3	0.0	1	103031	n/a
50.31640625	0.3	0.0	1	103048	n/a
50.32470703125	0.3	1.0	2	103065	n/a
50.3330078125	0.3	0.0	1	103082	n/a
50.34130859375	0.3	1.0	2	103099	n/a
50.349609375	0.3	0.0	1	103116	n/a
50.35791015625	0.3	1.0	2	103133	n/a
50.36669921875	0.3	1.0	2	103151	n/a
50.375	0.3	0.0	1	103168	n/a
50.38330078125	0.3	1.0	2	103185	n/a
50.3916015625	0.3	0.0	1	103202	n/a
50.39990234375	0.3	1.0	2	103219	n/a
50.408203125	0.3	0.0	1	103236	n/a
50.41650390625	0.3	0.0	1	103253	n/a
50.4248046875	0.3	1.0	2	103270	n/a
50.43310546875	0.3	0.0	1	103287	n/a
50.44140625	0.3	1.0	2	103304	n/a
50.44970703125	0.3	1.0	2	103321	n/a
50.4580078125	0.3	0.0	1	103338	n/a
50.46630859375	0.3	1.0	2	103355	n/a
50.474609375	0.3	0.0	1	103372	n/a
50.48291015625	0.3	0.0	1	103389	n/a
50.49169921875	0.3	1.0	2	103407	n/a
50.5	0.3	1.0	2	103424	n/a
50.50830078125	0.3	0.0	1	103441	n/a
50.5166015625	0.3	0.0	1	103458	n/a
50.52490234375	0.3	1.0	2	103475	n/a
50.533203125	0.3	0.0	1	103492	n/a
50.54150390625	0.3	1.0	2	103509	n/a
50.5498046875	0.3	0.0	1	103526	n/a
50.55810546875	0.3	1.0	2	103543	n/a
50.56640625	0.3	0.0	1	103560	n/a
50.57470703125	0.3	1.0	2	103577	n/a
50.5830078125	0.3	1.0	2	103594	n/a
50.59130859375	0.3	0.0	1	103611	n/a
50.599609375	0.3	1.0	2	103628	n/a
50.60791015625	0.3	0.0	1	103645	n/a
50.61669921875	0.3	1.0	2	103663	n/a
50.625	0.3	0.0	1	103680	n/a
50.63330078125	0.3	0.0	1	103697	n/a
50.6416015625	0.3	1.0	2	103714	n/a
50.64990234375	0.3	1.0	2	103731	n/a
50.658203125	0.3	0.0	1	103748	n/a
50.66650390625	0.3	0.0	1	103765	n/a
50.6748046875	0.3	1.0	2	103782	n/a
50.68310546875	0.3	0.0	1	103799	n/a
50.69140625	0.3	1.0	2	103816	n/a
50.69970703125	0.3	0.0	1	103833	n/a
50.7080078125	0.3	1.0	2	103850	n/a
50.71630859375	0.3	0.0	1	103867	n/a
50.724609375	0.3	1.0	2	103884	n/a
50.73291015625	0.3	1.0	2	103901	n/a
50.74169921875	0.3	0.0	1	103919	n/a
50.75	0.3	1.0	2	103936	n/a
50.75830078125	0.3	0.0	1	103953	n/a
50.7666015625	0.3	1.0	2	103970	n/a
50.77490234375	0.3	0.0	1	103987	n/a
50.783203125	0.3	1.0	2	104004	n/a
50.79150390625	0.3	0.0	1	104021	n/a
50.7998046875	0.3	1.0	2	104038	n/a
50.80810546875	0.3	0.0	1	104055	n/a
50.81640625	0.3	1.0	2	104072	n/a
50.82470703125	0.3	0.0	1	104089	n/a
50.8330078125	0.3	1.0	2	104106	n/a
50.84130859375	0.3	0.0	1	104123	n/a
50.849609375	0.3	1.0	2	104140	n/a
50.85791015625	0.3	0.0	1	104157	n/a
50.86669921875	0.3	0.0	1	104175	n/a
50.875	0.3	1.0	2	104192	n/a
50.88330078125	0.3	1.0	2	104209	n/a
50.8916015625	0.3	0.0	1	104226	n/a
50.89990234375	0.3	1.0	2	104243	n/a
50.908203125	0.3	0.0	1	104260	n/a
50.91650390625	0.3	1.0	2	104277	n/a
50.9248046875	0.3	0.0	1	104294	n/a
50.93310546875	0.3	1.0	2	104311	n/a
50.94140625	0.3	0.0	1	104328	n/a
50.94970703125	0.3	1.0	2	104345	n/a
50.9580078125	0.3	0.0	1	104362	n/a
50.96630859375	0.3	1.0	2	104379	n/a
50.974609375	0.3	0.0	1	104396	n/a
50.98291015625	0.3	0.0	1	104413	n/a
50.99169921875	0.3	1.0	2	104431	n/a
51.0	0.3	1.0	2	104448	n/a
51.00830078125	0.3	0.0	1	104465	n/a
51.0166015625	0.3	1.0	2	104482	n/a
51.02490234375	0.3	0.0	1	104499	n/a
51.033203125	0.3	1.0	2	104516	n/a
51.04150390625	0.3	0.0	1	104533	n/a
51.0498046875	0.3	1.0	2	104550	n/a
51.05810546875	0.3	0.0	1	104567	n/a
51.06640625	0.3	0.0	1	104584	n/a
51.07470703125	0.3	1.0	2	104601	n/a
51.0830078125	0.3	1.0	2	104618	n/a
51.09130859375	0.3	0.0	1	104635	n/a
51.099609375	0.3	1.0	2	104652	n/a
51.10791015625	0.3	0.0	1	104669	n/a
51.11669921875	0.3	0.0	1	104687	n/a
51.125	0.3	1.0	2	104704	n/a
51.13330078125	0.3	0.0	1	104721	n/a
51.1416015625	0.3	1.0	2	104738	n/a
51.14990234375	0.3	1.0	2	104755	n/a
51.158203125	0.3	0.0	1	104772	n/a
51.16650390625	0.3	1.0	2	104789	n/a
51.1748046875	0.3	0.0	1	104806	n/a
51.18310546875	0.3	0.0	1	104823	n/a
51.19140625	0.3	1.0	2	104840	n/a
51.19970703125	0.3	1.0	2	104857	n/a
51.2080078125	0.3	0.0	1	104874	n/a
51.21630859375	0.3	1.0	2	104891	n/a
51.224609375	0.3	0.0	1	104908	n/a
51.23291015625	0.3	0.0	1	104925	n/a
51.24169921875	0.3	1.0	2	104943	n/a
51.25	0.3	0.0	1	104960	n/a
51.25830078125	0.3	1.0	2	104977	n/a
51.2666015625	0.3	0.0	1	104994	n/a
51.27490234375	0.3	1.0	2	105011	n/a
51.283203125	0.3	1.0	2	105028	n/a
51.29150390625	0.3	0.0	1	105045	n/a
51.2998046875	0.3	1.0	2	105062	n/a
51.30810546875	0.3	0.0	1	105079	n/a
51.31640625	0.3	1.0	2	105096	n/a
51.32470703125	0.3	0.0	1	105113	n/a
51.3330078125	0.3	1.0	2	105130	n/a
51.34130859375	0.3	0.0	1	105147	n/a
51.349609375	0.3	1.0	2	105164	n/a
51.35791015625	0.3	0.0	1	105181	n/a
51.36669921875	0.3	0.0	1	105199	n/a
51.375	0.3	1.0	2	105216	n/a
51.38330078125	0.3	0.0	1	105233	n/a
51.3916015625	0.3	1.0	2	105250	n/a
51.39990234375	0.3	0.0	1	105267	n/a
51.408203125	0.3	1.0	2	105284	n/a
51.41650390625	0.3	1.0	2	105301	n/a
51.4248046875	0.3	0.0	1	105318	n/a
51.43310546875	0.3	1.0	2	105335	n/a
51.44140625	0.3	0.0	1	105352	n/a
51.44970703125	0.3	1.0	2	105369	n/a
51.4580078125	0.3	0.0	1	105386	n/a
51.46630859375	0.3	0.0	1	105403	n/a
51.474609375	0.3	1.0	2	105420	n/a
51.48291015625	0.3	0.0	1	105437	n/a
51.49169921875	0.3	1.0	2	105455	n/a
51.5	0.3	1.0	2	105472	n/a
51.50830078125	0.3	0.0	1	105489	n/a
51.5166015625	0.3	1.0	2	105506	n/a
51.52490234375	0.3	0.0	1	105523	n/a
51.533203125	0.3	0.0	1	105540	n/a
51.54150390625	0.3	1.0	2	105557	n/a
51.5498046875	0.3	1.0	2	105574	n/a
51.55810546875	0.3	0.0	1	105591	n/a
51.56640625	0.3	0.0	1	105608	n/a
51.57470703125	0.3	1.0	2	105625	n/a
51.5830078125	0.3	0.0	1	105642	n/a
51.59130859375	0.3	1.0	2	105659	n/a
51.599609375	0.3	0.0	1	105676	n/a
51.60791015625	0.3	1.0	2	105693	n/a
51.61669921875	0.3	0.0	1	105711	n/a
51.625	0.3	1.0	2	105728	n/a
51.63330078125	0.3	1.0	2	105745	n/a
51.6416015625	0.3	0.0	1	105762	n/a
51.64990234375	0.3	1.0	2	105779	n/a
51.658203125	0.3	0.0	1	105796	n/a
51.66650390625	0.3	1.0	2	105813	n/a
51.6748046875	0.3	0.0	1	105830	n/a
51.68310546875	0.3	0.0	1	105847	n/a
51.69140625	0.3	1.0	2	105864	n/a
51.69970703125	0.3	1.0	2	105881	n/a
51.7080078125	0.3	0.0	1	105898	n/a
51.71630859375	0.3	0.0	1	105915	n/a
51.724609375	0.3	1.0	2	105932	n/a
51.73291015625	0.3	0.0	1	105949	n/a
51.74169921875	0.3	1.0	2	105967	n/a
51.75	0.3	0.0	1	105984	n/a
51.75830078125	0.3	1.0	2	106001	n/a
51.7666015625	0.3	0.0	1	106018	n/a
51.77490234375	0.3	1.0	2	106035	n/a
51.783203125	0.3	1.0	2	106052	n/a
51.79150390625	0.3	0.0	1	106069	n/a
51.7998046875	0.3	1.0	2	106086	n/a
51.80810546875	0.3	0.0	1	106103	n/a
51.81640625	0.3	1.0	2	106120	n/a
51.82470703125	0.3	0.0	1	106137	n/a
51.8330078125	0.3	1.0	2	106154	n/a
51.84130859375	0.3	0.0	1	106171	n/a
51.849609375	0.3	1.0	2	106188	n/a
51.85791015625	0.3	0.0	1	106205	n/a
51.86669921875	0.3	1.0	2	106223	n/a
51.875	0.3	0.0	1	106240	n/a
51.88330078125	0.3	1.0	2	106257	n/a
51.8916015625	0.3	0.0	1	106274	n/a
51.89990234375	0.3	1.0	2	106291	n/a
51.908203125	0.3	0.0	1	106308	n/a
51.91650390625	0.3	0.0	1	106325	n/a
51.9248046875	0.3	1.0	2	106342	n/a
51.93310546875	0.3	1.0	2	106359	n/a
51.94140625	0.3	0.0	1	106376	n/a
51.94970703125	0.3	1.0	2	106393	n/a
51.9580078125	0.3	0.0	1	106410	n/a
51.96630859375	0.3	1.0	2	106427	n/a
51.974609375	0.3	0.0	1	106444	n/a
51.98291015625	0.3	1.0	2	106461	n/a
51.99169921875	0.3	0.0	1	106479	n/a
52.0	0.3	1.0	2	106496	n/a
52.00830078125	0.3	0.0	1	106513	n/a
52.0166015625	0.3	1.0	2	106530	n/a
52.02490234375	0.3	0.0	1	106547	n/a
52.033203125	0.3	0.0	1	106564	n/a
52.04150390625	0.3	1.0	2	106581	n/a
52.0498046875	0.3	1.0	2	106598	n/a
52.05810546875	0.3	0.0	1	106615	n/a
52.06640625	0.3	1.0	2	106632	n/a
52.07470703125	0.3	0.0	1	106649	n/a
52.0830078125	0.3	1.0	2	106666	n/a
52.09130859375	0.3	0.0	1	106683	n/a
52.099609375	0.3	1.0	2	106700	n/a
52.10791015625	0.3	0.0	1	106717	n/a
52.11669921875	0.3	0.0	1	106735	n/a
52.125	0.3	1.0	2	106752	n/a
52.13330078125	0.3	1.0	2	106769	n/a
52.1416015625	0.3	0.0	1	106786	n/a
52.14990234375	0.3	1.0	2	106803	n/a
52.158203125	0.3	0.0	1	106820	n/a
52.16650390625	0.3	0.0	1	106837	n/a
52.1748046875	0.3	1.0	2	106854	n/a
52.18310546875	0.3	0.0	1	106871	n/a
52.19140625	0.3	1.0	2	106888	n/a
52.19970703125	0.3	1.0	2	106905	n/a
52.2080078125	0.3	0.0	1	106922	n/a
52.21630859375	0.3	1.0	2	106939	n/a
52.224609375	0.3	0.0	1	106956	n/a
52.23291015625	0.3	0.0	1	106973	n/a
52.24169921875	0.3	1.0	2	106991	n/a
52.25	0.3	1.0	2	107008	n/a
52.25830078125	0.3	0.0	1	107025	n/a
52.2666015625	0.3	1.0	2	107042	n/a
52.27490234375	0.3	0.0	1	107059	n/a
52.283203125	0.3	0.0	1	107076	n/a
52.29150390625	0.3	1.0	2	107093	n/a
52.2998046875	0.3	0.0	1	107110	n/a
52.30810546875	0.3	1.0	2	107127	n/a
52.31640625	0.3	0.0	1	107144	n/a
52.32470703125	0.3	1.0	2	107161	n/a
52.3330078125	0.3	1.0	2	107178	n/a
52.34130859375	0.3	0.0	1	107195	n/a
52.349609375	0.3	1.0	2	107212	n/a
52.35791015625	0.3	0.0	1	107229	n/a
52.36669921875	0.3	1.0	2	107247	n/a
52.375	0.3	0.0	1	107264	n/a
52.38330078125	0.3	1.0	2	107281	n/a
52.3916015625	0.3	0.0	1	107298	n/a
52.39990234375	0.3	1.0	2	107315	n/a
52.408203125	0.3	0.0	1	107332	n/a
52.41650390625	0.3	0.0	1	107349	n/a
52.4248046875	0.3	1.0	2	107366	n/a
52.43310546875	0.3	0.0	1	107383	n/a
52.44140625	0.3	1.0	2	107400	n/a
52.44970703125	0.3	0.0	1	107417	n/a
52.4580078125	0.3	1.0	2	107434	n/a
52.46630859375	0.3	1.0	2	107451	n/a
52.474609375	0.3	0.0	1	107468	n/a
52.48291015625	0.3	1.0	2	107485	n/a
52.49169921875	0.3	0.0	1	107503	n/a
52.5	0.3	1.0	2	107520	n/a
52.50830078125	0.3	0.0	1	107537	n/a
52.5166015625	0.3	0.0	1	107554	n/a
52.52490234375	0.3	1.0	2	107571	n/a
52.533203125	0.3	0.0	1	107588	n/a
52.54150390625	0.3	1.0	2	107605	n/a
52.5498046875	0.3	1.0	2	107622	n/a
52.55810546875	0.3	0.0	1	107639	n/a
52.56640625	0.3	1.0	2	107656	n/a
52.57470703125	0.3	0.0	1	107673	n/a
52.5830078125	0.3	0.0	1	107690	n/a
52.59130859375	0.3	1.0	2	107707	n/a
52.599609375	0.3	1.0	2	107724	n/a
52.60791015625	0.3	0.0	1	107741	n/a
52.61669921875	0.3	0.0	1	107759	n/a
52.625	0.3	1.0	2	107776	n/a
52.63330078125	0.3	0.0	1	107793	n/a
52.6416015625	0.3	1.0	2	107810	n/a
52.64990234375	0.3	0.0	1	107827	n/a
52.658203125	0.3	1.0	2	107844	n/a
52.66650390625	0.3	0.0	1	107861	n/a
52.6748046875	0.3	1.0	2	107878	n/a
52.68310546875	0.3	1.0	2	107895	n/a
52.69140625	0.3	0.0	1	107912	n/a
52.69970703125	0.3	1.0	2	107929	n/a
52.7080078125	0.3	0.0	1	107946	n/a
52.71630859375	0.3	1.0	2	107963	n/a
52.724609375	0.3	0.0	1	107980	n/a
52.73291015625	0.3	0.0	1	107997	n/a
52.74169921875	0.3	1.0	2	108015	n/a
52.75	0.3	1.0	2	108032	n/a
52.75830078125	0.3	0.0	1	108049	n/a
52.7666015625	0.3	0.0	1	108066	n/a
52.77490234375	0.3	1.0	2	108083	n/a
52.783203125	0.3	0.0	1	108100	n/a
52.79150390625	0.3	1.0	2	108117	n/a
52.7998046875	0.3	0.0	1	108134	n/a
52.80810546875	0.3	1.0	2	108151	n/a
52.81640625	0.3	0.0	1	108168	n/a
52.82470703125	0.3	1.0	2	108185	n/a
52.8330078125	0.3	1.0	2	108202	n/a
52.84130859375	0.3	0.0	1	108219	n/a
52.849609375	0.3	1.0	2	108236	n/a
52.85791015625	0.3	0.0	1	108253	n/a
52.86669921875	0.3	1.0	2	108271	n/a
52.875	0.3	0.0	1	108288	n/a
52.88330078125	0.3	1.0	2	108305	n/a
52.8916015625	0.3	0.0	1	108322	n/a
52.89990234375	0.3	1.0	2	108339	n/a
52.908203125	0.3	0.0	1	108356	n/a
52.91650390625	0.3	1.0	2	108373	n/a
52.9248046875	0.3	0.0	1	108390	n/a
52.93310546875	0.3	1.0	2	108407	n/a
52.94140625	0.3	0.0	1	108424	n/a
52.94970703125	0.3	1.0	2	108441	n/a
52.9580078125	0.3	0.0	1	108458	n/a
52.96630859375	0.3	0.0	1	108475	n/a
52.974609375	0.3	1.0	2	108492	n/a
52.98291015625	0.3	1.0	2	108509	n/a
52.99169921875	0.3	0.0	1	108527	n/a
53.0	0.3	1.0	2	108544	n/a
53.00830078125	0.3	0.0	1	108561	n/a
53.0166015625	0.3	1.0	2	108578	n/a
53.02490234375	0.3	0.0	1	108595	n/a
53.033203125	0.3	1.0	2	108612	n/a
53.04150390625	0.3	0.0	1	108629	n/a
53.0498046875	0.3	1.0	2	108646	n/a
53.05810546875	0.3	0.0	1	108663	n/a
53.06640625	0.3	1.0	2	108680	n/a
53.07470703125	0.3	0.0	1	108697	n/a
53.0830078125	0.3	0.0	1	108714	n/a
53.09130859375	0.3	1.0	2	108731	n/a
53.099609375	0.3	1.0	2	108748	n/a
53.10791015625	0.3	0.0	1	108765	n/a
53.11669921875	0.3	1.0	2	108783	n/a
53.125	0.3	0.0	1	108800	n/a
53.13330078125	0.3	1.0	2	108817	n/a
53.1416015625	0.3	0.0	1	108834	n/a
53.14990234375	0.3	1.0	2	108851	n/a
53.158203125	0.3	0.0	1	108868	n/a
53.16650390625	0.3	0.0	1	108885	n/a
53.1748046875	0.3	1.0	2	108902	n/a
53.18310546875	0.3	1.0	2	108919	n/a
53.19140625	0.3	0.0	1	108936	n/a
53.19970703125	0.3	1.0	2	108953	n/a
53.2080078125	0.3	0.0	1	108970	n/a
53.21630859375	0.3	0.0	1	108987	n/a
53.224609375	0.3	1.0	2	109004	n/a
53.23291015625	0.3	0.0	1	109021	n/a
53.24169921875	0.3	1.0	2	109039	n/a
53.25	0.3	1.0	2	109056	n/a
53.25830078125	0.3	0.0	1	109073	n/a
53.2666015625	0.3	1.0	2	109090	n/a
53.27490234375	0.3	0.0	1	109107	n/a
53.283203125	0.3	0.0	1	109124	n/a
53.29150390625	0.3	1.0	2	109141	n/a
53.2998046875	0.3	1.0	2	109158	n/a
53.30810546875	0.3	0.0	1	109175	n/a
53.31640625	0.3	1.0	2	109192	n/a
53.32470703125	0.3	0.0	1	109209	n/a
53.3330078125	0.3	0.0	1	109226	n/a
53.34130859375	0.3	1.0	2	109243	n/a
53.349609375	0.3	0.0	1	109260	n/a
53.35791015625	0.3	1.0	2	109277	n/a
53.36669921875	0.3	0.0	1	109295	n/a
53.375	0.3	1.0	2	109312	n/a
53.38330078125	0.3	1.0	2	109329	n/a
53.3916015625	0.3	0.0	1	109346	n/a
53.39990234375	0.3	1.0	2	109363	n/a
53.408203125	0.3	0.0	1	109380	n/a
53.41650390625	0.3	1.0	2	109397	n/a
53.4248046875	0.3	0.0	1	109414	n/a
53.43310546875	0.3	1.0	2	109431	n/a
53.44140625	0.3	0.0	1	109448	n/a
53.44970703125	0.3	1.0	2	109465	n/a
53.4580078125	0.3	0.0	1	109482	n/a
53.46630859375	0.3	0.0	1	109499	n/a
53.474609375	0.3	1.0	2	109516	n/a
53.48291015625	0.3	0.0	1	109533	n/a
53.49169921875	0.3	1.0	2	109551	n/a
53.5	0.3	0.0	1	109568	n/a
53.50830078125	0.3	1.0	2	109585	n/a
53.5166015625	0.3	1.0	2	109602	n/a
53.52490234375	0.3	0.0	1	109619	n/a
53.533203125	0.3	1.0	2	109636	n/a
53.54150390625	0.3	0.0	1	109653	n/a
53.5498046875	0.3	1.0	2	109670	n/a
53.55810546875	0.3	0.0	1	109687	n/a
53.56640625	0.3	0.0	1	109704	n/a
53.57470703125	0.3	1.0	2	109721	n/a
53.5830078125	0.3	0.0	1	109738	n/a
53.59130859375	0.3	1.0	2	109755	n/a
53.599609375	0.3	1.0	2	109772	n/a
53.60791015625	0.3	0.0	1	109789	n/a
53.61669921875	0.3	1.0	2	109807	n/a
53.625	0.3	0.0	1	109824	n/a
53.63330078125	0.3	0.0	1	109841	n/a
53.6416015625	0.3	1.0	2	109858	n/a
53.64990234375	0.3	1.0	2	109875	n/a
53.658203125	0.3	0.0	1	109892	n/a
53.66650390625	0.3	0.0	1	109909	n/a
53.6748046875	0.3	1.0	2	109926	n/a
53.68310546875	0.3	0.0	1	109943	n/a
53.69140625	0.3	1.0	2	109960	n/a
53.69970703125	0.3	0.0	1	109977	n/a
53.7080078125	0.3	1.0	2	109994	n/a
53.71630859375	0.3	0.0	1	110011	n/a
53.724609375	0.3	1.0	2	110028	n/a
53.73291015625	0.3	1.0	2	110045	n/a
53.74169921875	0.3	0.0	1	110063	n/a
53.75	0.3	1.0	2	110080	n/a
53.75830078125	0.3	0.0	1	110097	n/a
53.7666015625	0.3	1.0	2	110114	n/a
53.77490234375	0.3	0.0	1	110131	n/a
53.783203125	0.3	0.0	1	110148	n/a
53.79150390625	0.3	1.0	2	110165	n/a
53.7998046875	0.3	1.0	2	110182	n/a
53.80810546875	0.3	0.0	1	110199	n/a
53.81640625	0.3	0.0	1	110216	n/a
53.82470703125	0.3	1.0	2	110233	n/a
53.8330078125	0.3	0.0	1	110250	n/a
53.84130859375	0.3	1.0	2	110267	n/a
53.849609375	0.3	0.0	1	110284	n/a
53.85791015625	0.3	1.0	2	110301	n/a
53.86669921875	0.3	0.0	1	110319	n/a
53.875	0.3	1.0	2	110336	n/a
53.88330078125	0.3	1.0	2	110353	n/a
53.8916015625	0.3	0.0	1	110370	n/a
53.89990234375	0.3	1.0	2	110387	n/a
53.908203125	0.3	0.0	1	110404	n/a
53.91650390625	0.3	1.0	2	110421	n/a
53.9248046875	0.3	0.0	1	110438	n/a
53.93310546875	0.3	1.0	2	110455	n/a
53.94140625	0.3	0.0	1	110472	n/a
53.94970703125	0.3	1.0	2	110489	n/a
53.9580078125	0.3	0.0	1	110506	n/a
53.96630859375	0.3	1.0	2	110523	n/a
53.974609375	0.3	0.0	1	110540	n/a
53.98291015625	0.3	1.0	2	110557	n/a
53.99169921875	0.3	0.0	1	110575	n/a
54.0	0.3	1.0	2	110592	n/a
54.00830078125	0.3	0.0	1	110609	n/a
54.0166015625	0.3	0.0	1	110626	n/a
54.02490234375	0.3	1.0	2	110643	n/a
54.033203125	0.3	1.0	2	110660	n/a
54.04150390625	0.3	0.0	1	110677	n/a
54.0498046875	0.3	1.0	2	110694	n/a
54.05810546875	0.3	0.0	1	110711	n/a
54.06640625	0.3	1.0	2	110728	n/a
54.07470703125	0.3	0.0	1	110745	n/a
54.0830078125	0.3	1.0	2	110762	n/a
54.09130859375	0.3	0.0	1	110779	n/a
54.099609375	0.3	1.0	2	110796	n/a
54.10791015625	0.3	0.0	1	110813	n/a
54.11669921875	0.3	1.0	2	110831	n/a
54.125	0.3	0.0	1	110848	n/a
54.13330078125	0.3	0.0	1	110865	n/a
54.1416015625	0.3	1.0	2	110882	n/a
54.14990234375	0.3	1.0	2	110899	n/a
54.158203125	0.3	0.0	1	110916	n/a
54.16650390625	0.3	1.0	2	110933	n/a
54.1748046875	0.3	0.0	1	110950	n/a
54.18310546875	0.3	1.0	2	110967	n/a
54.19140625	0.3	0.0	1	110984	n/a
54.19970703125	0.3	1.0	2	111001	n/a
54.2080078125	0.3	0.0	1	111018	n/a
54.21630859375	0.3	0.0	1	111035	n/a
54.224609375	0.3	1.0	2	111052	n/a
54.23291015625	0.3	1.0	2	111069	n/a
54.24169921875	0.3	0.0	1	111087	n/a
54.25	0.3	1.0	2	111104	n/a
54.25830078125	0.3	0.0	1	111121	n/a
54.2666015625	0.3	0.0	1	111138	n/a
54.27490234375	0.3	1.0	2	111155	n/a
54.283203125	0.3	0.0	1	111172	n/a
54.29150390625	0.3	1.0	2	111189	n/a
54.2998046875	0.3	1.0	2	111206	n/a
54.30810546875	0.3	0.0	1	111223	n/a
54.31640625	0.3	1.0	2	111240	n/a
54.32470703125	0.3	0.0	1	111257	n/a
54.3330078125	0.3	0.0	1	111274	n/a
54.34130859375	0.3	1.0	2	111291	n/a
54.349609375	0.3	1.0	2	111308	n/a
54.35791015625	0.3	0.0	1	111325	n/a
54.36669921875	0.3	1.0	2	111343	n/a
54.375	0.3	0.0	1	111360	n/a
54.38330078125	0.3	0.0	1	111377	n/a
54.3916015625	0.3	1.0	2	111394	n/a
54.39990234375	0.3	0.0	1	111411	n/a
54.408203125	0.3	1.0	2	111428	n/a
54.41650390625	0.3	0.0	1	111445	n/a
54.4248046875	0.3	1.0	2	111462	n/a
54.43310546875	0.3	1.0	2	111479	n/a
54.44140625	0.3	0.0	1	111496	n/a
54.44970703125	0.3	1.0	2	111513	n/a
54.4580078125	0.3	0.0	1	111530	n/a
54.46630859375	0.3	1.0	2	111547	n/a
54.474609375	0.3	0.0	1	111564	n/a
54.48291015625	0.3	1.0	2	111581	n/a
54.49169921875	0.3	0.0	1	111599	n/a
56.875	0.3	0.0	1	116480	6.0
56.88330078125	0.3	1.0	2	116497	n/a
56.8916015625	0.3	1.0	2	116514	n/a
56.89990234375	0.3	0.0	1	116531	n/a
56.908203125	0.3	1.0	2	116548	n/a
56.91650390625	0.3	0.0	1	116565	n/a
56.9248046875	0.3	1.0	2	116582	n/a
56.93310546875	0.3	0.0	1	116599	n/a
56.94189453125	0.3	0.0	1	116617	n/a
56.9501953125	0.3	1.0	2	116634	n/a
56.95849609375	0.3	1.0	2	116651	n/a
56.966796875	0.3	0.0	1	116668	n/a
56.97509765625	0.3	1.0	2	116685	n/a
56.9833984375	0.3	0.0	1	116702	n/a
56.99169921875	0.3	1.0	2	116719	n/a
57.0	0.3	0.0	1	116736	n/a
57.00830078125	0.3	0.0	1	116753	n/a
57.0166015625	0.3	1.0	2	116770	n/a
57.02490234375	0.3	0.0	1	116787	n/a
57.033203125	0.3	1.0	2	116804	n/a
57.04150390625	0.3	1.0	2	116821	n/a
57.0498046875	0.3	0.0	1	116838	n/a
57.05810546875	0.3	1.0	2	116855	n/a
57.06689453125	0.3	0.0	1	116873	n/a
57.0751953125	0.3	1.0	2	116890	n/a
57.08349609375	0.3	0.0	1	116907	n/a
57.091796875	0.3	0.0	1	116924	n/a
57.10009765625	0.3	1.0	2	116941	n/a
57.1083984375	0.3	0.0	1	116958	n/a
57.11669921875	0.3	1.0	2	116975	n/a
57.125	0.3	1.0	2	116992	n/a
57.13330078125	0.3	0.0	1	117009	n/a
57.1416015625	0.3	1.0	2	117026	n/a
57.14990234375	0.3	0.0	1	117043	n/a
57.158203125	0.3	1.0	2	117060	n/a
57.16650390625	0.3	0.0	1	117077	n/a
57.1748046875	0.3	1.0	2	117094	n/a
57.18310546875	0.3	0.0	1	117111	n/a
57.19189453125	0.3	0.0	1	117129	n/a
57.2001953125	0.3	1.0	2	117146	n/a
57.20849609375	0.3	1.0	2	117163	n/a
57.216796875	0.3	0.0	1	117180	n/a
57.22509765625	0.3	0.0	1	117197	n/a
57.2333984375	0.3	1.0	2	117214	n/a
57.24169921875	0.3	1.0	2	117231	n/a
57.25	0.3	0.0	1	117248	n/a
57.25830078125	0.3	0.0	1	117265	n/a
57.2666015625	0.3	1.0	2	117282	n/a
57.27490234375	0.3	1.0	2	117299	n/a
57.283203125	0.3	0.0	1	117316	n/a
57.29150390625	0.3	1.0	2	117333	n/a
57.2998046875	0.3	0.0	1	117350	n/a
57.30810546875	0.3	0.0	1	117367	n/a
57.31689453125	0.3	1.0	2	117385	n/a
57.3251953125	0.3	1.0	2	117402	n/a
57.33349609375	0.3	0.0	1	117419	n/a
57.341796875	0.3	0.0	1	117436	n/a
57.35009765625	0.3	1.0	2	117453	n/a
57.3583984375	0.3	1.0	2	117470	n/a
57.36669921875	0.3	0.0	1	117487	n/a
57.375	0.3	0.0	1	117504	n/a
57.38330078125	0.3	1.0	2	117521	n/a
57.3916015625	0.3	0.0	1	117538	n/a
57.39990234375	0.3	1.0	2	117555	n/a
57.408203125	0.3	1.0	2	117572	n/a
57.41650390625	0.3	0.0	1	117589	n/a
57.4248046875	0.3	0.0	1	117606	n/a
57.43310546875	0.3	1.0	2	117623	n/a
57.44189453125	0.3	0.0	1	117641	n/a
57.4501953125	0.3	1.0	2	117658	n/a
57.45849609375	0.3	1.0	2	117675	n/a
57.466796875	0.3	0.0	1	117692	n/a
57.47509765625	0.3	0.0	1	117709	n/a
57.4833984375	0.3	1.0	2	117726	n/a
57.49169921875	0.3	0.0	1	117743	n/a
57.5	0.3	1.0	2	117760	n/a
57.50830078125	0.3	1.0	2	117777	n/a
57.5166015625	0.3	0.0	1	117794	n/a
57.52490234375	0.3	0.0	1	117811	n/a
57.533203125	0.3	1.0	2	117828	n/a
57.54150390625	0.3	0.0	1	117845	n/a
57.5498046875	0.3	1.0	2	117862	n/a
57.55810546875	0.3	0.0	1	117879	n/a
57.56689453125	0.3	1.0	2	117897	n/a
57.5751953125	0.3	1.0	2	117914	n/a
57.58349609375	0.3	0.0	1	117931	n/a
57.591796875	0.3	1.0	2	117948	n/a
57.60009765625	0.3	0.0	1	117965	n/a
57.6083984375	0.3	0.0	1	117982	n/a
57.61669921875	0.3	1.0	2	117999	n/a
57.625	0.3	1.0	2	118016	n/a
57.63330078125	0.3	0.0	1	118033	n/a
57.6416015625	0.3	0.0	1	118050	n/a
57.64990234375	0.3	1.0	2	118067	n/a
57.658203125	0.3	0.0	1	118084	n/a
57.66650390625	0.3	1.0	2	118101	n/a
57.6748046875	0.3	1.0	2	118118	n/a
57.68310546875	0.3	0.0	1	118135	n/a
57.69189453125	0.3	0.0	1	118153	n/a
57.7001953125	0.3	1.0	2	118170	n/a
57.70849609375	0.3	0.0	1	118187	n/a
57.716796875	0.3	1.0	2	118204	n/a
57.72509765625	0.3	1.0	2	118221	n/a
57.7333984375	0.3	0.0	1	118238	n/a
57.74169921875	0.3	0.0	1	118255	n/a
57.75	0.3	1.0	2	118272	n/a
57.75830078125	0.3	1.0	2	118289	n/a
57.7666015625	0.3	0.0	1	118306	n/a
57.77490234375	0.3	0.0	1	118323	n/a
57.783203125	0.3	1.0	2	118340	n/a
57.79150390625	0.3	1.0	2	118357	n/a
57.7998046875	0.3	0.0	1	118374	n/a
57.80810546875	0.3	0.0	1	118391	n/a
57.81689453125	0.3	1.0	2	118409	n/a
57.8251953125	0.3	0.0	1	118426	n/a
57.83349609375	0.3	1.0	2	118443	n/a
57.841796875	0.3	0.0	1	118460	n/a
57.85009765625	0.3	1.0	2	118477	n/a
57.8583984375	0.3	1.0	2	118494	n/a
57.86669921875	0.3	0.0	1	118511	n/a
57.875	0.3	0.0	1	118528	n/a
57.88330078125	0.3	1.0	2	118545	n/a
57.8916015625	0.3	1.0	2	118562	n/a
57.89990234375	0.3	0.0	1	118579	n/a
57.908203125	0.3	0.0	1	118596	n/a
57.91650390625	0.3	1.0	2	118613	n/a
57.9248046875	0.3	0.0	1	118630	n/a
57.93310546875	0.3	1.0	2	118647	n/a
57.94189453125	0.3	1.0	2	118665	n/a
57.9501953125	0.3	0.0	1	118682	n/a
57.95849609375	0.3	1.0	2	118699	n/a
57.966796875	0.3	0.0	1	118716	n/a
57.97509765625	0.3	1.0	2	118733	n/a
57.9833984375	0.3	0.0	1	118750	n/a
57.99169921875	0.3	0.0	1	118767	n/a
58.0	0.3	1.0	2	118784	n/a
58.00830078125	0.3	1.0	2	118801	n/a
58.0166015625	0.3	0.0	1	118818	n/a
58.02490234375	0.3	1.0	2	118835	n/a
58.033203125	0.3	0.0	1	118852	n/a
58.04150390625	0.3	1.0	2	118869	n/a
58.0498046875	0.3	0.0	1	118886	n/a
58.05810546875	0.3	0.0	1	118903	n/a
58.06689453125	0.3	1.0	2	118921	n/a
58.0751953125	0.3	0.0	1	118938	n/a
58.08349609375	0.3	1.0	2	118955	n/a
58.091796875	0.3	1.0	2	118972	n/a
58.10009765625	0.3	0.0	1	118989	n/a
58.1083984375	0.3	1.0	2	119006	n/a
58.11669921875	0.3	0.0	1	119023	n/a
58.125	0.3	1.0	2	119040	n/a
58.13330078125	0.3	0.0	1	119057	n/a
58.1416015625	0.3	0.0	1	119074	n/a
58.14990234375	0.3	1.0	2	119091	n/a
58.158203125	0.3	0.0	1	119108	n/a
58.16650390625	0.3	1.0	2	119125	n/a
58.1748046875	0.3	1.0	2	119142	n/a
58.18310546875	0.3	0.0	1	119159	n/a
58.19189453125	0.3	1.0	2	119177	n/a
58.2001953125	0.3	0.0	1	119194	n/a
58.20849609375	0.3	1.0	2	119211	n/a
58.216796875	0.3	0.0	1	119228	n/a
58.22509765625	0.3	1.0	2	119245	n/a
58.2333984375	0.3	0.0	1	119262	n/a
58.24169921875	0.3	0.0	1	119279	n/a
58.25	0.3	1.0	2	119296	n/a
58.25830078125	0.3	1.0	2	119313	n/a
58.2666015625	0.3	0.0	1	119330	n/a
58.27490234375	0.3	0.0	1	119347	n/a
58.283203125	0.3	1.0	2	119364	n/a
58.29150390625	0.3	1.0	2	119381	n/a
58.2998046875	0.3	0.0	1	119398	n/a
58.30810546875	0.3	0.0	1	119415	n/a
58.31689453125	0.3	1.0	2	119433	n/a
58.3251953125	0.3	1.0	2	119450	n/a
58.33349609375	0.3	0.0	1	119467	n/a
58.341796875	0.3	1.0	2	119484	n/a
58.35009765625	0.3	0.0	1	119501	n/a
58.3583984375	0.3	0.0	1	119518	n/a
58.36669921875	0.3	1.0	2	119535	n/a
58.375	0.3	1.0	2	119552	n/a
58.38330078125	0.3	0.0	1	119569	n/a
58.3916015625	0.3	0.0	1	119586	n/a
58.39990234375	0.3	1.0	2	119603	n/a
58.408203125	0.3	1.0	2	119620	n/a
58.41650390625	0.3	0.0	1	119637	n/a
58.4248046875	0.3	0.0	1	119654	n/a
58.43310546875	0.3	1.0	2	119671	n/a
58.44189453125	0.3	0.0	1	119689	n/a
58.4501953125	0.3	1.0	2	119706	n/a
58.45849609375	0.3	1.0	2	119723	n/a
58.466796875	0.3	0.0	1	119740	n/a
58.47509765625	0.3	0.0	1	119757	n/a
58.4833984375	0.3	1.0	2	119774	n/a
58.49169921875	0.3	0.0	1	119791	n/a
58.5	0.3	1.0	2	119808	n/a
58.50830078125	0.3	1.0	2	119825	n/a
58.5166015625	0.3	0.0	1	119842	n/a
58.52490234375	0.3	0.0	1	119859	n/a
58.533203125	0.3	1.0	2	119876	n/a
58.54150390625	0.3	0.0	1	119893	n/a
58.5498046875	0.3	1.0	2	119910	n/a
58.55810546875	0.3	1.0	2	119927	n/a
58.56689453125	0.3	0.0	1	119945	n/a
58.5751953125	0.3	0.0	1	119962	n/a
58.58349609375	0.3	1.0	2	119979	n/a
58.591796875	0.3	0.0	1	119996	n/a
58.60009765625	0.3	1.0	2	120013	n/a
58.6083984375	0.3	0.0	1	120030	n/a
58.61669921875	0.3	1.0	2	120047	n/a
58.625	0.3	1.0	2	120064	n/a
58.63330078125	0.3	0.0	1	120081	n/a
58.6416015625	0.3	1.0	2	120098	n/a
58.64990234375	0.3	0.0	1	120115	n/a
58.658203125	0.3	0.0	1	120132	n/a
58.66650390625	0.3	1.0	2	120149	n/a
58.6748046875	0.3	1.0	2	120166	n/a
58.68310546875	0.3	0.0	1	120183	n/a
58.69189453125	0.3	0.0	1	120201	n/a
58.7001953125	0.3	1.0	2	120218	n/a
58.70849609375	0.3	0.0	1	120235	n/a
58.716796875	0.3	1.0	2	120252	n/a
58.72509765625	0.3	1.0	2	120269	n/a
58.7333984375	0.3	0.0	1	120286	n/a
58.74169921875	0.3	0.0	1	120303	n/a
58.75	0.3	1.0	2	120320	n/a
58.75830078125	0.3	0.0	1	120337	n/a
58.7666015625	0.3	1.0	2	120354	n/a
58.77490234375	0.3	1.0	2	120371	n/a
58.783203125	0.3	0.0	1	120388	n/a
58.79150390625	0.3	0.0	1	120405	n/a
58.7998046875	0.3	1.0	2	120422	n/a
58.80810546875	0.3	1.0	2	120439	n/a
58.81689453125	0.3	0.0	1	120457	n/a
58.8251953125	0.3	0.0	1	120474	n/a
58.83349609375	0.3	1.0	2	120491	n/a
58.841796875	0.3	1.0	2	120508	n/a
58.85009765625	0.3	0.0	1	120525	n/a
58.8583984375	0.3	0.0	1	120542	n/a
58.86669921875	0.3	1.0	2	120559	n/a
58.875	0.3	0.0	1	120576	n/a
58.88330078125	0.3	1.0	2	120593	n/a
58.8916015625	0.3	0.0	1	120610	n/a
58.89990234375	0.3	1.0	2	120627	n/a
58.908203125	0.3	1.0	2	120644	n/a
58.91650390625	0.3	0.0	1	120661	n/a
58.9248046875	0.3	0.0	1	120678	n/a
58.93310546875	0.3	1.0	2	120695	n/a
58.94189453125	0.3	1.0	2	120713	n/a
58.9501953125	0.3	0.0	1	120730	n/a
58.95849609375	0.3	0.0	1	120747	n/a
58.966796875	0.3	1.0	2	120764	n/a
58.97509765625	0.3	0.0	1	120781	n/a
58.9833984375	0.3	1.0	2	120798	n/a
58.99169921875	0.3	1.0	2	120815	n/a
59.0	0.3	0.0	1	120832	n/a
59.00830078125	0.3	1.0	2	120849	n/a
59.0166015625	0.3	0.0	1	120866	n/a
59.02490234375	0.3	1.0	2	120883	n/a
59.033203125	0.3	0.0	1	120900	n/a
59.04150390625	0.3	0.0	1	120917	n/a
59.0498046875	0.3	1.0	2	120934	n/a
59.05810546875	0.3	1.0	2	120951	n/a
59.06689453125	0.3	0.0	1	120969	n/a
59.0751953125	0.3	1.0	2	120986	n/a
59.08349609375	0.3	0.0	1	121003	n/a
59.091796875	0.3	1.0	2	121020	n/a
59.10009765625	0.3	0.0	1	121037	n/a
59.1083984375	0.3	0.0	1	121054	n/a
59.11669921875	0.3	1.0	2	121071	n/a
59.125	0.3	0.0	1	121088	n/a
59.13330078125	0.3	1.0	2	121105	n/a
59.1416015625	0.3	1.0	2	121122	n/a
59.14990234375	0.3	0.0	1	121139	n/a
59.158203125	0.3	1.0	2	121156	n/a
59.16650390625	0.3	0.0	1	121173	n/a
59.1748046875	0.3	1.0	2	121190	n/a
59.18310546875	0.3	0.0	1	121207	n/a
59.19189453125	0.3	0.0	1	121225	n/a
59.2001953125	0.3	1.0	2	121242	n/a
59.20849609375	0.3	0.0	1	121259	n/a
59.216796875	0.3	1.0	2	121276	n/a
59.22509765625	0.3	1.0	2	121293	n/a
59.2333984375	0.3	0.0	1	121310	n/a
59.24169921875	0.3	1.0	2	121327	n/a
59.25	0.3	0.0	1	121344	n/a
59.25830078125	0.3	1.0	2	121361	n/a
59.2666015625	0.3	0.0	1	121378	n/a
59.27490234375	0.3	1.0	2	121395	n/a
59.283203125	0.3	0.0	1	121412	n/a
59.29150390625	0.3	0.0	1	121429	n/a
59.2998046875	0.3	1.0	2	121446	n/a
59.30810546875	0.3	1.0	2	121463	n/a
59.31689453125	0.3	0.0	1	121481	n/a
59.3251953125	0.3	0.0	1	121498	n/a
59.33349609375	0.3	1.0	2	121515	n/a
59.341796875	0.3	1.0	2	121532	n/a
59.35009765625	0.3	0.0	1	121549	n/a
59.3583984375	0.3	0.0	1	121566	n/a
59.36669921875	0.3	1.0	2	121583	n/a
59.375	0.3	1.0	2	121600	n/a
59.38330078125	0.3	0.0	1	121617	n/a
59.3916015625	0.3	1.0	2	121634	n/a
59.39990234375	0.3	0.0	1	121651	n/a
59.408203125	0.3	0.0	1	121668	n/a
59.41650390625	0.3	1.0	2	121685	n/a
59.4248046875	0.3	1.0	2	121702	n/a
59.43310546875	0.3	0.0	1	121719	n/a
59.44189453125	0.3	0.0	1	121737	n/a
59.4501953125	0.3	1.0	2	121754	n/a
59.45849609375	0.3	1.0	2	121771	n/a
59.466796875	0.3	0.0	1	121788	n/a
59.47509765625	0.3	0.0	1	121805	n/a
59.4833984375	0.3	1.0	2	121822	n/a
59.49169921875	0.3	0.0	1	121839	n/a
59.5	0.3	1.0	2	121856	n/a
59.50830078125	0.3	1.0	2	121873	n/a
59.5166015625	0.3	0.0	1	121890	n/a
59.52490234375	0.3	0.0	1	121907	n/a
59.533203125	0.3	1.0	2	121924	n/a
59.54150390625	0.3	0.0	1	121941	n/a
59.5498046875	0.3	1.0	2	121958	n/a
59.55810546875	0.3	1.0	2	121975	n/a
59.56689453125	0.3	0.0	1	121993	n/a
59.5751953125	0.3	0.0	1	122010	n/a
59.58349609375	0.3	1.0	2	122027	n/a
59.591796875	0.3	0.0	1	122044	n/a
59.60009765625	0.3	1.0	2	122061	n/a
59.6083984375	0.3	1.0	2	122078	n/a
59.61669921875	0.3	0.0	1	122095	n/a
59.625	0.3	0.0	1	122112	n/a
59.63330078125	0.3	1.0	2	122129	n/a
59.6416015625	0.3	0.0	1	122146	n/a
59.64990234375	0.3	1.0	2	122163	n/a
59.658203125	0.3	0.0	1	122180	n/a
59.66650390625	0.3	1.0	2	122197	n/a
59.6748046875	0.3	1.0	2	122214	n/a
59.68310546875	0.3	0.0	1	122231	n/a
59.69189453125	0.3	1.0	2	122249	n/a
59.7001953125	0.3	0.0	1	122266	n/a
59.70849609375	0.3	0.0	1	122283	n/a
59.716796875	0.3	1.0	2	122300	n/a
59.72509765625	0.3	1.0	2	122317	n/a
59.7333984375	0.3	0.0	1	122334	n/a
59.74169921875	0.3	0.0	1	122351	n/a
59.75	0.3	1.0	2	122368	n/a
59.75830078125	0.3	0.0	1	122385	n/a
59.7666015625	0.3	1.0	2	122402	n/a
59.77490234375	0.3	1.0	2	122419	n/a
59.783203125	0.3	0.0	1	122436	n/a
59.79150390625	0.3	0.0	1	122453	n/a
59.7998046875	0.3	1.0	2	122470	n/a
59.80810546875	0.3	0.0	1	122487	n/a
59.81689453125	0.3	1.0	2	122505	n/a
59.8251953125	0.3	1.0	2	122522	n/a
59.83349609375	0.3	0.0	1	122539	n/a
59.841796875	0.3	0.0	1	122556	n/a
59.85009765625	0.3	1.0	2	122573	n/a
59.8583984375	0.3	1.0	2	122590	n/a
59.86669921875	0.3	0.0	1	122607	n/a
59.875	0.3	0.0	1	122624	n/a
59.88330078125	0.3	1.0	2	122641	n/a
59.8916015625	0.3	1.0	2	122658	n/a
59.89990234375	0.3	0.0	1	122675	n/a
59.908203125	0.3	0.0	1	122692	n/a
59.91650390625	0.3	1.0	2	122709	n/a
59.9248046875	0.3	0.0	1	122726	n/a
59.93310546875	0.3	1.0	2	122743	n/a
59.94189453125	0.3	0.0	1	122761	n/a
59.9501953125	0.3	1.0	2	122778	n/a
59.95849609375	0.3	1.0	2	122795	n/a
59.966796875	0.3	0.0	1	122812	n/a
59.97509765625	0.3	0.0	1	122829	n/a
59.9833984375	0.3	1.0	2	122846	n/a
59.99169921875	0.3	1.0	2	122863	n/a
60.0	0.3	0.0	1	122880	n/a
60.00830078125	0.3	0.0	1	122897	n/a
60.0166015625	0.3	1.0	2	122914	n/a
60.02490234375	0.3	0.0	1	122931	n/a
60.033203125	0.3	1.0	2	122948	n/a
60.04150390625	0.3	1.0	2	122965	n/a
60.0498046875	0.3	0.0	1	122982	n/a
60.05810546875	0.3	1.0	2	122999	n/a
60.06689453125	0.3	0.0	1	123017	n/a
60.0751953125	0.3	1.0	2	123034	n/a
60.08349609375	0.3	0.0	1	123051	n/a
60.091796875	0.3	0.0	1	123068	n/a
60.10009765625	0.3	1.0	2	123085	n/a
60.1083984375	0.3	1.0	2	123102	n/a
60.11669921875	0.3	0.0	1	123119	n/a
60.125	0.3	1.0	2	123136	n/a
60.13330078125	0.3	0.0	1	123153	n/a
60.1416015625	0.3	1.0	2	123170	n/a
60.14990234375	0.3	0.0	1	123187	n/a
60.158203125	0.3	0.0	1	123204	n/a
60.16650390625	0.3	1.0	2	123221	n/a
60.1748046875	0.3	0.0	1	123238	n/a
60.18310546875	0.3	1.0	2	123255	n/a
60.19189453125	0.3	1.0	2	123273	n/a
60.2001953125	0.3	0.0	1	123290	n/a
60.20849609375	0.3	1.0	2	123307	n/a
60.216796875	0.3	0.0	1	123324	n/a
60.22509765625	0.3	1.0	2	123341	n/a
60.2333984375	0.3	0.0	1	123358	n/a
60.24169921875	0.3	0.0	1	123375	n/a
60.25	0.3	1.0	2	123392	n/a
60.25830078125	0.3	0.0	1	123409	n/a
60.2666015625	0.3	1.0	2	123426	n/a
60.27490234375	0.3	1.0	2	123443	n/a
60.283203125	0.3	0.0	1	123460	n/a
60.29150390625	0.3	1.0	2	123477	n/a
60.2998046875	0.3	0.0	1	123494	n/a
60.30810546875	0.3	1.0	2	123511	n/a
60.31689453125	0.3	0.0	1	123529	n/a
60.3251953125	0.3	1.0	2	123546	n/a
60.33349609375	0.3	0.0	1	123563	n/a
60.341796875	0.3	0.0	1	123580	n/a
60.35009765625	0.3	1.0	2	123597	n/a
60.3583984375	0.3	1.0	2	123614	n/a
60.36669921875	0.3	0.0	1	123631	n/a
60.375	0.3	0.0	1	123648	n/a
60.38330078125	0.3	1.0	2	123665	n/a
60.3916015625	0.3	1.0	2	123682	n/a
60.39990234375	0.3	0.0	1	123699	n/a
60.408203125	0.3	0.0	1	123716	n/a
60.41650390625	0.3	1.0	2	123733	n/a
60.4248046875	0.3	1.0	2	123750	n/a
60.43310546875	0.3	0.0	1	123767	n/a
60.44189453125	0.3	1.0	2	123785	n/a
60.4501953125	0.3	0.0	1	123802	n/a
60.45849609375	0.3	0.0	1	123819	n/a
60.466796875	0.3	1.0	2	123836	n/a
60.47509765625	0.3	1.0	2	123853	n/a
60.4833984375	0.3	0.0	1	123870	n/a
60.49169921875	0.3	0.0	1	123887	n/a
60.5	0.3	1.0	2	123904	n/a
60.50830078125	0.3	1.0	2	123921	n/a
60.5166015625	0.3	0.0	1	123938	n/a
60.52490234375	0.3	0.0	1	123955	n/a
60.533203125	0.3	1.0	2	123972	n/a
60.54150390625	0.3	0.0	1	123989	n/a
60.5498046875	0.3	1.0	2	124006	n/a
60.55810546875	0.3	1.0	2	124023	n/a
60.56689453125	0.3	0.0	1	124041	n/a
60.5751953125	0.3	0.0	1	124058	n/a
60.58349609375	0.3	1.0	2	124075	n/a
60.591796875	0.3	0.0	1	124092	n/a
60.60009765625	0.3	1.0	2	124109	n/a
60.6083984375	0.3	1.0	2	124126	n/a
60.61669921875	0.3	0.0	1	124143	n/a
60.625	0.3	0.0	1	124160	n/a
60.63330078125	0.3	1.0	2	124177	n/a
60.6416015625	0.3	0.0	1	124194	n/a
60.64990234375	0.3	1.0	2	124211	n/a
60.658203125	0.3	1.0	2	124228	n/a
60.66650390625	0.3	0.0	1	124245	n/a
60.6748046875	0.3	0.0	1	124262	n/a
60.68310546875	0.3	1.0	2	124279	n/a
60.69189453125	0.3	0.0	1	124297	n/a
60.7001953125	0.3	1.0	2	124314	n/a
60.70849609375	0.3	0.0	1	124331	n/a
60.716796875	0.3	1.0	2	124348	n/a
60.72509765625	0.3	1.0	2	124365	n/a
60.7333984375	0.3	0.0	1	124382	n/a
60.74169921875	0.3	1.0	2	124399	n/a
60.75	0.3	0.0	1	124416	n/a
60.75830078125	0.3	0.0	1	124433	n/a
60.7666015625	0.3	1.0	2	124450	n/a
60.77490234375	0.3	1.0	2	124467	n/a
60.783203125	0.3	0.0	1	124484	n/a
60.79150390625	0.3	0.0	1	124501	n/a
60.7998046875	0.3	1.0	2	124518	n/a
60.80810546875	0.3	0.0	1	124535	n/a
60.81689453125	0.3	1.0	2	124553	n/a
60.8251953125	0.3	1.0	2	124570	n/a
60.83349609375	0.3	0.0	1	124587	n/a
60.841796875	0.3	0.0	1	124604	n/a
60.85009765625	0.3	1.0	2	124621	n/a
60.8583984375	0.3	0.0	1	124638	n/a
60.86669921875	0.3	1.0	2	124655	n/a
60.875	0.3	1.0	2	124672	n/a
60.88330078125	0.3	0.0	1	124689	n/a
60.8916015625	0.3	0.0	1	124706	n/a
60.89990234375	0.3	1.0	2	124723	n/a
60.908203125	0.3	1.0	2	124740	n/a
60.91650390625	0.3	0.0	1	124757	n/a
60.9248046875	0.3	0.0	1	124774	n/a
60.93310546875	0.3	1.0	2	124791	n/a
60.94189453125	0.3	1.0	2	124809	n/a
60.9501953125	0.3	0.0	1	124826	n/a
60.95849609375	0.3	0.0	1	124843	n/a
60.966796875	0.3	1.0	2	124860	n/a
60.97509765625	0.3	0.0	1	124877	n/a
60.9833984375	0.3	1.0	2	124894	n/a
60.99169921875	0.3	0.0	1	124911	n/a
61.0	0.3	1.0	2	124928	n/a
61.00830078125	0.3	1.0	2	124945	n/a
61.0166015625	0.3	0.0	1	124962	n/a
61.02490234375	0.3	0.0	1	124979	n/a
61.033203125	0.3	1.0	2	124996	n/a
61.04150390625	0.3	1.0	2	125013	n/a
61.0498046875	0.3	0.0	1	125030	n/a
61.05810546875	0.3	0.0	1	125047	n/a
61.06689453125	0.3	1.0	2	125065	n/a
63.451171875	0.3	0.0	1	129948	18.0
63.45947265625	0.3	1.0	2	129965	n/a
63.4677734375	0.3	1.0	2	129982	n/a
63.47607421875	0.3	0.0	1	129999	n/a
63.484375	0.3	1.0	2	130016	n/a
63.49267578125	0.3	0.0	1	130033	n/a
63.5009765625	0.3	1.0	2	130050	n/a
63.50927734375	0.3	0.0	1	130067	n/a
63.51806640625	0.3	0.0	1	130085	n/a
63.5263671875	0.3	1.0	2	130102	n/a
63.53466796875	0.3	0.0	1	130119	n/a
63.54296875	0.3	1.0	2	130136	n/a
63.55126953125	0.3	1.0	2	130153	n/a
63.5595703125	0.3	0.0	1	130170	n/a
63.56787109375	0.3	0.0	1	130187	n/a
63.576171875	0.3	1.0	2	130204	n/a
63.58447265625	0.3	1.0	2	130221	n/a
63.5927734375	0.3	0.0	1	130238	n/a
63.60107421875	0.3	1.0	2	130255	n/a
63.609375	0.3	0.0	1	130272	n/a
63.61767578125	0.3	0.0	1	130289	n/a
63.6259765625	0.3	1.0	2	130306	n/a
63.63427734375	0.3	0.0	1	130323	n/a
63.64306640625	0.3	1.0	2	130341	n/a
63.6513671875	0.3	0.0	1	130358	n/a
63.65966796875	0.3	1.0	2	130375	n/a
63.66796875	0.3	0.0	1	130392	n/a
63.67626953125	0.3	1.0	2	130409	n/a
63.6845703125	0.3	0.0	1	130426	n/a
63.69287109375	0.3	1.0	2	130443	n/a
63.701171875	0.3	0.0	1	130460	n/a
63.70947265625	0.3	1.0	2	130477	n/a
63.7177734375	0.3	1.0	2	130494	n/a
63.72607421875	0.3	0.0	1	130511	n/a
63.734375	0.3	0.0	1	130528	n/a
63.74267578125	0.3	1.0	2	130545	n/a
63.7509765625	0.3	1.0	2	130562	n/a
63.75927734375	0.3	0.0	1	130579	n/a
63.76806640625	0.3	1.0	2	130597	n/a
63.7763671875	0.3	0.0	1	130614	n/a
63.78466796875	0.3	1.0	2	130631	n/a
63.79296875	0.3	0.0	1	130648	n/a
63.80126953125	0.3	0.0	1	130665	n/a
63.8095703125	0.3	1.0	2	130682	n/a
63.81787109375	0.3	1.0	2	130699	n/a
63.826171875	0.3	0.0	1	130716	n/a
63.83447265625	0.3	1.0	2	130733	n/a
63.8427734375	0.3	0.0	1	130750	n/a
63.85107421875	0.3	0.0	1	130767	n/a
63.859375	0.3	1.0	2	130784	n/a
63.86767578125	0.3	1.0	2	130801	n/a
63.8759765625	0.3	0.0	1	130818	n/a
63.88427734375	0.3	0.0	1	130835	n/a
63.89306640625	0.3	1.0	2	130853	n/a
63.9013671875	0.3	0.0	1	130870	n/a
63.90966796875	0.3	1.0	2	130887	n/a
63.91796875	0.3	1.0	2	130904	n/a
63.92626953125	0.3	0.0	1	130921	n/a
63.9345703125	0.3	0.0	1	130938	n/a
63.94287109375	0.3	1.0	2	130955	n/a
63.951171875	0.3	1.0	2	130972	n/a
63.95947265625	0.3	0.0	1	130989	n/a
63.9677734375	0.3	0.0	1	131006	n/a
63.97607421875	0.3	1.0	2	131023	n/a
63.984375	0.3	0.0	1	131040	n/a
63.99267578125	0.3	1.0	2	131057	n/a
64.0009765625	0.3	1.0	2	131074	n/a
64.00927734375	0.3	0.0	1	131091	n/a
64.01806640625	0.3	1.0	2	131109	n/a
64.0263671875	0.3	0.0	1	131126	n/a
64.03466796875	0.3	1.0	2	131143	n/a
64.04296875	0.3	0.0	1	131160	n/a
64.05126953125	0.3	1.0	2	131177	n/a
64.0595703125	0.3	0.0	1	131194	n/a
64.06787109375	0.3	0.0	1	131211	n/a
64.076171875	0.3	1.0	2	131228	n/a
64.08447265625	0.3	0.0	1	131245	n/a
64.0927734375	0.3	1.0	2	131262	n/a
64.10107421875	0.3	1.0	2	131279	n/a
64.109375	0.3	0.0	1	131296	n/a
64.11767578125	0.3	0.0	1	131313	n/a
64.1259765625	0.3	1.0	2	131330	n/a
64.13427734375	0.3	1.0	2	131347	n/a
64.14306640625	0.3	0.0	1	131365	n/a
64.1513671875	0.3	1.0	2	131382	n/a
64.15966796875	0.3	0.0	1	131399	n/a
64.16796875	0.3	1.0	2	131416	n/a
64.17626953125	0.3	0.0	1	131433	n/a
64.1845703125	0.3	1.0	2	131450	n/a
64.19287109375	0.3	0.0	1	131467	n/a
64.201171875	0.3	0.0	1	131484	n/a
64.20947265625	0.3	1.0	2	131501	n/a
64.2177734375	0.3	0.0	1	131518	n/a
64.22607421875	0.3	1.0	2	131535	n/a
64.234375	0.3	1.0	2	131552	n/a
64.24267578125	0.3	0.0	1	131569	n/a
64.2509765625	0.3	0.0	1	131586	n/a
64.25927734375	0.3	1.0	2	131603	n/a
64.26806640625	0.3	0.0	1	131621	n/a
64.2763671875	0.3	1.0	2	131638	n/a
64.28466796875	0.3	0.0	1	131655	n/a
64.29296875	0.3	1.0	2	131672	n/a
64.30126953125	0.3	1.0	2	131689	n/a
64.3095703125	0.3	0.0	1	131706	n/a
64.31787109375	0.3	1.0	2	131723	n/a
64.326171875	0.3	0.0	1	131740	n/a
64.33447265625	0.3	1.0	2	131757	n/a
64.3427734375	0.3	0.0	1	131774	n/a
64.35107421875	0.3	0.0	1	131791	n/a
64.359375	0.3	1.0	2	131808	n/a
64.36767578125	0.3	0.0	1	131825	n/a
64.3759765625	0.3	1.0	2	131842	n/a
64.38427734375	0.3	0.0	1	131859	n/a
64.39306640625	0.3	1.0	2	131877	n/a
64.4013671875	0.3	0.0	1	131894	n/a
64.40966796875	0.3	1.0	2	131911	n/a
64.41796875	0.3	0.0	1	131928	n/a
64.42626953125	0.3	1.0	2	131945	n/a
64.4345703125	0.3	1.0	2	131962	n/a
64.44287109375	0.3	0.0	1	131979	n/a
64.451171875	0.3	1.0	2	131996	n/a
64.45947265625	0.3	0.0	1	132013	n/a
64.4677734375	0.3	0.0	1	132030	n/a
64.47607421875	0.3	1.0	2	132047	n/a
64.484375	0.3	1.0	2	132064	n/a
64.49267578125	0.3	0.0	1	132081	n/a
64.5009765625	0.3	0.0	1	132098	n/a
64.50927734375	0.3	1.0	2	132115	n/a
64.51806640625	0.3	1.0	2	132133	n/a
64.5263671875	0.3	0.0	1	132150	n/a
64.53466796875	0.3	1.0	2	132167	n/a
64.54296875	0.3	0.0	1	132184	n/a
64.55126953125	0.3	1.0	2	132201	n/a
64.5595703125	0.3	0.0	1	132218	n/a
64.56787109375	0.3	0.0	1	132235	n/a
64.576171875	0.3	1.0	2	132252	n/a
64.58447265625	0.3	0.0	1	132269	n/a
64.5927734375	0.3	1.0	2	132286	n/a
64.60107421875	0.3	1.0	2	132303	n/a
64.609375	0.3	0.0	1	132320	n/a
64.61767578125	0.3	0.0	1	132337	n/a
64.6259765625	0.3	1.0	2	132354	n/a
64.63427734375	0.3	1.0	2	132371	n/a
64.64306640625	0.3	0.0	1	132389	n/a
64.6513671875	0.3	1.0	2	132406	n/a
64.65966796875	0.3	0.0	1	132423	n/a
64.66796875	0.3	0.0	1	132440	n/a
64.67626953125	0.3	1.0	2	132457	n/a
64.6845703125	0.3	0.0	1	132474	n/a
64.69287109375	0.3	1.0	2	132491	n/a
64.701171875	0.3	0.0	1	132508	n/a
64.70947265625	0.3	1.0	2	132525	n/a
64.7177734375	0.3	0.0	1	132542	n/a
64.72607421875	0.3	1.0	2	132559	n/a
64.734375	0.3	0.0	1	132576	n/a
64.74267578125	0.3	1.0	2	132593	n/a
64.7509765625	0.3	0.0	1	132610	n/a
64.75927734375	0.3	1.0	2	132627	n/a
64.76806640625	0.3	1.0	2	132645	n/a
64.7763671875	0.3	0.0	1	132662	n/a
64.78466796875	0.3	0.0	1	132679	n/a
64.79296875	0.3	1.0	2	132696	n/a
64.80126953125	0.3	1.0	2	132713	n/a
64.8095703125	0.3	0.0	1	132730	n/a
64.81787109375	0.3	1.0	2	132747	n/a
64.826171875	0.3	0.0	1	132764	n/a
64.83447265625	0.3	1.0	2	132781	n/a
64.8427734375	0.3	0.0	1	132798	n/a
64.85107421875	0.3	0.0	1	132815	n/a
64.859375	0.3	1.0	2	132832	n/a
64.86767578125	0.3	1.0	2	132849	n/a
64.8759765625	0.3	0.0	1	132866	n/a
64.88427734375	0.3	1.0	2	132883	n/a
64.89306640625	0.3	0.0	1	132901	n/a
64.9013671875	0.3	0.0	1	132918	n/a
64.90966796875	0.3	1.0	2	132935	n/a
64.91796875	0.3	1.0	2	132952	n/a
64.92626953125	0.3	0.0	1	132969	n/a
64.9345703125	0.3	0.0	1	132986	n/a
64.94287109375	0.3	1.0	2	133003	n/a
64.951171875	0.3	0.0	1	133020	n/a
64.95947265625	0.3	1.0	2	133037	n/a
64.9677734375	0.3	1.0	2	133054	n/a
64.97607421875	0.3	0.0	1	133071	n/a
64.984375	0.3	0.0	1	133088	n/a
64.99267578125	0.3	1.0	2	133105	n/a
65.0009765625	0.3	1.0	2	133122	n/a
65.00927734375	0.3	0.0	1	133139	n/a
65.01806640625	0.3	0.0	1	133157	n/a
65.0263671875	0.3	1.0	2	133174	n/a
65.03466796875	0.3	0.0	1	133191	n/a
65.04296875	0.3	1.0	2	133208	n/a
65.05126953125	0.3	1.0	2	133225	n/a
65.0595703125	0.3	0.0	1	133242	n/a
65.06787109375	0.3	1.0	2	133259	n/a
65.076171875	0.3	0.0	1	133276	n/a
65.08447265625	0.3	1.0	2	133293	n/a
65.0927734375	0.3	0.0	1	133310	n/a
65.10107421875	0.3	1.0	2	133327	n/a
65.109375	0.3	0.0	1	133344	n/a
65.11767578125	0.3	0.0	1	133361	n/a
65.1259765625	0.3	1.0	2	133378	n/a
65.13427734375	0.3	0.0	1	133395	n/a
65.14306640625	0.3	1.0	2	133413	n/a
65.1513671875	0.3	1.0	2	133430	n/a
65.15966796875	0.3	0.0	1	133447	n/a
65.16796875	0.3	0.0	1	133464	n/a
65.17626953125	0.3	1.0	2	133481	n/a
65.1845703125	0.3	1.0	2	133498	n/a
65.19287109375	0.3	0.0	1	133515	n/a
65.201171875	0.3	1.0	2	133532	n/a
65.20947265625	0.3	0.0	1	133549	n/a
65.2177734375	0.3	1.0	2	133566	n/a
65.22607421875	0.3	0.0	1	133583	n/a
65.234375	0.3	1.0	2	133600	n/a
65.24267578125	0.3	0.0	1	133617	n/a
65.2509765625	0.3	0.0	1	133634	n/a
65.25927734375	0.3	1.0	2	133651	n/a
65.26806640625	0.3	0.0	1	133669	n/a
65.2763671875	0.3	1.0	2	133686	n/a
65.28466796875	0.3	1.0	2	133703	n/a
65.29296875	0.3	0.0	1	133720	n/a
65.30126953125	0.3	0.0	1	133737	n/a
65.3095703125	0.3	1.0	2	133754	n/a
65.31787109375	0.3	0.0	1	133771	n/a
65.326171875	0.3	1.0	2	133788	n/a
65.33447265625	0.3	0.0	1	133805	n/a
65.3427734375	0.3	1.0	2	133822	n/a
65.35107421875	0.3	1.0	2	133839	n/a
65.359375	0.3	0.0	1	133856	n/a
65.36767578125	0.3	1.0	2	133873	n/a
65.3759765625	0.3	0.0	1	133890	n/a
65.38427734375	0.3	1.0	2	133907	n/a
65.39306640625	0.3	0.0	1	133925	n/a
65.4013671875	0.3	0.0	1	133942	n/a
65.40966796875	0.3	1.0	2	133959	n/a
65.41796875	0.3	0.0	1	133976	n/a
65.42626953125	0.3	1.0	2	133993	n/a
65.4345703125	0.3	0.0	1	134010	n/a
65.44287109375	0.3	1.0	2	134027	n/a
65.451171875	0.3	0.0	1	134044	n/a
65.45947265625	0.3	1.0	2	134061	n/a
65.4677734375	0.3	0.0	1	134078	n/a
65.47607421875	0.3	1.0	2	134095	n/a
65.484375	0.3	1.0	2	134112	n/a
65.49267578125	0.3	0.0	1	134129	n/a
65.5009765625	0.3	1.0	2	134146	n/a
65.50927734375	0.3	0.0	1	134163	n/a
65.51806640625	0.3	0.0	1	134181	n/a
65.5263671875	0.3	1.0	2	134198	n/a
65.53466796875	0.3	1.0	2	134215	n/a
65.54296875	0.3	0.0	1	134232	n/a
65.55126953125	0.3	0.0	1	134249	n/a
65.5595703125	0.3	1.0	2	134266	n/a
65.56787109375	0.3	1.0	2	134283	n/a
65.576171875	0.3	0.0	1	134300	n/a
65.58447265625	0.3	1.0	2	134317	n/a
65.5927734375	0.3	0.0	1	134334	n/a
65.60107421875	0.3	1.0	2	134351	n/a
65.609375	0.3	0.0	1	134368	n/a
65.61767578125	0.3	0.0	1	134385	n/a
65.6259765625	0.3	1.0	2	134402	n/a
65.63427734375	0.3	0.0	1	134419	n/a
65.64306640625	0.3	1.0	2	134437	n/a
65.6513671875	0.3	1.0	2	134454	n/a
65.65966796875	0.3	0.0	1	134471	n/a
65.66796875	0.3	0.0	1	134488	n/a
65.67626953125	0.3	1.0	2	134505	n/a
65.6845703125	0.3	1.0	2	134522	n/a
65.69287109375	0.3	0.0	1	134539	n/a
65.701171875	0.3	1.0	2	134556	n/a
65.70947265625	0.3	0.0	1	134573	n/a
65.7177734375	0.3	0.0	1	134590	n/a
65.72607421875	0.3	1.0	2	134607	n/a
65.734375	0.3	0.0	1	134624	n/a
65.74267578125	0.3	1.0	2	134641	n/a
65.7509765625	0.3	0.0	1	134658	n/a
65.75927734375	0.3	1.0	2	134675	n/a
65.76806640625	0.3	0.0	1	134693	n/a
65.7763671875	0.3	1.0	2	134710	n/a
65.78466796875	0.3	0.0	1	134727	n/a
65.79296875	0.3	1.0	2	134744	n/a
65.80126953125	0.3	0.0	1	134761	n/a
65.8095703125	0.3	1.0	2	134778	n/a
65.81787109375	0.3	1.0	2	134795	n/a
65.826171875	0.3	0.0	1	134812	n/a
65.83447265625	0.3	0.0	1	134829	n/a
65.8427734375	0.3	1.0	2	134846	n/a
65.85107421875	0.3	1.0	2	134863	n/a
65.859375	0.3	0.0	1	134880	n/a
65.86767578125	0.3	1.0	2	134897	n/a
65.8759765625	0.3	0.0	1	134914	n/a
65.88427734375	0.3	1.0	2	134931	n/a
65.89306640625	0.3	0.0	1	134949	n/a
65.9013671875	0.3	0.0	1	134966	n/a
65.90966796875	0.3	1.0	2	134983	n/a
65.91796875	0.3	1.0	2	135000	n/a
65.92626953125	0.3	0.0	1	135017	n/a
65.9345703125	0.3	1.0	2	135034	n/a
65.94287109375	0.3	0.0	1	135051	n/a
65.951171875	0.3	0.0	1	135068	n/a
65.95947265625	0.3	1.0	2	135085	n/a
65.9677734375	0.3	1.0	2	135102	n/a
65.97607421875	0.3	0.0	1	135119	n/a
65.984375	0.3	0.0	1	135136	n/a
65.99267578125	0.3	1.0	2	135153	n/a
66.0009765625	0.3	0.0	1	135170	n/a
66.00927734375	0.3	1.0	2	135187	n/a
66.01806640625	0.3	1.0	2	135205	n/a
66.0263671875	0.3	0.0	1	135222	n/a
66.03466796875	0.3	0.0	1	135239	n/a
66.04296875	0.3	1.0	2	135256	n/a
66.05126953125	0.3	1.0	2	135273	n/a
66.0595703125	0.3	0.0	1	135290	n/a
66.06787109375	0.3	0.0	1	135307	n/a
66.076171875	0.3	1.0	2	135324	n/a
66.08447265625	0.3	0.0	1	135341	n/a
66.0927734375	0.3	1.0	2	135358	n/a
66.10107421875	0.3	1.0	2	135375	n/a
66.109375	0.3	0.0	1	135392	n/a
66.11767578125	0.3	1.0	2	135409	n/a
66.1259765625	0.3	0.0	1	135426	n/a
66.13427734375	0.3	1.0	2	135443	n/a
66.14306640625	0.3	0.0	1	135461	n/a
66.1513671875	0.3	1.0	2	135478	n/a
66.15966796875	0.3	0.0	1	135495	n/a
66.16796875	0.3	0.0	1	135512	n/a
66.17626953125	0.3	1.0	2	135529	n/a
66.1845703125	0.3	0.0	1	135546	n/a
66.19287109375	0.3	1.0	2	135563	n/a
66.201171875	0.3	1.0	2	135580	n/a
66.20947265625	0.3	0.0	1	135597	n/a
66.2177734375	0.3	0.0	1	135614	n/a
66.22607421875	0.3	1.0	2	135631	n/a
66.234375	0.3	1.0	2	135648	n/a
66.24267578125	0.3	0.0	1	135665	n/a
66.2509765625	0.3	1.0	2	135682	n/a
66.25927734375	0.3	0.0	1	135699	n/a
66.26806640625	0.3	1.0	2	135717	n/a
66.2763671875	0.3	0.0	1	135734	n/a
66.28466796875	0.3	1.0	2	135751	n/a
66.29296875	0.3	0.0	1	135768	n/a
66.30126953125	0.3	0.0	1	135785	n/a
66.3095703125	0.3	1.0	2	135802	n/a
66.31787109375	0.3	0.0	1	135819	n/a
66.326171875	0.3	1.0	2	135836	n/a
66.33447265625	0.3	1.0	2	135853	n/a
66.3427734375	0.3	0.0	1	135870	n/a
66.35107421875	0.3	0.0	1	135887	n/a
66.359375	0.3	1.0	2	135904	n/a
66.36767578125	0.3	0.0	1	135921	n/a
66.3759765625	0.3	1.0	2	135938	n/a
66.38427734375	0.3	0.0	1	135955	n/a
66.39306640625	0.3	1.0	2	135973	n/a
66.4013671875	0.3	1.0	2	135990	n/a
66.40966796875	0.3	0.0	1	136007	n/a
66.41796875	0.3	1.0	2	136024	n/a
66.42626953125	0.3	0.0	1	136041	n/a
66.4345703125	0.3	1.0	2	136058	n/a
66.44287109375	0.3	0.0	1	136075	n/a
66.451171875	0.3	0.0	1	136092	n/a
66.45947265625	0.3	1.0	2	136109	n/a
66.4677734375	0.3	0.0	1	136126	n/a
66.47607421875	0.3	1.0	2	136143	n/a
66.484375	0.3	0.0	1	136160	n/a
66.49267578125	0.3	1.0	2	136177	n/a
66.5009765625	0.3	0.0	1	136194	n/a
66.50927734375	0.3	1.0	2	136211	n/a
66.51806640625	0.3	0.0	1	136229	n/a
66.5263671875	0.3	1.0	2	136246	n/a
66.53466796875	0.3	1.0	2	136263	n/a
66.54296875	0.3	0.0	1	136280	n/a
66.55126953125	0.3	1.0	2	136297	n/a
66.5595703125	0.3	0.0	1	136314	n/a
66.56787109375	0.3	0.0	1	136331	n/a
66.576171875	0.3	1.0	2	136348	n/a
66.58447265625	0.3	1.0	2	136365	n/a
66.5927734375	0.3	0.0	1	136382	n/a
66.60107421875	0.3	0.0	1	136399	n/a
66.609375	0.3	1.0	2	136416	n/a
66.61767578125	0.3	1.0	2	136433	n/a
66.6259765625	0.3	0.0	1	136450	n/a
66.63427734375	0.3	1.0	2	136467	n/a
66.64306640625	0.3	0.0	1	136485	n/a
66.6513671875	0.3	1.0	2	136502	n/a
66.65966796875	0.3	0.0	1	136519	n/a
66.66796875	0.3	0.0	1	136536	n/a
66.67626953125	0.3	1.0	2	136553	n/a
66.6845703125	0.3	0.0	1	136570	n/a
66.69287109375	0.3	1.0	2	136587	n/a
66.701171875	0.3	1.0	2	136604	n/a
66.70947265625	0.3	0.0	1	136621	n/a
66.7177734375	0.3	0.0	1	136638	n/a
66.72607421875	0.3	1.0	2	136655	n/a
66.734375	0.3	1.0	2	136672	n/a
66.74267578125	0.3	0.0	1	136689	n/a
66.7509765625	0.3	1.0	2	136706	n/a
66.75927734375	0.3	0.0	1	136723	n/a
66.76806640625	0.3	0.0	1	136741	n/a
66.7763671875	0.3	1.0	2	136758	n/a
66.78466796875	0.3	0.0	1	136775	n/a
66.79296875	0.3	1.0	2	136792	n/a
66.80126953125	0.3	0.0	1	136809	n/a
66.8095703125	0.3	1.0	2	136826	n/a
66.81787109375	0.3	0.0	1	136843	n/a
66.826171875	0.3	1.0	2	136860	n/a
66.83447265625	0.3	0.0	1	136877	n/a
66.8427734375	0.3	1.0	2	136894	n/a
66.85107421875	0.3	0.0	1	136911	n/a
66.859375	0.3	1.0	2	136928	n/a
66.86767578125	0.3	1.0	2	136945	n/a
66.8759765625	0.3	0.0	1	136962	n/a
66.88427734375	0.3	0.0	1	136979	n/a
66.89306640625	0.3	1.0	2	136997	n/a
66.9013671875	0.3	1.0	2	137014	n/a
66.90966796875	0.3	0.0	1	137031	n/a
66.91796875	0.3	1.0	2	137048	n/a
66.92626953125	0.3	0.0	1	137065	n/a
66.9345703125	0.3	1.0	2	137082	n/a
66.94287109375	0.3	0.0	1	137099	n/a
66.951171875	0.3	0.0	1	137116	n/a
66.95947265625	0.3	1.0	2	137133	n/a
66.9677734375	0.3	1.0	2	137150	n/a
66.97607421875	0.3	0.0	1	137167	n/a
66.984375	0.3	1.0	2	137184	n/a
66.99267578125	0.3	0.0	1	137201	n/a
67.0009765625	0.3	0.0	1	137218	n/a
67.00927734375	0.3	1.0	2	137235	n/a
67.01806640625	0.3	1.0	2	137253	n/a
67.0263671875	0.3	0.0	1	137270	n/a
67.03466796875	0.3	0.0	1	137287	n/a
67.04296875	0.3	1.0	2	137304	n/a
67.05126953125	0.3	0.0	1	137321	n/a
67.0595703125	0.3	1.0	2	137338	n/a
67.06787109375	0.3	1.0	2	137355	n/a
67.076171875	0.3	0.0	1	137372	n/a
67.08447265625	0.3	0.0	1	137389	n/a
67.0927734375	0.3	1.0	2	137406	n/a
67.10107421875	0.3	1.0	2	137423	n/a
67.109375	0.3	0.0	1	137440	n/a
67.11767578125	0.3	0.0	1	137457	n/a
67.1259765625	0.3	1.0	2	137474	n/a
67.13427734375	0.3	0.0	1	137491	n/a
67.14306640625	0.3	1.0	2	137509	n/a
67.1513671875	0.3	1.0	2	137526	n/a
67.15966796875	0.3	0.0	1	137543	n/a
67.16796875	0.3	1.0	2	137560	n/a
67.17626953125	0.3	0.0	1	137577	n/a
67.1845703125	0.3	1.0	2	137594	n/a
67.19287109375	0.3	0.0	1	137611	n/a
67.201171875	0.3	1.0	2	137628	n/a
67.20947265625	0.3	0.0	1	137645	n/a
67.2177734375	0.3	0.0	1	137662	n/a
67.22607421875	0.3	1.0	2	137679	n/a
67.234375	0.3	0.0	1	137696	n/a
67.24267578125	0.3	1.0	2	137713	n/a
67.2509765625	0.3	1.0	2	137730	n/a
67.25927734375	0.3	0.0	1	137747	n/a
67.26806640625	0.3	0.0	1	137765	n/a
67.2763671875	0.3	1.0	2	137782	n/a
67.28466796875	0.3	1.0	2	137799	n/a
67.29296875	0.3	0.0	1	137816	n/a
67.30126953125	0.3	1.0	2	137833	n/a
67.3095703125	0.3	0.0	1	137850	n/a
67.31787109375	0.3	1.0	2	137867	n/a
67.326171875	0.3	0.0	1	137884	n/a
67.33447265625	0.3	1.0	2	137901	n/a
67.3427734375	0.3	0.0	1	137918	n/a
67.35107421875	0.3	0.0	1	137935	n/a
67.359375	0.3	1.0	2	137952	n/a
67.36767578125	0.3	0.0	1	137969	n/a
67.3759765625	0.3	1.0	2	137986	n/a
67.38427734375	0.3	1.0	2	138003	n/a
67.39306640625	0.3	0.0	1	138021	n/a
67.4013671875	0.3	0.0	1	138038	n/a
67.40966796875	0.3	1.0	2	138055	n/a
67.41796875	0.3	0.0	1	138072	n/a
67.42626953125	0.3	1.0	2	138089	n/a
67.4345703125	0.3	0.0	1	138106	n/a
67.44287109375	0.3	1.0	2	138123	n/a
67.451171875	0.3	1.0	2	138140	n/a
67.45947265625	0.3	0.0	1	138157	n/a
67.4677734375	0.3	1.0	2	138174	n/a
67.47607421875	0.3	0.0	1	138191	n/a
67.484375	0.3	1.0	2	138208	n/a
67.49267578125	0.3	0.0	1	138225	n/a
67.5009765625	0.3	0.0	1	138242	n/a
67.50927734375	0.3	1.0	2	138259	n/a
67.51806640625	0.3	0.0	1	138277	n/a
67.5263671875	0.3	1.0	2	138294	n/a
67.53466796875	0.3	0.0	1	138311	n/a
67.54296875	0.3	1.0	2	138328	n/a
67.55126953125	0.3	0.0	1	138345	n/a
67.5595703125	0.3	1.0	2	138362	n/a
67.56787109375	0.3	0.0	1	138379	n/a
67.576171875	0.3	1.0	2	138396	n/a
67.58447265625	0.3	1.0	2	138413	n/a
67.5927734375	0.3	0.0	1	138430	n/a
67.60107421875	0.3	1.0	2	138447	n/a
67.609375	0.3	0.0	1	138464	n/a
67.61767578125	0.3	0.0	1	138481	n/a
67.6259765625	0.3	1.0	2	138498	n/a
67.63427734375	0.3	1.0	2	138515	n/a
67.64306640625	0.3	0.0	1	138533	n/a
70.0263671875	0.3	1.0	2	143414	33.0
70.03466796875	0.3	0.0	1	143431	n/a
70.04296875	0.3	1.0	2	143448	n/a
70.05126953125	0.3	0.0	1	143465	n/a
70.0595703125	0.3	1.0	2	143482	n/a
70.06787109375	0.3	0.0	1	143499	n/a
70.076171875	0.3	1.0	2	143516	n/a
70.08447265625	0.3	0.0	1	143533	n/a
70.09326171875	0.3	1.0	2	143551	n/a
70.1015625	0.3	0.0	1	143568	n/a
70.10986328125	0.3	1.0	2	143585	n/a
70.1181640625	0.3	0.0	1	143602	n/a
70.12646484375	0.3	1.0	2	143619	n/a
70.134765625	0.3	0.0	1	143636	n/a
70.14306640625	0.3	0.0	1	143653	n/a
70.1513671875	0.3	1.0	2	143670	n/a
70.15966796875	0.3	0.0	1	143687	n/a
70.16796875	0.3	1.0	2	143704	n/a
70.17626953125	0.3	0.0	1	143721	n/a
70.1845703125	0.3	1.0	2	143738	n/a
70.19287109375	0.3	1.0	2	143755	n/a
70.201171875	0.3	0.0	1	143772	n/a
70.20947265625	0.3	1.0	2	143789	n/a
70.21826171875	0.3	0.0	1	143807	n/a
70.2265625	0.3	0.0	1	143824	n/a
70.23486328125	0.3	1.0	2	143841	n/a
70.2431640625	0.3	1.0	2	143858	n/a
70.25146484375	0.3	0.0	1	143875	n/a
70.259765625	0.3	1.0	2	143892	n/a
70.26806640625	0.3	0.0	1	143909	n/a
70.2763671875	0.3	1.0	2	143926	n/a
70.28466796875	0.3	0.0	1	143943	n/a
70.29296875	0.3	1.0	2	143960	n/a
70.30126953125	0.3	0.0	1	143977	n/a
70.3095703125	0.3	1.0	2	143994	n/a
70.31787109375	0.3	0.0	1	144011	n/a
70.326171875	0.3	1.0	2	144028	n/a
70.33447265625	0.3	0.0	1	144045	n/a
70.34326171875	0.3	0.0	1	144063	n/a
70.3515625	0.3	1.0	2	144080	n/a
70.35986328125	0.3	0.0	1	144097	n/a
70.3681640625	0.3	1.0	2	144114	n/a
70.37646484375	0.3	0.0	1	144131	n/a
70.384765625	0.3	1.0	2	144148	n/a
70.39306640625	0.3	0.0	1	144165	n/a
70.4013671875	0.3	1.0	2	144182	n/a
70.40966796875	0.3	1.0	2	144199	n/a
70.41796875	0.3	0.0	1	144216	n/a
70.42626953125	0.3	0.0	1	144233	n/a
70.4345703125	0.3	1.0	2	144250	n/a
70.44287109375	0.3	0.0	1	144267	n/a
70.451171875	0.3	1.0	2	144284	n/a
70.45947265625	0.3	1.0	2	144301	n/a
70.46826171875	0.3	0.0	1	144319	n/a
70.4765625	0.3	0.0	1	144336	n/a
70.48486328125	0.3	1.0	2	144353	n/a
70.4931640625	0.3	0.0	1	144370	n/a
70.50146484375	0.3	1.0	2	144387	n/a
70.509765625	0.3	1.0	2	144404	n/a
70.51806640625	0.3	0.0	1	144421	n/a
70.5263671875	0.3	1.0	2	144438	n/a
70.53466796875	0.3	0.0	1	144455	n/a
70.54296875	0.3	0.0	1	144472	n/a
70.55126953125	0.3	1.0	2	144489	n/a
70.5595703125	0.3	0.0	1	144506	n/a
70.56787109375	0.3	1.0	2	144523	n/a
70.576171875	0.3	0.0	1	144540	n/a
70.58447265625	0.3	1.0	2	144557	n/a
70.59326171875	0.3	1.0	2	144575	n/a
70.6015625	0.3	0.0	1	144592	n/a
70.60986328125	0.3	1.0	2	144609	n/a
70.6181640625	0.3	0.0	1	144626	n/a
70.62646484375	0.3	0.0	1	144643	n/a
70.634765625	0.3	1.0	2	144660	n/a
70.64306640625	0.3	0.0	1	144677	n/a
70.6513671875	0.3	1.0	2	144694	n/a
70.65966796875	0.3	0.0	1	144711	n/a
70.66796875	0.3	1.0	2	144728	n/a
70.67626953125	0.3	1.0	2	144745	n/a
70.6845703125	0.3	0.0	1	144762	n/a
70.69287109375	0.3	0.0	1	144779	n/a
70.701171875	0.3	1.0	2	144796	n/a
70.70947265625	0.3	0.0	1	144813	n/a
70.71826171875	0.3	1.0	2	144831	n/a
70.7265625	0.3	0.0	1	144848	n/a
70.73486328125	0.3	1.0	2	144865	n/a
70.7431640625	0.3	0.0	1	144882	n/a
70.75146484375	0.3	1.0	2	144899	n/a
70.759765625	0.3	1.0	2	144916	n/a
70.76806640625	0.3	0.0	1	144933	n/a
70.7763671875	0.3	0.0	1	144950	n/a
70.78466796875	0.3	1.0	2	144967	n/a
70.79296875	0.3	0.0	1	144984	n/a
70.80126953125	0.3	1.0	2	145001	n/a
70.8095703125	0.3	1.0	2	145018	n/a
70.81787109375	0.3	0.0	1	145035	n/a
70.826171875	0.3	0.0	1	145052	n/a
70.83447265625	0.3	1.0	2	145069	n/a
70.84326171875	0.3	1.0	2	145087	n/a
70.8515625	0.3	0.0	1	145104	n/a
70.85986328125	0.3	0.0	1	145121	n/a
70.8681640625	0.3	1.0	2	145138	n/a
70.87646484375	0.3	0.0	1	145155	n/a
70.884765625	0.3	1.0	2	145172	n/a
70.89306640625	0.3	0.0	1	145189	n/a
70.9013671875	0.3	1.0	2	145206	n/a
70.90966796875	0.3	0.0	1	145223	n/a
70.91796875	0.3	1.0	2	145240	n/a
70.92626953125	0.3	1.0	2	145257	n/a
70.9345703125	0.3	0.0	1	145274	n/a
70.94287109375	0.3	1.0	2	145291	n/a
70.951171875	0.3	0.0	1	145308	n/a
70.95947265625	0.3	1.0	2	145325	n/a
70.96826171875	0.3	0.0	1	145343	n/a
70.9765625	0.3	0.0	1	145360	n/a
70.98486328125	0.3	1.0	2	145377	n/a
70.9931640625	0.3	0.0	1	145394	n/a
71.00146484375	0.3	1.0	2	145411	n/a
71.009765625	0.3	0.0	1	145428	n/a
71.01806640625	0.3	1.0	2	145445	n/a
71.0263671875	0.3	1.0	2	145462	n/a
71.03466796875	0.3	0.0	1	145479	n/a
71.04296875	0.3	1.0	2	145496	n/a
71.05126953125	0.3	0.0	1	145513	n/a
71.0595703125	0.3	1.0	2	145530	n/a
71.06787109375	0.3	0.0	1	145547	n/a
71.076171875	0.3	1.0	2	145564	n/a
71.08447265625	0.3	0.0	1	145581	n/a
71.09326171875	0.3	1.0	2	145599	n/a
71.1015625	0.3	0.0	1	145616	n/a
71.10986328125	0.3	1.0	2	145633	n/a
71.1181640625	0.3	0.0	1	145650	n/a
71.12646484375	0.3	1.0	2	145667	n/a
71.134765625	0.3	0.0	1	145684	n/a
71.14306640625	0.3	1.0	2	145701	n/a
71.1513671875	0.3	0.0	1	145718	n/a
71.15966796875	0.3	1.0	2	145735	n/a
71.16796875	0.3	0.0	1	145752	n/a
71.17626953125	0.3	1.0	2	145769	n/a
71.1845703125	0.3	0.0	1	145786	n/a
71.19287109375	0.3	0.0	1	145803	n/a
71.201171875	0.3	1.0	2	145820	n/a
71.20947265625	0.3	0.0	1	145837	n/a
71.21826171875	0.3	1.0	2	145855	n/a
71.2265625	0.3	0.0	1	145872	n/a
71.23486328125	0.3	1.0	2	145889	n/a
71.2431640625	0.3	1.0	2	145906	n/a
71.25146484375	0.3	0.0	1	145923	n/a
71.259765625	0.3	1.0	2	145940	n/a
71.26806640625	0.3	0.0	1	145957	n/a
71.2763671875	0.3	0.0	1	145974	n/a
71.28466796875	0.3	1.0	2	145991	n/a
71.29296875	0.3	1.0	2	146008	n/a
71.30126953125	0.3	0.0	1	146025	n/a
71.3095703125	0.3	1.0	2	146042	n/a
71.31787109375	0.3	0.0	1	146059	n/a
71.326171875	0.3	1.0	2	146076	n/a
71.33447265625	0.3	0.0	1	146093	n/a
71.34326171875	0.3	1.0	2	146111	n/a
71.3515625	0.3	0.0	1	146128	n/a
71.35986328125	0.3	1.0	2	146145	n/a
71.3681640625	0.3	0.0	1	146162	n/a
71.37646484375	0.3	1.0	2	146179	n/a
71.384765625	0.3	0.0	1	146196	n/a
71.39306640625	0.3	0.0	1	146213	n/a
71.4013671875	0.3	1.0	2	146230	n/a
71.40966796875	0.3	0.0	1	146247	n/a
71.41796875	0.3	1.0	2	146264	n/a
71.42626953125	0.3	0.0	1	146281	n/a
71.4345703125	0.3	1.0	2	146298	n/a
71.44287109375	0.3	0.0	1	146315	n/a
71.451171875	0.3	1.0	2	146332	n/a
71.45947265625	0.3	1.0	2	146349	n/a
71.46826171875	0.3	0.0	1	146367	n/a
71.4765625	0.3	0.0	1	146384	n/a
71.48486328125	0.3	1.0	2	146401	n/a
71.4931640625	0.3	0.0	1	146418	n/a
71.50146484375	0.3	1.0	2	146435	n/a
71.509765625	0.3	1.0	2	146452	n/a
71.51806640625	0.3	0.0	1	146469	n/a
71.5263671875	0.3	0.0	1	146486	n/a
71.53466796875	0.3	1.0	2	146503	n/a
71.54296875	0.3	0.0	1	146520	n/a
71.55126953125	0.3	1.0	2	146537	n/a
71.5595703125	0.3	1.0	2	146554	n/a
71.56787109375	0.3	0.0	1	146571	n/a
71.576171875	0.3	1.0	2	146588	n/a
71.58447265625	0.3	0.0	1	146605	n/a
71.59326171875	0.3	0.0	1	146623	n/a
71.6015625	0.3	1.0	2	146640	n/a
71.60986328125	0.3	0.0	1	146657	n/a
71.6181640625	0.3	1.0	2	146674	n/a
71.62646484375	0.3	0.0	1	146691	n/a
71.634765625	0.3	1.0	2	146708	n/a
71.64306640625	0.3	1.0	2	146725	n/a
71.6513671875	0.3	0.0	1	146742	n/a
71.65966796875	0.3	1.0	2	146759	n/a
71.66796875	0.3	0.0	1	146776	n/a
71.67626953125	0.3	0.0	1	146793	n/a
71.6845703125	0.3	1.0	2	146810	n/a
71.69287109375	0.3	0.0	1	146827	n/a
71.701171875	0.3	1.0	2	146844	n/a
71.70947265625	0.3	0.0	1	146861	n/a
71.71826171875	0.3	1.0	2	146879	n/a
71.7265625	0.3	1.0	2	146896	n/a
71.73486328125	0.3	0.0	1	146913	n/a
71.7431640625	0.3	0.0	1	146930	n/a
71.75146484375	0.3	1.0	2	146947	n/a
71.759765625	0.3	0.0	1	146964	n/a
71.76806640625	0.3	1.0	2	146981	n/a
71.7763671875	0.3	0.0	1	146998	n/a
71.78466796875	0.3	1.0	2	147015	n/a
71.79296875	0.3	0.0	1	147032	n/a
71.80126953125	0.3	1.0	2	147049	n/a
71.8095703125	0.3	1.0	2	147066	n/a
71.81787109375	0.3	0.0	1	147083	n/a
71.826171875	0.3	0.0	1	147100	n/a
71.83447265625	0.3	1.0	2	147117	n/a
71.84326171875	0.3	0.0	1	147135	n/a
71.8515625	0.3	1.0	2	147152	n/a
71.85986328125	0.3	1.0	2	147169	n/a
71.8681640625	0.3	0.0	1	147186	n/a
71.87646484375	0.3	0.0	1	147203	n/a
71.884765625	0.3	1.0	2	147220	n/a
71.89306640625	0.3	1.0	2	147237	n/a
71.9013671875	0.3	0.0	1	147254	n/a
71.90966796875	0.3	0.0	1	147271	n/a
71.91796875	0.3	1.0	2	147288	n/a
71.92626953125	0.3	0.0	1	147305	n/a
71.9345703125	0.3	1.0	2	147322	n/a
71.94287109375	0.3	0.0	1	147339	n/a
71.951171875	0.3	1.0	2	147356	n/a
71.95947265625	0.3	0.0	1	147373	n/a
71.96826171875	0.3	1.0	2	147391	n/a
71.9765625	0.3	1.0	2	147408	n/a
71.98486328125	0.3	0.0	1	147425	n/a
71.9931640625	0.3	1.0	2	147442	n/a
72.00146484375	0.3	0.0	1	147459	n/a
72.009765625	0.3	1.0	2	147476	n/a
72.01806640625	0.3	0.0	1	147493	n/a
72.0263671875	0.3	0.0	1	147510	n/a
72.03466796875	0.3	1.0	2	147527	n/a
72.04296875	0.3	0.0	1	147544	n/a
72.05126953125	0.3	1.0	2	147561	n/a
72.0595703125	0.3	0.0	1	147578	n/a
72.06787109375	0.3	1.0	2	147595	n/a
72.076171875	0.3	1.0	2	147612	n/a
72.08447265625	0.3	0.0	1	147629	n/a
72.09326171875	0.3	1.0	2	147647	n/a
72.1015625	0.3	0.0	1	147664	n/a
72.10986328125	0.3	1.0	2	147681	n/a
72.1181640625	0.3	0.0	1	147698	n/a
72.12646484375	0.3	1.0	2	147715	n/a
72.134765625	0.3	0.0	1	147732	n/a
72.14306640625	0.3	1.0	2	147749	n/a
72.1513671875	0.3	0.0	1	147766	n/a
72.15966796875	0.3	1.0	2	147783	n/a
72.16796875	0.3	0.0	1	147800	n/a
72.17626953125	0.3	1.0	2	147817	n/a
72.1845703125	0.3	0.0	1	147834	n/a
72.19287109375	0.3	1.0	2	147851	n/a
72.201171875	0.3	0.0	1	147868	n/a
72.20947265625	0.3	1.0	2	147885	n/a
72.21826171875	0.3	0.0	1	147903	n/a
72.2265625	0.3	1.0	2	147920	n/a
72.23486328125	0.3	0.0	1	147937	n/a
72.2431640625	0.3	0.0	1	147954	n/a
72.25146484375	0.3	1.0	2	147971	n/a
72.259765625	0.3	0.0	1	147988	n/a
72.26806640625	0.3	1.0	2	148005	n/a
72.2763671875	0.3	0.0	1	148022	n/a
72.28466796875	0.3	1.0	2	148039	n/a
72.29296875	0.3	1.0	2	148056	n/a
72.30126953125	0.3	0.0	1	148073	n/a
72.3095703125	0.3	1.0	2	148090	n/a
72.31787109375	0.3	0.0	1	148107	n/a
72.326171875	0.3	0.0	1	148124	n/a
72.33447265625	0.3	1.0	2	148141	n/a
72.34326171875	0.3	1.0	2	148159	n/a
72.3515625	0.3	0.0	1	148176	n/a
72.35986328125	0.3	1.0	2	148193	n/a
72.3681640625	0.3	0.0	1	148210	n/a
72.37646484375	0.3	1.0	2	148227	n/a
72.384765625	0.3	0.0	1	148244	n/a
72.39306640625	0.3	1.0	2	148261	n/a
72.4013671875	0.3	0.0	1	148278	n/a
72.40966796875	0.3	1.0	2	148295	n/a
72.41796875	0.3	0.0	1	148312	n/a
72.42626953125	0.3	1.0	2	148329	n/a
72.4345703125	0.3	0.0	1	148346	n/a
72.44287109375	0.3	0.0	1	148363	n/a
72.451171875	0.3	1.0	2	148380	n/a
72.45947265625	0.3	0.0	1	148397	n/a
72.46826171875	0.3	1.0	2	148415	n/a
72.4765625	0.3	0.0	1	148432	n/a
72.48486328125	0.3	1.0	2	148449	n/a
72.4931640625	0.3	0.0	1	148466	n/a
72.50146484375	0.3	1.0	2	148483	n/a
72.509765625	0.3	1.0	2	148500	n/a
72.51806640625	0.3	0.0	1	148517	n/a
72.5263671875	0.3	0.0	1	148534	n/a
72.53466796875	0.3	1.0	2	148551	n/a
72.54296875	0.3	0.0	1	148568	n/a
72.55126953125	0.3	1.0	2	148585	n/a
72.5595703125	0.3	1.0	2	148602	n/a
72.56787109375	0.3	0.0	1	148619	n/a
72.576171875	0.3	0.0	1	148636	n/a
72.58447265625	0.3	1.0	2	148653	n/a
72.59326171875	0.3	0.0	1	148671	n/a
72.6015625	0.3	1.0	2	148688	n/a
72.60986328125	0.3	1.0	2	148705	n/a
72.6181640625	0.3	0.0	1	148722	n/a
72.62646484375	0.3	1.0	2	148739	n/a
72.634765625	0.3	0.0	1	148756	n/a
72.64306640625	0.3	0.0	1	148773	n/a
72.6513671875	0.3	1.0	2	148790	n/a
72.65966796875	0.3	0.0	1	148807	n/a
72.66796875	0.3	1.0	2	148824	n/a
72.67626953125	0.3	0.0	1	148841	n/a
72.6845703125	0.3	1.0	2	148858	n/a
72.69287109375	0.3	1.0	2	148875	n/a
72.701171875	0.3	0.0	1	148892	n/a
72.70947265625	0.3	1.0	2	148909	n/a
72.71826171875	0.3	0.0	1	148927	n/a
72.7265625	0.3	0.0	1	148944	n/a
72.73486328125	0.3	1.0	2	148961	n/a
72.7431640625	0.3	0.0	1	148978	n/a
72.75146484375	0.3	1.0	2	148995	n/a
72.759765625	0.3	0.0	1	149012	n/a
72.76806640625	0.3	1.0	2	149029	n/a
72.7763671875	0.3	1.0	2	149046	n/a
72.78466796875	0.3	0.0	1	149063	n/a
72.79296875	0.3	0.0	1	149080	n/a
72.80126953125	0.3	1.0	2	149097	n/a
72.8095703125	0.3	0.0	1	149114	n/a
72.81787109375	0.3	1.0	2	149131	n/a
72.826171875	0.3	0.0	1	149148	n/a
72.83447265625	0.3	1.0	2	149165	n/a
72.84326171875	0.3	0.0	1	149183	n/a
72.8515625	0.3	1.0	2	149200	n/a
72.85986328125	0.3	1.0	2	149217	n/a
72.8681640625	0.3	0.0	1	149234	n/a
72.87646484375	0.3	0.0	1	149251	n/a
72.884765625	0.3	1.0	2	149268	n/a
72.89306640625	0.3	0.0	1	149285	n/a
72.9013671875	0.3	1.0	2	149302	n/a
72.90966796875	0.3	1.0	2	149319	n/a
72.91796875	0.3	0.0	1	149336	n/a
72.92626953125	0.3	0.0	1	149353	n/a
72.9345703125	0.3	1.0	2	149370	n/a
72.94287109375	0.3	1.0	2	149387	n/a
72.951171875	0.3	0.0	1	149404	n/a
72.95947265625	0.3	0.0	1	149421	n/a
72.96826171875	0.3	1.0	2	149439	n/a
72.9765625	0.3	0.0	1	149456	n/a
72.98486328125	0.3	1.0	2	149473	n/a
72.9931640625	0.3	0.0	1	149490	n/a
73.00146484375	0.3	1.0	2	149507	n/a
73.009765625	0.3	0.0	1	149524	n/a
73.01806640625	0.3	1.0	2	149541	n/a
73.0263671875	0.3	1.0	2	149558	n/a
73.03466796875	0.3	0.0	1	149575	n/a
73.04296875	0.3	1.0	2	149592	n/a
73.05126953125	0.3	0.0	1	149609	n/a
73.0595703125	0.3	1.0	2	149626	n/a
73.06787109375	0.3	0.0	1	149643	n/a
73.076171875	0.3	0.0	1	149660	n/a
73.08447265625	0.3	1.0	2	149677	n/a
73.09326171875	0.3	0.0	1	149695	n/a
73.1015625	0.3	1.0	2	149712	n/a
73.10986328125	0.3	0.0	1	149729	n/a
73.1181640625	0.3	1.0	2	149746	n/a
73.12646484375	0.3	1.0	2	149763	n/a
73.134765625	0.3	0.0	1	149780	n/a
73.14306640625	0.3	1.0	2	149797	n/a
73.1513671875	0.3	0.0	1	149814	n/a
73.15966796875	0.3	1.0	2	149831	n/a
73.16796875	0.3	0.0	1	149848	n/a
73.17626953125	0.3	1.0	2	149865	n/a
73.1845703125	0.3	0.0	1	149882	n/a
73.19287109375	0.3	1.0	2	149899	n/a
73.201171875	0.3	0.0	1	149916	n/a
73.20947265625	0.3	1.0	2	149933	n/a
73.21826171875	0.3	0.0	1	149951	n/a
73.2265625	0.3	1.0	2	149968	n/a
73.23486328125	0.3	0.0	1	149985	n/a
73.2431640625	0.3	1.0	2	150002	n/a
73.25146484375	0.3	0.0	1	150019	n/a
73.259765625	0.3	1.0	2	150036	n/a
73.26806640625	0.3	0.0	1	150053	n/a
73.2763671875	0.3	1.0	2	150070	n/a
73.28466796875	0.3	0.0	1	150087	n/a
73.29296875	0.3	0.0	1	150104	n/a
73.30126953125	0.3	1.0	2	150121	n/a
73.3095703125	0.3	0.0	1	150138	n/a
73.31787109375	0.3	1.0	2	150155	n/a
73.326171875	0.3	0.0	1	150172	n/a
73.33447265625	0.3	1.0	2	150189	n/a
73.34326171875	0.3	1.0	2	150207	n/a
73.3515625	0.3	0.0	1	150224	n/a
73.35986328125	0.3	1.0	2	150241	n/a
73.3681640625	0.3	0.0	1	150258	n/a
73.37646484375	0.3	0.0	1	150275	n/a
73.384765625	0.3	1.0	2	150292	n/a
73.39306640625	0.3	1.0	2	150309	n/a
73.4013671875	0.3	0.0	1	150326	n/a
73.40966796875	0.3	1.0	2	150343	n/a
73.41796875	0.3	0.0	1	150360	n/a
73.42626953125	0.3	1.0	2	150377	n/a
73.4345703125	0.3	0.0	1	150394	n/a
73.44287109375	0.3	1.0	2	150411	n/a
73.451171875	0.3	0.0	1	150428	n/a
73.45947265625	0.3	1.0	2	150445	n/a
73.46826171875	0.3	0.0	1	150463	n/a
73.4765625	0.3	1.0	2	150480	n/a
73.48486328125	0.3	0.0	1	150497	n/a
73.4931640625	0.3	0.0	1	150514	n/a
73.50146484375	0.3	1.0	2	150531	n/a
73.509765625	0.3	0.0	1	150548	n/a
73.51806640625	0.3	1.0	2	150565	n/a
73.5263671875	0.3	0.0	1	150582	n/a
73.53466796875	0.3	1.0	2	150599	n/a
73.54296875	0.3	0.0	1	150616	n/a
73.55126953125	0.3	1.0	2	150633	n/a
73.5595703125	0.3	1.0	2	150650	n/a
73.56787109375	0.3	0.0	1	150667	n/a
73.576171875	0.3	0.0	1	150684	n/a
73.58447265625	0.3	1.0	2	150701	n/a
73.59326171875	0.3	0.0	1	150719	n/a
73.6015625	0.3	1.0	2	150736	n/a
73.60986328125	0.3	1.0	2	150753	n/a
73.6181640625	0.3	0.0	1	150770	n/a
73.62646484375	0.3	0.0	1	150787	n/a
73.634765625	0.3	1.0	2	150804	n/a
73.64306640625	0.3	0.0	1	150821	n/a
73.6513671875	0.3	1.0	2	150838	n/a
73.65966796875	0.3	1.0	2	150855	n/a
73.66796875	0.3	0.0	1	150872	n/a
73.67626953125	0.3	1.0	2	150889	n/a
73.6845703125	0.3	0.0	1	150906	n/a
73.69287109375	0.3	0.0	1	150923	n/a
73.701171875	0.3	1.0	2	150940	n/a
73.70947265625	0.3	0.0	1	150957	n/a
73.71826171875	0.3	1.0	2	150975	n/a
73.7265625	0.3	0.0	1	150992	n/a
73.73486328125	0.3	1.0	2	151009	n/a
73.7431640625	0.3	1.0	2	151026	n/a
73.75146484375	0.3	0.0	1	151043	n/a
73.759765625	0.3	1.0	2	151060	n/a
73.76806640625	0.3	0.0	1	151077	n/a
73.7763671875	0.3	0.0	1	151094	n/a
73.78466796875	0.3	1.0	2	151111	n/a
73.79296875	0.3	0.0	1	151128	n/a
73.80126953125	0.3	1.0	2	151145	n/a
73.8095703125	0.3	0.0	1	151162	n/a
73.81787109375	0.3	1.0	2	151179	n/a
73.826171875	0.3	1.0	2	151196	n/a
73.83447265625	0.3	0.0	1	151213	n/a
73.84326171875	0.3	0.0	1	151231	n/a
73.8515625	0.3	1.0	2	151248	n/a
73.85986328125	0.3	0.0	1	151265	n/a
73.8681640625	0.3	1.0	2	151282	n/a
73.87646484375	0.3	0.0	1	151299	n/a
73.884765625	0.3	1.0	2	151316	n/a
73.89306640625	0.3	0.0	1	151333	n/a
73.9013671875	0.3	1.0	2	151350	n/a
73.90966796875	0.3	1.0	2	151367	n/a
73.91796875	0.3	0.0	1	151384	n/a
73.92626953125	0.3	0.0	1	151401	n/a
73.9345703125	0.3	1.0	2	151418	n/a
73.94287109375	0.3	0.0	1	151435	n/a
73.951171875	0.3	1.0	2	151452	n/a
73.95947265625	0.3	1.0	2	151469	n/a
73.96826171875	0.3	0.0	1	151487	n/a
73.9765625	0.3	0.0	1	151504	n/a
73.98486328125	0.3	1.0	2	151521	n/a
73.9931640625	0.3	1.0	2	151538	n/a
74.00146484375	0.3	0.0	1	151555	n/a
74.009765625	0.3	0.0	1	151572	n/a
74.01806640625	0.3	1.0	2	151589	n/a
74.0263671875	0.3	0.0	1	151606	n/a
74.03466796875	0.3	1.0	2	151623	n/a
74.04296875	0.3	0.0	1	151640	n/a
74.05126953125	0.3	1.0	2	151657	n/a
74.0595703125	0.3	0.0	1	151674	n/a
74.06787109375	0.3	1.0	2	151691	n/a
74.076171875	0.3	1.0	2	151708	n/a
74.08447265625	0.3	0.0	1	151725	n/a
74.09326171875	0.3	1.0	2	151743	n/a
74.1015625	0.3	0.0	1	151760	n/a
74.10986328125	0.3	1.0	2	151777	n/a
74.1181640625	0.3	0.0	1	151794	n/a
74.12646484375	0.3	0.0	1	151811	n/a
74.134765625	0.3	1.0	2	151828	n/a
74.14306640625	0.3	0.0	1	151845	n/a
74.1513671875	0.3	1.0	2	151862	n/a
74.15966796875	0.3	0.0	1	151879	n/a
74.16796875	0.3	1.0	2	151896	n/a
74.17626953125	0.3	1.0	2	151913	n/a
74.1845703125	0.3	0.0	1	151930	n/a
74.19287109375	0.3	1.0	2	151947	n/a
74.201171875	0.3	0.0	1	151964	n/a
74.20947265625	0.3	1.0	2	151981	n/a
74.21826171875	0.3	0.0	1	151999	n/a
76.65234375	0.3	0.0	1	156984	8.0
76.66064453125	0.3	1.0	2	157001	n/a
76.6689453125	0.3	1.0	2	157018	n/a
76.67724609375	0.3	0.0	1	157035	n/a
76.685546875	0.3	1.0	2	157052	n/a
76.69384765625	0.3	0.0	1	157069	n/a
76.7021484375	0.3	0.0	1	157086	n/a
76.71044921875	0.3	1.0	2	157103	n/a
76.71923828125	0.3	0.0	1	157121	n/a
76.7275390625	0.3	1.0	2	157138	n/a
76.73583984375	0.3	1.0	2	157155	n/a
76.744140625	0.3	0.0	1	157172	n/a
76.75244140625	0.3	0.0	1	157189	n/a
76.7607421875	0.3	1.0	2	157206	n/a
76.76904296875	0.3	1.0	2	157223	n/a
76.77734375	0.3	0.0	1	157240	n/a
76.78564453125	0.3	0.0	1	157257	n/a
76.7939453125	0.3	1.0	2	157274	n/a
76.80224609375	0.3	0.0	1	157291	n/a
76.810546875	0.3	1.0	2	157308	n/a
76.81884765625	0.3	1.0	2	157325	n/a
76.8271484375	0.3	0.0	1	157342	n/a
76.83544921875	0.3	0.0	1	157359	n/a
76.84423828125	0.3	1.0	2	157377	n/a
76.8525390625	0.3	0.0	1	157394	n/a
76.86083984375	0.3	1.0	2	157411	n/a
76.869140625	0.3	1.0	2	157428	n/a
76.87744140625	0.3	0.0	1	157445	n/a
76.8857421875	0.3	0.0	1	157462	n/a
76.89404296875	0.3	1.0	2	157479	n/a
76.90234375	0.3	1.0	2	157496	n/a
76.91064453125	0.3	0.0	1	157513	n/a
76.9189453125	0.3	1.0	2	157530	n/a
76.92724609375	0.3	0.0	1	157547	n/a
76.935546875	0.3	1.0	2	157564	n/a
76.94384765625	0.3	0.0	1	157581	n/a
76.9521484375	0.3	1.0	2	157598	n/a
76.96044921875	0.3	0.0	1	157615	n/a
76.96923828125	0.3	1.0	2	157633	n/a
76.9775390625	0.3	0.0	1	157650	n/a
76.98583984375	0.3	1.0	2	157667	n/a
76.994140625	0.3	0.0	1	157684	n/a
77.00244140625	0.3	1.0	2	157701	n/a
77.0107421875	0.3	0.0	1	157718	n/a
77.01904296875	0.3	0.0	1	157735	n/a
77.02734375	0.3	1.0	2	157752	n/a
77.03564453125	0.3	1.0	2	157769	n/a
77.0439453125	0.3	0.0	1	157786	n/a
77.05224609375	0.3	0.0	1	157803	n/a
77.060546875	0.3	1.0	2	157820	n/a
77.06884765625	0.3	0.0	1	157837	n/a
77.0771484375	0.3	1.0	2	157854	n/a
77.08544921875	0.3	1.0	2	157871	n/a
77.09423828125	0.3	0.0	1	157889	n/a
77.1025390625	0.3	1.0	2	157906	n/a
77.11083984375	0.3	0.0	1	157923	n/a
77.119140625	0.3	0.0	1	157940	n/a
77.12744140625	0.3	1.0	2	157957	n/a
77.1357421875	0.3	0.0	1	157974	n/a
77.14404296875	0.3	1.0	2	157991	n/a
77.15234375	0.3	0.0	1	158008	n/a
77.16064453125	0.3	1.0	2	158025	n/a
77.1689453125	0.3	1.0	2	158042	n/a
77.17724609375	0.3	0.0	1	158059	n/a
77.185546875	0.3	1.0	2	158076	n/a
77.19384765625	0.3	0.0	1	158093	n/a
77.2021484375	0.3	1.0	2	158110	n/a
77.21044921875	0.3	0.0	1	158127	n/a
77.21923828125	0.3	0.0	1	158145	n/a
77.2275390625	0.3	1.0	2	158162	n/a
77.23583984375	0.3	1.0	2	158179	n/a
77.244140625	0.3	0.0	1	158196	n/a
77.25244140625	0.3	0.0	1	158213	n/a
77.2607421875	0.3	1.0	2	158230	n/a
77.26904296875	0.3	1.0	2	158247	n/a
77.27734375	0.3	0.0	1	158264	n/a
77.28564453125	0.3	0.0	1	158281	n/a
77.2939453125	0.3	1.0	2	158298	n/a
77.30224609375	0.3	0.0	1	158315	n/a
77.310546875	0.3	1.0	2	158332	n/a
77.31884765625	0.3	0.0	1	158349	n/a
77.3271484375	0.3	1.0	2	158366	n/a
77.33544921875	0.3	1.0	2	158383	n/a
77.34423828125	0.3	0.0	1	158401	n/a
77.3525390625	0.3	0.0	1	158418	n/a
77.36083984375	0.3	1.0	2	158435	n/a
77.369140625	0.3	0.0	1	158452	n/a
77.37744140625	0.3	1.0	2	158469	n/a
77.3857421875	0.3	1.0	2	158486	n/a
77.39404296875	0.3	0.0	1	158503	n/a
77.40234375	0.3	1.0	2	158520	n/a
77.41064453125	0.3	0.0	1	158537	n/a
77.4189453125	0.3	1.0	2	158554	n/a
77.42724609375	0.3	0.0	1	158571	n/a
77.435546875	0.3	1.0	2	158588	n/a
77.44384765625	0.3	0.0	1	158605	n/a
77.4521484375	0.3	0.0	1	158622	n/a
77.46044921875	0.3	1.0	2	158639	n/a
77.46923828125	0.3	0.0	1	158657	n/a
77.4775390625	0.3	1.0	2	158674	n/a
77.48583984375	0.3	1.0	2	158691	n/a
77.494140625	0.3	0.0	1	158708	n/a
77.50244140625	0.3	1.0	2	158725	n/a
77.5107421875	0.3	0.0	1	158742	n/a
77.51904296875	0.3	1.0	2	158759	n/a
77.52734375	0.3	0.0	1	158776	n/a
77.53564453125	0.3	0.0	1	158793	n/a
77.5439453125	0.3	1.0	2	158810	n/a
77.55224609375	0.3	0.0	1	158827	n/a
77.560546875	0.3	1.0	2	158844	n/a
77.56884765625	0.3	0.0	1	158861	n/a
77.5771484375	0.3	1.0	2	158878	n/a
77.58544921875	0.3	0.0	1	158895	n/a
77.59423828125	0.3	1.0	2	158913	n/a
77.6025390625	0.3	0.0	1	158930	n/a
77.61083984375	0.3	1.0	2	158947	n/a
77.619140625	0.3	1.0	2	158964	n/a
77.62744140625	0.3	0.0	1	158981	n/a
77.6357421875	0.3	0.0	1	158998	n/a
77.64404296875	0.3	1.0	2	159015	n/a
77.65234375	0.3	0.0	1	159032	n/a
77.66064453125	0.3	1.0	2	159049	n/a
77.6689453125	0.3	0.0	1	159066	n/a
77.67724609375	0.3	1.0	2	159083	n/a
77.685546875	0.3	1.0	2	159100	n/a
77.69384765625	0.3	0.0	1	159117	n/a
77.7021484375	0.3	0.0	1	159134	n/a
77.71044921875	0.3	1.0	2	159151	n/a
77.71923828125	0.3	1.0	2	159169	n/a
77.7275390625	0.3	0.0	1	159186	n/a
77.73583984375	0.3	1.0	2	159203	n/a
77.744140625	0.3	0.0	1	159220	n/a
77.75244140625	0.3	0.0	1	159237	n/a
77.7607421875	0.3	1.0	2	159254	n/a
77.76904296875	0.3	0.0	1	159271	n/a
77.77734375	0.3	1.0	2	159288	n/a
77.78564453125	0.3	1.0	2	159305	n/a
77.7939453125	0.3	0.0	1	159322	n/a
77.80224609375	0.3	0.0	1	159339	n/a
77.810546875	0.3	1.0	2	159356	n/a
77.81884765625	0.3	1.0	2	159373	n/a
77.8271484375	0.3	0.0	1	159390	n/a
77.83544921875	0.3	0.0	1	159407	n/a
77.84423828125	0.3	1.0	2	159425	n/a
77.8525390625	0.3	0.0	1	159442	n/a
77.86083984375	0.3	1.0	2	159459	n/a
77.869140625	0.3	1.0	2	159476	n/a
77.87744140625	0.3	0.0	1	159493	n/a
77.8857421875	0.3	0.0	1	159510	n/a
77.89404296875	0.3	1.0	2	159527	n/a
77.90234375	0.3	0.0	1	159544	n/a
77.91064453125	0.3	1.0	2	159561	n/a
77.9189453125	0.3	1.0	2	159578	n/a
77.92724609375	0.3	0.0	1	159595	n/a
77.935546875	0.3	0.0	1	159612	n/a
77.94384765625	0.3	1.0	2	159629	n/a
77.9521484375	0.3	1.0	2	159646	n/a
77.96044921875	0.3	0.0	1	159663	n/a
77.96923828125	0.3	1.0	2	159681	n/a
77.9775390625	0.3	0.0	1	159698	n/a
77.98583984375	0.3	1.0	2	159715	n/a
77.994140625	0.3	0.0	1	159732	n/a
78.00244140625	0.3	1.0	2	159749	n/a
78.0107421875	0.3	0.0	1	159766	n/a
78.01904296875	0.3	1.0	2	159783	n/a
78.02734375	0.3	0.0	1	159800	n/a
78.03564453125	0.3	1.0	2	159817	n/a
78.0439453125	0.3	0.0	1	159834	n/a
78.05224609375	0.3	1.0	2	159851	n/a
78.060546875	0.3	0.0	1	159868	n/a
78.06884765625	0.3	0.0	1	159885	n/a
78.0771484375	0.3	1.0	2	159902	n/a
78.08544921875	0.3	1.0	2	159919	n/a
78.09423828125	0.3	0.0	1	159937	n/a
78.1025390625	0.3	0.0	1	159954	n/a
78.11083984375	0.3	1.0	2	159971	n/a
78.119140625	0.3	0.0	1	159988	n/a
78.12744140625	0.3	1.0	2	160005	n/a
78.1357421875	0.3	1.0	2	160022	n/a
78.14404296875	0.3	0.0	1	160039	n/a
78.15234375	0.3	1.0	2	160056	n/a
78.16064453125	0.3	0.0	1	160073	n/a
78.1689453125	0.3	0.0	1	160090	n/a
78.17724609375	0.3	1.0	2	160107	n/a
78.185546875	0.3	0.0	1	160124	n/a
78.19384765625	0.3	1.0	2	160141	n/a
78.2021484375	0.3	0.0	1	160158	n/a
78.21044921875	0.3	1.0	2	160175	n/a
78.21923828125	0.3	1.0	2	160193	n/a
78.2275390625	0.3	0.0	1	160210	n/a
78.23583984375	0.3	1.0	2	160227	n/a
78.244140625	0.3	0.0	1	160244	n/a
78.25244140625	0.3	1.0	2	160261	n/a
78.2607421875	0.3	0.0	1	160278	n/a
78.26904296875	0.3	0.0	1	160295	n/a
78.27734375	0.3	1.0	2	160312	n/a
78.28564453125	0.3	1.0	2	160329	n/a
78.2939453125	0.3	0.0	1	160346	n/a
78.30224609375	0.3	0.0	1	160363	n/a
78.310546875	0.3	1.0	2	160380	n/a
78.31884765625	0.3	1.0	2	160397	n/a
78.3271484375	0.3	0.0	1	160414	n/a
78.33544921875	0.3	0.0	1	160431	n/a
78.34423828125	0.3	1.0	2	160449	n/a
78.3525390625	0.3	0.0	1	160466	n/a
78.36083984375	0.3	1.0	2	160483	n/a
78.369140625	0.3	0.0	1	160500	n/a
78.37744140625	0.3	1.0	2	160517	n/a
78.3857421875	0.3	1.0	2	160534	n/a
78.39404296875	0.3	0.0	1	160551	n/a
78.40234375	0.3	0.0	1	160568	n/a
78.41064453125	0.3	1.0	2	160585	n/a
78.4189453125	0.3	0.0	1	160602	n/a
78.42724609375	0.3	1.0	2	160619	n/a
78.435546875	0.3	1.0	2	160636	n/a
78.44384765625	0.3	0.0	1	160653	n/a
78.4521484375	0.3	1.0	2	160670	n/a
78.46044921875	0.3	0.0	1	160687	n/a
78.46923828125	0.3	1.0	2	160705	n/a
78.4775390625	0.3	0.0	1	160722	n/a
78.48583984375	0.3	1.0	2	160739	n/a
78.494140625	0.3	0.0	1	160756	n/a
78.50244140625	0.3	0.0	1	160773	n/a
78.5107421875	0.3	1.0	2	160790	n/a
78.51904296875	0.3	0.0	1	160807	n/a
78.52734375	0.3	1.0	2	160824	n/a
78.53564453125	0.3	1.0	2	160841	n/a
78.5439453125	0.3	0.0	1	160858	n/a
78.55224609375	0.3	1.0	2	160875	n/a
78.560546875	0.3	0.0	1	160892	n/a
78.56884765625	0.3	1.0	2	160909	n/a
78.5771484375	0.3	0.0	1	160926	n/a
78.58544921875	0.3	0.0	1	160943	n/a
78.59423828125	0.3	1.0	2	160961	n/a
78.6025390625	0.3	0.0	1	160978	n/a
78.61083984375	0.3	1.0	2	160995	n/a
78.619140625	0.3	0.0	1	161012	n/a
78.62744140625	0.3	1.0	2	161029	n/a
78.6357421875	0.3	0.0	1	161046	n/a
78.64404296875	0.3	1.0	2	161063	n/a
78.65234375	0.3	0.0	1	161080	n/a
78.66064453125	0.3	1.0	2	161097	n/a
78.6689453125	0.3	1.0	2	161114	n/a
78.67724609375	0.3	0.0	1	161131	n/a
78.685546875	0.3	0.0	1	161148	n/a
78.69384765625	0.3	1.0	2	161165	n/a
78.7021484375	0.3	0.0	1	161182	n/a
78.71044921875	0.3	1.0	2	161199	n/a
78.71923828125	0.3	0.0	1	161217	n/a
78.7275390625	0.3	1.0	2	161234	n/a
78.73583984375	0.3	1.0	2	161251	n/a
78.744140625	0.3	0.0	1	161268	n/a
78.75244140625	0.3	0.0	1	161285	n/a
78.7607421875	0.3	1.0	2	161302	n/a
78.76904296875	0.3	1.0	2	161319	n/a
78.77734375	0.3	0.0	1	161336	n/a
78.78564453125	0.3	1.0	2	161353	n/a
78.7939453125	0.3	0.0	1	161370	n/a
78.80224609375	0.3	0.0	1	161387	n/a
78.810546875	0.3	1.0	2	161404	n/a
78.81884765625	0.3	0.0	1	161421	n/a
78.8271484375	0.3	1.0	2	161438	n/a
78.83544921875	0.3	1.0	2	161455	n/a
78.84423828125	0.3	0.0	1	161473	n/a
78.8525390625	0.3	0.0	1	161490	n/a
78.86083984375	0.3	1.0	2	161507	n/a
78.869140625	0.3	1.0	2	161524	n/a
78.87744140625	0.3	0.0	1	161541	n/a
78.8857421875	0.3	0.0	1	161558	n/a
78.89404296875	0.3	1.0	2	161575	n/a
78.90234375	0.3	0.0	1	161592	n/a
78.91064453125	0.3	1.0	2	161609	n/a
78.9189453125	0.3	1.0	2	161626	n/a
78.92724609375	0.3	0.0	1	161643	n/a
78.935546875	0.3	0.0	1	161660	n/a
78.94384765625	0.3	1.0	2	161677	n/a
78.9521484375	0.3	0.0	1	161694	n/a
78.96044921875	0.3	1.0	2	161711	n/a
78.96923828125	0.3	1.0	2	161729	n/a
78.9775390625	0.3	0.0	1	161746	n/a
78.98583984375	0.3	0.0	1	161763	n/a
78.994140625	0.3	1.0	2	161780	n/a
79.00244140625	0.3	1.0	2	161797	n/a
79.0107421875	0.3	0.0	1	161814	n/a
79.01904296875	0.3	1.0	2	161831	n/a
79.02734375	0.3	0.0	1	161848	n/a
79.03564453125	0.3	1.0	2	161865	n/a
79.0439453125	0.3	0.0	1	161882	n/a
79.05224609375	0.3	1.0	2	161899	n/a
79.060546875	0.3	0.0	1	161916	n/a
79.06884765625	0.3	1.0	2	161933	n/a
79.0771484375	0.3	0.0	1	161950	n/a
79.08544921875	0.3	1.0	2	161967	n/a
79.09423828125	0.3	0.0	1	161985	n/a
79.1025390625	0.3	1.0	2	162002	n/a
79.11083984375	0.3	0.0	1	162019	n/a
79.119140625	0.3	0.0	1	162036	n/a
79.12744140625	0.3	1.0	2	162053	n/a
79.1357421875	0.3	1.0	2	162070	n/a
79.14404296875	0.3	0.0	1	162087	n/a
79.15234375	0.3	0.0	1	162104	n/a
79.16064453125	0.3	1.0	2	162121	n/a
79.1689453125	0.3	0.0	1	162138	n/a
79.17724609375	0.3	1.0	2	162155	n/a
79.185546875	0.3	1.0	2	162172	n/a
79.19384765625	0.3	0.0	1	162189	n/a
79.2021484375	0.3	1.0	2	162206	n/a
79.21044921875	0.3	0.0	1	162223	n/a
79.21923828125	0.3	0.0	1	162241	n/a
79.2275390625	0.3	1.0	2	162258	n/a
79.23583984375	0.3	0.0	1	162275	n/a
79.244140625	0.3	1.0	2	162292	n/a
79.25244140625	0.3	0.0	1	162309	n/a
79.2607421875	0.3	1.0	2	162326	n/a
79.26904296875	0.3	1.0	2	162343	n/a
79.27734375	0.3	0.0	1	162360	n/a
79.28564453125	0.3	1.0	2	162377	n/a
79.2939453125	0.3	0.0	1	162394	n/a
79.30224609375	0.3	1.0	2	162411	n/a
79.310546875	0.3	0.0	1	162428	n/a
79.31884765625	0.3	0.0	1	162445	n/a
79.3271484375	0.3	1.0	2	162462	n/a
79.33544921875	0.3	1.0	2	162479	n/a
79.34423828125	0.3	0.0	1	162497	n/a
79.3525390625	0.3	0.0	1	162514	n/a
79.36083984375	0.3	1.0	2	162531	n/a
79.369140625	0.3	1.0	2	162548	n/a
79.37744140625	0.3	0.0	1	162565	n/a
79.3857421875	0.3	0.0	1	162582	n/a
79.39404296875	0.3	1.0	2	162599	n/a
79.40234375	0.3	0.0	1	162616	n/a
79.41064453125	0.3	1.0	2	162633	n/a
79.4189453125	0.3	0.0	1	162650	n/a
79.42724609375	0.3	1.0	2	162667	n/a
79.435546875	0.3	1.0	2	162684	n/a
79.44384765625	0.3	0.0	1	162701	n/a
79.4521484375	0.3	0.0	1	162718	n/a
79.46044921875	0.3	1.0	2	162735	n/a
79.46923828125	0.3	0.0	1	162753	n/a
79.4775390625	0.3	1.0	2	162770	n/a
79.48583984375	0.3	1.0	2	162787	n/a
79.494140625	0.3	0.0	1	162804	n/a
79.50244140625	0.3	1.0	2	162821	n/a
79.5107421875	0.3	0.0	1	162838	n/a
79.51904296875	0.3	1.0	2	162855	n/a
79.52734375	0.3	0.0	1	162872	n/a
79.53564453125	0.3	1.0	2	162889	n/a
79.5439453125	0.3	0.0	1	162906	n/a
79.55224609375	0.3	0.0	1	162923	n/a
79.560546875	0.3	1.0	2	162940	n/a
79.56884765625	0.3	0.0	1	162957	n/a
79.5771484375	0.3	1.0	2	162974	n/a
79.58544921875	0.3	1.0	2	162991	n/a
79.59423828125	0.3	0.0	1	163009	n/a
79.6025390625	0.3	1.0	2	163026	n/a
79.61083984375	0.3	0.0	1	163043	n/a
79.619140625	0.3	1.0	2	163060	n/a
79.62744140625	0.3	0.0	1	163077	n/a
79.6357421875	0.3	0.0	1	163094	n/a
79.64404296875	0.3	1.0	2	163111	n/a
79.65234375	0.3	0.0	1	163128	n/a
79.66064453125	0.3	1.0	2	163145	n/a
79.6689453125	0.3	0.0	1	163162	n/a
79.67724609375	0.3	1.0	2	163179	n/a
79.685546875	0.3	0.0	1	163196	n/a
79.69384765625	0.3	1.0	2	163213	n/a
79.7021484375	0.3	0.0	1	163230	n/a
79.71044921875	0.3	1.0	2	163247	n/a
79.71923828125	0.3	1.0	2	163265	n/a
79.7275390625	0.3	0.0	1	163282	n/a
79.73583984375	0.3	0.0	1	163299	n/a
79.744140625	0.3	1.0	2	163316	n/a
79.75244140625	0.3	0.0	1	163333	n/a
79.7607421875	0.3	1.0	2	163350	n/a
79.76904296875	0.3	0.0	1	163367	n/a
79.77734375	0.3	1.0	2	163384	n/a
79.78564453125	0.3	1.0	2	163401	n/a
79.7939453125	0.3	0.0	1	163418	n/a
79.80224609375	0.3	0.0	1	163435	n/a
79.810546875	0.3	1.0	2	163452	n/a
79.81884765625	0.3	1.0	2	163469	n/a
79.8271484375	0.3	0.0	1	163486	n/a
79.83544921875	0.3	1.0	2	163503	n/a
79.84423828125	0.3	0.0	1	163521	n/a
79.8525390625	0.3	0.0	1	163538	n/a
79.86083984375	0.3	1.0	2	163555	n/a
79.869140625	0.3	0.0	1	163572	n/a
79.87744140625	0.3	1.0	2	163589	n/a
79.8857421875	0.3	1.0	2	163606	n/a
79.89404296875	0.3	0.0	1	163623	n/a
79.90234375	0.3	0.0	1	163640	n/a
79.91064453125	0.3	1.0	2	163657	n/a
79.9189453125	0.3	1.0	2	163674	n/a
79.92724609375	0.3	0.0	1	163691	n/a
79.935546875	0.3	0.0	1	163708	n/a
79.94384765625	0.3	1.0	2	163725	n/a
79.9521484375	0.3	0.0	1	163742	n/a
79.96044921875	0.3	1.0	2	163759	n/a
79.96923828125	0.3	1.0	2	163777	n/a
79.9775390625	0.3	0.0	1	163794	n/a
79.98583984375	0.3	0.0	1	163811	n/a
79.994140625	0.3	1.0	2	163828	n/a
80.00244140625	0.3	0.0	1	163845	n/a
80.0107421875	0.3	1.0	2	163862	n/a
80.01904296875	0.3	1.0	2	163879	n/a
80.02734375	0.3	0.0	1	163896	n/a
80.03564453125	0.3	0.0	1	163913	n/a
80.0439453125	0.3	1.0	2	163930	n/a
80.05224609375	0.3	1.0	2	163947	n/a
80.060546875	0.3	0.0	1	163964	n/a
80.06884765625	0.3	1.0	2	163981	n/a
80.0771484375	0.3	0.0	1	163998	n/a
80.08544921875	0.3	1.0	2	164015	n/a
80.09423828125	0.3	0.0	1	164033	n/a
80.1025390625	0.3	1.0	2	164050	n/a
80.11083984375	0.3	0.0	1	164067	n/a
80.119140625	0.3	1.0	2	164084	n/a
80.12744140625	0.3	0.0	1	164101	n/a
80.1357421875	0.3	1.0	2	164118	n/a
80.14404296875	0.3	0.0	1	164135	n/a
80.15234375	0.3	1.0	2	164152	n/a
80.16064453125	0.3	0.0	1	164169	n/a
80.1689453125	0.3	0.0	1	164186	n/a
80.17724609375	0.3	1.0	2	164203	n/a
80.185546875	0.3	1.0	2	164220	n/a
80.19384765625	0.3	0.0	1	164237	n/a
80.2021484375	0.3	0.0	1	164254	n/a
80.21044921875	0.3	1.0	2	164271	n/a
80.21923828125	0.3	0.0	1	164289	n/a
80.2275390625	0.3	1.0	2	164306	n/a
80.23583984375	0.3	1.0	2	164323	n/a
80.244140625	0.3	0.0	1	164340	n/a
80.25244140625	0.3	1.0	2	164357	n/a
80.2607421875	0.3	0.0	1	164374	n/a
80.26904296875	0.3	0.0	1	164391	n/a
80.27734375	0.3	1.0	2	164408	n/a
80.28564453125	0.3	0.0	1	164425	n/a
80.2939453125	0.3	1.0	2	164442	n/a
80.30224609375	0.3	0.0	1	164459	n/a
80.310546875	0.3	1.0	2	164476	n/a
80.31884765625	0.3	1.0	2	164493	n/a
80.3271484375	0.3	0.0	1	164510	n/a
80.33544921875	0.3	1.0	2	164527	n/a
80.34423828125	0.3	0.0	1	164545	n/a
80.3525390625	0.3	1.0	2	164562	n/a
80.36083984375	0.3	0.0	1	164579	n/a
80.369140625	0.3	0.0	1	164596	n/a
80.37744140625	0.3	1.0	2	164613	n/a
80.3857421875	0.3	1.0	2	164630	n/a
80.39404296875	0.3	0.0	1	164647	n/a
80.40234375	0.3	0.0	1	164664	n/a
80.41064453125	0.3	1.0	2	164681	n/a
80.4189453125	0.3	1.0	2	164698	n/a
80.42724609375	0.3	0.0	1	164715	n/a
80.435546875	0.3	0.0	1	164732	n/a
80.44384765625	0.3	1.0	2	164749	n/a
80.4521484375	0.3	0.0	1	164766	n/a
80.46044921875	0.3	1.0	2	164783	n/a
80.46923828125	0.3	0.0	1	164801	n/a
80.4775390625	0.3	1.0	2	164818	n/a
80.48583984375	0.3	1.0	2	164835	n/a
80.494140625	0.3	0.0	1	164852	n/a
80.50244140625	0.3	0.0	1	164869	n/a
80.5107421875	0.3	1.0	2	164886	n/a
80.51904296875	0.3	0.0	1	164903	n/a
80.52734375	0.3	1.0	2	164920	n/a
80.53564453125	0.3	1.0	2	164937	n/a
80.5439453125	0.3	0.0	1	164954	n/a
80.55224609375	0.3	1.0	2	164971	n/a
80.560546875	0.3	0.0	1	164988	n/a
80.56884765625	0.3	1.0	2	165005	n/a
80.5771484375	0.3	0.0	1	165022	n/a
80.58544921875	0.3	1.0	2	165039	n/a
80.59423828125	0.3	0.0	1	165057	n/a
80.6025390625	0.3	0.0	1	165074	n/a
80.61083984375	0.3	1.0	2	165091	n/a
80.619140625	0.3	0.0	1	165108	n/a
80.62744140625	0.3	1.0	2	165125	n/a
80.6357421875	0.3	1.0	2	165142	n/a
80.64404296875	0.3	0.0	1	165159	n/a
80.65234375	0.3	1.0	2	165176	n/a
80.66064453125	0.3	0.0	1	165193	n/a
80.6689453125	0.3	1.0	2	165210	n/a
80.67724609375	0.3	0.0	1	165227	n/a
80.685546875	0.3	0.0	1	165244	n/a
80.69384765625	0.3	1.0	2	165261	n/a
80.7021484375	0.3	0.0	1	165278	n/a
80.71044921875	0.3	1.0	2	165295	n/a
80.71923828125	0.3	0.0	1	165313	n/a
80.7275390625	0.3	1.0	2	165330	n/a
80.73583984375	0.3	0.0	1	165347	n/a
80.744140625	0.3	1.0	2	165364	n/a
80.75244140625	0.3	0.0	1	165381	n/a
80.7607421875	0.3	1.0	2	165398	n/a
80.76904296875	0.3	1.0	2	165415	n/a
80.77734375	0.3	0.0	1	165432	n/a
80.78564453125	0.3	0.0	1	165449	n/a
80.7939453125	0.3	1.0	2	165466	n/a
80.80224609375	0.3	0.0	1	165483	n/a
80.810546875	0.3	1.0	2	165500	n/a
80.81884765625	0.3	0.0	1	165517	n/a
80.8271484375	0.3	1.0	2	165534	n/a
80.83544921875	0.3	1.0	2	165551	n/a
80.84423828125	0.3	0.0	1	165569	n/a
83.2109375	0.3	1.0	2	170416	14.0
83.21923828125	0.3	0.0	1	170433	n/a
83.2275390625	0.3	1.0	2	170450	n/a
83.23583984375	0.3	0.0	1	170467	n/a
83.244140625	0.3	0.0	1	170484	n/a
83.25244140625	0.3	1.0	2	170501	n/a
83.2607421875	0.3	1.0	2	170518	n/a
83.26904296875	0.3	0.0	1	170535	n/a
83.27783203125	0.3	1.0	2	170553	n/a
83.2861328125	0.3	0.0	1	170570	n/a
83.29443359375	0.3	1.0	2	170587	n/a
83.302734375	0.3	0.0	1	170604	n/a
83.31103515625	0.3	1.0	2	170621	n/a
83.3193359375	0.3	0.0	1	170638	n/a
83.32763671875	0.3	1.0	2	170655	n/a
83.3359375	0.3	0.0	1	170672	n/a
83.34423828125	0.3	1.0	2	170689	n/a
83.3525390625	0.3	0.0	1	170706	n/a
83.36083984375	0.3	1.0	2	170723	n/a
83.369140625	0.3	0.0	1	170740	n/a
83.37744140625	0.3	1.0	2	170757	n/a
83.3857421875	0.3	0.0	1	170774	n/a
83.39404296875	0.3	1.0	2	170791	n/a
83.40283203125	0.3	0.0	1	170809	n/a
83.4111328125	0.3	0.0	1	170826	n/a
83.41943359375	0.3	1.0	2	170843	n/a
83.427734375	0.3	1.0	2	170860	n/a
83.43603515625	0.3	0.0	1	170877	n/a
83.4443359375	0.3	1.0	2	170894	n/a
83.45263671875	0.3	0.0	1	170911	n/a
83.4609375	0.3	0.0	1	170928	n/a
83.46923828125	0.3	1.0	2	170945	n/a
83.4775390625	0.3	1.0	2	170962	n/a
83.48583984375	0.3	0.0	1	170979	n/a
83.494140625	0.3	0.0	1	170996	n/a
83.50244140625	0.3	1.0	2	171013	n/a
83.5107421875	0.3	0.0	1	171030	n/a
83.51904296875	0.3	1.0	2	171047	n/a
83.52783203125	0.3	1.0	2	171065	n/a
83.5361328125	0.3	0.0	1	171082	n/a
83.54443359375	0.3	1.0	2	171099	n/a
83.552734375	0.3	0.0	1	171116	n/a
83.56103515625	0.3	1.0	2	171133	n/a
83.5693359375	0.3	0.0	1	171150	n/a
83.57763671875	0.3	1.0	2	171167	n/a
83.5859375	0.3	0.0	1	171184	n/a
83.59423828125	0.3	1.0	2	171201	n/a
83.6025390625	0.3	0.0	1	171218	n/a
83.61083984375	0.3	0.0	1	171235	n/a
83.619140625	0.3	1.0	2	171252	n/a
83.62744140625	0.3	1.0	2	171269	n/a
83.6357421875	0.3	0.0	1	171286	n/a
83.64404296875	0.3	1.0	2	171303	n/a
83.65283203125	0.3	0.0	1	171321	n/a
83.6611328125	0.3	1.0	2	171338	n/a
83.66943359375	0.3	0.0	1	171355	n/a
83.677734375	0.3	0.0	1	171372	n/a
83.68603515625	0.3	1.0	2	171389	n/a
83.6943359375	0.3	0.0	1	171406	n/a
83.70263671875	0.3	1.0	2	171423	n/a
83.7109375	0.3	1.0	2	171440	n/a
83.71923828125	0.3	0.0	1	171457	n/a
83.7275390625	0.3	0.0	1	171474	n/a
83.73583984375	0.3	1.0	2	171491	n/a
83.744140625	0.3	0.0	1	171508	n/a
83.75244140625	0.3	1.0	2	171525	n/a
83.7607421875	0.3	1.0	2	171542	n/a
83.76904296875	0.3	0.0	1	171559	n/a
83.77783203125	0.3	0.0	1	171577	n/a
83.7861328125	0.3	1.0	2	171594	n/a
83.79443359375	0.3	1.0	2	171611	n/a
83.802734375	0.3	0.0	1	171628	n/a
83.81103515625	0.3	0.0	1	171645	n/a
83.8193359375	0.3	1.0	2	171662	n/a
83.82763671875	0.3	1.0	2	171679	n/a
83.8359375	0.3	0.0	1	171696	n/a
83.84423828125	0.3	1.0	2	171713	n/a
83.8525390625	0.3	0.0	1	171730	n/a
83.86083984375	0.3	0.0	1	171747	n/a
83.869140625	0.3	1.0	2	171764	n/a
83.87744140625	0.3	1.0	2	171781	n/a
83.8857421875	0.3	0.0	1	171798	n/a
83.89404296875	0.3	0.0	1	171815	n/a
83.90283203125	0.3	1.0	2	171833	n/a
83.9111328125	0.3	1.0	2	171850	n/a
83.91943359375	0.3	0.0	1	171867	n/a
83.927734375	0.3	1.0	2	171884	n/a
83.93603515625	0.3	0.0	1	171901	n/a
83.9443359375	0.3	0.0	1	171918	n/a
83.95263671875	0.3	1.0	2	171935	n/a
83.9609375	0.3	0.0	1	171952	n/a
83.96923828125	0.3	1.0	2	171969	n/a
83.9775390625	0.3	1.0	2	171986	n/a
83.98583984375	0.3	0.0	1	172003	n/a
83.994140625	0.3	1.0	2	172020	n/a
84.00244140625	0.3	0.0	1	172037	n/a
84.0107421875	0.3	1.0	2	172054	n/a
84.01904296875	0.3	0.0	1	172071	n/a
84.02783203125	0.3	0.0	1	172089	n/a
84.0361328125	0.3	1.0	2	172106	n/a
84.04443359375	0.3	0.0	1	172123	n/a
84.052734375	0.3	1.0	2	172140	n/a
84.06103515625	0.3	1.0	2	172157	n/a
84.0693359375	0.3	0.0	1	172174	n/a
84.07763671875	0.3	0.0	1	172191	n/a
84.0859375	0.3	1.0	2	172208	n/a
84.09423828125	0.3	0.0	1	172225	n/a
84.1025390625	0.3	1.0	2	172242	n/a
84.11083984375	0.3	0.0	1	172259	n/a
84.119140625	0.3	1.0	2	172276	n/a
84.12744140625	0.3	0.0	1	172293	n/a
84.1357421875	0.3	1.0	2	172310	n/a
84.14404296875	0.3	1.0	2	172327	n/a
84.15283203125	0.3	0.0	1	172345	n/a
84.1611328125	0.3	1.0	2	172362	n/a
84.16943359375	0.3	0.0	1	172379	n/a
84.177734375	0.3	1.0	2	172396	n/a
84.18603515625	0.3	0.0	1	172413	n/a
84.1943359375	0.3	0.0	1	172430	n/a
84.20263671875	0.3	1.0	2	172447	n/a
84.2109375	0.3	1.0	2	172464	n/a
84.21923828125	0.3	0.0	1	172481	n/a
84.2275390625	0.3	1.0	2	172498	n/a
84.23583984375	0.3	0.0	1	172515	n/a
84.244140625	0.3	0.0	1	172532	n/a
84.25244140625	0.3	1.0	2	172549	n/a
84.2607421875	0.3	1.0	2	172566	n/a
84.26904296875	0.3	0.0	1	172583	n/a
84.27783203125	0.3	1.0	2	172601	n/a
84.2861328125	0.3	0.0	1	172618	n/a
84.29443359375	0.3	0.0	1	172635	n/a
84.302734375	0.3	1.0	2	172652	n/a
84.31103515625	0.3	1.0	2	172669	n/a
84.3193359375	0.3	0.0	1	172686	n/a
84.32763671875	0.3	1.0	2	172703	n/a
84.3359375	0.3	0.0	1	172720	n/a
84.34423828125	0.3	1.0	2	172737	n/a
84.3525390625	0.3	0.0	1	172754	n/a
84.36083984375	0.3	1.0	2	172771	n/a
84.369140625	0.3	0.0	1	172788	n/a
84.37744140625	0.3	1.0	2	172805	n/a
84.3857421875	0.3	0.0	1	172822	n/a
84.39404296875	0.3	1.0	2	172839	n/a
84.40283203125	0.3	0.0	1	172857	n/a
84.4111328125	0.3	1.0	2	172874	n/a
84.41943359375	0.3	0.0	1	172891	n/a
84.427734375	0.3	1.0	2	172908	n/a
84.43603515625	0.3	0.0	1	172925	n/a
84.4443359375	0.3	1.0	2	172942	n/a
84.45263671875	0.3	0.0	1	172959	n/a
84.4609375	0.3	0.0	1	172976	n/a
84.46923828125	0.3	1.0	2	172993	n/a
84.4775390625	0.3	1.0	2	173010	n/a
84.48583984375	0.3	0.0	1	173027	n/a
84.494140625	0.3	1.0	2	173044	n/a
84.50244140625	0.3	0.0	1	173061	n/a
84.5107421875	0.3	0.0	1	173078	n/a
84.51904296875	0.3	1.0	2	173095	n/a
84.52783203125	0.3	1.0	2	173113	n/a
84.5361328125	0.3	0.0	1	173130	n/a
84.54443359375	0.3	0.0	1	173147	n/a
84.552734375	0.3	1.0	2	173164	n/a
84.56103515625	0.3	0.0	1	173181	n/a
84.5693359375	0.3	1.0	2	173198	n/a
84.57763671875	0.3	1.0	2	173215	n/a
84.5859375	0.3	0.0	1	173232	n/a
84.59423828125	0.3	1.0	2	173249	n/a
84.6025390625	0.3	0.0	1	173266	n/a
84.61083984375	0.3	1.0	2	173283	n/a
84.619140625	0.3	0.0	1	173300	n/a
84.62744140625	0.3	1.0	2	173317	n/a
84.6357421875	0.3	0.0	1	173334	n/a
84.64404296875	0.3	1.0	2	173351	n/a
84.65283203125	0.3	0.0	1	173369	n/a
84.6611328125	0.3	0.0	1	173386	n/a
84.66943359375	0.3	1.0	2	173403	n/a
84.677734375	0.3	1.0	2	173420	n/a
84.68603515625	0.3	0.0	1	173437	n/a
84.6943359375	0.3	1.0	2	173454	n/a
84.70263671875	0.3	0.0	1	173471	n/a
84.7109375	0.3	1.0	2	173488	n/a
84.71923828125	0.3	0.0	1	173505	n/a
84.7275390625	0.3	0.0	1	173522	n/a
84.73583984375	0.3	1.0	2	173539	n/a
84.744140625	0.3	0.0	1	173556	n/a
84.75244140625	0.3	1.0	2	173573	n/a
84.7607421875	0.3	1.0	2	173590	n/a
84.76904296875	0.3	0.0	1	173607	n/a
84.77783203125	0.3	0.0	1	173625	n/a
84.7861328125	0.3	1.0	2	173642	n/a
84.79443359375	0.3	0.0	1	173659	n/a
84.802734375	0.3	1.0	2	173676	n/a
84.81103515625	0.3	1.0	2	173693	n/a
84.8193359375	0.3	0.0	1	173710	n/a
84.82763671875	0.3	0.0	1	173727	n/a
84.8359375	0.3	1.0	2	173744	n/a
84.84423828125	0.3	1.0	2	173761	n/a
84.8525390625	0.3	0.0	1	173778	n/a
84.86083984375	0.3	0.0	1	173795	n/a
84.869140625	0.3	1.0	2	173812	n/a
84.87744140625	0.3	1.0	2	173829	n/a
84.8857421875	0.3	0.0	1	173846	n/a
84.89404296875	0.3	1.0	2	173863	n/a
84.90283203125	0.3	0.0	1	173881	n/a
84.9111328125	0.3	0.0	1	173898	n/a
84.91943359375	0.3	1.0	2	173915	n/a
84.927734375	0.3	1.0	2	173932	n/a
84.93603515625	0.3	0.0	1	173949	n/a
84.9443359375	0.3	0.0	1	173966	n/a
84.95263671875	0.3	1.0	2	173983	n/a
84.9609375	0.3	1.0	2	174000	n/a
84.96923828125	0.3	0.0	1	174017	n/a
84.9775390625	0.3	1.0	2	174034	n/a
84.98583984375	0.3	0.0	1	174051	n/a
84.994140625	0.3	0.0	1	174068	n/a
85.00244140625	0.3	1.0	2	174085	n/a
85.0107421875	0.3	0.0	1	174102	n/a
85.01904296875	0.3	1.0	2	174119	n/a
85.02783203125	0.3	1.0	2	174137	n/a
85.0361328125	0.3	0.0	1	174154	n/a
85.04443359375	0.3	1.0	2	174171	n/a
85.052734375	0.3	0.0	1	174188	n/a
85.06103515625	0.3	1.0	2	174205	n/a
85.0693359375	0.3	0.0	1	174222	n/a
85.07763671875	0.3	0.0	1	174239	n/a
85.0859375	0.3	1.0	2	174256	n/a
85.09423828125	0.3	0.0	1	174273	n/a
85.1025390625	0.3	1.0	2	174290	n/a
85.11083984375	0.3	1.0	2	174307	n/a
85.119140625	0.3	0.0	1	174324	n/a
85.12744140625	0.3	0.0	1	174341	n/a
85.1357421875	0.3	1.0	2	174358	n/a
85.14404296875	0.3	0.0	1	174375	n/a
85.15283203125	0.3	1.0	2	174393	n/a
85.1611328125	0.3	0.0	1	174410	n/a
85.16943359375	0.3	1.0	2	174427	n/a
85.177734375	0.3	0.0	1	174444	n/a
85.18603515625	0.3	1.0	2	174461	n/a
85.1943359375	0.3	1.0	2	174478	n/a
85.20263671875	0.3	0.0	1	174495	n/a
85.2109375	0.3	1.0	2	174512	n/a
85.21923828125	0.3	0.0	1	174529	n/a
85.2275390625	0.3	1.0	2	174546	n/a
85.23583984375	0.3	0.0	1	174563	n/a
85.244140625	0.3	0.0	1	174580	n/a
85.25244140625	0.3	1.0	2	174597	n/a
85.2607421875	0.3	1.0	2	174614	n/a
85.26904296875	0.3	0.0	1	174631	n/a
85.27783203125	0.3	1.0	2	174649	n/a
85.2861328125	0.3	0.0	1	174666	n/a
85.29443359375	0.3	0.0	1	174683	n/a
85.302734375	0.3	1.0	2	174700	n/a
85.31103515625	0.3	1.0	2	174717	n/a
85.3193359375	0.3	0.0	1	174734	n/a
85.32763671875	0.3	1.0	2	174751	n/a
85.3359375	0.3	0.0	1	174768	n/a
85.34423828125	0.3	0.0	1	174785	n/a
85.3525390625	0.3	1.0	2	174802	n/a
85.36083984375	0.3	1.0	2	174819	n/a
85.369140625	0.3	0.0	1	174836	n/a
85.37744140625	0.3	1.0	2	174853	n/a
85.3857421875	0.3	0.0	1	174870	n/a
85.39404296875	0.3	1.0	2	174887	n/a
85.40283203125	0.3	0.0	1	174905	n/a
85.4111328125	0.3	1.0	2	174922	n/a
85.41943359375	0.3	0.0	1	174939	n/a
85.427734375	0.3	1.0	2	174956	n/a
85.43603515625	0.3	0.0	1	174973	n/a
85.4443359375	0.3	1.0	2	174990	n/a
85.45263671875	0.3	0.0	1	175007	n/a
85.4609375	0.3	1.0	2	175024	n/a
85.46923828125	0.3	0.0	1	175041	n/a
85.4775390625	0.3	1.0	2	175058	n/a
85.48583984375	0.3	0.0	1	175075	n/a
85.494140625	0.3	1.0	2	175092	n/a
85.50244140625	0.3	0.0	1	175109	n/a
85.5107421875	0.3	0.0	1	175126	n/a
85.51904296875	0.3	1.0	2	175143	n/a
85.52783203125	0.3	1.0	2	175161	n/a
85.5361328125	0.3	0.0	1	175178	n/a
85.54443359375	0.3	1.0	2	175195	n/a
85.552734375	0.3	0.0	1	175212	n/a
85.56103515625	0.3	0.0	1	175229	n/a
85.5693359375	0.3	1.0	2	175246	n/a
85.57763671875	0.3	1.0	2	175263	n/a
85.5859375	0.3	0.0	1	175280	n/a
85.59423828125	0.3	0.0	1	175297	n/a
85.6025390625	0.3	1.0	2	175314	n/a
85.61083984375	0.3	0.0	1	175331	n/a
85.619140625	0.3	1.0	2	175348	n/a
85.62744140625	0.3	1.0	2	175365	n/a
85.6357421875	0.3	0.0	1	175382	n/a
85.64404296875	0.3	1.0	2	175399	n/a
85.65283203125	0.3	0.0	1	175417	n/a
85.6611328125	0.3	1.0	2	175434	n/a
85.66943359375	0.3	0.0	1	175451	n/a
85.677734375	0.3	1.0	2	175468	n/a
85.68603515625	0.3	0.0	1	175485	n/a
85.6943359375	0.3	1.0	2	175502	n/a
85.70263671875	0.3	0.0	1	175519	n/a
85.7109375	0.3	0.0	1	175536	n/a
85.71923828125	0.3	1.0	2	175553	n/a
85.7275390625	0.3	1.0	2	175570	n/a
85.73583984375	0.3	0.0	1	175587	n/a
85.744140625	0.3	1.0	2	175604	n/a
85.75244140625	0.3	0.0	1	175621	n/a
85.7607421875	0.3	1.0	2	175638	n/a
85.76904296875	0.3	0.0	1	175655	n/a
85.77783203125	0.3	0.0	1	175673	n/a
85.7861328125	0.3	1.0	2	175690	n/a
85.79443359375	0.3	0.0	1	175707	n/a
85.802734375	0.3	1.0	2	175724	n/a
85.81103515625	0.3	1.0	2	175741	n/a
85.8193359375	0.3	0.0	1	175758	n/a
85.82763671875	0.3	0.0	1	175775	n/a
85.8359375	0.3	1.0	2	175792	n/a
85.84423828125	0.3	0.0	1	175809	n/a
85.8525390625	0.3	1.0	2	175826	n/a
85.86083984375	0.3	1.0	2	175843	n/a
85.869140625	0.3	0.0	1	175860	n/a
85.87744140625	0.3	0.0	1	175877	n/a
85.8857421875	0.3	1.0	2	175894	n/a
85.89404296875	0.3	1.0	2	175911	n/a
85.90283203125	0.3	0.0	1	175929	n/a
85.9111328125	0.3	0.0	1	175946	n/a
85.91943359375	0.3	1.0	2	175963	n/a
85.927734375	0.3	1.0	2	175980	n/a
85.93603515625	0.3	0.0	1	175997	n/a
85.9443359375	0.3	1.0	2	176014	n/a
85.95263671875	0.3	0.0	1	176031	n/a
85.9609375	0.3	0.0	1	176048	n/a
85.96923828125	0.3	1.0	2	176065	n/a
85.9775390625	0.3	1.0	2	176082	n/a
85.98583984375	0.3	0.0	1	176099	n/a
85.994140625	0.3	0.0	1	176116	n/a
86.00244140625	0.3	1.0	2	176133	n/a
86.0107421875	0.3	1.0	2	176150	n/a
86.01904296875	0.3	0.0	1	176167	n/a
86.02783203125	0.3	1.0	2	176185	n/a
86.0361328125	0.3	0.0	1	176202	n/a
86.04443359375	0.3	0.0	1	176219	n/a
86.052734375	0.3	1.0	2	176236	n/a
86.06103515625	0.3	0.0	1	176253	n/a
86.0693359375	0.3	1.0	2	176270	n/a
86.07763671875	0.3	1.0	2	176287	n/a
86.0859375	0.3	0.0	1	176304	n/a
86.09423828125	0.3	1.0	2	176321	n/a
86.1025390625	0.3	0.0	1	176338	n/a
86.11083984375	0.3	1.0	2	176355	n/a
86.119140625	0.3	0.0	1	176372	n/a
86.12744140625	0.3	0.0	1	176389	n/a
86.1357421875	0.3	1.0	2	176406	n/a
86.14404296875	0.3	0.0	1	176423	n/a
86.15283203125	0.3	1.0	2	176441	n/a
86.1611328125	0.3	1.0	2	176458	n/a
86.16943359375	0.3	0.0	1	176475	n/a
86.177734375	0.3	0.0	1	176492	n/a
86.18603515625	0.3	1.0	2	176509	n/a
86.1943359375	0.3	0.0	1	176526	n/a
86.20263671875	0.3	1.0	2	176543	n/a
86.2109375	0.3	0.0	1	176560	n/a
86.21923828125	0.3	1.0	2	176577	n/a
86.2275390625	0.3	0.0	1	176594	n/a
86.23583984375	0.3	1.0	2	176611	n/a
86.244140625	0.3	1.0	2	176628	n/a
86.25244140625	0.3	0.0	1	176645	n/a
86.2607421875	0.3	1.0	2	176662	n/a
86.26904296875	0.3	0.0	1	176679	n/a
86.27783203125	0.3	1.0	2	176697	n/a
86.2861328125	0.3	0.0	1	176714	n/a
86.29443359375	0.3	0.0	1	176731	n/a
86.302734375	0.3	1.0	2	176748	n/a
86.31103515625	0.3	1.0	2	176765	n/a
86.3193359375	0.3	0.0	1	176782	n/a
86.32763671875	0.3	1.0	2	176799	n/a
86.3359375	0.3	0.0	1	176816	n/a
86.34423828125	0.3	0.0	1	176833	n/a
86.3525390625	0.3	1.0	2	176850	n/a
86.36083984375	0.3	1.0	2	176867	n/a
86.369140625	0.3	0.0	1	176884	n/a
86.37744140625	0.3	1.0	2	176901	n/a
86.3857421875	0.3	0.0	1	176918	n/a
86.39404296875	0.3	0.0	1	176935	n/a
86.40283203125	0.3	1.0	2	176953	n/a
86.4111328125	0.3	1.0	2	176970	n/a
86.41943359375	0.3	0.0	1	176987	n/a
86.427734375	0.3	1.0	2	177004	n/a
86.43603515625	0.3	0.0	1	177021	n/a
86.4443359375	0.3	1.0	2	177038	n/a
86.45263671875	0.3	0.0	1	177055	n/a
86.4609375	0.3	1.0	2	177072	n/a
86.46923828125	0.3	0.0	1	177089	n/a
86.4775390625	0.3	1.0	2	177106	n/a
86.48583984375	0.3	0.0	1	177123	n/a
86.494140625	0.3	1.0	2	177140	n/a
86.50244140625	0.3	0.0	1	177157	n/a
86.5107421875	0.3	1.0	2	177174	n/a
86.51904296875	0.3	0.0	1	177191	n/a
86.52783203125	0.3	1.0	2	177209	n/a
86.5361328125	0.3	0.0	1	177226	n/a
86.54443359375	0.3	1.0	2	177243	n/a
86.552734375	0.3	0.0	1	177260	n/a
86.56103515625	0.3	0.0	1	177277	n/a
86.5693359375	0.3	1.0	2	177294	n/a
86.57763671875	0.3	1.0	2	177311	n/a
86.5859375	0.3	0.0	1	177328	n/a
86.59423828125	0.3	1.0	2	177345	n/a
86.6025390625	0.3	0.0	1	177362	n/a
86.61083984375	0.3	0.0	1	177379	n/a
86.619140625	0.3	1.0	2	177396	n/a
86.62744140625	0.3	1.0	2	177413	n/a
86.6357421875	0.3	0.0	1	177430	n/a
86.64404296875	0.3	0.0	1	177447	n/a
86.65283203125	0.3	1.0	2	177465	n/a
86.6611328125	0.3	0.0	1	177482	n/a
86.66943359375	0.3	1.0	2	177499	n/a
86.677734375	0.3	1.0	2	177516	n/a
86.68603515625	0.3	0.0	1	177533	n/a
86.6943359375	0.3	1.0	2	177550	n/a
86.70263671875	0.3	0.0	1	177567	n/a
86.7109375	0.3	1.0	2	177584	n/a
86.71923828125	0.3	0.0	1	177601	n/a
86.7275390625	0.3	1.0	2	177618	n/a
86.73583984375	0.3	0.0	1	177635	n/a
86.744140625	0.3	1.0	2	177652	n/a
86.75244140625	0.3	0.0	1	177669	n/a
86.7607421875	0.3	0.0	1	177686	n/a
86.76904296875	0.3	1.0	2	177703	n/a
86.77783203125	0.3	1.0	2	177721	n/a
86.7861328125	0.3	0.0	1	177738	n/a
86.79443359375	0.3	1.0	2	177755	n/a
86.802734375	0.3	0.0	1	177772	n/a
86.81103515625	0.3	1.0	2	177789	n/a
86.8193359375	0.3	0.0	1	177806	n/a
86.82763671875	0.3	0.0	1	177823	n/a
86.8359375	0.3	1.0	2	177840	n/a
86.84423828125	0.3	0.0	1	177857	n/a
86.8525390625	0.3	1.0	2	177874	n/a
86.86083984375	0.3	1.0	2	177891	n/a
86.869140625	0.3	0.0	1	177908	n/a
86.87744140625	0.3	0.0	1	177925	n/a
86.8857421875	0.3	1.0	2	177942	n/a
86.89404296875	0.3	0.0	1	177959	n/a
86.90283203125	0.3	1.0	2	177977	n/a
86.9111328125	0.3	1.0	2	177994	n/a
86.91943359375	0.3	0.0	1	178011	n/a
86.927734375	0.3	0.0	1	178028	n/a
86.93603515625	0.3	1.0	2	178045	n/a
86.9443359375	0.3	1.0	2	178062	n/a
86.95263671875	0.3	0.0	1	178079	n/a
86.9609375	0.3	0.0	1	178096	n/a
86.96923828125	0.3	1.0	2	178113	n/a
86.9775390625	0.3	1.0	2	178130	n/a
86.98583984375	0.3	0.0	1	178147	n/a
86.994140625	0.3	1.0	2	178164	n/a
87.00244140625	0.3	0.0	1	178181	n/a
87.0107421875	0.3	0.0	1	178198	n/a
87.01904296875	0.3	1.0	2	178215	n/a
87.02783203125	0.3	1.0	2	178233	n/a
87.0361328125	0.3	0.0	1	178250	n/a
87.04443359375	0.3	0.0	1	178267	n/a
87.052734375	0.3	1.0	2	178284	n/a
87.06103515625	0.3	1.0	2	178301	n/a
87.0693359375	0.3	0.0	1	178318	n/a
87.07763671875	0.3	1.0	2	178335	n/a
87.0859375	0.3	0.0	1	178352	n/a
87.09423828125	0.3	0.0	1	178369	n/a
87.1025390625	0.3	1.0	2	178386	n/a
87.11083984375	0.3	0.0	1	178403	n/a
87.119140625	0.3	1.0	2	178420	n/a
87.12744140625	0.3	1.0	2	178437	n/a
87.1357421875	0.3	0.0	1	178454	n/a
87.14404296875	0.3	1.0	2	178471	n/a
87.15283203125	0.3	0.0	1	178489	n/a
87.1611328125	0.3	1.0	2	178506	n/a
87.16943359375	0.3	0.0	1	178523	n/a
87.177734375	0.3	0.0	1	178540	n/a
87.18603515625	0.3	1.0	2	178557	n/a
87.1943359375	0.3	0.0	1	178574	n/a
87.20263671875	0.3	1.0	2	178591	n/a
87.2109375	0.3	1.0	2	178608	n/a
87.21923828125	0.3	0.0	1	178625	n/a
87.2275390625	0.3	0.0	1	178642	n/a
87.23583984375	0.3	1.0	2	178659	n/a
87.244140625	0.3	0.0	1	178676	n/a
87.25244140625	0.3	1.0	2	178693	n/a
87.2607421875	0.3	0.0	1	178710	n/a
87.26904296875	0.3	1.0	2	178727	n/a
87.27783203125	0.3	0.0	1	178745	n/a
87.2861328125	0.3	1.0	2	178762	n/a
87.29443359375	0.3	1.0	2	178779	n/a
87.302734375	0.3	0.0	1	178796	n/a
87.31103515625	0.3	1.0	2	178813	n/a
87.3193359375	0.3	0.0	1	178830	n/a
87.32763671875	0.3	1.0	2	178847	n/a
87.3359375	0.3	0.0	1	178864	n/a
87.34423828125	0.3	0.0	1	178881	n/a
87.3525390625	0.3	1.0	2	178898	n/a
87.36083984375	0.3	1.0	2	178915	n/a
87.369140625	0.3	0.0	1	178932	n/a
87.37744140625	0.3	1.0	2	178949	n/a
87.3857421875	0.3	0.0	1	178966	n/a
87.39404296875	0.3	0.0	1	178983	n/a
87.40283203125	0.3	1.0	2	179001	n/a
89.787109375	0.3	0.0	1	183884	35.0
89.79541015625	0.3	1.0	2	183901	n/a
89.8037109375	0.3	0.0	1	183918	n/a
89.81201171875	0.3	1.0	2	183935	n/a
89.8203125	0.3	1.0	2	183952	n/a
89.82861328125	0.3	0.0	1	183969	n/a
89.8369140625	0.3	0.0	1	183986	n/a
89.84521484375	0.3	1.0	2	184003	n/a
89.85400390625	0.3	0.0	1	184021	n/a
89.8623046875	0.3	1.0	2	184038	n/a
89.87060546875	0.3	0.0	1	184055	n/a
89.87890625	0.3	1.0	2	184072	n/a
89.88720703125	0.3	1.0	2	184089	n/a
89.8955078125	0.3	0.0	1	184106	n/a
89.90380859375	0.3	1.0	2	184123	n/a
89.912109375	0.3	0.0	1	184140	n/a
89.92041015625	0.3	0.0	1	184157	n/a
89.9287109375	0.3	1.0	2	184174	n/a
89.93701171875	0.3	1.0	2	184191	n/a
89.9453125	0.3	0.0	1	184208	n/a
89.95361328125	0.3	0.0	1	184225	n/a
89.9619140625	0.3	1.0	2	184242	n/a
89.97021484375	0.3	1.0	2	184259	n/a
89.97900390625	0.3	0.0	1	184277	n/a
89.9873046875	0.3	1.0	2	184294	n/a
89.99560546875	0.3	0.0	1	184311	n/a
90.00390625	0.3	1.0	2	184328	n/a
90.01220703125	0.3	0.0	1	184345	n/a
90.0205078125	0.3	1.0	2	184362	n/a
90.02880859375	0.3	0.0	1	184379	n/a
90.037109375	0.3	0.0	1	184396	n/a
90.04541015625	0.3	1.0	2	184413	n/a
90.0537109375	0.3	0.0	1	184430	n/a
90.06201171875	0.3	1.0	2	184447	n/a
90.0703125	0.3	1.0	2	184464	n/a
90.07861328125	0.3	0.0	1	184481	n/a
90.0869140625	0.3	0.0	1	184498	n/a
90.09521484375	0.3	1.0	2	184515	n/a
90.10400390625	0.3	1.0	2	184533	n/a
90.1123046875	0.3	0.0	1	184550	n/a
90.12060546875	0.3	0.0	1	184567	n/a
90.12890625	0.3	1.0	2	184584	n/a
90.13720703125	0.3	0.0	1	184601	n/a
90.1455078125	0.3	1.0	2	184618	n/a
90.15380859375	0.3	0.0	1	184635	n/a
90.162109375	0.3	1.0	2	184652	n/a
90.17041015625	0.3	0.0	1	184669	n/a
90.1787109375	0.3	1.0	2	184686	n/a
90.18701171875	0.3	0.0	1	184703	n/a
90.1953125	0.3	1.0	2	184720	n/a
90.20361328125	0.3	0.0	1	184737	n/a
90.2119140625	0.3	1.0	2	184754	n/a
90.22021484375	0.3	0.0	1	184771	n/a
90.22900390625	0.3	1.0	2	184789	n/a
90.2373046875	0.3	0.0	1	184806	n/a
90.24560546875	0.3	1.0	2	184823	n/a
90.25390625	0.3	0.0	1	184840	n/a
90.26220703125	0.3	1.0	2	184857	n/a
90.2705078125	0.3	1.0	2	184874	n/a
90.27880859375	0.3	0.0	1	184891	n/a
90.287109375	0.3	1.0	2	184908	n/a
90.29541015625	0.3	0.0	1	184925	n/a
90.3037109375	0.3	1.0	2	184942	n/a
90.31201171875	0.3	0.0	1	184959	n/a
90.3203125	0.3	1.0	2	184976	n/a
90.32861328125	0.3	0.0	1	184993	n/a
90.3369140625	0.3	1.0	2	185010	n/a
90.34521484375	0.3	0.0	1	185027	n/a
90.35400390625	0.3	1.0	2	185045	n/a
90.3623046875	0.3	0.0	1	185062	n/a
90.37060546875	0.3	1.0	2	185079	n/a
90.37890625	0.3	0.0	1	185096	n/a
90.38720703125	0.3	0.0	1	185113	n/a
90.3955078125	0.3	1.0	2	185130	n/a
90.40380859375	0.3	0.0	1	185147	n/a
90.412109375	0.3	1.0	2	185164	n/a
90.42041015625	0.3	0.0	1	185181	n/a
90.4287109375	0.3	1.0	2	185198	n/a
90.43701171875	0.3	0.0	1	185215	n/a
90.4453125	0.3	1.0	2	185232	n/a
90.45361328125	0.3	0.0	1	185249	n/a
90.4619140625	0.3	1.0	2	185266	n/a
90.47021484375	0.3	1.0	2	185283	n/a
90.47900390625	0.3	0.0	1	185301	n/a
90.4873046875	0.3	1.0	2	185318	n/a
90.49560546875	0.3	0.0	1	185335	n/a
90.50390625	0.3	1.0	2	185352	n/a
90.51220703125	0.3	0.0	1	185369	n/a
90.5205078125	0.3	0.0	1	185386	n/a
90.52880859375	0.3	1.0	2	185403	n/a
90.537109375	0.3	1.0	2	185420	n/a
90.54541015625	0.3	0.0	1	185437	n/a
90.5537109375	0.3	1.0	2	185454	n/a
90.56201171875	0.3	0.0	1	185471	n/a
90.5703125	0.3	1.0	2	185488	n/a
90.57861328125	0.3	0.0	1	185505	n/a
90.5869140625	0.3	0.0	1	185522	n/a
90.59521484375	0.3	1.0	2	185539	n/a
90.60400390625	0.3	0.0	1	185557	n/a
90.6123046875	0.3	1.0	2	185574	n/a
90.62060546875	0.3	0.0	1	185591	n/a
90.62890625	0.3	1.0	2	185608	n/a
90.63720703125	0.3	1.0	2	185625	n/a
90.6455078125	0.3	0.0	1	185642	n/a
90.65380859375	0.3	0.0	1	185659	n/a
90.662109375	0.3	1.0	2	185676	n/a
90.67041015625	0.3	1.0	2	185693	n/a
90.6787109375	0.3	0.0	1	185710	n/a
90.68701171875	0.3	1.0	2	185727	n/a
90.6953125	0.3	0.0	1	185744	n/a
90.70361328125	0.3	1.0	2	185761	n/a
90.7119140625	0.3	0.0	1	185778	n/a
90.72021484375	0.3	1.0	2	185795	n/a
90.72900390625	0.3	0.0	1	185813	n/a
90.7373046875	0.3	1.0	2	185830	n/a
90.74560546875	0.3	0.0	1	185847	n/a
90.75390625	0.3	1.0	2	185864	n/a
90.76220703125	0.3	0.0	1	185881	n/a
90.7705078125	0.3	0.0	1	185898	n/a
90.77880859375	0.3	1.0	2	185915	n/a
90.787109375	0.3	1.0	2	185932	n/a
90.79541015625	0.3	0.0	1	185949	n/a
90.8037109375	0.3	0.0	1	185966	n/a
90.81201171875	0.3	1.0	2	185983	n/a
90.8203125	0.3	0.0	1	186000	n/a
90.82861328125	0.3	1.0	2	186017	n/a
90.8369140625	0.3	0.0	1	186034	n/a
90.84521484375	0.3	1.0	2	186051	n/a
90.85400390625	0.3	0.0	1	186069	n/a
90.8623046875	0.3	1.0	2	186086	n/a
90.87060546875	0.3	1.0	2	186103	n/a
90.87890625	0.3	0.0	1	186120	n/a
90.88720703125	0.3	0.0	1	186137	n/a
90.8955078125	0.3	1.0	2	186154	n/a
90.90380859375	0.3	0.0	1	186171	n/a
90.912109375	0.3	1.0	2	186188	n/a
90.92041015625	0.3	0.0	1	186205	n/a
90.9287109375	0.3	1.0	2	186222	n/a
90.93701171875	0.3	1.0	2	186239	n/a
90.9453125	0.3	0.0	1	186256	n/a
90.95361328125	0.3	1.0	2	186273	n/a
90.9619140625	0.3	0.0	1	186290	n/a
90.97021484375	0.3	0.0	1	186307	n/a
90.97900390625	0.3	1.0	2	186325	n/a
90.9873046875	0.3	1.0	2	186342	n/a
90.99560546875	0.3	0.0	1	186359	n/a
91.00390625	0.3	0.0	1	186376	n/a
91.01220703125	0.3	1.0	2	186393	n/a
91.0205078125	0.3	1.0	2	186410	n/a
91.02880859375	0.3	0.0	1	186427	n/a
91.037109375	0.3	1.0	2	186444	n/a
91.04541015625	0.3	0.0	1	186461	n/a
91.0537109375	0.3	1.0	2	186478	n/a
91.06201171875	0.3	0.0	1	186495	n/a
91.0703125	0.3	1.0	2	186512	n/a
91.07861328125	0.3	0.0	1	186529	n/a
91.0869140625	0.3	0.0	1	186546	n/a
91.09521484375	0.3	1.0	2	186563	n/a
91.10400390625	0.3	0.0	1	186581	n/a
91.1123046875	0.3	1.0	2	186598	n/a
91.12060546875	0.3	1.0	2	186615	n/a
91.12890625	0.3	0.0	1	186632	n/a
91.13720703125	0.3	0.0	1	186649	n/a
91.1455078125	0.3	1.0	2	186666	n/a
91.15380859375	0.3	1.0	2	186683	n/a
91.162109375	0.3	0.0	1	186700	n/a
91.17041015625	0.3	0.0	1	186717	n/a
91.1787109375	0.3	1.0	2	186734	n/a
91.18701171875	0.3	0.0	1	186751	n/a
91.1953125	0.3	1.0	2	186768	n/a
91.20361328125	0.3	0.0	1	186785	n/a
91.2119140625	0.3	1.0	2	186802	n/a
91.22021484375	0.3	0.0	1	186819	n/a
91.22900390625	0.3	1.0	2	186837	n/a
91.2373046875	0.3	0.0	1	186854	n/a
91.24560546875	0.3	1.0	2	186871	n/a
91.25390625	0.3	0.0	1	186888	n/a
91.26220703125	0.3	1.0	2	186905	n/a
91.2705078125	0.3	0.0	1	186922	n/a
91.27880859375	0.3	1.0	2	186939	n/a
91.287109375	0.3	0.0	1	186956	n/a
91.29541015625	0.3	1.0	2	186973	n/a
91.3037109375	0.3	0.0	1	186990	n/a
91.31201171875	0.3	1.0	2	187007	n/a
91.3203125	0.3	1.0	2	187024	n/a
91.32861328125	0.3	0.0	1	187041	n/a
91.3369140625	0.3	1.0	2	187058	n/a
91.34521484375	0.3	0.0	1	187075	n/a
91.35400390625	0.3	1.0	2	187093	n/a
91.3623046875	0.3	0.0	1	187110	n/a
91.37060546875	0.3	1.0	2	187127	n/a
91.37890625	0.3	0.0	1	187144	n/a
91.38720703125	0.3	1.0	2	187161	n/a
91.3955078125	0.3	0.0	1	187178	n/a
91.40380859375	0.3	1.0	2	187195	n/a
91.412109375	0.3	0.0	1	187212	n/a
91.42041015625	0.3	1.0	2	187229	n/a
91.4287109375	0.3	0.0	1	187246	n/a
91.43701171875	0.3	0.0	1	187263	n/a
91.4453125	0.3	1.0	2	187280	n/a
91.45361328125	0.3	0.0	1	187297	n/a
91.4619140625	0.3	1.0	2	187314	n/a
91.47021484375	0.3	0.0	1	187331	n/a
91.47900390625	0.3	1.0	2	187349	n/a
91.4873046875	0.3	0.0	1	187366	n/a
91.49560546875	0.3	1.0	2	187383	n/a
91.50390625	0.3	0.0	1	187400	n/a
91.51220703125	0.3	1.0	2	187417	n/a
91.5205078125	0.3	1.0	2	187434	n/a
91.52880859375	0.3	0.0	1	187451	n/a
91.537109375	0.3	1.0	2	187468	n/a
91.54541015625	0.3	0.0	1	187485	n/a
91.5537109375	0.3	1.0	2	187502	n/a
91.56201171875	0.3	0.0	1	187519	n/a
91.5703125	0.3	0.0	1	187536	n/a
91.57861328125	0.3	1.0	2	187553	n/a
91.5869140625	0.3	1.0	2	187570	n/a
91.59521484375	0.3	0.0	1	187587	n/a
91.60400390625	0.3	1.0	2	187605	n/a
91.6123046875	0.3	0.0	1	187622	n/a
91.62060546875	0.3	1.0	2	187639	n/a
91.62890625	0.3	0.0	1	187656	n/a
91.63720703125	0.3	0.0	1	187673	n/a
91.6455078125	0.3	1.0	2	187690	n/a
91.65380859375	0.3	0.0	1	187707	n/a
91.662109375	0.3	1.0	2	187724	n/a
91.67041015625	0.3	0.0	1	187741	n/a
91.6787109375	0.3	1.0	2	187758	n/a
91.68701171875	0.3	1.0	2	187775	n/a
91.6953125	0.3	0.0	1	187792	n/a
91.70361328125	0.3	0.0	1	187809	n/a
91.7119140625	0.3	1.0	2	187826	n/a
91.72021484375	0.3	1.0	2	187843	n/a
91.72900390625	0.3	0.0	1	187861	n/a
91.7373046875	0.3	1.0	2	187878	n/a
91.74560546875	0.3	0.0	1	187895	n/a
91.75390625	0.3	1.0	2	187912	n/a
91.76220703125	0.3	0.0	1	187929	n/a
91.7705078125	0.3	1.0	2	187946	n/a
91.77880859375	0.3	0.0	1	187963	n/a
91.787109375	0.3	1.0	2	187980	n/a
91.79541015625	0.3	0.0	1	187997	n/a
91.8037109375	0.3	1.0	2	188014	n/a
91.81201171875	0.3	0.0	1	188031	n/a
91.8203125	0.3	0.0	1	188048	n/a
91.82861328125	0.3	1.0	2	188065	n/a
91.8369140625	0.3	1.0	2	188082	n/a
91.84521484375	0.3	0.0	1	188099	n/a
91.85400390625	0.3	0.0	1	188117	n/a
91.8623046875	0.3	1.0	2	188134	n/a
91.87060546875	0.3	0.0	1	188151	n/a
91.87890625	0.3	1.0	2	188168	n/a
91.88720703125	0.3	0.0	1	188185	n/a
91.8955078125	0.3	1.0	2	188202	n/a
91.90380859375	0.3	0.0	1	188219	n/a
91.912109375	0.3	1.0	2	188236	n/a
91.92041015625	0.3	1.0	2	188253	n/a
91.9287109375	0.3	0.0	1	188270	n/a
91.93701171875	0.3	0.0	1	188287	n/a
91.9453125	0.3	1.0	2	188304	n/a
91.95361328125	0.3	0.0	1	188321	n/a
91.9619140625	0.3	1.0	2	188338	n/a
91.97021484375	0.3	0.0	1	188355	n/a
91.97900390625	0.3	1.0	2	188373	n/a
91.9873046875	0.3	1.0	2	188390	n/a
91.99560546875	0.3	0.0	1	188407	n/a
92.00390625	0.3	1.0	2	188424	n/a
92.01220703125	0.3	0.0	1	188441	n/a
92.0205078125	0.3	0.0	1	188458	n/a
92.02880859375	0.3	1.0	2	188475	n/a
92.037109375	0.3	1.0	2	188492	n/a
92.04541015625	0.3	0.0	1	188509	n/a
92.0537109375	0.3	0.0	1	188526	n/a
92.06201171875	0.3	1.0	2	188543	n/a
92.0703125	0.3	1.0	2	188560	n/a
92.07861328125	0.3	0.0	1	188577	n/a
92.0869140625	0.3	1.0	2	188594	n/a
92.09521484375	0.3	0.0	1	188611	n/a
92.10400390625	0.3	1.0	2	188629	n/a
92.1123046875	0.3	0.0	1	188646	n/a
92.12060546875	0.3	1.0	2	188663	n/a
92.12890625	0.3	0.0	1	188680	n/a
92.13720703125	0.3	0.0	1	188697	n/a
92.1455078125	0.3	1.0	2	188714	n/a
92.15380859375	0.3	0.0	1	188731	n/a
92.162109375	0.3	1.0	2	188748	n/a
92.17041015625	0.3	1.0	2	188765	n/a
92.1787109375	0.3	0.0	1	188782	n/a
92.18701171875	0.3	0.0	1	188799	n/a
92.1953125	0.3	1.0	2	188816	n/a
92.20361328125	0.3	1.0	2	188833	n/a
92.2119140625	0.3	0.0	1	188850	n/a
92.22021484375	0.3	0.0	1	188867	n/a
92.22900390625	0.3	1.0	2	188885	n/a
92.2373046875	0.3	0.0	1	188902	n/a
92.24560546875	0.3	1.0	2	188919	n/a
92.25390625	0.3	0.0	1	188936	n/a
92.26220703125	0.3	1.0	2	188953	n/a
92.2705078125	0.3	0.0	1	188970	n/a
92.27880859375	0.3	1.0	2	188987	n/a
92.287109375	0.3	0.0	1	189004	n/a
92.29541015625	0.3	1.0	2	189021	n/a
92.3037109375	0.3	0.0	1	189038	n/a
92.31201171875	0.3	1.0	2	189055	n/a
92.3203125	0.3	0.0	1	189072	n/a
92.32861328125	0.3	1.0	2	189089	n/a
92.3369140625	0.3	0.0	1	189106	n/a
92.34521484375	0.3	1.0	2	189123	n/a
92.35400390625	0.3	0.0	1	189141	n/a
92.3623046875	0.3	1.0	2	189158	n/a
92.37060546875	0.3	1.0	2	189175	n/a
92.37890625	0.3	0.0	1	189192	n/a
92.38720703125	0.3	1.0	2	189209	n/a
92.3955078125	0.3	0.0	1	189226	n/a
92.40380859375	0.3	1.0	2	189243	n/a
92.412109375	0.3	0.0	1	189260	n/a
92.42041015625	0.3	1.0	2	189277	n/a
92.4287109375	0.3	0.0	1	189294	n/a
92.43701171875	0.3	1.0	2	189311	n/a
92.4453125	0.3	0.0	1	189328	n/a
92.45361328125	0.3	1.0	2	189345	n/a
92.4619140625	0.3	0.0	1	189362	n/a
92.47021484375	0.3	1.0	2	189379	n/a
92.47900390625	0.3	0.0	1	189397	n/a
92.4873046875	0.3	0.0	1	189414	n/a
92.49560546875	0.3	1.0	2	189431	n/a
92.50390625	0.3	0.0	1	189448	n/a
92.51220703125	0.3	1.0	2	189465	n/a
92.5205078125	0.3	0.0	1	189482	n/a
92.52880859375	0.3	1.0	2	189499	n/a
92.537109375	0.3	0.0	1	189516	n/a
92.54541015625	0.3	1.0	2	189533	n/a
92.5537109375	0.3	0.0	1	189550	n/a
92.56201171875	0.3	1.0	2	189567	n/a
92.5703125	0.3	1.0	2	189584	n/a
92.57861328125	0.3	0.0	1	189601	n/a
92.5869140625	0.3	1.0	2	189618	n/a
92.59521484375	0.3	0.0	1	189635	n/a
92.60400390625	0.3	1.0	2	189653	n/a
92.6123046875	0.3	0.0	1	189670	n/a
92.62060546875	0.3	0.0	1	189687	n/a
92.62890625	0.3	1.0	2	189704	n/a
92.63720703125	0.3	1.0	2	189721	n/a
92.6455078125	0.3	0.0	1	189738	n/a
92.65380859375	0.3	1.0	2	189755	n/a
92.662109375	0.3	0.0	1	189772	n/a
92.67041015625	0.3	1.0	2	189789	n/a
92.6787109375	0.3	0.0	1	189806	n/a
92.68701171875	0.3	0.0	1	189823	n/a
92.6953125	0.3	1.0	2	189840	n/a
92.70361328125	0.3	0.0	1	189857	n/a
92.7119140625	0.3	1.0	2	189874	n/a
92.72021484375	0.3	0.0	1	189891	n/a
92.72900390625	0.3	1.0	2	189909	n/a
92.7373046875	0.3	1.0	2	189926	n/a
92.74560546875	0.3	0.0	1	189943	n/a
92.75390625	0.3	0.0	1	189960	n/a
92.76220703125	0.3	1.0	2	189977	n/a
92.7705078125	0.3	1.0	2	189994	n/a
92.77880859375	0.3	0.0	1	190011	n/a
92.787109375	0.3	1.0	2	190028	n/a
92.79541015625	0.3	0.0	1	190045	n/a
92.8037109375	0.3	1.0	2	190062	n/a
92.81201171875	0.3	0.0	1	190079	n/a
92.8203125	0.3	1.0	2	190096	n/a
92.82861328125	0.3	0.0	1	190113	n/a
92.8369140625	0.3	1.0	2	190130	n/a
92.84521484375	0.3	0.0	1	190147	n/a
92.85400390625	0.3	1.0	2	190165	n/a
92.8623046875	0.3	0.0	1	190182	n/a
92.87060546875	0.3	0.0	1	190199	n/a
92.87890625	0.3	1.0	2	190216	n/a
92.88720703125	0.3	1.0	2	190233	n/a
92.8955078125	0.3	0.0	1	190250	n/a
92.90380859375	0.3	0.0	1	190267	n/a
92.912109375	0.3	1.0	2	190284	n/a
92.92041015625	0.3	0.0	1	190301	n/a
92.9287109375	0.3	1.0	2	190318	n/a
92.93701171875	0.3	0.0	1	190335	n/a
92.9453125	0.3	1.0	2	190352	n/a
92.95361328125	0.3	0.0	1	190369	n/a
92.9619140625	0.3	1.0	2	190386	n/a
92.97021484375	0.3	1.0	2	190403	n/a
92.97900390625	0.3	0.0	1	190421	n/a
92.9873046875	0.3	0.0	1	190438	n/a
92.99560546875	0.3	1.0	2	190455	n/a
93.00390625	0.3	0.0	1	190472	n/a
93.01220703125	0.3	1.0	2	190489	n/a
93.0205078125	0.3	0.0	1	190506	n/a
93.02880859375	0.3	1.0	2	190523	n/a
93.037109375	0.3	1.0	2	190540	n/a
93.04541015625	0.3	0.0	1	190557	n/a
93.0537109375	0.3	1.0	2	190574	n/a
93.06201171875	0.3	0.0	1	190591	n/a
93.0703125	0.3	0.0	1	190608	n/a
93.07861328125	0.3	1.0	2	190625	n/a
93.0869140625	0.3	1.0	2	190642	n/a
93.09521484375	0.3	0.0	1	190659	n/a
93.10400390625	0.3	0.0	1	190677	n/a
93.1123046875	0.3	1.0	2	190694	n/a
93.12060546875	0.3	1.0	2	190711	n/a
93.12890625	0.3	0.0	1	190728	n/a
93.13720703125	0.3	1.0	2	190745	n/a
93.1455078125	0.3	0.0	1	190762	n/a
93.15380859375	0.3	1.0	2	190779	n/a
93.162109375	0.3	0.0	1	190796	n/a
93.17041015625	0.3	1.0	2	190813	n/a
93.1787109375	0.3	0.0	1	190830	n/a
93.18701171875	0.3	0.0	1	190847	n/a
93.1953125	0.3	1.0	2	190864	n/a
93.20361328125	0.3	0.0	1	190881	n/a
93.2119140625	0.3	1.0	2	190898	n/a
93.22021484375	0.3	1.0	2	190915	n/a
93.22900390625	0.3	0.0	1	190933	n/a
93.2373046875	0.3	0.0	1	190950	n/a
93.24560546875	0.3	1.0	2	190967	n/a
93.25390625	0.3	1.0	2	190984	n/a
93.26220703125	0.3	0.0	1	191001	n/a
93.2705078125	0.3	0.0	1	191018	n/a
93.27880859375	0.3	1.0	2	191035	n/a
93.287109375	0.3	0.0	1	191052	n/a
93.29541015625	0.3	1.0	2	191069	n/a
93.3037109375	0.3	0.0	1	191086	n/a
93.31201171875	0.3	1.0	2	191103	n/a
93.3203125	0.3	0.0	1	191120	n/a
93.32861328125	0.3	1.0	2	191137	n/a
93.3369140625	0.3	0.0	1	191154	n/a
93.34521484375	0.3	1.0	2	191171	n/a
93.35400390625	0.3	0.0	1	191189	n/a
93.3623046875	0.3	1.0	2	191206	n/a
93.37060546875	0.3	0.0	1	191223	n/a
93.37890625	0.3	1.0	2	191240	n/a
93.38720703125	0.3	0.0	1	191257	n/a
93.3955078125	0.3	1.0	2	191274	n/a
93.40380859375	0.3	0.0	1	191291	n/a
93.412109375	0.3	1.0	2	191308	n/a
93.42041015625	0.3	1.0	2	191325	n/a
93.4287109375	0.3	0.0	1	191342	n/a
93.43701171875	0.3	1.0	2	191359	n/a
93.4453125	0.3	0.0	1	191376	n/a
93.45361328125	0.3	1.0	2	191393	n/a
93.4619140625	0.3	0.0	1	191410	n/a
93.47021484375	0.3	1.0	2	191427	n/a
93.47900390625	0.3	0.0	1	191445	n/a
93.4873046875	0.3	1.0	2	191462	n/a
93.49560546875	0.3	0.0	1	191479	n/a
93.50390625	0.3	1.0	2	191496	n/a
93.51220703125	0.3	0.0	1	191513	n/a
93.5205078125	0.3	1.0	2	191530	n/a
93.52880859375	0.3	0.0	1	191547	n/a
93.537109375	0.3	0.0	1	191564	n/a
93.54541015625	0.3	1.0	2	191581	n/a
93.5537109375	0.3	0.0	1	191598	n/a
93.56201171875	0.3	1.0	2	191615	n/a
93.5703125	0.3	0.0	1	191632	n/a
93.57861328125	0.3	1.0	2	191649	n/a
93.5869140625	0.3	0.0	1	191666	n/a
93.59521484375	0.3	1.0	2	191683	n/a
93.60400390625	0.3	0.0	1	191701	n/a
93.6123046875	0.3	1.0	2	191718	n/a
93.62060546875	0.3	1.0	2	191735	n/a
93.62890625	0.3	0.0	1	191752	n/a
93.63720703125	0.3	1.0	2	191769	n/a
93.6455078125	0.3	0.0	1	191786	n/a
93.65380859375	0.3	1.0	2	191803	n/a
93.662109375	0.3	0.0	1	191820	n/a
93.67041015625	0.3	0.0	1	191837	n/a
93.6787109375	0.3	1.0	2	191854	n/a
93.68701171875	0.3	1.0	2	191871	n/a
93.6953125	0.3	0.0	1	191888	n/a
93.70361328125	0.3	1.0	2	191905	n/a
93.7119140625	0.3	0.0	1	191922	n/a
93.72021484375	0.3	1.0	2	191939	n/a
93.72900390625	0.3	0.0	1	191957	n/a
93.7373046875	0.3	0.0	1	191974	n/a
93.74560546875	0.3	1.0	2	191991	n/a
93.75390625	0.3	0.0	1	192008	n/a
93.76220703125	0.3	1.0	2	192025	n/a
93.7705078125	0.3	0.0	1	192042	n/a
93.77880859375	0.3	1.0	2	192059	n/a
93.787109375	0.3	1.0	2	192076	n/a
93.79541015625	0.3	0.0	1	192093	n/a
93.8037109375	0.3	0.0	1	192110	n/a
93.81201171875	0.3	1.0	2	192127	n/a
93.8203125	0.3	1.0	2	192144	n/a
93.82861328125	0.3	0.0	1	192161	n/a
93.8369140625	0.3	1.0	2	192178	n/a
93.84521484375	0.3	0.0	1	192195	n/a
93.85400390625	0.3	1.0	2	192213	n/a
93.8623046875	0.3	0.0	1	192230	n/a
93.87060546875	0.3	1.0	2	192247	n/a
93.87890625	0.3	0.0	1	192264	n/a
93.88720703125	0.3	1.0	2	192281	n/a
93.8955078125	0.3	0.0	1	192298	n/a
93.90380859375	0.3	1.0	2	192315	n/a
93.912109375	0.3	0.0	1	192332	n/a
93.92041015625	0.3	0.0	1	192349	n/a
93.9287109375	0.3	1.0	2	192366	n/a
93.93701171875	0.3	1.0	2	192383	n/a
93.9453125	0.3	0.0	1	192400	n/a
93.95361328125	0.3	0.0	1	192417	n/a
93.9619140625	0.3	1.0	2	192434	n/a
93.97021484375	0.3	0.0	1	192451	n/a
93.97900390625	0.3	1.0	2	192469	n/a
96.3623046875	0.3	1.0	2	197350	5.0
96.37060546875	0.3	0.0	1	197367	n/a
96.37890625	0.3	1.0	2	197384	n/a
96.38720703125	0.3	0.0	1	197401	n/a
96.3955078125	0.3	1.0	2	197418	n/a
96.40380859375	0.3	0.0	1	197435	n/a
96.412109375	0.3	1.0	2	197452	n/a
96.42041015625	0.3	0.0	1	197469	n/a
96.42919921875	0.3	1.0	2	197487	n/a
96.4375	0.3	0.0	1	197504	n/a
96.44580078125	0.3	0.0	1	197521	n/a
96.4541015625	0.3	1.0	2	197538	n/a
96.46240234375	0.3	1.0	2	197555	n/a
96.470703125	0.3	0.0	1	197572	n/a
96.47900390625	0.3	1.0	2	197589	n/a
96.4873046875	0.3	0.0	1	197606	n/a
96.49560546875	0.3	1.0	2	197623	n/a
96.50390625	0.3	0.0	1	197640	n/a
96.51220703125	0.3	1.0	2	197657	n/a
96.5205078125	0.3	0.0	1	197674	n/a
96.52880859375	0.3	0.0	1	197691	n/a
96.537109375	0.3	1.0	2	197708	n/a
96.54541015625	0.3	0.0	1	197725	n/a
96.55419921875	0.3	1.0	2	197743	n/a
96.5625	0.3	1.0	2	197760	n/a
96.57080078125	0.3	0.0	1	197777	n/a
96.5791015625	0.3	1.0	2	197794	n/a
96.58740234375	0.3	0.0	1	197811	n/a
96.595703125	0.3	1.0	2	197828	n/a
96.60400390625	0.3	0.0	1	197845	n/a
96.6123046875	0.3	0.0	1	197862	n/a
96.62060546875	0.3	1.0	2	197879	n/a
96.62890625	0.3	1.0	2	197896	n/a
96.63720703125	0.3	0.0	1	197913	n/a
96.6455078125	0.3	0.0	1	197930	n/a
96.65380859375	0.3	1.0	2	197947	n/a
96.662109375	0.3	1.0	2	197964	n/a
96.67041015625	0.3	0.0	1	197981	n/a
96.67919921875	0.3	1.0	2	197999	n/a
96.6875	0.3	0.0	1	198016	n/a
96.69580078125	0.3	0.0	1	198033	n/a
96.7041015625	0.3	1.0	2	198050	n/a
96.71240234375	0.3	0.0	1	198067	n/a
96.720703125	0.3	1.0	2	198084	n/a
96.72900390625	0.3	0.0	1	198101	n/a
96.7373046875	0.3	1.0	2	198118	n/a
96.74560546875	0.3	0.0	1	198135	n/a
96.75390625	0.3	1.0	2	198152	n/a
96.76220703125	0.3	1.0	2	198169	n/a
96.7705078125	0.3	0.0	1	198186	n/a
96.77880859375	0.3	0.0	1	198203	n/a
96.787109375	0.3	1.0	2	198220	n/a
96.79541015625	0.3	1.0	2	198237	n/a
96.80419921875	0.3	0.0	1	198255	n/a
96.8125	0.3	1.0	2	198272	n/a
96.82080078125	0.3	0.0	1	198289	n/a
96.8291015625	0.3	1.0	2	198306	n/a
96.83740234375	0.3	0.0	1	198323	n/a
96.845703125	0.3	0.0	1	198340	n/a
96.85400390625	0.3	1.0	2	198357	n/a
96.8623046875	0.3	0.0	1	198374	n/a
96.87060546875	0.3	1.0	2	198391	n/a
96.87890625	0.3	0.0	1	198408	n/a
96.88720703125	0.3	1.0	2	198425	n/a
96.8955078125	0.3	1.0	2	198442	n/a
96.90380859375	0.3	0.0	1	198459	n/a
96.912109375	0.3	1.0	2	198476	n/a
96.92041015625	0.3	0.0	1	198493	n/a
96.92919921875	0.3	0.0	1	198511	n/a
96.9375	0.3	1.0	2	198528	n/a
96.94580078125	0.3	1.0	2	198545	n/a
96.9541015625	0.3	0.0	1	198562	n/a
96.96240234375	0.3	1.0	2	198579	n/a
96.970703125	0.3	0.0	1	198596	n/a
96.97900390625	0.3	0.0	1	198613	n/a
96.9873046875	0.3	1.0	2	198630	n/a
96.99560546875	0.3	1.0	2	198647	n/a
97.00390625	0.3	0.0	1	198664	n/a
97.01220703125	0.3	0.0	1	198681	n/a
97.0205078125	0.3	1.0	2	198698	n/a
97.02880859375	0.3	0.0	1	198715	n/a
97.037109375	0.3	1.0	2	198732	n/a
97.04541015625	0.3	1.0	2	198749	n/a
97.05419921875	0.3	0.0	1	198767	n/a
97.0625	0.3	0.0	1	198784	n/a
97.07080078125	0.3	1.0	2	198801	n/a
97.0791015625	0.3	0.0	1	198818	n/a
97.08740234375	0.3	1.0	2	198835	n/a
97.095703125	0.3	0.0	1	198852	n/a
97.10400390625	0.3	1.0	2	198869	n/a
97.1123046875	0.3	1.0	2	198886	n/a
97.12060546875	0.3	0.0	1	198903	n/a
97.12890625	0.3	0.0	1	198920	n/a
97.13720703125	0.3	1.0	2	198937	n/a
97.1455078125	0.3	0.0	1	198954	n/a
97.15380859375	0.3	1.0	2	198971	n/a
97.162109375	0.3	1.0	2	198988	n/a
97.17041015625	0.3	0.0	1	199005	n/a
97.17919921875	0.3	1.0	2	199023	n/a
97.1875	0.3	0.0	1	199040	n/a
97.19580078125	0.3	0.0	1	199057	n/a
97.2041015625	0.3	1.0	2	199074	n/a
97.21240234375	0.3	0.0	1	199091	n/a
97.220703125	0.3	1.0	2	199108	n/a
97.22900390625	0.3	1.0	2	199125	n/a
97.2373046875	0.3	0.0	1	199142	n/a
97.24560546875	0.3	0.0	1	199159	n/a
97.25390625	0.3	1.0	2	199176	n/a
97.26220703125	0.3	1.0	2	199193	n/a
97.2705078125	0.3	0.0	1	199210	n/a
97.27880859375	0.3	0.0	1	199227	n/a
97.287109375	0.3	1.0	2	199244	n/a
97.29541015625	0.3	1.0	2	199261	n/a
97.30419921875	0.3	0.0	1	199279	n/a
97.3125	0.3	0.0	1	199296	n/a
97.32080078125	0.3	1.0	2	199313	n/a
97.3291015625	0.3	0.0	1	199330	n/a
97.33740234375	0.3	1.0	2	199347	n/a
97.345703125	0.3	0.0	1	199364	n/a
97.35400390625	0.3	1.0	2	199381	n/a
97.3623046875	0.3	0.0	1	199398	n/a
97.37060546875	0.3	1.0	2	199415	n/a
97.37890625	0.3	0.0	1	199432	n/a
97.38720703125	0.3	1.0	2	199449	n/a
97.3955078125	0.3	0.0	1	199466	n/a
97.40380859375	0.3	1.0	2	199483	n/a
97.412109375	0.3	1.0	2	199500	n/a
97.42041015625	0.3	0.0	1	199517	n/a
97.42919921875	0.3	1.0	2	199535	n/a
97.4375	0.3	0.0	1	199552	n/a
97.44580078125	0.3	1.0	2	199569	n/a
97.4541015625	0.3	0.0	1	199586	n/a
97.46240234375	0.3	1.0	2	199603	n/a
97.470703125	0.3	0.0	1	199620	n/a
97.47900390625	0.3	1.0	2	199637	n/a
97.4873046875	0.3	0.0	1	199654	n/a
97.49560546875	0.3	0.0	1	199671	n/a
97.50390625	0.3	1.0	2	199688	n/a
97.51220703125	0.3	1.0	2	199705	n/a
97.5205078125	0.3	0.0	1	199722	n/a
97.52880859375	0.3	1.0	2	199739	n/a
97.537109375	0.3	0.0	1	199756	n/a
97.54541015625	0.3	1.0	2	199773	n/a
97.55419921875	0.3	0.0	1	199791	n/a
97.5625	0.3	1.0	2	199808	n/a
97.57080078125	0.3	0.0	1	199825	n/a
97.5791015625	0.3	0.0	1	199842	n/a
97.58740234375	0.3	1.0	2	199859	n/a
97.595703125	0.3	0.0	1	199876	n/a
97.60400390625	0.3	1.0	2	199893	n/a
97.6123046875	0.3	1.0	2	199910	n/a
97.62060546875	0.3	0.0	1	199927	n/a
97.62890625	0.3	1.0	2	199944	n/a
97.63720703125	0.3	0.0	1	199961	n/a
97.6455078125	0.3	1.0	2	199978	n/a
97.65380859375	0.3	0.0	1	199995	n/a
97.662109375	0.3	0.0	1	200012	n/a
97.67041015625	0.3	1.0	2	200029	n/a
97.67919921875	0.3	1.0	2	200047	n/a
97.6875	0.3	0.0	1	200064	n/a
97.69580078125	0.3	0.0	1	200081	n/a
97.7041015625	0.3	1.0	2	200098	n/a
97.71240234375	0.3	1.0	2	200115	n/a
97.720703125	0.3	0.0	1	200132	n/a
97.72900390625	0.3	1.0	2	200149	n/a
97.7373046875	0.3	0.0	1	200166	n/a
97.74560546875	0.3	0.0	1	200183	n/a
97.75390625	0.3	1.0	2	200200	n/a
97.76220703125	0.3	0.0	1	200217	n/a
97.7705078125	0.3	1.0	2	200234	n/a
97.77880859375	0.3	0.0	1	200251	n/a
97.787109375	0.3	1.0	2	200268	n/a
97.79541015625	0.3	0.0	1	200285	n/a
97.80419921875	0.3	1.0	2	200303	n/a
97.8125	0.3	1.0	2	200320	n/a
97.82080078125	0.3	0.0	1	200337	n/a
97.8291015625	0.3	0.0	1	200354	n/a
97.83740234375	0.3	1.0	2	200371	n/a
97.845703125	0.3	1.0	2	200388	n/a
97.85400390625	0.3	0.0	1	200405	n/a
97.8623046875	0.3	1.0	2	200422	n/a
97.87060546875	0.3	0.0	1	200439	n/a
97.87890625	0.3	1.0	2	200456	n/a
97.88720703125	0.3	0.0	1	200473	n/a
97.8955078125	0.3	0.0	1	200490	n/a
97.90380859375	0.3	1.0	2	200507	n/a
97.912109375	0.3	0.0	1	200524	n/a
97.92041015625	0.3	1.0	2	200541	n/a
97.92919921875	0.3	0.0	1	200559	n/a
97.9375	0.3	1.0	2	200576	n/a
97.94580078125	0.3	1.0	2	200593	n/a
97.9541015625	0.3	0.0	1	200610	n/a
97.96240234375	0.3	1.0	2	200627	n/a
97.970703125	0.3	0.0	1	200644	n/a
97.97900390625	0.3	0.0	1	200661	n/a
97.9873046875	0.3	1.0	2	200678	n/a
97.99560546875	0.3	1.0	2	200695	n/a
98.00390625	0.3	0.0	1	200712	n/a
98.01220703125	0.3	1.0	2	200729	n/a
98.0205078125	0.3	0.0	1	200746	n/a
98.02880859375	0.3	0.0	1	200763	n/a
98.037109375	0.3	1.0	2	200780	n/a
98.04541015625	0.3	1.0	2	200797	n/a
98.05419921875	0.3	0.0	1	200815	n/a
98.0625	0.3	0.0	1	200832	n/a
98.07080078125	0.3	1.0	2	200849	n/a
98.0791015625	0.3	0.0	1	200866	n/a
98.08740234375	0.3	1.0	2	200883	n/a
98.095703125	0.3	1.0	2	200900	n/a
98.10400390625	0.3	0.0	1	200917	n/a
98.1123046875	0.3	0.0	1	200934	n/a
98.12060546875	0.3	1.0	2	200951	n/a
98.12890625	0.3	0.0	1	200968	n/a
98.13720703125	0.3	1.0	2	200985	n/a
98.1455078125	0.3	0.0	1	201002	n/a
98.15380859375	0.3	1.0	2	201019	n/a
98.162109375	0.3	1.0	2	201036	n/a
98.17041015625	0.3	0.0	1	201053	n/a
98.17919921875	0.3	0.0	1	201071	n/a
98.1875	0.3	1.0	2	201088	n/a
98.19580078125	0.3	0.0	1	201105	n/a
98.2041015625	0.3	1.0	2	201122	n/a
98.21240234375	0.3	1.0	2	201139	n/a
98.220703125	0.3	0.0	1	201156	n/a
98.22900390625	0.3	1.0	2	201173	n/a
98.2373046875	0.3	0.0	1	201190	n/a
98.24560546875	0.3	0.0	1	201207	n/a
98.25390625	0.3	1.0	2	201224	n/a
98.26220703125	0.3	0.0	1	201241	n/a
98.2705078125	0.3	1.0	2	201258	n/a
98.27880859375	0.3	1.0	2	201275	n/a
98.287109375	0.3	0.0	1	201292	n/a
98.29541015625	0.3	0.0	1	201309	n/a
98.30419921875	0.3	1.0	2	201327	n/a
98.3125	0.3	1.0	2	201344	n/a
98.32080078125	0.3	0.0	1	201361	n/a
98.3291015625	0.3	0.0	1	201378	n/a
98.33740234375	0.3	1.0	2	201395	n/a
98.345703125	0.3	1.0	2	201412	n/a
98.35400390625	0.3	0.0	1	201429	n/a
98.3623046875	0.3	0.0	1	201446	n/a
98.37060546875	0.3	1.0	2	201463	n/a
98.37890625	0.3	0.0	1	201480	n/a
98.38720703125	0.3	1.0	2	201497	n/a
98.3955078125	0.3	0.0	1	201514	n/a
98.40380859375	0.3	1.0	2	201531	n/a
98.412109375	0.3	0.0	1	201548	n/a
98.42041015625	0.3	1.0	2	201565	n/a
98.42919921875	0.3	0.0	1	201583	n/a
98.4375	0.3	1.0	2	201600	n/a
98.44580078125	0.3	0.0	1	201617	n/a
98.4541015625	0.3	1.0	2	201634	n/a
98.46240234375	0.3	1.0	2	201651	n/a
98.470703125	0.3	0.0	1	201668	n/a
98.47900390625	0.3	1.0	2	201685	n/a
98.4873046875	0.3	0.0	1	201702	n/a
98.49560546875	0.3	1.0	2	201719	n/a
98.50390625	0.3	0.0	1	201736	n/a
98.51220703125	0.3	1.0	2	201753	n/a
98.5205078125	0.3	0.0	1	201770	n/a
98.52880859375	0.3	1.0	2	201787	n/a
98.537109375	0.3	0.0	1	201804	n/a
98.54541015625	0.3	0.0	1	201821	n/a
98.55419921875	0.3	1.0	2	201839	n/a
98.5625	0.3	1.0	2	201856	n/a
98.57080078125	0.3	0.0	1	201873	n/a
98.5791015625	0.3	1.0	2	201890	n/a
98.58740234375	0.3	0.0	1	201907	n/a
98.595703125	0.3	1.0	2	201924	n/a
98.60400390625	0.3	0.0	1	201941	n/a
98.6123046875	0.3	1.0	2	201958	n/a
98.62060546875	0.3	0.0	1	201975	n/a
98.62890625	0.3	0.0	1	201992	n/a
98.63720703125	0.3	1.0	2	202009	n/a
98.6455078125	0.3	0.0	1	202026	n/a
98.65380859375	0.3	1.0	2	202043	n/a
98.662109375	0.3	1.0	2	202060	n/a
98.67041015625	0.3	0.0	1	202077	n/a
98.67919921875	0.3	1.0	2	202095	n/a
98.6875	0.3	0.0	1	202112	n/a
98.69580078125	0.3	1.0	2	202129	n/a
98.7041015625	0.3	0.0	1	202146	n/a
98.71240234375	0.3	0.0	1	202163	n/a
98.720703125	0.3	1.0	2	202180	n/a
98.72900390625	0.3	1.0	2	202197	n/a
98.7373046875	0.3	0.0	1	202214	n/a
98.74560546875	0.3	0.0	1	202231	n/a
98.75390625	0.3	1.0	2	202248	n/a
98.76220703125	0.3	1.0	2	202265	n/a
98.7705078125	0.3	0.0	1	202282	n/a
98.77880859375	0.3	1.0	2	202299	n/a
98.787109375	0.3	0.0	1	202316	n/a
98.79541015625	0.3	0.0	1	202333	n/a
98.80419921875	0.3	1.0	2	202351	n/a
98.8125	0.3	0.0	1	202368	n/a
98.82080078125	0.3	1.0	2	202385	n/a
98.8291015625	0.3	0.0	1	202402	n/a
98.83740234375	0.3	1.0	2	202419	n/a
98.845703125	0.3	0.0	1	202436	n/a
98.85400390625	0.3	1.0	2	202453	n/a
98.8623046875	0.3	1.0	2	202470	n/a
98.87060546875	0.3	0.0	1	202487	n/a
98.87890625	0.3	0.0	1	202504	n/a
98.88720703125	0.3	1.0	2	202521	n/a
98.8955078125	0.3	1.0	2	202538	n/a
98.90380859375	0.3	0.0	1	202555	n/a
98.912109375	0.3	1.0	2	202572	n/a
98.92041015625	0.3	0.0	1	202589	n/a
98.92919921875	0.3	1.0	2	202607	n/a
98.9375	0.3	0.0	1	202624	n/a
98.94580078125	0.3	0.0	1	202641	n/a
98.9541015625	0.3	1.0	2	202658	n/a
98.96240234375	0.3	0.0	1	202675	n/a
98.970703125	0.3	1.0	2	202692	n/a
98.97900390625	0.3	0.0	1	202709	n/a
98.9873046875	0.3	1.0	2	202726	n/a
98.99560546875	0.3	1.0	2	202743	n/a
99.00390625	0.3	0.0	1	202760	n/a
99.01220703125	0.3	1.0	2	202777	n/a
99.0205078125	0.3	0.0	1	202794	n/a
99.02880859375	0.3	0.0	1	202811	n/a
99.037109375	0.3	1.0	2	202828	n/a
99.04541015625	0.3	1.0	2	202845	n/a
99.05419921875	0.3	0.0	1	202863	n/a
99.0625	0.3	1.0	2	202880	n/a
99.07080078125	0.3	0.0	1	202897	n/a
99.0791015625	0.3	0.0	1	202914	n/a
99.08740234375	0.3	1.0	2	202931	n/a
99.095703125	0.3	1.0	2	202948	n/a
99.10400390625	0.3	0.0	1	202965	n/a
99.1123046875	0.3	0.0	1	202982	n/a
99.12060546875	0.3	1.0	2	202999	n/a
99.12890625	0.3	0.0	1	203016	n/a
99.13720703125	0.3	1.0	2	203033	n/a
99.1455078125	0.3	1.0	2	203050	n/a
99.15380859375	0.3	0.0	1	203067	n/a
99.162109375	0.3	0.0	1	203084	n/a
99.17041015625	0.3	1.0	2	203101	n/a
99.17919921875	0.3	0.0	1	203119	n/a
99.1875	0.3	1.0	2	203136	n/a
99.19580078125	0.3	0.0	1	203153	n/a
99.2041015625	0.3	1.0	2	203170	n/a
99.21240234375	0.3	1.0	2	203187	n/a
99.220703125	0.3	0.0	1	203204	n/a
99.22900390625	0.3	0.0	1	203221	n/a
99.2373046875	0.3	1.0	2	203238	n/a
99.24560546875	0.3	0.0	1	203255	n/a
99.25390625	0.3	1.0	2	203272	n/a
99.26220703125	0.3	1.0	2	203289	n/a
99.2705078125	0.3	0.0	1	203306	n/a
99.27880859375	0.3	1.0	2	203323	n/a
99.287109375	0.3	0.0	1	203340	n/a
99.29541015625	0.3	0.0	1	203357	n/a
99.30419921875	0.3	1.0	2	203375	n/a
99.3125	0.3	0.0	1	203392	n/a
99.32080078125	0.3	1.0	2	203409	n/a
99.3291015625	0.3	1.0	2	203426	n/a
99.33740234375	0.3	0.0	1	203443	n/a
99.345703125	0.3	0.0	1	203460	n/a
99.35400390625	0.3	1.0	2	203477	n/a
99.3623046875	0.3	1.0	2	203494	n/a
99.37060546875	0.3	0.0	1	203511	n/a
99.37890625	0.3	0.0	1	203528	n/a
99.38720703125	0.3	1.0	2	203545	n/a
99.3955078125	0.3	1.0	2	203562	n/a
99.40380859375	0.3	0.0	1	203579	n/a
99.412109375	0.3	0.0	1	203596	n/a
99.42041015625	0.3	1.0	2	203613	n/a
99.42919921875	0.3	0.0	1	203631	n/a
99.4375	0.3	1.0	2	203648	n/a
99.44580078125	0.3	0.0	1	203665	n/a
99.4541015625	0.3	1.0	2	203682	n/a
99.46240234375	0.3	0.0	1	203699	n/a
99.470703125	0.3	1.0	2	203716	n/a
99.47900390625	0.3	0.0	1	203733	n/a
99.4873046875	0.3	1.0	2	203750	n/a
99.49560546875	0.3	0.0	1	203767	n/a
99.50390625	0.3	1.0	2	203784	n/a
99.51220703125	0.3	1.0	2	203801	n/a
99.5205078125	0.3	0.0	1	203818	n/a
99.52880859375	0.3	1.0	2	203835	n/a
99.537109375	0.3	0.0	1	203852	n/a
99.54541015625	0.3	1.0	2	203869	n/a
99.55419921875	0.3	0.0	1	203887	n/a
99.5625	0.3	1.0	2	203904	n/a
99.57080078125	0.3	0.0	1	203921	n/a
99.5791015625	0.3	1.0	2	203938	n/a
99.58740234375	0.3	0.0	1	203955	n/a
99.595703125	0.3	0.0	1	203972	n/a
99.60400390625	0.3	1.0	2	203989	n/a
99.6123046875	0.3	1.0	2	204006	n/a
99.62060546875	0.3	0.0	1	204023	n/a
99.62890625	0.3	1.0	2	204040	n/a
99.63720703125	0.3	0.0	1	204057	n/a
99.6455078125	0.3	1.0	2	204074	n/a
99.65380859375	0.3	0.0	1	204091	n/a
99.662109375	0.3	1.0	2	204108	n/a
99.67041015625	0.3	0.0	1	204125	n/a
99.67919921875	0.3	0.0	1	204143	n/a
99.6875	0.3	1.0	2	204160	n/a
99.69580078125	0.3	0.0	1	204177	n/a
99.7041015625	0.3	1.0	2	204194	n/a
99.71240234375	0.3	1.0	2	204211	n/a
99.720703125	0.3	0.0	1	204228	n/a
99.72900390625	0.3	1.0	2	204245	n/a
99.7373046875	0.3	0.0	1	204262	n/a
99.74560546875	0.3	1.0	2	204279	n/a
99.75390625	0.3	0.0	1	204296	n/a
99.76220703125	0.3	0.0	1	204313	n/a
99.7705078125	0.3	1.0	2	204330	n/a
99.77880859375	0.3	1.0	2	204347	n/a
99.787109375	0.3	0.0	1	204364	n/a
99.79541015625	0.3	0.0	1	204381	n/a
99.80419921875	0.3	1.0	2	204399	n/a
99.8125	0.3	1.0	2	204416	n/a
99.82080078125	0.3	0.0	1	204433	n/a
99.8291015625	0.3	1.0	2	204450	n/a
99.83740234375	0.3	0.0	1	204467	n/a
99.845703125	0.3	0.0	1	204484	n/a
99.85400390625	0.3	1.0	2	204501	n/a
99.8623046875	0.3	0.0	1	204518	n/a
99.87060546875	0.3	1.0	2	204535	n/a
99.87890625	0.3	0.0	1	204552	n/a
99.88720703125	0.3	1.0	2	204569	n/a
99.8955078125	0.3	0.0	1	204586	n/a
99.90380859375	0.3	1.0	2	204603	n/a
99.912109375	0.3	1.0	2	204620	n/a
99.92041015625	0.3	0.0	1	204637	n/a
99.92919921875	0.3	0.0	1	204655	n/a
99.9375	0.3	1.0	2	204672	n/a
99.94580078125	0.3	1.0	2	204689	n/a
99.9541015625	0.3	0.0	1	204706	n/a
99.96240234375	0.3	1.0	2	204723	n/a
99.970703125	0.3	0.0	1	204740	n/a
99.97900390625	0.3	1.0	2	204757	n/a
99.9873046875	0.3	0.0	1	204774	n/a
99.99560546875	0.3	0.0	1	204791	n/a
100.00390625	0.3	1.0	2	204808	n/a
100.01220703125	0.3	0.0	1	204825	n/a
100.0205078125	0.3	1.0	2	204842	n/a
100.02880859375	0.3	0.0	1	204859	n/a
100.037109375	0.3	1.0	2	204876	n/a
100.04541015625	0.3	1.0	2	204893	n/a
100.05419921875	0.3	0.0	1	204911	n/a
100.0625	0.3	1.0	2	204928	n/a
100.07080078125	0.3	0.0	1	204945	n/a
100.0791015625	0.3	0.0	1	204962	n/a
100.08740234375	0.3	1.0	2	204979	n/a
100.095703125	0.3	1.0	2	204996	n/a
100.10400390625	0.3	0.0	1	205013	n/a
100.1123046875	0.3	1.0	2	205030	n/a
100.12060546875	0.3	0.0	1	205047	n/a
100.12890625	0.3	0.0	1	205064	n/a
100.13720703125	0.3	1.0	2	205081	n/a
100.1455078125	0.3	1.0	2	205098	n/a
100.15380859375	0.3	0.0	1	205115	n/a
100.162109375	0.3	0.0	1	205132	n/a
100.17041015625	0.3	1.0	2	205149	n/a
100.17919921875	0.3	0.0	1	205167	n/a
100.1875	0.3	1.0	2	205184	n/a
100.19580078125	0.3	1.0	2	205201	n/a
100.2041015625	0.3	0.0	1	205218	n/a
100.21240234375	0.3	0.0	1	205235	n/a
100.220703125	0.3	1.0	2	205252	n/a
100.22900390625	0.3	0.0	1	205269	n/a
100.2373046875	0.3	1.0	2	205286	n/a
100.24560546875	0.3	0.0	1	205303	n/a
100.25390625	0.3	1.0	2	205320	n/a
100.26220703125	0.3	1.0	2	205337	n/a
100.2705078125	0.3	0.0	1	205354	n/a
100.27880859375	0.3	0.0	1	205371	n/a
100.287109375	0.3	1.0	2	205388	n/a
100.29541015625	0.3	0.0	1	205405	n/a
100.30419921875	0.3	1.0	2	205423	n/a
100.3125	0.3	1.0	2	205440	n/a
100.32080078125	0.3	0.0	1	205457	n/a
100.3291015625	0.3	1.0	2	205474	n/a
100.33740234375	0.3	0.0	1	205491	n/a
100.345703125	0.3	0.0	1	205508	n/a
100.35400390625	0.3	1.0	2	205525	n/a
100.3623046875	0.3	0.0	1	205542	n/a
100.37060546875	0.3	1.0	2	205559	n/a
100.37890625	0.3	1.0	2	205576	n/a
100.38720703125	0.3	0.0	1	205593	n/a
100.3955078125	0.3	0.0	1	205610	n/a
100.40380859375	0.3	1.0	2	205627	n/a
100.412109375	0.3	1.0	2	205644	n/a
100.42041015625	0.3	0.0	1	205661	n/a
100.42919921875	0.3	0.0	1	205679	n/a
100.4375	0.3	1.0	2	205696	n/a
100.44580078125	0.3	1.0	2	205713	n/a
100.4541015625	0.3	0.0	1	205730	n/a
100.46240234375	0.3	0.0	1	205747	n/a
100.470703125	0.3	1.0	2	205764	n/a
100.47900390625	0.3	0.0	1	205781	n/a
100.4873046875	0.3	1.0	2	205798	n/a
100.49560546875	0.3	0.0	1	205815	n/a
100.50390625	0.3	1.0	2	205832	n/a
100.51220703125	0.3	0.0	1	205849	n/a
100.5205078125	0.3	1.0	2	205866	n/a
100.52880859375	0.3	0.0	1	205883	n/a
100.537109375	0.3	1.0	2	205900	n/a
100.54541015625	0.3	0.0	1	205917	n/a
100.55419921875	0.3	1.0	2	205935	n/a
102.962890625	0.3	1.0	2	210868	12.0
102.97119140625	0.3	0.0	1	210885	n/a
102.9794921875	0.3	0.0	1	210902	n/a
102.98779296875	0.3	1.0	2	210919	n/a
102.99609375	0.3	1.0	2	210936	n/a
103.00439453125	0.3	0.0	1	210953	n/a
103.0126953125	0.3	1.0	2	210970	n/a
103.02099609375	0.3	0.0	1	210987	n/a
103.02978515625	0.3	0.0	1	211005	n/a
103.0380859375	0.3	1.0	2	211022	n/a
103.04638671875	0.3	0.0	1	211039	n/a
103.0546875	0.3	1.0	2	211056	n/a
103.06298828125	0.3	1.0	2	211073	n/a
103.0712890625	0.3	0.0	1	211090	n/a
103.07958984375	0.3	1.0	2	211107	n/a
103.087890625	0.3	0.0	1	211124	n/a
103.09619140625	0.3	1.0	2	211141	n/a
103.1044921875	0.3	0.0	1	211158	n/a
103.11279296875	0.3	0.0	1	211175	n/a
103.12109375	0.3	1.0	2	211192	n/a
103.12939453125	0.3	1.0	2	211209	n/a
103.1376953125	0.3	0.0	1	211226	n/a
103.14599609375	0.3	1.0	2	211243	n/a
103.15478515625	0.3	0.0	1	211261	n/a
103.1630859375	0.3	1.0	2	211278	n/a
103.17138671875	0.3	0.0	1	211295	n/a
103.1796875	0.3	1.0	2	211312	n/a
103.18798828125	0.3	0.0	1	211329	n/a
103.1962890625	0.3	1.0	2	211346	n/a
103.20458984375	0.3	0.0	1	211363	n/a
103.212890625	0.3	0.0	1	211380	n/a
103.22119140625	0.3	1.0	2	211397	n/a
103.2294921875	0.3	1.0	2	211414	n/a
103.23779296875	0.3	0.0	1	211431	n/a
103.24609375	0.3	1.0	2	211448	n/a
103.25439453125	0.3	0.0	1	211465	n/a
103.2626953125	0.3	1.0	2	211482	n/a
103.27099609375	0.3	0.0	1	211499	n/a
103.27978515625	0.3	0.0	1	211517	n/a
103.2880859375	0.3	1.0	2	211534	n/a
103.29638671875	0.3	1.0	2	211551	n/a
103.3046875	0.3	0.0	1	211568	n/a
103.31298828125	0.3	1.0	2	211585	n/a
103.3212890625	0.3	0.0	1	211602	n/a
103.32958984375	0.3	1.0	2	211619	n/a
103.337890625	0.3	0.0	1	211636	n/a
103.34619140625	0.3	1.0	2	211653	n/a
103.3544921875	0.3	0.0	1	211670	n/a
103.36279296875	0.3	0.0	1	211687	n/a
103.37109375	0.3	1.0	2	211704	n/a
103.37939453125	0.3	0.0	1	211721	n/a
103.3876953125	0.3	1.0	2	211738	n/a
103.39599609375	0.3	1.0	2	211755	n/a
103.40478515625	0.3	0.0	1	211773	n/a
103.4130859375	0.3	0.0	1	211790	n/a
103.42138671875	0.3	1.0	2	211807	n/a
103.4296875	0.3	1.0	2	211824	n/a
103.43798828125	0.3	0.0	1	211841	n/a
103.4462890625	0.3	1.0	2	211858	n/a
103.45458984375	0.3	0.0	1	211875	n/a
103.462890625	0.3	0.0	1	211892	n/a
103.47119140625	0.3	1.0	2	211909	n/a
103.4794921875	0.3	1.0	2	211926	n/a
103.48779296875	0.3	0.0	1	211943	n/a
103.49609375	0.3	1.0	2	211960	n/a
103.50439453125	0.3	0.0	1	211977	n/a
103.5126953125	0.3	1.0	2	211994	n/a
103.52099609375	0.3	0.0	1	212011	n/a
103.52978515625	0.3	0.0	1	212029	n/a
103.5380859375	0.3	1.0	2	212046	n/a
103.54638671875	0.3	0.0	1	212063	n/a
103.5546875	0.3	1.0	2	212080	n/a
103.56298828125	0.3	0.0	1	212097	n/a
103.5712890625	0.3	1.0	2	212114	n/a
103.57958984375	0.3	0.0	1	212131	n/a
103.587890625	0.3	1.0	2	212148	n/a
103.59619140625	0.3	1.0	2	212165	n/a
103.6044921875	0.3	0.0	1	212182	n/a
103.61279296875	0.3	1.0	2	212199	n/a
103.62109375	0.3	0.0	1	212216	n/a
103.62939453125	0.3	1.0	2	212233	n/a
103.6376953125	0.3	0.0	1	212250	n/a
103.64599609375	0.3	0.0	1	212267	n/a
103.65478515625	0.3	1.0	2	212285	n/a
103.6630859375	0.3	1.0	2	212302	n/a
103.67138671875	0.3	0.0	1	212319	n/a
103.6796875	0.3	0.0	1	212336	n/a
103.68798828125	0.3	1.0	2	212353	n/a
103.6962890625	0.3	1.0	2	212370	n/a
103.70458984375	0.3	0.0	1	212387	n/a
103.712890625	0.3	0.0	1	212404	n/a
103.72119140625	0.3	1.0	2	212421	n/a
103.7294921875	0.3	1.0	2	212438	n/a
103.73779296875	0.3	0.0	1	212455	n/a
103.74609375	0.3	0.0	1	212472	n/a
103.75439453125	0.3	1.0	2	212489	n/a
103.7626953125	0.3	0.0	1	212506	n/a
103.77099609375	0.3	1.0	2	212523	n/a
103.77978515625	0.3	1.0	2	212541	n/a
103.7880859375	0.3	0.0	1	212558	n/a
103.79638671875	0.3	1.0	2	212575	n/a
103.8046875	0.3	0.0	1	212592	n/a
103.81298828125	0.3	1.0	2	212609	n/a
103.8212890625	0.3	0.0	1	212626	n/a
103.82958984375	0.3	1.0	2	212643	n/a
103.837890625	0.3	0.0	1	212660	n/a
103.84619140625	0.3	1.0	2	212677	n/a
103.8544921875	0.3	0.0	1	212694	n/a
103.86279296875	0.3	1.0	2	212711	n/a
103.87109375	0.3	0.0	1	212728	n/a
103.87939453125	0.3	0.0	1	212745	n/a
103.8876953125	0.3	1.0	2	212762	n/a
103.89599609375	0.3	0.0	1	212779	n/a
103.90478515625	0.3	1.0	2	212797	n/a
103.9130859375	0.3	1.0	2	212814	n/a
103.92138671875	0.3	0.0	1	212831	n/a
103.9296875	0.3	0.0	1	212848	n/a
103.93798828125	0.3	1.0	2	212865	n/a
103.9462890625	0.3	1.0	2	212882	n/a
103.95458984375	0.3	0.0	1	212899	n/a
103.962890625	0.3	1.0	2	212916	n/a
103.97119140625	0.3	0.0	1	212933	n/a
103.9794921875	0.3	0.0	1	212950	n/a
103.98779296875	0.3	1.0	2	212967	n/a
103.99609375	0.3	0.0	1	212984	n/a
104.00439453125	0.3	1.0	2	213001	n/a
104.0126953125	0.3	1.0	2	213018	n/a
104.02099609375	0.3	0.0	1	213035	n/a
104.02978515625	0.3	0.0	1	213053	n/a
104.0380859375	0.3	1.0	2	213070	n/a
104.04638671875	0.3	1.0	2	213087	n/a
104.0546875	0.3	0.0	1	213104	n/a
104.06298828125	0.3	1.0	2	213121	n/a
104.0712890625	0.3	0.0	1	213138	n/a
104.07958984375	0.3	0.0	1	213155	n/a
104.087890625	0.3	1.0	2	213172	n/a
104.09619140625	0.3	0.0	1	213189	n/a
104.1044921875	0.3	1.0	2	213206	n/a
104.11279296875	0.3	1.0	2	213223	n/a
104.12109375	0.3	0.0	1	213240	n/a
104.12939453125	0.3	1.0	2	213257	n/a
104.1376953125	0.3	0.0	1	213274	n/a
104.14599609375	0.3	1.0	2	213291	n/a
104.15478515625	0.3	0.0	1	213309	n/a
104.1630859375	0.3	0.0	1	213326	n/a
104.17138671875	0.3	1.0	2	213343	n/a
104.1796875	0.3	1.0	2	213360	n/a
104.18798828125	0.3	0.0	1	213377	n/a
104.1962890625	0.3	1.0	2	213394	n/a
104.20458984375	0.3	0.0	1	213411	n/a
104.212890625	0.3	1.0	2	213428	n/a
104.22119140625	0.3	0.0	1	213445	n/a
104.2294921875	0.3	1.0	2	213462	n/a
104.23779296875	0.3	0.0	1	213479	n/a
104.24609375	0.3	1.0	2	213496	n/a
104.25439453125	0.3	0.0	1	213513	n/a
104.2626953125	0.3	0.0	1	213530	n/a
104.27099609375	0.3	1.0	2	213547	n/a
104.27978515625	0.3	1.0	2	213565	n/a
104.2880859375	0.3	0.0	1	213582	n/a
104.29638671875	0.3	1.0	2	213599	n/a
104.3046875	0.3	0.0	1	213616	n/a
104.31298828125	0.3	1.0	2	213633	n/a
104.3212890625	0.3	0.0	1	213650	n/a
104.32958984375	0.3	0.0	1	213667	n/a
104.337890625	0.3	1.0	2	213684	n/a
104.34619140625	0.3	1.0	2	213701	n/a
104.3544921875	0.3	0.0	1	213718	n/a
104.36279296875	0.3	1.0	2	213735	n/a
104.37109375	0.3	0.0	1	213752	n/a
104.37939453125	0.3	1.0	2	213769	n/a
104.3876953125	0.3	0.0	1	213786	n/a
104.39599609375	0.3	1.0	2	213803	n/a
104.40478515625	0.3	0.0	1	213821	n/a
104.4130859375	0.3	0.0	1	213838	n/a
104.42138671875	0.3	1.0	2	213855	n/a
104.4296875	0.3	0.0	1	213872	n/a
104.43798828125	0.3	1.0	2	213889	n/a
104.4462890625	0.3	1.0	2	213906	n/a
104.45458984375	0.3	0.0	1	213923	n/a
104.462890625	0.3	0.0	1	213940	n/a
104.47119140625	0.3	1.0	2	213957	n/a
104.4794921875	0.3	1.0	2	213974	n/a
104.48779296875	0.3	0.0	1	213991	n/a
104.49609375	0.3	1.0	2	214008	n/a
104.50439453125	0.3	0.0	1	214025	n/a
104.5126953125	0.3	0.0	1	214042	n/a
104.52099609375	0.3	1.0	2	214059	n/a
104.52978515625	0.3	1.0	2	214077	n/a
104.5380859375	0.3	0.0	1	214094	n/a
104.54638671875	0.3	1.0	2	214111	n/a
104.5546875	0.3	0.0	1	214128	n/a
104.56298828125	0.3	1.0	2	214145	n/a
104.5712890625	0.3	0.0	1	214162	n/a
104.57958984375	0.3	0.0	1	214179	n/a
104.587890625	0.3	1.0	2	214196	n/a
104.59619140625	0.3	0.0	1	214213	n/a
104.6044921875	0.3	1.0	2	214230	n/a
104.61279296875	0.3	0.0	1	214247	n/a
104.62109375	0.3	1.0	2	214264	n/a
104.62939453125	0.3	0.0	1	214281	n/a
104.6376953125	0.3	1.0	2	214298	n/a
104.64599609375	0.3	1.0	2	214315	n/a
104.65478515625	0.3	0.0	1	214333	n/a
104.6630859375	0.3	1.0	2	214350	n/a
104.67138671875	0.3	0.0	1	214367	n/a
104.6796875	0.3	1.0	2	214384	n/a
104.68798828125	0.3	0.0	1	214401	n/a
104.6962890625	0.3	0.0	1	214418	n/a
104.70458984375	0.3	1.0	2	214435	n/a
104.712890625	0.3	1.0	2	214452	n/a
104.72119140625	0.3	0.0	1	214469	n/a
104.7294921875	0.3	0.0	1	214486	n/a
104.73779296875	0.3	1.0	2	214503	n/a
104.74609375	0.3	1.0	2	214520	n/a
104.75439453125	0.3	0.0	1	214537	n/a
104.7626953125	0.3	0.0	1	214554	n/a
104.77099609375	0.3	1.0	2	214571	n/a
104.77978515625	0.3	1.0	2	214589	n/a
104.7880859375	0.3	0.0	1	214606	n/a
104.79638671875	0.3	0.0	1	214623	n/a
104.8046875	0.3	1.0	2	214640	n/a
104.81298828125	0.3	0.0	1	214657	n/a
104.8212890625	0.3	1.0	2	214674	n/a
104.82958984375	0.3	1.0	2	214691	n/a
104.837890625	0.3	0.0	1	214708	n/a
104.84619140625	0.3	1.0	2	214725	n/a
104.8544921875	0.3	0.0	1	214742	n/a
104.86279296875	0.3	1.0	2	214759	n/a
104.87109375	0.3	0.0	1	214776	n/a
104.87939453125	0.3	1.0	2	214793	n/a
104.8876953125	0.3	0.0	1	214810	n/a
104.89599609375	0.3	1.0	2	214827	n/a
104.90478515625	0.3	0.0	1	214845	n/a
104.9130859375	0.3	1.0	2	214862	n/a
104.92138671875	0.3	0.0	1	214879	n/a
104.9296875	0.3	0.0	1	214896	n/a
104.93798828125	0.3	1.0	2	214913	n/a
104.9462890625	0.3	0.0	1	214930	n/a
104.95458984375	0.3	1.0	2	214947	n/a
104.962890625	0.3	1.0	2	214964	n/a
104.97119140625	0.3	0.0	1	214981	n/a
104.9794921875	0.3	0.0	1	214998	n/a
104.98779296875	0.3	1.0	2	215015	n/a
104.99609375	0.3	1.0	2	215032	n/a
105.00439453125	0.3	0.0	1	215049	n/a
105.0126953125	0.3	1.0	2	215066	n/a
105.02099609375	0.3	0.0	1	215083	n/a
105.02978515625	0.3	0.0	1	215101	n/a
105.0380859375	0.3	1.0	2	215118	n/a
105.04638671875	0.3	0.0	1	215135	n/a
105.0546875	0.3	1.0	2	215152	n/a
105.06298828125	0.3	1.0	2	215169	n/a
105.0712890625	0.3	0.0	1	215186	n/a
105.07958984375	0.3	0.0	1	215203	n/a
105.087890625	0.3	1.0	2	215220	n/a
105.09619140625	0.3	1.0	2	215237	n/a
105.1044921875	0.3	0.0	1	215254	n/a
105.11279296875	0.3	1.0	2	215271	n/a
105.12109375	0.3	0.0	1	215288	n/a
105.12939453125	0.3	0.0	1	215305	n/a
105.1376953125	0.3	1.0	2	215322	n/a
105.14599609375	0.3	0.0	1	215339	n/a
105.15478515625	0.3	1.0	2	215357	n/a
105.1630859375	0.3	1.0	2	215374	n/a
105.17138671875	0.3	0.0	1	215391	n/a
105.1796875	0.3	1.0	2	215408	n/a
105.18798828125	0.3	0.0	1	215425	n/a
105.1962890625	0.3	1.0	2	215442	n/a
105.20458984375	0.3	0.0	1	215459	n/a
105.212890625	0.3	0.0	1	215476	n/a
105.22119140625	0.3	1.0	2	215493	n/a
105.2294921875	0.3	1.0	2	215510	n/a
105.23779296875	0.3	0.0	1	215527	n/a
105.24609375	0.3	1.0	2	215544	n/a
105.25439453125	0.3	0.0	1	215561	n/a
105.2626953125	0.3	1.0	2	215578	n/a
105.27099609375	0.3	0.0	1	215595	n/a
105.27978515625	0.3	1.0	2	215613	n/a
105.2880859375	0.3	0.0	1	215630	n/a
105.29638671875	0.3	1.0	2	215647	n/a
105.3046875	0.3	0.0	1	215664	n/a
105.31298828125	0.3	0.0	1	215681	n/a
105.3212890625	0.3	1.0	2	215698	n/a
105.32958984375	0.3	1.0	2	215715	n/a
105.337890625	0.3	0.0	1	215732	n/a
105.34619140625	0.3	1.0	2	215749	n/a
105.3544921875	0.3	0.0	1	215766	n/a
105.36279296875	0.3	1.0	2	215783	n/a
105.37109375	0.3	0.0	1	215800	n/a
105.37939453125	0.3	0.0	1	215817	n/a
105.3876953125	0.3	1.0	2	215834	n/a
105.39599609375	0.3	1.0	2	215851	n/a
105.40478515625	0.3	0.0	1	215869	n/a
105.4130859375	0.3	1.0	2	215886	n/a
105.42138671875	0.3	0.0	1	215903	n/a
105.4296875	0.3	1.0	2	215920	n/a
105.43798828125	0.3	0.0	1	215937	n/a
105.4462890625	0.3	1.0	2	215954	n/a
105.45458984375	0.3	0.0	1	215971	n/a
105.462890625	0.3	0.0	1	215988	n/a
105.47119140625	0.3	1.0	2	216005	n/a
105.4794921875	0.3	0.0	1	216022	n/a
105.48779296875	0.3	1.0	2	216039	n/a
105.49609375	0.3	1.0	2	216056	n/a
105.50439453125	0.3	0.0	1	216073	n/a
105.5126953125	0.3	0.0	1	216090	n/a
105.52099609375	0.3	1.0	2	216107	n/a
105.52978515625	0.3	1.0	2	216125	n/a
105.5380859375	0.3	0.0	1	216142	n/a
105.54638671875	0.3	1.0	2	216159	n/a
105.5546875	0.3	0.0	1	216176	n/a
105.56298828125	0.3	0.0	1	216193	n/a
105.5712890625	0.3	1.0	2	216210	n/a
105.57958984375	0.3	1.0	2	216227	n/a
105.587890625	0.3	0.0	1	216244	n/a
105.59619140625	0.3	1.0	2	216261	n/a
105.6044921875	0.3	0.0	1	216278	n/a
105.61279296875	0.3	1.0	2	216295	n/a
105.62109375	0.3	0.0	1	216312	n/a
105.62939453125	0.3	0.0	1	216329	n/a
105.6376953125	0.3	1.0	2	216346	n/a
105.64599609375	0.3	0.0	1	216363	n/a
105.65478515625	0.3	1.0	2	216381	n/a
105.6630859375	0.3	0.0	1	216398	n/a
105.67138671875	0.3	1.0	2	216415	n/a
105.6796875	0.3	0.0	1	216432	n/a
105.68798828125	0.3	1.0	2	216449	n/a
105.6962890625	0.3	1.0	2	216466	n/a
105.70458984375	0.3	0.0	1	216483	n/a
105.712890625	0.3	1.0	2	216500	n/a
105.72119140625	0.3	0.0	1	216517	n/a
105.7294921875	0.3	1.0	2	216534	n/a
105.73779296875	0.3	0.0	1	216551	n/a
105.74609375	0.3	0.0	1	216568	n/a
105.75439453125	0.3	1.0	2	216585	n/a
105.7626953125	0.3	1.0	2	216602	n/a
105.77099609375	0.3	0.0	1	216619	n/a
105.77978515625	0.3	0.0	1	216637	n/a
105.7880859375	0.3	1.0	2	216654	n/a
105.79638671875	0.3	1.0	2	216671	n/a
105.8046875	0.3	0.0	1	216688	n/a
105.81298828125	0.3	0.0	1	216705	n/a
105.8212890625	0.3	1.0	2	216722	n/a
105.82958984375	0.3	1.0	2	216739	n/a
105.837890625	0.3	0.0	1	216756	n/a
105.84619140625	0.3	0.0	1	216773	n/a
105.8544921875	0.3	1.0	2	216790	n/a
105.86279296875	0.3	0.0	1	216807	n/a
105.87109375	0.3	1.0	2	216824	n/a
105.87939453125	0.3	1.0	2	216841	n/a
105.8876953125	0.3	0.0	1	216858	n/a
105.89599609375	0.3	1.0	2	216875	n/a
105.90478515625	0.3	0.0	1	216893	n/a
105.9130859375	0.3	1.0	2	216910	n/a
105.92138671875	0.3	0.0	1	216927	n/a
105.9296875	0.3	1.0	2	216944	n/a
105.93798828125	0.3	0.0	1	216961	n/a
105.9462890625	0.3	1.0	2	216978	n/a
105.95458984375	0.3	0.0	1	216995	n/a
105.962890625	0.3	1.0	2	217012	n/a
105.97119140625	0.3	0.0	1	217029	n/a
105.9794921875	0.3	0.0	1	217046	n/a
105.98779296875	0.3	1.0	2	217063	n/a
105.99609375	0.3	0.0	1	217080	n/a
106.00439453125	0.3	1.0	2	217097	n/a
106.0126953125	0.3	1.0	2	217114	n/a
106.02099609375	0.3	0.0	1	217131	n/a
106.02978515625	0.3	0.0	1	217149	n/a
106.0380859375	0.3	1.0	2	217166	n/a
106.04638671875	0.3	1.0	2	217183	n/a
106.0546875	0.3	0.0	1	217200	n/a
106.06298828125	0.3	1.0	2	217217	n/a
106.0712890625	0.3	0.0	1	217234	n/a
106.07958984375	0.3	0.0	1	217251	n/a
106.087890625	0.3	1.0	2	217268	n/a
106.09619140625	0.3	0.0	1	217285	n/a
106.1044921875	0.3	1.0	2	217302	n/a
106.11279296875	0.3	1.0	2	217319	n/a
106.12109375	0.3	0.0	1	217336	n/a
106.12939453125	0.3	0.0	1	217353	n/a
106.1376953125	0.3	1.0	2	217370	n/a
106.14599609375	0.3	1.0	2	217387	n/a
106.15478515625	0.3	0.0	1	217405	n/a
106.1630859375	0.3	1.0	2	217422	n/a
106.17138671875	0.3	0.0	1	217439	n/a
106.1796875	0.3	0.0	1	217456	n/a
106.18798828125	0.3	1.0	2	217473	n/a
106.1962890625	0.3	0.0	1	217490	n/a
106.20458984375	0.3	1.0	2	217507	n/a
106.212890625	0.3	1.0	2	217524	n/a
106.22119140625	0.3	0.0	1	217541	n/a
106.2294921875	0.3	1.0	2	217558	n/a
106.23779296875	0.3	0.0	1	217575	n/a
106.24609375	0.3	1.0	2	217592	n/a
106.25439453125	0.3	0.0	1	217609	n/a
106.2626953125	0.3	0.0	1	217626	n/a
106.27099609375	0.3	1.0	2	217643	n/a
106.27978515625	0.3	1.0	2	217661	n/a
106.2880859375	0.3	0.0	1	217678	n/a
106.29638671875	0.3	1.0	2	217695	n/a
106.3046875	0.3	0.0	1	217712	n/a
106.31298828125	0.3	1.0	2	217729	n/a
106.3212890625	0.3	0.0	1	217746	n/a
106.32958984375	0.3	1.0	2	217763	n/a
106.337890625	0.3	0.0	1	217780	n/a
106.34619140625	0.3	1.0	2	217797	n/a
106.3544921875	0.3	0.0	1	217814	n/a
106.36279296875	0.3	0.0	1	217831	n/a
106.37109375	0.3	1.0	2	217848	n/a
106.37939453125	0.3	1.0	2	217865	n/a
106.3876953125	0.3	0.0	1	217882	n/a
106.39599609375	0.3	1.0	2	217899	n/a
106.40478515625	0.3	0.0	1	217917	n/a
106.4130859375	0.3	1.0	2	217934	n/a
106.42138671875	0.3	0.0	1	217951	n/a
106.4296875	0.3	0.0	1	217968	n/a
106.43798828125	0.3	1.0	2	217985	n/a
106.4462890625	0.3	1.0	2	218002	n/a
106.45458984375	0.3	0.0	1	218019	n/a
106.462890625	0.3	1.0	2	218036	n/a
106.47119140625	0.3	0.0	1	218053	n/a
106.4794921875	0.3	1.0	2	218070	n/a
106.48779296875	0.3	0.0	1	218087	n/a
106.49609375	0.3	1.0	2	218104	n/a
106.50439453125	0.3	0.0	1	218121	n/a
106.5126953125	0.3	0.0	1	218138	n/a
106.52099609375	0.3	1.0	2	218155	n/a
106.52978515625	0.3	0.0	1	218173	n/a
106.5380859375	0.3	1.0	2	218190	n/a
106.54638671875	0.3	1.0	2	218207	n/a
106.5546875	0.3	0.0	1	218224	n/a
106.56298828125	0.3	0.0	1	218241	n/a
106.5712890625	0.3	1.0	2	218258	n/a
106.57958984375	0.3	1.0	2	218275	n/a
106.587890625	0.3	0.0	1	218292	n/a
106.59619140625	0.3	1.0	2	218309	n/a
106.6044921875	0.3	0.0	1	218326	n/a
106.61279296875	0.3	0.0	1	218343	n/a
106.62109375	0.3	1.0	2	218360	n/a
106.62939453125	0.3	1.0	2	218377	n/a
106.6376953125	0.3	0.0	1	218394	n/a
106.64599609375	0.3	1.0	2	218411	n/a
106.65478515625	0.3	0.0	1	218429	n/a
106.6630859375	0.3	1.0	2	218446	n/a
106.67138671875	0.3	0.0	1	218463	n/a
106.6796875	0.3	0.0	1	218480	n/a
106.68798828125	0.3	1.0	2	218497	n/a
106.6962890625	0.3	0.0	1	218514	n/a
106.70458984375	0.3	1.0	2	218531	n/a
106.712890625	0.3	0.0	1	218548	n/a
106.72119140625	0.3	1.0	2	218565	n/a
106.7294921875	0.3	0.0	1	218582	n/a
106.73779296875	0.3	1.0	2	218599	n/a
106.74609375	0.3	1.0	2	218616	n/a
106.75439453125	0.3	0.0	1	218633	n/a
106.7626953125	0.3	1.0	2	218650	n/a
106.77099609375	0.3	0.0	1	218667	n/a
106.77978515625	0.3	1.0	2	218685	n/a
106.7880859375	0.3	0.0	1	218702	n/a
106.79638671875	0.3	0.0	1	218719	n/a
106.8046875	0.3	1.0	2	218736	n/a
106.81298828125	0.3	1.0	2	218753	n/a
106.8212890625	0.3	0.0	1	218770	n/a
106.82958984375	0.3	0.0	1	218787	n/a
106.837890625	0.3	1.0	2	218804	n/a
106.84619140625	0.3	1.0	2	218821	n/a
106.8544921875	0.3	0.0	1	218838	n/a
106.86279296875	0.3	0.0	1	218855	n/a
106.87109375	0.3	1.0	2	218872	n/a
106.87939453125	0.3	1.0	2	218889	n/a
106.8876953125	0.3	0.0	1	218906	n/a
106.89599609375	0.3	0.0	1	218923	n/a
106.90478515625	0.3	1.0	2	218941	n/a
106.9130859375	0.3	0.0	1	218958	n/a
106.92138671875	0.3	1.0	2	218975	n/a
106.9296875	0.3	1.0	2	218992	n/a
106.93798828125	0.3	0.0	1	219009	n/a
106.9462890625	0.3	1.0	2	219026	n/a
106.95458984375	0.3	0.0	1	219043	n/a
106.962890625	0.3	1.0	2	219060	n/a
106.97119140625	0.3	0.0	1	219077	n/a
106.9794921875	0.3	1.0	2	219094	n/a
106.98779296875	0.3	0.0	1	219111	n/a
106.99609375	0.3	1.0	2	219128	n/a
107.00439453125	0.3	0.0	1	219145	n/a
107.0126953125	0.3	1.0	2	219162	n/a
107.02099609375	0.3	0.0	1	219179	n/a
107.02978515625	0.3	0.0	1	219197	n/a
107.0380859375	0.3	1.0	2	219214	n/a
107.04638671875	0.3	0.0	1	219231	n/a
107.0546875	0.3	1.0	2	219248	n/a
107.06298828125	0.3	1.0	2	219265	n/a
107.0712890625	0.3	0.0	1	219282	n/a
107.07958984375	0.3	0.0	1	219299	n/a
107.087890625	0.3	1.0	2	219316	n/a
107.09619140625	0.3	1.0	2	219333	n/a
107.1044921875	0.3	0.0	1	219350	n/a
107.11279296875	0.3	1.0	2	219367	n/a
107.12109375	0.3	0.0	1	219384	n/a
107.12939453125	0.3	0.0	1	219401	n/a
107.1376953125	0.3	1.0	2	219418	n/a
107.14599609375	0.3	0.0	1	219435	n/a
107.15478515625	0.3	1.0	2	219453	n/a
109.5390625	0.3	1.0	2	224336	15.0
109.54736328125	0.3	0.0	1	224353	n/a
109.5556640625	0.3	0.0	1	224370	n/a
109.56396484375	0.3	1.0	2	224387	n/a
109.572265625	0.3	0.0	1	224404	n/a
109.58056640625	0.3	1.0	2	224421	n/a
109.5888671875	0.3	1.0	2	224438	n/a
109.59716796875	0.3	0.0	1	224455	n/a
109.60595703125	0.3	1.0	2	224473	n/a
109.6142578125	0.3	0.0	1	224490	n/a
109.62255859375	0.3	1.0	2	224507	n/a
109.630859375	0.3	0.0	1	224524	n/a
109.63916015625	0.3	0.0	1	224541	n/a
109.6474609375	0.3	1.0	2	224558	n/a
109.65576171875	0.3	0.0	1	224575	n/a
109.6640625	0.3	1.0	2	224592	n/a
109.67236328125	0.3	0.0	1	224609	n/a
109.6806640625	0.3	1.0	2	224626	n/a
109.68896484375	0.3	1.0	2	224643	n/a
109.697265625	0.3	0.0	1	224660	n/a
109.70556640625	0.3	1.0	2	224677	n/a
109.7138671875	0.3	0.0	1	224694	n/a
109.72216796875	0.3	1.0	2	224711	n/a
109.73095703125	0.3	0.0	1	224729	n/a
109.7392578125	0.3	0.0	1	224746	n/a
109.74755859375	0.3	1.0	2	224763	n/a
109.755859375	0.3	1.0	2	224780	n/a
109.76416015625	0.3	0.0	1	224797	n/a
109.7724609375	0.3	0.0	1	224814	n/a
109.78076171875	0.3	1.0	2	224831	n/a
109.7890625	0.3	0.0	1	224848	n/a
109.79736328125	0.3	1.0	2	224865	n/a
109.8056640625	0.3	0.0	1	224882	n/a
109.81396484375	0.3	1.0	2	224899	n/a
109.822265625	0.3	1.0	2	224916	n/a
109.83056640625	0.3	0.0	1	224933	n/a
109.8388671875	0.3	1.0	2	224950	n/a
109.84716796875	0.3	0.0	1	224967	n/a
109.85595703125	0.3	0.0	1	224985	n/a
109.8642578125	0.3	1.0	2	225002	n/a
109.87255859375	0.3	0.0	1	225019	n/a
109.880859375	0.3	1.0	2	225036	n/a
109.88916015625	0.3	0.0	1	225053	n/a
109.8974609375	0.3	1.0	2	225070	n/a
109.90576171875	0.3	1.0	2	225087	n/a
109.9140625	0.3	0.0	1	225104	n/a
109.92236328125	0.3	1.0	2	225121	n/a
109.9306640625	0.3	0.0	1	225138	n/a
109.93896484375	0.3	1.0	2	225155	n/a
109.947265625	0.3	0.0	1	225172	n/a
109.95556640625	0.3	1.0	2	225189	n/a
109.9638671875	0.3	0.0	1	225206	n/a
109.97216796875	0.3	0.0	1	225223	n/a
109.98095703125	0.3	1.0	2	225241	n/a
109.9892578125	0.3	1.0	2	225258	n/a
109.99755859375	0.3	0.0	1	225275	n/a
110.005859375	0.3	1.0	2	225292	n/a
110.01416015625	0.3	0.0	1	225309	n/a
110.0224609375	0.3	0.0	1	225326	n/a
110.03076171875	0.3	1.0	2	225343	n/a
110.0390625	0.3	1.0	2	225360	n/a
110.04736328125	0.3	0.0	1	225377	n/a
110.0556640625	0.3	0.0	1	225394	n/a
110.06396484375	0.3	1.0	2	225411	n/a
110.072265625	0.3	1.0	2	225428	n/a
110.08056640625	0.3	0.0	1	225445	n/a
110.0888671875	0.3	0.0	1	225462	n/a
110.09716796875	0.3	1.0	2	225479	n/a
110.10595703125	0.3	0.0	1	225497	n/a
110.1142578125	0.3	1.0	2	225514	n/a
110.12255859375	0.3	1.0	2	225531	n/a
110.130859375	0.3	0.0	1	225548	n/a
110.13916015625	0.3	1.0	2	225565	n/a
110.1474609375	0.3	0.0	1	225582	n/a
110.15576171875	0.3	0.0	1	225599	n/a
110.1640625	0.3	1.0	2	225616	n/a
110.17236328125	0.3	0.0	1	225633	n/a
110.1806640625	0.3	1.0	2	225650	n/a
110.18896484375	0.3	1.0	2	225667	n/a
110.197265625	0.3	0.0	1	225684	n/a
110.20556640625	0.3	1.0	2	225701	n/a
110.2138671875	0.3	0.0	1	225718	n/a
110.22216796875	0.3	1.0	2	225735	n/a
110.23095703125	0.3	0.0	1	225753	n/a
110.2392578125	0.3	0.0	1	225770	n/a
110.24755859375	0.3	1.0	2	225787	n/a
110.255859375	0.3	0.0	1	225804	n/a
110.26416015625	0.3	1.0	2	225821	n/a
110.2724609375	0.3	0.0	1	225838	n/a
110.28076171875	0.3	1.0	2	225855	n/a
110.2890625	0.3	1.0	2	225872	n/a
110.29736328125	0.3	0.0	1	225889	n/a
110.3056640625	0.3	1.0	2	225906	n/a
110.31396484375	0.3	0.0	1	225923	n/a
110.322265625	0.3	0.0	1	225940	n/a
110.33056640625	0.3	1.0	2	225957	n/a
110.3388671875	0.3	0.0	1	225974	n/a
110.34716796875	0.3	1.0	2	225991	n/a
110.35595703125	0.3	0.0	1	226009	n/a
110.3642578125	0.3	1.0	2	226026	n/a
110.37255859375	0.3	1.0	2	226043	n/a
110.380859375	0.3	0.0	1	226060	n/a
110.38916015625	0.3	1.0	2	226077	n/a
110.3974609375	0.3	0.0	1	226094	n/a
110.40576171875	0.3	0.0	1	226111	n/a
110.4140625	0.3	1.0	2	226128	n/a
110.42236328125	0.3	1.0	2	226145	n/a
110.4306640625	0.3	0.0	1	226162	n/a
110.43896484375	0.3	1.0	2	226179	n/a
110.447265625	0.3	0.0	1	226196	n/a
110.45556640625	0.3	0.0	1	226213	n/a
110.4638671875	0.3	1.0	2	226230	n/a
110.47216796875	0.3	0.0	1	226247	n/a
110.48095703125	0.3	1.0	2	226265	n/a
110.4892578125	0.3	0.0	1	226282	n/a
110.49755859375	0.3	1.0	2	226299	n/a
110.505859375	0.3	1.0	2	226316	n/a
110.51416015625	0.3	0.0	1	226333	n/a
110.5224609375	0.3	0.0	1	226350	n/a
110.53076171875	0.3	1.0	2	226367	n/a
110.5390625	0.3	1.0	2	226384	n/a
110.54736328125	0.3	0.0	1	226401	n/a
110.5556640625	0.3	0.0	1	226418	n/a
110.56396484375	0.3	1.0	2	226435	n/a
110.572265625	0.3	0.0	1	226452	n/a
110.58056640625	0.3	1.0	2	226469	n/a
110.5888671875	0.3	1.0	2	226486	n/a
110.59716796875	0.3	0.0	1	226503	n/a
110.60595703125	0.3	0.0	1	226521	n/a
110.6142578125	0.3	1.0	2	226538	n/a
110.62255859375	0.3	0.0	1	226555	n/a
110.630859375	0.3	1.0	2	226572	n/a
110.63916015625	0.3	1.0	2	226589	n/a
110.6474609375	0.3	0.0	1	226606	n/a
110.65576171875	0.3	1.0	2	226623	n/a
110.6640625	0.3	0.0	1	226640	n/a
110.67236328125	0.3	1.0	2	226657	n/a
110.6806640625	0.3	0.0	1	226674	n/a
110.68896484375	0.3	0.0	1	226691	n/a
110.697265625	0.3	1.0	2	226708	n/a
110.70556640625	0.3	0.0	1	226725	n/a
110.7138671875	0.3	1.0	2	226742	n/a
110.72216796875	0.3	0.0	1	226759	n/a
110.73095703125	0.3	1.0	2	226777	n/a
110.7392578125	0.3	1.0	2	226794	n/a
110.74755859375	0.3	0.0	1	226811	n/a
110.755859375	0.3	1.0	2	226828	n/a
110.76416015625	0.3	0.0	1	226845	n/a
110.7724609375	0.3	1.0	2	226862	n/a
110.78076171875	0.3	0.0	1	226879	n/a
110.7890625	0.3	0.0	1	226896	n/a
110.79736328125	0.3	1.0	2	226913	n/a
110.8056640625	0.3	1.0	2	226930	n/a
110.81396484375	0.3	0.0	1	226947	n/a
110.822265625	0.3	0.0	1	226964	n/a
110.83056640625	0.3	1.0	2	226981	n/a
110.8388671875	0.3	0.0	1	226998	n/a
110.84716796875	0.3	1.0	2	227015	n/a
110.85595703125	0.3	0.0	1	227033	n/a
110.8642578125	0.3	1.0	2	227050	n/a
110.87255859375	0.3	1.0	2	227067	n/a
110.880859375	0.3	0.0	1	227084	n/a
110.88916015625	0.3	1.0	2	227101	n/a
110.8974609375	0.3	0.0	1	227118	n/a
110.90576171875	0.3	0.0	1	227135	n/a
110.9140625	0.3	1.0	2	227152	n/a
110.92236328125	0.3	0.0	1	227169	n/a
110.9306640625	0.3	1.0	2	227186	n/a
110.93896484375	0.3	0.0	1	227203	n/a
110.947265625	0.3	1.0	2	227220	n/a
110.95556640625	0.3	1.0	2	227237	n/a
110.9638671875	0.3	0.0	1	227254	n/a
110.97216796875	0.3	1.0	2	227271	n/a
110.98095703125	0.3	0.0	1	227289	n/a
110.9892578125	0.3	1.0	2	227306	n/a
110.99755859375	0.3	0.0	1	227323	n/a
111.005859375	0.3	1.0	2	227340	n/a
111.01416015625	0.3	0.0	1	227357	n/a
111.0224609375	0.3	0.0	1	227374	n/a
111.03076171875	0.3	1.0	2	227391	n/a
111.0390625	0.3	1.0	2	227408	n/a
111.04736328125	0.3	0.0	1	227425	n/a
111.0556640625	0.3	1.0	2	227442	n/a
111.06396484375	0.3	0.0	1	227459	n/a
111.072265625	0.3	0.0	1	227476	n/a
111.08056640625	0.3	1.0	2	227493	n/a
111.0888671875	0.3	1.0	2	227510	n/a
111.09716796875	0.3	0.0	1	227527	n/a
111.10595703125	0.3	0.0	1	227545	n/a
111.1142578125	0.3	1.0	2	227562	n/a
111.12255859375	0.3	1.0	2	227579	n/a
111.130859375	0.3	0.0	1	227596	n/a
111.13916015625	0.3	0.0	1	227613	n/a
111.1474609375	0.3	1.0	2	227630	n/a
111.15576171875	0.3	0.0	1	227647	n/a
111.1640625	0.3	1.0	2	227664	n/a
111.17236328125	0.3	1.0	2	227681	n/a
111.1806640625	0.3	0.0	1	227698	n/a
111.18896484375	0.3	1.0	2	227715	n/a
111.197265625	0.3	0.0	1	227732	n/a
111.20556640625	0.3	0.0	1	227749	n/a
111.2138671875	0.3	1.0	2	227766	n/a
111.22216796875	0.3	0.0	1	227783	n/a
111.23095703125	0.3	1.0	2	227801	n/a
111.2392578125	0.3	1.0	2	227818	n/a
111.24755859375	0.3	0.0	1	227835	n/a
111.255859375	0.3	1.0	2	227852	n/a
111.26416015625	0.3	0.0	1	227869	n/a
111.2724609375	0.3	1.0	2	227886	n/a
111.28076171875	0.3	0.0	1	227903	n/a
111.2890625	0.3	0.0	1	227920	n/a
111.29736328125	0.3	1.0	2	227937	n/a
111.3056640625	0.3	0.0	1	227954	n/a
111.31396484375	0.3	1.0	2	227971	n/a
111.322265625	0.3	0.0	1	227988	n/a
111.33056640625	0.3	1.0	2	228005	n/a
111.3388671875	0.3	1.0	2	228022	n/a
111.34716796875	0.3	0.0	1	228039	n/a
111.35595703125	0.3	1.0	2	228057	n/a
111.3642578125	0.3	0.0	1	228074	n/a
111.37255859375	0.3	0.0	1	228091	n/a
111.380859375	0.3	1.0	2	228108	n/a
111.38916015625	0.3	0.0	1	228125	n/a
111.3974609375	0.3	1.0	2	228142	n/a
111.40576171875	0.3	0.0	1	228159	n/a
111.4140625	0.3	1.0	2	228176	n/a
111.42236328125	0.3	1.0	2	228193	n/a
111.4306640625	0.3	0.0	1	228210	n/a
111.43896484375	0.3	1.0	2	228227	n/a
111.447265625	0.3	0.0	1	228244	n/a
111.45556640625	0.3	0.0	1	228261	n/a
111.4638671875	0.3	1.0	2	228278	n/a
111.47216796875	0.3	1.0	2	228295	n/a
111.48095703125	0.3	0.0	1	228313	n/a
111.4892578125	0.3	1.0	2	228330	n/a
111.49755859375	0.3	0.0	1	228347	n/a
111.505859375	0.3	0.0	1	228364	n/a
111.51416015625	0.3	1.0	2	228381	n/a
111.5224609375	0.3	0.0	1	228398	n/a
111.53076171875	0.3	1.0	2	228415	n/a
111.5390625	0.3	0.0	1	228432	n/a
111.54736328125	0.3	1.0	2	228449	n/a
111.5556640625	0.3	1.0	2	228466	n/a
111.56396484375	0.3	0.0	1	228483	n/a
111.572265625	0.3	0.0	1	228500	n/a
111.58056640625	0.3	1.0	2	228517	n/a
111.5888671875	0.3	1.0	2	228534	n/a
111.59716796875	0.3	0.0	1	228551	n/a
111.60595703125	0.3	0.0	1	228569	n/a
111.6142578125	0.3	1.0	2	228586	n/a
111.62255859375	0.3	0.0	1	228603	n/a
111.630859375	0.3	1.0	2	228620	n/a
111.63916015625	0.3	1.0	2	228637	n/a
111.6474609375	0.3	0.0	1	228654	n/a
111.65576171875	0.3	0.0	1	228671	n/a
111.6640625	0.3	1.0	2	228688	n/a
111.67236328125	0.3	0.0	1	228705	n/a
111.6806640625	0.3	1.0	2	228722	n/a
111.68896484375	0.3	1.0	2	228739	n/a
111.697265625	0.3	0.0	1	228756	n/a
111.70556640625	0.3	1.0	2	228773	n/a
111.7138671875	0.3	0.0	1	228790	n/a
111.72216796875	0.3	1.0	2	228807	n/a
111.73095703125	0.3	0.0	1	228825	n/a
111.7392578125	0.3	0.0	1	228842	n/a
111.74755859375	0.3	1.0	2	228859	n/a
111.755859375	0.3	0.0	1	228876	n/a
111.76416015625	0.3	1.0	2	228893	n/a
111.7724609375	0.3	0.0	1	228910	n/a
111.78076171875	0.3	1.0	2	228927	n/a
111.7890625	0.3	1.0	2	228944	n/a
111.79736328125	0.3	0.0	1	228961	n/a
111.8056640625	0.3	1.0	2	228978	n/a
111.81396484375	0.3	0.0	1	228995	n/a
111.822265625	0.3	1.0	2	229012	n/a
111.83056640625	0.3	0.0	1	229029	n/a
111.8388671875	0.3	0.0	1	229046	n/a
111.84716796875	0.3	1.0	2	229063	n/a
111.85595703125	0.3	1.0	2	229081	n/a
111.8642578125	0.3	0.0	1	229098	n/a
111.87255859375	0.3	0.0	1	229115	n/a
111.880859375	0.3	1.0	2	229132	n/a
111.88916015625	0.3	0.0	1	229149	n/a
111.8974609375	0.3	1.0	2	229166	n/a
111.90576171875	0.3	0.0	1	229183	n/a
111.9140625	0.3	1.0	2	229200	n/a
111.92236328125	0.3	1.0	2	229217	n/a
111.9306640625	0.3	0.0	1	229234	n/a
111.93896484375	0.3	1.0	2	229251	n/a
111.947265625	0.3	0.0	1	229268	n/a
111.95556640625	0.3	0.0	1	229285	n/a
111.9638671875	0.3	1.0	2	229302	n/a
111.97216796875	0.3	0.0	1	229319	n/a
111.98095703125	0.3	1.0	2	229337	n/a
111.9892578125	0.3	0.0	1	229354	n/a
111.99755859375	0.3	1.0	2	229371	n/a
112.005859375	0.3	1.0	2	229388	n/a
112.01416015625	0.3	0.0	1	229405	n/a
112.0224609375	0.3	1.0	2	229422	n/a
112.03076171875	0.3	0.0	1	229439	n/a
112.0390625	0.3	1.0	2	229456	n/a
112.04736328125	0.3	0.0	1	229473	n/a
112.0556640625	0.3	1.0	2	229490	n/a
112.06396484375	0.3	0.0	1	229507	n/a
112.072265625	0.3	0.0	1	229524	n/a
112.08056640625	0.3	1.0	2	229541	n/a
112.0888671875	0.3	1.0	2	229558	n/a
112.09716796875	0.3	0.0	1	229575	n/a
112.10595703125	0.3	1.0	2	229593	n/a
112.1142578125	0.3	0.0	1	229610	n/a
112.12255859375	0.3	0.0	1	229627	n/a
112.130859375	0.3	1.0	2	229644	n/a
112.13916015625	0.3	1.0	2	229661	n/a
112.1474609375	0.3	0.0	1	229678	n/a
112.15576171875	0.3	0.0	1	229695	n/a
112.1640625	0.3	1.0	2	229712	n/a
112.17236328125	0.3	1.0	2	229729	n/a
112.1806640625	0.3	0.0	1	229746	n/a
112.18896484375	0.3	0.0	1	229763	n/a
112.197265625	0.3	1.0	2	229780	n/a
112.20556640625	0.3	0.0	1	229797	n/a
112.2138671875	0.3	1.0	2	229814	n/a
112.22216796875	0.3	1.0	2	229831	n/a
112.23095703125	0.3	0.0	1	229849	n/a
112.2392578125	0.3	1.0	2	229866	n/a
112.24755859375	0.3	0.0	1	229883	n/a
112.255859375	0.3	0.0	1	229900	n/a
112.26416015625	0.3	1.0	2	229917	n/a
112.2724609375	0.3	0.0	1	229934	n/a
112.28076171875	0.3	1.0	2	229951	n/a
112.2890625	0.3	1.0	2	229968	n/a
112.29736328125	0.3	0.0	1	229985	n/a
112.3056640625	0.3	1.0	2	230002	n/a
112.31396484375	0.3	0.0	1	230019	n/a
112.322265625	0.3	1.0	2	230036	n/a
112.33056640625	0.3	0.0	1	230053	n/a
112.3388671875	0.3	0.0	1	230070	n/a
112.34716796875	0.3	1.0	2	230087	n/a
112.35595703125	0.3	0.0	1	230105	n/a
112.3642578125	0.3	1.0	2	230122	n/a
112.37255859375	0.3	0.0	1	230139	n/a
112.380859375	0.3	1.0	2	230156	n/a
112.38916015625	0.3	1.0	2	230173	n/a
112.3974609375	0.3	0.0	1	230190	n/a
112.40576171875	0.3	1.0	2	230207	n/a
112.4140625	0.3	0.0	1	230224	n/a
112.42236328125	0.3	0.0	1	230241	n/a
112.4306640625	0.3	1.0	2	230258	n/a
112.43896484375	0.3	0.0	1	230275	n/a
112.447265625	0.3	1.0	2	230292	n/a
112.45556640625	0.3	0.0	1	230309	n/a
112.4638671875	0.3	1.0	2	230326	n/a
112.47216796875	0.3	1.0	2	230343	n/a
112.48095703125	0.3	0.0	1	230361	n/a
112.4892578125	0.3	1.0	2	230378	n/a
112.49755859375	0.3	0.0	1	230395	n/a
112.505859375	0.3	0.0	1	230412	n/a
112.51416015625	0.3	1.0	2	230429	n/a
112.5224609375	0.3	1.0	2	230446	n/a
112.53076171875	0.3	0.0	1	230463	n/a
112.5390625	0.3	1.0	2	230480	n/a
112.54736328125	0.3	0.0	1	230497	n/a
112.5556640625	0.3	0.0	1	230514	n/a
112.56396484375	0.3	1.0	2	230531	n/a
112.572265625	0.3	0.0	1	230548	n/a
112.58056640625	0.3	1.0	2	230565	n/a
112.5888671875	0.3	0.0	1	230582	n/a
112.59716796875	0.3	1.0	2	230599	n/a
112.60595703125	0.3	1.0	2	230617	n/a
112.6142578125	0.3	0.0	1	230634	n/a
112.62255859375	0.3	0.0	1	230651	n/a
112.630859375	0.3	1.0	2	230668	n/a
112.63916015625	0.3	1.0	2	230685	n/a
112.6474609375	0.3	0.0	1	230702	n/a
112.65576171875	0.3	0.0	1	230719	n/a
112.6640625	0.3	1.0	2	230736	n/a
112.67236328125	0.3	0.0	1	230753	n/a
112.6806640625	0.3	1.0	2	230770	n/a
112.68896484375	0.3	1.0	2	230787	n/a
112.697265625	0.3	0.0	1	230804	n/a
112.70556640625	0.3	0.0	1	230821	n/a
112.7138671875	0.3	1.0	2	230838	n/a
112.72216796875	0.3	0.0	1	230855	n/a
112.73095703125	0.3	1.0	2	230873	n/a
112.7392578125	0.3	1.0	2	230890	n/a
112.74755859375	0.3	0.0	1	230907	n/a
112.755859375	0.3	1.0	2	230924	n/a
112.76416015625	0.3	0.0	1	230941	n/a
112.7724609375	0.3	1.0	2	230958	n/a
112.78076171875	0.3	0.0	1	230975	n/a
112.7890625	0.3	0.0	1	230992	n/a
112.79736328125	0.3	1.0	2	231009	n/a
112.8056640625	0.3	0.0	1	231026	n/a
112.81396484375	0.3	1.0	2	231043	n/a
112.822265625	0.3	0.0	1	231060	n/a
112.83056640625	0.3	1.0	2	231077	n/a
112.8388671875	0.3	1.0	2	231094	n/a
112.84716796875	0.3	0.0	1	231111	n/a
112.85595703125	0.3	1.0	2	231129	n/a
112.8642578125	0.3	0.0	1	231146	n/a
112.87255859375	0.3	1.0	2	231163	n/a
112.880859375	0.3	0.0	1	231180	n/a
112.88916015625	0.3	0.0	1	231197	n/a
112.8974609375	0.3	1.0	2	231214	n/a
112.90576171875	0.3	1.0	2	231231	n/a
112.9140625	0.3	0.0	1	231248	n/a
112.92236328125	0.3	0.0	1	231265	n/a
112.9306640625	0.3	1.0	2	231282	n/a
112.93896484375	0.3	0.0	1	231299	n/a
112.947265625	0.3	1.0	2	231316	n/a
112.95556640625	0.3	0.0	1	231333	n/a
112.9638671875	0.3	1.0	2	231350	n/a
112.97216796875	0.3	1.0	2	231367	n/a
112.98095703125	0.3	0.0	1	231385	n/a
112.9892578125	0.3	1.0	2	231402	n/a
112.99755859375	0.3	0.0	1	231419	n/a
113.005859375	0.3	0.0	1	231436	n/a
113.01416015625	0.3	1.0	2	231453	n/a
113.0224609375	0.3	0.0	1	231470	n/a
113.03076171875	0.3	1.0	2	231487	n/a
113.0390625	0.3	0.0	1	231504	n/a
113.04736328125	0.3	1.0	2	231521	n/a
113.0556640625	0.3	1.0	2	231538	n/a
113.06396484375	0.3	0.0	1	231555	n/a
113.072265625	0.3	1.0	2	231572	n/a
113.08056640625	0.3	0.0	1	231589	n/a
113.0888671875	0.3	1.0	2	231606	n/a
113.09716796875	0.3	0.0	1	231623	n/a
113.10595703125	0.3	1.0	2	231641	n/a
113.1142578125	0.3	0.0	1	231658	n/a
113.12255859375	0.3	0.0	1	231675	n/a
113.130859375	0.3	1.0	2	231692	n/a
113.13916015625	0.3	1.0	2	231709	n/a
113.1474609375	0.3	0.0	1	231726	n/a
113.15576171875	0.3	1.0	2	231743	n/a
113.1640625	0.3	0.0	1	231760	n/a
113.17236328125	0.3	0.0	1	231777	n/a
113.1806640625	0.3	1.0	2	231794	n/a
113.18896484375	0.3	1.0	2	231811	n/a
113.197265625	0.3	0.0	1	231828	n/a
113.20556640625	0.3	0.0	1	231845	n/a
113.2138671875	0.3	1.0	2	231862	n/a
113.22216796875	0.3	1.0	2	231879	n/a
113.23095703125	0.3	0.0	1	231897	n/a
113.2392578125	0.3	0.0	1	231914	n/a
113.24755859375	0.3	1.0	2	231931	n/a
113.255859375	0.3	0.0	1	231948	n/a
113.26416015625	0.3	1.0	2	231965	n/a
113.2724609375	0.3	1.0	2	231982	n/a
113.28076171875	0.3	0.0	1	231999	n/a
113.2890625	0.3	1.0	2	232016	n/a
113.29736328125	0.3	0.0	1	232033	n/a
113.3056640625	0.3	0.0	1	232050	n/a
113.31396484375	0.3	1.0	2	232067	n/a
113.322265625	0.3	0.0	1	232084	n/a
113.33056640625	0.3	1.0	2	232101	n/a
113.3388671875	0.3	1.0	2	232118	n/a
113.34716796875	0.3	0.0	1	232135	n/a
113.35595703125	0.3	1.0	2	232153	n/a
113.3642578125	0.3	0.0	1	232170	n/a
113.37255859375	0.3	1.0	2	232187	n/a
113.380859375	0.3	0.0	1	232204	n/a
113.38916015625	0.3	0.0	1	232221	n/a
113.3974609375	0.3	1.0	2	232238	n/a
113.40576171875	0.3	0.0	1	232255	n/a
113.4140625	0.3	1.0	2	232272	n/a
113.42236328125	0.3	0.0	1	232289	n/a
113.4306640625	0.3	1.0	2	232306	n/a
113.43896484375	0.3	1.0	2	232323	n/a
113.447265625	0.3	0.0	1	232340	n/a
113.45556640625	0.3	1.0	2	232357	n/a
113.4638671875	0.3	0.0	1	232374	n/a
113.47216796875	0.3	0.0	1	232391	n/a
113.48095703125	0.3	1.0	2	232409	n/a
113.4892578125	0.3	0.0	1	232426	n/a
113.49755859375	0.3	1.0	2	232443	n/a
113.505859375	0.3	0.0	1	232460	n/a
113.51416015625	0.3	1.0	2	232477	n/a
113.5224609375	0.3	1.0	2	232494	n/a
113.53076171875	0.3	0.0	1	232511	n/a
113.5390625	0.3	1.0	2	232528	n/a
113.54736328125	0.3	0.0	1	232545	n/a
113.5556640625	0.3	0.0	1	232562	n/a
113.56396484375	0.3	1.0	2	232579	n/a
113.572265625	0.3	1.0	2	232596	n/a
113.58056640625	0.3	0.0	1	232613	n/a
113.5888671875	0.3	1.0	2	232630	n/a
113.59716796875	0.3	0.0	1	232647	n/a
113.60595703125	0.3	0.0	1	232665	n/a
113.6142578125	0.3	1.0	2	232682	n/a
113.62255859375	0.3	0.0	1	232699	n/a
113.630859375	0.3	1.0	2	232716	n/a
113.63916015625	0.3	0.0	1	232733	n/a
113.6474609375	0.3	1.0	2	232750	n/a
113.65576171875	0.3	1.0	2	232767	n/a
113.6640625	0.3	0.0	1	232784	n/a
113.67236328125	0.3	0.0	1	232801	n/a
113.6806640625	0.3	1.0	2	232818	n/a
113.68896484375	0.3	1.0	2	232835	n/a
113.697265625	0.3	0.0	1	232852	n/a
113.70556640625	0.3	0.0	1	232869	n/a
113.7138671875	0.3	1.0	2	232886	n/a
113.72216796875	0.3	0.0	1	232903	n/a
113.73095703125	0.3	1.0	2	232921	n/a
116.123046875	0.3	1.0	2	237820	7.0
116.13134765625	0.3	0.0	1	237837	n/a
116.1396484375	0.3	0.0	1	237854	n/a
116.14794921875	0.3	1.0	2	237871	n/a
116.15625	0.3	0.0	1	237888	n/a
116.16455078125	0.3	1.0	2	237905	n/a
116.1728515625	0.3	1.0	2	237922	n/a
116.18115234375	0.3	0.0	1	237939	n/a
116.18994140625	0.3	1.0	2	237957	n/a
116.1982421875	0.3	0.0	1	237974	n/a
116.20654296875	0.3	0.0	1	237991	n/a
116.21484375	0.3	1.0	2	238008	n/a
116.22314453125	0.3	0.0	1	238025	n/a
116.2314453125	0.3	1.0	2	238042	n/a
116.23974609375	0.3	1.0	2	238059	n/a
116.248046875	0.3	0.0	1	238076	n/a
116.25634765625	0.3	1.0	2	238093	n/a
116.2646484375	0.3	0.0	1	238110	n/a
116.27294921875	0.3	0.0	1	238127	n/a
116.28125	0.3	1.0	2	238144	n/a
116.28955078125	0.3	0.0	1	238161	n/a
116.2978515625	0.3	1.0	2	238178	n/a
116.30615234375	0.3	0.0	1	238195	n/a
116.31494140625	0.3	1.0	2	238213	n/a
116.3232421875	0.3	1.0	2	238230	n/a
116.33154296875	0.3	0.0	1	238247	n/a
116.33984375	0.3	1.0	2	238264	n/a
116.34814453125	0.3	0.0	1	238281	n/a
116.3564453125	0.3	0.0	1	238298	n/a
116.36474609375	0.3	1.0	2	238315	n/a
116.373046875	0.3	1.0	2	238332	n/a
116.38134765625	0.3	0.0	1	238349	n/a
116.3896484375	0.3	0.0	1	238366	n/a
116.39794921875	0.3	1.0	2	238383	n/a
116.40625	0.3	0.0	1	238400	n/a
116.41455078125	0.3	1.0	2	238417	n/a
116.4228515625	0.3	1.0	2	238434	n/a
116.43115234375	0.3	0.0	1	238451	n/a
116.43994140625	0.3	1.0	2	238469	n/a
116.4482421875	0.3	0.0	1	238486	n/a
116.45654296875	0.3	0.0	1	238503	n/a
116.46484375	0.3	1.0	2	238520	n/a
116.47314453125	0.3	0.0	1	238537	n/a
116.4814453125	0.3	1.0	2	238554	n/a
116.48974609375	0.3	1.0	2	238571	n/a
116.498046875	0.3	0.0	1	238588	n/a
116.50634765625	0.3	0.0	1	238605	n/a
116.5146484375	0.3	1.0	2	238622	n/a
116.52294921875	0.3	0.0	1	238639	n/a
116.53125	0.3	1.0	2	238656	n/a
116.53955078125	0.3	1.0	2	238673	n/a
116.5478515625	0.3	0.0	1	238690	n/a
116.55615234375	0.3	0.0	1	238707	n/a
116.56494140625	0.3	1.0	2	238725	n/a
116.5732421875	0.3	0.0	1	238742	n/a
116.58154296875	0.3	1.0	2	238759	n/a
116.58984375	0.3	0.0	1	238776	n/a
116.59814453125	0.3	1.0	2	238793	n/a
116.6064453125	0.3	1.0	2	238810	n/a
116.61474609375	0.3	0.0	1	238827	n/a
116.623046875	0.3	0.0	1	238844	n/a
116.63134765625	0.3	1.0	2	238861	n/a
116.6396484375	0.3	0.0	1	238878	n/a
116.64794921875	0.3	1.0	2	238895	n/a
116.65625	0.3	0.0	1	238912	n/a
116.66455078125	0.3	1.0	2	238929	n/a
116.6728515625	0.3	1.0	2	238946	n/a
116.68115234375	0.3	0.0	1	238963	n/a
116.68994140625	0.3	1.0	2	238981	n/a
116.6982421875	0.3	0.0	1	238998	n/a
116.70654296875	0.3	1.0	2	239015	n/a
116.71484375	0.3	0.0	1	239032	n/a
116.72314453125	0.3	0.0	1	239049	n/a
116.7314453125	0.3	1.0	2	239066	n/a
116.73974609375	0.3	0.0	1	239083	n/a
116.748046875	0.3	1.0	2	239100	n/a
116.75634765625	0.3	1.0	2	239117	n/a
116.7646484375	0.3	0.0	1	239134	n/a
116.77294921875	0.3	0.0	1	239151	n/a
116.78125	0.3	1.0	2	239168	n/a
116.78955078125	0.3	1.0	2	239185	n/a
116.7978515625	0.3	0.0	1	239202	n/a
116.80615234375	0.3	0.0	1	239219	n/a
116.81494140625	0.3	1.0	2	239237	n/a
116.8232421875	0.3	0.0	1	239254	n/a
116.83154296875	0.3	1.0	2	239271	n/a
116.83984375	0.3	0.0	1	239288	n/a
116.84814453125	0.3	1.0	2	239305	n/a
116.8564453125	0.3	1.0	2	239322	n/a
116.86474609375	0.3	0.0	1	239339	n/a
116.873046875	0.3	0.0	1	239356	n/a
116.88134765625	0.3	1.0	2	239373	n/a
116.8896484375	0.3	1.0	2	239390	n/a
116.89794921875	0.3	0.0	1	239407	n/a
116.90625	0.3	1.0	2	239424	n/a
116.91455078125	0.3	0.0	1	239441	n/a
116.9228515625	0.3	1.0	2	239458	n/a
116.93115234375	0.3	0.0	1	239475	n/a
116.93994140625	0.3	0.0	1	239493	n/a
116.9482421875	0.3	1.0	2	239510	n/a
116.95654296875	0.3	1.0	2	239527	n/a
116.96484375	0.3	0.0	1	239544	n/a
116.97314453125	0.3	1.0	2	239561	n/a
116.9814453125	0.3	0.0	1	239578	n/a
116.98974609375	0.3	1.0	2	239595	n/a
116.998046875	0.3	0.0	1	239612	n/a
117.00634765625	0.3	1.0	2	239629	n/a
117.0146484375	0.3	0.0	1	239646	n/a
117.02294921875	0.3	1.0	2	239663	n/a
117.03125	0.3	0.0	1	239680	n/a
117.03955078125	0.3	1.0	2	239697	n/a
117.0478515625	0.3	0.0	1	239714	n/a
117.05615234375	0.3	0.0	1	239731	n/a
117.06494140625	0.3	1.0	2	239749	n/a
117.0732421875	0.3	0.0	1	239766	n/a
117.08154296875	0.3	1.0	2	239783	n/a
117.08984375	0.3	1.0	2	239800	n/a
117.09814453125	0.3	0.0	1	239817	n/a
117.1064453125	0.3	0.0	1	239834	n/a
117.11474609375	0.3	1.0	2	239851	n/a
117.123046875	0.3	0.0	1	239868	n/a
117.13134765625	0.3	1.0	2	239885	n/a
117.1396484375	0.3	1.0	2	239902	n/a
117.14794921875	0.3	0.0	1	239919	n/a
117.15625	0.3	1.0	2	239936	n/a
117.16455078125	0.3	0.0	1	239953	n/a
117.1728515625	0.3	1.0	2	239970	n/a
117.18115234375	0.3	0.0	1	239987	n/a
117.18994140625	0.3	0.0	1	240005	n/a
117.1982421875	0.3	1.0	2	240022	n/a
117.20654296875	0.3	0.0	1	240039	n/a
117.21484375	0.3	1.0	2	240056	n/a
117.22314453125	0.3	1.0	2	240073	n/a
117.2314453125	0.3	0.0	1	240090	n/a
117.23974609375	0.3	1.0	2	240107	n/a
117.248046875	0.3	0.0	1	240124	n/a
117.25634765625	0.3	0.0	1	240141	n/a
117.2646484375	0.3	1.0	2	240158	n/a
117.27294921875	0.3	0.0	1	240175	n/a
117.28125	0.3	1.0	2	240192	n/a
117.28955078125	0.3	1.0	2	240209	n/a
117.2978515625	0.3	0.0	1	240226	n/a
117.30615234375	0.3	1.0	2	240243	n/a
117.31494140625	0.3	0.0	1	240261	n/a
117.3232421875	0.3	0.0	1	240278	n/a
117.33154296875	0.3	1.0	2	240295	n/a
117.33984375	0.3	0.0	1	240312	n/a
117.34814453125	0.3	1.0	2	240329	n/a
117.3564453125	0.3	0.0	1	240346	n/a
117.36474609375	0.3	1.0	2	240363	n/a
117.373046875	0.3	1.0	2	240380	n/a
117.38134765625	0.3	0.0	1	240397	n/a
117.3896484375	0.3	1.0	2	240414	n/a
117.39794921875	0.3	0.0	1	240431	n/a
117.40625	0.3	0.0	1	240448	n/a
117.41455078125	0.3	1.0	2	240465	n/a
117.4228515625	0.3	1.0	2	240482	n/a
117.43115234375	0.3	0.0	1	240499	n/a
117.43994140625	0.3	0.0	1	240517	n/a
117.4482421875	0.3	1.0	2	240534	n/a
117.45654296875	0.3	0.0	1	240551	n/a
117.46484375	0.3	1.0	2	240568	n/a
117.47314453125	0.3	1.0	2	240585	n/a
117.4814453125	0.3	0.0	1	240602	n/a
117.48974609375	0.3	1.0	2	240619	n/a
117.498046875	0.3	0.0	1	240636	n/a
117.50634765625	0.3	0.0	1	240653	n/a
117.5146484375	0.3	1.0	2	240670	n/a
117.52294921875	0.3	0.0	1	240687	n/a
117.53125	0.3	1.0	2	240704	n/a
117.53955078125	0.3	1.0	2	240721	n/a
117.5478515625	0.3	0.0	1	240738	n/a
117.55615234375	0.3	0.0	1	240755	n/a
117.56494140625	0.3	1.0	2	240773	n/a
117.5732421875	0.3	0.0	1	240790	n/a
117.58154296875	0.3	1.0	2	240807	n/a
117.58984375	0.3	1.0	2	240824	n/a
117.59814453125	0.3	0.0	1	240841	n/a
117.6064453125	0.3	0.0	1	240858	n/a
117.61474609375	0.3	1.0	2	240875	n/a
117.623046875	0.3	0.0	1	240892	n/a
117.63134765625	0.3	1.0	2	240909	n/a
117.6396484375	0.3	0.0	1	240926	n/a
117.64794921875	0.3	1.0	2	240943	n/a
117.65625	0.3	1.0	2	240960	n/a
117.66455078125	0.3	0.0	1	240977	n/a
117.6728515625	0.3	0.0	1	240994	n/a
117.68115234375	0.3	1.0	2	241011	n/a
117.68994140625	0.3	0.0	1	241029	n/a
117.6982421875	0.3	1.0	2	241046	n/a
117.70654296875	0.3	0.0	1	241063	n/a
117.71484375	0.3	1.0	2	241080	n/a
117.72314453125	0.3	1.0	2	241097	n/a
117.7314453125	0.3	0.0	1	241114	n/a
117.73974609375	0.3	1.0	2	241131	n/a
117.748046875	0.3	0.0	1	241148	n/a
117.75634765625	0.3	1.0	2	241165	n/a
117.7646484375	0.3	0.0	1	241182	n/a
117.77294921875	0.3	0.0	1	241199	n/a
117.78125	0.3	1.0	2	241216	n/a
117.78955078125	0.3	0.0	1	241233	n/a
117.7978515625	0.3	1.0	2	241250	n/a
117.80615234375	0.3	1.0	2	241267	n/a
117.81494140625	0.3	0.0	1	241285	n/a
117.8232421875	0.3	0.0	1	241302	n/a
117.83154296875	0.3	1.0	2	241319	n/a
117.83984375	0.3	1.0	2	241336	n/a
117.84814453125	0.3	0.0	1	241353	n/a
117.8564453125	0.3	0.0	1	241370	n/a
117.86474609375	0.3	1.0	2	241387	n/a
117.873046875	0.3	0.0	1	241404	n/a
117.88134765625	0.3	1.0	2	241421	n/a
117.8896484375	0.3	0.0	1	241438	n/a
117.89794921875	0.3	1.0	2	241455	n/a
117.90625	0.3	1.0	2	241472	n/a
117.91455078125	0.3	0.0	1	241489	n/a
117.9228515625	0.3	0.0	1	241506	n/a
117.93115234375	0.3	1.0	2	241523	n/a
117.93994140625	0.3	1.0	2	241541	n/a
117.9482421875	0.3	0.0	1	241558	n/a
117.95654296875	0.3	1.0	2	241575	n/a
117.96484375	0.3	0.0	1	241592	n/a
117.97314453125	0.3	1.0	2	241609	n/a
117.9814453125	0.3	0.0	1	241626	n/a
117.98974609375	0.3	0.0	1	241643	n/a
117.998046875	0.3	1.0	2	241660	n/a
118.00634765625	0.3	1.0	2	241677	n/a
118.0146484375	0.3	0.0	1	241694	n/a
118.02294921875	0.3	1.0	2	241711	n/a
118.03125	0.3	0.0	1	241728	n/a
118.03955078125	0.3	1.0	2	241745	n/a
118.0478515625	0.3	0.0	1	241762	n/a
118.05615234375	0.3	1.0	2	241779	n/a
118.06494140625	0.3	0.0	1	241797	n/a
118.0732421875	0.3	1.0	2	241814	n/a
118.08154296875	0.3	0.0	1	241831	n/a
118.08984375	0.3	1.0	2	241848	n/a
118.09814453125	0.3	0.0	1	241865	n/a
118.1064453125	0.3	0.0	1	241882	n/a
118.11474609375	0.3	1.0	2	241899	n/a
118.123046875	0.3	0.0	1	241916	n/a
118.13134765625	0.3	1.0	2	241933	n/a
118.1396484375	0.3	1.0	2	241950	n/a
118.14794921875	0.3	0.0	1	241967	n/a
118.15625	0.3	0.0	1	241984	n/a
118.16455078125	0.3	1.0	2	242001	n/a
118.1728515625	0.3	0.0	1	242018	n/a
118.18115234375	0.3	1.0	2	242035	n/a
118.18994140625	0.3	1.0	2	242053	n/a
118.1982421875	0.3	0.0	1	242070	n/a
118.20654296875	0.3	1.0	2	242087	n/a
118.21484375	0.3	0.0	1	242104	n/a
118.22314453125	0.3	1.0	2	242121	n/a
118.2314453125	0.3	0.0	1	242138	n/a
118.23974609375	0.3	0.0	1	242155	n/a
118.248046875	0.3	1.0	2	242172	n/a
118.25634765625	0.3	0.0	1	242189	n/a
118.2646484375	0.3	1.0	2	242206	n/a
118.27294921875	0.3	1.0	2	242223	n/a
118.28125	0.3	0.0	1	242240	n/a
118.28955078125	0.3	1.0	2	242257	n/a
118.2978515625	0.3	0.0	1	242274	n/a
118.30615234375	0.3	0.0	1	242291	n/a
118.31494140625	0.3	1.0	2	242309	n/a
118.3232421875	0.3	0.0	1	242326	n/a
118.33154296875	0.3	1.0	2	242343	n/a
118.33984375	0.3	1.0	2	242360	n/a
118.34814453125	0.3	0.0	1	242377	n/a
118.3564453125	0.3	1.0	2	242394	n/a
118.36474609375	0.3	0.0	1	242411	n/a
118.373046875	0.3	0.0	1	242428	n/a
118.38134765625	0.3	1.0	2	242445	n/a
118.3896484375	0.3	0.0	1	242462	n/a
118.39794921875	0.3	1.0	2	242479	n/a
118.40625	0.3	0.0	1	242496	n/a
118.41455078125	0.3	1.0	2	242513	n/a
118.4228515625	0.3	1.0	2	242530	n/a
118.43115234375	0.3	0.0	1	242547	n/a
118.43994140625	0.3	1.0	2	242565	n/a
118.4482421875	0.3	0.0	1	242582	n/a
118.45654296875	0.3	0.0	1	242599	n/a
118.46484375	0.3	1.0	2	242616	n/a
118.47314453125	0.3	1.0	2	242633	n/a
118.4814453125	0.3	0.0	1	242650	n/a
118.48974609375	0.3	0.0	1	242667	n/a
118.498046875	0.3	1.0	2	242684	n/a
118.50634765625	0.3	0.0	1	242701	n/a
118.5146484375	0.3	1.0	2	242718	n/a
118.52294921875	0.3	1.0	2	242735	n/a
118.53125	0.3	0.0	1	242752	n/a
118.53955078125	0.3	1.0	2	242769	n/a
118.5478515625	0.3	0.0	1	242786	n/a
118.55615234375	0.3	0.0	1	242803	n/a
118.56494140625	0.3	1.0	2	242821	n/a
118.5732421875	0.3	0.0	1	242838	n/a
118.58154296875	0.3	1.0	2	242855	n/a
118.58984375	0.3	1.0	2	242872	n/a
118.59814453125	0.3	0.0	1	242889	n/a
118.6064453125	0.3	0.0	1	242906	n/a
118.61474609375	0.3	1.0	2	242923	n/a
118.623046875	0.3	0.0	1	242940	n/a
118.63134765625	0.3	1.0	2	242957	n/a
118.6396484375	0.3	1.0	2	242974	n/a
118.64794921875	0.3	0.0	1	242991	n/a
118.65625	0.3	0.0	1	243008	n/a
118.66455078125	0.3	1.0	2	243025	n/a
118.6728515625	0.3	0.0	1	243042	n/a
118.68115234375	0.3	1.0	2	243059	n/a
118.68994140625	0.3	0.0	1	243077	n/a
118.6982421875	0.3	1.0	2	243094	n/a
118.70654296875	0.3	1.0	2	243111	n/a
118.71484375	0.3	0.0	1	243128	n/a
118.72314453125	0.3	0.0	1	243145	n/a
118.7314453125	0.3	1.0	2	243162	n/a
118.73974609375	0.3	0.0	1	243179	n/a
118.748046875	0.3	1.0	2	243196	n/a
118.75634765625	0.3	0.0	1	243213	n/a
118.7646484375	0.3	1.0	2	243230	n/a
118.77294921875	0.3	1.0	2	243247	n/a
118.78125	0.3	0.0	1	243264	n/a
118.78955078125	0.3	1.0	2	243281	n/a
118.7978515625	0.3	0.0	1	243298	n/a
118.80615234375	0.3	1.0	2	243315	n/a
118.81494140625	0.3	0.0	1	243333	n/a
118.8232421875	0.3	0.0	1	243350	n/a
118.83154296875	0.3	1.0	2	243367	n/a
118.83984375	0.3	0.0	1	243384	n/a
118.84814453125	0.3	1.0	2	243401	n/a
118.8564453125	0.3	1.0	2	243418	n/a
118.86474609375	0.3	0.0	1	243435	n/a
118.873046875	0.3	0.0	1	243452	n/a
118.88134765625	0.3	1.0	2	243469	n/a
118.8896484375	0.3	1.0	2	243486	n/a
118.89794921875	0.3	0.0	1	243503	n/a
118.90625	0.3	0.0	1	243520	n/a
118.91455078125	0.3	1.0	2	243537	n/a
118.9228515625	0.3	0.0	1	243554	n/a
118.93115234375	0.3	1.0	2	243571	n/a
118.93994140625	0.3	0.0	1	243589	n/a
118.9482421875	0.3	1.0	2	243606	n/a
118.95654296875	0.3	1.0	2	243623	n/a
118.96484375	0.3	0.0	1	243640	n/a
118.97314453125	0.3	0.0	1	243657	n/a
118.9814453125	0.3	1.0	2	243674	n/a
118.98974609375	0.3	1.0	2	243691	n/a
118.998046875	0.3	0.0	1	243708	n/a
119.00634765625	0.3	1.0	2	243725	n/a
119.0146484375	0.3	0.0	1	243742	n/a
119.02294921875	0.3	1.0	2	243759	n/a
119.03125	0.3	0.0	1	243776	n/a
119.03955078125	0.3	0.0	1	243793	n/a
119.0478515625	0.3	1.0	2	243810	n/a
119.05615234375	0.3	1.0	2	243827	n/a
119.06494140625	0.3	0.0	1	243845	n/a
119.0732421875	0.3	1.0	2	243862	n/a
119.08154296875	0.3	0.0	1	243879	n/a
119.08984375	0.3	1.0	2	243896	n/a
119.09814453125	0.3	0.0	1	243913	n/a
119.1064453125	0.3	1.0	2	243930	n/a
119.11474609375	0.3	0.0	1	243947	n/a
119.123046875	0.3	1.0	2	243964	n/a
119.13134765625	0.3	0.0	1	243981	n/a
119.1396484375	0.3	1.0	2	243998	n/a
119.14794921875	0.3	0.0	1	244015	n/a
119.15625	0.3	0.0	1	244032	n/a
119.16455078125	0.3	1.0	2	244049	n/a
119.1728515625	0.3	0.0	1	244066	n/a
119.18115234375	0.3	1.0	2	244083	n/a
119.18994140625	0.3	1.0	2	244101	n/a
119.1982421875	0.3	0.0	1	244118	n/a
119.20654296875	0.3	0.0	1	244135	n/a
119.21484375	0.3	1.0	2	244152	n/a
119.22314453125	0.3	0.0	1	244169	n/a
119.2314453125	0.3	1.0	2	244186	n/a
119.23974609375	0.3	1.0	2	244203	n/a
119.248046875	0.3	0.0	1	244220	n/a
119.25634765625	0.3	1.0	2	244237	n/a
119.2646484375	0.3	0.0	1	244254	n/a
119.27294921875	0.3	1.0	2	244271	n/a
119.28125	0.3	0.0	1	244288	n/a
119.28955078125	0.3	0.0	1	244305	n/a
119.2978515625	0.3	1.0	2	244322	n/a
119.30615234375	0.3	0.0	1	244339	n/a
119.31494140625	0.3	1.0	2	244357	n/a
119.3232421875	0.3	1.0	2	244374	n/a
119.33154296875	0.3	0.0	1	244391	n/a
119.33984375	0.3	1.0	2	244408	n/a
119.34814453125	0.3	0.0	1	244425	n/a
119.3564453125	0.3	0.0	1	244442	n/a
119.36474609375	0.3	1.0	2	244459	n/a
119.373046875	0.3	0.0	1	244476	n/a
119.38134765625	0.3	1.0	2	244493	n/a
119.3896484375	0.3	1.0	2	244510	n/a
119.39794921875	0.3	0.0	1	244527	n/a
119.40625	0.3	1.0	2	244544	n/a
119.41455078125	0.3	0.0	1	244561	n/a
119.4228515625	0.3	0.0	1	244578	n/a
119.43115234375	0.3	1.0	2	244595	n/a
119.43994140625	0.3	0.0	1	244613	n/a
119.4482421875	0.3	1.0	2	244630	n/a
119.45654296875	0.3	0.0	1	244647	n/a
119.46484375	0.3	1.0	2	244664	n/a
119.47314453125	0.3	1.0	2	244681	n/a
119.4814453125	0.3	0.0	1	244698	n/a
119.48974609375	0.3	1.0	2	244715	n/a
119.498046875	0.3	0.0	1	244732	n/a
119.50634765625	0.3	0.0	1	244749	n/a
119.5146484375	0.3	1.0	2	244766	n/a
119.52294921875	0.3	1.0	2	244783	n/a
119.53125	0.3	0.0	1	244800	n/a
119.53955078125	0.3	0.0	1	244817	n/a
119.5478515625	0.3	1.0	2	244834	n/a
119.55615234375	0.3	0.0	1	244851	n/a
119.56494140625	0.3	1.0	2	244869	n/a
119.5732421875	0.3	1.0	2	244886	n/a
119.58154296875	0.3	0.0	1	244903	n/a
119.58984375	0.3	1.0	2	244920	n/a
119.59814453125	0.3	0.0	1	244937	n/a
119.6064453125	0.3	0.0	1	244954	n/a
119.61474609375	0.3	1.0	2	244971	n/a
119.623046875	0.3	0.0	1	244988	n/a
119.63134765625	0.3	1.0	2	245005	n/a
119.6396484375	0.3	1.0	2	245022	n/a
119.64794921875	0.3	0.0	1	245039	n/a
119.65625	0.3	0.0	1	245056	n/a
119.66455078125	0.3	1.0	2	245073	n/a
119.6728515625	0.3	0.0	1	245090	n/a
119.68115234375	0.3	1.0	2	245107	n/a
119.68994140625	0.3	1.0	2	245125	n/a
119.6982421875	0.3	0.0	1	245142	n/a
119.70654296875	0.3	0.0	1	245159	n/a
119.71484375	0.3	1.0	2	245176	n/a
119.72314453125	0.3	0.0	1	245193	n/a
119.7314453125	0.3	1.0	2	245210	n/a
119.73974609375	0.3	0.0	1	245227	n/a
119.748046875	0.3	1.0	2	245244	n/a
119.75634765625	0.3	1.0	2	245261	n/a
119.7646484375	0.3	0.0	1	245278	n/a
119.77294921875	0.3	0.0	1	245295	n/a
119.78125	0.3	1.0	2	245312	n/a
119.78955078125	0.3	0.0	1	245329	n/a
119.7978515625	0.3	1.0	2	245346	n/a
119.80615234375	0.3	0.0	1	245363	n/a
119.81494140625	0.3	1.0	2	245381	n/a
119.8232421875	0.3	1.0	2	245398	n/a
119.83154296875	0.3	0.0	1	245415	n/a
119.83984375	0.3	1.0	2	245432	n/a
119.84814453125	0.3	0.0	1	245449	n/a
119.8564453125	0.3	1.0	2	245466	n/a
119.86474609375	0.3	0.0	1	245483	n/a
119.873046875	0.3	0.0	1	245500	n/a
119.88134765625	0.3	1.0	2	245517	n/a
119.8896484375	0.3	0.0	1	245534	n/a
119.89794921875	0.3	1.0	2	245551	n/a
119.90625	0.3	1.0	2	245568	n/a
119.91455078125	0.3	0.0	1	245585	n/a
119.9228515625	0.3	0.0	1	245602	n/a
119.93115234375	0.3	1.0	2	245619	n/a
119.93994140625	0.3	1.0	2	245637	n/a
119.9482421875	0.3	0.0	1	245654	n/a
119.95654296875	0.3	0.0	1	245671	n/a
119.96484375	0.3	1.0	2	245688	n/a
119.97314453125	0.3	0.0	1	245705	n/a
119.9814453125	0.3	1.0	2	245722	n/a
119.98974609375	0.3	0.0	1	245739	n/a
119.998046875	0.3	1.0	2	245756	n/a
120.00634765625	0.3	1.0	2	245773	n/a
120.0146484375	0.3	0.0	1	245790	n/a
120.02294921875	0.3	0.0	1	245807	n/a
120.03125	0.3	1.0	2	245824	n/a
120.03955078125	0.3	1.0	2	245841	n/a
120.0478515625	0.3	0.0	1	245858	n/a
120.05615234375	0.3	1.0	2	245875	n/a
120.06494140625	0.3	0.0	1	245893	n/a
120.0732421875	0.3	1.0	2	245910	n/a
120.08154296875	0.3	0.0	1	245927	n/a
120.08984375	0.3	0.0	1	245944	n/a
120.09814453125	0.3	1.0	2	245961	n/a
120.1064453125	0.3	1.0	2	245978	n/a
120.11474609375	0.3	0.0	1	245995	n/a
120.123046875	0.3	1.0	2	246012	n/a
120.13134765625	0.3	0.0	1	246029	n/a
120.1396484375	0.3	1.0	2	246046	n/a
120.14794921875	0.3	0.0	1	246063	n/a
120.15625	0.3	1.0	2	246080	n/a
120.16455078125	0.3	0.0	1	246097	n/a
120.1728515625	0.3	1.0	2	246114	n/a
120.18115234375	0.3	0.0	1	246131	n/a
120.18994140625	0.3	1.0	2	246149	n/a
120.1982421875	0.3	0.0	1	246166	n/a
120.20654296875	0.3	0.0	1	246183	n/a
120.21484375	0.3	1.0	2	246200	n/a
120.22314453125	0.3	0.0	1	246217	n/a
120.2314453125	0.3	1.0	2	246234	n/a
120.23974609375	0.3	1.0	2	246251	n/a
120.248046875	0.3	0.0	1	246268	n/a
120.25634765625	0.3	0.0	1	246285	n/a
120.2646484375	0.3	1.0	2	246302	n/a
120.27294921875	0.3	0.0	1	246319	n/a
120.28125	0.3	1.0	2	246336	n/a
120.28955078125	0.3	1.0	2	246353	n/a
120.2978515625	0.3	0.0	1	246370	n/a
120.30615234375	0.3	1.0	2	246387	n/a
120.31494140625	0.3	0.0	1	246405	n/a
122.6982421875	0.3	0.0	1	251286	9.0
122.70654296875	0.3	1.0	2	251303	n/a
122.71484375	0.3	0.0	1	251320	n/a
122.72314453125	0.3	1.0	2	251337	n/a
122.7314453125	0.3	0.0	1	251354	n/a
122.73974609375	0.3	1.0	2	251371	n/a
122.748046875	0.3	0.0	1	251388	n/a
122.75634765625	0.3	1.0	2	251405	n/a
122.76513671875	0.3	0.0	1	251423	n/a
122.7734375	0.3	1.0	2	251440	n/a
122.78173828125	0.3	0.0	1	251457	n/a
122.7900390625	0.3	1.0	2	251474	n/a
122.79833984375	0.3	1.0	2	251491	n/a
122.806640625	0.3	0.0	1	251508	n/a
122.81494140625	0.3	0.0	1	251525	n/a
122.8232421875	0.3	1.0	2	251542	n/a
122.83154296875	0.3	1.0	2	251559	n/a
122.83984375	0.3	0.0	1	251576	n/a
122.84814453125	0.3	0.0	1	251593	n/a
122.8564453125	0.3	1.0	2	251610	n/a
122.86474609375	0.3	0.0	1	251627	n/a
122.873046875	0.3	1.0	2	251644	n/a
122.88134765625	0.3	1.0	2	251661	n/a
122.89013671875	0.3	0.0	1	251679	n/a
122.8984375	0.3	1.0	2	251696	n/a
122.90673828125	0.3	0.0	1	251713	n/a
122.9150390625	0.3	1.0	2	251730	n/a
122.92333984375	0.3	0.0	1	251747	n/a
122.931640625	0.3	1.0	2	251764	n/a
122.93994140625	0.3	0.0	1	251781	n/a
122.9482421875	0.3	1.0	2	251798	n/a
122.95654296875	0.3	0.0	1	251815	n/a
122.96484375	0.3	0.0	1	251832	n/a
122.97314453125	0.3	1.0	2	251849	n/a
122.9814453125	0.3	0.0	1	251866	n/a
122.98974609375	0.3	1.0	2	251883	n/a
122.998046875	0.3	1.0	2	251900	n/a
123.00634765625	0.3	0.0	1	251917	n/a
123.01513671875	0.3	0.0	1	251935	n/a
123.0234375	0.3	1.0	2	251952	n/a
123.03173828125	0.3	1.0	2	251969	n/a
123.0400390625	0.3	0.0	1	251986	n/a
123.04833984375	0.3	1.0	2	252003	n/a
123.056640625	0.3	0.0	1	252020	n/a
123.06494140625	0.3	1.0	2	252037	n/a
123.0732421875	0.3	0.0	1	252054	n/a
123.08154296875	0.3	0.0	1	252071	n/a
123.08984375	0.3	1.0	2	252088	n/a
123.09814453125	0.3	0.0	1	252105	n/a
123.1064453125	0.3	1.0	2	252122	n/a
123.11474609375	0.3	1.0	2	252139	n/a
123.123046875	0.3	0.0	1	252156	n/a
123.13134765625	0.3	0.0	1	252173	n/a
123.14013671875	0.3	1.0	2	252191	n/a
123.1484375	0.3	1.0	2	252208	n/a
123.15673828125	0.3	0.0	1	252225	n/a
123.1650390625	0.3	0.0	1	252242	n/a
123.17333984375	0.3	1.0	2	252259	n/a
123.181640625	0.3	0.0	1	252276	n/a
123.18994140625	0.3	1.0	2	252293	n/a
123.1982421875	0.3	1.0	2	252310	n/a
123.20654296875	0.3	0.0	1	252327	n/a
123.21484375	0.3	1.0	2	252344	n/a
123.22314453125	0.3	0.0	1	252361	n/a
123.2314453125	0.3	1.0	2	252378	n/a
123.23974609375	0.3	0.0	1	252395	n/a
123.248046875	0.3	0.0	1	252412	n/a
123.25634765625	0.3	1.0	2	252429	n/a
123.26513671875	0.3	0.0	1	252447	n/a
123.2734375	0.3	1.0	2	252464	n/a
123.28173828125	0.3	1.0	2	252481	n/a
123.2900390625	0.3	0.0	1	252498	n/a
123.29833984375	0.3	0.0	1	252515	n/a
123.306640625	0.3	1.0	2	252532	n/a
123.31494140625	0.3	1.0	2	252549	n/a
123.3232421875	0.3	0.0	1	252566	n/a
123.33154296875	0.3	1.0	2	252583	n/a
123.33984375	0.3	0.0	1	252600	n/a
123.34814453125	0.3	1.0	2	252617	n/a
123.3564453125	0.3	0.0	1	252634	n/a
123.36474609375	0.3	1.0	2	252651	n/a
123.373046875	0.3	0.0	1	252668	n/a
123.38134765625	0.3	1.0	2	252685	n/a
123.39013671875	0.3	0.0	1	252703	n/a
123.3984375	0.3	0.0	1	252720	n/a
123.40673828125	0.3	1.0	2	252737	n/a
123.4150390625	0.3	0.0	1	252754	n/a
123.42333984375	0.3	1.0	2	252771	n/a
123.431640625	0.3	1.0	2	252788	n/a
123.43994140625	0.3	0.0	1	252805	n/a
123.4482421875	0.3	1.0	2	252822	n/a
123.45654296875	0.3	0.0	1	252839	n/a
123.46484375	0.3	0.0	1	252856	n/a
123.47314453125	0.3	1.0	2	252873	n/a
123.4814453125	0.3	1.0	2	252890	n/a
123.48974609375	0.3	0.0	1	252907	n/a
123.498046875	0.3	1.0	2	252924	n/a
123.50634765625	0.3	0.0	1	252941	n/a
123.51513671875	0.3	1.0	2	252959	n/a
123.5234375	0.3	0.0	1	252976	n/a
123.53173828125	0.3	0.0	1	252993	n/a
123.5400390625	0.3	1.0	2	253010	n/a
123.54833984375	0.3	0.0	1	253027	n/a
123.556640625	0.3	1.0	2	253044	n/a
123.56494140625	0.3	0.0	1	253061	n/a
123.5732421875	0.3	1.0	2	253078	n/a
123.58154296875	0.3	1.0	2	253095	n/a
123.58984375	0.3	0.0	1	253112	n/a
123.59814453125	0.3	0.0	1	253129	n/a
123.6064453125	0.3	1.0	2	253146	n/a
123.61474609375	0.3	0.0	1	253163	n/a
123.623046875	0.3	1.0	2	253180	n/a
123.63134765625	0.3	1.0	2	253197	n/a
123.64013671875	0.3	0.0	1	253215	n/a
123.6484375	0.3	0.0	1	253232	n/a
123.65673828125	0.3	1.0	2	253249	n/a
123.6650390625	0.3	0.0	1	253266	n/a
123.67333984375	0.3	1.0	2	253283	n/a
123.681640625	0.3	0.0	1	253300	n/a
123.68994140625	0.3	1.0	2	253317	n/a
123.6982421875	0.3	1.0	2	253334	n/a
123.70654296875	0.3	0.0	1	253351	n/a
123.71484375	0.3	0.0	1	253368	n/a
123.72314453125	0.3	1.0	2	253385	n/a
123.7314453125	0.3	1.0	2	253402	n/a
123.73974609375	0.3	0.0	1	253419	n/a
123.748046875	0.3	0.0	1	253436	n/a
123.75634765625	0.3	1.0	2	253453	n/a
123.76513671875	0.3	0.0	1	253471	n/a
123.7734375	0.3	1.0	2	253488	n/a
123.78173828125	0.3	0.0	1	253505	n/a
123.7900390625	0.3	1.0	2	253522	n/a
123.79833984375	0.3	0.0	1	253539	n/a
123.806640625	0.3	1.0	2	253556	n/a
123.81494140625	0.3	0.0	1	253573	n/a
123.8232421875	0.3	1.0	2	253590	n/a
123.83154296875	0.3	0.0	1	253607	n/a
123.83984375	0.3	1.0	2	253624	n/a
123.84814453125	0.3	1.0	2	253641	n/a
123.8564453125	0.3	0.0	1	253658	n/a
123.86474609375	0.3	0.0	1	253675	n/a
123.873046875	0.3	1.0	2	253692	n/a
123.88134765625	0.3	1.0	2	253709	n/a
123.89013671875	0.3	0.0	1	253727	n/a
123.8984375	0.3	0.0	1	253744	n/a
123.90673828125	0.3	1.0	2	253761	n/a
123.9150390625	0.3	0.0	1	253778	n/a
123.92333984375	0.3	1.0	2	253795	n/a
123.931640625	0.3	1.0	2	253812	n/a
123.93994140625	0.3	0.0	1	253829	n/a
123.9482421875	0.3	1.0	2	253846	n/a
123.95654296875	0.3	0.0	1	253863	n/a
123.96484375	0.3	1.0	2	253880	n/a
123.97314453125	0.3	0.0	1	253897	n/a
123.9814453125	0.3	1.0	2	253914	n/a
123.98974609375	0.3	0.0	1	253931	n/a
123.998046875	0.3	1.0	2	253948	n/a
124.00634765625	0.3	0.0	1	253965	n/a
124.01513671875	0.3	0.0	1	253983	n/a
124.0234375	0.3	1.0	2	254000	n/a
124.03173828125	0.3	0.0	1	254017	n/a
124.0400390625	0.3	1.0	2	254034	n/a
124.04833984375	0.3	1.0	2	254051	n/a
124.056640625	0.3	0.0	1	254068	n/a
124.06494140625	0.3	0.0	1	254085	n/a
124.0732421875	0.3	1.0	2	254102	n/a
124.08154296875	0.3	1.0	2	254119	n/a
124.08984375	0.3	0.0	1	254136	n/a
124.09814453125	0.3	1.0	2	254153	n/a
124.1064453125	0.3	0.0	1	254170	n/a
124.11474609375	0.3	1.0	2	254187	n/a
124.123046875	0.3	0.0	1	254204	n/a
124.13134765625	0.3	0.0	1	254221	n/a
124.14013671875	0.3	1.0	2	254239	n/a
124.1484375	0.3	0.0	1	254256	n/a
124.15673828125	0.3	1.0	2	254273	n/a
124.1650390625	0.3	1.0	2	254290	n/a
124.17333984375	0.3	0.0	1	254307	n/a
124.181640625	0.3	0.0	1	254324	n/a
124.18994140625	0.3	1.0	2	254341	n/a
124.1982421875	0.3	1.0	2	254358	n/a
124.20654296875	0.3	0.0	1	254375	n/a
124.21484375	0.3	0.0	1	254392	n/a
124.22314453125	0.3	1.0	2	254409	n/a
124.2314453125	0.3	0.0	1	254426	n/a
124.23974609375	0.3	1.0	2	254443	n/a
124.248046875	0.3	1.0	2	254460	n/a
124.25634765625	0.3	0.0	1	254477	n/a
124.26513671875	0.3	1.0	2	254495	n/a
124.2734375	0.3	0.0	1	254512	n/a
124.28173828125	0.3	1.0	2	254529	n/a
124.2900390625	0.3	0.0	1	254546	n/a
124.29833984375	0.3	0.0	1	254563	n/a
124.306640625	0.3	1.0	2	254580	n/a
124.31494140625	0.3	0.0	1	254597	n/a
124.3232421875	0.3	1.0	2	254614	n/a
124.33154296875	0.3	1.0	2	254631	n/a
124.33984375	0.3	0.0	1	254648	n/a
124.34814453125	0.3	0.0	1	254665	n/a
124.3564453125	0.3	1.0	2	254682	n/a
124.36474609375	0.3	1.0	2	254699	n/a
124.373046875	0.3	0.0	1	254716	n/a
124.38134765625	0.3	1.0	2	254733	n/a
124.39013671875	0.3	0.0	1	254751	n/a
124.3984375	0.3	1.0	2	254768	n/a
124.40673828125	0.3	0.0	1	254785	n/a
124.4150390625	0.3	1.0	2	254802	n/a
124.42333984375	0.3	0.0	1	254819	n/a
124.431640625	0.3	1.0	2	254836	n/a
124.43994140625	0.3	0.0	1	254853	n/a
124.4482421875	0.3	0.0	1	254870	n/a
124.45654296875	0.3	1.0	2	254887	n/a
124.46484375	0.3	0.0	1	254904	n/a
124.47314453125	0.3	1.0	2	254921	n/a
124.4814453125	0.3	1.0	2	254938	n/a
124.48974609375	0.3	0.0	1	254955	n/a
124.498046875	0.3	1.0	2	254972	n/a
124.50634765625	0.3	0.0	1	254989	n/a
124.51513671875	0.3	0.0	1	255007	n/a
124.5234375	0.3	1.0	2	255024	n/a
124.53173828125	0.3	1.0	2	255041	n/a
124.5400390625	0.3	0.0	1	255058	n/a
124.54833984375	0.3	1.0	2	255075	n/a
124.556640625	0.3	0.0	1	255092	n/a
124.56494140625	0.3	1.0	2	255109	n/a
124.5732421875	0.3	0.0	1	255126	n/a
124.58154296875	0.3	0.0	1	255143	n/a
124.58984375	0.3	1.0	2	255160	n/a
124.59814453125	0.3	0.0	1	255177	n/a
124.6064453125	0.3	1.0	2	255194	n/a
124.61474609375	0.3	0.0	1	255211	n/a
124.623046875	0.3	1.0	2	255228	n/a
124.63134765625	0.3	1.0	2	255245	n/a
124.64013671875	0.3	0.0	1	255263	n/a
124.6484375	0.3	0.0	1	255280	n/a
124.65673828125	0.3	1.0	2	255297	n/a
124.6650390625	0.3	0.0	1	255314	n/a
124.67333984375	0.3	1.0	2	255331	n/a
124.681640625	0.3	1.0	2	255348	n/a
124.68994140625	0.3	0.0	1	255365	n/a
124.6982421875	0.3	0.0	1	255382	n/a
124.70654296875	0.3	1.0	2	255399	n/a
124.71484375	0.3	0.0	1	255416	n/a
124.72314453125	0.3	1.0	2	255433	n/a
124.7314453125	0.3	0.0	1	255450	n/a
124.73974609375	0.3	1.0	2	255467	n/a
124.748046875	0.3	1.0	2	255484	n/a
124.75634765625	0.3	0.0	1	255501	n/a
124.76513671875	0.3	0.0	1	255519	n/a
124.7734375	0.3	1.0	2	255536	n/a
124.78173828125	0.3	1.0	2	255553	n/a
124.7900390625	0.3	0.0	1	255570	n/a
124.79833984375	0.3	0.0	1	255587	n/a
124.806640625	0.3	1.0	2	255604	n/a
124.81494140625	0.3	0.0	1	255621	n/a
124.8232421875	0.3	1.0	2	255638	n/a
124.83154296875	0.3	0.0	1	255655	n/a
124.83984375	0.3	1.0	2	255672	n/a
124.84814453125	0.3	0.0	1	255689	n/a
124.8564453125	0.3	1.0	2	255706	n/a
124.86474609375	0.3	0.0	1	255723	n/a
124.873046875	0.3	1.0	2	255740	n/a
124.88134765625	0.3	0.0	1	255757	n/a
124.89013671875	0.3	1.0	2	255775	n/a
124.8984375	0.3	1.0	2	255792	n/a
124.90673828125	0.3	0.0	1	255809	n/a
124.9150390625	0.3	0.0	1	255826	n/a
124.92333984375	0.3	1.0	2	255843	n/a
124.931640625	0.3	1.0	2	255860	n/a
124.93994140625	0.3	0.0	1	255877	n/a
124.9482421875	0.3	0.0	1	255894	n/a
124.95654296875	0.3	1.0	2	255911	n/a
124.96484375	0.3	0.0	1	255928	n/a
124.97314453125	0.3	1.0	2	255945	n/a
124.9814453125	0.3	1.0	2	255962	n/a
124.98974609375	0.3	0.0	1	255979	n/a
124.998046875	0.3	1.0	2	255996	n/a
125.00634765625	0.3	0.0	1	256013	n/a
125.01513671875	0.3	1.0	2	256031	n/a
125.0234375	0.3	0.0	1	256048	n/a
125.03173828125	0.3	1.0	2	256065	n/a
125.0400390625	0.3	0.0	1	256082	n/a
125.04833984375	0.3	1.0	2	256099	n/a
125.056640625	0.3	0.0	1	256116	n/a
125.06494140625	0.3	0.0	1	256133	n/a
125.0732421875	0.3	1.0	2	256150	n/a
125.08154296875	0.3	0.0	1	256167	n/a
125.08984375	0.3	1.0	2	256184	n/a
125.09814453125	0.3	1.0	2	256201	n/a
125.1064453125	0.3	0.0	1	256218	n/a
125.11474609375	0.3	0.0	1	256235	n/a
125.123046875	0.3	1.0	2	256252	n/a
125.13134765625	0.3	1.0	2	256269	n/a
125.14013671875	0.3	0.0	1	256287	n/a
125.1484375	0.3	1.0	2	256304	n/a
125.15673828125	0.3	0.0	1	256321	n/a
125.1650390625	0.3	1.0	2	256338	n/a
125.17333984375	0.3	0.0	1	256355	n/a
125.181640625	0.3	0.0	1	256372	n/a
125.18994140625	0.3	1.0	2	256389	n/a
125.1982421875	0.3	0.0	1	256406	n/a
125.20654296875	0.3	1.0	2	256423	n/a
125.21484375	0.3	1.0	2	256440	n/a
125.22314453125	0.3	0.0	1	256457	n/a
125.2314453125	0.3	0.0	1	256474	n/a
125.23974609375	0.3	1.0	2	256491	n/a
125.248046875	0.3	1.0	2	256508	n/a
125.25634765625	0.3	0.0	1	256525	n/a
125.26513671875	0.3	0.0	1	256543	n/a
125.2734375	0.3	1.0	2	256560	n/a
125.28173828125	0.3	0.0	1	256577	n/a
125.2900390625	0.3	1.0	2	256594	n/a
125.29833984375	0.3	1.0	2	256611	n/a
125.306640625	0.3	0.0	1	256628	n/a
125.31494140625	0.3	1.0	2	256645	n/a
125.3232421875	0.3	0.0	1	256662	n/a
125.33154296875	0.3	1.0	2	256679	n/a
125.33984375	0.3	0.0	1	256696	n/a
125.34814453125	0.3	0.0	1	256713	n/a
125.3564453125	0.3	1.0	2	256730	n/a
125.36474609375	0.3	0.0	1	256747	n/a
125.373046875	0.3	1.0	2	256764	n/a
125.38134765625	0.3	1.0	2	256781	n/a
125.39013671875	0.3	0.0	1	256799	n/a
125.3984375	0.3	0.0	1	256816	n/a
125.40673828125	0.3	1.0	2	256833	n/a
125.4150390625	0.3	1.0	2	256850	n/a
125.42333984375	0.3	0.0	1	256867	n/a
125.431640625	0.3	1.0	2	256884	n/a
125.43994140625	0.3	0.0	1	256901	n/a
125.4482421875	0.3	1.0	2	256918	n/a
125.45654296875	0.3	0.0	1	256935	n/a
125.46484375	0.3	1.0	2	256952	n/a
125.47314453125	0.3	0.0	1	256969	n/a
125.4814453125	0.3	1.0	2	256986	n/a
125.48974609375	0.3	0.0	1	257003	n/a
125.498046875	0.3	0.0	1	257020	n/a
125.50634765625	0.3	1.0	2	257037	n/a
125.51513671875	0.3	0.0	1	257055	n/a
125.5234375	0.3	1.0	2	257072	n/a
125.53173828125	0.3	1.0	2	257089	n/a
125.5400390625	0.3	0.0	1	257106	n/a
125.54833984375	0.3	1.0	2	257123	n/a
125.556640625	0.3	0.0	1	257140	n/a
125.56494140625	0.3	0.0	1	257157	n/a
125.5732421875	0.3	1.0	2	257174	n/a
125.58154296875	0.3	1.0	2	257191	n/a
125.58984375	0.3	0.0	1	257208	n/a
125.59814453125	0.3	1.0	2	257225	n/a
125.6064453125	0.3	0.0	1	257242	n/a
125.61474609375	0.3	1.0	2	257259	n/a
125.623046875	0.3	0.0	1	257276	n/a
125.63134765625	0.3	0.0	1	257293	n/a
125.64013671875	0.3	1.0	2	257311	n/a
125.6484375	0.3	0.0	1	257328	n/a
125.65673828125	0.3	1.0	2	257345	n/a
125.6650390625	0.3	0.0	1	257362	n/a
125.67333984375	0.3	1.0	2	257379	n/a
125.681640625	0.3	1.0	2	257396	n/a
125.68994140625	0.3	0.0	1	257413	n/a
125.6982421875	0.3	0.0	1	257430	n/a
125.70654296875	0.3	1.0	2	257447	n/a
125.71484375	0.3	0.0	1	257464	n/a
125.72314453125	0.3	1.0	2	257481	n/a
125.7314453125	0.3	1.0	2	257498	n/a
125.73974609375	0.3	0.0	1	257515	n/a
125.748046875	0.3	0.0	1	257532	n/a
125.75634765625	0.3	1.0	2	257549	n/a
125.76513671875	0.3	0.0	1	257567	n/a
125.7734375	0.3	1.0	2	257584	n/a
125.78173828125	0.3	0.0	1	257601	n/a
125.7900390625	0.3	1.0	2	257618	n/a
125.79833984375	0.3	1.0	2	257635	n/a
125.806640625	0.3	0.0	1	257652	n/a
125.81494140625	0.3	0.0	1	257669	n/a
125.8232421875	0.3	1.0	2	257686	n/a
125.83154296875	0.3	1.0	2	257703	n/a
125.83984375	0.3	0.0	1	257720	n/a
125.84814453125	0.3	0.0	1	257737	n/a
125.8564453125	0.3	1.0	2	257754	n/a
125.86474609375	0.3	0.0	1	257771	n/a
125.873046875	0.3	1.0	2	257788	n/a
125.88134765625	0.3	0.0	1	257805	n/a
125.89013671875	0.3	1.0	2	257823	n/a
125.8984375	0.3	0.0	1	257840	n/a
125.90673828125	0.3	1.0	2	257857	n/a
125.9150390625	0.3	0.0	1	257874	n/a
125.92333984375	0.3	1.0	2	257891	n/a
125.931640625	0.3	0.0	1	257908	n/a
125.93994140625	0.3	1.0	2	257925	n/a
125.9482421875	0.3	1.0	2	257942	n/a
125.95654296875	0.3	0.0	1	257959	n/a
125.96484375	0.3	0.0	1	257976	n/a
125.97314453125	0.3	1.0	2	257993	n/a
125.9814453125	0.3	1.0	2	258010	n/a
125.98974609375	0.3	0.0	1	258027	n/a
125.998046875	0.3	0.0	1	258044	n/a
126.00634765625	0.3	1.0	2	258061	n/a
126.01513671875	0.3	0.0	1	258079	n/a
126.0234375	0.3	1.0	2	258096	n/a
126.03173828125	0.3	1.0	2	258113	n/a
126.0400390625	0.3	0.0	1	258130	n/a
126.04833984375	0.3	1.0	2	258147	n/a
126.056640625	0.3	0.0	1	258164	n/a
126.06494140625	0.3	1.0	2	258181	n/a
126.0732421875	0.3	0.0	1	258198	n/a
126.08154296875	0.3	1.0	2	258215	n/a
126.08984375	0.3	0.0	1	258232	n/a
126.09814453125	0.3	1.0	2	258249	n/a
126.1064453125	0.3	0.0	1	258266	n/a
126.11474609375	0.3	0.0	1	258283	n/a
126.123046875	0.3	1.0	2	258300	n/a
126.13134765625	0.3	0.0	1	258317	n/a
126.14013671875	0.3	1.0	2	258335	n/a
126.1484375	0.3	1.0	2	258352	n/a
126.15673828125	0.3	0.0	1	258369	n/a
126.1650390625	0.3	0.0	1	258386	n/a
126.17333984375	0.3	1.0	2	258403	n/a
126.181640625	0.3	1.0	2	258420	n/a
126.18994140625	0.3	0.0	1	258437	n/a
126.1982421875	0.3	1.0	2	258454	n/a
126.20654296875	0.3	0.0	1	258471	n/a
126.21484375	0.3	1.0	2	258488	n/a
126.22314453125	0.3	0.0	1	258505	n/a
126.2314453125	0.3	0.0	1	258522	n/a
126.23974609375	0.3	1.0	2	258539	n/a
126.248046875	0.3	0.0	1	258556	n/a
126.25634765625	0.3	1.0	2	258573	n/a
126.26513671875	0.3	1.0	2	258591	n/a
126.2734375	0.3	0.0	1	258608	n/a
126.28173828125	0.3	0.0	1	258625	n/a
126.2900390625	0.3	1.0	2	258642	n/a
126.29833984375	0.3	1.0	2	258659	n/a
126.306640625	0.3	0.0	1	258676	n/a
126.31494140625	0.3	0.0	1	258693	n/a
126.3232421875	0.3	1.0	2	258710	n/a
126.33154296875	0.3	0.0	1	258727	n/a
126.33984375	0.3	1.0	2	258744	n/a
126.34814453125	0.3	1.0	2	258761	n/a
126.3564453125	0.3	0.0	1	258778	n/a
126.36474609375	0.3	1.0	2	258795	n/a
126.373046875	0.3	0.0	1	258812	n/a
126.38134765625	0.3	1.0	2	258829	n/a
126.39013671875	0.3	0.0	1	258847	n/a
126.3984375	0.3	0.0	1	258864	n/a
126.40673828125	0.3	1.0	2	258881	n/a
126.4150390625	0.3	0.0	1	258898	n/a
126.42333984375	0.3	1.0	2	258915	n/a
126.431640625	0.3	1.0	2	258932	n/a
126.43994140625	0.3	0.0	1	258949	n/a
126.4482421875	0.3	0.0	1	258966	n/a
126.45654296875	0.3	1.0	2	258983	n/a
126.46484375	0.3	1.0	2	259000	n/a
126.47314453125	0.3	0.0	1	259017	n/a
126.4814453125	0.3	1.0	2	259034	n/a
126.48974609375	0.3	0.0	1	259051	n/a
126.498046875	0.3	1.0	2	259068	n/a
126.50634765625	0.3	0.0	1	259085	n/a
126.51513671875	0.3	1.0	2	259103	n/a
126.5234375	0.3	0.0	1	259120	n/a
126.53173828125	0.3	1.0	2	259137	n/a
126.5400390625	0.3	0.0	1	259154	n/a
126.54833984375	0.3	0.0	1	259171	n/a
126.556640625	0.3	1.0	2	259188	n/a
126.56494140625	0.3	0.0	1	259205	n/a
126.5732421875	0.3	1.0	2	259222	n/a
126.58154296875	0.3	1.0	2	259239	n/a
126.58984375	0.3	0.0	1	259256	n/a
126.59814453125	0.3	1.0	2	259273	n/a
126.6064453125	0.3	0.0	1	259290	n/a
126.61474609375	0.3	0.0	1	259307	n/a
126.623046875	0.3	1.0	2	259324	n/a
126.63134765625	0.3	1.0	2	259341	n/a
126.64013671875	0.3	0.0	1	259359	n/a
126.6484375	0.3	1.0	2	259376	n/a
126.65673828125	0.3	0.0	1	259393	n/a
126.6650390625	0.3	1.0	2	259410	n/a
126.67333984375	0.3	0.0	1	259427	n/a
126.681640625	0.3	0.0	1	259444	n/a
126.68994140625	0.3	1.0	2	259461	n/a
126.6982421875	0.3	0.0	1	259478	n/a
126.70654296875	0.3	1.0	2	259495	n/a
126.71484375	0.3	0.0	1	259512	n/a
126.72314453125	0.3	1.0	2	259529	n/a
126.7314453125	0.3	1.0	2	259546	n/a
126.73974609375	0.3	0.0	1	259563	n/a
126.748046875	0.3	0.0	1	259580	n/a
126.75634765625	0.3	1.0	2	259597	n/a
126.76513671875	0.3	0.0	1	259615	n/a
126.7734375	0.3	1.0	2	259632	n/a
126.78173828125	0.3	1.0	2	259649	n/a
126.7900390625	0.3	0.0	1	259666	n/a
126.79833984375	0.3	0.0	1	259683	n/a
126.806640625	0.3	1.0	2	259700	n/a
126.81494140625	0.3	0.0	1	259717	n/a
126.8232421875	0.3	1.0	2	259734	n/a
126.83154296875	0.3	0.0	1	259751	n/a
126.83984375	0.3	1.0	2	259768	n/a
126.84814453125	0.3	1.0	2	259785	n/a
126.8564453125	0.3	0.0	1	259802	n/a
126.86474609375	0.3	0.0	1	259819	n/a
126.873046875	0.3	1.0	2	259836	n/a
126.88134765625	0.3	1.0	2	259853	n/a
126.89013671875	0.3	0.0	1	259871	n/a
129.2734375	0.3	0.0	1	264752	31.0
129.28173828125	0.3	1.0	2	264769	n/a
129.2900390625	0.3	0.0	1	264786	n/a
129.29833984375	0.3	1.0	2	264803	n/a
129.306640625	0.3	1.0	2	264820	n/a
129.31494140625	0.3	0.0	1	264837	n/a
129.3232421875	0.3	1.0	2	264854	n/a
129.33154296875	0.3	0.0	1	264871	n/a
129.34033203125	0.3	1.0	2	264889	n/a
129.3486328125	0.3	0.0	1	264906	n/a
129.35693359375	0.3	1.0	2	264923	n/a
129.365234375	0.3	0.0	1	264940	n/a
129.37353515625	0.3	1.0	2	264957	n/a
129.3818359375	0.3	0.0	1	264974	n/a
129.39013671875	0.3	1.0	2	264991	n/a
129.3984375	0.3	0.0	1	265008	n/a
129.40673828125	0.3	0.0	1	265025	n/a
129.4150390625	0.3	1.0	2	265042	n/a
129.42333984375	0.3	1.0	2	265059	n/a
129.431640625	0.3	0.0	1	265076	n/a
129.43994140625	0.3	0.0	1	265093	n/a
129.4482421875	0.3	1.0	2	265110	n/a
129.45654296875	0.3	0.0	1	265127	n/a
129.46533203125	0.3	1.0	2	265145	n/a
129.4736328125	0.3	1.0	2	265162	n/a
129.48193359375	0.3	0.0	1	265179	n/a
129.490234375	0.3	0.0	1	265196	n/a
129.49853515625	0.3	1.0	2	265213	n/a
129.5068359375	0.3	0.0	1	265230	n/a
129.51513671875	0.3	1.0	2	265247	n/a
129.5234375	0.3	1.0	2	265264	n/a
129.53173828125	0.3	0.0	1	265281	n/a
129.5400390625	0.3	1.0	2	265298	n/a
129.54833984375	0.3	0.0	1	265315	n/a
129.556640625	0.3	0.0	1	265332	n/a
129.56494140625	0.3	1.0	2	265349	n/a
129.5732421875	0.3	1.0	2	265366	n/a
129.58154296875	0.3	0.0	1	265383	n/a
129.59033203125	0.3	1.0	2	265401	n/a
129.5986328125	0.3	0.0	1	265418	n/a
129.60693359375	0.3	0.0	1	265435	n/a
129.615234375	0.3	1.0	2	265452	n/a
129.62353515625	0.3	1.0	2	265469	n/a
129.6318359375	0.3	0.0	1	265486	n/a
129.64013671875	0.3	0.0	1	265503	n/a
129.6484375	0.3	1.0	2	265520	n/a
129.65673828125	0.3	1.0	2	265537	n/a
129.6650390625	0.3	0.0	1	265554	n/a
129.67333984375	0.3	0.0	1	265571	n/a
129.681640625	0.3	1.0	2	265588	n/a
129.68994140625	0.3	1.0	2	265605	n/a
129.6982421875	0.3	0.0	1	265622	n/a
129.70654296875	0.3	0.0	1	265639	n/a
129.71533203125	0.3	1.0	2	265657	n/a
129.7236328125	0.3	0.0	1	265674	n/a
129.73193359375	0.3	1.0	2	265691	n/a
129.740234375	0.3	0.0	1	265708	n/a
129.74853515625	0.3	1.0	2	265725	n/a
129.7568359375	0.3	0.0	1	265742	n/a
129.76513671875	0.3	1.0	2	265759	n/a
129.7734375	0.3	0.0	1	265776	n/a
129.78173828125	0.3	1.0	2	265793	n/a
129.7900390625	0.3	1.0	2	265810	n/a
129.79833984375	0.3	0.0	1	265827	n/a
129.806640625	0.3	1.0	2	265844	n/a
129.81494140625	0.3	0.0	1	265861	n/a
129.8232421875	0.3	0.0	1	265878	n/a
129.83154296875	0.3	1.0	2	265895	n/a
129.84033203125	0.3	0.0	1	265913	n/a
129.8486328125	0.3	1.0	2	265930	n/a
129.85693359375	0.3	0.0	1	265947	n/a
129.865234375	0.3	1.0	2	265964	n/a
129.87353515625	0.3	1.0	2	265981	n/a
129.8818359375	0.3	0.0	1	265998	n/a
129.89013671875	0.3	0.0	1	266015	n/a
129.8984375	0.3	1.0	2	266032	n/a
129.90673828125	0.3	1.0	2	266049	n/a
129.9150390625	0.3	0.0	1	266066	n/a
129.92333984375	0.3	1.0	2	266083	n/a
129.931640625	0.3	0.0	1	266100	n/a
129.93994140625	0.3	1.0	2	266117	n/a
129.9482421875	0.3	0.0	1	266134	n/a
129.95654296875	0.3	1.0	2	266151	n/a
129.96533203125	0.3	0.0	1	266169	n/a
129.9736328125	0.3	0.0	1	266186	n/a
129.98193359375	0.3	1.0	2	266203	n/a
129.990234375	0.3	1.0	2	266220	n/a
129.99853515625	0.3	0.0	1	266237	n/a
130.0068359375	0.3	1.0	2	266254	n/a
130.01513671875	0.3	0.0	1	266271	n/a
130.0234375	0.3	0.0	1	266288	n/a
130.03173828125	0.3	1.0	2	266305	n/a
130.0400390625	0.3	1.0	2	266322	n/a
130.04833984375	0.3	0.0	1	266339	n/a
130.056640625	0.3	0.0	1	266356	n/a
130.06494140625	0.3	1.0	2	266373	n/a
130.0732421875	0.3	0.0	1	266390	n/a
130.08154296875	0.3	1.0	2	266407	n/a
130.09033203125	0.3	0.0	1	266425	n/a
130.0986328125	0.3	1.0	2	266442	n/a
130.10693359375	0.3	1.0	2	266459	n/a
130.115234375	0.3	0.0	1	266476	n/a
130.12353515625	0.3	0.0	1	266493	n/a
130.1318359375	0.3	1.0	2	266510	n/a
130.14013671875	0.3	0.0	1	266527	n/a
130.1484375	0.3	1.0	2	266544	n/a
130.15673828125	0.3	0.0	1	266561	n/a
130.1650390625	0.3	1.0	2	266578	n/a
130.17333984375	0.3	0.0	1	266595	n/a
130.181640625	0.3	1.0	2	266612	n/a
130.18994140625	0.3	1.0	2	266629	n/a
130.1982421875	0.3	0.0	1	266646	n/a
130.20654296875	0.3	1.0	2	266663	n/a
130.21533203125	0.3	0.0	1	266681	n/a
130.2236328125	0.3	1.0	2	266698	n/a
130.23193359375	0.3	0.0	1	266715	n/a
130.240234375	0.3	0.0	1	266732	n/a
130.24853515625	0.3	1.0	2	266749	n/a
130.2568359375	0.3	0.0	1	266766	n/a
130.26513671875	0.3	1.0	2	266783	n/a
130.2734375	0.3	1.0	2	266800	n/a
130.28173828125	0.3	0.0	1	266817	n/a
130.2900390625	0.3	1.0	2	266834	n/a
130.29833984375	0.3	0.0	1	266851	n/a
130.306640625	0.3	0.0	1	266868	n/a
130.31494140625	0.3	1.0	2	266885	n/a
130.3232421875	0.3	0.0	1	266902	n/a
130.33154296875	0.3	1.0	2	266919	n/a
130.34033203125	0.3	0.0	1	266937	n/a
130.3486328125	0.3	1.0	2	266954	n/a
130.35693359375	0.3	1.0	2	266971	n/a
130.365234375	0.3	0.0	1	266988	n/a
130.37353515625	0.3	1.0	2	267005	n/a
130.3818359375	0.3	0.0	1	267022	n/a
130.39013671875	0.3	1.0	2	267039	n/a
130.3984375	0.3	0.0	1	267056	n/a
130.40673828125	0.3	1.0	2	267073	n/a
130.4150390625	0.3	0.0	1	267090	n/a
130.42333984375	0.3	1.0	2	267107	n/a
130.431640625	0.3	0.0	1	267124	n/a
130.43994140625	0.3	1.0	2	267141	n/a
130.4482421875	0.3	0.0	1	267158	n/a
130.45654296875	0.3	0.0	1	267175	n/a
130.46533203125	0.3	1.0	2	267193	n/a
130.4736328125	0.3	1.0	2	267210	n/a
130.48193359375	0.3	0.0	1	267227	n/a
130.490234375	0.3	0.0	1	267244	n/a
130.49853515625	0.3	1.0	2	267261	n/a
130.5068359375	0.3	0.0	1	267278	n/a
130.51513671875	0.3	1.0	2	267295	n/a
130.5234375	0.3	1.0	2	267312	n/a
130.53173828125	0.3	0.0	1	267329	n/a
130.5400390625	0.3	0.0	1	267346	n/a
130.54833984375	0.3	1.0	2	267363	n/a
130.556640625	0.3	0.0	1	267380	n/a
130.56494140625	0.3	1.0	2	267397	n/a
130.5732421875	0.3	1.0	2	267414	n/a
130.58154296875	0.3	0.0	1	267431	n/a
130.59033203125	0.3	1.0	2	267449	n/a
130.5986328125	0.3	0.0	1	267466	n/a
130.60693359375	0.3	0.0	1	267483	n/a
130.615234375	0.3	1.0	2	267500	n/a
130.62353515625	0.3	1.0	2	267517	n/a
130.6318359375	0.3	0.0	1	267534	n/a
130.64013671875	0.3	1.0	2	267551	n/a
130.6484375	0.3	0.0	1	267568	n/a
130.65673828125	0.3	0.0	1	267585	n/a
130.6650390625	0.3	1.0	2	267602	n/a
130.67333984375	0.3	1.0	2	267619	n/a
130.681640625	0.3	0.0	1	267636	n/a
130.68994140625	0.3	0.0	1	267653	n/a
130.6982421875	0.3	1.0	2	267670	n/a
130.70654296875	0.3	1.0	2	267687	n/a
130.71533203125	0.3	0.0	1	267705	n/a
130.7236328125	0.3	0.0	1	267722	n/a
130.73193359375	0.3	1.0	2	267739	n/a
130.740234375	0.3	1.0	2	267756	n/a
130.74853515625	0.3	0.0	1	267773	n/a
130.7568359375	0.3	0.0	1	267790	n/a
130.76513671875	0.3	1.0	2	267807	n/a
130.7734375	0.3	0.0	1	267824	n/a
130.78173828125	0.3	1.0	2	267841	n/a
130.7900390625	0.3	0.0	1	267858	n/a
130.79833984375	0.3	1.0	2	267875	n/a
130.806640625	0.3	0.0	1	267892	n/a
130.81494140625	0.3	1.0	2	267909	n/a
130.8232421875	0.3	0.0	1	267926	n/a
130.83154296875	0.3	1.0	2	267943	n/a
130.84033203125	0.3	1.0	2	267961	n/a
130.8486328125	0.3	0.0	1	267978	n/a
130.85693359375	0.3	1.0	2	267995	n/a
130.865234375	0.3	0.0	1	268012	n/a
130.87353515625	0.3	0.0	1	268029	n/a
130.8818359375	0.3	1.0	2	268046	n/a
130.89013671875	0.3	0.0	1	268063	n/a
130.8984375	0.3	1.0	2	268080	n/a
130.90673828125	0.3	0.0	1	268097	n/a
130.9150390625	0.3	1.0	2	268114	n/a
130.92333984375	0.3	1.0	2	268131	n/a
130.931640625	0.3	0.0	1	268148	n/a
130.93994140625	0.3	0.0	1	268165	n/a
130.9482421875	0.3	1.0	2	268182	n/a
130.95654296875	0.3	1.0	2	268199	n/a
130.96533203125	0.3	0.0	1	268217	n/a
130.9736328125	0.3	1.0	2	268234	n/a
130.98193359375	0.3	0.0	1	268251	n/a
130.990234375	0.3	1.0	2	268268	n/a
130.99853515625	0.3	0.0	1	268285	n/a
131.0068359375	0.3	1.0	2	268302	n/a
131.01513671875	0.3	0.0	1	268319	n/a
131.0234375	0.3	0.0	1	268336	n/a
131.03173828125	0.3	1.0	2	268353	n/a
131.0400390625	0.3	1.0	2	268370	n/a
131.04833984375	0.3	0.0	1	268387	n/a
131.056640625	0.3	1.0	2	268404	n/a
131.06494140625	0.3	0.0	1	268421	n/a
131.0732421875	0.3	0.0	1	268438	n/a
131.08154296875	0.3	1.0	2	268455	n/a
131.09033203125	0.3	1.0	2	268473	n/a
131.0986328125	0.3	0.0	1	268490	n/a
131.10693359375	0.3	0.0	1	268507	n/a
131.115234375	0.3	1.0	2	268524	n/a
131.12353515625	0.3	0.0	1	268541	n/a
131.1318359375	0.3	1.0	2	268558	n/a
131.14013671875	0.3	0.0	1	268575	n/a
131.1484375	0.3	1.0	2	268592	n/a
131.15673828125	0.3	1.0	2	268609	n/a
131.1650390625	0.3	0.0	1	268626	n/a
131.17333984375	0.3	0.0	1	268643	n/a
131.181640625	0.3	1.0	2	268660	n/a
131.18994140625	0.3	0.0	1	268677	n/a
131.1982421875	0.3	1.0	2	268694	n/a
131.20654296875	0.3	0.0	1	268711	n/a
131.21533203125	0.3	1.0	2	268729	n/a
131.2236328125	0.3	0.0	1	268746	n/a
131.23193359375	0.3	1.0	2	268763	n/a
131.240234375	0.3	1.0	2	268780	n/a
131.24853515625	0.3	0.0	1	268797	n/a
131.2568359375	0.3	1.0	2	268814	n/a
131.26513671875	0.3	0.0	1	268831	n/a
131.2734375	0.3	1.0	2	268848	n/a
131.28173828125	0.3	0.0	1	268865	n/a
131.2900390625	0.3	0.0	1	268882	n/a
131.29833984375	0.3	1.0	2	268899	n/a
131.306640625	0.3	0.0	1	268916	n/a
131.31494140625	0.3	1.0	2	268933	n/a
131.3232421875	0.3	1.0	2	268950	n/a
131.33154296875	0.3	0.0	1	268967	n/a
131.34033203125	0.3	1.0	2	268985	n/a
131.3486328125	0.3	0.0	1	269002	n/a
131.35693359375	0.3	0.0	1	269019	n/a
131.365234375	0.3	1.0	2	269036	n/a
131.37353515625	0.3	0.0	1	269053	n/a
131.3818359375	0.3	1.0	2	269070	n/a
131.39013671875	0.3	0.0	1	269087	n/a
131.3984375	0.3	1.0	2	269104	n/a
131.40673828125	0.3	1.0	2	269121	n/a
131.4150390625	0.3	0.0	1	269138	n/a
131.42333984375	0.3	1.0	2	269155	n/a
131.431640625	0.3	0.0	1	269172	n/a
131.43994140625	0.3	1.0	2	269189	n/a
131.4482421875	0.3	0.0	1	269206	n/a
131.45654296875	0.3	1.0	2	269223	n/a
131.46533203125	0.3	0.0	1	269241	n/a
131.4736328125	0.3	1.0	2	269258	n/a
131.48193359375	0.3	0.0	1	269275	n/a
131.490234375	0.3	1.0	2	269292	n/a
131.49853515625	0.3	0.0	1	269309	n/a
131.5068359375	0.3	0.0	1	269326	n/a
131.51513671875	0.3	1.0	2	269343	n/a
131.5234375	0.3	1.0	2	269360	n/a
131.53173828125	0.3	0.0	1	269377	n/a
131.5400390625	0.3	0.0	1	269394	n/a
131.54833984375	0.3	1.0	2	269411	n/a
131.556640625	0.3	0.0	1	269428	n/a
131.56494140625	0.3	1.0	2	269445	n/a
131.5732421875	0.3	1.0	2	269462	n/a
131.58154296875	0.3	0.0	1	269479	n/a
131.59033203125	0.3	0.0	1	269497	n/a
131.5986328125	0.3	1.0	2	269514	n/a
131.60693359375	0.3	0.0	1	269531	n/a
131.615234375	0.3	1.0	2	269548	n/a
131.62353515625	0.3	1.0	2	269565	n/a
131.6318359375	0.3	0.0	1	269582	n/a
131.64013671875	0.3	1.0	2	269599	n/a
131.6484375	0.3	0.0	1	269616	n/a
131.65673828125	0.3	0.0	1	269633	n/a
131.6650390625	0.3	1.0	2	269650	n/a
131.67333984375	0.3	1.0	2	269667	n/a
131.681640625	0.3	0.0	1	269684	n/a
131.68994140625	0.3	1.0	2	269701	n/a
131.6982421875	0.3	0.0	1	269718	n/a
131.70654296875	0.3	0.0	1	269735	n/a
131.71533203125	0.3	1.0	2	269753	n/a
131.7236328125	0.3	1.0	2	269770	n/a
131.73193359375	0.3	0.0	1	269787	n/a
131.740234375	0.3	0.0	1	269804	n/a
131.74853515625	0.3	1.0	2	269821	n/a
131.7568359375	0.3	1.0	2	269838	n/a
131.76513671875	0.3	0.0	1	269855	n/a
131.7734375	0.3	0.0	1	269872	n/a
131.78173828125	0.3	1.0	2	269889	n/a
131.7900390625	0.3	1.0	2	269906	n/a
131.79833984375	0.3	0.0	1	269923	n/a
131.806640625	0.3	0.0	1	269940	n/a
131.81494140625	0.3	1.0	2	269957	n/a
131.8232421875	0.3	0.0	1	269974	n/a
131.83154296875	0.3	1.0	2	269991	n/a
131.84033203125	0.3	0.0	1	270009	n/a
131.8486328125	0.3	1.0	2	270026	n/a
131.85693359375	0.3	0.0	1	270043	n/a
131.865234375	0.3	1.0	2	270060	n/a
131.87353515625	0.3	0.0	1	270077	n/a
131.8818359375	0.3	1.0	2	270094	n/a
131.89013671875	0.3	1.0	2	270111	n/a
131.8984375	0.3	0.0	1	270128	n/a
131.90673828125	0.3	1.0	2	270145	n/a
131.9150390625	0.3	0.0	1	270162	n/a
131.92333984375	0.3	0.0	1	270179	n/a
131.931640625	0.3	1.0	2	270196	n/a
131.93994140625	0.3	0.0	1	270213	n/a
131.9482421875	0.3	1.0	2	270230	n/a
131.95654296875	0.3	0.0	1	270247	n/a
131.96533203125	0.3	1.0	2	270265	n/a
131.9736328125	0.3	1.0	2	270282	n/a
131.98193359375	0.3	0.0	1	270299	n/a
131.990234375	0.3	0.0	1	270316	n/a
131.99853515625	0.3	1.0	2	270333	n/a
132.0068359375	0.3	1.0	2	270350	n/a
132.01513671875	0.3	0.0	1	270367	n/a
132.0234375	0.3	1.0	2	270384	n/a
132.03173828125	0.3	0.0	1	270401	n/a
132.0400390625	0.3	1.0	2	270418	n/a
132.04833984375	0.3	0.0	1	270435	n/a
132.056640625	0.3	1.0	2	270452	n/a
132.06494140625	0.3	0.0	1	270469	n/a
132.0732421875	0.3	0.0	1	270486	n/a
132.08154296875	0.3	1.0	2	270503	n/a
132.09033203125	0.3	1.0	2	270521	n/a
132.0986328125	0.3	0.0	1	270538	n/a
132.10693359375	0.3	1.0	2	270555	n/a
132.115234375	0.3	0.0	1	270572	n/a
132.12353515625	0.3	0.0	1	270589	n/a
132.1318359375	0.3	1.0	2	270606	n/a
132.14013671875	0.3	1.0	2	270623	n/a
132.1484375	0.3	0.0	1	270640	n/a
132.15673828125	0.3	0.0	1	270657	n/a
132.1650390625	0.3	1.0	2	270674	n/a
132.17333984375	0.3	0.0	1	270691	n/a
132.181640625	0.3	1.0	2	270708	n/a
132.18994140625	0.3	0.0	1	270725	n/a
132.1982421875	0.3	1.0	2	270742	n/a
132.20654296875	0.3	1.0	2	270759	n/a
132.21533203125	0.3	0.0	1	270777	n/a
132.2236328125	0.3	0.0	1	270794	n/a
132.23193359375	0.3	1.0	2	270811	n/a
132.240234375	0.3	0.0	1	270828	n/a
132.24853515625	0.3	1.0	2	270845	n/a
132.2568359375	0.3	0.0	1	270862	n/a
132.26513671875	0.3	1.0	2	270879	n/a
132.2734375	0.3	0.0	1	270896	n/a
132.28173828125	0.3	1.0	2	270913	n/a
132.2900390625	0.3	1.0	2	270930	n/a
132.29833984375	0.3	0.0	1	270947	n/a
132.306640625	0.3	1.0	2	270964	n/a
132.31494140625	0.3	0.0	1	270981	n/a
132.3232421875	0.3	1.0	2	270998	n/a
132.33154296875	0.3	0.0	1	271015	n/a
132.34033203125	0.3	0.0	1	271033	n/a
132.3486328125	0.3	1.0	2	271050	n/a
132.35693359375	0.3	0.0	1	271067	n/a
132.365234375	0.3	1.0	2	271084	n/a
132.37353515625	0.3	1.0	2	271101	n/a
132.3818359375	0.3	0.0	1	271118	n/a
132.39013671875	0.3	1.0	2	271135	n/a
132.3984375	0.3	0.0	1	271152	n/a
132.40673828125	0.3	0.0	1	271169	n/a
132.4150390625	0.3	1.0	2	271186	n/a
132.42333984375	0.3	0.0	1	271203	n/a
132.431640625	0.3	1.0	2	271220	n/a
132.43994140625	0.3	0.0	1	271237	n/a
132.4482421875	0.3	1.0	2	271254	n/a
132.45654296875	0.3	1.0	2	271271	n/a
132.46533203125	0.3	0.0	1	271289	n/a
132.4736328125	0.3	1.0	2	271306	n/a
132.48193359375	0.3	0.0	1	271323	n/a
132.490234375	0.3	1.0	2	271340	n/a
132.49853515625	0.3	0.0	1	271357	n/a
132.5068359375	0.3	1.0	2	271374	n/a
132.51513671875	0.3	0.0	1	271391	n/a
132.5234375	0.3	1.0	2	271408	n/a
132.53173828125	0.3	0.0	1	271425	n/a
132.5400390625	0.3	1.0	2	271442	n/a
132.54833984375	0.3	0.0	1	271459	n/a
132.556640625	0.3	0.0	1	271476	n/a
132.56494140625	0.3	1.0	2	271493	n/a
132.5732421875	0.3	1.0	2	271510	n/a
132.58154296875	0.3	0.0	1	271527	n/a
132.59033203125	0.3	0.0	1	271545	n/a
132.5986328125	0.3	1.0	2	271562	n/a
132.60693359375	0.3	0.0	1	271579	n/a
132.615234375	0.3	1.0	2	271596	n/a
132.62353515625	0.3	1.0	2	271613	n/a
132.6318359375	0.3	0.0	1	271630	n/a
132.64013671875	0.3	0.0	1	271647	n/a
132.6484375	0.3	1.0	2	271664	n/a
132.65673828125	0.3	0.0	1	271681	n/a
132.6650390625	0.3	1.0	2	271698	n/a
132.67333984375	0.3	1.0	2	271715	n/a
132.681640625	0.3	0.0	1	271732	n/a
132.68994140625	0.3	1.0	2	271749	n/a
132.6982421875	0.3	0.0	1	271766	n/a
132.70654296875	0.3	0.0	1	271783	n/a
132.71533203125	0.3	1.0	2	271801	n/a
132.7236328125	0.3	1.0	2	271818	n/a
132.73193359375	0.3	0.0	1	271835	n/a
132.740234375	0.3	1.0	2	271852	n/a
132.74853515625	0.3	0.0	1	271869	n/a
132.7568359375	0.3	0.0	1	271886	n/a
132.76513671875	0.3	1.0	2	271903	n/a
132.7734375	0.3	1.0	2	271920	n/a
132.78173828125	0.3	0.0	1	271937	n/a
132.7900390625	0.3	0.0	1	271954	n/a
132.79833984375	0.3	1.0	2	271971	n/a
132.806640625	0.3	1.0	2	271988	n/a
132.81494140625	0.3	0.0	1	272005	n/a
132.8232421875	0.3	0.0	1	272022	n/a
132.83154296875	0.3	1.0	2	272039	n/a
132.84033203125	0.3	1.0	2	272057	n/a
132.8486328125	0.3	0.0	1	272074	n/a
132.85693359375	0.3	0.0	1	272091	n/a
132.865234375	0.3	1.0	2	272108	n/a
132.87353515625	0.3	0.0	1	272125	n/a
132.8818359375	0.3	1.0	2	272142	n/a
132.89013671875	0.3	0.0	1	272159	n/a
132.8984375	0.3	1.0	2	272176	n/a
132.90673828125	0.3	0.0	1	272193	n/a
132.9150390625	0.3	1.0	2	272210	n/a
132.92333984375	0.3	0.0	1	272227	n/a
132.931640625	0.3	1.0	2	272244	n/a
132.93994140625	0.3	1.0	2	272261	n/a
132.9482421875	0.3	0.0	1	272278	n/a
132.95654296875	0.3	1.0	2	272295	n/a
132.96533203125	0.3	0.0	1	272313	n/a
132.9736328125	0.3	0.0	1	272330	n/a
132.98193359375	0.3	1.0	2	272347	n/a
132.990234375	0.3	0.0	1	272364	n/a
132.99853515625	0.3	1.0	2	272381	n/a
133.0068359375	0.3	0.0	1	272398	n/a
133.01513671875	0.3	1.0	2	272415	n/a
133.0234375	0.3	1.0	2	272432	n/a
133.03173828125	0.3	0.0	1	272449	n/a
133.0400390625	0.3	0.0	1	272466	n/a
133.04833984375	0.3	1.0	2	272483	n/a
133.056640625	0.3	1.0	2	272500	n/a
133.06494140625	0.3	0.0	1	272517	n/a
133.0732421875	0.3	1.0	2	272534	n/a
133.08154296875	0.3	0.0	1	272551	n/a
133.09033203125	0.3	1.0	2	272569	n/a
133.0986328125	0.3	0.0	1	272586	n/a
133.10693359375	0.3	1.0	2	272603	n/a
133.115234375	0.3	0.0	1	272620	n/a
133.12353515625	0.3	0.0	1	272637	n/a
133.1318359375	0.3	1.0	2	272654	n/a
133.14013671875	0.3	1.0	2	272671	n/a
133.1484375	0.3	0.0	1	272688	n/a
133.15673828125	0.3	1.0	2	272705	n/a
133.1650390625	0.3	0.0	1	272722	n/a
133.17333984375	0.3	0.0	1	272739	n/a
133.181640625	0.3	1.0	2	272756	n/a
133.18994140625	0.3	1.0	2	272773	n/a
133.1982421875	0.3	0.0	1	272790	n/a
133.20654296875	0.3	0.0	1	272807	n/a
133.21533203125	0.3	1.0	2	272825	n/a
133.2236328125	0.3	0.0	1	272842	n/a
133.23193359375	0.3	1.0	2	272859	n/a
133.240234375	0.3	0.0	1	272876	n/a
133.24853515625	0.3	1.0	2	272893	n/a
133.2568359375	0.3	1.0	2	272910	n/a
133.26513671875	0.3	0.0	1	272927	n/a
133.2734375	0.3	0.0	1	272944	n/a
133.28173828125	0.3	1.0	2	272961	n/a
133.2900390625	0.3	0.0	1	272978	n/a
133.29833984375	0.3	1.0	2	272995	n/a
133.306640625	0.3	0.0	1	273012	n/a
133.31494140625	0.3	1.0	2	273029	n/a
133.3232421875	0.3	0.0	1	273046	n/a
133.33154296875	0.3	1.0	2	273063	n/a
133.34033203125	0.3	1.0	2	273081	n/a
133.3486328125	0.3	0.0	1	273098	n/a
133.35693359375	0.3	1.0	2	273115	n/a
133.365234375	0.3	0.0	1	273132	n/a
133.37353515625	0.3	1.0	2	273149	n/a
133.3818359375	0.3	0.0	1	273166	n/a
133.39013671875	0.3	0.0	1	273183	n/a
133.3984375	0.3	1.0	2	273200	n/a
133.40673828125	0.3	0.0	1	273217	n/a
133.4150390625	0.3	1.0	2	273234	n/a
133.42333984375	0.3	1.0	2	273251	n/a
133.431640625	0.3	0.0	1	273268	n/a
133.43994140625	0.3	1.0	2	273285	n/a
133.4482421875	0.3	0.0	1	273302	n/a
133.45654296875	0.3	0.0	1	273319	n/a
133.46533203125	0.3	1.0	2	273337	n/a
135.8828125	0.3	1.0	2	278288	2.0
135.89111328125	0.3	0.0	1	278305	n/a
135.8994140625	0.3	0.0	1	278322	n/a
135.90771484375	0.3	1.0	2	278339	n/a
135.916015625	0.3	1.0	2	278356	n/a
135.92431640625	0.3	0.0	1	278373	n/a
135.9326171875	0.3	0.0	1	278390	n/a
135.94091796875	0.3	1.0	2	278407	n/a
135.94970703125	0.3	1.0	2	278425	n/a
135.9580078125	0.3	0.0	1	278442	n/a
135.96630859375	0.3	0.0	1	278459	n/a
135.974609375	0.3	1.0	2	278476	n/a
135.98291015625	0.3	1.0	2	278493	n/a
135.9912109375	0.3	0.0	1	278510	n/a
135.99951171875	0.3	0.0	1	278527	n/a
136.0078125	0.3	1.0	2	278544	n/a
136.01611328125	0.3	0.0	1	278561	n/a
136.0244140625	0.3	1.0	2	278578	n/a
136.03271484375	0.3	1.0	2	278595	n/a
136.041015625	0.3	0.0	1	278612	n/a
136.04931640625	0.3	0.0	1	278629	n/a
136.0576171875	0.3	1.0	2	278646	n/a
136.06591796875	0.3	1.0	2	278663	n/a
136.07470703125	0.3	0.0	1	278681	n/a
136.0830078125	0.3	0.0	1	278698	n/a
136.09130859375	0.3	1.0	2	278715	n/a
136.099609375	0.3	0.0	1	278732	n/a
136.10791015625	0.3	1.0	2	278749	n/a
136.1162109375	0.3	0.0	1	278766	n/a
136.12451171875	0.3	1.0	2	278783	n/a
136.1328125	0.3	0.0	1	278800	n/a
136.14111328125	0.3	1.0	2	278817	n/a
136.1494140625	0.3	0.0	1	278834	n/a
136.15771484375	0.3	1.0	2	278851	n/a
136.166015625	0.3	1.0	2	278868	n/a
136.17431640625	0.3	0.0	1	278885	n/a
136.1826171875	0.3	0.0	1	278902	n/a
136.19091796875	0.3	1.0	2	278919	n/a
136.19970703125	0.3	1.0	2	278937	n/a
136.2080078125	0.3	0.0	1	278954	n/a
136.21630859375	0.3	1.0	2	278971	n/a
136.224609375	0.3	0.0	1	278988	n/a
136.23291015625	0.3	0.0	1	279005	n/a
136.2412109375	0.3	1.0	2	279022	n/a
136.24951171875	0.3	1.0	2	279039	n/a
136.2578125	0.3	0.0	1	279056	n/a
136.26611328125	0.3	1.0	2	279073	n/a
136.2744140625	0.3	0.0	1	279090	n/a
136.28271484375	0.3	1.0	2	279107	n/a
136.291015625	0.3	0.0	1	279124	n/a
136.29931640625	0.3	1.0	2	279141	n/a
136.3076171875	0.3	0.0	1	279158	n/a
136.31591796875	0.3	1.0	2	279175	n/a
136.32470703125	0.3	0.0	1	279193	n/a
136.3330078125	0.3	1.0	2	279210	n/a
136.34130859375	0.3	0.0	1	279227	n/a
136.349609375	0.3	0.0	1	279244	n/a
136.35791015625	0.3	1.0	2	279261	n/a
136.3662109375	0.3	1.0	2	279278	n/a
136.37451171875	0.3	0.0	1	279295	n/a
136.3828125	0.3	0.0	1	279312	n/a
136.39111328125	0.3	1.0	2	279329	n/a
136.3994140625	0.3	1.0	2	279346	n/a
136.40771484375	0.3	0.0	1	279363	n/a
136.416015625	0.3	0.0	1	279380	n/a
136.42431640625	0.3	1.0	2	279397	n/a
136.4326171875	0.3	1.0	2	279414	n/a
136.44091796875	0.3	0.0	1	279431	n/a
136.44970703125	0.3	0.0	1	279449	n/a
136.4580078125	0.3	1.0	2	279466	n/a
136.46630859375	0.3	1.0	2	279483	n/a
136.474609375	0.3	0.0	1	279500	n/a
136.48291015625	0.3	0.0	1	279517	n/a
136.4912109375	0.3	1.0	2	279534	n/a
136.49951171875	0.3	0.0	1	279551	n/a
136.5078125	0.3	1.0	2	279568	n/a
136.51611328125	0.3	1.0	2	279585	n/a
136.5244140625	0.3	0.0	1	279602	n/a
136.53271484375	0.3	1.0	2	279619	n/a
136.541015625	0.3	0.0	1	279636	n/a
136.54931640625	0.3	0.0	1	279653	n/a
136.5576171875	0.3	1.0	2	279670	n/a
136.56591796875	0.3	1.0	2	279687	n/a
136.57470703125	0.3	0.0	1	279705	n/a
136.5830078125	0.3	0.0	1	279722	n/a
136.59130859375	0.3	1.0	2	279739	n/a
136.599609375	0.3	0.0	1	279756	n/a
136.60791015625	0.3	1.0	2	279773	n/a
136.6162109375	0.3	1.0	2	279790	n/a
136.62451171875	0.3	0.0	1	279807	n/a
136.6328125	0.3	0.0	1	279824	n/a
136.64111328125	0.3	1.0	2	279841	n/a
136.6494140625	0.3	1.0	2	279858	n/a
136.65771484375	0.3	0.0	1	279875	n/a
136.666015625	0.3	0.0	1	279892	n/a
136.67431640625	0.3	1.0	2	279909	n/a
136.6826171875	0.3	1.0	2	279926	n/a
136.69091796875	0.3	0.0	1	279943	n/a
136.69970703125	0.3	1.0	2	279961	n/a
136.7080078125	0.3	0.0	1	279978	n/a
136.71630859375	0.3	0.0	1	279995	n/a
136.724609375	0.3	1.0	2	280012	n/a
136.73291015625	0.3	0.0	1	280029	n/a
136.7412109375	0.3	1.0	2	280046	n/a
136.74951171875	0.3	0.0	1	280063	n/a
136.7578125	0.3	1.0	2	280080	n/a
136.76611328125	0.3	0.0	1	280097	n/a
136.7744140625	0.3	1.0	2	280114	n/a
136.78271484375	0.3	0.0	1	280131	n/a
136.791015625	0.3	1.0	2	280148	n/a
136.79931640625	0.3	1.0	2	280165	n/a
136.8076171875	0.3	0.0	1	280182	n/a
136.81591796875	0.3	0.0	1	280199	n/a
136.82470703125	0.3	1.0	2	280217	n/a
136.8330078125	0.3	1.0	2	280234	n/a
136.84130859375	0.3	0.0	1	280251	n/a
136.849609375	0.3	1.0	2	280268	n/a
136.85791015625	0.3	0.0	1	280285	n/a
136.8662109375	0.3	1.0	2	280302	n/a
136.87451171875	0.3	0.0	1	280319	n/a
136.8828125	0.3	0.0	1	280336	n/a
136.89111328125	0.3	1.0	2	280353	n/a
136.8994140625	0.3	0.0	1	280370	n/a
136.90771484375	0.3	1.0	2	280387	n/a
136.916015625	0.3	1.0	2	280404	n/a
136.92431640625	0.3	0.0	1	280421	n/a
136.9326171875	0.3	1.0	2	280438	n/a
136.94091796875	0.3	0.0	1	280455	n/a
136.94970703125	0.3	0.0	1	280473	n/a
136.9580078125	0.3	1.0	2	280490	n/a
136.96630859375	0.3	1.0	2	280507	n/a
136.974609375	0.3	0.0	1	280524	n/a
136.98291015625	0.3	0.0	1	280541	n/a
136.9912109375	0.3	1.0	2	280558	n/a
136.99951171875	0.3	1.0	2	280575	n/a
137.0078125	0.3	0.0	1	280592	n/a
137.01611328125	0.3	0.0	1	280609	n/a
137.0244140625	0.3	1.0	2	280626	n/a
137.03271484375	0.3	1.0	2	280643	n/a
137.041015625	0.3	0.0	1	280660	n/a
137.04931640625	0.3	0.0	1	280677	n/a
137.0576171875	0.3	1.0	2	280694	n/a
137.06591796875	0.3	0.0	1	280711	n/a
137.07470703125	0.3	1.0	2	280729	n/a
137.0830078125	0.3	1.0	2	280746	n/a
137.09130859375	0.3	0.0	1	280763	n/a
137.099609375	0.3	0.0	1	280780	n/a
137.10791015625	0.3	1.0	2	280797	n/a
137.1162109375	0.3	1.0	2	280814	n/a
137.12451171875	0.3	0.0	1	280831	n/a
137.1328125	0.3	0.0	1	280848	n/a
137.14111328125	0.3	1.0	2	280865	n/a
137.1494140625	0.3	0.0	1	280882	n/a
137.15771484375	0.3	1.0	2	280899	n/a
137.166015625	0.3	0.0	1	280916	n/a
137.17431640625	0.3	1.0	2	280933	n/a
137.1826171875	0.3	0.0	1	280950	n/a
137.19091796875	0.3	1.0	2	280967	n/a
137.19970703125	0.3	0.0	1	280985	n/a
137.2080078125	0.3	1.0	2	281002	n/a
137.21630859375	0.3	1.0	2	281019	n/a
137.224609375	0.3	0.0	1	281036	n/a
137.23291015625	0.3	0.0	1	281053	n/a
137.2412109375	0.3	1.0	2	281070	n/a
137.24951171875	0.3	1.0	2	281087	n/a
137.2578125	0.3	0.0	1	281104	n/a
137.26611328125	0.3	1.0	2	281121	n/a
137.2744140625	0.3	0.0	1	281138	n/a
137.28271484375	0.3	0.0	1	281155	n/a
137.291015625	0.3	1.0	2	281172	n/a
137.29931640625	0.3	1.0	2	281189	n/a
137.3076171875	0.3	0.0	1	281206	n/a
137.31591796875	0.3	1.0	2	281223	n/a
137.32470703125	0.3	0.0	1	281241	n/a
137.3330078125	0.3	1.0	2	281258	n/a
137.34130859375	0.3	0.0	1	281275	n/a
137.349609375	0.3	1.0	2	281292	n/a
137.35791015625	0.3	0.0	1	281309	n/a
137.3662109375	0.3	1.0	2	281326	n/a
137.37451171875	0.3	0.0	1	281343	n/a
137.3828125	0.3	1.0	2	281360	n/a
137.39111328125	0.3	0.0	1	281377	n/a
137.3994140625	0.3	0.0	1	281394	n/a
137.40771484375	0.3	1.0	2	281411	n/a
137.416015625	0.3	1.0	2	281428	n/a
137.42431640625	0.3	0.0	1	281445	n/a
137.4326171875	0.3	0.0	1	281462	n/a
137.44091796875	0.3	1.0	2	281479	n/a
137.44970703125	0.3	1.0	2	281497	n/a
137.4580078125	0.3	0.0	1	281514	n/a
137.46630859375	0.3	0.0	1	281531	n/a
137.474609375	0.3	1.0	2	281548	n/a
137.48291015625	0.3	1.0	2	281565	n/a
137.4912109375	0.3	0.0	1	281582	n/a
137.49951171875	0.3	0.0	1	281599	n/a
137.5078125	0.3	1.0	2	281616	n/a
137.51611328125	0.3	1.0	2	281633	n/a
137.5244140625	0.3	0.0	1	281650	n/a
137.53271484375	0.3	0.0	1	281667	n/a
137.541015625	0.3	1.0	2	281684	n/a
137.54931640625	0.3	0.0	1	281701	n/a
137.5576171875	0.3	1.0	2	281718	n/a
137.56591796875	0.3	1.0	2	281735	n/a
137.57470703125	0.3	0.0	1	281753	n/a
137.5830078125	0.3	1.0	2	281770	n/a
137.59130859375	0.3	0.0	1	281787	n/a
137.599609375	0.3	0.0	1	281804	n/a
137.60791015625	0.3	1.0	2	281821	n/a
137.6162109375	0.3	1.0	2	281838	n/a
137.62451171875	0.3	0.0	1	281855	n/a
137.6328125	0.3	0.0	1	281872	n/a
137.64111328125	0.3	1.0	2	281889	n/a
137.6494140625	0.3	0.0	1	281906	n/a
137.65771484375	0.3	1.0	2	281923	n/a
137.666015625	0.3	1.0	2	281940	n/a
137.67431640625	0.3	0.0	1	281957	n/a
137.6826171875	0.3	0.0	1	281974	n/a
137.69091796875	0.3	1.0	2	281991	n/a
137.69970703125	0.3	1.0	2	282009	n/a
137.7080078125	0.3	0.0	1	282026	n/a
137.71630859375	0.3	0.0	1	282043	n/a
137.724609375	0.3	1.0	2	282060	n/a
137.73291015625	0.3	1.0	2	282077	n/a
137.7412109375	0.3	0.0	1	282094	n/a
137.74951171875	0.3	1.0	2	282111	n/a
137.7578125	0.3	0.0	1	282128	n/a
137.76611328125	0.3	0.0	1	282145	n/a
137.7744140625	0.3	1.0	2	282162	n/a
137.78271484375	0.3	0.0	1	282179	n/a
137.791015625	0.3	1.0	2	282196	n/a
137.79931640625	0.3	0.0	1	282213	n/a
137.8076171875	0.3	1.0	2	282230	n/a
137.81591796875	0.3	0.0	1	282247	n/a
137.82470703125	0.3	1.0	2	282265	n/a
137.8330078125	0.3	0.0	1	282282	n/a
137.84130859375	0.3	1.0	2	282299	n/a
137.849609375	0.3	1.0	2	282316	n/a
137.85791015625	0.3	0.0	1	282333	n/a
137.8662109375	0.3	0.0	1	282350	n/a
137.87451171875	0.3	1.0	2	282367	n/a
137.8828125	0.3	1.0	2	282384	n/a
137.89111328125	0.3	0.0	1	282401	n/a
137.8994140625	0.3	1.0	2	282418	n/a
137.90771484375	0.3	0.0	1	282435	n/a
137.916015625	0.3	1.0	2	282452	n/a
137.92431640625	0.3	0.0	1	282469	n/a
137.9326171875	0.3	0.0	1	282486	n/a
137.94091796875	0.3	1.0	2	282503	n/a
137.94970703125	0.3	0.0	1	282521	n/a
137.9580078125	0.3	1.0	2	282538	n/a
137.96630859375	0.3	1.0	2	282555	n/a
137.974609375	0.3	0.0	1	282572	n/a
137.98291015625	0.3	1.0	2	282589	n/a
137.9912109375	0.3	0.0	1	282606	n/a
137.99951171875	0.3	0.0	1	282623	n/a
138.0078125	0.3	1.0	2	282640	n/a
138.01611328125	0.3	1.0	2	282657	n/a
138.0244140625	0.3	0.0	1	282674	n/a
138.03271484375	0.3	0.0	1	282691	n/a
138.041015625	0.3	1.0	2	282708	n/a
138.04931640625	0.3	1.0	2	282725	n/a
138.0576171875	0.3	0.0	1	282742	n/a
138.06591796875	0.3	0.0	1	282759	n/a
138.07470703125	0.3	1.0	2	282777	n/a
138.0830078125	0.3	1.0	2	282794	n/a
138.09130859375	0.3	0.0	1	282811	n/a
138.099609375	0.3	0.0	1	282828	n/a
138.10791015625	0.3	1.0	2	282845	n/a
138.1162109375	0.3	0.0	1	282862	n/a
138.12451171875	0.3	1.0	2	282879	n/a
138.1328125	0.3	1.0	2	282896	n/a
138.14111328125	0.3	0.0	1	282913	n/a
138.1494140625	0.3	0.0	1	282930	n/a
138.15771484375	0.3	1.0	2	282947	n/a
138.166015625	0.3	1.0	2	282964	n/a
138.17431640625	0.3	0.0	1	282981	n/a
138.1826171875	0.3	0.0	1	282998	n/a
138.19091796875	0.3	1.0	2	283015	n/a
138.19970703125	0.3	0.0	1	283033	n/a
138.2080078125	0.3	1.0	2	283050	n/a
138.21630859375	0.3	0.0	1	283067	n/a
138.224609375	0.3	1.0	2	283084	n/a
138.23291015625	0.3	0.0	1	283101	n/a
138.2412109375	0.3	1.0	2	283118	n/a
138.24951171875	0.3	0.0	1	283135	n/a
138.2578125	0.3	1.0	2	283152	n/a
138.26611328125	0.3	1.0	2	283169	n/a
138.2744140625	0.3	0.0	1	283186	n/a
138.28271484375	0.3	0.0	1	283203	n/a
138.291015625	0.3	1.0	2	283220	n/a
138.29931640625	0.3	1.0	2	283237	n/a
138.3076171875	0.3	0.0	1	283254	n/a
138.31591796875	0.3	1.0	2	283271	n/a
138.32470703125	0.3	0.0	1	283289	n/a
138.3330078125	0.3	0.0	1	283306	n/a
138.34130859375	0.3	1.0	2	283323	n/a
138.349609375	0.3	1.0	2	283340	n/a
138.35791015625	0.3	0.0	1	283357	n/a
138.3662109375	0.3	1.0	2	283374	n/a
138.37451171875	0.3	0.0	1	283391	n/a
138.3828125	0.3	1.0	2	283408	n/a
138.39111328125	0.3	0.0	1	283425	n/a
138.3994140625	0.3	1.0	2	283442	n/a
138.40771484375	0.3	0.0	1	283459	n/a
138.416015625	0.3	1.0	2	283476	n/a
138.42431640625	0.3	0.0	1	283493	n/a
138.4326171875	0.3	1.0	2	283510	n/a
138.44091796875	0.3	0.0	1	283527	n/a
138.44970703125	0.3	0.0	1	283545	n/a
138.4580078125	0.3	1.0	2	283562	n/a
138.46630859375	0.3	1.0	2	283579	n/a
138.474609375	0.3	0.0	1	283596	n/a
138.48291015625	0.3	0.0	1	283613	n/a
138.4912109375	0.3	1.0	2	283630	n/a
138.49951171875	0.3	1.0	2	283647	n/a
138.5078125	0.3	0.0	1	283664	n/a
138.51611328125	0.3	0.0	1	283681	n/a
138.5244140625	0.3	1.0	2	283698	n/a
138.53271484375	0.3	1.0	2	283715	n/a
138.541015625	0.3	0.0	1	283732	n/a
138.54931640625	0.3	0.0	1	283749	n/a
138.5576171875	0.3	1.0	2	283766	n/a
138.56591796875	0.3	1.0	2	283783	n/a
138.57470703125	0.3	0.0	1	283801	n/a
138.5830078125	0.3	0.0	1	283818	n/a
138.59130859375	0.3	1.0	2	283835	n/a
138.599609375	0.3	0.0	1	283852	n/a
138.60791015625	0.3	1.0	2	283869	n/a
138.6162109375	0.3	1.0	2	283886	n/a
138.62451171875	0.3	0.0	1	283903	n/a
138.6328125	0.3	1.0	2	283920	n/a
138.64111328125	0.3	0.0	1	283937	n/a
138.6494140625	0.3	0.0	1	283954	n/a
138.65771484375	0.3	1.0	2	283971	n/a
138.666015625	0.3	1.0	2	283988	n/a
138.67431640625	0.3	0.0	1	284005	n/a
138.6826171875	0.3	0.0	1	284022	n/a
138.69091796875	0.3	1.0	2	284039	n/a
138.69970703125	0.3	0.0	1	284057	n/a
138.7080078125	0.3	1.0	2	284074	n/a
138.71630859375	0.3	1.0	2	284091	n/a
138.724609375	0.3	0.0	1	284108	n/a
138.73291015625	0.3	0.0	1	284125	n/a
138.7412109375	0.3	1.0	2	284142	n/a
138.74951171875	0.3	1.0	2	284159	n/a
138.7578125	0.3	0.0	1	284176	n/a
138.76611328125	0.3	0.0	1	284193	n/a
138.7744140625	0.3	1.0	2	284210	n/a
138.78271484375	0.3	1.0	2	284227	n/a
138.791015625	0.3	0.0	1	284244	n/a
138.79931640625	0.3	1.0	2	284261	n/a
138.8076171875	0.3	0.0	1	284278	n/a
138.81591796875	0.3	0.0	1	284295	n/a
138.82470703125	0.3	1.0	2	284313	n/a
138.8330078125	0.3	0.0	1	284330	n/a
138.84130859375	0.3	1.0	2	284347	n/a
138.849609375	0.3	0.0	1	284364	n/a
138.85791015625	0.3	1.0	2	284381	n/a
138.8662109375	0.3	0.0	1	284398	n/a
138.87451171875	0.3	1.0	2	284415	n/a
138.8828125	0.3	0.0	1	284432	n/a
138.89111328125	0.3	1.0	2	284449	n/a
138.8994140625	0.3	1.0	2	284466	n/a
138.90771484375	0.3	0.0	1	284483	n/a
138.916015625	0.3	0.0	1	284500	n/a
138.92431640625	0.3	1.0	2	284517	n/a
138.9326171875	0.3	1.0	2	284534	n/a
138.94091796875	0.3	0.0	1	284551	n/a
138.94970703125	0.3	1.0	2	284569	n/a
138.9580078125	0.3	0.0	1	284586	n/a
138.96630859375	0.3	1.0	2	284603	n/a
138.974609375	0.3	0.0	1	284620	n/a
138.98291015625	0.3	0.0	1	284637	n/a
138.9912109375	0.3	1.0	2	284654	n/a
138.99951171875	0.3	0.0	1	284671	n/a
139.0078125	0.3	1.0	2	284688	n/a
139.01611328125	0.3	1.0	2	284705	n/a
139.0244140625	0.3	0.0	1	284722	n/a
139.03271484375	0.3	1.0	2	284739	n/a
139.041015625	0.3	0.0	1	284756	n/a
139.04931640625	0.3	0.0	1	284773	n/a
139.0576171875	0.3	1.0	2	284790	n/a
139.06591796875	0.3	1.0	2	284807	n/a
139.07470703125	0.3	0.0	1	284825	n/a
139.0830078125	0.3	0.0	1	284842	n/a
139.09130859375	0.3	1.0	2	284859	n/a
139.099609375	0.3	1.0	2	284876	n/a
139.10791015625	0.3	0.0	1	284893	n/a
139.1162109375	0.3	0.0	1	284910	n/a
139.12451171875	0.3	1.0	2	284927	n/a
139.1328125	0.3	1.0	2	284944	n/a
139.14111328125	0.3	0.0	1	284961	n/a
139.1494140625	0.3	0.0	1	284978	n/a
139.15771484375	0.3	1.0	2	284995	n/a
139.166015625	0.3	0.0	1	285012	n/a
139.17431640625	0.3	1.0	2	285029	n/a
139.1826171875	0.3	1.0	2	285046	n/a
139.19091796875	0.3	0.0	1	285063	n/a
139.19970703125	0.3	0.0	1	285081	n/a
139.2080078125	0.3	1.0	2	285098	n/a
139.21630859375	0.3	1.0	2	285115	n/a
139.224609375	0.3	0.0	1	285132	n/a
139.23291015625	0.3	0.0	1	285149	n/a
139.2412109375	0.3	1.0	2	285166	n/a
139.24951171875	0.3	0.0	1	285183	n/a
139.2578125	0.3	1.0	2	285200	n/a
139.26611328125	0.3	0.0	1	285217	n/a
139.2744140625	0.3	1.0	2	285234	n/a
139.28271484375	0.3	0.0	1	285251	n/a
139.291015625	0.3	1.0	2	285268	n/a
139.29931640625	0.3	0.0	1	285285	n/a
139.3076171875	0.3	1.0	2	285302	n/a
139.31591796875	0.3	1.0	2	285319	n/a
139.32470703125	0.3	0.0	1	285337	n/a
139.3330078125	0.3	0.0	1	285354	n/a
139.34130859375	0.3	1.0	2	285371	n/a
139.349609375	0.3	1.0	2	285388	n/a
139.35791015625	0.3	0.0	1	285405	n/a
139.3662109375	0.3	1.0	2	285422	n/a
139.37451171875	0.3	0.0	1	285439	n/a
139.3828125	0.3	0.0	1	285456	n/a
139.39111328125	0.3	1.0	2	285473	n/a
139.3994140625	0.3	1.0	2	285490	n/a
139.40771484375	0.3	0.0	1	285507	n/a
139.416015625	0.3	1.0	2	285524	n/a
139.42431640625	0.3	0.0	1	285541	n/a
139.4326171875	0.3	1.0	2	285558	n/a
139.44091796875	0.3	0.0	1	285575	n/a
139.44970703125	0.3	1.0	2	285593	n/a
139.4580078125	0.3	0.0	1	285610	n/a
139.46630859375	0.3	1.0	2	285627	n/a
139.474609375	0.3	0.0	1	285644	n/a
139.48291015625	0.3	1.0	2	285661	n/a
139.4912109375	0.3	0.0	1	285678	n/a
139.49951171875	0.3	0.0	1	285695	n/a
139.5078125	0.3	1.0	2	285712	n/a
139.51611328125	0.3	1.0	2	285729	n/a
139.5244140625	0.3	0.0	1	285746	n/a
139.53271484375	0.3	0.0	1	285763	n/a
139.541015625	0.3	1.0	2	285780	n/a
139.54931640625	0.3	1.0	2	285797	n/a
139.5576171875	0.3	0.0	1	285814	n/a
139.56591796875	0.3	0.0	1	285831	n/a
139.57470703125	0.3	1.0	2	285849	n/a
139.5830078125	0.3	1.0	2	285866	n/a
139.59130859375	0.3	0.0	1	285883	n/a
139.599609375	0.3	0.0	1	285900	n/a
139.60791015625	0.3	1.0	2	285917	n/a
139.6162109375	0.3	1.0	2	285934	n/a
139.62451171875	0.3	0.0	1	285951	n/a
139.6328125	0.3	0.0	1	285968	n/a
139.64111328125	0.3	1.0	2	285985	n/a
139.6494140625	0.3	0.0	1	286002	n/a
139.65771484375	0.3	1.0	2	286019	n/a
139.666015625	0.3	1.0	2	286036	n/a
139.67431640625	0.3	0.0	1	286053	n/a
139.6826171875	0.3	1.0	2	286070	n/a
139.69091796875	0.3	0.0	1	286087	n/a
139.69970703125	0.3	0.0	1	286105	n/a
139.7080078125	0.3	1.0	2	286122	n/a
139.71630859375	0.3	1.0	2	286139	n/a
139.724609375	0.3	0.0	1	286156	n/a
139.73291015625	0.3	0.0	1	286173	n/a
139.7412109375	0.3	1.0	2	286190	n/a
139.74951171875	0.3	0.0	1	286207	n/a
139.7578125	0.3	1.0	2	286224	n/a
139.76611328125	0.3	1.0	2	286241	n/a
139.7744140625	0.3	0.0	1	286258	n/a
139.78271484375	0.3	0.0	1	286275	n/a
139.791015625	0.3	1.0	2	286292	n/a
139.79931640625	0.3	1.0	2	286309	n/a
139.8076171875	0.3	0.0	1	286326	n/a
139.81591796875	0.3	0.0	1	286343	n/a
139.82470703125	0.3	1.0	2	286361	n/a
139.8330078125	0.3	1.0	2	286378	n/a
139.84130859375	0.3	0.0	1	286395	n/a
139.849609375	0.3	1.0	2	286412	n/a
139.85791015625	0.3	0.0	1	286429	n/a
139.8662109375	0.3	0.0	1	286446	n/a
139.87451171875	0.3	1.0	2	286463	n/a
139.8828125	0.3	0.0	1	286480	n/a
139.89111328125	0.3	1.0	2	286497	n/a
139.8994140625	0.3	0.0	1	286514	n/a
139.90771484375	0.3	1.0	2	286531	n/a
139.916015625	0.3	0.0	1	286548	n/a
139.92431640625	0.3	1.0	2	286565	n/a
139.9326171875	0.3	0.0	1	286582	n/a
139.94091796875	0.3	1.0	2	286599	n/a
139.94970703125	0.3	1.0	2	286617	n/a
139.9580078125	0.3	0.0	1	286634	n/a
139.96630859375	0.3	0.0	1	286651	n/a
139.974609375	0.3	1.0	2	286668	n/a
139.98291015625	0.3	1.0	2	286685	n/a
139.9912109375	0.3	0.0	1	286702	n/a
139.99951171875	0.3	1.0	2	286719	n/a
140.0078125	0.3	0.0	1	286736	n/a
140.01611328125	0.3	1.0	2	286753	n/a
140.0244140625	0.3	0.0	1	286770	n/a
140.03271484375	0.3	0.0	1	286787	n/a
140.041015625	0.3	1.0	2	286804	n/a
140.04931640625	0.3	0.0	1	286821	n/a
140.0576171875	0.3	1.0	2	286838	n/a
140.06591796875	0.3	1.0	2	286855	n/a
140.07470703125	0.3	0.0	1	286873	n/a
142.4580078125	0.3	0.0	1	291754	26.0
142.46630859375	0.3	1.0	2	291771	n/a
142.474609375	0.3	0.0	1	291788	n/a
142.48291015625	0.3	1.0	2	291805	n/a
142.4912109375	0.3	0.0	1	291822	n/a
142.49951171875	0.3	1.0	2	291839	n/a
142.5078125	0.3	1.0	2	291856	n/a
142.51611328125	0.3	0.0	1	291873	n/a
142.52490234375	0.3	1.0	2	291891	n/a
142.533203125	0.3	0.0	1	291908	n/a
142.54150390625	0.3	0.0	1	291925	n/a
142.5498046875	0.3	1.0	2	291942	n/a
142.55810546875	0.3	1.0	2	291959	n/a
142.56640625	0.3	0.0	1	291976	n/a
142.57470703125	0.3	1.0	2	291993	n/a
142.5830078125	0.3	0.0	1	292010	n/a
142.59130859375	0.3	0.0	1	292027	n/a
142.599609375	0.3	1.0	2	292044	n/a
142.60791015625	0.3	1.0	2	292061	n/a
142.6162109375	0.3	0.0	1	292078	n/a
142.62451171875	0.3	1.0	2	292095	n/a
142.6328125	0.3	0.0	1	292112	n/a
142.64111328125	0.3	1.0	2	292129	n/a
142.64990234375	0.3	0.0	1	292147	n/a
142.658203125	0.3	0.0	1	292164	n/a
142.66650390625	0.3	1.0	2	292181	n/a
142.6748046875	0.3	0.0	1	292198	n/a
142.68310546875	0.3	1.0	2	292215	n/a
142.69140625	0.3	0.0	1	292232	n/a
142.69970703125	0.3	1.0	2	292249	n/a
142.7080078125	0.3	1.0	2	292266	n/a
142.71630859375	0.3	0.0	1	292283	n/a
142.724609375	0.3	1.0	2	292300	n/a
142.73291015625	0.3	0.0	1	292317	n/a
142.7412109375	0.3	0.0	1	292334	n/a
142.74951171875	0.3	1.0	2	292351	n/a
142.7578125	0.3	0.0	1	292368	n/a
142.76611328125	0.3	1.0	2	292385	n/a
142.77490234375	0.3	1.0	2	292403	n/a
142.783203125	0.3	0.0	1	292420	n/a
142.79150390625	0.3	1.0	2	292437	n/a
142.7998046875	0.3	0.0	1	292454	n/a
142.80810546875	0.3	0.0	1	292471	n/a
142.81640625	0.3	1.0	2	292488	n/a
142.82470703125	0.3	1.0	2	292505	n/a
142.8330078125	0.3	0.0	1	292522	n/a
142.84130859375	0.3	0.0	1	292539	n/a
142.849609375	0.3	1.0	2	292556	n/a
142.85791015625	0.3	1.0	2	292573	n/a
142.8662109375	0.3	0.0	1	292590	n/a
142.87451171875	0.3	0.0	1	292607	n/a
142.8828125	0.3	1.0	2	292624	n/a
142.89111328125	0.3	0.0	1	292641	n/a
142.89990234375	0.3	1.0	2	292659	n/a
142.908203125	0.3	0.0	1	292676	n/a
142.91650390625	0.3	1.0	2	292693	n/a
142.9248046875	0.3	1.0	2	292710	n/a
142.93310546875	0.3	0.0	1	292727	n/a
142.94140625	0.3	0.0	1	292744	n/a
142.94970703125	0.3	1.0	2	292761	n/a
142.9580078125	0.3	1.0	2	292778	n/a
142.96630859375	0.3	0.0	1	292795	n/a
142.974609375	0.3	1.0	2	292812	n/a
142.98291015625	0.3	0.0	1	292829	n/a
142.9912109375	0.3	0.0	1	292846	n/a
142.99951171875	0.3	1.0	2	292863	n/a
143.0078125	0.3	0.0	1	292880	n/a
143.01611328125	0.3	1.0	2	292897	n/a
143.02490234375	0.3	0.0	1	292915	n/a
143.033203125	0.3	1.0	2	292932	n/a
143.04150390625	0.3	0.0	1	292949	n/a
143.0498046875	0.3	1.0	2	292966	n/a
143.05810546875	0.3	0.0	1	292983	n/a
143.06640625	0.3	1.0	2	293000	n/a
143.07470703125	0.3	1.0	2	293017	n/a
143.0830078125	0.3	0.0	1	293034	n/a
143.09130859375	0.3	1.0	2	293051	n/a
143.099609375	0.3	0.0	1	293068	n/a
143.10791015625	0.3	1.0	2	293085	n/a
143.1162109375	0.3	0.0	1	293102	n/a
143.12451171875	0.3	0.0	1	293119	n/a
143.1328125	0.3	1.0	2	293136	n/a
143.14111328125	0.3	0.0	1	293153	n/a
143.14990234375	0.3	1.0	2	293171	n/a
143.158203125	0.3	1.0	2	293188	n/a
143.16650390625	0.3	0.0	1	293205	n/a
143.1748046875	0.3	0.0	1	293222	n/a
143.18310546875	0.3	1.0	2	293239	n/a
143.19140625	0.3	1.0	2	293256	n/a
143.19970703125	0.3	0.0	1	293273	n/a
143.2080078125	0.3	1.0	2	293290	n/a
143.21630859375	0.3	0.0	1	293307	n/a
143.224609375	0.3	0.0	1	293324	n/a
143.23291015625	0.3	1.0	2	293341	n/a
143.2412109375	0.3	1.0	2	293358	n/a
143.24951171875	0.3	0.0	1	293375	n/a
143.2578125	0.3	0.0	1	293392	n/a
143.26611328125	0.3	1.0	2	293409	n/a
143.27490234375	0.3	1.0	2	293427	n/a
143.283203125	0.3	0.0	1	293444	n/a
143.29150390625	0.3	1.0	2	293461	n/a
143.2998046875	0.3	0.0	1	293478	n/a
143.30810546875	0.3	1.0	2	293495	n/a
143.31640625	0.3	0.0	1	293512	n/a
143.32470703125	0.3	1.0	2	293529	n/a
143.3330078125	0.3	0.0	1	293546	n/a
143.34130859375	0.3	0.0	1	293563	n/a
143.349609375	0.3	1.0	2	293580	n/a
143.35791015625	0.3	1.0	2	293597	n/a
143.3662109375	0.3	0.0	1	293614	n/a
143.37451171875	0.3	1.0	2	293631	n/a
143.3828125	0.3	0.0	1	293648	n/a
143.39111328125	0.3	1.0	2	293665	n/a
143.39990234375	0.3	0.0	1	293683	n/a
143.408203125	0.3	0.0	1	293700	n/a
143.41650390625	0.3	1.0	2	293717	n/a
143.4248046875	0.3	1.0	2	293734	n/a
143.43310546875	0.3	0.0	1	293751	n/a
143.44140625	0.3	0.0	1	293768	n/a
143.44970703125	0.3	1.0	2	293785	n/a
143.4580078125	0.3	0.0	1	293802	n/a
143.46630859375	0.3	1.0	2	293819	n/a
143.474609375	0.3	0.0	1	293836	n/a
143.48291015625	0.3	1.0	2	293853	n/a
143.4912109375	0.3	0.0	1	293870	n/a
143.49951171875	0.3	1.0	2	293887	n/a
143.5078125	0.3	0.0	1	293904	n/a
143.51611328125	0.3	1.0	2	293921	n/a
143.52490234375	0.3	0.0	1	293939	n/a
143.533203125	0.3	1.0	2	293956	n/a
143.54150390625	0.3	0.0	1	293973	n/a
143.5498046875	0.3	1.0	2	293990	n/a
143.55810546875	0.3	1.0	2	294007	n/a
143.56640625	0.3	0.0	1	294024	n/a
143.57470703125	0.3	1.0	2	294041	n/a
143.5830078125	0.3	0.0	1	294058	n/a
143.59130859375	0.3	0.0	1	294075	n/a
143.599609375	0.3	1.0	2	294092	n/a
143.60791015625	0.3	1.0	2	294109	n/a
143.6162109375	0.3	0.0	1	294126	n/a
143.62451171875	0.3	1.0	2	294143	n/a
143.6328125	0.3	0.0	1	294160	n/a
143.64111328125	0.3	0.0	1	294177	n/a
143.64990234375	0.3	1.0	2	294195	n/a
143.658203125	0.3	1.0	2	294212	n/a
143.66650390625	0.3	0.0	1	294229	n/a
143.6748046875	0.3	1.0	2	294246	n/a
143.68310546875	0.3	0.0	1	294263	n/a
143.69140625	0.3	1.0	2	294280	n/a
143.69970703125	0.3	0.0	1	294297	n/a
143.7080078125	0.3	0.0	1	294314	n/a
143.71630859375	0.3	1.0	2	294331	n/a
143.724609375	0.3	0.0	1	294348	n/a
143.73291015625	0.3	1.0	2	294365	n/a
143.7412109375	0.3	0.0	1	294382	n/a
143.74951171875	0.3	1.0	2	294399	n/a
143.7578125	0.3	1.0	2	294416	n/a
143.76611328125	0.3	0.0	1	294433	n/a
143.77490234375	0.3	1.0	2	294451	n/a
143.783203125	0.3	0.0	1	294468	n/a
143.79150390625	0.3	0.0	1	294485	n/a
143.7998046875	0.3	1.0	2	294502	n/a
143.80810546875	0.3	0.0	1	294519	n/a
143.81640625	0.3	1.0	2	294536	n/a
143.82470703125	0.3	1.0	2	294553	n/a
143.8330078125	0.3	0.0	1	294570	n/a
143.84130859375	0.3	1.0	2	294587	n/a
143.849609375	0.3	0.0	1	294604	n/a
143.85791015625	0.3	0.0	1	294621	n/a
143.8662109375	0.3	1.0	2	294638	n/a
143.87451171875	0.3	1.0	2	294655	n/a
143.8828125	0.3	0.0	1	294672	n/a
143.89111328125	0.3	0.0	1	294689	n/a
143.89990234375	0.3	1.0	2	294707	n/a
143.908203125	0.3	1.0	2	294724	n/a
143.91650390625	0.3	0.0	1	294741	n/a
143.9248046875	0.3	0.0	1	294758	n/a
143.93310546875	0.3	1.0	2	294775	n/a
143.94140625	0.3	0.0	1	294792	n/a
143.94970703125	0.3	1.0	2	294809	n/a
143.9580078125	0.3	0.0	1	294826	n/a
143.96630859375	0.3	1.0	2	294843	n/a
143.974609375	0.3	1.0	2	294860	n/a
143.98291015625	0.3	0.0	1	294877	n/a
143.9912109375	0.3	0.0	1	294894	n/a
143.99951171875	0.3	1.0	2	294911	n/a
144.0078125	0.3	1.0	2	294928	n/a
144.01611328125	0.3	0.0	1	294945	n/a
144.02490234375	0.3	1.0	2	294963	n/a
144.033203125	0.3	0.0	1	294980	n/a
144.04150390625	0.3	0.0	1	294997	n/a
144.0498046875	0.3	1.0	2	295014	n/a
144.05810546875	0.3	0.0	1	295031	n/a
144.06640625	0.3	1.0	2	295048	n/a
144.07470703125	0.3	0.0	1	295065	n/a
144.0830078125	0.3	1.0	2	295082	n/a
144.09130859375	0.3	0.0	1	295099	n/a
144.099609375	0.3	1.0	2	295116	n/a
144.10791015625	0.3	0.0	1	295133	n/a
144.1162109375	0.3	1.0	2	295150	n/a
144.12451171875	0.3	1.0	2	295167	n/a
144.1328125	0.3	0.0	1	295184	n/a
144.14111328125	0.3	1.0	2	295201	n/a
144.14990234375	0.3	0.0	1	295219	n/a
144.158203125	0.3	1.0	2	295236	n/a
144.16650390625	0.3	0.0	1	295253	n/a
144.1748046875	0.3	0.0	1	295270	n/a
144.18310546875	0.3	1.0	2	295287	n/a
144.19140625	0.3	0.0	1	295304	n/a
144.19970703125	0.3	1.0	2	295321	n/a
144.2080078125	0.3	1.0	2	295338	n/a
144.21630859375	0.3	0.0	1	295355	n/a
144.224609375	0.3	0.0	1	295372	n/a
144.23291015625	0.3	1.0	2	295389	n/a
144.2412109375	0.3	1.0	2	295406	n/a
144.24951171875	0.3	0.0	1	295423	n/a
144.2578125	0.3	1.0	2	295440	n/a
144.26611328125	0.3	0.0	1	295457	n/a
144.27490234375	0.3	0.0	1	295475	n/a
144.283203125	0.3	1.0	2	295492	n/a
144.29150390625	0.3	1.0	2	295509	n/a
144.2998046875	0.3	0.0	1	295526	n/a
144.30810546875	0.3	0.0	1	295543	n/a
144.31640625	0.3	1.0	2	295560	n/a
144.32470703125	0.3	1.0	2	295577	n/a
144.3330078125	0.3	0.0	1	295594	n/a
144.34130859375	0.3	1.0	2	295611	n/a
144.349609375	0.3	0.0	1	295628	n/a
144.35791015625	0.3	1.0	2	295645	n/a
144.3662109375	0.3	0.0	1	295662	n/a
144.37451171875	0.3	1.0	2	295679	n/a
144.3828125	0.3	0.0	1	295696	n/a
144.39111328125	0.3	0.0	1	295713	n/a
144.39990234375	0.3	1.0	2	295731	n/a
144.408203125	0.3	1.0	2	295748	n/a
144.41650390625	0.3	0.0	1	295765	n/a
144.4248046875	0.3	1.0	2	295782	n/a
144.43310546875	0.3	0.0	1	295799	n/a
144.44140625	0.3	1.0	2	295816	n/a
144.44970703125	0.3	0.0	1	295833	n/a
144.4580078125	0.3	0.0	1	295850	n/a
144.46630859375	0.3	1.0	2	295867	n/a
144.474609375	0.3	1.0	2	295884	n/a
144.48291015625	0.3	0.0	1	295901	n/a
144.4912109375	0.3	0.0	1	295918	n/a
144.49951171875	0.3	1.0	2	295935	n/a
144.5078125	0.3	0.0	1	295952	n/a
144.51611328125	0.3	1.0	2	295969	n/a
144.52490234375	0.3	0.0	1	295987	n/a
144.533203125	0.3	1.0	2	296004	n/a
144.54150390625	0.3	0.0	1	296021	n/a
144.5498046875	0.3	1.0	2	296038	n/a
144.55810546875	0.3	0.0	1	296055	n/a
144.56640625	0.3	1.0	2	296072	n/a
144.57470703125	0.3	0.0	1	296089	n/a
144.5830078125	0.3	1.0	2	296106	n/a
144.59130859375	0.3	0.0	1	296123	n/a
144.599609375	0.3	1.0	2	296140	n/a
144.60791015625	0.3	1.0	2	296157	n/a
144.6162109375	0.3	0.0	1	296174	n/a
144.62451171875	0.3	1.0	2	296191	n/a
144.6328125	0.3	0.0	1	296208	n/a
144.64111328125	0.3	0.0	1	296225	n/a
144.64990234375	0.3	1.0	2	296243	n/a
144.658203125	0.3	1.0	2	296260	n/a
144.66650390625	0.3	0.0	1	296277	n/a
144.6748046875	0.3	1.0	2	296294	n/a
144.68310546875	0.3	0.0	1	296311	n/a
144.69140625	0.3	0.0	1	296328	n/a
144.69970703125	0.3	1.0	2	296345	n/a
144.7080078125	0.3	1.0	2	296362	n/a
144.71630859375	0.3	0.0	1	296379	n/a
144.724609375	0.3	1.0	2	296396	n/a
144.73291015625	0.3	0.0	1	296413	n/a
144.7412109375	0.3	1.0	2	296430	n/a
144.74951171875	0.3	0.0	1	296447	n/a
144.7578125	0.3	0.0	1	296464	n/a
144.76611328125	0.3	1.0	2	296481	n/a
144.77490234375	0.3	0.0	1	296499	n/a
144.783203125	0.3	1.0	2	296516	n/a
144.79150390625	0.3	0.0	1	296533	n/a
144.7998046875	0.3	1.0	2	296550	n/a
144.80810546875	0.3	1.0	2	296567	n/a
144.81640625	0.3	0.0	1	296584	n/a
144.82470703125	0.3	1.0	2	296601	n/a
144.8330078125	0.3	0.0	1	296618	n/a
144.84130859375	0.3	0.0	1	296635	n/a
144.849609375	0.3	1.0	2	296652	n/a
144.85791015625	0.3	0.0	1	296669	n/a
144.8662109375	0.3	1.0	2	296686	n/a
144.87451171875	0.3	1.0	2	296703	n/a
144.8828125	0.3	0.0	1	296720	n/a
144.89111328125	0.3	1.0	2	296737	n/a
144.89990234375	0.3	0.0	1	296755	n/a
144.908203125	0.3	0.0	1	296772	n/a
144.91650390625	0.3	1.0	2	296789	n/a
144.9248046875	0.3	1.0	2	296806	n/a
144.93310546875	0.3	0.0	1	296823	n/a
144.94140625	0.3	0.0	1	296840	n/a
144.94970703125	0.3	1.0	2	296857	n/a
144.9580078125	0.3	1.0	2	296874	n/a
144.96630859375	0.3	0.0	1	296891	n/a
144.974609375	0.3	0.0	1	296908	n/a
144.98291015625	0.3	1.0	2	296925	n/a
144.9912109375	0.3	0.0	1	296942	n/a
144.99951171875	0.3	1.0	2	296959	n/a
145.0078125	0.3	0.0	1	296976	n/a
145.01611328125	0.3	1.0	2	296993	n/a
145.02490234375	0.3	1.0	2	297011	n/a
145.033203125	0.3	0.0	1	297028	n/a
145.04150390625	0.3	0.0	1	297045	n/a
145.0498046875	0.3	1.0	2	297062	n/a
145.05810546875	0.3	1.0	2	297079	n/a
145.06640625	0.3	0.0	1	297096	n/a
145.07470703125	0.3	1.0	2	297113	n/a
145.0830078125	0.3	0.0	1	297130	n/a
145.09130859375	0.3	0.0	1	297147	n/a
145.099609375	0.3	1.0	2	297164	n/a
145.10791015625	0.3	0.0	1	297181	n/a
145.1162109375	0.3	1.0	2	297198	n/a
145.12451171875	0.3	0.0	1	297215	n/a
145.1328125	0.3	1.0	2	297232	n/a
145.14111328125	0.3	0.0	1	297249	n/a
145.14990234375	0.3	1.0	2	297267	n/a
145.158203125	0.3	0.0	1	297284	n/a
145.16650390625	0.3	1.0	2	297301	n/a
145.1748046875	0.3	1.0	2	297318	n/a
145.18310546875	0.3	0.0	1	297335	n/a
145.19140625	0.3	1.0	2	297352	n/a
145.19970703125	0.3	0.0	1	297369	n/a
145.2080078125	0.3	1.0	2	297386	n/a
145.21630859375	0.3	0.0	1	297403	n/a
145.224609375	0.3	0.0	1	297420	n/a
145.23291015625	0.3	1.0	2	297437	n/a
145.2412109375	0.3	0.0	1	297454	n/a
145.24951171875	0.3	1.0	2	297471	n/a
145.2578125	0.3	1.0	2	297488	n/a
145.26611328125	0.3	0.0	1	297505	n/a
145.27490234375	0.3	0.0	1	297523	n/a
145.283203125	0.3	1.0	2	297540	n/a
145.29150390625	0.3	1.0	2	297557	n/a
145.2998046875	0.3	0.0	1	297574	n/a
145.30810546875	0.3	1.0	2	297591	n/a
145.31640625	0.3	0.0	1	297608	n/a
145.32470703125	0.3	0.0	1	297625	n/a
145.3330078125	0.3	1.0	2	297642	n/a
145.34130859375	0.3	1.0	2	297659	n/a
145.349609375	0.3	0.0	1	297676	n/a
145.35791015625	0.3	0.0	1	297693	n/a
145.3662109375	0.3	1.0	2	297710	n/a
145.37451171875	0.3	1.0	2	297727	n/a
145.3828125	0.3	0.0	1	297744	n/a
145.39111328125	0.3	1.0	2	297761	n/a
145.39990234375	0.3	0.0	1	297779	n/a
145.408203125	0.3	1.0	2	297796	n/a
145.41650390625	0.3	0.0	1	297813	n/a
145.4248046875	0.3	1.0	2	297830	n/a
145.43310546875	0.3	0.0	1	297847	n/a
145.44140625	0.3	0.0	1	297864	n/a
145.44970703125	0.3	1.0	2	297881	n/a
145.4580078125	0.3	1.0	2	297898	n/a
145.46630859375	0.3	0.0	1	297915	n/a
145.474609375	0.3	1.0	2	297932	n/a
145.48291015625	0.3	0.0	1	297949	n/a
145.4912109375	0.3	1.0	2	297966	n/a
145.49951171875	0.3	0.0	1	297983	n/a
145.5078125	0.3	0.0	1	298000	n/a
145.51611328125	0.3	1.0	2	298017	n/a
145.52490234375	0.3	1.0	2	298035	n/a
145.533203125	0.3	0.0	1	298052	n/a
145.54150390625	0.3	0.0	1	298069	n/a
145.5498046875	0.3	1.0	2	298086	n/a
145.55810546875	0.3	0.0	1	298103	n/a
145.56640625	0.3	1.0	2	298120	n/a
145.57470703125	0.3	0.0	1	298137	n/a
145.5830078125	0.3	1.0	2	298154	n/a
145.59130859375	0.3	0.0	1	298171	n/a
145.599609375	0.3	1.0	2	298188	n/a
145.60791015625	0.3	0.0	1	298205	n/a
145.6162109375	0.3	1.0	2	298222	n/a
145.62451171875	0.3	0.0	1	298239	n/a
145.6328125	0.3	1.0	2	298256	n/a
145.64111328125	0.3	0.0	1	298273	n/a
145.64990234375	0.3	1.0	2	298291	n/a
145.658203125	0.3	1.0	2	298308	n/a
145.66650390625	0.3	0.0	1	298325	n/a
145.6748046875	0.3	1.0	2	298342	n/a
145.68310546875	0.3	0.0	1	298359	n/a
145.69140625	0.3	0.0	1	298376	n/a
145.69970703125	0.3	1.0	2	298393	n/a
145.7080078125	0.3	1.0	2	298410	n/a
145.71630859375	0.3	0.0	1	298427	n/a
145.724609375	0.3	1.0	2	298444	n/a
145.73291015625	0.3	0.0	1	298461	n/a
145.7412109375	0.3	0.0	1	298478	n/a
145.74951171875	0.3	1.0	2	298495	n/a
145.7578125	0.3	1.0	2	298512	n/a
145.76611328125	0.3	0.0	1	298529	n/a
145.77490234375	0.3	1.0	2	298547	n/a
145.783203125	0.3	0.0	1	298564	n/a
145.79150390625	0.3	1.0	2	298581	n/a
145.7998046875	0.3	0.0	1	298598	n/a
145.80810546875	0.3	0.0	1	298615	n/a
145.81640625	0.3	1.0	2	298632	n/a
145.82470703125	0.3	0.0	1	298649	n/a
145.8330078125	0.3	1.0	2	298666	n/a
145.84130859375	0.3	0.0	1	298683	n/a
145.849609375	0.3	1.0	2	298700	n/a
145.85791015625	0.3	1.0	2	298717	n/a
145.8662109375	0.3	0.0	1	298734	n/a
145.87451171875	0.3	1.0	2	298751	n/a
145.8828125	0.3	0.0	1	298768	n/a
145.89111328125	0.3	0.0	1	298785	n/a
145.89990234375	0.3	1.0	2	298803	n/a
145.908203125	0.3	0.0	1	298820	n/a
145.91650390625	0.3	1.0	2	298837	n/a
145.9248046875	0.3	1.0	2	298854	n/a
145.93310546875	0.3	0.0	1	298871	n/a
145.94140625	0.3	1.0	2	298888	n/a
145.94970703125	0.3	0.0	1	298905	n/a
145.9580078125	0.3	0.0	1	298922	n/a
145.96630859375	0.3	1.0	2	298939	n/a
145.974609375	0.3	1.0	2	298956	n/a
145.98291015625	0.3	0.0	1	298973	n/a
145.9912109375	0.3	0.0	1	298990	n/a
145.99951171875	0.3	1.0	2	299007	n/a
146.0078125	0.3	1.0	2	299024	n/a
146.01611328125	0.3	0.0	1	299041	n/a
146.02490234375	0.3	0.0	1	299059	n/a
146.033203125	0.3	1.0	2	299076	n/a
146.04150390625	0.3	0.0	1	299093	n/a
146.0498046875	0.3	1.0	2	299110	n/a
146.05810546875	0.3	0.0	1	299127	n/a
146.06640625	0.3	1.0	2	299144	n/a
146.07470703125	0.3	1.0	2	299161	n/a
146.0830078125	0.3	0.0	1	299178	n/a
146.09130859375	0.3	0.0	1	299195	n/a
146.099609375	0.3	1.0	2	299212	n/a
146.10791015625	0.3	1.0	2	299229	n/a
146.1162109375	0.3	0.0	1	299246	n/a
146.12451171875	0.3	1.0	2	299263	n/a
146.1328125	0.3	0.0	1	299280	n/a
146.14111328125	0.3	0.0	1	299297	n/a
146.14990234375	0.3	1.0	2	299315	n/a
146.158203125	0.3	0.0	1	299332	n/a
146.16650390625	0.3	1.0	2	299349	n/a
146.1748046875	0.3	0.0	1	299366	n/a
146.18310546875	0.3	1.0	2	299383	n/a
146.19140625	0.3	0.0	1	299400	n/a
146.19970703125	0.3	1.0	2	299417	n/a
146.2080078125	0.3	0.0	1	299434	n/a
146.21630859375	0.3	1.0	2	299451	n/a
146.224609375	0.3	1.0	2	299468	n/a
146.23291015625	0.3	0.0	1	299485	n/a
146.2412109375	0.3	1.0	2	299502	n/a
146.24951171875	0.3	0.0	1	299519	n/a
146.2578125	0.3	1.0	2	299536	n/a
146.26611328125	0.3	0.0	1	299553	n/a
146.27490234375	0.3	0.0	1	299571	n/a
146.283203125	0.3	1.0	2	299588	n/a
146.29150390625	0.3	0.0	1	299605	n/a
146.2998046875	0.3	1.0	2	299622	n/a
146.30810546875	0.3	1.0	2	299639	n/a
146.31640625	0.3	0.0	1	299656	n/a
146.32470703125	0.3	0.0	1	299673	n/a
146.3330078125	0.3	1.0	2	299690	n/a
146.34130859375	0.3	1.0	2	299707	n/a
146.349609375	0.3	0.0	1	299724	n/a
146.35791015625	0.3	1.0	2	299741	n/a
146.3662109375	0.3	0.0	1	299758	n/a
146.37451171875	0.3	0.0	1	299775	n/a
146.3828125	0.3	1.0	2	299792	n/a
146.39111328125	0.3	1.0	2	299809	n/a
146.39990234375	0.3	0.0	1	299827	n/a
146.408203125	0.3	0.0	1	299844	n/a
146.41650390625	0.3	1.0	2	299861	n/a
146.4248046875	0.3	1.0	2	299878	n/a
146.43310546875	0.3	0.0	1	299895	n/a
146.44140625	0.3	1.0	2	299912	n/a
146.44970703125	0.3	0.0	1	299929	n/a
146.4580078125	0.3	1.0	2	299946	n/a
146.46630859375	0.3	0.0	1	299963	n/a
146.474609375	0.3	1.0	2	299980	n/a
146.48291015625	0.3	0.0	1	299997	n/a
146.4912109375	0.3	0.0	1	300014	n/a
146.49951171875	0.3	1.0	2	300031	n/a
146.5078125	0.3	1.0	2	300048	n/a
146.51611328125	0.3	0.0	1	300065	n/a
146.52490234375	0.3	1.0	2	300083	n/a
146.533203125	0.3	0.0	1	300100	n/a
146.54150390625	0.3	1.0	2	300117	n/a
146.5498046875	0.3	0.0	1	300134	n/a
146.55810546875	0.3	0.0	1	300151	n/a
146.56640625	0.3	1.0	2	300168	n/a
146.57470703125	0.3	1.0	2	300185	n/a
146.5830078125	0.3	0.0	1	300202	n/a
146.59130859375	0.3	0.0	1	300219	n/a
146.599609375	0.3	1.0	2	300236	n/a
146.60791015625	0.3	0.0	1	300253	n/a
146.6162109375	0.3	1.0	2	300270	n/a
146.62451171875	0.3	0.0	1	300287	n/a
146.6328125	0.3	1.0	2	300304	n/a
146.64111328125	0.3	0.0	1	300321	n/a
146.64990234375	0.3	1.0	2	300339	n/a
149.025390625	0.3	0.0	1	305204	24.0
149.03369140625	0.3	1.0	2	305221	n/a
149.0419921875	0.3	0.0	1	305238	n/a
149.05029296875	0.3	1.0	2	305255	n/a
149.05859375	0.3	0.0	1	305272	n/a
149.06689453125	0.3	1.0	2	305289	n/a
149.0751953125	0.3	1.0	2	305306	n/a
149.08349609375	0.3	0.0	1	305323	n/a
149.09228515625	0.3	0.0	1	305341	n/a
149.1005859375	0.3	1.0	2	305358	n/a
149.10888671875	0.3	1.0	2	305375	n/a
149.1171875	0.3	0.0	1	305392	n/a
149.12548828125	0.3	0.0	1	305409	n/a
149.1337890625	0.3	1.0	2	305426	n/a
149.14208984375	0.3	1.0	2	305443	n/a
149.150390625	0.3	0.0	1	305460	n/a
149.15869140625	0.3	0.0	1	305477	n/a
149.1669921875	0.3	1.0	2	305494	n/a
149.17529296875	0.3	1.0	2	305511	n/a
149.18359375	0.3	0.0	1	305528	n/a
149.19189453125	0.3	1.0	2	305545	n/a
149.2001953125	0.3	0.0	1	305562	n/a
149.20849609375	0.3	1.0	2	305579	n/a
149.21728515625	0.3	0.0	1	305597	n/a
149.2255859375	0.3	1.0	2	305614	n/a
149.23388671875	0.3	0.0	1	305631	n/a
149.2421875	0.3	0.0	1	305648	n/a
149.25048828125	0.3	1.0	2	305665	n/a
149.2587890625	0.3	1.0	2	305682	n/a
149.26708984375	0.3	0.0	1	305699	n/a
149.275390625	0.3	0.0	1	305716	n/a
149.28369140625	0.3	1.0	2	305733	n/a
149.2919921875	0.3	0.0	1	305750	n/a
149.30029296875	0.3	1.0	2	305767	n/a
149.30859375	0.3	1.0	2	305784	n/a
149.31689453125	0.3	0.0	1	305801	n/a
149.3251953125	0.3	1.0	2	305818	n/a
149.33349609375	0.3	0.0	1	305835	n/a
149.34228515625	0.3	0.0	1	305853	n/a
149.3505859375	0.3	1.0	2	305870	n/a
149.35888671875	0.3	1.0	2	305887	n/a
149.3671875	0.3	0.0	1	305904	n/a
149.37548828125	0.3	0.0	1	305921	n/a
149.3837890625	0.3	1.0	2	305938	n/a
149.39208984375	0.3	0.0	1	305955	n/a
149.400390625	0.3	1.0	2	305972	n/a
149.40869140625	0.3	0.0	1	305989	n/a
149.4169921875	0.3	1.0	2	306006	n/a
149.42529296875	0.3	0.0	1	306023	n/a
149.43359375	0.3	1.0	2	306040	n/a
149.44189453125	0.3	0.0	1	306057	n/a
149.4501953125	0.3	1.0	2	306074	n/a
149.45849609375	0.3	1.0	2	306091	n/a
149.46728515625	0.3	0.0	1	306109	n/a
149.4755859375	0.3	0.0	1	306126	n/a
149.48388671875	0.3	1.0	2	306143	n/a
149.4921875	0.3	1.0	2	306160	n/a
149.50048828125	0.3	0.0	1	306177	n/a
149.5087890625	0.3	0.0	1	306194	n/a
149.51708984375	0.3	1.0	2	306211	n/a
149.525390625	0.3	0.0	1	306228	n/a
149.53369140625	0.3	1.0	2	306245	n/a
149.5419921875	0.3	0.0	1	306262	n/a
149.55029296875	0.3	1.0	2	306279	n/a
149.55859375	0.3	0.0	1	306296	n/a
149.56689453125	0.3	1.0	2	306313	n/a
149.5751953125	0.3	0.0	1	306330	n/a
149.58349609375	0.3	1.0	2	306347	n/a
149.59228515625	0.3	1.0	2	306365	n/a
149.6005859375	0.3	0.0	1	306382	n/a
149.60888671875	0.3	1.0	2	306399	n/a
149.6171875	0.3	0.0	1	306416	n/a
149.62548828125	0.3	1.0	2	306433	n/a
149.6337890625	0.3	0.0	1	306450	n/a
149.64208984375	0.3	0.0	1	306467	n/a
149.650390625	0.3	1.0	2	306484	n/a
149.65869140625	0.3	1.0	2	306501	n/a
149.6669921875	0.3	0.0	1	306518	n/a
149.67529296875	0.3	0.0	1	306535	n/a
149.68359375	0.3	1.0	2	306552	n/a
149.69189453125	0.3	1.0	2	306569	n/a
149.7001953125	0.3	0.0	1	306586	n/a
149.70849609375	0.3	1.0	2	306603	n/a
149.71728515625	0.3	0.0	1	306621	n/a
149.7255859375	0.3	1.0	2	306638	n/a
149.73388671875	0.3	0.0	1	306655	n/a
149.7421875	0.3	1.0	2	306672	n/a
149.75048828125	0.3	0.0	1	306689	n/a
149.7587890625	0.3	1.0	2	306706	n/a
149.76708984375	0.3	0.0	1	306723	n/a
149.775390625	0.3	0.0	1	306740	n/a
149.78369140625	0.3	1.0	2	306757	n/a
149.7919921875	0.3	1.0	2	306774	n/a
149.80029296875	0.3	0.0	1	306791	n/a
149.80859375	0.3	1.0	2	306808	n/a
149.81689453125	0.3	0.0	1	306825	n/a
149.8251953125	0.3	1.0	2	306842	n/a
149.83349609375	0.3	0.0	1	306859	n/a
149.84228515625	0.3	1.0	2	306877	n/a
149.8505859375	0.3	0.0	1	306894	n/a
149.85888671875	0.3	1.0	2	306911	n/a
149.8671875	0.3	0.0	1	306928	n/a
149.87548828125	0.3	0.0	1	306945	n/a
149.8837890625	0.3	1.0	2	306962	n/a
149.89208984375	0.3	0.0	1	306979	n/a
149.900390625	0.3	1.0	2	306996	n/a
149.90869140625	0.3	0.0	1	307013	n/a
149.9169921875	0.3	1.0	2	307030	n/a
149.92529296875	0.3	0.0	1	307047	n/a
149.93359375	0.3	1.0	2	307064	n/a
149.94189453125	0.3	0.0	1	307081	n/a
149.9501953125	0.3	1.0	2	307098	n/a
149.95849609375	0.3	1.0	2	307115	n/a
149.96728515625	0.3	0.0	1	307133	n/a
149.9755859375	0.3	0.0	1	307150	n/a
149.98388671875	0.3	1.0	2	307167	n/a
149.9921875	0.3	1.0	2	307184	n/a
150.00048828125	0.3	0.0	1	307201	n/a
150.0087890625	0.3	1.0	2	307218	n/a
150.01708984375	0.3	0.0	1	307235	n/a
150.025390625	0.3	0.0	1	307252	n/a
150.03369140625	0.3	1.0	2	307269	n/a
150.0419921875	0.3	0.0	1	307286	n/a
150.05029296875	0.3	1.0	2	307303	n/a
150.05859375	0.3	1.0	2	307320	n/a
150.06689453125	0.3	0.0	1	307337	n/a
150.0751953125	0.3	0.0	1	307354	n/a
150.08349609375	0.3	1.0	2	307371	n/a
150.09228515625	0.3	0.0	1	307389	n/a
150.1005859375	0.3	1.0	2	307406	n/a
150.10888671875	0.3	0.0	1	307423	n/a
150.1171875	0.3	1.0	2	307440	n/a
150.12548828125	0.3	1.0	2	307457	n/a
150.1337890625	0.3	0.0	1	307474	n/a
150.14208984375	0.3	0.0	1	307491	n/a
150.150390625	0.3	1.0	2	307508	n/a
150.15869140625	0.3	1.0	2	307525	n/a
150.1669921875	0.3	0.0	1	307542	n/a
150.17529296875	0.3	0.0	1	307559	n/a
150.18359375	0.3	1.0	2	307576	n/a
150.19189453125	0.3	1.0	2	307593	n/a
150.2001953125	0.3	0.0	1	307610	n/a
150.20849609375	0.3	0.0	1	307627	n/a
150.21728515625	0.3	1.0	2	307645	n/a
150.2255859375	0.3	1.0	2	307662	n/a
150.23388671875	0.3	0.0	1	307679	n/a
150.2421875	0.3	1.0	2	307696	n/a
150.25048828125	0.3	0.0	1	307713	n/a
150.2587890625	0.3	1.0	2	307730	n/a
150.26708984375	0.3	0.0	1	307747	n/a
150.275390625	0.3	1.0	2	307764	n/a
150.28369140625	0.3	0.0	1	307781	n/a
150.2919921875	0.3	0.0	1	307798	n/a
150.30029296875	0.3	1.0	2	307815	n/a
150.30859375	0.3	1.0	2	307832	n/a
150.31689453125	0.3	0.0	1	307849	n/a
150.3251953125	0.3	0.0	1	307866	n/a
150.33349609375	0.3	1.0	2	307883	n/a
150.34228515625	0.3	0.0	1	307901	n/a
150.3505859375	0.3	1.0	2	307918	n/a
150.35888671875	0.3	1.0	2	307935	n/a
150.3671875	0.3	0.0	1	307952	n/a
150.37548828125	0.3	1.0	2	307969	n/a
150.3837890625	0.3	0.0	1	307986	n/a
150.39208984375	0.3	0.0	1	308003	n/a
150.400390625	0.3	1.0	2	308020	n/a
150.40869140625	0.3	1.0	2	308037	n/a
150.4169921875	0.3	0.0	1	308054	n/a
150.42529296875	0.3	0.0	1	308071	n/a
150.43359375	0.3	1.0	2	308088	n/a
150.44189453125	0.3	0.0	1	308105	n/a
150.4501953125	0.3	1.0	2	308122	n/a
150.45849609375	0.3	0.0	1	308139	n/a
150.46728515625	0.3	1.0	2	308157	n/a
150.4755859375	0.3	0.0	1	308174	n/a
150.48388671875	0.3	1.0	2	308191	n/a
150.4921875	0.3	0.0	1	308208	n/a
150.50048828125	0.3	1.0	2	308225	n/a
150.5087890625	0.3	1.0	2	308242	n/a
150.51708984375	0.3	0.0	1	308259	n/a
150.525390625	0.3	0.0	1	308276	n/a
150.53369140625	0.3	1.0	2	308293	n/a
150.5419921875	0.3	1.0	2	308310	n/a
150.55029296875	0.3	0.0	1	308327	n/a
150.55859375	0.3	0.0	1	308344	n/a
150.56689453125	0.3	1.0	2	308361	n/a
150.5751953125	0.3	0.0	1	308378	n/a
150.58349609375	0.3	1.0	2	308395	n/a
150.59228515625	0.3	0.0	1	308413	n/a
150.6005859375	0.3	1.0	2	308430	n/a
150.60888671875	0.3	0.0	1	308447	n/a
150.6171875	0.3	1.0	2	308464	n/a
150.62548828125	0.3	0.0	1	308481	n/a
150.6337890625	0.3	1.0	2	308498	n/a
150.64208984375	0.3	1.0	2	308515	n/a
150.650390625	0.3	0.0	1	308532	n/a
150.65869140625	0.3	1.0	2	308549	n/a
150.6669921875	0.3	0.0	1	308566	n/a
150.67529296875	0.3	1.0	2	308583	n/a
150.68359375	0.3	0.0	1	308600	n/a
150.69189453125	0.3	0.0	1	308617	n/a
150.7001953125	0.3	1.0	2	308634	n/a
150.70849609375	0.3	1.0	2	308651	n/a
150.71728515625	0.3	0.0	1	308669	n/a
150.7255859375	0.3	0.0	1	308686	n/a
150.73388671875	0.3	1.0	2	308703	n/a
150.7421875	0.3	1.0	2	308720	n/a
150.75048828125	0.3	0.0	1	308737	n/a
150.7587890625	0.3	1.0	2	308754	n/a
150.76708984375	0.3	0.0	1	308771	n/a
150.775390625	0.3	1.0	2	308788	n/a
150.78369140625	0.3	0.0	1	308805	n/a
150.7919921875	0.3	1.0	2	308822	n/a
150.80029296875	0.3	0.0	1	308839	n/a
150.80859375	0.3	1.0	2	308856	n/a
150.81689453125	0.3	0.0	1	308873	n/a
150.8251953125	0.3	0.0	1	308890	n/a
150.83349609375	0.3	1.0	2	308907	n/a
150.84228515625	0.3	1.0	2	308925	n/a
150.8505859375	0.3	0.0	1	308942	n/a
150.85888671875	0.3	1.0	2	308959	n/a
150.8671875	0.3	0.0	1	308976	n/a
150.87548828125	0.3	1.0	2	308993	n/a
150.8837890625	0.3	0.0	1	309010	n/a
150.89208984375	0.3	1.0	2	309027	n/a
150.900390625	0.3	0.0	1	309044	n/a
150.90869140625	0.3	1.0	2	309061	n/a
150.9169921875	0.3	0.0	1	309078	n/a
150.92529296875	0.3	0.0	1	309095	n/a
150.93359375	0.3	1.0	2	309112	n/a
150.94189453125	0.3	0.0	1	309129	n/a
150.9501953125	0.3	1.0	2	309146	n/a
150.95849609375	0.3	0.0	1	309163	n/a
150.96728515625	0.3	1.0	2	309181	n/a
150.9755859375	0.3	0.0	1	309198	n/a
150.98388671875	0.3	1.0	2	309215	n/a
150.9921875	0.3	0.0	1	309232	n/a
151.00048828125	0.3	1.0	2	309249	n/a
151.0087890625	0.3	1.0	2	309266	n/a
151.01708984375	0.3	0.0	1	309283	n/a
151.025390625	0.3	0.0	1	309300	n/a
151.03369140625	0.3	1.0	2	309317	n/a
151.0419921875	0.3	1.0	2	309334	n/a
151.05029296875	0.3	0.0	1	309351	n/a
151.05859375	0.3	1.0	2	309368	n/a
151.06689453125	0.3	0.0	1	309385	n/a
151.0751953125	0.3	0.0	1	309402	n/a
151.08349609375	0.3	1.0	2	309419	n/a
151.09228515625	0.3	0.0	1	309437	n/a
151.1005859375	0.3	1.0	2	309454	n/a
151.10888671875	0.3	1.0	2	309471	n/a
151.1171875	0.3	0.0	1	309488	n/a
151.12548828125	0.3	0.0	1	309505	n/a
151.1337890625	0.3	1.0	2	309522	n/a
151.14208984375	0.3	0.0	1	309539	n/a
151.150390625	0.3	1.0	2	309556	n/a
151.15869140625	0.3	0.0	1	309573	n/a
151.1669921875	0.3	1.0	2	309590	n/a
151.17529296875	0.3	1.0	2	309607	n/a
151.18359375	0.3	0.0	1	309624	n/a
151.19189453125	0.3	0.0	1	309641	n/a
151.2001953125	0.3	1.0	2	309658	n/a
151.20849609375	0.3	1.0	2	309675	n/a
151.21728515625	0.3	0.0	1	309693	n/a
151.2255859375	0.3	0.0	1	309710	n/a
151.23388671875	0.3	1.0	2	309727	n/a
151.2421875	0.3	1.0	2	309744	n/a
151.25048828125	0.3	0.0	1	309761	n/a
151.2587890625	0.3	0.0	1	309778	n/a
151.26708984375	0.3	1.0	2	309795	n/a
151.275390625	0.3	1.0	2	309812	n/a
151.28369140625	0.3	0.0	1	309829	n/a
151.2919921875	0.3	1.0	2	309846	n/a
151.30029296875	0.3	0.0	1	309863	n/a
151.30859375	0.3	1.0	2	309880	n/a
151.31689453125	0.3	0.0	1	309897	n/a
151.3251953125	0.3	1.0	2	309914	n/a
151.33349609375	0.3	0.0	1	309931	n/a
151.34228515625	0.3	0.0	1	309949	n/a
151.3505859375	0.3	1.0	2	309966	n/a
151.35888671875	0.3	1.0	2	309983	n/a
151.3671875	0.3	0.0	1	310000	n/a
151.37548828125	0.3	0.0	1	310017	n/a
151.3837890625	0.3	1.0	2	310034	n/a
151.39208984375	0.3	0.0	1	310051	n/a
151.400390625	0.3	1.0	2	310068	n/a
151.40869140625	0.3	1.0	2	310085	n/a
151.4169921875	0.3	0.0	1	310102	n/a
151.42529296875	0.3	1.0	2	310119	n/a
151.43359375	0.3	0.0	1	310136	n/a
151.44189453125	0.3	0.0	1	310153	n/a
151.4501953125	0.3	1.0	2	310170	n/a
151.45849609375	0.3	1.0	2	310187	n/a
151.46728515625	0.3	0.0	1	310205	n/a
151.4755859375	0.3	0.0	1	310222	n/a
151.48388671875	0.3	1.0	2	310239	n/a
151.4921875	0.3	0.0	1	310256	n/a
151.50048828125	0.3	1.0	2	310273	n/a
151.5087890625	0.3	0.0	1	310290	n/a
151.51708984375	0.3	1.0	2	310307	n/a
151.525390625	0.3	0.0	1	310324	n/a
151.53369140625	0.3	1.0	2	310341	n/a
151.5419921875	0.3	0.0	1	310358	n/a
151.55029296875	0.3	1.0	2	310375	n/a
151.55859375	0.3	1.0	2	310392	n/a
151.56689453125	0.3	0.0	1	310409	n/a
151.5751953125	0.3	0.0	1	310426	n/a
151.58349609375	0.3	1.0	2	310443	n/a
151.59228515625	0.3	1.0	2	310461	n/a
151.6005859375	0.3	0.0	1	310478	n/a
151.60888671875	0.3	0.0	1	310495	n/a
151.6171875	0.3	1.0	2	310512	n/a
151.62548828125	0.3	0.0	1	310529	n/a
151.6337890625	0.3	1.0	2	310546	n/a
151.64208984375	0.3	0.0	1	310563	n/a
151.650390625	0.3	1.0	2	310580	n/a
151.65869140625	0.3	0.0	1	310597	n/a
151.6669921875	0.3	1.0	2	310614	n/a
151.67529296875	0.3	0.0	1	310631	n/a
151.68359375	0.3	1.0	2	310648	n/a
151.69189453125	0.3	1.0	2	310665	n/a
151.7001953125	0.3	0.0	1	310682	n/a
151.70849609375	0.3	1.0	2	310699	n/a
151.71728515625	0.3	0.0	1	310717	n/a
151.7255859375	0.3	1.0	2	310734	n/a
151.73388671875	0.3	0.0	1	310751	n/a
151.7421875	0.3	0.0	1	310768	n/a
151.75048828125	0.3	1.0	2	310785	n/a
151.7587890625	0.3	1.0	2	310802	n/a
151.76708984375	0.3	0.0	1	310819	n/a
151.775390625	0.3	0.0	1	310836	n/a
151.78369140625	0.3	1.0	2	310853	n/a
151.7919921875	0.3	1.0	2	310870	n/a
151.80029296875	0.3	0.0	1	310887	n/a
151.80859375	0.3	1.0	2	310904	n/a
151.81689453125	0.3	0.0	1	310921	n/a
151.8251953125	0.3	1.0	2	310938	n/a
151.83349609375	0.3	0.0	1	310955	n/a
151.84228515625	0.3	1.0	2	310973	n/a
151.8505859375	0.3	0.0	1	310990	n/a
151.85888671875	0.3	1.0	2	311007	n/a
151.8671875	0.3	0.0	1	311024	n/a
151.87548828125	0.3	0.0	1	311041	n/a
151.8837890625	0.3	1.0	2	311058	n/a
151.89208984375	0.3	1.0	2	311075	n/a
151.900390625	0.3	0.0	1	311092	n/a
151.90869140625	0.3	1.0	2	311109	n/a
151.9169921875	0.3	0.0	1	311126	n/a
151.92529296875	0.3	1.0	2	311143	n/a
151.93359375	0.3	0.0	1	311160	n/a
151.94189453125	0.3	1.0	2	311177	n/a
151.9501953125	0.3	0.0	1	311194	n/a
151.95849609375	0.3	1.0	2	311211	n/a
151.96728515625	0.3	0.0	1	311229	n/a
151.9755859375	0.3	0.0	1	311246	n/a
151.98388671875	0.3	1.0	2	311263	n/a
151.9921875	0.3	0.0	1	311280	n/a
152.00048828125	0.3	1.0	2	311297	n/a
152.0087890625	0.3	0.0	1	311314	n/a
152.01708984375	0.3	1.0	2	311331	n/a
152.025390625	0.3	0.0	1	311348	n/a
152.03369140625	0.3	1.0	2	311365	n/a
152.0419921875	0.3	0.0	1	311382	n/a
152.05029296875	0.3	1.0	2	311399	n/a
152.05859375	0.3	1.0	2	311416	n/a
152.06689453125	0.3	0.0	1	311433	n/a
152.0751953125	0.3	0.0	1	311450	n/a
152.08349609375	0.3	1.0	2	311467	n/a
152.09228515625	0.3	1.0	2	311485	n/a
152.1005859375	0.3	0.0	1	311502	n/a
152.10888671875	0.3	1.0	2	311519	n/a
152.1171875	0.3	0.0	1	311536	n/a
152.12548828125	0.3	0.0	1	311553	n/a
152.1337890625	0.3	1.0	2	311570	n/a
152.14208984375	0.3	0.0	1	311587	n/a
152.150390625	0.3	1.0	2	311604	n/a
152.15869140625	0.3	1.0	2	311621	n/a
152.1669921875	0.3	0.0	1	311638	n/a
152.17529296875	0.3	0.0	1	311655	n/a
152.18359375	0.3	1.0	2	311672	n/a
152.19189453125	0.3	0.0	1	311689	n/a
152.2001953125	0.3	1.0	2	311706	n/a
152.20849609375	0.3	0.0	1	311723	n/a
152.21728515625	0.3	1.0	2	311741	n/a
152.2255859375	0.3	1.0	2	311758	n/a
152.23388671875	0.3	0.0	1	311775	n/a
152.2421875	0.3	0.0	1	311792	n/a
152.25048828125	0.3	1.0	2	311809	n/a
152.2587890625	0.3	1.0	2	311826	n/a
152.26708984375	0.3	0.0	1	311843	n/a
152.275390625	0.3	0.0	1	311860	n/a
152.28369140625	0.3	1.0	2	311877	n/a
152.2919921875	0.3	1.0	2	311894	n/a
152.30029296875	0.3	0.0	1	311911	n/a
152.30859375	0.3	0.0	1	311928	n/a
152.31689453125	0.3	1.0	2	311945	n/a
152.3251953125	0.3	1.0	2	311962	n/a
152.33349609375	0.3	0.0	1	311979	n/a
152.34228515625	0.3	1.0	2	311997	n/a
152.3505859375	0.3	0.0	1	312014	n/a
152.35888671875	0.3	1.0	2	312031	n/a
152.3671875	0.3	0.0	1	312048	n/a
152.37548828125	0.3	1.0	2	312065	n/a
152.3837890625	0.3	0.0	1	312082	n/a
152.39208984375	0.3	0.0	1	312099	n/a
152.400390625	0.3	1.0	2	312116	n/a
152.40869140625	0.3	1.0	2	312133	n/a
152.4169921875	0.3	0.0	1	312150	n/a
152.42529296875	0.3	0.0	1	312167	n/a
152.43359375	0.3	1.0	2	312184	n/a
152.44189453125	0.3	0.0	1	312201	n/a
152.4501953125	0.3	1.0	2	312218	n/a
152.45849609375	0.3	1.0	2	312235	n/a
152.46728515625	0.3	0.0	1	312253	n/a
152.4755859375	0.3	1.0	2	312270	n/a
152.48388671875	0.3	0.0	1	312287	n/a
152.4921875	0.3	0.0	1	312304	n/a
152.50048828125	0.3	1.0	2	312321	n/a
152.5087890625	0.3	1.0	2	312338	n/a
152.51708984375	0.3	0.0	1	312355	n/a
152.525390625	0.3	0.0	1	312372	n/a
152.53369140625	0.3	1.0	2	312389	n/a
152.5419921875	0.3	0.0	1	312406	n/a
152.55029296875	0.3	1.0	2	312423	n/a
152.55859375	0.3	0.0	1	312440	n/a
152.56689453125	0.3	1.0	2	312457	n/a
152.5751953125	0.3	0.0	1	312474	n/a
152.58349609375	0.3	1.0	2	312491	n/a
152.59228515625	0.3	0.0	1	312509	n/a
152.6005859375	0.3	1.0	2	312526	n/a
152.60888671875	0.3	1.0	2	312543	n/a
152.6171875	0.3	0.0	1	312560	n/a
152.62548828125	0.3	0.0	1	312577	n/a
152.6337890625	0.3	1.0	2	312594	n/a
152.64208984375	0.3	1.0	2	312611	n/a
152.650390625	0.3	0.0	1	312628	n/a
152.65869140625	0.3	0.0	1	312645	n/a
152.6669921875	0.3	1.0	2	312662	n/a
152.67529296875	0.3	0.0	1	312679	n/a
152.68359375	0.3	1.0	2	312696	n/a
152.69189453125	0.3	0.0	1	312713	n/a
152.7001953125	0.3	1.0	2	312730	n/a
152.70849609375	0.3	0.0	1	312747	n/a
152.71728515625	0.3	1.0	2	312765	n/a
152.7255859375	0.3	0.0	1	312782	n/a
152.73388671875	0.3	1.0	2	312799	n/a
152.7421875	0.3	1.0	2	312816	n/a
152.75048828125	0.3	0.0	1	312833	n/a
152.7587890625	0.3	1.0	2	312850	n/a
152.76708984375	0.3	0.0	1	312867	n/a
152.775390625	0.3	1.0	2	312884	n/a
152.78369140625	0.3	0.0	1	312901	n/a
152.7919921875	0.3	0.0	1	312918	n/a
152.80029296875	0.3	1.0	2	312935	n/a
152.80859375	0.3	1.0	2	312952	n/a
152.81689453125	0.3	0.0	1	312969	n/a
152.8251953125	0.3	0.0	1	312986	n/a
152.83349609375	0.3	1.0	2	313003	n/a
152.84228515625	0.3	1.0	2	313021	n/a
152.8505859375	0.3	0.0	1	313038	n/a
152.85888671875	0.3	1.0	2	313055	n/a
152.8671875	0.3	0.0	1	313072	n/a
152.87548828125	0.3	1.0	2	313089	n/a
152.8837890625	0.3	0.0	1	313106	n/a
152.89208984375	0.3	1.0	2	313123	n/a
152.900390625	0.3	0.0	1	313140	n/a
152.90869140625	0.3	1.0	2	313157	n/a
152.9169921875	0.3	0.0	1	313174	n/a
152.92529296875	0.3	0.0	1	313191	n/a
152.93359375	0.3	1.0	2	313208	n/a
152.94189453125	0.3	1.0	2	313225	n/a
152.9501953125	0.3	0.0	1	313242	n/a
152.95849609375	0.3	1.0	2	313259	n/a
152.96728515625	0.3	0.0	1	313277	n/a
152.9755859375	0.3	1.0	2	313294	n/a
152.98388671875	0.3	0.0	1	313311	n/a
152.9921875	0.3	1.0	2	313328	n/a
153.00048828125	0.3	0.0	1	313345	n/a
153.0087890625	0.3	1.0	2	313362	n/a
153.01708984375	0.3	0.0	1	313379	n/a
153.025390625	0.3	0.0	1	313396	n/a
153.03369140625	0.3	1.0	2	313413	n/a
153.0419921875	0.3	0.0	1	313430	n/a
153.05029296875	0.3	1.0	2	313447	n/a
153.05859375	0.3	0.0	1	313464	n/a
153.06689453125	0.3	1.0	2	313481	n/a
153.0751953125	0.3	0.0	1	313498	n/a
153.08349609375	0.3	1.0	2	313515	n/a
153.09228515625	0.3	0.0	1	313533	n/a
153.1005859375	0.3	1.0	2	313550	n/a
153.10888671875	0.3	1.0	2	313567	n/a
153.1171875	0.3	0.0	1	313584	n/a
153.12548828125	0.3	0.0	1	313601	n/a
153.1337890625	0.3	1.0	2	313618	n/a
153.14208984375	0.3	1.0	2	313635	n/a
153.150390625	0.3	0.0	1	313652	n/a
153.15869140625	0.3	1.0	2	313669	n/a
153.1669921875	0.3	0.0	1	313686	n/a
153.17529296875	0.3	0.0	1	313703	n/a
153.18359375	0.3	1.0	2	313720	n/a
153.19189453125	0.3	0.0	1	313737	n/a
153.2001953125	0.3	1.0	2	313754	n/a
153.20849609375	0.3	1.0	2	313771	n/a
153.21728515625	0.3	0.0	1	313789	n/a
155.5849609375	0.3	0.0	1	318638	16.0
155.59326171875	0.3	1.0	2	318655	n/a
155.6015625	0.3	1.0	2	318672	n/a
155.60986328125	0.3	0.0	1	318689	n/a
155.6181640625	0.3	0.0	1	318706	n/a
155.62646484375	0.3	1.0	2	318723	n/a
155.634765625	0.3	1.0	2	318740	n/a
155.64306640625	0.3	0.0	1	318757	n/a
155.65185546875	0.3	0.0	1	318775	n/a
155.66015625	0.3	1.0	2	318792	n/a
155.66845703125	0.3	0.0	1	318809	n/a
155.6767578125	0.3	1.0	2	318826	n/a
155.68505859375	0.3	1.0	2	318843	n/a
155.693359375	0.3	0.0	1	318860	n/a
155.70166015625	0.3	1.0	2	318877	n/a
155.7099609375	0.3	0.0	1	318894	n/a
155.71826171875	0.3	0.0	1	318911	n/a
155.7265625	0.3	1.0	2	318928	n/a
155.73486328125	0.3	0.0	1	318945	n/a
155.7431640625	0.3	1.0	2	318962	n/a
155.75146484375	0.3	0.0	1	318979	n/a
155.759765625	0.3	1.0	2	318996	n/a
155.76806640625	0.3	0.0	1	319013	n/a
155.77685546875	0.3	1.0	2	319031	n/a
155.78515625	0.3	0.0	1	319048	n/a
155.79345703125	0.3	1.0	2	319065	n/a
155.8017578125	0.3	0.0	1	319082	n/a
155.81005859375	0.3	1.0	2	319099	n/a
155.818359375	0.3	0.0	1	319116	n/a
155.82666015625	0.3	1.0	2	319133	n/a
155.8349609375	0.3	1.0	2	319150	n/a
155.84326171875	0.3	0.0	1	319167	n/a
155.8515625	0.3	1.0	2	319184	n/a
155.85986328125	0.3	0.0	1	319201	n/a
155.8681640625	0.3	1.0	2	319218	n/a
155.87646484375	0.3	0.0	1	319235	n/a
155.884765625	0.3	0.0	1	319252	n/a
155.89306640625	0.3	1.0	2	319269	n/a
155.90185546875	0.3	0.0	1	319287	n/a
155.91015625	0.3	1.0	2	319304	n/a
155.91845703125	0.3	0.0	1	319321	n/a
155.9267578125	0.3	1.0	2	319338	n/a
155.93505859375	0.3	1.0	2	319355	n/a
155.943359375	0.3	0.0	1	319372	n/a
155.95166015625	0.3	0.0	1	319389	n/a
155.9599609375	0.3	1.0	2	319406	n/a
155.96826171875	0.3	1.0	2	319423	n/a
155.9765625	0.3	0.0	1	319440	n/a
155.98486328125	0.3	0.0	1	319457	n/a
155.9931640625	0.3	1.0	2	319474	n/a
156.00146484375	0.3	0.0	1	319491	n/a
156.009765625	0.3	1.0	2	319508	n/a
156.01806640625	0.3	0.0	1	319525	n/a
156.02685546875	0.3	1.0	2	319543	n/a
156.03515625	0.3	1.0	2	319560	n/a
156.04345703125	0.3	0.0	1	319577	n/a
156.0517578125	0.3	1.0	2	319594	n/a
156.06005859375	0.3	0.0	1	319611	n/a
156.068359375	0.3	1.0	2	319628	n/a
156.07666015625	0.3	0.0	1	319645	n/a
156.0849609375	0.3	1.0	2	319662	n/a
156.09326171875	0.3	0.0	1	319679	n/a
156.1015625	0.3	0.0	1	319696	n/a
156.10986328125	0.3	1.0	2	319713	n/a
156.1181640625	0.3	0.0	1	319730	n/a
156.12646484375	0.3	1.0	2	319747	n/a
156.134765625	0.3	0.0	1	319764	n/a
156.14306640625	0.3	1.0	2	319781	n/a
156.15185546875	0.3	0.0	1	319799	n/a
156.16015625	0.3	1.0	2	319816	n/a
156.16845703125	0.3	1.0	2	319833	n/a
156.1767578125	0.3	0.0	1	319850	n/a
156.18505859375	0.3	1.0	2	319867	n/a
156.193359375	0.3	0.0	1	319884	n/a
156.20166015625	0.3	1.0	2	319901	n/a
156.2099609375	0.3	0.0	1	319918	n/a
156.21826171875	0.3	1.0	2	319935	n/a
156.2265625	0.3	0.0	1	319952	n/a
156.23486328125	0.3	0.0	1	319969	n/a
156.2431640625	0.3	1.0	2	319986	n/a
156.25146484375	0.3	1.0	2	320003	n/a
156.259765625	0.3	0.0	1	320020	n/a
156.26806640625	0.3	1.0	2	320037	n/a
156.27685546875	0.3	0.0	1	320055	n/a
156.28515625	0.3	0.0	1	320072	n/a
156.29345703125	0.3	1.0	2	320089	n/a
156.3017578125	0.3	0.0	1	320106	n/a
156.31005859375	0.3	1.0	2	320123	n/a
156.318359375	0.3	0.0	1	320140	n/a
156.32666015625	0.3	1.0	2	320157	n/a
156.3349609375	0.3	0.0	1	320174	n/a
156.34326171875	0.3	1.0	2	320191	n/a
156.3515625	0.3	1.0	2	320208	n/a
156.35986328125	0.3	0.0	1	320225	n/a
156.3681640625	0.3	1.0	2	320242	n/a
156.37646484375	0.3	0.0	1	320259	n/a
156.384765625	0.3	1.0	2	320276	n/a
156.39306640625	0.3	0.0	1	320293	n/a
156.40185546875	0.3	1.0	2	320311	n/a
156.41015625	0.3	0.0	1	320328	n/a
156.41845703125	0.3	0.0	1	320345	n/a
156.4267578125	0.3	1.0	2	320362	n/a
156.43505859375	0.3	0.0	1	320379	n/a
156.443359375	0.3	1.0	2	320396	n/a
156.45166015625	0.3	1.0	2	320413	n/a
156.4599609375	0.3	0.0	1	320430	n/a
156.46826171875	0.3	1.0	2	320447	n/a
156.4765625	0.3	0.0	1	320464	n/a
156.48486328125	0.3	1.0	2	320481	n/a
156.4931640625	0.3	0.0	1	320498	n/a
156.50146484375	0.3	1.0	2	320515	n/a
156.509765625	0.3	0.0	1	320532	n/a
156.51806640625	0.3	0.0	1	320549	n/a
156.52685546875	0.3	1.0	2	320567	n/a
156.53515625	0.3	1.0	2	320584	n/a
156.54345703125	0.3	0.0	1	320601	n/a
156.5517578125	0.3	1.0	2	320618	n/a
156.56005859375	0.3	0.0	1	320635	n/a
156.568359375	0.3	1.0	2	320652	n/a
156.57666015625	0.3	0.0	1	320669	n/a
156.5849609375	0.3	1.0	2	320686	n/a
156.59326171875	0.3	0.0	1	320703	n/a
156.6015625	0.3	0.0	1	320720	n/a
156.60986328125	0.3	1.0	2	320737	n/a
156.6181640625	0.3	0.0	1	320754	n/a
156.62646484375	0.3	1.0	2	320771	n/a
156.634765625	0.3	0.0	1	320788	n/a
156.64306640625	0.3	1.0	2	320805	n/a
156.65185546875	0.3	1.0	2	320823	n/a
156.66015625	0.3	0.0	1	320840	n/a
156.66845703125	0.3	0.0	1	320857	n/a
156.6767578125	0.3	1.0	2	320874	n/a
156.68505859375	0.3	1.0	2	320891	n/a
156.693359375	0.3	0.0	1	320908	n/a
156.70166015625	0.3	0.0	1	320925	n/a
156.7099609375	0.3	1.0	2	320942	n/a
156.71826171875	0.3	0.0	1	320959	n/a
156.7265625	0.3	1.0	2	320976	n/a
156.73486328125	0.3	1.0	2	320993	n/a
156.7431640625	0.3	0.0	1	321010	n/a
156.75146484375	0.3	1.0	2	321027	n/a
156.759765625	0.3	0.0	1	321044	n/a
156.76806640625	0.3	0.0	1	321061	n/a
156.77685546875	0.3	1.0	2	321079	n/a
156.78515625	0.3	0.0	1	321096	n/a
156.79345703125	0.3	1.0	2	321113	n/a
156.8017578125	0.3	0.0	1	321130	n/a
156.81005859375	0.3	1.0	2	321147	n/a
156.818359375	0.3	0.0	1	321164	n/a
156.82666015625	0.3	1.0	2	321181	n/a
156.8349609375	0.3	0.0	1	321198	n/a
156.84326171875	0.3	1.0	2	321215	n/a
156.8515625	0.3	0.0	1	321232	n/a
156.85986328125	0.3	1.0	2	321249	n/a
156.8681640625	0.3	0.0	1	321266	n/a
156.87646484375	0.3	1.0	2	321283	n/a
156.884765625	0.3	1.0	2	321300	n/a
156.89306640625	0.3	0.0	1	321317	n/a
156.90185546875	0.3	1.0	2	321335	n/a
156.91015625	0.3	0.0	1	321352	n/a
156.91845703125	0.3	1.0	2	321369	n/a
156.9267578125	0.3	0.0	1	321386	n/a
156.93505859375	0.3	0.0	1	321403	n/a
156.943359375	0.3	1.0	2	321420	n/a
156.95166015625	0.3	0.0	1	321437	n/a
156.9599609375	0.3	1.0	2	321454	n/a
156.96826171875	0.3	0.0	1	321471	n/a
156.9765625	0.3	1.0	2	321488	n/a
156.98486328125	0.3	1.0	2	321505	n/a
156.9931640625	0.3	0.0	1	321522	n/a
157.00146484375	0.3	0.0	1	321539	n/a
157.009765625	0.3	1.0	2	321556	n/a
157.01806640625	0.3	1.0	2	321573	n/a
157.02685546875	0.3	0.0	1	321591	n/a
157.03515625	0.3	0.0	1	321608	n/a
157.04345703125	0.3	1.0	2	321625	n/a
157.0517578125	0.3	0.0	1	321642	n/a
157.06005859375	0.3	1.0	2	321659	n/a
157.068359375	0.3	0.0	1	321676	n/a
157.07666015625	0.3	1.0	2	321693	n/a
157.0849609375	0.3	1.0	2	321710	n/a
157.09326171875	0.3	0.0	1	321727	n/a
157.1015625	0.3	1.0	2	321744	n/a
157.10986328125	0.3	0.0	1	321761	n/a
157.1181640625	0.3	1.0	2	321778	n/a
157.12646484375	0.3	0.0	1	321795	n/a
157.134765625	0.3	1.0	2	321812	n/a
157.14306640625	0.3	0.0	1	321829	n/a
157.15185546875	0.3	0.0	1	321847	n/a
157.16015625	0.3	1.0	2	321864	n/a
157.16845703125	0.3	0.0	1	321881	n/a
157.1767578125	0.3	1.0	2	321898	n/a
157.18505859375	0.3	0.0	1	321915	n/a
157.193359375	0.3	1.0	2	321932	n/a
157.20166015625	0.3	0.0	1	321949	n/a
157.2099609375	0.3	1.0	2	321966	n/a
157.21826171875	0.3	1.0	2	321983	n/a
157.2265625	0.3	0.0	1	322000	n/a
157.23486328125	0.3	1.0	2	322017	n/a
157.2431640625	0.3	0.0	1	322034	n/a
157.25146484375	0.3	1.0	2	322051	n/a
157.259765625	0.3	0.0	1	322068	n/a
157.26806640625	0.3	1.0	2	322085	n/a
157.27685546875	0.3	0.0	1	322103	n/a
157.28515625	0.3	0.0	1	322120	n/a
157.29345703125	0.3	1.0	2	322137	n/a
157.3017578125	0.3	1.0	2	322154	n/a
157.31005859375	0.3	0.0	1	322171	n/a
157.318359375	0.3	1.0	2	322188	n/a
157.32666015625	0.3	0.0	1	322205	n/a
157.3349609375	0.3	0.0	1	322222	n/a
157.34326171875	0.3	1.0	2	322239	n/a
157.3515625	0.3	0.0	1	322256	n/a
157.35986328125	0.3	1.0	2	322273	n/a
157.3681640625	0.3	0.0	1	322290	n/a
157.37646484375	0.3	1.0	2	322307	n/a
157.384765625	0.3	0.0	1	322324	n/a
157.39306640625	0.3	1.0	2	322341	n/a
157.40185546875	0.3	1.0	2	322359	n/a
157.41015625	0.3	0.0	1	322376	n/a
157.41845703125	0.3	1.0	2	322393	n/a
157.4267578125	0.3	0.0	1	322410	n/a
157.43505859375	0.3	1.0	2	322427	n/a
157.443359375	0.3	0.0	1	322444	n/a
157.45166015625	0.3	1.0	2	322461	n/a
157.4599609375	0.3	0.0	1	322478	n/a
157.46826171875	0.3	0.0	1	322495	n/a
157.4765625	0.3	1.0	2	322512	n/a
157.48486328125	0.3	0.0	1	322529	n/a
157.4931640625	0.3	1.0	2	322546	n/a
157.50146484375	0.3	1.0	2	322563	n/a
157.509765625	0.3	0.0	1	322580	n/a
157.51806640625	0.3	1.0	2	322597	n/a
157.52685546875	0.3	0.0	1	322615	n/a
157.53515625	0.3	1.0	2	322632	n/a
157.54345703125	0.3	0.0	1	322649	n/a
157.5517578125	0.3	1.0	2	322666	n/a
157.56005859375	0.3	0.0	1	322683	n/a
157.568359375	0.3	0.0	1	322700	n/a
157.57666015625	0.3	1.0	2	322717	n/a
157.5849609375	0.3	1.0	2	322734	n/a
157.59326171875	0.3	0.0	1	322751	n/a
157.6015625	0.3	1.0	2	322768	n/a
157.60986328125	0.3	0.0	1	322785	n/a
157.6181640625	0.3	1.0	2	322802	n/a
157.62646484375	0.3	0.0	1	322819	n/a
157.634765625	0.3	1.0	2	322836	n/a
157.64306640625	0.3	0.0	1	322853	n/a
157.65185546875	0.3	0.0	1	322871	n/a
157.66015625	0.3	1.0	2	322888	n/a
157.66845703125	0.3	0.0	1	322905	n/a
157.6767578125	0.3	1.0	2	322922	n/a
157.68505859375	0.3	0.0	1	322939	n/a
157.693359375	0.3	1.0	2	322956	n/a
157.70166015625	0.3	1.0	2	322973	n/a
157.7099609375	0.3	0.0	1	322990	n/a
157.71826171875	0.3	0.0	1	323007	n/a
157.7265625	0.3	1.0	2	323024	n/a
157.73486328125	0.3	1.0	2	323041	n/a
157.7431640625	0.3	0.0	1	323058	n/a
157.75146484375	0.3	0.0	1	323075	n/a
157.759765625	0.3	1.0	2	323092	n/a
157.76806640625	0.3	0.0	1	323109	n/a
157.77685546875	0.3	1.0	2	323127	n/a
157.78515625	0.3	1.0	2	323144	n/a
157.79345703125	0.3	0.0	1	323161	n/a
157.8017578125	0.3	1.0	2	323178	n/a
157.81005859375	0.3	0.0	1	323195	n/a
157.818359375	0.3	0.0	1	323212	n/a
157.82666015625	0.3	1.0	2	323229	n/a
157.8349609375	0.3	0.0	1	323246	n/a
157.84326171875	0.3	1.0	2	323263	n/a
157.8515625	0.3	0.0	1	323280	n/a
157.85986328125	0.3	1.0	2	323297	n/a
157.8681640625	0.3	0.0	1	323314	n/a
157.87646484375	0.3	1.0	2	323331	n/a
157.884765625	0.3	0.0	1	323348	n/a
157.89306640625	0.3	1.0	2	323365	n/a
157.90185546875	0.3	0.0	1	323383	n/a
157.91015625	0.3	1.0	2	323400	n/a
157.91845703125	0.3	0.0	1	323417	n/a
157.9267578125	0.3	1.0	2	323434	n/a
157.93505859375	0.3	1.0	2	323451	n/a
157.943359375	0.3	0.0	1	323468	n/a
157.95166015625	0.3	1.0	2	323485	n/a
157.9599609375	0.3	0.0	1	323502	n/a
157.96826171875	0.3	1.0	2	323519	n/a
157.9765625	0.3	0.0	1	323536	n/a
157.98486328125	0.3	0.0	1	323553	n/a
157.9931640625	0.3	1.0	2	323570	n/a
158.00146484375	0.3	0.0	1	323587	n/a
158.009765625	0.3	1.0	2	323604	n/a
158.01806640625	0.3	0.0	1	323621	n/a
158.02685546875	0.3	1.0	2	323639	n/a
158.03515625	0.3	1.0	2	323656	n/a
158.04345703125	0.3	0.0	1	323673	n/a
158.0517578125	0.3	0.0	1	323690	n/a
158.06005859375	0.3	1.0	2	323707	n/a
158.068359375	0.3	1.0	2	323724	n/a
158.07666015625	0.3	0.0	1	323741	n/a
158.0849609375	0.3	0.0	1	323758	n/a
158.09326171875	0.3	1.0	2	323775	n/a
158.1015625	0.3	0.0	1	323792	n/a
158.10986328125	0.3	1.0	2	323809	n/a
158.1181640625	0.3	0.0	1	323826	n/a
158.12646484375	0.3	1.0	2	323843	n/a
158.134765625	0.3	1.0	2	323860	n/a
158.14306640625	0.3	0.0	1	323877	n/a
158.15185546875	0.3	1.0	2	323895	n/a
158.16015625	0.3	0.0	1	323912	n/a
158.16845703125	0.3	1.0	2	323929	n/a
158.1767578125	0.3	0.0	1	323946	n/a
158.18505859375	0.3	1.0	2	323963	n/a
158.193359375	0.3	0.0	1	323980	n/a
158.20166015625	0.3	0.0	1	323997	n/a
158.2099609375	0.3	1.0	2	324014	n/a
158.21826171875	0.3	0.0	1	324031	n/a
158.2265625	0.3	1.0	2	324048	n/a
158.23486328125	0.3	0.0	1	324065	n/a
158.2431640625	0.3	1.0	2	324082	n/a
158.25146484375	0.3	0.0	1	324099	n/a
158.259765625	0.3	1.0	2	324116	n/a
158.26806640625	0.3	1.0	2	324133	n/a
158.27685546875	0.3	0.0	1	324151	n/a
158.28515625	0.3	1.0	2	324168	n/a
158.29345703125	0.3	0.0	1	324185	n/a
158.3017578125	0.3	1.0	2	324202	n/a
158.31005859375	0.3	0.0	1	324219	n/a
158.318359375	0.3	1.0	2	324236	n/a
158.32666015625	0.3	0.0	1	324253	n/a
158.3349609375	0.3	0.0	1	324270	n/a
158.34326171875	0.3	1.0	2	324287	n/a
158.3515625	0.3	1.0	2	324304	n/a
158.35986328125	0.3	0.0	1	324321	n/a
158.3681640625	0.3	1.0	2	324338	n/a
158.37646484375	0.3	0.0	1	324355	n/a
158.384765625	0.3	0.0	1	324372	n/a
158.39306640625	0.3	1.0	2	324389	n/a
158.40185546875	0.3	0.0	1	324407	n/a
158.41015625	0.3	1.0	2	324424	n/a
158.41845703125	0.3	0.0	1	324441	n/a
158.4267578125	0.3	1.0	2	324458	n/a
158.43505859375	0.3	0.0	1	324475	n/a
158.443359375	0.3	1.0	2	324492	n/a
158.45166015625	0.3	1.0	2	324509	n/a
158.4599609375	0.3	0.0	1	324526	n/a
158.46826171875	0.3	1.0	2	324543	n/a
158.4765625	0.3	0.0	1	324560	n/a
158.48486328125	0.3	1.0	2	324577	n/a
158.4931640625	0.3	0.0	1	324594	n/a
158.50146484375	0.3	1.0	2	324611	n/a
158.509765625	0.3	0.0	1	324628	n/a
158.51806640625	0.3	0.0	1	324645	n/a
158.52685546875	0.3	1.0	2	324663	n/a
158.53515625	0.3	0.0	1	324680	n/a
158.54345703125	0.3	1.0	2	324697	n/a
158.5517578125	0.3	1.0	2	324714	n/a
158.56005859375	0.3	0.0	1	324731	n/a
158.568359375	0.3	1.0	2	324748	n/a
158.57666015625	0.3	0.0	1	324765	n/a
158.5849609375	0.3	1.0	2	324782	n/a
158.59326171875	0.3	0.0	1	324799	n/a
158.6015625	0.3	1.0	2	324816	n/a
158.60986328125	0.3	0.0	1	324833	n/a
158.6181640625	0.3	0.0	1	324850	n/a
158.62646484375	0.3	1.0	2	324867	n/a
158.634765625	0.3	1.0	2	324884	n/a
158.64306640625	0.3	0.0	1	324901	n/a
158.65185546875	0.3	1.0	2	324919	n/a
158.66015625	0.3	0.0	1	324936	n/a
158.66845703125	0.3	1.0	2	324953	n/a
158.6767578125	0.3	0.0	1	324970	n/a
158.68505859375	0.3	1.0	2	324987	n/a
158.693359375	0.3	0.0	1	325004	n/a
158.70166015625	0.3	0.0	1	325021	n/a
158.7099609375	0.3	1.0	2	325038	n/a
158.71826171875	0.3	0.0	1	325055	n/a
158.7265625	0.3	1.0	2	325072	n/a
158.73486328125	0.3	0.0	1	325089	n/a
158.7431640625	0.3	1.0	2	325106	n/a
158.75146484375	0.3	1.0	2	325123	n/a
158.759765625	0.3	0.0	1	325140	n/a
158.76806640625	0.3	0.0	1	325157	n/a
158.77685546875	0.3	1.0	2	325175	n/a
158.78515625	0.3	1.0	2	325192	n/a
158.79345703125	0.3	0.0	1	325209	n/a
158.8017578125	0.3	0.0	1	325226	n/a
158.81005859375	0.3	1.0	2	325243	n/a
158.818359375	0.3	0.0	1	325260	n/a
158.82666015625	0.3	1.0	2	325277	n/a
158.8349609375	0.3	1.0	2	325294	n/a
158.84326171875	0.3	0.0	1	325311	n/a
158.8515625	0.3	1.0	2	325328	n/a
158.85986328125	0.3	0.0	1	325345	n/a
158.8681640625	0.3	0.0	1	325362	n/a
158.87646484375	0.3	1.0	2	325379	n/a
158.884765625	0.3	0.0	1	325396	n/a
158.89306640625	0.3	1.0	2	325413	n/a
158.90185546875	0.3	0.0	1	325431	n/a
158.91015625	0.3	1.0	2	325448	n/a
158.91845703125	0.3	0.0	1	325465	n/a
158.9267578125	0.3	1.0	2	325482	n/a
158.93505859375	0.3	0.0	1	325499	n/a
158.943359375	0.3	1.0	2	325516	n/a
158.95166015625	0.3	0.0	1	325533	n/a
158.9599609375	0.3	1.0	2	325550	n/a
158.96826171875	0.3	0.0	1	325567	n/a
158.9765625	0.3	1.0	2	325584	n/a
158.98486328125	0.3	1.0	2	325601	n/a
158.9931640625	0.3	0.0	1	325618	n/a
159.00146484375	0.3	1.0	2	325635	n/a
159.009765625	0.3	0.0	1	325652	n/a
159.01806640625	0.3	1.0	2	325669	n/a
159.02685546875	0.3	0.0	1	325687	n/a
159.03515625	0.3	0.0	1	325704	n/a
159.04345703125	0.3	1.0	2	325721	n/a
159.0517578125	0.3	0.0	1	325738	n/a
159.06005859375	0.3	1.0	2	325755	n/a
159.068359375	0.3	0.0	1	325772	n/a
159.07666015625	0.3	1.0	2	325789	n/a
159.0849609375	0.3	1.0	2	325806	n/a
159.09326171875	0.3	0.0	1	325823	n/a
159.1015625	0.3	0.0	1	325840	n/a
159.10986328125	0.3	1.0	2	325857	n/a
159.1181640625	0.3	1.0	2	325874	n/a
159.12646484375	0.3	0.0	1	325891	n/a
159.134765625	0.3	0.0	1	325908	n/a
159.14306640625	0.3	1.0	2	325925	n/a
159.15185546875	0.3	0.0	1	325943	n/a
159.16015625	0.3	1.0	2	325960	n/a
159.16845703125	0.3	0.0	1	325977	n/a
159.1767578125	0.3	1.0	2	325994	n/a
159.18505859375	0.3	1.0	2	326011	n/a
159.193359375	0.3	0.0	1	326028	n/a
159.20166015625	0.3	1.0	2	326045	n/a
159.2099609375	0.3	0.0	1	326062	n/a
159.21826171875	0.3	1.0	2	326079	n/a
159.2265625	0.3	0.0	1	326096	n/a
159.23486328125	0.3	1.0	2	326113	n/a
159.2431640625	0.3	0.0	1	326130	n/a
159.25146484375	0.3	0.0	1	326147	n/a
159.259765625	0.3	1.0	2	326164	n/a
159.26806640625	0.3	0.0	1	326181	n/a
159.27685546875	0.3	1.0	2	326199	n/a
159.28515625	0.3	0.0	1	326216	n/a
159.29345703125	0.3	1.0	2	326233	n/a
159.3017578125	0.3	0.0	1	326250	n/a
159.31005859375	0.3	1.0	2	326267	n/a
159.318359375	0.3	1.0	2	326284	n/a
159.32666015625	0.3	0.0	1	326301	n/a
159.3349609375	0.3	1.0	2	326318	n/a
159.34326171875	0.3	0.0	1	326335	n/a
159.3515625	0.3	1.0	2	326352	n/a
159.35986328125	0.3	0.0	1	326369	n/a
159.3681640625	0.3	1.0	2	326386	n/a
159.37646484375	0.3	0.0	1	326403	n/a
159.384765625	0.3	0.0	1	326420	n/a
159.39306640625	0.3	1.0	2	326437	n/a
159.40185546875	0.3	1.0	2	326455	n/a
159.41015625	0.3	0.0	1	326472	n/a
159.41845703125	0.3	1.0	2	326489	n/a
159.4267578125	0.3	0.0	1	326506	n/a
159.43505859375	0.3	0.0	1	326523	n/a
159.443359375	0.3	1.0	2	326540	n/a
159.45166015625	0.3	0.0	1	326557	n/a
159.4599609375	0.3	1.0	2	326574	n/a
159.46826171875	0.3	0.0	1	326591	n/a
159.4765625	0.3	1.0	2	326608	n/a
159.48486328125	0.3	0.0	1	326625	n/a
159.4931640625	0.3	1.0	2	326642	n/a
159.50146484375	0.3	1.0	2	326659	n/a
159.509765625	0.3	0.0	1	326676	n/a
159.51806640625	0.3	1.0	2	326693	n/a
159.52685546875	0.3	0.0	1	326711	n/a
159.53515625	0.3	1.0	2	326728	n/a
159.54345703125	0.3	0.0	1	326745	n/a
159.5517578125	0.3	1.0	2	326762	n/a
159.56005859375	0.3	0.0	1	326779	n/a
159.568359375	0.3	0.0	1	326796	n/a
159.57666015625	0.3	1.0	2	326813	n/a
159.5849609375	0.3	0.0	1	326830	n/a
159.59326171875	0.3	1.0	2	326847	n/a
159.6015625	0.3	1.0	2	326864	n/a
159.60986328125	0.3	0.0	1	326881	n/a
159.6181640625	0.3	1.0	2	326898	n/a
159.62646484375	0.3	0.0	1	326915	n/a
159.634765625	0.3	1.0	2	326932	n/a
159.64306640625	0.3	0.0	1	326949	n/a
159.65185546875	0.3	1.0	2	326967	n/a
159.66015625	0.3	0.0	1	326984	n/a
159.66845703125	0.3	0.0	1	327001	n/a
159.6767578125	0.3	1.0	2	327018	n/a
159.68505859375	0.3	1.0	2	327035	n/a
159.693359375	0.3	0.0	1	327052	n/a
159.70166015625	0.3	1.0	2	327069	n/a
159.7099609375	0.3	0.0	1	327086	n/a
159.71826171875	0.3	1.0	2	327103	n/a
159.7265625	0.3	0.0	1	327120	n/a
159.73486328125	0.3	1.0	2	327137	n/a
159.7431640625	0.3	0.0	1	327154	n/a
159.75146484375	0.3	0.0	1	327171	n/a
159.759765625	0.3	1.0	2	327188	n/a
159.76806640625	0.3	0.0	1	327205	n/a
159.77685546875	0.3	1.0	2	327223	n/a
162.16015625	0.3	0.0	1	332104	11.0
162.16845703125	0.3	1.0	2	332121	n/a
162.1767578125	0.3	1.0	2	332138	n/a
162.18505859375	0.3	0.0	1	332155	n/a
162.193359375	0.3	1.0	2	332172	n/a
162.20166015625	0.3	0.0	1	332189	n/a
162.2099609375	0.3	1.0	2	332206	n/a
162.21826171875	0.3	0.0	1	332223	n/a
162.22705078125	0.3	1.0	2	332241	n/a
162.2353515625	0.3	0.0	1	332258	n/a
162.24365234375	0.3	0.0	1	332275	n/a
162.251953125	0.3	1.0	2	332292	n/a
162.26025390625	0.3	0.0	1	332309	n/a
162.2685546875	0.3	1.0	2	332326	n/a
162.27685546875	0.3	1.0	2	332343	n/a
162.28515625	0.3	0.0	1	332360	n/a
162.29345703125	0.3	0.0	1	332377	n/a
162.3017578125	0.3	1.0	2	332394	n/a
162.31005859375	0.3	0.0	1	332411	n/a
162.318359375	0.3	1.0	2	332428	n/a
162.32666015625	0.3	1.0	2	332445	n/a
162.3349609375	0.3	0.0	1	332462	n/a
162.34326171875	0.3	1.0	2	332479	n/a
162.35205078125	0.3	0.0	1	332497	n/a
162.3603515625	0.3	0.0	1	332514	n/a
162.36865234375	0.3	1.0	2	332531	n/a
162.376953125	0.3	0.0	1	332548	n/a
162.38525390625	0.3	1.0	2	332565	n/a
162.3935546875	0.3	1.0	2	332582	n/a
162.40185546875	0.3	0.0	1	332599	n/a
162.41015625	0.3	0.0	1	332616	n/a
162.41845703125	0.3	1.0	2	332633	n/a
162.4267578125	0.3	0.0	1	332650	n/a
162.43505859375	0.3	1.0	2	332667	n/a
162.443359375	0.3	0.0	1	332684	n/a
162.45166015625	0.3	1.0	2	332701	n/a
162.4599609375	0.3	0.0	1	332718	n/a
162.46826171875	0.3	1.0	2	332735	n/a
162.47705078125	0.3	1.0	2	332753	n/a
162.4853515625	0.3	0.0	1	332770	n/a
162.49365234375	0.3	1.0	2	332787	n/a
162.501953125	0.3	0.0	1	332804	n/a
162.51025390625	0.3	0.0	1	332821	n/a
162.5185546875	0.3	1.0	2	332838	n/a
162.52685546875	0.3	0.0	1	332855	n/a
162.53515625	0.3	1.0	2	332872	n/a
162.54345703125	0.3	0.0	1	332889	n/a
162.5517578125	0.3	1.0	2	332906	n/a
162.56005859375	0.3	0.0	1	332923	n/a
162.568359375	0.3	1.0	2	332940	n/a
162.57666015625	0.3	1.0	2	332957	n/a
162.5849609375	0.3	0.0	1	332974	n/a
162.59326171875	0.3	1.0	2	332991	n/a
162.60205078125	0.3	0.0	1	333009	n/a
162.6103515625	0.3	1.0	2	333026	n/a
162.61865234375	0.3	0.0	1	333043	n/a
162.626953125	0.3	0.0	1	333060	n/a
162.63525390625	0.3	1.0	2	333077	n/a
162.6435546875	0.3	1.0	2	333094	n/a
162.65185546875	0.3	0.0	1	333111	n/a
162.66015625	0.3	1.0	2	333128	n/a
162.66845703125	0.3	0.0	1	333145	n/a
162.6767578125	0.3	1.0	2	333162	n/a
162.68505859375	0.3	0.0	1	333179	n/a
162.693359375	0.3	1.0	2	333196	n/a
162.70166015625	0.3	0.0	1	333213	n/a
162.7099609375	0.3	0.0	1	333230	n/a
162.71826171875	0.3	1.0	2	333247	n/a
162.72705078125	0.3	1.0	2	333265	n/a
162.7353515625	0.3	0.0	1	333282	n/a
162.74365234375	0.3	0.0	1	333299	n/a
162.751953125	0.3	1.0	2	333316	n/a
162.76025390625	0.3	1.0	2	333333	n/a
162.7685546875	0.3	0.0	1	333350	n/a
162.77685546875	0.3	1.0	2	333367	n/a
162.78515625	0.3	0.0	1	333384	n/a
162.79345703125	0.3	1.0	2	333401	n/a
162.8017578125	0.3	0.0	1	333418	n/a
162.81005859375	0.3	1.0	2	333435	n/a
162.818359375	0.3	0.0	1	333452	n/a
162.82666015625	0.3	1.0	2	333469	n/a
162.8349609375	0.3	0.0	1	333486	n/a
162.84326171875	0.3	1.0	2	333503	n/a
162.85205078125	0.3	0.0	1	333521	n/a
162.8603515625	0.3	1.0	2	333538	n/a
162.86865234375	0.3	0.0	1	333555	n/a
162.876953125	0.3	0.0	1	333572	n/a
162.88525390625	0.3	1.0	2	333589	n/a
162.8935546875	0.3	0.0	1	333606	n/a
162.90185546875	0.3	1.0	2	333623	n/a
162.91015625	0.3	0.0	1	333640	n/a
162.91845703125	0.3	1.0	2	333657	n/a
162.9267578125	0.3	1.0	2	333674	n/a
162.93505859375	0.3	0.0	1	333691	n/a
162.943359375	0.3	0.0	1	333708	n/a
162.95166015625	0.3	1.0	2	333725	n/a
162.9599609375	0.3	0.0	1	333742	n/a
162.96826171875	0.3	1.0	2	333759	n/a
162.97705078125	0.3	0.0	1	333777	n/a
162.9853515625	0.3	1.0	2	333794	n/a
162.99365234375	0.3	0.0	1	333811	n/a
163.001953125	0.3	1.0	2	333828	n/a
163.01025390625	0.3	0.0	1	333845	n/a
163.0185546875	0.3	1.0	2	333862	n/a
163.02685546875	0.3	1.0	2	333879	n/a
163.03515625	0.3	0.0	1	333896	n/a
163.04345703125	0.3	1.0	2	333913	n/a
163.0517578125	0.3	0.0	1	333930	n/a
163.06005859375	0.3	1.0	2	333947	n/a
163.068359375	0.3	0.0	1	333964	n/a
163.07666015625	0.3	0.0	1	333981	n/a
163.0849609375	0.3	1.0	2	333998	n/a
163.09326171875	0.3	0.0	1	334015	n/a
163.10205078125	0.3	1.0	2	334033	n/a
163.1103515625	0.3	0.0	1	334050	n/a
163.11865234375	0.3	1.0	2	334067	n/a
163.126953125	0.3	0.0	1	334084	n/a
163.13525390625	0.3	1.0	2	334101	n/a
163.1435546875	0.3	0.0	1	334118	n/a
163.15185546875	0.3	1.0	2	334135	n/a
163.16015625	0.3	0.0	1	334152	n/a
163.16845703125	0.3	1.0	2	334169	n/a
163.1767578125	0.3	1.0	2	334186	n/a
163.18505859375	0.3	0.0	1	334203	n/a
163.193359375	0.3	1.0	2	334220	n/a
163.20166015625	0.3	0.0	1	334237	n/a
163.2099609375	0.3	0.0	1	334254	n/a
163.21826171875	0.3	1.0	2	334271	n/a
163.22705078125	0.3	1.0	2	334289	n/a
163.2353515625	0.3	0.0	1	334306	n/a
163.24365234375	0.3	1.0	2	334323	n/a
163.251953125	0.3	0.0	1	334340	n/a
163.26025390625	0.3	1.0	2	334357	n/a
163.2685546875	0.3	0.0	1	334374	n/a
163.27685546875	0.3	1.0	2	334391	n/a
163.28515625	0.3	0.0	1	334408	n/a
163.29345703125	0.3	0.0	1	334425	n/a
163.3017578125	0.3	1.0	2	334442	n/a
163.31005859375	0.3	0.0	1	334459	n/a
163.318359375	0.3	1.0	2	334476	n/a
163.32666015625	0.3	1.0	2	334493	n/a
163.3349609375	0.3	0.0	1	334510	n/a
163.34326171875	0.3	0.0	1	334527	n/a
163.35205078125	0.3	1.0	2	334545	n/a
163.3603515625	0.3	0.0	1	334562	n/a
163.36865234375	0.3	1.0	2	334579	n/a
163.376953125	0.3	1.0	2	334596	n/a
163.38525390625	0.3	0.0	1	334613	n/a
163.3935546875	0.3	1.0	2	334630	n/a
163.40185546875	0.3	0.0	1	334647	n/a
163.41015625	0.3	0.0	1	334664	n/a
163.41845703125	0.3	1.0	2	334681	n/a
163.4267578125	0.3	0.0	1	334698	n/a
163.43505859375	0.3	1.0	2	334715	n/a
163.443359375	0.3	1.0	2	334732	n/a
163.45166015625	0.3	0.0	1	334749	n/a
163.4599609375	0.3	0.0	1	334766	n/a
163.46826171875	0.3	1.0	2	334783	n/a
163.47705078125	0.3	0.0	1	334801	n/a
163.4853515625	0.3	1.0	2	334818	n/a
163.49365234375	0.3	0.0	1	334835	n/a
163.501953125	0.3	1.0	2	334852	n/a
163.51025390625	0.3	0.0	1	334869	n/a
163.5185546875	0.3	1.0	2	334886	n/a
163.52685546875	0.3	1.0	2	334903	n/a
163.53515625	0.3	0.0	1	334920	n/a
163.54345703125	0.3	1.0	2	334937	n/a
163.5517578125	0.3	0.0	1	334954	n/a
163.56005859375	0.3	0.0	1	334971	n/a
163.568359375	0.3	1.0	2	334988	n/a
163.57666015625	0.3	0.0	1	335005	n/a
163.5849609375	0.3	1.0	2	335022	n/a
163.59326171875	0.3	0.0	1	335039	n/a
163.60205078125	0.3	1.0	2	335057	n/a
163.6103515625	0.3	0.0	1	335074	n/a
163.61865234375	0.3	1.0	2	335091	n/a
163.626953125	0.3	1.0	2	335108	n/a
163.63525390625	0.3	0.0	1	335125	n/a
163.6435546875	0.3	1.0	2	335142	n/a
163.65185546875	0.3	0.0	1	335159	n/a
163.66015625	0.3	1.0	2	335176	n/a
163.66845703125	0.3	0.0	1	335193	n/a
163.6767578125	0.3	0.0	1	335210	n/a
163.68505859375	0.3	1.0	2	335227	n/a
163.693359375	0.3	1.0	2	335244	n/a
163.70166015625	0.3	0.0	1	335261	n/a
163.7099609375	0.3	1.0	2	335278	n/a
163.71826171875	0.3	0.0	1	335295	n/a
163.72705078125	0.3	1.0	2	335313	n/a
163.7353515625	0.3	0.0	1	335330	n/a
163.74365234375	0.3	1.0	2	335347	n/a
163.751953125	0.3	0.0	1	335364	n/a
163.76025390625	0.3	0.0	1	335381	n/a
163.7685546875	0.3	1.0	2	335398	n/a
163.77685546875	0.3	1.0	2	335415	n/a
163.78515625	0.3	0.0	1	335432	n/a
163.79345703125	0.3	0.0	1	335449	n/a
163.8017578125	0.3	1.0	2	335466	n/a
163.81005859375	0.3	1.0	2	335483	n/a
163.818359375	0.3	0.0	1	335500	n/a
163.82666015625	0.3	1.0	2	335517	n/a
163.8349609375	0.3	0.0	1	335534	n/a
163.84326171875	0.3	1.0	2	335551	n/a
163.85205078125	0.3	0.0	1	335569	n/a
163.8603515625	0.3	1.0	2	335586	n/a
163.86865234375	0.3	0.0	1	335603	n/a
163.876953125	0.3	1.0	2	335620	n/a
163.88525390625	0.3	0.0	1	335637	n/a
163.8935546875	0.3	1.0	2	335654	n/a
163.90185546875	0.3	0.0	1	335671	n/a
163.91015625	0.3	1.0	2	335688	n/a
163.91845703125	0.3	0.0	1	335705	n/a
163.9267578125	0.3	0.0	1	335722	n/a
163.93505859375	0.3	1.0	2	335739	n/a
163.943359375	0.3	0.0	1	335756	n/a
163.95166015625	0.3	1.0	2	335773	n/a
163.9599609375	0.3	0.0	1	335790	n/a
163.96826171875	0.3	1.0	2	335807	n/a
163.97705078125	0.3	1.0	2	335825	n/a
163.9853515625	0.3	0.0	1	335842	n/a
163.99365234375	0.3	0.0	1	335859	n/a
164.001953125	0.3	1.0	2	335876	n/a
164.01025390625	0.3	0.0	1	335893	n/a
164.0185546875	0.3	1.0	2	335910	n/a
164.02685546875	0.3	0.0	1	335927	n/a
164.03515625	0.3	1.0	2	335944	n/a
164.04345703125	0.3	0.0	1	335961	n/a
164.0517578125	0.3	1.0	2	335978	n/a
164.06005859375	0.3	0.0	1	335995	n/a
164.068359375	0.3	1.0	2	336012	n/a
164.07666015625	0.3	1.0	2	336029	n/a
164.0849609375	0.3	0.0	1	336046	n/a
164.09326171875	0.3	1.0	2	336063	n/a
164.10205078125	0.3	0.0	1	336081	n/a
164.1103515625	0.3	1.0	2	336098	n/a
164.11865234375	0.3	0.0	1	336115	n/a
164.126953125	0.3	0.0	1	336132	n/a
164.13525390625	0.3	1.0	2	336149	n/a
164.1435546875	0.3	0.0	1	336166	n/a
164.15185546875	0.3	1.0	2	336183	n/a
164.16015625	0.3	0.0	1	336200	n/a
164.16845703125	0.3	1.0	2	336217	n/a
164.1767578125	0.3	0.0	1	336234	n/a
164.18505859375	0.3	1.0	2	336251	n/a
164.193359375	0.3	0.0	1	336268	n/a
164.20166015625	0.3	1.0	2	336285	n/a
164.2099609375	0.3	0.0	1	336302	n/a
164.21826171875	0.3	1.0	2	336319	n/a
164.22705078125	0.3	1.0	2	336337	n/a
164.2353515625	0.3	0.0	1	336354	n/a
164.24365234375	0.3	1.0	2	336371	n/a
164.251953125	0.3	0.0	1	336388	n/a
164.26025390625	0.3	0.0	1	336405	n/a
164.2685546875	0.3	1.0	2	336422	n/a
164.27685546875	0.3	1.0	2	336439	n/a
164.28515625	0.3	0.0	1	336456	n/a
164.29345703125	0.3	1.0	2	336473	n/a
164.3017578125	0.3	0.0	1	336490	n/a
164.31005859375	0.3	1.0	2	336507	n/a
164.318359375	0.3	0.0	1	336524	n/a
164.32666015625	0.3	1.0	2	336541	n/a
164.3349609375	0.3	0.0	1	336558	n/a
164.34326171875	0.3	0.0	1	336575	n/a
164.35205078125	0.3	1.0	2	336593	n/a
164.3603515625	0.3	0.0	1	336610	n/a
164.36865234375	0.3	1.0	2	336627	n/a
164.376953125	0.3	1.0	2	336644	n/a
164.38525390625	0.3	0.0	1	336661	n/a
164.3935546875	0.3	0.0	1	336678	n/a
164.40185546875	0.3	1.0	2	336695	n/a
164.41015625	0.3	0.0	1	336712	n/a
164.41845703125	0.3	1.0	2	336729	n/a
164.4267578125	0.3	1.0	2	336746	n/a
164.43505859375	0.3	0.0	1	336763	n/a
164.443359375	0.3	1.0	2	336780	n/a
164.45166015625	0.3	0.0	1	336797	n/a
164.4599609375	0.3	0.0	1	336814	n/a
164.46826171875	0.3	1.0	2	336831	n/a
164.47705078125	0.3	0.0	1	336849	n/a
164.4853515625	0.3	1.0	2	336866	n/a
164.49365234375	0.3	1.0	2	336883	n/a
164.501953125	0.3	0.0	1	336900	n/a
164.51025390625	0.3	0.0	1	336917	n/a
164.5185546875	0.3	1.0	2	336934	n/a
164.52685546875	0.3	0.0	1	336951	n/a
164.53515625	0.3	1.0	2	336968	n/a
164.54345703125	0.3	0.0	1	336985	n/a
164.5517578125	0.3	1.0	2	337002	n/a
164.56005859375	0.3	0.0	1	337019	n/a
164.568359375	0.3	1.0	2	337036	n/a
164.57666015625	0.3	1.0	2	337053	n/a
164.5849609375	0.3	0.0	1	337070	n/a
164.59326171875	0.3	1.0	2	337087	n/a
164.60205078125	0.3	0.0	1	337105	n/a
164.6103515625	0.3	0.0	1	337122	n/a
164.61865234375	0.3	1.0	2	337139	n/a
164.626953125	0.3	0.0	1	337156	n/a
164.63525390625	0.3	1.0	2	337173	n/a
164.6435546875	0.3	0.0	1	337190	n/a
164.65185546875	0.3	1.0	2	337207	n/a
164.66015625	0.3	0.0	1	337224	n/a
164.66845703125	0.3	1.0	2	337241	n/a
164.6767578125	0.3	1.0	2	337258	n/a
164.68505859375	0.3	0.0	1	337275	n/a
164.693359375	0.3	1.0	2	337292	n/a
164.70166015625	0.3	0.0	1	337309	n/a
164.7099609375	0.3	1.0	2	337326	n/a
164.71826171875	0.3	0.0	1	337343	n/a
164.72705078125	0.3	0.0	1	337361	n/a
164.7353515625	0.3	1.0	2	337378	n/a
164.74365234375	0.3	1.0	2	337395	n/a
164.751953125	0.3	0.0	1	337412	n/a
164.76025390625	0.3	1.0	2	337429	n/a
164.7685546875	0.3	0.0	1	337446	n/a
164.77685546875	0.3	1.0	2	337463	n/a
164.78515625	0.3	0.0	1	337480	n/a
164.79345703125	0.3	1.0	2	337497	n/a
164.8017578125	0.3	0.0	1	337514	n/a
164.81005859375	0.3	0.0	1	337531	n/a
164.818359375	0.3	1.0	2	337548	n/a
164.82666015625	0.3	1.0	2	337565	n/a
164.8349609375	0.3	0.0	1	337582	n/a
164.84326171875	0.3	0.0	1	337599	n/a
164.85205078125	0.3	1.0	2	337617	n/a
164.8603515625	0.3	1.0	2	337634	n/a
164.86865234375	0.3	0.0	1	337651	n/a
164.876953125	0.3	1.0	2	337668	n/a
164.88525390625	0.3	0.0	1	337685	n/a
164.8935546875	0.3	1.0	2	337702	n/a
164.90185546875	0.3	0.0	1	337719	n/a
164.91015625	0.3	1.0	2	337736	n/a
164.91845703125	0.3	0.0	1	337753	n/a
164.9267578125	0.3	1.0	2	337770	n/a
164.93505859375	0.3	0.0	1	337787	n/a
164.943359375	0.3	1.0	2	337804	n/a
164.95166015625	0.3	0.0	1	337821	n/a
164.9599609375	0.3	1.0	2	337838	n/a
164.96826171875	0.3	0.0	1	337855	n/a
164.97705078125	0.3	0.0	1	337873	n/a
164.9853515625	0.3	1.0	2	337890	n/a
164.99365234375	0.3	0.0	1	337907	n/a
165.001953125	0.3	1.0	2	337924	n/a
165.01025390625	0.3	0.0	1	337941	n/a
165.0185546875	0.3	1.0	2	337958	n/a
165.02685546875	0.3	1.0	2	337975	n/a
165.03515625	0.3	0.0	1	337992	n/a
165.04345703125	0.3	0.0	1	338009	n/a
165.0517578125	0.3	1.0	2	338026	n/a
165.06005859375	0.3	0.0	1	338043	n/a
165.068359375	0.3	1.0	2	338060	n/a
165.07666015625	0.3	0.0	1	338077	n/a
165.0849609375	0.3	1.0	2	338094	n/a
165.09326171875	0.3	0.0	1	338111	n/a
165.10205078125	0.3	1.0	2	338129	n/a
165.1103515625	0.3	0.0	1	338146	n/a
165.11865234375	0.3	1.0	2	338163	n/a
165.126953125	0.3	1.0	2	338180	n/a
165.13525390625	0.3	0.0	1	338197	n/a
165.1435546875	0.3	1.0	2	338214	n/a
165.15185546875	0.3	0.0	1	338231	n/a
165.16015625	0.3	1.0	2	338248	n/a
165.16845703125	0.3	0.0	1	338265	n/a
165.1767578125	0.3	0.0	1	338282	n/a
165.18505859375	0.3	1.0	2	338299	n/a
165.193359375	0.3	0.0	1	338316	n/a
165.20166015625	0.3	1.0	2	338333	n/a
165.2099609375	0.3	0.0	1	338350	n/a
165.21826171875	0.3	1.0	2	338367	n/a
165.22705078125	0.3	0.0	1	338385	n/a
165.2353515625	0.3	1.0	2	338402	n/a
165.24365234375	0.3	0.0	1	338419	n/a
165.251953125	0.3	1.0	2	338436	n/a
165.26025390625	0.3	0.0	1	338453	n/a
165.2685546875	0.3	1.0	2	338470	n/a
165.27685546875	0.3	1.0	2	338487	n/a
165.28515625	0.3	0.0	1	338504	n/a
165.29345703125	0.3	1.0	2	338521	n/a
165.3017578125	0.3	0.0	1	338538	n/a
165.31005859375	0.3	0.0	1	338555	n/a
165.318359375	0.3	1.0	2	338572	n/a
165.32666015625	0.3	1.0	2	338589	n/a
165.3349609375	0.3	0.0	1	338606	n/a
165.34326171875	0.3	1.0	2	338623	n/a
165.35205078125	0.3	0.0	1	338641	n/a
165.3603515625	0.3	1.0	2	338658	n/a
165.36865234375	0.3	0.0	1	338675	n/a
165.376953125	0.3	1.0	2	338692	n/a
165.38525390625	0.3	0.0	1	338709	n/a
165.3935546875	0.3	0.0	1	338726	n/a
165.40185546875	0.3	1.0	2	338743	n/a
165.41015625	0.3	0.0	1	338760	n/a
165.41845703125	0.3	1.0	2	338777	n/a
165.4267578125	0.3	1.0	2	338794	n/a
165.43505859375	0.3	0.0	1	338811	n/a
165.443359375	0.3	0.0	1	338828	n/a
165.45166015625	0.3	1.0	2	338845	n/a
165.4599609375	0.3	0.0	1	338862	n/a
165.46826171875	0.3	1.0	2	338879	n/a
165.47705078125	0.3	1.0	2	338897	n/a
165.4853515625	0.3	0.0	1	338914	n/a
165.49365234375	0.3	1.0	2	338931	n/a
165.501953125	0.3	0.0	1	338948	n/a
165.51025390625	0.3	0.0	1	338965	n/a
165.5185546875	0.3	1.0	2	338982	n/a
165.52685546875	0.3	0.0	1	338999	n/a
165.53515625	0.3	1.0	2	339016	n/a
165.54345703125	0.3	1.0	2	339033	n/a
165.5517578125	0.3	0.0	1	339050	n/a
165.56005859375	0.3	0.0	1	339067	n/a
165.568359375	0.3	1.0	2	339084	n/a
165.57666015625	0.3	0.0	1	339101	n/a
165.5849609375	0.3	1.0	2	339118	n/a
165.59326171875	0.3	0.0	1	339135	n/a
165.60205078125	0.3	1.0	2	339153	n/a
165.6103515625	0.3	0.0	1	339170	n/a
165.61865234375	0.3	1.0	2	339187	n/a
165.626953125	0.3	1.0	2	339204	n/a
165.63525390625	0.3	0.0	1	339221	n/a
165.6435546875	0.3	1.0	2	339238	n/a
165.65185546875	0.3	0.0	1	339255	n/a
165.66015625	0.3	0.0	1	339272	n/a
165.66845703125	0.3	1.0	2	339289	n/a
165.6767578125	0.3	0.0	1	339306	n/a
165.68505859375	0.3	1.0	2	339323	n/a
165.693359375	0.3	0.0	1	339340	n/a
165.70166015625	0.3	1.0	2	339357	n/a
165.7099609375	0.3	0.0	1	339374	n/a
165.71826171875	0.3	1.0	2	339391	n/a
165.72705078125	0.3	1.0	2	339409	n/a
165.7353515625	0.3	0.0	1	339426	n/a
165.74365234375	0.3	1.0	2	339443	n/a
165.751953125	0.3	0.0	1	339460	n/a
165.76025390625	0.3	1.0	2	339477	n/a
165.7685546875	0.3	0.0	1	339494	n/a
165.77685546875	0.3	0.0	1	339511	n/a
165.78515625	0.3	1.0	2	339528	n/a
165.79345703125	0.3	1.0	2	339545	n/a
165.8017578125	0.3	0.0	1	339562	n/a
165.81005859375	0.3	1.0	2	339579	n/a
165.818359375	0.3	0.0	1	339596	n/a
165.82666015625	0.3	1.0	2	339613	n/a
165.8349609375	0.3	0.0	1	339630	n/a
165.84326171875	0.3	1.0	2	339647	n/a
165.85205078125	0.3	0.0	1	339665	n/a
165.8603515625	0.3	0.0	1	339682	n/a
165.86865234375	0.3	1.0	2	339699	n/a
165.876953125	0.3	1.0	2	339716	n/a
165.88525390625	0.3	0.0	1	339733	n/a
165.8935546875	0.3	0.0	1	339750	n/a
165.90185546875	0.3	1.0	2	339767	n/a
165.91015625	0.3	1.0	2	339784	n/a
165.91845703125	0.3	0.0	1	339801	n/a
165.9267578125	0.3	1.0	2	339818	n/a
165.93505859375	0.3	0.0	1	339835	n/a
165.943359375	0.3	1.0	2	339852	n/a
165.95166015625	0.3	0.0	1	339869	n/a
165.9599609375	0.3	1.0	2	339886	n/a
165.96826171875	0.3	0.0	1	339903	n/a
165.97705078125	0.3	1.0	2	339921	n/a
165.9853515625	0.3	0.0	1	339938	n/a
165.99365234375	0.3	1.0	2	339955	n/a
166.001953125	0.3	0.0	1	339972	n/a
166.01025390625	0.3	1.0	2	339989	n/a
166.0185546875	0.3	0.0	1	340006	n/a
166.02685546875	0.3	0.0	1	340023	n/a
166.03515625	0.3	1.0	2	340040	n/a
166.04345703125	0.3	0.0	1	340057	n/a
166.0517578125	0.3	1.0	2	340074	n/a
166.06005859375	0.3	0.0	1	340091	n/a
166.068359375	0.3	1.0	2	340108	n/a
166.07666015625	0.3	1.0	2	340125	n/a
166.0849609375	0.3	0.0	1	340142	n/a
166.09326171875	0.3	0.0	1	340159	n/a
166.10205078125	0.3	1.0	2	340177	n/a
166.1103515625	0.3	0.0	1	340194	n/a
166.11865234375	0.3	1.0	2	340211	n/a
166.126953125	0.3	0.0	1	340228	n/a
166.13525390625	0.3	1.0	2	340245	n/a
166.1435546875	0.3	0.0	1	340262	n/a
166.15185546875	0.3	1.0	2	340279	n/a
166.16015625	0.3	0.0	1	340296	n/a
166.16845703125	0.3	1.0	2	340313	n/a
166.1767578125	0.3	1.0	2	340330	n/a
166.18505859375	0.3	0.0	1	340347	n/a
166.193359375	0.3	1.0	2	340364	n/a
166.20166015625	0.3	0.0	1	340381	n/a
166.2099609375	0.3	1.0	2	340398	n/a
166.21826171875	0.3	0.0	1	340415	n/a
166.22705078125	0.3	0.0	1	340433	n/a
166.2353515625	0.3	1.0	2	340450	n/a
166.24365234375	0.3	0.0	1	340467	n/a
166.251953125	0.3	1.0	2	340484	n/a
166.26025390625	0.3	0.0	1	340501	n/a
166.2685546875	0.3	1.0	2	340518	n/a
166.27685546875	0.3	0.0	1	340535	n/a
166.28515625	0.3	1.0	2	340552	n/a
166.29345703125	0.3	0.0	1	340569	n/a
166.3017578125	0.3	1.0	2	340586	n/a
166.31005859375	0.3	0.0	1	340603	n/a
166.318359375	0.3	1.0	2	340620	n/a
166.32666015625	0.3	1.0	2	340637	n/a
166.3349609375	0.3	0.0	1	340654	n/a
166.34326171875	0.3	1.0	2	340671	n/a
166.35205078125	0.3	0.0	1	340689	n/a
168.744140625	0.3	1.0	2	345588	3.0
168.75244140625	0.3	0.0	1	345605	n/a
168.7607421875	0.3	1.0	2	345622	n/a
168.76904296875	0.3	0.0	1	345639	n/a
168.77734375	0.3	0.0	1	345656	n/a
168.78564453125	0.3	1.0	2	345673	n/a
168.7939453125	0.3	0.0	1	345690	n/a
168.80224609375	0.3	1.0	2	345707	n/a
168.81103515625	0.3	0.0	1	345725	n/a
168.8193359375	0.3	1.0	2	345742	n/a
168.82763671875	0.3	0.0	1	345759	n/a
168.8359375	0.3	1.0	2	345776	n/a
168.84423828125	0.3	1.0	2	345793	n/a
168.8525390625	0.3	0.0	1	345810	n/a
168.86083984375	0.3	1.0	2	345827	n/a
168.869140625	0.3	0.0	1	345844	n/a
168.87744140625	0.3	1.0	2	345861	n/a
168.8857421875	0.3	0.0	1	345878	n/a
168.89404296875	0.3	1.0	2	345895	n/a
168.90234375	0.3	0.0	1	345912	n/a
168.91064453125	0.3	1.0	2	345929	n/a
168.9189453125	0.3	0.0	1	345946	n/a
168.92724609375	0.3	0.0	1	345963	n/a
168.93603515625	0.3	1.0	2	345981	n/a
168.9443359375	0.3	0.0	1	345998	n/a
168.95263671875	0.3	1.0	2	346015	n/a
168.9609375	0.3	0.0	1	346032	n/a
168.96923828125	0.3	1.0	2	346049	n/a
168.9775390625	0.3	0.0	1	346066	n/a
168.98583984375	0.3	1.0	2	346083	n/a
168.994140625	0.3	1.0	2	346100	n/a
169.00244140625	0.3	0.0	1	346117	n/a
169.0107421875	0.3	0.0	1	346134	n/a
169.01904296875	0.3	1.0	2	346151	n/a
169.02734375	0.3	1.0	2	346168	n/a
169.03564453125	0.3	0.0	1	346185	n/a
169.0439453125	0.3	1.0	2	346202	n/a
169.05224609375	0.3	0.0	1	346219	n/a
169.06103515625	0.3	1.0	2	346237	n/a
169.0693359375	0.3	0.0	1	346254	n/a
169.07763671875	0.3	1.0	2	346271	n/a
169.0859375	0.3	0.0	1	346288	n/a
169.09423828125	0.3	0.0	1	346305	n/a
169.1025390625	0.3	1.0	2	346322	n/a
169.11083984375	0.3	1.0	2	346339	n/a
169.119140625	0.3	0.0	1	346356	n/a
169.12744140625	0.3	0.0	1	346373	n/a
169.1357421875	0.3	1.0	2	346390	n/a
169.14404296875	0.3	0.0	1	346407	n/a
169.15234375	0.3	1.0	2	346424	n/a
169.16064453125	0.3	0.0	1	346441	n/a
169.1689453125	0.3	1.0	2	346458	n/a
169.17724609375	0.3	1.0	2	346475	n/a
169.18603515625	0.3	0.0	1	346493	n/a
169.1943359375	0.3	1.0	2	346510	n/a
169.20263671875	0.3	0.0	1	346527	n/a
169.2109375	0.3	0.0	1	346544	n/a
169.21923828125	0.3	1.0	2	346561	n/a
169.2275390625	0.3	1.0	2	346578	n/a
169.23583984375	0.3	0.0	1	346595	n/a
169.244140625	0.3	0.0	1	346612	n/a
169.25244140625	0.3	1.0	2	346629	n/a
169.2607421875	0.3	0.0	1	346646	n/a
169.26904296875	0.3	1.0	2	346663	n/a
169.27734375	0.3	0.0	1	346680	n/a
169.28564453125	0.3	1.0	2	346697	n/a
169.2939453125	0.3	0.0	1	346714	n/a
169.30224609375	0.3	1.0	2	346731	n/a
169.31103515625	0.3	1.0	2	346749	n/a
169.3193359375	0.3	0.0	1	346766	n/a
169.32763671875	0.3	0.0	1	346783	n/a
169.3359375	0.3	1.0	2	346800	n/a
169.34423828125	0.3	1.0	2	346817	n/a
169.3525390625	0.3	0.0	1	346834	n/a
169.36083984375	0.3	1.0	2	346851	n/a
169.369140625	0.3	0.0	1	346868	n/a
169.37744140625	0.3	0.0	1	346885	n/a
169.3857421875	0.3	1.0	2	346902	n/a
169.39404296875	0.3	1.0	2	346919	n/a
169.40234375	0.3	0.0	1	346936	n/a
169.41064453125	0.3	0.0	1	346953	n/a
169.4189453125	0.3	1.0	2	346970	n/a
169.42724609375	0.3	0.0	1	346987	n/a
169.43603515625	0.3	1.0	2	347005	n/a
169.4443359375	0.3	0.0	1	347022	n/a
169.45263671875	0.3	1.0	2	347039	n/a
169.4609375	0.3	1.0	2	347056	n/a
169.46923828125	0.3	0.0	1	347073	n/a
169.4775390625	0.3	1.0	2	347090	n/a
169.48583984375	0.3	0.0	1	347107	n/a
169.494140625	0.3	1.0	2	347124	n/a
169.50244140625	0.3	0.0	1	347141	n/a
169.5107421875	0.3	1.0	2	347158	n/a
169.51904296875	0.3	0.0	1	347175	n/a
169.52734375	0.3	0.0	1	347192	n/a
169.53564453125	0.3	1.0	2	347209	n/a
169.5439453125	0.3	1.0	2	347226	n/a
169.55224609375	0.3	0.0	1	347243	n/a
169.56103515625	0.3	0.0	1	347261	n/a
169.5693359375	0.3	1.0	2	347278	n/a
169.57763671875	0.3	1.0	2	347295	n/a
169.5859375	0.3	0.0	1	347312	n/a
169.59423828125	0.3	0.0	1	347329	n/a
169.6025390625	0.3	1.0	2	347346	n/a
169.61083984375	0.3	0.0	1	347363	n/a
169.619140625	0.3	1.0	2	347380	n/a
169.62744140625	0.3	1.0	2	347397	n/a
169.6357421875	0.3	0.0	1	347414	n/a
169.64404296875	0.3	1.0	2	347431	n/a
169.65234375	0.3	0.0	1	347448	n/a
169.66064453125	0.3	0.0	1	347465	n/a
169.6689453125	0.3	1.0	2	347482	n/a
169.67724609375	0.3	1.0	2	347499	n/a
169.68603515625	0.3	0.0	1	347517	n/a
169.6943359375	0.3	1.0	2	347534	n/a
169.70263671875	0.3	0.0	1	347551	n/a
169.7109375	0.3	0.0	1	347568	n/a
169.71923828125	0.3	1.0	2	347585	n/a
169.7275390625	0.3	0.0	1	347602	n/a
169.73583984375	0.3	1.0	2	347619	n/a
169.744140625	0.3	1.0	2	347636	n/a
169.75244140625	0.3	0.0	1	347653	n/a
169.7607421875	0.3	0.0	1	347670	n/a
169.76904296875	0.3	1.0	2	347687	n/a
169.77734375	0.3	0.0	1	347704	n/a
169.78564453125	0.3	1.0	2	347721	n/a
169.7939453125	0.3	1.0	2	347738	n/a
169.80224609375	0.3	0.0	1	347755	n/a
169.81103515625	0.3	1.0	2	347773	n/a
169.8193359375	0.3	0.0	1	347790	n/a
169.82763671875	0.3	0.0	1	347807	n/a
169.8359375	0.3	1.0	2	347824	n/a
169.84423828125	0.3	0.0	1	347841	n/a
169.8525390625	0.3	1.0	2	347858	n/a
169.86083984375	0.3	0.0	1	347875	n/a
169.869140625	0.3	1.0	2	347892	n/a
169.87744140625	0.3	0.0	1	347909	n/a
169.8857421875	0.3	1.0	2	347926	n/a
169.89404296875	0.3	1.0	2	347943	n/a
169.90234375	0.3	0.0	1	347960	n/a
169.91064453125	0.3	1.0	2	347977	n/a
169.9189453125	0.3	0.0	1	347994	n/a
169.92724609375	0.3	1.0	2	348011	n/a
169.93603515625	0.3	0.0	1	348029	n/a
169.9443359375	0.3	1.0	2	348046	n/a
169.95263671875	0.3	0.0	1	348063	n/a
169.9609375	0.3	1.0	2	348080	n/a
169.96923828125	0.3	0.0	1	348097	n/a
169.9775390625	0.3	0.0	1	348114	n/a
169.98583984375	0.3	1.0	2	348131	n/a
169.994140625	0.3	0.0	1	348148	n/a
170.00244140625	0.3	1.0	2	348165	n/a
170.0107421875	0.3	0.0	1	348182	n/a
170.01904296875	0.3	1.0	2	348199	n/a
170.02734375	0.3	0.0	1	348216	n/a
170.03564453125	0.3	1.0	2	348233	n/a
170.0439453125	0.3	1.0	2	348250	n/a
170.05224609375	0.3	0.0	1	348267	n/a
170.06103515625	0.3	0.0	1	348285	n/a
170.0693359375	0.3	1.0	2	348302	n/a
170.07763671875	0.3	1.0	2	348319	n/a
170.0859375	0.3	0.0	1	348336	n/a
170.09423828125	0.3	1.0	2	348353	n/a
170.1025390625	0.3	0.0	1	348370	n/a
170.11083984375	0.3	1.0	2	348387	n/a
170.119140625	0.3	0.0	1	348404	n/a
170.12744140625	0.3	1.0	2	348421	n/a
170.1357421875	0.3	0.0	1	348438	n/a
170.14404296875	0.3	0.0	1	348455	n/a
170.15234375	0.3	1.0	2	348472	n/a
170.16064453125	0.3	1.0	2	348489	n/a
170.1689453125	0.3	0.0	1	348506	n/a
170.17724609375	0.3	0.0	1	348523	n/a
170.18603515625	0.3	1.0	2	348541	n/a
170.1943359375	0.3	0.0	1	348558	n/a
170.20263671875	0.3	1.0	2	348575	n/a
170.2109375	0.3	0.0	1	348592	n/a
170.21923828125	0.3	1.0	2	348609	n/a
170.2275390625	0.3	1.0	2	348626	n/a
170.23583984375	0.3	0.0	1	348643	n/a
170.244140625	0.3	1.0	2	348660	n/a
170.25244140625	0.3	0.0	1	348677	n/a
170.2607421875	0.3	0.0	1	348694	n/a
170.26904296875	0.3	1.0	2	348711	n/a
170.27734375	0.3	1.0	2	348728	n/a
170.28564453125	0.3	0.0	1	348745	n/a
170.2939453125	0.3	0.0	1	348762	n/a
170.30224609375	0.3	1.0	2	348779	n/a
170.31103515625	0.3	0.0	1	348797	n/a
170.3193359375	0.3	1.0	2	348814	n/a
170.32763671875	0.3	0.0	1	348831	n/a
170.3359375	0.3	1.0	2	348848	n/a
170.34423828125	0.3	0.0	1	348865	n/a
170.3525390625	0.3	1.0	2	348882	n/a
170.36083984375	0.3	1.0	2	348899	n/a
170.369140625	0.3	0.0	1	348916	n/a
170.37744140625	0.3	0.0	1	348933	n/a
170.3857421875	0.3	1.0	2	348950	n/a
170.39404296875	0.3	1.0	2	348967	n/a
170.40234375	0.3	0.0	1	348984	n/a
170.41064453125	0.3	1.0	2	349001	n/a
170.4189453125	0.3	0.0	1	349018	n/a
170.42724609375	0.3	0.0	1	349035	n/a
170.43603515625	0.3	1.0	2	349053	n/a
170.4443359375	0.3	1.0	2	349070	n/a
170.45263671875	0.3	0.0	1	349087	n/a
170.4609375	0.3	0.0	1	349104	n/a
170.46923828125	0.3	1.0	2	349121	n/a
170.4775390625	0.3	0.0	1	349138	n/a
170.48583984375	0.3	1.0	2	349155	n/a
170.494140625	0.3	0.0	1	349172	n/a
170.50244140625	0.3	1.0	2	349189	n/a
170.5107421875	0.3	1.0	2	349206	n/a
170.51904296875	0.3	0.0	1	349223	n/a
170.52734375	0.3	1.0	2	349240	n/a
170.53564453125	0.3	0.0	1	349257	n/a
170.5439453125	0.3	1.0	2	349274	n/a
170.55224609375	0.3	0.0	1	349291	n/a
170.56103515625	0.3	1.0	2	349309	n/a
170.5693359375	0.3	0.0	1	349326	n/a
170.57763671875	0.3	0.0	1	349343	n/a
170.5859375	0.3	1.0	2	349360	n/a
170.59423828125	0.3	1.0	2	349377	n/a
170.6025390625	0.3	0.0	1	349394	n/a
170.61083984375	0.3	0.0	1	349411	n/a
170.619140625	0.3	1.0	2	349428	n/a
170.62744140625	0.3	1.0	2	349445	n/a
170.6357421875	0.3	0.0	1	349462	n/a
170.64404296875	0.3	0.0	1	349479	n/a
170.65234375	0.3	1.0	2	349496	n/a
170.66064453125	0.3	0.0	1	349513	n/a
170.6689453125	0.3	1.0	2	349530	n/a
170.67724609375	0.3	1.0	2	349547	n/a
170.68603515625	0.3	0.0	1	349565	n/a
170.6943359375	0.3	1.0	2	349582	n/a
170.70263671875	0.3	0.0	1	349599	n/a
170.7109375	0.3	0.0	1	349616	n/a
170.71923828125	0.3	1.0	2	349633	n/a
170.7275390625	0.3	1.0	2	349650	n/a
170.73583984375	0.3	0.0	1	349667	n/a
170.744140625	0.3	1.0	2	349684	n/a
170.75244140625	0.3	0.0	1	349701	n/a
170.7607421875	0.3	0.0	1	349718	n/a
170.76904296875	0.3	1.0	2	349735	n/a
170.77734375	0.3	0.0	1	349752	n/a
170.78564453125	0.3	1.0	2	349769	n/a
170.7939453125	0.3	1.0	2	349786	n/a
170.80224609375	0.3	0.0	1	349803	n/a
170.81103515625	0.3	0.0	1	349821	n/a
170.8193359375	0.3	1.0	2	349838	n/a
170.82763671875	0.3	0.0	1	349855	n/a
170.8359375	0.3	1.0	2	349872	n/a
170.84423828125	0.3	1.0	2	349889	n/a
170.8525390625	0.3	0.0	1	349906	n/a
170.86083984375	0.3	1.0	2	349923	n/a
170.869140625	0.3	0.0	1	349940	n/a
170.87744140625	0.3	0.0	1	349957	n/a
170.8857421875	0.3	1.0	2	349974	n/a
170.89404296875	0.3	0.0	1	349991	n/a
170.90234375	0.3	1.0	2	350008	n/a
170.91064453125	0.3	0.0	1	350025	n/a
170.9189453125	0.3	1.0	2	350042	n/a
170.92724609375	0.3	0.0	1	350059	n/a
170.93603515625	0.3	1.0	2	350077	n/a
170.9443359375	0.3	1.0	2	350094	n/a
170.95263671875	0.3	0.0	1	350111	n/a
170.9609375	0.3	1.0	2	350128	n/a
170.96923828125	0.3	0.0	1	350145	n/a
170.9775390625	0.3	1.0	2	350162	n/a
170.98583984375	0.3	0.0	1	350179	n/a
170.994140625	0.3	1.0	2	350196	n/a
171.00244140625	0.3	0.0	1	350213	n/a
171.0107421875	0.3	1.0	2	350230	n/a
171.01904296875	0.3	0.0	1	350247	n/a
171.02734375	0.3	0.0	1	350264	n/a
171.03564453125	0.3	1.0	2	350281	n/a
171.0439453125	0.3	0.0	1	350298	n/a
171.05224609375	0.3	1.0	2	350315	n/a
171.06103515625	0.3	0.0	1	350333	n/a
171.0693359375	0.3	1.0	2	350350	n/a
171.07763671875	0.3	0.0	1	350367	n/a
171.0859375	0.3	1.0	2	350384	n/a
171.09423828125	0.3	1.0	2	350401	n/a
171.1025390625	0.3	0.0	1	350418	n/a
171.11083984375	0.3	0.0	1	350435	n/a
171.119140625	0.3	1.0	2	350452	n/a
171.12744140625	0.3	1.0	2	350469	n/a
171.1357421875	0.3	0.0	1	350486	n/a
171.14404296875	0.3	1.0	2	350503	n/a
171.15234375	0.3	0.0	1	350520	n/a
171.16064453125	0.3	1.0	2	350537	n/a
171.1689453125	0.3	0.0	1	350554	n/a
171.17724609375	0.3	1.0	2	350571	n/a
171.18603515625	0.3	0.0	1	350589	n/a
171.1943359375	0.3	0.0	1	350606	n/a
171.20263671875	0.3	1.0	2	350623	n/a
171.2109375	0.3	1.0	2	350640	n/a
171.21923828125	0.3	0.0	1	350657	n/a
171.2275390625	0.3	0.0	1	350674	n/a
171.23583984375	0.3	1.0	2	350691	n/a
171.244140625	0.3	0.0	1	350708	n/a
171.25244140625	0.3	1.0	2	350725	n/a
171.2607421875	0.3	0.0	1	350742	n/a
171.26904296875	0.3	1.0	2	350759	n/a
171.27734375	0.3	1.0	2	350776	n/a
171.28564453125	0.3	0.0	1	350793	n/a
171.2939453125	0.3	1.0	2	350810	n/a
171.30224609375	0.3	0.0	1	350827	n/a
171.31103515625	0.3	0.0	1	350845	n/a
171.3193359375	0.3	1.0	2	350862	n/a
171.32763671875	0.3	1.0	2	350879	n/a
171.3359375	0.3	0.0	1	350896	n/a
171.34423828125	0.3	0.0	1	350913	n/a
171.3525390625	0.3	1.0	2	350930	n/a
171.36083984375	0.3	0.0	1	350947	n/a
171.369140625	0.3	1.0	2	350964	n/a
171.37744140625	0.3	0.0	1	350981	n/a
171.3857421875	0.3	1.0	2	350998	n/a
171.39404296875	0.3	0.0	1	351015	n/a
171.40234375	0.3	1.0	2	351032	n/a
171.41064453125	0.3	1.0	2	351049	n/a
171.4189453125	0.3	0.0	1	351066	n/a
171.42724609375	0.3	0.0	1	351083	n/a
171.43603515625	0.3	1.0	2	351101	n/a
171.4443359375	0.3	1.0	2	351118	n/a
171.45263671875	0.3	0.0	1	351135	n/a
171.4609375	0.3	1.0	2	351152	n/a
171.46923828125	0.3	0.0	1	351169	n/a
171.4775390625	0.3	0.0	1	351186	n/a
171.48583984375	0.3	1.0	2	351203	n/a
171.494140625	0.3	1.0	2	351220	n/a
171.50244140625	0.3	0.0	1	351237	n/a
171.5107421875	0.3	0.0	1	351254	n/a
171.51904296875	0.3	1.0	2	351271	n/a
171.52734375	0.3	0.0	1	351288	n/a
171.53564453125	0.3	1.0	2	351305	n/a
171.5439453125	0.3	0.0	1	351322	n/a
171.55224609375	0.3	1.0	2	351339	n/a
171.56103515625	0.3	1.0	2	351357	n/a
171.5693359375	0.3	0.0	1	351374	n/a
171.57763671875	0.3	1.0	2	351391	n/a
171.5859375	0.3	0.0	1	351408	n/a
171.59423828125	0.3	1.0	2	351425	n/a
171.6025390625	0.3	0.0	1	351442	n/a
171.61083984375	0.3	1.0	2	351459	n/a
171.619140625	0.3	0.0	1	351476	n/a
171.62744140625	0.3	0.0	1	351493	n/a
171.6357421875	0.3	1.0	2	351510	n/a
171.64404296875	0.3	1.0	2	351527	n/a
171.65234375	0.3	0.0	1	351544	n/a
171.66064453125	0.3	0.0	1	351561	n/a
171.6689453125	0.3	1.0	2	351578	n/a
171.67724609375	0.3	1.0	2	351595	n/a
171.68603515625	0.3	0.0	1	351613	n/a
171.6943359375	0.3	0.0	1	351630	n/a
171.70263671875	0.3	1.0	2	351647	n/a
171.7109375	0.3	0.0	1	351664	n/a
171.71923828125	0.3	1.0	2	351681	n/a
171.7275390625	0.3	1.0	2	351698	n/a
171.73583984375	0.3	0.0	1	351715	n/a
171.744140625	0.3	1.0	2	351732	n/a
171.75244140625	0.3	0.0	1	351749	n/a
171.7607421875	0.3	0.0	1	351766	n/a
171.76904296875	0.3	1.0	2	351783	n/a
171.77734375	0.3	1.0	2	351800	n/a
171.78564453125	0.3	0.0	1	351817	n/a
171.7939453125	0.3	1.0	2	351834	n/a
171.80224609375	0.3	0.0	1	351851	n/a
171.81103515625	0.3	0.0	1	351869	n/a
171.8193359375	0.3	1.0	2	351886	n/a
171.82763671875	0.3	0.0	1	351903	n/a
171.8359375	0.3	1.0	2	351920	n/a
171.84423828125	0.3	1.0	2	351937	n/a
171.8525390625	0.3	0.0	1	351954	n/a
171.86083984375	0.3	0.0	1	351971	n/a
171.869140625	0.3	1.0	2	351988	n/a
171.87744140625	0.3	0.0	1	352005	n/a
171.8857421875	0.3	1.0	2	352022	n/a
171.89404296875	0.3	1.0	2	352039	n/a
171.90234375	0.3	0.0	1	352056	n/a
171.91064453125	0.3	1.0	2	352073	n/a
171.9189453125	0.3	0.0	1	352090	n/a
171.92724609375	0.3	0.0	1	352107	n/a
171.93603515625	0.3	1.0	2	352125	n/a
171.9443359375	0.3	0.0	1	352142	n/a
171.95263671875	0.3	1.0	2	352159	n/a
171.9609375	0.3	0.0	1	352176	n/a
171.96923828125	0.3	1.0	2	352193	n/a
171.9775390625	0.3	0.0	1	352210	n/a
171.98583984375	0.3	1.0	2	352227	n/a
171.994140625	0.3	1.0	2	352244	n/a
172.00244140625	0.3	0.0	1	352261	n/a
172.0107421875	0.3	1.0	2	352278	n/a
172.01904296875	0.3	0.0	1	352295	n/a
172.02734375	0.3	1.0	2	352312	n/a
172.03564453125	0.3	0.0	1	352329	n/a
172.0439453125	0.3	1.0	2	352346	n/a
172.05224609375	0.3	0.0	1	352363	n/a
172.06103515625	0.3	1.0	2	352381	n/a
172.0693359375	0.3	0.0	1	352398	n/a
172.07763671875	0.3	0.0	1	352415	n/a
172.0859375	0.3	1.0	2	352432	n/a
172.09423828125	0.3	0.0	1	352449	n/a
172.1025390625	0.3	1.0	2	352466	n/a
172.11083984375	0.3	0.0	1	352483	n/a
172.119140625	0.3	1.0	2	352500	n/a
172.12744140625	0.3	0.0	1	352517	n/a
172.1357421875	0.3	1.0	2	352534	n/a
172.14404296875	0.3	1.0	2	352551	n/a
172.15234375	0.3	0.0	1	352568	n/a
172.16064453125	0.3	0.0	1	352585	n/a
172.1689453125	0.3	1.0	2	352602	n/a
172.17724609375	0.3	1.0	2	352619	n/a
172.18603515625	0.3	0.0	1	352637	n/a
172.1943359375	0.3	1.0	2	352654	n/a
172.20263671875	0.3	0.0	1	352671	n/a
172.2109375	0.3	1.0	2	352688	n/a
172.21923828125	0.3	0.0	1	352705	n/a
172.2275390625	0.3	1.0	2	352722	n/a
172.23583984375	0.3	0.0	1	352739	n/a
172.244140625	0.3	0.0	1	352756	n/a
172.25244140625	0.3	1.0	2	352773	n/a
172.2607421875	0.3	1.0	2	352790	n/a
172.26904296875	0.3	0.0	1	352807	n/a
172.27734375	0.3	0.0	1	352824	n/a
172.28564453125	0.3	1.0	2	352841	n/a
172.2939453125	0.3	0.0	1	352858	n/a
172.30224609375	0.3	1.0	2	352875	n/a
172.31103515625	0.3	0.0	1	352893	n/a
172.3193359375	0.3	1.0	2	352910	n/a
172.32763671875	0.3	1.0	2	352927	n/a
172.3359375	0.3	0.0	1	352944	n/a
172.34423828125	0.3	1.0	2	352961	n/a
172.3525390625	0.3	0.0	1	352978	n/a
172.36083984375	0.3	0.0	1	352995	n/a
172.369140625	0.3	1.0	2	353012	n/a
172.37744140625	0.3	1.0	2	353029	n/a
172.3857421875	0.3	0.0	1	353046	n/a
172.39404296875	0.3	0.0	1	353063	n/a
172.40234375	0.3	1.0	2	353080	n/a
172.41064453125	0.3	0.0	1	353097	n/a
172.4189453125	0.3	1.0	2	353114	n/a
172.42724609375	0.3	0.0	1	353131	n/a
172.43603515625	0.3	1.0	2	353149	n/a
172.4443359375	0.3	0.0	1	353166	n/a
172.45263671875	0.3	1.0	2	353183	n/a
172.4609375	0.3	1.0	2	353200	n/a
172.46923828125	0.3	0.0	1	353217	n/a
172.4775390625	0.3	0.0	1	353234	n/a
172.48583984375	0.3	1.0	2	353251	n/a
172.494140625	0.3	1.0	2	353268	n/a
172.50244140625	0.3	0.0	1	353285	n/a
172.5107421875	0.3	1.0	2	353302	n/a
172.51904296875	0.3	0.0	1	353319	n/a
172.52734375	0.3	0.0	1	353336	n/a
172.53564453125	0.3	1.0	2	353353	n/a
172.5439453125	0.3	1.0	2	353370	n/a
172.55224609375	0.3	0.0	1	353387	n/a
172.56103515625	0.3	0.0	1	353405	n/a
172.5693359375	0.3	1.0	2	353422	n/a
172.57763671875	0.3	0.0	1	353439	n/a
172.5859375	0.3	1.0	2	353456	n/a
172.59423828125	0.3	0.0	1	353473	n/a
172.6025390625	0.3	1.0	2	353490	n/a
172.61083984375	0.3	1.0	2	353507	n/a
172.619140625	0.3	0.0	1	353524	n/a
172.62744140625	0.3	1.0	2	353541	n/a
172.6357421875	0.3	0.0	1	353558	n/a
172.64404296875	0.3	1.0	2	353575	n/a
172.65234375	0.3	0.0	1	353592	n/a
172.66064453125	0.3	1.0	2	353609	n/a
172.6689453125	0.3	0.0	1	353626	n/a
172.67724609375	0.3	0.0	1	353643	n/a
172.68603515625	0.3	1.0	2	353661	n/a
172.6943359375	0.3	1.0	2	353678	n/a
172.70263671875	0.3	0.0	1	353695	n/a
172.7109375	0.3	0.0	1	353712	n/a
172.71923828125	0.3	1.0	2	353729	n/a
172.7275390625	0.3	1.0	2	353746	n/a
172.73583984375	0.3	0.0	1	353763	n/a
172.744140625	0.3	0.0	1	353780	n/a
172.75244140625	0.3	1.0	2	353797	n/a
172.7607421875	0.3	0.0	1	353814	n/a
172.76904296875	0.3	1.0	2	353831	n/a
172.77734375	0.3	1.0	2	353848	n/a
172.78564453125	0.3	0.0	1	353865	n/a
172.7939453125	0.3	1.0	2	353882	n/a
172.80224609375	0.3	0.0	1	353899	n/a
172.81103515625	0.3	0.0	1	353917	n/a
172.8193359375	0.3	1.0	2	353934	n/a
172.82763671875	0.3	1.0	2	353951	n/a
172.8359375	0.3	0.0	1	353968	n/a
172.84423828125	0.3	1.0	2	353985	n/a
172.8525390625	0.3	0.0	1	354002	n/a
172.86083984375	0.3	0.0	1	354019	n/a
172.869140625	0.3	1.0	2	354036	n/a
172.87744140625	0.3	0.0	1	354053	n/a
172.8857421875	0.3	1.0	2	354070	n/a
172.89404296875	0.3	1.0	2	354087	n/a
172.90234375	0.3	0.0	1	354104	n/a
172.91064453125	0.3	0.0	1	354121	n/a
172.9189453125	0.3	1.0	2	354138	n/a
172.92724609375	0.3	0.0	1	354155	n/a
172.93603515625	0.3	1.0	2	354173	n/a
175.3037109375	0.3	1.0	2	359022	27.0
175.31201171875	0.3	0.0	1	359039	n/a
175.3203125	0.3	0.0	1	359056	n/a
175.32861328125	0.3	1.0	2	359073	n/a
175.3369140625	0.3	0.0	1	359090	n/a
175.34521484375	0.3	1.0	2	359107	n/a
175.353515625	0.3	1.0	2	359124	n/a
175.36181640625	0.3	0.0	1	359141	n/a
175.37060546875	0.3	0.0	1	359159	n/a
175.37890625	0.3	1.0	2	359176	n/a
175.38720703125	0.3	1.0	2	359193	n/a
175.3955078125	0.3	0.0	1	359210	n/a
175.40380859375	0.3	1.0	2	359227	n/a
175.412109375	0.3	0.0	1	359244	n/a
175.42041015625	0.3	1.0	2	359261	n/a
175.4287109375	0.3	0.0	1	359278	n/a
175.43701171875	0.3	1.0	2	359295	n/a
175.4453125	0.3	0.0	1	359312	n/a
175.45361328125	0.3	0.0	1	359329	n/a
175.4619140625	0.3	1.0	2	359346	n/a
175.47021484375	0.3	0.0	1	359363	n/a
175.478515625	0.3	1.0	2	359380	n/a
175.48681640625	0.3	0.0	1	359397	n/a
175.49560546875	0.3	1.0	2	359415	n/a
175.50390625	0.3	0.0	1	359432	n/a
175.51220703125	0.3	1.0	2	359449	n/a
175.5205078125	0.3	1.0	2	359466	n/a
175.52880859375	0.3	0.0	1	359483	n/a
175.537109375	0.3	1.0	2	359500	n/a
175.54541015625	0.3	0.0	1	359517	n/a
175.5537109375	0.3	0.0	1	359534	n/a
175.56201171875	0.3	1.0	2	359551	n/a
175.5703125	0.3	1.0	2	359568	n/a
175.57861328125	0.3	0.0	1	359585	n/a
175.5869140625	0.3	1.0	2	359602	n/a
175.59521484375	0.3	0.0	1	359619	n/a
175.603515625	0.3	0.0	1	359636	n/a
175.61181640625	0.3	1.0	2	359653	n/a
175.62060546875	0.3	0.0	1	359671	n/a
175.62890625	0.3	1.0	2	359688	n/a
175.63720703125	0.3	0.0	1	359705	n/a
175.6455078125	0.3	1.0	2	359722	n/a
175.65380859375	0.3	0.0	1	359739	n/a
175.662109375	0.3	1.0	2	359756	n/a
175.67041015625	0.3	0.0	1	359773	n/a
175.6787109375	0.3	1.0	2	359790	n/a
175.68701171875	0.3	0.0	1	359807	n/a
175.6953125	0.3	1.0	2	359824	n/a
175.70361328125	0.3	1.0	2	359841	n/a
175.7119140625	0.3	0.0	1	359858	n/a
175.72021484375	0.3	1.0	2	359875	n/a
175.728515625	0.3	0.0	1	359892	n/a
175.73681640625	0.3	1.0	2	359909	n/a
175.74560546875	0.3	0.0	1	359927	n/a
175.75390625	0.3	0.0	1	359944	n/a
175.76220703125	0.3	1.0	2	359961	n/a
175.7705078125	0.3	0.0	1	359978	n/a
175.77880859375	0.3	1.0	2	359995	n/a
175.787109375	0.3	1.0	2	360012	n/a
175.79541015625	0.3	0.0	1	360029	n/a
175.8037109375	0.3	1.0	2	360046	n/a
175.81201171875	0.3	0.0	1	360063	n/a
175.8203125	0.3	1.0	2	360080	n/a
175.82861328125	0.3	0.0	1	360097	n/a
175.8369140625	0.3	0.0	1	360114	n/a
175.84521484375	0.3	1.0	2	360131	n/a
175.853515625	0.3	1.0	2	360148	n/a
175.86181640625	0.3	0.0	1	360165	n/a
175.87060546875	0.3	0.0	1	360183	n/a
175.87890625	0.3	1.0	2	360200	n/a
175.88720703125	0.3	0.0	1	360217	n/a
175.8955078125	0.3	1.0	2	360234	n/a
175.90380859375	0.3	1.0	2	360251	n/a
175.912109375	0.3	0.0	1	360268	n/a
175.92041015625	0.3	1.0	2	360285	n/a
175.9287109375	0.3	0.0	1	360302	n/a
175.93701171875	0.3	1.0	2	360319	n/a
175.9453125	0.3	0.0	1	360336	n/a
175.95361328125	0.3	1.0	2	360353	n/a
175.9619140625	0.3	0.0	1	360370	n/a
175.97021484375	0.3	0.0	1	360387	n/a
175.978515625	0.3	1.0	2	360404	n/a
175.98681640625	0.3	1.0	2	360421	n/a
175.99560546875	0.3	0.0	1	360439	n/a
176.00390625	0.3	0.0	1	360456	n/a
176.01220703125	0.3	1.0	2	360473	n/a
176.0205078125	0.3	1.0	2	360490	n/a
176.02880859375	0.3	0.0	1	360507	n/a
176.037109375	0.3	1.0	2	360524	n/a
176.04541015625	0.3	0.0	1	360541	n/a
176.0537109375	0.3	1.0	2	360558	n/a
176.06201171875	0.3	0.0	1	360575	n/a
176.0703125	0.3	0.0	1	360592	n/a
176.07861328125	0.3	1.0	2	360609	n/a
176.0869140625	0.3	1.0	2	360626	n/a
176.09521484375	0.3	0.0	1	360643	n/a
176.103515625	0.3	0.0	1	360660	n/a
176.11181640625	0.3	1.0	2	360677	n/a
176.12060546875	0.3	0.0	1	360695	n/a
176.12890625	0.3	1.0	2	360712	n/a
176.13720703125	0.3	1.0	2	360729	n/a
176.1455078125	0.3	0.0	1	360746	n/a
176.15380859375	0.3	0.0	1	360763	n/a
176.162109375	0.3	1.0	2	360780	n/a
176.17041015625	0.3	0.0	1	360797	n/a
176.1787109375	0.3	1.0	2	360814	n/a
176.18701171875	0.3	1.0	2	360831	n/a
176.1953125	0.3	0.0	1	360848	n/a
176.20361328125	0.3	0.0	1	360865	n/a
176.2119140625	0.3	1.0	2	360882	n/a
176.22021484375	0.3	0.0	1	360899	n/a
176.228515625	0.3	1.0	2	360916	n/a
176.23681640625	0.3	0.0	1	360933	n/a
176.24560546875	0.3	1.0	2	360951	n/a
176.25390625	0.3	0.0	1	360968	n/a
176.26220703125	0.3	1.0	2	360985	n/a
176.2705078125	0.3	1.0	2	361002	n/a
176.27880859375	0.3	0.0	1	361019	n/a
176.287109375	0.3	1.0	2	361036	n/a
176.29541015625	0.3	0.0	1	361053	n/a
176.3037109375	0.3	0.0	1	361070	n/a
176.31201171875	0.3	1.0	2	361087	n/a
176.3203125	0.3	1.0	2	361104	n/a
176.32861328125	0.3	0.0	1	361121	n/a
176.3369140625	0.3	0.0	1	361138	n/a
176.34521484375	0.3	1.0	2	361155	n/a
176.353515625	0.3	1.0	2	361172	n/a
176.36181640625	0.3	0.0	1	361189	n/a
176.37060546875	0.3	0.0	1	361207	n/a
176.37890625	0.3	1.0	2	361224	n/a
176.38720703125	0.3	0.0	1	361241	n/a
176.3955078125	0.3	1.0	2	361258	n/a
176.40380859375	0.3	1.0	2	361275	n/a
176.412109375	0.3	0.0	1	361292	n/a
176.42041015625	0.3	0.0	1	361309	n/a
176.4287109375	0.3	1.0	2	361326	n/a
176.43701171875	0.3	1.0	2	361343	n/a
176.4453125	0.3	0.0	1	361360	n/a
176.45361328125	0.3	1.0	2	361377	n/a
176.4619140625	0.3	0.0	1	361394	n/a
176.47021484375	0.3	1.0	2	361411	n/a
176.478515625	0.3	0.0	1	361428	n/a
176.48681640625	0.3	1.0	2	361445	n/a
176.49560546875	0.3	0.0	1	361463	n/a
176.50390625	0.3	0.0	1	361480	n/a
176.51220703125	0.3	1.0	2	361497	n/a
176.5205078125	0.3	0.0	1	361514	n/a
176.52880859375	0.3	1.0	2	361531	n/a
176.537109375	0.3	0.0	1	361548	n/a
176.54541015625	0.3	1.0	2	361565	n/a
176.5537109375	0.3	0.0	1	361582	n/a
176.56201171875	0.3	1.0	2	361599	n/a
176.5703125	0.3	1.0	2	361616	n/a
176.57861328125	0.3	0.0	1	361633	n/a
176.5869140625	0.3	1.0	2	361650	n/a
176.59521484375	0.3	0.0	1	361667	n/a
176.603515625	0.3	0.0	1	361684	n/a
176.61181640625	0.3	1.0	2	361701	n/a
176.62060546875	0.3	1.0	2	361719	n/a
176.62890625	0.3	0.0	1	361736	n/a
176.63720703125	0.3	1.0	2	361753	n/a
176.6455078125	0.3	0.0	1	361770	n/a
176.65380859375	0.3	0.0	1	361787	n/a
176.662109375	0.3	1.0	2	361804	n/a
176.67041015625	0.3	0.0	1	361821	n/a
176.6787109375	0.3	1.0	2	361838	n/a
176.68701171875	0.3	0.0	1	361855	n/a
176.6953125	0.3	1.0	2	361872	n/a
176.70361328125	0.3	0.0	1	361889	n/a
176.7119140625	0.3	1.0	2	361906	n/a
176.72021484375	0.3	0.0	1	361923	n/a
176.728515625	0.3	1.0	2	361940	n/a
176.73681640625	0.3	0.0	1	361957	n/a
176.74560546875	0.3	1.0	2	361975	n/a
176.75390625	0.3	1.0	2	361992	n/a
176.76220703125	0.3	0.0	1	362009	n/a
176.7705078125	0.3	1.0	2	362026	n/a
176.77880859375	0.3	0.0	1	362043	n/a
176.787109375	0.3	1.0	2	362060	n/a
176.79541015625	0.3	0.0	1	362077	n/a
176.8037109375	0.3	0.0	1	362094	n/a
176.81201171875	0.3	1.0	2	362111	n/a
176.8203125	0.3	0.0	1	362128	n/a
176.82861328125	0.3	1.0	2	362145	n/a
176.8369140625	0.3	1.0	2	362162	n/a
176.84521484375	0.3	0.0	1	362179	n/a
176.853515625	0.3	1.0	2	362196	n/a
176.86181640625	0.3	0.0	1	362213	n/a
176.87060546875	0.3	1.0	2	362231	n/a
176.87890625	0.3	0.0	1	362248	n/a
176.88720703125	0.3	0.0	1	362265	n/a
176.8955078125	0.3	1.0	2	362282	n/a
176.90380859375	0.3	1.0	2	362299	n/a
176.912109375	0.3	0.0	1	362316	n/a
176.92041015625	0.3	0.0	1	362333	n/a
176.9287109375	0.3	1.0	2	362350	n/a
176.93701171875	0.3	0.0	1	362367	n/a
176.9453125	0.3	1.0	2	362384	n/a
176.95361328125	0.3	1.0	2	362401	n/a
176.9619140625	0.3	0.0	1	362418	n/a
176.97021484375	0.3	1.0	2	362435	n/a
176.978515625	0.3	0.0	1	362452	n/a
176.98681640625	0.3	1.0	2	362469	n/a
176.99560546875	0.3	0.0	1	362487	n/a
177.00390625	0.3	1.0	2	362504	n/a
177.01220703125	0.3	0.0	1	362521	n/a
177.0205078125	0.3	0.0	1	362538	n/a
177.02880859375	0.3	1.0	2	362555	n/a
177.037109375	0.3	1.0	2	362572	n/a
177.04541015625	0.3	0.0	1	362589	n/a
177.0537109375	0.3	0.0	1	362606	n/a
177.06201171875	0.3	1.0	2	362623	n/a
177.0703125	0.3	1.0	2	362640	n/a
177.07861328125	0.3	0.0	1	362657	n/a
177.0869140625	0.3	1.0	2	362674	n/a
177.09521484375	0.3	0.0	1	362691	n/a
177.103515625	0.3	1.0	2	362708	n/a
177.11181640625	0.3	0.0	1	362725	n/a
177.12060546875	0.3	0.0	1	362743	n/a
177.12890625	0.3	1.0	2	362760	n/a
177.13720703125	0.3	1.0	2	362777	n/a
177.1455078125	0.3	0.0	1	362794	n/a
177.15380859375	0.3	0.0	1	362811	n/a
177.162109375	0.3	1.0	2	362828	n/a
177.17041015625	0.3	0.0	1	362845	n/a
177.1787109375	0.3	1.0	2	362862	n/a
177.18701171875	0.3	1.0	2	362879	n/a
177.1953125	0.3	0.0	1	362896	n/a
177.20361328125	0.3	0.0	1	362913	n/a
177.2119140625	0.3	1.0	2	362930	n/a
177.22021484375	0.3	0.0	1	362947	n/a
177.228515625	0.3	1.0	2	362964	n/a
177.23681640625	0.3	1.0	2	362981	n/a
177.24560546875	0.3	0.0	1	362999	n/a
177.25390625	0.3	0.0	1	363016	n/a
177.26220703125	0.3	1.0	2	363033	n/a
177.2705078125	0.3	0.0	1	363050	n/a
177.27880859375	0.3	1.0	2	363067	n/a
177.287109375	0.3	0.0	1	363084	n/a
177.29541015625	0.3	1.0	2	363101	n/a
177.3037109375	0.3	0.0	1	363118	n/a
177.31201171875	0.3	1.0	2	363135	n/a
177.3203125	0.3	1.0	2	363152	n/a
177.32861328125	0.3	0.0	1	363169	n/a
177.3369140625	0.3	1.0	2	363186	n/a
177.34521484375	0.3	0.0	1	363203	n/a
177.353515625	0.3	0.0	1	363220	n/a
177.36181640625	0.3	1.0	2	363237	n/a
177.37060546875	0.3	1.0	2	363255	n/a
177.37890625	0.3	0.0	1	363272	n/a
177.38720703125	0.3	0.0	1	363289	n/a
177.3955078125	0.3	1.0	2	363306	n/a
177.40380859375	0.3	1.0	2	363323	n/a
177.412109375	0.3	0.0	1	363340	n/a
177.42041015625	0.3	0.0	1	363357	n/a
177.4287109375	0.3	1.0	2	363374	n/a
177.43701171875	0.3	0.0	1	363391	n/a
177.4453125	0.3	1.0	2	363408	n/a
177.45361328125	0.3	1.0	2	363425	n/a
177.4619140625	0.3	0.0	1	363442	n/a
177.47021484375	0.3	0.0	1	363459	n/a
177.478515625	0.3	1.0	2	363476	n/a
177.48681640625	0.3	1.0	2	363493	n/a
177.49560546875	0.3	0.0	1	363511	n/a
177.50390625	0.3	1.0	2	363528	n/a
177.51220703125	0.3	0.0	1	363545	n/a
177.5205078125	0.3	1.0	2	363562	n/a
177.52880859375	0.3	0.0	1	363579	n/a
177.537109375	0.3	1.0	2	363596	n/a
177.54541015625	0.3	0.0	1	363613	n/a
177.5537109375	0.3	0.0	1	363630	n/a
177.56201171875	0.3	1.0	2	363647	n/a
177.5703125	0.3	0.0	1	363664	n/a
177.57861328125	0.3	1.0	2	363681	n/a
177.5869140625	0.3	0.0	1	363698	n/a
177.59521484375	0.3	1.0	2	363715	n/a
177.603515625	0.3	0.0	1	363732	n/a
177.61181640625	0.3	1.0	2	363749	n/a
177.62060546875	0.3	1.0	2	363767	n/a
177.62890625	0.3	0.0	1	363784	n/a
177.63720703125	0.3	1.0	2	363801	n/a
177.6455078125	0.3	0.0	1	363818	n/a
177.65380859375	0.3	0.0	1	363835	n/a
177.662109375	0.3	1.0	2	363852	n/a
177.67041015625	0.3	1.0	2	363869	n/a
177.6787109375	0.3	0.0	1	363886	n/a
177.68701171875	0.3	1.0	2	363903	n/a
177.6953125	0.3	0.0	1	363920	n/a
177.70361328125	0.3	0.0	1	363937	n/a
177.7119140625	0.3	1.0	2	363954	n/a
177.72021484375	0.3	0.0	1	363971	n/a
177.728515625	0.3	1.0	2	363988	n/a
177.73681640625	0.3	0.0	1	364005	n/a
177.74560546875	0.3	1.0	2	364023	n/a
177.75390625	0.3	0.0	1	364040	n/a
177.76220703125	0.3	1.0	2	364057	n/a
177.7705078125	0.3	0.0	1	364074	n/a
177.77880859375	0.3	1.0	2	364091	n/a
177.787109375	0.3	0.0	1	364108	n/a
177.79541015625	0.3	1.0	2	364125	n/a
177.8037109375	0.3	1.0	2	364142	n/a
177.81201171875	0.3	0.0	1	364159	n/a
177.8203125	0.3	1.0	2	364176	n/a
177.82861328125	0.3	0.0	1	364193	n/a
177.8369140625	0.3	1.0	2	364210	n/a
177.84521484375	0.3	0.0	1	364227	n/a
177.853515625	0.3	0.0	1	364244	n/a
177.86181640625	0.3	1.0	2	364261	n/a
177.87060546875	0.3	0.0	1	364279	n/a
177.87890625	0.3	1.0	2	364296	n/a
177.88720703125	0.3	1.0	2	364313	n/a
177.8955078125	0.3	0.0	1	364330	n/a
177.90380859375	0.3	1.0	2	364347	n/a
177.912109375	0.3	0.0	1	364364	n/a
177.92041015625	0.3	1.0	2	364381	n/a
177.9287109375	0.3	0.0	1	364398	n/a
177.93701171875	0.3	0.0	1	364415	n/a
177.9453125	0.3	1.0	2	364432	n/a
177.95361328125	0.3	1.0	2	364449	n/a
177.9619140625	0.3	0.0	1	364466	n/a
177.97021484375	0.3	0.0	1	364483	n/a
177.978515625	0.3	1.0	2	364500	n/a
177.98681640625	0.3	0.0	1	364517	n/a
177.99560546875	0.3	1.0	2	364535	n/a
178.00390625	0.3	1.0	2	364552	n/a
178.01220703125	0.3	0.0	1	364569	n/a
178.0205078125	0.3	1.0	2	364586	n/a
178.02880859375	0.3	0.0	1	364603	n/a
178.037109375	0.3	1.0	2	364620	n/a
178.04541015625	0.3	0.0	1	364637	n/a
178.0537109375	0.3	1.0	2	364654	n/a
178.06201171875	0.3	0.0	1	364671	n/a
178.0703125	0.3	0.0	1	364688	n/a
178.07861328125	0.3	1.0	2	364705	n/a
178.0869140625	0.3	1.0	2	364722	n/a
178.09521484375	0.3	0.0	1	364739	n/a
178.103515625	0.3	0.0	1	364756	n/a
178.11181640625	0.3	1.0	2	364773	n/a
178.12060546875	0.3	1.0	2	364791	n/a
178.12890625	0.3	0.0	1	364808	n/a
178.13720703125	0.3	1.0	2	364825	n/a
178.1455078125	0.3	0.0	1	364842	n/a
178.15380859375	0.3	1.0	2	364859	n/a
178.162109375	0.3	0.0	1	364876	n/a
178.17041015625	0.3	0.0	1	364893	n/a
178.1787109375	0.3	1.0	2	364910	n/a
178.18701171875	0.3	1.0	2	364927	n/a
178.1953125	0.3	0.0	1	364944	n/a
178.20361328125	0.3	0.0	1	364961	n/a
178.2119140625	0.3	1.0	2	364978	n/a
178.22021484375	0.3	0.0	1	364995	n/a
178.228515625	0.3	1.0	2	365012	n/a
178.23681640625	0.3	1.0	2	365029	n/a
178.24560546875	0.3	0.0	1	365047	n/a
178.25390625	0.3	0.0	1	365064	n/a
178.26220703125	0.3	1.0	2	365081	n/a
178.2705078125	0.3	0.0	1	365098	n/a
178.27880859375	0.3	1.0	2	365115	n/a
178.287109375	0.3	1.0	2	365132	n/a
178.29541015625	0.3	0.0	1	365149	n/a
178.3037109375	0.3	0.0	1	365166	n/a
178.31201171875	0.3	1.0	2	365183	n/a
178.3203125	0.3	0.0	1	365200	n/a
178.32861328125	0.3	1.0	2	365217	n/a
178.3369140625	0.3	0.0	1	365234	n/a
178.34521484375	0.3	1.0	2	365251	n/a
178.353515625	0.3	0.0	1	365268	n/a
178.36181640625	0.3	1.0	2	365285	n/a
178.37060546875	0.3	1.0	2	365303	n/a
178.37890625	0.3	0.0	1	365320	n/a
178.38720703125	0.3	1.0	2	365337	n/a
178.3955078125	0.3	0.0	1	365354	n/a
178.40380859375	0.3	0.0	1	365371	n/a
178.412109375	0.3	1.0	2	365388	n/a
178.42041015625	0.3	1.0	2	365405	n/a
178.4287109375	0.3	0.0	1	365422	n/a
178.43701171875	0.3	0.0	1	365439	n/a
178.4453125	0.3	1.0	2	365456	n/a
178.45361328125	0.3	1.0	2	365473	n/a
178.4619140625	0.3	0.0	1	365490	n/a
178.47021484375	0.3	0.0	1	365507	n/a
178.478515625	0.3	1.0	2	365524	n/a
178.48681640625	0.3	0.0	1	365541	n/a
178.49560546875	0.3	1.0	2	365559	n/a
178.50390625	0.3	1.0	2	365576	n/a
178.51220703125	0.3	0.0	1	365593	n/a
178.5205078125	0.3	0.0	1	365610	n/a
178.52880859375	0.3	1.0	2	365627	n/a
178.537109375	0.3	1.0	2	365644	n/a
178.54541015625	0.3	0.0	1	365661	n/a
178.5537109375	0.3	1.0	2	365678	n/a
178.56201171875	0.3	0.0	1	365695	n/a
178.5703125	0.3	1.0	2	365712	n/a
178.57861328125	0.3	0.0	1	365729	n/a
178.5869140625	0.3	1.0	2	365746	n/a
178.59521484375	0.3	0.0	1	365763	n/a
178.603515625	0.3	0.0	1	365780	n/a
178.61181640625	0.3	1.0	2	365797	n/a
178.62060546875	0.3	0.0	1	365815	n/a
178.62890625	0.3	1.0	2	365832	n/a
178.63720703125	0.3	0.0	1	365849	n/a
178.6455078125	0.3	1.0	2	365866	n/a
178.65380859375	0.3	0.0	1	365883	n/a
178.662109375	0.3	1.0	2	365900	n/a
178.67041015625	0.3	1.0	2	365917	n/a
178.6787109375	0.3	0.0	1	365934	n/a
178.68701171875	0.3	1.0	2	365951	n/a
178.6953125	0.3	0.0	1	365968	n/a
178.70361328125	0.3	0.0	1	365985	n/a
178.7119140625	0.3	1.0	2	366002	n/a
178.72021484375	0.3	1.0	2	366019	n/a
178.728515625	0.3	0.0	1	366036	n/a
178.73681640625	0.3	1.0	2	366053	n/a
178.74560546875	0.3	0.0	1	366071	n/a
178.75390625	0.3	0.0	1	366088	n/a
178.76220703125	0.3	1.0	2	366105	n/a
178.7705078125	0.3	0.0	1	366122	n/a
178.77880859375	0.3	1.0	2	366139	n/a
178.787109375	0.3	0.0	1	366156	n/a
178.79541015625	0.3	1.0	2	366173	n/a
178.8037109375	0.3	0.0	1	366190	n/a
178.81201171875	0.3	1.0	2	366207	n/a
178.8203125	0.3	0.0	1	366224	n/a
178.82861328125	0.3	1.0	2	366241	n/a
178.8369140625	0.3	0.0	1	366258	n/a
178.84521484375	0.3	1.0	2	366275	n/a
178.853515625	0.3	1.0	2	366292	n/a
178.86181640625	0.3	0.0	1	366309	n/a
178.87060546875	0.3	1.0	2	366327	n/a
178.87890625	0.3	0.0	1	366344	n/a
178.88720703125	0.3	1.0	2	366361	n/a
178.8955078125	0.3	0.0	1	366378	n/a
178.90380859375	0.3	0.0	1	366395	n/a
178.912109375	0.3	1.0	2	366412	n/a
178.92041015625	0.3	0.0	1	366429	n/a
178.9287109375	0.3	1.0	2	366446	n/a
178.93701171875	0.3	1.0	2	366463	n/a
178.9453125	0.3	0.0	1	366480	n/a
178.95361328125	0.3	1.0	2	366497	n/a
178.9619140625	0.3	0.0	1	366514	n/a
178.97021484375	0.3	1.0	2	366531	n/a
178.978515625	0.3	0.0	1	366548	n/a
178.98681640625	0.3	0.0	1	366565	n/a
178.99560546875	0.3	1.0	2	366583	n/a
179.00390625	0.3	1.0	2	366600	n/a
179.01220703125	0.3	0.0	1	366617	n/a
179.0205078125	0.3	0.0	1	366634	n/a
179.02880859375	0.3	1.0	2	366651	n/a
179.037109375	0.3	0.0	1	366668	n/a
179.04541015625	0.3	1.0	2	366685	n/a
179.0537109375	0.3	1.0	2	366702	n/a
179.06201171875	0.3	0.0	1	366719	n/a
179.0703125	0.3	1.0	2	366736	n/a
179.07861328125	0.3	0.0	1	366753	n/a
179.0869140625	0.3	1.0	2	366770	n/a
179.09521484375	0.3	0.0	1	366787	n/a
179.103515625	0.3	1.0	2	366804	n/a
179.11181640625	0.3	0.0	1	366821	n/a
179.12060546875	0.3	0.0	1	366839	n/a
179.12890625	0.3	1.0	2	366856	n/a
179.13720703125	0.3	1.0	2	366873	n/a
179.1455078125	0.3	0.0	1	366890	n/a
179.15380859375	0.3	0.0	1	366907	n/a
179.162109375	0.3	1.0	2	366924	n/a
179.17041015625	0.3	1.0	2	366941	n/a
179.1787109375	0.3	0.0	1	366958	n/a
179.18701171875	0.3	1.0	2	366975	n/a
179.1953125	0.3	0.0	1	366992	n/a
179.20361328125	0.3	1.0	2	367009	n/a
179.2119140625	0.3	0.0	1	367026	n/a
179.22021484375	0.3	0.0	1	367043	n/a
179.228515625	0.3	1.0	2	367060	n/a
179.23681640625	0.3	1.0	2	367077	n/a
179.24560546875	0.3	0.0	1	367095	n/a
179.25390625	0.3	0.0	1	367112	n/a
179.26220703125	0.3	1.0	2	367129	n/a
179.2705078125	0.3	0.0	1	367146	n/a
179.27880859375	0.3	1.0	2	367163	n/a
179.287109375	0.3	1.0	2	367180	n/a
179.29541015625	0.3	0.0	1	367197	n/a
179.3037109375	0.3	0.0	1	367214	n/a
179.31201171875	0.3	1.0	2	367231	n/a
179.3203125	0.3	0.0	1	367248	n/a
179.32861328125	0.3	1.0	2	367265	n/a
179.3369140625	0.3	1.0	2	367282	n/a
179.34521484375	0.3	0.0	1	367299	n/a
179.353515625	0.3	0.0	1	367316	n/a
179.36181640625	0.3	1.0	2	367333	n/a
179.37060546875	0.3	0.0	1	367351	n/a
179.37890625	0.3	1.0	2	367368	n/a
179.38720703125	0.3	0.0	1	367385	n/a
179.3955078125	0.3	1.0	2	367402	n/a
179.40380859375	0.3	0.0	1	367419	n/a
179.412109375	0.3	1.0	2	367436	n/a
179.42041015625	0.3	1.0	2	367453	n/a
179.4287109375	0.3	0.0	1	367470	n/a
179.43701171875	0.3	1.0	2	367487	n/a
179.4453125	0.3	0.0	1	367504	n/a
179.45361328125	0.3	0.0	1	367521	n/a
179.4619140625	0.3	1.0	2	367538	n/a
179.47021484375	0.3	1.0	2	367555	n/a
179.478515625	0.3	0.0	1	367572	n/a
179.48681640625	0.3	0.0	1	367589	n/a
179.49560546875	0.3	1.0	2	367607	n/a
181.8701171875	0.3	1.0	2	372470	1.0
181.87841796875	0.3	0.0	1	372487	n/a
181.88671875	0.3	0.0	1	372504	n/a
181.89501953125	0.3	1.0	2	372521	n/a
181.9033203125	0.3	1.0	2	372538	n/a
181.91162109375	0.3	0.0	1	372555	n/a
181.919921875	0.3	1.0	2	372572	n/a
181.92822265625	0.3	0.0	1	372589	n/a
181.93701171875	0.3	1.0	2	372607	n/a
181.9453125	0.3	0.0	1	372624	n/a
181.95361328125	0.3	0.0	1	372641	n/a
181.9619140625	0.3	1.0	2	372658	n/a
181.97021484375	0.3	0.0	1	372675	n/a
181.978515625	0.3	1.0	2	372692	n/a
181.98681640625	0.3	0.0	1	372709	n/a
181.9951171875	0.3	1.0	2	372726	n/a
182.00341796875	0.3	0.0	1	372743	n/a
182.01171875	0.3	1.0	2	372760	n/a
182.02001953125	0.3	1.0	2	372777	n/a
182.0283203125	0.3	0.0	1	372794	n/a
182.03662109375	0.3	0.0	1	372811	n/a
182.044921875	0.3	1.0	2	372828	n/a
182.05322265625	0.3	0.0	1	372845	n/a
182.06201171875	0.3	1.0	2	372863	n/a
182.0703125	0.3	1.0	2	372880	n/a
182.07861328125	0.3	0.0	1	372897	n/a
182.0869140625	0.3	1.0	2	372914	n/a
182.09521484375	0.3	0.0	1	372931	n/a
182.103515625	0.3	0.0	1	372948	n/a
182.11181640625	0.3	1.0	2	372965	n/a
182.1201171875	0.3	0.0	1	372982	n/a
182.12841796875	0.3	1.0	2	372999	n/a
182.13671875	0.3	0.0	1	373016	n/a
182.14501953125	0.3	1.0	2	373033	n/a
182.1533203125	0.3	1.0	2	373050	n/a
182.16162109375	0.3	0.0	1	373067	n/a
182.169921875	0.3	0.0	1	373084	n/a
182.17822265625	0.3	1.0	2	373101	n/a
182.18701171875	0.3	0.0	1	373119	n/a
182.1953125	0.3	1.0	2	373136	n/a
182.20361328125	0.3	1.0	2	373153	n/a
182.2119140625	0.3	0.0	1	373170	n/a
182.22021484375	0.3	1.0	2	373187	n/a
182.228515625	0.3	0.0	1	373204	n/a
182.23681640625	0.3	0.0	1	373221	n/a
182.2451171875	0.3	1.0	2	373238	n/a
182.25341796875	0.3	0.0	1	373255	n/a
182.26171875	0.3	1.0	2	373272	n/a
182.27001953125	0.3	0.0	1	373289	n/a
182.2783203125	0.3	1.0	2	373306	n/a
182.28662109375	0.3	0.0	1	373323	n/a
182.294921875	0.3	1.0	2	373340	n/a
182.30322265625	0.3	0.0	1	373357	n/a
182.31201171875	0.3	1.0	2	373375	n/a
182.3203125	0.3	1.0	2	373392	n/a
182.32861328125	0.3	0.0	1	373409	n/a
182.3369140625	0.3	0.0	1	373426	n/a
182.34521484375	0.3	1.0	2	373443	n/a
182.353515625	0.3	0.0	1	373460	n/a
182.36181640625	0.3	1.0	2	373477	n/a
182.3701171875	0.3	0.0	1	373494	n/a
182.37841796875	0.3	1.0	2	373511	n/a
182.38671875	0.3	0.0	1	373528	n/a
182.39501953125	0.3	1.0	2	373545	n/a
182.4033203125	0.3	0.0	1	373562	n/a
182.41162109375	0.3	1.0	2	373579	n/a
182.419921875	0.3	0.0	1	373596	n/a
182.42822265625	0.3	1.0	2	373613	n/a
182.43701171875	0.3	0.0	1	373631	n/a
182.4453125	0.3	1.0	2	373648	n/a
182.45361328125	0.3	1.0	2	373665	n/a
182.4619140625	0.3	0.0	1	373682	n/a
182.47021484375	0.3	0.0	1	373699	n/a
182.478515625	0.3	1.0	2	373716	n/a
182.48681640625	0.3	1.0	2	373733	n/a
182.4951171875	0.3	0.0	1	373750	n/a
182.50341796875	0.3	0.0	1	373767	n/a
182.51171875	0.3	1.0	2	373784	n/a
182.52001953125	0.3	1.0	2	373801	n/a
182.5283203125	0.3	0.0	1	373818	n/a
182.53662109375	0.3	0.0	1	373835	n/a
182.544921875	0.3	1.0	2	373852	n/a
182.55322265625	0.3	0.0	1	373869	n/a
182.56201171875	0.3	1.0	2	373887	n/a
182.5703125	0.3	1.0	2	373904	n/a
182.57861328125	0.3	0.0	1	373921	n/a
182.5869140625	0.3	1.0	2	373938	n/a
182.59521484375	0.3	0.0	1	373955	n/a
182.603515625	0.3	0.0	1	373972	n/a
182.61181640625	0.3	1.0	2	373989	n/a
182.6201171875	0.3	0.0	1	374006	n/a
182.62841796875	0.3	1.0	2	374023	n/a
182.63671875	0.3	0.0	1	374040	n/a
182.64501953125	0.3	1.0	2	374057	n/a
182.6533203125	0.3	1.0	2	374074	n/a
182.66162109375	0.3	0.0	1	374091	n/a
182.669921875	0.3	0.0	1	374108	n/a
182.67822265625	0.3	1.0	2	374125	n/a
182.68701171875	0.3	1.0	2	374143	n/a
182.6953125	0.3	0.0	1	374160	n/a
182.70361328125	0.3	1.0	2	374177	n/a
182.7119140625	0.3	0.0	1	374194	n/a
182.72021484375	0.3	0.0	1	374211	n/a
182.728515625	0.3	1.0	2	374228	n/a
182.73681640625	0.3	1.0	2	374245	n/a
182.7451171875	0.3	0.0	1	374262	n/a
182.75341796875	0.3	1.0	2	374279	n/a
182.76171875	0.3	0.0	1	374296	n/a
182.77001953125	0.3	0.0	1	374313	n/a
182.7783203125	0.3	1.0	2	374330	n/a
182.78662109375	0.3	0.0	1	374347	n/a
182.794921875	0.3	1.0	2	374364	n/a
182.80322265625	0.3	0.0	1	374381	n/a
182.81201171875	0.3	1.0	2	374399	n/a
182.8203125	0.3	1.0	2	374416	n/a
182.82861328125	0.3	0.0	1	374433	n/a
182.8369140625	0.3	0.0	1	374450	n/a
182.84521484375	0.3	1.0	2	374467	n/a
182.853515625	0.3	0.0	1	374484	n/a
182.86181640625	0.3	1.0	2	374501	n/a
182.8701171875	0.3	0.0	1	374518	n/a
182.87841796875	0.3	1.0	2	374535	n/a
182.88671875	0.3	1.0	2	374552	n/a
182.89501953125	0.3	0.0	1	374569	n/a
182.9033203125	0.3	0.0	1	374586	n/a
182.91162109375	0.3	1.0	2	374603	n/a
182.919921875	0.3	1.0	2	374620	n/a
182.92822265625	0.3	0.0	1	374637	n/a
182.93701171875	0.3	0.0	1	374655	n/a
182.9453125	0.3	1.0	2	374672	n/a
182.95361328125	0.3	1.0	2	374689	n/a
182.9619140625	0.3	0.0	1	374706	n/a
182.97021484375	0.3	1.0	2	374723	n/a
182.978515625	0.3	0.0	1	374740	n/a
182.98681640625	0.3	1.0	2	374757	n/a
182.9951171875	0.3	0.0	1	374774	n/a
183.00341796875	0.3	0.0	1	374791	n/a
183.01171875	0.3	1.0	2	374808	n/a
183.02001953125	0.3	0.0	1	374825	n/a
183.0283203125	0.3	1.0	2	374842	n/a
183.03662109375	0.3	0.0	1	374859	n/a
183.044921875	0.3	1.0	2	374876	n/a
183.05322265625	0.3	0.0	1	374893	n/a
183.06201171875	0.3	1.0	2	374911	n/a
183.0703125	0.3	1.0	2	374928	n/a
183.07861328125	0.3	0.0	1	374945	n/a
183.0869140625	0.3	0.0	1	374962	n/a
183.09521484375	0.3	1.0	2	374979	n/a
183.103515625	0.3	0.0	1	374996	n/a
183.11181640625	0.3	1.0	2	375013	n/a
183.1201171875	0.3	1.0	2	375030	n/a
183.12841796875	0.3	0.0	1	375047	n/a
183.13671875	0.3	1.0	2	375064	n/a
183.14501953125	0.3	0.0	1	375081	n/a
183.1533203125	0.3	0.0	1	375098	n/a
183.16162109375	0.3	1.0	2	375115	n/a
183.169921875	0.3	0.0	1	375132	n/a
183.17822265625	0.3	1.0	2	375149	n/a
183.18701171875	0.3	0.0	1	375167	n/a
183.1953125	0.3	1.0	2	375184	n/a
183.20361328125	0.3	1.0	2	375201	n/a
183.2119140625	0.3	0.0	1	375218	n/a
183.22021484375	0.3	0.0	1	375235	n/a
183.228515625	0.3	1.0	2	375252	n/a
183.23681640625	0.3	0.0	1	375269	n/a
183.2451171875	0.3	1.0	2	375286	n/a
183.25341796875	0.3	1.0	2	375303	n/a
183.26171875	0.3	0.0	1	375320	n/a
183.27001953125	0.3	1.0	2	375337	n/a
183.2783203125	0.3	0.0	1	375354	n/a
183.28662109375	0.3	0.0	1	375371	n/a
183.294921875	0.3	1.0	2	375388	n/a
183.30322265625	0.3	0.0	1	375405	n/a
183.31201171875	0.3	1.0	2	375423	n/a
183.3203125	0.3	0.0	1	375440	n/a
183.32861328125	0.3	1.0	2	375457	n/a
183.3369140625	0.3	0.0	1	375474	n/a
183.34521484375	0.3	1.0	2	375491	n/a
183.353515625	0.3	0.0	1	375508	n/a
183.36181640625	0.3	1.0	2	375525	n/a
183.3701171875	0.3	1.0	2	375542	n/a
183.37841796875	0.3	0.0	1	375559	n/a
183.38671875	0.3	0.0	1	375576	n/a
183.39501953125	0.3	1.0	2	375593	n/a
183.4033203125	0.3	0.0	1	375610	n/a
183.41162109375	0.3	1.0	2	375627	n/a
183.419921875	0.3	0.0	1	375644	n/a
183.42822265625	0.3	1.0	2	375661	n/a
183.43701171875	0.3	0.0	1	375679	n/a
183.4453125	0.3	1.0	2	375696	n/a
183.45361328125	0.3	0.0	1	375713	n/a
183.4619140625	0.3	1.0	2	375730	n/a
183.47021484375	0.3	0.0	1	375747	n/a
183.478515625	0.3	1.0	2	375764	n/a
183.48681640625	0.3	0.0	1	375781	n/a
183.4951171875	0.3	1.0	2	375798	n/a
183.50341796875	0.3	1.0	2	375815	n/a
183.51171875	0.3	0.0	1	375832	n/a
183.52001953125	0.3	0.0	1	375849	n/a
183.5283203125	0.3	1.0	2	375866	n/a
183.53662109375	0.3	1.0	2	375883	n/a
183.544921875	0.3	0.0	1	375900	n/a
183.55322265625	0.3	0.0	1	375917	n/a
183.56201171875	0.3	1.0	2	375935	n/a
183.5703125	0.3	1.0	2	375952	n/a
183.57861328125	0.3	0.0	1	375969	n/a
183.5869140625	0.3	0.0	1	375986	n/a
183.59521484375	0.3	1.0	2	376003	n/a
183.603515625	0.3	0.0	1	376020	n/a
183.61181640625	0.3	1.0	2	376037	n/a
183.6201171875	0.3	1.0	2	376054	n/a
183.62841796875	0.3	0.0	1	376071	n/a
183.63671875	0.3	1.0	2	376088	n/a
183.64501953125	0.3	0.0	1	376105	n/a
183.6533203125	0.3	0.0	1	376122	n/a
183.66162109375	0.3	1.0	2	376139	n/a
183.669921875	0.3	0.0	1	376156	n/a
183.67822265625	0.3	1.0	2	376173	n/a
183.68701171875	0.3	0.0	1	376191	n/a
183.6953125	0.3	1.0	2	376208	n/a
183.70361328125	0.3	1.0	2	376225	n/a
183.7119140625	0.3	0.0	1	376242	n/a
183.72021484375	0.3	0.0	1	376259	n/a
183.728515625	0.3	1.0	2	376276	n/a
183.73681640625	0.3	1.0	2	376293	n/a
183.7451171875	0.3	0.0	1	376310	n/a
183.75341796875	0.3	1.0	2	376327	n/a
183.76171875	0.3	0.0	1	376344	n/a
183.77001953125	0.3	0.0	1	376361	n/a
183.7783203125	0.3	1.0	2	376378	n/a
183.78662109375	0.3	1.0	2	376395	n/a
183.794921875	0.3	0.0	1	376412	n/a
183.80322265625	0.3	1.0	2	376429	n/a
183.81201171875	0.3	0.0	1	376447	n/a
183.8203125	0.3	0.0	1	376464	n/a
183.82861328125	0.3	1.0	2	376481	n/a
183.8369140625	0.3	0.0	1	376498	n/a
183.84521484375	0.3	1.0	2	376515	n/a
183.853515625	0.3	0.0	1	376532	n/a
183.86181640625	0.3	1.0	2	376549	n/a
183.8701171875	0.3	1.0	2	376566	n/a
183.87841796875	0.3	0.0	1	376583	n/a
183.88671875	0.3	0.0	1	376600	n/a
183.89501953125	0.3	1.0	2	376617	n/a
183.9033203125	0.3	0.0	1	376634	n/a
183.91162109375	0.3	1.0	2	376651	n/a
183.919921875	0.3	0.0	1	376668	n/a
183.92822265625	0.3	1.0	2	376685	n/a
183.93701171875	0.3	1.0	2	376703	n/a
183.9453125	0.3	0.0	1	376720	n/a
183.95361328125	0.3	0.0	1	376737	n/a
183.9619140625	0.3	1.0	2	376754	n/a
183.97021484375	0.3	1.0	2	376771	n/a
183.978515625	0.3	0.0	1	376788	n/a
183.98681640625	0.3	0.0	1	376805	n/a
183.9951171875	0.3	1.0	2	376822	n/a
184.00341796875	0.3	1.0	2	376839	n/a
184.01171875	0.3	0.0	1	376856	n/a
184.02001953125	0.3	1.0	2	376873	n/a
184.0283203125	0.3	0.0	1	376890	n/a
184.03662109375	0.3	1.0	2	376907	n/a
184.044921875	0.3	0.0	1	376924	n/a
184.05322265625	0.3	0.0	1	376941	n/a
184.06201171875	0.3	1.0	2	376959	n/a
184.0703125	0.3	0.0	1	376976	n/a
184.07861328125	0.3	1.0	2	376993	n/a
184.0869140625	0.3	0.0	1	377010	n/a
184.09521484375	0.3	1.0	2	377027	n/a
184.103515625	0.3	0.0	1	377044	n/a
184.11181640625	0.3	1.0	2	377061	n/a
184.1201171875	0.3	1.0	2	377078	n/a
184.12841796875	0.3	0.0	1	377095	n/a
184.13671875	0.3	0.0	1	377112	n/a
184.14501953125	0.3	1.0	2	377129	n/a
184.1533203125	0.3	0.0	1	377146	n/a
184.16162109375	0.3	1.0	2	377163	n/a
184.169921875	0.3	1.0	2	377180	n/a
184.17822265625	0.3	0.0	1	377197	n/a
184.18701171875	0.3	1.0	2	377215	n/a
184.1953125	0.3	0.0	1	377232	n/a
184.20361328125	0.3	0.0	1	377249	n/a
184.2119140625	0.3	1.0	2	377266	n/a
184.22021484375	0.3	0.0	1	377283	n/a
184.228515625	0.3	1.0	2	377300	n/a
184.23681640625	0.3	0.0	1	377317	n/a
184.2451171875	0.3	1.0	2	377334	n/a
184.25341796875	0.3	1.0	2	377351	n/a
184.26171875	0.3	0.0	1	377368	n/a
184.27001953125	0.3	0.0	1	377385	n/a
184.2783203125	0.3	1.0	2	377402	n/a
184.28662109375	0.3	0.0	1	377419	n/a
184.294921875	0.3	1.0	2	377436	n/a
184.30322265625	0.3	1.0	2	377453	n/a
184.31201171875	0.3	0.0	1	377471	n/a
184.3203125	0.3	1.0	2	377488	n/a
184.32861328125	0.3	0.0	1	377505	n/a
184.3369140625	0.3	0.0	1	377522	n/a
184.34521484375	0.3	1.0	2	377539	n/a
184.353515625	0.3	0.0	1	377556	n/a
184.36181640625	0.3	1.0	2	377573	n/a
184.3701171875	0.3	0.0	1	377590	n/a
184.37841796875	0.3	1.0	2	377607	n/a
184.38671875	0.3	0.0	1	377624	n/a
184.39501953125	0.3	1.0	2	377641	n/a
184.4033203125	0.3	0.0	1	377658	n/a
184.41162109375	0.3	1.0	2	377675	n/a
184.419921875	0.3	1.0	2	377692	n/a
184.42822265625	0.3	0.0	1	377709	n/a
184.43701171875	0.3	0.0	1	377727	n/a
184.4453125	0.3	1.0	2	377744	n/a
184.45361328125	0.3	0.0	1	377761	n/a
184.4619140625	0.3	1.0	2	377778	n/a
184.47021484375	0.3	0.0	1	377795	n/a
184.478515625	0.3	1.0	2	377812	n/a
184.48681640625	0.3	0.0	1	377829	n/a
184.4951171875	0.3	1.0	2	377846	n/a
184.50341796875	0.3	0.0	1	377863	n/a
184.51171875	0.3	1.0	2	377880	n/a
184.52001953125	0.3	0.0	1	377897	n/a
184.5283203125	0.3	1.0	2	377914	n/a
184.53662109375	0.3	0.0	1	377931	n/a
184.544921875	0.3	1.0	2	377948	n/a
184.55322265625	0.3	1.0	2	377965	n/a
184.56201171875	0.3	0.0	1	377983	n/a
184.5703125	0.3	0.0	1	378000	n/a
184.57861328125	0.3	1.0	2	378017	n/a
184.5869140625	0.3	1.0	2	378034	n/a
184.59521484375	0.3	0.0	1	378051	n/a
184.603515625	0.3	0.0	1	378068	n/a
184.61181640625	0.3	1.0	2	378085	n/a
184.6201171875	0.3	1.0	2	378102	n/a
184.62841796875	0.3	0.0	1	378119	n/a
184.63671875	0.3	0.0	1	378136	n/a
184.64501953125	0.3	1.0	2	378153	n/a
184.6533203125	0.3	0.0	1	378170	n/a
184.66162109375	0.3	1.0	2	378187	n/a
184.669921875	0.3	1.0	2	378204	n/a
184.67822265625	0.3	0.0	1	378221	n/a
184.68701171875	0.3	1.0	2	378239	n/a
184.6953125	0.3	0.0	1	378256	n/a
184.70361328125	0.3	0.0	1	378273	n/a
184.7119140625	0.3	1.0	2	378290	n/a
184.72021484375	0.3	0.0	1	378307	n/a
184.728515625	0.3	1.0	2	378324	n/a
184.73681640625	0.3	0.0	1	378341	n/a
184.7451171875	0.3	1.0	2	378358	n/a
184.75341796875	0.3	1.0	2	378375	n/a
184.76171875	0.3	0.0	1	378392	n/a
184.77001953125	0.3	0.0	1	378409	n/a
184.7783203125	0.3	1.0	2	378426	n/a
184.78662109375	0.3	1.0	2	378443	n/a
184.794921875	0.3	0.0	1	378460	n/a
184.80322265625	0.3	1.0	2	378477	n/a
184.81201171875	0.3	0.0	1	378495	n/a
184.8203125	0.3	0.0	1	378512	n/a
184.82861328125	0.3	1.0	2	378529	n/a
184.8369140625	0.3	1.0	2	378546	n/a
184.84521484375	0.3	0.0	1	378563	n/a
184.853515625	0.3	1.0	2	378580	n/a
184.86181640625	0.3	0.0	1	378597	n/a
184.8701171875	0.3	0.0	1	378614	n/a
184.87841796875	0.3	1.0	2	378631	n/a
184.88671875	0.3	0.0	1	378648	n/a
184.89501953125	0.3	1.0	2	378665	n/a
184.9033203125	0.3	0.0	1	378682	n/a
184.91162109375	0.3	1.0	2	378699	n/a
184.919921875	0.3	1.0	2	378716	n/a
184.92822265625	0.3	0.0	1	378733	n/a
184.93701171875	0.3	0.0	1	378751	n/a
184.9453125	0.3	1.0	2	378768	n/a
184.95361328125	0.3	0.0	1	378785	n/a
184.9619140625	0.3	1.0	2	378802	n/a
184.97021484375	0.3	0.0	1	378819	n/a
184.978515625	0.3	1.0	2	378836	n/a
184.98681640625	0.3	1.0	2	378853	n/a
184.9951171875	0.3	0.0	1	378870	n/a
185.00341796875	0.3	0.0	1	378887	n/a
185.01171875	0.3	1.0	2	378904	n/a
185.02001953125	0.3	1.0	2	378921	n/a
185.0283203125	0.3	0.0	1	378938	n/a
185.03662109375	0.3	0.0	1	378955	n/a
185.044921875	0.3	1.0	2	378972	n/a
185.05322265625	0.3	1.0	2	378989	n/a
185.06201171875	0.3	0.0	1	379007	n/a
185.0703125	0.3	1.0	2	379024	n/a
185.07861328125	0.3	0.0	1	379041	n/a
185.0869140625	0.3	1.0	2	379058	n/a
185.09521484375	0.3	0.0	1	379075	n/a
185.103515625	0.3	0.0	1	379092	n/a
185.11181640625	0.3	1.0	2	379109	n/a
185.1201171875	0.3	0.0	1	379126	n/a
185.12841796875	0.3	1.0	2	379143	n/a
185.13671875	0.3	0.0	1	379160	n/a
185.14501953125	0.3	1.0	2	379177	n/a
185.1533203125	0.3	0.0	1	379194	n/a
185.16162109375	0.3	1.0	2	379211	n/a
185.169921875	0.3	1.0	2	379228	n/a
185.17822265625	0.3	0.0	1	379245	n/a
185.18701171875	0.3	0.0	1	379263	n/a
185.1953125	0.3	1.0	2	379280	n/a
185.20361328125	0.3	0.0	1	379297	n/a
185.2119140625	0.3	1.0	2	379314	n/a
185.22021484375	0.3	1.0	2	379331	n/a
185.228515625	0.3	0.0	1	379348	n/a
185.23681640625	0.3	1.0	2	379365	n/a
185.2451171875	0.3	0.0	1	379382	n/a
185.25341796875	0.3	0.0	1	379399	n/a
185.26171875	0.3	1.0	2	379416	n/a
185.27001953125	0.3	0.0	1	379433	n/a
185.2783203125	0.3	1.0	2	379450	n/a
185.28662109375	0.3	0.0	1	379467	n/a
185.294921875	0.3	1.0	2	379484	n/a
185.30322265625	0.3	1.0	2	379501	n/a
185.31201171875	0.3	0.0	1	379519	n/a
185.3203125	0.3	0.0	1	379536	n/a
185.32861328125	0.3	1.0	2	379553	n/a
185.3369140625	0.3	0.0	1	379570	n/a
185.34521484375	0.3	1.0	2	379587	n/a
185.353515625	0.3	1.0	2	379604	n/a
185.36181640625	0.3	0.0	1	379621	n/a
185.3701171875	0.3	1.0	2	379638	n/a
185.37841796875	0.3	0.0	1	379655	n/a
185.38671875	0.3	0.0	1	379672	n/a
185.39501953125	0.3	1.0	2	379689	n/a
185.4033203125	0.3	0.0	1	379706	n/a
185.41162109375	0.3	1.0	2	379723	n/a
185.419921875	0.3	0.0	1	379740	n/a
185.42822265625	0.3	1.0	2	379757	n/a
185.43701171875	0.3	0.0	1	379775	n/a
185.4453125	0.3	1.0	2	379792	n/a
185.45361328125	0.3	0.0	1	379809	n/a
185.4619140625	0.3	1.0	2	379826	n/a
185.47021484375	0.3	1.0	2	379843	n/a
185.478515625	0.3	0.0	1	379860	n/a
185.48681640625	0.3	0.0	1	379877	n/a
185.4951171875	0.3	1.0	2	379894	n/a
185.50341796875	0.3	0.0	1	379911	n/a
185.51171875	0.3	1.0	2	379928	n/a
185.52001953125	0.3	0.0	1	379945	n/a
185.5283203125	0.3	1.0	2	379962	n/a
185.53662109375	0.3	0.0	1	379979	n/a
185.544921875	0.3	1.0	2	379996	n/a
185.55322265625	0.3	0.0	1	380013	n/a
185.56201171875	0.3	1.0	2	380031	n/a
185.5703125	0.3	0.0	1	380048	n/a
185.57861328125	0.3	1.0	2	380065	n/a
185.5869140625	0.3	0.0	1	380082	n/a
185.59521484375	0.3	1.0	2	380099	n/a
185.603515625	0.3	1.0	2	380116	n/a
185.61181640625	0.3	0.0	1	380133	n/a
185.6201171875	0.3	0.0	1	380150	n/a
185.62841796875	0.3	1.0	2	380167	n/a
185.63671875	0.3	1.0	2	380184	n/a
185.64501953125	0.3	0.0	1	380201	n/a
185.6533203125	0.3	0.0	1	380218	n/a
185.66162109375	0.3	1.0	2	380235	n/a
185.669921875	0.3	1.0	2	380252	n/a
185.67822265625	0.3	0.0	1	380269	n/a
185.68701171875	0.3	0.0	1	380287	n/a
185.6953125	0.3	1.0	2	380304	n/a
185.70361328125	0.3	0.0	1	380321	n/a
185.7119140625	0.3	1.0	2	380338	n/a
185.72021484375	0.3	1.0	2	380355	n/a
185.728515625	0.3	0.0	1	380372	n/a
185.73681640625	0.3	1.0	2	380389	n/a
185.7451171875	0.3	0.0	1	380406	n/a
185.75341796875	0.3	0.0	1	380423	n/a
185.76171875	0.3	1.0	2	380440	n/a
185.77001953125	0.3	0.0	1	380457	n/a
185.7783203125	0.3	1.0	2	380474	n/a
185.78662109375	0.3	0.0	1	380491	n/a
185.794921875	0.3	1.0	2	380508	n/a
185.80322265625	0.3	1.0	2	380525	n/a
185.81201171875	0.3	0.0	1	380543	n/a
185.8203125	0.3	0.0	1	380560	n/a
185.82861328125	0.3	1.0	2	380577	n/a
185.8369140625	0.3	1.0	2	380594	n/a
185.84521484375	0.3	0.0	1	380611	n/a
185.853515625	0.3	1.0	2	380628	n/a
185.86181640625	0.3	0.0	1	380645	n/a
185.8701171875	0.3	0.0	1	380662	n/a
185.87841796875	0.3	1.0	2	380679	n/a
185.88671875	0.3	1.0	2	380696	n/a
185.89501953125	0.3	0.0	1	380713	n/a
185.9033203125	0.3	1.0	2	380730	n/a
185.91162109375	0.3	0.0	1	380747	n/a
185.919921875	0.3	0.0	1	380764	n/a
185.92822265625	0.3	1.0	2	380781	n/a
185.93701171875	0.3	0.0	1	380799	n/a
185.9453125	0.3	1.0	2	380816	n/a
185.95361328125	0.3	0.0	1	380833	n/a
185.9619140625	0.3	1.0	2	380850	n/a
185.97021484375	0.3	1.0	2	380867	n/a
185.978515625	0.3	0.0	1	380884	n/a
185.98681640625	0.3	0.0	1	380901	n/a
185.9951171875	0.3	1.0	2	380918	n/a
186.00341796875	0.3	0.0	1	380935	n/a
186.01171875	0.3	1.0	2	380952	n/a
186.02001953125	0.3	0.0	1	380969	n/a
186.0283203125	0.3	1.0	2	380986	n/a
186.03662109375	0.3	1.0	2	381003	n/a
186.044921875	0.3	0.0	1	381020	n/a
186.05322265625	0.3	0.0	1	381037	n/a
186.06201171875	0.3	1.0	2	381055	n/a
188.462890625	0.3	0.0	1	385972	10.0
188.47119140625	0.3	1.0	2	385989	n/a
188.4794921875	0.3	1.0	2	386006	n/a
188.48779296875	0.3	0.0	1	386023	n/a
188.49609375	0.3	0.0	1	386040	n/a
188.50439453125	0.3	1.0	2	386057	n/a
188.5126953125	0.3	0.0	1	386074	n/a
188.52099609375	0.3	1.0	2	386091	n/a
188.52978515625	0.3	0.0	1	386109	n/a
188.5380859375	0.3	1.0	2	386126	n/a
188.54638671875	0.3	1.0	2	386143	n/a
188.5546875	0.3	0.0	1	386160	n/a
188.56298828125	0.3	0.0	1	386177	n/a
188.5712890625	0.3	1.0	2	386194	n/a
188.57958984375	0.3	0.0	1	386211	n/a
188.587890625	0.3	1.0	2	386228	n/a
188.59619140625	0.3	1.0	2	386245	n/a
188.6044921875	0.3	0.0	1	386262	n/a
188.61279296875	0.3	1.0	2	386279	n/a
188.62109375	0.3	0.0	1	386296	n/a
188.62939453125	0.3	1.0	2	386313	n/a
188.6376953125	0.3	0.0	1	386330	n/a
188.64599609375	0.3	0.0	1	386347	n/a
188.65478515625	0.3	1.0	2	386365	n/a
188.6630859375	0.3	0.0	1	386382	n/a
188.67138671875	0.3	1.0	2	386399	n/a
188.6796875	0.3	1.0	2	386416	n/a
188.68798828125	0.3	0.0	1	386433	n/a
188.6962890625	0.3	0.0	1	386450	n/a
188.70458984375	0.3	1.0	2	386467	n/a
188.712890625	0.3	0.0	1	386484	n/a
188.72119140625	0.3	1.0	2	386501	n/a
188.7294921875	0.3	1.0	2	386518	n/a
188.73779296875	0.3	0.0	1	386535	n/a
188.74609375	0.3	0.0	1	386552	n/a
188.75439453125	0.3	1.0	2	386569	n/a
188.7626953125	0.3	0.0	1	386586	n/a
188.77099609375	0.3	1.0	2	386603	n/a
188.77978515625	0.3	0.0	1	386621	n/a
188.7880859375	0.3	1.0	2	386638	n/a
188.79638671875	0.3	0.0	1	386655	n/a
188.8046875	0.3	1.0	2	386672	n/a
188.81298828125	0.3	0.0	1	386689	n/a
188.8212890625	0.3	1.0	2	386706	n/a
188.82958984375	0.3	1.0	2	386723	n/a
188.837890625	0.3	0.0	1	386740	n/a
188.84619140625	0.3	1.0	2	386757	n/a
188.8544921875	0.3	0.0	1	386774	n/a
188.86279296875	0.3	0.0	1	386791	n/a
188.87109375	0.3	1.0	2	386808	n/a
188.87939453125	0.3	1.0	2	386825	n/a
188.8876953125	0.3	0.0	1	386842	n/a
188.89599609375	0.3	1.0	2	386859	n/a
188.90478515625	0.3	0.0	1	386877	n/a
188.9130859375	0.3	0.0	1	386894	n/a
188.92138671875	0.3	1.0	2	386911	n/a
188.9296875	0.3	0.0	1	386928	n/a
188.93798828125	0.3	1.0	2	386945	n/a
188.9462890625	0.3	1.0	2	386962	n/a
188.95458984375	0.3	0.0	1	386979	n/a
188.962890625	0.3	0.0	1	386996	n/a
188.97119140625	0.3	1.0	2	387013	n/a
188.9794921875	0.3	1.0	2	387030	n/a
188.98779296875	0.3	0.0	1	387047	n/a
188.99609375	0.3	1.0	2	387064	n/a
189.00439453125	0.3	0.0	1	387081	n/a
189.0126953125	0.3	0.0	1	387098	n/a
189.02099609375	0.3	1.0	2	387115	n/a
189.02978515625	0.3	1.0	2	387133	n/a
189.0380859375	0.3	0.0	1	387150	n/a
189.04638671875	0.3	1.0	2	387167	n/a
189.0546875	0.3	0.0	1	387184	n/a
189.06298828125	0.3	0.0	1	387201	n/a
189.0712890625	0.3	1.0	2	387218	n/a
189.07958984375	0.3	0.0	1	387235	n/a
189.087890625	0.3	1.0	2	387252	n/a
189.09619140625	0.3	1.0	2	387269	n/a
189.1044921875	0.3	0.0	1	387286	n/a
189.11279296875	0.3	1.0	2	387303	n/a
189.12109375	0.3	0.0	1	387320	n/a
189.12939453125	0.3	1.0	2	387337	n/a
189.1376953125	0.3	0.0	1	387354	n/a
189.14599609375	0.3	1.0	2	387371	n/a
189.15478515625	0.3	0.0	1	387389	n/a
189.1630859375	0.3	1.0	2	387406	n/a
189.17138671875	0.3	0.0	1	387423	n/a
189.1796875	0.3	1.0	2	387440	n/a
189.18798828125	0.3	0.0	1	387457	n/a
189.1962890625	0.3	0.0	1	387474	n/a
189.20458984375	0.3	1.0	2	387491	n/a
189.212890625	0.3	1.0	2	387508	n/a
189.22119140625	0.3	0.0	1	387525	n/a
189.2294921875	0.3	0.0	1	387542	n/a
189.23779296875	0.3	1.0	2	387559	n/a
189.24609375	0.3	1.0	2	387576	n/a
189.25439453125	0.3	0.0	1	387593	n/a
189.2626953125	0.3	1.0	2	387610	n/a
189.27099609375	0.3	0.0	1	387627	n/a
189.27978515625	0.3	1.0	2	387645	n/a
189.2880859375	0.3	0.0	1	387662	n/a
189.29638671875	0.3	1.0	2	387679	n/a
189.3046875	0.3	0.0	1	387696	n/a
189.31298828125	0.3	0.0	1	387713	n/a
189.3212890625	0.3	1.0	2	387730	n/a
189.32958984375	0.3	1.0	2	387747	n/a
189.337890625	0.3	0.0	1	387764	n/a
189.34619140625	0.3	0.0	1	387781	n/a
189.3544921875	0.3	1.0	2	387798	n/a
189.36279296875	0.3	1.0	2	387815	n/a
189.37109375	0.3	0.0	1	387832	n/a
189.37939453125	0.3	1.0	2	387849	n/a
189.3876953125	0.3	0.0	1	387866	n/a
189.39599609375	0.3	0.0	1	387883	n/a
189.40478515625	0.3	1.0	2	387901	n/a
189.4130859375	0.3	1.0	2	387918	n/a
189.42138671875	0.3	0.0	1	387935	n/a
189.4296875	0.3	0.0	1	387952	n/a
189.43798828125	0.3	1.0	2	387969	n/a
189.4462890625	0.3	0.0	1	387986	n/a
189.45458984375	0.3	1.0	2	388003	n/a
189.462890625	0.3	0.0	1	388020	n/a
189.47119140625	0.3	1.0	2	388037	n/a
189.4794921875	0.3	0.0	1	388054	n/a
189.48779296875	0.3	1.0	2	388071	n/a
189.49609375	0.3	0.0	1	388088	n/a
189.50439453125	0.3	1.0	2	388105	n/a
189.5126953125	0.3	0.0	1	388122	n/a
189.52099609375	0.3	1.0	2	388139	n/a
189.52978515625	0.3	1.0	2	388157	n/a
189.5380859375	0.3	0.0	1	388174	n/a
189.54638671875	0.3	0.0	1	388191	n/a
189.5546875	0.3	1.0	2	388208	n/a
189.56298828125	0.3	0.0	1	388225	n/a
189.5712890625	0.3	1.0	2	388242	n/a
189.57958984375	0.3	0.0	1	388259	n/a
189.587890625	0.3	1.0	2	388276	n/a
189.59619140625	0.3	1.0	2	388293	n/a
189.6044921875	0.3	0.0	1	388310	n/a
189.61279296875	0.3	0.0	1	388327	n/a
189.62109375	0.3	1.0	2	388344	n/a
189.62939453125	0.3	0.0	1	388361	n/a
189.6376953125	0.3	1.0	2	388378	n/a
189.64599609375	0.3	1.0	2	388395	n/a
189.65478515625	0.3	0.0	1	388413	n/a
189.6630859375	0.3	1.0	2	388430	n/a
189.67138671875	0.3	0.0	1	388447	n/a
189.6796875	0.3	1.0	2	388464	n/a
189.68798828125	0.3	0.0	1	388481	n/a
189.6962890625	0.3	0.0	1	388498	n/a
189.70458984375	0.3	1.0	2	388515	n/a
189.712890625	0.3	0.0	1	388532	n/a
189.72119140625	0.3	1.0	2	388549	n/a
189.7294921875	0.3	1.0	2	388566	n/a
189.73779296875	0.3	0.0	1	388583	n/a
189.74609375	0.3	0.0	1	388600	n/a
189.75439453125	0.3	1.0	2	388617	n/a
189.7626953125	0.3	0.0	1	388634	n/a
189.77099609375	0.3	1.0	2	388651	n/a
189.77978515625	0.3	1.0	2	388669	n/a
189.7880859375	0.3	0.0	1	388686	n/a
189.79638671875	0.3	0.0	1	388703	n/a
189.8046875	0.3	1.0	2	388720	n/a
189.81298828125	0.3	0.0	1	388737	n/a
189.8212890625	0.3	1.0	2	388754	n/a
189.82958984375	0.3	0.0	1	388771	n/a
189.837890625	0.3	1.0	2	388788	n/a
189.84619140625	0.3	0.0	1	388805	n/a
189.8544921875	0.3	1.0	2	388822	n/a
189.86279296875	0.3	0.0	1	388839	n/a
189.87109375	0.3	1.0	2	388856	n/a
189.87939453125	0.3	1.0	2	388873	n/a
189.8876953125	0.3	0.0	1	388890	n/a
189.89599609375	0.3	1.0	2	388907	n/a
189.90478515625	0.3	0.0	1	388925	n/a
189.9130859375	0.3	0.0	1	388942	n/a
189.92138671875	0.3	1.0	2	388959	n/a
189.9296875	0.3	1.0	2	388976	n/a
189.93798828125	0.3	0.0	1	388993	n/a
189.9462890625	0.3	1.0	2	389010	n/a
189.95458984375	0.3	0.0	1	389027	n/a
189.962890625	0.3	0.0	1	389044	n/a
189.97119140625	0.3	1.0	2	389061	n/a
189.9794921875	0.3	0.0	1	389078	n/a
189.98779296875	0.3	1.0	2	389095	n/a
189.99609375	0.3	1.0	2	389112	n/a
190.00439453125	0.3	0.0	1	389129	n/a
190.0126953125	0.3	0.0	1	389146	n/a
190.02099609375	0.3	1.0	2	389163	n/a
190.02978515625	0.3	1.0	2	389181	n/a
190.0380859375	0.3	0.0	1	389198	n/a
190.04638671875	0.3	1.0	2	389215	n/a
190.0546875	0.3	0.0	1	389232	n/a
190.06298828125	0.3	0.0	1	389249	n/a
190.0712890625	0.3	1.0	2	389266	n/a
190.07958984375	0.3	1.0	2	389283	n/a
190.087890625	0.3	0.0	1	389300	n/a
190.09619140625	0.3	1.0	2	389317	n/a
190.1044921875	0.3	0.0	1	389334	n/a
190.11279296875	0.3	0.0	1	389351	n/a
190.12109375	0.3	1.0	2	389368	n/a
190.12939453125	0.3	0.0	1	389385	n/a
190.1376953125	0.3	1.0	2	389402	n/a
190.14599609375	0.3	1.0	2	389419	n/a
190.15478515625	0.3	0.0	1	389437	n/a
190.1630859375	0.3	1.0	2	389454	n/a
190.17138671875	0.3	0.0	1	389471	n/a
190.1796875	0.3	1.0	2	389488	n/a
190.18798828125	0.3	0.0	1	389505	n/a
190.1962890625	0.3	1.0	2	389522	n/a
190.20458984375	0.3	0.0	1	389539	n/a
190.212890625	0.3	1.0	2	389556	n/a
190.22119140625	0.3	0.0	1	389573	n/a
190.2294921875	0.3	1.0	2	389590	n/a
190.23779296875	0.3	0.0	1	389607	n/a
190.24609375	0.3	0.0	1	389624	n/a
190.25439453125	0.3	1.0	2	389641	n/a
190.2626953125	0.3	1.0	2	389658	n/a
190.27099609375	0.3	0.0	1	389675	n/a
190.27978515625	0.3	0.0	1	389693	n/a
190.2880859375	0.3	1.0	2	389710	n/a
190.29638671875	0.3	1.0	2	389727	n/a
190.3046875	0.3	0.0	1	389744	n/a
190.31298828125	0.3	1.0	2	389761	n/a
190.3212890625	0.3	0.0	1	389778	n/a
190.32958984375	0.3	1.0	2	389795	n/a
190.337890625	0.3	0.0	1	389812	n/a
190.34619140625	0.3	1.0	2	389829	n/a
190.3544921875	0.3	0.0	1	389846	n/a
190.36279296875	0.3	0.0	1	389863	n/a
190.37109375	0.3	1.0	2	389880	n/a
190.37939453125	0.3	1.0	2	389897	n/a
190.3876953125	0.3	0.0	1	389914	n/a
190.39599609375	0.3	0.0	1	389931	n/a
190.40478515625	0.3	1.0	2	389949	n/a
190.4130859375	0.3	1.0	2	389966	n/a
190.42138671875	0.3	0.0	1	389983	n/a
190.4296875	0.3	1.0	2	390000	n/a
190.43798828125	0.3	0.0	1	390017	n/a
190.4462890625	0.3	0.0	1	390034	n/a
190.45458984375	0.3	1.0	2	390051	n/a
190.462890625	0.3	1.0	2	390068	n/a
190.47119140625	0.3	0.0	1	390085	n/a
190.4794921875	0.3	0.0	1	390102	n/a
190.48779296875	0.3	1.0	2	390119	n/a
190.49609375	0.3	0.0	1	390136	n/a
190.50439453125	0.3	1.0	2	390153	n/a
190.5126953125	0.3	0.0	1	390170	n/a
190.52099609375	0.3	1.0	2	390187	n/a
190.52978515625	0.3	0.0	1	390205	n/a
190.5380859375	0.3	1.0	2	390222	n/a
190.54638671875	0.3	0.0	1	390239	n/a
190.5546875	0.3	1.0	2	390256	n/a
190.56298828125	0.3	0.0	1	390273	n/a
190.5712890625	0.3	1.0	2	390290	n/a
190.57958984375	0.3	1.0	2	390307	n/a
190.587890625	0.3	0.0	1	390324	n/a
190.59619140625	0.3	0.0	1	390341	n/a
190.6044921875	0.3	1.0	2	390358	n/a
190.61279296875	0.3	0.0	1	390375	n/a
190.62109375	0.3	1.0	2	390392	n/a
190.62939453125	0.3	0.0	1	390409	n/a
190.6376953125	0.3	1.0	2	390426	n/a
190.64599609375	0.3	1.0	2	390443	n/a
190.65478515625	0.3	0.0	1	390461	n/a
190.6630859375	0.3	0.0	1	390478	n/a
190.67138671875	0.3	1.0	2	390495	n/a
190.6796875	0.3	0.0	1	390512	n/a
190.68798828125	0.3	1.0	2	390529	n/a
190.6962890625	0.3	1.0	2	390546	n/a
190.70458984375	0.3	0.0	1	390563	n/a
190.712890625	0.3	1.0	2	390580	n/a
190.72119140625	0.3	0.0	1	390597	n/a
190.7294921875	0.3	1.0	2	390614	n/a
190.73779296875	0.3	0.0	1	390631	n/a
190.74609375	0.3	0.0	1	390648	n/a
190.75439453125	0.3	1.0	2	390665	n/a
190.7626953125	0.3	0.0	1	390682	n/a
190.77099609375	0.3	1.0	2	390699	n/a
190.77978515625	0.3	1.0	2	390717	n/a
190.7880859375	0.3	0.0	1	390734	n/a
190.79638671875	0.3	0.0	1	390751	n/a
190.8046875	0.3	1.0	2	390768	n/a
190.81298828125	0.3	0.0	1	390785	n/a
190.8212890625	0.3	1.0	2	390802	n/a
190.82958984375	0.3	1.0	2	390819	n/a
190.837890625	0.3	0.0	1	390836	n/a
190.84619140625	0.3	0.0	1	390853	n/a
190.8544921875	0.3	1.0	2	390870	n/a
190.86279296875	0.3	0.0	1	390887	n/a
190.87109375	0.3	1.0	2	390904	n/a
190.87939453125	0.3	0.0	1	390921	n/a
190.8876953125	0.3	1.0	2	390938	n/a
190.89599609375	0.3	0.0	1	390955	n/a
190.90478515625	0.3	1.0	2	390973	n/a
190.9130859375	0.3	0.0	1	390990	n/a
190.92138671875	0.3	1.0	2	391007	n/a
190.9296875	0.3	1.0	2	391024	n/a
190.93798828125	0.3	0.0	1	391041	n/a
190.9462890625	0.3	1.0	2	391058	n/a
190.95458984375	0.3	0.0	1	391075	n/a
190.962890625	0.3	0.0	1	391092	n/a
190.97119140625	0.3	1.0	2	391109	n/a
190.9794921875	0.3	1.0	2	391126	n/a
190.98779296875	0.3	0.0	1	391143	n/a
190.99609375	0.3	1.0	2	391160	n/a
191.00439453125	0.3	0.0	1	391177	n/a
191.0126953125	0.3	0.0	1	391194	n/a
191.02099609375	0.3	1.0	2	391211	n/a
191.02978515625	0.3	0.0	1	391229	n/a
191.0380859375	0.3	1.0	2	391246	n/a
191.04638671875	0.3	1.0	2	391263	n/a
191.0546875	0.3	0.0	1	391280	n/a
191.06298828125	0.3	0.0	1	391297	n/a
191.0712890625	0.3	1.0	2	391314	n/a
191.07958984375	0.3	1.0	2	391331	n/a
191.087890625	0.3	0.0	1	391348	n/a
191.09619140625	0.3	1.0	2	391365	n/a
191.1044921875	0.3	0.0	1	391382	n/a
191.11279296875	0.3	0.0	1	391399	n/a
191.12109375	0.3	1.0	2	391416	n/a
191.12939453125	0.3	1.0	2	391433	n/a
191.1376953125	0.3	0.0	1	391450	n/a
191.14599609375	0.3	1.0	2	391467	n/a
191.15478515625	0.3	0.0	1	391485	n/a
191.1630859375	0.3	0.0	1	391502	n/a
191.17138671875	0.3	1.0	2	391519	n/a
191.1796875	0.3	0.0	1	391536	n/a
191.18798828125	0.3	1.0	2	391553	n/a
191.1962890625	0.3	1.0	2	391570	n/a
191.20458984375	0.3	0.0	1	391587	n/a
191.212890625	0.3	1.0	2	391604	n/a
191.22119140625	0.3	0.0	1	391621	n/a
191.2294921875	0.3	1.0	2	391638	n/a
191.23779296875	0.3	0.0	1	391655	n/a
191.24609375	0.3	1.0	2	391672	n/a
191.25439453125	0.3	0.0	1	391689	n/a
191.2626953125	0.3	1.0	2	391706	n/a
191.27099609375	0.3	0.0	1	391723	n/a
191.27978515625	0.3	1.0	2	391741	n/a
191.2880859375	0.3	0.0	1	391758	n/a
191.29638671875	0.3	0.0	1	391775	n/a
191.3046875	0.3	1.0	2	391792	n/a
191.31298828125	0.3	1.0	2	391809	n/a
191.3212890625	0.3	0.0	1	391826	n/a
191.32958984375	0.3	0.0	1	391843	n/a
191.337890625	0.3	1.0	2	391860	n/a
191.34619140625	0.3	1.0	2	391877	n/a
191.3544921875	0.3	0.0	1	391894	n/a
191.36279296875	0.3	1.0	2	391911	n/a
191.37109375	0.3	0.0	1	391928	n/a
191.37939453125	0.3	1.0	2	391945	n/a
191.3876953125	0.3	0.0	1	391962	n/a
191.39599609375	0.3	1.0	2	391979	n/a
191.40478515625	0.3	0.0	1	391997	n/a
191.4130859375	0.3	0.0	1	392014	n/a
191.42138671875	0.3	1.0	2	392031	n/a
191.4296875	0.3	1.0	2	392048	n/a
191.43798828125	0.3	0.0	1	392065	n/a
191.4462890625	0.3	0.0	1	392082	n/a
191.45458984375	0.3	1.0	2	392099	n/a
191.462890625	0.3	1.0	2	392116	n/a
191.47119140625	0.3	0.0	1	392133	n/a
191.4794921875	0.3	1.0	2	392150	n/a
191.48779296875	0.3	0.0	1	392167	n/a
191.49609375	0.3	0.0	1	392184	n/a
191.50439453125	0.3	1.0	2	392201	n/a
191.5126953125	0.3	1.0	2	392218	n/a
191.52099609375	0.3	0.0	1	392235	n/a
191.52978515625	0.3	0.0	1	392253	n/a
191.5380859375	0.3	1.0	2	392270	n/a
191.54638671875	0.3	0.0	1	392287	n/a
191.5546875	0.3	1.0	2	392304	n/a
191.56298828125	0.3	0.0	1	392321	n/a
191.5712890625	0.3	1.0	2	392338	n/a
191.57958984375	0.3	0.0	1	392355	n/a
191.587890625	0.3	1.0	2	392372	n/a
191.59619140625	0.3	0.0	1	392389	n/a
191.6044921875	0.3	1.0	2	392406	n/a
191.61279296875	0.3	0.0	1	392423	n/a
191.62109375	0.3	1.0	2	392440	n/a
191.62939453125	0.3	1.0	2	392457	n/a
191.6376953125	0.3	0.0	1	392474	n/a
191.64599609375	0.3	0.0	1	392491	n/a
191.65478515625	0.3	1.0	2	392509	n/a
191.6630859375	0.3	0.0	1	392526	n/a
191.67138671875	0.3	1.0	2	392543	n/a
191.6796875	0.3	0.0	1	392560	n/a
191.68798828125	0.3	1.0	2	392577	n/a
191.6962890625	0.3	1.0	2	392594	n/a
191.70458984375	0.3	0.0	1	392611	n/a
191.712890625	0.3	0.0	1	392628	n/a
191.72119140625	0.3	1.0	2	392645	n/a
191.7294921875	0.3	0.0	1	392662	n/a
191.73779296875	0.3	1.0	2	392679	n/a
191.74609375	0.3	1.0	2	392696	n/a
191.75439453125	0.3	0.0	1	392713	n/a
191.7626953125	0.3	1.0	2	392730	n/a
191.77099609375	0.3	0.0	1	392747	n/a
191.77978515625	0.3	1.0	2	392765	n/a
191.7880859375	0.3	0.0	1	392782	n/a
191.79638671875	0.3	0.0	1	392799	n/a
191.8046875	0.3	1.0	2	392816	n/a
191.81298828125	0.3	0.0	1	392833	n/a
191.8212890625	0.3	1.0	2	392850	n/a
191.82958984375	0.3	1.0	2	392867	n/a
191.837890625	0.3	0.0	1	392884	n/a
191.84619140625	0.3	0.0	1	392901	n/a
191.8544921875	0.3	1.0	2	392918	n/a
191.86279296875	0.3	0.0	1	392935	n/a
191.87109375	0.3	1.0	2	392952	n/a
191.87939453125	0.3	1.0	2	392969	n/a
191.8876953125	0.3	0.0	1	392986	n/a
191.89599609375	0.3	0.0	1	393003	n/a
191.90478515625	0.3	1.0	2	393021	n/a
191.9130859375	0.3	0.0	1	393038	n/a
191.92138671875	0.3	1.0	2	393055	n/a
191.9296875	0.3	0.0	1	393072	n/a
191.93798828125	0.3	1.0	2	393089	n/a
191.9462890625	0.3	0.0	1	393106	n/a
191.95458984375	0.3	1.0	2	393123	n/a
191.962890625	0.3	0.0	1	393140	n/a
191.97119140625	0.3	1.0	2	393157	n/a
191.9794921875	0.3	1.0	2	393174	n/a
191.98779296875	0.3	0.0	1	393191	n/a
191.99609375	0.3	1.0	2	393208	n/a
192.00439453125	0.3	0.0	1	393225	n/a
192.0126953125	0.3	0.0	1	393242	n/a
192.02099609375	0.3	1.0	2	393259	n/a
192.02978515625	0.3	1.0	2	393277	n/a
192.0380859375	0.3	0.0	1	393294	n/a
192.04638671875	0.3	1.0	2	393311	n/a
192.0546875	0.3	0.0	1	393328	n/a
192.06298828125	0.3	0.0	1	393345	n/a
192.0712890625	0.3	1.0	2	393362	n/a
192.07958984375	0.3	0.0	1	393379	n/a
192.087890625	0.3	1.0	2	393396	n/a
192.09619140625	0.3	1.0	2	393413	n/a
192.1044921875	0.3	0.0	1	393430	n/a
192.11279296875	0.3	0.0	1	393447	n/a
192.12109375	0.3	1.0	2	393464	n/a
192.12939453125	0.3	1.0	2	393481	n/a
192.1376953125	0.3	0.0	1	393498	n/a
192.14599609375	0.3	1.0	2	393515	n/a
192.15478515625	0.3	0.0	1	393533	n/a
192.1630859375	0.3	0.0	1	393550	n/a
192.17138671875	0.3	1.0	2	393567	n/a
192.1796875	0.3	1.0	2	393584	n/a
192.18798828125	0.3	0.0	1	393601	n/a
192.1962890625	0.3	1.0	2	393618	n/a
192.20458984375	0.3	0.0	1	393635	n/a
192.212890625	0.3	0.0	1	393652	n/a
192.22119140625	0.3	1.0	2	393669	n/a
192.2294921875	0.3	0.0	1	393686	n/a
192.23779296875	0.3	1.0	2	393703	n/a
192.24609375	0.3	1.0	2	393720	n/a
192.25439453125	0.3	0.0	1	393737	n/a
192.2626953125	0.3	1.0	2	393754	n/a
192.27099609375	0.3	0.0	1	393771	n/a
192.27978515625	0.3	1.0	2	393789	n/a
192.2880859375	0.3	0.0	1	393806	n/a
192.29638671875	0.3	1.0	2	393823	n/a
192.3046875	0.3	0.0	1	393840	n/a
192.31298828125	0.3	1.0	2	393857	n/a
192.3212890625	0.3	0.0	1	393874	n/a
192.32958984375	0.3	1.0	2	393891	n/a
192.337890625	0.3	0.0	1	393908	n/a
192.34619140625	0.3	0.0	1	393925	n/a
192.3544921875	0.3	1.0	2	393942	n/a
192.36279296875	0.3	1.0	2	393959	n/a
192.37109375	0.3	0.0	1	393976	n/a
192.37939453125	0.3	0.0	1	393993	n/a
192.3876953125	0.3	1.0	2	394010	n/a
192.39599609375	0.3	1.0	2	394027	n/a
192.40478515625	0.3	0.0	1	394045	n/a
192.4130859375	0.3	1.0	2	394062	n/a
192.42138671875	0.3	0.0	1	394079	n/a
192.4296875	0.3	1.0	2	394096	n/a
192.43798828125	0.3	0.0	1	394113	n/a
192.4462890625	0.3	1.0	2	394130	n/a
192.45458984375	0.3	0.0	1	394147	n/a
192.462890625	0.3	0.0	1	394164	n/a
192.47119140625	0.3	1.0	2	394181	n/a
192.4794921875	0.3	1.0	2	394198	n/a
192.48779296875	0.3	0.0	1	394215	n/a
192.49609375	0.3	0.0	1	394232	n/a
192.50439453125	0.3	1.0	2	394249	n/a
192.5126953125	0.3	1.0	2	394266	n/a
192.52099609375	0.3	0.0	1	394283	n/a
192.52978515625	0.3	1.0	2	394301	n/a
192.5380859375	0.3	0.0	1	394318	n/a
192.54638671875	0.3	0.0	1	394335	n/a
192.5546875	0.3	1.0	2	394352	n/a
192.56298828125	0.3	1.0	2	394369	n/a
192.5712890625	0.3	0.0	1	394386	n/a
192.57958984375	0.3	0.0	1	394403	n/a
192.587890625	0.3	1.0	2	394420	n/a
192.59619140625	0.3	0.0	1	394437	n/a
192.6044921875	0.3	1.0	2	394454	n/a
192.61279296875	0.3	0.0	1	394471	n/a
192.62109375	0.3	1.0	2	394488	n/a
192.62939453125	0.3	0.0	1	394505	n/a
192.6376953125	0.3	1.0	2	394522	n/a
192.64599609375	0.3	0.0	1	394539	n/a
192.65478515625	0.3	1.0	2	394557	n/a
195.0634765625	0.3	1.0	2	399490	0.0
195.07177734375	0.3	0.0	1	399507	n/a
195.080078125	0.3	0.0	1	399524	n/a
195.08837890625	0.3	1.0	2	399541	n/a
195.0966796875	0.3	0.0	1	399558	n/a
195.10498046875	0.3	1.0	2	399575	n/a
195.11328125	0.3	0.0	1	399592	n/a
195.12158203125	0.3	1.0	2	399609	n/a
195.13037109375	0.3	0.0	1	399627	n/a
195.138671875	0.3	1.0	2	399644	n/a
195.14697265625	0.3	0.0	1	399661	n/a
195.1552734375	0.3	1.0	2	399678	n/a
195.16357421875	0.3	0.0	1	399695	n/a
195.171875	0.3	1.0	2	399712	n/a
195.18017578125	0.3	0.0	1	399729	n/a
195.1884765625	0.3	1.0	2	399746	n/a
195.19677734375	0.3	0.0	1	399763	n/a
195.205078125	0.3	1.0	2	399780	n/a
195.21337890625	0.3	1.0	2	399797	n/a
195.2216796875	0.3	0.0	1	399814	n/a
195.22998046875	0.3	1.0	2	399831	n/a
195.23828125	0.3	0.0	1	399848	n/a
195.24658203125	0.3	0.0	1	399865	n/a
195.25537109375	0.3	1.0	2	399883	n/a
195.263671875	0.3	0.0	1	399900	n/a
195.27197265625	0.3	1.0	2	399917	n/a
195.2802734375	0.3	0.0	1	399934	n/a
195.28857421875	0.3	1.0	2	399951	n/a
195.296875	0.3	1.0	2	399968	n/a
195.30517578125	0.3	0.0	1	399985	n/a
195.3134765625	0.3	1.0	2	400002	n/a
195.32177734375	0.3	0.0	1	400019	n/a
195.330078125	0.3	1.0	2	400036	n/a
195.33837890625	0.3	0.0	1	400053	n/a
195.3466796875	0.3	0.0	1	400070	n/a
195.35498046875	0.3	1.0	2	400087	n/a
195.36328125	0.3	0.0	1	400104	n/a
195.37158203125	0.3	1.0	2	400121	n/a
195.38037109375	0.3	0.0	1	400139	n/a
195.388671875	0.3	1.0	2	400156	n/a
195.39697265625	0.3	0.0	1	400173	n/a
195.4052734375	0.3	1.0	2	400190	n/a
195.41357421875	0.3	1.0	2	400207	n/a
195.421875	0.3	0.0	1	400224	n/a
195.43017578125	0.3	1.0	2	400241	n/a
195.4384765625	0.3	0.0	1	400258	n/a
195.44677734375	0.3	0.0	1	400275	n/a
195.455078125	0.3	1.0	2	400292	n/a
195.46337890625	0.3	1.0	2	400309	n/a
195.4716796875	0.3	0.0	1	400326	n/a
195.47998046875	0.3	0.0	1	400343	n/a
195.48828125	0.3	1.0	2	400360	n/a
195.49658203125	0.3	0.0	1	400377	n/a
195.50537109375	0.3	1.0	2	400395	n/a
195.513671875	0.3	1.0	2	400412	n/a
195.52197265625	0.3	0.0	1	400429	n/a
195.5302734375	0.3	1.0	2	400446	n/a
195.53857421875	0.3	0.0	1	400463	n/a
195.546875	0.3	1.0	2	400480	n/a
195.55517578125	0.3	0.0	1	400497	n/a
195.5634765625	0.3	0.0	1	400514	n/a
195.57177734375	0.3	1.0	2	400531	n/a
195.580078125	0.3	0.0	1	400548	n/a
195.58837890625	0.3	1.0	2	400565	n/a
195.5966796875	0.3	1.0	2	400582	n/a
195.60498046875	0.3	0.0	1	400599	n/a
195.61328125	0.3	1.0	2	400616	n/a
195.62158203125	0.3	0.0	1	400633	n/a
195.63037109375	0.3	1.0	2	400651	n/a
195.638671875	0.3	0.0	1	400668	n/a
195.64697265625	0.3	0.0	1	400685	n/a
195.6552734375	0.3	1.0	2	400702	n/a
195.66357421875	0.3	0.0	1	400719	n/a
195.671875	0.3	1.0	2	400736	n/a
195.68017578125	0.3	0.0	1	400753	n/a
195.6884765625	0.3	1.0	2	400770	n/a
195.69677734375	0.3	1.0	2	400787	n/a
195.705078125	0.3	0.0	1	400804	n/a
195.71337890625	0.3	0.0	1	400821	n/a
195.7216796875	0.3	1.0	2	400838	n/a
195.72998046875	0.3	0.0	1	400855	n/a
195.73828125	0.3	1.0	2	400872	n/a
195.74658203125	0.3	1.0	2	400889	n/a
195.75537109375	0.3	0.0	1	400907	n/a
195.763671875	0.3	1.0	2	400924	n/a
195.77197265625	0.3	0.0	1	400941	n/a
195.7802734375	0.3	0.0	1	400958	n/a
195.78857421875	0.3	1.0	2	400975	n/a
195.796875	0.3	1.0	2	400992	n/a
195.80517578125	0.3	0.0	1	401009	n/a
195.8134765625	0.3	0.0	1	401026	n/a
195.82177734375	0.3	1.0	2	401043	n/a
195.830078125	0.3	1.0	2	401060	n/a
195.83837890625	0.3	0.0	1	401077	n/a
195.8466796875	0.3	1.0	2	401094	n/a
195.85498046875	0.3	0.0	1	401111	n/a
195.86328125	0.3	0.0	1	401128	n/a
195.87158203125	0.3	1.0	2	401145	n/a
195.88037109375	0.3	0.0	1	401163	n/a
195.888671875	0.3	1.0	2	401180	n/a
195.89697265625	0.3	0.0	1	401197	n/a
195.9052734375	0.3	1.0	2	401214	n/a
195.91357421875	0.3	0.0	1	401231	n/a
195.921875	0.3	1.0	2	401248	n/a
195.93017578125	0.3	0.0	1	401265	n/a
195.9384765625	0.3	1.0	2	401282	n/a
195.94677734375	0.3	0.0	1	401299	n/a
195.955078125	0.3	1.0	2	401316	n/a
195.96337890625	0.3	0.0	1	401333	n/a
195.9716796875	0.3	1.0	2	401350	n/a
195.97998046875	0.3	0.0	1	401367	n/a
195.98828125	0.3	1.0	2	401384	n/a
195.99658203125	0.3	0.0	1	401401	n/a
196.00537109375	0.3	1.0	2	401419	n/a
196.013671875	0.3	0.0	1	401436	n/a
196.02197265625	0.3	1.0	2	401453	n/a
196.0302734375	0.3	0.0	1	401470	n/a
196.03857421875	0.3	1.0	2	401487	n/a
196.046875	0.3	0.0	1	401504	n/a
196.05517578125	0.3	1.0	2	401521	n/a
196.0634765625	0.3	1.0	2	401538	n/a
196.07177734375	0.3	0.0	1	401555	n/a
196.080078125	0.3	1.0	2	401572	n/a
196.08837890625	0.3	0.0	1	401589	n/a
196.0966796875	0.3	0.0	1	401606	n/a
196.10498046875	0.3	1.0	2	401623	n/a
196.11328125	0.3	1.0	2	401640	n/a
196.12158203125	0.3	0.0	1	401657	n/a
196.13037109375	0.3	0.0	1	401675	n/a
196.138671875	0.3	1.0	2	401692	n/a
196.14697265625	0.3	0.0	1	401709	n/a
196.1552734375	0.3	1.0	2	401726	n/a
196.16357421875	0.3	0.0	1	401743	n/a
196.171875	0.3	1.0	2	401760	n/a
196.18017578125	0.3	0.0	1	401777	n/a
196.1884765625	0.3	1.0	2	401794	n/a
196.19677734375	0.3	0.0	1	401811	n/a
196.205078125	0.3	1.0	2	401828	n/a
196.21337890625	0.3	0.0	1	401845	n/a
196.2216796875	0.3	1.0	2	401862	n/a
196.22998046875	0.3	0.0	1	401879	n/a
196.23828125	0.3	1.0	2	401896	n/a
196.24658203125	0.3	0.0	1	401913	n/a
196.25537109375	0.3	1.0	2	401931	n/a
196.263671875	0.3	1.0	2	401948	n/a
196.27197265625	0.3	0.0	1	401965	n/a
196.2802734375	0.3	1.0	2	401982	n/a
196.28857421875	0.3	0.0	1	401999	n/a
196.296875	0.3	0.0	1	402016	n/a
196.30517578125	0.3	1.0	2	402033	n/a
196.3134765625	0.3	0.0	1	402050	n/a
196.32177734375	0.3	1.0	2	402067	n/a
196.330078125	0.3	0.0	1	402084	n/a
196.33837890625	0.3	1.0	2	402101	n/a
196.3466796875	0.3	1.0	2	402118	n/a
196.35498046875	0.3	0.0	1	402135	n/a
196.36328125	0.3	1.0	2	402152	n/a
196.37158203125	0.3	0.0	1	402169	n/a
196.38037109375	0.3	1.0	2	402187	n/a
196.388671875	0.3	0.0	1	402204	n/a
196.39697265625	0.3	0.0	1	402221	n/a
196.4052734375	0.3	1.0	2	402238	n/a
196.41357421875	0.3	0.0	1	402255	n/a
196.421875	0.3	1.0	2	402272	n/a
196.43017578125	0.3	0.0	1	402289	n/a
196.4384765625	0.3	1.0	2	402306	n/a
196.44677734375	0.3	0.0	1	402323	n/a
196.455078125	0.3	1.0	2	402340	n/a
196.46337890625	0.3	1.0	2	402357	n/a
196.4716796875	0.3	0.0	1	402374	n/a
196.47998046875	0.3	1.0	2	402391	n/a
196.48828125	0.3	0.0	1	402408	n/a
196.49658203125	0.3	0.0	1	402425	n/a
196.50537109375	0.3	1.0	2	402443	n/a
196.513671875	0.3	1.0	2	402460	n/a
196.52197265625	0.3	0.0	1	402477	n/a
196.5302734375	0.3	0.0	1	402494	n/a
196.53857421875	0.3	1.0	2	402511	n/a
196.546875	0.3	0.0	1	402528	n/a
196.55517578125	0.3	1.0	2	402545	n/a
196.5634765625	0.3	1.0	2	402562	n/a
196.57177734375	0.3	0.0	1	402579	n/a
196.580078125	0.3	1.0	2	402596	n/a
196.58837890625	0.3	0.0	1	402613	n/a
196.5966796875	0.3	1.0	2	402630	n/a
196.60498046875	0.3	0.0	1	402647	n/a
196.61328125	0.3	0.0	1	402664	n/a
196.62158203125	0.3	1.0	2	402681	n/a
196.63037109375	0.3	0.0	1	402699	n/a
196.638671875	0.3	1.0	2	402716	n/a
196.64697265625	0.3	1.0	2	402733	n/a
196.6552734375	0.3	0.0	1	402750	n/a
196.66357421875	0.3	1.0	2	402767	n/a
196.671875	0.3	0.0	1	402784	n/a
196.68017578125	0.3	1.0	2	402801	n/a
196.6884765625	0.3	0.0	1	402818	n/a
196.69677734375	0.3	0.0	1	402835	n/a
196.705078125	0.3	1.0	2	402852	n/a
196.71337890625	0.3	0.0	1	402869	n/a
196.7216796875	0.3	1.0	2	402886	n/a
196.72998046875	0.3	0.0	1	402903	n/a
196.73828125	0.3	1.0	2	402920	n/a
196.74658203125	0.3	1.0	2	402937	n/a
196.75537109375	0.3	0.0	1	402955	n/a
196.763671875	0.3	0.0	1	402972	n/a
196.77197265625	0.3	1.0	2	402989	n/a
196.7802734375	0.3	0.0	1	403006	n/a
196.78857421875	0.3	1.0	2	403023	n/a
196.796875	0.3	1.0	2	403040	n/a
196.80517578125	0.3	0.0	1	403057	n/a
196.8134765625	0.3	1.0	2	403074	n/a
196.82177734375	0.3	0.0	1	403091	n/a
196.830078125	0.3	0.0	1	403108	n/a
196.83837890625	0.3	1.0	2	403125	n/a
196.8466796875	0.3	1.0	2	403142	n/a
196.85498046875	0.3	0.0	1	403159	n/a
196.86328125	0.3	0.0	1	403176	n/a
196.87158203125	0.3	1.0	2	403193	n/a
196.88037109375	0.3	1.0	2	403211	n/a
196.888671875	0.3	0.0	1	403228	n/a
196.89697265625	0.3	1.0	2	403245	n/a
196.9052734375	0.3	0.0	1	403262	n/a
196.91357421875	0.3	0.0	1	403279	n/a
196.921875	0.3	1.0	2	403296	n/a
196.93017578125	0.3	0.0	1	403313	n/a
196.9384765625	0.3	1.0	2	403330	n/a
196.94677734375	0.3	0.0	1	403347	n/a
196.955078125	0.3	1.0	2	403364	n/a
196.96337890625	0.3	0.0	1	403381	n/a
196.9716796875	0.3	1.0	2	403398	n/a
196.97998046875	0.3	0.0	1	403415	n/a
196.98828125	0.3	1.0	2	403432	n/a
196.99658203125	0.3	0.0	1	403449	n/a
197.00537109375	0.3	1.0	2	403467	n/a
197.013671875	0.3	0.0	1	403484	n/a
197.02197265625	0.3	1.0	2	403501	n/a
197.0302734375	0.3	0.0	1	403518	n/a
197.03857421875	0.3	1.0	2	403535	n/a
197.046875	0.3	0.0	1	403552	n/a
197.05517578125	0.3	1.0	2	403569	n/a
197.0634765625	0.3	0.0	1	403586	n/a
197.07177734375	0.3	1.0	2	403603	n/a
197.080078125	0.3	0.0	1	403620	n/a
197.08837890625	0.3	1.0	2	403637	n/a
197.0966796875	0.3	0.0	1	403654	n/a
197.10498046875	0.3	1.0	2	403671	n/a
197.11328125	0.3	1.0	2	403688	n/a
197.12158203125	0.3	0.0	1	403705	n/a
197.13037109375	0.3	1.0	2	403723	n/a
197.138671875	0.3	0.0	1	403740	n/a
197.14697265625	0.3	0.0	1	403757	n/a
197.1552734375	0.3	1.0	2	403774	n/a
197.16357421875	0.3	1.0	2	403791	n/a
197.171875	0.3	0.0	1	403808	n/a
197.18017578125	0.3	0.0	1	403825	n/a
197.1884765625	0.3	1.0	2	403842	n/a
197.19677734375	0.3	0.0	1	403859	n/a
197.205078125	0.3	1.0	2	403876	n/a
197.21337890625	0.3	0.0	1	403893	n/a
197.2216796875	0.3	1.0	2	403910	n/a
197.22998046875	0.3	0.0	1	403927	n/a
197.23828125	0.3	1.0	2	403944	n/a
197.24658203125	0.3	0.0	1	403961	n/a
197.25537109375	0.3	1.0	2	403979	n/a
197.263671875	0.3	0.0	1	403996	n/a
197.27197265625	0.3	1.0	2	404013	n/a
197.2802734375	0.3	0.0	1	404030	n/a
197.28857421875	0.3	1.0	2	404047	n/a
197.296875	0.3	0.0	1	404064	n/a
197.30517578125	0.3	1.0	2	404081	n/a
197.3134765625	0.3	1.0	2	404098	n/a
197.32177734375	0.3	0.0	1	404115	n/a
197.330078125	0.3	1.0	2	404132	n/a
197.33837890625	0.3	0.0	1	404149	n/a
197.3466796875	0.3	0.0	1	404166	n/a
197.35498046875	0.3	1.0	2	404183	n/a
197.36328125	0.3	0.0	1	404200	n/a
197.37158203125	0.3	1.0	2	404217	n/a
197.38037109375	0.3	0.0	1	404235	n/a
197.388671875	0.3	1.0	2	404252	n/a
197.39697265625	0.3	1.0	2	404269	n/a
197.4052734375	0.3	0.0	1	404286	n/a
197.41357421875	0.3	1.0	2	404303	n/a
197.421875	0.3	0.0	1	404320	n/a
197.43017578125	0.3	1.0	2	404337	n/a
197.4384765625	0.3	0.0	1	404354	n/a
197.44677734375	0.3	0.0	1	404371	n/a
197.455078125	0.3	1.0	2	404388	n/a
197.46337890625	0.3	0.0	1	404405	n/a
197.4716796875	0.3	1.0	2	404422	n/a
197.47998046875	0.3	0.0	1	404439	n/a
197.48828125	0.3	1.0	2	404456	n/a
197.49658203125	0.3	0.0	1	404473	n/a
197.50537109375	0.3	1.0	2	404491	n/a
197.513671875	0.3	1.0	2	404508	n/a
197.52197265625	0.3	0.0	1	404525	n/a
197.5302734375	0.3	1.0	2	404542	n/a
197.53857421875	0.3	0.0	1	404559	n/a
197.546875	0.3	0.0	1	404576	n/a
197.55517578125	0.3	1.0	2	404593	n/a
197.5634765625	0.3	1.0	2	404610	n/a
197.57177734375	0.3	0.0	1	404627	n/a
197.580078125	0.3	0.0	1	404644	n/a
197.58837890625	0.3	1.0	2	404661	n/a
197.5966796875	0.3	0.0	1	404678	n/a
197.60498046875	0.3	1.0	2	404695	n/a
197.61328125	0.3	1.0	2	404712	n/a
197.62158203125	0.3	0.0	1	404729	n/a
197.63037109375	0.3	1.0	2	404747	n/a
197.638671875	0.3	0.0	1	404764	n/a
197.64697265625	0.3	1.0	2	404781	n/a
197.6552734375	0.3	0.0	1	404798	n/a
197.66357421875	0.3	0.0	1	404815	n/a
197.671875	0.3	1.0	2	404832	n/a
197.68017578125	0.3	0.0	1	404849	n/a
197.6884765625	0.3	1.0	2	404866	n/a
197.69677734375	0.3	1.0	2	404883	n/a
197.705078125	0.3	0.0	1	404900	n/a
197.71337890625	0.3	1.0	2	404917	n/a
197.7216796875	0.3	0.0	1	404934	n/a
197.72998046875	0.3	1.0	2	404951	n/a
197.73828125	0.3	0.0	1	404968	n/a
197.74658203125	0.3	0.0	1	404985	n/a
197.75537109375	0.3	1.0	2	405003	n/a
197.763671875	0.3	0.0	1	405020	n/a
197.77197265625	0.3	1.0	2	405037	n/a
197.7802734375	0.3	0.0	1	405054	n/a
197.78857421875	0.3	1.0	2	405071	n/a
197.796875	0.3	1.0	2	405088	n/a
197.80517578125	0.3	0.0	1	405105	n/a
197.8134765625	0.3	0.0	1	405122	n/a
197.82177734375	0.3	1.0	2	405139	n/a
197.830078125	0.3	0.0	1	405156	n/a
197.83837890625	0.3	1.0	2	405173	n/a
197.8466796875	0.3	1.0	2	405190	n/a
197.85498046875	0.3	0.0	1	405207	n/a
197.86328125	0.3	1.0	2	405224	n/a
197.87158203125	0.3	0.0	1	405241	n/a
197.88037109375	0.3	0.0	1	405259	n/a
197.888671875	0.3	1.0	2	405276	n/a
197.89697265625	0.3	1.0	2	405293	n/a
197.9052734375	0.3	0.0	1	405310	n/a
197.91357421875	0.3	0.0	1	405327	n/a
197.921875	0.3	1.0	2	405344	n/a
197.93017578125	0.3	1.0	2	405361	n/a
197.9384765625	0.3	0.0	1	405378	n/a
197.94677734375	0.3	1.0	2	405395	n/a
197.955078125	0.3	0.0	1	405412	n/a
197.96337890625	0.3	0.0	1	405429	n/a
197.9716796875	0.3	1.0	2	405446	n/a
197.97998046875	0.3	0.0	1	405463	n/a
197.98828125	0.3	1.0	2	405480	n/a
197.99658203125	0.3	0.0	1	405497	n/a
198.00537109375	0.3	1.0	2	405515	n/a
198.013671875	0.3	0.0	1	405532	n/a
198.02197265625	0.3	1.0	2	405549	n/a
198.0302734375	0.3	0.0	1	405566	n/a
198.03857421875	0.3	1.0	2	405583	n/a
198.046875	0.3	0.0	1	405600	n/a
198.05517578125	0.3	1.0	2	405617	n/a
198.0634765625	0.3	0.0	1	405634	n/a
198.07177734375	0.3	1.0	2	405651	n/a
198.080078125	0.3	0.0	1	405668	n/a
198.08837890625	0.3	1.0	2	405685	n/a
198.0966796875	0.3	0.0	1	405702	n/a
198.10498046875	0.3	1.0	2	405719	n/a
198.11328125	0.3	0.0	1	405736	n/a
198.12158203125	0.3	1.0	2	405753	n/a
198.13037109375	0.3	0.0	1	405771	n/a
198.138671875	0.3	1.0	2	405788	n/a
198.14697265625	0.3	0.0	1	405805	n/a
198.1552734375	0.3	1.0	2	405822	n/a
198.16357421875	0.3	1.0	2	405839	n/a
198.171875	0.3	0.0	1	405856	n/a
198.18017578125	0.3	1.0	2	405873	n/a
198.1884765625	0.3	0.0	1	405890	n/a
198.19677734375	0.3	0.0	1	405907	n/a
198.205078125	0.3	1.0	2	405924	n/a
198.21337890625	0.3	1.0	2	405941	n/a
198.2216796875	0.3	0.0	1	405958	n/a
198.22998046875	0.3	0.0	1	405975	n/a
198.23828125	0.3	1.0	2	405992	n/a
198.24658203125	0.3	0.0	1	406009	n/a
198.25537109375	0.3	1.0	2	406027	n/a
198.263671875	0.3	0.0	1	406044	n/a
198.27197265625	0.3	1.0	2	406061	n/a
198.2802734375	0.3	0.0	1	406078	n/a
198.28857421875	0.3	1.0	2	406095	n/a
198.296875	0.3	0.0	1	406112	n/a
198.30517578125	0.3	1.0	2	406129	n/a
198.3134765625	0.3	0.0	1	406146	n/a
198.32177734375	0.3	1.0	2	406163	n/a
198.330078125	0.3	0.0	1	406180	n/a
198.33837890625	0.3	1.0	2	406197	n/a
198.3466796875	0.3	0.0	1	406214	n/a
198.35498046875	0.3	1.0	2	406231	n/a
198.36328125	0.3	1.0	2	406248	n/a
198.37158203125	0.3	0.0	1	406265	n/a
198.38037109375	0.3	1.0	2	406283	n/a
198.388671875	0.3	0.0	1	406300	n/a
198.39697265625	0.3	0.0	1	406317	n/a
198.4052734375	0.3	1.0	2	406334	n/a
198.41357421875	0.3	0.0	1	406351	n/a
198.421875	0.3	1.0	2	406368	n/a
198.43017578125	0.3	0.0	1	406385	n/a
198.4384765625	0.3	1.0	2	406402	n/a
198.44677734375	0.3	1.0	2	406419	n/a
198.455078125	0.3	0.0	1	406436	n/a
198.46337890625	0.3	1.0	2	406453	n/a
198.4716796875	0.3	0.0	1	406470	n/a
198.47998046875	0.3	1.0	2	406487	n/a
198.48828125	0.3	0.0	1	406504	n/a
198.49658203125	0.3	0.0	1	406521	n/a
198.50537109375	0.3	1.0	2	406539	n/a
198.513671875	0.3	0.0	1	406556	n/a
198.52197265625	0.3	1.0	2	406573	n/a
198.5302734375	0.3	0.0	1	406590	n/a
198.53857421875	0.3	1.0	2	406607	n/a
198.546875	0.3	0.0	1	406624	n/a
198.55517578125	0.3	1.0	2	406641	n/a
198.5634765625	0.3	1.0	2	406658	n/a
198.57177734375	0.3	0.0	1	406675	n/a
198.580078125	0.3	1.0	2	406692	n/a
198.58837890625	0.3	0.0	1	406709	n/a
198.5966796875	0.3	0.0	1	406726	n/a
198.60498046875	0.3	1.0	2	406743	n/a
198.61328125	0.3	1.0	2	406760	n/a
198.62158203125	0.3	0.0	1	406777	n/a
198.63037109375	0.3	0.0	1	406795	n/a
198.638671875	0.3	1.0	2	406812	n/a
198.64697265625	0.3	0.0	1	406829	n/a
198.6552734375	0.3	1.0	2	406846	n/a
198.66357421875	0.3	1.0	2	406863	n/a
198.671875	0.3	0.0	1	406880	n/a
198.68017578125	0.3	1.0	2	406897	n/a
198.6884765625	0.3	0.0	1	406914	n/a
198.69677734375	0.3	1.0	2	406931	n/a
198.705078125	0.3	0.0	1	406948	n/a
198.71337890625	0.3	0.0	1	406965	n/a
198.7216796875	0.3	1.0	2	406982	n/a
198.72998046875	0.3	0.0	1	406999	n/a
198.73828125	0.3	1.0	2	407016	n/a
198.74658203125	0.3	1.0	2	407033	n/a
198.75537109375	0.3	0.0	1	407051	n/a
198.763671875	0.3	1.0	2	407068	n/a
198.77197265625	0.3	0.0	1	407085	n/a
198.7802734375	0.3	1.0	2	407102	n/a
198.78857421875	0.3	0.0	1	407119	n/a
198.796875	0.3	0.0	1	407136	n/a
198.80517578125	0.3	1.0	2	407153	n/a
198.8134765625	0.3	0.0	1	407170	n/a
198.82177734375	0.3	1.0	2	407187	n/a
198.830078125	0.3	0.0	1	407204	n/a
198.83837890625	0.3	1.0	2	407221	n/a
198.8466796875	0.3	1.0	2	407238	n/a
198.85498046875	0.3	0.0	1	407255	n/a
198.86328125	0.3	0.0	1	407272	n/a
198.87158203125	0.3	1.0	2	407289	n/a
198.88037109375	0.3	0.0	1	407307	n/a
198.888671875	0.3	1.0	2	407324	n/a
198.89697265625	0.3	1.0	2	407341	n/a
198.9052734375	0.3	0.0	1	407358	n/a
198.91357421875	0.3	1.0	2	407375	n/a
198.921875	0.3	0.0	1	407392	n/a
198.93017578125	0.3	0.0	1	407409	n/a
198.9384765625	0.3	1.0	2	407426	n/a
198.94677734375	0.3	1.0	2	407443	n/a
198.955078125	0.3	0.0	1	407460	n/a
198.96337890625	0.3	0.0	1	407477	n/a
198.9716796875	0.3	1.0	2	407494	n/a
198.97998046875	0.3	1.0	2	407511	n/a
198.98828125	0.3	0.0	1	407528	n/a
198.99658203125	0.3	1.0	2	407545	n/a
199.00537109375	0.3	0.0	1	407563	n/a
199.013671875	0.3	0.0	1	407580	n/a
199.02197265625	0.3	1.0	2	407597	n/a
199.0302734375	0.3	0.0	1	407614	n/a
199.03857421875	0.3	1.0	2	407631	n/a
199.046875	0.3	0.0	1	407648	n/a
199.05517578125	0.3	1.0	2	407665	n/a
199.0634765625	0.3	0.0	1	407682	n/a
199.07177734375	0.3	1.0	2	407699	n/a
199.080078125	0.3	0.0	1	407716	n/a
199.08837890625	0.3	1.0	2	407733	n/a
199.0966796875	0.3	0.0	1	407750	n/a
199.10498046875	0.3	1.0	2	407767	n/a
199.11328125	0.3	0.0	1	407784	n/a
199.12158203125	0.3	1.0	2	407801	n/a
199.13037109375	0.3	0.0	1	407819	n/a
199.138671875	0.3	1.0	2	407836	n/a
199.14697265625	0.3	0.0	1	407853	n/a
199.1552734375	0.3	1.0	2	407870	n/a
199.16357421875	0.3	0.0	1	407887	n/a
199.171875	0.3	1.0	2	407904	n/a
199.18017578125	0.3	0.0	1	407921	n/a
199.1884765625	0.3	1.0	2	407938	n/a
199.19677734375	0.3	0.0	1	407955	n/a
199.205078125	0.3	1.0	2	407972	n/a
199.21337890625	0.3	1.0	2	407989	n/a
199.2216796875	0.3	0.0	1	408006	n/a
199.22998046875	0.3	1.0	2	408023	n/a
199.23828125	0.3	0.0	1	408040	n/a
199.24658203125	0.3	0.0	1	408057	n/a
199.25537109375	0.3	1.0	2	408075	n/a
201.6640625	0.3	1.0	2	413008	30.0
201.67236328125	0.3	0.0	1	413025	n/a
201.6806640625	0.3	1.0	2	413042	n/a
201.68896484375	0.3	0.0	1	413059	n/a
201.697265625	0.3	0.0	1	413076	n/a
201.70556640625	0.3	1.0	2	413093	n/a
201.7138671875	0.3	1.0	2	413110	n/a
201.72216796875	0.3	0.0	1	413127	n/a
201.73095703125	0.3	0.0	1	413145	n/a
201.7392578125	0.3	1.0	2	413162	n/a
201.74755859375	0.3	0.0	1	413179	n/a
201.755859375	0.3	1.0	2	413196	n/a
201.76416015625	0.3	0.0	1	413213	n/a
201.7724609375	0.3	1.0	2	413230	n/a
201.78076171875	0.3	1.0	2	413247	n/a
201.7890625	0.3	0.0	1	413264	n/a
201.79736328125	0.3	1.0	2	413281	n/a
201.8056640625	0.3	0.0	1	413298	n/a
201.81396484375	0.3	1.0	2	413315	n/a
201.822265625	0.3	0.0	1	413332	n/a
201.83056640625	0.3	1.0	2	413349	n/a
201.8388671875	0.3	0.0	1	413366	n/a
201.84716796875	0.3	1.0	2	413383	n/a
201.85595703125	0.3	0.0	1	413401	n/a
201.8642578125	0.3	1.0	2	413418	n/a
201.87255859375	0.3	0.0	1	413435	n/a
201.880859375	0.3	1.0	2	413452	n/a
201.88916015625	0.3	0.0	1	413469	n/a
201.8974609375	0.3	0.0	1	413486	n/a
201.90576171875	0.3	1.0	2	413503	n/a
201.9140625	0.3	1.0	2	413520	n/a
201.92236328125	0.3	0.0	1	413537	n/a
201.9306640625	0.3	0.0	1	413554	n/a
201.93896484375	0.3	1.0	2	413571	n/a
201.947265625	0.3	1.0	2	413588	n/a
201.95556640625	0.3	0.0	1	413605	n/a
201.9638671875	0.3	1.0	2	413622	n/a
201.97216796875	0.3	0.0	1	413639	n/a
201.98095703125	0.3	0.0	1	413657	n/a
201.9892578125	0.3	1.0	2	413674	n/a
201.99755859375	0.3	1.0	2	413691	n/a
202.005859375	0.3	0.0	1	413708	n/a
202.01416015625	0.3	1.0	2	413725	n/a
202.0224609375	0.3	0.0	1	413742	n/a
202.03076171875	0.3	0.0	1	413759	n/a
202.0390625	0.3	1.0	2	413776	n/a
202.04736328125	0.3	1.0	2	413793	n/a
202.0556640625	0.3	0.0	1	413810	n/a
202.06396484375	0.3	1.0	2	413827	n/a
202.072265625	0.3	0.0	1	413844	n/a
202.08056640625	0.3	1.0	2	413861	n/a
202.0888671875	0.3	0.0	1	413878	n/a
202.09716796875	0.3	0.0	1	413895	n/a
202.10595703125	0.3	1.0	2	413913	n/a
202.1142578125	0.3	1.0	2	413930	n/a
202.12255859375	0.3	0.0	1	413947	n/a
202.130859375	0.3	0.0	1	413964	n/a
202.13916015625	0.3	1.0	2	413981	n/a
202.1474609375	0.3	0.0	1	413998	n/a
202.15576171875	0.3	1.0	2	414015	n/a
202.1640625	0.3	0.0	1	414032	n/a
202.17236328125	0.3	1.0	2	414049	n/a
202.1806640625	0.3	1.0	2	414066	n/a
202.18896484375	0.3	0.0	1	414083	n/a
202.197265625	0.3	0.0	1	414100	n/a
202.20556640625	0.3	1.0	2	414117	n/a
202.2138671875	0.3	1.0	2	414134	n/a
202.22216796875	0.3	0.0	1	414151	n/a
202.23095703125	0.3	1.0	2	414169	n/a
202.2392578125	0.3	0.0	1	414186	n/a
202.24755859375	0.3	0.0	1	414203	n/a
202.255859375	0.3	1.0	2	414220	n/a
202.26416015625	0.3	1.0	2	414237	n/a
202.2724609375	0.3	0.0	1	414254	n/a
202.28076171875	0.3	0.0	1	414271	n/a
202.2890625	0.3	1.0	2	414288	n/a
202.29736328125	0.3	1.0	2	414305	n/a
202.3056640625	0.3	0.0	1	414322	n/a
202.31396484375	0.3	1.0	2	414339	n/a
202.322265625	0.3	0.0	1	414356	n/a
202.33056640625	0.3	0.0	1	414373	n/a
202.3388671875	0.3	1.0	2	414390	n/a
202.34716796875	0.3	1.0	2	414407	n/a
202.35595703125	0.3	0.0	1	414425	n/a
202.3642578125	0.3	1.0	2	414442	n/a
202.37255859375	0.3	0.0	1	414459	n/a
202.380859375	0.3	0.0	1	414476	n/a
202.38916015625	0.3	1.0	2	414493	n/a
202.3974609375	0.3	0.0	1	414510	n/a
202.40576171875	0.3	1.0	2	414527	n/a
202.4140625	0.3	1.0	2	414544	n/a
202.42236328125	0.3	0.0	1	414561	n/a
202.4306640625	0.3	0.0	1	414578	n/a
202.43896484375	0.3	1.0	2	414595	n/a
202.447265625	0.3	1.0	2	414612	n/a
202.45556640625	0.3	0.0	1	414629	n/a
202.4638671875	0.3	0.0	1	414646	n/a
202.47216796875	0.3	1.0	2	414663	n/a
202.48095703125	0.3	0.0	1	414681	n/a
202.4892578125	0.3	1.0	2	414698	n/a
202.49755859375	0.3	0.0	1	414715	n/a
202.505859375	0.3	1.0	2	414732	n/a
202.51416015625	0.3	0.0	1	414749	n/a
202.5224609375	0.3	1.0	2	414766	n/a
202.53076171875	0.3	1.0	2	414783	n/a
202.5390625	0.3	0.0	1	414800	n/a
202.54736328125	0.3	0.0	1	414817	n/a
202.5556640625	0.3	1.0	2	414834	n/a
202.56396484375	0.3	1.0	2	414851	n/a
202.572265625	0.3	0.0	1	414868	n/a
202.58056640625	0.3	1.0	2	414885	n/a
202.5888671875	0.3	0.0	1	414902	n/a
202.59716796875	0.3	1.0	2	414919	n/a
202.60595703125	0.3	0.0	1	414937	n/a
202.6142578125	0.3	1.0	2	414954	n/a
202.62255859375	0.3	0.0	1	414971	n/a
202.630859375	0.3	1.0	2	414988	n/a
202.63916015625	0.3	0.0	1	415005	n/a
202.6474609375	0.3	1.0	2	415022	n/a
202.65576171875	0.3	0.0	1	415039	n/a
202.6640625	0.3	1.0	2	415056	n/a
202.67236328125	0.3	0.0	1	415073	n/a
202.6806640625	0.3	1.0	2	415090	n/a
202.68896484375	0.3	0.0	1	415107	n/a
202.697265625	0.3	1.0	2	415124	n/a
202.70556640625	0.3	0.0	1	415141	n/a
202.7138671875	0.3	1.0	2	415158	n/a
202.72216796875	0.3	0.0	1	415175	n/a
202.73095703125	0.3	1.0	2	415193	n/a
202.7392578125	0.3	0.0	1	415210	n/a
202.74755859375	0.3	0.0	1	415227	n/a
202.755859375	0.3	1.0	2	415244	n/a
202.76416015625	0.3	1.0	2	415261	n/a
202.7724609375	0.3	0.0	1	415278	n/a
202.78076171875	0.3	0.0	1	415295	n/a
202.7890625	0.3	1.0	2	415312	n/a
202.79736328125	0.3	0.0	1	415329	n/a
202.8056640625	0.3	1.0	2	415346	n/a
202.81396484375	0.3	0.0	1	415363	n/a
202.822265625	0.3	1.0	2	415380	n/a
202.83056640625	0.3	1.0	2	415397	n/a
202.8388671875	0.3	0.0	1	415414	n/a
202.84716796875	0.3	1.0	2	415431	n/a
202.85595703125	0.3	0.0	1	415449	n/a
202.8642578125	0.3	1.0	2	415466	n/a
202.87255859375	0.3	0.0	1	415483	n/a
202.880859375	0.3	1.0	2	415500	n/a
202.88916015625	0.3	0.0	1	415517	n/a
202.8974609375	0.3	1.0	2	415534	n/a
202.90576171875	0.3	0.0	1	415551	n/a
202.9140625	0.3	1.0	2	415568	n/a
202.92236328125	0.3	0.0	1	415585	n/a
202.9306640625	0.3	1.0	2	415602	n/a
202.93896484375	0.3	0.0	1	415619	n/a
202.947265625	0.3	0.0	1	415636	n/a
202.95556640625	0.3	1.0	2	415653	n/a
202.9638671875	0.3	1.0	2	415670	n/a
202.97216796875	0.3	0.0	1	415687	n/a
202.98095703125	0.3	0.0	1	415705	n/a
202.9892578125	0.3	1.0	2	415722	n/a
202.99755859375	0.3	1.0	2	415739	n/a
203.005859375	0.3	0.0	1	415756	n/a
203.01416015625	0.3	1.0	2	415773	n/a
203.0224609375	0.3	0.0	1	415790	n/a
203.03076171875	0.3	0.0	1	415807	n/a
203.0390625	0.3	1.0	2	415824	n/a
203.04736328125	0.3	1.0	2	415841	n/a
203.0556640625	0.3	0.0	1	415858	n/a
203.06396484375	0.3	1.0	2	415875	n/a
203.072265625	0.3	0.0	1	415892	n/a
203.08056640625	0.3	0.0	1	415909	n/a
203.0888671875	0.3	1.0	2	415926	n/a
203.09716796875	0.3	1.0	2	415943	n/a
203.10595703125	0.3	0.0	1	415961	n/a
203.1142578125	0.3	1.0	2	415978	n/a
203.12255859375	0.3	0.0	1	415995	n/a
203.130859375	0.3	1.0	2	416012	n/a
203.13916015625	0.3	0.0	1	416029	n/a
203.1474609375	0.3	0.0	1	416046	n/a
203.15576171875	0.3	1.0	2	416063	n/a
203.1640625	0.3	1.0	2	416080	n/a
203.17236328125	0.3	0.0	1	416097	n/a
203.1806640625	0.3	0.0	1	416114	n/a
203.18896484375	0.3	1.0	2	416131	n/a
203.197265625	0.3	0.0	1	416148	n/a
203.20556640625	0.3	1.0	2	416165	n/a
203.2138671875	0.3	0.0	1	416182	n/a
203.22216796875	0.3	1.0	2	416199	n/a
203.23095703125	0.3	1.0	2	416217	n/a
203.2392578125	0.3	0.0	1	416234	n/a
203.24755859375	0.3	0.0	1	416251	n/a
203.255859375	0.3	1.0	2	416268	n/a
203.26416015625	0.3	1.0	2	416285	n/a
203.2724609375	0.3	0.0	1	416302	n/a
203.28076171875	0.3	1.0	2	416319	n/a
203.2890625	0.3	0.0	1	416336	n/a
203.29736328125	0.3	0.0	1	416353	n/a
203.3056640625	0.3	1.0	2	416370	n/a
203.31396484375	0.3	1.0	2	416387	n/a
203.322265625	0.3	0.0	1	416404	n/a
203.33056640625	0.3	0.0	1	416421	n/a
203.3388671875	0.3	1.0	2	416438	n/a
203.34716796875	0.3	1.0	2	416455	n/a
203.35595703125	0.3	0.0	1	416473	n/a
203.3642578125	0.3	1.0	2	416490	n/a
203.37255859375	0.3	0.0	1	416507	n/a
203.380859375	0.3	0.0	1	416524	n/a
203.38916015625	0.3	1.0	2	416541	n/a
203.3974609375	0.3	1.0	2	416558	n/a
203.40576171875	0.3	0.0	1	416575	n/a
203.4140625	0.3	1.0	2	416592	n/a
203.42236328125	0.3	0.0	1	416609	n/a
203.4306640625	0.3	0.0	1	416626	n/a
203.43896484375	0.3	1.0	2	416643	n/a
203.447265625	0.3	0.0	1	416660	n/a
203.45556640625	0.3	1.0	2	416677	n/a
203.4638671875	0.3	1.0	2	416694	n/a
203.47216796875	0.3	0.0	1	416711	n/a
203.48095703125	0.3	0.0	1	416729	n/a
203.4892578125	0.3	1.0	2	416746	n/a
203.49755859375	0.3	1.0	2	416763	n/a
203.505859375	0.3	0.0	1	416780	n/a
203.51416015625	0.3	0.0	1	416797	n/a
203.5224609375	0.3	1.0	2	416814	n/a
203.53076171875	0.3	0.0	1	416831	n/a
203.5390625	0.3	1.0	2	416848	n/a
203.54736328125	0.3	0.0	1	416865	n/a
203.5556640625	0.3	1.0	2	416882	n/a
203.56396484375	0.3	0.0	1	416899	n/a
203.572265625	0.3	1.0	2	416916	n/a
203.58056640625	0.3	1.0	2	416933	n/a
203.5888671875	0.3	0.0	1	416950	n/a
203.59716796875	0.3	0.0	1	416967	n/a
203.60595703125	0.3	1.0	2	416985	n/a
203.6142578125	0.3	1.0	2	417002	n/a
203.62255859375	0.3	0.0	1	417019	n/a
203.630859375	0.3	1.0	2	417036	n/a
203.63916015625	0.3	0.0	1	417053	n/a
203.6474609375	0.3	1.0	2	417070	n/a
203.65576171875	0.3	0.0	1	417087	n/a
203.6640625	0.3	1.0	2	417104	n/a
203.67236328125	0.3	0.0	1	417121	n/a
203.6806640625	0.3	1.0	2	417138	n/a
203.68896484375	0.3	0.0	1	417155	n/a
203.697265625	0.3	1.0	2	417172	n/a
203.70556640625	0.3	0.0	1	417189	n/a
203.7138671875	0.3	1.0	2	417206	n/a
203.72216796875	0.3	0.0	1	417223	n/a
203.73095703125	0.3	1.0	2	417241	n/a
203.7392578125	0.3	0.0	1	417258	n/a
203.74755859375	0.3	1.0	2	417275	n/a
203.755859375	0.3	0.0	1	417292	n/a
203.76416015625	0.3	1.0	2	417309	n/a
203.7724609375	0.3	0.0	1	417326	n/a
203.78076171875	0.3	1.0	2	417343	n/a
203.7890625	0.3	0.0	1	417360	n/a
203.79736328125	0.3	0.0	1	417377	n/a
203.8056640625	0.3	1.0	2	417394	n/a
203.81396484375	0.3	1.0	2	417411	n/a
203.822265625	0.3	0.0	1	417428	n/a
203.83056640625	0.3	0.0	1	417445	n/a
203.8388671875	0.3	1.0	2	417462	n/a
203.84716796875	0.3	0.0	1	417479	n/a
203.85595703125	0.3	1.0	2	417497	n/a
203.8642578125	0.3	0.0	1	417514	n/a
203.87255859375	0.3	1.0	2	417531	n/a
203.880859375	0.3	1.0	2	417548	n/a
203.88916015625	0.3	0.0	1	417565	n/a
203.8974609375	0.3	1.0	2	417582	n/a
203.90576171875	0.3	0.0	1	417599	n/a
203.9140625	0.3	1.0	2	417616	n/a
203.92236328125	0.3	0.0	1	417633	n/a
203.9306640625	0.3	1.0	2	417650	n/a
203.93896484375	0.3	0.0	1	417667	n/a
203.947265625	0.3	1.0	2	417684	n/a
203.95556640625	0.3	0.0	1	417701	n/a
203.9638671875	0.3	1.0	2	417718	n/a
203.97216796875	0.3	0.0	1	417735	n/a
203.98095703125	0.3	1.0	2	417753	n/a
203.9892578125	0.3	0.0	1	417770	n/a
203.99755859375	0.3	0.0	1	417787	n/a
204.005859375	0.3	1.0	2	417804	n/a
204.01416015625	0.3	1.0	2	417821	n/a
204.0224609375	0.3	0.0	1	417838	n/a
204.03076171875	0.3	0.0	1	417855	n/a
204.0390625	0.3	1.0	2	417872	n/a
204.04736328125	0.3	1.0	2	417889	n/a
204.0556640625	0.3	0.0	1	417906	n/a
204.06396484375	0.3	1.0	2	417923	n/a
204.072265625	0.3	0.0	1	417940	n/a
204.08056640625	0.3	0.0	1	417957	n/a
204.0888671875	0.3	1.0	2	417974	n/a
204.09716796875	0.3	1.0	2	417991	n/a
204.10595703125	0.3	0.0	1	418009	n/a
204.1142578125	0.3	1.0	2	418026	n/a
204.12255859375	0.3	0.0	1	418043	n/a
204.130859375	0.3	0.0	1	418060	n/a
204.13916015625	0.3	1.0	2	418077	n/a
204.1474609375	0.3	1.0	2	418094	n/a
204.15576171875	0.3	0.0	1	418111	n/a
204.1640625	0.3	1.0	2	418128	n/a
204.17236328125	0.3	0.0	1	418145	n/a
204.1806640625	0.3	1.0	2	418162	n/a
204.18896484375	0.3	0.0	1	418179	n/a
204.197265625	0.3	0.0	1	418196	n/a
204.20556640625	0.3	1.0	2	418213	n/a
204.2138671875	0.3	1.0	2	418230	n/a
204.22216796875	0.3	0.0	1	418247	n/a
204.23095703125	0.3	0.0	1	418265	n/a
204.2392578125	0.3	1.0	2	418282	n/a
204.24755859375	0.3	0.0	1	418299	n/a
204.255859375	0.3	1.0	2	418316	n/a
204.26416015625	0.3	0.0	1	418333	n/a
204.2724609375	0.3	1.0	2	418350	n/a
204.28076171875	0.3	1.0	2	418367	n/a
204.2890625	0.3	0.0	1	418384	n/a
204.29736328125	0.3	0.0	1	418401	n/a
204.3056640625	0.3	1.0	2	418418	n/a
204.31396484375	0.3	1.0	2	418435	n/a
204.322265625	0.3	0.0	1	418452	n/a
204.33056640625	0.3	1.0	2	418469	n/a
204.3388671875	0.3	0.0	1	418486	n/a
204.34716796875	0.3	0.0	1	418503	n/a
204.35595703125	0.3	1.0	2	418521	n/a
204.3642578125	0.3	1.0	2	418538	n/a
204.37255859375	0.3	0.0	1	418555	n/a
204.380859375	0.3	0.0	1	418572	n/a
204.38916015625	0.3	1.0	2	418589	n/a
204.3974609375	0.3	1.0	2	418606	n/a
204.40576171875	0.3	0.0	1	418623	n/a
204.4140625	0.3	1.0	2	418640	n/a
204.42236328125	0.3	0.0	1	418657	n/a
204.4306640625	0.3	0.0	1	418674	n/a
204.43896484375	0.3	1.0	2	418691	n/a
204.447265625	0.3	1.0	2	418708	n/a
204.45556640625	0.3	0.0	1	418725	n/a
204.4638671875	0.3	1.0	2	418742	n/a
204.47216796875	0.3	0.0	1	418759	n/a
204.48095703125	0.3	0.0	1	418777	n/a
204.4892578125	0.3	1.0	2	418794	n/a
204.49755859375	0.3	0.0	1	418811	n/a
204.505859375	0.3	1.0	2	418828	n/a
204.51416015625	0.3	1.0	2	418845	n/a
204.5224609375	0.3	0.0	1	418862	n/a
204.53076171875	0.3	0.0	1	418879	n/a
204.5390625	0.3	1.0	2	418896	n/a
204.54736328125	0.3	1.0	2	418913	n/a
204.5556640625	0.3	0.0	1	418930	n/a
204.56396484375	0.3	0.0	1	418947	n/a
204.572265625	0.3	1.0	2	418964	n/a
204.58056640625	0.3	0.0	1	418981	n/a
204.5888671875	0.3	1.0	2	418998	n/a
204.59716796875	0.3	0.0	1	419015	n/a
204.60595703125	0.3	1.0	2	419033	n/a
204.6142578125	0.3	0.0	1	419050	n/a
204.62255859375	0.3	1.0	2	419067	n/a
204.630859375	0.3	1.0	2	419084	n/a
204.63916015625	0.3	0.0	1	419101	n/a
204.6474609375	0.3	0.0	1	419118	n/a
204.65576171875	0.3	1.0	2	419135	n/a
204.6640625	0.3	1.0	2	419152	n/a
204.67236328125	0.3	0.0	1	419169	n/a
204.6806640625	0.3	1.0	2	419186	n/a
204.68896484375	0.3	0.0	1	419203	n/a
204.697265625	0.3	1.0	2	419220	n/a
204.70556640625	0.3	0.0	1	419237	n/a
204.7138671875	0.3	1.0	2	419254	n/a
204.72216796875	0.3	0.0	1	419271	n/a
204.73095703125	0.3	1.0	2	419289	n/a
204.7392578125	0.3	0.0	1	419306	n/a
204.74755859375	0.3	1.0	2	419323	n/a
204.755859375	0.3	0.0	1	419340	n/a
204.76416015625	0.3	1.0	2	419357	n/a
204.7724609375	0.3	0.0	1	419374	n/a
204.78076171875	0.3	1.0	2	419391	n/a
204.7890625	0.3	0.0	1	419408	n/a
204.79736328125	0.3	1.0	2	419425	n/a
204.8056640625	0.3	0.0	1	419442	n/a
204.81396484375	0.3	1.0	2	419459	n/a
204.822265625	0.3	0.0	1	419476	n/a
204.83056640625	0.3	1.0	2	419493	n/a
204.8388671875	0.3	0.0	1	419510	n/a
204.84716796875	0.3	0.0	1	419527	n/a
204.85595703125	0.3	1.0	2	419545	n/a
204.8642578125	0.3	1.0	2	419562	n/a
204.87255859375	0.3	0.0	1	419579	n/a
204.880859375	0.3	0.0	1	419596	n/a
204.88916015625	0.3	1.0	2	419613	n/a
204.8974609375	0.3	0.0	1	419630	n/a
204.90576171875	0.3	1.0	2	419647	n/a
204.9140625	0.3	0.0	1	419664	n/a
204.92236328125	0.3	1.0	2	419681	n/a
204.9306640625	0.3	1.0	2	419698	n/a
204.93896484375	0.3	0.0	1	419715	n/a
204.947265625	0.3	1.0	2	419732	n/a
204.95556640625	0.3	0.0	1	419749	n/a
204.9638671875	0.3	1.0	2	419766	n/a
204.97216796875	0.3	0.0	1	419783	n/a
204.98095703125	0.3	1.0	2	419801	n/a
204.9892578125	0.3	0.0	1	419818	n/a
204.99755859375	0.3	1.0	2	419835	n/a
205.005859375	0.3	0.0	1	419852	n/a
205.01416015625	0.3	1.0	2	419869	n/a
205.0224609375	0.3	0.0	1	419886	n/a
205.03076171875	0.3	1.0	2	419903	n/a
205.0390625	0.3	0.0	1	419920	n/a
205.04736328125	0.3	0.0	1	419937	n/a
205.0556640625	0.3	1.0	2	419954	n/a
205.06396484375	0.3	1.0	2	419971	n/a
205.072265625	0.3	0.0	1	419988	n/a
205.08056640625	0.3	0.0	1	420005	n/a
205.0888671875	0.3	1.0	2	420022	n/a
205.09716796875	0.3	1.0	2	420039	n/a
205.10595703125	0.3	0.0	1	420057	n/a
205.1142578125	0.3	1.0	2	420074	n/a
205.12255859375	0.3	0.0	1	420091	n/a
205.130859375	0.3	0.0	1	420108	n/a
205.13916015625	0.3	1.0	2	420125	n/a
205.1474609375	0.3	1.0	2	420142	n/a
205.15576171875	0.3	0.0	1	420159	n/a
205.1640625	0.3	1.0	2	420176	n/a
205.17236328125	0.3	0.0	1	420193	n/a
205.1806640625	0.3	0.0	1	420210	n/a
205.18896484375	0.3	1.0	2	420227	n/a
205.197265625	0.3	1.0	2	420244	n/a
205.20556640625	0.3	0.0	1	420261	n/a
205.2138671875	0.3	1.0	2	420278	n/a
205.22216796875	0.3	0.0	1	420295	n/a
205.23095703125	0.3	1.0	2	420313	n/a
205.2392578125	0.3	0.0	1	420330	n/a
205.24755859375	0.3	0.0	1	420347	n/a
205.255859375	0.3	1.0	2	420364	n/a
205.26416015625	0.3	1.0	2	420381	n/a
205.2724609375	0.3	0.0	1	420398	n/a
205.28076171875	0.3	0.0	1	420415	n/a
205.2890625	0.3	1.0	2	420432	n/a
205.29736328125	0.3	0.0	1	420449	n/a
205.3056640625	0.3	1.0	2	420466	n/a
205.31396484375	0.3	0.0	1	420483	n/a
205.322265625	0.3	1.0	2	420500	n/a
205.33056640625	0.3	1.0	2	420517	n/a
205.3388671875	0.3	0.0	1	420534	n/a
205.34716796875	0.3	0.0	1	420551	n/a
205.35595703125	0.3	1.0	2	420569	n/a
205.3642578125	0.3	1.0	2	420586	n/a
205.37255859375	0.3	0.0	1	420603	n/a
205.380859375	0.3	1.0	2	420620	n/a
205.38916015625	0.3	0.0	1	420637	n/a
205.3974609375	0.3	0.0	1	420654	n/a
205.40576171875	0.3	1.0	2	420671	n/a
205.4140625	0.3	1.0	2	420688	n/a
205.42236328125	0.3	0.0	1	420705	n/a
205.4306640625	0.3	0.0	1	420722	n/a
205.43896484375	0.3	1.0	2	420739	n/a
205.447265625	0.3	1.0	2	420756	n/a
205.45556640625	0.3	0.0	1	420773	n/a
205.4638671875	0.3	1.0	2	420790	n/a
205.47216796875	0.3	0.0	1	420807	n/a
205.48095703125	0.3	0.0	1	420825	n/a
205.4892578125	0.3	1.0	2	420842	n/a
205.49755859375	0.3	1.0	2	420859	n/a
205.505859375	0.3	0.0	1	420876	n/a
205.51416015625	0.3	1.0	2	420893	n/a
205.5224609375	0.3	0.0	1	420910	n/a
205.53076171875	0.3	0.0	1	420927	n/a
205.5390625	0.3	1.0	2	420944	n/a
205.54736328125	0.3	0.0	1	420961	n/a
205.5556640625	0.3	1.0	2	420978	n/a
205.56396484375	0.3	1.0	2	420995	n/a
205.572265625	0.3	0.0	1	421012	n/a
205.58056640625	0.3	0.0	1	421029	n/a
205.5888671875	0.3	1.0	2	421046	n/a
205.59716796875	0.3	1.0	2	421063	n/a
205.60595703125	0.3	0.0	1	421081	n/a
205.6142578125	0.3	0.0	1	421098	n/a
205.62255859375	0.3	1.0	2	421115	n/a
205.630859375	0.3	0.0	1	421132	n/a
205.63916015625	0.3	1.0	2	421149	n/a
205.6474609375	0.3	0.0	1	421166	n/a
205.65576171875	0.3	1.0	2	421183	n/a
205.6640625	0.3	0.0	1	421200	n/a
205.67236328125	0.3	1.0	2	421217	n/a
205.6806640625	0.3	1.0	2	421234	n/a
205.68896484375	0.3	0.0	1	421251	n/a
205.697265625	0.3	0.0	1	421268	n/a
205.70556640625	0.3	1.0	2	421285	n/a
205.7138671875	0.3	1.0	2	421302	n/a
205.72216796875	0.3	0.0	1	421319	n/a
205.73095703125	0.3	1.0	2	421337	n/a
205.7392578125	0.3	0.0	1	421354	n/a
205.74755859375	0.3	1.0	2	421371	n/a
205.755859375	0.3	0.0	1	421388	n/a
205.76416015625	0.3	1.0	2	421405	n/a
205.7724609375	0.3	0.0	1	421422	n/a
205.78076171875	0.3	1.0	2	421439	n/a
205.7890625	0.3	0.0	1	421456	n/a
205.79736328125	0.3	1.0	2	421473	n/a
205.8056640625	0.3	0.0	1	421490	n/a
205.81396484375	0.3	1.0	2	421507	n/a
205.822265625	0.3	0.0	1	421524	n/a
205.83056640625	0.3	1.0	2	421541	n/a
205.8388671875	0.3	0.0	1	421558	n/a
205.84716796875	0.3	1.0	2	421575	n/a
205.85595703125	0.3	0.0	1	421593	n/a
208.2314453125	0.3	0.0	1	426458	34.0
208.23974609375	0.3	1.0	2	426475	n/a
208.248046875	0.3	1.0	2	426492	n/a
208.25634765625	0.3	0.0	1	426509	n/a
208.2646484375	0.3	1.0	2	426526	n/a
208.27294921875	0.3	0.0	1	426543	n/a
208.28125	0.3	0.0	1	426560	n/a
208.28955078125	0.3	1.0	2	426577	n/a
208.29833984375	0.3	1.0	2	426595	n/a
208.306640625	0.3	0.0	1	426612	n/a
208.31494140625	0.3	0.0	1	426629	n/a
208.3232421875	0.3	1.0	2	426646	n/a
208.33154296875	0.3	1.0	2	426663	n/a
208.33984375	0.3	0.0	1	426680	n/a
208.34814453125	0.3	0.0	1	426697	n/a
208.3564453125	0.3	1.0	2	426714	n/a
208.36474609375	0.3	1.0	2	426731	n/a
208.373046875	0.3	0.0	1	426748	n/a
208.38134765625	0.3	1.0	2	426765	n/a
208.3896484375	0.3	0.0	1	426782	n/a
208.39794921875	0.3	1.0	2	426799	n/a
208.40625	0.3	0.0	1	426816	n/a
208.41455078125	0.3	0.0	1	426833	n/a
208.42333984375	0.3	1.0	2	426851	n/a
208.431640625	0.3	0.0	1	426868	n/a
208.43994140625	0.3	1.0	2	426885	n/a
208.4482421875	0.3	1.0	2	426902	n/a
208.45654296875	0.3	0.0	1	426919	n/a
208.46484375	0.3	1.0	2	426936	n/a
208.47314453125	0.3	0.0	1	426953	n/a
208.4814453125	0.3	0.0	1	426970	n/a
208.48974609375	0.3	1.0	2	426987	n/a
208.498046875	0.3	0.0	1	427004	n/a
208.50634765625	0.3	1.0	2	427021	n/a
208.5146484375	0.3	0.0	1	427038	n/a
208.52294921875	0.3	1.0	2	427055	n/a
208.53125	0.3	0.0	1	427072	n/a
208.53955078125	0.3	1.0	2	427089	n/a
208.54833984375	0.3	1.0	2	427107	n/a
208.556640625	0.3	0.0	1	427124	n/a
208.56494140625	0.3	0.0	1	427141	n/a
208.5732421875	0.3	1.0	2	427158	n/a
208.58154296875	0.3	0.0	1	427175	n/a
208.58984375	0.3	1.0	2	427192	n/a
208.59814453125	0.3	0.0	1	427209	n/a
208.6064453125	0.3	1.0	2	427226	n/a
208.61474609375	0.3	1.0	2	427243	n/a
208.623046875	0.3	0.0	1	427260	n/a
208.63134765625	0.3	0.0	1	427277	n/a
208.6396484375	0.3	1.0	2	427294	n/a
208.64794921875	0.3	1.0	2	427311	n/a
208.65625	0.3	0.0	1	427328	n/a
208.66455078125	0.3	0.0	1	427345	n/a
208.67333984375	0.3	1.0	2	427363	n/a
208.681640625	0.3	0.0	1	427380	n/a
208.68994140625	0.3	1.0	2	427397	n/a
208.6982421875	0.3	1.0	2	427414	n/a
208.70654296875	0.3	0.0	1	427431	n/a
208.71484375	0.3	0.0	1	427448	n/a
208.72314453125	0.3	1.0	2	427465	n/a
208.7314453125	0.3	1.0	2	427482	n/a
208.73974609375	0.3	0.0	1	427499	n/a
208.748046875	0.3	1.0	2	427516	n/a
208.75634765625	0.3	0.0	1	427533	n/a
208.7646484375	0.3	0.0	1	427550	n/a
208.77294921875	0.3	1.0	2	427567	n/a
208.78125	0.3	0.0	1	427584	n/a
208.78955078125	0.3	1.0	2	427601	n/a
208.79833984375	0.3	1.0	2	427619	n/a
208.806640625	0.3	0.0	1	427636	n/a
208.81494140625	0.3	0.0	1	427653	n/a
208.8232421875	0.3	1.0	2	427670	n/a
208.83154296875	0.3	0.0	1	427687	n/a
208.83984375	0.3	1.0	2	427704	n/a
208.84814453125	0.3	1.0	2	427721	n/a
208.8564453125	0.3	0.0	1	427738	n/a
208.86474609375	0.3	1.0	2	427755	n/a
208.873046875	0.3	0.0	1	427772	n/a
208.88134765625	0.3	1.0	2	427789	n/a
208.8896484375	0.3	0.0	1	427806	n/a
208.89794921875	0.3	0.0	1	427823	n/a
208.90625	0.3	1.0	2	427840	n/a
208.91455078125	0.3	1.0	2	427857	n/a
208.92333984375	0.3	0.0	1	427875	n/a
208.931640625	0.3	1.0	2	427892	n/a
208.93994140625	0.3	0.0	1	427909	n/a
208.9482421875	0.3	0.0	1	427926	n/a
208.95654296875	0.3	1.0	2	427943	n/a
208.96484375	0.3	1.0	2	427960	n/a
208.97314453125	0.3	0.0	1	427977	n/a
208.9814453125	0.3	1.0	2	427994	n/a
208.98974609375	0.3	0.0	1	428011	n/a
208.998046875	0.3	1.0	2	428028	n/a
209.00634765625	0.3	0.0	1	428045	n/a
209.0146484375	0.3	1.0	2	428062	n/a
209.02294921875	0.3	0.0	1	428079	n/a
209.03125	0.3	0.0	1	428096	n/a
209.03955078125	0.3	1.0	2	428113	n/a
209.04833984375	0.3	0.0	1	428131	n/a
209.056640625	0.3	1.0	2	428148	n/a
209.06494140625	0.3	0.0	1	428165	n/a
209.0732421875	0.3	1.0	2	428182	n/a
209.08154296875	0.3	1.0	2	428199	n/a
209.08984375	0.3	0.0	1	428216	n/a
209.09814453125	0.3	1.0	2	428233	n/a
209.1064453125	0.3	0.0	1	428250	n/a
209.11474609375	0.3	1.0	2	428267	n/a
209.123046875	0.3	0.0	1	428284	n/a
209.13134765625	0.3	1.0	2	428301	n/a
209.1396484375	0.3	0.0	1	428318	n/a
209.14794921875	0.3	1.0	2	428335	n/a
209.15625	0.3	0.0	1	428352	n/a
209.16455078125	0.3	0.0	1	428369	n/a
209.17333984375	0.3	1.0	2	428387	n/a
209.181640625	0.3	1.0	2	428404	n/a
209.18994140625	0.3	0.0	1	428421	n/a
209.1982421875	0.3	0.0	1	428438	n/a
209.20654296875	0.3	1.0	2	428455	n/a
209.21484375	0.3	0.0	1	428472	n/a
209.22314453125	0.3	1.0	2	428489	n/a
209.2314453125	0.3	0.0	1	428506	n/a
209.23974609375	0.3	1.0	2	428523	n/a
209.248046875	0.3	0.0	1	428540	n/a
209.25634765625	0.3	1.0	2	428557	n/a
209.2646484375	0.3	0.0	1	428574	n/a
209.27294921875	0.3	1.0	2	428591	n/a
209.28125	0.3	0.0	1	428608	n/a
209.28955078125	0.3	1.0	2	428625	n/a
209.29833984375	0.3	1.0	2	428643	n/a
209.306640625	0.3	0.0	1	428660	n/a
209.31494140625	0.3	1.0	2	428677	n/a
209.3232421875	0.3	0.0	1	428694	n/a
209.33154296875	0.3	0.0	1	428711	n/a
209.33984375	0.3	1.0	2	428728	n/a
209.34814453125	0.3	1.0	2	428745	n/a
209.3564453125	0.3	0.0	1	428762	n/a
209.36474609375	0.3	0.0	1	428779	n/a
209.373046875	0.3	1.0	2	428796	n/a
209.38134765625	0.3	1.0	2	428813	n/a
209.3896484375	0.3	0.0	1	428830	n/a
209.39794921875	0.3	0.0	1	428847	n/a
209.40625	0.3	1.0	2	428864	n/a
209.41455078125	0.3	1.0	2	428881	n/a
209.42333984375	0.3	0.0	1	428899	n/a
209.431640625	0.3	1.0	2	428916	n/a
209.43994140625	0.3	0.0	1	428933	n/a
209.4482421875	0.3	1.0	2	428950	n/a
209.45654296875	0.3	0.0	1	428967	n/a
209.46484375	0.3	0.0	1	428984	n/a
209.47314453125	0.3	1.0	2	429001	n/a
209.4814453125	0.3	0.0	1	429018	n/a
209.48974609375	0.3	1.0	2	429035	n/a
209.498046875	0.3	1.0	2	429052	n/a
209.50634765625	0.3	0.0	1	429069	n/a
209.5146484375	0.3	1.0	2	429086	n/a
209.52294921875	0.3	0.0	1	429103	n/a
209.53125	0.3	0.0	1	429120	n/a
209.53955078125	0.3	1.0	2	429137	n/a
209.54833984375	0.3	0.0	1	429155	n/a
209.556640625	0.3	1.0	2	429172	n/a
209.56494140625	0.3	0.0	1	429189	n/a
209.5732421875	0.3	1.0	2	429206	n/a
209.58154296875	0.3	0.0	1	429223	n/a
209.58984375	0.3	1.0	2	429240	n/a
209.59814453125	0.3	1.0	2	429257	n/a
209.6064453125	0.3	0.0	1	429274	n/a
209.61474609375	0.3	0.0	1	429291	n/a
209.623046875	0.3	1.0	2	429308	n/a
209.63134765625	0.3	0.0	1	429325	n/a
209.6396484375	0.3	1.0	2	429342	n/a
209.64794921875	0.3	0.0	1	429359	n/a
209.65625	0.3	1.0	2	429376	n/a
209.66455078125	0.3	1.0	2	429393	n/a
209.67333984375	0.3	0.0	1	429411	n/a
209.681640625	0.3	0.0	1	429428	n/a
209.68994140625	0.3	1.0	2	429445	n/a
209.6982421875	0.3	1.0	2	429462	n/a
209.70654296875	0.3	0.0	1	429479	n/a
209.71484375	0.3	0.0	1	429496	n/a
209.72314453125	0.3	1.0	2	429513	n/a
209.7314453125	0.3	0.0	1	429530	n/a
209.73974609375	0.3	1.0	2	429547	n/a
209.748046875	0.3	1.0	2	429564	n/a
209.75634765625	0.3	0.0	1	429581	n/a
209.7646484375	0.3	0.0	1	429598	n/a
209.77294921875	0.3	1.0	2	429615	n/a
209.78125	0.3	1.0	2	429632	n/a
209.78955078125	0.3	0.0	1	429649	n/a
209.79833984375	0.3	1.0	2	429667	n/a
209.806640625	0.3	0.0	1	429684	n/a
209.81494140625	0.3	0.0	1	429701	n/a
209.8232421875	0.3	1.0	2	429718	n/a
209.83154296875	0.3	0.0	1	429735	n/a
209.83984375	0.3	1.0	2	429752	n/a
209.84814453125	0.3	1.0	2	429769	n/a
209.8564453125	0.3	0.0	1	429786	n/a
209.86474609375	0.3	0.0	1	429803	n/a
209.873046875	0.3	1.0	2	429820	n/a
209.88134765625	0.3	0.0	1	429837	n/a
209.8896484375	0.3	1.0	2	429854	n/a
209.89794921875	0.3	1.0	2	429871	n/a
209.90625	0.3	0.0	1	429888	n/a
209.91455078125	0.3	1.0	2	429905	n/a
209.92333984375	0.3	0.0	1	429923	n/a
209.931640625	0.3	1.0	2	429940	n/a
209.93994140625	0.3	0.0	1	429957	n/a
209.9482421875	0.3	0.0	1	429974	n/a
209.95654296875	0.3	1.0	2	429991	n/a
209.96484375	0.3	1.0	2	430008	n/a
209.97314453125	0.3	0.0	1	430025	n/a
209.9814453125	0.3	1.0	2	430042	n/a
209.98974609375	0.3	0.0	1	430059	n/a
209.998046875	0.3	0.0	1	430076	n/a
210.00634765625	0.3	1.0	2	430093	n/a
210.0146484375	0.3	1.0	2	430110	n/a
210.02294921875	0.3	0.0	1	430127	n/a
210.03125	0.3	1.0	2	430144	n/a
210.03955078125	0.3	0.0	1	430161	n/a
210.04833984375	0.3	1.0	2	430179	n/a
210.056640625	0.3	0.0	1	430196	n/a
210.06494140625	0.3	1.0	2	430213	n/a
210.0732421875	0.3	0.0	1	430230	n/a
210.08154296875	0.3	0.0	1	430247	n/a
210.08984375	0.3	1.0	2	430264	n/a
210.09814453125	0.3	0.0	1	430281	n/a
210.1064453125	0.3	1.0	2	430298	n/a
210.11474609375	0.3	0.0	1	430315	n/a
210.123046875	0.3	1.0	2	430332	n/a
210.13134765625	0.3	1.0	2	430349	n/a
210.1396484375	0.3	0.0	1	430366	n/a
210.14794921875	0.3	1.0	2	430383	n/a
210.15625	0.3	0.0	1	430400	n/a
210.16455078125	0.3	1.0	2	430417	n/a
210.17333984375	0.3	0.0	1	430435	n/a
210.181640625	0.3	1.0	2	430452	n/a
210.18994140625	0.3	0.0	1	430469	n/a
210.1982421875	0.3	1.0	2	430486	n/a
210.20654296875	0.3	0.0	1	430503	n/a
210.21484375	0.3	0.0	1	430520	n/a
210.22314453125	0.3	1.0	2	430537	n/a
210.2314453125	0.3	1.0	2	430554	n/a
210.23974609375	0.3	0.0	1	430571	n/a
210.248046875	0.3	0.0	1	430588	n/a
210.25634765625	0.3	1.0	2	430605	n/a
210.2646484375	0.3	0.0	1	430622	n/a
210.27294921875	0.3	1.0	2	430639	n/a
210.28125	0.3	0.0	1	430656	n/a
210.28955078125	0.3	1.0	2	430673	n/a
210.29833984375	0.3	0.0	1	430691	n/a
210.306640625	0.3	1.0	2	430708	n/a
210.31494140625	0.3	0.0	1	430725	n/a
210.3232421875	0.3	1.0	2	430742	n/a
210.33154296875	0.3	0.0	1	430759	n/a
210.33984375	0.3	1.0	2	430776	n/a
210.34814453125	0.3	1.0	2	430793	n/a
210.3564453125	0.3	0.0	1	430810	n/a
210.36474609375	0.3	1.0	2	430827	n/a
210.373046875	0.3	0.0	1	430844	n/a
210.38134765625	0.3	0.0	1	430861	n/a
210.3896484375	0.3	1.0	2	430878	n/a
210.39794921875	0.3	1.0	2	430895	n/a
210.40625	0.3	0.0	1	430912	n/a
210.41455078125	0.3	0.0	1	430929	n/a
210.42333984375	0.3	1.0	2	430947	n/a
210.431640625	0.3	1.0	2	430964	n/a
210.43994140625	0.3	0.0	1	430981	n/a
210.4482421875	0.3	0.0	1	430998	n/a
210.45654296875	0.3	1.0	2	431015	n/a
210.46484375	0.3	1.0	2	431032	n/a
210.47314453125	0.3	0.0	1	431049	n/a
210.4814453125	0.3	1.0	2	431066	n/a
210.48974609375	0.3	0.0	1	431083	n/a
210.498046875	0.3	1.0	2	431100	n/a
210.50634765625	0.3	0.0	1	431117	n/a
210.5146484375	0.3	0.0	1	431134	n/a
210.52294921875	0.3	1.0	2	431151	n/a
210.53125	0.3	0.0	1	431168	n/a
210.53955078125	0.3	1.0	2	431185	n/a
210.54833984375	0.3	1.0	2	431203	n/a
210.556640625	0.3	0.0	1	431220	n/a
210.56494140625	0.3	1.0	2	431237	n/a
210.5732421875	0.3	0.0	1	431254	n/a
210.58154296875	0.3	0.0	1	431271	n/a
210.58984375	0.3	1.0	2	431288	n/a
210.59814453125	0.3	0.0	1	431305	n/a
210.6064453125	0.3	1.0	2	431322	n/a
210.61474609375	0.3	0.0	1	431339	n/a
210.623046875	0.3	1.0	2	431356	n/a
210.63134765625	0.3	0.0	1	431373	n/a
210.6396484375	0.3	1.0	2	431390	n/a
210.64794921875	0.3	1.0	2	431407	n/a
210.65625	0.3	0.0	1	431424	n/a
210.66455078125	0.3	0.0	1	431441	n/a
210.67333984375	0.3	1.0	2	431459	n/a
210.681640625	0.3	0.0	1	431476	n/a
210.68994140625	0.3	1.0	2	431493	n/a
210.6982421875	0.3	0.0	1	431510	n/a
210.70654296875	0.3	1.0	2	431527	n/a
210.71484375	0.3	1.0	2	431544	n/a
210.72314453125	0.3	0.0	1	431561	n/a
210.7314453125	0.3	0.0	1	431578	n/a
210.73974609375	0.3	1.0	2	431595	n/a
210.748046875	0.3	1.0	2	431612	n/a
210.75634765625	0.3	0.0	1	431629	n/a
210.7646484375	0.3	0.0	1	431646	n/a
210.77294921875	0.3	1.0	2	431663	n/a
210.78125	0.3	0.0	1	431680	n/a
210.78955078125	0.3	1.0	2	431697	n/a
210.79833984375	0.3	1.0	2	431715	n/a
210.806640625	0.3	0.0	1	431732	n/a
210.81494140625	0.3	0.0	1	431749	n/a
210.8232421875	0.3	1.0	2	431766	n/a
210.83154296875	0.3	1.0	2	431783	n/a
210.83984375	0.3	0.0	1	431800	n/a
210.84814453125	0.3	1.0	2	431817	n/a
210.8564453125	0.3	0.0	1	431834	n/a
210.86474609375	0.3	0.0	1	431851	n/a
210.873046875	0.3	1.0	2	431868	n/a
210.88134765625	0.3	0.0	1	431885	n/a
210.8896484375	0.3	1.0	2	431902	n/a
210.89794921875	0.3	1.0	2	431919	n/a
210.90625	0.3	0.0	1	431936	n/a
210.91455078125	0.3	0.0	1	431953	n/a
210.92333984375	0.3	1.0	2	431971	n/a
210.931640625	0.3	0.0	1	431988	n/a
210.93994140625	0.3	1.0	2	432005	n/a
210.9482421875	0.3	1.0	2	432022	n/a
210.95654296875	0.3	0.0	1	432039	n/a
210.96484375	0.3	1.0	2	432056	n/a
210.97314453125	0.3	0.0	1	432073	n/a
210.9814453125	0.3	1.0	2	432090	n/a
210.98974609375	0.3	0.0	1	432107	n/a
210.998046875	0.3	0.0	1	432124	n/a
211.00634765625	0.3	1.0	2	432141	n/a
211.0146484375	0.3	1.0	2	432158	n/a
211.02294921875	0.3	0.0	1	432175	n/a
211.03125	0.3	1.0	2	432192	n/a
211.03955078125	0.3	0.0	1	432209	n/a
211.04833984375	0.3	0.0	1	432227	n/a
211.056640625	0.3	1.0	2	432244	n/a
211.06494140625	0.3	1.0	2	432261	n/a
211.0732421875	0.3	0.0	1	432278	n/a
211.08154296875	0.3	1.0	2	432295	n/a
211.08984375	0.3	0.0	1	432312	n/a
211.09814453125	0.3	1.0	2	432329	n/a
211.1064453125	0.3	0.0	1	432346	n/a
211.11474609375	0.3	1.0	2	432363	n/a
211.123046875	0.3	0.0	1	432380	n/a
211.13134765625	0.3	0.0	1	432397	n/a
211.1396484375	0.3	1.0	2	432414	n/a
211.14794921875	0.3	0.0	1	432431	n/a
211.15625	0.3	1.0	2	432448	n/a
211.16455078125	0.3	0.0	1	432465	n/a
211.17333984375	0.3	1.0	2	432483	n/a
211.181640625	0.3	1.0	2	432500	n/a
211.18994140625	0.3	0.0	1	432517	n/a
211.1982421875	0.3	1.0	2	432534	n/a
211.20654296875	0.3	0.0	1	432551	n/a
211.21484375	0.3	1.0	2	432568	n/a
211.22314453125	0.3	0.0	1	432585	n/a
211.2314453125	0.3	1.0	2	432602	n/a
211.23974609375	0.3	0.0	1	432619	n/a
211.248046875	0.3	1.0	2	432636	n/a
211.25634765625	0.3	0.0	1	432653	n/a
211.2646484375	0.3	0.0	1	432670	n/a
211.27294921875	0.3	1.0	2	432687	n/a
211.28125	0.3	1.0	2	432704	n/a
211.28955078125	0.3	0.0	1	432721	n/a
211.29833984375	0.3	0.0	1	432739	n/a
211.306640625	0.3	1.0	2	432756	n/a
211.31494140625	0.3	0.0	1	432773	n/a
211.3232421875	0.3	1.0	2	432790	n/a
211.33154296875	0.3	0.0	1	432807	n/a
211.33984375	0.3	1.0	2	432824	n/a
211.34814453125	0.3	0.0	1	432841	n/a
211.3564453125	0.3	1.0	2	432858	n/a
211.36474609375	0.3	0.0	1	432875	n/a
211.373046875	0.3	1.0	2	432892	n/a
211.38134765625	0.3	0.0	1	432909	n/a
211.3896484375	0.3	1.0	2	432926	n/a
211.39794921875	0.3	1.0	2	432943	n/a
211.40625	0.3	0.0	1	432960	n/a
211.41455078125	0.3	1.0	2	432977	n/a
211.42333984375	0.3	0.0	1	432995	n/a
211.431640625	0.3	0.0	1	433012	n/a
211.43994140625	0.3	1.0	2	433029	n/a
211.4482421875	0.3	1.0	2	433046	n/a
211.45654296875	0.3	0.0	1	433063	n/a
211.46484375	0.3	0.0	1	433080	n/a
211.47314453125	0.3	1.0	2	433097	n/a
211.4814453125	0.3	1.0	2	433114	n/a
211.48974609375	0.3	0.0	1	433131	n/a
211.498046875	0.3	0.0	1	433148	n/a
211.50634765625	0.3	1.0	2	433165	n/a
211.5146484375	0.3	1.0	2	433182	n/a
211.52294921875	0.3	0.0	1	433199	n/a
211.53125	0.3	1.0	2	433216	n/a
211.53955078125	0.3	0.0	1	433233	n/a
211.54833984375	0.3	1.0	2	433251	n/a
211.556640625	0.3	0.0	1	433268	n/a
211.56494140625	0.3	0.0	1	433285	n/a
211.5732421875	0.3	1.0	2	433302	n/a
211.58154296875	0.3	0.0	1	433319	n/a
211.58984375	0.3	1.0	2	433336	n/a
211.59814453125	0.3	1.0	2	433353	n/a
211.6064453125	0.3	0.0	1	433370	n/a
211.61474609375	0.3	1.0	2	433387	n/a
211.623046875	0.3	0.0	1	433404	n/a
211.63134765625	0.3	0.0	1	433421	n/a
211.6396484375	0.3	1.0	2	433438	n/a
211.64794921875	0.3	0.0	1	433455	n/a
211.65625	0.3	1.0	2	433472	n/a
211.66455078125	0.3	0.0	1	433489	n/a
211.67333984375	0.3	1.0	2	433507	n/a
211.681640625	0.3	0.0	1	433524	n/a
211.68994140625	0.3	1.0	2	433541	n/a
211.6982421875	0.3	1.0	2	433558	n/a
211.70654296875	0.3	0.0	1	433575	n/a
211.71484375	0.3	0.0	1	433592	n/a
211.72314453125	0.3	1.0	2	433609	n/a
211.7314453125	0.3	0.0	1	433626	n/a
211.73974609375	0.3	1.0	2	433643	n/a
211.748046875	0.3	0.0	1	433660	n/a
211.75634765625	0.3	1.0	2	433677	n/a
211.7646484375	0.3	1.0	2	433694	n/a
211.77294921875	0.3	0.0	1	433711	n/a
211.78125	0.3	0.0	1	433728	n/a
211.78955078125	0.3	1.0	2	433745	n/a
211.79833984375	0.3	1.0	2	433763	n/a
211.806640625	0.3	0.0	1	433780	n/a
211.81494140625	0.3	0.0	1	433797	n/a
211.8232421875	0.3	1.0	2	433814	n/a
211.83154296875	0.3	0.0	1	433831	n/a
211.83984375	0.3	1.0	2	433848	n/a
211.84814453125	0.3	1.0	2	433865	n/a
211.8564453125	0.3	0.0	1	433882	n/a
211.86474609375	0.3	0.0	1	433899	n/a
211.873046875	0.3	1.0	2	433916	n/a
211.88134765625	0.3	1.0	2	433933	n/a
211.8896484375	0.3	0.0	1	433950	n/a
211.89794921875	0.3	1.0	2	433967	n/a
211.90625	0.3	0.0	1	433984	n/a
211.91455078125	0.3	0.0	1	434001	n/a
211.92333984375	0.3	1.0	2	434019	n/a
211.931640625	0.3	0.0	1	434036	n/a
211.93994140625	0.3	1.0	2	434053	n/a
211.9482421875	0.3	1.0	2	434070	n/a
211.95654296875	0.3	0.0	1	434087	n/a
211.96484375	0.3	0.0	1	434104	n/a
211.97314453125	0.3	1.0	2	434121	n/a
211.9814453125	0.3	0.0	1	434138	n/a
211.98974609375	0.3	1.0	2	434155	n/a
211.998046875	0.3	1.0	2	434172	n/a
212.00634765625	0.3	0.0	1	434189	n/a
212.0146484375	0.3	1.0	2	434206	n/a
212.02294921875	0.3	0.0	1	434223	n/a
212.03125	0.3	1.0	2	434240	n/a
212.03955078125	0.3	0.0	1	434257	n/a
212.04833984375	0.3	0.0	1	434275	n/a
212.056640625	0.3	1.0	2	434292	n/a
212.06494140625	0.3	1.0	2	434309	n/a
212.0732421875	0.3	0.0	1	434326	n/a
212.08154296875	0.3	1.0	2	434343	n/a
212.08984375	0.3	0.0	1	434360	n/a
212.09814453125	0.3	0.0	1	434377	n/a
212.1064453125	0.3	1.0	2	434394	n/a
212.11474609375	0.3	1.0	2	434411	n/a
212.123046875	0.3	0.0	1	434428	n/a
212.13134765625	0.3	1.0	2	434445	n/a
212.1396484375	0.3	0.0	1	434462	n/a
212.14794921875	0.3	1.0	2	434479	n/a
212.15625	0.3	0.0	1	434496	n/a
212.16455078125	0.3	1.0	2	434513	n/a
212.17333984375	0.3	0.0	1	434531	n/a
212.181640625	0.3	0.0	1	434548	n/a
212.18994140625	0.3	1.0	2	434565	n/a
212.1982421875	0.3	0.0	1	434582	n/a
212.20654296875	0.3	1.0	2	434599	n/a
212.21484375	0.3	0.0	1	434616	n/a
212.22314453125	0.3	1.0	2	434633	n/a
212.2314453125	0.3	1.0	2	434650	n/a
212.23974609375	0.3	0.0	1	434667	n/a
212.248046875	0.3	1.0	2	434684	n/a
212.25634765625	0.3	0.0	1	434701	n/a
212.2646484375	0.3	1.0	2	434718	n/a
212.27294921875	0.3	0.0	1	434735	n/a
212.28125	0.3	1.0	2	434752	n/a
212.28955078125	0.3	0.0	1	434769	n/a
212.29833984375	0.3	1.0	2	434787	n/a
212.306640625	0.3	0.0	1	434804	n/a
212.31494140625	0.3	0.0	1	434821	n/a
212.3232421875	0.3	1.0	2	434838	n/a
212.33154296875	0.3	1.0	2	434855	n/a
212.33984375	0.3	0.0	1	434872	n/a
212.34814453125	0.3	0.0	1	434889	n/a
212.3564453125	0.3	1.0	2	434906	n/a
212.36474609375	0.3	0.0	1	434923	n/a
212.373046875	0.3	1.0	2	434940	n/a
212.38134765625	0.3	0.0	1	434957	n/a
212.3896484375	0.3	1.0	2	434974	n/a
212.39794921875	0.3	0.0	1	434991	n/a
212.40625	0.3	1.0	2	435008	n/a
212.41455078125	0.3	0.0	1	435025	n/a
212.42333984375	0.3	1.0	2	435043	n/a
214.8154296875	0.3	1.0	2	439942	23.0
214.82373046875	0.3	0.0	1	439959	n/a
214.83203125	0.3	1.0	2	439976	n/a
214.84033203125	0.3	0.0	1	439993	n/a
214.8486328125	0.3	0.0	1	440010	n/a
214.85693359375	0.3	1.0	2	440027	n/a
214.865234375	0.3	0.0	1	440044	n/a
214.87353515625	0.3	1.0	2	440061	n/a
214.88232421875	0.3	1.0	2	440079	n/a
214.890625	0.3	0.0	1	440096	n/a
214.89892578125	0.3	0.0	1	440113	n/a
214.9072265625	0.3	1.0	2	440130	n/a
214.91552734375	0.3	0.0	1	440147	n/a
214.923828125	0.3	1.0	2	440164	n/a
214.93212890625	0.3	0.0	1	440181	n/a
214.9404296875	0.3	1.0	2	440198	n/a
214.94873046875	0.3	0.0	1	440215	n/a
214.95703125	0.3	1.0	2	440232	n/a
214.96533203125	0.3	0.0	1	440249	n/a
214.9736328125	0.3	1.0	2	440266	n/a
214.98193359375	0.3	0.0	1	440283	n/a
214.990234375	0.3	1.0	2	440300	n/a
214.99853515625	0.3	1.0	2	440317	n/a
215.00732421875	0.3	0.0	1	440335	n/a
215.015625	0.3	0.0	1	440352	n/a
215.02392578125	0.3	1.0	2	440369	n/a
215.0322265625	0.3	0.0	1	440386	n/a
215.04052734375	0.3	1.0	2	440403	n/a
215.048828125	0.3	1.0	2	440420	n/a
215.05712890625	0.3	0.0	1	440437	n/a
215.0654296875	0.3	1.0	2	440454	n/a
215.07373046875	0.3	0.0	1	440471	n/a
215.08203125	0.3	1.0	2	440488	n/a
215.09033203125	0.3	0.0	1	440505	n/a
215.0986328125	0.3	1.0	2	440522	n/a
215.10693359375	0.3	0.0	1	440539	n/a
215.115234375	0.3	0.0	1	440556	n/a
215.12353515625	0.3	1.0	2	440573	n/a
215.13232421875	0.3	1.0	2	440591	n/a
215.140625	0.3	0.0	1	440608	n/a
215.14892578125	0.3	1.0	2	440625	n/a
215.1572265625	0.3	0.0	1	440642	n/a
215.16552734375	0.3	0.0	1	440659	n/a
215.173828125	0.3	1.0	2	440676	n/a
215.18212890625	0.3	0.0	1	440693	n/a
215.1904296875	0.3	1.0	2	440710	n/a
215.19873046875	0.3	1.0	2	440727	n/a
215.20703125	0.3	0.0	1	440744	n/a
215.21533203125	0.3	0.0	1	440761	n/a
215.2236328125	0.3	1.0	2	440778	n/a
215.23193359375	0.3	0.0	1	440795	n/a
215.240234375	0.3	1.0	2	440812	n/a
215.24853515625	0.3	0.0	1	440829	n/a
215.25732421875	0.3	1.0	2	440847	n/a
215.265625	0.3	0.0	1	440864	n/a
215.27392578125	0.3	1.0	2	440881	n/a
215.2822265625	0.3	1.0	2	440898	n/a
215.29052734375	0.3	0.0	1	440915	n/a
215.298828125	0.3	0.0	1	440932	n/a
215.30712890625	0.3	1.0	2	440949	n/a
215.3154296875	0.3	0.0	1	440966	n/a
215.32373046875	0.3	1.0	2	440983	n/a
215.33203125	0.3	1.0	2	441000	n/a
215.34033203125	0.3	0.0	1	441017	n/a
215.3486328125	0.3	1.0	2	441034	n/a
215.35693359375	0.3	0.0	1	441051	n/a
215.365234375	0.3	1.0	2	441068	n/a
215.37353515625	0.3	0.0	1	441085	n/a
215.38232421875	0.3	1.0	2	441103	n/a
215.390625	0.3	0.0	1	441120	n/a
215.39892578125	0.3	1.0	2	441137	n/a
215.4072265625	0.3	0.0	1	441154	n/a
215.41552734375	0.3	1.0	2	441171	n/a
215.423828125	0.3	0.0	1	441188	n/a
215.43212890625	0.3	0.0	1	441205	n/a
215.4404296875	0.3	1.0	2	441222	n/a
215.44873046875	0.3	1.0	2	441239	n/a
215.45703125	0.3	0.0	1	441256	n/a
215.46533203125	0.3	1.0	2	441273	n/a
215.4736328125	0.3	0.0	1	441290	n/a
215.48193359375	0.3	1.0	2	441307	n/a
215.490234375	0.3	0.0	1	441324	n/a
215.49853515625	0.3	0.0	1	441341	n/a
215.50732421875	0.3	1.0	2	441359	n/a
215.515625	0.3	0.0	1	441376	n/a
215.52392578125	0.3	1.0	2	441393	n/a
215.5322265625	0.3	0.0	1	441410	n/a
215.54052734375	0.3	1.0	2	441427	n/a
215.548828125	0.3	0.0	1	441444	n/a
215.55712890625	0.3	1.0	2	441461	n/a
215.5654296875	0.3	1.0	2	441478	n/a
215.57373046875	0.3	0.0	1	441495	n/a
215.58203125	0.3	0.0	1	441512	n/a
215.59033203125	0.3	1.0	2	441529	n/a
215.5986328125	0.3	1.0	2	441546	n/a
215.60693359375	0.3	0.0	1	441563	n/a
215.615234375	0.3	1.0	2	441580	n/a
215.62353515625	0.3	0.0	1	441597	n/a
215.63232421875	0.3	0.0	1	441615	n/a
215.640625	0.3	1.0	2	441632	n/a
215.64892578125	0.3	1.0	2	441649	n/a
215.6572265625	0.3	0.0	1	441666	n/a
215.66552734375	0.3	1.0	2	441683	n/a
215.673828125	0.3	0.0	1	441700	n/a
215.68212890625	0.3	0.0	1	441717	n/a
215.6904296875	0.3	1.0	2	441734	n/a
215.69873046875	0.3	1.0	2	441751	n/a
215.70703125	0.3	0.0	1	441768	n/a
215.71533203125	0.3	0.0	1	441785	n/a
215.7236328125	0.3	1.0	2	441802	n/a
215.73193359375	0.3	0.0	1	441819	n/a
215.740234375	0.3	1.0	2	441836	n/a
215.74853515625	0.3	1.0	2	441853	n/a
215.75732421875	0.3	0.0	1	441871	n/a
215.765625	0.3	1.0	2	441888	n/a
215.77392578125	0.3	0.0	1	441905	n/a
215.7822265625	0.3	0.0	1	441922	n/a
215.79052734375	0.3	1.0	2	441939	n/a
215.798828125	0.3	1.0	2	441956	n/a
215.80712890625	0.3	0.0	1	441973	n/a
215.8154296875	0.3	0.0	1	441990	n/a
215.82373046875	0.3	1.0	2	442007	n/a
215.83203125	0.3	1.0	2	442024	n/a
215.84033203125	0.3	0.0	1	442041	n/a
215.8486328125	0.3	0.0	1	442058	n/a
215.85693359375	0.3	1.0	2	442075	n/a
215.865234375	0.3	1.0	2	442092	n/a
215.87353515625	0.3	0.0	1	442109	n/a
215.88232421875	0.3	1.0	2	442127	n/a
215.890625	0.3	0.0	1	442144	n/a
215.89892578125	0.3	0.0	1	442161	n/a
215.9072265625	0.3	1.0	2	442178	n/a
215.91552734375	0.3	0.0	1	442195	n/a
215.923828125	0.3	1.0	2	442212	n/a
215.93212890625	0.3	1.0	2	442229	n/a
215.9404296875	0.3	0.0	1	442246	n/a
215.94873046875	0.3	0.0	1	442263	n/a
215.95703125	0.3	1.0	2	442280	n/a
215.96533203125	0.3	0.0	1	442297	n/a
215.9736328125	0.3	1.0	2	442314	n/a
215.98193359375	0.3	0.0	1	442331	n/a
215.990234375	0.3	1.0	2	442348	n/a
215.99853515625	0.3	0.0	1	442365	n/a
216.00732421875	0.3	1.0	2	442383	n/a
216.015625	0.3	0.0	1	442400	n/a
216.02392578125	0.3	1.0	2	442417	n/a
216.0322265625	0.3	0.0	1	442434	n/a
216.04052734375	0.3	1.0	2	442451	n/a
216.048828125	0.3	1.0	2	442468	n/a
216.05712890625	0.3	0.0	1	442485	n/a
216.0654296875	0.3	0.0	1	442502	n/a
216.07373046875	0.3	1.0	2	442519	n/a
216.08203125	0.3	0.0	1	442536	n/a
216.09033203125	0.3	1.0	2	442553	n/a
216.0986328125	0.3	1.0	2	442570	n/a
216.10693359375	0.3	0.0	1	442587	n/a
216.115234375	0.3	1.0	2	442604	n/a
216.12353515625	0.3	0.0	1	442621	n/a
216.13232421875	0.3	1.0	2	442639	n/a
216.140625	0.3	0.0	1	442656	n/a
216.14892578125	0.3	1.0	2	442673	n/a
216.1572265625	0.3	0.0	1	442690	n/a
216.16552734375	0.3	0.0	1	442707	n/a
216.173828125	0.3	1.0	2	442724	n/a
216.18212890625	0.3	1.0	2	442741	n/a
216.1904296875	0.3	0.0	1	442758	n/a
216.19873046875	0.3	1.0	2	442775	n/a
216.20703125	0.3	0.0	1	442792	n/a
216.21533203125	0.3	0.0	1	442809	n/a
216.2236328125	0.3	1.0	2	442826	n/a
216.23193359375	0.3	0.0	1	442843	n/a
216.240234375	0.3	1.0	2	442860	n/a
216.24853515625	0.3	1.0	2	442877	n/a
216.25732421875	0.3	0.0	1	442895	n/a
216.265625	0.3	0.0	1	442912	n/a
216.27392578125	0.3	1.0	2	442929	n/a
216.2822265625	0.3	0.0	1	442946	n/a
216.29052734375	0.3	1.0	2	442963	n/a
216.298828125	0.3	0.0	1	442980	n/a
216.30712890625	0.3	1.0	2	442997	n/a
216.3154296875	0.3	0.0	1	443014	n/a
216.32373046875	0.3	1.0	2	443031	n/a
216.33203125	0.3	1.0	2	443048	n/a
216.34033203125	0.3	0.0	1	443065	n/a
216.3486328125	0.3	0.0	1	443082	n/a
216.35693359375	0.3	1.0	2	443099	n/a
216.365234375	0.3	0.0	1	443116	n/a
216.37353515625	0.3	1.0	2	443133	n/a
216.38232421875	0.3	1.0	2	443151	n/a
216.390625	0.3	0.0	1	443168	n/a
216.39892578125	0.3	1.0	2	443185	n/a
216.4072265625	0.3	0.0	1	443202	n/a
216.41552734375	0.3	1.0	2	443219	n/a
216.423828125	0.3	0.0	1	443236	n/a
216.43212890625	0.3	1.0	2	443253	n/a
216.4404296875	0.3	0.0	1	443270	n/a
216.44873046875	0.3	1.0	2	443287	n/a
216.45703125	0.3	0.0	1	443304	n/a
216.46533203125	0.3	1.0	2	443321	n/a
216.4736328125	0.3	0.0	1	443338	n/a
216.48193359375	0.3	0.0	1	443355	n/a
216.490234375	0.3	1.0	2	443372	n/a
216.49853515625	0.3	1.0	2	443389	n/a
216.50732421875	0.3	0.0	1	443407	n/a
216.515625	0.3	1.0	2	443424	n/a
216.52392578125	0.3	0.0	1	443441	n/a
216.5322265625	0.3	1.0	2	443458	n/a
216.54052734375	0.3	0.0	1	443475	n/a
216.548828125	0.3	0.0	1	443492	n/a
216.55712890625	0.3	1.0	2	443509	n/a
216.5654296875	0.3	0.0	1	443526	n/a
216.57373046875	0.3	1.0	2	443543	n/a
216.58203125	0.3	0.0	1	443560	n/a
216.59033203125	0.3	1.0	2	443577	n/a
216.5986328125	0.3	0.0	1	443594	n/a
216.60693359375	0.3	1.0	2	443611	n/a
216.615234375	0.3	1.0	2	443628	n/a
216.62353515625	0.3	0.0	1	443645	n/a
216.63232421875	0.3	0.0	1	443663	n/a
216.640625	0.3	1.0	2	443680	n/a
216.64892578125	0.3	1.0	2	443697	n/a
216.6572265625	0.3	0.0	1	443714	n/a
216.66552734375	0.3	1.0	2	443731	n/a
216.673828125	0.3	0.0	1	443748	n/a
216.68212890625	0.3	0.0	1	443765	n/a
216.6904296875	0.3	1.0	2	443782	n/a
216.69873046875	0.3	1.0	2	443799	n/a
216.70703125	0.3	0.0	1	443816	n/a
216.71533203125	0.3	1.0	2	443833	n/a
216.7236328125	0.3	0.0	1	443850	n/a
216.73193359375	0.3	0.0	1	443867	n/a
216.740234375	0.3	1.0	2	443884	n/a
216.74853515625	0.3	1.0	2	443901	n/a
216.75732421875	0.3	0.0	1	443919	n/a
216.765625	0.3	0.0	1	443936	n/a
216.77392578125	0.3	1.0	2	443953	n/a
216.7822265625	0.3	0.0	1	443970	n/a
216.79052734375	0.3	1.0	2	443987	n/a
216.798828125	0.3	1.0	2	444004	n/a
216.80712890625	0.3	0.0	1	444021	n/a
216.8154296875	0.3	1.0	2	444038	n/a
216.82373046875	0.3	0.0	1	444055	n/a
216.83203125	0.3	0.0	1	444072	n/a
216.84033203125	0.3	1.0	2	444089	n/a
216.8486328125	0.3	1.0	2	444106	n/a
216.85693359375	0.3	0.0	1	444123	n/a
216.865234375	0.3	0.0	1	444140	n/a
216.87353515625	0.3	1.0	2	444157	n/a
216.88232421875	0.3	1.0	2	444175	n/a
216.890625	0.3	0.0	1	444192	n/a
216.89892578125	0.3	0.0	1	444209	n/a
216.9072265625	0.3	1.0	2	444226	n/a
216.91552734375	0.3	1.0	2	444243	n/a
216.923828125	0.3	0.0	1	444260	n/a
216.93212890625	0.3	1.0	2	444277	n/a
216.9404296875	0.3	0.0	1	444294	n/a
216.94873046875	0.3	0.0	1	444311	n/a
216.95703125	0.3	1.0	2	444328	n/a
216.96533203125	0.3	0.0	1	444345	n/a
216.9736328125	0.3	1.0	2	444362	n/a
216.98193359375	0.3	1.0	2	444379	n/a
216.990234375	0.3	0.0	1	444396	n/a
216.99853515625	0.3	0.0	1	444413	n/a
217.00732421875	0.3	1.0	2	444431	n/a
217.015625	0.3	0.0	1	444448	n/a
217.02392578125	0.3	1.0	2	444465	n/a
217.0322265625	0.3	0.0	1	444482	n/a
217.04052734375	0.3	1.0	2	444499	n/a
217.048828125	0.3	0.0	1	444516	n/a
217.05712890625	0.3	1.0	2	444533	n/a
217.0654296875	0.3	0.0	1	444550	n/a
217.07373046875	0.3	1.0	2	444567	n/a
217.08203125	0.3	0.0	1	444584	n/a
217.09033203125	0.3	1.0	2	444601	n/a
217.0986328125	0.3	1.0	2	444618	n/a
217.10693359375	0.3	0.0	1	444635	n/a
217.115234375	0.3	0.0	1	444652	n/a
217.12353515625	0.3	1.0	2	444669	n/a
217.13232421875	0.3	0.0	1	444687	n/a
217.140625	0.3	1.0	2	444704	n/a
217.14892578125	0.3	1.0	2	444721	n/a
217.1572265625	0.3	0.0	1	444738	n/a
217.16552734375	0.3	1.0	2	444755	n/a
217.173828125	0.3	0.0	1	444772	n/a
217.18212890625	0.3	1.0	2	444789	n/a
217.1904296875	0.3	0.0	1	444806	n/a
217.19873046875	0.3	1.0	2	444823	n/a
217.20703125	0.3	0.0	1	444840	n/a
217.21533203125	0.3	0.0	1	444857	n/a
217.2236328125	0.3	1.0	2	444874	n/a
217.23193359375	0.3	1.0	2	444891	n/a
217.240234375	0.3	0.0	1	444908	n/a
217.24853515625	0.3	1.0	2	444925	n/a
217.25732421875	0.3	0.0	1	444943	n/a
217.265625	0.3	0.0	1	444960	n/a
217.27392578125	0.3	1.0	2	444977	n/a
217.2822265625	0.3	0.0	1	444994	n/a
217.29052734375	0.3	1.0	2	445011	n/a
217.298828125	0.3	1.0	2	445028	n/a
217.30712890625	0.3	0.0	1	445045	n/a
217.3154296875	0.3	0.0	1	445062	n/a
217.32373046875	0.3	1.0	2	445079	n/a
217.33203125	0.3	0.0	1	445096	n/a
217.34033203125	0.3	1.0	2	445113	n/a
217.3486328125	0.3	0.0	1	445130	n/a
217.35693359375	0.3	1.0	2	445147	n/a
217.365234375	0.3	0.0	1	445164	n/a
217.37353515625	0.3	1.0	2	445181	n/a
217.38232421875	0.3	1.0	2	445199	n/a
217.390625	0.3	0.0	1	445216	n/a
217.39892578125	0.3	0.0	1	445233	n/a
217.4072265625	0.3	1.0	2	445250	n/a
217.41552734375	0.3	0.0	1	445267	n/a
217.423828125	0.3	1.0	2	445284	n/a
217.43212890625	0.3	1.0	2	445301	n/a
217.4404296875	0.3	0.0	1	445318	n/a
217.44873046875	0.3	1.0	2	445335	n/a
217.45703125	0.3	0.0	1	445352	n/a
217.46533203125	0.3	1.0	2	445369	n/a
217.4736328125	0.3	0.0	1	445386	n/a
217.48193359375	0.3	1.0	2	445403	n/a
217.490234375	0.3	0.0	1	445420	n/a
217.49853515625	0.3	1.0	2	445437	n/a
217.50732421875	0.3	0.0	1	445455	n/a
217.515625	0.3	1.0	2	445472	n/a
217.52392578125	0.3	0.0	1	445489	n/a
217.5322265625	0.3	0.0	1	445506	n/a
217.54052734375	0.3	1.0	2	445523	n/a
217.548828125	0.3	1.0	2	445540	n/a
217.55712890625	0.3	0.0	1	445557	n/a
217.5654296875	0.3	1.0	2	445574	n/a
217.57373046875	0.3	0.0	1	445591	n/a
217.58203125	0.3	1.0	2	445608	n/a
217.59033203125	0.3	0.0	1	445625	n/a
217.5986328125	0.3	0.0	1	445642	n/a
217.60693359375	0.3	1.0	2	445659	n/a
217.615234375	0.3	0.0	1	445676	n/a
217.62353515625	0.3	1.0	2	445693	n/a
217.63232421875	0.3	0.0	1	445711	n/a
217.640625	0.3	1.0	2	445728	n/a
217.64892578125	0.3	0.0	1	445745	n/a
217.6572265625	0.3	1.0	2	445762	n/a
217.66552734375	0.3	1.0	2	445779	n/a
217.673828125	0.3	0.0	1	445796	n/a
217.68212890625	0.3	0.0	1	445813	n/a
217.6904296875	0.3	1.0	2	445830	n/a
217.69873046875	0.3	1.0	2	445847	n/a
217.70703125	0.3	0.0	1	445864	n/a
217.71533203125	0.3	1.0	2	445881	n/a
217.7236328125	0.3	0.0	1	445898	n/a
217.73193359375	0.3	0.0	1	445915	n/a
217.740234375	0.3	1.0	2	445932	n/a
217.74853515625	0.3	1.0	2	445949	n/a
217.75732421875	0.3	0.0	1	445967	n/a
217.765625	0.3	1.0	2	445984	n/a
217.77392578125	0.3	0.0	1	446001	n/a
217.7822265625	0.3	0.0	1	446018	n/a
217.79052734375	0.3	1.0	2	446035	n/a
217.798828125	0.3	1.0	2	446052	n/a
217.80712890625	0.3	0.0	1	446069	n/a
217.8154296875	0.3	0.0	1	446086	n/a
217.82373046875	0.3	1.0	2	446103	n/a
217.83203125	0.3	0.0	1	446120	n/a
217.84033203125	0.3	1.0	2	446137	n/a
217.8486328125	0.3	1.0	2	446154	n/a
217.85693359375	0.3	0.0	1	446171	n/a
217.865234375	0.3	1.0	2	446188	n/a
217.87353515625	0.3	0.0	1	446205	n/a
217.88232421875	0.3	0.0	1	446223	n/a
217.890625	0.3	1.0	2	446240	n/a
217.89892578125	0.3	1.0	2	446257	n/a
217.9072265625	0.3	0.0	1	446274	n/a
217.91552734375	0.3	0.0	1	446291	n/a
217.923828125	0.3	1.0	2	446308	n/a
217.93212890625	0.3	1.0	2	446325	n/a
217.9404296875	0.3	0.0	1	446342	n/a
217.94873046875	0.3	0.0	1	446359	n/a
217.95703125	0.3	1.0	2	446376	n/a
217.96533203125	0.3	1.0	2	446393	n/a
217.9736328125	0.3	0.0	1	446410	n/a
217.98193359375	0.3	1.0	2	446427	n/a
217.990234375	0.3	0.0	1	446444	n/a
217.99853515625	0.3	0.0	1	446461	n/a
218.00732421875	0.3	1.0	2	446479	n/a
218.015625	0.3	0.0	1	446496	n/a
218.02392578125	0.3	1.0	2	446513	n/a
218.0322265625	0.3	1.0	2	446530	n/a
218.04052734375	0.3	0.0	1	446547	n/a
218.048828125	0.3	0.0	1	446564	n/a
218.05712890625	0.3	1.0	2	446581	n/a
218.0654296875	0.3	0.0	1	446598	n/a
218.07373046875	0.3	1.0	2	446615	n/a
218.08203125	0.3	0.0	1	446632	n/a
218.09033203125	0.3	1.0	2	446649	n/a
218.0986328125	0.3	0.0	1	446666	n/a
218.10693359375	0.3	1.0	2	446683	n/a
218.115234375	0.3	0.0	1	446700	n/a
218.12353515625	0.3	1.0	2	446717	n/a
218.13232421875	0.3	0.0	1	446735	n/a
218.140625	0.3	1.0	2	446752	n/a
218.14892578125	0.3	1.0	2	446769	n/a
218.1572265625	0.3	0.0	1	446786	n/a
218.16552734375	0.3	0.0	1	446803	n/a
218.173828125	0.3	1.0	2	446820	n/a
218.18212890625	0.3	0.0	1	446837	n/a
218.1904296875	0.3	1.0	2	446854	n/a
218.19873046875	0.3	1.0	2	446871	n/a
218.20703125	0.3	0.0	1	446888	n/a
218.21533203125	0.3	1.0	2	446905	n/a
218.2236328125	0.3	0.0	1	446922	n/a
218.23193359375	0.3	1.0	2	446939	n/a
218.240234375	0.3	0.0	1	446956	n/a
218.24853515625	0.3	1.0	2	446973	n/a
218.25732421875	0.3	0.0	1	446991	n/a
218.265625	0.3	0.0	1	447008	n/a
218.27392578125	0.3	1.0	2	447025	n/a
218.2822265625	0.3	1.0	2	447042	n/a
218.29052734375	0.3	0.0	1	447059	n/a
218.298828125	0.3	1.0	2	447076	n/a
218.30712890625	0.3	0.0	1	447093	n/a
218.3154296875	0.3	0.0	1	447110	n/a
218.32373046875	0.3	1.0	2	447127	n/a
218.33203125	0.3	0.0	1	447144	n/a
218.34033203125	0.3	1.0	2	447161	n/a
218.3486328125	0.3	1.0	2	447178	n/a
218.35693359375	0.3	0.0	1	447195	n/a
218.365234375	0.3	0.0	1	447212	n/a
218.37353515625	0.3	1.0	2	447229	n/a
218.38232421875	0.3	0.0	1	447247	n/a
218.390625	0.3	1.0	2	447264	n/a
218.39892578125	0.3	0.0	1	447281	n/a
218.4072265625	0.3	1.0	2	447298	n/a
218.41552734375	0.3	0.0	1	447315	n/a
218.423828125	0.3	1.0	2	447332	n/a
218.43212890625	0.3	1.0	2	447349	n/a
218.4404296875	0.3	0.0	1	447366	n/a
218.44873046875	0.3	0.0	1	447383	n/a
218.45703125	0.3	1.0	2	447400	n/a
218.46533203125	0.3	0.0	1	447417	n/a
218.4736328125	0.3	1.0	2	447434	n/a
218.48193359375	0.3	1.0	2	447451	n/a
218.490234375	0.3	0.0	1	447468	n/a
218.49853515625	0.3	1.0	2	447485	n/a
218.50732421875	0.3	0.0	1	447503	n/a
218.515625	0.3	1.0	2	447520	n/a
218.52392578125	0.3	0.0	1	447537	n/a
218.5322265625	0.3	1.0	2	447554	n/a
218.54052734375	0.3	0.0	1	447571	n/a
218.548828125	0.3	1.0	2	447588	n/a
218.55712890625	0.3	0.0	1	447605	n/a
218.5654296875	0.3	1.0	2	447622	n/a
218.57373046875	0.3	0.0	1	447639	n/a
218.58203125	0.3	0.0	1	447656	n/a
218.59033203125	0.3	1.0	2	447673	n/a
218.5986328125	0.3	1.0	2	447690	n/a
218.60693359375	0.3	0.0	1	447707	n/a
218.615234375	0.3	1.0	2	447724	n/a
218.62353515625	0.3	0.0	1	447741	n/a
218.63232421875	0.3	1.0	2	447759	n/a
218.640625	0.3	0.0	1	447776	n/a
218.64892578125	0.3	0.0	1	447793	n/a
218.6572265625	0.3	1.0	2	447810	n/a
218.66552734375	0.3	0.0	1	447827	n/a
218.673828125	0.3	1.0	2	447844	n/a
218.68212890625	0.3	0.0	1	447861	n/a
218.6904296875	0.3	1.0	2	447878	n/a
218.69873046875	0.3	0.0	1	447895	n/a
218.70703125	0.3	1.0	2	447912	n/a
218.71533203125	0.3	1.0	2	447929	n/a
218.7236328125	0.3	0.0	1	447946	n/a
218.73193359375	0.3	0.0	1	447963	n/a
218.740234375	0.3	1.0	2	447980	n/a
218.74853515625	0.3	1.0	2	447997	n/a
218.75732421875	0.3	0.0	1	448015	n/a
218.765625	0.3	1.0	2	448032	n/a
218.77392578125	0.3	0.0	1	448049	n/a
218.7822265625	0.3	0.0	1	448066	n/a
218.79052734375	0.3	1.0	2	448083	n/a
218.798828125	0.3	1.0	2	448100	n/a
218.80712890625	0.3	0.0	1	448117	n/a
218.8154296875	0.3	1.0	2	448134	n/a
218.82373046875	0.3	0.0	1	448151	n/a
218.83203125	0.3	0.0	1	448168	n/a
218.84033203125	0.3	1.0	2	448185	n/a
218.8486328125	0.3	1.0	2	448202	n/a
218.85693359375	0.3	0.0	1	448219	n/a
218.865234375	0.3	0.0	1	448236	n/a
218.87353515625	0.3	1.0	2	448253	n/a
218.88232421875	0.3	0.0	1	448271	n/a
218.890625	0.3	1.0	2	448288	n/a
218.89892578125	0.3	1.0	2	448305	n/a
218.9072265625	0.3	0.0	1	448322	n/a
218.91552734375	0.3	1.0	2	448339	n/a
218.923828125	0.3	0.0	1	448356	n/a
218.93212890625	0.3	0.0	1	448373	n/a
218.9404296875	0.3	1.0	2	448390	n/a
218.94873046875	0.3	1.0	2	448407	n/a
218.95703125	0.3	0.0	1	448424	n/a
218.96533203125	0.3	0.0	1	448441	n/a
218.9736328125	0.3	1.0	2	448458	n/a
218.98193359375	0.3	1.0	2	448475	n/a
218.990234375	0.3	0.0	1	448492	n/a
218.99853515625	0.3	0.0	1	448509	n/a
219.00732421875	0.3	1.0	2	448527	n/a
221.3994140625	0.3	0.0	1	453426	32.0
221.40771484375	0.3	1.0	2	453443	n/a
221.416015625	0.3	1.0	2	453460	n/a
221.42431640625	0.3	0.0	1	453477	n/a
221.4326171875	0.3	1.0	2	453494	n/a
221.44091796875	0.3	0.0	1	453511	n/a
221.44921875	0.3	0.0	1	453528	n/a
221.45751953125	0.3	1.0	2	453545	n/a
221.46630859375	0.3	1.0	2	453563	n/a
221.474609375	0.3	0.0	1	453580	n/a
221.48291015625	0.3	1.0	2	453597	n/a
221.4912109375	0.3	0.0	1	453614	n/a
221.49951171875	0.3	1.0	2	453631	n/a
221.5078125	0.3	0.0	1	453648	n/a
221.51611328125	0.3	0.0	1	453665	n/a
221.5244140625	0.3	1.0	2	453682	n/a
221.53271484375	0.3	1.0	2	453699	n/a
221.541015625	0.3	0.0	1	453716	n/a
221.54931640625	0.3	1.0	2	453733	n/a
221.5576171875	0.3	0.0	1	453750	n/a
221.56591796875	0.3	0.0	1	453767	n/a
221.57421875	0.3	1.0	2	453784	n/a
221.58251953125	0.3	1.0	2	453801	n/a
221.59130859375	0.3	0.0	1	453819	n/a
221.599609375	0.3	0.0	1	453836	n/a
221.60791015625	0.3	1.0	2	453853	n/a
221.6162109375	0.3	1.0	2	453870	n/a
221.62451171875	0.3	0.0	1	453887	n/a
221.6328125	0.3	1.0	2	453904	n/a
221.64111328125	0.3	0.0	1	453921	n/a
221.6494140625	0.3	1.0	2	453938	n/a
221.65771484375	0.3	0.0	1	453955	n/a
221.666015625	0.3	0.0	1	453972	n/a
221.67431640625	0.3	1.0	2	453989	n/a
221.6826171875	0.3	1.0	2	454006	n/a
221.69091796875	0.3	0.0	1	454023	n/a
221.69921875	0.3	0.0	1	454040	n/a
221.70751953125	0.3	1.0	2	454057	n/a
221.71630859375	0.3	1.0	2	454075	n/a
221.724609375	0.3	0.0	1	454092	n/a
221.73291015625	0.3	1.0	2	454109	n/a
221.7412109375	0.3	0.0	1	454126	n/a
221.74951171875	0.3	1.0	2	454143	n/a
221.7578125	0.3	0.0	1	454160	n/a
221.76611328125	0.3	1.0	2	454177	n/a
221.7744140625	0.3	0.0	1	454194	n/a
221.78271484375	0.3	0.0	1	454211	n/a
221.791015625	0.3	1.0	2	454228	n/a
221.79931640625	0.3	0.0	1	454245	n/a
221.8076171875	0.3	1.0	2	454262	n/a
221.81591796875	0.3	0.0	1	454279	n/a
221.82421875	0.3	1.0	2	454296	n/a
221.83251953125	0.3	0.0	1	454313	n/a
221.84130859375	0.3	1.0	2	454331	n/a
221.849609375	0.3	0.0	1	454348	n/a
221.85791015625	0.3	1.0	2	454365	n/a
221.8662109375	0.3	1.0	2	454382	n/a
221.87451171875	0.3	0.0	1	454399	n/a
221.8828125	0.3	1.0	2	454416	n/a
221.89111328125	0.3	0.0	1	454433	n/a
221.8994140625	0.3	0.0	1	454450	n/a
221.90771484375	0.3	1.0	2	454467	n/a
221.916015625	0.3	0.0	1	454484	n/a
221.92431640625	0.3	1.0	2	454501	n/a
221.9326171875	0.3	0.0	1	454518	n/a
221.94091796875	0.3	1.0	2	454535	n/a
221.94921875	0.3	0.0	1	454552	n/a
221.95751953125	0.3	1.0	2	454569	n/a
221.96630859375	0.3	0.0	1	454587	n/a
221.974609375	0.3	1.0	2	454604	n/a
221.98291015625	0.3	0.0	1	454621	n/a
221.9912109375	0.3	1.0	2	454638	n/a
221.99951171875	0.3	0.0	1	454655	n/a
222.0078125	0.3	1.0	2	454672	n/a
222.01611328125	0.3	0.0	1	454689	n/a
222.0244140625	0.3	1.0	2	454706	n/a
222.03271484375	0.3	1.0	2	454723	n/a
222.041015625	0.3	0.0	1	454740	n/a
222.04931640625	0.3	0.0	1	454757	n/a
222.0576171875	0.3	1.0	2	454774	n/a
222.06591796875	0.3	1.0	2	454791	n/a
222.07421875	0.3	0.0	1	454808	n/a
222.08251953125	0.3	1.0	2	454825	n/a
222.09130859375	0.3	0.0	1	454843	n/a
222.099609375	0.3	0.0	1	454860	n/a
222.10791015625	0.3	1.0	2	454877	n/a
222.1162109375	0.3	1.0	2	454894	n/a
222.12451171875	0.3	0.0	1	454911	n/a
222.1328125	0.3	0.0	1	454928	n/a
222.14111328125	0.3	1.0	2	454945	n/a
222.1494140625	0.3	1.0	2	454962	n/a
222.15771484375	0.3	0.0	1	454979	n/a
222.166015625	0.3	0.0	1	454996	n/a
222.17431640625	0.3	1.0	2	455013	n/a
222.1826171875	0.3	0.0	1	455030	n/a
222.19091796875	0.3	1.0	2	455047	n/a
222.19921875	0.3	0.0	1	455064	n/a
222.20751953125	0.3	1.0	2	455081	n/a
222.21630859375	0.3	0.0	1	455099	n/a
222.224609375	0.3	1.0	2	455116	n/a
222.23291015625	0.3	1.0	2	455133	n/a
222.2412109375	0.3	0.0	1	455150	n/a
222.24951171875	0.3	0.0	1	455167	n/a
222.2578125	0.3	1.0	2	455184	n/a
222.26611328125	0.3	1.0	2	455201	n/a
222.2744140625	0.3	0.0	1	455218	n/a
222.28271484375	0.3	0.0	1	455235	n/a
222.291015625	0.3	1.0	2	455252	n/a
222.29931640625	0.3	1.0	2	455269	n/a
222.3076171875	0.3	0.0	1	455286	n/a
222.31591796875	0.3	0.0	1	455303	n/a
222.32421875	0.3	1.0	2	455320	n/a
222.33251953125	0.3	0.0	1	455337	n/a
222.34130859375	0.3	1.0	2	455355	n/a
222.349609375	0.3	0.0	1	455372	n/a
222.35791015625	0.3	1.0	2	455389	n/a
222.3662109375	0.3	1.0	2	455406	n/a
222.37451171875	0.3	0.0	1	455423	n/a
222.3828125	0.3	1.0	2	455440	n/a
222.39111328125	0.3	0.0	1	455457	n/a
222.3994140625	0.3	1.0	2	455474	n/a
222.40771484375	0.3	0.0	1	455491	n/a
222.416015625	0.3	1.0	2	455508	n/a
222.42431640625	0.3	0.0	1	455525	n/a
222.4326171875	0.3	1.0	2	455542	n/a
222.44091796875	0.3	0.0	1	455559	n/a
222.44921875	0.3	0.0	1	455576	n/a
222.45751953125	0.3	1.0	2	455593	n/a
222.46630859375	0.3	1.0	2	455611	n/a
222.474609375	0.3	0.0	1	455628	n/a
222.48291015625	0.3	1.0	2	455645	n/a
222.4912109375	0.3	0.0	1	455662	n/a
222.49951171875	0.3	0.0	1	455679	n/a
222.5078125	0.3	1.0	2	455696	n/a
222.51611328125	0.3	1.0	2	455713	n/a
222.5244140625	0.3	0.0	1	455730	n/a
222.53271484375	0.3	1.0	2	455747	n/a
222.541015625	0.3	0.0	1	455764	n/a
222.54931640625	0.3	1.0	2	455781	n/a
222.5576171875	0.3	0.0	1	455798	n/a
222.56591796875	0.3	0.0	1	455815	n/a
222.57421875	0.3	1.0	2	455832	n/a
222.58251953125	0.3	1.0	2	455849	n/a
222.59130859375	0.3	0.0	1	455867	n/a
222.599609375	0.3	1.0	2	455884	n/a
222.60791015625	0.3	0.0	1	455901	n/a
222.6162109375	0.3	0.0	1	455918	n/a
222.62451171875	0.3	1.0	2	455935	n/a
222.6328125	0.3	1.0	2	455952	n/a
222.64111328125	0.3	0.0	1	455969	n/a
222.6494140625	0.3	0.0	1	455986	n/a
222.65771484375	0.3	1.0	2	456003	n/a
222.666015625	0.3	1.0	2	456020	n/a
222.67431640625	0.3	0.0	1	456037	n/a
222.6826171875	0.3	1.0	2	456054	n/a
222.69091796875	0.3	0.0	1	456071	n/a
222.69921875	0.3	1.0	2	456088	n/a
222.70751953125	0.3	0.0	1	456105	n/a
222.71630859375	0.3	0.0	1	456123	n/a
222.724609375	0.3	1.0	2	456140	n/a
222.73291015625	0.3	1.0	2	456157	n/a
222.7412109375	0.3	0.0	1	456174	n/a
222.74951171875	0.3	0.0	1	456191	n/a
222.7578125	0.3	1.0	2	456208	n/a
222.76611328125	0.3	1.0	2	456225	n/a
222.7744140625	0.3	0.0	1	456242	n/a
222.78271484375	0.3	1.0	2	456259	n/a
222.791015625	0.3	0.0	1	456276	n/a
222.79931640625	0.3	1.0	2	456293	n/a
222.8076171875	0.3	0.0	1	456310	n/a
222.81591796875	0.3	1.0	2	456327	n/a
222.82421875	0.3	0.0	1	456344	n/a
222.83251953125	0.3	0.0	1	456361	n/a
222.84130859375	0.3	1.0	2	456379	n/a
222.849609375	0.3	0.0	1	456396	n/a
222.85791015625	0.3	1.0	2	456413	n/a
222.8662109375	0.3	0.0	1	456430	n/a
222.87451171875	0.3	1.0	2	456447	n/a
222.8828125	0.3	0.0	1	456464	n/a
222.89111328125	0.3	1.0	2	456481	n/a
222.8994140625	0.3	0.0	1	456498	n/a
222.90771484375	0.3	1.0	2	456515	n/a
222.916015625	0.3	1.0	2	456532	n/a
222.92431640625	0.3	0.0	1	456549	n/a
222.9326171875	0.3	1.0	2	456566	n/a
222.94091796875	0.3	0.0	1	456583	n/a
222.94921875	0.3	0.0	1	456600	n/a
222.95751953125	0.3	1.0	2	456617	n/a
222.96630859375	0.3	0.0	1	456635	n/a
222.974609375	0.3	1.0	2	456652	n/a
222.98291015625	0.3	0.0	1	456669	n/a
222.9912109375	0.3	1.0	2	456686	n/a
222.99951171875	0.3	0.0	1	456703	n/a
223.0078125	0.3	1.0	2	456720	n/a
223.01611328125	0.3	0.0	1	456737	n/a
223.0244140625	0.3	1.0	2	456754	n/a
223.03271484375	0.3	0.0	1	456771	n/a
223.041015625	0.3	1.0	2	456788	n/a
223.04931640625	0.3	0.0	1	456805	n/a
223.0576171875	0.3	1.0	2	456822	n/a
223.06591796875	0.3	0.0	1	456839	n/a
223.07421875	0.3	1.0	2	456856	n/a
223.08251953125	0.3	1.0	2	456873	n/a
223.09130859375	0.3	0.0	1	456891	n/a
223.099609375	0.3	0.0	1	456908	n/a
223.10791015625	0.3	1.0	2	456925	n/a
223.1162109375	0.3	1.0	2	456942	n/a
223.12451171875	0.3	0.0	1	456959	n/a
223.1328125	0.3	1.0	2	456976	n/a
223.14111328125	0.3	0.0	1	456993	n/a
223.1494140625	0.3	0.0	1	457010	n/a
223.15771484375	0.3	1.0	2	457027	n/a
223.166015625	0.3	1.0	2	457044	n/a
223.17431640625	0.3	0.0	1	457061	n/a
223.1826171875	0.3	0.0	1	457078	n/a
223.19091796875	0.3	1.0	2	457095	n/a
223.19921875	0.3	1.0	2	457112	n/a
223.20751953125	0.3	0.0	1	457129	n/a
223.21630859375	0.3	0.0	1	457147	n/a
223.224609375	0.3	1.0	2	457164	n/a
223.23291015625	0.3	0.0	1	457181	n/a
223.2412109375	0.3	1.0	2	457198	n/a
223.24951171875	0.3	0.0	1	457215	n/a
223.2578125	0.3	1.0	2	457232	n/a
223.26611328125	0.3	0.0	1	457249	n/a
223.2744140625	0.3	1.0	2	457266	n/a
223.28271484375	0.3	1.0	2	457283	n/a
223.291015625	0.3	0.0	1	457300	n/a
223.29931640625	0.3	0.0	1	457317	n/a
223.3076171875	0.3	1.0	2	457334	n/a
223.31591796875	0.3	1.0	2	457351	n/a
223.32421875	0.3	0.0	1	457368	n/a
223.33251953125	0.3	0.0	1	457385	n/a
223.34130859375	0.3	1.0	2	457403	n/a
223.349609375	0.3	1.0	2	457420	n/a
223.35791015625	0.3	0.0	1	457437	n/a
223.3662109375	0.3	0.0	1	457454	n/a
223.37451171875	0.3	1.0	2	457471	n/a
223.3828125	0.3	0.0	1	457488	n/a
223.39111328125	0.3	1.0	2	457505	n/a
223.3994140625	0.3	0.0	1	457522	n/a
223.40771484375	0.3	1.0	2	457539	n/a
223.416015625	0.3	1.0	2	457556	n/a
223.42431640625	0.3	0.0	1	457573	n/a
223.4326171875	0.3	1.0	2	457590	n/a
223.44091796875	0.3	0.0	1	457607	n/a
223.44921875	0.3	1.0	2	457624	n/a
223.45751953125	0.3	0.0	1	457641	n/a
223.46630859375	0.3	1.0	2	457659	n/a
223.474609375	0.3	0.0	1	457676	n/a
223.48291015625	0.3	1.0	2	457693	n/a
223.4912109375	0.3	0.0	1	457710	n/a
223.49951171875	0.3	0.0	1	457727	n/a
223.5078125	0.3	1.0	2	457744	n/a
223.51611328125	0.3	1.0	2	457761	n/a
223.5244140625	0.3	0.0	1	457778	n/a
223.53271484375	0.3	1.0	2	457795	n/a
223.541015625	0.3	0.0	1	457812	n/a
223.54931640625	0.3	0.0	1	457829	n/a
223.5576171875	0.3	1.0	2	457846	n/a
223.56591796875	0.3	1.0	2	457863	n/a
223.57421875	0.3	0.0	1	457880	n/a
223.58251953125	0.3	1.0	2	457897	n/a
223.59130859375	0.3	0.0	1	457915	n/a
223.599609375	0.3	1.0	2	457932	n/a
223.60791015625	0.3	0.0	1	457949	n/a
223.6162109375	0.3	0.0	1	457966	n/a
223.62451171875	0.3	1.0	2	457983	n/a
223.6328125	0.3	1.0	2	458000	n/a
223.64111328125	0.3	0.0	1	458017	n/a
223.6494140625	0.3	1.0	2	458034	n/a
223.65771484375	0.3	0.0	1	458051	n/a
223.666015625	0.3	0.0	1	458068	n/a
223.67431640625	0.3	1.0	2	458085	n/a
223.6826171875	0.3	1.0	2	458102	n/a
223.69091796875	0.3	0.0	1	458119	n/a
223.69921875	0.3	0.0	1	458136	n/a
223.70751953125	0.3	1.0	2	458153	n/a
223.71630859375	0.3	1.0	2	458171	n/a
223.724609375	0.3	0.0	1	458188	n/a
223.73291015625	0.3	1.0	2	458205	n/a
223.7412109375	0.3	0.0	1	458222	n/a
223.74951171875	0.3	1.0	2	458239	n/a
223.7578125	0.3	0.0	1	458256	n/a
223.76611328125	0.3	0.0	1	458273	n/a
223.7744140625	0.3	1.0	2	458290	n/a
223.78271484375	0.3	1.0	2	458307	n/a
223.791015625	0.3	0.0	1	458324	n/a
223.79931640625	0.3	0.0	1	458341	n/a
223.8076171875	0.3	1.0	2	458358	n/a
223.81591796875	0.3	1.0	2	458375	n/a
223.82421875	0.3	0.0	1	458392	n/a
223.83251953125	0.3	1.0	2	458409	n/a
223.84130859375	0.3	0.0	1	458427	n/a
223.849609375	0.3	1.0	2	458444	n/a
223.85791015625	0.3	0.0	1	458461	n/a
223.8662109375	0.3	1.0	2	458478	n/a
223.87451171875	0.3	0.0	1	458495	n/a
223.8828125	0.3	0.0	1	458512	n/a
223.89111328125	0.3	1.0	2	458529	n/a
223.8994140625	0.3	0.0	1	458546	n/a
223.90771484375	0.3	1.0	2	458563	n/a
223.916015625	0.3	0.0	1	458580	n/a
223.92431640625	0.3	1.0	2	458597	n/a
223.9326171875	0.3	0.0	1	458614	n/a
223.94091796875	0.3	1.0	2	458631	n/a
223.94921875	0.3	0.0	1	458648	n/a
223.95751953125	0.3	1.0	2	458665	n/a
223.96630859375	0.3	1.0	2	458683	n/a
223.974609375	0.3	0.0	1	458700	n/a
223.98291015625	0.3	1.0	2	458717	n/a
223.9912109375	0.3	0.0	1	458734	n/a
223.99951171875	0.3	0.0	1	458751	n/a
224.0078125	0.3	1.0	2	458768	n/a
224.01611328125	0.3	0.0	1	458785	n/a
224.0244140625	0.3	1.0	2	458802	n/a
224.03271484375	0.3	0.0	1	458819	n/a
224.041015625	0.3	1.0	2	458836	n/a
224.04931640625	0.3	0.0	1	458853	n/a
224.0576171875	0.3	1.0	2	458870	n/a
224.06591796875	0.3	0.0	1	458887	n/a
224.07421875	0.3	1.0	2	458904	n/a
224.08251953125	0.3	0.0	1	458921	n/a
224.09130859375	0.3	1.0	2	458939	n/a
224.099609375	0.3	0.0	1	458956	n/a
224.10791015625	0.3	1.0	2	458973	n/a
224.1162109375	0.3	0.0	1	458990	n/a
224.12451171875	0.3	1.0	2	459007	n/a
224.1328125	0.3	1.0	2	459024	n/a
224.14111328125	0.3	0.0	1	459041	n/a
224.1494140625	0.3	0.0	1	459058	n/a
224.15771484375	0.3	1.0	2	459075	n/a
224.166015625	0.3	1.0	2	459092	n/a
224.17431640625	0.3	0.0	1	459109	n/a
224.1826171875	0.3	1.0	2	459126	n/a
224.19091796875	0.3	0.0	1	459143	n/a
224.19921875	0.3	0.0	1	459160	n/a
224.20751953125	0.3	1.0	2	459177	n/a
224.21630859375	0.3	1.0	2	459195	n/a
224.224609375	0.3	0.0	1	459212	n/a
224.23291015625	0.3	0.0	1	459229	n/a
224.2412109375	0.3	1.0	2	459246	n/a
224.24951171875	0.3	1.0	2	459263	n/a
224.2578125	0.3	0.0	1	459280	n/a
224.26611328125	0.3	0.0	1	459297	n/a
224.2744140625	0.3	1.0	2	459314	n/a
224.28271484375	0.3	0.0	1	459331	n/a
224.291015625	0.3	1.0	2	459348	n/a
224.29931640625	0.3	0.0	1	459365	n/a
224.3076171875	0.3	1.0	2	459382	n/a
224.31591796875	0.3	0.0	1	459399	n/a
224.32421875	0.3	1.0	2	459416	n/a
224.33251953125	0.3	1.0	2	459433	n/a
224.34130859375	0.3	0.0	1	459451	n/a
224.349609375	0.3	0.0	1	459468	n/a
224.35791015625	0.3	1.0	2	459485	n/a
224.3662109375	0.3	1.0	2	459502	n/a
224.37451171875	0.3	0.0	1	459519	n/a
224.3828125	0.3	0.0	1	459536	n/a
224.39111328125	0.3	1.0	2	459553	n/a
224.3994140625	0.3	1.0	2	459570	n/a
224.40771484375	0.3	0.0	1	459587	n/a
224.416015625	0.3	0.0	1	459604	n/a
224.42431640625	0.3	1.0	2	459621	n/a
224.4326171875	0.3	0.0	1	459638	n/a
224.44091796875	0.3	1.0	2	459655	n/a
224.44921875	0.3	0.0	1	459672	n/a
224.45751953125	0.3	1.0	2	459689	n/a
224.46630859375	0.3	1.0	2	459707	n/a
224.474609375	0.3	0.0	1	459724	n/a
224.48291015625	0.3	1.0	2	459741	n/a
224.4912109375	0.3	0.0	1	459758	n/a
224.49951171875	0.3	1.0	2	459775	n/a
224.5078125	0.3	0.0	1	459792	n/a
224.51611328125	0.3	1.0	2	459809	n/a
224.5244140625	0.3	0.0	1	459826	n/a
224.53271484375	0.3	1.0	2	459843	n/a
224.541015625	0.3	0.0	1	459860	n/a
224.54931640625	0.3	0.0	1	459877	n/a
224.5576171875	0.3	1.0	2	459894	n/a
224.56591796875	0.3	1.0	2	459911	n/a
224.57421875	0.3	0.0	1	459928	n/a
224.58251953125	0.3	1.0	2	459945	n/a
224.59130859375	0.3	0.0	1	459963	n/a
224.599609375	0.3	0.0	1	459980	n/a
224.60791015625	0.3	1.0	2	459997	n/a
224.6162109375	0.3	1.0	2	460014	n/a
224.62451171875	0.3	0.0	1	460031	n/a
224.6328125	0.3	1.0	2	460048	n/a
224.64111328125	0.3	0.0	1	460065	n/a
224.6494140625	0.3	1.0	2	460082	n/a
224.65771484375	0.3	0.0	1	460099	n/a
224.666015625	0.3	0.0	1	460116	n/a
224.67431640625	0.3	1.0	2	460133	n/a
224.6826171875	0.3	1.0	2	460150	n/a
224.69091796875	0.3	0.0	1	460167	n/a
224.69921875	0.3	1.0	2	460184	n/a
224.70751953125	0.3	0.0	1	460201	n/a
224.71630859375	0.3	0.0	1	460219	n/a
224.724609375	0.3	1.0	2	460236	n/a
224.73291015625	0.3	1.0	2	460253	n/a
224.7412109375	0.3	0.0	1	460270	n/a
224.74951171875	0.3	0.0	1	460287	n/a
224.7578125	0.3	1.0	2	460304	n/a
224.76611328125	0.3	1.0	2	460321	n/a
224.7744140625	0.3	0.0	1	460338	n/a
224.78271484375	0.3	1.0	2	460355	n/a
224.791015625	0.3	0.0	1	460372	n/a
224.79931640625	0.3	1.0	2	460389	n/a
224.8076171875	0.3	0.0	1	460406	n/a
224.81591796875	0.3	0.0	1	460423	n/a
224.82421875	0.3	1.0	2	460440	n/a
224.83251953125	0.3	1.0	2	460457	n/a
224.84130859375	0.3	0.0	1	460475	n/a
224.849609375	0.3	0.0	1	460492	n/a
224.85791015625	0.3	1.0	2	460509	n/a
224.8662109375	0.3	1.0	2	460526	n/a
224.87451171875	0.3	0.0	1	460543	n/a
224.8828125	0.3	1.0	2	460560	n/a
224.89111328125	0.3	0.0	1	460577	n/a
224.8994140625	0.3	1.0	2	460594	n/a
224.90771484375	0.3	0.0	1	460611	n/a
224.916015625	0.3	1.0	2	460628	n/a
224.92431640625	0.3	0.0	1	460645	n/a
224.9326171875	0.3	0.0	1	460662	n/a
224.94091796875	0.3	1.0	2	460679	n/a
224.94921875	0.3	0.0	1	460696	n/a
224.95751953125	0.3	1.0	2	460713	n/a
224.96630859375	0.3	0.0	1	460731	n/a
224.974609375	0.3	1.0	2	460748	n/a
224.98291015625	0.3	0.0	1	460765	n/a
224.9912109375	0.3	1.0	2	460782	n/a
224.99951171875	0.3	0.0	1	460799	n/a
225.0078125	0.3	1.0	2	460816	n/a
225.01611328125	0.3	1.0	2	460833	n/a
225.0244140625	0.3	0.0	1	460850	n/a
225.03271484375	0.3	1.0	2	460867	n/a
225.041015625	0.3	0.0	1	460884	n/a
225.04931640625	0.3	0.0	1	460901	n/a
225.0576171875	0.3	1.0	2	460918	n/a
225.06591796875	0.3	0.0	1	460935	n/a
225.07421875	0.3	1.0	2	460952	n/a
225.08251953125	0.3	0.0	1	460969	n/a
225.09130859375	0.3	1.0	2	460987	n/a
225.099609375	0.3	0.0	1	461004	n/a
225.10791015625	0.3	1.0	2	461021	n/a
225.1162109375	0.3	0.0	1	461038	n/a
225.12451171875	0.3	1.0	2	461055	n/a
225.1328125	0.3	0.0	1	461072	n/a
225.14111328125	0.3	1.0	2	461089	n/a
225.1494140625	0.3	0.0	1	461106	n/a
225.15771484375	0.3	1.0	2	461123	n/a
225.166015625	0.3	0.0	1	461140	n/a
225.17431640625	0.3	1.0	2	461157	n/a
225.1826171875	0.3	1.0	2	461174	n/a
225.19091796875	0.3	0.0	1	461191	n/a
225.19921875	0.3	0.0	1	461208	n/a
225.20751953125	0.3	1.0	2	461225	n/a
225.21630859375	0.3	1.0	2	461243	n/a
225.224609375	0.3	0.0	1	461260	n/a
225.23291015625	0.3	1.0	2	461277	n/a
225.2412109375	0.3	0.0	1	461294	n/a
225.24951171875	0.3	0.0	1	461311	n/a
225.2578125	0.3	1.0	2	461328	n/a
225.26611328125	0.3	1.0	2	461345	n/a
225.2744140625	0.3	0.0	1	461362	n/a
225.28271484375	0.3	0.0	1	461379	n/a
225.291015625	0.3	1.0	2	461396	n/a
225.29931640625	0.3	1.0	2	461413	n/a
225.3076171875	0.3	0.0	1	461430	n/a
225.31591796875	0.3	0.0	1	461447	n/a
225.32421875	0.3	1.0	2	461464	n/a
225.33251953125	0.3	0.0	1	461481	n/a
225.34130859375	0.3	1.0	2	461499	n/a
225.349609375	0.3	0.0	1	461516	n/a
225.35791015625	0.3	1.0	2	461533	n/a
225.3662109375	0.3	0.0	1	461550	n/a
225.37451171875	0.3	1.0	2	461567	n/a
225.3828125	0.3	1.0	2	461584	n/a
225.39111328125	0.3	0.0	1	461601	n/a
225.3994140625	0.3	0.0	1	461618	n/a
225.40771484375	0.3	1.0	2	461635	n/a
225.416015625	0.3	1.0	2	461652	n/a
225.42431640625	0.3	0.0	1	461669	n/a
225.4326171875	0.3	0.0	1	461686	n/a
225.44091796875	0.3	1.0	2	461703	n/a
225.44921875	0.3	1.0	2	461720	n/a
225.45751953125	0.3	0.0	1	461737	n/a
225.46630859375	0.3	0.0	1	461755	n/a
225.474609375	0.3	1.0	2	461772	n/a
225.48291015625	0.3	0.0	1	461789	n/a
225.4912109375	0.3	1.0	2	461806	n/a
225.49951171875	0.3	0.0	1	461823	n/a
225.5078125	0.3	1.0	2	461840	n/a
225.51611328125	0.3	1.0	2	461857	n/a
225.5244140625	0.3	0.0	1	461874	n/a
225.53271484375	0.3	1.0	2	461891	n/a
225.541015625	0.3	0.0	1	461908	n/a
225.54931640625	0.3	1.0	2	461925	n/a
225.5576171875	0.3	0.0	1	461942	n/a
225.56591796875	0.3	1.0	2	461959	n/a
225.57421875	0.3	0.0	1	461976	n/a
225.58251953125	0.3	1.0	2	461993	n/a
225.59130859375	0.3	0.0	1	462011	n/a
227.9833984375	0.3	1.0	2	466910	13.0
227.99169921875	0.3	0.0	1	466927	n/a
228.0	0.3	0.0	1	466944	n/a
228.00830078125	0.3	1.0	2	466961	n/a
228.0166015625	0.3	0.0	1	466978	n/a
228.02490234375	0.3	1.0	2	466995	n/a
228.033203125	0.3	0.0	1	467012	n/a
228.04150390625	0.3	1.0	2	467029	n/a
228.05029296875	0.3	0.0	1	467047	n/a
228.05859375	0.3	1.0	2	467064	n/a
228.06689453125	0.3	1.0	2	467081	n/a
228.0751953125	0.3	0.0	1	467098	n/a
228.08349609375	0.3	0.0	1	467115	n/a
228.091796875	0.3	1.0	2	467132	n/a
228.10009765625	0.3	1.0	2	467149	n/a
228.1083984375	0.3	0.0	1	467166	n/a
228.11669921875	0.3	1.0	2	467183	n/a
228.125	0.3	0.0	1	467200	n/a
228.13330078125	0.3	0.0	1	467217	n/a
228.1416015625	0.3	1.0	2	467234	n/a
228.14990234375	0.3	0.0	1	467251	n/a
228.158203125	0.3	1.0	2	467268	n/a
228.16650390625	0.3	1.0	2	467285	n/a
228.17529296875	0.3	0.0	1	467303	n/a
228.18359375	0.3	1.0	2	467320	n/a
228.19189453125	0.3	0.0	1	467337	n/a
228.2001953125	0.3	0.0	1	467354	n/a
228.20849609375	0.3	1.0	2	467371	n/a
228.216796875	0.3	1.0	2	467388	n/a
228.22509765625	0.3	0.0	1	467405	n/a
228.2333984375	0.3	0.0	1	467422	n/a
228.24169921875	0.3	1.0	2	467439	n/a
228.25	0.3	1.0	2	467456	n/a
228.25830078125	0.3	0.0	1	467473	n/a
228.2666015625	0.3	1.0	2	467490	n/a
228.27490234375	0.3	0.0	1	467507	n/a
228.283203125	0.3	0.0	1	467524	n/a
228.29150390625	0.3	1.0	2	467541	n/a
228.30029296875	0.3	1.0	2	467559	n/a
228.30859375	0.3	0.0	1	467576	n/a
228.31689453125	0.3	0.0	1	467593	n/a
228.3251953125	0.3	1.0	2	467610	n/a
228.33349609375	0.3	1.0	2	467627	n/a
228.341796875	0.3	0.0	1	467644	n/a
228.35009765625	0.3	1.0	2	467661	n/a
228.3583984375	0.3	0.0	1	467678	n/a
228.36669921875	0.3	1.0	2	467695	n/a
228.375	0.3	0.0	1	467712	n/a
228.38330078125	0.3	0.0	1	467729	n/a
228.3916015625	0.3	1.0	2	467746	n/a
228.39990234375	0.3	0.0	1	467763	n/a
228.408203125	0.3	1.0	2	467780	n/a
228.41650390625	0.3	0.0	1	467797	n/a
228.42529296875	0.3	1.0	2	467815	n/a
228.43359375	0.3	0.0	1	467832	n/a
228.44189453125	0.3	1.0	2	467849	n/a
228.4501953125	0.3	0.0	1	467866	n/a
228.45849609375	0.3	1.0	2	467883	n/a
228.466796875	0.3	0.0	1	467900	n/a
228.47509765625	0.3	1.0	2	467917	n/a
228.4833984375	0.3	1.0	2	467934	n/a
228.49169921875	0.3	0.0	1	467951	n/a
228.5	0.3	0.0	1	467968	n/a
228.50830078125	0.3	1.0	2	467985	n/a
228.5166015625	0.3	0.0	1	468002	n/a
228.52490234375	0.3	1.0	2	468019	n/a
228.533203125	0.3	0.0	1	468036	n/a
228.54150390625	0.3	1.0	2	468053	n/a
228.55029296875	0.3	0.0	1	468071	n/a
228.55859375	0.3	1.0	2	468088	n/a
228.56689453125	0.3	0.0	1	468105	n/a
228.5751953125	0.3	1.0	2	468122	n/a
228.58349609375	0.3	1.0	2	468139	n/a
228.591796875	0.3	0.0	1	468156	n/a
228.60009765625	0.3	0.0	1	468173	n/a
228.6083984375	0.3	1.0	2	468190	n/a
228.61669921875	0.3	0.0	1	468207	n/a
228.625	0.3	1.0	2	468224	n/a
228.63330078125	0.3	1.0	2	468241	n/a
228.6416015625	0.3	0.0	1	468258	n/a
228.64990234375	0.3	0.0	1	468275	n/a
228.658203125	0.3	1.0	2	468292	n/a
228.66650390625	0.3	0.0	1	468309	n/a
228.67529296875	0.3	1.0	2	468327	n/a
228.68359375	0.3	1.0	2	468344	n/a
228.69189453125	0.3	0.0	1	468361	n/a
228.7001953125	0.3	0.0	1	468378	n/a
228.70849609375	0.3	1.0	2	468395	n/a
228.716796875	0.3	0.0	1	468412	n/a
228.72509765625	0.3	1.0	2	468429	n/a
228.7333984375	0.3	1.0	2	468446	n/a
228.74169921875	0.3	0.0	1	468463	n/a
228.75	0.3	1.0	2	468480	n/a
228.75830078125	0.3	0.0	1	468497	n/a
228.7666015625	0.3	0.0	1	468514	n/a
228.77490234375	0.3	1.0	2	468531	n/a
228.783203125	0.3	1.0	2	468548	n/a
228.79150390625	0.3	0.0	1	468565	n/a
228.80029296875	0.3	0.0	1	468583	n/a
228.80859375	0.3	1.0	2	468600	n/a
228.81689453125	0.3	0.0	1	468617	n/a
228.8251953125	0.3	1.0	2	468634	n/a
228.83349609375	0.3	0.0	1	468651	n/a
228.841796875	0.3	1.0	2	468668	n/a
228.85009765625	0.3	1.0	2	468685	n/a
228.8583984375	0.3	0.0	1	468702	n/a
228.86669921875	0.3	0.0	1	468719	n/a
228.875	0.3	1.0	2	468736	n/a
228.88330078125	0.3	0.0	1	468753	n/a
228.8916015625	0.3	1.0	2	468770	n/a
228.89990234375	0.3	1.0	2	468787	n/a
228.908203125	0.3	0.0	1	468804	n/a
228.91650390625	0.3	0.0	1	468821	n/a
228.92529296875	0.3	1.0	2	468839	n/a
228.93359375	0.3	0.0	1	468856	n/a
228.94189453125	0.3	1.0	2	468873	n/a
228.9501953125	0.3	0.0	1	468890	n/a
228.95849609375	0.3	1.0	2	468907	n/a
228.966796875	0.3	0.0	1	468924	n/a
228.97509765625	0.3	1.0	2	468941	n/a
228.9833984375	0.3	0.0	1	468958	n/a
228.99169921875	0.3	1.0	2	468975	n/a
229.0	0.3	0.0	1	468992	n/a
229.00830078125	0.3	1.0	2	469009	n/a
229.0166015625	0.3	1.0	2	469026	n/a
229.02490234375	0.3	0.0	1	469043	n/a
229.033203125	0.3	1.0	2	469060	n/a
229.04150390625	0.3	0.0	1	469077	n/a
229.05029296875	0.3	0.0	1	469095	n/a
229.05859375	0.3	1.0	2	469112	n/a
229.06689453125	0.3	0.0	1	469129	n/a
229.0751953125	0.3	1.0	2	469146	n/a
229.08349609375	0.3	0.0	1	469163	n/a
229.091796875	0.3	1.0	2	469180	n/a
229.10009765625	0.3	0.0	1	469197	n/a
229.1083984375	0.3	1.0	2	469214	n/a
229.11669921875	0.3	1.0	2	469231	n/a
229.125	0.3	0.0	1	469248	n/a
229.13330078125	0.3	0.0	1	469265	n/a
229.1416015625	0.3	1.0	2	469282	n/a
229.14990234375	0.3	1.0	2	469299	n/a
229.158203125	0.3	0.0	1	469316	n/a
229.16650390625	0.3	1.0	2	469333	n/a
229.17529296875	0.3	0.0	1	469351	n/a
229.18359375	0.3	0.0	1	469368	n/a
229.19189453125	0.3	1.0	2	469385	n/a
229.2001953125	0.3	0.0	1	469402	n/a
229.20849609375	0.3	1.0	2	469419	n/a
229.216796875	0.3	1.0	2	469436	n/a
229.22509765625	0.3	0.0	1	469453	n/a
229.2333984375	0.3	1.0	2	469470	n/a
229.24169921875	0.3	0.0	1	469487	n/a
229.25	0.3	0.0	1	469504	n/a
229.25830078125	0.3	1.0	2	469521	n/a
229.2666015625	0.3	1.0	2	469538	n/a
229.27490234375	0.3	0.0	1	469555	n/a
229.283203125	0.3	0.0	1	469572	n/a
229.29150390625	0.3	1.0	2	469589	n/a
229.30029296875	0.3	1.0	2	469607	n/a
229.30859375	0.3	0.0	1	469624	n/a
229.31689453125	0.3	1.0	2	469641	n/a
229.3251953125	0.3	0.0	1	469658	n/a
229.33349609375	0.3	0.0	1	469675	n/a
229.341796875	0.3	1.0	2	469692	n/a
229.35009765625	0.3	1.0	2	469709	n/a
229.3583984375	0.3	0.0	1	469726	n/a
229.36669921875	0.3	0.0	1	469743	n/a
229.375	0.3	1.0	2	469760	n/a
229.38330078125	0.3	1.0	2	469777	n/a
229.3916015625	0.3	0.0	1	469794	n/a
229.39990234375	0.3	1.0	2	469811	n/a
229.408203125	0.3	0.0	1	469828	n/a
229.41650390625	0.3	1.0	2	469845	n/a
229.42529296875	0.3	0.0	1	469863	n/a
229.43359375	0.3	0.0	1	469880	n/a
229.44189453125	0.3	1.0	2	469897	n/a
229.4501953125	0.3	0.0	1	469914	n/a
229.45849609375	0.3	1.0	2	469931	n/a
229.466796875	0.3	0.0	1	469948	n/a
229.47509765625	0.3	1.0	2	469965	n/a
229.4833984375	0.3	0.0	1	469982	n/a
229.49169921875	0.3	1.0	2	469999	n/a
229.5	0.3	0.0	1	470016	n/a
229.50830078125	0.3	1.0	2	470033	n/a
229.5166015625	0.3	0.0	1	470050	n/a
229.52490234375	0.3	1.0	2	470067	n/a
229.533203125	0.3	1.0	2	470084	n/a
229.54150390625	0.3	0.0	1	470101	n/a
229.55029296875	0.3	0.0	1	470119	n/a
229.55859375	0.3	1.0	2	470136	n/a
229.56689453125	0.3	0.0	1	470153	n/a
229.5751953125	0.3	1.0	2	470170	n/a
229.58349609375	0.3	0.0	1	470187	n/a
229.591796875	0.3	1.0	2	470204	n/a
229.60009765625	0.3	0.0	1	470221	n/a
229.6083984375	0.3	1.0	2	470238	n/a
229.61669921875	0.3	0.0	1	470255	n/a
229.625	0.3	1.0	2	470272	n/a
229.63330078125	0.3	1.0	2	470289	n/a
229.6416015625	0.3	0.0	1	470306	n/a
229.64990234375	0.3	0.0	1	470323	n/a
229.658203125	0.3	1.0	2	470340	n/a
229.66650390625	0.3	0.0	1	470357	n/a
229.67529296875	0.3	1.0	2	470375	n/a
229.68359375	0.3	1.0	2	470392	n/a
229.69189453125	0.3	0.0	1	470409	n/a
229.7001953125	0.3	0.0	1	470426	n/a
229.70849609375	0.3	1.0	2	470443	n/a
229.716796875	0.3	0.0	1	470460	n/a
229.72509765625	0.3	1.0	2	470477	n/a
229.7333984375	0.3	1.0	2	470494	n/a
229.74169921875	0.3	0.0	1	470511	n/a
229.75	0.3	0.0	1	470528	n/a
229.75830078125	0.3	1.0	2	470545	n/a
229.7666015625	0.3	0.0	1	470562	n/a
229.77490234375	0.3	1.0	2	470579	n/a
229.783203125	0.3	1.0	2	470596	n/a
229.79150390625	0.3	0.0	1	470613	n/a
229.80029296875	0.3	1.0	2	470631	n/a
229.80859375	0.3	0.0	1	470648	n/a
229.81689453125	0.3	0.0	1	470665	n/a
229.8251953125	0.3	1.0	2	470682	n/a
229.83349609375	0.3	1.0	2	470699	n/a
229.841796875	0.3	0.0	1	470716	n/a
229.85009765625	0.3	0.0	1	470733	n/a
229.8583984375	0.3	1.0	2	470750	n/a
229.86669921875	0.3	0.0	1	470767	n/a
229.875	0.3	1.0	2	470784	n/a
229.88330078125	0.3	0.0	1	470801	n/a
229.8916015625	0.3	1.0	2	470818	n/a
229.89990234375	0.3	1.0	2	470835	n/a
229.908203125	0.3	0.0	1	470852	n/a
229.91650390625	0.3	0.0	1	470869	n/a
229.92529296875	0.3	1.0	2	470887	n/a
229.93359375	0.3	0.0	1	470904	n/a
229.94189453125	0.3	1.0	2	470921	n/a
229.9501953125	0.3	1.0	2	470938	n/a
229.95849609375	0.3	0.0	1	470955	n/a
229.966796875	0.3	0.0	1	470972	n/a
229.97509765625	0.3	1.0	2	470989	n/a
229.9833984375	0.3	0.0	1	471006	n/a
229.99169921875	0.3	1.0	2	471023	n/a
230.0	0.3	0.0	1	471040	n/a
230.00830078125	0.3	1.0	2	471057	n/a
230.0166015625	0.3	0.0	1	471074	n/a
230.02490234375	0.3	1.0	2	471091	n/a
230.033203125	0.3	0.0	1	471108	n/a
230.04150390625	0.3	1.0	2	471125	n/a
230.05029296875	0.3	0.0	1	471143	n/a
230.05859375	0.3	1.0	2	471160	n/a
230.06689453125	0.3	1.0	2	471177	n/a
230.0751953125	0.3	0.0	1	471194	n/a
230.08349609375	0.3	1.0	2	471211	n/a
230.091796875	0.3	0.0	1	471228	n/a
230.10009765625	0.3	0.0	1	471245	n/a
230.1083984375	0.3	1.0	2	471262	n/a
230.11669921875	0.3	0.0	1	471279	n/a
230.125	0.3	1.0	2	471296	n/a
230.13330078125	0.3	0.0	1	471313	n/a
230.1416015625	0.3	1.0	2	471330	n/a
230.14990234375	0.3	0.0	1	471347	n/a
230.158203125	0.3	1.0	2	471364	n/a
230.16650390625	0.3	1.0	2	471381	n/a
230.17529296875	0.3	0.0	1	471399	n/a
230.18359375	0.3	0.0	1	471416	n/a
230.19189453125	0.3	1.0	2	471433	n/a
230.2001953125	0.3	1.0	2	471450	n/a
230.20849609375	0.3	0.0	1	471467	n/a
230.216796875	0.3	1.0	2	471484	n/a
230.22509765625	0.3	0.0	1	471501	n/a
230.2333984375	0.3	0.0	1	471518	n/a
230.24169921875	0.3	1.0	2	471535	n/a
230.25	0.3	0.0	1	471552	n/a
230.25830078125	0.3	1.0	2	471569	n/a
230.2666015625	0.3	1.0	2	471586	n/a
230.27490234375	0.3	0.0	1	471603	n/a
230.283203125	0.3	1.0	2	471620	n/a
230.29150390625	0.3	0.0	1	471637	n/a
230.30029296875	0.3	0.0	1	471655	n/a
230.30859375	0.3	1.0	2	471672	n/a
230.31689453125	0.3	1.0	2	471689	n/a
230.3251953125	0.3	0.0	1	471706	n/a
230.33349609375	0.3	0.0	1	471723	n/a
230.341796875	0.3	1.0	2	471740	n/a
230.35009765625	0.3	1.0	2	471757	n/a
230.3583984375	0.3	0.0	1	471774	n/a
230.36669921875	0.3	1.0	2	471791	n/a
230.375	0.3	0.0	1	471808	n/a
230.38330078125	0.3	0.0	1	471825	n/a
230.3916015625	0.3	1.0	2	471842	n/a
230.39990234375	0.3	1.0	2	471859	n/a
230.408203125	0.3	0.0	1	471876	n/a
230.41650390625	0.3	0.0	1	471893	n/a
230.42529296875	0.3	1.0	2	471911	n/a
230.43359375	0.3	1.0	2	471928	n/a
230.44189453125	0.3	0.0	1	471945	n/a
230.4501953125	0.3	1.0	2	471962	n/a
230.45849609375	0.3	0.0	1	471979	n/a
230.466796875	0.3	1.0	2	471996	n/a
230.47509765625	0.3	0.0	1	472013	n/a
230.4833984375	0.3	0.0	1	472030	n/a
230.49169921875	0.3	1.0	2	472047	n/a
230.5	0.3	0.0	1	472064	n/a
230.50830078125	0.3	1.0	2	472081	n/a
230.5166015625	0.3	0.0	1	472098	n/a
230.52490234375	0.3	1.0	2	472115	n/a
230.533203125	0.3	0.0	1	472132	n/a
230.54150390625	0.3	1.0	2	472149	n/a
230.55029296875	0.3	0.0	1	472167	n/a
230.55859375	0.3	1.0	2	472184	n/a
230.56689453125	0.3	0.0	1	472201	n/a
230.5751953125	0.3	1.0	2	472218	n/a
230.58349609375	0.3	1.0	2	472235	n/a
230.591796875	0.3	0.0	1	472252	n/a
230.60009765625	0.3	0.0	1	472269	n/a
230.6083984375	0.3	1.0	2	472286	n/a
230.61669921875	0.3	0.0	1	472303	n/a
230.625	0.3	1.0	2	472320	n/a
230.63330078125	0.3	0.0	1	472337	n/a
230.6416015625	0.3	1.0	2	472354	n/a
230.64990234375	0.3	0.0	1	472371	n/a
230.658203125	0.3	1.0	2	472388	n/a
230.66650390625	0.3	0.0	1	472405	n/a
230.67529296875	0.3	1.0	2	472423	n/a
230.68359375	0.3	1.0	2	472440	n/a
230.69189453125	0.3	0.0	1	472457	n/a
230.7001953125	0.3	0.0	1	472474	n/a
230.70849609375	0.3	1.0	2	472491	n/a
230.716796875	0.3	0.0	1	472508	n/a
230.72509765625	0.3	1.0	2	472525	n/a
230.7333984375	0.3	1.0	2	472542	n/a
230.74169921875	0.3	0.0	1	472559	n/a
230.75	0.3	0.0	1	472576	n/a
230.75830078125	0.3	1.0	2	472593	n/a
230.7666015625	0.3	0.0	1	472610	n/a
230.77490234375	0.3	1.0	2	472627	n/a
230.783203125	0.3	1.0	2	472644	n/a
230.79150390625	0.3	0.0	1	472661	n/a
230.80029296875	0.3	0.0	1	472679	n/a
230.80859375	0.3	1.0	2	472696	n/a
230.81689453125	0.3	0.0	1	472713	n/a
230.8251953125	0.3	1.0	2	472730	n/a
230.83349609375	0.3	1.0	2	472747	n/a
230.841796875	0.3	0.0	1	472764	n/a
230.85009765625	0.3	1.0	2	472781	n/a
230.8583984375	0.3	0.0	1	472798	n/a
230.86669921875	0.3	0.0	1	472815	n/a
230.875	0.3	1.0	2	472832	n/a
230.88330078125	0.3	1.0	2	472849	n/a
230.8916015625	0.3	0.0	1	472866	n/a
230.89990234375	0.3	0.0	1	472883	n/a
230.908203125	0.3	1.0	2	472900	n/a
230.91650390625	0.3	0.0	1	472917	n/a
230.92529296875	0.3	1.0	2	472935	n/a
230.93359375	0.3	0.0	1	472952	n/a
230.94189453125	0.3	1.0	2	472969	n/a
230.9501953125	0.3	1.0	2	472986	n/a
230.95849609375	0.3	0.0	1	473003	n/a
230.966796875	0.3	0.0	1	473020	n/a
230.97509765625	0.3	1.0	2	473037	n/a
230.9833984375	0.3	0.0	1	473054	n/a
230.99169921875	0.3	1.0	2	473071	n/a
231.0	0.3	1.0	2	473088	n/a
231.00830078125	0.3	0.0	1	473105	n/a
231.0166015625	0.3	0.0	1	473122	n/a
231.02490234375	0.3	1.0	2	473139	n/a
231.033203125	0.3	0.0	1	473156	n/a
231.04150390625	0.3	1.0	2	473173	n/a
231.05029296875	0.3	0.0	1	473191	n/a
231.05859375	0.3	1.0	2	473208	n/a
231.06689453125	0.3	0.0	1	473225	n/a
231.0751953125	0.3	1.0	2	473242	n/a
231.08349609375	0.3	0.0	1	473259	n/a
231.091796875	0.3	1.0	2	473276	n/a
231.10009765625	0.3	0.0	1	473293	n/a
231.1083984375	0.3	1.0	2	473310	n/a
231.11669921875	0.3	1.0	2	473327	n/a
231.125	0.3	0.0	1	473344	n/a
231.13330078125	0.3	1.0	2	473361	n/a
231.1416015625	0.3	0.0	1	473378	n/a
231.14990234375	0.3	0.0	1	473395	n/a
231.158203125	0.3	1.0	2	473412	n/a
231.16650390625	0.3	0.0	1	473429	n/a
231.17529296875	0.3	1.0	2	473447	n/a
231.18359375	0.3	0.0	1	473464	n/a
231.19189453125	0.3	1.0	2	473481	n/a
231.2001953125	0.3	0.0	1	473498	n/a
231.20849609375	0.3	1.0	2	473515	n/a
231.216796875	0.3	1.0	2	473532	n/a
231.22509765625	0.3	0.0	1	473549	n/a
231.2333984375	0.3	0.0	1	473566	n/a
231.24169921875	0.3	1.0	2	473583	n/a
231.25	0.3	1.0	2	473600	n/a
231.25830078125	0.3	0.0	1	473617	n/a
231.2666015625	0.3	1.0	2	473634	n/a
231.27490234375	0.3	0.0	1	473651	n/a
231.283203125	0.3	0.0	1	473668	n/a
231.29150390625	0.3	1.0	2	473685	n/a
231.30029296875	0.3	0.0	1	473703	n/a
231.30859375	0.3	1.0	2	473720	n/a
231.31689453125	0.3	1.0	2	473737	n/a
231.3251953125	0.3	0.0	1	473754	n/a
231.33349609375	0.3	1.0	2	473771	n/a
231.341796875	0.3	0.0	1	473788	n/a
231.35009765625	0.3	0.0	1	473805	n/a
231.3583984375	0.3	1.0	2	473822	n/a
231.36669921875	0.3	1.0	2	473839	n/a
231.375	0.3	0.0	1	473856	n/a
231.38330078125	0.3	0.0	1	473873	n/a
231.3916015625	0.3	1.0	2	473890	n/a
231.39990234375	0.3	1.0	2	473907	n/a
231.408203125	0.3	0.0	1	473924	n/a
231.41650390625	0.3	1.0	2	473941	n/a
231.42529296875	0.3	0.0	1	473959	n/a
231.43359375	0.3	0.0	1	473976	n/a
231.44189453125	0.3	1.0	2	473993	n/a
231.4501953125	0.3	1.0	2	474010	n/a
231.45849609375	0.3	0.0	1	474027	n/a
231.466796875	0.3	0.0	1	474044	n/a
231.47509765625	0.3	1.0	2	474061	n/a
231.4833984375	0.3	1.0	2	474078	n/a
231.49169921875	0.3	0.0	1	474095	n/a
231.5	0.3	1.0	2	474112	n/a
231.50830078125	0.3	0.0	1	474129	n/a
231.5166015625	0.3	1.0	2	474146	n/a
231.52490234375	0.3	0.0	1	474163	n/a
231.533203125	0.3	0.0	1	474180	n/a
231.54150390625	0.3	1.0	2	474197	n/a
231.55029296875	0.3	0.0	1	474215	n/a
231.55859375	0.3	1.0	2	474232	n/a
231.56689453125	0.3	0.0	1	474249	n/a
231.5751953125	0.3	1.0	2	474266	n/a
231.58349609375	0.3	0.0	1	474283	n/a
231.591796875	0.3	1.0	2	474300	n/a
231.60009765625	0.3	0.0	1	474317	n/a
231.6083984375	0.3	1.0	2	474334	n/a
231.61669921875	0.3	0.0	1	474351	n/a
231.625	0.3	1.0	2	474368	n/a
231.63330078125	0.3	1.0	2	474385	n/a
231.6416015625	0.3	0.0	1	474402	n/a
231.64990234375	0.3	0.0	1	474419	n/a
231.658203125	0.3	1.0	2	474436	n/a
231.66650390625	0.3	0.0	1	474453	n/a
231.67529296875	0.3	1.0	2	474471	n/a
231.68359375	0.3	0.0	1	474488	n/a
231.69189453125	0.3	1.0	2	474505	n/a
231.7001953125	0.3	0.0	1	474522	n/a
231.70849609375	0.3	1.0	2	474539	n/a
231.716796875	0.3	0.0	1	474556	n/a
231.72509765625	0.3	1.0	2	474573	n/a
231.7333984375	0.3	1.0	2	474590	n/a
231.74169921875	0.3	0.0	1	474607	n/a
231.75	0.3	0.0	1	474624	n/a
231.75830078125	0.3	1.0	2	474641	n/a
231.7666015625	0.3	0.0	1	474658	n/a
231.77490234375	0.3	1.0	2	474675	n/a
231.783203125	0.3	1.0	2	474692	n/a
231.79150390625	0.3	0.0	1	474709	n/a
231.80029296875	0.3	0.0	1	474727	n/a
231.80859375	0.3	1.0	2	474744	n/a
231.81689453125	0.3	0.0	1	474761	n/a
231.8251953125	0.3	1.0	2	474778	n/a
231.83349609375	0.3	1.0	2	474795	n/a
231.841796875	0.3	0.0	1	474812	n/a
231.85009765625	0.3	0.0	1	474829	n/a
231.8583984375	0.3	1.0	2	474846	n/a
231.86669921875	0.3	0.0	1	474863	n/a
231.875	0.3	1.0	2	474880	n/a
231.88330078125	0.3	1.0	2	474897	n/a
231.8916015625	0.3	0.0	1	474914	n/a
231.89990234375	0.3	1.0	2	474931	n/a
231.908203125	0.3	0.0	1	474948	n/a
231.91650390625	0.3	0.0	1	474965	n/a
231.92529296875	0.3	1.0	2	474983	n/a
231.93359375	0.3	1.0	2	475000	n/a
231.94189453125	0.3	0.0	1	475017	n/a
231.9501953125	0.3	0.0	1	475034	n/a
231.95849609375	0.3	1.0	2	475051	n/a
231.966796875	0.3	0.0	1	475068	n/a
231.97509765625	0.3	1.0	2	475085	n/a
231.9833984375	0.3	0.0	1	475102	n/a
231.99169921875	0.3	1.0	2	475119	n/a
232.0	0.3	1.0	2	475136	n/a
232.00830078125	0.3	0.0	1	475153	n/a
232.0166015625	0.3	0.0	1	475170	n/a
232.02490234375	0.3	1.0	2	475187	n/a
232.033203125	0.3	0.0	1	475204	n/a
232.04150390625	0.3	1.0	2	475221	n/a
232.05029296875	0.3	1.0	2	475239	n/a
232.05859375	0.3	0.0	1	475256	n/a
232.06689453125	0.3	0.0	1	475273	n/a
232.0751953125	0.3	1.0	2	475290	n/a
232.08349609375	0.3	0.0	1	475307	n/a
232.091796875	0.3	1.0	2	475324	n/a
232.10009765625	0.3	0.0	1	475341	n/a
232.1083984375	0.3	1.0	2	475358	n/a
232.11669921875	0.3	0.0	1	475375	n/a
232.125	0.3	1.0	2	475392	n/a
232.13330078125	0.3	0.0	1	475409	n/a
232.1416015625	0.3	1.0	2	475426	n/a
232.14990234375	0.3	0.0	1	475443	n/a
232.158203125	0.3	1.0	2	475460	n/a
232.16650390625	0.3	1.0	2	475477	n/a
232.17529296875	0.3	0.0	1	475495	n/a
234.583984375	0.3	0.0	1	480428	21.0
234.59228515625	0.3	1.0	2	480445	n/a
234.6005859375	0.3	0.0	1	480462	n/a
234.60888671875	0.3	1.0	2	480479	n/a
234.6171875	0.3	1.0	2	480496	n/a
234.62548828125	0.3	0.0	1	480513	n/a
234.6337890625	0.3	0.0	1	480530	n/a
234.64208984375	0.3	1.0	2	480547	n/a
234.65087890625	0.3	1.0	2	480565	n/a
234.6591796875	0.3	0.0	1	480582	n/a
234.66748046875	0.3	1.0	2	480599	n/a
234.67578125	0.3	0.0	1	480616	n/a
234.68408203125	0.3	0.0	1	480633	n/a
234.6923828125	0.3	1.0	2	480650	n/a
234.70068359375	0.3	1.0	2	480667	n/a
234.708984375	0.3	0.0	1	480684	n/a
234.71728515625	0.3	0.0	1	480701	n/a
234.7255859375	0.3	1.0	2	480718	n/a
234.73388671875	0.3	1.0	2	480735	n/a
234.7421875	0.3	0.0	1	480752	n/a
234.75048828125	0.3	0.0	1	480769	n/a
234.7587890625	0.3	1.0	2	480786	n/a
234.76708984375	0.3	1.0	2	480803	n/a
234.77587890625	0.3	0.0	1	480821	n/a
234.7841796875	0.3	0.0	1	480838	n/a
234.79248046875	0.3	1.0	2	480855	n/a
234.80078125	0.3	1.0	2	480872	n/a
234.80908203125	0.3	0.0	1	480889	n/a
234.8173828125	0.3	0.0	1	480906	n/a
234.82568359375	0.3	1.0	2	480923	n/a
234.833984375	0.3	1.0	2	480940	n/a
234.84228515625	0.3	0.0	1	480957	n/a
234.8505859375	0.3	1.0	2	480974	n/a
234.85888671875	0.3	0.0	1	480991	n/a
234.8671875	0.3	0.0	1	481008	n/a
234.87548828125	0.3	1.0	2	481025	n/a
234.8837890625	0.3	1.0	2	481042	n/a
234.89208984375	0.3	0.0	1	481059	n/a
234.90087890625	0.3	0.0	1	481077	n/a
234.9091796875	0.3	1.0	2	481094	n/a
234.91748046875	0.3	0.0	1	481111	n/a
234.92578125	0.3	1.0	2	481128	n/a
234.93408203125	0.3	0.0	1	481145	n/a
234.9423828125	0.3	1.0	2	481162	n/a
234.95068359375	0.3	1.0	2	481179	n/a
234.958984375	0.3	0.0	1	481196	n/a
234.96728515625	0.3	0.0	1	481213	n/a
234.9755859375	0.3	1.0	2	481230	n/a
234.98388671875	0.3	1.0	2	481247	n/a
234.9921875	0.3	0.0	1	481264	n/a
235.00048828125	0.3	0.0	1	481281	n/a
235.0087890625	0.3	1.0	2	481298	n/a
235.01708984375	0.3	1.0	2	481315	n/a
235.02587890625	0.3	0.0	1	481333	n/a
235.0341796875	0.3	0.0	1	481350	n/a
235.04248046875	0.3	1.0	2	481367	n/a
235.05078125	0.3	0.0	1	481384	n/a
235.05908203125	0.3	1.0	2	481401	n/a
235.0673828125	0.3	1.0	2	481418	n/a
235.07568359375	0.3	0.0	1	481435	n/a
235.083984375	0.3	0.0	1	481452	n/a
235.09228515625	0.3	1.0	2	481469	n/a
235.1005859375	0.3	0.0	1	481486	n/a
235.10888671875	0.3	1.0	2	481503	n/a
235.1171875	0.3	1.0	2	481520	n/a
235.12548828125	0.3	0.0	1	481537	n/a
235.1337890625	0.3	1.0	2	481554	n/a
235.14208984375	0.3	0.0	1	481571	n/a
235.15087890625	0.3	0.0	1	481589	n/a
235.1591796875	0.3	1.0	2	481606	n/a
235.16748046875	0.3	0.0	1	481623	n/a
235.17578125	0.3	1.0	2	481640	n/a
235.18408203125	0.3	1.0	2	481657	n/a
235.1923828125	0.3	0.0	1	481674	n/a
235.20068359375	0.3	1.0	2	481691	n/a
235.208984375	0.3	0.0	1	481708	n/a
235.21728515625	0.3	0.0	1	481725	n/a
235.2255859375	0.3	1.0	2	481742	n/a
235.23388671875	0.3	1.0	2	481759	n/a
235.2421875	0.3	0.0	1	481776	n/a
235.25048828125	0.3	1.0	2	481793	n/a
235.2587890625	0.3	0.0	1	481810	n/a
235.26708984375	0.3	0.0	1	481827	n/a
235.27587890625	0.3	1.0	2	481845	n/a
235.2841796875	0.3	1.0	2	481862	n/a
235.29248046875	0.3	0.0	1	481879	n/a
235.30078125	0.3	0.0	1	481896	n/a
235.30908203125	0.3	1.0	2	481913	n/a
235.3173828125	0.3	0.0	1	481930	n/a
235.32568359375	0.3	1.0	2	481947	n/a
235.333984375	0.3	0.0	1	481964	n/a
235.34228515625	0.3	1.0	2	481981	n/a
235.3505859375	0.3	0.0	1	481998	n/a
235.35888671875	0.3	1.0	2	482015	n/a
235.3671875	0.3	1.0	2	482032	n/a
235.37548828125	0.3	0.0	1	482049	n/a
235.3837890625	0.3	1.0	2	482066	n/a
235.39208984375	0.3	0.0	1	482083	n/a
235.40087890625	0.3	0.0	1	482101	n/a
235.4091796875	0.3	1.0	2	482118	n/a
235.41748046875	0.3	0.0	1	482135	n/a
235.42578125	0.3	1.0	2	482152	n/a
235.43408203125	0.3	0.0	1	482169	n/a
235.4423828125	0.3	1.0	2	482186	n/a
235.45068359375	0.3	1.0	2	482203	n/a
235.458984375	0.3	0.0	1	482220	n/a
235.46728515625	0.3	1.0	2	482237	n/a
235.4755859375	0.3	0.0	1	482254	n/a
235.48388671875	0.3	0.0	1	482271	n/a
235.4921875	0.3	1.0	2	482288	n/a
235.50048828125	0.3	0.0	1	482305	n/a
235.5087890625	0.3	1.0	2	482322	n/a
235.51708984375	0.3	1.0	2	482339	n/a
235.52587890625	0.3	0.0	1	482357	n/a
235.5341796875	0.3	1.0	2	482374	n/a
235.54248046875	0.3	0.0	1	482391	n/a
235.55078125	0.3	1.0	2	482408	n/a
235.55908203125	0.3	0.0	1	482425	n/a
235.5673828125	0.3	1.0	2	482442	n/a
235.57568359375	0.3	0.0	1	482459	n/a
235.583984375	0.3	1.0	2	482476	n/a
235.59228515625	0.3	0.0	1	482493	n/a
235.6005859375	0.3	0.0	1	482510	n/a
235.60888671875	0.3	1.0	2	482527	n/a
235.6171875	0.3	1.0	2	482544	n/a
235.62548828125	0.3	0.0	1	482561	n/a
235.6337890625	0.3	0.0	1	482578	n/a
235.64208984375	0.3	1.0	2	482595	n/a
235.65087890625	0.3	0.0	1	482613	n/a
235.6591796875	0.3	1.0	2	482630	n/a
235.66748046875	0.3	1.0	2	482647	n/a
235.67578125	0.3	0.0	1	482664	n/a
235.68408203125	0.3	0.0	1	482681	n/a
235.6923828125	0.3	1.0	2	482698	n/a
235.70068359375	0.3	1.0	2	482715	n/a
235.708984375	0.3	0.0	1	482732	n/a
235.71728515625	0.3	1.0	2	482749	n/a
235.7255859375	0.3	0.0	1	482766	n/a
235.73388671875	0.3	0.0	1	482783	n/a
235.7421875	0.3	1.0	2	482800	n/a
235.75048828125	0.3	1.0	2	482817	n/a
235.7587890625	0.3	0.0	1	482834	n/a
235.76708984375	0.3	0.0	1	482851	n/a
235.77587890625	0.3	1.0	2	482869	n/a
235.7841796875	0.3	1.0	2	482886	n/a
235.79248046875	0.3	0.0	1	482903	n/a
235.80078125	0.3	0.0	1	482920	n/a
235.80908203125	0.3	1.0	2	482937	n/a
235.8173828125	0.3	1.0	2	482954	n/a
235.82568359375	0.3	0.0	1	482971	n/a
235.833984375	0.3	0.0	1	482988	n/a
235.84228515625	0.3	1.0	2	483005	n/a
235.8505859375	0.3	1.0	2	483022	n/a
235.85888671875	0.3	0.0	1	483039	n/a
235.8671875	0.3	0.0	1	483056	n/a
235.87548828125	0.3	1.0	2	483073	n/a
235.8837890625	0.3	1.0	2	483090	n/a
235.89208984375	0.3	0.0	1	483107	n/a
235.90087890625	0.3	1.0	2	483125	n/a
235.9091796875	0.3	0.0	1	483142	n/a
235.91748046875	0.3	0.0	1	483159	n/a
235.92578125	0.3	1.0	2	483176	n/a
235.93408203125	0.3	1.0	2	483193	n/a
235.9423828125	0.3	0.0	1	483210	n/a
235.95068359375	0.3	0.0	1	483227	n/a
235.958984375	0.3	1.0	2	483244	n/a
235.96728515625	0.3	0.0	1	483261	n/a
235.9755859375	0.3	1.0	2	483278	n/a
235.98388671875	0.3	0.0	1	483295	n/a
235.9921875	0.3	1.0	2	483312	n/a
236.00048828125	0.3	1.0	2	483329	n/a
236.0087890625	0.3	0.0	1	483346	n/a
236.01708984375	0.3	0.0	1	483363	n/a
236.02587890625	0.3	1.0	2	483381	n/a
236.0341796875	0.3	1.0	2	483398	n/a
236.04248046875	0.3	0.0	1	483415	n/a
236.05078125	0.3	0.0	1	483432	n/a
236.05908203125	0.3	1.0	2	483449	n/a
236.0673828125	0.3	1.0	2	483466	n/a
236.07568359375	0.3	0.0	1	483483	n/a
236.083984375	0.3	0.0	1	483500	n/a
236.09228515625	0.3	1.0	2	483517	n/a
236.1005859375	0.3	0.0	1	483534	n/a
236.10888671875	0.3	1.0	2	483551	n/a
236.1171875	0.3	1.0	2	483568	n/a
236.12548828125	0.3	0.0	1	483585	n/a
236.1337890625	0.3	0.0	1	483602	n/a
236.14208984375	0.3	1.0	2	483619	n/a
236.15087890625	0.3	0.0	1	483637	n/a
236.1591796875	0.3	1.0	2	483654	n/a
236.16748046875	0.3	1.0	2	483671	n/a
236.17578125	0.3	0.0	1	483688	n/a
236.18408203125	0.3	1.0	2	483705	n/a
236.1923828125	0.3	0.0	1	483722	n/a
236.20068359375	0.3	0.0	1	483739	n/a
236.208984375	0.3	1.0	2	483756	n/a
236.21728515625	0.3	0.0	1	483773	n/a
236.2255859375	0.3	1.0	2	483790	n/a
236.23388671875	0.3	1.0	2	483807	n/a
236.2421875	0.3	0.0	1	483824	n/a
236.25048828125	0.3	1.0	2	483841	n/a
236.2587890625	0.3	0.0	1	483858	n/a
236.26708984375	0.3	0.0	1	483875	n/a
236.27587890625	0.3	1.0	2	483893	n/a
236.2841796875	0.3	1.0	2	483910	n/a
236.29248046875	0.3	0.0	1	483927	n/a
236.30078125	0.3	1.0	2	483944	n/a
236.30908203125	0.3	0.0	1	483961	n/a
236.3173828125	0.3	0.0	1	483978	n/a
236.32568359375	0.3	1.0	2	483995	n/a
236.333984375	0.3	1.0	2	484012	n/a
236.34228515625	0.3	0.0	1	484029	n/a
236.3505859375	0.3	0.0	1	484046	n/a
236.35888671875	0.3	1.0	2	484063	n/a
236.3671875	0.3	0.0	1	484080	n/a
236.37548828125	0.3	1.0	2	484097	n/a
236.3837890625	0.3	0.0	1	484114	n/a
236.39208984375	0.3	1.0	2	484131	n/a
236.40087890625	0.3	0.0	1	484149	n/a
236.4091796875	0.3	1.0	2	484166	n/a
236.41748046875	0.3	1.0	2	484183	n/a
236.42578125	0.3	0.0	1	484200	n/a
236.43408203125	0.3	1.0	2	484217	n/a
236.4423828125	0.3	0.0	1	484234	n/a
236.45068359375	0.3	0.0	1	484251	n/a
236.458984375	0.3	1.0	2	484268	n/a
236.46728515625	0.3	0.0	1	484285	n/a
236.4755859375	0.3	1.0	2	484302	n/a
236.48388671875	0.3	0.0	1	484319	n/a
236.4921875	0.3	1.0	2	484336	n/a
236.50048828125	0.3	1.0	2	484353	n/a
236.5087890625	0.3	0.0	1	484370	n/a
236.51708984375	0.3	1.0	2	484387	n/a
236.52587890625	0.3	0.0	1	484405	n/a
236.5341796875	0.3	0.0	1	484422	n/a
236.54248046875	0.3	1.0	2	484439	n/a
236.55078125	0.3	0.0	1	484456	n/a
236.55908203125	0.3	1.0	2	484473	n/a
236.5673828125	0.3	1.0	2	484490	n/a
236.57568359375	0.3	0.0	1	484507	n/a
236.583984375	0.3	1.0	2	484524	n/a
236.59228515625	0.3	0.0	1	484541	n/a
236.6005859375	0.3	1.0	2	484558	n/a
236.60888671875	0.3	0.0	1	484575	n/a
236.6171875	0.3	1.0	2	484592	n/a
236.62548828125	0.3	0.0	1	484609	n/a
236.6337890625	0.3	1.0	2	484626	n/a
236.64208984375	0.3	0.0	1	484643	n/a
236.65087890625	0.3	0.0	1	484661	n/a
236.6591796875	0.3	1.0	2	484678	n/a
236.66748046875	0.3	1.0	2	484695	n/a
236.67578125	0.3	0.0	1	484712	n/a
236.68408203125	0.3	0.0	1	484729	n/a
236.6923828125	0.3	1.0	2	484746	n/a
236.70068359375	0.3	0.0	1	484763	n/a
236.708984375	0.3	1.0	2	484780	n/a
236.71728515625	0.3	1.0	2	484797	n/a
236.7255859375	0.3	0.0	1	484814	n/a
236.73388671875	0.3	0.0	1	484831	n/a
236.7421875	0.3	1.0	2	484848	n/a
236.75048828125	0.3	1.0	2	484865	n/a
236.7587890625	0.3	0.0	1	484882	n/a
236.76708984375	0.3	1.0	2	484899	n/a
236.77587890625	0.3	0.0	1	484917	n/a
236.7841796875	0.3	0.0	1	484934	n/a
236.79248046875	0.3	1.0	2	484951	n/a
236.80078125	0.3	1.0	2	484968	n/a
236.80908203125	0.3	0.0	1	484985	n/a
236.8173828125	0.3	0.0	1	485002	n/a
236.82568359375	0.3	1.0	2	485019	n/a
236.833984375	0.3	1.0	2	485036	n/a
236.84228515625	0.3	0.0	1	485053	n/a
236.8505859375	0.3	0.0	1	485070	n/a
236.85888671875	0.3	1.0	2	485087	n/a
236.8671875	0.3	1.0	2	485104	n/a
236.87548828125	0.3	0.0	1	485121	n/a
236.8837890625	0.3	0.0	1	485138	n/a
236.89208984375	0.3	1.0	2	485155	n/a
236.90087890625	0.3	1.0	2	485173	n/a
236.9091796875	0.3	0.0	1	485190	n/a
236.91748046875	0.3	0.0	1	485207	n/a
236.92578125	0.3	1.0	2	485224	n/a
236.93408203125	0.3	1.0	2	485241	n/a
236.9423828125	0.3	0.0	1	485258	n/a
236.95068359375	0.3	1.0	2	485275	n/a
236.958984375	0.3	0.0	1	485292	n/a
236.96728515625	0.3	0.0	1	485309	n/a
236.9755859375	0.3	1.0	2	485326	n/a
236.98388671875	0.3	1.0	2	485343	n/a
236.9921875	0.3	0.0	1	485360	n/a
237.00048828125	0.3	0.0	1	485377	n/a
237.0087890625	0.3	1.0	2	485394	n/a
237.01708984375	0.3	0.0	1	485411	n/a
237.02587890625	0.3	1.0	2	485429	n/a
237.0341796875	0.3	0.0	1	485446	n/a
237.04248046875	0.3	1.0	2	485463	n/a
237.05078125	0.3	1.0	2	485480	n/a
237.05908203125	0.3	0.0	1	485497	n/a
237.0673828125	0.3	0.0	1	485514	n/a
237.07568359375	0.3	1.0	2	485531	n/a
237.083984375	0.3	1.0	2	485548	n/a
237.09228515625	0.3	0.0	1	485565	n/a
237.1005859375	0.3	0.0	1	485582	n/a
237.10888671875	0.3	1.0	2	485599	n/a
237.1171875	0.3	1.0	2	485616	n/a
237.12548828125	0.3	0.0	1	485633	n/a
237.1337890625	0.3	0.0	1	485650	n/a
237.14208984375	0.3	1.0	2	485667	n/a
237.15087890625	0.3	0.0	1	485685	n/a
237.1591796875	0.3	1.0	2	485702	n/a
237.16748046875	0.3	1.0	2	485719	n/a
237.17578125	0.3	0.0	1	485736	n/a
237.18408203125	0.3	0.0	1	485753	n/a
237.1923828125	0.3	1.0	2	485770	n/a
237.20068359375	0.3	0.0	1	485787	n/a
237.208984375	0.3	1.0	2	485804	n/a
237.21728515625	0.3	1.0	2	485821	n/a
237.2255859375	0.3	0.0	1	485838	n/a
237.23388671875	0.3	1.0	2	485855	n/a
237.2421875	0.3	0.0	1	485872	n/a
237.25048828125	0.3	0.0	1	485889	n/a
237.2587890625	0.3	1.0	2	485906	n/a
237.26708984375	0.3	0.0	1	485923	n/a
237.27587890625	0.3	1.0	2	485941	n/a
237.2841796875	0.3	1.0	2	485958	n/a
237.29248046875	0.3	0.0	1	485975	n/a
237.30078125	0.3	1.0	2	485992	n/a
237.30908203125	0.3	0.0	1	486009	n/a
237.3173828125	0.3	0.0	1	486026	n/a
237.32568359375	0.3	1.0	2	486043	n/a
237.333984375	0.3	1.0	2	486060	n/a
237.34228515625	0.3	0.0	1	486077	n/a
237.3505859375	0.3	1.0	2	486094	n/a
237.35888671875	0.3	0.0	1	486111	n/a
237.3671875	0.3	0.0	1	486128	n/a
237.37548828125	0.3	1.0	2	486145	n/a
237.3837890625	0.3	1.0	2	486162	n/a
237.39208984375	0.3	0.0	1	486179	n/a
237.40087890625	0.3	0.0	1	486197	n/a
237.4091796875	0.3	1.0	2	486214	n/a
237.41748046875	0.3	0.0	1	486231	n/a
237.42578125	0.3	1.0	2	486248	n/a
237.43408203125	0.3	0.0	1	486265	n/a
237.4423828125	0.3	1.0	2	486282	n/a
237.45068359375	0.3	0.0	1	486299	n/a
237.458984375	0.3	1.0	2	486316	n/a
237.46728515625	0.3	1.0	2	486333	n/a
237.4755859375	0.3	0.0	1	486350	n/a
237.48388671875	0.3	1.0	2	486367	n/a
237.4921875	0.3	0.0	1	486384	n/a
237.50048828125	0.3	0.0	1	486401	n/a
237.5087890625	0.3	1.0	2	486418	n/a
237.51708984375	0.3	0.0	1	486435	n/a
237.52587890625	0.3	1.0	2	486453	n/a
237.5341796875	0.3	0.0	1	486470	n/a
237.54248046875	0.3	1.0	2	486487	n/a
237.55078125	0.3	1.0	2	486504	n/a
237.55908203125	0.3	0.0	1	486521	n/a
237.5673828125	0.3	1.0	2	486538	n/a
237.57568359375	0.3	0.0	1	486555	n/a
237.583984375	0.3	0.0	1	486572	n/a
237.59228515625	0.3	1.0	2	486589	n/a
237.6005859375	0.3	0.0	1	486606	n/a
237.60888671875	0.3	1.0	2	486623	n/a
237.6171875	0.3	1.0	2	486640	n/a
237.62548828125	0.3	0.0	1	486657	n/a
237.6337890625	0.3	1.0	2	486674	n/a
237.64208984375	0.3	0.0	1	486691	n/a
237.65087890625	0.3	1.0	2	486709	n/a
237.6591796875	0.3	0.0	1	486726	n/a
237.66748046875	0.3	1.0	2	486743	n/a
237.67578125	0.3	0.0	1	486760	n/a
237.68408203125	0.3	1.0	2	486777	n/a
237.6923828125	0.3	0.0	1	486794	n/a
237.70068359375	0.3	0.0	1	486811	n/a
237.708984375	0.3	1.0	2	486828	n/a
237.71728515625	0.3	1.0	2	486845	n/a
237.7255859375	0.3	0.0	1	486862	n/a
237.73388671875	0.3	0.0	1	486879	n/a
237.7421875	0.3	1.0	2	486896	n/a
237.75048828125	0.3	0.0	1	486913	n/a
237.7587890625	0.3	1.0	2	486930	n/a
237.76708984375	0.3	1.0	2	486947	n/a
237.77587890625	0.3	0.0	1	486965	n/a
237.7841796875	0.3	0.0	1	486982	n/a
237.79248046875	0.3	1.0	2	486999	n/a
237.80078125	0.3	1.0	2	487016	n/a
237.80908203125	0.3	0.0	1	487033	n/a
237.8173828125	0.3	1.0	2	487050	n/a
237.82568359375	0.3	0.0	1	487067	n/a
237.833984375	0.3	0.0	1	487084	n/a
237.84228515625	0.3	1.0	2	487101	n/a
237.8505859375	0.3	1.0	2	487118	n/a
237.85888671875	0.3	0.0	1	487135	n/a
237.8671875	0.3	0.0	1	487152	n/a
237.87548828125	0.3	1.0	2	487169	n/a
237.8837890625	0.3	1.0	2	487186	n/a
237.89208984375	0.3	0.0	1	487203	n/a
237.90087890625	0.3	0.0	1	487221	n/a
237.9091796875	0.3	1.0	2	487238	n/a
237.91748046875	0.3	1.0	2	487255	n/a
237.92578125	0.3	0.0	1	487272	n/a
237.93408203125	0.3	0.0	1	487289	n/a
237.9423828125	0.3	1.0	2	487306	n/a
237.95068359375	0.3	1.0	2	487323	n/a
237.958984375	0.3	0.0	1	487340	n/a
237.96728515625	0.3	0.0	1	487357	n/a
237.9755859375	0.3	1.0	2	487374	n/a
237.98388671875	0.3	1.0	2	487391	n/a
237.9921875	0.3	0.0	1	487408	n/a
238.00048828125	0.3	1.0	2	487425	n/a
238.0087890625	0.3	0.0	1	487442	n/a
238.01708984375	0.3	0.0	1	487459	n/a
238.02587890625	0.3	1.0	2	487477	n/a
238.0341796875	0.3	1.0	2	487494	n/a
238.04248046875	0.3	0.0	1	487511	n/a
238.05078125	0.3	0.0	1	487528	n/a
238.05908203125	0.3	1.0	2	487545	n/a
238.0673828125	0.3	0.0	1	487562	n/a
238.07568359375	0.3	1.0	2	487579	n/a
238.083984375	0.3	0.0	1	487596	n/a
238.09228515625	0.3	1.0	2	487613	n/a
238.1005859375	0.3	1.0	2	487630	n/a
238.10888671875	0.3	0.0	1	487647	n/a
238.1171875	0.3	0.0	1	487664	n/a
238.12548828125	0.3	1.0	2	487681	n/a
238.1337890625	0.3	1.0	2	487698	n/a
238.14208984375	0.3	0.0	1	487715	n/a
238.15087890625	0.3	0.0	1	487733	n/a
238.1591796875	0.3	1.0	2	487750	n/a
238.16748046875	0.3	1.0	2	487767	n/a
238.17578125	0.3	0.0	1	487784	n/a
238.18408203125	0.3	0.0	1	487801	n/a
238.1923828125	0.3	1.0	2	487818	n/a
238.20068359375	0.3	0.0	1	487835	n/a
238.208984375	0.3	1.0	2	487852	n/a
238.21728515625	0.3	1.0	2	487869	n/a
238.2255859375	0.3	0.0	1	487886	n/a
238.23388671875	0.3	0.0	1	487903	n/a
238.2421875	0.3	1.0	2	487920	n/a
238.25048828125	0.3	0.0	1	487937	n/a
238.2587890625	0.3	1.0	2	487954	n/a
238.26708984375	0.3	1.0	2	487971	n/a
238.27587890625	0.3	0.0	1	487989	n/a
238.2841796875	0.3	1.0	2	488006	n/a
238.29248046875	0.3	0.0	1	488023	n/a
238.30078125	0.3	0.0	1	488040	n/a
238.30908203125	0.3	1.0	2	488057	n/a
238.3173828125	0.3	0.0	1	488074	n/a
238.32568359375	0.3	1.0	2	488091	n/a
238.333984375	0.3	1.0	2	488108	n/a
238.34228515625	0.3	0.0	1	488125	n/a
238.3505859375	0.3	1.0	2	488142	n/a
238.35888671875	0.3	0.0	1	488159	n/a
238.3671875	0.3	0.0	1	488176	n/a
238.37548828125	0.3	1.0	2	488193	n/a
238.3837890625	0.3	1.0	2	488210	n/a
238.39208984375	0.3	0.0	1	488227	n/a
238.40087890625	0.3	1.0	2	488245	n/a
238.4091796875	0.3	0.0	1	488262	n/a
238.41748046875	0.3	0.0	1	488279	n/a
238.42578125	0.3	1.0	2	488296	n/a
238.43408203125	0.3	1.0	2	488313	n/a
238.4423828125	0.3	0.0	1	488330	n/a
238.45068359375	0.3	0.0	1	488347	n/a
238.458984375	0.3	1.0	2	488364	n/a
238.46728515625	0.3	0.0	1	488381	n/a
238.4755859375	0.3	1.0	2	488398	n/a
238.48388671875	0.3	0.0	1	488415	n/a
238.4921875	0.3	1.0	2	488432	n/a
238.50048828125	0.3	0.0	1	488449	n/a
238.5087890625	0.3	1.0	2	488466	n/a
238.51708984375	0.3	1.0	2	488483	n/a
238.52587890625	0.3	0.0	1	488501	n/a
238.5341796875	0.3	1.0	2	488518	n/a
238.54248046875	0.3	0.0	1	488535	n/a
238.55078125	0.3	0.0	1	488552	n/a
238.55908203125	0.3	1.0	2	488569	n/a
238.5673828125	0.3	0.0	1	488586	n/a
238.57568359375	0.3	1.0	2	488603	n/a
238.583984375	0.3	0.0	1	488620	n/a
238.59228515625	0.3	1.0	2	488637	n/a
238.6005859375	0.3	1.0	2	488654	n/a
238.60888671875	0.3	0.0	1	488671	n/a
238.6171875	0.3	1.0	2	488688	n/a
238.62548828125	0.3	0.0	1	488705	n/a
238.6337890625	0.3	0.0	1	488722	n/a
238.64208984375	0.3	1.0	2	488739	n/a
238.65087890625	0.3	0.0	1	488757	n/a
238.6591796875	0.3	1.0	2	488774	n/a
238.66748046875	0.3	1.0	2	488791	n/a
238.67578125	0.3	0.0	1	488808	n/a
238.68408203125	0.3	1.0	2	488825	n/a
238.6923828125	0.3	0.0	1	488842	n/a
238.70068359375	0.3	1.0	2	488859	n/a
238.708984375	0.3	0.0	1	488876	n/a
238.71728515625	0.3	1.0	2	488893	n/a
238.7255859375	0.3	0.0	1	488910	n/a
238.73388671875	0.3	1.0	2	488927	n/a
238.7421875	0.3	0.0	1	488944	n/a
238.75048828125	0.3	0.0	1	488961	n/a
238.7587890625	0.3	1.0	2	488978	n/a
238.76708984375	0.3	1.0	2	488995	n/a
238.77587890625	0.3	0.0	1	489013	n/a
241.1923828125	0.3	0.0	1	493962	4.0
241.20068359375	0.3	1.0	2	493979	n/a
241.208984375	0.3	0.0	1	493996	n/a
241.21728515625	0.3	1.0	2	494013	n/a
241.2255859375	0.3	1.0	2	494030	n/a
241.23388671875	0.3	0.0	1	494047	n/a
241.2421875	0.3	0.0	1	494064	n/a
241.25048828125	0.3	1.0	2	494081	n/a
241.25927734375	0.3	0.0	1	494099	n/a
241.267578125	0.3	1.0	2	494116	n/a
241.27587890625	0.3	1.0	2	494133	n/a
241.2841796875	0.3	0.0	1	494150	n/a
241.29248046875	0.3	1.0	2	494167	n/a
241.30078125	0.3	0.0	1	494184	n/a
241.30908203125	0.3	0.0	1	494201	n/a
241.3173828125	0.3	1.0	2	494218	n/a
241.32568359375	0.3	1.0	2	494235	n/a
241.333984375	0.3	0.0	1	494252	n/a
241.34228515625	0.3	0.0	1	494269	n/a
241.3505859375	0.3	1.0	2	494286	n/a
241.35888671875	0.3	1.0	2	494303	n/a
241.3671875	0.3	0.0	1	494320	n/a
241.37548828125	0.3	0.0	1	494337	n/a
241.38427734375	0.3	1.0	2	494355	n/a
241.392578125	0.3	0.0	1	494372	n/a
241.40087890625	0.3	1.0	2	494389	n/a
241.4091796875	0.3	1.0	2	494406	n/a
241.41748046875	0.3	0.0	1	494423	n/a
241.42578125	0.3	1.0	2	494440	n/a
241.43408203125	0.3	0.0	1	494457	n/a
241.4423828125	0.3	1.0	2	494474	n/a
241.45068359375	0.3	0.0	1	494491	n/a
241.458984375	0.3	0.0	1	494508	n/a
241.46728515625	0.3	1.0	2	494525	n/a
241.4755859375	0.3	0.0	1	494542	n/a
241.48388671875	0.3	1.0	2	494559	n/a
241.4921875	0.3	0.0	1	494576	n/a
241.50048828125	0.3	1.0	2	494593	n/a
241.50927734375	0.3	0.0	1	494611	n/a
241.517578125	0.3	1.0	2	494628	n/a
241.52587890625	0.3	0.0	1	494645	n/a
241.5341796875	0.3	1.0	2	494662	n/a
241.54248046875	0.3	0.0	1	494679	n/a
241.55078125	0.3	1.0	2	494696	n/a
241.55908203125	0.3	0.0	1	494713	n/a
241.5673828125	0.3	1.0	2	494730	n/a
241.57568359375	0.3	1.0	2	494747	n/a
241.583984375	0.3	0.0	1	494764	n/a
241.59228515625	0.3	1.0	2	494781	n/a
241.6005859375	0.3	0.0	1	494798	n/a
241.60888671875	0.3	0.0	1	494815	n/a
241.6171875	0.3	1.0	2	494832	n/a
241.62548828125	0.3	0.0	1	494849	n/a
241.63427734375	0.3	1.0	2	494867	n/a
241.642578125	0.3	1.0	2	494884	n/a
241.65087890625	0.3	0.0	1	494901	n/a
241.6591796875	0.3	1.0	2	494918	n/a
241.66748046875	0.3	0.0	1	494935	n/a
241.67578125	0.3	0.0	1	494952	n/a
241.68408203125	0.3	1.0	2	494969	n/a
241.6923828125	0.3	0.0	1	494986	n/a
241.70068359375	0.3	1.0	2	495003	n/a
241.708984375	0.3	1.0	2	495020	n/a
241.71728515625	0.3	0.0	1	495037	n/a
241.7255859375	0.3	0.0	1	495054	n/a
241.73388671875	0.3	1.0	2	495071	n/a
241.7421875	0.3	0.0	1	495088	n/a
241.75048828125	0.3	1.0	2	495105	n/a
241.75927734375	0.3	0.0	1	495123	n/a
241.767578125	0.3	1.0	2	495140	n/a
241.77587890625	0.3	1.0	2	495157	n/a
241.7841796875	0.3	0.0	1	495174	n/a
241.79248046875	0.3	1.0	2	495191	n/a
241.80078125	0.3	0.0	1	495208	n/a
241.80908203125	0.3	0.0	1	495225	n/a
241.8173828125	0.3	1.0	2	495242	n/a
241.82568359375	0.3	1.0	2	495259	n/a
241.833984375	0.3	0.0	1	495276	n/a
241.84228515625	0.3	1.0	2	495293	n/a
241.8505859375	0.3	0.0	1	495310	n/a
241.85888671875	0.3	0.0	1	495327	n/a
241.8671875	0.3	1.0	2	495344	n/a
241.87548828125	0.3	0.0	1	495361	n/a
241.88427734375	0.3	1.0	2	495379	n/a
241.892578125	0.3	1.0	2	495396	n/a
241.90087890625	0.3	0.0	1	495413	n/a
241.9091796875	0.3	1.0	2	495430	n/a
241.91748046875	0.3	0.0	1	495447	n/a
241.92578125	0.3	1.0	2	495464	n/a
241.93408203125	0.3	0.0	1	495481	n/a
241.9423828125	0.3	0.0	1	495498	n/a
241.95068359375	0.3	1.0	2	495515	n/a
241.958984375	0.3	1.0	2	495532	n/a
241.96728515625	0.3	0.0	1	495549	n/a
241.9755859375	0.3	0.0	1	495566	n/a
241.98388671875	0.3	1.0	2	495583	n/a
241.9921875	0.3	1.0	2	495600	n/a
242.00048828125	0.3	0.0	1	495617	n/a
242.00927734375	0.3	0.0	1	495635	n/a
242.017578125	0.3	1.0	2	495652	n/a
242.02587890625	0.3	0.0	1	495669	n/a
242.0341796875	0.3	1.0	2	495686	n/a
242.04248046875	0.3	1.0	2	495703	n/a
242.05078125	0.3	0.0	1	495720	n/a
242.05908203125	0.3	1.0	2	495737	n/a
242.0673828125	0.3	0.0	1	495754	n/a
242.07568359375	0.3	1.0	2	495771	n/a
242.083984375	0.3	0.0	1	495788	n/a
242.09228515625	0.3	1.0	2	495805	n/a
242.1005859375	0.3	0.0	1	495822	n/a
242.10888671875	0.3	0.0	1	495839	n/a
242.1171875	0.3	1.0	2	495856	n/a
242.12548828125	0.3	1.0	2	495873	n/a
242.13427734375	0.3	0.0	1	495891	n/a
242.142578125	0.3	1.0	2	495908	n/a
242.15087890625	0.3	0.0	1	495925	n/a
242.1591796875	0.3	1.0	2	495942	n/a
242.16748046875	0.3	0.0	1	495959	n/a
242.17578125	0.3	0.0	1	495976	n/a
242.18408203125	0.3	1.0	2	495993	n/a
242.1923828125	0.3	0.0	1	496010	n/a
242.20068359375	0.3	1.0	2	496027	n/a
242.208984375	0.3	1.0	2	496044	n/a
242.21728515625	0.3	0.0	1	496061	n/a
242.2255859375	0.3	1.0	2	496078	n/a
242.23388671875	0.3	0.0	1	496095	n/a
242.2421875	0.3	0.0	1	496112	n/a
242.25048828125	0.3	1.0	2	496129	n/a
242.25927734375	0.3	0.0	1	496147	n/a
242.267578125	0.3	1.0	2	496164	n/a
242.27587890625	0.3	1.0	2	496181	n/a
242.2841796875	0.3	0.0	1	496198	n/a
242.29248046875	0.3	0.0	1	496215	n/a
242.30078125	0.3	1.0	2	496232	n/a
242.30908203125	0.3	0.0	1	496249	n/a
242.3173828125	0.3	1.0	2	496266	n/a
242.32568359375	0.3	1.0	2	496283	n/a
242.333984375	0.3	0.0	1	496300	n/a
242.34228515625	0.3	1.0	2	496317	n/a
242.3505859375	0.3	0.0	1	496334	n/a
242.35888671875	0.3	0.0	1	496351	n/a
242.3671875	0.3	1.0	2	496368	n/a
242.37548828125	0.3	1.0	2	496385	n/a
242.38427734375	0.3	0.0	1	496403	n/a
242.392578125	0.3	0.0	1	496420	n/a
242.40087890625	0.3	1.0	2	496437	n/a
242.4091796875	0.3	1.0	2	496454	n/a
242.41748046875	0.3	0.0	1	496471	n/a
242.42578125	0.3	0.0	1	496488	n/a
242.43408203125	0.3	1.0	2	496505	n/a
242.4423828125	0.3	0.0	1	496522	n/a
242.45068359375	0.3	1.0	2	496539	n/a
242.458984375	0.3	1.0	2	496556	n/a
242.46728515625	0.3	0.0	1	496573	n/a
242.4755859375	0.3	1.0	2	496590	n/a
242.48388671875	0.3	0.0	1	496607	n/a
242.4921875	0.3	1.0	2	496624	n/a
242.50048828125	0.3	0.0	1	496641	n/a
242.50927734375	0.3	0.0	1	496659	n/a
242.517578125	0.3	1.0	2	496676	n/a
242.52587890625	0.3	0.0	1	496693	n/a
242.5341796875	0.3	1.0	2	496710	n/a
242.54248046875	0.3	0.0	1	496727	n/a
242.55078125	0.3	1.0	2	496744	n/a
242.55908203125	0.3	0.0	1	496761	n/a
242.5673828125	0.3	1.0	2	496778	n/a
242.57568359375	0.3	0.0	1	496795	n/a
242.583984375	0.3	1.0	2	496812	n/a
242.59228515625	0.3	0.0	1	496829	n/a
242.6005859375	0.3	1.0	2	496846	n/a
242.60888671875	0.3	0.0	1	496863	n/a
242.6171875	0.3	1.0	2	496880	n/a
242.62548828125	0.3	1.0	2	496897	n/a
242.63427734375	0.3	0.0	1	496915	n/a
242.642578125	0.3	1.0	2	496932	n/a
242.65087890625	0.3	0.0	1	496949	n/a
242.6591796875	0.3	0.0	1	496966	n/a
242.66748046875	0.3	1.0	2	496983	n/a
242.67578125	0.3	0.0	1	497000	n/a
242.68408203125	0.3	1.0	2	497017	n/a
242.6923828125	0.3	1.0	2	497034	n/a
242.70068359375	0.3	0.0	1	497051	n/a
242.708984375	0.3	1.0	2	497068	n/a
242.71728515625	0.3	0.0	1	497085	n/a
242.7255859375	0.3	0.0	1	497102	n/a
242.73388671875	0.3	1.0	2	497119	n/a
242.7421875	0.3	0.0	1	497136	n/a
242.75048828125	0.3	1.0	2	497153	n/a
242.75927734375	0.3	1.0	2	497171	n/a
242.767578125	0.3	0.0	1	497188	n/a
242.77587890625	0.3	0.0	1	497205	n/a
242.7841796875	0.3	1.0	2	497222	n/a
242.79248046875	0.3	0.0	1	497239	n/a
242.80078125	0.3	1.0	2	497256	n/a
242.80908203125	0.3	0.0	1	497273	n/a
242.8173828125	0.3	1.0	2	497290	n/a
242.82568359375	0.3	1.0	2	497307	n/a
242.833984375	0.3	0.0	1	497324	n/a
242.84228515625	0.3	1.0	2	497341	n/a
242.8505859375	0.3	0.0	1	497358	n/a
242.85888671875	0.3	0.0	1	497375	n/a
242.8671875	0.3	1.0	2	497392	n/a
242.87548828125	0.3	1.0	2	497409	n/a
242.88427734375	0.3	0.0	1	497427	n/a
242.892578125	0.3	1.0	2	497444	n/a
242.90087890625	0.3	0.0	1	497461	n/a
242.9091796875	0.3	0.0	1	497478	n/a
242.91748046875	0.3	1.0	2	497495	n/a
242.92578125	0.3	0.0	1	497512	n/a
242.93408203125	0.3	1.0	2	497529	n/a
242.9423828125	0.3	1.0	2	497546	n/a
242.95068359375	0.3	0.0	1	497563	n/a
242.958984375	0.3	1.0	2	497580	n/a
242.96728515625	0.3	0.0	1	497597	n/a
242.9755859375	0.3	1.0	2	497614	n/a
242.98388671875	0.3	0.0	1	497631	n/a
242.9921875	0.3	0.0	1	497648	n/a
243.00048828125	0.3	1.0	2	497665	n/a
243.00927734375	0.3	1.0	2	497683	n/a
243.017578125	0.3	0.0	1	497700	n/a
243.02587890625	0.3	0.0	1	497717	n/a
243.0341796875	0.3	1.0	2	497734	n/a
243.04248046875	0.3	1.0	2	497751	n/a
243.05078125	0.3	0.0	1	497768	n/a
243.05908203125	0.3	0.0	1	497785	n/a
243.0673828125	0.3	1.0	2	497802	n/a
243.07568359375	0.3	0.0	1	497819	n/a
243.083984375	0.3	1.0	2	497836	n/a
243.09228515625	0.3	1.0	2	497853	n/a
243.1005859375	0.3	0.0	1	497870	n/a
243.10888671875	0.3	1.0	2	497887	n/a
243.1171875	0.3	0.0	1	497904	n/a
243.12548828125	0.3	1.0	2	497921	n/a
243.13427734375	0.3	0.0	1	497939	n/a
243.142578125	0.3	1.0	2	497956	n/a
243.15087890625	0.3	0.0	1	497973	n/a
243.1591796875	0.3	0.0	1	497990	n/a
243.16748046875	0.3	1.0	2	498007	n/a
243.17578125	0.3	1.0	2	498024	n/a
243.18408203125	0.3	0.0	1	498041	n/a
243.1923828125	0.3	1.0	2	498058	n/a
243.20068359375	0.3	0.0	1	498075	n/a
243.208984375	0.3	1.0	2	498092	n/a
243.21728515625	0.3	0.0	1	498109	n/a
243.2255859375	0.3	0.0	1	498126	n/a
243.23388671875	0.3	1.0	2	498143	n/a
243.2421875	0.3	0.0	1	498160	n/a
243.25048828125	0.3	1.0	2	498177	n/a
243.25927734375	0.3	1.0	2	498195	n/a
243.267578125	0.3	0.0	1	498212	n/a
243.27587890625	0.3	1.0	2	498229	n/a
243.2841796875	0.3	0.0	1	498246	n/a
243.29248046875	0.3	0.0	1	498263	n/a
243.30078125	0.3	1.0	2	498280	n/a
243.30908203125	0.3	0.0	1	498297	n/a
243.3173828125	0.3	1.0	2	498314	n/a
243.32568359375	0.3	1.0	2	498331	n/a
243.333984375	0.3	0.0	1	498348	n/a
243.34228515625	0.3	0.0	1	498365	n/a
243.3505859375	0.3	1.0	2	498382	n/a
243.35888671875	0.3	0.0	1	498399	n/a
243.3671875	0.3	1.0	2	498416	n/a
243.37548828125	0.3	1.0	2	498433	n/a
243.38427734375	0.3	0.0	1	498451	n/a
243.392578125	0.3	1.0	2	498468	n/a
243.40087890625	0.3	0.0	1	498485	n/a
243.4091796875	0.3	0.0	1	498502	n/a
243.41748046875	0.3	1.0	2	498519	n/a
243.42578125	0.3	1.0	2	498536	n/a
243.43408203125	0.3	0.0	1	498553	n/a
243.4423828125	0.3	0.0	1	498570	n/a
243.45068359375	0.3	1.0	2	498587	n/a
243.458984375	0.3	1.0	2	498604	n/a
243.46728515625	0.3	0.0	1	498621	n/a
243.4755859375	0.3	0.0	1	498638	n/a
243.48388671875	0.3	1.0	2	498655	n/a
243.4921875	0.3	0.0	1	498672	n/a
243.50048828125	0.3	1.0	2	498689	n/a
243.50927734375	0.3	1.0	2	498707	n/a
243.517578125	0.3	0.0	1	498724	n/a
243.52587890625	0.3	1.0	2	498741	n/a
243.5341796875	0.3	0.0	1	498758	n/a
243.54248046875	0.3	1.0	2	498775	n/a
243.55078125	0.3	0.0	1	498792	n/a
243.55908203125	0.3	0.0	1	498809	n/a
243.5673828125	0.3	1.0	2	498826	n/a
243.57568359375	0.3	0.0	1	498843	n/a
243.583984375	0.3	1.0	2	498860	n/a
243.59228515625	0.3	0.0	1	498877	n/a
243.6005859375	0.3	1.0	2	498894	n/a
243.60888671875	0.3	0.0	1	498911	n/a
243.6171875	0.3	1.0	2	498928	n/a
243.62548828125	0.3	0.0	1	498945	n/a
243.63427734375	0.3	1.0	2	498963	n/a
243.642578125	0.3	0.0	1	498980	n/a
243.65087890625	0.3	1.0	2	498997	n/a
243.6591796875	0.3	0.0	1	499014	n/a
243.66748046875	0.3	1.0	2	499031	n/a
243.67578125	0.3	1.0	2	499048	n/a
243.68408203125	0.3	0.0	1	499065	n/a
243.6923828125	0.3	1.0	2	499082	n/a
243.70068359375	0.3	0.0	1	499099	n/a
243.708984375	0.3	0.0	1	499116	n/a
243.71728515625	0.3	1.0	2	499133	n/a
243.7255859375	0.3	0.0	1	499150	n/a
243.73388671875	0.3	1.0	2	499167	n/a
243.7421875	0.3	1.0	2	499184	n/a
243.75048828125	0.3	0.0	1	499201	n/a
243.75927734375	0.3	1.0	2	499219	n/a
243.767578125	0.3	0.0	1	499236	n/a
243.77587890625	0.3	0.0	1	499253	n/a
243.7841796875	0.3	1.0	2	499270	n/a
243.79248046875	0.3	0.0	1	499287	n/a
243.80078125	0.3	1.0	2	499304	n/a
243.80908203125	0.3	1.0	2	499321	n/a
243.8173828125	0.3	0.0	1	499338	n/a
243.82568359375	0.3	0.0	1	499355	n/a
243.833984375	0.3	1.0	2	499372	n/a
243.84228515625	0.3	0.0	1	499389	n/a
243.8505859375	0.3	1.0	2	499406	n/a
243.85888671875	0.3	0.0	1	499423	n/a
243.8671875	0.3	1.0	2	499440	n/a
243.87548828125	0.3	1.0	2	499457	n/a
243.88427734375	0.3	0.0	1	499475	n/a
243.892578125	0.3	1.0	2	499492	n/a
243.90087890625	0.3	0.0	1	499509	n/a
243.9091796875	0.3	0.0	1	499526	n/a
243.91748046875	0.3	1.0	2	499543	n/a
243.92578125	0.3	1.0	2	499560	n/a
243.93408203125	0.3	0.0	1	499577	n/a
243.9423828125	0.3	1.0	2	499594	n/a
243.95068359375	0.3	0.0	1	499611	n/a
243.958984375	0.3	0.0	1	499628	n/a
243.96728515625	0.3	1.0	2	499645	n/a
243.9755859375	0.3	0.0	1	499662	n/a
243.98388671875	0.3	1.0	2	499679	n/a
243.9921875	0.3	1.0	2	499696	n/a
244.00048828125	0.3	0.0	1	499713	n/a
244.00927734375	0.3	1.0	2	499731	n/a
244.017578125	0.3	0.0	1	499748	n/a
244.02587890625	0.3	1.0	2	499765	n/a
244.0341796875	0.3	0.0	1	499782	n/a
244.04248046875	0.3	0.0	1	499799	n/a
244.05078125	0.3	1.0	2	499816	n/a
244.05908203125	0.3	1.0	2	499833	n/a
244.0673828125	0.3	0.0	1	499850	n/a
244.07568359375	0.3	0.0	1	499867	n/a
244.083984375	0.3	1.0	2	499884	n/a
244.09228515625	0.3	1.0	2	499901	n/a
244.1005859375	0.3	0.0	1	499918	n/a
244.10888671875	0.3	0.0	1	499935	n/a
244.1171875	0.3	1.0	2	499952	n/a
244.12548828125	0.3	0.0	1	499969	n/a
244.13427734375	0.3	1.0	2	499987	n/a
244.142578125	0.3	1.0	2	500004	n/a
244.15087890625	0.3	0.0	1	500021	n/a
244.1591796875	0.3	1.0	2	500038	n/a
244.16748046875	0.3	0.0	1	500055	n/a
244.17578125	0.3	1.0	2	500072	n/a
244.18408203125	0.3	0.0	1	500089	n/a
244.1923828125	0.3	1.0	2	500106	n/a
244.20068359375	0.3	0.0	1	500123	n/a
244.208984375	0.3	0.0	1	500140	n/a
244.21728515625	0.3	1.0	2	500157	n/a
244.2255859375	0.3	1.0	2	500174	n/a
244.23388671875	0.3	0.0	1	500191	n/a
244.2421875	0.3	1.0	2	500208	n/a
244.25048828125	0.3	0.0	1	500225	n/a
244.25927734375	0.3	1.0	2	500243	n/a
244.267578125	0.3	0.0	1	500260	n/a
244.27587890625	0.3	0.0	1	500277	n/a
244.2841796875	0.3	1.0	2	500294	n/a
244.29248046875	0.3	0.0	1	500311	n/a
244.30078125	0.3	1.0	2	500328	n/a
244.30908203125	0.3	1.0	2	500345	n/a
244.3173828125	0.3	0.0	1	500362	n/a
244.32568359375	0.3	1.0	2	500379	n/a
244.333984375	0.3	0.0	1	500396	n/a
244.34228515625	0.3	0.0	1	500413	n/a
244.3505859375	0.3	1.0	2	500430	n/a
244.35888671875	0.3	0.0	1	500447	n/a
244.3671875	0.3	1.0	2	500464	n/a
244.37548828125	0.3	1.0	2	500481	n/a
244.38427734375	0.3	0.0	1	500499	n/a
244.392578125	0.3	0.0	1	500516	n/a
244.40087890625	0.3	1.0	2	500533	n/a
244.4091796875	0.3	0.0	1	500550	n/a
244.41748046875	0.3	1.0	2	500567	n/a
244.42578125	0.3	1.0	2	500584	n/a
244.43408203125	0.3	0.0	1	500601	n/a
244.4423828125	0.3	1.0	2	500618	n/a
244.45068359375	0.3	0.0	1	500635	n/a
244.458984375	0.3	0.0	1	500652	n/a
244.46728515625	0.3	1.0	2	500669	n/a
244.4755859375	0.3	1.0	2	500686	n/a
244.48388671875	0.3	0.0	1	500703	n/a
244.4921875	0.3	0.0	1	500720	n/a
244.50048828125	0.3	1.0	2	500737	n/a
244.50927734375	0.3	1.0	2	500755	n/a
244.517578125	0.3	0.0	1	500772	n/a
244.52587890625	0.3	0.0	1	500789	n/a
244.5341796875	0.3	1.0	2	500806	n/a
244.54248046875	0.3	0.0	1	500823	n/a
244.55078125	0.3	1.0	2	500840	n/a
244.55908203125	0.3	1.0	2	500857	n/a
244.5673828125	0.3	0.0	1	500874	n/a
244.57568359375	0.3	1.0	2	500891	n/a
244.583984375	0.3	0.0	1	500908	n/a
244.59228515625	0.3	1.0	2	500925	n/a
244.6005859375	0.3	0.0	1	500942	n/a
244.60888671875	0.3	0.0	1	500959	n/a
244.6171875	0.3	1.0	2	500976	n/a
244.62548828125	0.3	0.0	1	500993	n/a
244.63427734375	0.3	1.0	2	501011	n/a
244.642578125	0.3	0.0	1	501028	n/a
244.65087890625	0.3	1.0	2	501045	n/a
244.6591796875	0.3	0.0	1	501062	n/a
244.66748046875	0.3	1.0	2	501079	n/a
244.67578125	0.3	0.0	1	501096	n/a
244.68408203125	0.3	1.0	2	501113	n/a
244.6923828125	0.3	0.0	1	501130	n/a
244.70068359375	0.3	1.0	2	501147	n/a
244.708984375	0.3	0.0	1	501164	n/a
244.71728515625	0.3	1.0	2	501181	n/a
244.7255859375	0.3	1.0	2	501198	n/a
244.73388671875	0.3	0.0	1	501215	n/a
244.7421875	0.3	1.0	2	501232	n/a
244.75048828125	0.3	0.0	1	501249	n/a
244.75927734375	0.3	0.0	1	501267	n/a
244.767578125	0.3	1.0	2	501284	n/a
244.77587890625	0.3	0.0	1	501301	n/a
244.7841796875	0.3	1.0	2	501318	n/a
244.79248046875	0.3	1.0	2	501335	n/a
244.80078125	0.3	0.0	1	501352	n/a
244.80908203125	0.3	1.0	2	501369	n/a
244.8173828125	0.3	0.0	1	501386	n/a
244.82568359375	0.3	0.0	1	501403	n/a
244.833984375	0.3	1.0	2	501420	n/a
244.84228515625	0.3	0.0	1	501437	n/a
244.8505859375	0.3	1.0	2	501454	n/a
244.85888671875	0.3	1.0	2	501471	n/a
244.8671875	0.3	0.0	1	501488	n/a
244.87548828125	0.3	0.0	1	501505	n/a
244.88427734375	0.3	1.0	2	501523	n/a
244.892578125	0.3	0.0	1	501540	n/a
244.90087890625	0.3	1.0	2	501557	n/a
244.9091796875	0.3	0.0	1	501574	n/a
244.91748046875	0.3	1.0	2	501591	n/a
244.92578125	0.3	1.0	2	501608	n/a
244.93408203125	0.3	0.0	1	501625	n/a
244.9423828125	0.3	1.0	2	501642	n/a
244.95068359375	0.3	0.0	1	501659	n/a
244.958984375	0.3	0.0	1	501676	n/a
244.96728515625	0.3	1.0	2	501693	n/a
244.9755859375	0.3	1.0	2	501710	n/a
244.98388671875	0.3	0.0	1	501727	n/a
244.9921875	0.3	1.0	2	501744	n/a
245.00048828125	0.3	0.0	1	501761	n/a
245.00927734375	0.3	0.0	1	501779	n/a
245.017578125	0.3	1.0	2	501796	n/a
245.02587890625	0.3	0.0	1	501813	n/a
245.0341796875	0.3	1.0	2	501830	n/a
245.04248046875	0.3	1.0	2	501847	n/a
245.05078125	0.3	0.0	1	501864	n/a
245.05908203125	0.3	1.0	2	501881	n/a
245.0673828125	0.3	0.0	1	501898	n/a
245.07568359375	0.3	1.0	2	501915	n/a
245.083984375	0.3	0.0	1	501932	n/a
245.09228515625	0.3	0.0	1	501949	n/a
245.1005859375	0.3	1.0	2	501966	n/a
245.10888671875	0.3	1.0	2	501983	n/a
245.1171875	0.3	0.0	1	502000	n/a
245.12548828125	0.3	0.0	1	502017	n/a
245.13427734375	0.3	1.0	2	502035	n/a
245.142578125	0.3	1.0	2	502052	n/a
245.15087890625	0.3	0.0	1	502069	n/a
245.1591796875	0.3	0.0	1	502086	n/a
245.16748046875	0.3	1.0	2	502103	n/a
245.17578125	0.3	0.0	1	502120	n/a
245.18408203125	0.3	1.0	2	502137	n/a
245.1923828125	0.3	1.0	2	502154	n/a
245.20068359375	0.3	0.0	1	502171	n/a
245.208984375	0.3	1.0	2	502188	n/a
245.21728515625	0.3	0.0	1	502205	n/a
245.2255859375	0.3	1.0	2	502222	n/a
245.23388671875	0.3	0.0	1	502239	n/a
245.2421875	0.3	1.0	2	502256	n/a
245.25048828125	0.3	0.0	1	502273	n/a
245.25927734375	0.3	0.0	1	502291	n/a
245.267578125	0.3	1.0	2	502308	n/a
245.27587890625	0.3	1.0	2	502325	n/a
245.2841796875	0.3	0.0	1	502342	n/a
245.29248046875	0.3	1.0	2	502359	n/a
245.30078125	0.3	0.0	1	502376	n/a
245.30908203125	0.3	1.0	2	502393	n/a
245.3173828125	0.3	0.0	1	502410	n/a
245.32568359375	0.3	0.0	1	502427	n/a
245.333984375	0.3	1.0	2	502444	n/a
245.34228515625	0.3	0.0	1	502461	n/a
245.3505859375	0.3	1.0	2	502478	n/a
245.35888671875	0.3	1.0	2	502495	n/a
245.3671875	0.3	0.0	1	502512	n/a
245.37548828125	0.3	1.0	2	502529	n/a
245.38427734375	0.3	0.0	1	502547	n/a
247.8017578125	0.3	0.0	1	507498	29.0
247.81005859375	0.3	1.0	2	507515	n/a
247.818359375	0.3	0.0	1	507532	n/a
247.82666015625	0.3	1.0	2	507549	n/a
247.8349609375	0.3	0.0	1	507566	n/a
247.84326171875	0.3	1.0	2	507583	n/a
247.8515625	0.3	0.0	1	507600	n/a
247.85986328125	0.3	1.0	2	507617	n/a
247.86865234375	0.3	1.0	2	507635	n/a
247.876953125	0.3	0.0	1	507652	n/a
247.88525390625	0.3	0.0	1	507669	n/a
247.8935546875	0.3	1.0	2	507686	n/a
247.90185546875	0.3	0.0	1	507703	n/a
247.91015625	0.3	1.0	2	507720	n/a
247.91845703125	0.3	1.0	2	507737	n/a
247.9267578125	0.3	0.0	1	507754	n/a
247.93505859375	0.3	0.0	1	507771	n/a
247.943359375	0.3	1.0	2	507788	n/a
247.95166015625	0.3	1.0	2	507805	n/a
247.9599609375	0.3	0.0	1	507822	n/a
247.96826171875	0.3	1.0	2	507839	n/a
247.9765625	0.3	0.0	1	507856	n/a
247.98486328125	0.3	0.0	1	507873	n/a
247.99365234375	0.3	1.0	2	507891	n/a
248.001953125	0.3	1.0	2	507908	n/a
248.01025390625	0.3	0.0	1	507925	n/a
248.0185546875	0.3	1.0	2	507942	n/a
248.02685546875	0.3	0.0	1	507959	n/a
248.03515625	0.3	0.0	1	507976	n/a
248.04345703125	0.3	1.0	2	507993	n/a
248.0517578125	0.3	1.0	2	508010	n/a
248.06005859375	0.3	0.0	1	508027	n/a
248.068359375	0.3	1.0	2	508044	n/a
248.07666015625	0.3	0.0	1	508061	n/a
248.0849609375	0.3	0.0	1	508078	n/a
248.09326171875	0.3	1.0	2	508095	n/a
248.1015625	0.3	0.0	1	508112	n/a
248.10986328125	0.3	1.0	2	508129	n/a
248.11865234375	0.3	0.0	1	508147	n/a
248.126953125	0.3	1.0	2	508164	n/a
248.13525390625	0.3	1.0	2	508181	n/a
248.1435546875	0.3	0.0	1	508198	n/a
248.15185546875	0.3	1.0	2	508215	n/a
248.16015625	0.3	0.0	1	508232	n/a
248.16845703125	0.3	0.0	1	508249	n/a
248.1767578125	0.3	1.0	2	508266	n/a
248.18505859375	0.3	1.0	2	508283	n/a
248.193359375	0.3	0.0	1	508300	n/a
248.20166015625	0.3	0.0	1	508317	n/a
248.2099609375	0.3	1.0	2	508334	n/a
248.21826171875	0.3	1.0	2	508351	n/a
248.2265625	0.3	0.0	1	508368	n/a
248.23486328125	0.3	1.0	2	508385	n/a
248.24365234375	0.3	0.0	1	508403	n/a
248.251953125	0.3	0.0	1	508420	n/a
248.26025390625	0.3	1.0	2	508437	n/a
248.2685546875	0.3	1.0	2	508454	n/a
248.27685546875	0.3	0.0	1	508471	n/a
248.28515625	0.3	1.0	2	508488	n/a
248.29345703125	0.3	0.0	1	508505	n/a
248.3017578125	0.3	1.0	2	508522	n/a
248.31005859375	0.3	0.0	1	508539	n/a
248.318359375	0.3	0.0	1	508556	n/a
248.32666015625	0.3	1.0	2	508573	n/a
248.3349609375	0.3	0.0	1	508590	n/a
248.34326171875	0.3	1.0	2	508607	n/a
248.3515625	0.3	1.0	2	508624	n/a
248.35986328125	0.3	0.0	1	508641	n/a
248.36865234375	0.3	0.0	1	508659	n/a
248.376953125	0.3	1.0	2	508676	n/a
248.38525390625	0.3	0.0	1	508693	n/a
248.3935546875	0.3	1.0	2	508710	n/a
248.40185546875	0.3	0.0	1	508727	n/a
248.41015625	0.3	1.0	2	508744	n/a
248.41845703125	0.3	0.0	1	508761	n/a
248.4267578125	0.3	1.0	2	508778	n/a
248.43505859375	0.3	0.0	1	508795	n/a
248.443359375	0.3	1.0	2	508812	n/a
248.45166015625	0.3	1.0	2	508829	n/a
248.4599609375	0.3	0.0	1	508846	n/a
248.46826171875	0.3	0.0	1	508863	n/a
248.4765625	0.3	1.0	2	508880	n/a
248.48486328125	0.3	1.0	2	508897	n/a
248.49365234375	0.3	0.0	1	508915	n/a
248.501953125	0.3	0.0	1	508932	n/a
248.51025390625	0.3	1.0	2	508949	n/a
248.5185546875	0.3	1.0	2	508966	n/a
248.52685546875	0.3	0.0	1	508983	n/a
248.53515625	0.3	0.0	1	509000	n/a
248.54345703125	0.3	1.0	2	509017	n/a
248.5517578125	0.3	1.0	2	509034	n/a
248.56005859375	0.3	0.0	1	509051	n/a
248.568359375	0.3	1.0	2	509068	n/a
248.57666015625	0.3	0.0	1	509085	n/a
248.5849609375	0.3	0.0	1	509102	n/a
248.59326171875	0.3	1.0	2	509119	n/a
248.6015625	0.3	1.0	2	509136	n/a
248.60986328125	0.3	0.0	1	509153	n/a
248.61865234375	0.3	1.0	2	509171	n/a
248.626953125	0.3	0.0	1	509188	n/a
248.63525390625	0.3	0.0	1	509205	n/a
248.6435546875	0.3	1.0	2	509222	n/a
248.65185546875	0.3	1.0	2	509239	n/a
248.66015625	0.3	0.0	1	509256	n/a
248.66845703125	0.3	0.0	1	509273	n/a
248.6767578125	0.3	1.0	2	509290	n/a
248.68505859375	0.3	1.0	2	509307	n/a
248.693359375	0.3	0.0	1	509324	n/a
248.70166015625	0.3	1.0	2	509341	n/a
248.7099609375	0.3	0.0	1	509358	n/a
248.71826171875	0.3	0.0	1	509375	n/a
248.7265625	0.3	1.0	2	509392	n/a
248.73486328125	0.3	1.0	2	509409	n/a
248.74365234375	0.3	0.0	1	509427	n/a
248.751953125	0.3	0.0	1	509444	n/a
248.76025390625	0.3	1.0	2	509461	n/a
248.7685546875	0.3	0.0	1	509478	n/a
248.77685546875	0.3	1.0	2	509495	n/a
248.78515625	0.3	1.0	2	509512	n/a
248.79345703125	0.3	0.0	1	509529	n/a
248.8017578125	0.3	0.0	1	509546	n/a
248.81005859375	0.3	1.0	2	509563	n/a
248.818359375	0.3	1.0	2	509580	n/a
248.82666015625	0.3	0.0	1	509597	n/a
248.8349609375	0.3	1.0	2	509614	n/a
248.84326171875	0.3	0.0	1	509631	n/a
248.8515625	0.3	0.0	1	509648	n/a
248.85986328125	0.3	1.0	2	509665	n/a
248.86865234375	0.3	0.0	1	509683	n/a
248.876953125	0.3	1.0	2	509700	n/a
248.88525390625	0.3	0.0	1	509717	n/a
248.8935546875	0.3	1.0	2	509734	n/a
248.90185546875	0.3	0.0	1	509751	n/a
248.91015625	0.3	1.0	2	509768	n/a
248.91845703125	0.3	1.0	2	509785	n/a
248.9267578125	0.3	0.0	1	509802	n/a
248.93505859375	0.3	0.0	1	509819	n/a
248.943359375	0.3	1.0	2	509836	n/a
248.95166015625	0.3	0.0	1	509853	n/a
248.9599609375	0.3	1.0	2	509870	n/a
248.96826171875	0.3	1.0	2	509887	n/a
248.9765625	0.3	0.0	1	509904	n/a
248.98486328125	0.3	0.0	1	509921	n/a
248.99365234375	0.3	1.0	2	509939	n/a
249.001953125	0.3	1.0	2	509956	n/a
249.01025390625	0.3	0.0	1	509973	n/a
249.0185546875	0.3	1.0	2	509990	n/a
249.02685546875	0.3	0.0	1	510007	n/a
249.03515625	0.3	0.0	1	510024	n/a
249.04345703125	0.3	1.0	2	510041	n/a
249.0517578125	0.3	1.0	2	510058	n/a
249.06005859375	0.3	0.0	1	510075	n/a
249.068359375	0.3	1.0	2	510092	n/a
249.07666015625	0.3	0.0	1	510109	n/a
249.0849609375	0.3	0.0	1	510126	n/a
249.09326171875	0.3	1.0	2	510143	n/a
249.1015625	0.3	1.0	2	510160	n/a
249.10986328125	0.3	0.0	1	510177	n/a
249.11865234375	0.3	1.0	2	510195	n/a
249.126953125	0.3	0.0	1	510212	n/a
249.13525390625	0.3	0.0	1	510229	n/a
249.1435546875	0.3	1.0	2	510246	n/a
249.15185546875	0.3	0.0	1	510263	n/a
249.16015625	0.3	1.0	2	510280	n/a
249.16845703125	0.3	0.0	1	510297	n/a
249.1767578125	0.3	1.0	2	510314	n/a
249.18505859375	0.3	1.0	2	510331	n/a
249.193359375	0.3	0.0	1	510348	n/a
249.20166015625	0.3	1.0	2	510365	n/a
249.2099609375	0.3	0.0	1	510382	n/a
249.21826171875	0.3	0.0	1	510399	n/a
249.2265625	0.3	1.0	2	510416	n/a
249.23486328125	0.3	1.0	2	510433	n/a
249.24365234375	0.3	0.0	1	510451	n/a
249.251953125	0.3	0.0	1	510468	n/a
249.26025390625	0.3	1.0	2	510485	n/a
249.2685546875	0.3	1.0	2	510502	n/a
249.27685546875	0.3	0.0	1	510519	n/a
249.28515625	0.3	1.0	2	510536	n/a
249.29345703125	0.3	0.0	1	510553	n/a
249.3017578125	0.3	0.0	1	510570	n/a
249.31005859375	0.3	1.0	2	510587	n/a
249.318359375	0.3	1.0	2	510604	n/a
249.32666015625	0.3	0.0	1	510621	n/a
249.3349609375	0.3	1.0	2	510638	n/a
249.34326171875	0.3	0.0	1	510655	n/a
249.3515625	0.3	1.0	2	510672	n/a
249.35986328125	0.3	0.0	1	510689	n/a
249.36865234375	0.3	0.0	1	510707	n/a
249.376953125	0.3	1.0	2	510724	n/a
249.38525390625	0.3	0.0	1	510741	n/a
249.3935546875	0.3	1.0	2	510758	n/a
249.40185546875	0.3	1.0	2	510775	n/a
249.41015625	0.3	0.0	1	510792	n/a
249.41845703125	0.3	0.0	1	510809	n/a
249.4267578125	0.3	1.0	2	510826	n/a
249.43505859375	0.3	0.0	1	510843	n/a
249.443359375	0.3	1.0	2	510860	n/a
249.45166015625	0.3	0.0	1	510877	n/a
249.4599609375	0.3	1.0	2	510894	n/a
249.46826171875	0.3	0.0	1	510911	n/a
249.4765625	0.3	1.0	2	510928	n/a
249.48486328125	0.3	0.0	1	510945	n/a
249.49365234375	0.3	1.0	2	510963	n/a
249.501953125	0.3	1.0	2	510980	n/a
249.51025390625	0.3	0.0	1	510997	n/a
249.5185546875	0.3	0.0	1	511014	n/a
249.52685546875	0.3	1.0	2	511031	n/a
249.53515625	0.3	1.0	2	511048	n/a
249.54345703125	0.3	0.0	1	511065	n/a
249.5517578125	0.3	0.0	1	511082	n/a
249.56005859375	0.3	1.0	2	511099	n/a
249.568359375	0.3	1.0	2	511116	n/a
249.57666015625	0.3	0.0	1	511133	n/a
249.5849609375	0.3	0.0	1	511150	n/a
249.59326171875	0.3	1.0	2	511167	n/a
249.6015625	0.3	1.0	2	511184	n/a
249.60986328125	0.3	0.0	1	511201	n/a
249.61865234375	0.3	1.0	2	511219	n/a
249.626953125	0.3	0.0	1	511236	n/a
249.63525390625	0.3	0.0	1	511253	n/a
249.6435546875	0.3	1.0	2	511270	n/a
249.65185546875	0.3	1.0	2	511287	n/a
249.66015625	0.3	0.0	1	511304	n/a
249.66845703125	0.3	1.0	2	511321	n/a
249.6767578125	0.3	0.0	1	511338	n/a
249.68505859375	0.3	0.0	1	511355	n/a
249.693359375	0.3	1.0	2	511372	n/a
249.70166015625	0.3	1.0	2	511389	n/a
249.7099609375	0.3	0.0	1	511406	n/a
249.71826171875	0.3	0.0	1	511423	n/a
249.7265625	0.3	1.0	2	511440	n/a
249.73486328125	0.3	1.0	2	511457	n/a
249.74365234375	0.3	0.0	1	511475	n/a
249.751953125	0.3	1.0	2	511492	n/a
249.76025390625	0.3	0.0	1	511509	n/a
249.7685546875	0.3	0.0	1	511526	n/a
249.77685546875	0.3	1.0	2	511543	n/a
249.78515625	0.3	1.0	2	511560	n/a
249.79345703125	0.3	0.0	1	511577	n/a
249.8017578125	0.3	0.0	1	511594	n/a
249.81005859375	0.3	1.0	2	511611	n/a
249.818359375	0.3	0.0	1	511628	n/a
249.82666015625	0.3	1.0	2	511645	n/a
249.8349609375	0.3	1.0	2	511662	n/a
249.84326171875	0.3	0.0	1	511679	n/a
249.8515625	0.3	0.0	1	511696	n/a
249.85986328125	0.3	1.0	2	511713	n/a
249.86865234375	0.3	1.0	2	511731	n/a
249.876953125	0.3	0.0	1	511748	n/a
249.88525390625	0.3	1.0	2	511765	n/a
249.8935546875	0.3	0.0	1	511782	n/a
249.90185546875	0.3	0.0	1	511799	n/a
249.91015625	0.3	1.0	2	511816	n/a
249.91845703125	0.3	0.0	1	511833	n/a
249.9267578125	0.3	1.0	2	511850	n/a
249.93505859375	0.3	0.0	1	511867	n/a
249.943359375	0.3	1.0	2	511884	n/a
249.95166015625	0.3	0.0	1	511901	n/a
249.9599609375	0.3	1.0	2	511918	n/a
249.96826171875	0.3	1.0	2	511935	n/a
249.9765625	0.3	0.0	1	511952	n/a
249.98486328125	0.3	0.0	1	511969	n/a
249.99365234375	0.3	1.0	2	511987	n/a
250.001953125	0.3	0.0	1	512004	n/a
250.01025390625	0.3	1.0	2	512021	n/a
250.0185546875	0.3	1.0	2	512038	n/a
250.02685546875	0.3	0.0	1	512055	n/a
250.03515625	0.3	0.0	1	512072	n/a
250.04345703125	0.3	1.0	2	512089	n/a
250.0517578125	0.3	1.0	2	512106	n/a
250.06005859375	0.3	0.0	1	512123	n/a
250.068359375	0.3	1.0	2	512140	n/a
250.07666015625	0.3	0.0	1	512157	n/a
250.0849609375	0.3	0.0	1	512174	n/a
250.09326171875	0.3	1.0	2	512191	n/a
250.1015625	0.3	1.0	2	512208	n/a
250.10986328125	0.3	0.0	1	512225	n/a
250.11865234375	0.3	1.0	2	512243	n/a
250.126953125	0.3	0.0	1	512260	n/a
250.13525390625	0.3	0.0	1	512277	n/a
250.1435546875	0.3	1.0	2	512294	n/a
250.15185546875	0.3	1.0	2	512311	n/a
250.16015625	0.3	0.0	1	512328	n/a
250.16845703125	0.3	1.0	2	512345	n/a
250.1767578125	0.3	0.0	1	512362	n/a
250.18505859375	0.3	0.0	1	512379	n/a
250.193359375	0.3	1.0	2	512396	n/a
250.20166015625	0.3	0.0	1	512413	n/a
250.2099609375	0.3	1.0	2	512430	n/a
250.21826171875	0.3	0.0	1	512447	n/a
250.2265625	0.3	1.0	2	512464	n/a
250.23486328125	0.3	1.0	2	512481	n/a
250.24365234375	0.3	0.0	1	512499	n/a
250.251953125	0.3	1.0	2	512516	n/a
250.26025390625	0.3	0.0	1	512533	n/a
250.2685546875	0.3	0.0	1	512550	n/a
250.27685546875	0.3	1.0	2	512567	n/a
250.28515625	0.3	1.0	2	512584	n/a
250.29345703125	0.3	0.0	1	512601	n/a
250.3017578125	0.3	0.0	1	512618	n/a
250.31005859375	0.3	1.0	2	512635	n/a
250.318359375	0.3	1.0	2	512652	n/a
250.32666015625	0.3	0.0	1	512669	n/a
250.3349609375	0.3	1.0	2	512686	n/a
250.34326171875	0.3	0.0	1	512703	n/a
250.3515625	0.3	0.0	1	512720	n/a
250.35986328125	0.3	1.0	2	512737	n/a
250.36865234375	0.3	1.0	2	512755	n/a
250.376953125	0.3	0.0	1	512772	n/a
250.38525390625	0.3	1.0	2	512789	n/a
250.3935546875	0.3	0.0	1	512806	n/a
250.40185546875	0.3	1.0	2	512823	n/a
250.41015625	0.3	0.0	1	512840	n/a
250.41845703125	0.3	0.0	1	512857	n/a
250.4267578125	0.3	1.0	2	512874	n/a
250.43505859375	0.3	0.0	1	512891	n/a
250.443359375	0.3	1.0	2	512908	n/a
250.45166015625	0.3	1.0	2	512925	n/a
250.4599609375	0.3	0.0	1	512942	n/a
250.46826171875	0.3	0.0	1	512959	n/a
250.4765625	0.3	1.0	2	512976	n/a
250.48486328125	0.3	0.0	1	512993	n/a
250.49365234375	0.3	1.0	2	513011	n/a
250.501953125	0.3	0.0	1	513028	n/a
250.51025390625	0.3	1.0	2	513045	n/a
250.5185546875	0.3	0.0	1	513062	n/a
250.52685546875	0.3	1.0	2	513079	n/a
250.53515625	0.3	0.0	1	513096	n/a
250.54345703125	0.3	1.0	2	513113	n/a
250.5517578125	0.3	1.0	2	513130	n/a
250.56005859375	0.3	0.0	1	513147	n/a
250.568359375	0.3	0.0	1	513164	n/a
250.57666015625	0.3	1.0	2	513181	n/a
250.5849609375	0.3	1.0	2	513198	n/a
250.59326171875	0.3	0.0	1	513215	n/a
250.6015625	0.3	0.0	1	513232	n/a
250.60986328125	0.3	1.0	2	513249	n/a
250.61865234375	0.3	1.0	2	513267	n/a
250.626953125	0.3	0.0	1	513284	n/a
250.63525390625	0.3	0.0	1	513301	n/a
250.6435546875	0.3	1.0	2	513318	n/a
250.65185546875	0.3	1.0	2	513335	n/a
250.66015625	0.3	0.0	1	513352	n/a
250.66845703125	0.3	1.0	2	513369	n/a
250.6767578125	0.3	0.0	1	513386	n/a
250.68505859375	0.3	0.0	1	513403	n/a
250.693359375	0.3	1.0	2	513420	n/a
250.70166015625	0.3	1.0	2	513437	n/a
250.7099609375	0.3	0.0	1	513454	n/a
250.71826171875	0.3	1.0	2	513471	n/a
250.7265625	0.3	0.0	1	513488	n/a
250.73486328125	0.3	0.0	1	513505	n/a
250.74365234375	0.3	1.0	2	513523	n/a
250.751953125	0.3	1.0	2	513540	n/a
250.76025390625	0.3	0.0	1	513557	n/a
250.7685546875	0.3	0.0	1	513574	n/a
250.77685546875	0.3	1.0	2	513591	n/a
250.78515625	0.3	1.0	2	513608	n/a
250.79345703125	0.3	0.0	1	513625	n/a
250.8017578125	0.3	1.0	2	513642	n/a
250.81005859375	0.3	0.0	1	513659	n/a
250.818359375	0.3	0.0	1	513676	n/a
250.82666015625	0.3	1.0	2	513693	n/a
250.8349609375	0.3	1.0	2	513710	n/a
250.84326171875	0.3	0.0	1	513727	n/a
250.8515625	0.3	0.0	1	513744	n/a
250.85986328125	0.3	1.0	2	513761	n/a
250.86865234375	0.3	0.0	1	513779	n/a
250.876953125	0.3	1.0	2	513796	n/a
250.88525390625	0.3	1.0	2	513813	n/a
250.8935546875	0.3	0.0	1	513830	n/a
250.90185546875	0.3	0.0	1	513847	n/a
250.91015625	0.3	1.0	2	513864	n/a
250.91845703125	0.3	1.0	2	513881	n/a
250.9267578125	0.3	0.0	1	513898	n/a
250.93505859375	0.3	1.0	2	513915	n/a
250.943359375	0.3	0.0	1	513932	n/a
250.95166015625	0.3	0.0	1	513949	n/a
250.9599609375	0.3	1.0	2	513966	n/a
250.96826171875	0.3	0.0	1	513983	n/a
250.9765625	0.3	1.0	2	514000	n/a
250.98486328125	0.3	0.0	1	514017	n/a
250.99365234375	0.3	1.0	2	514035	n/a
251.001953125	0.3	0.0	1	514052	n/a
251.01025390625	0.3	1.0	2	514069	n/a
251.0185546875	0.3	1.0	2	514086	n/a
251.02685546875	0.3	0.0	1	514103	n/a
251.03515625	0.3	0.0	1	514120	n/a
251.04345703125	0.3	1.0	2	514137	n/a
251.0517578125	0.3	0.0	1	514154	n/a
251.06005859375	0.3	1.0	2	514171	n/a
251.068359375	0.3	1.0	2	514188	n/a
251.07666015625	0.3	0.0	1	514205	n/a
251.0849609375	0.3	0.0	1	514222	n/a
251.09326171875	0.3	1.0	2	514239	n/a
251.1015625	0.3	1.0	2	514256	n/a
251.10986328125	0.3	0.0	1	514273	n/a
251.11865234375	0.3	1.0	2	514291	n/a
251.126953125	0.3	0.0	1	514308	n/a
251.13525390625	0.3	0.0	1	514325	n/a
251.1435546875	0.3	1.0	2	514342	n/a
251.15185546875	0.3	1.0	2	514359	n/a
251.16015625	0.3	0.0	1	514376	n/a
251.16845703125	0.3	1.0	2	514393	n/a
251.1767578125	0.3	0.0	1	514410	n/a
251.18505859375	0.3	0.0	1	514427	n/a
251.193359375	0.3	1.0	2	514444	n/a
251.20166015625	0.3	1.0	2	514461	n/a
251.2099609375	0.3	0.0	1	514478	n/a
251.21826171875	0.3	1.0	2	514495	n/a
251.2265625	0.3	0.0	1	514512	n/a
251.23486328125	0.3	0.0	1	514529	n/a
251.24365234375	0.3	1.0	2	514547	n/a
251.251953125	0.3	0.0	1	514564	n/a
251.26025390625	0.3	1.0	2	514581	n/a
251.2685546875	0.3	0.0	1	514598	n/a
251.27685546875	0.3	1.0	2	514615	n/a
251.28515625	0.3	1.0	2	514632	n/a
251.29345703125	0.3	0.0	1	514649	n/a
251.3017578125	0.3	1.0	2	514666	n/a
251.31005859375	0.3	0.0	1	514683	n/a
251.318359375	0.3	0.0	1	514700	n/a
251.32666015625	0.3	1.0	2	514717	n/a
251.3349609375	0.3	1.0	2	514734	n/a
251.34326171875	0.3	0.0	1	514751	n/a
251.3515625	0.3	0.0	1	514768	n/a
251.35986328125	0.3	1.0	2	514785	n/a
251.36865234375	0.3	1.0	2	514803	n/a
251.376953125	0.3	0.0	1	514820	n/a
251.38525390625	0.3	1.0	2	514837	n/a
251.3935546875	0.3	0.0	1	514854	n/a
251.40185546875	0.3	0.0	1	514871	n/a
251.41015625	0.3	1.0	2	514888	n/a
251.41845703125	0.3	1.0	2	514905	n/a
251.4267578125	0.3	0.0	1	514922	n/a
251.43505859375	0.3	1.0	2	514939	n/a
251.443359375	0.3	0.0	1	514956	n/a
251.45166015625	0.3	1.0	2	514973	n/a
251.4599609375	0.3	0.0	1	514990	n/a
251.46826171875	0.3	0.0	1	515007	n/a
251.4765625	0.3	1.0	2	515024	n/a
251.48486328125	0.3	0.0	1	515041	n/a
251.49365234375	0.3	1.0	2	515059	n/a
251.501953125	0.3	1.0	2	515076	n/a
251.51025390625	0.3	0.0	1	515093	n/a
251.5185546875	0.3	0.0	1	515110	n/a
251.52685546875	0.3	1.0	2	515127	n/a
251.53515625	0.3	0.0	1	515144	n/a
251.54345703125	0.3	1.0	2	515161	n/a
251.5517578125	0.3	0.0	1	515178	n/a
251.56005859375	0.3	1.0	2	515195	n/a
251.568359375	0.3	0.0	1	515212	n/a
251.57666015625	0.3	1.0	2	515229	n/a
251.5849609375	0.3	0.0	1	515246	n/a
251.59326171875	0.3	1.0	2	515263	n/a
251.6015625	0.3	1.0	2	515280	n/a
251.60986328125	0.3	0.0	1	515297	n/a
251.61865234375	0.3	0.0	1	515315	n/a
251.626953125	0.3	1.0	2	515332	n/a
251.63525390625	0.3	1.0	2	515349	n/a
251.6435546875	0.3	0.0	1	515366	n/a
251.65185546875	0.3	0.0	1	515383	n/a
251.66015625	0.3	1.0	2	515400	n/a
251.66845703125	0.3	1.0	2	515417	n/a
251.6767578125	0.3	0.0	1	515434	n/a
251.68505859375	0.3	0.0	1	515451	n/a
251.693359375	0.3	1.0	2	515468	n/a
251.70166015625	0.3	1.0	2	515485	n/a
251.7099609375	0.3	0.0	1	515502	n/a
251.71826171875	0.3	1.0	2	515519	n/a
251.7265625	0.3	0.0	1	515536	n/a
251.73486328125	0.3	0.0	1	515553	n/a
251.74365234375	0.3	1.0	2	515571	n/a
251.751953125	0.3	1.0	2	515588	n/a
251.76025390625	0.3	0.0	1	515605	n/a
251.7685546875	0.3	1.0	2	515622	n/a
251.77685546875	0.3	0.0	1	515639	n/a
251.78515625	0.3	0.0	1	515656	n/a
251.79345703125	0.3	1.0	2	515673	n/a
251.8017578125	0.3	1.0	2	515690	n/a
251.81005859375	0.3	0.0	1	515707	n/a
251.818359375	0.3	0.0	1	515724	n/a
251.82666015625	0.3	1.0	2	515741	n/a
251.8349609375	0.3	1.0	2	515758	n/a
251.84326171875	0.3	0.0	1	515775	n/a
251.8515625	0.3	1.0	2	515792	n/a
251.85986328125	0.3	0.0	1	515809	n/a
251.86865234375	0.3	0.0	1	515827	n/a
251.876953125	0.3	1.0	2	515844	n/a
251.88525390625	0.3	1.0	2	515861	n/a
251.8935546875	0.3	0.0	1	515878	n/a
251.90185546875	0.3	0.0	1	515895	n/a
251.91015625	0.3	1.0	2	515912	n/a
251.91845703125	0.3	0.0	1	515929	n/a
251.9267578125	0.3	1.0	2	515946	n/a
251.93505859375	0.3	1.0	2	515963	n/a
251.943359375	0.3	0.0	1	515980	n/a
251.95166015625	0.3	0.0	1	515997	n/a
251.9599609375	0.3	1.0	2	516014	n/a
251.96826171875	0.3	1.0	2	516031	n/a
251.9765625	0.3	0.0	1	516048	n/a
251.98486328125	0.3	1.0	2	516065	n/a
251.99365234375	0.3	0.0	1	516083	n/a
